simulation,first5_net_pnl,second5_net_pnl,P&L Bin,First Five Years,Second Five Years
1,8824.0975,9969.79,-30000,0,2
2,-2860.8,-19250.36,-20000,539,429
3,756.99,9227.87,-10000,3122,2435
4,-10.3,11276.64,0,3111,2941
5,-8700.32,-830.3,10000,1833,2060
6,11004.15,35079.35313,20000,840,1175
7,-9789.88,21311.72,30000,370,586
8,17447.36875,-6758.3,40000,118,220
9,8662.8,-2645.64,50000,43,99
10,-206.24,6137.94,60000,16,33
11,2722.19,10940.025,70000,5,12
12,-2907.06,-13537.52,80000,3,4
13,24630.24375,-1281.3,90000,0,4
14,4042.645,-530.53,100000,0,0
15,-2802.52,28984.225,110000,0,0
16,-9352.08,2272.83,,,
17,11338.98,7219.97,,,
18,-2577.13,-5349.95,,,
19,-13744.44,4045.15,,,
20,-7479.82,20295.2475,,,
21,-5581.56,12191.75,,,
22,-9560.66,-7810.52,,,
23,-4473.72,-16451.04,,,
24,-7858.48,8750.915,,,
25,28020.61125,-13655.08,,,
26,-9503.84,3041.34,,,
27,4010.7825,5998.78,,,
28,-5458.45,562.39,,,
29,32519.285,-1215.42,,,
30,5584.13,-10656.12,,,
31,6857.93,-8875.86,,,
32,5384.07,19554.91,,,
33,-6840.03,10851.14,,,
34,12354.78,-2156.98,,,
35,25383.71,3472.465,,,
36,1759.66,1381.04,,,
37,-9998.52,-621.455,,,
38,8014.4,-8670.46,,,
39,-2693.58,-9598.18,,,
40,-20.61,7464.21,,,
41,-9581.36,7279.95,,,
42,10853.215,31406.45375,,,
43,-4719.83,4146.92,,,
44,-5907.53,11327.275,,,
45,4544.06,12527.28,,,
46,-96.72,-12467.92,,,
47,7976.09,3631.13,,,
48,-2515.55,-2110.84,,,
49,-10170.08,-6574.86,,,
50,-11568.44,24982.9975,,,
51,-12665.28,-5838.7,,,
52,-9104.02,36508.06906,,,
53,16880.13625,-12691.24,,,
54,7245.78,-237.02,,,
55,-4002.9,-13790.56,,,
56,21164.7075,24661.77625,,,
57,-3665.74,-9055.26,,,
58,-8488.88,24794.52,,,
59,-2106.375,23939.615,,,
60,1405.42,12882.77,,,
61,2983.44,29597.92,,,
62,-7748.1,20849.6,,,
63,-8767.92,-7560.66,,,
64,-16548.68,22088.3725,,,
65,9502.63,-11021.32,,,
66,-14299.92,2296.92,,,
67,27354.16375,38942.85656,,,
68,-16285.48,-8506.26,,,
69,4759.37,24783.38,,,
70,6707.82,14040.525,,,
71,-11685.66,10482.54,,,
72,5438.64,15037.8475,,,
73,10390.41,9833.54,,,
74,3526.83,13200.28,,,
75,-11321.56,22077.095,,,
76,-4536.72,-12896.64,,,
77,-4376.68,35128.90125,,,
78,-5977.1,5375.6,,,
79,5889.42,-1660.79,,,
80,-12022.82,-2037.2,,,
81,385.52,-5087.745,,,
82,-8987.52,-4633.3,,,
83,-4518.72,1264.57,,,
84,-7618.04,-9630.26,,,
85,-2335.21,19393.02,,,
86,15690.435,-11405.76,,,
87,-15398.4,17839.345,,,
88,15675.2975,-13449.68,,,
89,-4350.27,-10831.44,,,
90,9690.32,-3046.82,,,
91,14172.97,-20026.36,,,
92,6814.005,26404.37,,,
93,-5931.08,12381.7675,,,
94,-10990.4,1290.25,,,
95,9017.8575,-8862.02,,,
96,921.78,10495.47,,,
97,-6724.64,-9969.28,,,
98,25495.41,-3709.66,,,
99,-11244.52,29471.31281,,,
100,1486.865,6188.39,,,
101,-9985.66,12275.55,,,
102,4780.87,-15820.28,,,
103,1593.52,25528.40125,,,
104,-19125,-14252.04,,,
105,12273.14,-817.6,,,
106,-10607.16,-1550.36,,,
107,-1423.14,-12369.96,,,
108,15505.26,73.42,,,
109,-12644,-6642.92,,,
110,5041.26,4361.17,,,
111,-3236.29,17259.945,,,
112,6378.34,52502.2375,,,
113,1584.84,2759.4,,,
114,17927.7725,31207.315,,,
115,7290.815,-11703.58,,,
116,-3983.89,21914.345,,,
117,-18747.64,7738.62,,,
118,257.8,-5122.32,,,
119,14112.3425,5507.9,,,
120,7204.39,21989.805,,,
121,-6029.14,2144.29,,,
122,-428.14,1420.7,,,
123,-10594.72,-6266.65,,,
124,-11459.28,-6060.795,,,
125,5805.715,534.4,,,
126,-17428.72,14204.14,,,
127,-11621.64,2315.16,,,
128,14226.51,3934.5125,,,
129,-12568.56,5870.105,,,
130,-8204.49,30364.0525,,,
131,19713.145,8095.335,,,
132,-17488.24,-16933.8,,,
133,-5797.73,1854.27,,,
134,-9732.78,-4431.94,,,
135,14719.99,-7417.1,,,
136,12612.08,-6776.54,,,
137,-13041.96,5668.475,,,
138,-6087.82,-6620.64,,,
139,33490.25469,22676.6,,,
140,-6313.84,17758.7875,,,
141,16821.98,-3650.45,,,
142,16285.55,-11445.96,,,
143,-9080.28,-7261.52,,,
144,-11146.96,-10575.86,,,
145,-5786.14,-14387.52,,,
146,6367.74,-11442.24,,,
147,2826.6,-14449.36,,,
148,49.05,-3669.19,,,
149,18435.67375,-7668.96,,,
150,-4212.88,-7476.54,,,
151,827.16,6089.57,,,
152,-12945.32,-5868.78,,,
153,-999.26,29835.765,,,
154,31994.70875,-4337.2,,,
155,-9626.54,-6710.66,,,
156,10322.91,17338.125,,,
157,-6863.08,24593.7475,,,
158,895.75,-15058.12,,,
159,-13140.38,-445.14,,,
160,12460.855,-4744.96,,,
161,2993.36,2454.68,,,
162,-9247.68,56712.94688,,,
163,17608.865,11925.19,,,
164,21401.465,8820.29,,,
165,-11268.16,-3120.82,,,
166,-11007.62,-4397.09,,,
167,16638.47,17068.5675,,,
168,8375.47,6513.48,,,
169,23307.06,8841.25,,,
170,-3139.04,28870.205,,,
171,11008.23,45036.16781,,,
172,-16893.36,-11372.32,,,
173,566.49,14225.325,,,
174,2434.75,39989.66562,,,
175,33450.3925,10702.64,,,
176,-5010.66,407.31,,,
177,27233.87875,37430.8425,,,
178,19621.8825,27316.0475,,,
179,37085.385,42187.90188,,,
180,-4025.74,9737.36375,,,
181,-7085.72,13491.93,,,
182,21034.345,37750.2625,,,
183,-6796.66,15700.965,,,
184,-6886.34,-4958.48,,,
185,-4841.42,-10552.4,,,
186,-14281.76,16327.6,,,
187,-9993.24,-4565.92,,,
188,6683.99,25229.095,,,
189,15976.8925,-1849.18,,,
190,-11927.99,19888.575,,,
191,9721.39,15240.0925,,,
192,5891.52,-13274,,,
193,14361.035,10606.36,,,
194,23942.545,27674.89281,,,
195,-2127.58,-4172.5,,,
196,7964.815,-8249.18,,,
197,21984.495,-10025.54,,,
198,-7886.23,-10985.07,,,
199,20339.87125,6094.65,,,
200,6245.91,871.15,,,
201,28349.15187,-3433.8,,,
202,3887.1875,28662.92297,,,
203,22585.98125,406.085,,,
204,-1159.72,2883.13,,,
205,2614.91,-2910.25,,,
206,-13900.68,-12691.24,,,
207,-5504.49,-12557.62,,,
208,-9235.44,-13685.52,,,
209,51515.40375,21215.21,,,
210,-3689.38,-12779.08,,,
211,-9099.16,-9570.64,,,
212,11500.6725,3381.81,,,
213,13583.47,-12707.12,,,
214,-8153.56,-5601.22,,,
215,1334.78,11406.675,,,
216,12692.665,7575.645,,,
217,-7572.32,-7554.76,,,
218,-10887.34,-10803.22,,,
219,-775.98,-13591.06,,,
220,-2323.78,29821.015,,,
221,19131.305,-3960.84,,,
222,15606.875,-11079.08,,,
223,-433.89,-5188.835,,,
224,9903.475,-7526.63,,,
225,-6111.6,55208.02875,,,
226,-13308.8,7817.975,,,
227,-9880.72,-8207.8,,,
228,-450.91,37737.1975,,,
229,11188.57,-9776.04,,,
230,15419.265,-7331.44,,,
231,-7710.66,-1765.92,,,
232,55026.06875,-5551.04,,,
233,-18700,41481.5,,,
234,-11428.4,8610.94,,,
235,4564.505,-7626.54,,,
236,-7840.2,25961.445,,,
237,4139.06,4026.91,,,
238,-10572.76,-1793.78,,,
239,-10729.64,21959.265,,,
240,-14149.8,-15648.32,,,
241,3354.84,30263.85,,,
242,4500.68,494.88,,,
243,386.3,29094.29375,,,
244,-15702.72,-17985.48,,,
245,6842.83,22403.3025,,,
246,-4192.78,-16564.88,,,
247,24970.10156,-966.1,,,
248,3000.62,-7770.64,,,
249,21955.57875,-10364.56,,,
250,7014.77,13583.945,,,
251,-3400.36,22150.9175,,,
252,35.65,4228.41,,,
253,-6653.38,2831.72,,,
254,-2215.64,18647.1075,,,
255,10782.32,4375.6,,,
256,-7159.66,-13010.84,,,
257,18672.9925,65.84,,,
258,193.56,12687.9625,,,
259,35004.99,2294.7,,,
260,-1213.34,-6736.34,,,
261,-9900.36,11888.93,,,
262,-7111.84,3069.79,,,
263,7253.31,-17534.48,,,
264,-12414.12,-3974.86,,,
265,-739.98,-2007.66,,,
266,-6768.4,-9881.44,,,
267,6324.62,14936.99,,,
268,-1204,-14752.54,,,
269,21856.54,-8384.98,,,
270,27197.54,-7816.42,,,
271,-14991.52,-705.94,,,
272,5393.77,87.8,,,
273,5304.43,-14325.68,,,
274,13358.49375,-326.99,,,
275,12975.135,-14768.6,,,
276,26433.8525,24137.625,,,
277,6680.5,8487.21,,,
278,-12065.24,15828.825,,,
279,13172.7225,-9504.67,,,
280,-8086.93,4533.085,,,
281,-5743.82,-20623.32,,,
282,12886.825,18792.03,,,
283,-1067.15,21330.865,,,
284,-6903.29,8790.66,,,
285,13581.33,13500.19,,,
286,13416.53,-5461.34,,,
287,1617.24,14347.6725,,,
288,22958.8625,-7846.14,,,
289,4012.98,13309.99,,,
290,10803.73,4659.04,,,
291,-7971.36,25265.57188,,,
292,-6311.88,-16175.36,,,
293,2365.4,17368.87125,,,
294,5036.68,2026.73,,,
295,21160.53844,-5665.15,,,
296,19373.80938,-6401.04,,,
297,83.76,41722.48625,,,
298,-6132.3,-823.545,,,
299,-12808.94,2704.54,,,
300,34515.65,38229.6175,,,
301,4104.47,6652.91,,,
302,-16109.8,27455.66938,,,
303,-6687.2,-19820.96,,,
304,-6299.86,18981.7675,,,
305,-2217.23,-7789.88,,,
306,-13918.6,-11328.4,,,
307,49422.0525,10402.73,,,
308,13545.425,6986.71,,,
309,11313.76,5528.27,,,
310,-2867.6,-3571.82,,,
311,8795.765,27113.6675,,,
312,-4450.46,21114.24,,,
313,-8991.2,4885.125,,,
314,880.24,-2162.52,,,
315,27315.8075,-4028.58,,,
316,2018.34,3521.875,,,
317,-4222.02,-5254.08,,,
318,-4354.34,10286.985,,,
319,9403.72,1781.54,,,
320,5566.97,47148.0675,,,
321,-12583.62,-356.575,,,
322,-9194.6,4255.5,,,
323,-18700,-5336.79,,,
324,-11118.4,-12835.16,,,
325,-10751.32,-1380.305,,,
326,-8353.3,7163.935,,,
327,2477.62,-537.79,,,
328,7898.31,3514.615,,,
329,-11236.84,9174.0075,,,
330,-14281.76,22082.99813,,,
331,6662.7,39010.14125,,,
332,-4831.5,716.16,,,
333,9083.045,-6602.72,,,
334,5204.64,48782.97,,,
335,-2386.43,-12467.92,,,
336,-6926.54,21804.0475,,,
337,-2289.94,5297.56,,,
338,4658.83,33700.4175,,,
339,-2557.2,-1245.14,,,
340,-10559.96,20912.4,,,
341,5418.155,9670.38,,,
342,10659.965,16998.24625,,,
343,233.2,-5120.46,,,
344,-5427.63,-14926.36,,,
345,-9627.88,20641.615,,,
346,11367.85,14463.26,,,
347,-14664.7,-16845.96,,,
348,-10258.8,-4901.63,,,
349,8358.32,41564.29625,,,
350,-5413.9,13176.8025,,,
351,-9917.8,11443.84,,,
352,4432.155,20729.32,,,
353,8906.07,-1929.58,,,
354,-14295.96,23655.42375,,,
355,-9422.68,-8724,,,
356,-6970.04,-3101.4,,,
357,-6990.88,12293.385,,,
358,-4649.62,-1163.74,,,
359,-8983.8,-10424.36,,,
360,-9414.78,12100.15,,,
361,-2335.41,15593.85063,,,
362,-16464.52,-15776.36,,,
363,30165.8175,-18659.8,,,
364,4731.86,-16472.32,,,
365,4373.87,-503.85,,,
366,-6449.34,4325.6,,,
367,-19084.8,-13864.56,,,
368,-6561.16,1652.23,,,
369,8146.285,-9982.48,,,
370,-12891.06,-19180.08,,,
371,31437.25594,-3797.23,,,
372,9995.2,374.37,,,
373,-13493.6,18826.185,,,
374,-17384.8,36685.75344,,,
375,2565.93,-18322.64,,,
376,5401.8,1342.475,,,
377,-10200.64,-1472.41,,,
378,1732.24,19415.39,,,
379,18707.7425,-12120.64,,,
380,255.76,5268.48,,,
381,-13817.68,24405.91,,,
382,-3214.3,-19176.36,,,
383,-1628.28,-11035.16,,,
384,62147.36055,-3376.22,,,
385,-14164.2,8350.37,,,
386,287.36,39341.98,,,
387,-7056.86,-5056.71,,,
388,-11955.08,27132.86188,,,
389,-8710.92,-4797.18,,,
390,3966.63,349.46,,,
391,6958.66,31095.115,,,
392,5127.955,-9338.88,,,
393,-3445.86,-12849.36,,,
394,10276.2,2534.76,,,
395,-13535.08,39358.37812,,,
396,6375.44,-2298.86,,,
397,-10149.08,-1464.38,,,
398,12718.615,4082.54,,,
399,8428.98,-10566.24,,,
400,-2290.84,-10683.8,,,
401,13972.45,-1331.53,,,
402,-9105.48,-6204.26,,,
403,15450.735,9100.19,,,
404,-13827.04,-2960.84,,,
405,37659.46531,-21250,,,
406,-16139.44,-6115.83,,,
407,-10140.06,-12425.86,,,
408,3961.985,-8430.76,,,
409,3307.5975,6539.89,,,
410,-18113.76,20068.29813,,,
411,-742.05,4960.625,,,
412,-599.49,23418.385,,,
413,-13607.44,9747.7375,,,
414,-15452.32,-17256.76,,,
415,1038.94,23458.4975,,,
416,-5520.32,7355.18,,,
417,-10512.16,2324.69,,,
418,32074.93,-8183.3,,,
419,-18454.4,19034.535,,,
420,-2365.05,20951.875,,,
421,3831.74,8112.165,,,
422,-16842.24,16509.81,,,
423,-3182.62,-6848.68,,,
424,-5682.62,-1019.28,,,
425,797.645,8597.105,,,
426,-14076.36,-5517.6,,,
427,23284.41,-12428.08,,,
428,-15140.08,-10364.38,,,
429,-2535.28,11189.35,,,
430,-20163.24,3218.88,,,
431,-14035.32,-5286.2,,,
432,18290.485,-8482.71,,,
433,8484.43,11300.015,,,
434,-9746.56,1962.12,,,
435,21775.97,-6930.26,,,
436,-7528.72,12443.065,,,
437,-3225.28,18075.1475,,,
438,3792.66,13291.07,,,
439,29533.13,-8388.56,,,
440,-16368.04,19465.98,,,
441,-2225.9,-17286.84,,,
442,1603.54,-1445.73,,,
443,-1463.76,-2255.3,,,
444,-10660,37134.04,,,
445,-844.48,-5239.88,,,
446,13724.6525,9036.7575,,,
447,3578.11,1147.51,,,
448,-1148.7,16168.25,,,
449,26757.735,8311.575,,,
450,1227.24,-4867.1,,,
451,-8838.2,12911.1925,,,
452,-1149.48,-5933.98,,,
453,23321.17,515.16,,,
454,-2189.86,821.875,,,
455,-4609.28,7001.69,,,
456,-2602.7,-15351.36,,,
457,6097.88,-14169.78,,,
458,-19975,-536.43,,,
459,-7668.6,5056.36,,,
460,-19975,4383.9,,,
461,8786.63,-8686.52,,,
462,2248.975,8181.13,,,
463,-5716.48,-1918.14,,,
464,1912.53,19361.26188,,,
465,-17941.56,-800.22,,,
466,8404.4,-1648.18,,,
467,22176.92,-7981.94,,,
468,14363.62,24474.56,,,
469,-13742.92,4526.19,,,
470,-12805.08,1257.31,,,
471,-18102.32,20059.4,,,
472,6685.655,8241.115,,,
473,-7207.02,23099.3775,,,
474,36489.92625,-6413.38,,,
475,17539.4,-10005.26,,,
476,-15014.56,6213.57,,,
477,8443.29,-13988.52,,,
478,45137.79207,-12043.28,,,
479,1625.38,10001.28,,,
480,-3580.67,-2064.74,,,
481,-7123.09,27244.475,,,
482,14793.13,-14054.08,,,
483,-3243.265,-3044.96,,,
484,-4158.9,-1971.86,,,
485,6018.8425,-11088.7,,,
486,-1986.98,26609.5575,,,
487,636.71,2802,,,
488,22344.09,7102.545,,,
489,6652.8,20189.89188,,,
490,-11167.84,11341.975,,,
491,-7410.64,26717.845,,,
492,-16036.16,5347.92,,,
493,32799.51,12890.07,,,
494,11705.74,-738.11,,,
495,-22100,37125.87375,,,
496,-7901.66,-18659.8,,,
497,-1701.85,3380.36,,,
498,25784.09,9432.45,,,
499,-6539.02,-5054.58,,,
500,-13098.32,1458.9,,,
501,-8177.72,-1983.39,,,
502,26991.4025,-9705.76,,,
503,-15932.8,6141.295,,,
504,3745.47,10604.5,,,
505,23352.64,9612.2575,,,
506,25681.4725,9386.67,,,
507,-9661.16,10699.15,,,
508,-11193.12,-12572,,,
509,-14413.52,26373.56,,,
510,36745.37125,-7083.98,,,
511,-17425,31879.01625,,,
512,-15444.48,-1988.745,,,
513,4497.59,17256.18,,,
514,-99.18,-7624.68,,,
515,-12541.92,35115.1425,,,
516,-12297.34,9893.61,,,
517,11985.34,7336.4375,,,
518,3312.18,-1815.74,,,
519,-484.74,15496.335,,,
520,17938.38,3517.61,,,
521,19064.14,-6515.24,,,
522,9412.9625,3793.7,,,
523,35545.745,-6846,,,
524,-10265.6,-10086.84,,,
525,-9653.24,5787.21,,,
526,16917.4875,-1338.56,,,
527,38151.25,25073.2875,,,
528,-11735.48,21039.71,,,
529,10527.1,-17254.58,,,
530,-7764.1,-5029.35,,,
531,2783.4,-11381.94,,,
532,679.795,22939.89375,,,
533,-15557.48,-6704.76,,,
534,-8962.32,18181.1125,,,
535,-5451.72,6201.96,,,
536,3183.64,463.3,,,
537,-546.08,32023.695,,,
538,15679.68,-4861.02,,,
539,709.94,4990.48,,,
540,-13008.62,10984.49,,,
541,21452.4675,-11867.24,,,
542,11447.6475,4313.12,,,
543,-17985.48,30981.0675,,,
544,13880.6325,-6092.1,,,
545,-2822.47,1292.11,,,
546,-11657.72,4769.56,,,
547,-6640.4,11319.93,,,
548,-4990.56,31117.98375,,,
549,15738.5575,2503.23,,,
550,-10164.84,-5503.67,,,
551,5793.265,-8869.96,,,
552,-1373.09,28990.44,,,
553,-6701.04,-13317.92,,,
554,12938.6,2273.4175,,,
555,-2827.52,-7410.66,,,
556,17225.2775,-3767.78,,,
557,30528.28,20386.17,,,
558,-11831.1,-8734.48,,,
559,-6614.79,197.6,,,
560,-8090,746.6,,,
561,7659.07,-5102.22,,,
562,19872.9975,-16468.6,,,
563,16738.66,4993.97,,,
564,-9817.82,-4653.76,,,
565,-15806.08,23207.315,,,
566,-10243.32,4048.51,,,
567,-3720.82,-4721.14,,,
568,19055.4075,15047.33,,,
569,-4319.12,3507.9,,,
570,-67.5,10150.55,,,
571,8480.22,-1827.58,,,
572,11819.08375,48519.85125,,,
573,6625.89,4788.485,,,
574,-8654.56,-1925.9,,,
575,3510.21,13646.88,,,
576,22092,554.86,,,
577,-2060.28,13573.33,,,
578,7258.67,-809.84,,,
579,19053.305,-16043.6,,,
580,12171.27,26032.815,,,
581,6157.42,170.06,,,
582,-13266.8,13322.42,,,
583,14565.07625,11800.3025,,,
584,9765.65,-12002.72,,,
585,-8548.68,-9617.92,,,
586,-3408.41,-3129.85,,,
587,-7137.54,13395.2225,,,
588,708.64,25764.3,,,
589,-15844.1,10827.96,,,
590,1609.34,16831.45,,,
591,-431.8,-17095.28,,,
592,33464.59,-19561.16,,,
593,-2448.86,19492.475,,,
594,-4111.72,-4742.33,,,
595,513.365,30238.535,,,
596,-5680.46,49525.95016,,,
597,-10973.52,-7021.82,,,
598,-11207.32,2099.55,,,
599,-15395.28,-8135.66,,,
600,20050.3175,-11827.04,,,
601,11817.02,-7071.64,,,
602,637.4,-1148.45,,,
603,-1224.06,-2362.88,,,
604,-2168.1,-12134.48,,,
605,33015.87,-3537.7,,,
606,-6050.66,-19308.12,,,
607,-10178.98,46418.62938,,,
608,-13300.36,-5299.86,,,
609,-15215.88,24947.105,,,
610,5357.39,14136.17,,,
611,-9890.7,-11827.04,,,
612,-17283.8,-6086.52,,,
613,-14633.12,1213.3,,,
614,-12261.8,7910.99625,,,
615,-8217.04,-740.24,,,
616,35536.945,-14636.84,,,
617,6135.43,-12090.56,,,
618,-13574.52,28846.065,,,
619,18382.52,-11705.76,,,
620,-6675.18,16970.97,,,
621,20787.89,-1925.9,,,
622,-6038.84,25026.3025,,,
623,-2471.9,17246.8125,,,
624,-18659.8,6624.37,,,
625,7319.14,10027.23,,,
626,-9793.6,-10757.71,,,
627,-4368.44,20450.96,,,
628,-3307.02,-1480.21,,,
629,-6461.34,16253.6625,,,
630,-14260.52,2757.31,,,
631,27180.5875,31326.85,,,
632,5484.02,6741.43,,,
633,14884.35,1937.665,,,
634,-955.44,12761.35,,,
635,-9675.46,7729.7925,,,
636,-5908.18,41642.95875,,,
637,5266.66,-9540.92,,,
638,7462.57,-6981.94,,,
639,14905.7,6052.23,,,
640,8550.88,-2416.42,,,
641,-5569.64,-15189.88,,,
642,-423.94,-1435.2,,,
643,-11691.56,20840.48,,,
644,-12101.84,19616.12,,,
645,6034.55,39865.39,,,
646,-9498.5,-7419.28,,,
647,-9496.64,-4202.13,,,
648,-7966.8,-10170.96,,,
649,-6580.7,17259.91875,,,
650,-6650.64,5131.3575,,,
651,-1430.28,-18615.88,,,
652,40861.42547,4742.52,,,
653,18786.52,17510.1275,,,
654,9203.26,-15912.2,,,
655,-11048.26,1111.62,,,
656,-12787.52,23204.6375,,,
657,-2715.83,-8782.12,,,
658,-5852.44,-8899.68,,,
659,3827.8,-650.54,,,
660,4773.68,15319.97,,,
661,6864.485,19904.0225,,,
662,1200.18,13152.865,,,
663,-3063.06,5622.285,,,
664,3163.78,-2356.98,,,
665,-6986.52,17963.305,,,
666,-3247.3,6216.39,,,
667,18085,12916.93,,,
668,1460.73,21723.42,,,
669,862.5,-709.705,,,
670,-5982.64,5837.03,,,
671,4579.95,37943.02375,,,
672,-5146.94,-4785.52,,,
673,-6641.54,-4479.94,,,
674,16468.425,-9007.62,,,
675,10176.3675,19964.02125,,,
676,7281.95,-4138.38,,,
677,-3883.62,-9953.22,,,
678,3145.305,-1614.38,,,
679,20847.23,37826.3375,,,
680,-6424.52,18853.635,,,
681,8550.125,-13744.78,,,
682,26896.57125,30423.6975,,,
683,1041.98,-16069.6,,,
684,3595.95,6620.65,,,
685,18557.98,12981.085,,,
686,6402.98,-602.31,,,
687,-1276.2,-4214.47,,,
688,21487.305,-13405.76,,,
689,9552.14,-15732.44,,,
690,15046.37,1873.78,,,
691,-11356.68,-6157.98,,,
692,-9977.8,-11402.04,,,
693,29453.31,-5577.4,,,
694,10357.6475,-4859.16,,,
695,-4740.12,15985.215,,,
696,20100.16,37014.64922,,,
697,-10676.24,2748.735,,,
698,2305.3,-15820.28,,,
699,-7699.66,1960.03,,,
700,-7535.04,-8841.92,,,
701,-12511.84,-7267.42,,,
702,-12215.68,-1353.355,,,
703,-19934.8,-13525.18,,,
704,-5425.72,-12424,,,
705,-5956.42,17169.93,,,
706,10201.41,-11865.06,,,
707,-8228.54,8347.42,,,
708,10441.66,3082.13,,,
709,1348.85,-1250.95,,,
710,-13319.78,2929.0225,,,
711,6687.33,-2555.94,,,
712,22422.29,10240.305,,,
713,-8983.8,-9602.4,,,
714,28405.80875,-638.83,,,
715,11923.02,10686.44,,,
716,19111.75,36392.935,,,
717,-8822.32,-10402.72,,,
718,1463.06,-9254.76,,,
719,-4288.86,-3.49,,,
720,-1143.82,-13509.48,,,
721,11723.5825,-19000.68,,,
722,41724.27,7692.655,,,
723,-6090.32,-1324.86,,,
724,815.84,5313.8,,,
725,-1961.84,14598.65,,,
726,1078.88,-13523.32,,,
727,29466.88625,22955.18,,,
728,16149.78,21464.21,,,
729,13309.65,1066.11,,,
730,1447.82,-3922.82,,,
731,-4803.1,19182.22,,,
732,-6467.96,-777.99,,,
733,-13527.14,9102.1625,,,
734,25633.22937,-4749.77,,,
735,-8725.88,4777.64,,,
736,3098.18,-5326.4,,,
737,-8518.84,-1110.02,,,
738,-6347.82,-12958.48,,,
739,3485.04,-15759.98,,,
740,-8387.14,-13517.42,,,
741,-8761.02,-7752.22,,,
742,19270.32,-18879.4,,,
743,3444.8,500.865,,,
744,951.365,14668.2475,,,
745,-4300.18,6878.775,,,
746,-11665.56,11865.705,,,
747,-12160.84,-873.86,,,
748,9756.85,8803.41,,,
749,25669.1075,-8644.46,,,
750,16382.4275,-6158.48,,,
751,-5627.48,13140.48,,,
752,-9322.82,-4966.42,,,
753,5894.505,21095.47,,,
754,6835.16,-197.86,,,
755,31302.95438,-7574.86,,,
756,-5573.68,4495.875,,,
757,-1897.04,-6746.82,,,
758,17568.7575,153.68,,,
759,-2136.2,6221.465,,,
760,5429.815,-19759.48,,,
761,-10548.32,5165.98,,,
762,1621.89,24116.21,,,
763,6314.4,-9867.24,,,
764,-18700,12822.97,,,
765,19016.7625,2452.5,,,
766,1740.76,2204.27,,,
767,-4391.16,9448.465,,,
768,981.25,14753.185,,,
769,27392.94375,-7529.08,,,
770,-3989.38,43789.18,,,
771,-18410.84,16582.2675,,,
772,-7914.92,12730.995,,,
773,18654.95,-13233.8,,,
774,-16373.32,-11867.24,,,
775,6297.775,-12637.7,,,
776,-7159.66,37078.3025,,,
777,4024.56,13571.38,,,
778,3131.84,28099.8275,,,
779,-6817.7,-19348.32,,,
780,-7761.36,7003.73,,,
781,-7102.08,-432.8,,,
782,21974.785,-1538.925,,,
783,-9963.6,22558.23,,,
784,-17340.88,3133.58,,,
785,-4138.98,4918.61,,,
786,2542.62,8235.49,,,
787,-5398.06,7126.23,,,
788,-4637.08,12641.8,,,
789,-8163.88,13113.44,,,
790,8536.09,-7918.28,,,
791,19168.02,3429.45,,,
792,-3286.76,-3072.82,,,
793,3451.81,-10015.06,,,
794,39.61,-10773.5,,,
795,-12757.32,-5449.13,,,
796,12343.615,-4423.59,,,
797,26724.96,7836.845,,,
798,-1516.25,-5174,,,
799,-15061.84,3307.68,,,
800,-3194.36,-10346.64,,,
801,5196.48,43917.31039,,,
802,-9418.16,-2764.6,,,
803,41368.56,5908.6025,,,
804,9886,-12066.74,,,
805,-10079.38,-7626.54,,,
806,13619.465,23031.545,,,
807,9770.28,10472.285,,,
808,-18190.88,25460.71875,,,
809,-10307.44,14234.4,,,
810,-981.13,12006.13,,,
811,8486.38,17058.5375,,,
812,8815.495,14830.68,,,
813,15658.585,27168.2975,,,
814,340.36,6652.23,,,
815,-8053.52,8632.9,,,
816,-4160.66,2966.9525,,,
817,3542.2,3939.66,,,
818,2191.57,13411.42,,,
819,18132.98125,19084.6275,,,
820,13022.145,20027.915,,,
821,7999.06,-17648.32,,,
822,11320.785,-16963.52,,,
823,14018.3,33286.70625,,,
824,-1447.33,-4684.98,,,
825,-17340.88,-17652.04,,,
826,-710.85,-6645.14,,,
827,-1604.66,-14167.92,,,
828,-1095.64,-14754.4,,,
829,-5428.68,-3182.98,,,
830,24144.55063,25696.175,,,
831,-20270.68,9558.77,,,
832,-4826.6,33182.2275,,,
833,8247.31,2798.15,,,
834,40659.39375,-8873.68,,,
835,18558.47,9741.025,,,
836,-6071.72,-9923.5,,,
837,-7481.86,21319.565,,,
838,16021.425,-13180.26,,,
839,11763.49,-18106.76,,,
840,12651.01625,-5875.45,,,
841,-11935.64,36016.27875,,,
842,3233.03,20459.27625,,,
843,-12364.04,15790.39,,,
844,-7814.02,-4493.78,,,
845,1804.09,-6445.55,,,
846,-946.44,11183.63,,,
847,1877.26,8412.755,,,
848,-12631.2,21733.1525,,,
849,-11440,17768.21,,,
850,7741.135,18907.36,,,
851,16123.21,-7217.6,,,
852,10543.11,26384.6775,,,
853,-2702.4,-2332.98,,,
854,-13783.24,-782.39,,,
855,-7906.48,1583.49,,,
856,10598.98,-15648.32,,,
857,-6528.64,-18234.8,,,
858,-10407.68,-6598.68,,,
859,6925.46,3320.195,,,
860,1012.33,2955.45,,,
861,-3423.2,52453.36656,,,
862,-9195.88,19277.55,,,
863,-443.7,8131.54,,,
864,-18117.24,9225.2125,,,
865,-6553.22,-238.88,,,
866,-13856.76,7823.33,,,
867,4991.78,28493.66,,,
868,-10334.84,-14120.64,,,
869,-868.7,16496.15,,,
870,-6768.51,3536.575,,,
871,1109.72,-4545.82,,,
872,10125.29,13689.755,,,
873,17763.46,1319.11,,,
874,-16282.56,9711.35,,,
875,-6028.26,-14710.48,,,
876,-4404.98,-1112.29,,,
877,5316.88,7622.47,,,
878,28381.48,-4191.92,,,
879,-4022.01,-372.5,,,
880,682.81,1948.69,,,
881,-3174.08,12543.2225,,,
882,14292.69,-8369.19,,,
883,-5558.31,20405.59,,,
884,21950.2,11162.03,,,
885,441.81,-14252.04,,,
886,-6139.82,18722.06,,,
887,-4663.98,-29.76,,,
888,-1806.88,-7472.82,,,
889,5615.145,7995.0825,,,
890,18551.8075,18851.01,,,
891,5473.73,-8395.14,,,
892,-7656.3,8193.7,,,
893,-47.75,2351.46,,,
894,597.14,-8413.92,,,
895,1840.89,-16937.52,,,
896,-435.02,15341.8625,,,
897,-14508.56,10853.28,,,
898,10427.42,6871.83,,,
899,-4751.44,1782.22,,,
900,11217.54,12372.7,,,
901,15999.605,16169.5625,,,
902,14783.63,-7372.41,,,
903,5512.34,1450.28,,,
904,-3087.44,-4555.44,,,
905,16782.07,3256.13,,,
906,2241.92,-8680.44,,,
907,-12283.04,25142.21,,,
908,19674.9,-181.98,,,
909,11252.53,12984.3575,,,
910,-10477.98,386.71,,,
911,-8269.42,-233.84,,,
912,-8791.02,16675.785,,,
913,26585.52,-7105.94,,,
914,4543.8,-10274.86,,,
915,-3621.82,4549.69,,,
916,-12629.4,1636.53,,,
917,13539.8125,4351.685,,,
918,-20400,13382.78875,,,
919,-9897.16,-2913.47,,,
920,-14750.68,-14211.84,,,
921,-11911.16,7830.54,,,
922,8893.76,27065.03,,,
923,22810.01,36054.825,,,
924,-12464.32,-6748.68,,,
925,7379.395,10115.205,,,
926,8766.62,-13230.08,,,
927,-9058,-9044.32,,,
928,4116.11,269.65,,,
929,-20825,14172.285,,,
930,13332.715,-13862.34,,,
931,-971.64,-7213.88,,,
932,-5169.06,-8650.36,,,
933,-4463.655,10273.0325,,,
934,-819.06,998.37,,,
935,-3615.23,-10086.84,,,
936,6592.55,25286.95625,,,
937,2681.5,-6730.76,,,
938,18919.85,24262.445,,,
939,23524.60563,21457.68,,,
940,-10601.72,921.92,,,
941,12823.56,14.16,,,
942,-3721.45,7233.95,,,
943,9862.1975,-5790.74,,,
944,-12196.08,-84.93,,,
945,-826.4,-2422.59,,,
946,-12643.6,-16025.68,,,
947,3976.5,-2957.12,,,
948,4704.15,-12118.78,,,
949,19991.025,-1339.06,,,
950,15342.785,-3651.54,,,
951,5136.63,27468.205,,,
952,8317.2425,-12002.72,,,
953,-3744.83,-4078.94,,,
954,28029.085,6290.43,,,
955,-2045.56,-7082.12,,,
956,-4999.84,-6439.74,,,
957,-4864.76,15419.02,,,
958,-4522.52,10454.73,,,
959,-12653.04,12124.51,,,
960,-2155.42,-10414.38,,,
961,-3814.76,6277.23,,,
962,6190.67,15623.6725,,,
963,7509.055,-4384.34,,,
964,-8045.96,17971.93,,,
965,211.24,-17142.92,,,
966,1363.56,-11489.88,,,
967,148.04,-1254.67,,,
968,-10413.38,9010.2825,,,
969,-1868.2,1622.6,,,
970,-6770.78,-550.72,,,
971,27302.56625,18795.79,,,
972,-8421.14,7118.2,,,
973,4870.64,-8488.88,,,
974,28321.84563,-13667.6,,,
975,-3600.94,8245.375,,,
976,-9159.48,-10172.82,,,
977,-7002.56,5575.505,,,
978,13234.455,33624.84438,,,
979,-8571.18,-818.28,,,
980,-8588.02,-14926.36,,,
981,49047.52927,-12980.44,,,
982,-10929.4,25094.60125,,,
983,-9229.74,11344.155,,,
984,23290.72875,-388.88,,,
985,3772.71,-5740.74,,,
986,-9277.04,19151.56,,,
987,-6572.16,4593.88,,,
988,6038.73,21397.785,,,
989,38763.80031,28167.21,,,
990,2372,486.985,,,
991,-12699.08,11572.47,,,
992,-11113.26,-7756.44,,,
993,-1698.18,-189.65,,,
994,5876.2875,-11123,,,
995,6060.735,-14856.44,,,
996,4370.105,8153.14,,,
997,2155.43,-9410.66,,,
998,-9110.94,-366.92,,,
999,18006.52,5116.34,,,
1000,1129.4,-7830.44,,,
1001,8238.19,-2217.55,,,
1002,638.9,-7680.94,,,
1003,3719.63,23739.485,,,
1004,11314.08,5056.63,,,
1005,3511.6,-12447.82,,,
1006,-4362.74,-10478.4,,,
1007,37265.15375,-7283.66,,,
1008,-7059.44,11081.18,,,
1009,26780.8275,-5508.98,,,
1010,-16010,-1632.3,,,
1011,15403.74,8019.79,,,
1012,3889.795,24757.63375,,,
1013,6793.02,10382.585,,,
1014,2658.06,-8851.72,,,
1015,-12585.48,1315.16,,,
1016,6566.33,1664.3,,,
1017,17485.85,3408.58,,,
1018,-10321.38,59936.72734,,,
1019,-11398.68,-1497.18,,,
1020,-4553.3,18673.65,,,
1021,-4746.78,9099.96,,,
1022,3219.54,11965.8,,,
1023,-15091.24,-11328.4,,,
1024,-18700,-9881.44,,,
1025,1464.32,-9534.16,,,
1026,4887.4,-2767.87,,,
1027,-18454.4,-4110.84,,,
1028,-385.97,3900.96,,,
1029,4714.61,3391.475,,,
1030,2697.145,-3909.16,,,
1031,7847.4,-12447.82,,,
1032,16471.28,-4426.31,,,
1033,-3676.52,12599.51,,,
1034,-9493.92,3950.595,,,
1035,-10666.24,-1478.58,,,
1036,4428.01,20212.9,,,
1037,-9528.1,61742.50688,,,
1038,19093.225,-14974.36,,,
1039,-3235.34,26167.0025,,,
1040,9983.52,-2302.31,,,
1041,9884.365,-403.85,,,
1042,-10697.92,287.89,,,
1043,-9106.78,57002.89578,,,
1044,21945.4175,8894.7,,,
1045,-12184.3,-2349.45,,,
1046,-12930.16,9946.195,,,
1047,31363.54,-1506.71,,,
1048,-12997.24,2795.9675,,,
1049,-431.61,27291.84375,,,
1050,32155.64,505.04,,,
1051,-14390.28,6117.43,,,
1052,-10434.48,7068.7225,,,
1053,5918.785,-3888.29,,,
1054,1947.24,6578.23,,,
1055,4138.59,14025.005,,,
1056,-693.605,4547.01,,,
1057,-9057.6,13217.975,,,
1058,8165.57,32556,,,
1059,3434.49,-1423.95,,,
1060,-1408.55,-4358.07,,,
1061,-7870.38,-6088.02,,,
1062,-13607.44,5915.75,,,
1063,-6944.96,-19553.72,,,
1064,-7388.64,-12589.2,,,
1065,-15640.88,28218.48,,,
1066,3826.86,-18370.28,,,
1067,-3103.34,7375.46,,,
1068,-4827.22,32.4,,,
1069,800.62,48995.7525,,,
1070,-3497.46,-8626.54,,,
1071,-3567.55,-12076.36,,,
1072,-8177.76,-1975.72,,,
1073,-18863.76,14219.02,,,
1074,1315.96,1288.665,,,
1075,-5155.28,-3855.85,,,
1076,3571.92,-8734.48,,,
1077,-11693.16,-8811.84,,,
1078,-15578.16,31335.54625,,,
1079,44604.70625,23697.33375,,,
1080,5619.4,2107.22,,,
1081,-13937.16,1674.28,,,
1082,15564.785,5196.285,,,
1083,12005.645,-16201.36,,,
1084,-8595.26,-3579.76,,,
1085,-8542.44,-13200.36,,,
1086,414.36,20280.185,,,
1087,-14026.54,-2434.16,,,
1088,122.86,-6467.6,,,
1089,-8926.78,-14505.08,,,
1090,-18029.4,2741.93,,,
1091,28935.1875,15392.385,,,
1092,-8726.56,11872.51,,,
1093,-4612.62,10905.5,,,
1094,1610.12,-7770.64,,,
1095,-2397.98,-18488.2,,,
1096,-12770.66,23097.695,,,
1097,5508.38,-5058.3,,,
1098,17150.31,6543.79,,,
1099,-1548.2,11094.565,,,
1100,2988.43,-9068.69,,,
1101,15822.73,-11519.96,,,
1102,-379.8,5219.7,,,
1103,37563.17,15642.93,,,
1104,-4092.18,5591.43,,,
1105,-2633,3699.96,,,
1106,11708.44,-7421.14,,,
1107,12289.64,4670.835,,,
1108,-5238.02,23463.85,,,
1109,-1585.06,4364.525,,,
1110,-3112.29,-7429.26,,,
1111,-15105.76,40282.03547,,,
1112,22766.28625,-12407.62,,,
1113,-15791.84,17240.66,,,
1114,-9408.8,-1097.86,,,
1115,-5793.28,9212.71,,,
1116,-18275,-8986.02,,,
1117,1600.57,-18278.72,,,
1118,-9853.94,-6832.8,,,
1119,17247.625,-5947.41,,,
1120,-2870.42,-5314.24,,,
1121,-4146.64,36103.055,,,
1122,-8619.54,26622.92813,,,
1123,4821.14,3029.27,,,
1124,620.6,23503.42,,,
1125,12969.2225,7068.97,,,
1126,7096.055,1150.73,,,
1127,-12135.16,17329.455,,,
1128,-12525.52,-11408.48,,,
1129,-5669.45,-11445.96,,,
1130,-10496.2,-10273.36,,,
1131,-11238.12,2340.3,,,
1132,-19975,-11356.26,,,
1133,-9463.66,9595.785,,,
1134,110.65,-1656.12,,,
1135,2690.48,-14499.18,,,
1136,-4548.78,-7818.28,,,
1137,-2836.48,3786.35,,,
1138,-2226.4,17552.37,,,
1139,10661.285,-21095.96,,,
1140,-500.4,-2702.44,,,
1141,-540.87,1125.46,,,
1142,15160.3,6373.96,,,
1143,-8955.04,2006.63,,,
1144,-1658.68,-5066.6,,,
1145,-13188.02,-1646.5,,,
1146,25.22,-5609.16,,,
1147,-17270.64,38441.895,,,
1148,-2818.65,9720.38,,,
1149,20305.06188,30119.40063,,,
1150,4767.09,11296.155,,,
1151,-17472.64,2182.72,,,
1152,10607.505,10683.625,,,
1153,12133.98,9670.38,,,
1154,-12736.88,-2853.58,,,
1155,-14882.44,-10141.24,,,
1156,-3130.94,3200.64,,,
1157,-1928.3,-14032.8,,,
1158,5746.26,-7231.26,,,
1159,-5556.96,2221.42,,,
1160,-9109.43,7624.87,,,
1161,-5201.66,28388.26,,,
1162,-12541.56,36336.01375,,,
1163,6324.13,3737.08,,,
1164,1979.46,10336.85,,,
1165,29373.51578,10382.585,,,
1166,-18275,3314.84,,,
1167,36548.9225,1589.525,,,
1168,-11661.84,-7574.86,,,
1169,11231.91,15115.205,,,
1170,-4905.9,15609.17,,,
1171,11547.355,-8196,,,
1172,6881.64,37183.44625,,,
1173,10639.08,13331.95,,,
1174,-1602.05,-4399.225,,,
1175,-3651.39,27629.5225,,,
1176,2024.69,-15000.36,,,
1177,-14758.24,3138.8,,,
1178,13935.2425,-6307.62,,,
1179,-11192.92,14560.81625,,,
1180,-14208.12,-4336.11,,,
1181,9316.2,-1420.82,,,
1182,8118.61,24001.34875,,,
1183,-5055.72,6653.59,,,
1184,-5274.7,-3907.3,,,
1185,7143.79,4367.61,,,
1186,7057.84,26974.645,,,
1187,55562.67875,-806.12,,,
1188,-11152.72,-2746.865,,,
1189,2996.85,1073.87,,,
1190,5622.64,9142.25,,,
1191,-11180.58,3481.68,,,
1192,21308.96875,-9531.94,,,
1193,12318.03,8246.65,,,
1194,-9275.18,-14886.16,,,
1195,10739.805,-1292.42,,,
1196,8086.585,-5063.06,,,
1197,4277.88,22797.06,,,
1198,-5959.76,-5254.08,,,
1199,25199.8975,-4765.06,,,
1200,-6594.68,19548.4675,,,
1201,4084.18,-2108.705,,,
1202,-8419.56,11672.11,,,
1203,33812.32,108.17,,,
1204,4082.08,-4218.28,,,
1205,12159.47,772.06,,,
1206,5826.47,43003.2125,,,
1207,34797.47125,-19216.56,,,
1208,-9234.72,18838.2575,,,
1209,-11354.4,2017.61,,,
1210,13893.79,14926.19,,,
1211,-7353.4,2486.53,,,
1212,23574.41,6937.71,,,
1213,-346.9,16337.1925,,,
1214,19206.7,25040.62,,,
1215,-13458.88,8439.935,,,
1216,53420.645,21641.44063,,,
1217,-6817.2,-6130.8,,,
1218,-11660.04,-375.22,,,
1219,3282.07,-2387.88,,,
1220,-9621.76,14322.29,,,
1221,14156.6575,-7293.46,,,
1222,324.99,19141.2975,,,
1223,-7148.18,9531.09,,,
1224,-14411.72,-10595.96,,,
1225,-19714.64,1711.94,,,
1226,3923.01,1009.985,,,
1227,-3083,-7201.54,,,
1228,-3430.6,-12428.08,,,
1229,3261.17,-503.355,,,
1230,-750.28,16345.245,,,
1231,2288.16,946.42,,,
1232,10791.56,-5489.74,,,
1233,3096.16,-5874.86,,,
1234,-18368.72,22220.0425,,,
1235,11749.945,-1580.62,,,
1236,7863.37,8907.13,,,
1237,-2114.82,50994.12375,,,
1238,-13988.52,-4200.72,,,
1239,-7726.72,-1666.33,,,
1240,846,466.93,,,
1241,7215.93,21399.235,,,
1242,14798.865,-489.42,,,
1243,-435.96,1221.42,,,
1244,4121.61,4046.38,,,
1245,-3516.84,23108.22,,,
1246,-521.62,15904.36375,,,
1247,-8730.26,20150.1225,,,
1248,-2955.28,-14920.46,,,
1249,-1683.02,-4549.54,,,
1250,16458.98,1495.15,,,
1251,-13431.76,-3721.14,,,
1252,30156.63,21646.29,,,
1253,-2893.16,-3624.04,,,
1254,-10841.56,25167.89,,,
1255,-12136.52,-6539.06,,,
1256,10368.2,6224.01,,,
1257,9802.08,-4089.65,,,
1258,-15981.76,18157.7925,,,
1259,6912.42,4120.56,,,
1260,28655.10125,-6197.82,,,
1261,4676.66,-5008.48,,,
1262,-3872.16,-1037.79,,,
1263,6578.32,9537.44,,,
1264,-7660.84,-4659.66,,,
1265,8308.85,-11426.22,,,
1266,-14768.84,-7509.16,,,
1267,-11058.96,4865.16,,,
1268,-17490.64,11883.22,,,
1269,14702.94,12363.94,,,
1270,-14303.52,6930.85,,,
1271,24095.36,-11328.4,,,
1272,14258.47,14831.4975,,,
1273,19024.74,-9681.94,,,
1274,-7318.32,-6880.44,,,
1275,-16109.8,24952.09656,,,
1276,-7003.18,15379.545,,,
1277,6727.52,-1640.06,,,
1278,4749.28,-3741.24,,,
1279,14667.97,-7271.46,,,
1280,2137.18,-2095.14,,,
1281,32079.89563,39990.4425,,,
1282,-13175.44,54906.14926,,,
1283,43230.01875,6603.23,,,
1284,21563.215,35200.48281,,,
1285,-9669.37,3016.385,,,
1286,-4177.54,3640.75,,,
1287,-1243.28,27875.51938,,,
1288,-5997.76,-831.53,,,
1289,-9885.64,-11402.04,,,
1290,-15513.2,2867.61,,,
1291,-2731.38,-16835.48,,,
1292,8011.85,-4647.5,,,
1293,-12995.08,6892.16,,,
1294,3866.2,8107.73,,,
1295,20952.32688,9765.89,,,
1296,1265.38,4024.78,,,
1297,-9993.42,18310.54625,,,
1298,-253.88,-2727.9,,,
1299,-5603.58,24980.045,,,
1300,57.72,6642.61,,,
1301,10247.505,-6277.58,,,
1302,10971.30875,-2130.94,,,
1303,7785.15,-3844.87,,,
1304,13838.45,-6996.14,,,
1305,-8049.68,-6869.96,,,
1306,5420.79,-1144.37,,,
1307,10198.8175,-6653.08,,,
1308,-9268.2,24721.16656,,,
1309,795.56,20635.95,,,
1310,31106.67,14550.1225,,,
1311,19644.27,-11460.16,,,
1312,27263.94,12567.49875,,,
1313,-11151.38,36419.84,,,
1314,20032.35,11448.6,,,
1315,-9526.36,-9410.66,,,
1316,14412.265,21882.36187,,,
1317,-10975.18,-9187.02,,,
1318,14563.265,-14508.8,,,
1319,-8869.96,5341.75,,,
1320,-12415.52,-5318.46,,,
1321,-4232.72,14087.44,,,
1322,-5702.48,37779.235,,,
1323,-5830.94,-4100.36,,,
1324,-7389.3,-6674.86,,,
1325,-9339.32,7792.79,,,
1326,-310.43,-22015.88,,,
1327,15788.87,5090.7725,,,
1328,6322.01,35884.0875,,,
1329,-7267.1,16236.535,,,
1330,-16333.12,-6226.22,,,
1331,11515.055,46970.23813,,,
1332,-19084.8,-3849.54,,,
1333,-926.62,5752.41,,,
1334,41543.24625,309.26,,,
1335,-2186.26,-189.6,,,
1336,-9592.04,2513.57,,,
1337,20956.815,-3640.92,,,
1338,-4509.68,-14299.68,,,
1339,12682.13,-8985.66,,,
1340,-4118.6,-10120.28,,,
1341,32715.71,12880.27,,,
1342,3733.92,-3603.94,,,
1343,578.96,-13635.34,,,
1344,7430.45,-4237.56,,,
1345,4448.865,35842.435,,,
1346,10233.59,-1396.775,,,
1347,3905.01,41458.39219,,,
1348,-1426.47,5254.8825,,,
1349,-16197.64,-7428.9,,,
1350,-11334.3,41570.475,,,
1351,-6974.38,-11867.24,,,
1352,4272.8,764.57,,,
1353,-1421.955,2356.13,,,
1354,-2541.7,24770.625,,,
1355,-6258.62,4190.84,,,
1356,-19040.88,4424.28,,,
1357,-6976,53309.7709,,,
1358,2712.16,4535.4,,,
1359,-3783.34,12437.85,,,
1360,30477.47875,21833.9725,,,
1361,7548.145,247.15,,,
1362,5881.9,8867.975,,,
1363,2584.8,-13509.48,,,
1364,-3170.08,-5710.66,,,
1365,-14413.52,13068.9275,,,
1366,-966.2,-7904.08,,,
1367,-1958.78,17184.805,,,
1368,-10103.22,-4992.51,,,
1369,3223.86,-2356.44,,,
1370,-4177.54,-1656.89,,,
1371,5893.65,11779.5,,,
1372,12319.74,-4066.92,,,
1373,2180.86,-1555.94,,,
1374,22923.97063,-3534.07,,,
1375,-12790.32,-10610.16,,,
1376,-4719.42,43889.1725,,,
1377,-5496.44,-15399,,,
1378,15063.595,-15824,,,
1379,-3710.74,1955.18,,,
1380,5824.37,21559.265,,,
1381,4907.955,40837.5125,,,
1382,48121.25125,21376.51,,,
1383,-2344.84,5779.18,,,
1384,-13651.36,-13627.22,,,
1385,8208.59,-5898.68,,,
1386,-6270.64,17465.76,,,
1387,14606.3825,-19685.48,,,
1388,34565.8775,-2848.77,,,
1389,689.795,-2362.61,,,
1390,-9123.64,24617.02375,,,
1391,10311.3,-455.12,,,
1392,-91.8,7564.89,,,
1393,28958.62797,-13337.43,,,
1394,-5900.54,-8486.7,,,
1395,4308.41,5203.41,,,
1396,-7101.26,9520.38,,,
1397,-13302.84,-1771.82,,,
1398,-16403.4,12282.81,,,
1399,-3059.14,18802.87,,,
1400,-1325.66,18505.41,,,
1401,55093.38297,27285.3575,,,
1402,-2423.5,-1286.52,,,
1403,-6030.96,19970.02,,,
1404,-13665.88,1820.1725,,,
1405,3490.385,7054.09,,,
1406,5649.86,13238.7575,,,
1407,5194.78,6.13,,,
1408,10332.765,11346.965,,,
1409,-56.12,6031.3575,,,
1410,47516.25125,10021.2,,,
1411,13461.52,51944.24766,,,
1412,-7069.88,-2971.5,,,
1413,-173.34,74848.93031,,,
1414,6313.285,34977.72969,,,
1415,17433.99,-6163.29,,,
1416,-483.16,-1309.07,,,
1417,-12825.18,6823.4425,,,
1418,-8334.92,-2892.69,,,
1419,-7884.9,7605.09,,,
1420,-12532.8,8118.34,,,
1421,4162.745,23806.2025,,,
1422,-1249.2,10018.98,,,
1423,-1038.71,-15193.96,,,
1424,-13314.2,18963.3725,,,
1425,-11617.92,770.605,,,
1426,12726.72,-4817.64,,,
1427,5733.85,29426.64375,,,
1428,12621.38,-4208.66,,,
1429,4052.52,19871.11,,,
1430,-3192.68,-2482.39,,,
1431,443.81,-8395.14,,,
1432,1456.34,-370.41,,,
1433,10716.745,-10430.44,,,
1434,-6475.82,125.82,,,
1435,29476.56625,-456.98,,,
1436,-7829.88,-14812.52,,,
1437,-1509.48,-418.415,,,
1438,-3420.5,10466.84,,,
1439,5431.77,11847.33,,,
1440,-16915.88,-21250,,,
1441,26871.57766,29730.2925,,,
1442,-15965.8,28088.85,,,
1443,-17428.72,17912.99,,,
1444,-4400.36,7778.28625,,,
1445,3788.755,13998.33,,,
1446,22064.3625,11853.5,,,
1447,6.745,10189.39,,,
1448,-18542.24,-11472.68,,,
1449,-5414.98,11939.48,,,
1450,3803.67,-13010.84,,,
1451,-10364.56,-1041.24,,,
1452,-8839.32,15342.58875,,,
1453,5103.09,6236.485,,,
1454,10407.72,-7115.56,,,
1455,-8384.98,-4067.28,,,
1456,22964.4725,8198.69,,,
1457,-3634.31,45306.5275,,,
1458,13643.43,14341.0925,,,
1459,927.32,1014.16,,,
1460,-4599.86,-10055.26,,,
1461,-2487.78,36560.5175,,,
1462,-15058.12,-4158.48,,,
1463,15453.26438,7171.15,,,
1464,7855.785,21033.855,,,
1465,12614.12,34792.73719,,,
1466,-7222.2,-409.34,,,
1467,10895.715,-19807.12,,,
1468,-2663.96,40594.12,,,
1469,-3188.99,6961.665,,,
1470,-14839.24,-17340.88,,,
1471,5437.96,-9672.32,,,
1472,-7274.56,9047.015,,,
1473,-2219.1,12637.09875,,,
1474,-12015.84,22030.5225,,,
1475,2370.66,-18700,,,
1476,5030.23,-2701.63,,,
1477,-14295.96,21213.7825,,,
1478,4470.045,15886.895,,,
1479,3843.02,-10636.52,,,
1480,2870.5,12081.6125,,,
1481,-10112.02,-12711.34,,,
1482,7119.77,-2991.42,,,
1483,-12660.52,-3731.35,,,
1484,8413.43,-6141.83,,,
1485,6343.05,11530.54,,,
1486,3968.34,5715.07,,,
1487,-10639.88,40129.915,,,
1488,-4522.18,-1598,,,
1489,8693.03,-3124.86,,,
1490,8812.4,16667.98,,,
1491,-14329.4,3524.28,,,
1492,-12424,21373.06,,,
1493,-9538.18,37030.9625,,,
1494,11075.77125,6420.83,,,
1495,-3468.1,13268.84,,,
1496,-8368.88,-18278.72,,,
1497,-8874.12,736.71,,,
1498,5371.265,-4448,,,
1499,24094.975,-3889.06,,,
1500,10782.895,7514.71,,,
1501,5941.605,62078.9175,,,
1502,-11457.92,19973.33,,,
1503,-13008.62,-1105.62,,,
1504,26778.1,2356.815,,,
1505,-13431.76,-15058.12,,,
1506,-9312.48,-8642.6,,,
1507,-5349.9,4332.22,,,
1508,10801.82,5581.95,,,
1509,-5221.48,-5721.14,,,
1510,13779.78,4393.29,,,
1511,-6686.84,-9721.82,,,
1512,11268.745,-3899.77,,,
1513,-10628.52,27673.65,,,
1514,-17472.64,12789.0525,,,
1515,15886.4325,-9296.82,,,
1516,-3532.12,4624.735,,,
1517,-3221.58,-3466.19,,,
1518,2886.495,20919.45938,,,
1519,401.01,9348.19,,,
1520,-834.16,3212.03,,,
1521,12944.725,26157.89125,,,
1522,14599.6775,6115.98,,,
1523,-3345.14,31728.685,,,
1524,-20207.52,8507.4475,,,
1525,-10434.48,2488.12,,,
1526,6845.6,3778.545,,,
1527,-14295.96,5066.25,,,
1528,-304.54,710.44,,,
1529,4636.5,20565.94625,,,
1530,-8341.72,7480.405,,,
1531,-3051.76,3390.71,,,
1532,-20275.68,-2079.62,,,
1533,-22525,-3942.92,,,
1534,-10346.64,23614.27875,,,
1535,4165.18,-16552.72,,,
1536,-5380.88,-12471.64,,,
1537,3116.36,4686.17,,,
1538,18502.485,1856.13,,,
1539,15263.845,7713.8,,,
1540,-12782.18,21092.9125,,,
1541,-6387.48,-2166.83,,,
1542,3084.535,17163.075,,,
1543,-2312.52,-3709.66,,,
1544,-14208.12,-7976.04,,,
1545,5357.44,-6446.05,,,
1546,9837.63,56715.03375,,,
1547,2063.65,23762.715,,,
1548,-2297.36,201.64,,,
1549,-14095.44,5822.38,,,
1550,-15014.2,29650.83,,,
1551,-16534.8,17756.995,,,
1552,6508.47,48341.56125,,,
1553,-13950.52,18931.315,,,
1554,622.29,6181.13,,,
1555,-4920.92,5485.94,,,
1556,-4944.64,3388.21,,,
1557,-9266.1,16157.3175,,,
1558,26215.555,-12044.78,,,
1559,-16596.64,479.36,,,
1560,7995.2,1.82,,,
1561,-5674,17855.545,,,
1562,-9060.16,2636.21,,,
1563,8255.18,1720.33,,,
1564,10526.84,13911.4875,,,
1565,-6570.42,-2221,,,
1566,31508.15625,-4641.42,,,
1567,-4042.62,10684.5375,,,
1568,-13816.56,20333.765,,,
1569,-3456.88,45927.145,,,
1570,-885.93,-9747.82,,,
1571,3248.805,-2240.74,,,
1572,-10166.42,-2929.26,,,
1573,25215.1625,-928.26,,,
1574,-12047.44,20383.74063,,,
1575,-9056.16,5170.605,,,
1576,-823.9,-7800.36,,,
1577,-8550.3,20478.64,,,
1578,-7538.7,5012.71,,,
1579,-9646.24,-4520.005,,,
1580,-5052.32,4457.31,,,
1581,-21675,6097.375,,,
1582,-1098.82,807.9,,,
1583,-9403.54,960.49,,,
1584,5541.36,-3380.8,,,
1585,9664.33,-15908.12,,,
1586,14369.99,4219.605,,,
1587,-1676.05,-3362.38,,,
1588,-17340.88,-4128.58,,,
1589,16045.72,-10422.14,,,
1590,-3371.42,2319.97,,,
1591,2103.56,-2372.5,,,
1592,-10815.56,11324.6,,,
1593,-1421.55,16806.27,,,
1594,12197.505,13157.585,,,
1595,-7676.39,72709.66688,,,
1596,-16241.56,20954.595,,,
1597,13620.785,36052.605,,,
1598,46406.67719,-8650.36,,,
1599,-10855.76,-2198.41,,,
1600,-10548.68,17087.575,,,
1601,24169.89,-10042.92,,,
1602,-11593.04,50392.58203,,,
1603,9066.78,-1472.68,,,
1604,-7756.44,20499.2125,,,
1605,402.55,21593.34,,,
1606,-10011.12,-10039.56,,,
1607,-1464.54,969.97,,,
1608,16889.09,3624.825,,,
1609,10394.145,5318.29,,,
1610,9966.135,12460.08,,,
1611,-15175.68,-4679.08,,,
1612,-7912.12,-7225.36,,,
1613,-760.07,10726.505,,,
1614,-11053.8,5693.2,,,
1615,1763.98,-6291.92,,,
1616,4123.19,3394.38,,,
1617,7334.79,-5405.94,,,
1618,12035.5925,10889.03,,,
1619,30397.995,-376.81,,,
1620,13944.09,-516.33,,,
1621,-9237.84,6129.91,,,
1622,13110.1,-5660.84,,,
1623,625.38,-10350.36,,,
1624,-13793.4,-7068.69,,,
1625,-9061.62,-2230.305,,,
1626,9446.9,-6714.38,,,
1627,22610.88875,145.56,,,
1628,17245.01,5154,,,
1629,-2893.16,3868.84,,,
1630,-14084.56,387.12,,,
1631,13248.5925,25571.655,,,
1632,-6535.86,25177.09,,,
1633,10861.94,1578.68,,,
1634,13369.63,18149.06,,,
1635,38662.785,50778.055,,,
1636,19897.09,-1362.88,,,
1637,-2055.58,17636.715,,,
1638,-8664.92,22721.66625,,,
1639,-17180.48,-14252.04,,,
1640,9586.87,6147.69,,,
1641,-13988.52,5278.41,,,
1642,1931.625,-6906.44,,,
1643,6851.885,-4513.88,,,
1644,-6483.36,21570.93,,,
1645,15692.13,-10080.94,,,
1646,-9575.32,9592.16,,,
1647,-6743.96,-7435.07,,,
1648,-5240.32,24862.4175,,,
1649,4355.32,612.62,,,
1650,-7385.2,-18107.12,,,
1651,4470.07,-7004.26,,,
1652,-12119.68,-22865.88,,,
1653,-13314.2,-11735.84,,,
1654,-904.69,-8714.38,,,
1655,17623.75,-2013.38,,,
1656,-1321.13,14539.57,,,
1657,31374.075,1264.8,,,
1658,-8026.38,-7936.93,,,
1659,15163.965,-6250.04,,,
1660,41542.27477,12410.715,,,
1661,600.64,10198.74,,,
1662,22953.14,-15281.44,,,
1663,-2313.86,29477.7575,,,
1664,-3620.82,557.31,,,
1665,5797.92,-10115.24,,,
1666,-16666.56,-2927.4,,,
1667,23756.08,11808.625,,,
1668,-12060.4,-1683.98,,,
1669,-3068.01,-10815.56,,,
1670,9533.93,11981.59,,,
1671,-6795.26,-1881.62,,,
1672,2897.14,1244.7,,,
1673,32655.78,-5673.18,,,
1674,-14640.68,7529,,,
1675,-11896.66,5037.53,,,
1676,-738.1,-7443.1,,,
1677,19631.8075,42229.96,,,
1678,-3414.04,-11665.56,,,
1679,-9498.4,520.02,,,
1680,-12541.56,13455.77,,,
1681,-8600.56,1987.89,,,
1682,-14677.04,-4060.16,,,
1683,7206.585,1774.19,,,
1684,-11274.28,1253.315,,,
1685,-8034.7,201.91,,,
1686,337.41,10687.76,,,
1687,-15640.88,-3521.5,,,
1688,-3529.47,-6309.48,,,
1689,-12023.8,-13597.32,,,
1690,-9021.82,15572.65,,,
1691,-13010.48,26328.32,,,
1692,1568.79,-2573.995,,,
1693,27150.56375,12599.87,,,
1694,4844.58,32238.8975,,,
1695,21859.65625,-12549,,,
1696,-4290.26,-2621.09,,,
1697,24227.8125,-9648,,,
1698,-4917.12,27047.75125,,,
1699,-13369.4,-1151.81,,,
1700,-655.18,-2390.42,,,
1701,7805,15895.64125,,,
1702,-9219.53,-439.06,,,
1703,10475.505,-11196.64,,,
1704,-10713.96,4472.01,,,
1705,-3922.35,5579.95,,,
1706,-2484.24,10384.22,,,
1707,-10961.24,4381.68,,,
1708,25953.165,27633.68625,,,
1709,-8636.24,-8353.4,,,
1710,-11575.28,7221.605,,,
1711,1242,20059.265,,,
1712,-14960.56,-3766.92,,,
1713,-7075.34,11580,,,
1714,9644.42,6242.2,,,
1715,-3939.1,-11625.36,,,
1716,-816.84,-7432.62,,,
1717,-11703.72,-4258.84,,,
1718,214.41,2573.01,,,
1719,-6916,-870.23,,,
1720,57103.02063,-6396.18,,,
1721,-6285.89,28206.95,,,
1722,1262.39,-2755.8,,,
1723,19222.45,-7684.39,,,
1724,2780.2,-13856.76,,,
1725,4783.06,-2107.89,,,
1726,11252.885,-10724,,,
1727,28369.05156,-5997,,,
1728,5273.32,-7244.37,,,
1729,-4324.94,4920.925,,,
1730,-3899.27,-3216.6,,,
1731,-11083.84,-16556.44,,,
1732,-4015.66,17737.43563,,,
1733,-5423.74,27226.51,,,
1734,-14369.6,2917.16,,,
1735,1742.54,26463.70125,,,
1736,12373.12,-3147,,,
1737,28605.47375,-1608.48,,,
1738,-4420.84,793.11,,,
1739,7174.59,-1831.89,,,
1740,-6274.2,25431.1125,,,
1741,4015.7,-17857.44,,,
1742,-5563.08,6031.09,,,
1743,5706.37,18067.3875,,,
1744,-4258.96,-16366.92,,,
1745,-6782.18,-7784.66,,,
1746,9853.585,-10699.86,,,
1747,21648.24,12641.57,,,
1748,1242.56,1007.99,,,
1749,-2774.32,47228.2375,,,
1750,18860.51,-2884.115,,,
1751,3310.26,7163.21,,,
1752,-6261.84,4296.33,,,
1753,419.79,-1781.44,,,
1754,10402.29,-5505.35,,,
1755,8003.925,-7640.74,,,
1756,250.02,-4286.7,,,
1757,-4656.26,-4379.67,,,
1758,-9967.42,5705.54,,,
1759,-7267.92,-4349.68,,,
1760,2830.765,6381.72,,,
1761,-3169.42,2031.81,,,
1762,-16039.88,32407.94125,,,
1763,-4301.12,10349.8275,,,
1764,-4794.5,2659.76,,,
1765,-15059.98,9005.95,,,
1766,1977.88,351.775,,,
1767,13243.48,933.72,,,
1768,-12110.28,47658.78625,,,
1769,7148.325,2348.6,,,
1770,-10749.4,-9702.04,,,
1771,16187.73,-2196.82,,,
1772,-16615.08,-5365.74,,,
1773,-5870.2,10151.645,,,
1774,7263.81,13531.45,,,
1775,9442.005,8251.82,,,
1776,17358.685,-11739.2,,,
1777,2869.0075,1305.54,,,
1778,47180.94313,-8137.52,,,
1779,-4360.8,2015.48,,,
1780,35173.75,-9195.14,,,
1781,14935.13,-7145.55,,,
1782,18408.75,15255.59,,,
1783,-6319.08,-13447.82,,,
1784,-4427.13,-7193.78,,,
1785,11180.14,6614.98,,,
1786,-3379.79,-2430.08,,,
1787,14370.835,-12805.08,,,
1788,-8476.4,29706.7275,,,
1789,4035.02,-14640.56,,,
1790,-597.875,-429.44,,,
1791,8046.6525,9720.88,,,
1792,6556.58,-144.73,,,
1793,-7740.12,16376.46,,,
1794,15923.58,10660.17,,,
1795,3809.5,4433.765,,,
1796,8099.215,5731.95,,,
1797,-11997.14,-3867.1,,,
1798,907.585,13193.78125,,,
1799,18394.215,-2634.16,,,
1800,-803.76,4842.93,,,
1801,-263.38,6598.825,,,
1802,10467.61,-12295.96,,,
1803,-775.55,-9335.16,,,
1804,11003.45375,634.22,,,
1805,23406.455,-9617.92,,,
1806,-9438.88,17032.085,,,
1807,-7531.02,854.18,,,
1808,734.26,5263.89,,,
1809,-8117.04,7317.43,,,
1810,21950.7975,26363.535,,,
1811,24637.2325,-11779.4,,,
1812,13824.11,3665.115,,,
1813,27254.41563,11985.26,,,
1814,-13896,5227.8,,,
1815,-10358.8,-9384.66,,,
1816,-16919.24,-899.86,,,
1817,-7239.42,1421.51,,,
1818,14126.9,3350.28,,,
1819,1644.48,13613.255,,,
1820,-19852.52,-11648,,,
1821,25861.175,35245.3475,,,
1822,-12888.32,7125.96,,,
1823,-18152.72,23515.33125,,,
1824,-4118.375,7955.09,,,
1825,16635.81,9813.525,,,
1826,8870.58,9042.11,,,
1827,14268.1825,17902.0725,,,
1828,-3411.36,287.21,,,
1829,13083.23,151.82,,,
1830,8650.28,-22525,,,
1831,-9751.42,2266.84,,,
1832,-1392.64,80017.51672,,,
1833,9406.705,9335.08,,,
1834,15255.93,6485.94,,,
1835,-5425.5,51192.74809,,,
1836,6547.48,6986.08,,,
1837,-7653.04,-6132.48,,,
1838,1342.04,-21675,,,
1839,7344.36,21218.25,,,
1840,-3916.51,2109.305,,,
1841,-10859.48,-12441.92,,,
1842,-64.015,981.72,,,
1843,25059.5425,13508.81,,,
1844,25513.32125,-9494.78,,,
1845,-4385.44,2757.72,,,
1846,-21675,-4827.22,,,
1847,-10624.18,-6706.62,,,
1848,-1504.16,19288.2575,,,
1849,-6916.06,77.82,,,
1850,-8344.58,-1793.78,,,
1851,2433.87,-15175.68,,,
1852,-10622.96,-13449.68,,,
1853,-8713.6,-159.66,,,
1854,12298.72,-11880.94,,,
1855,-3147,51840.8725,,,
1856,-11465.86,6890.48,,,
1857,2342.72,5305.585,,,
1858,-5263.27,1528.14,,,
1859,679.185,16193.52,,,
1860,-3232.71,13769.29,,,
1861,-3955.5,6990.0025,,,
1862,1520.485,-1635.75,,,
1863,9677.005,563.94,,,
1864,-13650.96,-10171.32,,,
1865,-7592.83,20779.275,,,
1866,-16490.88,28883.04,,,
1867,8509.54,-8849.59,,,
1868,45699.37875,18475.235,,,
1869,-8207.96,56227.82125,,,
1870,3927.7,2647.92,,,
1871,8601.275,7558.63,,,
1872,-1500.54,-6441.24,,,
1873,-13519.6,-8917.6,,,
1874,-1927.66,1001.82,,,
1875,37889.3825,14669.0425,,,
1876,9832.92,-2634.16,,,
1877,10796.65,1781.675,,,
1878,-16622.64,6930,,,
1879,27905.505,-13966.24,,,
1880,-17179.4,-2619.96,,,
1881,8020.85,1327.365,,,
1882,36453.815,11326.46,,,
1883,-2411.82,-6730.76,,,
1884,21840.7875,-8475.04,,,
1885,13173.56,-7355.26,,,
1886,-14164.2,-5675.36,,,
1887,-7516.06,16785.63,,,
1888,-11394.64,-2744.23,,,
1889,-16046.2,7780.995,,,
1890,27234.51313,15523.7625,,,
1891,-3731.35,5606.45,,,
1892,-6988.38,15921.7,,,
1893,14582.41,-20784.8,,,
1894,14204.225,-10227.22,,,
1895,-2873.97,-4493.78,,,
1896,2930.6,28313.40625,,,
1897,-5661.79,-12603.4,,,
1898,19130.2375,-6300.4,,,
1899,-11192.92,-14754.4,,,
1900,-17267.24,9919.52,,,
1901,-8622.94,-5078.76,,,
1902,426.82,-11661.84,,,
1903,6859.37,5548.1,,,
1904,3743.3,7704.95,,,
1905,-17300.36,-16289.56,,,
1906,-8303.92,13177.325,,,
1907,1125.82,-9658.12,,,
1908,-13563.52,-3300.72,,,
1909,-13325.48,12596.42,,,
1910,-6733.84,-542.96,,,
1911,-10293.52,5570.29,,,
1912,2966,6715.2075,,,
1913,-3045.42,7677.09,,,
1914,1387.95,-20825,,,
1915,-16959.8,7978.5725,,,
1916,9761.13,-6441.24,,,
1917,955.66,54776.33773,,,
1918,-13695.28,-3074.68,,,
1919,344.54,-1554.44,,,
1920,7883.19,28593.115,,,
1921,5184.8,-13337.52,,,
1922,-12338.48,15790.85625,,,
1923,-3600,6396.51,,,
1924,-11200.48,17793.57,,,
1925,7164.19,4090.66,,,
1926,-6812.64,26235.6275,,,
1927,-8692.48,-2037.2,,,
1928,-2002.56,-3109.52,,,
1929,-14165.12,-6774.68,,,
1930,922.01,-3730.89,,,
1931,-17425,11880.1125,,,
1932,3049.38,20954.685,,,
1933,-1405.6,16718.34,,,
1934,-18659.8,11603.64,,,
1935,-4571.82,-3449.86,,,
1936,5655.72,-143.28,,,
1937,-3115.42,13508.945,,,
1938,-1940.66,-7888.56,,,
1939,-10108.78,14474.78,,,
1940,4727.63,-6866.24,,,
1941,28113.34,25778.25922,,,
1942,26816.125,-2444.64,,,
1943,27231.78438,11055.5,,,
1944,-9386.64,19340.48,,,
1945,-4537.66,23986.09625,,,
1946,-12158.62,15391.0275,,,
1947,-1235.64,-11999,,,
1948,3338.6,1373.28,,,
1949,5981.63,-11342.6,,,
1950,17451.295,12517.93,,,
1951,-10940.04,18971.605,,,
1952,13543.61,1254.27,,,
1953,42257.135,9873.875,,,
1954,-6824.86,-2951.22,,,
1955,-13958.8,2726.73,,,
1956,15360.17,-2136.84,,,
1957,-3371.2,19696.0175,,,
1958,2707.36,4988.62,,,
1959,29232.14625,15494.29,,,
1960,-17095.28,-844.685,,,
1961,-2422.41,8830.54,,,
1962,4090.42,-6687.2,,,
1963,-4446.93,3475.96,,,
1964,37649.80375,21622.02625,,,
1965,1478.41,-12222.32,,,
1966,-10067.6,82.99,,,
1967,-7800.36,1875.64,,,
1968,-12919.28,26729.09,,,
1969,-3757.08,16238.53,,,
1970,20414.285,-8067.6,,,
1971,4060.89,28482.9525,,,
1972,-5271.96,19078.865,,,
1973,10439.25,-9432.62,,,
1974,-6974.18,17025.325,,,
1975,-1433.19,-13253.9,,,
1976,28519.315,18811.305,,,
1977,15918.995,18933.1725,,,
1978,-9927.6,-7171.82,,,
1979,-1047.26,-7319.1,,,
1980,1370.74,-512.88,,,
1981,-8354.99,-7582.98,,,
1982,-12330.96,-1641.92,,,
1983,-7869.76,-6315.92,,,
1984,110.42,15939.39,,,
1985,4062.17,12102.82,,,
1986,-18150.68,14767.0675,,,
1987,3500.495,23190.97156,,,
1988,8362.89,2966.66,,,
1989,-7580.76,-117.96,,,
1990,-4701.04,23384.085,,,
1991,-2483.84,13502.64,,,
1992,-2123.32,8823.555,,,
1993,-1896.1,-7702.4,,,
1994,9406.5,27149.06,,,
1995,-1147.86,-12555.76,,,
1996,-3871.14,1500.1,,,
1997,8957.435,9031.63,,,
1998,552.42,-10769.46,,,
1999,-803.43,9809.215,,,
2000,11596.79,24506.275,,,
2001,2253.25,10219.065,,,
2002,-3028.9,2035.53,,,
2003,-8184.42,32318.25,,,
2004,4186.08,14647.20625,,,
2005,6246.43,-9252.9,,,
2006,5305.81,4117.2,,,
2007,-11643.48,23043.025,,,
2008,8932.92,8993.88,,,
2009,5072.31,12063.62,,,
2010,-10793.68,15375.9175,,,
2011,8718.13,20029.82,,,
2012,5684.16,12079.045,,,
2013,-11379.6,2484.58,,,
2014,-12764.76,-5034.84,,,
2015,-1364.34,-12497.64,,,
2016,-9123.68,295.06,,,
2017,20011.66,23980.9075,,,
2018,-9156.2,-11445.96,,,
2019,-9239.8,45439.9625,,,
2020,8432.32,-542.87,,,
2021,-9651.64,3146.92,,,
2022,4047.46,12061.85,,,
2023,5143.28,-1552.58,,,
2024,-15640.88,-11607.44,,,
2025,5069.57,-1073.59,,,
2026,-3921.32,-7580.76,,,
2027,-1235.02,-4836.84,,,
2028,-6305.76,12778.41,,,
2029,16534.815,17178.1875,,,
2030,-9692.3,-680.62,,,
2031,5748.0625,5613.39,,,
2032,9920.52,20922.15,,,
2033,747.295,-4967.1,,,
2034,-10669.12,-8165.74,,,
2035,5979.94,-5385.84,,,
2036,-12887.16,19159.445,,,
2037,10213.19,14520.29,,,
2038,-3972.91,-9923.5,,,
2039,-10760.48,10353.4075,,,
2040,379.665,5084.76,,,
2041,19381.83,15759.945,,,
2042,2750,4316.07,,,
2043,-7211.295,5369.97,,,
2044,-12274.96,-3833.39,,,
2045,-4013.18,14686.49,,,
2046,-14160.36,-5793.28,,,
2047,-11886.74,22438.125,,,
2048,4270.66,-13772.64,,,
2049,-3648.28,22392.16375,,,
2050,-4067.34,-8459.16,,,
2051,-11442.08,15842.705,,,
2052,-2900.6,52291.19016,,,
2053,-10481.36,21679.095,,,
2054,-9754.46,-13818.42,,,
2055,-14949.04,5983.6025,,,
2056,-998.54,15848.88,,,
2057,6022.33,-55.44,,,
2058,-8978.16,13918.565,,,
2059,-5200.54,-13212.52,,,
2060,14896.36,21039.485,,,
2061,-9841.64,439.16,,,
2062,-9218.88,381.9,,,
2063,2926.98,15389.24125,,,
2064,29940.59,-6443.1,,,
2065,-14150.36,-3460.34,,,
2066,-15233.8,2825.05,,,
2067,-8197.52,5545.38,,,
2068,483.0125,-14724.68,,,
2069,5611.7725,-6852.31,,,
2070,-9658.12,9205.09,,,
2071,2751.46,19947.105,,,
2072,-16050.2,-9659.98,,,
2073,-6369.78,-10956.94,,,
2074,-1681.72,-7087.7,,,
2075,13695.825,-8037.7,,,
2076,-649.04,-2093.82,,,
2077,-15574.68,-4171.41,,,
2078,630.48,-1707.935,,,
2079,8210.54,-6016.24,,,
2080,862.2,28405.4775,,,
2081,-5045.78,2542.52,,,
2082,20699.28,-11182.8,,,
2083,-13796.2,-1843.96,,,
2084,29119.64063,1446.92,,,
2085,-3332.22,-13391.92,,,
2086,-11018.38,8510.76,,,
2087,-4541.66,9220.88,,,
2088,-1306.38,-9374.86,,,
2089,14575.855,16210.9225,,,
2090,22790.9,7501.9575,,,
2091,6200.63,-8293.1,,,
2092,-1903.56,7179.955,,,
2093,-4178.86,12387.305,,,
2094,21224.8125,2799.87,,,
2095,-12444.72,-6241.74,,,
2096,-11442.24,-3851.4,,,
2097,-12980.76,-5224.36,,,
2098,8383.57,24172.47,,,
2099,-461.96,6309.17,,,
2100,22430.255,-14331.26,,,
2101,-9233.12,51361.81602,,,
2102,303.84,-7327.4,,,
2103,23682.8,12637.17,,,
2104,18516.87,17326.69,,,
2105,-12926.36,14802.55,,,
2106,-9533.76,2251.14,,,
2107,-11859.68,29410.05875,,,
2108,-5194.26,12610.76,,,
2109,-7333.18,-9277.04,,,
2110,9713.95,18408.98125,,,
2111,13332.06688,-2722.36,,,
2112,-5839.62,-11985.16,,,
2113,4996.91,12078.73,,,
2114,-12410.16,-17769.6,,,
2115,5076.29,25262.5775,,,
2116,96.08,-20740.88,,,
2117,17564.06,26316.73375,,,
2118,-8728.58,33765.8675,,,
2119,-10654.08,5019.61,,,
2120,614.34,-19729.4,,,
2121,14536.405,4320.695,,,
2122,-939.52,41407.78031,,,
2123,10885.8725,-8963.7,,,
2124,-12350.36,-1246.64,,,
2125,3440.19,-15135.48,,,
2126,-4436.52,738.3,,,
2127,6902.82,-11338.02,,,
2128,-12805.08,9838.3,,,
2129,-5673.8,-8849.86,,,
2130,6593.71,-15442.92,,,
2131,1009.4,-15666.24,,,
2132,-4985.82,-17346.46,,,
2133,-5021.38,5613.525,,,
2134,-10331.72,-13493.6,,,
2135,-5863.68,12452.91187,,,
2136,-196.02,3873.78,,,
2137,1795.62,10959.31,,,
2138,10177.69,12583.81,,,
2139,-7661.5,10475.37,,,
2140,-13814.2,14750.51,,,
2141,-6454.59,1831.72,,,
2142,-442.5,-4481.71,,,
2143,-9788.02,-515.1,,,
2144,-1286.84,15409.31,,,
2145,-18498.32,65238.6768,,,
2146,-13924.5,31312.75875,,,
2147,-11255.92,12824.83,,,
2148,25158.235,-18370.28,,,
2149,25552.835,3996.92,,,
2150,-16450.68,10007.81,,,
2151,-10743.36,1378.91,,,
2152,-3419.38,-9993.1,,,
2153,-18525.16,-14387.52,,,
2154,3402.4,-14909.98,,,
2155,-869.63,-7907.98,,,
2156,-14415.38,-1760.2,,,
2157,20729.84,3791.52,,,
2158,-15952.4,-11959.16,,,
2159,24676.92,12879.18,,,
2160,6412.01,8362.71,,,
2161,27585.715,2412.62,,,
2162,-8674.5,33097.0625,,,
2163,-6913.72,-5926.54,,,
2164,-195.93,-9348.5,,,
2165,7859.27,-4196.5,,,
2166,-10851.44,4256.18,,,
2167,18258.66625,-3607.98,,,
2168,-3450.95,43524.9475,,,
2169,-6032.3,1927.91,,,
2170,1631.06,-3482.3,,,
2171,-1091.97,-7578.9,,,
2172,-8479.8,12114.615,,,
2173,11971.41,9997.785,,,
2174,-1229.9,29621.57563,,,
2175,-17765.88,11823.24,,,
2176,21001.4025,-473.77,,,
2177,-13897.08,38894.6125,,,
2178,10941.25,10023.87,,,
2179,43783.2425,548.69,,,
2180,27935.13,-4655.26,,,
2181,-1647,-8313.2,,,
2182,2644.56,14522.245,,,
2183,13174.5125,-2467.01,,,
2184,-2810.4,-2338.79,,,
2185,12493.935,-11601.54,,,
2186,2244.56,24799.285,,,
2187,3217.89,5822.8525,,,
2188,29317.33,5142.25,,,
2189,8765.055,1799.64,,,
2190,-2800.32,-2245.91,,,
2191,-5269.68,-10258.8,,,
2192,6823.66,-3803.4,,,
2193,10889.89,13638.165,,,
2194,20927.6775,4728.59,,,
2195,18343.78,-3262.7,,,
2196,-10213.02,15617.52,,,
2197,-8428.4,772.51,,,
2198,-2055.34,40491.78719,,,
2199,4028.92,23214.71406,,,
2200,28083.59875,-6189.79,,,
2201,14313.22,-10390.56,,,
2202,3549.96,-13962.52,,,
2203,6246.34,17311.35,,,
2204,-7885.56,727.59,,,
2205,3075.7,7836.17,,,
2206,4427.68,-634.16,,,
2207,-8509.88,1101.91,,,
2208,29784.57,-9015.38,,,
2209,-2335.14,-10282.62,,,
2210,-8610.48,-2001.04,,,
2211,-1723.7,-2182.98,,,
2212,-4073.53,-15149.68,,,
2213,22026.495,-13874.68,,,
2214,-5765.06,2470.65,,,
2215,38480.93563,3851.55,,,
2216,1320.45,4529.7025,,,
2217,-7707.43,-8943.6,,,
2218,-51.72,-8041.92,,,
2219,-7007.18,-1800.675,,,
2220,2503.325,-21253.72,,,
2221,-2765.92,25997.965,,,
2222,-369.87,1147.51,,,
2223,-9034.96,4647.42,,,
2224,-9168.38,10360.67,,,
2225,-2753.32,5134.49,,,
2226,-10155,-13453.4,,,
2227,-11398.54,-11974.86,,,
2228,11927.09,-890.24,,,
2229,-2105.46,-2809.84,,,
2230,-12160.48,56115.625,,,
2231,7655.85,-4750.86,,,
2232,-408.98,-15267.24,,,
2233,3617.71,17648.24,,,
2234,21596.25125,2793.8125,,,
2235,-5428.78,12938.0525,,,
2236,10718.195,11308.535,,,
2237,-12826.32,2265.07,,,
2238,-7069.3,4909.08,,,
2239,-15981.76,-1823.5,,,
2240,16345.38063,-4272.32,,,
2241,-3131.84,-1053.31,,,
2242,-7412.22,-17434.3,,,
2243,16617.19,-6569.28,,,
2244,-3629.52,8383.45,,,
2245,-3908.72,9698.51,,,
2246,2967.16,25949.645,,,
2247,6542.12,-2149.04,,,
2248,3964.52,30790.26625,,,
2249,10343.55,-2292.42,,,
2250,-17183.12,-5477.67,,,
2251,-13055.72,-5156.35,,,
2252,4060.08,1923.24,,,
2253,3181,-12673.32,,,
2254,8867.385,19795.79,,,
2255,14429.09,13891.75,,,
2256,15223.07,24226.825,,,
2257,8352.15,3226.64,,,
2258,-5208.3,-23422.64,,,
2259,10871.3475,2006.27,,,
2260,-7516.62,27898.4675,,,
2261,-6690.1,-10522.32,,,
2262,6022.32,-3937.02,,,
2263,3109.275,6688.62,,,
2264,-6044.6,-11358.12,,,
2265,-6849.24,10954.41,,,
2266,-11869.1,-6430.53,,,
2267,-6213.24,-6164.06,,,
2268,-15640.88,-1163.38,,,
2269,-11974.88,-16377.04,,,
2270,-7559.52,7998.19,,,
2271,-10932.2,-12559.48,,,
2272,6043.7,-13503.22,,,
2273,-12511.84,-1722,,,
2274,11527.075,14765.6825,,,
2275,22432.56813,21263.83,,,
2276,32699.66625,-2883.48,,,
2277,-3842.24,-6642.92,,,
2278,-8558.8,2001.46,,,
2279,-8558.8,-3443.19,,,
2280,-3817.07,20417.2725,,,
2281,575.64,33477.735,,,
2282,17646.27,-22059.8,,,
2283,35832.5875,13930.86,,,
2284,-6014.38,14656.14,,,
2285,8243.24,-3446.14,,,
2286,-8998.56,8684.31,,,
2287,1786.47,10505.315,,,
2288,858.26,-4976.9,,,
2289,39766.37,-12678.9,,,
2290,-4032.5,6431.54,,,
2291,30292.4625,-1816.1,,,
2292,-8577.8,3298.78,,,
2293,-4909.92,14213.5275,,,
2294,-13722.12,-8919.78,,,
2295,-7025.86,-10180.94,,,
2296,13984.445,-10731.44,,,
2297,3863.58,-17370.96,,,
2298,-716.51,-10600.04,,,
2299,12950.89,10785.94,,,
2300,-3751.72,16407.95,,,
2301,2724.8,16512.2825,,,
2302,27917.13,-3334.16,,,
2303,14512.7325,5448.825,,,
2304,2568.2,31383.5675,,,
2305,16891.04,20164.665,,,
2306,-15900.92,-6886.34,,,
2307,500.94,4559.58,,,
2308,20774.91625,366.84,,,
2309,37251.305,5811.9,,,
2310,-4086.02,12130.725,,,
2311,-2228.08,-3711.52,,,
2312,10897.875,-14194.28,,,
2313,6555.54,9574.24,,,
2314,-5708.8,-2588.38,,,
2315,-10594.4,-4958.98,,,
2316,5932.68,11210.4,,,
2317,8297.93,-17560.48,,,
2318,21179.44,1959.76,,,
2319,-793.01,-2776.085,,,
2320,6586.445,15779.905,,,
2321,-9674.26,14495.655,,,
2322,-14794.6,10705.9975,,,
2323,-15145.96,-4402.99,,,
2324,30330.32375,-10566.24,,,
2325,-6589.88,52177.95766,,,
2326,28912.6625,8676.685,,,
2327,20350.95,7315.3,,,
2328,-3039.34,368.0425,,,
2329,21336.6875,38587.68219,,,
2330,-4748.28,8676.05,,,
2331,-10127.04,6341.98,,,
2332,13851.765,-498.68,,,
2333,1171.6,5730.45,,,
2334,-9728.16,21129.05,,,
2335,10510.635,-10889.2,,,
2336,-2466.5,-13074.18,,,
2337,-8552.9,20890.305,,,
2338,-7015.88,-6022.14,,,
2339,-8666.8,16947.42,,,
2340,-12915.44,28332.955,,,
2341,-8941.74,24259,,,
2342,-2990.84,71424.96031,,,
2343,-8913.52,24652.11875,,,
2344,-4630.66,-9746.32,,,
2345,11575.225,19120.22375,,,
2346,-9194.3,-10418.42,,,
2347,-9760.16,43676.785,,,
2348,-6897.4,-3250.36,,,
2349,-7640.47,2173.19,,,
2350,-4434.82,16406.45,,,
2351,19531.075,9966.3625,,,
2352,4971.91,7425.555,,,
2353,25467.46,36085.41,,,
2354,14199.7,-6433.48,,,
2355,-4922.82,-19084.8,,,
2356,-2588.35,-4875.22,,,
2357,2919.3,9821.925,,,
2358,-8780.26,7057.36,,,
2359,-791.96,5379.86,,,
2360,-9988.8,915.48,,,
2361,-16971.08,4894.88,,,
2362,9576.82,-4207.21,,,
2363,13721.68,22040.115,,,
2364,-15175.68,-6351.54,,,
2365,998.8,1741.48,,,
2366,-4673.86,-22151.36,,,
2367,-7313.88,29756.28625,,,
2368,13477.43,9478.91,,,
2369,-12226.16,35134.4775,,,
2370,10475.01,-11310.48,,,
2371,-9159.84,4901.32,,,
2372,-13857.12,-3504.26,,,
2373,-3524.98,45618.205,,,
2374,28032.435,-14886.16,,,
2375,6445.195,-10803.58,,,
2376,-4690.11,21921.605,,,
2377,14064.825,-8318.01,,,
2378,13616.235,12275.87,,,
2379,10741.76,-10506.26,,,
2380,-12805.08,26081.6375,,,
2381,9709.14,-10099.18,,,
2382,-1758.78,17598.4,,,
2383,1443.3,12378.41,,,
2384,5105.39,24109.585,,,
2385,-7600.32,12681.91625,,,
2386,-1164.18,-11759.3,,,
2387,-860.525,13273.92,,,
2388,6920.89,36923.97,,,
2389,-14110.16,357.49,,,
2390,12175.87,-12407.62,,,
2391,-9679.88,-10348.5,,,
2392,15643.2,-13730.58,,,
2393,-12336.16,-47.86,,,
2394,-6544.22,-3028.58,,,
2395,44069.94,-15955.76,,,
2396,5080.2,-10318.96,,,
2397,-13525.12,-8005.76,,,
2398,-7945.92,15001.96,,,
2399,2995.22,-9685.66,,,
2400,4869.1,11444.155,,,
2401,-5746.05,-6438.29,,,
2402,6954.41,46068.95094,,,
2403,12804.55,410.49,,,
2404,-1414.96,8674.6,,,
2405,-14120.28,-8307.3,,,
2406,21670.4,-492.51,,,
2407,-18055.64,16887.94,,,
2408,-2892.46,-7263.38,,,
2409,4395.76,13253.59,,,
2410,-15728.72,4408.58,,,
2411,-341.24,5348.01,,,
2412,-13750.92,5361.85,,,
2413,8775.37,9640.39,,,
2414,-17340.88,18270.75,,,
2415,-14373.56,-467.1,,,
2416,-4197.12,22930.86,,,
2417,-8812.3,8124.735,,,
2418,33020.86469,-7043.78,,,
2419,-16953.52,-14463.02,,,
2420,4563.81,11015.94,,,
2421,-5300.1,-8430.76,,,
2422,-16098.84,686.62,,,
2423,-8422.58,40988.225,,,
2424,-1373.6,2388.8,,,
2425,21777.455,7894.02,,,
2426,-11128.9,-1249.36,,,
2427,12.28,7430.45,,,
2428,9995.34,-14579.08,,,
2429,-2302.9,-12120.64,,,
2430,-3426.58,3424.64,,,
2431,8532.05,-1881.62,,,
2432,-15321.64,12438.85,,,
2433,-14466.24,-6804.4,,,
2434,16886.7225,25260.175,,,
2435,-15885.44,-8005.76,,,
2436,4512.21,33415.2775,,,
2437,-9970.74,12368.295,,,
2438,-5368.69,31365.125,,,
2439,-4526.74,-12208.12,,,
2440,8213.22,-5563.38,,,
2441,611.08,-4099.27,,,
2442,6789.51,-11196.64,,,
2443,-14766.16,15363.17,,,
2444,-7300.68,5146.8525,,,
2445,5188.66,26845.8625,,,
2446,-3087.02,11920.43,,,
2447,431.71,-6.66,,,
2448,7488.13,-462.155,,,
2449,10013.69625,-16131.44,,,
2450,4717.38,1466.66,,,
2451,11494.57,16800.645,,,
2452,-16155.64,54991.90064,,,
2453,-6956.62,1606.54,,,
2454,7126.56,-7648.5,,,
2455,10599.47,8664.395,,,
2456,-10556.72,-4440.06,,,
2457,16351.52,-1005.35,,,
2458,-9281.38,27188.3525,,,
2459,-18703.72,-7379.08,,,
2460,1079.29,10899.6,,,
2461,-802.58,22713.215,,,
2462,-3762.88,-4663.38,,,
2463,-7795.84,4930.27,,,
2464,26052.08,31452.5975,,,
2465,8589.2875,19160.945,,,
2466,-8515.6,4170.11,,,
2467,23318.46,13515.885,,,
2468,2590.34,-3584.16,,,
2469,4912.27,1470.65,,,
2470,-8998.26,-13523.32,,,
2471,-18282.44,25617.48,,,
2472,-3678.31,13170.425,,,
2473,48909.30559,-14712.34,,,
2474,-13124.68,-8316.92,,,
2475,9257.945,28125.9175,,,
2476,23189.575,-4637.7,,,
2477,1218.24,29501.92,,,
2478,23020.42,13652.78,,,
2479,-16139.88,-10613.88,,,
2480,-8514.88,27115.3,,,
2481,-3423.46,4075.87,,,
2482,-346.76,-350.585,,,
2483,5358.24,-12208.12,,,
2484,1353.34,42143.52844,,,
2485,-1199.81,34427.965,,,
2486,-6291,-6333.3,,,
2487,11842.85,-9370.46,,,
2488,18515.31,-17186.84,,,
2489,10799.9,13884.99,,,
2490,-7984.82,29145.61,,,
2491,-10702.88,24464.2575,,,
2492,-6766.52,-3831.3,,,
2493,-1850.64,-11637.52,,,
2494,12313.035,-3035.34,,,
2495,-12274.68,-11416.24,,,
2496,-4422.34,2299.645,,,
2497,-13068.6,12669.79,,,
2498,34301.36906,2819.02,,,
2499,-7122.9,-598.59,,,
2500,24111.72781,-18883.12,,,
2501,7028.5225,6801.91,,,
2502,54141.74313,1051.37,,,
2503,-2462.6,1197.6,,,
2504,-7225.02,8338.345,,,
2505,-6489.04,-8720.64,,,
2506,-11640.44,-3792.46,,,
2507,-13697.14,-4348.36,,,
2508,10344.85,-531.755,,,
2509,-4637.3,26098.9225,,,
2510,5757.34,-17769.6,,,
2511,9819.12,4781.54,,,
2512,-5188.9,19781.4075,,,
2513,-22015.88,-3931.12,,,
2514,-7207.38,25439.58,,,
2515,-9676.28,-6583.84,,,
2516,-16197.64,26677.35625,,,
2517,-6619.84,-2057.03,,,
2518,-3012.06,-1660.16,,,
2519,11031.43,2062.89,,,
2520,449.77,-1538.38,,,
2521,-1272.46,12690.525,,,
2522,-11260.66,-4230.26,,,
2523,10848.96,-9558.3,,,
2524,-8033.28,3355.04,,,
2525,-1887.52,-10102.9,,,
2526,22176.045,3426.14,,,
2527,8535.395,-9939.92,,,
2528,7762.7,-2017.1,,,
2529,-8634.2,-9439.29,,,
2530,7499.255,1522.465,,,
2531,-10288.75,10575.28,,,
2532,-4550.6,-5078.76,,,
2533,-8271.08,840.615,,,
2534,20889.1275,-8315.06,,,
2535,323.44,-1017.42,,,
2536,-8893.66,6658.265,,,
2537,-11462.34,-5164.38,,,
2538,19292.97125,-7047.82,,,
2539,-17853.72,7605.36,,,
2540,-915.98,24415.4925,,,
2541,-5465.92,3353.955,,,
2542,-3929.26,17257.95,,,
2543,9699.3,2801.73,,,
2544,10063.84,5940.66,,,
2545,9255.75,2847.78,,,
2546,11027.415,15845.29,,,
2547,27536.0025,26269.5675,,,
2548,-6376.9,-8297.14,,,
2549,5466.03,19957.95,,,
2550,8562.07625,59237.20203,,,
2551,-4856.08,-13557.12,,,
2552,11396.05,7861.17,,,
2553,-14285.48,-12178.4,,,
2554,-5619.78,12285.76,,,
2555,15011.91,-5639.24,,,
2556,414.18,3510.85,,,
2557,16650.025,17168.39,,,
2558,18205.345,20782.045,,,
2559,-11240.56,19010.4925,,,
2560,-3941.98,1199.46,,,
2561,8372.36,-8297.5,,,
2562,-5316.16,13024.1225,,,
2563,-16654.68,-1985.25,,,
2564,-470.195,19482.69875,,,
2565,10840.71,-5830.62,,,
2566,-11575.86,-9384.66,,,
2567,6757.285,32284.90813,,,
2568,22880.4625,47243.37,,,
2569,-8295.28,10289.35625,,,
2570,-7250.86,12668.6325,,,
2571,53313.84438,-4312.2,,,
2572,-11778.28,-6950.36,,,
2573,-16534.8,15746.83,,,
2574,9070.98,17055.315,,,
2575,23816.32,-6291.92,,,
2576,-11688.02,20732.2675,,,
2577,18733.19,-4114.56,,,
2578,8407.82,-10710.52,,,
2579,-6095.58,36542.43375,,,
2580,11553.5225,-16494.6,,,
2581,-6328.48,44790.64375,,,
2582,2300.74,-1282.8,,,
2583,-11468.96,11805.5,,,
2584,-12425.84,-492.7825,,,
2585,1024.14,-4823.18,,,
2586,-15684.8,-18879.4,,,
2587,6333.21,-2614.42,,,
2588,15668.455,2620.15,,,
2589,-3630.45,7672.01,,,
2590,-4448,-786.02,,,
2591,-9682.76,-3431.21,,,
2592,14581.85125,2326.64,,,
2593,-17327.04,-7599.04,,,
2594,-2152.62,-1686.93,,,
2595,6326.48,4751.32,,,
2596,-8626.54,-3551.13,,,
2597,-2999.45,4182.945,,,
2598,-296.65,22150.65,,,
2599,2139.12,4678,,,
2600,4711.365,8624.87,,,
2601,-7230.64,32199.645,,,
2602,-6313.52,13973.285,,,
2603,-8930.98,10302.6375,,,
2604,-3958.14,-15692.24,,,
2605,-17897.64,-4174.36,,,
2606,-15363.8,-11681.44,,,
2607,-7278.16,-6351.54,,,
2608,-9988.6,-3500.22,,,
2609,2603.175,14184.6275,,,
2610,-5977.22,19922.015,,,
2611,-11402.04,-754.44,,,
2612,7554.535,18437.49,,,
2613,-8333.3,3164.53,,,
2614,-4362.16,106.04,,,
2615,5316.14,3356.36,,,
2616,-2490.16,2520.24,,,
2617,6400.9,38.3,,,
2618,-5723,16459.265,,,
2619,29016.29563,-12543.42,,,
2620,-17294.4,-3992.42,,,
2621,6016.57,12223.06,,,
2622,-3851.9,-4863.61,,,
2623,-8690.68,1173.51,,,
2624,-5647.32,-16512.52,,,
2625,26130.565,18754.82,,,
2626,155.18,10945.3775,,,
2627,-14689.56,3613.98,,,
2628,655.325,-17344.6,,,
2629,-794.04,3560.44,,,
2630,6453.49,31348.04813,,,
2631,11103.09,15384.18,,,
2632,2288.63,21397.8525,,,
2633,-2098.76,-18879.4,,,
2634,-14120.28,6030.815,,,
2635,3472.16,30697.3125,,,
2636,12253.4,-8087.7,,,
2637,8636.79,-7966.15,,,
2638,5172.33,19339.00875,,,
2639,-13968.42,34785.395,,,
2640,3604.14,6350.01,,,
2641,-4687.4,-10773.5,,,
2642,1225.69,17321.24,,,
2643,33073.245,40866.61063,,,
2644,-3.42,15494.425,,,
2645,665.24,41950.56227,,,
2646,2245.94,17806.815,,,
2647,7764.66,6352.46,,,
2648,-10885.48,47977.08625,,,
2649,-8767.92,-13830.76,,,
2650,-1091.25,39027.93563,,,
2651,-2025.98,13353.73,,,
2652,15104.275,2470.74,,,
2653,-5002.9,-4969.37,,,
2654,18476.40688,-7363.02,,,
2655,-10165.2,8754.68,,,
2656,-13593.6,15730.0225,,,
2657,11072.74,1984.08,,,
2658,9809.18,15667.4275,,,
2659,3576.87,-623.77,,,
2660,5575.54,29829.0475,,,
2661,-8380.17,-4994.28,,,
2662,-13155.8,26787.5125,,,
2663,-12305,-12926.72,,,
2664,-3005.54,-4340.06,,,
2665,1516.52,43639.89375,,,
2666,-8886.1,14289.12,,,
2667,8960.485,28243.22469,,,
2668,3900.26,-11641.74,,,
2669,19665.655,20663.575,,,
2670,-8426.7,274.73,,,
2671,7081.215,28812.3725,,,
2672,-10806.56,17979.14,,,
2673,-16074.68,-4362.02,,,
2674,-15644.6,-9293.46,,,
2675,15856.345,-6097.41,,,
2676,14785.7325,4082.54,,,
2677,-5609.34,-10097.32,,,
2678,6396.97,26698.82563,,,
2679,78656.625,16478.64,,,
2680,51032.68375,-12308.48,,,
2681,-12643.6,17830.905,,,
2682,-7601.68,3992.84,,,
2683,-9656.26,-4832.8,,,
2684,-17941.92,-813.97,,,
2685,5914.835,16098.96375,,,
2686,-8888.4,1895.15,,,
2687,5951.34,-2486.34,,,
2688,7773.41,12121.655,,,
2689,33886.3925,4014.07,,,
2690,-3739.47,-11442.24,,,
2691,-3426.04,23048.38,,,
2692,2455.995,19065.485,,,
2693,206.89,-8808.12,,,
2694,-16494.6,-14283.62,,,
2695,6758.9,7365.3,,,
2696,9951.565,1356.13,,,
2697,18764.96125,7432.86,,,
2698,-8650.36,-12310.16,,,
2699,1456.945,-1951.9,,,
2700,-1772.18,9408.81,,,
2701,-8838.92,-15650.18,,,
2702,-8452.14,26198.3525,,,
2703,8744.665,11209.99,,,
2704,-17472.64,13462.845,,,
2705,29385.46625,15475.28,,,
2706,3285.23,-8047.5,,,
2707,-2818.46,-13920.64,,,
2708,-9883.04,19569.11,,,
2709,-10804.28,3401.78,,,
2710,-7526.9,-17494.28,,,
2711,3517.54,21830.44125,,,
2712,-6981.08,3174.78,,,
2713,11934.42,-5036.34,,,
2714,-5951.45,2228.09,,,
2715,5639.67,12149.825,,,
2716,-3872.36,9927.455,,,
2717,-1090.2,19597.925,,,
2718,35741.51,12777.14,,,
2719,-8032.12,-5574.22,,,
2720,-16770.6,-5708.8,,,
2721,-6094.76,10611.44,,,
2722,-2743.94,-4892.96,,,
2723,-4591.24,14189.4375,,,
2724,-7074.56,-2066.92,,,
2725,-5307.66,16309.90375,,,
2726,30360.21,26224.0375,,,
2727,26262.085,15587.805,,,
2728,-5975.58,-8714.38,,,
2729,-18615.88,-2548.18,,,
2730,-2933.3,31351.78,,,
2731,29385.775,-4274.18,,,
2732,-8435.18,126.14,,,
2733,-1004.94,-19040.88,,,
2734,-3835.64,-16674,,,
2735,7260.75,930.04,,,
2736,2396.695,-2204.85,,,
2737,7784.745,4801.28,,,
2738,7364.32,-9105.08,,,
2739,-7873.16,-10771.64,,,
2740,-8948.3,-7281.98,,,
2741,6002.2,15320.6075,,,
2742,-612.74,25505.2725,,,
2743,18822.43,-4701.04,,,
2744,-1086.18,-12936.84,,,
2745,-729.68,16660.5125,,,
2746,9292.5675,887.44,,,
2747,8591.32,51639.8075,,,
2748,-485.24,33425.425,,,
2749,-6044.4,7597.65,,,
2750,-1787.15,-2302.58,,,
2751,9669.2,10823.01,,,
2752,5345.71,-6028.58,,,
2753,-8291.54,-8187.7,,,
2754,-10061.8,-7772.5,,,
2755,-4064.12,17429.73,,,
2756,-17564.2,-10623.5,,,
2757,1639.51,-2766.1,,,
2758,23401.52188,9265.39,,,
2759,-6659.96,27386.58,,,
2760,-7406.49,10483.855,,,
2761,4481.01,-10356.8,,,
2762,-9554.76,39311.68375,,,
2763,-9456.46,5409.125,,,
2764,8142.96,-5066.6,,,
2765,5057,-6236.2,,,
2766,-18234.8,-8815.92,,,
2767,23426.225,5059.08,,,
2768,38631.72578,44226.7625,,,
2769,-6114.56,14866.27906,,,
2770,11287.13,-8137.52,,,
2771,15896.22,-14505.08,,,
2772,-547.07,-3181.03,,,
2773,4164.465,38810.09,,,
2774,-10229.08,3678,,,
2775,18239.49,3278.045,,,
2776,-7391.15,2706.72,,,
2777,17968.985,16485.63,,,
2778,6600.34,1845.15,,,
2779,11607.91,3261.53,,,
2780,8489.07,16229.23,,,
2781,-10214.88,21769.475,,,
2782,-5995.37,-11827.4,,,
2783,9727.26,38106.32,,,
2784,2683.06,-18531.76,,,
2785,7722.2,-7391.19,,,
2786,1214.16,-7814.38,,,
2787,-1438.34,-5202.4,,,
2788,-1533.78,-3214.83,,,
2789,-8128.26,1967.79,,,
2790,5375.91,19821.5825,,,
2791,53565.12084,46448.17125,,,
2792,-10301.64,11369.335,,,
2793,12424.62,26276.915,,,
2794,-5800.84,-554.67,,,
2795,-13635.48,-17608.12,,,
2796,1482.16,-8852.4,,,
2797,-4961.2,3480.36,,,
2798,-5018.2,42827.35063,,,
2799,27076.745,11757,,,
2800,11559.37,13167.07,,,
2801,-796.77,-5856.98,,,
2802,-2384.24,-9965.56,,,
2803,-8174.76,27149.83,,,
2804,6220.98,-4763.97,,,
2805,-7993.8,42.885,,,
2806,32913.71875,16203.865,,,
2807,-11128.9,-6148,,,
2808,-13316.06,-19597.64,,,
2809,47439.115,13064.84375,,,
2810,7293.29,26965.9375,,,
2811,28442.315,-9939.56,,,
2812,-1124.625,12814.39,,,
2813,-6140.02,-1129.44,,,
2814,-18275,1566.52,,,
2815,-3843.28,1666.16,,,
2816,-4323.54,-11621.64,,,
2817,5594.765,-19550,,,
2818,-15684.8,2947.42,,,
2819,-357.26,4117.1325,,,
2820,14721.26,43750.18125,,,
2821,-12521.46,11992.655,,,
2822,-5855.85,-16113.52,,,
2823,17860.32,-20770.96,,,
2824,19665.245,-10478.4,,,
2825,4246.76,-7018.46,,,
2826,-7161.62,3839.48,,,
2827,5887.195,-14582.8,,,
2828,-7108.48,-1909.48,,,
2829,-11128.9,3574.87,,,
2830,-7537.68,22129.41,,,
2831,24472.725,16095.79,,,
2832,4702.29,7549.1,,,
2833,11038.39,-11844.96,,,
2834,5440.82,28085.2875,,,
2835,-7541.92,7175.69,,,
2836,-12892.92,7616.84,,,
2837,-9272.5,19123.9675,,,
2838,686.08,-3290.56,,,
2839,-4209.81,13270.38,,,
2840,-8859.96,-7624.68,,,
2841,-13945.68,-5345.64,,,
2842,-6343.72,-6643.28,,,
2843,17145.425,-9719.96,,,
2844,-9815.16,16181.6375,,,
2845,27131.9825,-10629.76,,,
2846,-4528.14,804.18,,,
2847,-10034.04,15117.93,,,
2848,-1160.58,9402.73,,,
2849,42533.0125,-11932.8,,,
2850,5967.81,30681.09375,,,
2851,16579.1925,3523.19,,,
2852,-6535,-7379.08,,,
2853,-7933.85,5196.15,,,
2854,-8887.32,17331.1775,,,
2855,-6790.22,1278.77,,,
2856,11121.23,3796.83,,,
2857,-5211.04,25059.715,,,
2858,55214.14813,3615.57,,,
2859,4728.55,-5411.88,,,
2860,-6790.36,8008.04,,,
2861,-7889.56,-1348.68,,,
2862,-2236.38,41448.105,,,
2863,-14424.32,-2438.38,,,
2864,23716.46875,31933.855,,,
2865,-4158.69,10023.055,,,
2866,-6700.04,-11184.3,,,
2867,-1444.55,13046.56,,,
2868,-4332.48,12546.605,,,
2869,-11969.28,6968.065,,,
2870,6992.16,39845.115,,,
2871,16557.995,1478.68,,,
2872,26205.2875,11867.43,,,
2873,-6750.72,-9936.2,,,
2874,20999.3825,7353.59,,,
2875,-1704.35,-19894.6,,,
2876,24550.61625,7984.99,,,
2877,-9543.08,-17142.92,,,
2878,-2149.78,13213.97125,,,
2879,1517.66,-9614.2,,,
2880,18655.56,860.44,,,
2881,14196.805,8371.83,,,
2882,-16188.84,-427.445,,,
2883,379.62,29078.34875,,,
2884,31160.3125,18726.29875,,,
2885,-3063.82,-11196.64,,,
2886,14350.565,18413.485,,,
2887,-325.95,-6846.14,,,
2888,-5413.7,-15776.36,,,
2889,23914.71625,21094.25,,,
2890,10935.115,4053.18,,,
2891,17963.795,1211.44,,,
2892,-14589.2,-542.96,,,
2893,2457.45,876.23,,,
2894,-9.99,7325.915,,,
2895,-1469.08,-11352.22,,,
2896,41449.6675,-2141.1,,,
2897,-9477.02,8529.27,,,
2898,3537.52,21629.68,,,
2899,-7870.28,15672.835,,,
2900,32087.6625,-13948.32,,,
2901,703.74,6047.51,,,
2902,5423.59,21832.315,,,
2903,-2666.9,12398.645,,,
2904,485.605,-1961.295,,,
2905,-15175.68,19037.62,,,
2906,2939.945,-13702.72,,,
2907,259.4,4176.91,,,
2908,3378.75,18232.995,,,
2909,2095.05,-11969.64,,,
2910,-12878.36,18022.785,,,
2911,-6162.32,69491.42813,,,
2912,35068.25375,-7512.7,,,
2913,-2666.72,9921.605,,,
2914,2608.02,-9578.58,,,
2915,-8977.9,-14750.68,,,
2916,13454.3,-8251.72,,,
2917,-16915.88,-6760.84,,,
2918,15631.975,9397.6725,,,
2919,-12797.88,26703.55,,,
2920,5678.5875,-5188.97,,,
2921,-12029.08,15733.45,,,
2922,-2533.98,-633.89,,,
2923,30260.63,5840.25,,,
2924,-5058.18,11406,,,
2925,-16831.76,-4795.32,,,
2926,8226.63,-9412.52,,,
2927,-12826.2,-14519.28,,,
2928,20555.0925,-8890.06,,,
2929,7821.36,6489.39,,,
2930,-2303.225,16940.89,,,
2931,21605.445,32991.37922,,,
2932,6062.02,-4460.02,,,
2933,10647.18,-2462.2,,,
2934,8920.74,-12555.76,,,
2935,-12849,20785.36438,,,
2936,-4683.58,-10509.98,,,
2937,-1634.66,25097.74,,,
2938,1470.26,-15102.04,,,
2939,30198.5475,5240.07,,,
2940,33258.325,3219.105,,,
2941,11367.1,-5146.23,,,
2942,-3758.3,-13192.1,,,
2943,5100.215,-8137.52,,,
2944,-1308.16,-1979.08,,,
2945,-17933.56,22295.6325,,,
2946,6547.84,19681.41,,,
2947,-10708.2,23700.17,,,
2948,-5128.58,3248.19,,,
2949,-2851.495,-19597.64,,,
2950,-12027.8,3174.78,,,
2951,1269.06,23822.245,,,
2952,-7939.3,32475.3575,,,
2953,-694.36,2097.42,,,
2954,-1705.94,4334.67,,,
2955,-4571.78,12541.66,,,
2956,11366.5075,20613.26,,,
2957,-4240.36,-1729.76,,,
2958,-15351.36,-12208.48,,,
2959,-11817.84,26397.975,,,
2960,13460.48,9123.42,,,
2961,378.68,17979.0275,,,
2962,-2935.71,7844.2,,,
2963,27346.815,25738.09875,,,
2964,658.14,33032.905,,,
2965,16127.71313,20476.915,,,
2966,7113.89,26489.53,,,
2967,17126.91,-10346.64,,,
2968,-6174.36,38676.0575,,,
2969,4928.07,-14094.28,,,
2970,7084.51,-15732.44,,,
2971,8477.55,27424.88438,,,
2972,-8223.5,-12166.42,,,
2973,11276.77,11063.21,,,
2974,-17047.64,30599.2375,,,
2975,411.08,-14503.22,,,
2976,6440.33,22657.12125,,,
2977,17895.645,64363.95211,,,
2978,-2164.48,32814.545,,,
2979,-4727.04,-2653.4,,,
2980,19989.03,1596.92,,,
2981,-5045.78,-15105.76,,,
2982,-10359.76,3860.35,,,
2983,8354.32,4985.17,,,
2984,-839.34,14743.245,,,
2985,8045.08,5832.72,,,
2986,-262.22,-13876.54,,,
2987,-7902.95,9564.25375,,,
2988,8649.09,15109.855,,,
2989,6187.33,-4334.16,,,
2990,1279.22,9501.14,,,
2991,21378.23,6955.405,,,
2992,4994.76,-14299.68,,,
2993,-7688.28,-758.48,,,
2994,-16582.44,-4346.5,,,
2995,-14057.28,22758.355,,,
2996,-2648.6,-17753.22,,,
2997,-9477.4,6860.58,,,
2998,-504,-5327.72,,,
2999,39390.1925,14570.88,,,
3000,-3656.32,4404.27,,,
3001,-18410.48,-11490.24,,,
3002,-6524.64,33475.85094,,,
3003,4191.89,-9155.44,,,
3004,-271.46,-11955.08,,,
3005,5170.04,-12936.84,,,
3006,5291.19,-2577.9,,,
3007,32154.35063,2627.41,,,
3008,-17897.64,13942.9125,,,
3009,-4225.38,-11709.48,,,
3010,-8466.12,-4338.2,,,
3011,-17370.96,7746.195,,,
3012,-3062,-1646.23,,,
3013,12657.79,5641.52,,,
3014,-1360.76,40516.64188,,,
3015,-814.97,-3997.18,,,
3016,15357.46,6648.65,,,
3017,28895.33,32052.1,,,
3018,-11050.88,38977.62219,,,
3019,-14711.72,3440.75,,,
3020,-2295.7,-3048.68,,,
3021,-9445,5050.19,,,
3022,-10369.16,11859.4,,,
3023,36286.9875,-4506.12,,,
3024,45784.98031,-688.92,,,
3025,9626.96,-6000.18,,,
3026,-2927.48,-102.81,,,
3027,5892.75,784.58,,,
3028,1151.87,2964.57,,,
3029,-11602.56,-1221.5,,,
3030,-70.76,787.94,,,
3031,4130.28,-8650.36,,,
3032,-1841.24,17079.865,,,
3033,10818.52,12928.91,,,
3034,13573.6625,2491.25,,,
3035,-2966.58,-630.44,,,
3036,1619.27,-11691.56,,,
3037,7225.71,20840.075,,,
3038,31873.77,-9823.68,,,
3039,-8870.62,-4064.74,,,
3040,5732.3725,8092.4775,,,
3041,3520.95,8414.71,,,
3042,-2947.79,-9725.86,,,
3043,-594.58,-9638.02,,,
3044,1517.8,14369.97,,,
3045,-274.41,-6768.78,,,
3046,19513.825,10818.93,,,
3047,-12438.6,-13274,,,
3048,-6400.64,2847.01,,,
3049,18286.225,4358.76,,,
3050,12131.67,11382.905,,,
3051,-10683.8,848.1,,,
3052,3184.67,20988.075,,,
3053,19414.13125,14361.76,,,
3054,4286.45,12716.1825,,,
3055,20909.3375,22388.3475,,,
3056,-3561.64,-511.79,,,
3057,-8021.16,7063.71,,,
3058,62872.3625,-4330.26,,,
3059,-6830.28,18089.845,,,
3060,-5706.74,20764.3475,,,
3061,-6012,53021.83984,,,
3062,7965.005,10109.31,,,
3063,-3445.06,3071.42,,,
3064,2333.305,-7296.05,,,
3065,-7060.16,3071.06,,,
3066,-15668.42,16615.6825,,,
3067,-11530.08,-4940.74,,,
3068,23216.1,-12894.78,,,
3069,-8163.88,-3404.08,,,
3070,6834.605,7249.825,,,
3071,1594.64,30831.455,,,
3072,1475.82,-8137.52,,,
3073,33699.07375,-10889.56,,,
3074,-10258.8,-10099.18,,,
3075,-12741.06,16018.67875,,,
3076,-8655.7,32763.895,,,
3077,-2137.78,8160.2825,,,
3078,13564.68,14192.795,,,
3079,13955.33,13608.725,,,
3080,4368.38,13823.5325,,,
3081,18419.5,-2131.21,,,
3082,-7441.32,22766.5025,,,
3083,3607.72,36716.94312,,,
3084,-8710,-13317.92,,,
3085,-9666.62,7716.0025,,,
3086,7584.07,28073.7625,,,
3087,37492.645,-6350.45,,,
3088,18905.88,15177.365,,,
3089,23077.54625,-6527.22,,,
3090,6896.52,-13978.4,,,
3091,-14427.72,9533.63625,,,
3092,68141.55684,14981.585,,,
3093,7846.275,-474.86,,,
3094,-4358.72,-10258.8,,,
3095,39292.83125,-11641.74,,,
3096,-7024.36,-8593.78,,,
3097,-6283.8,14030.865,,,
3098,29735.145,-1097.5,,,
3099,-14044.08,-1124.27,,,
3100,19683.75,5216.0025,,,
3101,-10570.44,-17472.64,,,
3102,-2969.46,-2701.495,,,
3103,-9253.64,-10478.4,,,
3104,14007.61,23315.08,,,
3105,14003.785,-9367.1,,,
3106,-8065.88,1099.46,,,
3107,25907.36375,-16147.32,,,
3108,3827.235,35274.86313,,,
3109,-6723.92,13185.31,,,
3110,-11703.12,37278.74437,,,
3111,-10396.46,4887.39,,,
3112,-16197.64,9651.37,,,
3113,-1168.06,-3250.36,,,
3114,-702.95,-14796.46,,,
3115,-13186.16,-2971.05,,,
3116,25290.845,-6658.98,,,
3117,26065.2725,29485.7175,,,
3118,-11958.86,-17301.04,,,
3119,-4982.8,-4126.9,,,
3120,35019.8275,-10670.32,,,
3121,-19550,-15017.92,,,
3122,-8208.52,12188.35,,,
3123,15647.27,-15790.56,,,
3124,-7578.9,4699.96,,,
3125,1710.64,9129.68,,,
3126,-16717.92,-10842.33,,,
3127,5674.54,-1524.36,,,
3128,-11610.88,-7468.01,,,
3129,3570.89,-11607.8,,,
3130,-2538.18,-12956.62,,,
3131,-8888.76,7898.33,,,
3132,-1000.24,20533.1125,,,
3133,3924.82,3293.2,,,
3134,13036.465,-3432.3,,,
3135,-5175.72,-1388.56,,,
3136,-4213.48,-2232.98,,,
3137,-11284.48,17044.3375,,,
3138,14330.26,12198.42,,,
3139,10290.125,-4603.58,,,
3140,-919.08,-6018.1,,,
3141,5384.36,44301.59719,,,
3142,4187.7,-704.08,,,
3143,-14877.4,-16039.88,,,
3144,-6377.82,15385.035,,,
3145,14428.99,15720.4025,,,
3146,-12260.56,2943.38,,,
3147,-4851.7,-14582.8,,,
3148,21093.1425,31059.34,,,
3149,-9136.14,-16494.6,,,
3150,-16490.88,6900.1,,,
3151,-1071.23,2428.14,,,
3152,31772.2275,27068.13875,,,
3153,2030.4,316.48,,,
3154,11818.535,-13569.1,,,
3155,19933.7725,10059.945,,,
3156,19621.355,24057.86,,,
3157,3734.3,599.05,,,
3158,41105.61375,10150.55,,,
3159,8567.0025,10066.16,,,
3160,13732.71,-5002.9,,,
3161,-6272.5,-7085.84,,,
3162,-12866.62,-6373.86,,,
3163,-5753.52,5796.515,,,
3164,-16622.64,-1566.24,,,
3165,2218.7,-4455.44,,,
3166,7787.88,15162.26,,,
3167,-10917.36,-11445.96,,,
3168,-7930.26,10170.65,,,
3169,4460.49,11637.94,,,
3170,-1351.08,-249.36,,,
3171,14467.2025,2352.635,,,
3172,-15050.2,-3544.14,,,
3173,9702.43,21110.4,,,
3174,15232.22,-5431.8,,,
3175,23806.17,-6124.18,,,
3176,7949.15,24890.94,,,
3177,22337.905,-5810.84,,,
3178,-8587.42,-15091.56,,,
3179,7625.56,4990.75,,,
3180,16233.08125,-6571.14,,,
3181,1006.765,2006.405,,,
3182,-1494.64,-6744.46,,,
3183,-15175.68,16605.545,,,
3184,-13578.56,-9438.88,,,
3185,8486.89,26997.8125,,,
3186,3285.365,29531.905,,,
3187,3357.33,-9953.22,,,
3188,-5422.52,-3718.19,,,
3189,2099.2,16865.0525,,,
3190,-14085.32,6081.54,,,
3191,7798.1,-17428.72,,,
3192,18857.305,15959.25125,,,
3193,1011.28,-4728.9,,,
3194,2494.7,34908.865,,,
3195,14153.01688,30432.82,,,
3196,-5861.38,-11499.86,,,
3197,-8074.88,-3249.27,,,
3198,32488.62,9742.16,,,
3199,22673.415,5300.505,,,
3200,-14297.04,28608.7975,,,
3201,-17717.44,-17414.88,,,
3202,6650.2,-5064.56,,,
3203,17749.1875,24070.58875,,,
3204,6555.96,6983.49,,,
3205,-2400.49,5782.265,,,
3206,18925.695,12409.9,,,
3207,9472.42,10448.51,,,
3208,-16582.44,7475.46,,,
3209,-1519.14,11483.04,,,
3210,-7479.84,921.92,,,
3211,8182.175,1801.365,,,
3212,3918.82,10212.94,,,
3213,-13713.2,-5156.03,,,
3214,14878.455,-10511.84,,,
3215,17718.815,10857,,,
3216,6069.24,-4502.44,,,
3217,60418.24719,58948.29,,,
3218,5823.09,32391.435,,,
3219,-7463.2,-2073.09,,,
3220,31149.875,19377.595,,,
3221,15002.11,26315.00063,,,
3222,31997.59875,-11359.98,,,
3223,-6555.8,14366.975,,,
3224,-7746.82,11100.87,,,
3225,-9504.92,-1933.3,,,
3226,2862.8,-7724.86,,,
3227,-807.74,-3358.3,,,
3228,-6102.22,4170.38,,,
3229,14903.98,11911.535,,,
3230,-5076.16,2780.04,,,
3231,-12187.56,-5473.68,,,
3232,-3519.78,30130.59,,,
3233,18546.7525,-10915.56,,,
3234,-9476.54,-7819.87,,,
3235,-1508.58,-9674.18,,,
3236,-20825,-5006.62,,,
3237,-13926.16,-10143.1,,,
3238,1024.05,-11651.72,,,
3239,1485.86,8416.66,,,
3240,-10789.72,15812.075,,,
3241,13886.79,-9572.14,,,
3242,26140.155,46099.6075,,,
3243,4893.33,-7754.58,,,
3244,-12764.88,-1845.82,,,
3245,-4125.58,-219.64,,,
3246,8018.395,-9672.32,,,
3247,-9298.38,16251.235,,,
3248,719.015,4095.15,,,
3249,12494.565,28605.045,,,
3250,7960.12,12649.69,,,
3251,1574.1,-5654.17,,,
3252,-11574,17007.2675,,,
3253,14090.02,7855.45,,,
3254,-12248.32,1287.3,,,
3255,17533.8475,3728.59,,,
3256,26354.0975,-20447.64,,,
3257,-5503.4,-5008.48,,,
3258,21380.41625,17047.74,,,
3259,4645.48,15641.39,,,
3260,14640.935,3364.66,,,
3261,-7131.94,12787.35,,,
3262,15642.475,1374.78,,,
3263,40165.67313,14188.2575,,,
3264,-717.95,21683.0625,,,
3265,-6004.92,3698.51,,,
3266,17227.66,-6505.26,,,
3267,-1703.85,-10638.02,,,
3268,-5797.82,-10234.98,,,
3269,15217.09,10563.48,,,
3270,9985.4275,48132.47891,,,
3271,-14487.52,-1171.14,,,
3272,20136.04,5924.87,,,
3273,29815.4825,-1009.66,,,
3274,28245.0075,12703.14,,,
3275,8708.47,4761.53,,,
3276,-6481.68,587.53,,,
3277,2037.935,-1923.63,,,
3278,-9674.64,2591.12,,,
3279,-14750.68,4988.62,,,
3280,-5914.84,15009.49,,,
3281,-3570.12,3242.7,,,
3282,13927.23,589.16,,,
3283,-4038.09,25400.235,,,
3284,28339.71125,-10346.64,,,
3285,4292.555,-23375,,,
3286,912.15,8211.215,,,
3287,8447,23827.955,,,
3288,18436.4425,-6818.6,,,
3289,-1067.51,14875.4175,,,
3290,-2851.42,-8293.1,,,
3291,515.5,-6431.62,,,
3292,-2164.42,-5671.68,,,
3293,25948.52,-7044.46,,,
3294,1780.54,10836.63,,,
3295,-8490.06,19471.74,,,
3296,2298.78,-3709.66,,,
3297,-8700.18,-2959.52,,,
3298,-3348.68,18430.135,,,
3299,10597.5,12554.09,,,
3300,-8303.58,-4814.88,,,
3301,-4219.34,9581.84,,,
3302,-5468.58,3234.58,,,
3303,-8578.9,3898.37,,,
3304,-7080.04,1826.91,,,
3305,-2919.84,36147.51688,,,
3306,21943.3775,-812.11,,,
3307,12661.34,32173.3775,,,
3308,12447.47,-16802.04,,,
3309,-7094.46,-9763.88,,,
3310,11442.975,25196.695,,,
3311,-1411.98,2406.72,,,
3312,3585.06,608.17,,,
3313,2627.4,15041.475,,,
3314,-5180.92,-18545.96,,,
3315,5909.49,-7293.1,,,
3316,-14931.94,-4815.24,,,
3317,-3253.7,1186.76,,,
3318,-2631.84,5676.96,,,
3319,-8980.85,1258.9,,,
3320,29698.3325,-9632.12,,,
3321,2371.03,14498.0325,,,
3322,26316.5825,-7369.19,,,
3323,-6222.8,-1238.88,,,
3324,-7654.67,2318.88,,,
3325,13050.92,10565.2975,,,
3326,-5436.8,-544.82,,,
3327,-11805.32,-826.22,,,
3328,-7779.52,-1397.36,,,
3329,-2511.68,-1909.84,,,
3330,-16334.98,25421.43,,,
3331,-10301.12,2530.45,,,
3332,20195.565,35740.53,,,
3333,-1232.65,-1903.94,,,
3334,14689.6775,-163.74,,,
3335,24056.185,-138.06,,,
3336,-8867.83,9884.63,,,
3337,15983.69,-1246.91,,,
3338,-13563.64,17743.0425,,,
3339,699.19,-13931.94,,,
3340,13488.55,4938.21,,,
3341,-4966.38,-5126.04,,,
3342,-6565.1,13739.39,,,
3343,2350.62,1093.155,,,
3344,22073.7625,-1368.78,,,
3345,-333.3,34661.72,,,
3346,10187.51,-19978.72,,,
3347,-9678.22,-7255.08,,,
3348,-8834.76,1114.98,,,
3349,-16157.44,29734.405,,,
3350,13560.46,2547.645,,,
3351,7941.14,10410.58,,,
3352,6550.33,-3675.63,,,
3353,-941.62,16080.68,,,
3354,-3087.11,47086.91656,,,
3355,5014.78,15714.89,,,
3356,-15263.52,-6832.8,,,
3357,21946.165,22869.885,,,
3358,20860.195,-12016.92,,,
3359,2015.7,6266.34,,,
3360,6738.38,-4672.91,,,
3361,2579.22,-623.22,,,
3362,-5075.66,10509.9,,,
3363,5577.39,-258.98,,,
3364,-8908.06,14738.8,,,
3365,-6179.66,3547.33,,,
3366,681.04,-17945.28,,,
3367,14387.605,19156.41,,,
3368,4095.54,9895.56,,,
3369,16842.89,6926.64,,,
3370,-4580.96,4832.49,,,
3371,-2537.72,-10165.06,,,
3372,34814.99875,3967.93,,,
3373,-8318.68,25647.83,,,
3374,16.02,26955.0725,,,
3375,-13124.68,-8209.3,,,
3376,-4914.8,-3276.63,,,
3377,-9965.56,6319.88,,,
3378,24064.13,-6303.58,,,
3379,-2984.7,12581.13,,,
3380,29635.67875,9679.455,,,
3381,-3844.45,-5319.96,,,
3382,-14840.32,9965.25,,,
3383,-13235.16,3587.26,,,
3384,28866.625,916.34,,,
3385,11193.65,-5006.62,,,
3386,-6100.72,-7038.56,,,
3387,6078.31,-5848.59,,,
3388,-6359.7,4981.27,,,
3389,6377.4825,-666.33,,,
3390,450.245,-6409.39,,,
3391,-15670.96,32455.17125,,,
3392,6721.42,-3266.15,,,
3393,-689.56,-7521.32,,,
3394,107.245,2155.95,,,
3395,4743.78,-15233.8,,,
3396,-1894.14,670.56,,,
3397,-3869.28,12144.88,,,
3398,-9391.24,15594.2,,,
3399,19249.18,-12076.36,,,
3400,-8081.62,-7890.06,,,
3401,-14750.68,10919.2225,,,
3402,-9490.88,5468.97,,,
3403,-13005.14,-7593.1,,,
3404,7235.41,16969.02,,,
3405,-11156.32,-16069.6,,,
3406,-6679.64,-8258.8,,,
3407,-9320.96,-11106.94,,,
3408,-3368.9,-7377.22,,,
3409,-1712.66,-1590.24,,,
3410,-8287.94,-4918.19,,,
3411,-2974.27,15618.975,,,
3412,11544.43,18238.485,,,
3413,7734.67,-5031.53,,,
3414,3209.47,9077.865,,,
3415,22404.84,3795.56,,,
3416,14735.99,14265.62,,,
3417,7990.85,-8322.82,,,
3418,16724.55688,18604.775,,,
3419,-14503.36,-15864.2,,,
3420,644.67,-12922.64,,,
3421,-12253.56,16358.9,,,
3422,3810.51,-6822.32,,,
3423,-9196.04,-5414.24,,,
3424,-19975,14004.5,,,
3425,-10387.46,174.05,,,
3426,-567.445,24435.08,,,
3427,-6784.02,1940.885,,,
3428,-8743.32,17892.25,,,
3429,1051.86,86.71,,,
3430,9863.55,-2663.88,,,
3431,368.48,4962.935,,,
3432,-8349.26,12401.87,,,
3433,1426.82,9302.185,,,
3434,6064.66,7843.6325,,,
3435,7380.36,18139.80375,,,
3436,-2927.92,-14487.52,,,
3437,9167.33,39587.99,,,
3438,2567.8,16986.535,,,
3439,-12086.84,-2751.72,,,
3440,-5362.26,11156.68,,,
3441,10913.92,-4376.22,,,
3442,6170.995,8224.78,,,
3443,-12849,18793.89,,,
3444,35353.5475,6489.57,,,
3445,36741.87375,-2987.11,,,
3446,808.44,-1817.96,,,
3447,8873.81,-14856.44,,,
3448,235.08,7054.18,,,
3449,12916.58,14529.05,,,
3450,21265.6175,7536.77875,,,
3451,-9096.1,483.08,,,
3452,-17850,-18791.56,,,
3453,23415.4575,13214.43813,,,
3454,-9884.04,19194.975,,,
3455,-3206.47,2933.4,,,
3456,-2838.98,-6983.8,,,
3457,-415.42,28070.065,,,
3458,23961.1475,8718.745,,,
3459,-12936.32,28366.21,,,
3460,17648.245,574.875,,,
3461,-1828.08,19396.6725,,,
3462,-22440.88,2634.08,,,
3463,288.56,-14267.92,,,
3464,3775.79,29374.8325,,,
3465,-15435.48,292.84,,,
3466,-7449.88,12146.65,,,
3467,9372.65,27712.3075,,,
3468,5598.815,-16875.68,,,
3469,-8828.22,12547.92,,,
3470,8854.38,-4627.4,,,
3471,6330.04,-18326.36,,,
3472,29654.86125,7307.99,,,
3473,2457.42,-8829.76,,,
3474,-4385.22,-3352.4,,,
3475,-14250.98,-16791.56,,,
3476,-6671.66,6192.655,,,
3477,-19128.72,2703.2275,,,
3478,-17616.64,14544.02,,,
3479,1310.85,6740.885,,,
3480,-1556.44,18079.95,,,
3481,3102.865,-3705.62,,,
3482,-1920.48,27104.14,,,
3483,3418.04,-7375.72,,,
3484,1101.86,4819.79,,,
3485,15328.62938,27180.03969,,,
3486,-13219.12,7578.3425,,,
3487,-13719.1,-1003.76,,,
3488,-6718.16,524.24,,,
3489,4783.46,-1867.96,,,
3490,-9783.98,7333.04,,,
3491,-3538.66,-1384.84,,,
3492,17256.95,-11715.38,,,
3493,-9482.44,-14487.52,,,
3494,3052.31,-13235.66,,,
3495,-2841.04,-9594.1,,,
3496,-5562.32,4506.04,,,
3497,-12496.42,32084.72375,,,
3498,12508.82,1575.73,,,
3499,-3185.3,-5435.66,,,
3500,12790.62,-8472.23,,,
3501,28754.33938,15926.79875,,,
3502,19222.63,-19890.88,,,
3503,-6059.18,-14633.12,,,
3504,-5504.06,-10936.84,,,
3505,-3163.61,8304.045,,,
3506,-17660.76,34165.6175,,,
3507,-8483.26,8114.025,,,
3508,-1303.37,-5613.2,,,
3509,12792.945,26423.745,,,
3510,4610.7,-5928.76,,,
3511,6831.05125,4463.03,,,
3512,-4306.62,-1612.2,,,
3513,4186.585,2843.34,,,
3514,18041.905,-17300.68,,,
3515,-9312.22,15305.1375,,,
3516,-1454.58,8653.275,,,
3517,-14450.6,35781.545,,,
3518,-12167.12,23084.175,,,
3519,-14413.52,23685.99,,,
3520,18921.31,-6587.2,,,
3521,-9830.56,-12629.4,,,
3522,-6806.72,-5409.66,,,
3523,-10462.34,-269.82,,,
3524,4354.45,6260.44,,,
3525,-7681.46,1433.58,,,
3526,-6831.94,6906.765,,,
3527,-4072.9,11818.155,,,
3528,-1821.22,13563.85,,,
3529,-270.9,13014.165,,,
3530,-11182.84,772.6,,,
3531,6796.17,2835.99,,,
3532,-21675,4624.87,,,
3533,-2854.18,-3863.92,,,
3534,2966.84,-3015.24,,,
3535,5886.135,33678.46,,,
3536,-16354.36,-12763.02,,,
3537,11685.42,42819.53625,,,
3538,-9513.4,1426.82,,,
3539,4282.52,5836.94,,,
3540,133.94,-4817.28,,,
3541,-6732.3,-5094.64,,,
3542,-12761.16,-10654.44,,,
3543,-10211.8,33953.1,,,
3544,-11069.96,-4097.77,,,
3545,27472.08063,-2799.36,,,
3546,18145.39,14825.87,,,
3547,35209.115,-10683.8,,,
3548,32,-11214.56,,,
3549,-1613.57,-13230.08,,,
3550,29474.3425,-11308.3,,,
3551,7393.0025,-71.82,,,
3552,6005.45,1523.01,,,
3553,-9977.8,15815.39,,,
3554,-5680.66,-1819.46,,,
3555,-9929.9,-6737.06,,,
3556,2762.37,-1545.36,,,
3557,36056.095,-7958.48,,,
3558,14602.45,-4336.02,,,
3559,2665.01,-3242.6,,,
3560,5995.355,4809.17,,,
3561,16320.33,3714.025,,,
3562,-11837.52,-3382.12,,,
3563,3337.39,-14798.32,,,
3564,-3267.74,-8828.76,,,
3565,-6377.96,6605.63,,,
3566,7335.42,-1636.02,,,
3567,-13000.56,12718.02,,,
3568,7622.93,-4588.29,,,
3569,-1427.8,-1067.6,,,
3570,52738.48406,-1287.4075,,,
3571,10196.21,-2444.28,,,
3572,5552.44,27638.9375,,,
3573,7918.22,-9115.56,,,
3574,-6669.56,1857.99,,,
3575,25769.14063,3614.3,,,
3576,19318.25,1153.95,,,
3577,-6730.76,-8255.44,,,
3578,3722.5,5671.15,,,
3579,-15732.44,-3350.27,,,
3580,17363.005,3939.6825,,,
3581,6394.01,14719.61,,,
3582,-7571.14,-4587.2,,,
3583,-7018.2,-7582.62,,,
3584,-11051.18,6186.72,,,
3585,-14538.8,1109.76,,,
3586,-3987.92,-4943.28,,,
3587,-430.02,18530.64625,,,
3588,4304.965,-10663.7,,,
3589,13290.46,5794.7,,,
3590,-7654.3,33725.60094,,,
3591,-8450.64,-9454.58,,,
3592,-7862.48,-602.58,,,
3593,-2969.19,-1642.28,,,
3594,-17992.92,2520.015,,,
3595,6472.61,-11372.68,,,
3596,-4496.39,-11294.1,,,
3597,-4694.56,-17809.8,,,
3598,-8496.54,13922.02,,,
3599,6395.35,-957.98,,,
3600,-11094.96,-392.6,,,
3601,-4080.39,-881.62,,,
3602,-3313.62,-6217.33,,,
3603,7109.39,586.58,,,
3604,-2442.42,3935.81,,,
3605,-11392.92,-9247.32,,,
3606,-4750.96,-4272.32,,,
3607,6123.78,-15129.58,,,
3608,-13771.08,13996.74,,,
3609,2814.18,8894.52625,,,
3610,9976.965,8485.08,,,
3611,-12343.92,15694.245,,,
3612,-14032.44,10486.26,,,
3613,20476.16,10989.3,,,
3614,-12916.74,-6469.64,,,
3615,-4557.06,12127.455,,,
3616,-5105.34,4743.88,,,
3617,10680.26,9257.265,,,
3618,-17186.72,-15644.6,,,
3619,-8443.1,-3294.28,,,
3620,648.73,33228.3475,,,
3621,-8858.48,-9983.84,,,
3622,-3900.8,-5593.1,,,
3623,1496.61,3273.74,,,
3624,-499.6,9554.32,,,
3625,-12489.24,-2260.84,,,
3626,-5529.04,-17227.04,,,
3627,-12162.02,-11665.56,,,
3628,-14369.6,-3940.74,,,
3629,13370.75,-9086.61,,,
3630,11281.32,-5808.66,,,
3631,5744.09,-13358.12,,,
3632,-6178.38,-749.86,,,
3633,-12166.32,11918.48,,,
3634,8211.15,11941.2725,,,
3635,17969.55,27397.695,,,
3636,30008.67,528.09,,,
3637,6243.68,-9887.7,,,
3638,9568.045,-6717.33,,,
3639,-6454.02,-18120.96,,,
3640,13360.88,38981.1625,,,
3641,-3670.55,-2115.65,,,
3642,-9638.88,46230.1725,,,
3643,6638.07,-12076.36,,,
3644,-3515.72,-12515.56,,,
3645,8329.95,4269.835,,,
3646,38660.19,5218.7,,,
3647,-6985.08,-12997,,,
3648,1165.43,-1492.05,,,
3649,-4216.34,-5882.62,,,
3650,-5623,-7644.78,,,
3651,-5108.58,16288.35,,,
3652,-18615.88,45437.8275,,,
3653,-15175.68,15910.27625,,,
3654,-951.9,21831.86,,,
3655,3450.75,-4232.48,,,
3656,-11412.76,2733.175,,,
3657,25310.515,-10220.46,,,
3658,12214.285,-910.93,,,
3659,-4780.96,3438.3,,,
3660,-4996.12,24908.28875,,,
3661,-16015.56,9781.2675,,,
3662,26952.66,-11648.41,,,
3663,25367.495,-14403.4,,,
3664,-5347.49,-9043.96,,,
3665,-5611.34,11638.4125,,,
3666,9851.35,4700.73,,,
3667,12857.52,-4274.18,,,
3668,9850.835,-515.83,,,
3669,-18615.88,34192.8875,,,
3670,-8093.82,-4998.59,,,
3671,-15630.76,23913.44,,,
3672,13600.03,2232.9,,,
3673,-4097.22,13005.86,,,
3674,-5764.38,-11380.85,,,
3675,6859.85,9757.995,,,
3676,-14457.44,22948.5825,,,
3677,-16711.68,-1898.77,,,
3678,103.86,-8197.23,,,
3679,4886.41,-6621.73,,,
3680,16098.44,-10754.08,,,
3681,-2614.11,-19465.88,,,
3682,-7783.8,9412.3475,,,
3683,8459.695,24067.84375,,,
3684,-11717.84,-12970.28,,,
3685,-16025.68,156.63,,,
3686,-7432.18,1512.26,,,
3687,6079.6,27015.8225,,,
3688,-16599.72,-10410.34,,,
3689,-4462.17,7235.76,,,
3690,-4104.92,5498.28,,,
3691,16356.6575,4142.88,,,
3692,-6827.8,-425.04,,,
3693,43039.2875,-1525.45,,,
3694,1960.09,-9881.44,,,
3695,-18700,-7287.52,,,
3696,-15851.6,-1378.76,,,
3697,-709.42,-15337.52,,,
3698,-7306.82,-3133.435,,,
3699,-7731.8,-6664.56,,,
3700,-11230.72,13076.005,,,
3701,10957.55,-7618.78,,,
3702,-21473.32,-19553.72,,,
3703,7899.6,-5004.76,,,
3704,630.69,6605.27,,,
3705,-8169.28,-9276.72,,,
3706,8814.18,-18909.48,,,
3707,32686.5875,7112.03,,,
3708,-2521.46,41801.105,,,
3709,4817.85,5332.22,,,
3710,-9035.06,20503.915,,,
3711,29674.60625,15960.91688,,,
3712,13751.14,351.32,,,
3713,13630.425,-3068.78,,,
3714,-16854.2,-18414.2,,,
3715,3047.65,12786.53,,,
3716,-7406.62,-2693.6,,,
3717,19841.94,-10721.82,,,
3718,-16464.88,18495.29,,,
3719,849.82,14556.36,,,
3720,26921.56,-11911.16,,,
3721,-8055.58,18581.815,,,
3722,-13325.12,18857.36,,,
3723,-1595.5,-11493.6,,,
3724,-9582.62,-1512.02,,,
3725,9484.615,31737.715,,,
3726,21281.6875,33585.3325,,,
3727,-14457.44,2407.45,,,
3728,-11108.8,8283.7425,,,
3729,12895.58,20323.72,,,
3730,10368.925,-11035.16,,,
3731,2364.75,17477.64,,,
3732,-13904.4,6517.52,,,
3733,10964.22,808.22,,,
3734,-16733.88,14172.3525,,,
3735,4531.99,22797.88,,,
3736,18684.155,15408.81,,,
3737,14291.13,8875.28,,,
3738,1854.3,-5086.43,,,
3739,-2111.4,-2943.28,,,
3740,9300.915,7139.8,,,
3741,2858.94,60318.24438,,,
3742,28155.1525,5581.27,,,
3743,-15677.6,-4683.84,,,
3744,20086.305,31125.06,,,
3745,-2309.9,-4009.16,,,
3746,-9204.12,5455.68,,,
3747,3097.21,191.34,,,
3748,-11214.52,25746.515,,,
3749,-1427.46,-1339.06,,,
3750,-2049.27,11757.63,,,
3751,-13890.72,-4144.64,,,
3752,-12292.24,-12002.72,,,
3753,2562.62,27695.44875,,,
3754,-2475.74,-1813.88,,,
3755,47026.7075,6225.595,,,
3756,22285.925,5528,,,
3757,15542.27,-2874.22,,,
3758,-8088.56,16133.265,,,
3759,26727.115,51608.70719,,,
3760,-2038.155,-7502.9,,,
3761,10690.91,-5875.72,,,
3762,9112.91,13960.47938,,,
3763,68748.03276,10473.51,,,
3764,147.03,5735.26,,,
3765,-387.52,3398.1,,,
3766,4434.14,-11982.62,,,
3767,-8603.64,-1800.04,,,
3768,2176.2,-14124,,,
3769,-8406.2,19025.145,,,
3770,6443.28,21726.915,,,
3771,496.85,-3476.22,,,
3772,12041.42,-4288.11,,,
3773,6300.65,-14896.64,,,
3774,-12057.04,-6673.77,,,
3775,-9935.28,41215.22438,,,
3776,-14074.92,-1959.66,,,
3777,7776.225,17207.09,,,
3778,-495.5,-9354.76,,,
3779,15870.14,4880.585,,,
3780,24175.145,15868.98,,,
3781,5529.49,4571.56,,,
3782,-15135.48,-5270.23,,,
3783,22272.95,-1676.58,,,
3784,7789.75,591.02,,,
3785,-4310.04,6481.59,,,
3786,-4281.46,11336.305,,,
3787,-13513.7,-4313.79,,,
3788,-7702.18,24815.075,,,
3789,-4404.08,-9608.3,,,
3790,12413.345,-13010.84,,,
3791,5259.285,51099.62125,,,
3792,23481.39,-14748.5,,,
3793,12307.97,-3879.44,,,
3794,-8925.48,6459.67,,,
3795,-5181.88,-17095.28,,,
3796,12812.45,-8532.8,,,
3797,3177.85,2497.645,,,
3798,-2060.1,6965.795,,,
3799,22646.99625,17115.075,,,
3800,-10108.18,-7463.56,,,
3801,-6801.4,-13054.4,,,
3802,11015.28188,22840.03,,,
3803,31760.3175,6906.36,,,
3804,14140.625,-9296.82,,,
3805,36254.74125,4990.75,,,
3806,-2684.22,19456.18,,,
3807,23608.255,-3509.66,,,
3808,-11414.38,5686.53,,,
3809,-7236.15,26274.105,,,
3810,-13068.6,15456.045,,,
3811,-3406.8,-10286.34,,,
3812,-5324,-2803.4,,,
3813,-262.06,-6645.14,,,
3814,-6723.56,-19975,,,
3815,-9245.46,12270.515,,,
3816,-15816.56,20270.1325,,,
3817,-13491.64,7108.31,,,
3818,-36.7,9400.8925,,,
3819,-15307.44,-2592.28,,,
3820,-5844.87,68455.09063,,,
3821,-6064.88,4679.32,,,
3822,-14369.6,15211.355,,,
3823,-19172.64,7749.19,,,
3824,-13511.6,-3023.54,,,
3825,23927.04,-3759.84,,,
3826,23644.305,529.18,,,
3827,5272.98,17958.265,,,
3828,11849.69,-12994.1,,,
3829,-19084.8,-8339.56,,,
3830,8304.54375,-696.32,,,
3831,-15487.08,1595.47,,,
3832,2359.85,-12741.06,,,
3833,-7469.1,-13116.24,,,
3834,-13288.2,-1009.39,,,
3835,-7532,2089.66,,,
3836,-13518.16,23103.56875,,,
3837,-6852.72,6695.79,,,
3838,-7842.42,-17007.44,,,
3839,9086.985,28821.565,,,
3840,-63.53,-15135.48,,,
3841,-4112.43,-12585.48,,,
3842,-5881.53,-1754.26,,,
3843,3509.48,-3103.08,,,
3844,-1744.74,-15385.16,,,
3845,6505.48,-16113.52,,,
3846,-19975,-11490.24,,,
3847,-10799.5,-8816.65,,,
3848,-5824.86,49521.2,,,
3849,-8357.6,-1356.44,,,
3850,16462.38,8580.68,,,
3851,-5867.91,59.4,,,
3852,18879.1,-4533.75,,,
3853,-11412.12,-1060.25,,,
3854,20575.9075,2952.23,,,
3855,-7854.36,-8856.12,,,
3856,11125.29,-760.34,,,
3857,-9161.34,-19890.88,,,
3858,-704.7,-310.795,,,
3859,-6934.88,34341.8,,,
3860,4868.47,-119.46,,,
3861,-6537.76,26228.685,,,
3862,44231.7825,-20198.32,,,
3863,643.39,12394.655,,,
3864,-13330.52,-23375,,,
3865,48775.51141,-5197.82,,,
3866,1677.05,34.67,,,
3867,-5592.33,38213.715,,,
3868,7338,-22100,,,
3869,-7800.36,-2193.14,,,
3870,-7109.1,-9278.9,,,
3871,8152.2,39658.6325,,,
3872,-8184.9,-6680.94,,,
3873,-10909.66,-303.17,,,
3874,-11911.52,11640.07,,,
3875,40481.1075,2074.37,,,
3876,14044.315,7261.21,,,
3877,-10742.2,17502.55,,,
3878,6803.33,-9183.3,,,
3879,8983.92,3615.07,,,
3880,-288.45,-7816.42,,,
3881,17013.43,12927.32,,,
3882,28820.27609,-1463.24,,,
3883,12069.29,-8205.26,,,
3884,4936.01,8341.25,,,
3885,-3032.3,-14022.68,,,
3886,27884.39125,14305.41,,,
3887,-7091.74,18876.19,,,
3888,7612.8,-10482.12,,,
3889,627.08,-2833.48,,,
3890,-10724,-2372.23,,,
3891,28570.94,-6615.06,,,
3892,-15189.88,-3773.36,,,
3893,3027.89,-8652.22,,,
3894,7287.71,5697.51,,,
3895,-9320.96,10956.225,,,
3896,-2357.32,-2911.34,,,
3897,14801.3775,6934.22,,,
3898,11115.62,-5778.4,,,
3899,-14076.36,1289.48,,,
3900,-16245.28,-5972.32,,,
3901,47917.04906,8805.27,,,
3902,-5188.2,-12354.08,,,
3903,-5162.08,-3992.78,,,
3904,5525.19,34879.93078,,,
3905,-8273.32,556.72,,,
3906,-4856.58,15616.7075,,,
3907,2742.07,8261.485,,,
3908,-5075.66,11634.17,,,
3909,10144.99,-19128.72,,,
3910,-139.12,22548.6975,,,
3911,-14880.48,-6952.22,,,
3912,-11415.16,6818.7,,,
3913,-5781.98,8490.66,,,
3914,-8900.54,-15267.24,,,
3915,29784.49063,-7666.42,,,
3916,65326.24281,3717.88,,,
3917,-495.94,211.44,,,
3918,7398.97,-12907.12,,,
3919,12763.7175,-6307.62,,,
3920,13438.3875,-6505.26,,,
3921,-7711.02,-4529.94,,,
3922,8789.49,-4982.8,,,
3923,8190.7025,-1880.53,,,
3924,4425.64,144.79,,,
3925,-10871.64,3980.86,,,
3926,-12438.84,-1455.3,,,
3927,-17809.8,2972.33,,,
3928,14606.71,-10715.38,,,
3929,-5233.21,-3785.16,,,
3930,-6276.04,-5373.5,,,
3931,-1751.72,1255.18,,,
3932,-5496.73,9719.7225,,,
3933,1483.47,1442.34,,,
3934,1756.01,-2500.9,,,
3935,-3350.36,1713.525,,,
3936,-16007.12,589.16,,,
3937,3590.98,-10168.78,,,
3938,33730.95,15950.505,,,
3939,-1957.71,-868.915,,,
3940,-17853.72,17634.445,,,
3941,14870.1075,43015.98094,,,
3942,3248.59,-4581.62,,,
3943,3476.43,-8606.44,,,
3944,-3553.42,-17089.38,,,
3945,-12423.48,-7718.96,,,
3946,-5728.76,4978.41,,,
3947,-9406.84,17967.51125,,,
3948,13493.09,-16714.2,,,
3949,-4363.64,-14501.36,,,
3950,2883.53,-8398.86,,,
3951,19334.63,-13563.52,,,
3952,2685.85,16500.055,,,
3953,-14413.52,-5577.04,,,
3954,24468.20625,27375.65625,,,
3955,-7553.4,-4523.5,,,
3956,-9482.44,-9498.68,,,
3957,-824.92,1840.25,,,
3958,-10009.48,25981.5,,,
3959,-6425.54,22159.855,,,
3960,17582.81375,-7472.82,,,
3961,-902.61,-16093.42,,,
3962,19473.52,28125.145,,,
3963,-9096.76,18918.43,,,
3964,14044.9575,-14549,,,
3965,6220.63,13740.16,,,
3966,26446.315,414.795,,,
3967,-11246.46,-10216.74,,,
3968,12803.24,-1900.4,,,
3969,3580.495,-20315.88,,,
3970,10927.64,29491.89125,,,
3971,17196.82313,818.02,,,
3972,-2684.42,-9002.26,,,
3973,-5798.22,459.26,,,
3974,-10597.28,-12764.88,,,
3975,-11473.04,-16674,,,
3976,-4587.52,12567.75,,,
3977,-8431.24,13514.88125,,,
3978,-13276.88,-5351.9,,,
3979,18539.19,27909.405,,,
3980,30164.2175,-1075.9,,,
3981,-8128.46,-6852.9,,,
3982,167.35,-8319.1,,,
3983,-19883.68,8949.6,,,
3984,-12297.64,-14842.24,,,
3985,25480.865,3210.67,,,
3986,21131.6225,-7195.64,,,
3987,991.85,1078.18,,,
3988,-16919.6,-1213.2,,,
3989,-9043.2,7577.23,,,
3990,-12179.28,-9067.6,,,
3991,-15527.04,10622.285,,,
3992,-8452.3,-454.76,,,
3993,2033.82,106.04,,,
3994,-13769.28,-7105.44,,,
3995,33432.225,26745.155,,,
3996,13773.645,24881.09,,,
3997,7993.16,21988.52,,,
3998,13286.73,-8293.1,,,
3999,33484.61453,-255.98,,,
4000,-12600.8,2728.09,,,
4001,-8617.12,10412.94,,,
4002,-4969.46,8436.76,,,
4003,-35.14,11025.46,,,
4004,-8779.17,-448.86,,,
4005,-1760.07,-3145.14,,,
4006,-6890.38,18460.4,,,
4007,-6174.06,-4882.62,,,
4008,-6525.6,1474.78,,,
4009,23157.57,-1839.56,,,
4010,855.78,17083.72,,,
4011,7064.49,-8700.54,,,
4012,-2085,-968.69,,,
4013,7581.085,-12984.48,,,
4014,5817.2,-11108.8,,,
4015,23806.87,-203.08,,,
4016,-12608.16,8604.77,,,
4017,1868.06,-12747.32,,,
4018,-13477.84,-1909.16,,,
4019,6279.725,-20711.16,,,
4020,7406.23,-2861.52,,,
4021,-4298.59,39610.87625,,,
4022,-5238.02,-2137.2,,,
4023,-11177.96,11376.96,,,
4024,-8579.32,-7694.28,,,
4025,8217.78,-9971.46,,,
4026,-3186.1,12456.63,,,
4027,-12673.48,40586.7875,,,
4028,-14484.98,4178.5,,,
4029,-1642.43,1012.3,,,
4030,4336.29,-2414.56,,,
4031,-7421.14,1424.96,,,
4032,-8657.94,-2595.55,,,
4033,-11313.92,-7758.3,,,
4034,23591.455,-4783.66,,,
4035,19068.765,-4811.52,,,
4036,-1296.73,6313.98,,,
4037,-3797.43,18601.3025,,,
4038,-14607.04,56513.47098,,,
4039,-5151.98,-4683.66,,,
4040,-9461.2,-9544.64,,,
4041,2273.58,7367.52,,,
4042,3699.74,18371.11,,,
4043,2868.66,23964.39,,,
4044,-8300.38,21766.37,,,
4045,2528.5,-7912.02,,,
4046,-18275,35780.19,,,
4047,-8221.64,4236.26,,,
4048,-3103.26,-8302.72,,,
4049,-389.08,22577.69,,,
4050,17914.4325,7949.19,,,
4051,-4730.72,4535.58,,,
4052,-9305.44,-10520.46,,,
4053,-4120.66,2771.785,,,
4054,-7896.24,-11284.48,,,
4055,-1102.7,-4873,,,
4056,-8853.9,13305.18,,,
4057,15582.1025,-8811.84,,,
4058,-7258.14,5308.67,,,
4059,14900.47,13627.955,,,
4060,-16309.24,-15981.76,,,
4061,-8811.84,-13611.16,,,
4062,-12271.16,5265.25,,,
4063,3432.9,-3487.2,,,
4064,15450.87375,-12204.4,,,
4065,-10793.52,6216.795,,,
4066,27340.86438,-664.15,,,
4067,25570.2625,6205.68,,,
4068,9666.86,-2947.5,,,
4069,805.94,-19172.64,,,
4070,-10555.28,19083.71563,,,
4071,-5302.71,1614.07,,,
4072,-12090.8,1191.34,,,
4073,2390.23,-4098.5,,,
4074,6083.2725,31467.98,,,
4075,1925.41,-19381.76,,,
4076,-1610.52,-3360.16,,,
4077,1542.8,17375.555,,,
4078,11345.8,-3925.4,,,
4079,-8043.86,21689.575,,,
4080,-1012.61,1997.51,,,
4081,27544.29,10966.16,,,
4082,210.68,730.18,,,
4083,1306.44,-15017.92,,,
4084,-1732.18,-5658.57,,,
4085,10761.465,20753.58125,,,
4086,-7820.46,9147.24,,,
4087,19300.38125,41982.94031,,,
4088,5661.9,34394.2275,,,
4089,-11582.84,-983.39,,,
4090,-15145.96,9692.61,,,
4091,570.51,-7508.98,,,
4092,-6784.76,-9110.02,,,
4093,-2572.58,-9368.96,,,
4094,-7112.58,-14956.44,,,
4095,18370.305,9722.06,,,
4096,-11108.8,-17725.68,,,
4097,13631.62,-7684.66,,,
4098,846.62,-13363.7,,,
4099,-9132.9,16044.79,,,
4100,4144.66,-2178.17,,,
4101,-5946.18,25980.08125,,,
4102,-16069.6,5846.38,,,
4103,8528.2375,29097.5825,,,
4104,-11415.76,8802.14,,,
4105,-2655.54,12699.24,,,
4106,29845.91625,2328.41,,,
4107,22145.05,-9057.71,,,
4108,-13320.52,-3231.12,,,
4109,-6115.32,987.62,,,
4110,-1719.76,13236.17,,,
4111,437.04,1534.76,,,
4112,-12455.58,-5136.52,,,
4113,-2979.28,2957.31,,,
4114,14442.61,25820.91875,,,
4115,11517.7225,-3918.78,,,
4116,-4763.36,-9279.44,,,
4117,47029.41656,17042.885,,,
4118,-6548.04,29794.75,,,
4119,-2896.865,3803.32,,,
4120,10187.28,4466.84,,,
4121,14644.795,2110.53,,,
4122,22291.13375,-10274.86,,,
4123,14136.665,-13112.52,,,
4124,29266.59094,42947.83938,,,
4125,-3867.145,4107.81,,,
4126,7037.5,969.97,,,
4127,3619.85,-2283.16,,,
4128,7481.95,6487.8,,,
4129,-12605.58,11800.7375,,,
4130,303.98,-8957.8,,,
4131,-14487.52,-4580.12,,,
4132,-14778.04,-429.715,,,
4133,-10221.72,16697.0825,,,
4134,-7786.16,-3001.04,,,
4135,-15393.48,8648.42,,,
4136,19447.565,-813.88,,,
4137,-13827.04,27068.06,,,
4138,12620.2025,-7129.76,,,
4139,-14383.8,27306.05625,,,
4140,6074.61,13796.15,,,
4141,23069.8325,-11583.3,,,
4142,11091.985,5405.41,,,
4143,-11631.8,4556.04,,,
4144,56546.63813,-14267.92,,,
4145,-339.07,-10378.58,,,
4146,17399.09,10191.75,,,
4147,-12086.84,13763.665,,,
4148,-17472.64,-6910.16,,,
4149,-601.26,-18700,,,
4150,-8372.4,1104.82,,,
4151,-828.045,-9322.82,,,
4152,6958.73,-887.52,,,
4153,39796.3825,-262.745,,,
4154,-12605.58,13662.53,,,
4155,4455.65,243.38,,,
4156,-6066.42,13624.145,,,
4157,-13074.4,-6954.44,,,
4158,-15091.56,-6563.38,,,
4159,70984.60125,-17769.6,,,
4160,-6846.98,-983.66,,,
4161,-3597.525,-7615.06,,,
4162,-1253.66,20360.5775,,,
4163,-1673.78,-2565.83,,,
4164,7810.52,21531.4075,,,
4165,-13489.88,1518.52,,,
4166,-482.8,-6339.74,,,
4167,-1353.82,-5596.41,,,
4168,3963.71,1833.81,,,
4169,3677.74,-9426.72,,,
4170,2761.16,-9911.16,,,
4171,20107.44,55378.92969,,,
4172,-1153.26,20865.39,,,
4173,-10411.58,1187.62,,,
4174,-6255.94,-12218.6,,,
4175,10666.195,24998.965,,,
4176,6345.83,-9834.16,,,
4177,7859.42,-10464.97,,,
4178,-2713.7,10160.17,,,
4179,-632.47,11469.2,,,
4180,-2948.78,21226.5725,,,
4181,10039.655,6685.08,,,
4182,-8680.35,7810.08,,,
4183,5682.76,4418.2,,,
4184,-6135.07,7462.58,,,
4185,-8453.88,22622.29625,,,
4186,-573.175,9834.535,,,
4187,4817.95,-16480.76,,,
4188,18295.75,14920.38,,,
4189,-6887.5,-14636.84,,,
4190,-6344.26,6756.13,,,
4191,-5886.66,6247.15625,,,
4192,46061.18289,-3874.09,,,
4193,19541.20125,11406.54,,,
4194,-4944.78,18698.65,,,
4195,1711.49,-8093.96,,,
4196,-1737.68,-929.26,,,
4197,-4442.54,37953.77375,,,
4198,5519.155,-3558.16,,,
4199,19082.765,9013.845,,,
4200,144.84,21936.355,,,
4201,469.05,-2852.49,,,
4202,50159.28188,-1281.3,,,
4203,-3806.3,4037.89,,,
4204,13293.2,19154.91,,,
4205,-12350.36,22708.86,,,
4206,1012.75,-1207.3,,,
4207,13193.79,8857.855,,,
4208,-16109.8,4980.77,,,
4209,-970.78,-10039.56,,,
4210,-6356.78,-542.78,,,
4211,-559.04,26171.23969,,,
4212,-18275,-5158.48,,,
4213,18644.6025,-10859.48,,,
4214,-12042.92,-1455.53,,,
4215,-998.64,12736.76,,,
4216,-17656.72,-2758.16,,,
4217,3629.41,-14882.44,,,
4218,-2608.98,23480.66938,,,
4219,-8897.82,-3757.39,,,
4220,2053.435,-4303.9,,,
4221,-12815.28,4146.56,,,
4222,-7237.32,-7361.52,,,
4223,-13992.24,-4010.66,,,
4224,3383.02,-6661.93,,,
4225,4754.3,1887.62,,,
4226,-10148,-2726.04,,,
4227,1919.65,4532.31,,,
4228,7751.325,4087.12,,,
4229,-8835.16,23931.225,,,
4230,12562.47,14781.95,,,
4231,-1519.1,-7062.02,,,
4232,8328.98,-4992.42,,,
4233,8428.57,-7991.92,,,
4234,-4368.04,1429,,,
4235,-5189.48,51255.5725,,,
4236,-13353.2,265.57,,,
4237,-5541.52,33973.70016,,,
4238,6259.545,22579.4375,,,
4239,12501.2525,3785.31,,,
4240,-4496.74,9940.24125,,,
4241,-10537.16,-7074.18,,,
4242,-3064.32,16924.0325,,,
4243,-7403.22,-5009.57,,,
4244,-3030.66,1135.35,,,
4245,-15383.6,15305.68,,,
4246,21711.8225,-19729.4,,,
4247,-3994.4,42455.6425,,,
4248,-4920.94,-12678.9,,,
4249,4226.54,-9097.68,,,
4250,-5569.49,-3014.38,,,
4251,17983.81,4522.83,,,
4252,-16095.96,-20154.4,,,
4253,2245.72,2690.205,,,
4254,-14163.68,32358.09,,,
4255,-6408,-7245.55,,,
4256,360.16,-5798.5,,,
4257,-9297.62,15040.89,,,
4258,-12678.28,4096.47,,,
4259,-10179.6,11991.16,,,
4260,-11149,-3485.75,,,
4261,-2293.16,17995.7225,,,
4262,6792.0125,-13056.26,,,
4263,7535.41,19340.4125,,,
4264,15133.5,12558.08,,,
4265,-2498.32,-2066.92,,,
4266,-9949.5,-6553.62,,,
4267,24529.43,-7875.86,,,
4268,-4493.01,7475.46,,,
4269,-3820.12,4783.22,,,
4270,-11125.44,-13406.12,,,
4271,-2216.55,16674.30063,,,
4272,34491.505,-11007.48,,,
4273,6264.54,2287.3,,,
4274,-4564.9,10094.2,,,
4275,-1035.3,-6704.76,,,
4276,-8538.7,-7423,,,
4277,-6481.8,10477.73375,,,
4278,-17853.72,24122.065,,,
4279,-17941.56,10043.7,,,
4280,8173.24,8760.99625,,,
4281,9236.8125,10276.5475,,,
4282,-1929.67,2494.2,,,
4283,-7629.72,-6974.18,,,
4284,2989.08,-9348.5,,,
4285,-11381.2,-17227.4,,,
4286,19670.5125,-12758.98,,,
4287,-4184.62,-8805.94,,,
4288,-14861.56,8518.52,,,
4289,-11549.2,11763.53,,,
4290,-10239.08,-1930.85,,,
4291,-5036.2,-6107.8,,,
4292,4794.37,-4804.17,,,
4293,1766.46,1098.645,,,
4294,9075.35,6881.72,,,
4295,-4988.7,-10216.74,,,
4296,3530.12,-13188.02,,,
4297,1126.33,30251.375,,,
4298,1378.86,3035.26,,,
4299,-3648.02,-12936.84,,,
4300,4403.5,4533.04,,,
4301,6494.92,29880.98,,,
4302,-4883.76,10881.09,,,
4303,21355.255,-14457.44,,,
4304,-12224.5,-10218.6,,,
4305,-13860.48,-2961.43,,,
4306,-6896.6,38396.7475,,,
4307,-1733.96,23364.09688,,,
4308,-7497.54,-5956.62,,,
4309,-16447.68,-8307.3,,,
4310,2887.24,-5826.9,,,
4311,-11834.84,-307.66,,,
4312,-8671.84,-8111.52,,,
4313,-8805.94,36412.61,,,
4314,29130.51188,-2989.56,,,
4315,10883.23,-13230.08,,,
4316,5201.46,38791.22375,,,
4317,1761.22,3578,,,
4318,-1436.38,-13010.84,,,
4319,1367.62,7413.03,,,
4320,1689.45,9306.59,,,
4321,17677.1225,-12715.06,,,
4322,-8250.92,-3753.58,,,
4323,-209.22,15810.99,,,
4324,-15640.88,-4615.06,,,
4325,39511.29375,28186.3325,,,
4326,14132.14,9485.08,,,
4327,-20825,-12381.94,,,
4328,1626.12,14000.47,,,
4329,12048.64,-8855.76,,,
4330,33644.7275,-8057.71,,,
4331,13644.09,25257.09,,,
4332,2425.46,32490.625,,,
4333,15174.315,-18194.6,,,
4334,-2591.83,-5226.22,,,
4335,-8194.18,13238.21,,,
4336,-3871.14,2634.08,,,
4337,-2068.895,16728.55,,,
4338,-16578.72,-13625.36,,,
4339,806.4,11553.82,,,
4340,-5167.24,-5659.07,,,
4341,-15818.48,-6714.38,,,
4342,2999.225,-120.55,,,
4343,17096.22,7205.95,,,
4344,-5699.16,1080.45,,,
4345,4201.275,-6175.86,,,
4346,2805.68,-12543.42,,,
4347,-2459.52,1456.54,,,
4348,5158.275,19499.06,,,
4349,991.72,7128.82,,,
4350,2315.245,5252.14,,,
4351,15862.33,27905.67563,,,
4352,12461.90625,3279.27,,,
4353,-9140.54,-4112.7,,,
4354,9748.47,-3376.22,,,
4355,-6959.4,26682.89141,,,
4356,-14872.36,4126.28,,,
4357,14294.335,1169.74,,,
4358,-2638.83,-16875.68,,,
4359,19072.26,13667.07,,,
4360,-3006.18,19564.10313,,,
4361,6840.225,-9947.32,,,
4362,21408.0425,-8231.62,,,
4363,-7083.98,-2059.16,,,
4364,7096.37,27239.00688,,,
4365,3202.06,44833.84875,,,
4366,-7022.14,-1676.855,,,
4367,-6462.14,-17009.3,,,
4368,-14180.16,-2406.8,,,
4369,2708.37,-2151.4,,,
4370,-13856.76,-4551.9,,,
4371,2151.23,-7976.04,,,
4372,-7630.6,1402.64,,,
4373,9802.59,-3775.9,,,
4374,-1873.67,-5950.72,,,
4375,22456.03625,7175.78,,,
4376,1315.505,-5519.19,,,
4377,-14638.12,24131.405,,,
4378,13731.03,-3679.67,,,
4379,7652.16,9509.715,,,
4380,-9013.12,-1039.38,,,
4381,8061.85,19362.895,,,
4382,-6339.12,4725.28,,,
4383,-6299.14,-10404.76,,,
4384,535.81,4705.18,,,
4385,-2881.82,1247.42,,,
4386,21450.81875,6329.5,,,
4387,-4954.67,11449.965,,,
4388,19480.0425,2614.84,,,
4389,10393.6325,-12838.88,,,
4390,17117.98,25148.425,,,
4391,-5981.98,23007.7475,,,
4392,3876.62,-7307.3,,,
4393,-15981.76,14503.64625,,,
4394,-1157.96,11066.0925,,,
4395,-12059.18,26624.00125,,,
4396,-5648.58,-14549,,,
4397,-4203.2,-10933.48,,,
4398,4675.515,-10522.32,,,
4399,-3367.08,-5724.86,,,
4400,-9578.72,-3357.21,,,
4401,-9475.4,-2406.62,,,
4402,9997.33,22447.83,,,
4403,-1133.92,-7185.84,,,
4404,-14076.36,14971.56,,,
4405,-1977.26,16130.725,,,
4406,-4401.86,13574.74,,,
4407,4470.92,-11853.4,,,
4408,-3364.72,-10663.7,,,
4409,9564.03,17923.01,,,
4410,7567.02,-6407.3,,,
4411,-8076.04,-3298.36,,,
4412,-8758.3,14953.69,,,
4413,-12541.56,14100.28,,,
4414,25006.975,1913.62,,,
4415,10501.66,16337.485,,,
4416,-17897.64,-4954.535,,,
4417,2399.67,35070.18297,,,
4418,-12541.92,-10771.64,,,
4419,9837.57,17235.945,,,
4420,-9460.75,38630.53938,,,
4421,-6703.76,-570.46,,,
4422,-12354.08,6524.735,,,
4423,5335.42,36994.23,,,
4424,-5749.11,-14241.56,,,
4425,5292.74,37760.47875,,,
4426,17018.975,-955.26,,,
4427,13212.29,-22100,,,
4428,-10179.96,249.28,,,
4429,-4335.28,10444.4525,,,
4430,-14164.2,10404.045,,,
4431,-387.22,275.82,,,
4432,14178.98,-10578.4,,,
4433,-1391.515,7999.01,,,
4434,19572.30875,18600.18125,,,
4435,4242.255,-14505.08,,,
4436,-10931.26,-15580.58,,,
4437,10088.01,-11193.28,,,
4438,1744.695,-4248.18,,,
4439,-120.78,1500.1,,,
4440,-18211.2,10428.14,,,
4441,468.47,-1716.415,,,
4442,13609.88,16727.69,,,
4443,-15592.2,894.15,,,
4444,-13168.6,-2744.915,,,
4445,8379.38,-2958.98,,,
4446,8336.78,-14882.44,,,
4447,21068.67625,1887.62,,,
4448,14184.74,21042.7075,,,
4449,5083.3,33519.52,,,
4450,-3962.52,22255.135,,,
4451,-10885.48,16419.56,,,
4452,-13324.24,3557.54,,,
4453,-6812.54,483.08,,,
4454,-3649.87,8707.63,,,
4455,16724.47,33442.98,,,
4456,3551.3,-5996.14,,,
4457,-13393.88,-7501.22,,,
4458,1522.71,-4385.84,,,
4459,-11933.48,8357.585,,,
4460,-17384.8,2953.59,,,
4461,7442.44,-4178.58,,,
4462,-17384.8,17049.555,,,
4463,-9363.24,3439.57,,,
4464,-189.64,5708.625,,,
4465,3430.1,389.07,,,
4466,-7740.9,-4213.24,,,
4467,2316.38,-18733.8,,,
4468,22248.24,16966.025,,,
4469,-5388.3,-12936.84,,,
4470,761.58,-14209.98,,,
4471,-5546.74,11032.68,,,
4472,19919.7225,-4476.22,,,
4473,-882.72,24872.425,,,
4474,-4778.52,22525.645,,,
4475,9910,-11661.84,,,
4476,23430.9525,20840.6175,,,
4477,-431.58,7543.2,,,
4478,633.36,-14754.4,,,
4479,-8816.4,19272.65,,,
4480,13010.35,-8808.12,,,
4481,-15534.6,-6028.58,,,
4482,-3974.54,16011.985,,,
4483,10656.45,-3340.06,,,
4484,22831.4225,9788.21,,,
4485,24974.2725,5115.435,,,
4486,-9506,-7375.36,,,
4487,-6787.6,-4788.88,,,
4488,4770.93,26686.0125,,,
4489,44405.14,9078.05,,,
4490,-12681.12,11377.96,,,
4491,22302.38,4188.0275,,,
4492,-15688.52,-4144.28,,,
4493,-2580.32,-7756.44,,,
4494,-5571,-9183.66,,,
4495,5508.145,1915.84,,,
4496,20352.67,-2532.12,,,
4497,-12627.54,40971.4725,,,
4498,-8358.14,10308.81,,,
4499,-3107.54,-5092.6,,,
4500,8187.19,-9837.52,,,
4501,6996.9,3206.13,,,
4502,-16406.76,27247.925,,,
4503,-358.74,9267.34,,,
4504,-6821.62,-6740.74,,,
4505,8649.38,-5046.55,,,
4506,-4868.98,13743.025,,,
4507,-8566.64,7832.6525,,,
4508,-2287.45,-9236.84,,,
4509,-977.69,23648.41125,,,
4510,-6111.2,13680.5225,,,
4511,-16369.84,32868.0725,,,
4512,-5848.94,31324.29625,,,
4513,353.715,-9029.58,,,
4514,8914.64,-12908.98,,,
4515,-420.7,8626.1,,,
4516,-2971.74,-953.76,,,
4517,12612.7275,9546.92,,,
4518,-13054.76,39430.7725,,,
4519,2121.01,4892.655,,,
4520,4084.24,9144.745,,,
4521,3585.19,-10356.26,,,
4522,5340.12,26239.1025,,,
4523,-7467.38,-13317.92,,,
4524,12180.91,14095.79,,,
4525,3802.98,22924.375,,,
4526,-1189.68,-16494.6,,,
4527,11670.24125,47440.685,,,
4528,30372.68938,-5902.76,,,
4529,-6971.94,-2035.885,,,
4530,-8467.14,-12295.96,,,
4531,1391.69,1059.13,,,
4532,5865.36,-1840.15,,,
4533,18582.0275,-1111.7,,,
4534,-12039.02,-911.11,,,
4535,2699.46,2002.23,,,
4536,-14557.52,15271.2225,,,
4537,11274.79,9450.23,,,
4538,-3465.6,42182.25406,,,
4539,-3657.4,-1414.56,,,
4540,25381.40375,-4262.2,,,
4541,-4141.94,-3614.06,,,
4542,9119.085,1403.27,,,
4543,5161.18,2313.255,,,
4544,-9104.26,1402.4575,,,
4545,-5230.26,34989.53,,,
4546,9925.2025,-4475.86,,,
4547,-16989.88,11893.43,,,
4548,34028.6475,-22100,,,
4549,-1822.56,24475.1,,,
4550,2665.84,32721.53656,,,
4551,20706.655,9644.65,,,
4552,-8882.28,-5782.98,,,
4553,24197.505,6060.26,,,
4554,11711.97,14396.965,,,
4555,-683.54,-5957.57,,,
4556,510.8,10803.045,,,
4557,25926.35,-11027.22,,,
4558,77523.0109,19963.97125,,,
4559,-12539.7,147.06,,,
4560,-19573.88,-1498.36,,,
4561,8449.35,-5818.87,,,
4562,-98.72,8199.42,,,
4563,1750.77,-13627.22,,,
4564,13841.3925,-9496.64,,,
4565,3296.84,-920.73,,,
4566,24028.94,21426.10625,,,
4567,-13767.36,11270.515,,,
4568,26253.36,33202.04562,,,
4569,-9796.24,-13112.52,,,
4570,2604.56,12975.055,,,
4571,579.24,9460.4,,,
4572,22405.75,30434.42688,,,
4573,1329.23,28004.1375,,,
4574,-13856.76,23717.525,,,
4575,12396.98,10196.06,,,
4576,4073.51,-539.515,,,
4577,12005.21,29786.4,,,
4578,-2189.04,35315.61355,,,
4579,-646.54,-12184.3,,,
4580,33962.19188,-3256.8,,,
4581,-13112.52,38673.75625,,,
4582,-12388.72,-10370.46,,,
4583,25516.55,46417.6325,,,
4584,24642.88,-9706.12,,,
4585,2223.85,22919.2225,,,
4586,-4466.88,54150.2925,,,
4587,21799.195,26789.26438,,,
4588,-12875.12,6699.1,,,
4589,3802.11,-8476.54,,,
4590,-4886.82,-8514.88,,,
4591,-1595.66,6188.12,,,
4592,9733.17,30620.11,,,
4593,-8542.66,-1849.225,,,
4594,-14794.6,11606.77,,,
4595,-2232.7,26503.64,,,
4596,5785.54,-5823,,,
4597,-4192.51,-12120.64,,,
4598,3291.85,-14706.76,,,
4599,-9468.5,-9544.28,,,
4600,-8289.74,-9502.22,,,
4601,-6403.62,21989.53,,,
4602,7145.24,-9213.02,,,
4603,35763.315,10113.3,,,
4604,3425.18,30873.74,,,
4605,2620.04,20707.27,,,
4606,-15644.6,176.23,,,
4607,15816.055,-9077.22,,,
4608,6015.38,-10817.42,,,
4609,-8697.3,19658.57125,,,
4610,-13567.24,-17813.52,,,
4611,-6619.1,17279.9325,,,
4612,-14122.96,-18619.6,,,
4613,-11181.96,-20022.64,,,
4614,-3791.78,15955.8175,,,
4615,-5868.27,-12687.52,,,
4616,128.36,-2867.42,,,
4617,26550.205,16995.6725,,,
4618,-490.92,17435.26,,,
4619,-14085.04,5613.89,,,
4620,-9570.28,-1786.02,,,
4621,-15512.12,3920.56,,,
4622,5556.3575,29995.25,,,
4623,-2165.24,-11386.34,,,
4624,1594.74,-1342.51,,,
4625,-5207.22,25813.74313,,,
4626,4504.61,17918.2225,,,
4627,1104.33,6136.44,,,
4628,-10801.36,-10288.88,,,
4629,-12759.3,-6135.66,,,
4630,22509.915,5017.02,,,
4631,29679.36,27655.5725,,,
4632,3185.78,-9586.34,,,
4633,18908.395,-3880.76,,,
4634,-10302.72,11150.78,,,
4635,-13755.72,-3198.68,,,
4636,9279.07,-10302.72,,,
4637,-3502.08,-12966.92,,,
4638,-14208.12,-18791.56,,,
4639,4356.36,6766.48,,,
4640,25468.50938,4308.4,,,
4641,5056.54,9454.5,,,
4642,-9211.36,-291.78,,,
4643,-11631.52,-15516.92,,,
4644,5424.87,-6124.18,,,
4645,-1692.83,21419.475,,,
4646,-3949.18,26570.66,,,
4647,2137.04,27652.82375,,,
4648,-6092.6,-1514.47,,,
4649,2717.3,14756.41,,,
4650,1521.66,3723.78,,,
4651,-14032.44,-13391.92,,,
4652,-13423.64,1847.01,,,
4653,-6263.7,-6397.32,,,
4654,2347.85,6477.64,,,
4655,-1707.97,990.75,,,
4656,6957.31,10749.51,,,
4657,-13324.36,25438.67,,,
4658,2961.88,-2532.39,,,
4659,26518.67,-10747.82,,,
4660,11119,7210.03,,,
4661,-12115.68,7710.03,,,
4662,-4948.18,11236.32875,,,
4663,3187.8,-13994.1,,,
4664,-6467.24,-5090.74,,,
4665,-2080.8,-11414.38,,,
4666,-11649.5,31848.425,,,
4667,-6939.46,20729.775,,,
4668,10764.745,-7013.79,,,
4669,18206.71,13090.48,,,
4670,-19084.8,-18019.28,,,
4671,342.68,13272.875,,,
4672,584.58,16077.3925,,,
4673,9152.565,-2504.26,,,
4674,-4845.32,-6174.77,,,
4675,17529.525,12246.015,,,
4676,6499.66,-2391.1,,,
4677,-14794.6,-11236.52,,,
4678,629.44,-3719.28,,,
4679,15482.71,17899.2375,,,
4680,-8670.46,2380.95,,,
4681,-4954.67,8687.53,,,
4682,42044.84125,-4657.39,,,
4683,-11431.24,20093.8375,,,
4684,-9572.14,15335.76,,,
4685,-4363.75,41508.89969,,,
4686,-9783.24,18716.25,,,
4687,5708.18,-7912.02,,,
4688,-12086.84,-6772.82,,,
4689,12561.39,1367.655,,,
4690,-2397.78,-7003.9,,,
4691,17926.065,16397.465,,,
4692,-12140.12,-1818.69,,,
4693,-3682.54,-11328.4,,,
4694,-8269.28,-5667.1,,,
4695,13236.92125,14779.8875,,,
4696,35227.765,6748.06,,,
4697,-10391.8,-2808.84,,,
4698,19526.765,12021.875,,,
4699,10451.55,17837.6675,,,
4700,-2985.28,9280.45,,,
4701,4031.085,-13210.34,,,
4702,-17428.72,-18484.48,,,
4703,-2602.04,-8560.66,,,
4704,-1302.38,32483.52016,,,
4705,37.82,-10775.36,,,
4706,-11266.56,-14940.56,,,
4707,-15640.88,31999.05125,,,
4708,2569.025,-290.33,,,
4709,-2047.66,79.27,,,
4710,15139.21,7951.96,,,
4711,-2971.12,-1011.52,,,
4712,10694.25,16798.51,,,
4713,13156.61875,-9476.9,,,
4714,180.18,-8694.28,,,
4715,-12481.96,-634.705,,,
4716,-10575.24,-834.75,,,
4717,9395.59,26755.9275,,,
4718,-909.22,-6732.62,,,
4719,417.98,-12849,,,
4720,-8113.7,-5527.22,,,
4721,-5127.91,-12104.76,,,
4722,-2156.28,22723.925,,,
4723,25826.88688,30780.06875,,,
4724,1542.44,10465.39,,,
4725,1608.82,10713.35,,,
4726,-19038.88,33328.24656,,,
4727,7325.07,10354.05,,,
4728,12234.435,-3011.2,,,
4729,9879.37,20041.115,,,
4730,8552.54,-4318.1,,,
4731,11956.68,17933.49,,,
4732,-6170.26,-6279.76,,,
4733,-6927.62,-13634.98,,,
4734,1132.62,-5158.48,,,
4735,-13146,10267.3625,,,
4736,-17765.88,-9740.06,,,
4737,-14821,-1983.39,,,
4738,-8179.38,-6906.44,,,
4739,4758.1,8455.36,,,
4740,-7904.64,17278.1375,,,
4741,72.14,3859.49,,,
4742,3060.54,-11779.4,,,
4743,-7904.7,18535.2175,,,
4744,4823.1,1084.85,,,
4745,-592.24,8836.17,,,
4746,-9941.12,5727.5,,,
4747,1581.13,-13200.36,,,
4748,10202.11,19119.975,,,
4749,-14545.28,1598.24,,,
4750,7969.68,4184.4,,,
4751,21713.9625,40697.81094,,,
4752,-16010.44,8988.3,,,
4753,-9100.08,-4816.74,,,
4754,-8853.9,-2779.58,,,
4755,-17340.88,5204.77,,,
4756,-5508.74,4496.42,,,
4757,917.06,-2069.325,,,
4758,11338.67,1111.35,,,
4759,2595.2,-1749.86,,,
4760,3696.39,19195.84625,,,
4761,-14633.12,-11051.04,,,
4762,-6981.36,-2709.66,,,
4763,-14501.36,5363.98,,,
4764,15821.0625,-15399,,,
4765,-13142.24,10998.965,,,
4766,4350.19,-4186.34,,,
4767,-9482.44,46.6,,,
4768,-11161.52,-13449.68,,,
4769,2668.69,-12659.48,,,
4770,-6882.32,-9454.58,,,
4771,-7616.68,-1619.96,,,
4772,-5583.62,32876.78078,,,
4773,11924.84,1834.44,,,
4774,18744.475,-2050.13,,,
4775,-2516.12,-4471.82,,,
4776,-888.84,12389.89,,,
4777,22521.8925,11976.87,,,
4778,3601.01,32651.39281,,,
4779,547.43,6748.6,,,
4780,-11825.76,24201.96,,,
4781,286.6,3577.46,,,
4782,12128.2925,71673.15906,,,
4783,-2627.32,5298.645,,,
4784,5721.57,-952.26,,,
4785,-9398.58,2857.99,,,
4786,-6440.53,14110.99,,,
4787,1253.05,-5222.5,,,
4788,-4361.44,10278.2525,,,
4789,14281.825,-7524.86,,,
4790,7837.075,25234.20938,,,
4791,-7052.66,2471.83,,,
4792,-2598.34,4216.52,,,
4793,6261.92,-9274.59,,,
4794,-8191.24,-7379.08,,,
4795,-11945.14,21865.4125,,,
4796,3402.33,-6288.29,,,
4797,11930.125,3634.08,,,
4798,9076.09,-8950.04,,,
4799,8833.8,362.94,,,
4800,-2959.18,8997.0325,,,
4801,1926.96,-2444.55,,,
4802,-3693.76,11400.2125,,,
4803,5812.38,15619.065,,,
4804,16584.265,8304.59,,,
4805,2250.83,5421.56,,,
4806,-4201.66,29474.24,,,
4807,10661.825,1550.82,,,
4808,-8685.66,-1538.56,,,
4809,-14457.34,81494.35563,,,
4810,16237.71,-226.585,,,
4811,4466.21,-7419.28,,,
4812,-5727.56,10282.04,,,
4813,-4665.15,-7110.34,,,
4814,12467.29,16172.695,,,
4815,26674.695,-6761.2,,,
4816,10282.58,18551.46,,,
4817,-7274.06,10075.46,,,
4818,22229.255,52491.71647,,,
4819,12990.72875,8281.54,,,
4820,-9087.98,-18545.96,,,
4821,-769.9,17392.795,,,
4822,-5309.62,4002.64,,,
4823,24288.925,13674.195,,,
4824,30713.4625,-5227.9,,,
4825,-3198.15,17817.525,,,
4826,6444.66,23435.49,,,
4827,16532.29,10226.9825,,,
4828,-18328.16,-12110.66,,,
4829,-9965.6,5545.38,,,
4830,-3728.06,33160.54,,,
4831,-15301.68,-1372.5,,,
4832,-476.62,18105.85125,,,
4833,-6417.56,56844.96563,,,
4834,12191.18,-7439.38,,,
4835,-15116.04,7141.25,,,
4836,-4178.58,-9591.92,,,
4837,-9963.46,589.525,,,
4838,-416.17,-3073.9,,,
4839,5050.73,54003.49,,,
4840,-8217.94,-1013.74,,,
4841,11130.6775,-5517.96,,,
4842,5800.05,-8343.69,,,
4843,4460.215,343.29,,,
4844,-4567.52,-2570.14,,,
4845,4203.115,-1013.74,,,
4846,-895.32,11583.085,,,
4847,-7355.8,4320.38,,,
4848,-4182.6,-19130.26,,,
4849,11245.275,-3615.92,,,
4850,-11542.32,-9025.54,,,
4851,13152.6625,7646.47,,,
4852,9409.84,-2433.57,,,
4853,-1661.62,9610.94,,,
4854,-3706.985,9882.085,,,
4855,-1231.81,7151.0725,,,
4856,9555.145,4009.26,,,
4857,1611.44,-7538.7,,,
4858,-10652.12,12287.62,,,
4859,18976.27,-12980.76,,,
4860,35419.48375,-15088.2,,,
4861,-15974.56,4758.31,,,
4862,-14324.44,35878.4375,,,
4863,-2458.48,-6006.62,,,
4864,-9115.56,9720.61,,,
4865,7776.73,-6235.84,,,
4866,-2038.29,13288.165,,,
4867,-13314.2,5976.37,,,
4868,-12432.64,-8009.84,,,
4869,14559.42,7529.27,,,
4870,-15407,17328.89,,,
4871,-8516.74,-3217.5,,,
4872,-14633.12,7808.22,,,
4873,-7128.7,-5649.36,,,
4874,-1519.46,-957.98,,,
4875,-7818.7,16149.37,,,
4876,28070.7,5353.68,,,
4877,-5717.05,33306.35125,,,
4878,-16959.8,-12539.38,,,
4879,20683.1175,-4702.9,,,
4880,6267.475,6463.35,,,
4881,-2869.55,5335.44,,,
4882,5250.415,-4533.98,,,
4883,-4022.64,-7894.1,,,
4884,6271.82,-4643.64,,,
4885,-10810.44,1632.22,,,
4886,12805.78,586.71,,,
4887,-7022.68,-4471.82,,,
4888,3623.78,-7040.06,,,
4889,-3874.25,21382.27,,,
4890,754,10444.88,,,
4891,-13361.84,45112.6925,,,
4892,-12756.32,11962.7325,,,
4893,-5959.35,8469.79,,,
4894,16858.23,-15560.48,,,
4895,6938.05,-16184.98,,,
4896,5755.63,-8694.28,,,
4897,-14666.56,-199.27,,,
4898,12272.015,23531.91625,,,
4899,4457.54,24615.9125,,,
4900,-12640.2,5691.34,,,
4901,-2153.805,27847.155,,,
4902,-5085.22,-10698,,,
4903,16037.49,57932.21539,,,
4904,19587.325,1045.74,,,
4905,22775.03,-18278.72,,,
4906,18090.715,10305.77,,,
4907,-12057.54,9662.85,,,
4908,-15135.84,-15149.68,,,
4909,-316.17,-5152.4,,,
4910,-9354.76,1323.1,,,
4911,-16153.72,13748.92,,,
4912,-11911.16,-8357.12,,,
4913,10799.595,7505.68,,,
4914,-5366.1,-4655.62,,,
4915,-6484.88,-10727.72,,,
4916,-3100.56,-2199.54,,,
4917,3411.07,28928.1175,,,
4918,15952.345,-4204.26,,,
4919,24869.8325,-14457.44,,,
4920,2113.46,20457.365,,,
4921,4132.28,-1440.56,,,
4922,-7908.04,16422.6475,,,
4923,2388.39,15545.61,,,
4924,-636.885,-11581.44,,,
4925,-10290.38,6891.115,,,
4926,22310.5925,-9762.2,,,
4927,-7806.84,24575.01,,,
4928,307.14,-3540.42,,,
4929,-1800.51,-388.88,,,
4930,5081.24,24041.935,,,
4931,-5413.07,2550.87,,,
4932,5404.4825,-9584.48,,,
4933,11764.17,-14663.2,,,
4934,10109.92,3190.66,,,
4935,-4826.12,-10757.71,,,
4936,-10024.96,24343.3375,,,
4937,6394.19,-10170.96,,,
4938,5857.995,1403,,,
4939,-11320.92,-4842.42,,,
4940,-13428.88,8727.19625,,,
4941,7124.11,63.71,,,
4942,25660.14,-12980.76,,,
4943,-5986.04,-9073.5,,,
4944,-11075.56,15679.09,,,
4945,-18615.88,-10101.04,,,
4946,-6968.16,7075.5075,,,
4947,-94.9,-21942.24,,,
4948,-6838.9,16919.25,,,
4949,-684.92,34603.32563,,,
4950,-6734.98,-5687.11,,,
4951,-7521.94,-1750.405,,,
4952,5687.32,-12720.96,,,
4953,7733.89,52664.26484,,,
4954,-5105.12,-4390.24,,,
4955,3682.95,-12549.86,,,
4956,24305.1025,-6101.13,,,
4957,7540.3575,-1971.32,,,
4958,-8664.32,13008.72,,,
4959,1265.42,-456.62,,,
4960,13206.82,6007.54,,,
4961,276.58,14432.585,,,
4962,-11996.12,1486.08,,,
4963,18703.455,28015.2775,,,
4964,-10025.34,17257.495,,,
4965,-7938.74,26950.52875,,,
4966,25833.7325,40463.1925,,,
4967,-9992.4,-4317.01,,,
4968,6605.8,26077.5025,,,
4969,-7783.64,1121.24,,,
4970,-1808.13,-8832.3,,,
4971,2238.5,-16380.76,,,
4972,22273.755,4595.2,,,
4973,56125.16781,12878.55,,,
4974,3137.18,2285.805,,,
4975,-15562.52,-7469.1,,,
4976,14651.17,13525.0075,,,
4977,21958.10375,-9410.66,,,
4978,-13184.3,10178.64,,,
4979,6718.265,-7632.12,,,
4980,1123.66,16411.26,,,
4981,-65.3,21.92,,,
4982,-729.8,16763.4125,,,
4983,5978.89,62396.64439,,,
4984,-16915.88,37756.55,,,
4985,100.67,-3687.7,,,
4986,12388.985,-812.11,,,
4987,17583.1025,-3246.91,,,
4988,-4224.28,-7666.74,,,
4989,4198.205,4688.39,,,
4990,1613.535,-14309.3,,,
4991,35454.50563,-3213.24,,,
4992,-13353.4,4944.97,,,
4993,21568.27,-5704.76,,,
4994,1263.62,-13614.88,,,
4995,4728.45,-5597.91,,,
4996,-10905.04,4250.55,,,
4997,13782.3075,-23800,,,
4998,-3186.76,9321.97,,,
4999,-1866.98,-15780.08,,,
5000,-5048.08,-9163.2,,,
5001,266.96,347.465,,,
5002,15181.175,-20535.48,,,
5003,2380.72,-16498.32,,,
5004,-3088.08,-5154.44,,,
5005,16808.65,15892.16,,,
5006,-3470.36,-3937.2,,,
5007,-14817.64,-11440.06,,,
5008,-5379.84,-10687.52,,,
5009,-1466.06,3910.44,,,
5010,41028.16,19265.115,,,
5011,18614.025,5747.33,,,
5012,740.16,-9031.44,,,
5013,-10885.48,17307.085,,,
5014,-14457.8,16734.675,,,
5015,-3539.27,-11102.9,,,
5016,-8024.2,38202.79,,,
5017,-7785.4,-6286.56,,,
5018,7996,-818.46,,,
5019,-5634.58,21590.3475,,,
5020,-9426.36,28582.82625,,,
5021,2998.08,-7973.59,,,
5022,-12248.32,-11004.58,,,
5023,24397.73,-9922,,,
5024,-479.48,-12761.52,,,
5025,-14624.48,-2781.44,,,
5026,5570.88,29880.8625,,,
5027,-13166.06,32501.19,,,
5028,-12717.24,-1477.08,,,
5029,-6754.58,2163.57,,,
5030,2456.72,23786.6025,,,
5031,1663.43,-16875.68,,,
5032,20433.01,14265.255,,,
5033,-10274.2,17695.26875,,,
5034,-10731.84,18246.1725,,,
5035,-3248.5,1343.425,,,
5036,12849.6675,-1670.05,,,
5037,6011.285,19401.28,,,
5038,-6076.58,-10466.06,,,
5039,-356.3,8916.115,,,
5040,-13389.7,18861.58,,,
5041,-728.08,-23800,,,
5042,-11061.52,10044.47,,,
5043,-20825,38509.30125,,,
5044,-5422.34,10203.275,,,
5045,28840.795,12336.72,,,
5046,1004.2,4230.495,,,
5047,5048.6,25040.4375,,,
5048,5317.56,-8913.88,,,
5049,-10748.68,-6134.16,,,
5050,33958.65438,1061.44,,,
5051,5462.91,-15756.26,,,
5052,-2103.46,-8841.83,,,
5053,4384.31,14915.03,,,
5054,-6301.48,4159.67,,,
5055,-12275.02,14661.44,,,
5056,-1903.3,-12765.24,,,
5057,17004.88,6165.205,,,
5058,-10973.68,4360.26,,,
5059,4797.74,18575.51,,,
5060,-2489.22,18821.9025,,,
5061,32308.7725,5495.56,,,
5062,14402.59,1287.3,,,
5063,-8650.8,8584.17,,,
5064,2733.54,-6776.54,,,
5065,12263.85,8494.47,,,
5066,5587.98,29673.30875,,,
5067,-9877.16,6756.2675,,,
5068,-6177.6,-8167.6,,,
5069,-4390.24,13794.6325,,,
5070,-485.73,-1344.96,,,
5071,-8465.36,-13685.16,,,
5072,-8341.22,16295.4275,,,
5073,3658.77,2546.24,,,
5074,36762.0325,15368.43,,,
5075,4681.62,-5737.2,,,
5076,-7133.8,61985.97406,,,
5077,-3125.995,-5128.26,,,
5078,-1642.66,-13493.6,,,
5079,3761.51,2600.87,,,
5080,-1974.52,-631.53,,,
5081,7256.795,6633.4,,,
5082,9893.195,-536.43,,,
5083,6126.43,-15395.28,,,
5084,-10184.96,13881.86,,,
5085,5789.8125,17876.96,,,
5086,-14633.12,-5672.91,,,
5087,-16876.92,-14710.48,,,
5088,1820.56,794.56,,,
5089,29832.115,-18033.12,,,
5090,-1854.72,1997.24,,,
5091,-14926.36,-5248.18,,,
5092,11162.72,20403.545,,,
5093,7538.21,-6750.27,,,
5094,-17292.92,-2431.12,,,
5095,-13094.6,-15267.24,,,
5096,-10362.43,15520.6975,,,
5097,-1071.02,-4376.22,,,
5098,1156.37,1285.08,,,
5099,-4405.94,-16542.24,,,
5100,-8689.84,19931.41,,,
5101,-10753.67,-7608.3,,,
5102,1366.43,-8758.3,,,
5103,-15753.12,15298.645,,,
5104,8170.785,-11061.16,,,
5105,1213.86,-1480.44,,,
5106,3173.96,-9432.62,,,
5107,4985.67,-5391.42,,,
5108,-7399.18,-10629.76,,,
5109,743.34,-12892.92,,,
5110,15770.4375,10431.495,,,
5111,-8299.96,-5810.84,,,
5112,12355.78,26574.555,,,
5113,-7764,-2358.3,,,
5114,25336.535,-5401.9,,,
5115,-5264.56,-439.06,,,
5116,31115.39,9787.165,,,
5117,-5854.26,-13739.2,,,
5118,1890.51,790.52,,,
5119,-6766.04,17067.385,,,
5120,-9189.97,-8606.44,,,
5121,-580.82,8001.96,,,
5122,290.085,-10773.5,,,
5123,12974.49,45706.8425,,,
5124,7755.405,2919.56,,,
5125,1858.36,10987.485,,,
5126,-11999,4785.35,,,
5127,-11805.76,-7964.06,,,
5128,-3719.67,10961.17,,,
5129,-1343.2,10426.64,,,
5130,-8427.04,-5014.38,,,
5131,-1909.77,8057.13,,,
5132,-27.75,-12808.8,,,
5133,-5976.96,-7169.96,,,
5134,11076.26,11837.71,,,
5135,38568.51062,20379.6575,,,
5136,11701.69,-7401.04,,,
5137,-13874.68,22196.64781,,,
5138,-2466.14,8135.85,,,
5139,-15772.64,2464.44,,,
5140,10289.675,-15827.72,,,
5141,8063.11,33495.975,,,
5142,-15640.88,-1608.48,,,
5143,-4982.18,2522.69,,,
5144,-11357.44,-6916.42,,,
5145,-722.08,6072.33,,,
5146,11928.9825,2473.92,,,
5147,-17332.36,8240.84,,,
5148,4984.28,-1199.22,,,
5149,-8881.68,21661.805,,,
5150,-14922.64,19726.685,,,
5151,-1755.86,18893.25,,,
5152,-5770.5,-2955.26,,,
5153,-5181,26994.07,,,
5154,8735.815,24361.5825,,,
5155,-4729.56,-11108.8,,,
5156,518.2,-7287.52,,,
5157,-11629.8,-6477.22,,,
5158,2631.98,10386.215,,,
5159,-4416.98,319.47,,,
5160,-4881.78,13735.9,,,
5161,4712.22,27371.11,,,
5162,-4865.24,1668.155,,,
5163,3323,-5306.03,,,
5164,-11384.48,4725.37,,,
5165,-10013.6,-7712.52,,,
5166,8101.35,24072.105,,,
5167,46610.8875,525.14,,,
5168,-5544.54,-5505.26,,,
5169,-11631.6,22245.38,,,
5170,-8845.72,-2802.26,,,
5171,14463.77,-8125.54,,,
5172,-7309.26,15327.865,,,
5173,4697.56,-18120.96,,,
5174,-12595.96,-15736.16,,,
5175,31922.94625,23910.49375,,,
5176,3380.01,-5972.32,,,
5177,284.5,-1127.58,,,
5178,3173.88,-1675.815,,,
5179,-4788.74,-7243.96,,,
5180,-6862.3,3894.29,,,
5181,11303.58,-6306.12,,,
5182,24448.25,-3944.78,,,
5183,-16621.92,4396.15,,,
5184,-4032.44,-8137.52,,,
5185,11676.595,-9234.98,,,
5186,-3338.3,-7.8,,,
5187,9253.96,-10933.12,,,
5188,-4224.7,3402.32,,,
5189,-11079.08,93664.7275,,,
5190,2352.09,-3717.42,,,
5191,-8876.88,-9308.98,,,
5192,-12805.08,-10370.46,,,
5193,3052.32,-16272.82,,,
5194,12621.81,20648.74,,,
5195,15453.965,-4879.26,,,
5196,-8780.84,-6118.1,,,
5197,6152.52,-4920.64,,,
5198,-8119.96,754,,,
5199,21921.92,498.42,,,
5200,15214.5475,-295.5,,,
5201,-2345.3,-10216.74,,,
5202,-10264.04,-12174.68,,,
5203,-12975,18106.7025,,,
5204,-12300.68,1515.885,,,
5205,61116.3175,16813.94,,,
5206,9856.53,-12134.48,,,
5207,-8101.16,-13059.98,,,
5208,-7572.84,6109.81,,,
5209,5185.695,17591.1175,,,
5210,30875.12,5910.94,,,
5211,-8806.26,21278.20875,,,
5212,10646.82375,31707.6125,,,
5213,5027.065,-454.76,,,
5214,8362.8,-4260.52,,,
5215,4861.89,12783.58813,,,
5216,3797.05,-6105.94,,,
5217,-15650.16,4041.43,,,
5218,-576.63,12611.4,,,
5219,-8007.44,-3965.24,,,
5220,5870.79,415.34,,,
5221,18878.47375,-7746.5,,,
5222,-10258.8,-754.62,,,
5223,-11402.14,3847.83,,,
5224,6657.31,3767.7,,,
5225,3272.01,3366.52,,,
5226,1545.58,-7082.3,,,
5227,11147.7475,9670.33375,,,
5228,5913.23,-269.46,,,
5229,-6373.86,19228.275,,,
5230,20788.28,3095.24,,,
5231,583.98,7602.55,,,
5232,-9484.04,-3937.02,,,
5233,-547.36,-11284.48,,,
5234,13115.48875,-10081.26,,,
5235,-2118.04,3557.6275,,,
5236,-11779.76,-1993.28,,,
5237,2253,1934.49,,,
5238,1048.37,-2650.45,,,
5239,-3573.09,51699.34,,,
5240,-1619.05,38488.1275,,,
5241,5189.02,24385.8725,,,
5242,-14281.76,-7830.85,,,
5243,328.62,11446.875,,,
5244,37691.215,8690.75,,,
5245,-6960.38,-15736.16,,,
5246,-9109.08,15065.8,,,
5247,736.71,19757.855,,,
5248,-3616.2,12402.0725,,,
5249,11972.795,-6620.64,,,
5250,15350.645,3858.13,,,
5251,-1611.82,4420.06,,,
5252,-3345.73,-12715.06,,,
5253,-9599.66,-3481.21,,,
5254,-14076.36,12987.395,,,
5255,-668.1,5529.59,,,
5256,-9125.68,16284.9225,,,
5257,-4598.98,9832.63,,,
5258,391.5,6417.655,,,
5259,3894.09,23461.13,,,
5260,6098.845,12847.97,,,
5261,-6091.62,-8208.16,,,
5262,-4505.72,-6453.58,,,
5263,28.36,1670.24,,,
5264,-2551,20648.97,,,
5265,-9233.12,25441.4775,,,
5266,-3503.25,13832.725,,,
5267,-10213.02,724.37,,,
5268,-9209.58,9834.175,,,
5269,-8869.72,8677.775,,,
5270,4531.63,20528.2525,,,
5271,17948.27563,1953.5,,,
5272,-739.54,12793.93,,,
5273,-8508.2,-3555.94,,,
5274,5724.11,-12823,,,
5275,-11062.24,9904.59,,,
5276,1361.385,5457.54,,,
5277,6863.895,10883.945,,,
5278,4292.5,1965.66,,,
5279,-4777.4,-1215.15,,,
5280,3101.34,-353.26,,,
5281,6697.545,17192.6175,,,
5282,21491.92,501.32,,,
5283,9352.58,-11500.36,,,
5284,-12217.76,-6236.93,,,
5285,-3513.42,26357.68406,,,
5286,-16875.68,-2243.69,,,
5287,-2626.22,-14501.72,,,
5288,4631.34,2419.47,,,
5289,-7346.5,10870.38,,,
5290,22420.935,11086.26,,,
5291,-13612.8,-10566.24,,,
5292,6452.54,-9823.59,,,
5293,-6686.84,12690.3,,,
5294,-6019.14,18529.86,,,
5295,9528.245,30847.65,,,
5296,21125.725,1317.02,,,
5297,-11445.96,8023.37,,,
5298,-11676.04,-6818.96,,,
5299,25258.61,-9277.04,,,
5300,-12380.08,5113.935,,,
5301,-17167.76,-6726.72,,,
5302,19408.43,13864.47562,,,
5303,5199.14,-5820.46,,,
5304,-9819.96,-12377.9,,,
5305,25164.66,-5364.65,,,
5306,-17344.6,-4379.94,,,
5307,11908.255,-1195.32,,,
5308,-4954.62,21621.00313,,,
5309,4458.73,-15442.92,,,
5310,62014.93375,-8690.56,,,
5311,-5060.36,19957.27,,,
5312,19909.19,7551.23,,,
5313,2993.54,10682.585,,,
5314,1742.29,14033.585,,,
5315,21966.4825,-7844.28,,,
5316,-6322.38,-6867.33,,,
5317,-7163.68,26787.41688,,,
5318,-7363.38,-4583.48,,,
5319,-763.1,2077.14,,,
5320,-13054.4,-5627.085,,,
5321,-7050.44,-14519.28,,,
5322,-6245.7,1462.71,,,
5323,1656.835,-15442.92,,,
5324,-10480.64,3402.14,,,
5325,-5203.64,25472.2875,,,
5326,17935.69,15069.425,,,
5327,-16201.96,-13189.88,,,
5328,-13108.4,7135.895,,,
5329,-10234.98,25827.6,,,
5330,-10820.12,11578.73,,,
5331,-7337,-11958.8,,,
5332,-5488.08,81802.15,,,
5333,24104.2675,73217.1575,,,
5334,-15155.58,28481.1125,,,
5335,-3953.1,-11872.82,,,
5336,944.7,19808.63,,,
5337,-13928.04,-11020.96,,,
5338,4135.0525,11008.495,,,
5339,2575.58,6167.66,,,
5340,14798.01,23859.04,,,
5341,21278.05,-17011.16,,,
5342,-10712.2,1111.62,,,
5343,-1828.88,14818.1825,,,
5344,-421.72,-9528.22,,,
5345,-17472.64,9007.5375,,,
5346,15098.0075,28629.95781,,,
5347,-2426.34,9590.3,,,
5348,707.74,-17169.28,,,
5349,25544.2475,12114.615,,,
5350,12468.975,-6488.88,,,
5351,-4278.96,16448.2375,,,
5352,18910.755,1056.22,,,
5353,20177.39031,-7389.56,,,
5354,9156.505,12085.95,,,
5355,-9189.2,-5054.26,,,
5356,18066.12,-5076.54,,,
5357,-10678.64,-8738.2,,,
5358,334.64,-18615.88,,,
5359,29295.2925,1674.28,,,
5360,-1937.5,2384.4,,,
5361,8591.76,-1993.28,,,
5362,39660.6575,-219.64,,,
5363,16673.2375,29831.635,,,
5364,-13830.48,20390.8775,,,
5365,24989.8,22730.0225,,,
5366,-10887.34,4002.59,,,
5367,-4385.42,-13277.72,,,
5368,-12172.88,-9289.38,,,
5369,291.45,-4523.5,,,
5370,21574.39,-2911.34,,,
5371,9127.64,11577.60625,,,
5372,75.72,6901.73,,,
5373,-7447.8,6337.03,,,
5374,-8155.56,-8285.52,,,
5375,-15820.28,-15604.4,,,
5376,-12811.4,19694.30625,,,
5377,19469.84,2406.72,,,
5378,-11956.94,2665.3,,,
5379,-14073.44,7020.195,,,
5380,-7633.48,4551.82,,,
5381,-8776.3,-8143.1,,,
5382,9381.315,-5659.07,,,
5383,2913.66,14754.275,,,
5384,28994.74625,26846.245,,,
5385,-14838.52,5101.91,,,
5386,-5486.36,4328.5,,,
5387,5893.8,11543.11,,,
5388,15829.085,9672.42,,,
5389,14581.4425,-16626.36,,,
5390,-595,17453.3425,,,
5391,-11535.44,-10859.48,,,
5392,7912.345,-15213.7,,,
5393,-5203.64,1042.79,,,
5394,-458.71,20854.14,,,
5395,335.25,713.525,,,
5396,1892.4,-3145.14,,,
5397,4765.14,20125.87,,,
5398,14978.1875,12772.9425,,,
5399,9595.29,-8764.2,,,
5400,-5542.2,4601.28,,,
5401,-6488.42,-1029.76,,,
5402,-14882.44,-1328.67,,,
5403,-3216.96,8822.51,,,
5404,-4126.38,7047.56,,,
5405,34264.50281,42309.405,,,
5406,-12363.3,2282.72,,,
5407,-19975,1137.89,,,
5408,-5705.96,-847.09,,,
5409,-11353.6,-983.66,,,
5410,6180.265,26278.87,,,
5411,-13581.44,-8431.53,,,
5412,-9705.28,15453.775,,,
5413,28058.25438,5253.64,,,
5414,-8963.7,33753.6,,,
5415,13583.185,-10555.76,,,
5416,-4140.66,11517.705,,,
5417,2275.24,1418.79,,,
5418,-7050.56,-6148,,,
5419,-393.91,-13930.76,,,
5420,-16490.88,-11489.88,,,
5421,6880.27,24502.51625,,,
5422,-3643.12,33546.71125,,,
5423,-2575.26,-4277.9,,,
5424,9877.63,-9590.06,,,
5425,-2521.84,13546.5575,,,
5426,3985.54,5647.825,,,
5427,-13830.76,-5613.38,,,
5428,-7933.98,-1580.215,,,
5429,27315.22531,3286.44,,,
5430,20741.49,8698.915,,,
5431,-13546,-7894.1,,,
5432,16248.38,12729.5,,,
5433,-3652.78,-10376.72,,,
5434,-7051.36,-1750.22,,,
5435,-726.44,-5324.77,,,
5436,-9466.46,-8299,,,
5437,17314.43,-12104.76,,,
5438,-4541.94,14787.31,,,
5439,-2075.54,-3847.32,,,
5440,31926.935,15461.35,,,
5441,-4024.95,6255.77,,,
5442,-365.36,-21638.52,,,
5443,-11253.76,6694.34,,,
5444,22817.1375,10986.0775,,,
5445,-489.06,-14057.8,,,
5446,5537.68,26554.6625,,,
5447,-17069.72,5491.75,,,
5448,-4165.26,-9119.28,,,
5449,-15714.96,23272.9925,,,
5450,-1594.04,-6217.92,,,
5451,13226.065,11912.94,,,
5452,-757.24,10211.985,,,
5453,-11825.18,7645.605,,,
5454,29677.07625,1632.22,,,
5455,6869.29,2550.55,,,
5456,-5825.57,-11695.64,,,
5457,-9247.32,7249.42,,,
5458,-1542.6,-2368.19,,,
5459,12223.6,-4135.02,,,
5460,4347.4,24328.775,,,
5461,-12078.76,1942.61,,,
5462,-10857.62,-6894.46,,,
5463,1641.06,21977.91375,,,
5464,2671.25,899.78,,,
5465,273.78,7945.6975,,,
5466,-9794.46,27551.34875,,,
5467,13732.83,-1302.9,,,
5468,12163.2,27266.845,,,
5469,7840.015,9731.72,,,
5470,-3706.78,-11302.4,,,
5471,5874.3,22122.15,,,
5472,20958.075,47898.81063,,,
5473,-16710.48,-540.83,,,
5474,1484.395,173.42,,,
5475,9256.1,4402.32,,,
5476,-10125.18,2311.12,,,
5477,-7126.18,16736.08,,,
5478,1502.775,-2292.42,,,
5479,-2359.96,1761.76,,,
5480,2229.48,2439.16,,,
5481,-1371.76,4124.87,,,
5482,-3002.06,5432.63,,,
5483,16846.19,2821.195,,,
5484,-7924.16,10344.97,,,
5485,-3697.88,-2729.76,,,
5486,10128.005,-7955.94,,,
5487,-4392.2,-14592.92,,,
5488,-464.9,-5165.28,,,
5489,13355.77,26650.515,,,
5490,-17901.6,-7117.42,,,
5491,2744.93,-9410.66,,,
5492,4701.515,15926.825,,,
5493,-8897.82,2257.31,,,
5494,-2190.42,-15931.94,,,
5495,11436.2925,-9138.79,,,
5496,9874.55,19378.08,,,
5497,-15732.44,27087.715,,,
5498,18106.985,23070.57625,,,
5499,-5616.2,-9691.92,,,
5500,13121.63,7251.55,,,
5501,10178.87,17997.47,,,
5502,-1023.59,-6016.24,,,
5503,-6346.73,12795.38,,,
5504,19803.4325,14249.3275,,,
5505,10053.53,-5864.38,,,
5506,7816.95,37066.485,,,
5507,-11627.9,-2520.14,,,
5508,3052.62,-10029.26,,,
5509,-7323.46,-156.71,,,
5510,-11704.88,6964.12,,,
5511,41068.69375,-5122.68,,,
5512,-11520.16,15054.73,,,
5513,-4787.02,14806.315,,,
5514,25675.8475,-20451.36,,,
5515,14418.4675,-9322.82,,,
5516,7643.385,-12805.08,,,
5517,1869.05,-10683.8,,,
5518,-8160,-2202.72,,,
5519,-7085.18,4252.19,,,
5520,-8411.88,13221.195,,,
5521,-5654.9,8384.945,,,
5522,37419.66875,-9955.44,,,
5523,-4198.46,17859.36,,,
5524,11332.035,-9558.48,,,
5525,-3585.3,88513.39621,,,
5526,698.82,24426.48063,,,
5527,19933.2825,-724.9,,,
5528,15058.55625,-10593.78,,,
5529,-9590.02,19242.475,,,
5530,-4515.36,13287.85,,,
5531,4517.345,-4962.7,,,
5532,-4682.38,13467.02,,,
5533,20504.77,-16470.46,,,
5534,-6131.66,4406.13,,,
5535,-179.84,-8474.68,,,
5536,-10773.5,-4595.64,,,
5537,-9451.84,-21770.28,,,
5538,5416.02,32670.835,,,
5539,2840.47,6930.18,,,
5540,-14935.56,-387.38,,,
5541,-9329.82,5024.96,,,
5542,-4209.66,-5662.7,,,
5543,-2471.22,-8943.6,,,
5544,-11677.72,4285.35,,,
5545,-9829.22,-3440.6,,,
5546,14955.065,11939.03,,,
5547,-9782.2,4822.6,,,
5548,-11755.58,23301.465,,,
5549,27423.7,7767.57,,,
5550,-9122.96,-4823.725,,,
5551,-8078.36,-13992.24,,,
5552,7706.79,6068.155,,,
5553,-8604.58,17623.33,,,
5554,-12.78,8450.78,,,
5555,4843.4,11754.68,,,
5556,2267.755,40473.12063,,,
5557,-14287.16,-3340.06,,,
5558,5465.19,49054.37375,,,
5559,-11572.14,7568.34,,,
5560,-2559.06,-979.94,,,
5561,771.51,-15981.76,,,
5562,-2129.18,-6640.74,,,
5563,1365.555,30653.6,,,
5564,-5969.36,20013.30375,,,
5565,-13991.56,-16831.76,,,
5566,28120.0475,32620.3375,,,
5567,-3389.48,-8428.9,,,
5568,844.75,8997.92,,,
5569,-4705.68,9355.95,,,
5570,15947.485,-6450.4,,,
5571,-7403.72,-9540.56,,,
5572,13255.7325,2311.12,,,
5573,6632.265,16483.31,,,
5574,10320.81,-16364.7,,,
5575,-14123.28,15737.3725,,,
5576,6214.97,6093.425,,,
5577,-9466.76,-2601.72,,,
5578,-10510.08,886.71,,,
5579,-8157.62,-4419.05,,,
5580,2475.25,15141.70375,,,
5581,2044.785,11377.91,,,
5582,31756.99844,-7311.34,,,
5583,3492.14,-6961.61,,,
5584,4708.83,-580.44,,,
5585,-9708,12323.51,,,
5586,4282.74,6130.27,,,
5587,7536.845,30840.1025,,,
5588,-6605.64,10161.0575,,,
5589,5498.73,36497.4475,,,
5590,16372.255,4756.36,,,
5591,13834.445,7882.81,,,
5592,-2516.06,-6263.7,,,
5593,33737.89938,584.76,,,
5594,-12956.86,-2422.32,,,
5595,-1296.11,26552.1,,,
5596,22879.705,6856.54,,,
5597,15370.185,-7510.84,,,
5598,-2978.08,2392.52,,,
5599,10874.88,4447.285,,,
5600,-9566.84,-13742.92,,,
5601,-1371.08,63760.07289,,,
5602,1966.68,28187.70125,,,
5603,737.82,14258.04,,,
5604,19233.46,10241.48,,,
5605,-6696.42,283.99,,,
5606,-12246.46,11220.97,,,
5607,-8406.94,9016.025,,,
5608,3353.135,-12731.44,,,
5609,2777.635,5213.165,,,
5610,4954.09,6327.91,,,
5611,-8423.28,2093.38,,,
5612,-12613.36,-6549.18,,,
5613,4519.59,-6974.18,,,
5614,2508.8,-7712.88,,,
5615,-19172.64,13209.805,,,
5616,18183.7075,-9633.98,,,
5617,13350.225,25824.73563,,,
5618,18055.08,-436.38,,,
5619,-4412.42,5344.79,,,
5620,-2060.08,-7638.88,,,
5621,-4673.16,20717.34375,,,
5622,-11302.76,-1216.92,,,
5623,-4976.9,-9188.88,,,
5624,-11619.78,14551.64,,,
5625,-4432.54,-11962.52,,,
5626,14489.98,-1127.76,,,
5627,-10592.24,7427.365,,,
5628,-15441.88,15990.53,,,
5629,-4313.155,2370.56,,,
5630,-9513.8,1325.64,,,
5631,10956.92,8026.595,,,
5632,2231.62,-8869.96,,,
5633,10785.7825,-15033.98,,,
5634,4378,11986.26,,,
5635,-11128.9,6649.28,,,
5636,-4364.97,-2292.42,,,
5637,-4942.6,10243.2,,,
5638,16259.92,8203.32,,,
5639,-11849.04,-73.68,,,
5640,5246.89,-16612.52,,,
5641,-12451.92,1018.155,,,
5642,7418.08,-15131.76,,,
5643,24184.59,-1165.24,,,
5644,-2.07,-10394.28,,,
5645,-8496.48,-899.86,,,
5646,-6766.92,-15263.52,,,
5647,2812.29,29139.06969,,,
5648,-11729.14,6981.63,,,
5649,25110.785,10828.91,,,
5650,21634.445,44463.85,,,
5651,341.63,14913.8475,,,
5652,6802.73,-2486.34,,,
5653,-9596.72,3558.945,,,
5654,-11538.52,-16377.04,,,
5655,3001.63,-995.46,,,
5656,4989.83,-7355.26,,,
5657,-336.34,-16498.32,,,
5658,-7149.68,15101.73,,,
5659,-1282.84,3810.85,,,
5660,18087.52,-6192.28,,,
5661,30324.62,2348.87,,,
5662,-11526.48,21175.8125,,,
5663,-9278.9,2423.87,,,
5664,-10462.34,27300.79313,,,
5665,-9570.64,-10246.46,,,
5666,-11240.8,-9031.44,,,
5667,10873.3,-14113.88,,,
5668,2005.92,47529.08313,,,
5669,4382.06,-16534.8,,,
5670,-9114.42,10419.97,,,
5671,1689.795,5048.6,,,
5672,-9697.48,7957.95,,,
5673,4565.25,8447.01,,,
5674,-111.14,-13256.44,,,
5675,4562.2,9157.4725,,,
5676,9602.19,1374.37,,,
5677,-468.38,-2837.7,,,
5678,3403.91,-18196.46,,,
5679,-15395.28,69562.61375,,,
5680,-7036.34,-7082.12,,,
5681,20569.25,-9410.66,,,
5682,-8658.88,21820.52,,,
5683,17691.39,22573.555,,,
5684,4256.63,25190.2575,,,
5685,4751.71,-7179.58,,,
5686,-11129.72,-133.48,,,
5687,6742.7,-10071.32,,,
5688,-4088.31,-11727.22,,,
5689,10577.315,33308.36,,,
5690,18592.23625,4176.8025,,,
5691,5340.64,-9230.94,,,
5692,-16875.68,12198.825,,,
5693,-10879.58,-8311.34,,,
5694,-15733.52,2061.665,,,
5695,10939.965,14865.115,,,
5696,29380.79375,8901.96,,,
5697,-7990.24,37491.74625,,,
5698,-10295.52,32810.13,,,
5699,-6979.66,11563.395,,,
5700,-4200.27,-4166.24,,,
5701,-9352.34,14999.2375,,,
5702,-15948.32,11808.495,,,
5703,16851.015,6674.42,,,
5704,1318.77,-1217.46,,,
5705,-7952.22,4578,,,
5706,-2658.86,33805.17125,,,
5707,-9887.72,24515.57,,,
5708,2519.89,7017.66,,,
5709,-7192.7,1350.78,,,
5710,-7301.98,14012.665,,,
5711,-8781.12,11401.19,,,
5712,-327.22,-803.4,,,
5713,6426.01,-9965.56,,,
5714,-10379.46,-5104.08,,,
5715,9000.56,53391.20438,,,
5716,4681.81,-7756.8,,,
5717,-8955.72,12354.59,,,
5718,-6104.08,8642.52,,,
5719,3626.65,11508.22,,,
5720,11466.045,-15442.92,,,
5721,-4152.71,-11196.64,,,
5722,-5241.19,6565.46,,,
5723,-9052.24,5264.75,,,
5724,-7181.46,-8855.76,,,
5725,-5872.84,17811.9225,,,
5726,12096.7,-10157.12,,,
5727,7112.8,55359.84719,,,
5728,-8106.5,1410.76,,,
5729,-8333.52,19248.375,,,
5730,32007.95875,-900.22,,,
5731,-2216.55,-7895.96,,,
5732,-2292.1,612.62,,,
5733,-11289.24,12895.925,,,
5734,-9440.32,17498.425,,,
5735,37168.2475,2097.42,,,
5736,-14589.2,-10478.4,,,
5737,-12751.54,-9015.38,,,
5738,10678.09,25508,,,
5739,-4102.9,-7828.58,,,
5740,12727.2825,19119.02,,,
5741,17.06,13132.27,,,
5742,13312.985,2949.735,,,
5743,13611.795,-1238.425,,,
5744,1199.56,3669.745,,,
5745,3692.415,-9594.1,,,
5746,-10487.96,-2796,,,
5747,16875.48125,-11084.66,,,
5748,2883.11,608.4,,,
5749,33667.485,6395.29,,,
5750,-12175.04,9843.11,,,
5751,29214.05,-8049.68,,,
5752,-13702.48,37981.5275,,,
5753,13223.3,-12761.16,,,
5754,-963.94,-6269.28,,,
5755,-3376.17,19489.665,,,
5756,15148.07,3411.53,,,
5757,13813.485,-630.12,,,
5758,-4398.66,-4061.02,,,
5759,-8957,-6644.78,,,
5760,1540.79,13252.505,,,
5761,-787.44,3979.41,,,
5762,16040.61,-1577.13,,,
5763,4069.42,-3559.66,,,
5764,-9596.64,-13944.6,,,
5765,20238.19,7812.62,,,
5766,-1798.24,-12501.72,,,
5767,7380.28,-8031.44,,,
5768,-11617.92,25456.9825,,,
5769,10240.19,-5824.86,,,
5770,-10446.64,-15776.36,,,
5771,-5929.65,10287.305,,,
5772,13959.955,18673.38,,,
5773,-5622.36,4739.57,,,
5774,-14139.92,874.1,,,
5775,66.655,10087.53,,,
5776,-6487.34,-9779.76,,,
5777,-11902.72,4449.6,,,
5778,-998.57,-2408.48,,,
5779,20185.285,15589.53,,,
5780,-3693.6,15463.94,,,
5781,10959.48375,3500.505,,,
5782,5308.54,4709.58,,,
5783,14886.8775,-2033.43,,,
5784,-19.87,-4228.67,,,
5785,36766.615,11579.815,,,
5786,3589.07,5589.57,,,
5787,-814.46,-7756.44,,,
5788,-15527.04,34393.75,,,
5789,-990.71,9986.35,,,
5790,-4880.2,-9251.04,,,
5791,-17384.8,-11284.48,,,
5792,6858.9,510.94,,,
5793,-1497.89,-1211.7,,,
5794,-2544.06,7188.03,,,
5795,6916.77,3737.71,,,
5796,18570.09,-14844.1,,,
5797,-18278.72,6340.525,,,
5798,-8801.98,10.44,,,
5799,-5031.76,-18029.4,,,
5800,2787.62,-6593.1,,,
5801,3089.32,23088.67625,,,
5802,-7491.06,-12513.7,,,
5803,-6555.82,-8638.02,,,
5804,-15644.6,-7389.56,,,
5805,-370.63,12690.93,,,
5806,-15298.32,29419.39625,,,
5807,8381.85,298.38,,,
5808,-5795.07,1681.085,,,
5809,-21675,16774.42,,,
5810,-5235.88,-8139.74,,,
5811,5142.46,12016.205,,,
5812,44301.51563,857.49,,,
5813,1359.18,8396.15,,,
5814,6352.86,-2845.82,,,
5815,-6819.92,1949.28,,,
5816,-5922.92,4413.39,,,
5817,-11653.26,34605.5225,,,
5818,25604.065,-351.22,,,
5819,7463.39,2707.54,,,
5820,10589.7375,6204.45,,,
5821,1294.56,-1068.37,,,
5822,13411.82,10679.045,,,
5823,1989.18,14506,,,
5824,4362.39,-4424.77,,,
5825,10906.92,10788.71,,,
5826,-2113.38,-17051.36,,,
5827,7911.72,6309.17,,,
5828,12455.31,-8344.78,,,
5829,-12330.76,39010.31813,,,
5830,24638.9125,-7035.75,,,
5831,-3383.5,11801.325,,,
5832,-2163.8,18654.365,,,
5833,-2782.86,19188.5525,,,
5834,-13519.6,31071.385,,,
5835,8273.84,13606.86,,,
5836,-7937.3,-3627.08,,,
5837,-12943.36,7465.57,,,
5838,-1032.86,-11326.54,,,
5839,-12805.08,25860.035,,,
5840,8591.545,24132.32,,,
5841,12085.4925,2629.09,,,
5842,-18073.32,23855.58563,,,
5843,-3591.83,7294.61,,,
5844,11616.68,-621.18,,,
5845,-11333,18616.2575,,,
5846,619.16,-243.46,,,
5847,-4997.48,-6613.2,,,
5848,-12599.68,-3274.72,,,
5849,6255.405,1295.06,,,
5850,4616.22,17592.57,,,
5851,-10524.16,1774.87,,,
5852,9135.43,19110.765,,,
5853,10453.74,-8091.74,,,
5854,2918.76,-5779.44,,,
5855,1981.79,21937.1025,,,
5856,-7952.2,13956.995,,,
5857,11692.3,-3493.01,,,
5858,19469.55,2508.4,,,
5859,20911.09125,-8802.22,,,
5860,930.78,-5186.34,,,
5861,-11152.72,974.28,,,
5862,19187.1175,-10772,,,
5863,-8857.06,9658.31,,,
5864,-7235.68,11159.08,,,
5865,-8882.12,3532.31,,,
5866,24473.17719,-457.71,,,
5867,-134.84,6393.34,,,
5868,-9769.78,28080.7525,,,
5869,-919.6,3188.98,,,
5870,1820.52,-10781.26,,,
5871,4408.35,-1823.5,,,
5872,11457.3,27091.37,,,
5873,-11831.04,-2526.22,,,
5874,-3821.98,-16963.52,,,
5875,3547.1475,-2863.38,,,
5876,-15728.72,-19172.64,,,
5877,11558.32,9471.375,,,
5878,-2264.07,-16805.76,,,
5879,2542.3,-8542.42,,,
5880,-242.82,5365.295,,,
5881,30714.345,-12838.88,,,
5882,-688.29,11130.45,,,
5883,-11307.92,-13479.76,,,
5884,-8061.44,6128.68,,,
5885,-4944.78,-6808.48,,,
5886,-4190.9,-5549.18,,,
5887,8459.3,68.56,,,
5888,-10564.38,22084.31,,,
5889,1439.84,20378.365,,,
5890,-11442.24,-257.66,,,
5891,5526.21,-15898,,,
5892,33848.30875,4815.34,,,
5893,-12587.8,189.3,,,
5894,-13090.48,15498.465,,,
5895,-13828.12,33302.46,,,
5896,-703.1,-1023.68,,,
5897,-5918.98,5760.58,,,
5898,10908.765,25574.6225,,,
5899,-11249.32,93.7,,,
5900,1245.54,-8355.26,,,
5901,-14706.76,3303.225,,,
5902,6256.23,-7084.16,,,
5903,-2326.86,8901.96,,,
5904,8979.4825,-1953.67,,,
5905,-17293.88,-17853.72,,,
5906,-18454.76,3292.34,,,
5907,-9510.84,9280.995,,,
5908,4036.99,12848.965,,,
5909,151.68,6391.66,,,
5910,6935.9375,-12659.48,,,
5911,2615.13,1089.66,,,
5912,-5563.1,-5353.67,,,
5913,44360.67438,2518.29,,,
5914,-678.87,-12579.58,,,
5915,3786.7,11356.45,,,
5916,-3602.82,-18791.56,,,
5917,-17472.64,24408.86,,,
5918,-4479.58,-11132.62,,,
5919,-12468.4,-12104.76,,,
5920,-6130.15,10628.32,,,
5921,30532.815,-15058.12,,,
5922,19839.75,5879.36,,,
5923,10707.72,-10745.64,,,
5924,-5689.1,27721.2,,,
5925,-14630.04,10972.195,,,
5926,2673.42,-11665.56,,,
5927,-8585.18,-8187.34,,,
5928,13664.06,2237.345,,,
5929,-4735.56,49019.45625,,,
5930,-2637.43,-17270.96,,,
5931,13365.32,-10288.88,,,
5932,-7168.5,9960.67,,,
5933,-11897.32,-13797,,,
5934,-6694.92,40340.05813,,,
5935,12670.43,-9749.68,,,
5936,-12852.24,-9394.96,,,
5937,-8558.8,-456.62,,,
5938,6162.75,-400.95,,,
5939,16357.705,1492.7,,,
5940,4610.3,21561.94,,,
5941,2035.98,10939.21,,,
5942,-1140.1,30160.6525,,,
5943,8863.71,-2081.12,,,
5944,-8682.62,-17432.44,,,
5945,10959.455,15989.2075,,,
5946,-7086.38,-7098.18,,,
5947,-2769.44,19483.82625,,,
5948,1258.64,21331.0875,,,
5949,4821.7,18260.58,,,
5950,-2328.32,5071.785,,,
5951,23705.115,24069.11,,,
5952,8395.95,10592.885,,,
5953,28951.63125,19408.45,,,
5954,23753.68,11250.96,,,
5955,-3533.46,3071.06,,,
5956,-4272.12,35235.63,,,
5957,12836.57,-5926.54,,,
5958,359.52,-7736.34,,,
5959,24870.29125,-9647.91,,,
5960,9594.32,59174.51875,,,
5961,-17047.64,13269.11,,,
5962,-15198.76,-7612.7,,,
5963,-7243.6,2755.95,,,
5964,-6171.14,1627.41,,,
5965,607.92,-6002.4,,,
5966,3718.08,39961.175,,,
5967,-3081.22,-2129.08,,,
5968,-14124,-5637.38,,,
5969,16921.305,-6307.98,,,
5970,5508.545,-6658.98,,,
5971,-3993.715,11250.69,,,
5972,-11425.12,-12046.64,,,
5973,-12242,-4477.49,,,
5974,-10706.56,9293.29,,,
5975,2971.105,-1612.2,,,
5976,8984.055,9341.795,,,
5977,-6713.36,-15776.36,,,
5978,12978.35,157.99,,,
5979,21081.825,-2634.16,,,
5980,33577.16625,9078.73,,,
5981,28986.7425,-6401.9,,,
5982,977.24,4608.445,,,
5983,13402.525,-484.48,,,
5984,10104.525,793.93,,,
5985,5750.8525,-9769.78,,,
5986,-3773.68,8752.03,,,
5987,7451.2525,13946.3775,,,
5988,-4389.64,13326.9575,,,
5989,1683.34,-2429.3,,,
5990,-7170.16,346.51,,,
5991,-10466.06,-11194.78,,,
5992,-9988.6,-933.61,,,
5993,-10097.24,15268.6325,,,
5994,-11784.98,15959.7175,,,
5995,-7375.36,-3266.15,,,
5996,-349.27,-18161.16,,,
5997,2898.32,5545.65,,,
5998,7082.22,37871.475,,,
5999,30409.255,5875.05,,,
6000,9081.43,-6335.75,,,
6001,5165.64,31712.49,,,
6002,-3814.04,-12717.24,,,
6003,-3129.84,4044.88,,,
6004,-11493.72,-2466.24,,,
6005,-3782.36,33400.3775,,,
6006,-1476.4,16874.7375,,,
6007,15243.43,-5500.04,,,
6008,30488.59359,3889.3,,,
6009,-14803.52,6976.46,,,
6010,-10375.38,2698.1,,,
6011,806.5,30352.36125,,,
6012,3322.6,8473.28,,,
6013,660.06,1892.02,,,
6014,-1046.3,-18615.88,,,
6015,-1244.99,3539.98,,,
6016,-16113.52,12782.95,,,
6017,-12773.04,8642.52,,,
6018,-3029.79,-12441.92,,,
6019,-4258.02,4739.3,,,
6020,6298.19,1464.3,,,
6021,-8615.56,12872.2875,,,
6022,-10200.18,5722.92,,,
6023,-8238.54,15379.545,,,
6024,-1966.5,-6981.94,,,
6025,-13279.92,3916.84,,,
6026,14281.22,803.82,,,
6027,-10037.04,21171.335,,,
6028,-3143.28,-718.55,,,
6029,-7565.72,808.99,,,
6030,-11835.66,3496.06,,,
6031,-2179.42,12010.17,,,
6032,5512,9905.9725,,,
6033,-4981.68,3629.77,,,
6034,-7770.64,5464.39,,,
6035,-20825,11933.22,,,
6036,4423.39,18419.93,,,
6037,-2650.32,21519.1325,,,
6038,-13556.68,6610.17,,,
6039,90.29,2754.225,,,
6040,5059.64,-5766.92,,,
6041,-2727.82,37361.40188,,,
6042,4710.485,11833.04,,,
6043,4801.59,-3877.04,,,
6044,289.98,47809.23375,,,
6045,21356.07828,26873.97,,,
6046,-11486.16,-6002.04,,,
6047,651.29,-8678.58,,,
6048,-12845.28,4637.8,,,
6049,40420.815,-14974,,,
6050,557.86,31387.395,,,
6051,24532.1075,25608.45,,,
6052,-5638.84,8676.82,,,
6053,-4828.63,19277.82,,,
6054,-5699.62,1933.4,,,
6055,-10758.28,-4517.6,,,
6056,-1207.44,-9849.36,,,
6057,1643.47,-9526.36,,,
6058,-18454.4,-3984.66,,,
6059,4178.32,9325.69,,,
6060,19138.14,-6744.96,,,
6061,26014.1575,22694.2,,,
6062,1666.46,-17787.52,,,
6063,14148.09875,4559.265,,,
6064,23766.355,27872.605,,,
6065,-1062.72,5039.75,,,
6066,-14043.92,8105.68,,,
6067,-12480.02,25125.735,,,
6068,5625.825,8552.55,,,
6069,25273.275,29655.5475,,,
6070,-10053.92,16736.125,,,
6071,2230,11497.33,,,
6072,3253.96,2546.51,,,
6073,-1833.315,-4783.3,,,
6074,-9840.28,1816.75,,,
6075,1608.12,4733.4,,,
6076,-11172.2,-10009.48,,,
6077,-10543.24,22495.475,,,
6078,-13521.46,7868.02,,,
6079,-13678,1390.93,,,
6080,-1810.28,-13156.44,,,
6081,-8648.5,-864.6,,,
6082,-2574.18,-2258.48,,,
6083,164.93,3667.16,,,
6084,-5235.18,13667.90875,,,
6085,3755.36,31331.85125,,,
6086,8898.95,5546.195,,,
6087,4142.1,-4515.74,,,
6088,-7765.4,78313.7775,,,
6089,45.74,3198.24,,,
6090,-8881.36,4379.09,,,
6091,648.84,-17809.8,,,
6092,11095.43,-7111.84,,,
6093,-9995.74,-11891.06,,,
6094,9438.86,11707.27,,,
6095,3732.17,3292.88,,,
6096,3182.68,3065.385,,,
6097,-11017.24,-1151.4,,,
6098,-13761.88,324.55,,,
6099,-6656.04,7983.13,,,
6100,626.69,19415.21,,,
6101,-2525.8,-11533.8,,,
6102,-5794.78,2136.755,,,
6103,-15640.88,13027.2775,,,
6104,-12025.84,-1626.13,,,
6105,-15089.7,-13458.21,,,
6106,-3586.07,-12280.44,,,
6107,4719.26,33883.28563,,,
6108,-2914.88,9432.54,,,
6109,-16068.32,-12.38,,,
6110,-14838.52,759.49,,,
6111,4048.055,6766.75,,,
6112,-7578.9,-1454.76,,,
6113,20883,-20825,,,
6114,10264.16375,10713.345,,,
6115,-11678.28,36995.2525,,,
6116,-9191.06,639.25,,,
6117,-832.12,28464.625,,,
6118,-14689.6,14057.81,,,
6119,11375.725,-5014.38,,,
6120,-15803.44,-17270.96,,,
6121,8292.81,7780.95,,,
6122,-17414.88,6949.92,,,
6123,31546.455,-2093.19,,,
6124,-5596.56,15037.3725,,,
6125,-5166.24,-9881.44,,,
6126,16687.55,13251.96,,,
6127,-8474.18,-8430.76,,,
6128,-47.76,-5369.78,,,
6129,4550.865,5332.22,,,
6130,-13180.46,22789.53,,,
6131,2789.55,22996.56,,,
6132,12269.74,38519.1625,,,
6133,753.87,31181.82,,,
6134,20909.565,22781.14,,,
6135,9193.91,-2553.76,,,
6136,3333.49,-2916.92,,,
6137,-4469.96,55102.56938,,,
6138,32073.0725,-18589.88,,,
6139,-4960.84,19806.7525,,,
6140,-10141.58,20757.995,,,
6141,-11779.4,-4963.06,,,
6142,-8151.32,-4964.56,,,
6143,-10308.98,-3739.74,,,
6144,-6189.26,-3979.85,,,
6145,3751.96,28955.93719,,,
6146,-3190.92,11740.75,,,
6147,17571.36,13574.83,,,
6148,-7449,21111.4,,,
6149,5420.4,21175.3025,,,
6150,3043.59,22299.875,,,
6151,75.98,28856.6125,,,
6152,17107.795,-12585.48,,,
6153,22458.57,-1362.61,,,
6154,-7484.22,726.82,,,
6155,-10789.08,9735.76,,,
6156,18342.85,6732.585,,,
6157,-4807.98,-3066.92,,,
6158,79.24,-3913.56,,,
6159,1575.73,-12687.52,,,
6160,2727.68,-13786.84,,,
6161,-2773.46,21700.915,,,
6162,1786.32,7767.61,,,
6163,-1859.38,8733.445,,,
6164,7363.14,-9442.6,,,
6165,16228.09,-1622.365,,,
6166,9616.62,-8428.9,,,
6167,20521.6875,-6577.81,,,
6168,2030.69,-1470.82,,,
6169,-7580.5,-15732.44,,,
6170,12520.55,15980.275,,,
6171,-4805.26,-671,,,
6172,5609.105,-8866.24,,,
6173,18565.59,32279.12188,,,
6174,16563.3075,-6866.24,,,
6175,-5373.24,-4230.26,,,
6176,12115.25,59076.35059,,,
6177,1133.88,-632.48,,,
6178,-11017.6,14742.4775,,,
6179,4011.68,-5252.22,,,
6180,9734.9325,6682.945,,,
6181,9418.415,-11048.86,,,
6182,26386.5625,-10815.56,,,
6183,-2987.38,27906.6375,,,
6184,3867.9,-5437.29,,,
6185,1697.83,33422.745,,,
6186,8950.09,8978.73,,,
6187,22800.305,-13669.28,,,
6188,5119.29,1343.2,,,
6189,22591.045,1132.81,,,
6190,-14038.04,28200.555,,,
6191,3173.79,636.53,,,
6192,7992.245,7431.54,,,
6193,6478.515,155.18,,,
6194,12137.04,25014.21,,,
6195,-13339.76,5798.42,,,
6196,-8120.54,-4637.7,,,
6197,-9416.08,-13567.24,,,
6198,-9316.44,-10168.01,,,
6199,-8207.8,21489.35,,,
6200,-1547.67,-11758.98,,,
6201,10580.285,-12032.44,,,
6202,3828.96,-10771.64,,,
6203,33453.83625,-19934.8,,,
6204,15573.19625,-13160.16,,,
6205,23268.245,-309.07,,,
6206,-6802.62,-2422,,,
6207,9634.16,13767.3,,,
6208,-3649.95,-4467.78,,,
6209,14507.93,-12896.64,,,
6210,-8873.34,2851.73,,,
6211,1271.68,-3145.595,,,
6212,8690.03,36652.19063,,,
6213,-7578.9,-1782.66,,,
6214,14697.3975,45049.385,,,
6215,-11794.32,-8664.56,,,
6216,8124.345,-13230.08,,,
6217,-12108.08,18883.9,,,
6218,7195.68,30312.69719,,,
6219,22042.205,5034.58,,,
6220,-10467.02,-1466.24,,,
6221,-7329.58,14927.80938,,,
6222,3332.2,-10478.4,,,
6223,-8806.26,-5405.44,,,
6224,-12761.16,17634.31,,,
6225,-2519.16,2476.64,,,
6226,4700.04,3105.36,,,
6227,6147.46,8621.65,,,
6228,18859.34,899.55,,,
6229,-2983.52,-2435.295,,,
6230,13345.835,-67.78,,,
6231,3274.2,32385.4925,,,
6232,4498.43,-11753.4,,,
6233,13755.2325,-12090.56,,,
6234,10505.73,-10478.4,,,
6235,-5619.1,2184.36,,,
6236,286.755,-1017.69,,,
6237,13819.65125,-5669.46,,,
6238,-10585.96,-12972.14,,,
6239,-511.34,10572.105,,,
6240,-203.31,-11783.12,,,
6241,-8910.16,21616.57,,,
6242,5618.12,-2420.82,,,
6243,-9907.44,-10139.29,,,
6244,-10169.1,-12722.82,,,
6245,3730.4,35804.955,,,
6246,-2246.76,12333.54,,,
6247,-1506.44,-12076.72,,,
6248,1952.66,-7417.42,,,
6249,-3785.24,5324.3925,,,
6250,5179.43,12899.47438,,,
6251,13109.895,4859.6025,,,
6252,-15802.72,-7358.98,,,
6253,21874.66,25014.075,,,
6254,6168.5,4995.47,,,
6255,2454.84,44728.20844,,,
6256,949.01,-18326.36,,,
6257,-13080.32,-8981.62,,,
6258,6899.545,-11330.44,,,
6259,-4226.54,-4672.91,,,
6260,7176.69,8459.08,,,
6261,-5802.93,-1529.67,,,
6262,5143.64,-7025.86,,,
6263,1107.76,4579.95,,,
6264,7281.71,2339.25,,,
6265,19214.03,-14417.24,,,
6266,-6277.9,12440.3225,,,
6267,-3272.32,-161.52,,,
6268,-11884.7,-2504.62,,,
6269,-3710.09,-8307.3,,,
6270,26402.7025,-7892.28,,,
6271,-9241.6,-4346.32,,,
6272,-17534.48,13415.53438,,,
6273,4562.03,-11897.32,,,
6274,-10766.32,2014.16,,,
6275,-6838,3524.28,,,
6276,4863.98,18005.365,,,
6277,-12204.4,13421.1725,,,
6278,34.115,-5861.2,,,
6279,-5142.42,1551.78,,,
6280,-1914.39,18968.16,,,
6281,17602.7475,-15776.36,,,
6282,8137.71,-520.64,,,
6283,20966.7025,11274.78,,,
6284,-11475.98,25627.595,,,
6285,15838.305,15565.25,,,
6286,20029.225,7211.395,,,
6287,-14610.28,-8740.06,,,
6288,-8996.18,17518.11,,,
6289,-14794.6,-14744.78,,,
6290,-8105.96,20971.05125,,,
6291,5204.74,-12253.9,,,
6292,7906.43,-5322.18,,,
6293,-9681.94,-11709.48,,,
6294,6936.1,7762.62,,,
6295,1783.57,-12208.12,,,
6296,-9057.8,8381.6525,,,
6297,12469.91,-5974.18,,,
6298,-6002.31,-2565.83,,,
6299,9349.52,-3376.58,,,
6300,19998.09,525.14,,,
6301,-9647.12,13605.635,,,
6302,-3699.52,-10669.87,,,
6303,458.22,-3418.46,,,
6304,-10297.76,27155.545,,,
6305,-18791.56,12491.07,,,
6306,6126.84,-3466.42,,,
6307,11370.395,1700.46,,,
6308,1499.92,-5083.57,,,
6309,-4449.86,8225.55,,,
6310,-3116.74,-2631.98,,,
6311,-612,7456.995,,,
6312,10711.02,3625.23,,,
6313,358.52,-10062.7,,,
6314,24343.885,7606.95,,,
6315,-10365.8,13823.51,,,
6316,-8519.37,16200.42,,,
6317,1725.1,9642.52,,,
6318,-6497.28,36483.07625,,,
6319,17187.06,-14055.94,,,
6320,-9418.32,-6149.86,,,
6321,2321.32,-19172.64,,,
6322,1601.56,-1490.06,,,
6323,42128.255,-5854.76,,,
6324,21760.63125,1205.63,,,
6325,10753.975,-5861.02,,,
6326,-1185.82,1291.61,,,
6327,-2983.5,9761.94,,,
6328,5391.31,35640.255,,,
6329,50517.12375,-5285.66,,,
6330,-4820.28,-6811.2,,,
6331,27789.6025,-6502.81,,,
6332,-5633.39,22330.135,,,
6333,-3161.73,4618.79,,,
6334,30437.745,11349.56,,,
6335,-20022.64,-3457.98,,,
6336,19932.005,28077.85938,,,
6337,-8174.88,-7193.78,,,
6338,-4528.58,-5934.66,,,
6339,-14684.6,-14714.56,,,
6340,11098.9,8623.51,,,
6341,-2739.34,-5172.5,,,
6342,-9311.04,6860.215,,,
6343,10144.545,13833.19687,,,
6344,-12359.98,14679.8175,,,
6345,1920.94,11537.53,,,
6346,11292.025,5222.42,,,
6347,-17941.56,2867.245,,,
6348,-5068.42,261.62,,,
6349,-2528.44,-7107.8,,,
6350,-5883.28,4396.51,,,
6351,35166.06,10061.67,,,
6352,18633.19,866.75,,,
6353,-3199.77,6263.71,,,
6354,-15600.68,6398.1,,,
6355,-6688.7,24897.695,,,
6356,-2804.8,18600.28,,,
6357,8666.71625,10123.3525,,,
6358,15020.03,10895.29,,,
6359,25481.5275,-11140.38,,,
6360,-5139.54,-9544.28,,,
6361,4679.295,2254.77,,,
6362,-13074,17899.5975,,,
6363,-6835.52,1882.54,,,
6364,16173.6225,2232.9,,,
6365,-18615.88,-896.36,,,
6366,26599.7175,38150.21688,,,
6367,-4100.78,4250.55,,,
6368,5440.2675,38285.23625,,,
6369,-11735.48,-9760.02,,,
6370,-7260.62,18779.045,,,
6371,-1677.18,-2901.13,,,
6372,28205.165,3315.93,,,
6373,37.3,-3909.16,,,
6374,21446.785,53348.01359,,,
6375,100.28,-10595.96,,,
6376,-1102.84,6668.16,,,
6377,-15506.52,3318.88,,,
6378,5412.795,-10659.98,,,
6379,-7803.66,23810.8125,,,
6380,5700.805,1558.58,,,
6381,-1881.18,-10330.26,,,
6382,1359.72,2999.1,,,
6383,45002.755,5216.52,,,
6384,647.86,-6289.38,,,
6385,16051.5225,-4974.86,,,
6386,27762.88,3091.75,,,
6387,-2988.66,-14239.7,,,
6388,4972.64,20067.30625,,,
6389,9262.92,-12046.64,,,
6390,-3782.58,-1957.12,,,
6391,18268.47,10059.22,,,
6392,603.6,27537.1025,,,
6393,-5058.94,-2879.26,,,
6394,2952.41,-10566.24,,,
6395,-2864.72,9271.875,,,
6396,-7859.57,-10883.3,,,
6397,9472.68125,28401.66297,,,
6398,8765.075,-10128.9,,,
6399,-18544.52,-10033.3,,,
6400,-12641.88,-11958.8,,,
6401,-7939.68,44306.14,,,
6402,-1965.15,-13699,,,
6403,-8529.86,-12204.4,,,
6404,-13021.48,21502.095,,,
6405,13865.09,22826.915,,,
6406,-1686.5,21878.595,,,
6407,-5999.48,-180.895,,,
6408,12441.0825,5691.34,,,
6409,15026.645,-1127.99,,,
6410,9517.7,-11242.42,,,
6411,-101.81,35754.18125,,,
6412,-4840.92,11999.19,,,
6413,-3574.24,-15399.36,,,
6414,21698.2975,-3587.52,,,
6415,5518.17,9622.42,,,
6416,-6015.48,-1558.66,,,
6417,3146.485,-6776.54,,,
6418,2541.88,7202.55,,,
6419,-12453,13276.1625,,,
6420,-2060.98,6796.965,,,
6421,1426.55,6924.51,,,
6422,64128.25563,-2938.88,,,
6423,-8380.67,5145.015,,,
6424,-4784.96,7319.925,,,
6425,6259.81,7168.02,,,
6426,-8701.72,-18502.04,,,
6427,9077.2,10498.4175,,,
6428,-8191.32,5496.15,,,
6429,3120.21,-902.49,,,
6430,-6833.98,-10567.51,,,
6431,1332.47,6457.675,,,
6432,-8953.68,37052.3025,,,
6433,-5338.86,7330.00625,,,
6434,-994.54,4063.89,,,
6435,-7967.4,6790.3,,,
6436,-7356.54,3330.36,,,
6437,19345.01,-2265.6,,,
6438,-13816.24,6174.19,,,
6439,-47.44,-7399.18,,,
6440,-8371.16,-12130.76,,,
6441,-11617.92,-7329.58,,,
6442,-11061.16,-12336.16,,,
6443,-6789.78,23521.66625,,,
6444,1607.77,-5146.14,,,
6445,1262.525,-11462.02,,,
6446,4530.78,4871.06,,,
6447,-11576.74,15421.38,,,
6448,-18190.88,37611.6725,,,
6449,-1125.56,15740.3,,,
6450,-5173.76,12863.12,,,
6451,-446.275,8937.94,,,
6452,-7697.275,-12592.92,,,
6453,1630.275,-7985.66,,,
6454,5351.775,7056.04,,,
6455,-7622.82,19746.605,,,
6456,1418.97,8311.535,,,
6457,-13540.76,-5168.1,,,
6458,-7397.32,15289.71,,,
6459,6755.73,4918.61,,,
6460,-12975,-3532.89,,,
6461,40860.55813,-321.5,,,
6462,-302.76,26991.525,,,
6463,-11113.92,6007.86,,,
6464,13213.615,-9418.46,,,
6465,1851.6,6805.82,,,
6466,8705.38,-2166.83,,,
6467,-10592.24,-9907.8,,,
6468,1361.115,16957.7925,,,
6469,-3405.6,-8704.26,,,
6470,-8607.66,2353.59,,,
6471,29421.7375,-9095.46,,,
6472,-5589.38,8814.935,,,
6473,-1467.36,-1541.51,,,
6474,28767.75094,-10654.08,,,
6475,24085.98,4342.43,,,
6476,-1110.34,52170.82813,,,
6477,-13506.2,10462.03,,,
6478,5431.34,714.3,,,
6479,3297.64,-1474.13,,,
6480,506.89,-7672.32,,,
6481,20532.33,5112.62,,,
6482,-12511.84,7386.575,,,
6483,7423.48,-11460.16,,,
6484,11421.13,-5585.34,,,
6485,5383.355,-3894.96,,,
6486,7712.98,11812.03,,,
6487,14482.4,-2959.34,,,
6488,4880.95,3391.43,,,
6489,5644.47,3292.25,,,
6490,-9115.56,19443.475,,,
6491,11551.09,-14124,,,
6492,6151.17,-5912.7,,,
6493,-4244.8,3216.84,,,
6494,-1557.67,-2059.16,,,
6495,-1898.54,14202.185,,,
6496,-11213.92,-1588.38,,,
6497,-1507.48,-3294.55,,,
6498,11254.97,3604.225,,,
6499,11790.58,-3286.79,,,
6500,17394.4125,8372.33,,,
6501,-14135.4,61529.36762,,,
6502,7119.92,-6373.86,,,
6503,-6912.82,17857.54,,,
6504,-6393.6,6863.7325,,,
6505,-11742.68,16056.77,,,
6506,-12795.96,24039.76,,,
6507,-997.03,21555.48313,,,
6508,10106.79,-8223.5,,,
6509,-4779.18,29032.97063,,,
6510,24330.8975,8607.22,,,
6511,13872.715,29206.905,,,
6512,10118.975,18391.39,,,
6513,-12667.92,12574.42,,,
6514,-6992.42,10826.46,,,
6515,-8595.94,2378.59,,,
6516,-7531.04,-3103.08,,,
6517,4715.28,-12936.84,,,
6518,3825.02,5950.55,,,
6519,42404.57773,-6499.36,,,
6520,16429.81,-9065.74,,,
6521,-13049.24,10064.57,,,
6522,-6649.36,-1536.7,,,
6523,-11617.92,6423.645,,,
6524,-7620.96,20048.6,,,
6525,-5091.52,16711.355,,,
6526,15203.76219,-1789.47,,,
6527,-9529.6,6167.75,,,
6528,-169.72,11945.335,,,
6529,-6896.1,-7922.73,,,
6530,997.71,-14754.4,,,
6531,12929.865,8808.445,,,
6532,-2009.86,-6365.74,,,
6533,-10192.36,29613.5125,,,
6534,-6274.95,9867.82,,,
6535,-5072.68,6880.68,,,
6536,-1956.28,-14235.66,,,
6537,31013.57,31274.92,,,
6538,10750.29,4286.71,,,
6539,-672.78,12727.82,,,
6540,17179.31,-2881.35,,,
6541,5421.13,1257.58,,,
6542,23255.265,-15516.92,,,
6543,-4276.48,-15982.12,,,
6544,30930.155,21581.64,,,
6545,-15816.56,6679,,,
6546,10493.03,1915.84,,,
6547,1530.84,-17480.08,,,
6548,5881.82,-18120.96,,,
6549,-17340.88,-19982.44,,,
6550,19531.1475,-10376.72,,,
6551,-4224.18,-3071.73,,,
6552,-362.42,-7926.81,,,
6553,36110.09,17758.2025,,,
6554,-2656.48,1818.38,,,
6555,7046.7625,2466.34,,,
6556,-3515.87,-6780.26,,,
6557,-587.34,-7213.88,,,
6558,-2309.94,1678.32,,,
6559,23312.2875,-7830.08,,,
6560,-20407.44,17463.345,,,
6561,-10675.48,22338.03,,,
6562,32611.0025,-10552.04,,,
6563,12101.62,3450.64,,,
6564,-11131.76,1831.36,,,
6565,20336.99,4897.09125,,,
6566,-5356.12,26745.69781,,,
6567,1010.46,14273.375,,,
6568,-14654.68,-5022.41,,,
6569,-7795.1,10033.495,,,
6570,14972.09,17853.545,,,
6571,7463.585,-3813.38,,,
6572,-16335.72,13564.755,,,
6573,7606.915,-6286.02,,,
6574,-13219.52,-10084.98,,,
6575,20217.535,25639.7125,,,
6576,1324.235,-6798.86,,,
6577,2666.5,14015.345,,,
6578,2038.11,3829.27,,,
6579,-6593.1,-7331.44,,,
6580,3160.24,7748.4425,,,
6581,5233.9,5352.185,,,
6582,-3896.64,4314.3,,,
6583,3823.235,31235.42375,,,
6584,-19125,2179.36,,,
6585,-5942.02,-18278.72,,,
6586,18860.85,758.4,,,
6587,-9442.52,-10889.2,,,
6588,-1032.165,-6733.16,,,
6589,35471.08625,8419.47,,,
6590,-10656.24,-989.56,,,
6591,-4408.1,13330.45,,,
6592,-6382.89,7793.61,,,
6593,-9874.48,7883.9225,,,
6594,-8629.94,18208.3375,,,
6595,-14208.12,4504.18,,,
6596,16822.62,12957.265,,,
6597,-3338.2,21974.965,,,
6598,-9477.04,-19128.72,,,
6599,-16096.32,-2348.815,,,
6600,-3470.65,-11432.12,,,
6601,-10260.66,11240.525,,,
6602,4841.22,27427.3525,,,
6603,40779.20531,-5030.8,,,
6604,-2467.28,4491.84,,,
6605,-2382.44,11546.06,,,
6606,-4594.3,21459.13,,,
6607,19075.86,5891.025,,,
6608,515.74,-5042.78,,,
6609,1076.82,-15794.64,,,
6610,-10229.08,-10641.74,,,
6611,21838.5175,25433.45,,,
6612,-12397.36,-21052.04,,,
6613,30509.975,51427.24125,,,
6614,-5821.58,28307.3175,,,
6615,-2210.22,-1887.52,,,
6616,-7694.96,-3713.11,,,
6617,-9951.36,-7375.72,,,
6618,-8012.9,1937.8,,,
6619,-8847.66,-11749.68,,,
6620,-8560.28,8092.475,,,
6621,12695.835,-1584.07,,,
6622,-8368.28,16050.96,,,
6623,-3314.22,5641.25,,,
6624,-9018.32,-1286.155,,,
6625,12850.355,-2145.14,,,
6626,-14794.6,-12970.64,,,
6627,-844.89,-2134.93,,,
6628,24355.22,25590.5775,,,
6629,8155.17,25801.55,,,
6630,14154.56063,-7357.12,,,
6631,27598.73375,-16626.36,,,
6632,26511,1439.16,,,
6633,-1702.76,20442.4525,,,
6634,-16065.88,16384.73875,,,
6635,-4853.04,-9915.74,,,
6636,25521.49,-10815.56,,,
6637,-1251.58,3657.7425,,,
6638,-12336.92,26299.18125,,,
6639,-806.44,3808.67,,,
6640,4452.725,-5790.74,,,
6641,1553.4,-16201.36,,,
6642,-1380.08,8501.185,,,
6643,-1140.28,8762.8,,,
6644,1229.46,10229,,,
6645,-5893.16,5477.91,,,
6646,-14501.36,7765.75,,,
6647,-16959.8,11354.23,,,
6648,13568.93,-9163.2,,,
6649,1489.89,-6832.8,,,
6650,21449.70938,-1795.64,,,
6651,-1189.76,-10508.48,,,
6652,14966.5675,8574.42,,,
6653,4356.855,11883.495,,,
6654,3046.89,-15311.16,,,
6655,-3348.8,12152.91,,,
6656,-14453.24,2684.99,,,
6657,-10807.64,7017.25,,,
6658,626.87,37107.4775,,,
6659,4657.86,-2777.4,,,
6660,-5114.56,5468.66,,,
6661,12665.4725,17655.685,,,
6662,7503.955,35128.07219,,,
6663,2161.05,27251.31125,,,
6664,-3707.16,-2310.66,,,
6665,1452.64,1240.43,,,
6666,-635.16,15341.5925,,,
6667,18324.04,648.06,,,
6668,-8441.24,46107.43279,,,
6669,-11219.16,-1881.62,,,
6670,-13094.6,22610.27625,,,
6671,-706.485,-7120.14,,,
6672,-2039.33,-13610.84,,,
6673,-3798.48,7822.51,,,
6674,579.6,29659.675,,,
6675,-12394.28,19954.7275,,,
6676,11870.18,6063.94,,,
6677,634.86,22253.685,,,
6678,-9536.66,6397.78,,,
6679,-2941.06,-1207.3,,,
6680,-3019.56,3811.26,,,
6681,-22100,887.755,,,
6682,-13860.48,-2466.24,,,
6683,-13431.76,1719.015,,,
6684,3580.7,6585.17,,,
6685,5661.64,-15058.12,,,
6686,31.14,845.15,,,
6687,-12292.24,11600.8925,,,
6688,13042.95,18278.37,,,
6689,-13162.34,2638.39,,,
6690,-25.44,28128.64188,,,
6691,8929.48,8061.58,,,
6692,-8831.94,-1923.68,,,
6693,11328.39,214.98,,,
6694,-4084.28,4127.91,,,
6695,-14463.56,-638.2,,,
6696,-8879.92,18310.1775,,,
6697,24301.795,-3079.26,,,
6698,-9009.79,8704.23,,,
6699,-2624.94,56276.34813,,,
6700,7582.27,40210.17578,,,
6701,-358.58,-12713.52,,,
6702,-10718.72,278.77,,,
6703,27203.1475,28982.65875,,,
6704,-1295.8,-15014.2,,,
6705,-209.06,-9129.26,,,
6706,-14369.6,-9544.28,,,
6707,37783.9,55519.88348,,,
6708,-4122.58,-2080.94,,,
6709,-9320.96,13687.165,,,
6710,-6377.88,-10889.56,,,
6711,12665.655,4104.5,,,
6712,-2728.1,8512.03,,,
6713,678.04,-4639.92,,,
6714,-19975,5573.42,,,
6715,-6387.7,-10528.22,,,
6716,6082.31,-301.81,,,
6717,-596.67,-921.82,,,
6718,-1728.77,-9073.5,,,
6719,373.43,15288.89,,,
6720,48.2,7149.55,,,
6721,-8726.4,17714.07375,,,
6722,22199.2875,8417.07,,,
6723,-11867.24,18948.66688,,,
6724,-316.4,9931.22,,,
6725,29232.7225,-14124,,,
6726,-8582.62,-7549.18,,,
6727,-4104.32,28237.22,,,
6728,-9647.2,-16069.6,,,
6729,-10686.64,-10938.7,,,
6730,12543.82,-15556.76,,,
6731,-14368.68,496.92,,,
6732,-21250,13297.375,,,
6733,-16238.68,-4787.02,,,
6734,-17476.36,18684.4,,,
6735,16483.845,-173.86,,,
6736,-5879.74,1610.44,,,
6737,2858.615,28492.0775,,,
6738,4171.365,25016.47,,,
6739,29672.1075,3732.63,,,
6740,-2999.02,14990.53,,,
6741,20011.32,-10468.28,,,
6742,-14452.56,18245.97,,,
6743,4626.32,3680.95,,,
6744,7193.32,5756.5,,,
6745,30172.155,8690.75,,,
6746,2809.58,-3438.38,,,
6747,1913.9,-10013.2,,,
6748,-11735.48,30520.57,,,
6749,-2585.25,20412.67,,,
6750,13689.59,-1673.36,,,
6751,-4162.83,85262.8875,,,
6752,-8499.56,-9981.8,,,
6753,-15805.6,-4537.7,,,
6754,6998.66,26791.0025,,,
6755,-15473.04,12629.96,,,
6756,9184.505,-8664.56,,,
6757,5514.07,14669.335,,,
6758,3862.015,-11110.66,,,
6759,-16069.6,2220.785,,,
6760,-7064.9,18535.08,,,
6761,5168.28,-6555.85,,,
6762,2289.76,-8444.96,,,
6763,18365.21625,-14215.56,,,
6764,-7678.24,-10755.58,,,
6765,19319.885,-3873,,,
6766,-8323.08,11862.58625,,,
6767,-1321.76,-13209.98,,,
6768,-2654.82,-1402.76,,,
6769,-13901.94,29978.23812,,,
6770,-6759.12,6854.95,,,
6771,-14608.64,21815.6375,,,
6772,4836.16,-888.06,,,
6773,1554.28,-11079.08,,,
6774,-4577.04,10988.665,,,
6775,-8992.64,39466.16375,,,
6776,6376.78,-11943.28,,,
6777,-8723.36,-12595.64,,,
6778,-4486.78,-5385.84,,,
6779,-10487.88,-10127.04,,,
6780,-1769.26,2815.93,,,
6781,10707.68,-18326.36,,,
6782,-5649.2,22681.3425,,,
6783,-8092.1,-3196.82,,,
6784,15471.735,-3834.98,,,
6785,10847.67,-4846.73,,,
6786,-10146.72,25410.37875,,,
6787,5263.15,10322.74,,,
6788,25202.25,13607.085,,,
6789,-8824.54,1973.19,,,
6790,-9102.16,-1421.23,,,
6791,4957.9,-9941.74,,,
6792,28418.085,17198.33,,,
6793,-2474.62,5914.12,,,
6794,-3742.9,17728.185,,,
6795,-9623.56,6559.26,,,
6796,18394.43,7170.15,,,
6797,-1491.94,609.49,,,
6798,-5249.72,12512.5125,,,
6799,-10047.56,20369.2225,,,
6800,32344.41125,1895.74,,,
6801,-11629.64,16409.5375,,,
6802,-11192.92,6329.5,,,
6803,-5460.34,8660.67,,,
6804,26815.19375,1792.11,,,
6805,-3543.4,-3344.46,,,
6806,-17384.8,7888.12,,,
6807,20234.95,28664.535,,,
6808,37592.235,18867.9275,,,
6809,-8985.66,3058.72,,,
6810,-12117.28,11238.755,,,
6811,-2873.59,6124.37,,,
6812,16020.4825,-10913.02,,,
6813,-3491.89,12462.76,,,
6814,-15833.44,-7443.1,,,
6815,-22950,-9364.88,,,
6816,-2874.46,-8137.52,,,
6817,5864.285,1227.59,,,
6818,-2529.16,34789.80375,,,
6819,10576.04,15593.84,,,
6820,46792.13984,17664.435,,,
6821,2478.8,16409.49813,,,
6822,-263.46,-12928.22,,,
6823,4152.08,3101.14,,,
6824,-5098.5,52979.96125,,,
6825,-13501.6,5315.98,,,
6826,-11544.28,-489.06,,,
6827,-6182.05,-3783.66,,,
6828,14751.425,-10033.3,,,
6829,-15414.88,1757.445,,,
6830,-16333.12,-7012.2,,,
6831,-14380.4,16337.35,,,
6832,27745.54125,-5952.22,,,
6833,14653.245,5269.79,,,
6834,6083.55,-7824.18,,,
6835,10248.78,11279.59,,,
6836,-9382.8,6166.43,,,
6837,-2931.5,-1039.38,,,
6838,-3755.695,13058.9,,,
6839,18657.055,-2969.46,,,
6840,-14740.04,-4194.64,,,
6841,16027.365,-4787.02,,,
6842,-14349.08,-15061.84,,,
6843,-9793.84,5274.37,,,
6844,-14360.6,5300.0975,,,
6845,3473.01,-6555.44,,,
6846,-3474.27,25234.75125,,,
6847,544.53,-11473.5,,,
6848,9556.08,-3406.8,,,
6849,15309.3975,1274.92,,,
6850,-4919.94,18433.995,,,
6851,-5699.18,14254.635,,,
6852,7782.0375,-14930.08,,,
6853,-4109.18,33509.37266,,,
6854,10528.54,1981.72,,,
6855,-5325.66,9818.0675,,,
6856,2007.09,-1045.55,,,
6857,10170.29,6081.45,,,
6858,5816.4,8778.32,,,
6859,29267.31,3295.06,,,
6860,22729.7,11908.3325,,,
6861,32392.12594,-1287.38,,,
6862,1445.83,1551.96,,,
6863,-4780.62,2752.91,,,
6864,8127.855,2349.415,,,
6865,6517.9,21200.415,,,
6866,2997.07,25697.44063,,,
6867,-1374.68,-3354.26,,,
6868,9599.51,-5471.23,,,
6869,-2133.755,23443.4525,,,
6870,-13572.12,-12990.38,,,
6871,-8713.44,21859.0625,,,
6872,-5065.52,-17813.88,,,
6873,-567.38,-191.51,,,
6874,9682.6725,-11737.34,,,
6875,7253.98,17567.93,,,
6876,14339.68,12039.44,,,
6877,12076.16125,-15267.24,,,
6878,223.57,2809.76,,,
6879,9483.255,26454.60016,,,
6880,-5617.76,-3607.62,,,
6881,-5781.12,1052.095,,,
6882,13764.26,24730.635,,,
6883,-7448.24,-3966.74,,,
6884,-11374.24,-12377.9,,,
6885,-7315.38,14136.395,,,
6886,16936.805,-8089.92,,,
6887,5671.865,-13874.68,,,
6888,14165.82,7201.28,,,
6889,-18278.72,27552.36125,,,
6890,9172.42,-13162.34,,,
6891,2061.09,-6393.6,,,
6892,32588.07375,7567.975,,,
6893,-18190.88,10518.43,,,
6894,-14415.68,4057.765,,,
6895,-7620.24,14860.58,,,
6896,-4711.52,-1602.58,,,
6897,-7544.9,-5812.7,,,
6898,4075.5,-2312.52,,,
6899,12152.405,-4645.14,,,
6900,-10361.76,-11150.86,,,
6901,-10364.36,-12940.56,,,
6902,-10476.68,-10002.72,,,
6903,-12204.76,-1939.92,,,
6904,-11091.76,27805.77,,,
6905,-10889.2,-850.04,,,
6906,-6118,3500.73,,,
6907,4879.82,-5695.14,,,
6908,-5126.94,7134.26,,,
6909,-3764.54,-5321.82,,,
6910,-16963.52,-15193.6,,,
6911,5872.785,7727.37,,,
6912,-990.86,-13449.68,,,
6913,12099.545,34118.57,,,
6914,-1566.36,-20825,,,
6915,-6509.3,-7536.84,,,
6916,-15439.2,7717.02,,,
6917,19166.4925,1982.175,,,
6918,26745.46,-88.24,,,
6919,17193.1225,16383.85813,,,
6920,-6323.1,3482.085,,,
6921,-17007.44,-13534.16,,,
6922,-10724.2,-5866.83,,,
6923,13216.77,-18956.76,,,
6924,-13938.28,4961.03,,,
6925,-12336.36,-12222.32,,,
6926,-10184.96,8651.91,,,
6927,26631.59,20955.74063,,,
6928,-9616.22,17185.67375,,,
6929,-5611.34,-6350.04,,,
6930,-19125,-11841.24,,,
6931,-13995.72,588.8,,,
6932,2584.69,7008.04,,,
6933,-5446.46,35454.5075,,,
6934,-68.74,17197.24,,,
6935,11339.2175,-25639.2,,,
6936,10880.37,-12722.82,,,
6937,2897.51,271.42,,,
6938,-12935.84,-10264.74,,,
6939,-3250.7,12219.335,,,
6940,-1275.08,-7582.62,,,
6941,6540.375,-5908.3,,,
6942,21421.125,21413.87938,,,
6943,13070.425,-8646.64,,,
6944,16327.615,9142.385,,,
6945,-9763.88,15589.8,,,
6946,-7602.94,12223.33,,,
6947,325.57,19981,,,
6948,-6713.58,7521.6325,,,
6949,6961.5025,35353.47031,,,
6950,-6073.76,-7197.82,,,
6951,-7099.4,575.73,,,
6952,22817.825,1167.61,,,
6953,-14909.8,9799.19,,,
6954,1570.88,15903.505,,,
6955,17169.52,-9073.5,,,
6956,46827.3775,16479.42875,,,
6957,-15439.2,-7762.02,,,
6958,10091.585,-4274.54,,,
6959,15448.1325,8648.06,,,
6960,-12457.92,33712.7825,,,
6961,15464.295,-3466.24,,,
6962,22387.93,23733.54,,,
6963,-7837.32,4288.57,,,
6964,-10376.32,-2751.72,,,
6965,-5374.24,7398.33,,,
6966,14349.485,9112.03,,,
6967,-9454.42,44935.9925,,,
6968,-13297.82,7276.00375,,,
6969,-8142.31,-7195.64,,,
6970,-12836.6,29119.52,,,
6971,2751.02,28968.07,,,
6972,-6044.94,234.85,,,
6973,-12960.96,-2599.86,,,
6974,9391.17,-2151.04,,,
6975,-1841.91,2832.36,,,
6976,-12042.92,9321.15,,,
6977,-13741.06,-11941.24,,,
6978,-9449.2,16145.335,,,
6979,-7897.44,9444.88,,,
6980,9104.0325,10585.9,,,
6981,-12499.8,7705.4975,,,
6982,10232.11,-3408.89,,,
6983,608.27,7752.82,,,
6984,-20825,7473.055,,,
6985,8355.87,-2193.46,,,
6986,-6182.62,2192.84,,,
6987,4247.03,15686.85,,,
6988,10004.68875,51820.89219,,,
6989,4346.73,-6089.88,,,
6990,3459.69,-10130.76,,,
6991,5499.13,-8899.68,,,
6992,-8005.48,13935.04,,,
6993,16581.28,973.19,,,
6994,10797.18,-5837.2,,,
6995,40230.605,7428.365,,,
6996,-18659.8,-7157.62,,,
6997,-6389.7,3817.7,,,
6998,-14407.76,36777.3025,,,
6999,-7490.15,-17604.4,,,
7000,-5711.52,1017.88,,,
7001,-3188.79,9110.395,,,
7002,13411.26,-6924.36,,,
7003,-2465.1,-6391.42,,,
7004,-12013.2,10943.93,,,
7005,-1735.24,-8725.86,,,
7006,4715.28,16836.125,,,
7007,16614.43,9564.345,,,
7008,-289.5,46419.52688,,,
7009,-3814.76,22997.6775,,,
7010,7267.28,2414.75,,,
7011,9297.6,-3673.5,,,
7012,34481.045,-6659.34,,,
7013,-6067.14,5565.48,,,
7014,8207.71,37879.07375,,,
7015,-2997.74,-3534.07,,,
7016,-9995.64,-1040.1,,,
7017,-10824.92,-7942.1,,,
7018,34257.1875,9774.825,,,
7019,-4087.28,-1199.54,,,
7020,-3175.1,-1379.85,,,
7021,-6172.5,-4707.3,,,
7022,5999.14,29810.7175,,,
7023,4164.2975,-2566.42,,,
7024,-15728.72,-10294.96,,,
7025,2530.73,-8445.32,,,
7026,-16065.88,23998.47,,,
7027,-16578.72,6291.25,,,
7028,-1339.7,-1033.48,,,
7029,20500.52,14414.53,,,
7030,6821.17,5923.01,,,
7031,7585.765,-2282.8,,,
7032,25615.81375,3817.52,,,
7033,-14120.28,3129.045,,,
7034,8674.34,9180.18,,,
7035,-4526.96,9808.81,,,
7036,-4401.88,26002.64,,,
7037,20489.255,6497.33,,,
7038,-4555.78,-14106.44,,,
7039,350.295,-6820.46,,,
7040,-9522.24,-13048.5,,,
7041,-9714.52,267.52,,,
7042,1879.02,-11621.64,,,
7043,-8281.6,2183.81,,,
7044,2106.2,-6420.41,,,
7045,5720.62,3727.275,,,
7046,4484.11,10925.3275,,,
7047,10368.79,9463.26,,,
7048,-8474.96,21300.1925,,,
7049,1466.54,14096.8525,,,
7050,-3478.75,-3048.68,,,
7051,-15637.96,739.8,,,
7052,-13066.74,-2927.4,,,
7053,-226.26,16166.92125,,,
7054,10555.4,-1382.98,,,
7055,-12175.96,12251.37,,,
7056,8807.625,9212.58,,,
7057,4035.43,1486.03,,,
7058,-5645.96,-2737.88,,,
7059,-14369.6,6724.78,,,
7060,1072.28,-7492.92,,,
7061,20609.135,28342.69,,,
7062,5037.88,-6615.06,,,
7063,814.32,-18619.96,,,
7064,11007.3325,-15486.84,,,
7065,-8984.94,6401.55,,,
7066,-3038.94,2527.9075,,,
7067,-14471.64,9339.89,,,
7068,23695.77,19655.955,,,
7069,19044.8575,-7135.66,,,
7070,3988.74,20070.7,,,
7071,4633.94,18458.36,,,
7072,29625.96,-11665.56,,,
7073,-360.52,40294.76625,,,
7074,3224.14,-19553.72,,,
7075,-11328.64,-4946.64,,,
7076,-16.56,34146.39,,,
7077,-8219.78,5800.87,,,
7078,359.24,26165.345,,,
7079,30293.9325,20328.41,,,
7080,30593.85875,43.88,,,
7081,2416.5,-13142.24,,,
7082,-5443.96,-8003.9,,,
7083,26446.69,24113.6425,,,
7084,-6809.2,-5062.7,,,
7085,-8355.26,-6214.24,,,
7086,-11622,-5204.26,,,
7087,1758.36,-11152.72,,,
7088,-15424.96,-14034.3,,,
7089,20707.40125,109.76,,,
7090,4064.49,10542.34,,,
7091,-5330.54,29445.16,,,
7092,14439.665,469.15,,,
7093,1397.03,-4383.52,,,
7094,-8082.02,-7832.3,,,
7095,15155.05625,-10825.18,,,
7096,-4267.44,29680.955,,,
7097,-7126.04,5887.895,,,
7098,-7976.04,3340.84,,,
7099,4599.76,7434.49,,,
7100,30437.5475,-6171.82,,,
7101,4737.5275,23389.0275,,,
7102,9131.965,-6924.36,,,
7103,-11935.56,37363.43156,,,
7104,-6525.86,15263.62,,,
7105,38643.51125,7943.29,,,
7106,-3708.66,8264.12,,,
7107,-15816.56,-11999,,,
7108,42630.30688,-15017.92,,,
7109,-349.72,-13783.12,,,
7110,-1884.46,17097.92,,,
7111,1660.34,-13054.4,,,
7112,-10120.3,3469.11,,,
7113,24539.46438,8118.11,,,
7114,24453.9325,3129.18,,,
7115,34941.955,-5801.22,,,
7116,36544.14,-14255.76,,,
7117,-2518.28,6339.845,,,
7118,-3243.78,15316.6825,,,
7119,9348.1,-7487.02,,,
7120,30285.485,5147.69,,,
7121,21191.53125,2429.77,,,
7122,-13296,-9315.06,,,
7123,7655.415,11894.2,,,
7124,10921.26,48179.26875,,,
7125,9835.045,-8108.16,,,
7126,9269.05,6346.06,,,
7127,-13415.52,-4352.4,,,
7128,31093.21125,-7584.48,,,
7129,21527.73,4332.22,,,
7130,9585.81,-9061.16,,,
7131,-9112.68,-4847,,,
7132,-14076.36,8849.56,,,
7133,5973.15,-17915.56,,,
7134,5819.67,-10990.92,,,
7135,9430.2025,5786.58,,,
7136,-3099.76,20482.4075,,,
7137,12353.97375,14583.81,,,
7138,-5809.54,15118.7725,,,
7139,8109.9825,-5603.31,,,
7140,-5765.16,-14419.1,,,
7141,-8010.8,61108.69,,,
7142,3375.64,6437.62,,,
7143,-4156.4,16924.01,,,
7144,-5766.84,-1905.44,,,
7145,19747.865,7257.72,,,
7146,-4359.94,9281.95,,,
7147,4318.32,-2670.14,,,
7148,-18177.04,2158.49,,,
7149,4190.33,-7858.48,,,
7150,-7159.14,-1953.94,,,
7151,13094.32,-4911.02,,,
7152,-10693.76,12130.95,,,
7153,-4627.92,-5719.14,,,
7154,-6953.4,-17871.64,,,
7155,-9494.32,-8931.62,,,
7156,-364.52,10358.9475,,,
7157,2399.56,15343.385,,,
7158,-15100.36,14309.6025,,,
7159,18790.11,21294.655,,,
7160,-9057.8,4898.92,,,
7161,8574.26,18971.47,,,
7162,-1812.49,-1137.11,,,
7163,16228.93,5353.82,,,
7164,22980.495,40636.0625,,,
7165,4709.57,7818.925,,,
7166,-15453.8,-12521.46,,,
7167,-12768.16,7401.19,,,
7168,10628.08,-834.16,,,
7169,-6145.12,-7291.24,,,
7170,-7241.74,1898.46,,,
7171,1213.7,8208.3075,,,
7172,19381.815,18580.12125,,,
7173,-16089.84,-5237.7,,,
7174,-13988.52,2230.5,,,
7175,16337.265,3231.04,,,
7176,3033.27,12262.985,,,
7177,1706.9,7666.84,,,
7178,-5408.16,-19890.88,,,
7179,-4874.9,14466.66,,,
7180,-3628.62,-10073,,,
7181,4175.96,5645.83,,,
7182,7876.05,20370.11,,,
7183,-6079.07,28356.09,,,
7184,-13608.72,1332.36,,,
7185,7290.06,1751.46,,,
7186,-12394.18,60778.71188,,,
7187,-17402.72,15623.69,,,
7188,-14015.24,7293.88,,,
7189,2710.56,27052.37375,,,
7190,232.02,16449.1225,,,
7191,31716.65813,4976.55,,,
7192,-4459.88,-4177.49,,,
7193,-8568.78,37657.36,,,
7194,4631.82,-8644.19,,,
7195,-11509.26,6580.09,,,
7196,18418.57,23590.575,,,
7197,8456.18,-1658.3,,,
7198,-2348.66,-10144.96,,,
7199,-16450.68,-10216.74,,,
7200,-12378.22,19474.015,,,
7201,-100.26,-7523.36,,,
7202,9367.54,3773.87,,,
7203,9845.26,-7223.59,,,
7204,-11502.42,2132.49,,,
7205,-60.53,-12794.96,,,
7206,-10460.48,26689.03,,,
7207,-9074.1,-5138.38,,,
7208,4726.96,-8606.44,,,
7209,-12285.96,11864.48,,,
7210,2858.45,-2039.38,,,
7211,3920.645,21184.1025,,,
7212,-11435.04,-2468.1,,,
7213,-16289.2,16801.42625,,,
7214,8807.41,-8831.62,,,
7215,-16087.52,1023.78,,,
7216,-4083.86,5208.49,,,
7217,-3305.32,-4918.78,,,
7218,11731.4,29637.715,,,
7219,-5871.2,-3468.325,,,
7220,-16526.44,-9867.24,,,
7221,40850.5675,7316.93,,,
7222,-7662.42,-13274,,,
7223,28250.745,-5944.46,,,
7224,5661.95,-216.92,,,
7225,19222.33,11100.19,,,
7226,-17340.88,46002.18559,,,
7227,37803.02,-11442.6,,,
7228,6625.37,273.825,,,
7229,-9121.38,-1377.26,,,
7230,-4057.12,6132.13,,,
7231,-7497.76,22812.35,,,
7232,-10639.88,-12204.4,,,
7233,27690.51125,4663.665,,,
7234,-2446.18,12844.97,,,
7235,31612.5675,8199.01,,,
7236,-10001.76,11318.43,,,
7237,-6404.04,9013.21,,,
7238,-1244.66,-9530.08,,,
7239,-4607.62,-6657.12,,,
7240,15227.955,4621.74,,,
7241,-18275,2983.58,,,
7242,28934.08,-14167.92,,,
7243,9549.835,21471.15,,,
7244,-8538.7,17899.19,,,
7245,-7123.91,11581.95,,,
7246,-1387.34,-6714.38,,,
7247,1041.46,-10083.12,,,
7248,17742.655,5579.955,,,
7249,-11859.88,-13830.76,,,
7250,-8591.12,-600.4,,,
7251,-142.22,-10414.38,,,
7252,18428.975,-15952.04,,,
7253,-9218.2,-735.93,,,
7254,11177.885,16757.18,,,
7255,463.38,-5327.72,,,
7256,-6844.24,21544.565,,,
7257,-11881.12,-820.55,,,
7258,2454.095,35883.96125,,,
7259,13364.2475,14992.16,,,
7260,-16666.56,45067.5525,,,
7261,-12618.42,-8606.44,,,
7262,5150.96,-1773.68,,,
7263,10806.61,17606.635,,,
7264,-13527.52,13450.415,,,
7265,1531.54,21034.625,,,
7266,-8363.72,-12717.6,,,
7267,-19597.64,876.23,,,
7268,-15301.16,-1149.54,,,
7269,-14750.68,-1620.59,,,
7270,-8745.48,74322.84844,,,
7271,2855.05,-3324.36,,,
7272,32166.38172,16112.06938,,,
7273,3751.9475,12725.325,,,
7274,2095.99,-6335.84,,,
7275,2274.005,10502.955,,,
7276,-4675.72,-13493.6,,,
7277,-8862.68,-15091.92,,,
7278,23176.185,-9584.48,,,
7279,11159.05,9244.84,,,
7280,4550.24,-14301.54,,,
7281,6938.055,-9041.42,,,
7282,-2487.32,3637.8,,,
7283,18613.55,-13655.08,,,
7284,-10248.16,14694.61,,,
7285,6350.22,-638.2,,,
7286,-12029.44,-8596.32,,,
7287,9242.26,15402.73,,,
7288,16290.25,9896.785,,,
7289,-16480.24,-5693.1,,,
7290,-11222.64,3169.54,,,
7291,-4628.76,46331.4825,,,
7292,-19861.16,-4874.86,,,
7293,-19550,-2518.28,,,
7294,8405.74,906.22,,,
7295,1818.21,25945.88,,,
7296,-8349.36,-5031.53,,,
7297,-2276.98,-6483.3,,,
7298,-13068.6,25675.87,,,
7299,18808.645,-13323.5,,,
7300,-11519.28,7455.36,,,
7301,4586.33,-14016.6,,,
7302,3203.605,1393.38,,,
7303,493.85,-9921.64,,,
7304,-16153.72,-8005.76,,,
7305,4464,48493.665,,,
7306,-9128,-3603.58,,,
7307,-1262.02,-8107.8,,,
7308,-8981.94,890.16,,,
7309,-5865.5,43459.66625,,,
7310,-2829.94,12092.3625,,,
7311,-12635.48,24669.655,,,
7312,9917.44,-2792.69,,,
7313,3924.5075,-7122.18,,,
7314,7251.585,2228.09,,,
7315,5700.62,-14842.24,,,
7316,17415.6425,-19890.88,,,
7317,-6277.9,3653.09,,,
7318,26046.94,-1949.72,,,
7319,10091.095,-354.94,,,
7320,-11903.8,4096.74,,,
7321,-3306.62,-19220.28,,,
7322,6655.0925,7257.63,,,
7323,-9827.28,7801.78,,,
7324,2675.65,-10221.14,,,
7325,5576.25,8781.135,,,
7326,9756.0225,2045.38,,,
7327,-4663.7,1428.09,,,
7328,-424.86,22563.035,,,
7329,14477.1625,664.3,,,
7330,6475.09,16241.25,,,
7331,-13355.08,-3176.72,,,
7332,-4301.23,26544.95938,,,
7333,-4900.86,1917.97,,,
7334,-5778.99,5722.285,,,
7335,-11297.02,37818.96063,,,
7336,17766.245,17892.295,,,
7337,35713.325,-9905.26,,,
7338,-10909.3,15550.01,,,
7339,-3668.26,3405.315,,,
7340,3386.63,-8237.88,,,
7341,-14779.72,15995.29,,,
7342,7302.62,65.84,,,
7343,-9722.14,-17520.28,,,
7344,-9101.36,9009.715,,,
7345,5795.93,1987.8,,,
7346,-6944.46,13238.3,,,
7347,7391.81,20917.84,,,
7348,9130.9,13980.59,,,
7349,4390.05,-3284.66,,,
7350,-5715.88,-3032.98,,,
7351,-4479.54,23923.74,,,
7352,17144.3,5964.12,,,
7353,24256.155,4708.49,,,
7354,18043.305,-5589.38,,,
7355,-8384.88,18738.79125,,,
7356,-12114.7,52624.86188,,,
7357,17526.7825,10724.825,,,
7358,36473.49063,10780.95,,,
7359,-7462.14,31016.75063,,,
7360,6476.69,16564.845,,,
7361,-1283.9,7878.23,,,
7362,-5062.4,16160.08,,,
7363,4786.41,-71.82,,,
7364,8758.3,7018.065,,,
7365,6987.34,2763.62,,,
7366,15569.46,3494.47,,,
7367,-12033.6,1017.88,,,
7368,-9531.46,981.72,,,
7369,-10395.9,-2954.17,,,
7370,174.78,8909.58,,,
7371,16987.88,19923.80875,,,
7372,23090.485,-12517.42,,,
7373,-10717.36,-219.64,,,
7374,12132.68,-10390.56,,,
7375,3718.08,-7492.92,,,
7376,5315.58,-12130.76,,,
7377,-8278.72,10114.525,,,
7378,28819.77313,-1588.38,,,
7379,4422.8,-13995.96,,,
7380,-5107.34,-6259.66,,,
7381,-17342.96,15338.895,,,
7382,4532.04,675.91,,,
7383,-1328.18,5829.27,,,
7384,-14840.38,15126.78,,,
7385,-21250,-9506.62,,,
7386,7335.18,11259.125,,,
7387,-4262.46,8709.31,,,
7388,-11739.08,-8027.4,,,
7389,15259.63,104.95,,,
7390,-9363.02,-13523.32,,,
7391,-8649.06,-15351.36,,,
7392,-1591.26,-2520.14,,,
7393,1192.17,-5493.78,,,
7394,-6787.28,13541.3,,,
7395,-7368.86,8104.27,,,
7396,-3510.16,-8137.88,,,
7397,-9314.68,-2715.56,,,
7398,11929.125,-16117.24,,,
7399,-4487.56,-1816.51,,,
7400,2417.08,9866.295,,,
7401,-18275,7096.105,,,
7402,-11182.8,23575.875,,,
7403,-4636.46,2224.78,,,
7404,-9995.28,-2700.4,,,
7405,-1789.02,-8558.8,,,
7406,14247.42,3541.84,,,
7407,-5852.68,1143.515,,,
7408,-6677.26,1017.52,,,
7409,6561.72,22268.0925,,,
7410,22891.04,8805,,,
7411,-2643.08,16525.87,,,
7412,1262.78,-4597.5,,,
7413,2070.125,-15399,,,
7414,8218.1975,10398.06,,,
7415,-11240.56,26896.745,,,
7416,3429.98,6892.34,,,
7417,-10588.16,-10480.26,,,
7418,-5526.98,9452.05,,,
7419,35181.99625,6716.75,,,
7420,-10178.02,-2837.79,,,
7421,18503.52375,18858.22,,,
7422,-4386.73,17390.24125,,,
7423,-7921.66,45160.5225,,,
7424,-11837.52,19331.7425,,,
7425,31254.42,-7289.38,,,
7426,4453.83,-10859.48,,,
7427,-8270.2,33751.19375,,,
7428,16473.82,11917.16,,,
7429,-19509.8,12125.87,,,
7430,-15897.76,-3629.58,,,
7431,-1767.22,31972.85875,,,
7432,2164.07,3552.955,,,
7433,4146.965,6192.43,,,
7434,-9763.24,-1953.67,,,
7435,-15942.68,-7626.54,,,
7436,-7679.32,-9496.64,,,
7437,-7932.12,-108.98,,,
7438,33673.09125,7798.4175,,,
7439,-223.4,-9251.04,,,
7440,37769.02875,25295.77,,,
7441,11668.84,5512.485,,,
7442,-9155.26,-9833.8,,,
7443,-4838.86,44938.11656,,,
7444,-15307.44,-6504.94,,,
7445,23520.14,-4729.67,,,
7446,22117.925,-7333.3,,,
7447,23950.1225,-12326.04,,,
7448,-3292.87,-5968.6,,,
7449,41154.0075,17896.20625,,,
7450,275.45,-9163.2,,,
7451,-3493.74,-4383.98,,,
7452,-6881.32,34961.49,,,
7453,8165.81,17012.80375,,,
7454,-7038.2,2557.945,,,
7455,-5266.98,14632.77,,,
7456,16397.675,-8502.9,,,
7457,-13954.48,6012.71,,,
7458,-9112.57,21823.83,,,
7459,1859.48,-22100,,,
7460,3617.5,4725.64,,,
7461,1107.635,12468.11,,,
7462,-5745.6,-4708.8,,,
7463,32058.68344,-7888.2,,,
7464,5774.21,20130.4325,,,
7465,-11821.32,-8007.62,,,
7466,12339.52,-1097.5,,,
7467,1502.03,12788.575,,,
7468,12281.2675,-3643.78,,,
7469,4472.16,3671.83,,,
7470,-1294.24,25251.36563,,,
7471,-11577.08,10496.56,,,
7472,-6870.55,-1829.94,,,
7473,13202.05,-11534.16,,,
7474,14241.9225,-6994.64,,,
7475,-35.66,7955.135,,,
7476,6470.08,5594.65,,,
7477,-13033.16,4173.1,,,
7478,26944.4425,17709.5125,,,
7479,-16069.6,-10376.72,,,
7480,24023.025,-10506.26,,,
7481,1875.44,11099.37,,,
7482,-7614.79,13174.51,,,
7483,-3364.96,3648.51,,,
7484,26388.0825,3331.45,,,
7485,9122.625,22325.83,,,
7486,-6109.98,-9608.3,,,
7487,18267.79,6326.185,,,
7488,4944.34,6649.28,,,
7489,11477.27,-4725.405,,,
7490,-10262.82,1263.12,,,
7491,1542.38,-4813.38,,,
7492,-1751.355,-16674,,,
7493,-11106.94,-9059.3,,,
7494,-1888.18,14459.6925,,,
7495,6845.375,17095.6325,,,
7496,9601.98,-2644.55,,,
7497,144.89,9352.28,,,
7498,-9779.22,13459.945,,,
7499,7448.915,-8676.72,,,
7500,14205.5625,10195.515,,,
7501,21542.98,14452.275,,,
7502,-19040.88,2264.98,,,
7503,7968.38,31632.45188,,,
7504,20779.23875,-10346.64,,,
7505,-527.26,10429.725,,,
7506,2498.88,7258.81,,,
7507,-11796.48,34680.28625,,,
7508,-12286.34,-433.07,,,
7509,-4155.48,1959.22,,,
7510,9081.5,12443.93,,,
7511,12901.06,20077.095,,,
7512,-520.64,7435.26,,,
7513,-4042.76,-4417.42,,,
7514,-8647.12,-8767.92,,,
7515,369.94,-10041.06,,,
7516,4619.47,648.87,,,
7517,-4521.62,-80.03,,,
7518,-892.5,21275.915,,,
7519,9652.9,-4829.08,,,
7520,417.98,-18659.8,,,
7521,78.24,2068.11,,,
7522,-10830.16,-3302.31,,,
7523,-5058.16,-8256.94,,,
7524,-12774.6,5776.775,,,
7525,2017.96,-7463.2,,,
7526,-7149.86,-15486.84,,,
7527,-6001.88,12058.355,,,
7528,18522.36,3922.06,,,
7529,-11034.78,-5530.53,,,
7530,7589.25,33347.62656,,,
7531,-9241.34,1083.22,,,
7532,-4232.08,-6283.84,,,
7533,523.4,17530.68,,,
7534,-10884.6,10476.46,,,
7535,-12511.26,1154.45,,,
7536,1899.3,-1480.44,,,
7537,13328.89,-10127.04,,,
7538,-1550.34,5046.74,,,
7539,14426.03,24694.17875,,,
7540,-7131.94,-14706.76,,,
7541,-10386.84,-10831.8,,,
7542,-7746.66,-13908.12,,,
7543,-11588.76,8744.29,,,
7544,-7249.36,-9951.36,,,
7545,-5641.08,71509.08438,,,
7546,-10511.14,13762.85,,,
7547,7172.53,-5691.15,,,
7548,12871.8,7530.225,,,
7549,-586.25,1460.67,,,
7550,-8114.92,29018.5675,,,
7551,-7101.88,-12162.34,,,
7552,5354.3,37932.19844,,,
7553,18282.32656,22403.005,,,
7554,-15515.16,-9496.64,,,
7555,1535.53,2852.96,,,
7556,25709.67875,-1544.82,,,
7557,3296.79,-4867.19,,,
7558,-15395.28,-1663.88,,,
7559,1644.56,-1452.31,,,
7560,7379.045,29837.93969,,,
7561,-8301.96,15261.9875,,,
7562,8152.6,-3699.54,,,
7563,-2875.84,-1590.24,,,
7564,-7007.52,-6938.02,,,
7565,4203.9,-5062.11,,,
7566,-4378.76,23129.05,,,
7567,-2977.22,-4203.035,,,
7568,-2047.5,481.22,,,
7569,-45.07,-11198.5,,,
7570,-12596.76,12931.95,,,
7571,914.5,1947.69,,,
7572,2985.69,7883.9225,,,
7573,-3181.34,19275.3525,,,
7574,26281.48,-13016.06,,,
7575,-1885.3,-7022.14,,,
7576,-2345.22,16119.79,,,
7577,21449.35063,-14589.2,,,
7578,-8715.96,3678.955,,,
7579,9880.55,-3100.95,,,
7580,-867.96,-7844.64,,,
7581,-36.34,-5571.14,,,
7582,-6407.48,40580.955,,,
7583,-8690.24,-11958.8,,,
7584,35253.37719,-3059.43,,,
7585,39518.38258,-13634.98,,,
7586,-15058.12,-7501.58,,,
7587,-4567.11,15528.455,,,
7588,6383.31,3022.33,,,
7589,11411.35,16546.515,,,
7590,33125.99313,-928.08,,,
7591,-1260.84,27683.55,,,
7592,21804.93875,-14184.16,,,
7593,-20400,10063.12,,,
7594,-11236.84,-11908.98,,,
7595,-7507.22,-9897.82,,,
7596,21244.295,31052.0975,,,
7597,42068.67,-7802.22,,,
7598,-15167.4,-5630.44,,,
7599,9.95,24752.14,,,
7600,5286.51,-21590.88,,,
7601,-9477.56,7829.545,,,
7602,13951.4,-6199.95,,,
7603,-6343.98,-7126.04,,,
7604,15659.06,-3970.73,,,
7605,-9016,-6299.86,,,
7606,6872.9575,-3612.43,,,
7607,-7561.12,8032.495,,,
7608,-3806.46,25308.905,,,
7609,9884.75,17139.9125,,,
7610,-4080.66,-1552.58,,,
7611,-6750.56,2436.44,,,
7612,15609.24,18478.185,,,
7613,-4303.78,13016.07,,,
7614,6409.4225,49750.77313,,,
7615,23229.27,-19938.52,,,
7616,7876.57,27977.1,,,
7617,693.015,-4757.03,,,
7618,-16545.56,27388.41062,,,
7619,-3111.34,5713.3,,,
7620,-3564.22,-2789.47,,,
7621,19266,-9702.4,,,
7622,6984,16751.735,,,
7623,13313.47,29005.38063,,,
7624,6077.13,2989.75,,,
7625,799.71,24472.55563,,,
7626,-3299.76,17474.555,,,
7627,-4872.46,2356.54,,,
7628,7978.82,4298.56,,,
7629,476.66,2370.2,,,
7630,-9316.18,-11797.32,,,
7631,29805.53,39044.115,,,
7632,-1719.46,-1113.74,,,
7633,46326.58188,-1365.46,,,
7634,-2793.32,-9410.66,,,
7635,11159.24875,17318.1325,,,
7636,-7424.84,24408.68,,,
7637,61437.70771,-2208.07,,,
7638,-6002.76,-8051.54,,,
7639,6081.86,27237.9425,,,
7640,7795.73,3101.14,,,
7641,23256.2175,-12629.4,,,
7642,9725.42,-3938.88,,,
7643,40919.48188,47570.03,,,
7644,-13777.56,3663.44,,,
7645,-11255.68,-5445.64,,,
7646,-2341.8,-13904.4,,,
7647,3988.465,-1636.7,,,
7648,23105.43922,-5787.02,,,
7649,-10349.24,-1128.12,,,
7650,-7683.66,6326.05,,,
7651,4150.64,22784.855,,,
7652,-9910.48,-17989.2,,,
7653,8114.445,-18777.72,,,
7654,-10385.32,3370.47,,,
7655,-15556.76,5386.985,,,
7656,-4938,13672.15,,,
7657,-3016.06,-3322.5,,,
7658,-5838.34,10654,,,
7659,-13109.6,-10480.26,,,
7660,-3402.77,11665.115,,,
7661,-15293.6,4587.71,,,
7662,-252.16,-7105.67,,,
7663,8210.19,3883.4,,,
7664,-10434.48,22502.645,,,
7665,-9307.7,10304.5,,,
7666,-7223.22,12344.38,,,
7667,-5936.34,21379.98313,,,
7668,-8718.42,18384.355,,,
7669,-3731.62,-5773.18,,,
7670,3113.87,2386.12,,,
7671,-10009.48,-4525.36,,,
7672,-4769.22,10043.7,,,
7673,5215.49,25891.1175,,,
7674,-9857.62,-6104.44,,,
7675,9657.09,4411.76,,,
7676,-11591.84,9662.485,,,
7677,33789.29438,-9574.36,,,
7678,9391.95,7774.83,,,
7679,943.74,11162.165,,,
7680,12157.6525,-5798.5,,,
7681,-6782.66,13240.8,,,
7682,-7013.46,-2612.56,,,
7683,22644.5575,-6852.4,,,
7684,23038.04,-11519.28,,,
7685,-342.38,1559.9,,,
7686,31518.165,9688.755,,,
7687,9526.555,56.22,,,
7688,14565.96,6734.17,,,
7689,-2801.935,24812.53,,,
7690,14127.82,-747.54,,,
7691,-15131.76,16545.9675,,,
7692,-7633.22,7141.75,,,
7693,-320.92,-2662.02,,,
7694,-11368.6,8576.55,,,
7695,16237.445,-546.32,,,
7696,3826.33,-4505.26,,,
7697,12359.1125,4212.255,,,
7698,6694.88,9272.65,,,
7699,6987.99,-3550.4,,,
7700,1851.91,13643.0425,,,
7701,-6961,28894.81906,,,
7702,2157.2,5128.68,,,
7703,-3591.78,-6461.34,,,
7704,-9729.2,6168.11,,,
7705,25788.6925,3255.95,,,
7706,-12215.84,24979.19438,,,
7707,-10694.52,-16875.68,,,
7708,18950.17,-10643.6,,,
7709,1404.54,17135.67188,,,
7710,-6452.86,-9460.16,,,
7711,-10040.5,-5362.02,,,
7712,-1714.16,8323.5325,,,
7713,-9029.58,-858.07,,,
7714,-907.89,23077.20438,,,
7715,5253.62,10338.44,,,
7716,2372.97,7528.64,,,
7717,-10009.48,3956.68,,,
7718,-3304.34,6467.61,,,
7719,8696.79,-9207.12,,,
7720,1495.8,-11577.72,,,
7721,-3353.58,15488.935,,,
7722,30717.185,-20740.88,,,
7723,-11205.58,-1850.22,,,
7724,13280.935,-2288.7,,,
7725,14516.375,3254.5,,,
7726,-3855.02,33109.405,,,
7727,1112.2,-14208.48,,,
7728,-7536.84,24496.925,,,
7729,-11757.24,18964.7575,,,
7730,-14253.68,3817.79,,,
7731,-10552.9,-9260.66,,,
7732,-2396.54,17332.68,,,
7733,-13102.16,-11194.78,,,
7734,6389.75,-7924.18,,,
7735,11434.18,-9498.5,,,
7736,-2524.36,18987.305,,,
7737,15899.1675,16458.79313,,,
7738,-7856.44,1203.91,,,
7739,49160.93938,24290.93375,,,
7740,-893,-2520.05,,,
7741,4747.81,17831.09,,,
7742,-6061.25,-15058.12,,,
7743,-16796.64,-7991.92,,,
7744,5758.36,6897.645,,,
7745,16874.57625,24769.795,,,
7746,-4961.14,9742.475,,,
7747,11398.01,19473.0575,,,
7748,9858.15,18847.38,,,
7749,-15810.28,6071.33,,,
7750,-20400,9899.15,,,
7751,28984.21,-12674.04,,,
7752,5059.64,2469.02,,,
7753,27138.2025,7024.645,,,
7754,3720.77,-7785.975,,,
7755,-14413.52,-603.125,,,
7756,-7559.08,-1321.5,,,
7757,2273.24,-4966.74,,,
7758,16524.145,25354.775,,,
7759,18925.225,22026.595,,,
7760,-1416.74,4500.415,,,
7761,12556.65,-15179.4,,,
7762,-2465.32,5221.97,,,
7763,16824.535,-6190.06,,,
7764,-4110.84,-11707.62,,,
7765,2412.34,40004.195,,,
7766,2875.93,10930.225,,,
7767,-12209.8,-10302.72,,,
7768,8966.84,-1901.72,,,
7769,-8136.54,-10845.64,,,
7770,8674.215,5318.02,,,
7771,7907.5125,6273.1475,,,
7772,-1574.97,20138.395,,,
7773,-10645.28,497.01,,,
7774,-9408.8,-15732.44,,,
7775,21068.98375,-3965.24,,,
7776,39569.90375,-1698.18,,,
7777,-16113.52,2736.12,,,
7778,10581.94,-5956.8,,,
7779,-11265.68,46444.42125,,,
7780,34920.1075,-12703.4,,,
7781,-7024,6516.615,,,
7782,-3861.52,3308.22,,,
7783,-11280.06,8896.15,,,
7784,4547.02,7740.12,,,
7785,13546.65,19204.455,,,
7786,-8226.3,-11.52,,,
7787,6435.94,-10322.82,,,
7788,-367.925,26721.065,,,
7789,7420.38,-5413.38,,,
7790,-2669.94,-12316.06,,,
7791,11136.91,19491.7975,,,
7792,-6637.88,-11425.86,,,
7793,103.18,-421,,,
7794,-4716.8,-8315.06,,,
7795,-4814.56,6573.645,,,
7796,21452.195,-2179.48,,,
7797,-12559.78,20506.7675,,,
7798,-8295.06,-16802.04,,,
7799,5585.08,-16083.8,,,
7800,-1074.6,3315.98,,,
7801,-10542.36,-7203.4,,,
7802,14022.685,-13892.6,,,
7803,-17821.08,-1693.37,,,
7804,4094.08,-2141.64,,,
7805,-2398.16,11402.23,,,
7806,10368.81,6410.67,,,
7807,2920.94,29623.88,,,
7808,-5198.16,1937.8,,,
7809,-12824.32,836.075,,,
7810,446.88,16980.59,,,
7811,4295.07,10025.46,,,
7812,-12231.6,-9614.2,,,
7813,-9426.02,10277.775,,,
7814,-17223.32,-7112.2,,,
7815,-5684.66,32455.3475,,,
7816,9425.905,-5198.18,,,
7817,-14826.64,4100.185,,,
7818,5013.235,379.18,,,
7819,-9768.28,4669.88,,,
7820,-9492.16,5922.3775,,,
7821,-9951.72,-4374.36,,,
7822,5945.305,12376.685,,,
7823,5897.39,-14535.16,,,
7824,-73.42,-8949.86,,,
7825,-5396.26,35036.54313,,,
7826,-2991.46,-1115.15,,,
7827,16993.87,-14295.96,,,
7828,-12461.28,-1947.86,,,
7829,-3400.58,-12484.98,,,
7830,189.23,-13138.52,,,
7831,-12146.64,8082.81,,,
7832,33270.53125,-9212.7,,,
7833,3309.62,-2634.93,,,
7834,-8355.4,24644.12031,,,
7835,-16065.88,15148.465,,,
7836,-9597.34,6644.7,,,
7837,-11432.12,88693.12797,,,
7838,29599.965,12267.385,,,
7839,-9379.08,13257.8575,,,
7840,-13402.04,31152.52484,,,
7841,-11523.44,19511.125,,,
7842,-8372.68,16079.0475,,,
7843,22975.5825,-8700.18,,,
7844,-3450.51,5212.665,,,
7845,-11041.02,35402.75875,,,
7846,-7360.46,-13519.96,,,
7847,-19125,5399.19,,,
7848,-6281.94,29386.47313,,,
7849,-10420.8,27446.38,,,
7850,5552.3,10041.16,,,
7851,-9143.84,-6102.94,,,
7852,1598.38,14057.945,,,
7853,16246.81,-9546.14,,,
7854,2307.04,-3440.42,,,
7855,-10967.42,37840.22625,,,
7856,12750.705,-20495.28,,,
7857,-2163.38,14291.705,,,
7858,-14750.68,-6902.4,,,
7859,-17294.36,-15824,,,
7860,-14544.56,-12398,,,
7861,-5300.08,-10298.68,,,
7862,-8165.38,862.3,,,
7863,-8523.42,16567.93,,,
7864,-672.23,29804.67313,,,
7865,7404.18,-10090.56,,,
7866,46.89,21170.99875,,,
7867,13520.47,-5180.44,,,
7868,8190.83,-6402.9,,,
7869,-484.18,-12002.72,,,
7870,24541.18,-5836.52,,,
7871,-4845.78,8124.1,,,
7872,3597.31,39807.8125,,,
7873,-6244.36,-5818.87,,,
7874,20160.71375,6497.42,,,
7875,2532.84,12198.3275,,,
7876,-7341.8,10233.31,,,
7877,3864.125,-11799.18,,,
7878,3398.15,-1931.98,,,
7879,-14267.88,10989.7725,,,
7880,12307.41,51146.225,,,
7881,-9093.8,-21297.64,,,
7882,-4405.1,13986.67,,,
7883,3863.57,-3473.68,,,
7884,19109.81,4850.69,,,
7885,-411.93,-12425.86,,,
7886,-7712.52,-2556.845,,,
7887,13924.9375,-10582.12,,,
7888,-182.685,7912.8,,,
7889,-14581.12,16605.32,,,
7890,-3578.14,4396.24,,,
7891,-8029.6,-4348.36,,,
7892,-17052.44,2746.33,,,
7893,8435.23,-8469.14,,,
7894,13212.655,-10444.1,,,
7895,-1433.36,12074.42,,,
7896,-6004.46,33275.80375,,,
7897,10329.53,17221.7875,,,
7898,-12801.36,58998.21313,,,
7899,-8877.14,21757.95,,,
7900,5969.57,14976.64,,,
7901,-227.98,-3200.27,,,
7902,17078.665,27030.21,,,
7903,-18275,-5583.48,,,
7904,-4049.8,-10903.4,,,
7905,-11304,6822.01,,,
7906,-381.17,29528.185,,,
7907,8923.3275,-1670.32,,,
7908,-2205.7,-4960.84,,,
7909,13100.21,16497.47,,,
7910,8642.8,31069.52,,,
7911,7228.885,3573.33,,,
7912,-7006.34,17000.325,,,
7913,-19550,-9157.3,,,
7914,-2744.42,1691.565,,,
7915,15022.345,-14211.84,,,
7916,2334.38,7527.41,,,
7917,-5902.72,29556.045,,,
7918,-7893.38,1802.32,,,
7919,15213.66,510.94,,,
7920,-18265.88,19124.555,,,
7921,23623.74,-8810.34,,,
7922,9138.65,16912.76,,,
7923,31188.77,18998.015,,,
7924,6133.075,-15706.44,,,
7925,6746.2,-13435.84,,,
7926,11072.93,2593.11,,,
7927,-3806.39,26947.94875,,,
7928,11049.47,34874.08375,,,
7929,-13882.24,14243.2225,,,
7930,3765.24,25630.775,,,
7931,23209.53,-5288.38,,,
7932,16038.30625,2230.27,,,
7933,7.22,-2560.52,,,
7934,174.36,-6952.22,,,
7935,-9187.6,-6690.56,,,
7936,21147.79,5588.985,,,
7937,48693.90625,2139.16,,,
7938,-3170.74,-9895.64,,,
7939,1083.22,2397.51,,,
7940,-15684.8,13463.71,,,
7941,-10097.32,-905.44,,,
7942,-19847.84,-19597.64,,,
7943,-2886.82,7461.53,,,
7944,17605.885,-6792.6,,,
7945,-10478.92,40078.735,,,
7946,4218.05,-9969.28,,,
7947,-11729.58,-8246,,,
7948,-5990.62,-3503.535,,,
7949,-4925.45,-6181.44,,,
7950,-12224.36,8352.41,,,
7951,-6766.9,-5936.43,,,
7952,14247.785,-8083.98,,,
7953,-11194.98,34277.8925,,,
7954,14817.865,-7223.5,,,
7955,-4539.29,-2412.7,,,
7956,-15693.64,32362.2375,,,
7957,8535.37,21323.875,,,
7958,-1376.28,1925.46,,,
7959,7992.25,-5405.94,,,
7960,-10973.68,12657.99,,,
7961,-1921.98,-2767.96,,,
7962,-6793.84,10793.835,,,
7963,21923.39,4406.45,,,
7964,-7688.7,-10165.06,,,
7965,-11523.44,16229.32,,,
7966,-1603.94,10476.37,,,
7967,527.36,26862.985,,,
7968,-1796.52,23489.03,,,
7969,4822.8,11572.33,,,
7970,-15558.62,-4679.76,,,
7971,-7533.12,-8283.48,,,
7972,20959.50625,-10526.04,,,
7973,-17384.8,21528.64,,,
7974,5622.985,12154.14,,,
7975,4330.29,9355.815,,,
7976,-1678.45,10157.9725,,,
7977,-6994.42,16378.59,,,
7978,-3883.48,28599.19687,,,
7979,18018.485,7327.91,,,
7980,3673.42,45708.36,,,
7981,-9704.92,-5743.1,,,
7982,-5772.78,71.2,,,
7983,24518.19875,-768.1,,,
7984,-318.78,2129.315,,,
7985,579.82,9582.81,,,
7986,-8114.06,22071.61844,,,
7987,18128.35,14087.17,,,
7988,6027.41,9861.85,,,
7989,-6472.64,35559.46563,,,
7990,24256.45938,-4727.58,,,
7991,-10091.14,31117.04375,,,
7992,14204.88,-4085.2,,,
7993,-5274.18,9093.7,,,
7994,2211.24,30617.2375,,,
7995,-11880.72,-7580.76,,,
7996,-1508.4,-7551.04,,,
7997,11965.505,567.2,,,
7998,6277.79,28868.3625,,,
7999,-3508.12,-2113.56,,,
8000,-10169.1,-19553.72,,,
8001,-18659.8,-9546.14,,,
8002,-10747.04,-12986.34,,,
8003,-2594.02,-21590.88,,,
8004,-5600.18,2580.405,,,
8005,3904.36,-4621.23,,,
8006,4366.58,37091.6875,,,
8007,254.94,220.2,,,
8008,-1474.94,14892.25,,,
8009,32525.3,51085.98438,,,
8010,552.1,-12052.22,,,
8011,-5525.72,-11403.9,,,
8012,-3071.64,21331.36,,,
8013,15403.14,6006.81,,,
8014,-15053.08,429.27,,,
8015,-5661.5,4749.46,,,
8016,-6497.23,6533.04,,,
8017,-9612.34,-10801.36,,,
8018,-12848.04,-18190.88,,,
8019,14913.0525,-7013.79,,,
8020,17248.425,3451.96,,,
8021,-7264.6,8261.08,,,
8022,-8944.6,158.67,,,
8023,24989.45938,3441.25,,,
8024,715.2,26507.725,,,
8025,-14501.36,1128.82,,,
8026,-1717.28,37.21,,,
8027,143.66,10065.89,,,
8028,-11586.9,-5872.68,,,
8029,22954.56125,-11651.72,,,
8030,1300.48,-550.63,,,
8031,11205.35,10729,,,
8032,16948.13,-15135.48,,,
8033,-3745.55,14825.735,,,
8034,-18700,16998.3775,,,
8035,726.44,-2433.57,,,
8036,-14265.38,-15065.56,,,
8037,-16241.56,9432.765,,,
8038,17171.885,-3005.3,,,
8039,-780.12,1061.44,,,
8040,-7463.2,-2913.56,,,
8041,14863.145,-4829.08,,,
8042,18473.96625,498.915,,,
8043,-1640.86,-1085.16,,,
8044,-6552.26,1048.19,,,
8045,2229.98,1259.08,,,
8046,1527.45,-17388.52,,,
8047,14695.54,-5080.26,,,
8048,-10090.12,-12587.34,,,
8049,-1774.28,-7786.16,,,
8050,449.98,-2588.38,,,
8051,1006.2,-12511.84,,,
8052,11636.6,17830.9325,,,
8053,-6874.3,-667.6,,,
8054,-4181.91,28116.55313,,,
8055,-8621.14,-12677.04,,,
8056,34354.2125,-327.81,,,
8057,-7411.52,4532.81,,,
8058,1407.86,22913.665,,,
8059,9600.81,-6848.68,,,
8060,3528.36,27935.9225,,,
8061,1272.3,7760.94,,,
8062,-8963.7,-6313.47,,,
8063,-8055.18,-6419.28,,,
8064,2099.04,642.7,,,
8065,-4525.22,7989.62,,,
8066,-13388.2,1077.82,,,
8067,-15509.8,30205.37,,,
8068,-9752.96,-8692.42,,,
8069,-10702.94,321.06,,,
8070,7024.88,-310.43,,,
8071,9561.27,-14022.32,,,
8072,-230.77,9064.57,,,
8073,12595.2,-5970.46,,,
8074,17220.77,7108.31,,,
8075,6020.23,-879.76,,,
8076,-4459.34,19850.5075,,,
8077,-11479.16,-3002.13,,,
8078,6639.46,-13790.56,,,
8079,-17853.72,22064.96,,,
8080,22587.98969,534.76,,,
8081,-13856.76,15588.03,,,
8082,-6307.62,21223.5575,,,
8083,-7523.88,8742.385,,,
8084,-2906.7,-6445.82,,,
8085,-3590.14,-10572.14,,,
8086,-5174,-4563.11,,,
8087,21454,-12926.36,,,
8088,3536.17,-10857.62,,,
8089,6974.275,15784.5125,,,
8090,-888.34,-51.72,,,
8091,-9886.62,39971.475,,,
8092,1409.24,2056.45,,,
8093,5057.07,-3216.33,,,
8094,-8758.3,-16377.04,,,
8095,3521.11,-16773.59,,,
8096,-6232.98,5615.295,,,
8097,-5325.86,6975.735,,,
8098,4135.58,7299.78,,,
8099,-2829.7,9823.555,,,
8100,-4875.68,30428.05,,,
8101,-11909.92,-5521.32,,,
8102,30907.89,9501.005,,,
8103,-6174,-10346.64,,,
8104,-2016.78,-3736.02,,,
8105,-174.62,15684.765,,,
8106,-7584.44,13344.245,,,
8107,-12457.08,14862.985,,,
8108,-1818.69,-11763.02,,,
8109,20147.69,-7126.04,,,
8110,25377.14625,22233.1775,,,
8111,-6085.18,2142.84,,,
8112,-16153.72,-19773.32,,,
8113,-9616.06,4950.05,,,
8114,11343.88,-3065.06,,,
8115,149.635,17272.375,,,
8116,29210.36,9425.05,,,
8117,22885.99125,-10757.44,,,
8118,-14991.88,-10933.12,,,
8119,1059.01,6755.315,,,
8120,14764.875,10633.265,,,
8121,-4079.62,32593.855,,,
8122,-5174.88,-7952.08,,,
8123,8298.72,3931.04,,,
8124,-4059.16,13645.925,,,
8125,-9103.38,-4787.02,,,
8126,-13087.4,-3470.73,,,
8127,-7959.78,4514.07,,,
8128,-3052.27,24863.6925,,,
8129,-1531.86,13002.5725,,,
8130,-3832.33,26632.47063,,,
8131,-1889.12,2968.29,,,
8132,-18659.8,9312.575,,,
8133,5402.41,-3685.84,,,
8134,11354.5025,51061.19125,,,
8135,13758.86,-1493.325,,,
8136,8958.445,-7888.2,,,
8137,7737.93,-18659.8,,,
8138,25.64,13680.635,,,
8139,16840.42,-15017.92,,,
8140,8248.78,25283.40375,,,
8141,24493.7975,32276.85813,,,
8142,-2939.47,5013.3,,,
8143,1299.63,-4048.68,,,
8144,-584.28,-10041.06,,,
8145,-8742.04,21557.495,,,
8146,-16534.8,-6954.08,,,
8147,-9821.36,-8007.62,,,
8148,30202.975,18076.70688,,,
8149,-10501.94,2362.44,,,
8150,-12407.24,-15484.98,,,
8151,-726.48,894.15,,,
8152,17955.95,14006,,,
8153,-13746.4,16584.36,,,
8154,589.85,-3280.8,,,
8155,14290.72,34698.515,,,
8156,5242.11,16538.21,,,
8157,1502.84,862.3,,,
8158,3388.41,-3114.56,,,
8159,-8542.6,18879.74875,,,
8160,-5565.88,39949.94289,,,
8161,19756.245,8991.66,,,
8162,-6630.88,9042.155,,,
8163,57128.77688,6439.21,,,
8164,-1428.43,-7782.8,,,
8165,-6151.48,7845.56,,,
8166,-9406.84,-12354.08,,,
8167,-7146.14,-10951.04,,,
8168,-7202.68,8051.775,,,
8169,10103.76,-10016.92,,,
8170,43.3,7515.07,,,
8171,-3241.64,3898.92,,,
8172,-10062.4,-1991.15,,,
8173,-11990.92,5496.65,,,
8174,-11178.6,14094.2,,,
8175,-8209.4,-2138.97,,,
8176,-5086.15,12085.8075,,,
8177,-5253,25358.89125,,,
8178,-964.01,23114.12,,,
8179,-19483.8,1607.31,,,
8180,-12629.4,5024.96,,,
8181,18961.07,28998.53688,,,
8182,-7104.28,3727.82,,,
8183,4272.61,3970.88,,,
8184,3606.62,20495.52,,,
8185,19854.5325,-21250,,,
8186,-3076.94,13189.435,,,
8187,16960.4225,-15952.04,,,
8188,5058.52,-6455.26,,,
8189,-9658.12,7238.62,,,
8190,4359.02,-2911.7,,,
8191,6284.535,-6439.38,,,
8192,-4190.18,-8465.33,,,
8193,7525.96,-7754.58,,,
8194,-6079.42,-10216.74,,,
8195,-4948.94,30854.73,,,
8196,19226.665,-11914.88,,,
8197,-9789.88,3318.61,,,
8198,-8126.56,18929.05,,,
8199,-8462.44,-15762.52,,,
8200,-11776.16,-12579.58,,,
8201,-16959.8,-10815.56,,,
8202,-2491.58,34574.77344,,,
8203,-14000.4,-15570.96,,,
8204,-2250.6,18705,,,
8205,470.06,-10977.04,,,
8206,3690.945,20555.26125,,,
8207,-9820.52,-19908.8,,,
8208,2980.53,31382.38063,,,
8209,-7872.14,26331.815,,,
8210,2258.04,-5874.4,,,
8211,-13857.4,63935.4975,,,
8212,10955.715,-3017.28,,,
8213,50284.37621,10015.705,,,
8214,-15925.4,-3336.34,,,
8215,-13555.96,-6054.26,,,
8216,-9399.08,-15692.24,,,
8217,-16754.4,14812.67,,,
8218,-9116.64,-14369.6,,,
8219,24756.585,13731.77,,,
8220,2544.93,-20740.88,,,
8221,-4885.12,2546.15,,,
8222,59545.6125,19917.34,,,
8223,-13821.48,5634.13,,,
8224,-17782.2,18423.675,,,
8225,-16490.88,38244.795,,,
8226,8967.16,9715.2725,,,
8227,-2111.22,15277.41,,,
8228,-10315.02,21140.44,,,
8229,6871.79,17044.745,,,
8230,-4965.1,-7267.42,,,
8231,-5765.42,-12032.8,,,
8232,-9231.84,1001.82,,,
8233,-5567.42,-4148.86,,,
8234,-14117.64,10550.37,,,
8235,-12309.52,3492.655,,,
8236,-8169.06,-14505.08,,,
8237,47475.32516,-6906.44,,,
8238,4790.61,21097.155,,,
8239,31485.41641,-1045.82,,,
8240,-2955.26,-10546.14,,,
8241,36245.45938,-2033.48,,,
8242,-6056.44,32568.98,,,
8243,1565.5,33807.05656,,,
8244,-9119.28,2896.1975,,,
8245,-4352.58,-12016.92,,,
8246,4657.38,49266.83625,,,
8247,4054.02,-15967.92,,,
8248,-1090.01,6866.975,,,
8249,9126.14,-13317.92,,,
8250,-6431.4,4657.9,,,
8251,2002.89,791.48,,,
8252,-4964.92,978.455,,,
8253,13653.02,3236.12,,,
8254,7100.8,-20028.22,,,
8255,7119.1075,20381.26125,,,
8256,4982.655,3367.61,,,
8257,-9540.56,8048.555,,,
8258,-19597.64,12825.19,,,
8259,-9254.54,14037.41063,,,
8260,-3002.06,10744.29,,,
8261,19839.91,26584.07766,,,
8262,18109.2125,-6198.18,,,
8263,548.04,-14279.58,,,
8264,-7678.98,-2214.74,,,
8265,10741.745,1545.38,,,
8266,5535.47,-9608.3,,,
8267,-6086.88,32518.61187,,,
8268,-14838.52,-10903.4,,,
8269,-14182.56,-3929.08,,,
8270,-5772.55,-5212.38,,,
8271,191.11,20320.425,,,
8272,13174.055,6711.44,,,
8273,8242.24,2282.63,,,
8274,-7322.94,-2580.85,,,
8275,10788.485,18357.905,,,
8276,11697.41,-5605.44,,,
8277,-1864.03,-12573.68,,,
8278,-8253.22,12185.08,,,
8279,-12648.2,12757.355,,,
8280,18469.2375,-608.48,,,
8281,-12940.44,26559.405,,,
8282,-13062.84,6764.89,,,
8283,-10570.08,11437.4,,,
8284,-4192.76,3037.12,,,
8285,24307.31,46187.1725,,,
8286,-4940.88,-13904.76,,,
8287,44696.34625,-135.25,,,
8288,-3051.64,-6437.88,,,
8289,8294.78,35754.865,,,
8290,-8602.72,65702.78875,,,
8291,-12105.04,11374.415,,,
8292,-15222.28,13004.955,,,
8293,-8283.56,-11256.44,,,
8294,16295.65,2404.86,,,
8295,5962.59,-10729.58,,,
8296,-2792.74,-7488.88,,,
8297,-6806.56,32775.195,,,
8298,9187.23,51187.15281,,,
8299,9624.19,15141.48,,,
8300,-10474.68,5579.68,,,
8301,-2473.02,14125.415,,,
8302,-9854.82,5276.415,,,
8303,1999.26,-398.77,,,
8304,-5204.02,20903.275,,,
8305,-5516.24,16222.7375,,,
8306,-14589.2,15944.93,,,
8307,-1904.02,35836.31,,,
8308,-3188.79,-13995.96,,,
8309,-11236.84,-12503.22,,,
8310,-14976.24,-1346.82,,,
8311,-13314.2,7052.32,,,
8312,-1453.72,9487.8475,,,
8313,-10651.64,13557.7425,,,
8314,-640.16,-8225.36,,,
8315,-6964.76,-2005.98,,,
8316,-6037.52,-6929.17,,,
8317,-7504.99,3725.64,,,
8318,-12543.42,6980.54,,,
8319,92.12,15816.705,,,
8320,11666.295,-6154.67,,,
8321,8356.45,36047.88813,,,
8322,-2813.23,-6802.22,,,
8323,3010.86,-13278.08,,,
8324,-20400,-1909.48,,,
8325,19657.19,8569.34,,,
8326,-550.26,-16670.28,,,
8327,37851.94,4921.15,,,
8328,-1834.69,32754.915,,,
8329,-22525,-965.74,,,
8330,17410.145,-3559.66,,,
8331,-3570.07,545.79,,,
8332,17387.24,14322.9175,,,
8333,-8131.34,-10558.16,,,
8334,4182.34,10615.89,,,
8335,14443.3925,22581.18,,,
8336,-2001.94,15459.76,,,
8337,12651.08,-725.4,,,
8338,84.85,-307.3,,,
8339,-518.78,-9001.72,,,
8340,7156.705,10639.8,,,
8341,9699.62,38786.5825,,,
8342,16788.1975,711.76,,,
8343,18664.2175,10421.015,,,
8344,5490.05,-8428.9,,,
8345,3791.145,-10263.61,,,
8346,46648.65328,-8034.16,,,
8347,-7191.4,19358.585,,,
8348,29931.855,8269.2,,,
8349,-13996.52,1353.18,,,
8350,-9051.84,14165.62,,,
8351,-2137.46,-5573,,,
8352,552.02,6882.81,,,
8353,4621.73,-2341.15,,,
8354,862.3,930.04,,,
8355,-16373.32,-11661.84,,,
8356,-5920.82,-4086.7,,,
8357,-14886.4,54404.88029,,,
8358,-3958.98,13232.585,,,
8359,-11611.5,-4801.22,,,
8360,-12213.04,14417.065,,,
8361,-12160.84,-9716.24,,,
8362,-3010.52,22303.505,,,
8363,23585.65625,7732,,,
8364,5802.52,9643.84,,,
8365,98.84,20261.76,,,
8366,7045.84,-14036.16,,,
8367,263.12,2763.89,,,
8368,-10012.84,12318.75,,,
8369,1184.83,5009.31,,,
8370,-7872.14,-12110.66,,,
8371,17628.44875,2296.56,,,
8372,7909.445,25641.575,,,
8373,20224.99438,-6133.8,,,
8374,360.16,-11061.16,,,
8375,-9376.82,-6080.26,,,
8376,-6492.36,7462.53375,,,
8377,1166.13,1220.88,,,
8378,-10468.04,-16915.88,,,
8379,19686.6525,-10817.6,,,
8380,19120.59,13182.085,,,
8381,30356.875,-7419.28,,,
8382,16616.305,1517.61,,,
8383,-6226.22,-9660.52,,,
8384,18235.915,-1935.16,,,
8385,4092.7,-9320.96,,,
8386,-3995.72,-6886.34,,,
8387,34149.89875,-11152.72,,,
8388,-15523.32,-7469.46,,,
8389,1832.88,-10378.22,,,
8390,-8255.92,8330.18,,,
8391,5447.45,4256.18,,,
8392,-3167,28022.205,,,
8393,9820.83,4262.075,,,
8394,2893.535,15227.185,,,
8395,-4403.72,30321.50344,,,
8396,8983.015,8809.535,,,
8397,26484.21516,-6074.36,,,
8398,-11089.84,12344.02,,,
8399,-6433.98,23461.14875,,,
8400,-3624.68,-4602.26,,,
8401,3453.34,17294.2,,,
8402,15686.51,-20491.56,,,
8403,-2623.34,7343.7,,,
8404,29014.61156,24143.02,,,
8405,-5851,14344.79,,,
8406,-10734.52,2296.56,,,
8407,12159.99,20777.82,,,
8408,21712.36,9157.27,,,
8409,-9065.74,26012.7375,,,
8410,22882.96125,-3366.42,,,
8411,16745.16563,3615.48,,,
8412,-10826.38,-189.74,,,
8413,-14750.68,17464.53,,,
8414,4041.7,6695.06,,,
8415,16028.9925,6293.75,,,
8416,-5864.9,7820.02,,,
8417,8693.16,10211.26,,,
8418,-15062.64,6539.48,,,
8419,39391.0175,41168.3,,,
8420,944.3,12136.85,,,
8421,-11786.6,9311.53,,,
8422,-23375,2536.485,,,
8423,-4060.14,-13054.4,,,
8424,5643.11,21569.43,,,
8425,-5580.02,3013.575,,,
8426,-4719.5,7839.1175,,,
8427,13348.73,31566.2325,,,
8428,-15864.2,5127.635,,,
8429,19615.3675,-3206.71,,,
8430,-16905.76,10990.21,,,
8431,7623.97,12402.89313,,,
8432,-4159.6,2726.365,,,
8433,8131.97,-11735.84,,,
8434,1516.41,-17270.96,,,
8435,522.88,-6689.06,,,
8436,1798.065,8168.52,,,
8437,-14842.24,18305.69,,,
8438,-11106.94,2657.13,,,
8439,-11471.04,6066.16,,,
8440,19616.08,-12515.56,,,
8441,16166.8625,4787.21,,,
8442,-14076.36,19495.94875,,,
8443,-2543.78,-10526.04,,,
8444,-19040.88,22434.9725,,,
8445,-6596.76,9760.08,,,
8446,-786.17,-4625.27,,,
8447,7135.27,7734.805,,,
8448,-7556.94,-11156.44,,,
8449,9367.995,6288.53,,,
8450,5856.385,8356.14,,,
8451,9554.55,-1243.19,,,
8452,15167.79,20787.17,,,
8453,-19.53,-8424.86,,,
8454,-16490.88,25251.595,,,
8455,-11707.04,-8487.02,,,
8456,-7410.06,-16025.68,,,
8457,7128.7875,23358.495,,,
8458,-4871.555,-5657.48,,,
8459,-2559.98,-14032.44,,,
8460,-6407.12,15455.14625,,,
8461,3099.96,63638.08063,,,
8462,6233.2525,2649.37,,,
8463,-7790.54,10758.18,,,
8464,-11358.12,-5954.76,,,
8465,-1774.63,-12424,,,
8466,-7207.8,20358.675,,,
8467,4279.48,-4156.62,,,
8468,675.345,-17432.44,,,
8469,18986.58625,16102.41813,,,
8470,-5968.6,-12876.54,,,
8471,-1262.2,1429.27,,,
8472,20386.63625,-12222.32,,,
8473,10757.57,-2970.23,,,
8474,-4377.38,6905.815,,,
8475,-3822.11,-6776.54,,,
8476,-4714.54,803.82,,,
8477,3617.19,-9891.42,,,
8478,1679.34,-1113.56,,,
8479,13840.8,-1009.66,,,
8480,2284.84,10079.315,,,
8481,-10340.32,666.52,,,
8482,-14764.88,-9192.92,,,
8483,7528.86,-7229.76,,,
8484,3165.93,5647.33,,,
8485,-1921.76,19245.2725,,,
8486,-16490.88,-746.68,,,
8487,-11858.6,9473.83,,,
8488,-13463.92,18073.6475,,,
8489,-5813.5,3267.43,,,
8490,2272.07,-3262.43,,,
8491,51656.36195,2765.3,,,
8492,-9453.3,10351.14,,,
8493,10037.6,3388.48,,,
8494,-10554.96,-10155.44,,,
8495,-11258.8,4382.31,,,
8496,-3152.34,-8690.56,,,
8497,-8406.42,-7280.895,,,
8498,3035.74,11506.18,,,
8499,-5731.7,-6964.56,,,
8500,-1086.12,11049.66875,,,
8501,19528.26,-5551.04,,,
8502,-3536.18,22767.21,,,
8503,-16959.8,15762.0775,,,
8504,7133.765,-1368.78,,,
8505,-14083.78,-7087.7,,,
8506,-11720.72,4753.32,,,
8507,2588.15,-6910.16,,,
8508,4279.66,7359.22,,,
8509,-11953.22,-5413.7,,,
8510,132.48,-6954.08,,,
8511,12556.1,17501.145,,,
8512,20736.46188,-5166.6,,,
8513,6452.35,-3882.48,,,
8514,11949.915,29474.41359,,,
8515,19831.63,31504.9375,,,
8516,20855.47375,12794.065,,,
8517,6303.495,9074.51,,,
8518,-17508.76,-6842.42,,,
8519,-8896.56,-14241.56,,,
8520,-364.95,-18659.8,,,
8521,6988.24,-7937.7,,,
8522,-2780.46,-4867.1,,,
8523,8998.365,-12623.5,,,
8524,17104.75,-11516.24,,,
8525,-6741.34,-5690.56,,,
8526,-4098.06,10076.5725,,,
8527,36016.92625,-4108.39,,,
8528,-10891.76,-12134.48,,,
8529,9261.37,1113.57,,,
8530,7224.58,-2826.81,,,
8531,-14781.48,25306.82844,,,
8532,11085.525,-2801.81,,,
8533,-188.96,8753.41,,,
8534,-7302.7,-12467.92,,,
8535,-13065.24,-2693.6,,,
8536,-1024.26,2644.2,,,
8537,28788.805,-3658.98,,,
8538,1358.78,3785.94,,,
8539,-13924.5,9510.215,,,
8540,4381.2,-11765.56,,,
8541,-15221.46,307.4,,,
8542,-15640.88,3675.05,,,
8543,-13267.68,6166.16,,,
8544,25355.545,9175.46,,,
8545,-11422.14,-8518.6,,,
8546,-1859.1,32437.37875,,,
8547,-14589.56,-2507.21,,,
8548,561.96,-1458.48,,,
8549,-6259.98,23818.65719,,,
8550,-3131.3,7594.79,,,
8551,-6711.72,-2566.42,,,
8552,826.62,495.15,,,
8553,-3576.52,-13892.6,,,
8554,-2141.95,-1776.13,,,
8555,-17051.36,18441.42125,,,
8556,7906.975,25109.83875,,,
8557,6050.9,-1166.33,,,
8558,-6739.1,14057.265,,,
8559,-12080.56,-14684.48,,,
8560,-2331.03,387.12,,,
8561,-358.09,48240.03,,,
8562,2560.515,12939.98,,,
8563,-8606.84,20871.56,,,
8564,7552.17,334.17,,,
8565,5024.35,14919.6325,,,
8566,-3912.1,43637.88875,,,
8567,-20400,-10467.92,,,
8568,5530.825,-3469.96,,,
8569,21359.68469,-1740.24,,,
8570,-9165.44,-6696.82,,,
8571,-10062.6,-4360.16,,,
8572,3336.665,10400.005,,,
8573,-6175.12,-6714.38,,,
8574,-187.5,15445.015,,,
8575,-258.08,3554.27,,,
8576,7399.07,-8552.63,,,
8577,2868.96,2719.61,,,
8578,-5459.94,-6297.14,,,
8579,428.18,-3976.63,,,
8580,-9745.96,12652.87,,,
8581,-7308.16,-10713.88,,,
8582,-3671.64,-4401.99,,,
8583,-2784.44,10189.525,,,
8584,-11061.16,20226.87,,,
8585,-11354.76,-17227.04,,,
8586,-8462.28,51547.35125,,,
8587,-634.65,-799.95,,,
8588,-7316.26,-18586.16,,,
8589,-8248.9,32189.76,,,
8590,-16535.88,-7716.24,,,
8591,-2138.2,5441.75,,,
8592,12395.87,-3301.26,,,
8593,2754.71,-11065.24,,,
8594,15330.915,4286.62,,,
8595,-5957.38,35655.42031,,,
8596,10208.195,-5852.9,,,
8597,1418.56,5313.98,,,
8598,4163.16,5023.8025,,,
8599,-5398,-17809.8,,,
8600,-7038.4,-7582.62,,,
8601,15634.545,8488.8,,,
8602,4242.28,28591.1825,,,
8603,15319.8425,281.36,,,
8604,-2867.85,-8161.34,,,
8605,-11280,18859.855,,,
8606,-14640.68,-1635.25,,,
8607,-829.3,11402.685,,,
8608,-11061.52,-3258.66,,,
8609,-9281.85,-11284.48,,,
8610,3070.03,6184.31,,,
8611,-11138.92,9274.01,,,
8612,24483.525,18009.54,,,
8613,4663.17,24012.985,,,
8614,11086.47,-15017.92,,,
8615,24967.81,8656.41,,,
8616,-8297.14,-13307.8,,,
8617,-4135.32,8843.84,,,
8618,-16436.84,16516.40875,,,
8619,-14036.16,5642.84,,,
8620,3147.3,30164.11125,,,
8621,-7193.01,24584.85375,,,
8622,-4693.16,20156.905,,,
8623,-1400.18,23157.9725,,,
8624,1504.85,10096.88,,,
8625,-7126.8,-7083.98,,,
8626,30714.55,35892.935,,,
8627,7804.055,-1643.78,,,
8628,-6928.54,-9556.62,,,
8629,-3666.3,5254,,,
8630,18586.2425,8044.9925,,,
8631,14286.09375,8899.37,,,
8632,12411.09,12995.97,,,
8633,-5665.34,18478.05,,,
8634,3675.55,14573.51,,,
8635,-14093.32,-309.34,,,
8636,17076.43,-6740.92,,,
8637,-2282.36,-8876.4,,,
8638,-5982.8,8890.25,,,
8639,-2993.22,-13144.64,,,
8640,6275.995,-14720.96,,,
8641,-3477.32,4831.45,,,
8642,-695.12,-8899.68,,,
8643,-8806.26,-3304.44,,,
8644,-10329.49,-118.37,,,
8645,32678.16625,-9075.36,,,
8646,-15179.4,39770.61,,,
8647,-17000,-3261.61,,,
8648,1233.9,23112.85,,,
8649,5802.355,3574.1,,,
8650,25396.755,-6212.02,,,
8651,-5161.32,26112.52125,,,
8652,-1247.06,26369.475,,,
8653,-8689.34,29349.32875,,,
8654,-6470.96,4108.54,,,
8655,-3646.96,24950.055,,,
8656,8254.1,27031.9525,,,
8657,22340.7175,4732.63,,,
8658,16176.6675,21429.545,,,
8659,-1734.62,12273.06,,,
8660,-8401.34,-8809.98,,,
8661,-9450.86,32028.70047,,,
8662,-5966.42,-3043.1,,,
8663,-13233.56,-1325.58,,,
8664,15092.665,14755.32,,,
8665,-9958.98,31283.73625,,,
8666,-4294.06,-4956.62,,,
8667,-13725.36,-17817.24,,,
8668,-8792.6,24526.6875,,,
8669,-2296.78,-3598,,,
8670,-12939.52,31327.39375,,,
8671,-9293.76,-6670.46,,,
8672,-479.18,6046.97,,,
8673,-344.37,-4477.72,,,
8674,-4841.26,11997.83,,,
8675,3736.34,-8490.74,,,
8676,8966.65,341.7,,,
8677,11126.0725,4894.88,,,
8678,-16490.88,8273.78,,,
8679,13923.36,38674.50125,,,
8680,5592.68,13542.155,,,
8681,-10346.64,13276.28,,,
8682,14251.095,20067.62,,,
8683,-7505.32,-19267.92,,,
8684,25910.6875,-11962.52,,,
8685,532.24,4444.97,,,
8686,553.54,-8710.16,,,
8687,230.67,-11284.48,,,
8688,-10636.16,12428.91,,,
8689,-7382.16,-19216.56,,,
8690,22613.195,6888.945,,,
8691,3035.64,-14383.48,,,
8692,-3820.02,36202.8925,,,
8693,-17340.88,-6483.3,,,
8694,13508.64,1197.6,,,
8695,-9656.26,-872,,,
8696,22670.16,-4619.46,,,
8697,-10973.32,8452.82,,,
8698,4613.31,-16337.2,,,
8699,20909.4425,2832.1275,,,
8700,4129.72,-8137.52,,,
8701,-5982.62,15858.355,,,
8702,-9711.82,-7032.03,,,
8703,-11356.26,15239.8,,,
8704,3594.11,1422.42,,,
8705,23049.25875,7612.575,,,
8706,-6076.22,-12940.56,,,
8707,-8741.12,-3487.88,,,
8708,-4822.66,-5750.86,,,
8709,3444.88,5370.24,,,
8710,1368.84,-15530.76,,,
8711,-719.49,-3198.815,,,
8712,6033.56,-11575.86,,,
8713,22585.635,-568.96,,,
8714,5389.6,1536.62,,,
8715,-5433.92,6595.74,,,
8716,-17300.68,-10422.14,,,
8717,-8898.42,1303.415,,,
8718,26611.10625,-2599.86,,,
8719,-189.65,-7277.04,,,
8720,11103.515,12452.05,,,
8721,3846.805,-12182.12,,,
8722,8054.77,-1720.14,,,
8723,-17003.72,7073.69375,,,
8724,13004.93,10071.4925,,,
8725,-710.03,-7776.54,,,
8726,-12553.9,3233.175,,,
8727,15774.49,26854.73,,,
8728,14974.56,-21766.56,,,
8729,-8875.86,16267.07,,,
8730,5021.88,-8278.9,,,
8731,8642.52,-12673.32,,,
8732,-13617.36,8014.44,,,
8733,2684.74,6555.54,,,
8734,14873.485,4346.42,,,
8735,-15627.04,-6956.3,,,
8736,-2800.82,1708.58,,,
8737,19312.58,8544.925,,,
8738,20676.265,24476.66688,,,
8739,2954.055,-14211.84,,,
8740,10904.42,2574.28,,,
8741,27666.79625,33285.90406,,,
8742,3319.33,-11645.46,,,
8743,-2310.26,-1127.22,,,
8744,18019.42,-664.47,,,
8745,37015.74625,8349.19,,,
8746,9793.37,-9837.52,,,
8747,-10600.64,2837.53,,,
8748,9659.05,2690.6825,,,
8749,18670.49,-13263.52,,,
8750,-411.88,22836.67,,,
8751,-9646.24,26379.2525,,,
8752,-7117.54,7020.195,,,
8753,-10805.54,-20279.4,,,
8754,26149.3125,-8778.76,,,
8755,139.48,-4459.84,,,
8756,-13651.36,-11344.28,,,
8757,-8009.3,30554.41,,,
8758,-14633.12,792.61,,,
8759,-2038.2,-16113.88,,,
8760,-3210.86,28130.29875,,,
8761,-4146.24,-2516.6,,,
8762,-2122.43,5563.89,,,
8763,-6146.9,43260.48562,,,
8764,426.82,-1977.76,,,
8765,-5997.32,-9746.32,,,
8766,-7752.72,-12446.73,,,
8767,-5090.94,-3605.44,,,
8768,-16626.36,5558.625,,,
8769,-474.5,-14646.46,,,
8770,-10271.24,-2321.59,,,
8771,3047.47,43168.2775,,,
8772,-7770.64,46401.60375,,,
8773,9581.0675,2530.45,,,
8774,-12318.6,7487.67,,,
8775,11558.915,653.135,,,
8776,-17003.72,13799.1,,,
8777,-8229.54,2786.345,,,
8778,-4946.64,3713.89,,,
8779,-6174.64,9280.585,,,
8780,6187.99,6639.525,,,
8781,-9291.24,13003.455,,,
8782,3680.24,10885.805,,,
8783,-12438.2,-17135.48,,,
8784,10420.83,33800.285,,,
8785,10418.28,3717.52,,,
8786,8290.8,10129.275,,,
8787,-15093.56,10433.63,,,
8788,-889.24,31980.095,,,
8789,-6285.66,-11662.2,,,
8790,12257.75,10284.99,,,
8791,-13339.36,29497.3125,,,
8792,-10747.82,1818.38,,,
8793,2740.65,3986.94,,,
8794,4584.77,3253.27,,,
8795,-251.72,6387.44,,,
8796,-5259,-9155.26,,,
8797,-18234.8,-2694.32,,,
8798,14675.555,3635.395,,,
8799,15148.26,2384.76,,,
8800,9041.63,-11358.12,,,
8801,-17428.72,7934.4,,,
8802,-6421.26,16415.62,,,
8803,-16241.56,-7804.8,,,
8804,45543.43107,-5547.32,,,
8805,11125.48,12467.75,,,
8806,-8516.74,23820.37125,,,
8807,11224.415,-1646.5,,,
8808,-1309.88,-6614.74,,,
8809,-19806.76,2526.14,,,
8810,2149.19,-9366.74,,,
8811,-10870.64,-2071.23,,,
8812,-17703.76,-4336.02,,,
8813,16675.0625,-12966.56,,,
8814,-2922.93,-6567.1,,,
8815,-10589.32,-423.54,,,
8816,-6469.1,12609.49,,,
8817,3931.31,11690.16,,,
8818,4260.24,-3833.66,,,
8819,-8137.52,326.41,,,
8820,-13966,-16626.36,,,
8821,3164.655,-5810.84,,,
8822,11670.39,-3028.9,,,
8823,6095.09,-18177.04,,,
8824,-2707.38,-11621.64,,,
8825,2886.08,-5824.86,,,
8826,4840.25,301.14,,,
8827,-1626.34,24749.2625,,,
8828,25592.36375,27687.125,,,
8829,-8676.16,12781.45,,,
8830,-8894.1,-4514.65,,,
8831,-2184.52,-12805.08,,,
8832,3141.58,18622.24,,,
8833,28638.64,33942.71594,,,
8834,-13010.48,-6585.34,,,
8835,-5514.16,16075.02875,,,
8836,-8672.68,-4017.1,,,
8837,5489.2175,-6842.96,,,
8838,-5159.81,-6798.5,,,
8839,12716.35,22694.25969,,,
8840,20628.81,18371.06,,,
8841,18392.115,-4461.34,,,
8842,-6889.16,-6558.8,,,
8843,1048.41,17972.875,,,
8844,-5443.96,18077.51,,,
8845,-8872.14,-4659.84,,,
8846,685.09,-813.88,,,
8847,-10061.32,-773.68,,,
8848,9361.91,-12507.8,,,
8849,-13144.1,10288.21,,,
8850,49533.465,-7692.42,,,
8851,-10436.34,25479.1625,,,
8852,-2522.43,-14036.16,,,
8853,39709.45125,5526.915,,,
8854,16334.2375,2425.37,,,
8855,-1276.13,14230.18,,,
8856,-8763.44,29882.8375,,,
8857,-240.19,24770.245,,,
8858,-2752.16,1324.19,,,
8859,-8367.44,-2879.26,,,
8860,30804.3425,7186.2575,,,
8861,2254.5,-6281.62,,,
8862,50522.92563,-77.4,,,
8863,2433.17,-2503.99,,,
8864,1015.94,20576.4825,,,
8865,32697.71125,-3484.16,,,
8866,-3651.54,1293.2,,,
8867,-5523.5,4962.44,,,
8868,4895.15,2532.22,,,
8869,-6360,-18835.48,,,
8870,-16390.8,-8225.36,,,
8871,11840.22,-9967.42,,,
8872,9619.59,12398.92,,,
8873,-17223.32,18529.23,,,
8874,-9672.32,10550.9825,,,
8875,3123.02,38133.8375,,,
8876,-16002.44,25844.48,,,
8877,-5589.38,-15688.52,,,
8878,65739.56656,23778.1075,,,
8879,-11549.1,1478.5,,,
8880,-6326.72,-6764.47,,,
8881,3752.39,13078.68,,,
8882,5094.38,-14545.28,,,
8883,4.66,2851.73,,,
8884,8874.67,-10913.02,,,
8885,16559.42375,-3364.47,,,
8886,3929.03,19302.325,,,
8887,-7119.17,-3020.05,,,
8888,18063.425,41977.08875,,,
8889,6935.03,5463.435,,,
8890,21354.64,6547.51,,,
8891,13552.99,-4565.92,,,
8892,-950.42,7093.29,,,
8893,-8213.8,1333.58,,,
8894,23718.3025,786.8,,,
8895,-15135.48,1856.13,,,
8896,318.34,-11530.08,,,
8897,30432.78,-6321.55,,,
8898,-3074.815,17469.88,,,
8899,-4519.78,-6002.04,,,
8900,4873.775,24557.085,,,
8901,28591.17,-7802.76,,,
8902,16064.64,2078.82,,,
8903,-14589.2,39098.32563,,,
8904,-14370.44,8698.055,,,
8905,3652.61,-5309.48,,,
8906,2399,19593.39,,,
8907,-6108.54,-1800.04,,,
8908,-3274.2,4669.97,,,
8909,-15084.52,2971.24,,,
8910,32393.72281,-5408.89,,,
8911,4033.06,-5324.36,,,
8912,21368.34,14382.63,,,
8913,4103.9,34374.28125,,,
8914,8130.78,7083.7,,,
8915,10045.825,-7996.14,,,
8916,3923.78,18043.0425,,,
8917,-2110.32,2766.93,,,
8918,-5339.79,17463.075,,,
8919,-3735.16,13403.365,,,
8920,7493.88,5285.485,,,
8921,-6522.48,-2.99,,,
8922,8951.9425,10169.29,,,
8923,-5098.06,8377.41,,,
8924,-3538.02,3802,,,
8925,-8971.52,-6980.08,,,
8926,20300.8325,9516.53,,,
8927,1004.27,-7880.44,,,
8928,-7494.8,-9789.88,,,
8929,-3877.04,-16205.44,,,
8930,1953.97,5086.62,,,
8931,-7663.2,15226.51,,,
8932,8726.92,3612.39,,,
8933,3629.88,-7714.74,,,
8934,-12528.92,-19040.88,,,
8935,8685.7,-2708.16,,,
8936,-12673.32,689.07,,,
8937,13230.235,29764.7575,,,
8938,14212.08875,-8869.96,,,
8939,17464.83,6874.19,,,
8940,-7630.38,-16279.08,,,
8941,17405,-10977.4,,,
8942,-8631.98,-6781.12,,,
8943,5471.015,19233.13,,,
8944,-1281.54,-7744.46,,,
8945,11052.36,2085.895,,,
8946,17260.515,-151.31,,,
8947,-10378.58,11776.64,,,
8948,-5547.04,11310.94,,,
8949,2809.94,-2606.03,,,
8950,-3140.3,18442.84,,,
8951,-8648.5,25827.54125,,,
8952,3191.36,-8512.7,,,
8953,4271.995,2101.14,,,
8954,36479.10344,-10097.32,,,
8955,-8553.68,-12032.8,,,
8956,540.11,30364.69375,,,
8957,-14369.6,15624.83,,,
8958,30360.09,9415.66,,,
8959,18103.47,2163.3,,,
8960,-5375.02,7155.32,,,
8961,3027.1,-11695.64,,,
8962,4645.3,20416.5025,,,
8963,28477.62375,-10731.44,,,
8964,-8959.68,-12266.24,,,
8965,-12162.34,-2270.82,,,
8966,3907.86,8540.25,,,
8967,3670.9,-11647.64,,,
8968,13329.6525,-11996.82,,,
8969,-1096.72,-4405.94,,,
8970,14780.3475,19592.21,,,
8971,-7895.76,-1947.5,,,
8972,7428.0175,1534.76,,,
8973,4949.3,-561.475,,,
8974,-11196.64,4475.96,,,
8975,13594.795,23651.22563,,,
8976,-13206.84,4760.17,,,
8977,-231.21,2968.29,,,
8978,1678.6,-19088.52,,,
8979,9368.91,-6637.02,,,
8980,-12959.32,15882.63,,,
8981,-11779.4,-14182.12,,,
8982,-5283.52,-7133.8,,,
8983,11283.21,23946.4025,,,
8984,11085.41,4484.08,,,
8985,-12304.96,1772.145,,,
8986,-4596.35,6889.39,,,
8987,25424.775,2312.98,,,
8988,-4773.58,-5179.17,,,
8989,-7612.72,-8357.12,,,
8990,-175.28,327.5,,,
8991,-2865.18,3667.52,,,
8992,4289.625,-14285.48,,,
8993,11930.43,53822.48813,,,
8994,25162.86313,-20110.48,,,
8995,14697.83,2555.27,,,
8996,-4526.1,9819.43,,,
8997,84.78,-3017.1,,,
8998,1397.72,-425.04,,,
8999,-1383.82,23271.925,,,
9000,-3170.48,11729.5,,,
9001,-9144.39,-11020.96,,,
9002,19715.3775,28601.055,,,
9003,-6355.5,3802.96,,,
9004,-7047.82,16968.29,,,
9005,29322.0875,14081.815,,,
9006,-9591.88,23541.705,,,
9007,16776.89,8143.79,,,
9008,-6893.42,-2755.98,,,
9009,17345.54,39998.2875,,,
9010,-5842.78,-5196.73,,,
9011,11156.3825,26905.41,,,
9012,-11396.48,718.47,,,
9013,-7413.16,-2134.75,,,
9014,-8728.92,12541.75,,,
9015,13828.495,-8999.86,,,
9016,4207.44,-10769.78,,,
9017,-8092.3,2375.14,,,
9018,-14069.88,-9600.72,,,
9019,-16417.24,3892.52,,,
9020,27915.545,-10187.02,,,
9021,11642.81,-11226.72,,,
9022,-5827.14,3675.6,,,
9023,9595.15,9345.515,,,
9024,-9258.8,11178.91,,,
9025,26985.09656,18299.965,,,
9026,-10497.24,-2645.96,,,
9027,35895.84813,-4837.61,,,
9028,-7855.16,-9320.96,,,
9029,-11065.96,15168.295,,,
9030,1380.97,19954.83875,,,
9031,-4033.08,-12559.48,,,
9032,-12541.56,3261.03,,,
9033,7822.24,17964.5275,,,
9034,1906.4,22872.83,,,
9035,16900.445,7026.64,,,
9036,-14471.64,5953,,,
9037,-1279.08,1654.45,,,
9038,-2242.42,-3449.86,,,
9039,8910.16,-5823,,,
9040,-18703.72,1622.6,,,
9041,-14602.72,-11328.4,,,
9042,-3239.8,-18077.04,,,
9043,-13220.08,-2691.74,,,
9044,12346.20625,12380.27,,,
9045,6122.5,-17384.8,,,
9046,23233.9925,-7105.94,,,
9047,-2683.98,-3761.34,,,
9048,-6519.8,-2747.5,,,
9049,4085.33,-11790.56,,,
9050,-9831.94,-6491.42,,,
9051,-8665.84,-9338.88,,,
9052,-513.02,20324.785,,,
9053,-4564.78,-11300.36,,,
9054,7853.1175,33462.47,,,
9055,-374.16,7245.38,,,
9056,-5677.22,-6574.86,,,
9057,-5232.12,6056.36,,,
9058,1914.59,16285.67,,,
9059,-13471.88,7962.03,,,
9060,-6395.54,4316.34,,,
9061,-7773.32,27252.775,,,
9062,-5735.16,3707.72,,,
9063,3796.88,3235.85,,,
9064,18741.57,-5493.78,,,
9065,3129.405,-7962.2,,,
9066,6672.59,-1449.36,,,
9067,-14787.56,4950.595,,,
9068,9239.745,-2563.7,,,
9069,12302.2075,45669.41375,,,
9070,431.34,-1145.82,,,
9071,-13450.48,12262.68688,,,
9072,-6131.94,-10733.98,,,
9073,14553.02,-8225.36,,,
9074,-1317.06,283.625,,,
9075,24101.105,8159.86,,,
9076,-4463.68,18468.43,,,
9077,12362.835,-458.48,,,
9078,44815.03234,-14623,,,
9079,-13728.76,-7211.43,,,
9080,13962.845,-9059.3,,,
9081,-342.62,-4711.2,,,
9082,-5064.47,-4434.57,,,
9083,-12114.56,23499.515,,,
9084,4893.15,21702.69,,,
9085,26366.215,-1939.74,,,
9086,7843.18,-9179.44,,,
9087,-4208.3,36452.0975,,,
9088,25835.82,261.62,,,
9089,-8812.64,23048.515,,,
9090,-12462.16,-4882.62,,,
9091,-13870.96,30602.05,,,
9092,-11093.56,15967.885,,,
9093,-4021.82,-4164.47,,,
9094,-17003.72,-12633.12,,,
9095,-4629.78,2777.82,,,
9096,7731.0475,-9233.48,,,
9097,612.22,7907.265,,,
9098,-10282.56,-13291.92,,,
9099,-6788.84,-2697.68,,,
9100,-4041.86,-8873.68,,,
9101,-9106.96,-14798.32,,,
9102,-17648.32,-2648.36,,,
9103,3296.83,38653.465,,,
9104,-10170.32,16896.43,,,
9105,-8903.68,-15483.12,,,
9106,-8995.32,-4287.38,,,
9107,-1940,-6237.7,,,
9108,-5716.83,-3235.93,,,
9109,1040.4,-13523.32,,,
9110,-11778.68,-14050.36,,,
9111,7193.9,4571.92,,,
9112,3327.21,-11472.32,,,
9113,19356.275,32764.215,,,
9114,17587.945,-806.21,,,
9115,-696.155,-7652.9,,,
9116,-5969.06,20776.19,,,
9117,25362.67,36378.71313,,,
9118,15220.33,29920.4125,,,
9119,-12810.32,-14241.56,,,
9120,-931.195,-5617.19,,,
9121,-5111.1,-9019.64,,,
9122,10599.065,12402.14,,,
9123,-5940.37,13659.49,,,
9124,-631.395,9340.53625,,,
9125,957.54,10818.565,,,
9126,21723.385,-14708.62,,,
9127,-18234.8,3893.2,,,
9128,-14878.72,9557,,,
9129,-12292.24,-604.26,,,
9130,13749.2125,4505.68,,,
9131,2157.66,26566.83125,,,
9132,23670.8325,6589.3,,,
9133,5809.735,-7289.74,,,
9134,2865.49,19355.635,,,
9135,4788.56,25383.6775,,,
9136,-13988.52,11636.76,,,
9137,706.82,-14566.92,,,
9138,27759.5725,-123.86,,,
9139,17908.69875,4945.515,,,
9140,23563.33,-5429.76,,,
9141,-2950.06,-8097.32,,,
9142,6000.095,43881.82313,,,
9143,18745.785,1808.585,,,
9144,9347.44,-7963.7,,,
9145,1672,-9719.96,,,
9146,-2571.86,17801.96,,,
9147,-17698.56,-7890.06,,,
9148,-11502.22,-1574.18,,,
9149,-13478.36,-11665.56,,,
9150,-11793.6,-7419.28,,,
9151,5363.415,4076.23,,,
9152,-7916.06,-3028.9,,,
9153,5560.02,3737.44,,,
9154,19140.045,12171.695,,,
9155,-6028.58,19775.285,,,
9156,-5023.08,4408.58,,,
9157,5985.78,8634.22,,,
9158,-13515.4,-4424.18,,,
9159,-19125,22039.94,,,
9160,10755.5325,-8875.54,,,
9161,8936.875,-11110.66,,,
9162,-10496.24,16217.295,,,
9163,20217.8175,3737.71,,,
9164,9695.42,22369.34,,,
9165,-16109.8,10412.21,,,
9166,8677.47,2334.94,,,
9167,6077.16,-1594.28,,,
9168,-8244.74,-5679.08,,,
9169,15702.495,8830.54,,,
9170,754.4,3059.08,,,
9171,-15981.76,-2853.49,,,
9172,-4183.31,-1163.47,,,
9173,-6660.29,3660.49,,,
9174,11460.71,36563.85813,,,
9175,-16490.88,-8633.98,,,
9176,-10185.56,37991.255,,,
9177,-621.92,-1812.38,,,
9178,2816.93,5744.52,,,
9179,-9085,-11112.52,,,
9180,10754.525,17728.185,,,
9181,15799.735,-4200.27,,,
9182,-9780.48,8495.97,,,
9183,-8714.38,-1300.72,,,
9184,18470.97,-317.1,,,
9185,-11481.84,-7377.22,,,
9186,-5231.76,7580.5,,,
9187,12398.61,9157.5375,,,
9188,-7593.1,38407.28125,,,
9189,842.855,-19982.44,,,
9190,-16712.36,-3240.74,,,
9191,-11365.92,11085.35,,,
9192,-7851.84,-8826.04,,,
9193,-20400,-12531.44,,,
9194,-1271.21,24094.835,,,
9195,204.3,6881.585,,,
9196,6684,-1903.58,,,
9197,-4868.46,343.29,,,
9198,-4301.08,184.76,,,
9199,14270.72,2406.27,,,
9200,7718.04,-3526.22,,,
9201,-4346.34,4124.0575,,,
9202,-6351.54,24801.8925,,,
9203,-3259.21,10891.84,,,
9204,20144.25,16425.1,,,
9205,-4736.2,-10466.06,,,
9206,-4358.3,15492.41,,,
9207,-13062.84,19669.0425,,,
9208,1768.755,-11563.52,,,
9209,23167.20375,-11196.64,,,
9210,-2768.89,71.38,,,
9211,-17003.72,-2037.74,,,
9212,-2135.82,-12645.46,,,
9213,2338.02,-6000.54,,,
9214,7996.69,20050.83,,,
9215,-11457.52,16462.85,,,
9216,-2023.44,-8606.44,,,
9217,-4011.94,-2881.35,,,
9218,7871.22,9104.41,,,
9219,-601.16,32042.05313,,,
9220,628.365,5147.33,,,
9221,166.66,37890.53,,,
9222,16715.9625,13278.23,,,
9223,16140.22,11105.68,,,
9224,84.85,-13010.48,,,
9225,11421.4525,4587.71,,,
9226,-7387.7,-6323.68,,,
9227,6210.89,5366.16,,,
9228,3735.52,30685.39125,,,
9229,-2951.08,7029.8175,,,
9230,-1753.07,-14506.94,,,
9231,13417.73,36681.56063,,,
9232,-7534.66,-2105.98,,,
9233,21955.015,-3996.82,,,
9234,5970.58,-11047.32,,,
9235,-15653.4,3313.21,,,
9236,214.08,19723.105,,,
9237,882.335,127.73,,,
9238,10769.98,2080.68,,,
9239,617.77,-4461.29,,,
9240,-7799.06,-9011.34,,,
9241,5062.1,-1438.24,,,
9242,-1695.58,-2552.22,,,
9243,28956.02,-3772.41,,,
9244,20602.975,-6515.42,,,
9245,2740.34,-13972.5,,,
9246,4455.86,1823.6,,,
9247,-10616.6,-19509.8,,,
9248,1711.475,-12515.56,,,
9249,-11738.16,1696.42,,,
9250,-8532.72,3157.13,,,
9251,-12233.8,-2210.75,,,
9252,2628.535,-3336.34,,,
9253,-12405.44,-534.84,,,
9254,8348.69,-6504.17,,,
9255,4044.15,11496.24,,,
9256,-9542.6,-4343.01,,,
9257,14649.93,11670.79,,,
9258,-6956.46,20420.29,,,
9259,7851.37,-3701.72,,,
9260,-7744.2,1413.71,,,
9261,31430.68656,-3222.86,,,
9262,7624.44,1608.4,,,
9263,-11789.28,25493.48,,,
9264,-954.88,1740.43,,,
9265,-11581.92,-12046.64,,,
9266,-11293,-10889.2,,,
9267,14738.88625,4650.14,,,
9268,-11746.08,-20828.72,,,
9269,-13134.68,209.58,,,
9270,11044.055,-11825.18,,,
9271,-1530.74,-1155.71,,,
9272,17341.43,13329.91,,,
9273,-11450.32,6611.26,,,
9274,-8425.24,1718.47,,,
9275,-11626.62,42152.28125,,,
9276,4185.79,5213.57,,,
9277,25835.1075,5415.66,,,
9278,8009.6925,6537.89,,,
9279,11143.565,-30.12,,,
9280,-4392.8,14023.06375,,,
9281,26885.33188,8339.7075,,,
9282,-8538.7,33645.565,,,
9283,-12467.4,59.94,,,
9284,31301.81688,1580.54,,,
9285,17128.0475,-8732.8,,,
9286,-8562.52,-5098.36,,,
9287,14700.915,5837.03,,,
9288,5840.885,-12208.12,,,
9289,7514.3875,-5641.42,,,
9290,-9922.36,-9408.8,,,
9291,-8058.98,20356.005,,,
9292,-1261.68,-12849,,,
9293,-4496.4,-3424.18,,,
9294,-13611.16,2917.7,,,
9295,-2260.46,-12559.48,,,
9296,-1336.74,-4998.86,,,
9297,-7786.6,7414.66,,,
9298,-11216.74,14982.815,,,
9299,-7461.7,5165.57,,,
9300,-1539.56,-3055.12,,,
9301,-4789.2,6563.57,,,
9302,-4883.8,10122.9675,,,
9303,10148.045,-2190.92,,,
9304,-5241.92,4491.75,,,
9305,-15546.36,3290.66,,,
9306,10111.28,-10865.06,,,
9307,22031.4825,20.38,,,
9308,11196.765,-4305.76,,,
9309,-13988.52,12007.085,,,
9310,-3682.44,18574.735,,,
9311,-64.98,-16670.28,,,
9312,-14970.28,2633.99,,,
9313,8698.235,37838.87719,,,
9314,-5348.52,3969.425,,,
9315,-8686.84,-4697.32,,,
9316,37310.76625,13820.0175,,,
9317,-4952.98,-4665.15,,,
9318,10100.02875,-10509.98,,,
9319,-8596.88,1419.06,,,
9320,-7852.86,4312.5275,,,
9321,-17850,-5334.16,,,
9322,-4092.02,-3953.08,,,
9323,4520.2,664.66,,,
9324,15804.76125,1246.875,,,
9325,-8807.6,25584.31125,,,
9326,5.67,-5153.9,,,
9327,-3284.75,-4258.48,,,
9328,3382.2,-365.06,,,
9329,-7294.6,-6399.54,,,
9330,-5333.98,8466.48,,,
9331,-8751.96,14099.325,,,
9332,-11789.56,694.29,,,
9333,-18673.24,18699.7125,,,
9334,8906.78,6197.785,,,
9335,3160.76,15955.365,,,
9336,-8558.8,12972.785,,,
9337,-14698.6,-7179.94,,,
9338,-10983.98,-7756.44,,,
9339,-10093.66,16377.915,,,
9340,25182.0425,-6283.48,,,
9341,-4202.32,14950.04125,,,
9342,10357.8,-2490.06,,,
9343,712.21,24843.7075,,,
9344,-7431.2,-6938.02,,,
9345,-8619.04,-7962.2,,,
9346,-8080.64,33020.34,,,
9347,-4067.62,-12794.96,,,
9348,-5537.28,-4789.24,,,
9349,1472.26,13107.63,,,
9350,-9372.48,-5729.125,,,
9351,-654.44,-10757.44,,,
9352,-7828.94,2015.75,,,
9353,-3617.01,5361.94,,,
9354,-9364.88,-25500,,,
9355,15641.06,-11779.4,,,
9356,3587.26,46350.585,,,
9357,3404.68,22968.43,,,
9358,-7241.74,-614.38,,,
9359,-2421.005,4222.69,,,
9360,-15303.72,-1222.09,,,
9361,16302.73,15605.045,,,
9362,406.94,48525.50844,,,
9363,-4079.64,12353.1,,,
9364,-3570.5,4320.74,,,
9365,16202.915,6240.34,,,
9366,-5446.66,-6780.26,,,
9367,-6822.78,12396.195,,,
9368,-19171.92,3879.36,,,
9369,-1994.45,-1733.8,,,
9370,19963.3,-3520.14,,,
9371,-2786.42,-11907.12,,,
9372,-2298.09,42882.51031,,,
9373,16003.325,42055.91,,,
9374,23064.55,4220.56,,,
9375,25306.225,-1315.6,,,
9376,19316.005,2785.85,,,
9377,2134.545,2937.8,,,
9378,-13181.64,27826.4825,,,
9379,-19125,-8051.54,,,
9380,-13519.6,-10390.56,,,
9381,-15860.48,3906.68,,,
9382,-5542.8,8128.09,,,
9383,25337.86688,-602.31,,,
9384,-7506.76,-5577.4,,,
9385,-6980.1,-926.63,,,
9386,-15410.24,3306.18,,,
9387,20217.4425,6225.78,,,
9388,5547.62,10100.19,,,
9389,-11691.56,6020.97,,,
9390,-8458.02,-4497.5,,,
9391,-2756.7,-7833.8,,,
9392,-8832.76,-6058.3,,,
9393,16868.2475,3745.605,,,
9394,-3701.96,-10991.24,,,
9395,-5591.6,58172.96625,,,
9396,-13519.44,-19128.72,,,
9397,8775.86,-9119.28,,,
9398,-17945.28,13278.14,,,
9399,-5449.14,-8648.5,,,
9400,2995.205,7287.44,,,
9401,-4512.02,27001.325,,,
9402,8530.0425,1219.83,,,
9403,-6051.46,-8893.01,,,
9404,8512.18,27860.99188,,,
9405,-2860.49,8515.34,,,
9406,-11390.32,-1979.08,,,
9407,-1119.46,5456.995,,,
9408,-3959.68,11484.625,,,
9409,21418.78,-8487.02,,,
9410,18110.64125,-12719.1,,,
9411,3009.4,-11751.54,,,
9412,-10929.4,-7808.89,,,
9413,-12118.72,13419.925,,,
9414,-8148,49466.91906,,,
9415,6425.61,-14842.6,,,
9416,1398.22,2385.985,,,
9417,11961.225,-704.08,,,
9418,-13265.24,-12673.32,,,
9419,3380.36,-850.04,,,
9420,-1803.83,-456.62,,,
9421,-12585.84,16592.475,,,
9422,-18615.88,2546.83,,,
9423,-12051.92,453.09,,,
9424,120.79,-6251.72,,,
9425,1488.28,-12339.88,,,
9426,8355.99,1847.74,,,
9427,-3158.06,13176.1,,,
9428,6147.2,9550.14,,,
9429,-1418.08,-6010.34,,,
9430,-6183.47,2214.98,,,
9431,-8215.44,29207.725,,,
9432,2669.78,-8049.68,,,
9433,29620.36188,482.81,,,
9434,3287.85,34262.9025,,,
9435,-125.36,10937.485,,,
9436,-5347.24,-2228.4,,,
9437,-4521.52,2055.36,,,
9438,48245.6375,10361.985,,,
9439,5956.62,-7818.1,,,
9440,-15702.72,-6289.38,,,
9441,12414.32,1281.13,,,
9442,844.06,15352.095,,,
9443,-13717.44,-13810.66,,,
9444,9777.23625,11535.9,,,
9445,5431.7,-4887.2,,,
9446,-11588.24,373.28,,,
9447,14934.715,15960.535,,,
9448,-4871.32,7393.79,,,
9449,-5411.84,-5728.9,,,
9450,-9851.44,-12374.18,,,
9451,-3980.94,18574.8925,,,
9452,-11598.84,-14198,,,
9453,-7338.88,2610.26,,,
9454,-4767.62,4020.88,,,
9455,-19084.8,7610.94,,,
9456,9672.985,42188.54625,,,
9457,-469.53,-565.69,,,
9458,4949.46,391.52,,,
9459,1196.54,29901.735,,,
9460,-15102.04,7126.23,,,
9461,-6173.68,7993.52,,,
9462,7038.73,47055.51438,,,
9463,22283.3,6489.93,,,
9464,11072.61,-15175.68,,,
9465,-12669.52,1175.28,,,
9466,-5000.08,31070.40906,,,
9467,21243.1925,13543.61,,,
9468,-13230.08,-7369.46,,,
9469,10804.22,22638.395,,,
9470,19269.2,-3118.6,,,
9471,3277.03,8462.76,,,
9472,-7430.28,-3553.58,,,
9473,3526.14,13843.43,,,
9474,7612.715,-3598,,,
9475,-9128.56,-126.26,,,
9476,7699.11,16196.245,,,
9477,-996.98,-12585.48,,,
9478,44323.17719,-8186.25,,,
9479,3744.65,3452.23,,,
9480,14129.43,-14710.48,,,
9481,-16303.48,22019.70375,,,
9482,9765.35,-1000.22,,,
9483,-9664.56,23223.59125,,,
9484,7737.29,-8616.6,,,
9485,-3408.7,6382.4725,,,
9486,53002.48938,-700.4,,,
9487,8945.9,-11407.62,,,
9488,-14393.42,-17130.58,,,
9489,5415,11401.325,,,
9490,-1760.88,-369.87,,,
9491,-2212.08,9379,,,
9492,-13096.46,-7860.16,,,
9493,-1384.2,20416.8,,,
9494,-11733.64,-11489.88,,,
9495,3223.24,10676.23,,,
9496,7181.395,-5400.4,,,
9497,-9420.48,2310.125,,,
9498,23731.42,22759.09625,,,
9499,-3932.89,14958.13,,,
9500,-6783.36,15674.915,,,
9501,16099.1325,-15148,,,
9502,-2890.28,8436.94,,,
9503,3066.16,31694.6825,,,
9504,5758.92,18439.65125,,,
9505,294.67,13210.99,,,
9506,9306.16,18500.96,,,
9507,14621.24,17540.435,,,
9508,16944.075,1476.91,,,
9509,12772.75,-4064.74,,,
9510,-5161.94,10854.59,,,
9511,9070.11,2274.6,,,
9512,7976.31,28198.24,,,
9513,-5202.1,29101.93875,,,
9514,-9877.72,7232.81,,,
9515,5818.58,3839.48,,,
9516,-5348.18,10962.58,,,
9517,-5806.66,-3915.42,,,
9518,-6843.76,10473.01,,,
9519,18329.3525,9524.19,,,
9520,-7948.04,19625.51,,,
9521,6654.53,-6642.6,,,
9522,-10973.32,19784.59,,,
9523,54743.44031,-6907.21,,,
9524,13942.04,10285.26,,,
9525,4079.56,-6060.16,,,
9526,10388.45,-15820.28,,,
9527,-7808.52,5621.74,,,
9528,-8324.82,7416.84,,,
9529,14319.39,-2899,,,
9530,3672.72,8703.365,,,
9531,6512.77,28832.18,,,
9532,22479.05,9423.785,,,
9533,-7383.22,-133.66,,,
9534,1937.8,13426.05,,,
9535,-11055.4,-12002.72,,,
9536,-2892.6,13216.475,,,
9537,-2333.04,4706.63,,,
9538,-12473.54,7521.51,,,
9539,1390.26,36095.5175,,,
9540,9577.6,-14271.82,,,
9541,3636.32,15397.515,,,
9542,2536.76,-3132.8,,,
9543,-3810.88,12698.875,,,
9544,-8645.14,20196.6275,,,
9545,-5456.12,-2827.22,,,
9546,-4853.86,10829.68,,,
9547,-13056.96,12805.27,,,
9548,-570.73,-4094.78,,,
9549,14952.42875,1517.02,,,
9550,1504.48,-11803.22,,,
9551,-7404.82,-1683.98,,,
9552,35719.2675,45505.5325,,,
9553,-4784.7,6116.61,,,
9554,-7359.3,4863.3,,,
9555,960.34,-13142.24,,,
9556,21186.77,18159.45625,,,
9557,-12892.92,9066.525,,,
9558,2768.94,-8989.38,,,
9559,-3673.5,-15690.38,,,
9560,-17549.56,680.72,,,
9561,-4604.66,26547.42813,,,
9562,-3879.26,6704.865,,,
9563,-3353.08,-13166.06,,,
9564,6171.275,1048.69,,,
9565,26460.48,900.32,,,
9566,1966.52,-7042.28,,,
9567,8769.16,-9131.62,,,
9568,-8676.72,3659.22,,,
9569,10324.235,21015.0025,,,
9570,-7719.72,8484.175,,,
9571,6142.95,48768.94,,,
9572,-3344.69,-10053.4,,,
9573,12699.645,-9189.56,,,
9574,5269.875,1408.355,,,
9575,-5195.37,-9456.44,,,
9576,10726.655,31437.035,,,
9577,-9789.88,26581.00188,,,
9578,4328.86,-9484.3,,,
9579,312.98,-19938.52,,,
9580,6288.1125,-1158.57,,,
9581,14867.19,35593.305,,,
9582,-7908.3,14699.88,,,
9583,-11693,26766.2325,,,
9584,-5035.82,-10005.76,,,
9585,3559.14,7389.75,,,
9586,-14677.04,13946.65,,,
9587,16523.52,-4572,,,
9588,-7622.82,225.1,,,
9589,4957.4,-9520.46,,,
9590,-16153.72,-1045.82,,,
9591,708.29,1185.26,,,
9592,4624.38,-20400,,,
9593,-15825.76,-11110.66,,,
9594,5348.995,6086.35,,,
9595,-12312.26,6286.85,,,
9596,10147.44,8376.64,,,
9597,26829.945,-10376.63,,,
9598,-13041.44,-2199.04,,,
9599,-15640.88,26702.93875,,,
9600,9603.285,8025.69,,,
9601,-1696.69,-13277.72,,,
9602,-10767.92,12367.48,,,
9603,-2576.89,-6397.32,,,
9604,-4518.44,-6529.08,,,
9605,-451.54,-5164.38,,,
9606,-11719.96,-14281.76,,,
9607,4856.91,5325.0575,,,
9608,1609.92,-12266.24,,,
9609,-3441.08,8957.63,,,
9610,9503.645,18263.5775,,,
9611,2945.9,8306.2425,,,
9612,9349.92,-5904.58,,,
9613,5979.62,-615.15,,,
9614,14782.8275,938.89,,,
9615,-12243,25303.29875,,,
9616,-7578.16,-1498.54,,,
9617,-9831.94,348.915,,,
9618,-1572.12,37711.715,,,
9619,16308.7125,10626.9575,,,
9620,-14677.04,2849.33,,,
9621,-146.31,25778.095,,,
9622,-8502.9,510.85,,,
9623,-12703.36,-20242.24,,,
9624,-2918.95,-2960.84,,,
9625,-5873.56,103.5,,,
9626,-8970.16,3260.76,,,
9627,-8456.4,-10023.68,,,
9628,-2626.74,5529.86,,,
9629,-19975,16439.575,,,
9630,8849.105,24818.0025,,,
9631,10148.56,11863.71,,,
9632,-6630.74,-1682.12,,,
9633,587.255,-9454.58,,,
9634,-13516.84,346.15,,,
9635,-1870.04,-16656.44,,,
9636,-5274.76,6176.32,,,
9637,1928.135,19775.6,,,
9638,7746.59,-8095.46,,,
9639,6507.585,-541.19,,,
9640,-15993.52,-17428.72,,,
9641,4287.1,33549.94875,,,
9642,-14566.52,637.39,,,
9643,-170.16,4089.07,,,
9644,21483.27,12309.49,,,
9645,33579.105,-4230.26,,,
9646,-6386.96,15082.585,,,
9647,-3228.3,-12535.66,,,
9648,-10538.12,-4399.45,,,
9649,-15508.32,-12677.4,,,
9650,-5369.78,-13948.32,,,
9651,1834.04,6906.63,,,
9652,3227.26,10862.075,,,
9653,-10136.98,28388.17,,,
9654,-785.92,-14706.76,,,
9655,5687.575,-11149,,,
9656,-13030.58,18796.335,,,
9657,-4230.76,21832.3825,,,
9658,-12883.08,371.33,,,
9659,8087.06,-14383.8,,,
9660,-6581.52,211.53,,,
9661,33053.645,3545.2,,,
9662,9961.07,-3013.38,,,
9663,-8334.12,1828,,,
9664,-8557.28,7337.44,,,
9665,1099.73,13259.765,,,
9666,-9433.26,4034.17,,,
9667,-8430.76,25736.28906,,,
9668,-3972.44,-8079.4,,,
9669,-215.06,-4555.35,,,
9670,-173.59,-177.31,,,
9671,2372.13,14747.285,,,
9672,-8657,-15179.4,,,
9673,-3357.52,45930.46,,,
9674,5838.64,-1648.18,,,
9675,8755.165,15265.3,,,
9676,7176.88,3370.56,,,
9677,-245.67,2121.51,,,
9678,4961.54,-10106.94,,,
9679,-109.57,-936.56,,,
9680,43042.12313,-1845.82,,,
9681,10478.11,26651.965,,,
9682,2218.52,-7062.02,,,
9683,-1624.815,-3827.22,,,
9684,-9816.82,15784.31,,,
9685,37139.32,-9099.18,,,
9686,-10167.24,-15102.04,,,
9687,21141.52875,-2328.58,,,
9688,9362.45,3076.23,,,
9689,11135.64,-6882.3,,,
9690,-9700.18,-19106.44,,,
9691,8928.745,-4802.9,,,
9692,-15249.68,41426.28,,,
9693,6137.4,13844.61,,,
9694,-6467.24,-12090.56,,,
9695,-10498.5,-762.2,,,
9696,7412.49,-10729.58,,,
9697,22386.7075,-2486.7,,,
9698,-11468,-13992.24,,,
9699,15061.43,5937.305,,,
9700,14227.33,53090.83938,,,
9701,-2232.7,16583.22,,,
9702,3832.33,-12476.45,,,
9703,12814.85,6904.77,,,
9704,25972.53,10611.305,,,
9705,-551.41,23121.11,,,
9706,-918,22205.64,,,
9707,-1911.12,19891.12,,,
9708,-6158.3,2823.6,,,
9709,10864.7,-4699.27,,,
9710,75756.44375,34556.995,,,
9711,-8782.26,4886.76,,,
9712,5738.845,-7117.42,,,
9713,781.02,11126.185,,,
9714,-3576.96,-7536.84,,,
9715,-312.3,18031.59625,,,
9716,14376.2575,4492.11,,,
9717,-11415.4,-2147.18,,,
9718,-13423.84,-1096.775,,,
9719,-7062.02,-10550.18,,,
9720,5723.19,23054.05,,,
9721,2481.01,11900.01,,,
9722,-19040.88,554.86,,,
9723,2757.65,17380.59,,,
9724,13650.48,-14886.16,,,
9725,-226.62,-8358.98,,,
9726,-8919.74,-9616.06,,,
9727,-6698.59,11185.085,,,
9728,7428.94,33051.1,,,
9729,14584.93875,4738.21,,,
9730,-6312.2,-6768.78,,,
9731,16295.235,-18747.64,,,
9732,-3893.24,694.38,,,
9733,19012.12938,-68.87,,,
9734,-7257.8,-5052.4,,,
9735,5482.71,-14235.66,,,
9736,-8237.88,-5039.06,,,
9737,-5555.18,-13098.68,,,
9738,-10450.27,-3645.64,,,
9739,15184.5025,2994.06,,,
9740,-4804.95,28674.3825,,,
9741,9815.17,-468.96,,,
9742,8825.47,-7946.32,,,
9743,-1416.34,-946.73,,,
9744,27904.0075,-5794.82,,,
9745,-17183.12,10250.3925,,,
9746,-17071.6,-10566.24,,,
9747,2138.85,8525.825,,,
9748,-9213.02,13908.9,,,
9749,-7246.08,21070.335,,,
9750,-6443.08,-9681.94,,,
9751,19039.275,32094.47594,,,
9752,-12383.8,32.4,,,
9753,-6641.9,517.11,,,
9754,2565.45,696.24,,,
9755,6490.89,-14636.84,,,
9756,-10513.7,-3296.14,,,
9757,-13226.36,3143.97,,,
9758,-9905.38,-3895.32,,,
9759,-12767.58,14895.7225,,,
9760,-14759.48,-6623.18,,,
9761,34016.06,-1502.4,,,
9762,-12644.2,23950.85313,,,
9763,-13834.6,12877.865,,,
9764,-10761.64,-2480.44,,,
9765,-10875.12,10949.9175,,,
9766,3438.805,-3246.32,,,
9767,14810.53,3502.46,,,
9768,-16083.8,4076.46,,,
9769,17350.5175,-1331.03,,,
9770,-12973,6335.17,,,
9771,8706.63,-1251.22,,,
9772,17449.315,-1570.73,,,
9773,-13695.64,-3901.4,,,
9774,14868.45,2371.65,,,
9775,4801.74,28288.6025,,,
9776,-2915.64,10279.7025,,,
9777,-4469.58,-2648.59,,,
9778,-21675,20196.80875,,,
9779,-7790.42,5456.54,,,
9780,12542.785,-7450.86,,,
9781,-13944.6,-18545.96,,,
9782,8447.9475,21056.5,,,
9783,7308.445,-2781.71,,,
9784,5057.53,3952.78,,,
9785,-4703.76,21937.38,,,
9786,-8943.6,798.6,,,
9787,-16065.88,30909.405,,,
9788,10188.525,21067.4775,,,
9789,6746.85,15746.565,,,
9790,-6031.66,9643.8125,,,
9791,6035.67,7865.93,,,
9792,2265.45,-3805.26,,,
9793,-3407.46,-6824.18,,,
9794,2261.03,14477.19,,,
9795,14058.6775,-11440.06,,,
9796,-2913.29,11286.26,,,
9797,-2452.175,14230.27,,,
9798,-7497.36,-8927.9,,,
9799,40069.135,-19890.88,,,
9800,-10848.56,-3994.28,,,
9801,2833.58,-613.29,,,
9802,9819.1075,-12336.52,,,
9803,-1599.3,-2470.64,,,
9804,-6580.96,-14062.52,,,
9805,4836.1,-3807.12,,,
9806,-2672,3295.015,,,
9807,-13317.92,33775.105,,,
9808,-2105.26,-8754.08,,,
9809,21500,3081.855,,,
9810,9678.67,4684.805,,,
9811,19196.6325,-702.58,,,
9812,-4159.84,-1295.14,,,
9813,20463.6625,8593.9925,,,
9814,-9993.98,-6047.82,,,
9815,-8079.76,-11428.4,,,
9816,7207.66,-8009.84,,,
9817,-4392.28,-1703.76,,,
9818,4137.5,-1082.07,,,
9819,38951.48,-13230.08,,,
9820,-13475.68,5178.5,,,
9821,-10454.58,2720.24,,,
9822,806.43,-8498.5,,,
9823,18888.48625,-8253.58,,,
9824,2607.66,11572.83,,,
9825,-5933.58,16162.8975,,,
9826,-3774.14,16665.9125,,,
9827,9138.42,-12087.2,,,
9828,-848.98,22683.085,,,
9829,29676.94875,-7560.66,,,
9830,20863.3525,-6407.8,,,
9831,1407.29,10581.45,,,
9832,-10274,-5545.14,,,
9833,-16915.88,-7858.48,,,
9834,-1362.4,6168.02,,,
9835,-15908.12,31750.9225,,,
9836,2894.2,-8131.35,,,
9837,-8916.02,10563.7325,,,
9838,-6934.84,22622.88,,,
9839,1405.33,5135.67,,,
9840,-2542.92,-12541.92,,,
9841,28696.5875,-5743.1,,,
9842,20126.505,1416.57,,,
9843,1050.32,-7465.06,,,
9844,14658.77,34474.9225,,,
9845,1915.19,-406.8,,,
9846,8559.74,3965.34,,,
9847,-9277.82,2055.86,,,
9848,16652.33,-5868.78,,,
9849,-6050.38,-3250.36,,,
9850,-5284.62,8654.16,,,
9851,44554.82406,3844.47,,,
9852,-16321.84,15349.87375,,,
9853,4954.57,10070.3125,,,
9854,-10603.02,-15263.52,,,
9855,23302.46,-4753.58,,,
9856,33510.41,-10933.48,,,
9857,-14693.6,-16538.52,,,
9858,11844.25,-8937.7,,,
9859,12437.81,6872.24,,,
9860,-1971.55,-5870.64,,,
9861,11373.4925,-8313.2,,,
9862,1001.23,7514.98,,,
9863,-1604.46,5942.79,,,
9864,-235.555,5312.12,,,
9865,1625.4,-9007.62,,,
9866,14031.31,23806.3175,,,
9867,-7578.6,2525.37,,,
9868,8962.94,-9321.32,,,
9869,-850.82,13527.55,,,
9870,1153.74,-8912.38,,,
9871,-9749.68,-5016.6,,,
9872,12728.54,-18575.68,,,
9873,31888.6325,29320.0625,,,
9874,33518.44,6414.12,,,
9875,15065.15875,22620.52625,,,
9876,11297.86,10156.1775,,,
9877,-12467.92,-11830.76,,,
9878,-346.05,-7231.8,,,
9879,-7790.58,-6932.39,,,
9880,14098.15125,3571.92,,,
9881,-1354.38,-243.19,,,
9882,-17652.04,-17300.68,,,
9883,-13406,27662.395,,,
9884,-8485.16,-15131.76,,,
9885,201.78,2973.965,,,
9886,14582.46,-15133.62,,,
9887,6698.45,-14545.28,,,
9888,5891.11,-9149.36,,,
9889,2109.04,1888.7975,,,
9890,-2430.14,20064.44,,,
9891,-3161.9,-657.21,,,
9892,3962.68,4910.94,,,
9893,-2403.04,19396.62875,,,
9894,-7848.54,-3054.305,,,
9895,-14262.48,994.06,,,
9896,36480.5675,19963.5775,,,
9897,23741.69,-8556.35,,,
9898,15144.82,5781.04,,,
9899,-9064.86,9336.94,,,
9900,-4932.43,-6876.9,,,
9901,18208.365,6375.915,,,
9902,2743.78,24253.325,,,
9903,2803.105,13047.9675,,,
9904,-5874.3,33236.31,,,
9905,-8219.78,-1310.93,,,
9906,6405.28,-13641.24,,,
9907,6256.03,-6559.16,,,
9908,5310.73,1274.69,,,
9909,-10145.26,21666.65125,,,
9910,14356.885,22280.185,,,
9911,-5924.34,6464.75,,,
9912,-876.56,-1209.16,,,
9913,-10205.26,7558.99,,,
9914,22314.0125,-765.65,,,
9915,-8822.32,14577.095,,,
9916,9986.25,-6983.8,,,
9917,-14281.76,19433.5425,,,
9918,2899.92,13543.2475,,,
9919,-18533.72,33801.965,,,
9920,19340.23,-3715.92,,,
9921,-4249.3,28156.6575,,,
9922,5057.18,-11821.14,,,
9923,-9686.28,-1789.47,,,
9924,-12122.32,3366.52,,,
9925,-10229.08,-1697.91,,,
9926,-1104.42,-12204.4,,,
9927,-6627.36,-2578.99,,,
9928,-9059.4,2939.39,,,
9929,-6945.68,-6812.7,,,
9930,-10059.3,967.79,,,
9931,-2392.02,10743.11,,,
9932,45814.55445,-3208.3,,,
9933,2716.62,-430.94,,,
9934,-4184.48,21656.84,,,
9935,-10083.12,12121.515,,,
9936,-14352.04,-4643.46,,,
9937,-7262.98,-8109.66,,,
9938,21073.60375,-8293.1,,,
9939,-15527.04,17892.795,,,
9940,-1590.61,-4750.585,,,
9941,7513.285,-875.72,,,
9942,-13870.96,14545.2,,,
9943,27463.2675,15513.2325,,,
9944,-216.465,905.86,,,
9945,-6080.6,-12292.24,,,
9946,2831.83,-8225.36,,,
9947,-7379.44,7770.02,,,
9948,-6627.4,16746.56,,,
9949,25870.725,5357.13,,,
9950,212.08,7962.35,,,
9951,18369.945,40400.735,,,
9952,-5553.9,17750.28,,,
9953,8886.04,904.36,,,
9954,24089.39,1271.24,,,
9955,-745.48,1311.44,,,
9956,-4080.94,22001.94,,,
9957,13069.71,523.555,,,
9958,-8836.28,-11486.16,,,
9959,3102.7,16249.235,,,
9960,16344.79,-11783.12,,,
9961,26778.20469,30022.515,,,
9962,-10031.02,-1576.04,,,
9963,-732.56,-5517.6,,,
9964,2856.04,5010.85,,,
9965,-13142.24,24473.875,,,
9966,-7850.18,17706.5225,,,
9967,10891.2575,27283.055,,,
9968,-3449.09,11968.57,,,
9969,-9320.96,-7732.3,,,
9970,-12700.16,39023.425,,,
9971,-2544.2,31666.36891,,,
9972,1727.82,3512.21,,,
9973,-10754.08,-1275.04,,,
9974,-1000.36,-5932.98,,,
9975,-694.19,-12248.32,,,
9976,-21250,6158.4,,,
9977,-9240.12,-8564.38,,,
9978,-11011.34,13228.865,,,
9979,-1739.64,38174.48125,,,
9980,6920.12,-80.71,,,
9981,17693.545,1630.36,,,
9982,1423.87,1001.82,,,
9983,-7911.52,16928.55,,,
9984,6332.225,17121.2,,,
9985,12430.63,16978.23,,,
9986,-606.62,-4675.04,,,
9987,44410.18125,-1607.16,,,
9988,7304.87,4574.87,,,
9989,9841.95,5968.52,,,
9990,-8040.76,21041.2575,,,
9991,7296.68,-1540.24,,,
9992,3879.99,32388.3075,,,
9993,8785.46,15056.45,,,
9994,-11217.48,-704.08,,,
9995,623.48,13191.975,,,
9996,8926.98,-5459.48,,,
9997,-3644.5,-7069.78,,,
9998,-2501.46,18137.53,,,
9999,-832.34,26400.59563,,,
10000,-1993.55,322.92,,,
