date,entry_time,entry,long_pnl,short_pnl,long_result,short_result,long_exit_price,short_exit_price,long_exit_time,short_exit_time
2016-08-08,2016-08-08 10:00:00,4780.0,-16.0,16.0,TIME_EXIT,TIME_EXIT,4779.0,4779.0,2016-08-08 16:00:00,2016-08-08 16:00:00
2016-08-09,2016-08-09 10:00:00,4795.0,-44.0,44.0,TIME_EXIT,TIME_EXIT,4792.25,4792.25,2016-08-09 16:00:00,2016-08-09 16:00:00
2016-08-10,2016-08-10 10:00:00,4784.75,-84.0,84.0,TIME_EXIT,TIME_EXIT,4779.5,4779.5,2016-08-10 16:00:00,2016-08-10 16:00:00
2016-08-11,2016-08-11 10:00:00,4800.0,20.0,-20.0,TIME_EXIT,TIME_EXIT,4801.25,4801.25,2016-08-11 16:00:00,2016-08-11 16:00:00
2016-08-12,2016-08-12 10:00:00,4793.5,184.0,-184.0,TIME_EXIT,TIME_EXIT,4805.0,4805.0,2016-08-12 16:00:00,2016-08-12 16:00:00
2016-08-15,2016-08-15 10:00:00,4821.5,32.0,-32.0,TIME_EXIT,TIME_EXIT,4823.5,4823.5,2016-08-15 16:00:00,2016-08-15 16:00:00
2016-08-16,2016-08-16 10:00:00,4805.75,-112.0,112.0,TIME_EXIT,TIME_EXIT,4798.75,4798.75,2016-08-16 16:00:00,2016-08-16 16:00:00
2016-08-17,2016-08-17 10:00:00,4784.75,344.0,-344.0,TIME_EXIT,TIME_EXIT,4806.25,4806.25,2016-08-17 16:00:00,2016-08-17 16:00:00
2016-08-18,2016-08-18 10:00:00,4805.0,40.0,-40.0,TIME_EXIT,TIME_EXIT,4807.5,4807.5,2016-08-18 16:00:00,2016-08-18 16:00:00
2016-08-19,2016-08-19 10:00:00,4791.25,400.0,-400.0,WIN,LOSS,4816.25,4816.25,2016-08-19 10:43:00,2016-08-19 10:43:00
2016-08-22,2016-08-22 10:00:00,4800.5,136.0,-136.0,TIME_EXIT,TIME_EXIT,4809.0,4809.0,2016-08-22 16:00:00,2016-08-22 16:00:00
2016-08-23,2016-08-23 10:00:00,4834.5,-252.0,252.0,TIME_EXIT,TIME_EXIT,4818.75,4818.75,2016-08-23 16:00:00,2016-08-23 16:00:00
2016-08-24,2016-08-24 10:00:00,4817.0,-400.0,400.0,LOSS,WIN,4792.0,4792.0,2016-08-24 14:22:00,2016-08-24 14:22:00
2016-08-25,2016-08-25 10:00:00,4776.25,68.0,-68.0,TIME_EXIT,TIME_EXIT,4780.5,4780.5,2016-08-25 16:00:00,2016-08-25 16:00:00
2016-08-26,2016-08-26 10:00:00,4789.0,400.0,-400.0,WIN,LOSS,4814.0,4814.0,2016-08-26 10:17:00,2016-08-26 10:17:00
2016-08-29,2016-08-29 10:00:00,4795.5,-56.0,56.0,TIME_EXIT,TIME_EXIT,4792.0,4792.0,2016-08-29 16:00:00,2016-08-29 16:00:00
2016-08-30,2016-08-30 10:00:00,4793.75,-400.0,400.0,LOSS,WIN,4768.75,4768.75,2016-08-30 10:34:00,2016-08-30 10:34:00
2016-08-31,2016-08-31 10:00:00,4774.0,-8.0,8.0,TIME_EXIT,TIME_EXIT,4773.5,4773.5,2016-08-31 16:00:00,2016-08-31 16:00:00
2016-09-01,2016-09-01 10:00:00,4776.75,-400.0,400.0,LOSS,WIN,4751.75,4751.75,2016-09-01 10:31:00,2016-09-01 10:31:00
2016-09-02,2016-09-02 10:00:00,4813.75,-400.0,400.0,LOSS,WIN,4788.75,4788.75,2016-09-02 12:20:00,2016-09-02 12:20:00
2016-09-06,2016-09-06 10:00:00,4812.5,256.0,-256.0,TIME_EXIT,TIME_EXIT,4828.5,4828.5,2016-09-06 16:00:00,2016-09-06 16:00:00
2016-09-07,2016-09-07 10:00:00,4832.5,-44.0,44.0,TIME_EXIT,TIME_EXIT,4829.75,4829.75,2016-09-07 16:00:00,2016-09-07 16:00:00
2016-09-08,2016-09-08 10:00:00,4802.25,16.0,-16.0,TIME_EXIT,TIME_EXIT,4803.25,4803.25,2016-09-08 16:00:00,2016-09-08 16:00:00
2016-09-09,2016-09-09 10:00:00,4760.5,-400.0,400.0,LOSS,WIN,4735.5,4735.5,2016-09-09 11:43:00,2016-09-09 11:43:00
2016-09-12,2016-09-12 10:00:00,4692.25,400.0,-400.0,WIN,LOSS,4717.25,4717.25,2016-09-12 11:00:00,2016-09-12 11:00:00
2016-09-13,2016-09-13 10:00:00,4726.5,-400.0,400.0,LOSS,WIN,4701.5,4701.5,2016-09-13 12:55:00,2016-09-13 12:55:00
2016-09-14,2016-09-14 10:00:00,4742.0,400.0,-400.0,WIN,LOSS,4767.0,4767.0,2016-09-14 10:35:00,2016-09-14 10:35:00
2016-09-15,2016-09-15 10:00:00,4760.0,400.0,-400.0,WIN,LOSS,4785.0,4785.0,2016-09-15 10:39:00,2016-09-15 10:39:00
2016-09-16,2016-09-16 10:00:00,4802.5,188.0,-188.0,TIME_EXIT,TIME_EXIT,4814.25,4814.25,2016-09-16 16:00:00,2016-09-16 16:00:00
2016-09-19,2016-09-19 10:00:00,4838.5,-400.0,400.0,LOSS,WIN,4813.5,4813.5,2016-09-19 10:57:00,2016-09-19 10:57:00
2016-09-20,2016-09-20 10:00:00,4816.0,-208.0,208.0,TIME_EXIT,TIME_EXIT,4803.0,4803.0,2016-09-20 16:00:00,2016-09-20 16:00:00
2016-09-21,2016-09-21 10:00:00,4825.5,-400.0,400.0,LOSS,WIN,4800.5,4800.5,2016-09-21 12:15:00,2016-09-21 12:15:00
2016-09-22,2016-09-22 10:00:00,4877.25,148.0,-148.0,TIME_EXIT,TIME_EXIT,4886.5,4886.5,2016-09-22 16:00:00,2016-09-22 16:00:00
2016-09-23,2016-09-23 10:00:00,4870.5,-204.0,204.0,TIME_EXIT,TIME_EXIT,4857.75,4857.75,2016-09-23 16:00:00,2016-09-23 16:00:00
2016-09-26,2016-09-26 10:00:00,4817.0,0.0,0.0,TIME_EXIT,TIME_EXIT,4817.0,4817.0,2016-09-26 16:00:00,2016-09-26 16:00:00
2016-09-27,2016-09-27 10:00:00,4840.0,364.0,-364.0,TIME_EXIT,TIME_EXIT,4862.75,4862.75,2016-09-27 16:00:00,2016-09-27 16:00:00
2016-09-28,2016-09-28 10:00:00,4864.75,88.0,-88.0,TIME_EXIT,TIME_EXIT,4870.25,4870.25,2016-09-28 16:00:00,2016-09-28 16:00:00
2016-09-29,2016-09-29 10:00:00,4866.5,-400.0,400.0,LOSS,WIN,4841.5,4841.5,2016-09-29 11:17:00,2016-09-29 11:17:00
2016-09-30,2016-09-30 10:00:00,4849.25,400.0,-400.0,WIN,LOSS,4874.25,4874.25,2016-09-30 11:29:00,2016-09-30 11:29:00
2016-10-03,2016-10-03 10:00:00,4849.75,264.0,-264.0,TIME_EXIT,TIME_EXIT,4866.25,4866.25,2016-10-03 16:00:00,2016-10-03 16:00:00
2016-10-04,2016-10-04 10:00:00,4885.5,-400.0,400.0,LOSS,WIN,4860.5,4860.5,2016-10-04 11:15:00,2016-10-04 11:15:00
2016-10-05,2016-10-05 10:00:00,4875.5,-28.0,28.0,TIME_EXIT,TIME_EXIT,4873.75,4873.75,2016-10-05 16:00:00,2016-10-05 16:00:00
2016-10-06,2016-10-06 10:00:00,4858.0,208.0,-208.0,TIME_EXIT,TIME_EXIT,4871.0,4871.0,2016-10-06 16:00:00,2016-10-06 16:00:00
2016-10-07,2016-10-07 10:00:00,4858.75,12.0,-12.0,TIME_EXIT,TIME_EXIT,4859.5,4859.5,2016-10-07 16:00:00,2016-10-07 16:00:00
2016-10-10,2016-10-10 10:00:00,4897.0,-128.0,128.0,TIME_EXIT,TIME_EXIT,4889.0,4889.0,2016-10-10 16:00:00,2016-10-10 16:00:00
2016-10-11,2016-10-11 10:00:00,4862.25,-400.0,400.0,LOSS,WIN,4837.25,4837.25,2016-10-11 11:02:00,2016-10-11 11:02:00
2016-10-12,2016-10-12 10:00:00,4815.75,-4.0,4.0,TIME_EXIT,TIME_EXIT,4815.5,4815.5,2016-10-12 16:00:00,2016-10-12 16:00:00
2016-10-13,2016-10-13 10:00:00,4761.5,400.0,-400.0,WIN,LOSS,4786.5,4786.5,2016-10-13 12:36:00,2016-10-13 12:36:00
2016-10-14,2016-10-14 10:00:00,4835.25,-400.0,400.0,LOSS,WIN,4810.25,4810.25,2016-10-14 11:48:00,2016-10-14 11:48:00
2016-10-17,2016-10-17 10:00:00,4786.0,108.0,-108.0,TIME_EXIT,TIME_EXIT,4792.75,4792.75,2016-10-17 16:00:00,2016-10-17 16:00:00
2016-10-18,2016-10-18 10:00:00,4841.5,-180.0,180.0,TIME_EXIT,TIME_EXIT,4830.25,4830.25,2016-10-18 16:00:00,2016-10-18 16:00:00
2016-10-19,2016-10-19 10:00:00,4829.25,32.0,-32.0,TIME_EXIT,TIME_EXIT,4831.25,4831.25,2016-10-19 16:00:00,2016-10-19 16:00:00
2016-10-20,2016-10-20 10:00:00,4824.75,-400.0,400.0,LOSS,WIN,4799.75,4799.75,2016-10-20 10:38:00,2016-10-20 10:38:00
2016-10-21,2016-10-21 10:00:00,4831.5,216.0,-216.0,TIME_EXIT,TIME_EXIT,4845.0,4845.0,2016-10-21 16:00:00,2016-10-21 16:00:00
2016-10-24,2016-10-24 10:00:00,4890.25,208.0,-208.0,TIME_EXIT,TIME_EXIT,4903.25,4903.25,2016-10-24 16:00:00,2016-10-24 16:00:00
2016-10-25,2016-10-25 10:00:00,4903.75,-316.0,316.0,TIME_EXIT,TIME_EXIT,4884.0,4884.0,2016-10-25 16:00:00,2016-10-25 16:00:00
2016-10-26,2016-10-26 10:00:00,4848.25,400.0,-400.0,WIN,LOSS,4873.25,4873.25,2016-10-26 10:59:00,2016-10-26 10:59:00
2016-10-27,2016-10-27 10:00:00,4870.75,-400.0,400.0,LOSS,WIN,4845.75,4845.75,2016-10-27 10:36:00,2016-10-27 10:36:00
2016-10-28,2016-10-28 10:00:00,4826.5,-400.0,400.0,LOSS,WIN,4801.5,4801.5,2016-10-28 13:36:00,2016-10-28 13:36:00
2016-10-31,2016-10-31 10:00:00,4805.0,-84.0,84.0,TIME_EXIT,TIME_EXIT,4799.75,4799.75,2016-10-31 16:00:00,2016-10-31 16:00:00
2016-11-01,2016-11-01 10:00:00,4793.75,-400.0,400.0,LOSS,WIN,4768.75,4768.75,2016-11-01 12:10:00,2016-11-01 12:10:00
2016-11-02,2016-11-02 10:00:00,4761.75,-400.0,400.0,LOSS,WIN,4736.75,4736.75,2016-11-02 13:03:00,2016-11-02 13:03:00
2016-11-03,2016-11-03 10:00:00,4709.0,-400.0,400.0,LOSS,WIN,4684.0,4684.0,2016-11-03 14:01:00,2016-11-03 14:01:00
2016-11-04,2016-11-04 10:00:00,4661.25,400.0,-400.0,WIN,LOSS,4686.25,4686.25,2016-11-04 10:38:00,2016-11-04 10:38:00
2016-11-07,2016-11-07 10:00:00,4737.5,400.0,-400.0,WIN,LOSS,4762.5,4762.5,2016-11-07 11:06:00,2016-11-07 11:06:00
2016-11-08,2016-11-08 10:00:00,4756.5,400.0,-400.0,WIN,LOSS,4781.5,4781.5,2016-11-08 11:14:00,2016-11-08 11:14:00
2016-11-09,2016-11-09 10:00:00,4790.0,-400.0,400.0,LOSS,WIN,4765.0,4765.0,2016-11-09 10:08:00,2016-11-09 10:08:00
2016-11-10,2016-11-10 10:00:00,4816.5,-400.0,400.0,LOSS,WIN,4791.5,4791.5,2016-11-10 10:08:00,2016-11-10 10:08:00
2016-11-11,2016-11-11 10:00:00,4709.5,400.0,-400.0,WIN,LOSS,4734.5,4734.5,2016-11-11 10:05:00,2016-11-11 10:05:00
2016-11-14,2016-11-14 10:00:00,4710.5,-400.0,400.0,LOSS,WIN,4685.5,4685.5,2016-11-14 11:00:00,2016-11-14 11:00:00
2016-11-15,2016-11-15 10:00:00,4752.5,400.0,-400.0,WIN,LOSS,4777.5,4777.5,2016-11-15 15:01:00,2016-11-15 15:01:00
2016-11-16,2016-11-16 10:00:00,4756.75,400.0,-400.0,WIN,LOSS,4781.75,4781.75,2016-11-16 10:33:00,2016-11-16 10:33:00
2016-11-17,2016-11-17 10:00:00,4798.0,400.0,-400.0,WIN,LOSS,4823.0,4823.0,2016-11-17 12:24:00,2016-11-17 12:24:00
2016-11-18,2016-11-18 10:00:00,4822.75,-280.0,280.0,TIME_EXIT,TIME_EXIT,4805.25,4805.25,2016-11-18 16:00:00,2016-11-18 16:00:00
2016-11-21,2016-11-21 10:00:00,4848.5,-400.0,400.0,LOSS,WIN,4823.5,4823.5,2016-11-21 10:27:00,2016-11-21 10:27:00
2016-11-22,2016-11-22 10:00:00,4875.0,-4.0,4.0,TIME_EXIT,TIME_EXIT,4874.75,4874.75,2016-11-22 16:00:00,2016-11-22 16:00:00
2016-11-23,2016-11-23 10:00:00,4842.25,152.0,-152.0,TIME_EXIT,TIME_EXIT,4851.75,4851.75,2016-11-23 16:00:00,2016-11-23 16:00:00
2016-11-28,2016-11-28 10:00:00,4868.75,-192.0,192.0,TIME_EXIT,TIME_EXIT,4856.75,4856.75,2016-11-28 16:00:00,2016-11-28 16:00:00
2016-11-29,2016-11-29 10:00:00,4853.75,400.0,-400.0,WIN,LOSS,4878.75,4878.75,2016-11-29 11:28:00,2016-11-29 11:28:00
2016-11-30,2016-11-30 10:00:00,4865.5,-400.0,400.0,LOSS,WIN,4840.5,4840.5,2016-11-30 10:24:00,2016-11-30 10:24:00
2016-12-01,2016-12-01 10:00:00,4785.0,-400.0,400.0,LOSS,WIN,4760.0,4760.0,2016-12-01 10:39:00,2016-12-01 10:39:00
2016-12-02,2016-12-02 10:00:00,4741.5,-36.0,36.0,TIME_EXIT,TIME_EXIT,4739.25,4739.25,2016-12-02 16:00:00,2016-12-02 16:00:00
2016-12-05,2016-12-05 10:00:00,4775.0,20.0,-20.0,TIME_EXIT,TIME_EXIT,4776.25,4776.25,2016-12-05 16:00:00,2016-12-05 16:00:00
2016-12-06,2016-12-06 10:00:00,4788.5,-4.0,4.0,TIME_EXIT,TIME_EXIT,4788.25,4788.25,2016-12-06 16:00:00,2016-12-06 16:00:00
2016-12-07,2016-12-07 10:00:00,4763.75,400.0,-400.0,WIN,LOSS,4788.75,4788.75,2016-12-07 10:44:00,2016-12-07 10:44:00
2016-12-08,2016-12-08 10:00:00,4853.5,92.0,-92.0,TIME_EXIT,TIME_EXIT,4859.25,4859.25,2016-12-08 16:00:00,2016-12-08 16:00:00
2016-12-09,2016-12-09 10:00:00,4891.0,4.0,-4.0,TIME_EXIT,TIME_EXIT,4891.25,4891.25,2016-12-09 16:00:00,2016-12-09 16:00:00
2016-12-12,2016-12-12 10:00:00,4878.75,-400.0,400.0,LOSS,WIN,4853.75,4853.75,2016-12-12 12:04:00,2016-12-12 12:04:00
2016-12-13,2016-12-13 10:00:00,4933.25,400.0,-400.0,WIN,LOSS,4958.25,4958.25,2016-12-13 11:59:00,2016-12-13 11:59:00
2016-12-14,2016-12-14 10:00:00,4947.5,-400.0,400.0,LOSS,WIN,4922.5,4922.5,2016-12-14 14:14:00,2016-12-14 14:14:00
2016-12-15,2016-12-15 10:00:00,4946.25,-400.0,400.0,LOSS,WIN,4921.25,4921.25,2016-12-15 13:56:00,2016-12-15 13:56:00
2016-12-16,2016-12-16 10:00:00,4942.0,-400.0,400.0,LOSS,WIN,4917.0,4917.0,2016-12-16 11:23:00,2016-12-16 11:23:00
2016-12-19,2016-12-19 10:00:00,4938.25,400.0,-400.0,WIN,LOSS,4963.25,4963.25,2016-12-19 11:02:00,2016-12-19 11:02:00
2016-12-20,2016-12-20 10:00:00,4956.0,-40.0,40.0,TIME_EXIT,TIME_EXIT,4953.5,4953.5,2016-12-20 16:00:00,2016-12-20 16:00:00
2016-12-21,2016-12-21 10:00:00,4949.0,12.0,-12.0,TIME_EXIT,TIME_EXIT,4949.75,4949.75,2016-12-21 16:00:00,2016-12-21 16:00:00
2016-12-22,2016-12-22 10:00:00,4939.5,-84.0,84.0,TIME_EXIT,TIME_EXIT,4934.25,4934.25,2016-12-22 16:00:00,2016-12-22 16:00:00
2016-12-23,2016-12-23 10:00:00,4936.75,56.0,-56.0,TIME_EXIT,TIME_EXIT,4940.25,4940.25,2016-12-23 16:00:00,2016-12-23 16:00:00
2016-12-27,2016-12-27 10:00:00,4990.5,-400.0,400.0,LOSS,WIN,4965.5,4965.5,2016-12-27 15:58:00,2016-12-27 15:58:00
2016-12-28,2016-12-28 10:00:00,4947.5,-400.0,400.0,LOSS,WIN,4922.5,4922.5,2016-12-28 14:17:00,2016-12-28 14:17:00
2016-12-29,2016-12-29 10:00:00,4919.0,-64.0,64.0,TIME_EXIT,TIME_EXIT,4915.0,4915.0,2016-12-29 16:00:00,2016-12-29 16:00:00
2016-12-30,2016-12-30 10:00:00,4881.0,-400.0,400.0,LOSS,WIN,4856.0,4856.0,2016-12-30 14:11:00,2016-12-30 14:11:00
2017-01-03,2017-01-03 10:00:00,4904.0,84.0,-84.0,TIME_EXIT,TIME_EXIT,4909.25,4909.25,2017-01-03 16:00:00,2017-01-03 16:00:00
2017-01-04,2017-01-04 10:00:00,4924.0,148.0,-148.0,TIME_EXIT,TIME_EXIT,4933.25,4933.25,2017-01-04 16:00:00,2017-01-04 16:00:00
2017-01-05,2017-01-05 10:00:00,4952.25,112.0,-112.0,TIME_EXIT,TIME_EXIT,4959.25,4959.25,2017-01-05 16:00:00,2017-01-05 16:00:00
2017-01-06,2017-01-06 10:00:00,4977.25,400.0,-400.0,WIN,LOSS,5002.25,5002.25,2017-01-06 11:56:00,2017-01-06 11:56:00
2017-01-10,2017-01-10 10:00:00,5019.0,400.0,-400.0,WIN,LOSS,5044.0,5044.0,2017-01-10 11:47:00,2017-01-10 11:47:00
2017-01-11,2017-01-11 10:00:00,5036.5,-400.0,400.0,LOSS,WIN,5011.5,5011.5,2017-01-11 11:36:00,2017-01-11 11:36:00
2017-01-12,2017-01-12 10:00:00,5017.75,-400.0,400.0,LOSS,WIN,4992.75,4992.75,2017-01-12 11:00:00,2017-01-12 11:00:00
2017-01-13,2017-01-13 10:00:00,5054.25,12.0,-12.0,TIME_EXIT,TIME_EXIT,5055.0,5055.0,2017-01-13 16:00:00,2017-01-13 16:00:00
2017-01-17,2017-01-17 10:00:00,5032.0,120.0,-120.0,TIME_EXIT,TIME_EXIT,5039.5,5039.5,2017-01-17 16:00:00,2017-01-17 16:00:00
2017-01-18,2017-01-18 10:00:00,5051.25,-20.0,20.0,TIME_EXIT,TIME_EXIT,5050.0,5050.0,2017-01-18 16:00:00,2017-01-18 16:00:00
2017-01-19,2017-01-19 10:00:00,5073.5,-400.0,400.0,LOSS,WIN,5048.5,5048.5,2017-01-19 11:04:00,2017-01-19 11:04:00
2017-01-20,2017-01-20 10:00:00,5077.0,-400.0,400.0,LOSS,WIN,5052.0,5052.0,2017-01-20 12:05:00,2017-01-20 12:05:00
2017-01-23,2017-01-23 10:00:00,5055.5,-400.0,400.0,LOSS,WIN,5030.5,5030.5,2017-01-23 11:50:00,2017-01-23 11:50:00
2017-01-24,2017-01-24 10:00:00,5066.75,400.0,-400.0,WIN,LOSS,5091.75,5091.75,2017-01-24 13:41:00,2017-01-24 13:41:00
2017-01-25,2017-01-25 10:00:00,5130.5,248.0,-248.0,TIME_EXIT,TIME_EXIT,5146.0,5146.0,2017-01-25 16:00:00,2017-01-25 16:00:00
2017-01-26,2017-01-26 10:00:00,5156.25,-52.0,52.0,TIME_EXIT,TIME_EXIT,5153.0,5153.0,2017-01-26 16:00:00,2017-01-26 16:00:00
2017-01-27,2017-01-27 10:00:00,5151.75,172.0,-172.0,TIME_EXIT,TIME_EXIT,5162.5,5162.5,2017-01-27 16:00:00,2017-01-27 16:00:00
2017-01-30,2017-01-30 10:00:00,5112.0,168.0,-168.0,TIME_EXIT,TIME_EXIT,5122.5,5122.5,2017-01-30 16:00:00,2017-01-30 16:00:00
2017-01-31,2017-01-31 10:00:00,5101.25,272.0,-272.0,TIME_EXIT,TIME_EXIT,5118.25,5118.25,2017-01-31 16:00:00,2017-01-31 16:00:00
2017-02-01,2017-02-01 10:00:00,5145.75,0.0,0.0,TIME_EXIT,TIME_EXIT,5145.75,5145.75,2017-02-01 16:00:00,2017-02-01 16:00:00
2017-02-02,2017-02-02 10:00:00,5152.25,-156.0,156.0,TIME_EXIT,TIME_EXIT,5142.5,5142.5,2017-02-02 16:00:00,2017-02-02 16:00:00
2017-02-03,2017-02-03 10:00:00,5150.25,96.0,-96.0,TIME_EXIT,TIME_EXIT,5156.25,5156.25,2017-02-03 16:00:00,2017-02-03 16:00:00
2017-02-06,2017-02-06 10:00:00,5151.0,176.0,-176.0,TIME_EXIT,TIME_EXIT,5162.0,5162.0,2017-02-06 16:00:00,2017-02-06 16:00:00
2017-02-07,2017-02-07 10:00:00,5178.5,12.0,-12.0,TIME_EXIT,TIME_EXIT,5179.25,5179.25,2017-02-07 16:00:00,2017-02-07 16:00:00
2017-02-08,2017-02-08 10:00:00,5172.0,400.0,-400.0,WIN,LOSS,5197.0,5197.0,2017-02-08 15:44:00,2017-02-08 15:44:00
2017-02-09,2017-02-09 10:00:00,5198.0,168.0,-168.0,TIME_EXIT,TIME_EXIT,5208.5,5208.5,2017-02-09 16:00:00,2017-02-09 16:00:00
2017-02-10,2017-02-10 10:00:00,5213.25,184.0,-184.0,TIME_EXIT,TIME_EXIT,5224.75,5224.75,2017-02-10 16:00:00,2017-02-10 16:00:00
2017-02-13,2017-02-13 10:00:00,5245.0,164.0,-164.0,TIME_EXIT,TIME_EXIT,5255.25,5255.25,2017-02-13 16:00:00,2017-02-13 16:00:00
2017-02-14,2017-02-14 10:00:00,5253.5,292.0,-292.0,TIME_EXIT,TIME_EXIT,5271.75,5271.75,2017-02-14 16:00:00,2017-02-14 16:00:00
2017-02-15,2017-02-15 10:00:00,5276.75,400.0,-400.0,WIN,LOSS,5301.75,5301.75,2017-02-15 15:14:00,2017-02-15 15:14:00
2017-02-16,2017-02-16 10:00:00,5304.0,-20.0,20.0,TIME_EXIT,TIME_EXIT,5302.75,5302.75,2017-02-16 16:00:00,2017-02-16 16:00:00
2017-02-17,2017-02-17 10:00:00,5304.75,300.0,-300.0,TIME_EXIT,TIME_EXIT,5323.5,5323.5,2017-02-17 16:00:00,2017-02-17 16:00:00
2017-02-21,2017-02-21 10:00:00,5344.25,64.0,-64.0,TIME_EXIT,TIME_EXIT,5348.25,5348.25,2017-02-21 16:00:00,2017-02-21 16:00:00
2017-02-22,2017-02-22 10:00:00,5340.5,176.0,-176.0,TIME_EXIT,TIME_EXIT,5351.5,5351.5,2017-02-22 16:00:00,2017-02-22 16:00:00
2017-02-23,2017-02-23 10:00:00,5346.5,-400.0,400.0,LOSS,WIN,5321.5,5321.5,2017-02-23 10:56:00,2017-02-23 10:56:00
2017-02-24,2017-02-24 10:00:00,5320.75,340.0,-340.0,TIME_EXIT,TIME_EXIT,5342.0,5342.0,2017-02-24 16:00:00,2017-02-24 16:00:00
2017-02-27,2017-02-27 10:00:00,5335.75,156.0,-156.0,TIME_EXIT,TIME_EXIT,5345.5,5345.5,2017-02-27 16:00:00,2017-02-27 16:00:00
2017-02-28,2017-02-28 10:00:00,5340.75,-140.0,140.0,TIME_EXIT,TIME_EXIT,5332.0,5332.0,2017-02-28 16:00:00,2017-02-28 16:00:00
2017-03-01,2017-03-01 10:00:00,5362.25,400.0,-400.0,WIN,LOSS,5387.25,5387.25,2017-03-01 12:02:00,2017-03-01 12:02:00
2017-03-02,2017-03-02 10:00:00,5386.25,-400.0,400.0,LOSS,WIN,5361.25,5361.25,2017-03-02 15:16:00,2017-03-02 15:16:00
2017-03-03,2017-03-03 10:00:00,5357.75,220.0,-220.0,TIME_EXIT,TIME_EXIT,5371.5,5371.5,2017-03-03 16:00:00,2017-03-03 16:00:00
2017-03-06,2017-03-06 10:00:00,5352.0,156.0,-156.0,TIME_EXIT,TIME_EXIT,5361.75,5361.75,2017-03-06 16:00:00,2017-03-06 16:00:00
2017-03-07,2017-03-07 10:00:00,5351.75,-36.0,36.0,TIME_EXIT,TIME_EXIT,5349.5,5349.5,2017-03-07 16:00:00,2017-03-07 16:00:00
2017-03-08,2017-03-08 10:00:00,5368.25,-124.0,124.0,TIME_EXIT,TIME_EXIT,5360.5,5360.5,2017-03-08 16:00:00,2017-03-08 16:00:00
2017-03-09,2017-03-09 10:00:00,5363.5,-400.0,400.0,LOSS,WIN,5338.5,5338.5,2017-03-09 14:16:00,2017-03-09 14:16:00
2017-03-10,2017-03-10 10:00:00,5396.5,-400.0,400.0,LOSS,WIN,5371.5,5371.5,2017-03-10 12:53:00,2017-03-10 12:53:00
2017-03-13,2017-03-13 10:00:00,5389.5,120.0,-120.0,TIME_EXIT,TIME_EXIT,5397.0,5397.0,2017-03-13 16:00:00,2017-03-13 16:00:00
2017-03-14,2017-03-14 10:00:00,5380.0,60.0,-60.0,TIME_EXIT,TIME_EXIT,5383.75,5383.75,2017-03-14 16:00:00,2017-03-14 16:00:00
2017-03-15,2017-03-15 10:00:00,5387.5,400.0,-400.0,WIN,LOSS,5412.5,5412.5,2017-03-15 14:01:00,2017-03-15 14:01:00
2017-03-16,2017-03-16 10:00:00,5421.75,-124.0,124.0,TIME_EXIT,TIME_EXIT,5414.0,5414.0,2017-03-16 16:00:00,2017-03-16 16:00:00
2017-03-17,2017-03-17 10:00:00,5415.75,-24.0,24.0,TIME_EXIT,TIME_EXIT,5414.25,5414.25,2017-03-17 16:00:00,2017-03-17 16:00:00
2017-03-20,2017-03-20 10:00:00,5412.5,72.0,-72.0,TIME_EXIT,TIME_EXIT,5417.0,5417.0,2017-03-20 16:00:00,2017-03-20 16:00:00
2017-03-21,2017-03-21 10:00:00,5436.5,-400.0,400.0,LOSS,WIN,5411.5,5411.5,2017-03-21 10:27:00,2017-03-21 10:27:00
2017-03-22,2017-03-22 10:00:00,5337.25,400.0,-400.0,WIN,LOSS,5362.25,5362.25,2017-03-22 11:15:00,2017-03-22 11:15:00
2017-03-23,2017-03-23 10:00:00,5356.5,-56.0,56.0,TIME_EXIT,TIME_EXIT,5353.0,5353.0,2017-03-23 16:00:00,2017-03-23 16:00:00
2017-03-24,2017-03-24 10:00:00,5387.25,-400.0,400.0,LOSS,WIN,5362.25,5362.25,2017-03-24 14:48:00,2017-03-24 14:48:00
2017-03-27,2017-03-27 10:00:00,5338.5,400.0,-400.0,WIN,LOSS,5363.5,5363.5,2017-03-27 11:30:00,2017-03-27 11:30:00
2017-03-28,2017-03-28 10:00:00,5369.0,400.0,-400.0,WIN,LOSS,5394.0,5394.0,2017-03-28 11:49:00,2017-03-28 11:49:00
2017-03-29,2017-03-29 10:00:00,5421.5,200.0,-200.0,TIME_EXIT,TIME_EXIT,5434.0,5434.0,2017-03-29 16:00:00,2017-03-29 16:00:00
2017-03-30,2017-03-30 10:00:00,5439.5,36.0,-36.0,TIME_EXIT,TIME_EXIT,5441.75,5441.75,2017-03-30 16:00:00,2017-03-30 16:00:00
2017-03-31,2017-03-31 10:00:00,5436.25,32.0,-32.0,TIME_EXIT,TIME_EXIT,5438.25,5438.25,2017-03-31 16:00:00,2017-03-31 16:00:00
2017-04-03,2017-04-03 10:00:00,5446.25,-400.0,400.0,LOSS,WIN,5421.25,5421.25,2017-04-03 11:05:00,2017-04-03 11:05:00
2017-04-04,2017-04-04 10:00:00,5427.0,256.0,-256.0,TIME_EXIT,TIME_EXIT,5443.0,5443.0,2017-04-04 16:00:00,2017-04-04 16:00:00
2017-04-05,2017-04-05 10:00:00,5459.25,-400.0,400.0,LOSS,WIN,5434.25,5434.25,2017-04-05 15:22:00,2017-04-05 15:22:00
2017-04-06,2017-04-06 10:00:00,5432.25,-212.0,212.0,TIME_EXIT,TIME_EXIT,5419.0,5419.0,2017-04-06 16:00:00,2017-04-06 16:00:00
2017-04-07,2017-04-07 10:00:00,5403.5,400.0,-400.0,WIN,LOSS,5428.5,5428.5,2017-04-07 12:52:00,2017-04-07 12:52:00
2017-04-10,2017-04-10 10:00:00,5436.5,-400.0,400.0,LOSS,WIN,5411.5,5411.5,2017-04-10 12:11:00,2017-04-10 12:11:00
2017-04-11,2017-04-11 10:00:00,5391.25,-400.0,400.0,LOSS,WIN,5366.25,5366.25,2017-04-11 10:34:00,2017-04-11 10:34:00
2017-04-12,2017-04-12 10:00:00,5395.0,-400.0,400.0,LOSS,WIN,5370.0,5370.0,2017-04-12 11:51:00,2017-04-12 11:51:00
2017-04-13,2017-04-13 10:00:00,5386.25,-400.0,400.0,LOSS,WIN,5361.25,5361.25,2017-04-13 15:35:00,2017-04-13 15:35:00
2017-04-17,2017-04-17 10:00:00,5373.75,400.0,-400.0,WIN,LOSS,5398.75,5398.75,2017-04-17 15:50:00,2017-04-17 15:50:00
2017-04-18,2017-04-18 10:00:00,5404.5,-400.0,400.0,LOSS,WIN,5379.5,5379.5,2017-04-18 12:00:00,2017-04-18 12:00:00
2017-04-19,2017-04-19 10:00:00,5427.0,-400.0,400.0,LOSS,WIN,5402.0,5402.0,2017-04-19 14:15:00,2017-04-19 14:15:00
2017-04-20,2017-04-20 10:00:00,5413.5,400.0,-400.0,WIN,LOSS,5438.5,5438.5,2017-04-20 12:04:00,2017-04-20 12:04:00
2017-04-21,2017-04-21 10:00:00,5438.25,56.0,-56.0,TIME_EXIT,TIME_EXIT,5441.75,5441.75,2017-04-21 16:00:00,2017-04-21 16:00:00
2017-04-24,2017-04-24 10:00:00,5504.0,24.0,-24.0,TIME_EXIT,TIME_EXIT,5505.5,5505.5,2017-04-24 16:00:00,2017-04-24 16:00:00
2017-04-25,2017-04-25 10:00:00,5526.5,400.0,-400.0,WIN,LOSS,5551.5,5551.5,2017-04-25 14:14:00,2017-04-25 14:14:00
2017-04-26,2017-04-26 10:00:00,5548.0,-148.0,148.0,TIME_EXIT,TIME_EXIT,5538.75,5538.75,2017-04-26 16:00:00,2017-04-26 16:00:00
2017-04-27,2017-04-27 10:00:00,5557.5,148.0,-148.0,TIME_EXIT,TIME_EXIT,5566.75,5566.75,2017-04-27 16:00:00,2017-04-27 16:00:00
2017-04-28,2017-04-28 10:00:00,5578.0,56.0,-56.0,TIME_EXIT,TIME_EXIT,5581.5,5581.5,2017-04-28 16:00:00,2017-04-28 16:00:00
2017-05-01,2017-05-01 10:00:00,5606.5,400.0,-400.0,WIN,LOSS,5631.5,5631.5,2017-05-01 13:59:00,2017-05-01 13:59:00
2017-05-02,2017-05-02 10:00:00,5626.0,216.0,-216.0,TIME_EXIT,TIME_EXIT,5639.5,5639.5,2017-05-02 16:00:00,2017-05-02 16:00:00
2017-05-03,2017-05-03 10:00:00,5620.0,40.0,-40.0,TIME_EXIT,TIME_EXIT,5622.5,5622.5,2017-05-03 16:00:00,2017-05-03 16:00:00
2017-05-04,2017-05-04 10:00:00,5607.75,220.0,-220.0,TIME_EXIT,TIME_EXIT,5621.5,5621.5,2017-05-04 16:00:00,2017-05-04 16:00:00
2017-05-05,2017-05-05 10:00:00,5625.75,328.0,-328.0,TIME_EXIT,TIME_EXIT,5646.25,5646.25,2017-05-05 16:00:00,2017-05-05 16:00:00
2017-05-08,2017-05-08 10:00:00,5639.25,244.0,-244.0,TIME_EXIT,TIME_EXIT,5654.5,5654.5,2017-05-08 16:00:00,2017-05-08 16:00:00
2017-05-09,2017-05-09 10:00:00,5677.75,-36.0,36.0,TIME_EXIT,TIME_EXIT,5675.5,5675.5,2017-05-09 16:00:00,2017-05-09 16:00:00
2017-05-10,2017-05-10 10:00:00,5666.0,184.0,-184.0,TIME_EXIT,TIME_EXIT,5677.5,5677.5,2017-05-10 16:00:00,2017-05-10 16:00:00
2017-05-11,2017-05-11 10:00:00,5647.25,400.0,-400.0,WIN,LOSS,5672.25,5672.25,2017-05-11 14:20:00,2017-05-11 14:20:00
2017-05-12,2017-05-12 10:00:00,5675.5,168.0,-168.0,TIME_EXIT,TIME_EXIT,5686.0,5686.0,2017-05-12 16:00:00,2017-05-12 16:00:00
2017-05-15,2017-05-15 10:00:00,5698.0,84.0,-84.0,TIME_EXIT,TIME_EXIT,5703.25,5703.25,2017-05-15 16:00:00,2017-05-15 16:00:00
2017-05-16,2017-05-16 10:00:00,5716.5,148.0,-148.0,TIME_EXIT,TIME_EXIT,5725.75,5725.75,2017-05-16 16:00:00,2017-05-16 16:00:00
2017-05-17,2017-05-17 10:00:00,5665.5,-400.0,400.0,LOSS,WIN,5640.5,5640.5,2017-05-17 10:53:00,2017-05-17 10:53:00
2017-05-18,2017-05-18 10:00:00,5599.75,400.0,-400.0,WIN,LOSS,5624.75,5624.75,2017-05-18 10:09:00,2017-05-18 10:09:00
2017-05-19,2017-05-19 10:00:00,5661.25,-128.0,128.0,TIME_EXIT,TIME_EXIT,5653.25,5653.25,2017-05-19 16:00:00,2017-05-19 16:00:00
2017-05-22,2017-05-22 10:00:00,5683.0,308.0,-308.0,TIME_EXIT,TIME_EXIT,5702.25,5702.25,2017-05-22 16:00:00,2017-05-22 16:00:00
2017-05-23,2017-05-23 10:00:00,5699.75,116.0,-116.0,TIME_EXIT,TIME_EXIT,5707.0,5707.0,2017-05-23 16:00:00,2017-05-23 16:00:00
2017-05-24,2017-05-24 10:00:00,5712.25,300.0,-300.0,TIME_EXIT,TIME_EXIT,5731.0,5731.0,2017-05-24 16:00:00,2017-05-24 16:00:00
2017-05-25,2017-05-25 10:00:00,5752.25,400.0,-400.0,WIN,LOSS,5777.25,5777.25,2017-05-25 11:10:00,2017-05-25 11:10:00
2017-05-26,2017-05-26 10:00:00,5786.25,76.0,-76.0,TIME_EXIT,TIME_EXIT,5791.0,5791.0,2017-05-26 16:00:00,2017-05-26 16:00:00
2017-05-30,2017-05-30 10:00:00,5798.75,-44.0,44.0,TIME_EXIT,TIME_EXIT,5796.0,5796.0,2017-05-30 16:00:00,2017-05-30 16:00:00
2017-05-31,2017-05-31 10:00:00,5778.5,256.0,-256.0,TIME_EXIT,TIME_EXIT,5794.5,5794.5,2017-05-31 16:00:00,2017-05-31 16:00:00
2017-06-01,2017-06-01 10:00:00,5801.25,224.0,-224.0,TIME_EXIT,TIME_EXIT,5815.25,5815.25,2017-06-01 16:00:00,2017-06-01 16:00:00
2017-06-02,2017-06-02 10:00:00,5833.0,400.0,-400.0,WIN,LOSS,5858.0,5858.0,2017-06-02 11:37:00,2017-06-02 11:37:00
2017-06-05,2017-06-05 10:00:00,5885.25,-60.0,60.0,TIME_EXIT,TIME_EXIT,5881.5,5881.5,2017-06-05 16:00:00,2017-06-05 16:00:00
2017-06-06,2017-06-06 10:00:00,5884.75,-400.0,400.0,LOSS,WIN,5859.75,5859.75,2017-06-06 15:30:00,2017-06-06 15:30:00
2017-06-07,2017-06-07 10:00:00,5874.25,-400.0,400.0,LOSS,WIN,5849.25,5849.25,2017-06-07 12:50:00,2017-06-07 12:50:00
2017-06-08,2017-06-08 10:00:00,5867.75,272.0,-272.0,TIME_EXIT,TIME_EXIT,5884.75,5884.75,2017-06-08 16:00:00,2017-06-08 16:00:00
2017-06-09,2017-06-09 10:00:00,5896.25,-400.0,400.0,LOSS,WIN,5871.25,5871.25,2017-06-09 11:59:00,2017-06-09 11:59:00
2017-06-12,2017-06-12 10:00:00,5662.25,400.0,-400.0,WIN,LOSS,5687.25,5687.25,2017-06-12 10:19:00,2017-06-12 10:19:00
2017-06-13,2017-06-13 10:00:00,5758.0,-400.0,400.0,LOSS,WIN,5733.0,5733.0,2017-06-13 10:52:00,2017-06-13 10:52:00
2017-06-14,2017-06-14 10:00:00,5773.75,-400.0,400.0,LOSS,WIN,5748.75,5748.75,2017-06-14 14:36:00,2017-06-14 14:36:00
2017-06-15,2017-06-15 10:00:00,5666.75,-400.0,400.0,LOSS,WIN,5641.75,5641.75,2017-06-15 10:24:00,2017-06-15 10:24:00
2017-06-16,2017-06-16 10:00:00,5701.0,-400.0,400.0,LOSS,WIN,5676.0,5676.0,2017-06-16 10:25:00,2017-06-16 10:25:00
2017-06-19,2017-06-19 10:00:00,5750.5,400.0,-400.0,WIN,LOSS,5775.5,5775.5,2017-06-19 13:32:00,2017-06-19 13:32:00
2017-06-20,2017-06-20 10:00:00,5761.0,-400.0,400.0,LOSS,WIN,5736.0,5736.0,2017-06-20 15:34:00,2017-06-20 15:34:00
2017-06-21,2017-06-21 10:00:00,5743.75,400.0,-400.0,WIN,LOSS,5768.75,5768.75,2017-06-21 10:41:00,2017-06-21 10:41:00
2017-06-22,2017-06-22 10:00:00,5779.0,400.0,-400.0,WIN,LOSS,5804.0,5804.0,2017-06-22 12:50:00,2017-06-22 12:50:00
2017-06-23,2017-06-23 10:00:00,5773.5,400.0,-400.0,WIN,LOSS,5798.5,5798.5,2017-06-23 11:55:00,2017-06-23 11:55:00
2017-06-26,2017-06-26 10:00:00,5842.5,-400.0,400.0,LOSS,WIN,5817.5,5817.5,2017-06-26 10:16:00,2017-06-26 10:16:00
2017-06-27,2017-06-27 10:00:00,5745.25,-400.0,400.0,LOSS,WIN,5720.25,5720.25,2017-06-27 13:08:00,2017-06-27 13:08:00
2017-06-28,2017-06-28 10:00:00,5667.5,400.0,-400.0,WIN,LOSS,5692.5,5692.5,2017-06-28 10:07:00,2017-06-28 10:07:00
2017-06-29,2017-06-29 10:00:00,5698.25,-400.0,400.0,LOSS,WIN,5673.25,5673.25,2017-06-29 10:16:00,2017-06-29 10:16:00
2017-06-30,2017-06-30 10:00:00,5663.25,-144.0,144.0,TIME_EXIT,TIME_EXIT,5654.25,5654.25,2017-06-30 16:00:00,2017-06-30 16:00:00
2017-07-05,2017-07-05 10:00:00,5613.25,400.0,-400.0,WIN,LOSS,5638.25,5638.25,2017-07-05 11:01:00,2017-07-05 11:01:00
2017-07-06,2017-07-06 10:00:00,5600.0,400.0,-400.0,WIN,LOSS,5625.0,5625.0,2017-07-06 12:38:00,2017-07-06 12:38:00
2017-07-07,2017-07-07 10:00:00,5643.5,400.0,-400.0,WIN,LOSS,5668.5,5668.5,2017-07-07 13:21:00,2017-07-07 13:21:00
2017-07-10,2017-07-10 10:00:00,5654.25,400.0,-400.0,WIN,LOSS,5679.25,5679.25,2017-07-10 10:51:00,2017-07-10 10:51:00
2017-07-11,2017-07-11 10:00:00,5698.25,-400.0,400.0,LOSS,WIN,5673.25,5673.25,2017-07-11 11:25:00,2017-07-11 11:25:00
2017-07-12,2017-07-12 10:00:00,5756.75,400.0,-400.0,WIN,LOSS,5781.75,5781.75,2017-07-12 14:50:00,2017-07-12 14:50:00
2017-07-13,2017-07-13 10:00:00,5805.75,-400.0,400.0,LOSS,WIN,5780.75,5780.75,2017-07-13 10:31:00,2017-07-13 10:31:00
2017-07-14,2017-07-14 10:00:00,5810.75,400.0,-400.0,WIN,LOSS,5835.75,5835.75,2017-07-14 13:51:00,2017-07-14 13:51:00
2017-07-17,2017-07-17 10:00:00,5856.75,-400.0,400.0,LOSS,WIN,5831.75,5831.75,2017-07-17 14:11:00,2017-07-17 14:11:00
2017-07-18,2017-07-18 10:00:00,5841.25,400.0,-400.0,WIN,LOSS,5866.25,5866.25,2017-07-18 11:32:00,2017-07-18 11:32:00
2017-07-19,2017-07-19 10:00:00,5908.0,136.0,-136.0,TIME_EXIT,TIME_EXIT,5916.5,5916.5,2017-07-19 16:00:00,2017-07-19 16:00:00
2017-07-20,2017-07-20 10:00:00,5927.0,-400.0,400.0,LOSS,WIN,5902.0,5902.0,2017-07-20 10:37:00,2017-07-20 10:37:00
2017-07-21,2017-07-21 10:00:00,5905.5,236.0,-236.0,TIME_EXIT,TIME_EXIT,5920.25,5920.25,2017-07-21 16:00:00,2017-07-21 16:00:00
2017-07-24,2017-07-24 10:00:00,5924.5,400.0,-400.0,WIN,LOSS,5949.5,5949.5,2017-07-24 15:42:00,2017-07-24 15:42:00
2017-07-25,2017-07-25 10:00:00,5934.0,-28.0,28.0,TIME_EXIT,TIME_EXIT,5932.25,5932.25,2017-07-25 16:00:00,2017-07-25 16:00:00
2017-07-26,2017-07-26 10:00:00,5949.5,20.0,-20.0,TIME_EXIT,TIME_EXIT,5950.75,5950.75,2017-07-26 16:00:00,2017-07-26 16:00:00
2017-07-27,2017-07-27 10:00:00,5976.0,-400.0,400.0,LOSS,WIN,5951.0,5951.0,2017-07-27 12:41:00,2017-07-27 12:41:00
2017-07-28,2017-07-28 10:00:00,5888.25,400.0,-400.0,WIN,LOSS,5913.25,5913.25,2017-07-28 12:30:00,2017-07-28 12:30:00
2017-07-31,2017-07-31 10:00:00,5905.0,-400.0,400.0,LOSS,WIN,5880.0,5880.0,2017-07-31 10:33:00,2017-07-31 10:33:00
2017-08-01,2017-08-01 10:00:00,5891.5,40.0,-40.0,TIME_EXIT,TIME_EXIT,5894.0,5894.0,2017-08-01 16:00:00,2017-08-01 16:00:00
2017-08-02,2017-08-02 10:00:00,5909.5,-400.0,400.0,LOSS,WIN,5884.5,5884.5,2017-08-02 10:24:00,2017-08-02 10:24:00
2017-08-03,2017-08-03 10:00:00,5893.5,-52.0,52.0,TIME_EXIT,TIME_EXIT,5890.25,5890.25,2017-08-03 16:00:00,2017-08-03 16:00:00
2017-08-04,2017-08-04 10:00:00,5885.0,256.0,-256.0,TIME_EXIT,TIME_EXIT,5901.0,5901.0,2017-08-04 16:00:00,2017-08-04 16:00:00
2017-08-07,2017-08-07 10:00:00,5913.5,340.0,-340.0,TIME_EXIT,TIME_EXIT,5934.75,5934.75,2017-08-07 16:00:00,2017-08-07 16:00:00
2017-08-08,2017-08-08 10:00:00,5924.75,400.0,-400.0,WIN,LOSS,5949.75,5949.75,2017-08-08 11:32:00,2017-08-08 11:32:00
2017-08-09,2017-08-09 10:00:00,5888.75,400.0,-400.0,WIN,LOSS,5913.75,5913.75,2017-08-09 12:00:00,2017-08-09 12:00:00
2017-08-10,2017-08-10 10:00:00,5865.25,-400.0,400.0,LOSS,WIN,5840.25,5840.25,2017-08-10 10:07:00,2017-08-10 10:07:00
2017-08-11,2017-08-11 10:00:00,5811.25,400.0,-400.0,WIN,LOSS,5836.25,5836.25,2017-08-11 12:46:00,2017-08-11 12:46:00
2017-08-14,2017-08-14 10:00:00,5889.0,400.0,-400.0,WIN,LOSS,5914.0,5914.0,2017-08-14 15:52:00,2017-08-14 15:52:00
2017-08-15,2017-08-15 10:00:00,5910.75,24.0,-24.0,TIME_EXIT,TIME_EXIT,5912.25,5912.25,2017-08-15 16:00:00,2017-08-15 16:00:00
2017-08-16,2017-08-16 10:00:00,5915.0,400.0,-400.0,WIN,LOSS,5940.0,5940.0,2017-08-16 12:05:00,2017-08-16 12:05:00
2017-08-17,2017-08-17 10:00:00,5891.0,-400.0,400.0,LOSS,WIN,5866.0,5866.0,2017-08-17 10:15:00,2017-08-17 10:15:00
2017-08-18,2017-08-18 10:00:00,5772.75,400.0,-400.0,WIN,LOSS,5797.75,5797.75,2017-08-18 10:07:00,2017-08-18 10:07:00
2017-08-21,2017-08-21 10:00:00,5785.0,-400.0,400.0,LOSS,WIN,5760.0,5760.0,2017-08-21 10:21:00,2017-08-21 10:21:00
2017-08-22,2017-08-22 10:00:00,5839.0,400.0,-400.0,WIN,LOSS,5864.0,5864.0,2017-08-22 11:31:00,2017-08-22 11:31:00
2017-08-23,2017-08-23 10:00:00,5860.0,-96.0,96.0,TIME_EXIT,TIME_EXIT,5854.0,5854.0,2017-08-23 16:00:00,2017-08-23 16:00:00
2017-08-24,2017-08-24 10:00:00,5837.0,-400.0,400.0,LOSS,WIN,5812.0,5812.0,2017-08-24 11:28:00,2017-08-24 11:28:00
2017-08-25,2017-08-25 10:00:00,5861.0,-400.0,400.0,LOSS,WIN,5836.0,5836.0,2017-08-25 10:59:00,2017-08-25 10:59:00
2017-08-28,2017-08-28 10:00:00,5828.5,400.0,-400.0,WIN,LOSS,5853.5,5853.5,2017-08-28 10:53:00,2017-08-28 10:53:00
2017-08-29,2017-08-29 10:00:00,5821.75,400.0,-400.0,WIN,LOSS,5846.75,5846.75,2017-08-29 10:43:00,2017-08-29 10:43:00
2017-08-30,2017-08-30 10:00:00,5893.0,400.0,-400.0,WIN,LOSS,5918.0,5918.0,2017-08-30 12:59:00,2017-08-30 12:59:00
2017-08-31,2017-08-31 10:00:00,5968.75,400.0,-400.0,WIN,LOSS,5993.75,5993.75,2017-08-31 15:36:00,2017-08-31 15:36:00
2017-09-01,2017-09-01 10:00:00,5986.0,72.0,-72.0,TIME_EXIT,TIME_EXIT,5990.5,5990.5,2017-09-01 16:00:00,2017-09-01 16:00:00
2017-09-05,2017-09-05 10:00:00,5978.0,-400.0,400.0,LOSS,WIN,5953.0,5953.0,2017-09-05 11:09:00,2017-09-05 11:09:00
2017-09-06,2017-09-06 10:00:00,5946.25,-400.0,400.0,LOSS,WIN,5921.25,5921.25,2017-09-06 10:40:00,2017-09-06 10:40:00
2017-09-07,2017-09-07 10:00:00,5956.5,400.0,-400.0,WIN,LOSS,5981.5,5981.5,2017-09-07 11:06:00,2017-09-07 11:06:00
2017-09-08,2017-09-08 10:00:00,5957.75,-400.0,400.0,LOSS,WIN,5932.75,5932.75,2017-09-08 13:53:00,2017-09-08 13:53:00
2017-09-11,2017-09-11 10:00:00,5991.75,-68.0,68.0,TIME_EXIT,TIME_EXIT,5987.5,5987.5,2017-09-11 16:00:00,2017-09-11 16:00:00
2017-09-12,2017-09-12 10:00:00,5993.25,160.0,-160.0,TIME_EXIT,TIME_EXIT,6003.25,6003.25,2017-09-12 16:00:00,2017-09-12 16:00:00
2017-09-13,2017-09-13 10:00:00,6001.75,124.0,-124.0,TIME_EXIT,TIME_EXIT,6009.5,6009.5,2017-09-13 16:00:00,2017-09-13 16:00:00
2017-09-14,2017-09-14 10:00:00,5986.5,-200.0,200.0,TIME_EXIT,TIME_EXIT,5974.0,5974.0,2017-09-14 16:00:00,2017-09-14 16:00:00
2017-09-15,2017-09-15 10:00:00,5968.75,400.0,-400.0,WIN,LOSS,5993.75,5993.75,2017-09-15 10:40:00,2017-09-15 10:40:00
2017-09-18,2017-09-18 10:00:00,6011.0,-400.0,400.0,LOSS,WIN,5986.0,5986.0,2017-09-18 14:18:00,2017-09-18 14:18:00
2017-09-19,2017-09-19 10:00:00,5979.75,400.0,-400.0,WIN,LOSS,6004.75,6004.75,2017-09-19 12:03:00,2017-09-19 12:03:00
2017-09-20,2017-09-20 10:00:00,5989.5,-400.0,400.0,LOSS,WIN,5964.5,5964.5,2017-09-20 10:59:00,2017-09-20 10:59:00
2017-09-21,2017-09-21 10:00:00,5941.0,400.0,-400.0,WIN,LOSS,5966.0,5966.0,2017-09-21 13:19:00,2017-09-21 13:19:00
2017-09-22,2017-09-22 10:00:00,5927.5,160.0,-160.0,TIME_EXIT,TIME_EXIT,5937.5,5937.5,2017-09-22 16:00:00,2017-09-22 16:00:00
2017-09-25,2017-09-25 10:00:00,5894.75,-400.0,400.0,LOSS,WIN,5869.75,5869.75,2017-09-25 10:50:00,2017-09-25 10:50:00
2017-09-26,2017-09-26 10:00:00,5899.75,-400.0,400.0,LOSS,WIN,5874.75,5874.75,2017-09-26 11:09:00,2017-09-26 11:09:00
2017-09-27,2017-09-27 10:00:00,5925.75,400.0,-400.0,WIN,LOSS,5950.75,5950.75,2017-09-27 14:17:00,2017-09-27 14:17:00
2017-09-28,2017-09-28 10:00:00,5928.25,152.0,-152.0,TIME_EXIT,TIME_EXIT,5937.75,5937.75,2017-09-28 16:00:00,2017-09-28 16:00:00
2017-09-29,2017-09-29 10:00:00,5937.0,400.0,-400.0,WIN,LOSS,5962.0,5962.0,2017-09-29 11:15:00,2017-09-29 11:15:00
2017-10-02,2017-10-02 10:00:00,6003.75,-400.0,400.0,LOSS,WIN,5978.75,5978.75,2017-10-02 11:45:00,2017-10-02 11:45:00
2017-10-03,2017-10-03 10:00:00,5999.75,-40.0,40.0,TIME_EXIT,TIME_EXIT,5997.25,5997.25,2017-10-03 16:00:00,2017-10-03 16:00:00
2017-10-04,2017-10-04 10:00:00,5990.75,188.0,-188.0,TIME_EXIT,TIME_EXIT,6002.5,6002.5,2017-10-04 16:00:00,2017-10-04 16:00:00
2017-10-05,2017-10-05 10:00:00,6022.25,400.0,-400.0,WIN,LOSS,6047.25,6047.25,2017-10-05 12:21:00,2017-10-05 12:21:00
2017-10-06,2017-10-06 10:00:00,6054.75,224.0,-224.0,TIME_EXIT,TIME_EXIT,6068.75,6068.75,2017-10-06 16:00:00,2017-10-06 16:00:00
2017-10-09,2017-10-09 10:00:00,6077.25,-212.0,212.0,TIME_EXIT,TIME_EXIT,6064.0,6064.0,2017-10-09 16:00:00,2017-10-09 16:00:00
2017-10-10,2017-10-10 10:00:00,6072.25,-400.0,400.0,LOSS,WIN,6047.25,6047.25,2017-10-10 11:56:00,2017-10-10 11:56:00
2017-10-11,2017-10-11 10:00:00,6063.0,332.0,-332.0,TIME_EXIT,TIME_EXIT,6083.75,6083.75,2017-10-11 16:00:00,2017-10-11 16:00:00
2017-10-12,2017-10-12 10:00:00,6078.0,-80.0,80.0,TIME_EXIT,TIME_EXIT,6073.0,6073.0,2017-10-12 16:00:00,2017-10-12 16:00:00
2017-10-13,2017-10-13 10:00:00,6092.5,36.0,-36.0,TIME_EXIT,TIME_EXIT,6094.75,6094.75,2017-10-13 16:00:00,2017-10-13 16:00:00
2017-10-16,2017-10-16 10:00:00,6116.0,24.0,-24.0,TIME_EXIT,TIME_EXIT,6117.5,6117.5,2017-10-16 16:00:00,2017-10-16 16:00:00
2017-10-17,2017-10-17 10:00:00,6112.75,188.0,-188.0,TIME_EXIT,TIME_EXIT,6124.5,6124.5,2017-10-17 16:00:00,2017-10-17 16:00:00
2017-10-18,2017-10-18 10:00:00,6116.0,12.0,-12.0,TIME_EXIT,TIME_EXIT,6116.75,6116.75,2017-10-18 16:00:00,2017-10-18 16:00:00
2017-10-19,2017-10-19 10:00:00,6061.25,400.0,-400.0,WIN,LOSS,6086.25,6086.25,2017-10-19 11:32:00,2017-10-19 11:32:00
2017-10-20,2017-10-20 10:00:00,6115.75,-64.0,64.0,TIME_EXIT,TIME_EXIT,6111.75,6111.75,2017-10-20 16:00:00,2017-10-20 16:00:00
2017-10-23,2017-10-23 10:00:00,6107.25,-400.0,400.0,LOSS,WIN,6082.25,6082.25,2017-10-23 15:05:00,2017-10-23 15:05:00
2017-10-24,2017-10-24 10:00:00,6061.75,400.0,-400.0,WIN,LOSS,6086.75,6086.75,2017-10-24 11:05:00,2017-10-24 11:05:00
2017-10-25,2017-10-25 10:00:00,6067.0,-400.0,400.0,LOSS,WIN,6042.0,6042.0,2017-10-25 11:06:00,2017-10-25 11:06:00
2017-10-26,2017-10-26 10:00:00,6052.0,-160.0,160.0,TIME_EXIT,TIME_EXIT,6042.0,6042.0,2017-10-26 16:00:00,2017-10-26 16:00:00
2017-10-27,2017-10-27 10:00:00,6152.75,400.0,-400.0,WIN,LOSS,6177.75,6177.75,2017-10-27 10:17:00,2017-10-27 10:17:00
2017-10-30,2017-10-30 10:00:00,6232.5,-400.0,400.0,LOSS,WIN,6207.5,6207.5,2017-10-30 12:18:00,2017-10-30 12:18:00
2017-10-31,2017-10-31 10:00:00,6233.75,400.0,-400.0,WIN,LOSS,6258.75,6258.75,2017-10-31 14:17:00,2017-10-31 14:17:00
2017-11-01,2017-11-01 10:00:00,6264.0,-400.0,400.0,LOSS,WIN,6239.0,6239.0,2017-11-01 13:06:00,2017-11-01 13:06:00
2017-11-02,2017-11-02 10:00:00,6235.5,-400.0,400.0,LOSS,WIN,6210.5,6210.5,2017-11-02 10:09:00,2017-11-02 10:09:00
2017-11-03,2017-11-03 10:00:00,6244.25,400.0,-400.0,WIN,LOSS,6269.25,6269.25,2017-11-03 12:02:00,2017-11-03 12:02:00
2017-11-06,2017-11-06 10:00:00,6308.0,88.0,-88.0,TIME_EXIT,TIME_EXIT,6313.5,6313.5,2017-11-06 16:00:00,2017-11-06 16:00:00
2017-11-07,2017-11-07 10:00:00,6319.5,-24.0,24.0,TIME_EXIT,TIME_EXIT,6318.0,6318.0,2017-11-07 16:00:00,2017-11-07 16:00:00
2017-11-08,2017-11-08 10:00:00,6311.5,400.0,-400.0,WIN,LOSS,6336.5,6336.5,2017-11-08 13:00:00,2017-11-08 13:00:00
2017-11-09,2017-11-09 10:00:00,6286.5,400.0,-400.0,WIN,LOSS,6311.5,6311.5,2017-11-09 10:20:00,2017-11-09 10:20:00
2017-11-10,2017-11-10 10:00:00,6297.5,204.0,-204.0,TIME_EXIT,TIME_EXIT,6310.25,6310.25,2017-11-10 16:00:00,2017-11-10 16:00:00
2017-11-13,2017-11-13 10:00:00,6303.5,164.0,-164.0,TIME_EXIT,TIME_EXIT,6313.75,6313.75,2017-11-13 16:00:00,2017-11-13 16:00:00
2017-11-14,2017-11-14 10:00:00,6281.5,232.0,-232.0,TIME_EXIT,TIME_EXIT,6296.0,6296.0,2017-11-14 16:00:00,2017-11-14 16:00:00
2017-11-15,2017-11-15 10:00:00,6239.75,400.0,-400.0,WIN,LOSS,6264.75,6264.75,2017-11-15 10:35:00,2017-11-15 10:35:00
2017-11-16,2017-11-16 10:00:00,6310.75,400.0,-400.0,WIN,LOSS,6335.75,6335.75,2017-11-16 11:03:00,2017-11-16 11:03:00
2017-11-17,2017-11-17 10:00:00,6339.0,-400.0,400.0,LOSS,WIN,6314.0,6314.0,2017-11-17 15:45:00,2017-11-17 15:45:00
2017-11-20,2017-11-20 10:00:00,6324.5,-176.0,176.0,TIME_EXIT,TIME_EXIT,6313.5,6313.5,2017-11-20 16:00:00,2017-11-20 16:00:00
2017-11-21,2017-11-21 10:00:00,6373.25,140.0,-140.0,TIME_EXIT,TIME_EXIT,6382.0,6382.0,2017-11-21 16:00:00,2017-11-21 16:00:00
2017-11-22,2017-11-22 10:00:00,6381.25,124.0,-124.0,TIME_EXIT,TIME_EXIT,6389.0,6389.0,2017-11-22 16:00:00,2017-11-22 16:00:00
2017-11-27,2017-11-27 10:00:00,6414.5,-48.0,48.0,TIME_EXIT,TIME_EXIT,6411.5,6411.5,2017-11-27 16:00:00,2017-11-27 16:00:00
2017-11-28,2017-11-28 10:00:00,6413.25,168.0,-168.0,TIME_EXIT,TIME_EXIT,6423.75,6423.75,2017-11-28 16:00:00,2017-11-28 16:00:00
2017-11-29,2017-11-29 10:00:00,6382.0,-400.0,400.0,LOSS,WIN,6357.0,6357.0,2017-11-29 10:16:00,2017-11-29 10:16:00
2017-11-30,2017-11-30 10:00:00,6334.5,400.0,-400.0,WIN,LOSS,6359.5,6359.5,2017-11-30 11:03:00,2017-11-30 11:03:00
2017-12-01,2017-12-01 10:00:00,6339.5,400.0,-400.0,WIN,LOSS,6364.5,6364.5,2017-12-01 10:17:00,2017-12-01 10:17:00
2017-12-04,2017-12-04 10:00:00,6353.25,-400.0,400.0,LOSS,WIN,6328.25,6328.25,2017-12-04 10:05:00,2017-12-04 10:05:00
2017-12-05,2017-12-05 10:00:00,6304.25,400.0,-400.0,WIN,LOSS,6329.25,6329.25,2017-12-05 11:10:00,2017-12-05 11:10:00
2017-12-06,2017-12-06 10:00:00,6276.75,400.0,-400.0,WIN,LOSS,6301.75,6301.75,2017-12-06 14:02:00,2017-12-06 14:02:00
2017-12-07,2017-12-07 10:00:00,6306.5,400.0,-400.0,WIN,LOSS,6331.5,6331.5,2017-12-07 10:40:00,2017-12-07 10:40:00
2017-12-08,2017-12-08 10:00:00,6387.5,-400.0,400.0,LOSS,WIN,6362.5,6362.5,2017-12-08 11:34:00,2017-12-08 11:34:00
2017-12-11,2017-12-11 10:00:00,6381.75,400.0,-400.0,WIN,LOSS,6406.75,6406.75,2017-12-11 12:30:00,2017-12-11 12:30:00
2017-12-12,2017-12-12 10:00:00,6409.5,-116.0,116.0,TIME_EXIT,TIME_EXIT,6402.25,6402.25,2017-12-12 16:00:00,2017-12-12 16:00:00
2017-12-13,2017-12-13 10:00:00,6431.0,-244.0,244.0,TIME_EXIT,TIME_EXIT,6415.75,6415.75,2017-12-13 16:00:00,2017-12-13 16:00:00
2017-12-14,2017-12-14 10:00:00,6428.0,-272.0,272.0,TIME_EXIT,TIME_EXIT,6411.0,6411.0,2017-12-14 16:00:00,2017-12-14 16:00:00
2017-12-15,2017-12-15 10:00:00,6428.0,400.0,-400.0,WIN,LOSS,6453.0,6453.0,2017-12-15 11:07:00,2017-12-15 11:07:00
2017-12-18,2017-12-18 10:00:00,6527.0,112.0,-112.0,TIME_EXIT,TIME_EXIT,6534.0,6534.0,2017-12-18 16:00:00,2017-12-18 16:00:00
2017-12-19,2017-12-19 10:00:00,6508.0,-400.0,400.0,LOSS,WIN,6483.0,6483.0,2017-12-19 12:17:00,2017-12-19 12:17:00
2017-12-20,2017-12-20 10:00:00,6480.0,192.0,-192.0,TIME_EXIT,TIME_EXIT,6492.0,6492.0,2017-12-20 16:00:00,2017-12-20 16:00:00
2017-12-21,2017-12-21 10:00:00,6487.5,400.0,-400.0,WIN,LOSS,6512.5,6512.5,2017-12-21 11:37:00,2017-12-21 11:37:00
2017-12-22,2017-12-22 10:00:00,6486.0,36.0,-36.0,TIME_EXIT,TIME_EXIT,6488.25,6488.25,2017-12-22 16:00:00,2017-12-22 16:00:00
2017-12-26,2017-12-26 10:00:00,6442.75,272.0,-272.0,TIME_EXIT,TIME_EXIT,6459.75,6459.75,2017-12-26 16:00:00,2017-12-26 16:00:00
2017-12-27,2017-12-27 10:00:00,6467.25,-400.0,400.0,LOSS,WIN,6442.25,6442.25,2017-12-27 15:37:00,2017-12-27 15:37:00
2017-12-28,2017-12-28 10:00:00,6456.5,-140.0,140.0,TIME_EXIT,TIME_EXIT,6447.75,6447.75,2017-12-28 16:00:00,2017-12-28 16:00:00
2017-12-29,2017-12-29 10:00:00,6440.75,-400.0,400.0,LOSS,WIN,6415.75,6415.75,2017-12-29 15:50:00,2017-12-29 15:50:00
2018-01-02,2018-01-02 10:00:00,6480.75,400.0,-400.0,WIN,LOSS,6505.75,6505.75,2018-01-02 11:15:00,2018-01-02 11:15:00
2018-01-03,2018-01-03 10:00:00,6559.5,400.0,-400.0,WIN,LOSS,6584.5,6584.5,2018-01-03 12:46:00,2018-01-03 12:46:00
2018-01-04,2018-01-04 10:00:00,6599.0,-28.0,28.0,TIME_EXIT,TIME_EXIT,6597.25,6597.25,2018-01-04 16:00:00,2018-01-04 16:00:00
2018-01-05,2018-01-05 10:00:00,6624.5,400.0,-400.0,WIN,LOSS,6649.5,6649.5,2018-01-05 11:50:00,2018-01-05 11:50:00
2018-01-08,2018-01-08 10:00:00,6672.0,260.0,-260.0,TIME_EXIT,TIME_EXIT,6688.25,6688.25,2018-01-08 16:00:00,2018-01-08 16:00:00
2018-01-09,2018-01-09 10:00:00,6673.75,400.0,-400.0,WIN,LOSS,6698.75,6698.75,2018-01-09 11:17:00,2018-01-09 11:17:00
2018-01-10,2018-01-10 10:00:00,6644.25,400.0,-400.0,WIN,LOSS,6669.25,6669.25,2018-01-10 13:54:00,2018-01-10 13:54:00
2018-01-11,2018-01-11 10:00:00,6688.0,400.0,-400.0,WIN,LOSS,6713.0,6713.0,2018-01-11 13:11:00,2018-01-11 13:11:00
2018-01-12,2018-01-12 10:00:00,6726.75,400.0,-400.0,WIN,LOSS,6751.75,6751.75,2018-01-12 10:41:00,2018-01-12 10:41:00
2018-01-16,2018-01-16 10:00:00,6837.5,-400.0,400.0,LOSS,WIN,6812.5,6812.5,2018-01-16 10:37:00,2018-01-16 10:37:00
2018-01-17,2018-01-17 10:00:00,6760.5,400.0,-400.0,WIN,LOSS,6785.5,6785.5,2018-01-17 11:12:00,2018-01-17 11:12:00
2018-01-18,2018-01-18 10:00:00,6819.25,144.0,-144.0,TIME_EXIT,TIME_EXIT,6828.25,6828.25,2018-01-18 16:00:00,2018-01-18 16:00:00
2018-01-19,2018-01-19 10:00:00,6833.0,280.0,-280.0,TIME_EXIT,TIME_EXIT,6850.5,6850.5,2018-01-19 16:00:00,2018-01-19 16:00:00
2018-01-22,2018-01-22 10:00:00,6854.5,400.0,-400.0,WIN,LOSS,6879.5,6879.5,2018-01-22 10:18:00,2018-01-22 10:18:00
2018-01-23,2018-01-23 10:00:00,6947.0,400.0,-400.0,WIN,LOSS,6972.0,6972.0,2018-01-23 10:41:00,2018-01-23 10:41:00
2018-01-24,2018-01-24 10:00:00,6983.0,-400.0,400.0,LOSS,WIN,6958.0,6958.0,2018-01-24 11:13:00,2018-01-24 11:13:00
2018-01-25,2018-01-25 10:00:00,6924.75,400.0,-400.0,WIN,LOSS,6949.75,6949.75,2018-01-25 11:06:00,2018-01-25 11:06:00
2018-01-26,2018-01-26 10:00:00,6964.75,400.0,-400.0,WIN,LOSS,6989.75,6989.75,2018-01-26 13:20:00,2018-01-26 13:20:00
2018-01-29,2018-01-29 10:00:00,7016.0,-400.0,400.0,LOSS,WIN,6991.0,6991.0,2018-01-29 10:41:00,2018-01-29 10:41:00
2018-01-30,2018-01-30 10:00:00,6919.25,400.0,-400.0,WIN,LOSS,6944.25,6944.25,2018-01-30 10:31:00,2018-01-30 10:31:00
2018-01-31,2018-01-31 10:00:00,6980.5,-400.0,400.0,LOSS,WIN,6955.5,6955.5,2018-01-31 11:21:00,2018-01-31 11:21:00
2018-02-01,2018-02-01 10:00:00,6949.25,400.0,-400.0,WIN,LOSS,6974.25,6974.25,2018-02-01 13:05:00,2018-02-01 13:05:00
2018-02-02,2018-02-02 10:00:00,6850.5,-400.0,400.0,LOSS,WIN,6825.5,6825.5,2018-02-02 10:01:00,2018-02-02 10:01:00
2018-02-05,2018-02-05 10:00:00,6746.25,400.0,-400.0,WIN,LOSS,6771.25,6771.25,2018-02-05 10:10:00,2018-02-05 10:10:00
2018-02-06,2018-02-06 10:00:00,6546.75,400.0,-400.0,WIN,LOSS,6571.75,6571.75,2018-02-06 10:02:00,2018-02-06 10:02:00
2018-02-07,2018-02-07 10:00:00,6661.25,400.0,-400.0,WIN,LOSS,6686.25,6686.25,2018-02-07 10:09:00,2018-02-07 10:09:00
2018-02-08,2018-02-08 10:00:00,6567.75,-400.0,400.0,LOSS,WIN,6542.75,6542.75,2018-02-08 10:29:00,2018-02-08 10:29:00
2018-02-09,2018-02-09 10:00:00,6400.5,-400.0,400.0,LOSS,WIN,6375.5,6375.5,2018-02-09 10:06:00,2018-02-09 10:06:00
2018-02-12,2018-02-12 10:00:00,6476.5,400.0,-400.0,WIN,LOSS,6501.5,6501.5,2018-02-12 10:03:00,2018-02-12 10:03:00
2018-02-13,2018-02-13 10:00:00,6500.75,400.0,-400.0,WIN,LOSS,6525.75,6525.75,2018-02-13 10:20:00,2018-02-13 10:20:00
2018-02-14,2018-02-14 10:00:00,6546.0,400.0,-400.0,WIN,LOSS,6571.0,6571.0,2018-02-14 10:08:00,2018-02-14 10:08:00
2018-02-15,2018-02-15 10:00:00,6753.0,-400.0,400.0,LOSS,WIN,6728.0,6728.0,2018-02-15 10:11:00,2018-02-15 10:11:00
2018-02-16,2018-02-16 10:00:00,6805.75,400.0,-400.0,WIN,LOSS,6830.75,6830.75,2018-02-16 10:35:00,2018-02-16 10:35:00
2018-02-20,2018-02-20 10:00:00,6781.25,400.0,-400.0,WIN,LOSS,6806.25,6806.25,2018-02-20 10:20:00,2018-02-20 10:20:00
2018-02-21,2018-02-21 10:00:00,6823.0,400.0,-400.0,WIN,LOSS,6848.0,6848.0,2018-02-21 11:26:00,2018-02-21 11:26:00
2018-02-22,2018-02-22 10:00:00,6793.0,400.0,-400.0,WIN,LOSS,6818.0,6818.0,2018-02-22 10:26:00,2018-02-22 10:26:00
2018-02-23,2018-02-23 10:00:00,6813.75,400.0,-400.0,WIN,LOSS,6838.75,6838.75,2018-02-23 11:58:00,2018-02-23 11:58:00
2018-02-26,2018-02-26 10:00:00,6958.25,400.0,-400.0,WIN,LOSS,6983.25,6983.25,2018-02-26 14:14:00,2018-02-26 14:14:00
2018-02-27,2018-02-27 10:00:00,6971.5,400.0,-400.0,WIN,LOSS,6996.5,6996.5,2018-02-27 10:12:00,2018-02-27 10:12:00
2018-02-28,2018-02-28 10:00:00,6958.0,-400.0,400.0,LOSS,WIN,6933.0,6933.0,2018-02-28 10:51:00,2018-02-28 10:51:00
2018-03-01,2018-03-01 10:00:00,6807.25,400.0,-400.0,WIN,LOSS,6832.25,6832.25,2018-03-01 10:03:00,2018-03-01 10:03:00
2018-03-02,2018-03-02 10:00:00,6685.5,400.0,-400.0,WIN,LOSS,6710.5,6710.5,2018-03-02 10:34:00,2018-03-02 10:34:00
2018-03-05,2018-03-05 10:00:00,6778.25,-400.0,400.0,LOSS,WIN,6753.25,6753.25,2018-03-05 10:18:00,2018-03-05 10:18:00
2018-03-06,2018-03-06 10:00:00,6929.0,-400.0,400.0,LOSS,WIN,6904.0,6904.0,2018-03-06 10:54:00,2018-03-06 10:54:00
2018-03-07,2018-03-07 10:00:00,6876.5,400.0,-400.0,WIN,LOSS,6901.5,6901.5,2018-03-07 10:26:00,2018-03-07 10:26:00
2018-03-08,2018-03-08 10:00:00,6955.5,224.0,-224.0,TIME_EXIT,TIME_EXIT,6969.5,6969.5,2018-03-08 16:00:00,2018-03-08 16:00:00
2018-03-09,2018-03-09 10:00:00,7048.75,400.0,-400.0,WIN,LOSS,7073.75,7073.75,2018-03-09 10:36:00,2018-03-09 10:36:00
2018-03-12,2018-03-12 10:00:00,7164.5,-400.0,400.0,LOSS,WIN,7139.5,7139.5,2018-03-12 11:27:00,2018-03-12 11:27:00
2018-03-13,2018-03-13 10:00:00,7198.0,-400.0,400.0,LOSS,WIN,7173.0,7173.0,2018-03-13 10:36:00,2018-03-13 10:36:00
2018-03-14,2018-03-14 10:00:00,7086.5,-400.0,400.0,LOSS,WIN,7061.5,7061.5,2018-03-14 11:21:00,2018-03-14 11:21:00
2018-03-15,2018-03-15 10:00:00,7055.75,400.0,-400.0,WIN,LOSS,7080.75,7080.75,2018-03-15 10:30:00,2018-03-15 10:30:00
2018-03-16,2018-03-16 10:00:00,7077.0,-400.0,400.0,LOSS,WIN,7052.0,7052.0,2018-03-16 11:42:00,2018-03-16 11:42:00
2018-03-19,2018-03-19 10:00:00,6957.5,-400.0,400.0,LOSS,WIN,6932.5,6932.5,2018-03-19 10:42:00,2018-03-19 10:42:00
2018-03-20,2018-03-20 10:00:00,6896.75,-400.0,400.0,LOSS,WIN,6871.75,6871.75,2018-03-20 11:48:00,2018-03-20 11:48:00
2018-03-21,2018-03-21 10:00:00,6894.75,400.0,-400.0,WIN,LOSS,6919.75,6919.75,2018-03-21 11:51:00,2018-03-21 11:51:00
2018-03-22,2018-03-22 10:00:00,6793.5,400.0,-400.0,WIN,LOSS,6818.5,6818.5,2018-03-22 10:14:00,2018-03-22 10:14:00
2018-03-23,2018-03-23 10:00:00,6684.25,400.0,-400.0,WIN,LOSS,6709.25,6709.25,2018-03-23 10:45:00,2018-03-23 10:45:00
2018-03-26,2018-03-26 10:00:00,6665.25,-400.0,400.0,LOSS,WIN,6640.25,6640.25,2018-03-26 10:29:00,2018-03-26 10:29:00
2018-03-27,2018-03-27 10:00:00,6801.5,-400.0,400.0,LOSS,WIN,6776.5,6776.5,2018-03-27 10:11:00,2018-03-27 10:11:00
2018-03-28,2018-03-28 10:00:00,6526.0,400.0,-400.0,WIN,LOSS,6551.0,6551.0,2018-03-28 10:03:00,2018-03-28 10:03:00
2018-03-29,2018-03-29 10:00:00,6457.5,400.0,-400.0,WIN,LOSS,6482.5,6482.5,2018-03-29 10:05:00,2018-03-29 10:05:00
2018-04-02,2018-04-02 10:00:00,6507.5,-400.0,400.0,LOSS,WIN,6482.5,6482.5,2018-04-02 10:03:00,2018-04-02 10:03:00
2018-04-03,2018-04-03 10:00:00,6414.75,-400.0,400.0,LOSS,WIN,6389.75,6389.75,2018-04-03 10:06:00,2018-04-03 10:06:00
2018-04-04,2018-04-04 10:00:00,6393.75,-400.0,400.0,LOSS,WIN,6368.75,6368.75,2018-04-04 10:02:00,2018-04-04 10:02:00
2018-04-05,2018-04-05 10:00:00,6620.75,-400.0,400.0,LOSS,WIN,6595.75,6595.75,2018-04-05 10:20:00,2018-04-05 10:20:00
2018-04-06,2018-04-06 10:00:00,6585.25,-400.0,400.0,LOSS,WIN,6560.25,6560.25,2018-04-06 10:11:00,2018-04-06 10:11:00
2018-04-09,2018-04-09 10:00:00,6537.5,400.0,-400.0,WIN,LOSS,6562.5,6562.5,2018-04-09 10:31:00,2018-04-09 10:31:00
2018-04-10,2018-04-10 10:00:00,6555.5,400.0,-400.0,WIN,LOSS,6580.5,6580.5,2018-04-10 10:15:00,2018-04-10 10:15:00
2018-04-11,2018-04-11 10:00:00,6616.75,400.0,-400.0,WIN,LOSS,6641.75,6641.75,2018-04-11 10:31:00,2018-04-11 10:31:00
2018-04-12,2018-04-12 10:00:00,6674.0,-400.0,400.0,LOSS,WIN,6649.0,6649.0,2018-04-12 13:27:00,2018-04-12 13:27:00
2018-04-13,2018-04-13 10:00:00,6679.25,-400.0,400.0,LOSS,WIN,6654.25,6654.25,2018-04-13 10:11:00,2018-04-13 10:11:00
2018-04-16,2018-04-16 10:00:00,6653.75,400.0,-400.0,WIN,LOSS,6678.75,6678.75,2018-04-16 10:28:00,2018-04-16 10:28:00
2018-04-17,2018-04-17 10:00:00,6765.0,400.0,-400.0,WIN,LOSS,6790.0,6790.0,2018-04-17 10:53:00,2018-04-17 10:53:00
2018-04-18,2018-04-18 10:00:00,6824.25,-400.0,400.0,LOSS,WIN,6799.25,6799.25,2018-04-18 10:13:00,2018-04-18 10:13:00
2018-04-19,2018-04-19 10:00:00,6811.0,-400.0,400.0,LOSS,WIN,6786.0,6786.0,2018-04-19 10:55:00,2018-04-19 10:55:00
2018-04-20,2018-04-20 10:00:00,6730.5,-400.0,400.0,LOSS,WIN,6705.5,6705.5,2018-04-20 10:52:00,2018-04-20 10:52:00
2018-04-23,2018-04-23 10:00:00,6681.25,400.0,-400.0,WIN,LOSS,6706.25,6706.25,2018-04-23 10:49:00,2018-04-23 10:49:00
2018-04-24,2018-04-24 10:00:00,6666.75,-400.0,400.0,LOSS,WIN,6641.75,6641.75,2018-04-24 10:17:00,2018-04-24 10:17:00
2018-04-25,2018-04-25 10:00:00,6443.25,400.0,-400.0,WIN,LOSS,6468.25,6468.25,2018-04-25 10:24:00,2018-04-25 10:24:00
2018-04-26,2018-04-26 10:00:00,6609.0,400.0,-400.0,WIN,LOSS,6634.0,6634.0,2018-04-26 10:09:00,2018-04-26 10:09:00
2018-04-27,2018-04-27 10:00:00,6680.25,-400.0,400.0,LOSS,WIN,6655.25,6655.25,2018-04-27 10:30:00,2018-04-27 10:30:00
2018-04-30,2018-04-30 10:00:00,6695.5,-400.0,400.0,LOSS,WIN,6670.5,6670.5,2018-04-30 11:35:00,2018-04-30 11:35:00
2018-05-01,2018-05-01 10:00:00,6615.0,-400.0,400.0,LOSS,WIN,6590.0,6590.0,2018-05-01 11:03:00,2018-05-01 11:03:00
2018-05-02,2018-05-02 10:00:00,6683.25,-400.0,400.0,LOSS,WIN,6658.25,6658.25,2018-05-02 11:44:00,2018-05-02 11:44:00
2018-05-03,2018-05-03 10:00:00,6632.0,-400.0,400.0,LOSS,WIN,6607.0,6607.0,2018-05-03 10:14:00,2018-05-03 10:14:00
2018-05-04,2018-05-04 10:00:00,6660.5,400.0,-400.0,WIN,LOSS,6685.5,6685.5,2018-05-04 10:13:00,2018-05-04 10:13:00
2018-05-07,2018-05-07 10:00:00,6836.0,-400.0,400.0,LOSS,WIN,6811.0,6811.0,2018-05-07 15:14:00,2018-05-07 15:14:00
2018-05-08,2018-05-08 10:00:00,6794.75,400.0,-400.0,WIN,LOSS,6819.75,6819.75,2018-05-08 11:14:00,2018-05-08 11:14:00
2018-05-09,2018-05-09 10:00:00,6822.75,400.0,-400.0,WIN,LOSS,6847.75,6847.75,2018-05-09 12:23:00,2018-05-09 12:23:00
2018-05-10,2018-05-10 10:00:00,6925.0,400.0,-400.0,WIN,LOSS,6950.0,6950.0,2018-05-10 11:18:00,2018-05-10 11:18:00
2018-05-11,2018-05-11 10:00:00,6958.5,-400.0,400.0,LOSS,WIN,6933.5,6933.5,2018-05-11 12:28:00,2018-05-11 12:28:00
2018-05-14,2018-05-14 10:00:00,6990.0,-400.0,400.0,LOSS,WIN,6965.0,6965.0,2018-05-14 13:21:00,2018-05-14 13:21:00
2018-05-15,2018-05-15 10:00:00,6863.25,400.0,-400.0,WIN,LOSS,6888.25,6888.25,2018-05-15 10:21:00,2018-05-15 10:21:00
2018-05-16,2018-05-16 10:00:00,6921.5,400.0,-400.0,WIN,LOSS,6946.5,6946.5,2018-05-16 12:30:00,2018-05-16 12:30:00
2018-05-17,2018-05-17 10:00:00,6914.75,400.0,-400.0,WIN,LOSS,6939.75,6939.75,2018-05-17 10:24:00,2018-05-17 10:24:00
2018-05-18,2018-05-18 10:00:00,6880.5,400.0,-400.0,WIN,LOSS,6905.5,6905.5,2018-05-18 11:42:00,2018-05-18 11:42:00
2018-05-21,2018-05-21 10:00:00,6946.75,-400.0,400.0,LOSS,WIN,6921.75,6921.75,2018-05-21 11:14:00,2018-05-21 11:14:00
2018-05-22,2018-05-22 10:00:00,6935.75,-400.0,400.0,LOSS,WIN,6910.75,6910.75,2018-05-22 10:17:00,2018-05-22 10:17:00
2018-05-23,2018-05-23 10:00:00,6872.0,400.0,-400.0,WIN,LOSS,6897.0,6897.0,2018-05-23 10:14:00,2018-05-23 10:14:00
2018-05-24,2018-05-24 10:00:00,6921.25,-400.0,400.0,LOSS,WIN,6896.25,6896.25,2018-05-24 10:55:00,2018-05-24 10:55:00
2018-05-25,2018-05-25 10:00:00,6969.75,-184.0,184.0,TIME_EXIT,TIME_EXIT,6958.25,6958.25,2018-05-25 16:00:00,2018-05-25 16:00:00
2018-05-29,2018-05-29 10:00:00,6960.0,-400.0,400.0,LOSS,WIN,6935.0,6935.0,2018-05-29 11:39:00,2018-05-29 11:39:00
2018-05-30,2018-05-30 10:00:00,6951.5,400.0,-400.0,WIN,LOSS,6976.5,6976.5,2018-05-30 10:43:00,2018-05-30 10:43:00
2018-05-31,2018-05-31 10:00:00,6993.0,-400.0,400.0,LOSS,WIN,6968.0,6968.0,2018-05-31 10:49:00,2018-05-31 10:49:00
2018-06-01,2018-06-01 10:00:00,7034.0,400.0,-400.0,WIN,LOSS,7059.0,7059.0,2018-06-01 10:22:00,2018-06-01 10:22:00
2018-06-04,2018-06-04 10:00:00,7122.5,400.0,-400.0,WIN,LOSS,7147.5,7147.5,2018-06-04 12:27:00,2018-06-04 12:27:00
2018-06-05,2018-06-05 10:00:00,7173.25,-400.0,400.0,LOSS,WIN,7148.25,7148.25,2018-06-05 11:35:00,2018-06-05 11:35:00
2018-06-06,2018-06-06 10:00:00,7160.75,400.0,-400.0,WIN,LOSS,7185.75,7185.75,2018-06-06 11:31:00,2018-06-06 11:31:00
2018-06-07,2018-06-07 10:00:00,7200.25,-400.0,400.0,LOSS,WIN,7175.25,7175.25,2018-06-07 10:11:00,2018-06-07 10:11:00
2018-06-08,2018-06-08 10:00:00,7158.0,-400.0,400.0,LOSS,WIN,7133.0,7133.0,2018-06-08 10:39:00,2018-06-08 10:39:00
2018-06-11,2018-06-11 10:00:00,7189.0,400.0,-400.0,WIN,LOSS,7214.0,7214.0,2018-06-11 12:26:00,2018-06-11 12:26:00
2018-06-12,2018-06-12 10:00:00,7201.25,400.0,-400.0,WIN,LOSS,7226.25,7226.25,2018-06-12 11:43:00,2018-06-12 11:43:00
2018-06-13,2018-06-13 10:00:00,7252.25,400.0,-400.0,WIN,LOSS,7277.25,7277.25,2018-06-13 11:15:00,2018-06-13 11:15:00
2018-06-14,2018-06-14 10:00:00,7274.5,400.0,-400.0,WIN,LOSS,7299.5,7299.5,2018-06-14 10:06:00,2018-06-14 10:06:00
2018-06-15,2018-06-15 10:00:00,7269.25,180.0,-180.0,TIME_EXIT,TIME_EXIT,7280.5,7280.5,2018-06-15 16:00:00,2018-06-15 16:00:00
2018-06-18,2018-06-18 10:00:00,7234.25,400.0,-400.0,WIN,LOSS,7259.25,7259.25,2018-06-18 10:41:00,2018-06-18 10:41:00
2018-06-19,2018-06-19 10:00:00,7192.75,-400.0,400.0,LOSS,WIN,7167.75,7167.75,2018-06-19 10:28:00,2018-06-19 10:28:00
2018-06-20,2018-06-20 10:00:00,7300.75,400.0,-400.0,WIN,LOSS,7325.75,7325.75,2018-06-20 12:03:00,2018-06-20 12:03:00
2018-06-21,2018-06-21 10:00:00,7312.5,-400.0,400.0,LOSS,WIN,7287.5,7287.5,2018-06-21 10:06:00,2018-06-21 10:06:00
2018-06-22,2018-06-22 10:00:00,7220.25,400.0,-400.0,WIN,LOSS,7245.25,7245.25,2018-06-22 13:27:00,2018-06-22 13:27:00
2018-06-25,2018-06-25 10:00:00,7118.0,-400.0,400.0,LOSS,WIN,7093.0,7093.0,2018-06-25 10:11:00,2018-06-25 10:11:00
2018-06-26,2018-06-26 10:00:00,7098.5,-400.0,400.0,LOSS,WIN,7073.5,7073.5,2018-06-26 10:37:00,2018-06-26 10:37:00
2018-06-27,2018-06-27 10:00:00,7139.5,-400.0,400.0,LOSS,WIN,7114.5,7114.5,2018-06-27 11:05:00,2018-06-27 11:05:00
2018-06-28,2018-06-28 10:00:00,7012.25,-400.0,400.0,LOSS,WIN,6987.25,6987.25,2018-06-28 10:10:00,2018-06-28 10:10:00
2018-06-29,2018-06-29 10:00:00,7105.75,-400.0,400.0,LOSS,WIN,7080.75,7080.75,2018-06-29 12:55:00,2018-06-29 12:55:00
2018-07-02,2018-07-02 10:00:00,7035.0,400.0,-400.0,WIN,LOSS,7060.0,7060.0,2018-07-02 10:39:00,2018-07-02 10:39:00
2018-07-05,2018-07-05 10:00:00,7077.5,-400.0,400.0,LOSS,WIN,7052.5,7052.5,2018-07-05 10:39:00,2018-07-05 10:39:00
2018-07-06,2018-07-06 10:00:00,7162.0,400.0,-400.0,WIN,LOSS,7187.0,7187.0,2018-07-06 11:09:00,2018-07-06 11:09:00
2018-07-09,2018-07-09 10:00:00,7263.25,400.0,-400.0,WIN,LOSS,7288.25,7288.25,2018-07-09 15:43:00,2018-07-09 15:43:00
2018-07-10,2018-07-10 10:00:00,7294.25,88.0,-88.0,TIME_EXIT,TIME_EXIT,7299.75,7299.75,2018-07-10 16:00:00,2018-07-10 16:00:00
2018-07-11,2018-07-11 10:00:00,7264.0,400.0,-400.0,WIN,LOSS,7289.0,7289.0,2018-07-11 10:30:00,2018-07-11 10:30:00
2018-07-12,2018-07-12 10:00:00,7317.25,400.0,-400.0,WIN,LOSS,7342.25,7342.25,2018-07-12 10:30:00,2018-07-12 10:30:00
2018-07-13,2018-07-13 10:00:00,7373.0,400.0,-400.0,WIN,LOSS,7398.0,7398.0,2018-07-13 10:27:00,2018-07-13 10:27:00
2018-07-16,2018-07-16 10:00:00,7399.5,-400.0,400.0,LOSS,WIN,7374.5,7374.5,2018-07-16 14:40:00,2018-07-16 14:40:00
2018-07-17,2018-07-17 10:00:00,7339.75,400.0,-400.0,WIN,LOSS,7364.75,7364.75,2018-07-17 10:48:00,2018-07-17 10:48:00
2018-07-18,2018-07-18 10:00:00,7402.0,60.0,-60.0,TIME_EXIT,TIME_EXIT,7405.75,7405.75,2018-07-18 16:00:00,2018-07-18 16:00:00
2018-07-19,2018-07-19 10:00:00,7371.25,400.0,-400.0,WIN,LOSS,7396.25,7396.25,2018-07-19 11:53:00,2018-07-19 11:53:00
2018-07-20,2018-07-20 10:00:00,7390.25,-400.0,400.0,LOSS,WIN,7365.25,7365.25,2018-07-20 14:34:00,2018-07-20 14:34:00
2018-07-23,2018-07-23 10:00:00,7333.5,400.0,-400.0,WIN,LOSS,7358.5,7358.5,2018-07-23 10:40:00,2018-07-23 10:40:00
2018-07-24,2018-07-24 10:00:00,7468.25,-400.0,400.0,LOSS,WIN,7443.25,7443.25,2018-07-24 11:05:00,2018-07-24 11:05:00
2018-07-25,2018-07-25 10:00:00,7437.0,400.0,-400.0,WIN,LOSS,7462.0,7462.0,2018-07-25 12:24:00,2018-07-25 12:24:00
2018-07-26,2018-07-26 10:00:00,7411.75,400.0,-400.0,WIN,LOSS,7436.75,7436.75,2018-07-26 11:21:00,2018-07-26 11:21:00
2018-07-27,2018-07-27 10:00:00,7403.5,-400.0,400.0,LOSS,WIN,7378.5,7378.5,2018-07-27 10:45:00,2018-07-27 10:45:00
2018-07-30,2018-07-30 10:00:00,7223.25,400.0,-400.0,WIN,LOSS,7248.25,7248.25,2018-07-30 10:09:00,2018-07-30 10:09:00
2018-07-31,2018-07-31 10:00:00,7223.5,-400.0,400.0,LOSS,WIN,7198.5,7198.5,2018-07-31 10:20:00,2018-07-31 10:20:00
2018-08-01,2018-08-01 10:00:00,7284.75,-400.0,400.0,LOSS,WIN,7259.75,7259.75,2018-08-01 11:47:00,2018-08-01 11:47:00
2018-08-02,2018-08-02 10:00:00,7264.25,400.0,-400.0,WIN,LOSS,7289.25,7289.25,2018-08-02 10:19:00,2018-08-02 10:19:00
2018-08-03,2018-08-03 10:00:00,7376.25,400.0,-400.0,WIN,LOSS,7401.25,7401.25,2018-08-03 10:28:00,2018-08-03 10:28:00
2018-08-06,2018-08-06 10:00:00,7411.0,400.0,-400.0,WIN,LOSS,7436.0,7436.0,2018-08-06 12:54:00,2018-08-06 12:54:00
2018-08-07,2018-08-07 10:00:00,7471.75,52.0,-52.0,TIME_EXIT,TIME_EXIT,7475.0,7475.0,2018-08-07 16:00:00,2018-08-07 16:00:00
2018-08-08,2018-08-08 10:00:00,7462.0,400.0,-400.0,WIN,LOSS,7487.0,7487.0,2018-08-08 10:54:00,2018-08-08 10:54:00
2018-08-09,2018-08-09 10:00:00,7477.5,400.0,-400.0,WIN,LOSS,7502.5,7502.5,2018-08-09 13:33:00,2018-08-09 13:33:00
2018-08-10,2018-08-10 10:00:00,7420.25,-400.0,400.0,LOSS,WIN,7395.25,7395.25,2018-08-10 14:28:00,2018-08-10 14:28:00
2018-08-13,2018-08-13 10:00:00,7458.75,-400.0,400.0,LOSS,WIN,7433.75,7433.75,2018-08-13 11:25:00,2018-08-13 11:25:00
2018-08-14,2018-08-14 10:00:00,7418.75,400.0,-400.0,WIN,LOSS,7443.75,7443.75,2018-08-14 10:46:00,2018-08-14 10:46:00
2018-08-15,2018-08-15 10:00:00,7374.5,-400.0,400.0,LOSS,WIN,7349.5,7349.5,2018-08-15 10:04:00,2018-08-15 10:04:00
2018-08-16,2018-08-16 10:00:00,7399.75,400.0,-400.0,WIN,LOSS,7424.75,7424.75,2018-08-16 11:16:00,2018-08-16 11:16:00
2018-08-17,2018-08-17 10:00:00,7357.0,-400.0,400.0,LOSS,WIN,7332.0,7332.0,2018-08-17 10:13:00,2018-08-17 10:13:00
2018-08-20,2018-08-20 10:00:00,7364.5,400.0,-400.0,WIN,LOSS,7389.5,7389.5,2018-08-20 13:37:00,2018-08-20 13:37:00
2018-08-21,2018-08-21 10:00:00,7426.0,400.0,-400.0,WIN,LOSS,7451.0,7451.0,2018-08-21 12:55:00,2018-08-21 12:55:00
2018-08-22,2018-08-22 10:00:00,7394.25,400.0,-400.0,WIN,LOSS,7419.25,7419.25,2018-08-22 10:45:00,2018-08-22 10:45:00
2018-08-23,2018-08-23 10:00:00,7464.25,-400.0,400.0,LOSS,WIN,7439.25,7439.25,2018-08-23 11:14:00,2018-08-23 11:14:00
2018-08-24,2018-08-24 10:00:00,7454.0,400.0,-400.0,WIN,LOSS,7479.0,7479.0,2018-08-24 10:34:00,2018-08-24 10:34:00
2018-08-27,2018-08-27 10:00:00,7541.5,400.0,-400.0,WIN,LOSS,7566.5,7566.5,2018-08-27 11:00:00,2018-08-27 11:00:00
2018-08-28,2018-08-28 10:00:00,7587.25,-120.0,120.0,TIME_EXIT,TIME_EXIT,7579.75,7579.75,2018-08-28 16:00:00,2018-08-28 16:00:00
2018-08-29,2018-08-29 10:00:00,7608.0,400.0,-400.0,WIN,LOSS,7633.0,7633.0,2018-08-29 10:41:00,2018-08-29 10:41:00
2018-08-30,2018-08-30 10:00:00,7648.5,400.0,-400.0,WIN,LOSS,7673.5,7673.5,2018-08-30 10:35:00,2018-08-30 10:35:00
2018-08-31,2018-08-31 10:00:00,7664.75,-400.0,400.0,LOSS,WIN,7639.75,7639.75,2018-08-31 14:11:00,2018-08-31 14:11:00
2018-09-04,2018-09-04 10:00:00,7605.0,400.0,-400.0,WIN,LOSS,7630.0,7630.0,2018-09-04 10:08:00,2018-09-04 10:08:00
2018-09-05,2018-09-05 10:00:00,7557.25,-400.0,400.0,LOSS,WIN,7532.25,7532.25,2018-09-05 10:20:00,2018-09-05 10:20:00
2018-09-06,2018-09-06 10:00:00,7522.25,-400.0,400.0,LOSS,WIN,7497.25,7497.25,2018-09-06 10:06:00,2018-09-06 10:06:00
2018-09-07,2018-09-07 10:00:00,7473.5,-400.0,400.0,LOSS,WIN,7448.5,7448.5,2018-09-07 12:08:00,2018-09-07 12:08:00
2018-09-10,2018-09-10 10:00:00,7442.75,-400.0,400.0,LOSS,WIN,7417.75,7417.75,2018-09-10 10:13:00,2018-09-10 10:13:00
2018-09-11,2018-09-11 10:00:00,7459.75,400.0,-400.0,WIN,LOSS,7484.75,7484.75,2018-09-11 11:41:00,2018-09-11 11:41:00
2018-09-12,2018-09-12 10:00:00,7466.0,-400.0,400.0,LOSS,WIN,7441.0,7441.0,2018-09-12 10:31:00,2018-09-12 10:31:00
2018-09-13,2018-09-13 10:00:00,7584.5,400.0,-400.0,WIN,LOSS,7609.5,7609.5,2018-09-13 12:02:00,2018-09-13 12:02:00
2018-09-14,2018-09-14 10:00:00,7601.25,-400.0,400.0,LOSS,WIN,7576.25,7576.25,2018-09-14 12:00:00,2018-09-14 12:00:00
2018-09-17,2018-09-17 10:00:00,7531.5,-400.0,400.0,LOSS,WIN,7506.5,7506.5,2018-09-17 10:06:00,2018-09-17 10:06:00
2018-09-18,2018-09-18 10:00:00,7522.75,400.0,-400.0,WIN,LOSS,7547.75,7547.75,2018-09-18 11:00:00,2018-09-18 11:00:00
2018-09-19,2018-09-19 10:00:00,7499.25,-400.0,400.0,LOSS,WIN,7474.25,7474.25,2018-09-19 10:16:00,2018-09-19 10:16:00
2018-09-20,2018-09-20 10:00:00,7582.0,400.0,-400.0,WIN,LOSS,7607.0,7607.0,2018-09-20 10:21:00,2018-09-20 10:21:00
2018-09-21,2018-09-21 10:00:00,7611.75,-400.0,400.0,LOSS,WIN,7586.75,7586.75,2018-09-21 10:26:00,2018-09-21 10:26:00
2018-09-24,2018-09-24 10:00:00,7528.5,400.0,-400.0,WIN,LOSS,7553.5,7553.5,2018-09-24 11:21:00,2018-09-24 11:21:00
2018-09-25,2018-09-25 10:00:00,7576.25,-400.0,400.0,LOSS,WIN,7551.25,7551.25,2018-09-25 11:00:00,2018-09-25 11:00:00
2018-09-26,2018-09-26 10:00:00,7612.75,400.0,-400.0,WIN,LOSS,7637.75,7637.75,2018-09-26 11:28:00,2018-09-26 11:28:00
2018-09-27,2018-09-27 10:00:00,7650.75,400.0,-400.0,WIN,LOSS,7675.75,7675.75,2018-09-27 10:50:00,2018-09-27 10:50:00
2018-09-28,2018-09-28 10:00:00,7637.0,400.0,-400.0,WIN,LOSS,7662.0,7662.0,2018-09-28 10:54:00,2018-09-28 10:54:00
2018-10-01,2018-10-01 10:00:00,7719.75,-400.0,400.0,LOSS,WIN,7694.75,7694.75,2018-10-01 12:22:00,2018-10-01 12:22:00
2018-10-02,2018-10-02 10:00:00,7679.25,400.0,-400.0,WIN,LOSS,7704.25,7704.25,2018-10-02 11:46:00,2018-10-02 11:46:00
2018-10-03,2018-10-03 10:00:00,7684.25,-400.0,400.0,LOSS,WIN,7659.25,7659.25,2018-10-03 14:53:00,2018-10-03 14:53:00
2018-10-04,2018-10-04 10:00:00,7590.5,-400.0,400.0,LOSS,WIN,7565.5,7565.5,2018-10-04 10:13:00,2018-10-04 10:13:00
2018-10-05,2018-10-05 10:00:00,7478.75,400.0,-400.0,WIN,LOSS,7503.75,7503.75,2018-10-05 10:26:00,2018-10-05 10:26:00
2018-10-08,2018-10-08 10:00:00,7415.5,-400.0,400.0,LOSS,WIN,7390.5,7390.5,2018-10-08 10:51:00,2018-10-08 10:51:00
2018-10-09,2018-10-09 10:00:00,7411.0,-400.0,400.0,LOSS,WIN,7386.0,7386.0,2018-10-09 10:12:00,2018-10-09 10:12:00
2018-10-10,2018-10-10 10:00:00,7257.75,-400.0,400.0,LOSS,WIN,7232.75,7232.75,2018-10-10 10:04:00,2018-10-10 10:04:00
2018-10-11,2018-10-11 10:00:00,7135.0,-400.0,400.0,LOSS,WIN,7110.0,7110.0,2018-10-11 10:02:00,2018-10-11 10:02:00
2018-10-12,2018-10-12 10:00:00,7148.75,400.0,-400.0,WIN,LOSS,7173.75,7173.75,2018-10-12 10:04:00,2018-10-12 10:04:00
2018-10-15,2018-10-15 10:00:00,7107.25,-400.0,400.0,LOSS,WIN,7082.25,7082.25,2018-10-15 10:04:00,2018-10-15 10:04:00
2018-10-16,2018-10-16 10:00:00,7190.0,-400.0,400.0,LOSS,WIN,7165.0,7165.0,2018-10-16 10:17:00,2018-10-16 10:17:00
2018-10-17,2018-10-17 10:00:00,7267.75,-400.0,400.0,LOSS,WIN,7242.75,7242.75,2018-10-17 10:38:00,2018-10-17 10:38:00
2018-10-18,2018-10-18 10:00:00,7234.0,-400.0,400.0,LOSS,WIN,7209.0,7209.0,2018-10-18 11:18:00,2018-10-18 11:18:00
2018-10-19,2018-10-19 10:00:00,7216.5,400.0,-400.0,WIN,LOSS,7241.5,7241.5,2018-10-19 10:05:00,2018-10-19 10:05:00
2018-10-22,2018-10-22 10:00:00,7113.75,400.0,-400.0,WIN,LOSS,7138.75,7138.75,2018-10-22 10:34:00,2018-10-22 10:34:00
2018-10-23,2018-10-23 10:00:00,7012.75,-400.0,400.0,LOSS,WIN,6987.75,6987.75,2018-10-23 10:02:00,2018-10-23 10:02:00
2018-10-24,2018-10-24 10:00:00,7089.75,-400.0,400.0,LOSS,WIN,7064.75,7064.75,2018-10-24 10:22:00,2018-10-24 10:22:00
2018-10-25,2018-10-25 10:00:00,6951.75,400.0,-400.0,WIN,LOSS,6976.75,6976.75,2018-10-25 10:02:00,2018-10-25 10:02:00
2018-10-26,2018-10-26 10:00:00,6864.5,-400.0,400.0,LOSS,WIN,6839.5,6839.5,2018-10-26 10:01:00,2018-10-26 10:01:00
2018-10-29,2018-10-29 10:00:00,6944.25,400.0,-400.0,WIN,LOSS,6969.25,6969.25,2018-10-29 10:02:00,2018-10-29 10:02:00
2018-10-30,2018-10-30 10:00:00,6788.25,-400.0,400.0,LOSS,WIN,6763.25,6763.25,2018-10-30 10:09:00,2018-10-30 10:09:00
2018-10-31,2018-10-31 10:00:00,6982.75,400.0,-400.0,WIN,LOSS,7007.75,7007.75,2018-10-31 10:20:00,2018-10-31 10:20:00
2018-11-01,2018-11-01 10:00:00,6967.0,-400.0,400.0,LOSS,WIN,6942.0,6942.0,2018-11-01 10:08:00,2018-11-01 10:08:00
2018-11-02,2018-11-02 10:00:00,7041.75,-400.0,400.0,LOSS,WIN,7016.75,7016.75,2018-11-02 10:04:00,2018-11-02 10:04:00
2018-11-05,2018-11-05 10:00:00,6905.75,-400.0,400.0,LOSS,WIN,6880.75,6880.75,2018-11-05 10:10:00,2018-11-05 10:10:00
2018-11-06,2018-11-06 10:00:00,7020.75,-400.0,400.0,LOSS,WIN,6995.75,6995.75,2018-11-06 10:38:00,2018-11-06 10:38:00
2018-11-07,2018-11-07 10:00:00,7088.25,400.0,-400.0,WIN,LOSS,7113.25,7113.25,2018-11-07 10:02:00,2018-11-07 10:02:00
2018-11-08,2018-11-08 10:00:00,7194.25,-400.0,400.0,LOSS,WIN,7169.25,7169.25,2018-11-08 10:14:00,2018-11-08 10:14:00
2018-11-09,2018-11-09 10:00:00,7083.75,-400.0,400.0,LOSS,WIN,7058.75,7058.75,2018-11-09 10:11:00,2018-11-09 10:11:00
2018-11-12,2018-11-12 10:00:00,6929.75,-400.0,400.0,LOSS,WIN,6904.75,6904.75,2018-11-12 10:36:00,2018-11-12 10:36:00
2018-11-13,2018-11-13 10:00:00,6861.5,-400.0,400.0,LOSS,WIN,6836.5,6836.5,2018-11-13 10:03:00,2018-11-13 10:03:00
2018-11-15,2018-11-15 10:00:00,6760.75,-400.0,400.0,LOSS,WIN,6735.75,6735.75,2018-11-15 10:31:00,2018-11-15 10:31:00
2018-11-16,2018-11-16 10:00:00,6867.75,400.0,-400.0,WIN,LOSS,6892.75,6892.75,2018-11-16 10:32:00,2018-11-16 10:32:00
2018-11-19,2018-11-19 10:00:00,6794.25,-400.0,400.0,LOSS,WIN,6769.25,6769.25,2018-11-19 10:05:00,2018-11-19 10:05:00
2018-11-20,2018-11-20 10:00:00,6504.75,-400.0,400.0,LOSS,WIN,6479.75,6479.75,2018-11-20 10:09:00,2018-11-20 10:09:00
2018-11-21,2018-11-21 10:00:00,6615.25,400.0,-400.0,WIN,LOSS,6640.25,6640.25,2018-11-21 11:14:00,2018-11-21 11:14:00
2018-11-26,2018-11-26 10:00:00,6659.25,-400.0,400.0,LOSS,WIN,6634.25,6634.25,2018-11-26 10:23:00,2018-11-26 10:23:00
2018-11-27,2018-11-27 10:00:00,6666.5,400.0,-400.0,WIN,LOSS,6691.5,6691.5,2018-11-27 10:12:00,2018-11-27 10:12:00
2018-11-28,2018-11-28 10:00:00,6746.25,-400.0,400.0,LOSS,WIN,6721.25,6721.25,2018-11-28 10:32:00,2018-11-28 10:32:00
2018-11-29,2018-11-29 10:00:00,6893.75,-400.0,400.0,LOSS,WIN,6868.75,6868.75,2018-11-29 10:22:00,2018-11-29 10:22:00
2018-11-30,2018-11-30 10:00:00,6895.75,400.0,-400.0,WIN,LOSS,6920.75,6920.75,2018-11-30 10:32:00,2018-11-30 10:32:00
2018-12-03,2018-12-03 10:00:00,7049.25,400.0,-400.0,WIN,LOSS,7074.25,7074.25,2018-12-03 10:18:00,2018-12-03 10:18:00
2018-12-04,2018-12-04 10:00:00,7028.0,-400.0,400.0,LOSS,WIN,7003.0,7003.0,2018-12-04 11:33:00,2018-12-04 11:33:00
2018-12-06,2018-12-06 10:00:00,6671.25,400.0,-400.0,WIN,LOSS,6696.25,6696.25,2018-12-06 10:07:00,2018-12-06 10:07:00
2018-12-07,2018-12-07 10:00:00,6823.75,-400.0,400.0,LOSS,WIN,6798.75,6798.75,2018-12-07 10:10:00,2018-12-07 10:10:00
2018-12-10,2018-12-10 10:00:00,6599.0,400.0,-400.0,WIN,LOSS,6624.0,6624.0,2018-12-10 10:04:00,2018-12-10 10:04:00
2018-12-11,2018-12-11 10:00:00,6771.75,-400.0,400.0,LOSS,WIN,6746.75,6746.75,2018-12-11 10:11:00,2018-12-11 10:11:00
2018-12-12,2018-12-12 10:00:00,6810.5,400.0,-400.0,WIN,LOSS,6835.5,6835.5,2018-12-12 10:16:00,2018-12-12 10:16:00
2018-12-13,2018-12-13 10:00:00,6787.25,400.0,-400.0,WIN,LOSS,6812.25,6812.25,2018-12-13 10:04:00,2018-12-13 10:04:00
2018-12-14,2018-12-14 10:00:00,6714.75,-400.0,400.0,LOSS,WIN,6689.75,6689.75,2018-12-14 11:49:00,2018-12-14 11:49:00
2018-12-17,2018-12-17 10:00:00,6554.25,400.0,-400.0,WIN,LOSS,6579.25,6579.25,2018-12-17 10:12:00,2018-12-17 10:12:00
2018-12-18,2018-12-18 10:00:00,6543.25,-400.0,400.0,LOSS,WIN,6518.25,6518.25,2018-12-18 10:05:00,2018-12-18 10:05:00
2018-12-19,2018-12-19 10:00:00,6573.75,-400.0,400.0,LOSS,WIN,6548.75,6548.75,2018-12-19 11:16:00,2018-12-19 11:16:00
2018-12-20,2018-12-20 10:00:00,6374.0,400.0,-400.0,WIN,LOSS,6399.0,6399.0,2018-12-20 10:07:00,2018-12-20 10:07:00
2018-12-21,2018-12-21 10:00:00,6270.0,-400.0,400.0,LOSS,WIN,6245.0,6245.0,2018-12-21 10:04:00,2018-12-21 10:04:00
2018-12-26,2018-12-26 10:00:00,5992.5,-400.0,400.0,LOSS,WIN,5967.5,5967.5,2018-12-26 10:06:00,2018-12-26 10:06:00
2018-12-27,2018-12-27 10:00:00,6171.75,-400.0,400.0,LOSS,WIN,6146.75,6146.75,2018-12-27 10:12:00,2018-12-27 10:12:00
2018-12-28,2018-12-28 10:00:00,6330.75,-400.0,400.0,LOSS,WIN,6305.75,6305.75,2018-12-28 10:03:00,2018-12-28 10:03:00
2018-12-31,2018-12-31 10:00:00,6345.75,-400.0,400.0,LOSS,WIN,6320.75,6320.75,2018-12-31 10:16:00,2018-12-31 10:16:00
2019-01-02,2019-01-02 10:00:00,6262.0,400.0,-400.0,WIN,LOSS,6287.0,6287.0,2019-01-02 10:09:00,2019-01-02 10:09:00
2019-01-03,2019-01-03 10:00:00,6251.25,-400.0,400.0,LOSS,WIN,6226.25,6226.25,2019-01-03 10:02:00,2019-01-03 10:02:00
2019-01-04,2019-01-04 10:00:00,6307.75,-400.0,400.0,LOSS,WIN,6282.75,6282.75,2019-01-04 10:20:00,2019-01-04 10:20:00
2019-01-07,2019-01-07 10:00:00,6443.5,400.0,-400.0,WIN,LOSS,6468.5,6468.5,2019-01-07 10:31:00,2019-01-07 10:31:00
2019-01-08,2019-01-08 10:00:00,6542.0,-400.0,400.0,LOSS,WIN,6517.0,6517.0,2019-01-08 10:17:00,2019-01-08 10:17:00
2019-01-09,2019-01-09 10:00:00,6606.75,-400.0,400.0,LOSS,WIN,6581.75,6581.75,2019-01-09 10:34:00,2019-01-09 10:34:00
2019-01-10,2019-01-10 10:00:00,6539.5,400.0,-400.0,WIN,LOSS,6564.5,6564.5,2019-01-10 10:21:00,2019-01-10 10:21:00
2019-01-11,2019-01-11 10:00:00,6587.75,400.0,-400.0,WIN,LOSS,6612.75,6612.75,2019-01-11 12:33:00,2019-01-11 12:33:00
2019-01-14,2019-01-14 10:00:00,6533.0,400.0,-400.0,WIN,LOSS,6558.0,6558.0,2019-01-14 10:19:00,2019-01-14 10:19:00
2019-01-15,2019-01-15 10:00:00,6644.75,400.0,-400.0,WIN,LOSS,6669.75,6669.75,2019-01-15 11:57:00,2019-01-15 11:57:00
2019-01-16,2019-01-16 10:00:00,6722.5,-400.0,400.0,LOSS,WIN,6697.5,6697.5,2019-01-16 10:37:00,2019-01-16 10:37:00
2019-01-17,2019-01-17 10:00:00,6688.75,400.0,-400.0,WIN,LOSS,6713.75,6713.75,2019-01-17 14:40:00,2019-01-17 14:40:00
2019-01-18,2019-01-18 10:00:00,6749.75,400.0,-400.0,WIN,LOSS,6774.75,6774.75,2019-01-18 10:19:00,2019-01-18 10:19:00
2019-01-22,2019-01-22 10:00:00,6731.0,-400.0,400.0,LOSS,WIN,6706.0,6706.0,2019-01-22 11:10:00,2019-01-22 11:10:00
2019-01-23,2019-01-23 10:00:00,6712.5,-400.0,400.0,LOSS,WIN,6687.5,6687.5,2019-01-23 10:23:00,2019-01-23 10:23:00
2019-01-24,2019-01-24 10:00:00,6687.25,400.0,-400.0,WIN,LOSS,6712.25,6712.25,2019-01-24 10:15:00,2019-01-24 10:15:00
2019-01-25,2019-01-25 10:00:00,6768.0,400.0,-400.0,WIN,LOSS,6793.0,6793.0,2019-01-25 11:08:00,2019-01-25 11:08:00
2019-01-28,2019-01-28 10:00:00,6672.75,400.0,-400.0,WIN,LOSS,6697.75,6697.75,2019-01-28 14:50:00,2019-01-28 14:50:00
2019-01-29,2019-01-29 10:00:00,6688.75,-400.0,400.0,LOSS,WIN,6663.75,6663.75,2019-01-29 10:42:00,2019-01-29 10:42:00
2019-01-30,2019-01-30 10:00:00,6710.0,400.0,-400.0,WIN,LOSS,6735.0,6735.0,2019-01-30 12:02:00,2019-01-30 12:02:00
2019-01-31,2019-01-31 10:00:00,6875.75,400.0,-400.0,WIN,LOSS,6900.75,6900.75,2019-01-31 10:25:00,2019-01-31 10:25:00
2019-02-01,2019-02-01 10:00:00,6877.5,400.0,-400.0,WIN,LOSS,6902.5,6902.5,2019-02-01 10:04:00,2019-02-01 10:04:00
2019-02-04,2019-02-04 10:00:00,6905.5,400.0,-400.0,WIN,LOSS,6930.5,6930.5,2019-02-04 10:36:00,2019-02-04 10:36:00
2019-02-05,2019-02-05 10:00:00,7004.75,400.0,-400.0,WIN,LOSS,7029.75,7029.75,2019-02-05 15:21:00,2019-02-05 15:21:00
2019-02-06,2019-02-06 10:00:00,7018.75,-400.0,400.0,LOSS,WIN,6993.75,6993.75,2019-02-06 10:10:00,2019-02-06 10:10:00
2019-02-07,2019-02-07 10:00:00,6933.0,400.0,-400.0,WIN,LOSS,6958.0,6958.0,2019-02-07 10:30:00,2019-02-07 10:30:00
2019-02-08,2019-02-08 10:00:00,6851.0,400.0,-400.0,WIN,LOSS,6876.0,6876.0,2019-02-08 10:39:00,2019-02-08 10:39:00
2019-02-11,2019-02-11 10:00:00,6930.25,-400.0,400.0,LOSS,WIN,6905.25,6905.25,2019-02-11 13:45:00,2019-02-11 13:45:00
2019-02-12,2019-02-12 10:00:00,6982.75,400.0,-400.0,WIN,LOSS,7007.75,7007.75,2019-02-12 10:57:00,2019-02-12 10:57:00
2019-02-13,2019-02-13 10:00:00,7053.25,-400.0,400.0,LOSS,WIN,7028.25,7028.25,2019-02-13 11:30:00,2019-02-13 11:30:00
2019-02-14,2019-02-14 10:00:00,7008.75,400.0,-400.0,WIN,LOSS,7033.75,7033.75,2019-02-14 12:19:00,2019-02-14 12:19:00
2019-02-15,2019-02-15 10:00:00,7046.25,400.0,-400.0,WIN,LOSS,7071.25,7071.25,2019-02-15 10:41:00,2019-02-15 10:41:00
2019-02-19,2019-02-19 10:00:00,7067.25,400.0,-400.0,WIN,LOSS,7092.25,7092.25,2019-02-19 14:44:00,2019-02-19 14:44:00
2019-02-20,2019-02-20 10:00:00,7093.0,-400.0,400.0,LOSS,WIN,7068.0,7068.0,2019-02-20 12:23:00,2019-02-20 12:23:00
2019-02-21,2019-02-21 10:00:00,7023.5,400.0,-400.0,WIN,LOSS,7048.5,7048.5,2019-02-21 11:53:00,2019-02-21 11:53:00
2019-02-22,2019-02-22 10:00:00,7076.75,260.0,-260.0,TIME_EXIT,TIME_EXIT,7093.0,7093.0,2019-02-22 16:00:00,2019-02-22 16:00:00
2019-02-25,2019-02-25 10:00:00,7148.25,-400.0,400.0,LOSS,WIN,7123.25,7123.25,2019-02-25 12:55:00,2019-02-25 12:55:00
2019-02-26,2019-02-26 10:00:00,7114.5,400.0,-400.0,WIN,LOSS,7139.5,7139.5,2019-02-26 11:31:00,2019-02-26 11:31:00
2019-02-27,2019-02-27 10:00:00,7090.5,-400.0,400.0,LOSS,WIN,7065.5,7065.5,2019-02-27 10:12:00,2019-02-27 10:12:00
2019-02-28,2019-02-28 10:00:00,7111.25,-400.0,400.0,LOSS,WIN,7086.25,7086.25,2019-02-28 10:06:00,2019-02-28 10:06:00
2019-03-01,2019-03-01 10:00:00,7152.25,-400.0,400.0,LOSS,WIN,7127.25,7127.25,2019-03-01 10:15:00,2019-03-01 10:15:00
2019-03-04,2019-03-04 10:00:00,7207.0,-400.0,400.0,LOSS,WIN,7182.0,7182.0,2019-03-04 10:54:00,2019-03-04 10:54:00
2019-03-05,2019-03-05 10:00:00,7137.5,400.0,-400.0,WIN,LOSS,7162.5,7162.5,2019-03-05 10:52:00,2019-03-05 10:52:00
2019-03-06,2019-03-06 10:00:00,7155.25,-400.0,400.0,LOSS,WIN,7130.25,7130.25,2019-03-06 10:31:00,2019-03-06 10:31:00
2019-03-07,2019-03-07 10:00:00,7078.25,-400.0,400.0,LOSS,WIN,7053.25,7053.25,2019-03-07 10:17:00,2019-03-07 10:17:00
2019-03-08,2019-03-08 10:00:00,6990.75,400.0,-400.0,WIN,LOSS,7015.75,7015.75,2019-03-08 10:44:00,2019-03-08 10:44:00
2019-03-11,2019-03-11 10:00:00,7121.25,400.0,-400.0,WIN,LOSS,7146.25,7146.25,2019-03-11 10:50:00,2019-03-11 10:50:00
2019-03-12,2019-03-12 10:00:00,7212.5,400.0,-400.0,WIN,LOSS,7237.5,7237.5,2019-03-12 10:50:00,2019-03-12 10:50:00
2019-03-13,2019-03-13 10:00:00,7275.75,400.0,-400.0,WIN,LOSS,7300.75,7300.75,2019-03-13 11:08:00,2019-03-13 11:08:00
2019-03-14,2019-03-14 10:00:00,7289.5,-344.0,344.0,TIME_EXIT,TIME_EXIT,7268.0,7268.0,2019-03-14 16:00:00,2019-03-14 16:00:00
2019-03-15,2019-03-15 10:00:00,7327.25,400.0,-400.0,WIN,LOSS,7352.25,7352.25,2019-03-15 12:12:00,2019-03-15 12:12:00
2019-03-18,2019-03-18 10:00:00,7368.5,-400.0,400.0,LOSS,WIN,7343.5,7343.5,2019-03-18 11:24:00,2019-03-18 11:24:00
2019-03-19,2019-03-19 10:00:00,7382.5,400.0,-400.0,WIN,LOSS,7407.5,7407.5,2019-03-19 11:57:00,2019-03-19 11:57:00
2019-03-20,2019-03-20 10:00:00,7366.25,400.0,-400.0,WIN,LOSS,7391.25,7391.25,2019-03-20 11:01:00,2019-03-20 11:01:00
2019-03-21,2019-03-21 10:00:00,7435.5,400.0,-400.0,WIN,LOSS,7460.5,7460.5,2019-03-21 10:39:00,2019-03-21 10:39:00
2019-03-22,2019-03-22 10:00:00,7449.0,400.0,-400.0,WIN,LOSS,7474.0,7474.0,2019-03-22 10:13:00,2019-03-22 10:13:00
2019-03-25,2019-03-25 10:00:00,7308.25,400.0,-400.0,WIN,LOSS,7333.25,7333.25,2019-03-25 10:50:00,2019-03-25 10:50:00
2019-03-26,2019-03-26 10:00:00,7441.5,-400.0,400.0,LOSS,WIN,7416.5,7416.5,2019-03-26 10:20:00,2019-03-26 10:20:00
2019-03-27,2019-03-27 10:00:00,7368.5,400.0,-400.0,WIN,LOSS,7393.5,7393.5,2019-03-27 10:23:00,2019-03-27 10:23:00
2019-03-28,2019-03-28 10:00:00,7353.5,-400.0,400.0,LOSS,WIN,7328.5,7328.5,2019-03-28 11:02:00,2019-03-28 11:02:00
2019-03-29,2019-03-29 10:00:00,7381.75,-400.0,400.0,LOSS,WIN,7356.75,7356.75,2019-03-29 10:54:00,2019-03-29 10:54:00
2019-04-01,2019-04-01 10:00:00,7462.75,400.0,-400.0,WIN,LOSS,7487.75,7487.75,2019-04-01 12:57:00,2019-04-01 12:57:00
2019-04-02,2019-04-02 10:00:00,7494.0,400.0,-400.0,WIN,LOSS,7519.0,7519.0,2019-04-02 13:40:00,2019-04-02 13:40:00
2019-04-03,2019-04-03 10:00:00,7566.25,400.0,-400.0,WIN,LOSS,7591.25,7591.25,2019-04-03 10:56:00,2019-04-03 10:56:00
2019-04-04,2019-04-04 10:00:00,7591.0,-400.0,400.0,LOSS,WIN,7566.0,7566.0,2019-04-04 10:21:00,2019-04-04 10:21:00
2019-04-05,2019-04-05 10:00:00,7594.0,188.0,-188.0,TIME_EXIT,TIME_EXIT,7605.75,7605.75,2019-04-05 16:00:00,2019-04-05 16:00:00
2019-04-08,2019-04-08 10:00:00,7576.0,400.0,-400.0,WIN,LOSS,7601.0,7601.0,2019-04-08 11:30:00,2019-04-08 11:30:00
2019-04-09,2019-04-09 10:00:00,7606.0,-400.0,400.0,LOSS,WIN,7581.0,7581.0,2019-04-09 15:55:00,2019-04-09 15:55:00
2019-04-10,2019-04-10 10:00:00,7609.0,400.0,-400.0,WIN,LOSS,7634.0,7634.0,2019-04-10 15:09:00,2019-04-10 15:09:00
2019-04-11,2019-04-11 10:00:00,7619.5,-44.0,44.0,TIME_EXIT,TIME_EXIT,7616.75,7616.75,2019-04-11 16:00:00,2019-04-11 16:00:00
2019-04-12,2019-04-12 10:00:00,7646.75,-400.0,400.0,LOSS,WIN,7621.75,7621.75,2019-04-12 11:17:00,2019-04-12 11:17:00
2019-04-15,2019-04-15 10:00:00,7643.75,-400.0,400.0,LOSS,WIN,7618.75,7618.75,2019-04-15 10:28:00,2019-04-15 10:28:00
2019-04-16,2019-04-16 10:00:00,7678.5,-400.0,400.0,LOSS,WIN,7653.5,7653.5,2019-04-16 15:35:00,2019-04-16 15:35:00
2019-04-17,2019-04-17 10:00:00,7699.0,-60.0,60.0,TIME_EXIT,TIME_EXIT,7695.25,7695.25,2019-04-17 16:00:00,2019-04-17 16:00:00
2019-04-18,2019-04-18 10:00:00,7684.25,400.0,-400.0,WIN,LOSS,7709.25,7709.25,2019-04-18 12:48:00,2019-04-18 12:48:00
2019-04-22,2019-04-22 10:00:00,7696.75,400.0,-400.0,WIN,LOSS,7721.75,7721.75,2019-04-22 11:31:00,2019-04-22 11:31:00
2019-04-23,2019-04-23 10:00:00,7777.5,400.0,-400.0,WIN,LOSS,7802.5,7802.5,2019-04-23 11:24:00,2019-04-23 11:24:00
2019-04-24,2019-04-24 10:00:00,7824.5,-292.0,292.0,TIME_EXIT,TIME_EXIT,7806.25,7806.25,2019-04-24 16:00:00,2019-04-24 16:00:00
2019-04-25,2019-04-25 10:00:00,7852.5,-400.0,400.0,LOSS,WIN,7827.5,7827.5,2019-04-25 10:12:00,2019-04-25 10:12:00
2019-04-26,2019-04-26 10:00:00,7771.0,400.0,-400.0,WIN,LOSS,7796.0,7796.0,2019-04-26 10:22:00,2019-04-26 10:22:00
2019-04-29,2019-04-29 10:00:00,7840.75,400.0,-400.0,WIN,LOSS,7865.75,7865.75,2019-04-29 14:44:00,2019-04-29 14:44:00
2019-04-30,2019-04-30 10:00:00,7794.0,-400.0,400.0,LOSS,WIN,7769.0,7769.0,2019-04-30 11:00:00,2019-04-30 11:00:00
2019-05-01,2019-05-01 10:00:00,7839.25,400.0,-400.0,WIN,LOSS,7864.25,7864.25,2019-05-01 11:44:00,2019-05-01 11:44:00
2019-05-02,2019-05-02 10:00:00,7779.25,400.0,-400.0,WIN,LOSS,7804.25,7804.25,2019-05-02 10:14:00,2019-05-02 10:14:00
2019-05-03,2019-05-03 10:00:00,7806.5,400.0,-400.0,WIN,LOSS,7831.5,7831.5,2019-05-03 10:59:00,2019-05-03 10:59:00
2019-05-06,2019-05-06 10:00:00,7751.0,400.0,-400.0,WIN,LOSS,7776.0,7776.0,2019-05-06 10:51:00,2019-05-06 10:51:00
2019-05-07,2019-05-07 10:00:00,7709.25,-400.0,400.0,LOSS,WIN,7684.25,7684.25,2019-05-07 10:15:00,2019-05-07 10:15:00
2019-05-08,2019-05-08 10:00:00,7646.5,-400.0,400.0,LOSS,WIN,7621.5,7621.5,2019-05-08 10:33:00,2019-05-08 10:33:00
2019-05-09,2019-05-09 10:00:00,7525.5,-400.0,400.0,LOSS,WIN,7500.5,7500.5,2019-05-09 10:01:00,2019-05-09 10:01:00
2019-05-10,2019-05-10 10:00:00,7550.25,-400.0,400.0,LOSS,WIN,7525.25,7525.25,2019-05-10 10:12:00,2019-05-10 10:12:00
2019-05-13,2019-05-13 10:00:00,7391.5,-400.0,400.0,LOSS,WIN,7366.5,7366.5,2019-05-13 10:02:00,2019-05-13 10:02:00
2019-05-14,2019-05-14 10:00:00,7362.25,400.0,-400.0,WIN,LOSS,7387.25,7387.25,2019-05-14 10:15:00,2019-05-14 10:15:00
2019-05-15,2019-05-15 10:00:00,7408.0,400.0,-400.0,WIN,LOSS,7433.0,7433.0,2019-05-15 10:13:00,2019-05-15 10:13:00
2019-05-16,2019-05-16 10:00:00,7579.75,400.0,-400.0,WIN,LOSS,7604.75,7604.75,2019-05-16 10:25:00,2019-05-16 10:25:00
2019-05-17,2019-05-17 10:00:00,7545.5,400.0,-400.0,WIN,LOSS,7570.5,7570.5,2019-05-17 10:27:00,2019-05-17 10:27:00
2019-05-20,2019-05-20 10:00:00,7400.5,400.0,-400.0,WIN,LOSS,7425.5,7425.5,2019-05-20 10:27:00,2019-05-20 10:27:00
2019-05-21,2019-05-21 10:00:00,7444.5,400.0,-400.0,WIN,LOSS,7469.5,7469.5,2019-05-21 10:51:00,2019-05-21 10:51:00
2019-05-22,2019-05-22 10:00:00,7449.5,-400.0,400.0,LOSS,WIN,7424.5,7424.5,2019-05-22 11:04:00,2019-05-22 11:04:00
2019-05-23,2019-05-23 10:00:00,7322.25,-400.0,400.0,LOSS,WIN,7297.25,7297.25,2019-05-23 11:56:00,2019-05-23 11:56:00
2019-05-24,2019-05-24 10:00:00,7364.0,-400.0,400.0,LOSS,WIN,7339.0,7339.0,2019-05-24 10:30:00,2019-05-24 10:30:00
2019-05-28,2019-05-28 10:00:00,7358.25,-400.0,400.0,LOSS,WIN,7333.25,7333.25,2019-05-28 10:16:00,2019-05-28 10:16:00
2019-05-29,2019-05-29 10:00:00,7228.75,400.0,-400.0,WIN,LOSS,7253.75,7253.75,2019-05-29 10:18:00,2019-05-29 10:18:00
2019-05-30,2019-05-30 10:00:00,7262.5,-400.0,400.0,LOSS,WIN,7237.5,7237.5,2019-05-30 11:01:00,2019-05-30 11:01:00
2019-05-31,2019-05-31 10:00:00,7150.75,400.0,-400.0,WIN,LOSS,7175.75,7175.75,2019-05-31 10:49:00,2019-05-31 10:49:00
2019-06-03,2019-06-03 10:00:00,7052.25,400.0,-400.0,WIN,LOSS,7077.25,7077.25,2019-06-03 10:28:00,2019-06-03 10:28:00
2019-06-04,2019-06-04 10:00:00,7040.75,400.0,-400.0,WIN,LOSS,7065.75,7065.75,2019-06-04 10:21:00,2019-06-04 10:21:00
2019-06-05,2019-06-05 10:00:00,7211.0,-400.0,400.0,LOSS,WIN,7186.0,7186.0,2019-06-05 10:15:00,2019-06-05 10:15:00
2019-06-06,2019-06-06 10:00:00,7211.75,400.0,-400.0,WIN,LOSS,7236.75,7236.75,2019-06-06 10:43:00,2019-06-06 10:43:00
2019-06-07,2019-06-07 10:00:00,7372.25,400.0,-400.0,WIN,LOSS,7397.25,7397.25,2019-06-07 10:29:00,2019-06-07 10:29:00
2019-06-10,2019-06-10 10:00:00,7511.75,400.0,-400.0,WIN,LOSS,7536.75,7536.75,2019-06-10 10:17:00,2019-06-10 10:17:00
2019-06-11,2019-06-11 10:00:00,7567.0,-400.0,400.0,LOSS,WIN,7542.0,7542.0,2019-06-11 10:50:00,2019-06-11 10:50:00
2019-06-12,2019-06-12 10:00:00,7501.5,-400.0,400.0,LOSS,WIN,7476.5,7476.5,2019-06-12 10:24:00,2019-06-12 10:24:00
2019-06-13,2019-06-13 10:00:00,7531.0,-400.0,400.0,LOSS,WIN,7506.0,7506.0,2019-06-13 10:09:00,2019-06-13 10:09:00
2019-06-14,2019-06-14 10:00:00,7465.25,400.0,-400.0,WIN,LOSS,7490.25,7490.25,2019-06-14 10:50:00,2019-06-14 10:50:00
2019-06-17,2019-06-17 10:00:00,7565.25,-136.0,136.0,TIME_EXIT,TIME_EXIT,7556.75,7556.75,2019-06-17 16:00:00,2019-06-17 16:00:00
2019-06-18,2019-06-18 10:00:00,7693.5,400.0,-400.0,WIN,LOSS,7718.5,7718.5,2019-06-18 10:54:00,2019-06-18 10:54:00
2019-06-19,2019-06-19 10:00:00,7659.5,-400.0,400.0,LOSS,WIN,7634.5,7634.5,2019-06-19 14:00:00,2019-06-19 14:00:00
2019-06-20,2019-06-20 10:00:00,7790.25,-400.0,400.0,LOSS,WIN,7765.25,7765.25,2019-06-20 10:21:00,2019-06-20 10:21:00
2019-06-21,2019-06-21 10:00:00,7754.25,400.0,-400.0,WIN,LOSS,7779.25,7779.25,2019-06-21 10:44:00,2019-06-21 10:44:00
2019-06-24,2019-06-24 10:00:00,7752.25,68.0,-68.0,TIME_EXIT,TIME_EXIT,7756.5,7756.5,2019-06-24 16:00:00,2019-06-24 16:00:00
2019-06-25,2019-06-25 10:00:00,7726.0,-400.0,400.0,LOSS,WIN,7701.0,7701.0,2019-06-25 10:22:00,2019-06-25 10:22:00
2019-06-26,2019-06-26 10:00:00,7705.75,-400.0,400.0,LOSS,WIN,7680.75,7680.75,2019-06-26 10:20:00,2019-06-26 10:20:00
2019-06-27,2019-06-27 10:00:00,7692.25,-400.0,400.0,LOSS,WIN,7667.25,7667.25,2019-06-27 11:24:00,2019-06-27 11:24:00
2019-06-28,2019-06-28 10:00:00,7671.5,400.0,-400.0,WIN,LOSS,7696.5,7696.5,2019-06-28 12:01:00,2019-06-28 12:01:00
2019-07-01,2019-07-01 10:00:00,7824.75,-400.0,400.0,LOSS,WIN,7799.75,7799.75,2019-07-01 10:34:00,2019-07-01 10:34:00
2019-07-02,2019-07-02 10:00:00,7786.25,400.0,-400.0,WIN,LOSS,7811.25,7811.25,2019-07-02 15:31:00,2019-07-02 15:31:00
2019-07-05,2019-07-05 10:00:00,7808.75,400.0,-400.0,WIN,LOSS,7833.75,7833.75,2019-07-05 12:15:00,2019-07-05 12:15:00
2019-07-08,2019-07-08 10:00:00,7779.5,400.0,-400.0,WIN,LOSS,7804.5,7804.5,2019-07-08 11:03:00,2019-07-08 11:03:00
2019-07-09,2019-07-09 10:00:00,7797.75,400.0,-400.0,WIN,LOSS,7822.75,7822.75,2019-07-09 10:36:00,2019-07-09 10:36:00
2019-07-10,2019-07-10 10:00:00,7944.5,-400.0,400.0,LOSS,WIN,7919.5,7919.5,2019-07-10 10:24:00,2019-07-10 10:24:00
2019-07-11,2019-07-11 10:00:00,7946.25,-400.0,400.0,LOSS,WIN,7921.25,7921.25,2019-07-11 13:34:00,2019-07-11 13:34:00
2019-07-12,2019-07-12 10:00:00,7937.25,400.0,-400.0,WIN,LOSS,7962.25,7962.25,2019-07-12 15:55:00,2019-07-12 15:55:00
2019-07-15,2019-07-15 10:00:00,7970.5,260.0,-260.0,TIME_EXIT,TIME_EXIT,7986.75,7986.75,2019-07-15 16:00:00,2019-07-15 16:00:00
2019-07-16,2019-07-16 10:00:00,7985.25,-400.0,400.0,LOSS,WIN,7960.25,7960.25,2019-07-16 11:58:00,2019-07-16 11:58:00
2019-07-17,2019-07-17 10:00:00,7957.5,-400.0,400.0,LOSS,WIN,7932.5,7932.5,2019-07-17 10:44:00,2019-07-17 10:44:00
2019-07-18,2019-07-18 10:00:00,7889.0,-400.0,400.0,LOSS,WIN,7864.0,7864.0,2019-07-18 11:21:00,2019-07-18 11:21:00
2019-07-19,2019-07-19 10:00:00,7949.75,-400.0,400.0,LOSS,WIN,7924.75,7924.75,2019-07-19 10:46:00,2019-07-19 10:46:00
2019-07-22,2019-07-22 10:00:00,7914.25,-400.0,400.0,LOSS,WIN,7889.25,7889.25,2019-07-22 10:53:00,2019-07-22 10:53:00
2019-07-23,2019-07-23 10:00:00,7932.25,400.0,-400.0,WIN,LOSS,7957.25,7957.25,2019-07-23 13:44:00,2019-07-23 13:44:00
2019-07-24,2019-07-24 10:00:00,7969.25,400.0,-400.0,WIN,LOSS,7994.25,7994.25,2019-07-24 10:39:00,2019-07-24 10:39:00
2019-07-25,2019-07-25 10:00:00,7962.5,-400.0,400.0,LOSS,WIN,7937.5,7937.5,2019-07-25 12:40:00,2019-07-25 12:40:00
2019-07-26,2019-07-26 10:00:00,8026.0,-400.0,400.0,LOSS,WIN,8001.0,8001.0,2019-07-26 10:43:00,2019-07-26 10:43:00
2019-07-29,2019-07-29 10:00:00,7970.0,400.0,-400.0,WIN,LOSS,7995.0,7995.0,2019-07-29 13:00:00,2019-07-29 13:00:00
2019-07-30,2019-07-30 10:00:00,7959.25,400.0,-400.0,WIN,LOSS,7984.25,7984.25,2019-07-30 14:01:00,2019-07-30 14:01:00
2019-07-31,2019-07-31 10:00:00,7979.75,-400.0,400.0,LOSS,WIN,7954.75,7954.75,2019-07-31 14:00:00,2019-07-31 14:00:00
2019-08-01,2019-08-01 10:00:00,7928.5,400.0,-400.0,WIN,LOSS,7953.5,7953.5,2019-08-01 10:19:00,2019-08-01 10:19:00
2019-08-02,2019-08-02 10:00:00,7729.0,-400.0,400.0,LOSS,WIN,7704.0,7704.0,2019-08-02 10:08:00,2019-08-02 10:08:00
2019-08-05,2019-08-05 10:00:00,7514.0,-400.0,400.0,LOSS,WIN,7489.0,7489.0,2019-08-05 10:04:00,2019-08-05 10:04:00
2019-08-06,2019-08-06 10:00:00,7515.75,-400.0,400.0,LOSS,WIN,7490.75,7490.75,2019-08-06 10:13:00,2019-08-06 10:13:00
2019-08-07,2019-08-07 10:00:00,7433.75,400.0,-400.0,WIN,LOSS,7458.75,7458.75,2019-08-07 10:07:00,2019-08-07 10:07:00
2019-08-08,2019-08-08 10:00:00,7619.75,400.0,-400.0,WIN,LOSS,7644.75,7644.75,2019-08-08 10:31:00,2019-08-08 10:31:00
2019-08-09,2019-08-09 10:00:00,7676.25,-400.0,400.0,LOSS,WIN,7651.25,7651.25,2019-08-09 10:08:00,2019-08-09 10:08:00
2019-08-12,2019-08-12 10:00:00,7597.0,400.0,-400.0,WIN,LOSS,7622.0,7622.0,2019-08-12 10:23:00,2019-08-12 10:23:00
2019-08-13,2019-08-13 10:00:00,7762.5,-400.0,400.0,LOSS,WIN,7737.5,7737.5,2019-08-13 10:03:00,2019-08-13 10:03:00
2019-08-14,2019-08-14 10:00:00,7620.0,-400.0,400.0,LOSS,WIN,7595.0,7595.0,2019-08-14 10:03:00,2019-08-14 10:03:00
2019-08-15,2019-08-15 10:00:00,7516.5,-400.0,400.0,LOSS,WIN,7491.5,7491.5,2019-08-15 10:30:00,2019-08-15 10:30:00
2019-08-16,2019-08-16 10:00:00,7570.0,400.0,-400.0,WIN,LOSS,7595.0,7595.0,2019-08-16 10:21:00,2019-08-16 10:21:00
2019-08-19,2019-08-19 10:00:00,7720.5,-400.0,400.0,LOSS,WIN,7695.5,7695.5,2019-08-19 10:13:00,2019-08-19 10:13:00
2019-08-20,2019-08-20 10:00:00,7696.0,400.0,-400.0,WIN,LOSS,7721.0,7721.0,2019-08-20 10:56:00,2019-08-20 10:56:00
2019-08-21,2019-08-21 10:00:00,7757.25,-400.0,400.0,LOSS,WIN,7732.25,7732.25,2019-08-21 13:59:00,2019-08-21 13:59:00
2019-08-22,2019-08-22 10:00:00,7764.25,-400.0,400.0,LOSS,WIN,7739.25,7739.25,2019-08-22 10:11:00,2019-08-22 10:11:00
2019-08-23,2019-08-23 10:00:00,7654.75,400.0,-400.0,WIN,LOSS,7679.75,7679.75,2019-08-23 10:02:00,2019-08-23 10:02:00
2019-08-26,2019-08-26 10:00:00,7547.25,-400.0,400.0,LOSS,WIN,7522.25,7522.25,2019-08-26 10:12:00,2019-08-26 10:12:00
2019-08-27,2019-08-27 10:00:00,7629.5,-400.0,400.0,LOSS,WIN,7604.5,7604.5,2019-08-27 10:59:00,2019-08-27 10:59:00
2019-08-28,2019-08-28 10:00:00,7550.0,400.0,-400.0,WIN,LOSS,7575.0,7575.0,2019-08-28 10:42:00,2019-08-28 10:42:00
2019-08-29,2019-08-29 10:00:00,7715.75,-400.0,400.0,LOSS,WIN,7690.75,7690.75,2019-08-29 10:36:00,2019-08-29 10:36:00
2019-08-30,2019-08-30 10:00:00,7727.5,-400.0,400.0,LOSS,WIN,7702.5,7702.5,2019-08-30 10:21:00,2019-08-30 10:21:00
2019-09-03,2019-09-03 10:00:00,7667.75,-400.0,400.0,LOSS,WIN,7642.75,7642.75,2019-09-03 10:01:00,2019-09-03 10:01:00
2019-09-04,2019-09-04 10:00:00,7687.0,400.0,-400.0,WIN,LOSS,7712.0,7712.0,2019-09-04 12:49:00,2019-09-04 12:49:00
2019-09-05,2019-09-05 10:00:00,7843.5,400.0,-400.0,WIN,LOSS,7868.5,7868.5,2019-09-05 10:16:00,2019-09-05 10:16:00
2019-09-06,2019-09-06 10:00:00,7850.5,400.0,-400.0,WIN,LOSS,7875.5,7875.5,2019-09-06 10:50:00,2019-09-06 10:50:00
2019-09-09,2019-09-09 10:00:00,7852.0,400.0,-400.0,WIN,LOSS,7877.0,7877.0,2019-09-09 11:02:00,2019-09-09 11:02:00
2019-09-10,2019-09-10 10:00:00,7762.25,400.0,-400.0,WIN,LOSS,7787.25,7787.25,2019-09-10 10:37:00,2019-09-10 10:37:00
2019-09-11,2019-09-11 10:00:00,7847.5,400.0,-400.0,WIN,LOSS,7872.5,7872.5,2019-09-11 11:31:00,2019-09-11 11:31:00
2019-09-12,2019-09-12 10:00:00,7931.75,400.0,-400.0,WIN,LOSS,7956.75,7956.75,2019-09-12 10:10:00,2019-09-12 10:10:00
2019-09-13,2019-09-13 10:00:00,7907.0,-400.0,400.0,LOSS,WIN,7882.0,7882.0,2019-09-13 15:16:00,2019-09-13 15:16:00
2019-09-16,2019-09-16 10:00:00,7891.5,-400.0,400.0,LOSS,WIN,7866.5,7866.5,2019-09-16 10:54:00,2019-09-16 10:54:00
2019-09-17,2019-09-17 10:00:00,7879.25,400.0,-400.0,WIN,LOSS,7904.25,7904.25,2019-09-17 15:37:00,2019-09-17 15:37:00
2019-09-18,2019-09-18 10:00:00,7890.75,-400.0,400.0,LOSS,WIN,7865.75,7865.75,2019-09-18 13:26:00,2019-09-18 13:26:00
2019-09-19,2019-09-19 10:00:00,7953.75,-400.0,400.0,LOSS,WIN,7928.75,7928.75,2019-09-19 12:28:00,2019-09-19 12:28:00
2019-09-20,2019-09-20 10:00:00,7926.75,-400.0,400.0,LOSS,WIN,7901.75,7901.75,2019-09-20 11:30:00,2019-09-20 11:30:00
2019-09-23,2019-09-23 10:00:00,7835.5,-400.0,400.0,LOSS,WIN,7810.5,7810.5,2019-09-23 10:11:00,2019-09-23 10:11:00
2019-09-24,2019-09-24 10:00:00,7885.75,-400.0,400.0,LOSS,WIN,7860.75,7860.75,2019-09-24 10:15:00,2019-09-24 10:15:00
2019-09-25,2019-09-25 10:00:00,7697.75,-400.0,400.0,LOSS,WIN,7672.75,7672.75,2019-09-25 10:01:00,2019-09-25 10:01:00
2019-09-26,2019-09-26 10:00:00,7774.0,-400.0,400.0,LOSS,WIN,7749.0,7749.0,2019-09-26 11:02:00,2019-09-26 11:02:00
2019-09-27,2019-09-27 10:00:00,7761.25,400.0,-400.0,WIN,LOSS,7786.25,7786.25,2019-09-27 10:58:00,2019-09-27 10:58:00
2019-09-30,2019-09-30 10:00:00,7733.0,400.0,-400.0,WIN,LOSS,7758.0,7758.0,2019-09-30 12:01:00,2019-09-30 12:01:00
2019-10-01,2019-10-01 10:00:00,7834.5,-400.0,400.0,LOSS,WIN,7809.5,7809.5,2019-10-01 10:03:00,2019-10-01 10:03:00
2019-10-02,2019-10-02 10:00:00,7606.25,-400.0,400.0,LOSS,WIN,7581.25,7581.25,2019-10-02 10:32:00,2019-10-02 10:32:00
2019-10-03,2019-10-03 10:00:00,7572.0,-400.0,400.0,LOSS,WIN,7547.0,7547.0,2019-10-03 10:01:00,2019-10-03 10:01:00
2019-10-04,2019-10-04 10:00:00,7717.5,-400.0,400.0,LOSS,WIN,7692.5,7692.5,2019-10-04 10:46:00,2019-10-04 10:46:00
2019-10-07,2019-10-07 10:00:00,7739.5,400.0,-400.0,WIN,LOSS,7764.5,7764.5,2019-10-07 10:44:00,2019-10-07 10:44:00
2019-10-08,2019-10-08 10:00:00,7645.25,400.0,-400.0,WIN,LOSS,7670.25,7670.25,2019-10-08 11:16:00,2019-10-08 11:16:00
2019-10-09,2019-10-09 10:00:00,7672.75,400.0,-400.0,WIN,LOSS,7697.75,7697.75,2019-10-09 11:45:00,2019-10-09 11:45:00
2019-10-10,2019-10-10 10:00:00,7756.75,400.0,-400.0,WIN,LOSS,7781.75,7781.75,2019-10-10 11:10:00,2019-10-10 11:10:00
2019-10-11,2019-10-11 10:00:00,7873.25,400.0,-400.0,WIN,LOSS,7898.25,7898.25,2019-10-11 11:19:00,2019-10-11 11:19:00
2019-10-14,2019-10-14 10:00:00,7856.5,-104.0,104.0,TIME_EXIT,TIME_EXIT,7850.0,7850.0,2019-10-14 16:00:00,2019-10-14 16:00:00
2019-10-15,2019-10-15 10:00:00,7895.0,400.0,-400.0,WIN,LOSS,7920.0,7920.0,2019-10-15 10:27:00,2019-10-15 10:27:00
2019-10-16,2019-10-16 10:00:00,7920.5,400.0,-400.0,WIN,LOSS,7945.5,7945.5,2019-10-16 10:52:00,2019-10-16 10:52:00
2019-10-17,2019-10-17 10:00:00,7984.25,-400.0,400.0,LOSS,WIN,7959.25,7959.25,2019-10-17 10:28:00,2019-10-17 10:28:00
2019-10-18,2019-10-18 10:00:00,7950.0,-400.0,400.0,LOSS,WIN,7925.0,7925.0,2019-10-18 10:27:00,2019-10-18 10:27:00
2019-10-21,2019-10-21 10:00:00,7908.0,400.0,-400.0,WIN,LOSS,7933.0,7933.0,2019-10-21 11:05:00,2019-10-21 11:05:00
2019-10-22,2019-10-22 10:00:00,7970.25,-400.0,400.0,LOSS,WIN,7945.25,7945.25,2019-10-22 11:13:00,2019-10-22 11:13:00
2019-10-23,2019-10-23 10:00:00,7879.0,-400.0,400.0,LOSS,WIN,7854.0,7854.0,2019-10-23 10:40:00,2019-10-23 10:40:00
2019-10-24,2019-10-24 10:00:00,7931.5,400.0,-400.0,WIN,LOSS,7956.5,7956.5,2019-10-24 11:22:00,2019-10-24 11:22:00
2019-10-25,2019-10-25 10:00:00,7964.5,400.0,-400.0,WIN,LOSS,7989.5,7989.5,2019-10-25 10:22:00,2019-10-25 10:22:00
2019-10-28,2019-10-28 10:00:00,8092.25,400.0,-400.0,WIN,LOSS,8117.25,8117.25,2019-10-28 12:29:00,2019-10-28 12:29:00
2019-10-29,2019-10-29 10:00:00,8090.0,-400.0,400.0,LOSS,WIN,8065.0,8065.0,2019-10-29 11:36:00,2019-10-29 11:36:00
2019-10-30,2019-10-30 10:00:00,8051.5,-400.0,400.0,LOSS,WIN,8026.5,8026.5,2019-10-30 10:04:00,2019-10-30 10:04:00
2019-10-31,2019-10-31 10:00:00,8087.25,-400.0,400.0,LOSS,WIN,8062.25,8062.25,2019-10-31 10:23:00,2019-10-31 10:23:00
2019-11-01,2019-11-01 10:00:00,8139.25,-400.0,400.0,LOSS,WIN,8114.25,8114.25,2019-11-01 12:11:00,2019-11-01 12:11:00
2019-11-04,2019-11-04 10:00:00,8219.75,-76.0,76.0,TIME_EXIT,TIME_EXIT,8215.0,8215.0,2019-11-04 16:00:00,2019-11-04 16:00:00
2019-11-05,2019-11-05 10:00:00,8218.5,-400.0,400.0,LOSS,WIN,8193.5,8193.5,2019-11-05 10:12:00,2019-11-05 10:12:00
2019-11-06,2019-11-06 10:00:00,8199.5,-400.0,400.0,LOSS,WIN,8174.5,8174.5,2019-11-06 11:45:00,2019-11-06 11:45:00
2019-11-07,2019-11-07 10:00:00,8253.75,400.0,-400.0,WIN,LOSS,8278.75,8278.75,2019-11-07 11:59:00,2019-11-07 11:59:00
2019-11-08,2019-11-08 10:00:00,8206.5,400.0,-400.0,WIN,LOSS,8231.5,8231.5,2019-11-08 10:43:00,2019-11-08 10:43:00
2019-11-11,2019-11-11 10:00:00,8228.5,332.0,-332.0,TIME_EXIT,TIME_EXIT,8249.25,8249.25,2019-11-11 16:00:00,2019-11-11 16:00:00
2019-11-12,2019-11-12 10:00:00,8272.5,400.0,-400.0,WIN,LOSS,8297.5,8297.5,2019-11-12 11:20:00,2019-11-12 11:20:00
2019-11-13,2019-11-13 10:00:00,8254.75,400.0,-400.0,WIN,LOSS,8279.75,8279.75,2019-11-13 11:53:00,2019-11-13 11:53:00
2019-11-14,2019-11-14 10:00:00,8252.25,-400.0,400.0,LOSS,WIN,8227.25,8227.25,2019-11-14 11:44:00,2019-11-14 11:44:00
2019-11-15,2019-11-15 10:00:00,8289.75,400.0,-400.0,WIN,LOSS,8314.75,8314.75,2019-11-15 11:00:00,2019-11-15 11:00:00
2019-11-18,2019-11-18 10:00:00,8296.0,400.0,-400.0,WIN,LOSS,8321.0,8321.0,2019-11-18 11:35:00,2019-11-18 11:35:00
2019-11-19,2019-11-19 10:00:00,8340.75,-400.0,400.0,LOSS,WIN,8315.75,8315.75,2019-11-19 10:56:00,2019-11-19 10:56:00
2019-11-20,2019-11-20 10:00:00,8332.25,-400.0,400.0,LOSS,WIN,8307.25,8307.25,2019-11-20 12:55:00,2019-11-20 12:55:00
2019-11-21,2019-11-21 10:00:00,8273.25,-400.0,400.0,LOSS,WIN,8248.25,8248.25,2019-11-21 10:33:00,2019-11-21 10:33:00
2019-11-22,2019-11-22 10:00:00,8285.75,-400.0,400.0,LOSS,WIN,8260.75,8260.75,2019-11-22 10:30:00,2019-11-22 10:30:00
2019-11-25,2019-11-25 10:00:00,8351.0,400.0,-400.0,WIN,LOSS,8376.0,8376.0,2019-11-25 15:59:00,2019-11-25 15:59:00
2019-11-26,2019-11-26 10:00:00,8387.25,104.0,-104.0,TIME_EXIT,TIME_EXIT,8393.75,8393.75,2019-11-26 16:00:00,2019-11-26 16:00:00
2019-11-27,2019-11-27 10:00:00,8415.75,400.0,-400.0,WIN,LOSS,8440.75,8440.75,2019-11-27 12:07:00,2019-11-27 12:07:00
2019-12-02,2019-12-02 10:00:00,8341.25,-400.0,400.0,LOSS,WIN,8316.25,8316.25,2019-12-02 10:02:00,2019-12-02 10:02:00
2019-12-03,2019-12-03 10:00:00,8202.25,400.0,-400.0,WIN,LOSS,8227.25,8227.25,2019-12-03 13:27:00,2019-12-03 13:27:00
2019-12-04,2019-12-04 10:00:00,8312.0,-232.0,232.0,TIME_EXIT,TIME_EXIT,8297.5,8297.5,2019-12-04 16:00:00,2019-12-04 16:00:00
2019-12-05,2019-12-05 10:00:00,8306.5,-400.0,400.0,LOSS,WIN,8281.5,8281.5,2019-12-05 10:09:00,2019-12-05 10:09:00
2019-12-06,2019-12-06 10:00:00,8386.25,176.0,-176.0,TIME_EXIT,TIME_EXIT,8397.25,8397.25,2019-12-06 16:00:00,2019-12-06 16:00:00
2019-12-09,2019-12-09 10:00:00,8419.5,-400.0,400.0,LOSS,WIN,8394.5,8394.5,2019-12-09 11:25:00,2019-12-09 11:25:00
2019-12-10,2019-12-10 10:00:00,8363.0,400.0,-400.0,WIN,LOSS,8388.0,8388.0,2019-12-10 10:24:00,2019-12-10 10:24:00
2019-12-11,2019-12-11 10:00:00,8389.0,236.0,-236.0,TIME_EXIT,TIME_EXIT,8403.75,8403.75,2019-12-11 16:00:00,2019-12-11 16:00:00
2019-12-12,2019-12-12 10:00:00,8488.75,400.0,-400.0,WIN,LOSS,8513.75,8513.75,2019-12-12 10:05:00,2019-12-12 10:05:00
2019-12-13,2019-12-13 10:00:00,8505.0,400.0,-400.0,WIN,LOSS,8530.0,8530.0,2019-12-13 10:02:00,2019-12-13 10:02:00
2019-12-16,2019-12-16 10:00:00,8596.5,112.0,-112.0,TIME_EXIT,TIME_EXIT,8603.5,8603.5,2019-12-16 16:00:00,2019-12-16 16:00:00
2019-12-17,2019-12-17 10:00:00,8598.0,144.0,-144.0,TIME_EXIT,TIME_EXIT,8607.0,8607.0,2019-12-17 16:00:00,2019-12-17 16:00:00
2019-12-18,2019-12-18 10:00:00,8613.0,400.0,-400.0,WIN,LOSS,8638.0,8638.0,2019-12-18 11:17:00,2019-12-18 11:17:00
2019-12-19,2019-12-19 10:00:00,8630.75,400.0,-400.0,WIN,LOSS,8655.75,8655.75,2019-12-19 11:33:00,2019-12-19 11:33:00
2019-12-20,2019-12-20 10:00:00,8687.0,400.0,-400.0,WIN,LOSS,8712.0,8712.0,2019-12-20 12:43:00,2019-12-20 12:43:00
2019-12-23,2019-12-23 10:00:00,8726.5,-52.0,52.0,TIME_EXIT,TIME_EXIT,8723.25,8723.25,2019-12-23 16:00:00,2019-12-23 16:00:00
2019-12-26,2019-12-26 10:00:00,8756.75,400.0,-400.0,WIN,LOSS,8781.75,8781.75,2019-12-26 13:14:00,2019-12-26 13:14:00
2019-12-27,2019-12-27 10:00:00,8781.5,400.0,-400.0,WIN,LOSS,8806.5,8806.5,2019-12-27 10:22:00,2019-12-27 10:22:00
2019-12-30,2019-12-30 10:00:00,8714.5,400.0,-400.0,WIN,LOSS,8739.5,8739.5,2019-12-30 11:48:00,2019-12-30 11:48:00
2019-12-31,2019-12-31 10:00:00,8736.5,-400.0,400.0,LOSS,WIN,8711.5,8711.5,2019-12-31 10:45:00,2019-12-31 10:45:00
2020-01-02,2020-01-02 10:00:00,8848.0,-400.0,400.0,LOSS,WIN,8823.0,8823.0,2020-01-02 10:14:00,2020-01-02 10:14:00
2020-01-03,2020-01-03 10:00:00,8825.25,400.0,-400.0,WIN,LOSS,8850.25,8850.25,2020-01-03 12:05:00,2020-01-03 12:05:00
2020-01-06,2020-01-06 10:00:00,8797.25,400.0,-400.0,WIN,LOSS,8822.25,8822.25,2020-01-06 10:42:00,2020-01-06 10:42:00
2020-01-07,2020-01-07 10:00:00,8857.0,400.0,-400.0,WIN,LOSS,8882.0,8882.0,2020-01-07 11:02:00,2020-01-07 11:02:00
2020-01-08,2020-01-08 10:00:00,8890.5,-400.0,400.0,LOSS,WIN,8865.5,8865.5,2020-01-08 10:48:00,2020-01-08 10:48:00
2020-01-09,2020-01-09 10:00:00,9004.0,-400.0,400.0,LOSS,WIN,8979.0,8979.0,2020-01-09 12:27:00,2020-01-09 12:27:00
2020-01-10,2020-01-10 10:00:00,9030.0,-400.0,400.0,LOSS,WIN,9005.0,9005.0,2020-01-10 12:03:00,2020-01-10 12:03:00
2020-01-13,2020-01-13 10:00:00,9033.25,400.0,-400.0,WIN,LOSS,9058.25,9058.25,2020-01-13 11:59:00,2020-01-13 11:59:00
2020-01-14,2020-01-14 10:00:00,9041.0,400.0,-400.0,WIN,LOSS,9066.0,9066.0,2020-01-14 10:09:00,2020-01-14 10:09:00
2020-01-15,2020-01-15 10:00:00,9084.0,-400.0,400.0,LOSS,WIN,9059.0,9059.0,2020-01-15 13:00:00,2020-01-15 13:00:00
2020-01-16,2020-01-16 10:00:00,9109.5,-400.0,400.0,LOSS,WIN,9084.5,9084.5,2020-01-16 11:14:00,2020-01-16 11:14:00
2020-01-17,2020-01-17 10:00:00,9158.0,-400.0,400.0,LOSS,WIN,9133.0,9133.0,2020-01-17 11:14:00,2020-01-17 11:14:00
2020-01-21,2020-01-21 10:00:00,9169.75,400.0,-400.0,WIN,LOSS,9194.75,9194.75,2020-01-21 11:32:00,2020-01-21 11:32:00
2020-01-22,2020-01-22 10:00:00,9239.5,-400.0,400.0,LOSS,WIN,9214.5,9214.5,2020-01-22 15:06:00,2020-01-22 15:06:00
2020-01-23,2020-01-23 10:00:00,9189.25,400.0,-400.0,WIN,LOSS,9214.25,9214.25,2020-01-23 10:31:00,2020-01-23 10:31:00
2020-01-24,2020-01-24 10:00:00,9269.0,-400.0,400.0,LOSS,WIN,9244.0,9244.0,2020-01-24 10:20:00,2020-01-24 10:20:00
2020-01-27,2020-01-27 10:00:00,8983.75,-400.0,400.0,LOSS,WIN,8958.75,8958.75,2020-01-27 10:07:00,2020-01-27 10:07:00
2020-01-28,2020-01-28 10:00:00,9018.25,400.0,-400.0,WIN,LOSS,9043.25,9043.25,2020-01-28 10:24:00,2020-01-28 10:24:00
2020-01-29,2020-01-29 10:00:00,9105.5,-400.0,400.0,LOSS,WIN,9080.5,9080.5,2020-01-29 10:04:00,2020-01-29 10:04:00
2020-01-30,2020-01-30 10:00:00,9084.75,-400.0,400.0,LOSS,WIN,9059.75,9059.75,2020-01-30 10:39:00,2020-01-30 10:39:00
2020-01-31,2020-01-31 10:00:00,9128.5,-400.0,400.0,LOSS,WIN,9103.5,9103.5,2020-01-31 10:04:00,2020-01-31 10:04:00
2020-02-03,2020-02-03 10:00:00,9126.5,400.0,-400.0,WIN,LOSS,9151.5,9151.5,2020-02-03 10:26:00,2020-02-03 10:26:00
2020-02-04,2020-02-04 10:00:00,9266.0,400.0,-400.0,WIN,LOSS,9291.0,9291.0,2020-02-04 10:40:00,2020-02-04 10:40:00
2020-02-05,2020-02-05 10:00:00,9396.75,-400.0,400.0,LOSS,WIN,9371.75,9371.75,2020-02-05 10:13:00,2020-02-05 10:13:00
2020-02-06,2020-02-06 10:00:00,9414.0,400.0,-400.0,WIN,LOSS,9439.0,9439.0,2020-02-06 11:19:00,2020-02-06 11:19:00
2020-02-07,2020-02-07 10:00:00,9399.0,400.0,-400.0,WIN,LOSS,9424.0,9424.0,2020-02-07 10:30:00,2020-02-07 10:30:00
2020-02-10,2020-02-10 10:00:00,9447.75,400.0,-400.0,WIN,LOSS,9472.75,9472.75,2020-02-10 10:38:00,2020-02-10 10:38:00
2020-02-11,2020-02-11 10:00:00,9557.25,400.0,-400.0,WIN,LOSS,9582.25,9582.25,2020-02-11 10:08:00,2020-02-11 10:08:00
2020-02-12,2020-02-12 10:00:00,9582.25,400.0,-400.0,WIN,LOSS,9607.25,9607.25,2020-02-12 11:25:00,2020-02-12 11:25:00
2020-02-13,2020-02-13 10:00:00,9571.0,400.0,-400.0,WIN,LOSS,9596.0,9596.0,2020-02-13 10:45:00,2020-02-13 10:45:00
2020-02-14,2020-02-14 10:00:00,9609.75,400.0,-400.0,WIN,LOSS,9634.75,9634.75,2020-02-14 10:51:00,2020-02-14 10:51:00
2020-02-18,2020-02-18 10:00:00,9622.25,-400.0,400.0,LOSS,WIN,9597.25,9597.25,2020-02-18 10:29:00,2020-02-18 10:29:00
2020-02-19,2020-02-19 10:00:00,9711.0,400.0,-400.0,WIN,LOSS,9736.0,9736.0,2020-02-19 11:23:00,2020-02-19 11:23:00
2020-02-20,2020-02-20 10:00:00,9714.25,-400.0,400.0,LOSS,WIN,9689.25,9689.25,2020-02-20 11:04:00,2020-02-20 11:04:00
2020-02-21,2020-02-21 10:00:00,9513.0,-400.0,400.0,LOSS,WIN,9488.0,9488.0,2020-02-21 10:40:00,2020-02-21 10:40:00
2020-02-24,2020-02-24 10:00:00,9183.75,-400.0,400.0,LOSS,WIN,9158.75,9158.75,2020-02-24 10:21:00,2020-02-24 10:21:00
2020-02-25,2020-02-25 10:00:00,9130.0,-400.0,400.0,LOSS,WIN,9105.0,9105.0,2020-02-25 10:13:00,2020-02-25 10:13:00
2020-02-26,2020-02-26 10:00:00,8955.0,-400.0,400.0,LOSS,WIN,8930.0,8930.0,2020-02-26 10:06:00,2020-02-26 10:06:00
2020-02-27,2020-02-27 10:00:00,8670.25,-400.0,400.0,LOSS,WIN,8645.25,8645.25,2020-02-27 10:01:00,2020-02-27 10:01:00
2020-02-28,2020-02-28 10:00:00,8183.75,-400.0,400.0,LOSS,WIN,8158.75,8158.75,2020-02-28 10:02:00,2020-02-28 10:02:00
2020-03-02,2020-03-02 10:00:00,8514.25,-400.0,400.0,LOSS,WIN,8489.25,8489.25,2020-03-02 10:05:00,2020-03-02 10:05:00
2020-03-03,2020-03-03 10:00:00,8780.25,400.0,-400.0,WIN,LOSS,8805.25,8805.25,2020-03-03 10:01:00,2020-03-03 10:01:00
2020-03-04,2020-03-04 10:00:00,8694.75,400.0,-400.0,WIN,LOSS,8719.75,8719.75,2020-03-04 10:02:00,2020-03-04 10:02:00
2020-03-05,2020-03-05 10:00:00,8737.5,400.0,-400.0,WIN,LOSS,8762.5,8762.5,2020-03-05 10:13:00,2020-03-05 10:13:00
2020-03-06,2020-03-06 10:00:00,8417.75,400.0,-400.0,WIN,LOSS,8442.75,8442.75,2020-03-06 10:03:00,2020-03-06 10:03:00
2020-03-09,2020-03-09 10:00:00,8070.75,-400.0,400.0,LOSS,WIN,8045.75,8045.75,2020-03-09 10:04:00,2020-03-09 10:04:00
2020-03-10,2020-03-10 10:00:00,8187.75,400.0,-400.0,WIN,LOSS,8212.75,8212.75,2020-03-10 10:03:00,2020-03-10 10:03:00
2020-03-11,2020-03-11 10:00:00,8179.0,400.0,-400.0,WIN,LOSS,8204.0,8204.0,2020-03-11 10:06:00,2020-03-11 10:06:00
2020-03-12,2020-03-12 10:00:00,7564.0,-400.0,400.0,LOSS,WIN,7539.0,7539.0,2020-03-12 10:01:00,2020-03-12 10:01:00
2020-03-13,2020-03-13 10:00:00,7512.75,400.0,-400.0,WIN,LOSS,7537.75,7537.75,2020-03-13 10:01:00,2020-03-13 10:01:00
2020-03-16,2020-03-16 10:00:00,7242.5,400.0,-400.0,WIN,LOSS,7267.5,7267.5,2020-03-16 10:01:00,2020-03-16 10:01:00
2020-03-17,2020-03-17 10:00:00,6967.5,-400.0,400.0,LOSS,WIN,6942.5,6942.5,2020-03-17 10:01:00,2020-03-17 10:01:00
2020-03-18,2020-03-18 10:00:00,7217.25,400.0,-400.0,WIN,LOSS,7242.25,7242.25,2020-03-18 10:01:00,2020-03-18 10:01:00
2020-03-19,2020-03-19 10:00:00,7225.75,-400.0,400.0,LOSS,WIN,7200.75,7200.75,2020-03-19 10:01:00,2020-03-19 10:01:00
2020-03-20,2020-03-20 10:00:00,7353.5,400.0,-400.0,WIN,LOSS,7378.5,7378.5,2020-03-20 10:01:00,2020-03-20 10:01:00
2020-03-23,2020-03-23 10:00:00,7029.25,-400.0,400.0,LOSS,WIN,7004.25,7004.25,2020-03-23 10:01:00,2020-03-23 10:01:00
2020-03-24,2020-03-24 10:00:00,7335.75,400.0,-400.0,WIN,LOSS,7360.75,7360.75,2020-03-24 10:03:00,2020-03-24 10:03:00
2020-03-25,2020-03-25 10:00:00,7472.25,-400.0,400.0,LOSS,WIN,7447.25,7447.25,2020-03-25 10:02:00,2020-03-25 10:02:00
2020-03-26,2020-03-26 10:00:00,7627.75,400.0,-400.0,WIN,LOSS,7652.75,7652.75,2020-03-26 10:06:00,2020-03-26 10:06:00
2020-03-27,2020-03-27 10:00:00,7633.0,400.0,-400.0,WIN,LOSS,7658.0,7658.0,2020-03-27 10:10:00,2020-03-27 10:10:00
2020-03-30,2020-03-30 10:00:00,7688.25,400.0,-400.0,WIN,LOSS,7713.25,7713.25,2020-03-30 10:03:00,2020-03-30 10:03:00
2020-03-31,2020-03-31 10:00:00,7823.0,400.0,-400.0,WIN,LOSS,7848.0,7848.0,2020-03-31 10:02:00,2020-03-31 10:02:00
2020-04-01,2020-04-01 10:00:00,7582.25,400.0,-400.0,WIN,LOSS,7607.25,7607.25,2020-04-01 10:08:00,2020-04-01 10:08:00
2020-04-02,2020-04-02 10:00:00,7469.75,400.0,-400.0,WIN,LOSS,7494.75,7494.75,2020-04-02 10:08:00,2020-04-02 10:08:00
2020-04-03,2020-04-03 10:00:00,7621.5,400.0,-400.0,WIN,LOSS,7646.5,7646.5,2020-04-03 10:08:00,2020-04-03 10:08:00
2020-04-06,2020-04-06 10:00:00,7851.25,400.0,-400.0,WIN,LOSS,7876.25,7876.25,2020-04-06 10:38:00,2020-04-06 10:38:00
2020-04-07,2020-04-07 10:00:00,8261.25,-400.0,400.0,LOSS,WIN,8236.25,8236.25,2020-04-07 10:03:00,2020-04-07 10:03:00
2020-04-08,2020-04-08 10:00:00,8071.75,-400.0,400.0,LOSS,WIN,8046.75,8046.75,2020-04-08 10:07:00,2020-04-08 10:07:00
2020-04-09,2020-04-09 10:00:00,8308.5,-400.0,400.0,LOSS,WIN,8283.5,8283.5,2020-04-09 10:04:00,2020-04-09 10:04:00
2020-04-13,2020-04-13 10:00:00,8169.75,400.0,-400.0,WIN,LOSS,8194.75,8194.75,2020-04-13 10:02:00,2020-04-13 10:02:00
2020-04-14,2020-04-14 10:00:00,8589.75,-400.0,400.0,LOSS,WIN,8564.75,8564.75,2020-04-14 11:07:00,2020-04-14 11:07:00
2020-04-15,2020-04-15 10:00:00,8519.25,400.0,-400.0,WIN,LOSS,8544.25,8544.25,2020-04-15 10:31:00,2020-04-15 10:31:00
2020-04-16,2020-04-16 10:00:00,8643.0,-400.0,400.0,LOSS,WIN,8618.0,8618.0,2020-04-16 10:03:00,2020-04-16 10:03:00
2020-04-17,2020-04-17 10:00:00,8823.0,-400.0,400.0,LOSS,WIN,8798.0,8798.0,2020-04-17 10:15:00,2020-04-17 10:15:00
2020-04-20,2020-04-20 10:00:00,8740.75,400.0,-400.0,WIN,LOSS,8765.75,8765.75,2020-04-20 10:11:00,2020-04-20 10:11:00
2020-04-21,2020-04-21 10:00:00,8583.75,-400.0,400.0,LOSS,WIN,8558.75,8558.75,2020-04-21 10:01:00,2020-04-21 10:01:00
2020-04-22,2020-04-22 10:00:00,8574.25,-400.0,400.0,LOSS,WIN,8549.25,8549.25,2020-04-22 10:08:00,2020-04-22 10:08:00
2020-04-23,2020-04-23 10:00:00,8722.75,400.0,-400.0,WIN,LOSS,8747.75,8747.75,2020-04-23 10:19:00,2020-04-23 10:19:00
2020-04-24,2020-04-24 10:00:00,8588.5,400.0,-400.0,WIN,LOSS,8613.5,8613.5,2020-04-24 10:06:00,2020-04-24 10:06:00
2020-04-27,2020-04-27 10:00:00,8865.25,-400.0,400.0,LOSS,WIN,8840.25,8840.25,2020-04-27 10:28:00,2020-04-27 10:28:00
2020-04-28,2020-04-28 10:00:00,8829.75,-400.0,400.0,LOSS,WIN,8804.75,8804.75,2020-04-28 10:18:00,2020-04-28 10:18:00
2020-04-29,2020-04-29 10:00:00,8894.0,-400.0,400.0,LOSS,WIN,8869.0,8869.0,2020-04-29 10:10:00,2020-04-29 10:10:00
2020-04-30,2020-04-30 10:00:00,8996.75,-400.0,400.0,LOSS,WIN,8971.75,8971.75,2020-04-30 10:23:00,2020-04-30 10:23:00
2020-05-01,2020-05-01 10:00:00,8828.75,400.0,-400.0,WIN,LOSS,8853.75,8853.75,2020-05-01 10:01:00,2020-05-01 10:01:00
2020-05-04,2020-05-04 10:00:00,8718.25,400.0,-400.0,WIN,LOSS,8743.25,8743.25,2020-05-04 10:03:00,2020-05-04 10:03:00
2020-05-05,2020-05-05 10:00:00,8956.75,400.0,-400.0,WIN,LOSS,8981.75,8981.75,2020-05-05 11:46:00,2020-05-05 11:46:00
2020-05-06,2020-05-06 10:00:00,8987.25,-400.0,400.0,LOSS,WIN,8962.25,8962.25,2020-05-06 10:05:00,2020-05-06 10:05:00
2020-05-07,2020-05-07 10:00:00,9084.0,-400.0,400.0,LOSS,WIN,9059.0,9059.0,2020-05-07 10:07:00,2020-05-07 10:07:00
2020-05-08,2020-05-08 10:00:00,9142.75,400.0,-400.0,WIN,LOSS,9167.75,9167.75,2020-05-08 10:16:00,2020-05-08 10:16:00
2020-05-11,2020-05-11 10:00:00,9204.5,400.0,-400.0,WIN,LOSS,9229.5,9229.5,2020-05-11 10:03:00,2020-05-11 10:03:00
2020-05-12,2020-05-12 10:00:00,9269.75,400.0,-400.0,WIN,LOSS,9294.75,9294.75,2020-05-12 10:25:00,2020-05-12 10:25:00
2020-05-13,2020-05-13 10:00:00,9113.0,400.0,-400.0,WIN,LOSS,9138.0,9138.0,2020-05-13 10:02:00,2020-05-13 10:02:00
2020-05-14,2020-05-14 10:00:00,8872.25,400.0,-400.0,WIN,LOSS,8897.25,8897.25,2020-05-14 10:06:00,2020-05-14 10:06:00
2020-05-15,2020-05-15 10:00:00,9015.25,400.0,-400.0,WIN,LOSS,9040.25,9040.25,2020-05-15 10:10:00,2020-05-15 10:10:00
2020-05-18,2020-05-18 10:00:00,9261.0,400.0,-400.0,WIN,LOSS,9286.0,9286.0,2020-05-18 10:18:00,2020-05-18 10:18:00
2020-05-19,2020-05-19 10:00:00,9371.5,400.0,-400.0,WIN,LOSS,9396.5,9396.5,2020-05-19 10:13:00,2020-05-19 10:13:00
2020-05-20,2020-05-20 10:00:00,9461.0,400.0,-400.0,WIN,LOSS,9486.0,9486.0,2020-05-20 11:26:00,2020-05-20 11:26:00
2020-05-21,2020-05-21 10:00:00,9475.25,-400.0,400.0,LOSS,WIN,9450.25,9450.25,2020-05-21 10:04:00,2020-05-21 10:04:00
2020-05-22,2020-05-22 10:00:00,9394.0,-400.0,400.0,LOSS,WIN,9369.0,9369.0,2020-05-22 10:06:00,2020-05-22 10:06:00
2020-05-26,2020-05-26 10:00:00,9497.25,400.0,-400.0,WIN,LOSS,9522.25,9522.25,2020-05-26 10:24:00,2020-05-26 10:24:00
2020-05-27,2020-05-27 10:00:00,9287.5,-400.0,400.0,LOSS,WIN,9262.5,9262.5,2020-05-27 10:01:00,2020-05-27 10:01:00
2020-05-28,2020-05-28 10:00:00,9430.25,400.0,-400.0,WIN,LOSS,9455.25,9455.25,2020-05-28 10:07:00,2020-05-28 10:07:00
2020-05-29,2020-05-29 10:00:00,9458.0,-400.0,400.0,LOSS,WIN,9433.0,9433.0,2020-05-29 10:07:00,2020-05-29 10:07:00
2020-06-01,2020-06-01 10:00:00,9550.75,400.0,-400.0,WIN,LOSS,9575.75,9575.75,2020-06-01 10:06:00,2020-06-01 10:06:00
2020-06-02,2020-06-02 10:00:00,9583.5,400.0,-400.0,WIN,LOSS,9608.5,9608.5,2020-06-02 10:20:00,2020-06-02 10:20:00
2020-06-03,2020-06-03 10:00:00,9697.0,-400.0,400.0,LOSS,WIN,9672.0,9672.0,2020-06-03 10:12:00,2020-06-03 10:12:00
2020-06-04,2020-06-04 10:00:00,9724.25,-400.0,400.0,LOSS,WIN,9699.25,9699.25,2020-06-04 11:03:00,2020-06-04 11:03:00
2020-06-05,2020-06-05 10:00:00,9756.75,400.0,-400.0,WIN,LOSS,9781.75,9781.75,2020-06-05 10:38:00,2020-06-05 10:38:00
2020-06-08,2020-06-08 10:00:00,9785.25,-400.0,400.0,LOSS,WIN,9760.25,9760.25,2020-06-08 10:03:00,2020-06-08 10:03:00
2020-06-09,2020-06-09 10:00:00,9896.0,400.0,-400.0,WIN,LOSS,9921.0,9921.0,2020-06-09 10:41:00,2020-06-09 10:41:00
2020-06-10,2020-06-10 10:00:00,10058.0,-400.0,400.0,LOSS,WIN,10033.0,10033.0,2020-06-10 10:20:00,2020-06-10 10:20:00
2020-06-11,2020-06-11 10:00:00,9934.75,400.0,-400.0,WIN,LOSS,9959.75,9959.75,2020-06-11 10:13:00,2020-06-11 10:13:00
2020-06-12,2020-06-12 10:00:00,9811.5,-400.0,400.0,LOSS,WIN,9786.5,9786.5,2020-06-12 10:13:00,2020-06-12 10:13:00
2020-06-15,2020-06-15 10:00:00,9584.0,400.0,-400.0,WIN,LOSS,9609.0,9609.0,2020-06-15 10:06:00,2020-06-15 10:06:00
2020-06-16,2020-06-16 10:00:00,9975.5,400.0,-400.0,WIN,LOSS,10000.5,10000.5,2020-06-16 10:18:00,2020-06-16 10:18:00
2020-06-17,2020-06-17 10:00:00,9982.0,-400.0,400.0,LOSS,WIN,9957.0,9957.0,2020-06-17 10:18:00,2020-06-17 10:18:00
2020-06-18,2020-06-18 10:00:00,9964.25,400.0,-400.0,WIN,LOSS,9989.25,9989.25,2020-06-18 10:09:00,2020-06-18 10:09:00
2020-06-19,2020-06-19 10:00:00,10087.25,-400.0,400.0,LOSS,WIN,10062.25,10062.25,2020-06-19 11:20:00,2020-06-19 11:20:00
2020-06-22,2020-06-22 10:00:00,10021.25,400.0,-400.0,WIN,LOSS,10046.25,10046.25,2020-06-22 10:13:00,2020-06-22 10:13:00
2020-06-23,2020-06-23 10:00:00,10184.0,400.0,-400.0,WIN,LOSS,10209.0,10209.0,2020-06-23 10:19:00,2020-06-23 10:19:00
2020-06-24,2020-06-24 10:00:00,10096.25,-400.0,400.0,LOSS,WIN,10071.25,10071.25,2020-06-24 10:04:00,2020-06-24 10:04:00
2020-06-25,2020-06-25 10:00:00,9946.25,400.0,-400.0,WIN,LOSS,9971.25,9971.25,2020-06-25 10:10:00,2020-06-25 10:10:00
2020-06-26,2020-06-26 10:00:00,10019.0,-400.0,400.0,LOSS,WIN,9994.0,9994.0,2020-06-26 10:01:00,2020-06-26 10:01:00
2020-06-29,2020-06-29 10:00:00,9792.0,400.0,-400.0,WIN,LOSS,9817.0,9817.0,2020-06-29 10:02:00,2020-06-29 10:02:00
2020-06-30,2020-06-30 10:00:00,10023.5,400.0,-400.0,WIN,LOSS,10048.5,10048.5,2020-06-30 10:41:00,2020-06-30 10:41:00
2020-07-01,2020-07-01 10:00:00,10149.75,400.0,-400.0,WIN,LOSS,10174.75,10174.75,2020-07-01 10:06:00,2020-07-01 10:06:00
2020-07-02,2020-07-02 10:00:00,10413.25,-400.0,400.0,LOSS,WIN,10388.25,10388.25,2020-07-02 10:27:00,2020-07-02 10:27:00
2020-07-06,2020-07-06 10:00:00,10519.5,400.0,-400.0,WIN,LOSS,10544.5,10544.5,2020-07-06 10:32:00,2020-07-06 10:32:00
2020-07-07,2020-07-07 10:00:00,10607.5,400.0,-400.0,WIN,LOSS,10632.5,10632.5,2020-07-07 10:11:00,2020-07-07 10:11:00
2020-07-08,2020-07-08 10:00:00,10627.5,-400.0,400.0,LOSS,WIN,10602.5,10602.5,2020-07-08 10:29:00,2020-07-08 10:29:00
2020-07-09,2020-07-09 10:00:00,10731.25,-400.0,400.0,LOSS,WIN,10706.25,10706.25,2020-07-09 10:15:00,2020-07-09 10:15:00
2020-07-10,2020-07-10 10:00:00,10674.25,-400.0,400.0,LOSS,WIN,10649.25,10649.25,2020-07-10 10:01:00,2020-07-10 10:01:00
2020-07-13,2020-07-13 10:00:00,10965.0,400.0,-400.0,WIN,LOSS,10990.0,10990.0,2020-07-13 10:12:00,2020-07-13 10:12:00
2020-07-14,2020-07-14 10:00:00,10473.0,-400.0,400.0,LOSS,WIN,10448.0,10448.0,2020-07-14 10:01:00,2020-07-14 10:01:00
2020-07-15,2020-07-15 10:00:00,10707.5,400.0,-400.0,WIN,LOSS,10732.5,10732.5,2020-07-15 10:22:00,2020-07-15 10:22:00
2020-07-16,2020-07-16 10:00:00,10555.25,-400.0,400.0,LOSS,WIN,10530.25,10530.25,2020-07-16 10:01:00,2020-07-16 10:01:00
2020-07-17,2020-07-17 10:00:00,10604.0,-400.0,400.0,LOSS,WIN,10579.0,10579.0,2020-07-17 10:03:00,2020-07-17 10:03:00
2020-07-20,2020-07-20 10:00:00,10682.5,400.0,-400.0,WIN,LOSS,10707.5,10707.5,2020-07-20 10:05:00,2020-07-20 10:05:00
2020-07-21,2020-07-21 10:00:00,10943.5,-400.0,400.0,LOSS,WIN,10918.5,10918.5,2020-07-21 10:09:00,2020-07-21 10:09:00
2020-07-22,2020-07-22 10:00:00,10876.5,-400.0,400.0,LOSS,WIN,10851.5,10851.5,2020-07-22 10:29:00,2020-07-22 10:29:00
2020-07-23,2020-07-23 10:00:00,10843.5,-400.0,400.0,LOSS,WIN,10818.5,10818.5,2020-07-23 10:07:00,2020-07-23 10:07:00
2020-07-24,2020-07-24 10:00:00,10382.0,400.0,-400.0,WIN,LOSS,10407.0,10407.0,2020-07-24 10:05:00,2020-07-24 10:05:00
2020-07-27,2020-07-27 10:00:00,10620.0,-400.0,400.0,LOSS,WIN,10595.0,10595.0,2020-07-27 10:08:00,2020-07-27 10:08:00
2020-07-28,2020-07-28 10:00:00,10587.75,400.0,-400.0,WIN,LOSS,10612.75,10612.75,2020-07-28 10:16:00,2020-07-28 10:16:00
2020-07-29,2020-07-29 10:00:00,10599.75,400.0,-400.0,WIN,LOSS,10624.75,10624.75,2020-07-29 10:03:00,2020-07-29 10:03:00
2020-07-30,2020-07-30 10:00:00,10543.75,400.0,-400.0,WIN,LOSS,10568.75,10568.75,2020-07-30 10:08:00,2020-07-30 10:08:00
2020-07-31,2020-07-31 10:00:00,10824.75,-400.0,400.0,LOSS,WIN,10799.75,10799.75,2020-07-31 10:01:00,2020-07-31 10:01:00
2020-08-03,2020-08-03 10:00:00,11032.25,400.0,-400.0,WIN,LOSS,11057.25,11057.25,2020-08-03 10:01:00,2020-08-03 10:01:00
2020-08-04,2020-08-04 10:00:00,11060.0,-400.0,400.0,LOSS,WIN,11035.0,11035.0,2020-08-04 11:07:00,2020-08-04 11:07:00
2020-08-05,2020-08-05 10:00:00,11109.25,-400.0,400.0,LOSS,WIN,11084.25,11084.25,2020-08-05 15:49:00,2020-08-05 15:49:00
2020-08-06,2020-08-06 10:00:00,11117.75,400.0,-400.0,WIN,LOSS,11142.75,11142.75,2020-08-06 10:23:00,2020-08-06 10:23:00
2020-08-07,2020-08-07 10:00:00,11247.75,-400.0,400.0,LOSS,WIN,11222.75,11222.75,2020-08-07 10:05:00,2020-08-07 10:05:00
2020-08-10,2020-08-10 10:00:00,11081.25,-400.0,400.0,LOSS,WIN,11056.25,11056.25,2020-08-10 10:05:00,2020-08-10 10:05:00
2020-08-11,2020-08-11 10:00:00,11007.25,-400.0,400.0,LOSS,WIN,10982.25,10982.25,2020-08-11 10:02:00,2020-08-11 10:02:00
2020-08-12,2020-08-12 10:00:00,11061.5,400.0,-400.0,WIN,LOSS,11086.5,11086.5,2020-08-12 10:25:00,2020-08-12 10:25:00
2020-08-13,2020-08-13 10:00:00,11215.0,-400.0,400.0,LOSS,WIN,11190.0,11190.0,2020-08-13 10:15:00,2020-08-13 10:15:00
2020-08-14,2020-08-14 10:00:00,11173.0,-400.0,400.0,LOSS,WIN,11148.0,11148.0,2020-08-14 10:06:00,2020-08-14 10:06:00
2020-08-17,2020-08-17 10:00:00,11264.0,-400.0,400.0,LOSS,WIN,11239.0,11239.0,2020-08-17 10:20:00,2020-08-17 10:20:00
2020-08-18,2020-08-18 10:00:00,11341.75,-400.0,400.0,LOSS,WIN,11316.75,11316.75,2020-08-18 10:08:00,2020-08-18 10:08:00
2020-08-19,2020-08-19 10:00:00,11352.75,400.0,-400.0,WIN,LOSS,11377.75,11377.75,2020-08-19 10:11:00,2020-08-19 10:11:00
2020-08-20,2020-08-20 10:00:00,11368.5,400.0,-400.0,WIN,LOSS,11393.5,11393.5,2020-08-20 10:55:00,2020-08-20 10:55:00
2020-08-21,2020-08-21 10:00:00,11495.5,-400.0,400.0,LOSS,WIN,11470.5,11470.5,2020-08-21 10:05:00,2020-08-21 10:05:00
2020-08-24,2020-08-24 10:00:00,11656.0,-400.0,400.0,LOSS,WIN,11631.0,11631.0,2020-08-24 10:01:00,2020-08-24 10:01:00
2020-08-25,2020-08-25 10:00:00,11620.75,-400.0,400.0,LOSS,WIN,11595.75,11595.75,2020-08-25 10:07:00,2020-08-25 10:07:00
2020-08-26,2020-08-26 10:00:00,11786.25,400.0,-400.0,WIN,LOSS,11811.25,11811.25,2020-08-26 10:30:00,2020-08-26 10:30:00
2020-08-27,2020-08-27 10:00:00,11977.25,-400.0,400.0,LOSS,WIN,11952.25,11952.25,2020-08-27 10:01:00,2020-08-27 10:01:00
2020-08-28,2020-08-28 10:00:00,12006.0,-400.0,400.0,LOSS,WIN,11981.0,11981.0,2020-08-28 10:09:00,2020-08-28 10:09:00
2020-08-31,2020-08-31 10:00:00,12035.25,400.0,-400.0,WIN,LOSS,12060.25,12060.25,2020-08-31 10:20:00,2020-08-31 10:20:00
2020-09-01,2020-09-01 10:00:00,12199.0,400.0,-400.0,WIN,LOSS,12224.0,12224.0,2020-09-01 10:01:00,2020-09-01 10:01:00
2020-09-02,2020-09-02 10:00:00,12251.5,400.0,-400.0,WIN,LOSS,12276.5,12276.5,2020-09-02 10:01:00,2020-09-02 10:01:00
2020-09-03,2020-09-03 10:00:00,12176.0,400.0,-400.0,WIN,LOSS,12201.0,12201.0,2020-09-03 10:01:00,2020-09-03 10:01:00
2020-09-04,2020-09-04 10:00:00,11541.5,400.0,-400.0,WIN,LOSS,11566.5,11566.5,2020-09-04 10:01:00,2020-09-04 10:01:00
2020-09-08,2020-09-08 10:00:00,11293.25,-400.0,400.0,LOSS,WIN,11268.25,11268.25,2020-09-08 10:01:00,2020-09-08 10:01:00
2020-09-09,2020-09-09 10:00:00,11259.75,400.0,-400.0,WIN,LOSS,11284.75,11284.75,2020-09-09 10:01:00,2020-09-09 10:01:00
2020-09-10,2020-09-10 10:00:00,11504.25,400.0,-400.0,WIN,LOSS,11529.25,11529.25,2020-09-10 10:01:00,2020-09-10 10:01:00
2020-09-11,2020-09-11 10:00:00,11139.25,400.0,-400.0,WIN,LOSS,11164.25,11164.25,2020-09-11 10:04:00,2020-09-11 10:04:00
2020-09-14,2020-09-14 10:00:00,11285.5,400.0,-400.0,WIN,LOSS,11310.5,11310.5,2020-09-14 10:06:00,2020-09-14 10:06:00
2020-09-15,2020-09-15 10:00:00,11467.75,-400.0,400.0,LOSS,WIN,11442.75,11442.75,2020-09-15 10:06:00,2020-09-15 10:06:00
2020-09-16,2020-09-16 10:00:00,11445.75,-400.0,400.0,LOSS,WIN,11420.75,11420.75,2020-09-16 10:15:00,2020-09-16 10:15:00
2020-09-17,2020-09-17 10:00:00,11063.25,400.0,-400.0,WIN,LOSS,11088.25,11088.25,2020-09-17 10:06:00,2020-09-17 10:06:00
2020-09-18,2020-09-18 10:00:00,11058.0,400.0,-400.0,WIN,LOSS,11083.0,11083.0,2020-09-18 10:03:00,2020-09-18 10:03:00
2020-09-21,2020-09-21 10:00:00,10805.25,-400.0,400.0,LOSS,WIN,10780.25,10780.25,2020-09-21 10:02:00,2020-09-21 10:02:00
2020-09-22,2020-09-22 10:00:00,11006.0,400.0,-400.0,WIN,LOSS,11031.0,11031.0,2020-09-22 10:10:00,2020-09-22 10:10:00
2020-09-23,2020-09-23 10:00:00,11081.5,-400.0,400.0,LOSS,WIN,11056.5,11056.5,2020-09-23 10:08:00,2020-09-23 10:08:00
2020-09-24,2020-09-24 10:00:00,10835.0,400.0,-400.0,WIN,LOSS,10860.0,10860.0,2020-09-24 10:01:00,2020-09-24 10:01:00
2020-09-25,2020-09-25 10:00:00,10903.75,-400.0,400.0,LOSS,WIN,10878.75,10878.75,2020-09-25 10:08:00,2020-09-25 10:08:00
2020-09-28,2020-09-28 10:00:00,11273.5,-400.0,400.0,LOSS,WIN,11248.5,11248.5,2020-09-28 10:07:00,2020-09-28 10:07:00
2020-09-29,2020-09-29 10:00:00,11346.5,400.0,-400.0,WIN,LOSS,11371.5,11371.5,2020-09-29 10:08:00,2020-09-29 10:08:00
2020-09-30,2020-09-30 10:00:00,11417.75,400.0,-400.0,WIN,LOSS,11442.75,11442.75,2020-09-30 10:12:00,2020-09-30 10:12:00
2020-10-01,2020-10-01 10:00:00,11522.75,-400.0,400.0,LOSS,WIN,11497.75,11497.75,2020-10-01 10:11:00,2020-10-01 10:11:00
2020-10-02,2020-10-02 10:00:00,11407.75,400.0,-400.0,WIN,LOSS,11432.75,11432.75,2020-10-02 10:01:00,2020-10-02 10:01:00
2020-10-05,2020-10-05 10:00:00,11366.0,400.0,-400.0,WIN,LOSS,11391.0,11391.0,2020-10-05 10:03:00,2020-10-05 10:03:00
2020-10-06,2020-10-06 10:00:00,11447.0,400.0,-400.0,WIN,LOSS,11472.0,11472.0,2020-10-06 10:02:00,2020-10-06 10:02:00
2020-10-07,2020-10-07 10:00:00,11410.5,-400.0,400.0,LOSS,WIN,11385.5,11385.5,2020-10-07 10:11:00,2020-10-07 10:11:00
2020-10-08,2020-10-08 10:00:00,11542.5,-400.0,400.0,LOSS,WIN,11517.5,11517.5,2020-10-08 10:03:00,2020-10-08 10:03:00
2020-10-09,2020-10-09 10:00:00,11632.5,400.0,-400.0,WIN,LOSS,11657.5,11657.5,2020-10-09 10:49:00,2020-10-09 10:49:00
2020-10-12,2020-10-12 10:00:00,11887.5,400.0,-400.0,WIN,LOSS,11912.5,11912.5,2020-10-12 10:17:00,2020-10-12 10:17:00
2020-10-13,2020-10-13 10:00:00,12093.0,-400.0,400.0,LOSS,WIN,12068.0,12068.0,2020-10-13 10:05:00,2020-10-13 10:05:00
2020-10-14,2020-10-14 10:00:00,12132.0,-400.0,400.0,LOSS,WIN,12107.0,12107.0,2020-10-14 10:03:00,2020-10-14 10:03:00
2020-10-15,2020-10-15 10:00:00,11871.75,-400.0,400.0,LOSS,WIN,11846.75,11846.75,2020-10-15 10:01:00,2020-10-15 10:01:00
2020-10-16,2020-10-16 10:00:00,11961.5,400.0,-400.0,WIN,LOSS,11986.5,11986.5,2020-10-16 10:03:00,2020-10-16 10:03:00
2020-10-19,2020-10-19 10:00:00,11874.0,-400.0,400.0,LOSS,WIN,11849.0,11849.0,2020-10-19 10:02:00,2020-10-19 10:02:00
2020-10-20,2020-10-20 10:00:00,11703.5,400.0,-400.0,WIN,LOSS,11728.5,11728.5,2020-10-20 10:07:00,2020-10-20 10:07:00
2020-10-21,2020-10-21 10:00:00,11773.5,-400.0,400.0,LOSS,WIN,11748.5,11748.5,2020-10-21 10:04:00,2020-10-21 10:04:00
2020-10-22,2020-10-22 10:00:00,11675.0,-400.0,400.0,LOSS,WIN,11650.0,11650.0,2020-10-22 10:04:00,2020-10-22 10:04:00
2020-10-23,2020-10-23 10:00:00,11614.5,-400.0,400.0,LOSS,WIN,11589.5,11589.5,2020-10-23 10:01:00,2020-10-23 10:01:00
2020-10-26,2020-10-26 10:00:00,11667.75,400.0,-400.0,WIN,LOSS,11692.75,11692.75,2020-10-26 10:03:00,2020-10-26 10:03:00
2020-10-27,2020-10-27 10:00:00,11551.75,-400.0,400.0,LOSS,WIN,11526.75,11526.75,2020-10-27 10:05:00,2020-10-27 10:05:00
2020-10-28,2020-10-28 10:00:00,11303.25,-400.0,400.0,LOSS,WIN,11278.25,11278.25,2020-10-28 10:02:00,2020-10-28 10:02:00
2020-10-29,2020-10-29 10:00:00,11261.25,400.0,-400.0,WIN,LOSS,11286.25,11286.25,2020-10-29 10:04:00,2020-10-29 10:04:00
2020-10-30,2020-10-30 10:00:00,11165.5,-400.0,400.0,LOSS,WIN,11140.5,11140.5,2020-10-30 10:01:00,2020-10-30 10:01:00
2020-11-02,2020-11-02 10:00:00,11176.5,-400.0,400.0,LOSS,WIN,11151.5,11151.5,2020-11-02 10:06:00,2020-11-02 10:06:00
2020-11-03,2020-11-03 10:00:00,11199.0,400.0,-400.0,WIN,LOSS,11224.0,11224.0,2020-11-03 10:03:00,2020-11-03 10:03:00
2020-11-04,2020-11-04 10:00:00,11644.0,400.0,-400.0,WIN,LOSS,11669.0,11669.0,2020-11-04 10:04:00,2020-11-04 10:04:00
2020-11-05,2020-11-05 10:00:00,12065.5,400.0,-400.0,WIN,LOSS,12090.5,12090.5,2020-11-05 10:01:00,2020-11-05 10:01:00
2020-11-06,2020-11-06 10:00:00,11898.75,400.0,-400.0,WIN,LOSS,11923.75,11923.75,2020-11-06 10:06:00,2020-11-06 10:06:00
2020-11-09,2020-11-09 10:00:00,12112.0,400.0,-400.0,WIN,LOSS,12137.0,12137.0,2020-11-09 10:01:00,2020-11-09 10:01:00
2020-11-10,2020-11-10 10:00:00,11650.5,-400.0,400.0,LOSS,WIN,11625.5,11625.5,2020-11-10 10:01:00,2020-11-10 10:01:00
2020-11-11,2020-11-11 10:00:00,11786.25,400.0,-400.0,WIN,LOSS,11811.25,11811.25,2020-11-11 10:01:00,2020-11-11 10:01:00
2020-11-12,2020-11-12 10:00:00,11926.0,400.0,-400.0,WIN,LOSS,11951.0,11951.0,2020-11-12 10:13:00,2020-11-12 10:13:00
2020-11-13,2020-11-13 10:00:00,11882.0,-400.0,400.0,LOSS,WIN,11857.0,11857.0,2020-11-13 10:05:00,2020-11-13 10:05:00
2020-11-16,2020-11-16 10:00:00,11965.75,400.0,-400.0,WIN,LOSS,11990.75,11990.75,2020-11-16 10:22:00,2020-11-16 10:22:00
2020-11-17,2020-11-17 10:00:00,11963.5,400.0,-400.0,WIN,LOSS,11988.5,11988.5,2020-11-17 10:01:00,2020-11-17 10:01:00
2020-11-18,2020-11-18 10:00:00,11928.0,400.0,-400.0,WIN,LOSS,11953.0,11953.0,2020-11-18 10:20:00,2020-11-18 10:20:00
2020-11-19,2020-11-19 10:00:00,11918.5,-400.0,400.0,LOSS,WIN,11893.5,11893.5,2020-11-19 10:14:00,2020-11-19 10:14:00
2020-11-20,2020-11-20 10:00:00,11965.0,400.0,-400.0,WIN,LOSS,11990.0,11990.0,2020-11-20 10:28:00,2020-11-20 10:28:00
2020-11-23,2020-11-23 10:00:00,11973.0,-400.0,400.0,LOSS,WIN,11948.0,11948.0,2020-11-23 10:06:00,2020-11-23 10:06:00
2020-11-24,2020-11-24 10:00:00,11922.5,400.0,-400.0,WIN,LOSS,11947.5,11947.5,2020-11-24 10:40:00,2020-11-24 10:40:00
2020-11-25,2020-11-25 10:00:00,12125.0,-400.0,400.0,LOSS,WIN,12100.0,12100.0,2020-11-25 10:04:00,2020-11-25 10:04:00
2020-11-30,2020-11-30 10:00:00,12253.25,-400.0,400.0,LOSS,WIN,12228.25,12228.25,2020-11-30 10:18:00,2020-11-30 10:18:00
2020-12-01,2020-12-01 10:00:00,12390.25,400.0,-400.0,WIN,LOSS,12415.25,12415.25,2020-12-01 10:03:00,2020-12-01 10:03:00
2020-12-02,2020-12-02 10:00:00,12375.25,400.0,-400.0,WIN,LOSS,12400.25,12400.25,2020-12-02 10:12:00,2020-12-02 10:12:00
2020-12-03,2020-12-03 10:00:00,12495.0,400.0,-400.0,WIN,LOSS,12520.0,12520.0,2020-12-03 10:07:00,2020-12-03 10:07:00
2020-12-04,2020-12-04 10:00:00,12506.5,-400.0,400.0,LOSS,WIN,12481.5,12481.5,2020-12-04 10:28:00,2020-12-04 10:28:00
2020-12-07,2020-12-07 10:00:00,12584.5,400.0,-400.0,WIN,LOSS,12609.5,12609.5,2020-12-07 11:10:00,2020-12-07 11:10:00
2020-12-08,2020-12-08 10:00:00,12551.5,-400.0,400.0,LOSS,WIN,12526.5,12526.5,2020-12-08 10:18:00,2020-12-08 10:18:00
2020-12-09,2020-12-09 10:00:00,12636.25,-400.0,400.0,LOSS,WIN,12611.25,12611.25,2020-12-09 10:04:00,2020-12-09 10:04:00
2020-12-10,2020-12-10 10:00:00,12375.0,400.0,-400.0,WIN,LOSS,12400.0,12400.0,2020-12-10 10:11:00,2020-12-10 10:11:00
2020-12-11,2020-12-11 10:00:00,12316.5,400.0,-400.0,WIN,LOSS,12341.5,12341.5,2020-12-11 10:11:00,2020-12-11 10:11:00
2020-12-14,2020-12-14 10:00:00,12517.5,400.0,-400.0,WIN,LOSS,12542.5,12542.5,2020-12-14 11:18:00,2020-12-14 11:18:00
2020-12-15,2020-12-15 10:00:00,12566.0,-400.0,400.0,LOSS,WIN,12541.0,12541.0,2020-12-15 10:38:00,2020-12-15 10:38:00
2020-12-16,2020-12-16 10:00:00,12601.5,-400.0,400.0,LOSS,WIN,12576.5,12576.5,2020-12-16 10:22:00,2020-12-16 10:22:00
2020-12-17,2020-12-17 10:00:00,12740.25,-400.0,400.0,LOSS,WIN,12715.25,12715.25,2020-12-17 10:07:00,2020-12-17 10:07:00
2020-12-18,2020-12-18 10:00:00,12725.25,-400.0,400.0,LOSS,WIN,12700.25,12700.25,2020-12-18 10:04:00,2020-12-18 10:04:00
2020-12-21,2020-12-21 10:00:00,12582.25,-400.0,400.0,LOSS,WIN,12557.25,12557.25,2020-12-21 10:03:00,2020-12-21 10:03:00
2020-12-22,2020-12-22 10:00:00,12749.5,-400.0,400.0,LOSS,WIN,12724.5,12724.5,2020-12-22 10:01:00,2020-12-22 10:01:00
2020-12-23,2020-12-23 10:00:00,12689.5,400.0,-400.0,WIN,LOSS,12714.5,12714.5,2020-12-23 13:06:00,2020-12-23 13:06:00
2020-12-28,2020-12-28 10:00:00,12797.75,-400.0,400.0,LOSS,WIN,12772.75,12772.75,2020-12-28 10:06:00,2020-12-28 10:06:00
2020-12-29,2020-12-29 10:00:00,12859.75,-400.0,400.0,LOSS,WIN,12834.75,12834.75,2020-12-29 10:12:00,2020-12-29 10:12:00
2020-12-30,2020-12-30 10:00:00,12865.0,-400.0,400.0,LOSS,WIN,12840.0,12840.0,2020-12-30 10:15:00,2020-12-30 10:15:00
2020-12-31,2020-12-31 10:00:00,12834.25,-400.0,400.0,LOSS,WIN,12809.25,12809.25,2020-12-31 11:56:00,2020-12-31 11:56:00
2021-01-04,2021-01-04 10:00:00,12880.0,-400.0,400.0,LOSS,WIN,12855.0,12855.0,2021-01-04 10:11:00,2021-01-04 10:11:00
2021-01-05,2021-01-05 10:00:00,12750.75,400.0,-400.0,WIN,LOSS,12775.75,12775.75,2021-01-05 10:05:00,2021-01-05 10:05:00
2021-01-06,2021-01-06 10:00:00,12634.75,400.0,-400.0,WIN,LOSS,12659.75,12659.75,2021-01-06 10:09:00,2021-01-06 10:09:00
2021-01-07,2021-01-07 10:00:00,12838.25,400.0,-400.0,WIN,LOSS,12863.25,12863.25,2021-01-07 10:04:00,2021-01-07 10:04:00
2021-01-08,2021-01-08 10:00:00,13018.75,400.0,-400.0,WIN,LOSS,13043.75,13043.75,2021-01-08 10:02:00,2021-01-08 10:02:00
2021-01-11,2021-01-11 10:00:00,12959.5,400.0,-400.0,WIN,LOSS,12984.5,12984.5,2021-01-11 10:07:00,2021-01-11 10:07:00
2021-01-12,2021-01-12 10:00:00,12890.5,-400.0,400.0,LOSS,WIN,12865.5,12865.5,2021-01-12 10:01:00,2021-01-12 10:01:00
2021-01-13,2021-01-13 10:00:00,12913.5,-400.0,400.0,LOSS,WIN,12888.5,12888.5,2021-01-13 10:02:00,2021-01-13 10:02:00
2021-01-14,2021-01-14 10:00:00,12993.25,400.0,-400.0,WIN,LOSS,13018.25,13018.25,2021-01-14 10:41:00,2021-01-14 10:41:00
2021-01-15,2021-01-15 10:00:00,12901.0,-400.0,400.0,LOSS,WIN,12876.0,12876.0,2021-01-15 10:03:00,2021-01-15 10:03:00
2021-01-19,2021-01-19 10:00:00,12884.5,-400.0,400.0,LOSS,WIN,12859.5,12859.5,2021-01-19 10:02:00,2021-01-19 10:02:00
2021-01-20,2021-01-20 10:00:00,13164.25,400.0,-400.0,WIN,LOSS,13189.25,13189.25,2021-01-20 10:06:00,2021-01-20 10:06:00
2021-01-21,2021-01-21 10:00:00,13317.0,400.0,-400.0,WIN,LOSS,13342.0,13342.0,2021-01-21 10:10:00,2021-01-21 10:10:00
2021-01-22,2021-01-22 10:00:00,13383.0,-400.0,400.0,LOSS,WIN,13358.0,13358.0,2021-01-22 10:26:00,2021-01-22 10:26:00
2021-01-25,2021-01-25 10:00:00,13538.75,-400.0,400.0,LOSS,WIN,13513.75,13513.75,2021-01-25 10:27:00,2021-01-25 10:27:00
2021-01-26,2021-01-26 10:00:00,13478.0,400.0,-400.0,WIN,LOSS,13503.0,13503.0,2021-01-26 10:05:00,2021-01-26 10:05:00
2021-01-27,2021-01-27 10:00:00,13281.0,400.0,-400.0,WIN,LOSS,13306.0,13306.0,2021-01-27 10:02:00,2021-01-27 10:02:00
2021-01-28,2021-01-28 10:00:00,13189.0,400.0,-400.0,WIN,LOSS,13214.0,13214.0,2021-01-28 10:01:00,2021-01-28 10:01:00
2021-01-29,2021-01-29 10:00:00,13084.0,-400.0,400.0,LOSS,WIN,13059.0,13059.0,2021-01-29 10:05:00,2021-01-29 10:05:00
2021-02-01,2021-02-01 10:00:00,13019.25,-400.0,400.0,LOSS,WIN,12994.25,12994.25,2021-02-01 10:09:00,2021-02-01 10:09:00
2021-02-02,2021-02-02 10:00:00,13381.5,400.0,-400.0,WIN,LOSS,13406.5,13406.5,2021-02-02 10:17:00,2021-02-02 10:17:00
2021-02-03,2021-02-03 10:00:00,13527.25,-400.0,400.0,LOSS,WIN,13502.25,13502.25,2021-02-03 10:01:00,2021-02-03 10:01:00
2021-02-04,2021-02-04 10:00:00,13436.75,-400.0,400.0,LOSS,WIN,13411.75,13411.75,2021-02-04 10:02:00,2021-02-04 10:02:00
2021-02-05,2021-02-05 10:00:00,13539.0,400.0,-400.0,WIN,LOSS,13564.0,13564.0,2021-02-05 10:13:00,2021-02-05 10:13:00
2021-02-08,2021-02-08 10:00:00,13663.25,400.0,-400.0,WIN,LOSS,13688.25,13688.25,2021-02-08 10:08:00,2021-02-08 10:08:00
2021-02-09,2021-02-09 10:00:00,13703.75,400.0,-400.0,WIN,LOSS,13728.75,13728.75,2021-02-09 10:33:00,2021-02-09 10:33:00
2021-02-10,2021-02-10 10:00:00,13735.5,-400.0,400.0,LOSS,WIN,13710.5,13710.5,2021-02-10 10:13:00,2021-02-10 10:13:00
2021-02-11,2021-02-11 10:00:00,13687.25,400.0,-400.0,WIN,LOSS,13712.25,13712.25,2021-02-11 10:15:00,2021-02-11 10:15:00
2021-02-12,2021-02-12 10:00:00,13693.25,-400.0,400.0,LOSS,WIN,13668.25,13668.25,2021-02-12 10:33:00,2021-02-12 10:33:00
2021-02-16,2021-02-16 10:00:00,13853.0,-400.0,400.0,LOSS,WIN,13828.0,13828.0,2021-02-16 10:14:00,2021-02-16 10:14:00
2021-02-17,2021-02-17 10:00:00,13671.25,-400.0,400.0,LOSS,WIN,13646.25,13646.25,2021-02-17 10:05:00,2021-02-17 10:05:00
2021-02-18,2021-02-18 10:00:00,13567.5,-400.0,400.0,LOSS,WIN,13542.5,13542.5,2021-02-18 10:05:00,2021-02-18 10:05:00
2021-02-19,2021-02-19 10:00:00,13672.0,-400.0,400.0,LOSS,WIN,13647.0,13647.0,2021-02-19 10:11:00,2021-02-19 10:11:00
2021-02-22,2021-02-22 10:00:00,13427.75,-400.0,400.0,LOSS,WIN,13402.75,13402.75,2021-02-22 10:08:00,2021-02-22 10:08:00
2021-02-23,2021-02-23 10:00:00,12885.0,400.0,-400.0,WIN,LOSS,12910.0,12910.0,2021-02-23 10:01:00,2021-02-23 10:01:00
2021-02-24,2021-02-24 10:00:00,13032.0,-400.0,400.0,LOSS,WIN,13007.0,13007.0,2021-02-24 10:01:00,2021-02-24 10:01:00
2021-02-25,2021-02-25 10:00:00,13220.0,-400.0,400.0,LOSS,WIN,13195.0,13195.0,2021-02-25 10:02:00,2021-02-25 10:02:00
2021-02-26,2021-02-26 10:00:00,12877.25,-400.0,400.0,LOSS,WIN,12852.25,12852.25,2021-02-26 10:01:00,2021-02-26 10:01:00
2021-03-01,2021-03-01 10:00:00,13100.0,-400.0,400.0,LOSS,WIN,13075.0,13075.0,2021-03-01 10:06:00,2021-03-01 10:06:00
2021-03-02,2021-03-02 10:00:00,13218.75,400.0,-400.0,WIN,LOSS,13243.75,13243.75,2021-03-02 10:07:00,2021-03-02 10:07:00
2021-03-03,2021-03-03 10:00:00,12904.5,-400.0,400.0,LOSS,WIN,12879.5,12879.5,2021-03-03 10:11:00,2021-03-03 10:11:00
2021-03-04,2021-03-04 10:00:00,12589.25,400.0,-400.0,WIN,LOSS,12614.25,12614.25,2021-03-04 10:02:00,2021-03-04 10:02:00
2021-03-05,2021-03-05 10:00:00,12423.25,-400.0,400.0,LOSS,WIN,12398.25,12398.25,2021-03-05 10:01:00,2021-03-05 10:01:00
2021-03-08,2021-03-08 10:00:00,12578.5,-400.0,400.0,LOSS,WIN,12553.5,12553.5,2021-03-08 10:03:00,2021-03-08 10:03:00
2021-03-09,2021-03-09 10:00:00,12704.75,400.0,-400.0,WIN,LOSS,12729.75,12729.75,2021-03-09 10:02:00,2021-03-09 10:02:00
2021-03-10,2021-03-10 10:00:00,12911.25,400.0,-400.0,WIN,LOSS,12936.25,12936.25,2021-03-10 10:04:00,2021-03-10 10:04:00
2021-03-11,2021-03-11 10:00:00,12965.25,400.0,-400.0,WIN,LOSS,12990.25,12990.25,2021-03-11 10:01:00,2021-03-11 10:01:00
2021-03-12,2021-03-12 10:00:00,12889.5,-400.0,400.0,LOSS,WIN,12864.5,12864.5,2021-03-12 10:01:00,2021-03-12 10:01:00
2021-03-15,2021-03-15 10:00:00,12960.75,400.0,-400.0,WIN,LOSS,12985.75,12985.75,2021-03-15 10:03:00,2021-03-15 10:03:00
2021-03-16,2021-03-16 10:00:00,13224.75,400.0,-400.0,WIN,LOSS,13249.75,13249.75,2021-03-16 10:22:00,2021-03-16 10:22:00
2021-03-17,2021-03-17 10:00:00,13035.0,-400.0,400.0,LOSS,WIN,13010.0,13010.0,2021-03-17 10:06:00,2021-03-17 10:06:00
2021-03-18,2021-03-18 10:00:00,12995.0,-400.0,400.0,LOSS,WIN,12970.0,12970.0,2021-03-18 10:01:00,2021-03-18 10:01:00
2021-03-19,2021-03-19 10:00:00,12774.25,-400.0,400.0,LOSS,WIN,12749.25,12749.25,2021-03-19 10:01:00,2021-03-19 10:01:00
2021-03-22,2021-03-22 10:00:00,13008.25,-400.0,400.0,LOSS,WIN,12983.25,12983.25,2021-03-22 10:13:00,2021-03-22 10:13:00
2021-03-23,2021-03-23 10:00:00,13078.0,400.0,-400.0,WIN,LOSS,13103.0,13103.0,2021-03-23 10:02:00,2021-03-23 10:02:00
2021-03-24,2021-03-24 10:00:00,12956.25,400.0,-400.0,WIN,LOSS,12981.25,12981.25,2021-03-24 10:06:00,2021-03-24 10:06:00
2021-03-25,2021-03-25 10:00:00,12789.0,400.0,-400.0,WIN,LOSS,12814.0,12814.0,2021-03-25 10:02:00,2021-03-25 10:02:00
2021-03-26,2021-03-26 10:00:00,12808.0,400.0,-400.0,WIN,LOSS,12833.0,12833.0,2021-03-26 10:02:00,2021-03-26 10:02:00
2021-03-29,2021-03-29 10:00:00,12854.75,-400.0,400.0,LOSS,WIN,12829.75,12829.75,2021-03-29 10:03:00,2021-03-29 10:03:00
2021-03-30,2021-03-30 10:00:00,12830.75,-400.0,400.0,LOSS,WIN,12805.75,12805.75,2021-03-30 10:18:00,2021-03-30 10:18:00
2021-03-31,2021-03-31 10:00:00,13052.0,400.0,-400.0,WIN,LOSS,13077.0,13077.0,2021-03-31 10:02:00,2021-03-31 10:02:00
2021-04-01,2021-04-01 10:00:00,13292.0,-400.0,400.0,LOSS,WIN,13267.0,13267.0,2021-04-01 10:04:00,2021-04-01 10:04:00
2021-04-05,2021-04-05 10:00:00,13476.0,400.0,-400.0,WIN,LOSS,13501.0,13501.0,2021-04-05 10:15:00,2021-04-05 10:15:00
2021-04-06,2021-04-06 10:00:00,13596.75,-400.0,400.0,LOSS,WIN,13571.75,13571.75,2021-04-06 10:33:00,2021-04-06 10:33:00
2021-04-07,2021-04-07 10:00:00,13575.75,400.0,-400.0,WIN,LOSS,13600.75,13600.75,2021-04-07 10:11:00,2021-04-07 10:11:00
2021-04-08,2021-04-08 10:00:00,13749.75,-400.0,400.0,LOSS,WIN,13724.75,13724.75,2021-04-08 10:05:00,2021-04-08 10:05:00
2021-04-09,2021-04-09 10:00:00,13720.5,400.0,-400.0,WIN,LOSS,13745.5,13745.5,2021-04-09 10:12:00,2021-04-09 10:12:00
2021-04-12,2021-04-12 10:00:00,13767.5,400.0,-400.0,WIN,LOSS,13792.5,13792.5,2021-04-12 10:08:00,2021-04-12 10:08:00
2021-04-13,2021-04-13 10:00:00,13941.5,-400.0,400.0,LOSS,WIN,13916.5,13916.5,2021-04-13 10:19:00,2021-04-13 10:19:00
2021-04-14,2021-04-14 10:00:00,13974.25,-400.0,400.0,LOSS,WIN,13949.25,13949.25,2021-04-14 10:01:00,2021-04-14 10:01:00
2021-04-15,2021-04-15 10:00:00,13955.75,400.0,-400.0,WIN,LOSS,13980.75,13980.75,2021-04-15 10:15:00,2021-04-15 10:15:00
2021-04-16,2021-04-16 10:00:00,13964.0,400.0,-400.0,WIN,LOSS,13989.0,13989.0,2021-04-16 10:04:00,2021-04-16 10:04:00
2021-04-19,2021-04-19 10:00:00,13995.5,-400.0,400.0,LOSS,WIN,13970.5,13970.5,2021-04-19 10:03:00,2021-04-19 10:03:00
2021-04-20,2021-04-20 10:00:00,13904.5,-400.0,400.0,LOSS,WIN,13879.5,13879.5,2021-04-20 10:04:00,2021-04-20 10:04:00
2021-04-21,2021-04-21 10:00:00,13802.0,-400.0,400.0,LOSS,WIN,13777.0,13777.0,2021-04-21 10:05:00,2021-04-21 10:05:00
2021-04-22,2021-04-22 10:00:00,13881.5,400.0,-400.0,WIN,LOSS,13906.5,13906.5,2021-04-22 10:25:00,2021-04-22 10:25:00
2021-04-23,2021-04-23 10:00:00,13828.5,400.0,-400.0,WIN,LOSS,13853.5,13853.5,2021-04-23 10:33:00,2021-04-23 10:33:00
2021-04-26,2021-04-26 10:00:00,13932.75,400.0,-400.0,WIN,LOSS,13957.75,13957.75,2021-04-26 10:12:00,2021-04-26 10:12:00
2021-04-27,2021-04-27 10:00:00,13955.75,-400.0,400.0,LOSS,WIN,13930.75,13930.75,2021-04-27 10:01:00,2021-04-27 10:01:00
2021-04-28,2021-04-28 10:00:00,13972.25,-400.0,400.0,LOSS,WIN,13947.25,13947.25,2021-04-28 10:29:00,2021-04-28 10:29:00
2021-04-29,2021-04-29 10:00:00,13966.0,-400.0,400.0,LOSS,WIN,13941.0,13941.0,2021-04-29 10:10:00,2021-04-29 10:10:00
2021-04-30,2021-04-30 10:00:00,13907.25,-400.0,400.0,LOSS,WIN,13882.25,13882.25,2021-04-30 10:06:00,2021-04-30 10:06:00
2021-05-03,2021-05-03 10:00:00,13874.0,400.0,-400.0,WIN,LOSS,13899.0,13899.0,2021-05-03 10:06:00,2021-05-03 10:06:00
2021-05-04,2021-05-04 10:00:00,13543.5,-400.0,400.0,LOSS,WIN,13518.5,13518.5,2021-05-04 10:01:00,2021-05-04 10:01:00
2021-05-05,2021-05-05 10:00:00,13596.5,-400.0,400.0,LOSS,WIN,13571.5,13571.5,2021-05-05 10:02:00,2021-05-05 10:02:00
2021-05-06,2021-05-06 10:00:00,13427.5,-400.0,400.0,LOSS,WIN,13402.5,13402.5,2021-05-06 10:18:00,2021-05-06 10:18:00
2021-05-07,2021-05-07 10:00:00,13723.5,400.0,-400.0,WIN,LOSS,13748.5,13748.5,2021-05-07 10:06:00,2021-05-07 10:06:00
2021-05-10,2021-05-10 10:00:00,13536.25,-400.0,400.0,LOSS,WIN,13511.25,13511.25,2021-05-10 10:01:00,2021-05-10 10:01:00
2021-05-11,2021-05-11 10:00:00,13271.0,-400.0,400.0,LOSS,WIN,13246.0,13246.0,2021-05-11 10:01:00,2021-05-11 10:01:00
2021-05-12,2021-05-12 10:00:00,13157.5,-400.0,400.0,LOSS,WIN,13132.5,13132.5,2021-05-12 10:01:00,2021-05-12 10:01:00
2021-05-13,2021-05-13 10:00:00,13158.75,400.0,-400.0,WIN,LOSS,13183.75,13183.75,2021-05-13 10:01:00,2021-05-13 10:01:00
2021-05-14,2021-05-14 10:00:00,13267.25,-400.0,400.0,LOSS,WIN,13242.25,13242.25,2021-05-14 10:06:00,2021-05-14 10:06:00
2021-05-17,2021-05-17 10:00:00,13285.0,-400.0,400.0,LOSS,WIN,13260.0,13260.0,2021-05-17 10:01:00,2021-05-17 10:01:00
2021-05-18,2021-05-18 10:00:00,13327.5,400.0,-400.0,WIN,LOSS,13352.5,13352.5,2021-05-18 10:15:00,2021-05-18 10:15:00
2021-05-19,2021-05-19 10:00:00,13042.0,-400.0,400.0,LOSS,WIN,13017.0,13017.0,2021-05-19 10:02:00,2021-05-19 10:02:00
2021-05-20,2021-05-20 10:00:00,13384.5,400.0,-400.0,WIN,LOSS,13409.5,13409.5,2021-05-20 10:02:00,2021-05-20 10:02:00
2021-05-21,2021-05-21 10:00:00,13543.0,-400.0,400.0,LOSS,WIN,13518.0,13518.0,2021-05-21 10:07:00,2021-05-21 10:07:00
2021-05-24,2021-05-24 10:00:00,13579.25,400.0,-400.0,WIN,LOSS,13604.25,13604.25,2021-05-24 10:12:00,2021-05-24 10:12:00
2021-05-25,2021-05-25 10:00:00,13651.5,400.0,-400.0,WIN,LOSS,13676.5,13676.5,2021-05-25 10:07:00,2021-05-25 10:07:00
2021-05-26,2021-05-26 10:00:00,13670.75,400.0,-400.0,WIN,LOSS,13695.75,13695.75,2021-05-26 10:29:00,2021-05-26 10:29:00
2021-05-27,2021-05-27 10:00:00,13655.5,400.0,-400.0,WIN,LOSS,13680.5,13680.5,2021-05-27 10:09:00,2021-05-27 10:09:00
2021-05-28,2021-05-28 10:00:00,13722.25,-400.0,400.0,LOSS,WIN,13697.25,13697.25,2021-05-28 10:28:00,2021-05-28 10:28:00
2021-06-01,2021-06-01 10:00:00,13722.5,-400.0,400.0,LOSS,WIN,13697.5,13697.5,2021-06-01 10:05:00,2021-06-01 10:05:00
2021-06-02,2021-06-02 10:00:00,13679.0,400.0,-400.0,WIN,LOSS,13704.0,13704.0,2021-06-02 10:31:00,2021-06-02 10:31:00
2021-06-03,2021-06-03 10:00:00,13497.0,400.0,-400.0,WIN,LOSS,13522.0,13522.0,2021-06-03 10:09:00,2021-06-03 10:09:00
2021-06-04,2021-06-04 10:00:00,13698.75,400.0,-400.0,WIN,LOSS,13723.75,13723.75,2021-06-04 10:02:00,2021-06-04 10:02:00
2021-06-07,2021-06-07 10:00:00,13754.75,-400.0,400.0,LOSS,WIN,13729.75,13729.75,2021-06-07 10:11:00,2021-06-07 10:11:00
2021-06-08,2021-06-08 10:00:00,13839.5,-400.0,400.0,LOSS,WIN,13814.5,13814.5,2021-06-08 10:31:00,2021-06-08 10:31:00
2021-06-09,2021-06-09 10:00:00,13872.5,-400.0,400.0,LOSS,WIN,13847.5,13847.5,2021-06-09 10:08:00,2021-06-09 10:08:00
2021-06-10,2021-06-10 10:00:00,13944.25,-400.0,400.0,LOSS,WIN,13919.25,13919.25,2021-06-10 10:36:00,2021-06-10 10:36:00
2021-06-11,2021-06-11 10:00:00,13967.75,-400.0,400.0,LOSS,WIN,13942.75,13942.75,2021-06-11 10:46:00,2021-06-11 10:46:00
2021-06-14,2021-06-14 10:00:00,14021.25,-400.0,400.0,LOSS,WIN,13996.25,13996.25,2021-06-14 10:02:00,2021-06-14 10:02:00
2021-06-15,2021-06-15 10:00:00,14097.5,-400.0,400.0,LOSS,WIN,14072.5,14072.5,2021-06-15 10:07:00,2021-06-15 10:07:00
2021-06-16,2021-06-16 10:00:00,14079.75,-400.0,400.0,LOSS,WIN,14054.75,14054.75,2021-06-16 10:42:00,2021-06-16 10:42:00
2021-06-17,2021-06-17 10:00:00,14025.0,400.0,-400.0,WIN,LOSS,14050.0,14050.0,2021-06-17 10:17:00,2021-06-17 10:17:00
2021-06-18,2021-06-18 10:00:00,14097.25,-400.0,400.0,LOSS,WIN,14072.25,14072.25,2021-06-18 10:04:00,2021-06-18 10:04:00
2021-06-21,2021-06-21 10:00:00,14057.25,-400.0,400.0,LOSS,WIN,14032.25,14032.25,2021-06-21 10:13:00,2021-06-21 10:13:00
2021-06-22,2021-06-22 10:00:00,14143.0,400.0,-400.0,WIN,LOSS,14168.0,14168.0,2021-06-22 10:06:00,2021-06-22 10:06:00
2021-06-23,2021-06-23 10:00:00,14305.25,-400.0,400.0,LOSS,WIN,14280.25,14280.25,2021-06-23 10:37:00,2021-06-23 10:37:00
2021-06-24,2021-06-24 10:00:00,14376.75,400.0,-400.0,WIN,LOSS,14401.75,14401.75,2021-06-24 10:29:00,2021-06-24 10:29:00
2021-06-25,2021-06-25 10:00:00,14341.25,-400.0,400.0,LOSS,WIN,14316.25,14316.25,2021-06-25 10:12:00,2021-06-25 10:12:00
2021-06-28,2021-06-28 10:00:00,14451.75,400.0,-400.0,WIN,LOSS,14476.75,14476.75,2021-06-28 10:12:00,2021-06-28 10:12:00
2021-06-29,2021-06-29 10:00:00,14514.0,-400.0,400.0,LOSS,WIN,14489.0,14489.0,2021-06-29 10:14:00,2021-06-29 10:14:00
2021-06-30,2021-06-30 10:00:00,14535.25,400.0,-400.0,WIN,LOSS,14560.25,14560.25,2021-06-30 10:30:00,2021-06-30 10:30:00
2021-07-01,2021-07-01 10:00:00,14542.5,-400.0,400.0,LOSS,WIN,14517.5,14517.5,2021-07-01 10:19:00,2021-07-01 10:19:00
2021-07-02,2021-07-02 10:00:00,14653.25,-400.0,400.0,LOSS,WIN,14628.25,14628.25,2021-07-02 10:31:00,2021-07-02 10:31:00
2021-07-06,2021-07-06 10:00:00,14753.25,400.0,-400.0,WIN,LOSS,14778.25,14778.25,2021-07-06 10:07:00,2021-07-06 10:07:00
2021-07-07,2021-07-07 10:00:00,14836.0,-400.0,400.0,LOSS,WIN,14811.0,14811.0,2021-07-07 10:03:00,2021-07-07 10:03:00
2021-07-08,2021-07-08 10:00:00,14637.75,-400.0,400.0,LOSS,WIN,14612.75,14612.75,2021-07-08 10:02:00,2021-07-08 10:02:00
2021-07-09,2021-07-09 10:00:00,14712.25,400.0,-400.0,WIN,LOSS,14737.25,14737.25,2021-07-09 10:44:00,2021-07-09 10:44:00
2021-07-12,2021-07-12 10:00:00,14829.0,-400.0,400.0,LOSS,WIN,14804.0,14804.0,2021-07-12 10:05:00,2021-07-12 10:05:00
2021-07-13,2021-07-13 10:00:00,14914.0,400.0,-400.0,WIN,LOSS,14939.0,14939.0,2021-07-13 10:01:00,2021-07-13 10:01:00
2021-07-14,2021-07-14 10:00:00,14945.25,400.0,-400.0,WIN,LOSS,14970.25,14970.25,2021-07-14 10:01:00,2021-07-14 10:01:00
2021-07-15,2021-07-15 10:00:00,14892.5,-400.0,400.0,LOSS,WIN,14867.5,14867.5,2021-07-15 10:04:00,2021-07-15 10:04:00
2021-07-16,2021-07-16 10:00:00,14816.75,-400.0,400.0,LOSS,WIN,14791.75,14791.75,2021-07-16 10:08:00,2021-07-16 10:08:00
2021-07-19,2021-07-19 10:00:00,14483.5,-400.0,400.0,LOSS,WIN,14458.5,14458.5,2021-07-19 10:01:00,2021-07-19 10:01:00
2021-07-20,2021-07-20 10:00:00,14585.75,-400.0,400.0,LOSS,WIN,14560.75,14560.75,2021-07-20 10:04:00,2021-07-20 10:04:00
2021-07-21,2021-07-21 10:00:00,14755.75,-400.0,400.0,LOSS,WIN,14730.75,14730.75,2021-07-21 10:14:00,2021-07-21 10:14:00
2021-07-22,2021-07-22 10:00:00,14878.25,400.0,-400.0,WIN,LOSS,14903.25,14903.25,2021-07-22 10:28:00,2021-07-22 10:28:00
2021-07-23,2021-07-23 10:00:00,14976.5,400.0,-400.0,WIN,LOSS,15001.5,15001.5,2021-07-23 10:18:00,2021-07-23 10:18:00
2021-07-26,2021-07-26 10:00:00,15099.25,400.0,-400.0,WIN,LOSS,15124.25,15124.25,2021-07-26 11:56:00,2021-07-26 11:56:00
2021-07-27,2021-07-27 10:00:00,15042.75,-400.0,400.0,LOSS,WIN,15017.75,15017.75,2021-07-27 10:05:00,2021-07-27 10:05:00
2021-07-28,2021-07-28 10:00:00,14978.5,400.0,-400.0,WIN,LOSS,15003.5,15003.5,2021-07-28 10:07:00,2021-07-28 10:07:00
2021-07-29,2021-07-29 10:00:00,15054.5,-400.0,400.0,LOSS,WIN,15029.5,15029.5,2021-07-29 10:09:00,2021-07-29 10:09:00
2021-07-30,2021-07-30 10:00:00,14948.25,400.0,-400.0,WIN,LOSS,14973.25,14973.25,2021-07-30 10:02:00,2021-07-30 10:02:00
2021-08-02,2021-08-02 10:00:00,14976.0,-400.0,400.0,LOSS,WIN,14951.0,14951.0,2021-08-02 10:06:00,2021-08-02 10:06:00
2021-08-03,2021-08-03 10:00:00,14904.75,-400.0,400.0,LOSS,WIN,14879.75,14879.75,2021-08-03 10:08:00,2021-08-03 10:08:00
2021-08-04,2021-08-04 10:00:00,15056.5,-400.0,400.0,LOSS,WIN,15031.5,15031.5,2021-08-04 10:03:00,2021-08-04 10:03:00
2021-08-05,2021-08-05 10:00:00,15124.75,400.0,-400.0,WIN,LOSS,15149.75,15149.75,2021-08-05 10:52:00,2021-08-05 10:52:00
2021-08-06,2021-08-06 10:00:00,15111.5,-400.0,400.0,LOSS,WIN,15086.5,15086.5,2021-08-06 10:49:00,2021-08-06 10:49:00
2021-08-09,2021-08-09 10:00:00,15109.5,400.0,-400.0,WIN,LOSS,15134.5,15134.5,2021-08-09 10:30:00,2021-08-09 10:30:00
2021-08-10,2021-08-10 10:00:00,15147.25,-400.0,400.0,LOSS,WIN,15122.25,15122.25,2021-08-10 10:14:00,2021-08-10 10:14:00
2021-08-11,2021-08-11 10:00:00,15057.25,-400.0,400.0,LOSS,WIN,15032.25,15032.25,2021-08-11 10:32:00,2021-08-11 10:32:00
2021-08-12,2021-08-12 10:00:00,14975.0,-400.0,400.0,LOSS,WIN,14950.0,14950.0,2021-08-12 10:03:00,2021-08-12 10:03:00
2021-08-13,2021-08-13 10:00:00,15099.5,400.0,-400.0,WIN,LOSS,15124.5,15124.5,2021-08-13 10:16:00,2021-08-13 10:16:00
2021-08-16,2021-08-16 10:00:00,15031.5,-400.0,400.0,LOSS,WIN,15006.5,15006.5,2021-08-16 10:09:00,2021-08-16 10:09:00
2021-08-17,2021-08-17 10:00:00,14976.5,400.0,-400.0,WIN,LOSS,15001.5,15001.5,2021-08-17 10:26:00,2021-08-17 10:26:00
2021-08-18,2021-08-18 10:00:00,15023.5,-400.0,400.0,LOSS,WIN,14998.5,14998.5,2021-08-18 10:04:00,2021-08-18 10:04:00
2021-08-19,2021-08-19 10:00:00,14802.25,400.0,-400.0,WIN,LOSS,14827.25,14827.25,2021-08-19 10:01:00,2021-08-19 10:01:00
2021-08-20,2021-08-20 10:00:00,15041.25,400.0,-400.0,WIN,LOSS,15066.25,15066.25,2021-08-20 10:05:00,2021-08-20 10:05:00
2021-08-23,2021-08-23 10:00:00,15203.5,400.0,-400.0,WIN,LOSS,15228.5,15228.5,2021-08-23 10:02:00,2021-08-23 10:02:00
2021-08-24,2021-08-24 10:00:00,15332.5,400.0,-400.0,WIN,LOSS,15357.5,15357.5,2021-08-24 10:08:00,2021-08-24 10:08:00
2021-08-25,2021-08-25 10:00:00,15377.25,-400.0,400.0,LOSS,WIN,15352.25,15352.25,2021-08-25 10:32:00,2021-08-25 10:32:00
2021-08-26,2021-08-26 10:00:00,15334.75,400.0,-400.0,WIN,LOSS,15359.75,15359.75,2021-08-26 10:05:00,2021-08-26 10:05:00
2021-08-27,2021-08-27 10:00:00,15307.25,400.0,-400.0,WIN,LOSS,15332.25,15332.25,2021-08-27 10:02:00,2021-08-27 10:02:00
2021-08-30,2021-08-30 10:00:00,15529.25,400.0,-400.0,WIN,LOSS,15554.25,15554.25,2021-08-30 10:07:00,2021-08-30 10:07:00
2021-08-31,2021-08-31 10:00:00,15525.0,400.0,-400.0,WIN,LOSS,15550.0,15550.0,2021-08-31 10:07:00,2021-08-31 10:07:00
2021-09-01,2021-09-01 10:00:00,15670.75,-400.0,400.0,LOSS,WIN,15645.75,15645.75,2021-09-01 14:34:00,2021-09-01 14:34:00
2021-09-02,2021-09-02 10:00:00,15649.75,-400.0,400.0,LOSS,WIN,15624.75,15624.75,2021-09-02 10:17:00,2021-09-02 10:17:00
2021-09-03,2021-09-03 10:00:00,15640.5,400.0,-400.0,WIN,LOSS,15665.5,15665.5,2021-09-03 10:03:00,2021-09-03 10:03:00
2021-09-07,2021-09-07 10:00:00,15642.75,-400.0,400.0,LOSS,WIN,15617.75,15617.75,2021-09-07 10:08:00,2021-09-07 10:08:00
2021-09-08,2021-09-08 10:00:00,15635.0,-400.0,400.0,LOSS,WIN,15610.0,15610.0,2021-09-08 10:32:00,2021-09-08 10:32:00
2021-09-09,2021-09-09 10:00:00,15658.75,-400.0,400.0,LOSS,WIN,15633.75,15633.75,2021-09-09 11:21:00,2021-09-09 11:21:00
2021-09-10,2021-09-10 10:00:00,15655.75,-400.0,400.0,LOSS,WIN,15630.75,15630.75,2021-09-10 10:04:00,2021-09-10 10:04:00
2021-09-13,2021-09-13 10:00:00,15439.0,-400.0,400.0,LOSS,WIN,15414.0,15414.0,2021-09-13 10:01:00,2021-09-13 10:01:00
2021-09-14,2021-09-14 10:00:00,15432.0,-400.0,400.0,LOSS,WIN,15407.0,15407.0,2021-09-14 10:01:00,2021-09-14 10:01:00
2021-09-15,2021-09-15 10:00:00,15356.5,-400.0,400.0,LOSS,WIN,15331.5,15331.5,2021-09-15 10:12:00,2021-09-15 10:12:00
2021-09-16,2021-09-16 10:00:00,15409.0,-400.0,400.0,LOSS,WIN,15384.0,15384.0,2021-09-16 10:03:00,2021-09-16 10:03:00
2021-09-17,2021-09-17 10:00:00,15403.0,-400.0,400.0,LOSS,WIN,15378.0,15378.0,2021-09-17 10:05:00,2021-09-17 10:05:00
2021-09-20,2021-09-20 10:00:00,15106.75,-400.0,400.0,LOSS,WIN,15081.75,15081.75,2021-09-20 10:03:00,2021-09-20 10:03:00
2021-09-21,2021-09-21 10:00:00,15067.5,-400.0,400.0,LOSS,WIN,15042.5,15042.5,2021-09-21 10:06:00,2021-09-21 10:06:00
2021-09-22,2021-09-22 10:00:00,15076.75,400.0,-400.0,WIN,LOSS,15101.75,15101.75,2021-09-22 10:01:00,2021-09-22 10:01:00
2021-09-23,2021-09-23 10:00:00,15275.25,400.0,-400.0,WIN,LOSS,15300.25,15300.25,2021-09-23 10:02:00,2021-09-23 10:02:00
2021-09-24,2021-09-24 10:00:00,15247.5,-400.0,400.0,LOSS,WIN,15222.5,15222.5,2021-09-24 10:12:00,2021-09-24 10:12:00
2021-09-27,2021-09-27 10:00:00,15123.25,400.0,-400.0,WIN,LOSS,15148.25,15148.25,2021-09-27 10:07:00,2021-09-27 10:07:00
2021-09-28,2021-09-28 10:00:00,14951.0,-400.0,400.0,LOSS,WIN,14926.0,14926.0,2021-09-28 10:01:00,2021-09-28 10:01:00
2021-09-29,2021-09-29 10:00:00,14883.0,-400.0,400.0,LOSS,WIN,14858.0,14858.0,2021-09-29 10:11:00,2021-09-29 10:11:00
2021-09-30,2021-09-30 10:00:00,14841.75,-400.0,400.0,LOSS,WIN,14816.75,14816.75,2021-09-30 10:07:00,2021-09-30 10:07:00
2021-10-01,2021-10-01 10:00:00,14629.75,-400.0,400.0,LOSS,WIN,14604.75,14604.75,2021-10-01 10:04:00,2021-10-01 10:04:00
2021-10-04,2021-10-04 10:00:00,14593.5,-400.0,400.0,LOSS,WIN,14568.5,14568.5,2021-10-04 10:01:00,2021-10-04 10:01:00
2021-10-05,2021-10-05 10:00:00,14581.0,400.0,-400.0,WIN,LOSS,14606.0,14606.0,2021-10-05 10:03:00,2021-10-05 10:03:00
2021-10-06,2021-10-06 10:00:00,14538.5,-400.0,400.0,LOSS,WIN,14513.5,14513.5,2021-10-06 10:01:00,2021-10-06 10:01:00
2021-10-07,2021-10-07 10:00:00,14955.25,400.0,-400.0,WIN,LOSS,14980.25,14980.25,2021-10-07 10:12:00,2021-10-07 10:12:00
2021-10-08,2021-10-08 10:00:00,14849.25,400.0,-400.0,WIN,LOSS,14874.25,14874.25,2021-10-08 10:01:00,2021-10-08 10:01:00
2021-10-11,2021-10-11 10:00:00,14859.0,400.0,-400.0,WIN,LOSS,14884.0,14884.0,2021-10-11 10:10:00,2021-10-11 10:10:00
2021-10-12,2021-10-12 10:00:00,14661.0,400.0,-400.0,WIN,LOSS,14686.0,14686.0,2021-10-12 10:01:00,2021-10-12 10:01:00
2021-10-13,2021-10-13 10:00:00,14715.5,-400.0,400.0,LOSS,WIN,14690.5,14690.5,2021-10-13 10:11:00,2021-10-13 10:11:00
2021-10-14,2021-10-14 10:00:00,14945.0,400.0,-400.0,WIN,LOSS,14970.0,14970.0,2021-10-14 10:02:00,2021-10-14 10:02:00
2021-10-15,2021-10-15 10:00:00,15078.0,-400.0,400.0,LOSS,WIN,15053.0,15053.0,2021-10-15 10:03:00,2021-10-15 10:03:00
2021-10-18,2021-10-18 10:00:00,15138.0,400.0,-400.0,WIN,LOSS,15163.0,15163.0,2021-10-18 10:50:00,2021-10-18 10:50:00
2021-10-19,2021-10-19 10:00:00,15323.0,400.0,-400.0,WIN,LOSS,15348.0,15348.0,2021-10-19 10:08:00,2021-10-19 10:08:00
2021-10-20,2021-10-20 10:00:00,15406.0,-400.0,400.0,LOSS,WIN,15381.0,15381.0,2021-10-20 10:03:00,2021-10-20 10:03:00
2021-10-21,2021-10-21 10:00:00,15380.25,400.0,-400.0,WIN,LOSS,15405.25,15405.25,2021-10-21 10:15:00,2021-10-21 10:15:00
2021-10-22,2021-10-22 10:00:00,15424.5,400.0,-400.0,WIN,LOSS,15449.5,15449.5,2021-10-22 10:28:00,2021-10-22 10:28:00
2021-10-25,2021-10-25 10:00:00,15390.75,400.0,-400.0,WIN,LOSS,15415.75,15415.75,2021-10-25 10:22:00,2021-10-25 10:22:00
2021-10-26,2021-10-26 10:00:00,15639.75,400.0,-400.0,WIN,LOSS,15664.75,15664.75,2021-10-26 10:07:00,2021-10-26 10:07:00
2021-10-27,2021-10-27 10:00:00,15642.25,-400.0,400.0,LOSS,WIN,15617.25,15617.25,2021-10-27 10:03:00,2021-10-27 10:03:00
2021-10-28,2021-10-28 10:00:00,15664.5,400.0,-400.0,WIN,LOSS,15689.5,15689.5,2021-10-28 10:08:00,2021-10-28 10:08:00
2021-10-29,2021-10-29 10:00:00,15682.75,400.0,-400.0,WIN,LOSS,15707.75,15707.75,2021-10-29 11:07:00,2021-10-29 11:07:00
2021-11-01,2021-11-01 10:00:00,15805.0,-400.0,400.0,LOSS,WIN,15780.0,15780.0,2021-11-01 10:02:00,2021-11-01 10:02:00
2021-11-02,2021-11-02 10:00:00,15956.0,-400.0,400.0,LOSS,WIN,15931.0,15931.0,2021-11-02 10:07:00,2021-11-02 10:07:00
2021-11-03,2021-11-03 10:00:00,15970.75,-400.0,400.0,LOSS,WIN,15945.75,15945.75,2021-11-03 10:04:00,2021-11-03 10:04:00
2021-11-04,2021-11-04 10:00:00,16246.25,400.0,-400.0,WIN,LOSS,16271.25,16271.25,2021-11-04 10:13:00,2021-11-04 10:13:00
2021-11-05,2021-11-05 10:00:00,16416.5,400.0,-400.0,WIN,LOSS,16441.5,16441.5,2021-11-05 10:15:00,2021-11-05 10:15:00
2021-11-08,2021-11-08 10:00:00,16338.0,-400.0,400.0,LOSS,WIN,16313.0,16313.0,2021-11-08 10:40:00,2021-11-08 10:40:00
2021-11-09,2021-11-09 10:00:00,16225.25,-400.0,400.0,LOSS,WIN,16200.25,16200.25,2021-11-09 10:03:00,2021-11-09 10:03:00
2021-11-10,2021-11-10 10:00:00,16172.75,400.0,-400.0,WIN,LOSS,16197.75,16197.75,2021-11-10 10:07:00,2021-11-10 10:07:00
2021-11-11,2021-11-11 10:00:00,16095.0,-400.0,400.0,LOSS,WIN,16070.0,16070.0,2021-11-11 10:02:00,2021-11-11 10:02:00
2021-11-12,2021-11-12 10:00:00,16020.5,400.0,-400.0,WIN,LOSS,16045.5,16045.5,2021-11-12 10:01:00,2021-11-12 10:01:00
2021-11-15,2021-11-15 10:00:00,16229.25,-400.0,400.0,LOSS,WIN,16204.25,16204.25,2021-11-15 10:02:00,2021-11-15 10:02:00
2021-11-16,2021-11-16 10:00:00,16224.5,400.0,-400.0,WIN,LOSS,16249.5,16249.5,2021-11-16 10:16:00,2021-11-16 10:16:00
2021-11-17,2021-11-17 10:00:00,16284.5,400.0,-400.0,WIN,LOSS,16309.5,16309.5,2021-11-17 10:05:00,2021-11-17 10:05:00
2021-11-18,2021-11-18 10:00:00,16396.75,-400.0,400.0,LOSS,WIN,16371.75,16371.75,2021-11-18 10:10:00,2021-11-18 10:10:00
2021-11-19,2021-11-19 10:00:00,16613.0,-400.0,400.0,LOSS,WIN,16588.0,16588.0,2021-11-19 10:06:00,2021-11-19 10:06:00
2021-11-22,2021-11-22 10:00:00,16721.5,400.0,-400.0,WIN,LOSS,16746.5,16746.5,2021-11-22 10:01:00,2021-11-22 10:01:00
2021-11-23,2021-11-23 10:00:00,16397.75,-400.0,400.0,LOSS,WIN,16372.75,16372.75,2021-11-23 10:01:00,2021-11-23 10:01:00
2021-11-24,2021-11-24 10:00:00,16181.5,400.0,-400.0,WIN,LOSS,16206.5,16206.5,2021-11-24 10:01:00,2021-11-24 10:01:00
2021-11-29,2021-11-29 10:00:00,16297.5,-400.0,400.0,LOSS,WIN,16272.5,16272.5,2021-11-29 10:07:00,2021-11-29 10:07:00
2021-11-30,2021-11-30 10:00:00,16407.25,400.0,-400.0,WIN,LOSS,16432.25,16432.25,2021-11-30 10:01:00,2021-11-30 10:01:00
2021-12-01,2021-12-01 10:00:00,16329.0,400.0,-400.0,WIN,LOSS,16354.0,16354.0,2021-12-01 10:01:00,2021-12-01 10:01:00
2021-12-02,2021-12-02 10:00:00,15993.25,-400.0,400.0,LOSS,WIN,15968.25,15968.25,2021-12-02 10:01:00,2021-12-02 10:01:00
2021-12-03,2021-12-03 10:00:00,15846.25,-400.0,400.0,LOSS,WIN,15821.25,15821.25,2021-12-03 10:01:00,2021-12-03 10:01:00
2021-12-06,2021-12-06 10:00:00,15666.25,-400.0,400.0,LOSS,WIN,15641.25,15641.25,2021-12-06 10:02:00,2021-12-06 10:02:00
2021-12-07,2021-12-07 10:00:00,16228.5,400.0,-400.0,WIN,LOSS,16253.5,16253.5,2021-12-07 10:11:00,2021-12-07 10:11:00
2021-12-08,2021-12-08 10:00:00,16283.5,400.0,-400.0,WIN,LOSS,16308.5,16308.5,2021-12-08 10:06:00,2021-12-08 10:06:00
2021-12-09,2021-12-09 10:00:00,16350.0,-400.0,400.0,LOSS,WIN,16325.0,16325.0,2021-12-09 10:07:00,2021-12-09 10:07:00
2021-12-10,2021-12-10 10:00:00,16218.25,400.0,-400.0,WIN,LOSS,16243.25,16243.25,2021-12-10 10:01:00,2021-12-10 10:01:00
2021-12-13,2021-12-13 10:00:00,16275.0,400.0,-400.0,WIN,LOSS,16300.0,16300.0,2021-12-13 10:13:00,2021-12-13 10:13:00
2021-12-14,2021-12-14 10:00:00,15926.75,-400.0,400.0,LOSS,WIN,15901.75,15901.75,2021-12-14 10:02:00,2021-12-14 10:02:00
2021-12-15,2021-12-15 10:00:00,15840.75,400.0,-400.0,WIN,LOSS,15865.75,15865.75,2021-12-15 10:04:00,2021-12-15 10:04:00
2021-12-16,2021-12-16 10:00:00,16169.75,-400.0,400.0,LOSS,WIN,16144.75,16144.75,2021-12-16 10:01:00,2021-12-16 10:01:00
2021-12-17,2021-12-17 10:00:00,15782.25,-400.0,400.0,LOSS,WIN,15757.25,15757.25,2021-12-17 10:01:00,2021-12-17 10:01:00
2021-12-20,2021-12-20 10:00:00,15629.5,-400.0,400.0,LOSS,WIN,15604.5,15604.5,2021-12-20 10:02:00,2021-12-20 10:02:00
2021-12-21,2021-12-21 10:00:00,15665.0,400.0,-400.0,WIN,LOSS,15690.0,15690.0,2021-12-21 10:01:00,2021-12-21 10:01:00
2021-12-22,2021-12-22 10:00:00,16005.5,-400.0,400.0,LOSS,WIN,15980.5,15980.5,2021-12-22 10:04:00,2021-12-22 10:04:00
2021-12-23,2021-12-23 10:00:00,16235.0,400.0,-400.0,WIN,LOSS,16260.0,16260.0,2021-12-23 10:14:00,2021-12-23 10:14:00
2021-12-27,2021-12-27 10:00:00,16436.0,400.0,-400.0,WIN,LOSS,16461.0,16461.0,2021-12-27 10:05:00,2021-12-27 10:05:00
2021-12-28,2021-12-28 10:00:00,16575.25,-400.0,400.0,LOSS,WIN,16550.25,16550.25,2021-12-28 10:07:00,2021-12-28 10:07:00
2021-12-29,2021-12-29 10:00:00,16510.0,-400.0,400.0,LOSS,WIN,16485.0,16485.0,2021-12-29 10:03:00,2021-12-29 10:03:00
2021-12-30,2021-12-30 10:00:00,16500.0,400.0,-400.0,WIN,LOSS,16525.0,16525.0,2021-12-30 10:05:00,2021-12-30 10:05:00
2021-12-31,2021-12-31 10:00:00,16395.5,-400.0,400.0,LOSS,WIN,16370.5,16370.5,2021-12-31 10:01:00,2021-12-31 10:01:00
2022-01-03,2022-01-03 10:00:00,16317.0,400.0,-400.0,WIN,LOSS,16342.0,16342.0,2022-01-03 10:01:00,2022-01-03 10:01:00
2022-01-04,2022-01-04 10:00:00,16460.75,-400.0,400.0,LOSS,WIN,16435.75,16435.75,2022-01-04 10:01:00,2022-01-04 10:01:00
2022-01-05,2022-01-05 10:00:00,16212.75,400.0,-400.0,WIN,LOSS,16237.75,16237.75,2022-01-05 10:01:00,2022-01-05 10:01:00
2022-01-06,2022-01-06 10:00:00,15718.5,-400.0,400.0,LOSS,WIN,15693.5,15693.5,2022-01-06 10:01:00,2022-01-06 10:01:00
2022-01-07,2022-01-07 10:00:00,15792.75,-400.0,400.0,LOSS,WIN,15767.75,15767.75,2022-01-07 10:01:00,2022-01-07 10:01:00
2022-01-10,2022-01-10 10:00:00,15259.25,-400.0,400.0,LOSS,WIN,15234.25,15234.25,2022-01-10 10:02:00,2022-01-10 10:02:00
2022-01-11,2022-01-11 10:00:00,15549.25,400.0,-400.0,WIN,LOSS,15574.25,15574.25,2022-01-11 10:01:00,2022-01-11 10:01:00
2022-01-12,2022-01-12 10:00:00,15967.0,-400.0,400.0,LOSS,WIN,15942.0,15942.0,2022-01-12 10:05:00,2022-01-12 10:05:00
2022-01-13,2022-01-13 10:00:00,15937.75,-400.0,400.0,LOSS,WIN,15912.75,15912.75,2022-01-13 10:01:00,2022-01-13 10:01:00
2022-01-14,2022-01-14 10:00:00,15579.25,-400.0,400.0,LOSS,WIN,15554.25,15554.25,2022-01-14 10:01:00,2022-01-14 10:01:00
2022-01-18,2022-01-18 10:00:00,15332.75,-400.0,400.0,LOSS,WIN,15307.75,15307.75,2022-01-18 10:01:00,2022-01-18 10:01:00
2022-01-19,2022-01-19 10:00:00,15360.75,-400.0,400.0,LOSS,WIN,15335.75,15335.75,2022-01-19 10:01:00,2022-01-19 10:01:00
2022-01-20,2022-01-20 10:00:00,15277.25,-400.0,400.0,LOSS,WIN,15252.25,15252.25,2022-01-20 10:13:00,2022-01-20 10:13:00
2022-01-21,2022-01-21 10:00:00,14650.5,-400.0,400.0,LOSS,WIN,14625.5,14625.5,2022-01-21 10:01:00,2022-01-21 10:01:00
2022-01-24,2022-01-24 10:00:00,14096.25,400.0,-400.0,WIN,LOSS,14121.25,14121.25,2022-01-24 10:01:00,2022-01-24 10:01:00
2022-01-25,2022-01-25 10:00:00,14097.25,-400.0,400.0,LOSS,WIN,14072.25,14072.25,2022-01-25 10:01:00,2022-01-25 10:01:00
2022-01-26,2022-01-26 10:00:00,14455.0,400.0,-400.0,WIN,LOSS,14480.0,14480.0,2022-01-26 10:01:00,2022-01-26 10:01:00
2022-01-27,2022-01-27 10:00:00,14356.25,-400.0,400.0,LOSS,WIN,14331.25,14331.25,2022-01-27 10:01:00,2022-01-27 10:01:00
2022-01-28,2022-01-28 10:00:00,13900.0,-400.0,400.0,LOSS,WIN,13875.0,13875.0,2022-01-28 10:01:00,2022-01-28 10:01:00
2022-01-31,2022-01-31 10:00:00,14629.75,400.0,-400.0,WIN,LOSS,14654.75,14654.75,2022-01-31 10:02:00,2022-01-31 10:02:00
2022-02-01,2022-02-01 10:00:00,14841.75,-400.0,400.0,LOSS,WIN,14816.75,14816.75,2022-02-01 10:01:00,2022-02-01 10:01:00
2022-02-02,2022-02-02 10:00:00,15096.0,400.0,-400.0,WIN,LOSS,15121.0,15121.0,2022-02-02 10:01:00,2022-02-02 10:01:00
2022-02-03,2022-02-03 10:00:00,14711.25,-400.0,400.0,LOSS,WIN,14686.25,14686.25,2022-02-03 10:01:00,2022-02-03 10:01:00
2022-02-04,2022-02-04 10:00:00,14574.75,400.0,-400.0,WIN,LOSS,14599.75,14599.75,2022-02-04 10:01:00,2022-02-04 10:01:00
2022-02-07,2022-02-07 10:00:00,14781.25,-400.0,400.0,LOSS,WIN,14756.25,14756.25,2022-02-07 10:01:00,2022-02-07 10:01:00
2022-02-08,2022-02-08 10:00:00,14521.5,-400.0,400.0,LOSS,WIN,14496.5,14496.5,2022-02-08 10:01:00,2022-02-08 10:01:00
2022-02-09,2022-02-09 10:00:00,14879.75,400.0,-400.0,WIN,LOSS,14904.75,14904.75,2022-02-09 10:02:00,2022-02-09 10:02:00
2022-02-10,2022-02-10 10:00:00,14909.25,400.0,-400.0,WIN,LOSS,14934.25,14934.25,2022-02-10 10:01:00,2022-02-10 10:01:00
2022-02-11,2022-02-11 10:00:00,14637.5,400.0,-400.0,WIN,LOSS,14662.5,14662.5,2022-02-11 10:01:00,2022-02-11 10:01:00
2022-02-14,2022-02-14 10:00:00,14288.0,-400.0,400.0,LOSS,WIN,14263.0,14263.0,2022-02-14 10:01:00,2022-02-14 10:01:00
2022-02-15,2022-02-15 10:00:00,14501.75,-400.0,400.0,LOSS,WIN,14476.75,14476.75,2022-02-15 10:12:00,2022-02-15 10:12:00
2022-02-16,2022-02-16 10:00:00,14407.75,400.0,-400.0,WIN,LOSS,14432.75,14432.75,2022-02-16 10:01:00,2022-02-16 10:01:00
2022-02-17,2022-02-17 10:00:00,14402.75,400.0,-400.0,WIN,LOSS,14427.75,14427.75,2022-02-17 10:03:00,2022-02-17 10:03:00
2022-02-18,2022-02-18 10:00:00,14183.75,-400.0,400.0,LOSS,WIN,14158.75,14158.75,2022-02-18 10:01:00,2022-02-18 10:01:00
2022-02-22,2022-02-22 10:00:00,14021.25,-400.0,400.0,LOSS,WIN,13996.25,13996.25,2022-02-22 10:01:00,2022-02-22 10:01:00
2022-02-23,2022-02-23 10:00:00,13904.0,-400.0,400.0,LOSS,WIN,13879.0,13879.0,2022-02-23 10:01:00,2022-02-23 10:01:00
2022-02-24,2022-02-24 10:00:00,13339.5,-400.0,400.0,LOSS,WIN,13314.5,13314.5,2022-02-24 10:01:00,2022-02-24 10:01:00
2022-02-25,2022-02-25 10:00:00,13869.0,-400.0,400.0,LOSS,WIN,13844.0,13844.0,2022-02-25 10:01:00,2022-02-25 10:01:00
2022-02-28,2022-02-28 10:00:00,14144.25,-400.0,400.0,LOSS,WIN,14119.25,14119.25,2022-02-28 10:01:00,2022-02-28 10:01:00
2022-03-01,2022-03-01 10:00:00,14204.75,400.0,-400.0,WIN,LOSS,14229.75,14229.75,2022-03-01 10:01:00,2022-03-01 10:01:00
2022-03-02,2022-03-02 10:00:00,14074.75,400.0,-400.0,WIN,LOSS,14099.75,14099.75,2022-03-02 10:05:00,2022-03-02 10:05:00
2022-03-03,2022-03-03 10:00:00,14262.25,400.0,-400.0,WIN,LOSS,14287.25,14287.25,2022-03-03 10:02:00,2022-03-03 10:02:00
2022-03-04,2022-03-04 10:00:00,13922.75,400.0,-400.0,WIN,LOSS,13947.75,13947.75,2022-03-04 10:01:00,2022-03-04 10:01:00
2022-03-07,2022-03-07 10:00:00,13673.25,-400.0,400.0,LOSS,WIN,13648.25,13648.25,2022-03-07 10:11:00,2022-03-07 10:11:00
2022-03-08,2022-03-08 10:00:00,13252.75,-400.0,400.0,LOSS,WIN,13227.75,13227.75,2022-03-08 10:01:00,2022-03-08 10:01:00
2022-03-09,2022-03-09 10:00:00,13568.5,400.0,-400.0,WIN,LOSS,13593.5,13593.5,2022-03-09 10:01:00,2022-03-09 10:01:00
2022-03-10,2022-03-10 10:00:00,13578.0,-400.0,400.0,LOSS,WIN,13553.0,13553.0,2022-03-10 10:01:00,2022-03-10 10:01:00
2022-03-11,2022-03-11 10:00:00,13594.0,-400.0,400.0,LOSS,WIN,13569.0,13569.0,2022-03-11 10:01:00,2022-03-11 10:01:00
2022-03-14,2022-03-14 10:00:00,13274.75,-400.0,400.0,LOSS,WIN,13249.75,13249.75,2022-03-14 10:01:00,2022-03-14 10:01:00
2022-03-15,2022-03-15 10:00:00,13182.75,400.0,-400.0,WIN,LOSS,13207.75,13207.75,2022-03-15 10:04:00,2022-03-15 10:04:00
2022-03-16,2022-03-16 10:00:00,13721.5,400.0,-400.0,WIN,LOSS,13746.5,13746.5,2022-03-16 10:01:00,2022-03-16 10:01:00
2022-03-17,2022-03-17 10:00:00,13979.0,400.0,-400.0,WIN,LOSS,14004.0,14004.0,2022-03-17 10:05:00,2022-03-17 10:05:00
2022-03-18,2022-03-18 10:00:00,14151.5,400.0,-400.0,WIN,LOSS,14176.5,14176.5,2022-03-18 10:03:00,2022-03-18 10:03:00
2022-03-21,2022-03-21 10:00:00,14303.0,-400.0,400.0,LOSS,WIN,14278.0,14278.0,2022-03-21 10:07:00,2022-03-21 10:07:00
2022-03-22,2022-03-22 10:00:00,14468.25,400.0,-400.0,WIN,LOSS,14493.25,14493.25,2022-03-22 10:01:00,2022-03-22 10:01:00
2022-03-23,2022-03-23 10:00:00,14492.25,400.0,-400.0,WIN,LOSS,14517.25,14517.25,2022-03-23 10:06:00,2022-03-23 10:06:00
2022-03-24,2022-03-24 10:00:00,14481.0,400.0,-400.0,WIN,LOSS,14506.0,14506.0,2022-03-24 10:01:00,2022-03-24 10:01:00
2022-03-25,2022-03-25 10:00:00,14721.0,-400.0,400.0,LOSS,WIN,14696.0,14696.0,2022-03-25 10:03:00,2022-03-25 10:03:00
2022-03-28,2022-03-28 10:00:00,14887.0,-400.0,400.0,LOSS,WIN,14862.0,14862.0,2022-03-28 10:01:00,2022-03-28 10:01:00
2022-03-29,2022-03-29 10:00:00,15152.25,400.0,-400.0,WIN,LOSS,15177.25,15177.25,2022-03-29 10:01:00,2022-03-29 10:01:00
2022-03-30,2022-03-30 10:00:00,15188.25,-400.0,400.0,LOSS,WIN,15163.25,15163.25,2022-03-30 10:06:00,2022-03-30 10:06:00
2022-03-31,2022-03-31 10:00:00,15026.25,-400.0,400.0,LOSS,WIN,15001.25,15001.25,2022-03-31 10:01:00,2022-03-31 10:01:00
2022-04-01,2022-04-01 10:00:00,14838.75,-400.0,400.0,LOSS,WIN,14813.75,14813.75,2022-04-01 10:03:00,2022-04-01 10:03:00
2022-04-04,2022-04-04 10:00:00,15047.5,-400.0,400.0,LOSS,WIN,15022.5,15022.5,2022-04-04 10:16:00,2022-04-04 10:16:00
2022-04-05,2022-04-05 10:00:00,15070.25,400.0,-400.0,WIN,LOSS,15095.25,15095.25,2022-04-05 10:03:00,2022-04-05 10:03:00
2022-04-06,2022-04-06 10:00:00,14506.5,-400.0,400.0,LOSS,WIN,14481.5,14481.5,2022-04-06 10:01:00,2022-04-06 10:01:00
2022-04-07,2022-04-07 10:00:00,14559.5,400.0,-400.0,WIN,LOSS,14584.5,14584.5,2022-04-07 10:01:00,2022-04-07 10:01:00
2022-04-08,2022-04-08 10:00:00,14323.25,400.0,-400.0,WIN,LOSS,14348.25,14348.25,2022-04-08 10:02:00,2022-04-08 10:02:00
2022-04-11,2022-04-11 10:00:00,14138.25,400.0,-400.0,WIN,LOSS,14163.25,14163.25,2022-04-11 10:01:00,2022-04-11 10:01:00
2022-04-12,2022-04-12 10:00:00,14259.25,-400.0,400.0,LOSS,WIN,14234.25,14234.25,2022-04-12 10:07:00,2022-04-12 10:07:00
2022-04-13,2022-04-13 10:00:00,14015.0,400.0,-400.0,WIN,LOSS,14040.0,14040.0,2022-04-13 10:05:00,2022-04-13 10:05:00
2022-04-14,2022-04-14 10:00:00,14115.25,400.0,-400.0,WIN,LOSS,14140.25,14140.25,2022-04-14 10:04:00,2022-04-14 10:04:00
2022-04-18,2022-04-18 10:00:00,13866.5,400.0,-400.0,WIN,LOSS,13891.5,13891.5,2022-04-18 10:01:00,2022-04-18 10:01:00
2022-04-19,2022-04-19 10:00:00,14014.75,400.0,-400.0,WIN,LOSS,14039.75,14039.75,2022-04-19 10:07:00,2022-04-19 10:07:00
2022-04-20,2022-04-20 10:00:00,14086.75,-400.0,400.0,LOSS,WIN,14061.75,14061.75,2022-04-20 10:02:00,2022-04-20 10:02:00
2022-04-21,2022-04-21 10:00:00,14205.25,-400.0,400.0,LOSS,WIN,14180.25,14180.25,2022-04-21 10:06:00,2022-04-21 10:06:00
2022-04-22,2022-04-22 10:00:00,13667.75,400.0,-400.0,WIN,LOSS,13692.75,13692.75,2022-04-22 10:01:00,2022-04-22 10:01:00
2022-04-25,2022-04-25 10:00:00,13249.25,400.0,-400.0,WIN,LOSS,13274.25,13274.25,2022-04-25 10:01:00,2022-04-25 10:01:00
2022-04-26,2022-04-26 10:00:00,13267.75,-400.0,400.0,LOSS,WIN,13242.75,13242.75,2022-04-26 10:01:00,2022-04-26 10:01:00
2022-04-27,2022-04-27 10:00:00,13177.0,400.0,-400.0,WIN,LOSS,13202.0,13202.0,2022-04-27 10:01:00,2022-04-27 10:01:00
2022-04-28,2022-04-28 10:00:00,13135.25,-400.0,400.0,LOSS,WIN,13110.25,13110.25,2022-04-28 10:01:00,2022-04-28 10:01:00
2022-04-29,2022-04-29 10:00:00,13422.75,-400.0,400.0,LOSS,WIN,13397.75,13397.75,2022-04-29 10:01:00,2022-04-29 10:01:00
2022-05-02,2022-05-02 10:00:00,12928.0,-400.0,400.0,LOSS,WIN,12903.0,12903.0,2022-05-02 10:01:00,2022-05-02 10:01:00
2022-05-03,2022-05-03 10:00:00,13112.0,400.0,-400.0,WIN,LOSS,13137.0,13137.0,2022-05-03 10:01:00,2022-05-03 10:01:00
2022-05-04,2022-05-04 10:00:00,13017.5,-400.0,400.0,LOSS,WIN,12992.5,12992.5,2022-05-04 10:05:00,2022-05-04 10:05:00
2022-05-05,2022-05-05 10:00:00,13174.75,-400.0,400.0,LOSS,WIN,13149.75,13149.75,2022-05-05 10:01:00,2022-05-05 10:01:00
2022-05-06,2022-05-06 10:00:00,12550.5,400.0,-400.0,WIN,LOSS,12575.5,12575.5,2022-05-06 10:01:00,2022-05-06 10:01:00
2022-05-09,2022-05-09 10:00:00,12451.75,-400.0,400.0,LOSS,WIN,12426.75,12426.75,2022-05-09 10:01:00,2022-05-09 10:01:00
2022-05-10,2022-05-10 10:00:00,12463.75,-400.0,400.0,LOSS,WIN,12438.75,12438.75,2022-05-10 10:01:00,2022-05-10 10:01:00
2022-05-11,2022-05-11 10:00:00,12386.0,-400.0,400.0,LOSS,WIN,12361.0,12361.0,2022-05-11 10:01:00,2022-05-11 10:01:00
2022-05-12,2022-05-12 10:00:00,11795.25,-400.0,400.0,LOSS,WIN,11770.25,11770.25,2022-05-12 10:01:00,2022-05-12 10:01:00
2022-05-13,2022-05-13 10:00:00,12242.75,400.0,-400.0,WIN,LOSS,12267.75,12267.75,2022-05-13 10:01:00,2022-05-13 10:01:00
2022-05-16,2022-05-16 10:00:00,12251.0,-400.0,400.0,LOSS,WIN,12226.0,12226.0,2022-05-16 10:01:00,2022-05-16 10:01:00
2022-05-17,2022-05-17 10:00:00,12444.75,400.0,-400.0,WIN,LOSS,12469.75,12469.75,2022-05-17 10:02:00,2022-05-17 10:02:00
2022-05-18,2022-05-18 10:00:00,12299.5,400.0,-400.0,WIN,LOSS,12324.5,12324.5,2022-05-18 10:01:00,2022-05-18 10:01:00
2022-05-19,2022-05-19 10:00:00,11893.0,400.0,-400.0,WIN,LOSS,11918.0,11918.0,2022-05-19 10:01:00,2022-05-19 10:01:00
2022-05-20,2022-05-20 10:00:00,11995.75,-400.0,400.0,LOSS,WIN,11970.75,11970.75,2022-05-20 10:01:00,2022-05-20 10:01:00
2022-05-23,2022-05-23 10:00:00,11853.25,-400.0,400.0,LOSS,WIN,11828.25,11828.25,2022-05-23 10:01:00,2022-05-23 10:01:00
2022-05-24,2022-05-24 10:00:00,11678.25,-400.0,400.0,LOSS,WIN,11653.25,11653.25,2022-05-24 10:01:00,2022-05-24 10:01:00
2022-05-25,2022-05-25 10:00:00,11806.25,-400.0,400.0,LOSS,WIN,11781.25,11781.25,2022-05-25 10:01:00,2022-05-25 10:01:00
2022-05-26,2022-05-26 10:00:00,12114.0,400.0,-400.0,WIN,LOSS,12139.0,12139.0,2022-05-26 10:01:00,2022-05-26 10:01:00
2022-05-27,2022-05-27 10:00:00,12519.5,400.0,-400.0,WIN,LOSS,12544.5,12544.5,2022-05-27 10:03:00,2022-05-27 10:03:00
2022-05-31,2022-05-31 10:00:00,12552.5,-400.0,400.0,LOSS,WIN,12527.5,12527.5,2022-05-31 10:01:00,2022-05-31 10:01:00
2022-06-01,2022-06-01 10:00:00,12806.0,-400.0,400.0,LOSS,WIN,12781.0,12781.0,2022-06-01 10:01:00,2022-06-01 10:01:00
2022-06-02,2022-06-02 10:00:00,12531.75,400.0,-400.0,WIN,LOSS,12556.75,12556.75,2022-06-02 10:01:00,2022-06-02 10:01:00
2022-06-03,2022-06-03 10:00:00,12692.25,400.0,-400.0,WIN,LOSS,12717.25,12717.25,2022-06-03 10:01:00,2022-06-03 10:01:00
2022-06-06,2022-06-06 10:00:00,12749.75,400.0,-400.0,WIN,LOSS,12774.75,12774.75,2022-06-06 10:01:00,2022-06-06 10:01:00
2022-06-07,2022-06-07 10:00:00,12529.25,400.0,-400.0,WIN,LOSS,12554.25,12554.25,2022-06-07 10:05:00,2022-06-07 10:05:00
2022-06-08,2022-06-08 10:00:00,12759.75,-400.0,400.0,LOSS,WIN,12734.75,12734.75,2022-06-08 10:01:00,2022-06-08 10:01:00
2022-06-09,2022-06-09 10:00:00,12639.5,-400.0,400.0,LOSS,WIN,12614.5,12614.5,2022-06-09 10:01:00,2022-06-09 10:01:00
2022-06-10,2022-06-10 10:00:00,11958.75,-400.0,400.0,LOSS,WIN,11933.75,11933.75,2022-06-10 10:01:00,2022-06-10 10:01:00
2022-06-13,2022-06-13 10:00:00,11512.25,400.0,-400.0,WIN,LOSS,11537.25,11537.25,2022-06-13 10:05:00,2022-06-13 10:05:00
2022-06-14,2022-06-14 10:00:00,11407.25,400.0,-400.0,WIN,LOSS,11432.25,11432.25,2022-06-14 10:03:00,2022-06-14 10:03:00
2022-06-15,2022-06-15 10:00:00,11511.5,400.0,-400.0,WIN,LOSS,11536.5,11536.5,2022-06-15 10:02:00,2022-06-15 10:02:00
2022-06-16,2022-06-16 10:00:00,11267.25,-400.0,400.0,LOSS,WIN,11242.25,11242.25,2022-06-16 10:01:00,2022-06-16 10:01:00
2022-06-17,2022-06-17 10:00:00,11314.0,-400.0,400.0,LOSS,WIN,11289.0,11289.0,2022-06-17 10:01:00,2022-06-17 10:01:00
2022-06-21,2022-06-21 10:00:00,11628.75,400.0,-400.0,WIN,LOSS,11653.75,11653.75,2022-06-21 10:17:00,2022-06-21 10:17:00
2022-06-22,2022-06-22 10:00:00,11592.0,-400.0,400.0,LOSS,WIN,11567.0,11567.0,2022-06-22 10:02:00,2022-06-22 10:02:00
2022-06-23,2022-06-23 10:00:00,11645.75,400.0,-400.0,WIN,LOSS,11670.75,11670.75,2022-06-23 10:03:00,2022-06-23 10:03:00
2022-06-24,2022-06-24 10:00:00,11954.25,400.0,-400.0,WIN,LOSS,11979.25,11979.25,2022-06-24 10:01:00,2022-06-24 10:01:00
2022-06-27,2022-06-27 10:00:00,12064.75,400.0,-400.0,WIN,LOSS,12089.75,12089.75,2022-06-27 10:02:00,2022-06-27 10:02:00
2022-06-28,2022-06-28 10:00:00,12102.75,-400.0,400.0,LOSS,WIN,12077.75,12077.75,2022-06-28 10:03:00,2022-06-28 10:03:00
2022-06-29,2022-06-29 10:00:00,11688.75,400.0,-400.0,WIN,LOSS,11713.75,11713.75,2022-06-29 10:02:00,2022-06-29 10:02:00
2022-06-30,2022-06-30 10:00:00,11398.0,-400.0,400.0,LOSS,WIN,11373.0,11373.0,2022-06-30 10:02:00,2022-06-30 10:02:00
2022-07-01,2022-07-01 10:00:00,11561.25,400.0,-400.0,WIN,LOSS,11586.25,11586.25,2022-07-01 10:01:00,2022-07-01 10:01:00
2022-07-05,2022-07-05 10:00:00,11448.25,400.0,-400.0,WIN,LOSS,11473.25,11473.25,2022-07-05 10:01:00,2022-07-05 10:01:00
2022-07-06,2022-07-06 10:00:00,11852.5,-400.0,400.0,LOSS,WIN,11827.5,11827.5,2022-07-06 10:01:00,2022-07-06 10:01:00
2022-07-07,2022-07-07 10:00:00,12034.5,-400.0,400.0,LOSS,WIN,12009.5,12009.5,2022-07-07 10:01:00,2022-07-07 10:01:00
2022-07-08,2022-07-08 10:00:00,12006.25,400.0,-400.0,WIN,LOSS,12031.25,12031.25,2022-07-08 10:03:00,2022-07-08 10:03:00
2022-07-11,2022-07-11 10:00:00,11884.75,-400.0,400.0,LOSS,WIN,11859.75,11859.75,2022-07-11 10:01:00,2022-07-11 10:01:00
2022-07-12,2022-07-12 10:00:00,11857.0,-400.0,400.0,LOSS,WIN,11832.0,11832.0,2022-07-12 10:01:00,2022-07-12 10:01:00
2022-07-13,2022-07-13 10:00:00,11679.5,-400.0,400.0,LOSS,WIN,11654.5,11654.5,2022-07-13 10:01:00,2022-07-13 10:01:00
2022-07-14,2022-07-14 10:00:00,11566.75,-400.0,400.0,LOSS,WIN,11541.75,11541.75,2022-07-14 10:01:00,2022-07-14 10:01:00
2022-07-15,2022-07-15 10:00:00,11901.5,400.0,-400.0,WIN,LOSS,11926.5,11926.5,2022-07-15 10:01:00,2022-07-15 10:01:00
2022-07-18,2022-07-18 10:00:00,12162.5,-400.0,400.0,LOSS,WIN,12137.5,12137.5,2022-07-18 10:06:00,2022-07-18 10:06:00
2022-07-19,2022-07-19 10:00:00,12066.75,-400.0,400.0,LOSS,WIN,12041.75,12041.75,2022-07-19 10:05:00,2022-07-19 10:05:00
2022-07-20,2022-07-20 10:00:00,12285.75,400.0,-400.0,WIN,LOSS,12310.75,12310.75,2022-07-20 10:08:00,2022-07-20 10:08:00
2022-07-21,2022-07-21 10:00:00,12497.5,400.0,-400.0,WIN,LOSS,12522.5,12522.5,2022-07-21 10:01:00,2022-07-21 10:01:00
2022-07-22,2022-07-22 10:00:00,12579.75,-400.0,400.0,LOSS,WIN,12554.75,12554.75,2022-07-22 10:01:00,2022-07-22 10:01:00
2022-07-25,2022-07-25 10:00:00,12387.75,-400.0,400.0,LOSS,WIN,12362.75,12362.75,2022-07-25 10:06:00,2022-07-25 10:06:00
2022-07-26,2022-07-26 10:00:00,12233.25,-400.0,400.0,LOSS,WIN,12208.25,12208.25,2022-07-26 10:01:00,2022-07-26 10:01:00
2022-07-27,2022-07-27 10:00:00,12386.0,400.0,-400.0,WIN,LOSS,12411.0,12411.0,2022-07-27 10:05:00,2022-07-27 10:05:00
2022-07-28,2022-07-28 10:00:00,12490.0,400.0,-400.0,WIN,LOSS,12515.0,12515.0,2022-07-28 10:01:00,2022-07-28 10:01:00
2022-07-29,2022-07-29 10:00:00,12864.25,400.0,-400.0,WIN,LOSS,12889.25,12889.25,2022-07-29 10:01:00,2022-07-29 10:01:00
2022-08-01,2022-08-01 10:00:00,12990.0,400.0,-400.0,WIN,LOSS,13015.0,13015.0,2022-08-01 10:01:00,2022-08-01 10:01:00
2022-08-02,2022-08-02 10:00:00,12912.5,-400.0,400.0,LOSS,WIN,12887.5,12887.5,2022-08-02 10:02:00,2022-08-02 10:02:00
2022-08-03,2022-08-03 10:00:00,13114.25,-400.0,400.0,LOSS,WIN,13089.25,13089.25,2022-08-03 10:01:00,2022-08-03 10:01:00
2022-08-04,2022-08-04 10:00:00,13305.25,400.0,-400.0,WIN,LOSS,13330.25,13330.25,2022-08-04 10:03:00,2022-08-04 10:03:00
2022-08-05,2022-08-05 10:00:00,13182.5,400.0,-400.0,WIN,LOSS,13207.5,13207.5,2022-08-05 10:02:00,2022-08-05 10:02:00
2022-08-08,2022-08-08 10:00:00,13392.5,400.0,-400.0,WIN,LOSS,13417.5,13417.5,2022-08-08 10:02:00,2022-08-08 10:02:00
2022-08-09,2022-08-09 10:00:00,13002.0,-400.0,400.0,LOSS,WIN,12977.0,12977.0,2022-08-09 10:09:00,2022-08-09 10:09:00
2022-08-10,2022-08-10 10:00:00,13318.75,-400.0,400.0,LOSS,WIN,13293.75,13293.75,2022-08-10 10:13:00,2022-08-10 10:13:00
2022-08-11,2022-08-11 10:00:00,13494.0,400.0,-400.0,WIN,LOSS,13519.0,13519.0,2022-08-11 10:01:00,2022-08-11 10:01:00
2022-08-12,2022-08-12 10:00:00,13424.25,-400.0,400.0,LOSS,WIN,13399.25,13399.25,2022-08-12 10:01:00,2022-08-12 10:01:00
2022-08-15,2022-08-15 10:00:00,13617.75,-400.0,400.0,LOSS,WIN,13592.75,13592.75,2022-08-15 10:02:00,2022-08-15 10:02:00
2022-08-16,2022-08-16 10:00:00,13612.0,-400.0,400.0,LOSS,WIN,13587.0,13587.0,2022-08-16 10:01:00,2022-08-16 10:01:00
2022-08-17,2022-08-17 10:00:00,13534.25,-400.0,400.0,LOSS,WIN,13509.25,13509.25,2022-08-17 10:11:00,2022-08-17 10:11:00
2022-08-18,2022-08-18 10:00:00,13453.0,-400.0,400.0,LOSS,WIN,13428.0,13428.0,2022-08-18 10:01:00,2022-08-18 10:01:00
2022-08-19,2022-08-19 10:00:00,13308.5,-400.0,400.0,LOSS,WIN,13283.5,13283.5,2022-08-19 10:25:00,2022-08-19 10:25:00
2022-08-22,2022-08-22 10:00:00,13028.0,-400.0,400.0,LOSS,WIN,13003.0,13003.0,2022-08-22 10:09:00,2022-08-22 10:09:00
2022-08-23,2022-08-23 10:00:00,12947.75,400.0,-400.0,WIN,LOSS,12972.75,12972.75,2022-08-23 10:06:00,2022-08-23 10:06:00
2022-08-24,2022-08-24 10:00:00,12904.5,-400.0,400.0,LOSS,WIN,12879.5,12879.5,2022-08-24 10:05:00,2022-08-24 10:05:00
2022-08-25,2022-08-25 10:00:00,13044.0,400.0,-400.0,WIN,LOSS,13069.0,13069.0,2022-08-25 10:16:00,2022-08-25 10:16:00
2022-08-26,2022-08-26 10:00:00,13136.5,-400.0,400.0,LOSS,WIN,13111.5,13111.5,2022-08-26 10:01:00,2022-08-26 10:01:00
2022-08-29,2022-08-29 10:00:00,12534.0,400.0,-400.0,WIN,LOSS,12559.0,12559.0,2022-08-29 10:11:00,2022-08-29 10:11:00
2022-08-30,2022-08-30 10:00:00,12481.0,-400.0,400.0,LOSS,WIN,12456.0,12456.0,2022-08-30 10:05:00,2022-08-30 10:05:00
2022-08-31,2022-08-31 10:00:00,12456.25,-400.0,400.0,LOSS,WIN,12431.25,12431.25,2022-08-31 10:04:00,2022-08-31 10:04:00
2022-09-01,2022-09-01 10:00:00,12182.75,-400.0,400.0,LOSS,WIN,12157.75,12157.75,2022-09-01 10:01:00,2022-09-01 10:01:00
2022-09-02,2022-09-02 10:00:00,12308.5,-400.0,400.0,LOSS,WIN,12283.5,12283.5,2022-09-02 10:01:00,2022-09-02 10:01:00
2022-09-06,2022-09-06 10:00:00,12046.0,-400.0,400.0,LOSS,WIN,12021.0,12021.0,2022-09-06 10:01:00,2022-09-06 10:01:00
2022-09-07,2022-09-07 10:00:00,12079.0,-400.0,400.0,LOSS,WIN,12054.0,12054.0,2022-09-07 10:12:00,2022-09-07 10:12:00
2022-09-08,2022-09-08 10:00:00,12247.25,-400.0,400.0,LOSS,WIN,12222.25,12222.25,2022-09-08 10:01:00,2022-09-08 10:01:00
2022-09-09,2022-09-09 10:00:00,12503.0,400.0,-400.0,WIN,LOSS,12528.0,12528.0,2022-09-09 10:06:00,2022-09-09 10:06:00
2022-09-12,2022-09-12 10:00:00,12816.5,-400.0,400.0,LOSS,WIN,12791.5,12791.5,2022-09-12 10:42:00,2022-09-12 10:42:00
2022-09-13,2022-09-13 10:00:00,12389.0,-400.0,400.0,LOSS,WIN,12364.0,12364.0,2022-09-13 10:01:00,2022-09-13 10:01:00
2022-09-14,2022-09-14 10:00:00,12193.25,-400.0,400.0,LOSS,WIN,12168.25,12168.25,2022-09-14 10:03:00,2022-09-14 10:03:00
2022-09-15,2022-09-15 10:00:00,12203.75,400.0,-400.0,WIN,LOSS,12228.75,12228.75,2022-09-15 10:01:00,2022-09-15 10:01:00
2022-09-16,2022-09-16 10:00:00,11793.75,400.0,-400.0,WIN,LOSS,11818.75,11818.75,2022-09-16 10:01:00,2022-09-16 10:01:00
2022-09-19,2022-09-19 10:00:00,11914.75,-400.0,400.0,LOSS,WIN,11889.75,11889.75,2022-09-19 10:01:00,2022-09-19 10:01:00
2022-09-20,2022-09-20 10:00:00,11921.0,400.0,-400.0,WIN,LOSS,11946.0,11946.0,2022-09-20 10:07:00,2022-09-20 10:07:00
2022-09-21,2022-09-21 10:00:00,11970.25,400.0,-400.0,WIN,LOSS,11995.25,11995.25,2022-09-21 10:29:00,2022-09-21 10:29:00
2022-09-22,2022-09-22 10:00:00,11592.5,-400.0,400.0,LOSS,WIN,11567.5,11567.5,2022-09-22 10:01:00,2022-09-22 10:01:00
2022-09-23,2022-09-23 10:00:00,11354.25,400.0,-400.0,WIN,LOSS,11379.25,11379.25,2022-09-23 10:14:00,2022-09-23 10:14:00
2022-09-26,2022-09-26 10:00:00,11491.5,-400.0,400.0,LOSS,WIN,11466.5,11466.5,2022-09-26 10:10:00,2022-09-26 10:10:00
2022-09-27,2022-09-27 10:00:00,11490.25,-400.0,400.0,LOSS,WIN,11465.25,11465.25,2022-09-27 10:01:00,2022-09-27 10:01:00
2022-09-28,2022-09-28 10:00:00,11312.0,400.0,-400.0,WIN,LOSS,11337.0,11337.0,2022-09-28 10:01:00,2022-09-28 10:01:00
2022-09-29,2022-09-29 10:00:00,11256.25,-400.0,400.0,LOSS,WIN,11231.25,11231.25,2022-09-29 10:01:00,2022-09-29 10:01:00
2022-09-30,2022-09-30 10:00:00,11230.75,-400.0,400.0,LOSS,WIN,11205.75,11205.75,2022-09-30 10:02:00,2022-09-30 10:02:00
2022-10-03,2022-10-03 10:00:00,11090.5,400.0,-400.0,WIN,LOSS,11115.5,11115.5,2022-10-03 10:01:00,2022-10-03 10:01:00
2022-10-04,2022-10-04 10:00:00,11616.5,400.0,-400.0,WIN,LOSS,11641.5,11641.5,2022-10-04 10:01:00,2022-10-04 10:01:00
2022-10-05,2022-10-05 10:00:00,11493.25,-400.0,400.0,LOSS,WIN,11468.25,11468.25,2022-10-05 10:01:00,2022-10-05 10:01:00
2022-10-06,2022-10-06 10:00:00,11638.0,-400.0,400.0,LOSS,WIN,11613.0,11613.0,2022-10-06 10:01:00,2022-10-06 10:01:00
2022-10-07,2022-10-07 10:00:00,11225.75,400.0,-400.0,WIN,LOSS,11250.75,11250.75,2022-10-07 10:16:00,2022-10-07 10:16:00
2022-10-10,2022-10-10 10:00:00,11015.0,-400.0,400.0,LOSS,WIN,10990.0,10990.0,2022-10-10 10:09:00,2022-10-10 10:09:00
2022-10-11,2022-10-11 10:00:00,10823.5,-400.0,400.0,LOSS,WIN,10798.5,10798.5,2022-10-11 10:03:00,2022-10-11 10:03:00
2022-10-12,2022-10-12 10:00:00,10891.25,-400.0,400.0,LOSS,WIN,10866.25,10866.25,2022-10-12 10:05:00,2022-10-12 10:05:00
2022-10-13,2022-10-13 10:00:00,10615.25,400.0,-400.0,WIN,LOSS,10640.25,10640.25,2022-10-13 10:04:00,2022-10-13 10:04:00
2022-10-14,2022-10-14 10:00:00,11052.25,-400.0,400.0,LOSS,WIN,11027.25,11027.25,2022-10-14 10:01:00,2022-10-14 10:01:00
2022-10-17,2022-10-17 10:00:00,11074.0,400.0,-400.0,WIN,LOSS,11099.0,11099.0,2022-10-17 10:11:00,2022-10-17 10:11:00
2022-10-18,2022-10-18 10:00:00,11307.25,400.0,-400.0,WIN,LOSS,11332.25,11332.25,2022-10-18 10:03:00,2022-10-18 10:03:00
2022-10-19,2022-10-19 10:00:00,11137.0,400.0,-400.0,WIN,LOSS,11162.0,11162.0,2022-10-19 10:03:00,2022-10-19 10:03:00
2022-10-20,2022-10-20 10:00:00,11202.25,400.0,-400.0,WIN,LOSS,11227.25,11227.25,2022-10-20 10:01:00,2022-10-20 10:01:00
2022-10-21,2022-10-21 10:00:00,11156.0,400.0,-400.0,WIN,LOSS,11181.0,11181.0,2022-10-21 10:06:00,2022-10-21 10:06:00
2022-10-24,2022-10-24 10:00:00,11362.0,-400.0,400.0,LOSS,WIN,11337.0,11337.0,2022-10-24 10:01:00,2022-10-24 10:01:00
2022-10-25,2022-10-25 10:00:00,11649.75,-400.0,400.0,LOSS,WIN,11624.75,11624.75,2022-10-25 10:11:00,2022-10-25 10:11:00
2022-10-26,2022-10-26 10:00:00,11483.0,400.0,-400.0,WIN,LOSS,11508.0,11508.0,2022-10-26 10:01:00,2022-10-26 10:01:00
2022-10-27,2022-10-27 10:00:00,11292.0,400.0,-400.0,WIN,LOSS,11317.0,11317.0,2022-10-27 10:05:00,2022-10-27 10:05:00
2022-10-28,2022-10-28 10:00:00,11320.5,400.0,-400.0,WIN,LOSS,11345.5,11345.5,2022-10-28 10:01:00,2022-10-28 10:01:00
2022-10-31,2022-10-31 10:00:00,11423.0,400.0,-400.0,WIN,LOSS,11448.0,11448.0,2022-10-31 10:01:00,2022-10-31 10:01:00
2022-11-01,2022-11-01 10:00:00,11513.0,-400.0,400.0,LOSS,WIN,11488.0,11488.0,2022-11-01 10:01:00,2022-11-01 10:01:00
2022-11-02,2022-11-02 10:00:00,11280.5,400.0,-400.0,WIN,LOSS,11305.5,11305.5,2022-11-02 10:01:00,2022-11-02 10:01:00
2022-11-03,2022-11-03 10:00:00,10726.5,400.0,-400.0,WIN,LOSS,10751.5,10751.5,2022-11-03 10:02:00,2022-11-03 10:02:00
2022-11-04,2022-11-04 10:00:00,10844.25,-400.0,400.0,LOSS,WIN,10819.25,10819.25,2022-11-04 10:07:00,2022-11-04 10:07:00
2022-11-07,2022-11-07 10:00:00,10884.0,400.0,-400.0,WIN,LOSS,10909.0,10909.0,2022-11-07 10:01:00,2022-11-07 10:01:00
2022-11-08,2022-11-08 10:00:00,11058.5,400.0,-400.0,WIN,LOSS,11083.5,11083.5,2022-11-08 10:16:00,2022-11-08 10:16:00
2022-11-09,2022-11-09 10:00:00,10977.0,400.0,-400.0,WIN,LOSS,11002.0,11002.0,2022-11-09 10:03:00,2022-11-09 10:03:00
2022-11-10,2022-11-10 10:00:00,11451.0,-400.0,400.0,LOSS,WIN,11426.0,11426.0,2022-11-10 10:04:00,2022-11-10 10:04:00
2022-11-11,2022-11-11 10:00:00,11642.0,400.0,-400.0,WIN,LOSS,11667.0,11667.0,2022-11-11 10:01:00,2022-11-11 10:01:00
2022-11-14,2022-11-14 10:00:00,11745.5,400.0,-400.0,WIN,LOSS,11770.5,11770.5,2022-11-14 10:01:00,2022-11-14 10:01:00
2022-11-15,2022-11-15 10:00:00,12031.0,-400.0,400.0,LOSS,WIN,12006.0,12006.0,2022-11-15 10:15:00,2022-11-15 10:15:00
2022-11-16,2022-11-16 10:00:00,11782.5,-400.0,400.0,LOSS,WIN,11757.5,11757.5,2022-11-16 10:07:00,2022-11-16 10:07:00
2022-11-17,2022-11-17 10:00:00,11588.5,400.0,-400.0,WIN,LOSS,11613.5,11613.5,2022-11-17 10:07:00,2022-11-17 10:07:00
2022-11-18,2022-11-18 10:00:00,11753.5,-400.0,400.0,LOSS,WIN,11728.5,11728.5,2022-11-18 10:01:00,2022-11-18 10:01:00
2022-11-21,2022-11-21 10:00:00,11663.0,-400.0,400.0,LOSS,WIN,11638.0,11638.0,2022-11-21 10:04:00,2022-11-21 10:04:00
2022-11-22,2022-11-22 10:00:00,11546.5,400.0,-400.0,WIN,LOSS,11571.5,11571.5,2022-11-22 10:02:00,2022-11-22 10:02:00
2022-11-23,2022-11-23 10:00:00,11832.75,400.0,-400.0,WIN,LOSS,11857.75,11857.75,2022-11-23 10:06:00,2022-11-23 10:06:00
2022-11-28,2022-11-28 10:00:00,11757.75,-400.0,400.0,LOSS,WIN,11732.75,11732.75,2022-11-28 10:12:00,2022-11-28 10:12:00
2022-11-29,2022-11-29 10:00:00,11578.75,400.0,-400.0,WIN,LOSS,11603.75,11603.75,2022-11-29 10:06:00,2022-11-29 10:06:00
2022-11-30,2022-11-30 10:00:00,11565.5,-400.0,400.0,LOSS,WIN,11540.5,11540.5,2022-11-30 10:01:00,2022-11-30 10:01:00
2022-12-01,2022-12-01 10:00:00,12113.25,-400.0,400.0,LOSS,WIN,12088.25,12088.25,2022-12-01 10:01:00,2022-12-01 10:01:00
2022-12-02,2022-12-02 10:00:00,11874.25,400.0,-400.0,WIN,LOSS,11899.25,11899.25,2022-12-02 10:10:00,2022-12-02 10:10:00
2022-12-05,2022-12-05 10:00:00,11932.0,-400.0,400.0,LOSS,WIN,11907.0,11907.0,2022-12-05 10:01:00,2022-12-05 10:01:00
2022-12-06,2022-12-06 10:00:00,11665.0,-400.0,400.0,LOSS,WIN,11640.0,11640.0,2022-12-06 10:06:00,2022-12-06 10:06:00
2022-12-07,2022-12-07 10:00:00,11472.0,-400.0,400.0,LOSS,WIN,11447.0,11447.0,2022-12-07 10:01:00,2022-12-07 10:01:00
2022-12-08,2022-12-08 10:00:00,11600.75,400.0,-400.0,WIN,LOSS,11625.75,11625.75,2022-12-08 10:05:00,2022-12-08 10:05:00
2022-12-09,2022-12-09 10:00:00,11614.25,400.0,-400.0,WIN,LOSS,11639.25,11639.25,2022-12-09 10:03:00,2022-12-09 10:03:00
2022-12-12,2022-12-12 10:00:00,11595.5,-400.0,400.0,LOSS,WIN,11570.5,11570.5,2022-12-12 10:11:00,2022-12-12 10:11:00
2022-12-13,2022-12-13 10:00:00,12258.25,-400.0,400.0,LOSS,WIN,12233.25,12233.25,2022-12-13 10:01:00,2022-12-13 10:01:00
2022-12-14,2022-12-14 10:00:00,12009.5,400.0,-400.0,WIN,LOSS,12034.5,12034.5,2022-12-14 10:07:00,2022-12-14 10:07:00
2022-12-15,2022-12-15 10:00:00,11573.5,-400.0,400.0,LOSS,WIN,11548.5,11548.5,2022-12-15 10:02:00,2022-12-15 10:02:00
2022-12-16,2022-12-16 10:00:00,11455.5,-400.0,400.0,LOSS,WIN,11430.5,11430.5,2022-12-16 10:01:00,2022-12-16 10:01:00
2022-12-19,2022-12-19 10:00:00,11269.25,-400.0,400.0,LOSS,WIN,11244.25,11244.25,2022-12-19 10:03:00,2022-12-19 10:03:00
2022-12-20,2022-12-20 10:00:00,11168.5,400.0,-400.0,WIN,LOSS,11193.5,11193.5,2022-12-20 10:05:00,2022-12-20 10:05:00
2022-12-21,2022-12-21 10:00:00,11226.75,400.0,-400.0,WIN,LOSS,11251.75,11251.75,2022-12-21 10:02:00,2022-12-21 10:02:00
2022-12-22,2022-12-22 10:00:00,11123.5,-400.0,400.0,LOSS,WIN,11098.5,11098.5,2022-12-22 10:01:00,2022-12-22 10:01:00
2022-12-23,2022-12-23 10:00:00,10940.0,400.0,-400.0,WIN,LOSS,10965.0,10965.0,2022-12-23 10:01:00,2022-12-23 10:01:00
2022-12-27,2022-12-27 10:00:00,10930.0,-400.0,400.0,LOSS,WIN,10905.0,10905.0,2022-12-27 10:02:00,2022-12-27 10:02:00
2022-12-28,2022-12-28 10:00:00,10950.75,400.0,-400.0,WIN,LOSS,10975.75,10975.75,2022-12-28 10:01:00,2022-12-28 10:01:00
2022-12-29,2022-12-29 10:00:00,10963.75,400.0,-400.0,WIN,LOSS,10988.75,10988.75,2022-12-29 10:14:00,2022-12-29 10:14:00
2022-12-30,2022-12-30 10:00:00,10915.25,-400.0,400.0,LOSS,WIN,10890.25,10890.25,2022-12-30 10:05:00,2022-12-30 10:05:00
2023-01-03,2023-01-03 10:00:00,10994.25,-400.0,400.0,LOSS,WIN,10969.25,10969.25,2023-01-03 10:10:00,2023-01-03 10:10:00
2023-01-04,2023-01-04 10:00:00,10981.5,-400.0,400.0,LOSS,WIN,10956.5,10956.5,2023-01-04 10:01:00,2023-01-04 10:01:00
2023-01-05,2023-01-05 10:00:00,10868.5,400.0,-400.0,WIN,LOSS,10893.5,10893.5,2023-01-05 10:02:00,2023-01-05 10:02:00
2023-01-06,2023-01-06 10:00:00,10815.0,400.0,-400.0,WIN,LOSS,10840.0,10840.0,2023-01-06 10:01:00,2023-01-06 10:01:00
2023-01-09,2023-01-09 10:00:00,11310.75,-400.0,400.0,LOSS,WIN,11285.75,11285.75,2023-01-09 10:21:00,2023-01-09 10:21:00
2023-01-10,2023-01-10 10:00:00,11211.0,-400.0,400.0,LOSS,WIN,11186.0,11186.0,2023-01-10 10:02:00,2023-01-10 10:02:00
2023-01-11,2023-01-11 10:00:00,11337.25,400.0,-400.0,WIN,LOSS,11362.25,11362.25,2023-01-11 10:08:00,2023-01-11 10:08:00
2023-01-12,2023-01-12 10:00:00,11357.75,400.0,-400.0,WIN,LOSS,11382.75,11382.75,2023-01-12 10:01:00,2023-01-12 10:01:00
2023-01-13,2023-01-13 10:00:00,11457.5,400.0,-400.0,WIN,LOSS,11482.5,11482.5,2023-01-13 10:01:00,2023-01-13 10:01:00
2023-01-17,2023-01-17 10:00:00,11614.25,400.0,-400.0,WIN,LOSS,11639.25,11639.25,2023-01-17 10:01:00,2023-01-17 10:01:00
2023-01-18,2023-01-18 10:00:00,11719.5,400.0,-400.0,WIN,LOSS,11744.5,11744.5,2023-01-18 10:01:00,2023-01-18 10:01:00
2023-01-19,2023-01-19 10:00:00,11396.25,-400.0,400.0,LOSS,WIN,11371.25,11371.25,2023-01-19 10:12:00,2023-01-19 10:12:00
2023-01-20,2023-01-20 10:00:00,11449.0,400.0,-400.0,WIN,LOSS,11474.0,11474.0,2023-01-20 10:05:00,2023-01-20 10:05:00
2023-01-23,2023-01-23 10:00:00,11801.0,400.0,-400.0,WIN,LOSS,11826.0,11826.0,2023-01-23 10:01:00,2023-01-23 10:01:00
2023-01-24,2023-01-24 10:00:00,11884.0,-400.0,400.0,LOSS,WIN,11859.0,11859.0,2023-01-24 10:05:00,2023-01-24 10:05:00
2023-01-25,2023-01-25 10:00:00,11624.5,400.0,-400.0,WIN,LOSS,11649.5,11649.5,2023-01-25 10:05:00,2023-01-25 10:05:00
2023-01-26,2023-01-26 10:00:00,11976.0,400.0,-400.0,WIN,LOSS,12001.0,12001.0,2023-01-26 10:03:00,2023-01-26 10:03:00
2023-01-27,2023-01-27 10:00:00,12127.0,400.0,-400.0,WIN,LOSS,12152.0,12152.0,2023-01-27 10:02:00,2023-01-27 10:02:00
2023-01-30,2023-01-30 10:00:00,12119.5,-400.0,400.0,LOSS,WIN,12094.5,12094.5,2023-01-30 10:15:00,2023-01-30 10:15:00
2023-01-31,2023-01-31 10:00:00,11996.5,400.0,-400.0,WIN,LOSS,12021.5,12021.5,2023-01-31 10:06:00,2023-01-31 10:06:00
2023-02-01,2023-02-01 10:00:00,12149.75,-400.0,400.0,LOSS,WIN,12124.75,12124.75,2023-02-01 10:03:00,2023-02-01 10:03:00
2023-02-02,2023-02-02 10:00:00,12672.25,400.0,-400.0,WIN,LOSS,12697.25,12697.25,2023-02-02 10:06:00,2023-02-02 10:06:00
2023-02-03,2023-02-03 10:00:00,12722.5,-400.0,400.0,LOSS,WIN,12697.5,12697.5,2023-02-03 10:01:00,2023-02-03 10:01:00
2023-02-06,2023-02-06 10:00:00,12550.0,400.0,-400.0,WIN,LOSS,12575.0,12575.0,2023-02-06 10:01:00,2023-02-06 10:01:00
2023-02-07,2023-02-07 10:00:00,12497.5,400.0,-400.0,WIN,LOSS,12522.5,12522.5,2023-02-07 10:20:00,2023-02-07 10:20:00
2023-02-08,2023-02-08 10:00:00,12698.75,-400.0,400.0,LOSS,WIN,12673.75,12673.75,2023-02-08 10:01:00,2023-02-08 10:01:00
2023-02-09,2023-02-09 10:00:00,12673.75,-400.0,400.0,LOSS,WIN,12648.75,12648.75,2023-02-09 10:04:00,2023-02-09 10:04:00
2023-02-10,2023-02-10 10:00:00,12347.5,-400.0,400.0,LOSS,WIN,12322.5,12322.5,2023-02-10 10:01:00,2023-02-10 10:01:00
2023-02-13,2023-02-13 10:00:00,12461.0,-400.0,400.0,LOSS,WIN,12436.0,12436.0,2023-02-13 10:06:00,2023-02-13 10:06:00
2023-02-14,2023-02-14 10:00:00,12586.0,400.0,-400.0,WIN,LOSS,12611.0,12611.0,2023-02-14 10:01:00,2023-02-14 10:01:00
2023-02-15,2023-02-15 10:00:00,12563.75,400.0,-400.0,WIN,LOSS,12588.75,12588.75,2023-02-15 10:01:00,2023-02-15 10:01:00
2023-02-16,2023-02-16 10:00:00,12563.75,-400.0,400.0,LOSS,WIN,12538.75,12538.75,2023-02-16 10:02:00,2023-02-16 10:02:00
2023-02-17,2023-02-17 10:00:00,12329.0,400.0,-400.0,WIN,LOSS,12354.0,12354.0,2023-02-17 10:03:00,2023-02-17 10:03:00
2023-02-21,2023-02-21 10:00:00,12228.25,-400.0,400.0,LOSS,WIN,12203.25,12203.25,2023-02-21 10:11:00,2023-02-21 10:11:00
2023-02-22,2023-02-22 10:00:00,12122.5,-400.0,400.0,LOSS,WIN,12097.5,12097.5,2023-02-22 10:02:00,2023-02-22 10:02:00
2023-02-23,2023-02-23 10:00:00,12232.25,-400.0,400.0,LOSS,WIN,12207.25,12207.25,2023-02-23 10:04:00,2023-02-23 10:04:00
2023-02-24,2023-02-24 10:00:00,11973.5,-400.0,400.0,LOSS,WIN,11948.5,11948.5,2023-02-24 10:08:00,2023-02-24 10:08:00
2023-02-27,2023-02-27 10:00:00,12147.25,400.0,-400.0,WIN,LOSS,12172.25,12172.25,2023-02-27 10:08:00,2023-02-27 10:08:00
2023-02-28,2023-02-28 10:00:00,12093.25,400.0,-400.0,WIN,LOSS,12118.25,12118.25,2023-02-28 10:04:00,2023-02-28 10:04:00
2023-03-01,2023-03-01 10:00:00,12052.0,-400.0,400.0,LOSS,WIN,12027.0,12027.0,2023-03-01 10:03:00,2023-03-01 10:03:00
2023-03-02,2023-03-02 10:00:00,11897.0,400.0,-400.0,WIN,LOSS,11922.0,11922.0,2023-03-02 10:02:00,2023-03-02 10:02:00
2023-03-03,2023-03-03 10:00:00,12190.25,-400.0,400.0,LOSS,WIN,12165.25,12165.25,2023-03-03 10:02:00,2023-03-03 10:02:00
2023-03-06,2023-03-06 10:00:00,12382.25,400.0,-400.0,WIN,LOSS,12407.25,12407.25,2023-03-06 10:14:00,2023-03-06 10:14:00
2023-03-07,2023-03-07 10:00:00,12333.5,-400.0,400.0,LOSS,WIN,12308.5,12308.5,2023-03-07 10:01:00,2023-03-07 10:01:00
2023-03-08,2023-03-08 10:00:00,12178.25,-400.0,400.0,LOSS,WIN,12153.25,12153.25,2023-03-08 10:01:00,2023-03-08 10:01:00
2023-03-09,2023-03-09 10:00:00,12326.75,400.0,-400.0,WIN,LOSS,12351.75,12351.75,2023-03-09 10:06:00,2023-03-09 10:06:00
2023-03-10,2023-03-10 10:00:00,11909.75,400.0,-400.0,WIN,LOSS,11934.75,11934.75,2023-03-10 10:01:00,2023-03-10 10:01:00
2023-03-13,2023-03-13 10:00:00,11889.0,-400.0,400.0,LOSS,WIN,11864.0,11864.0,2023-03-13 10:02:00,2023-03-13 10:02:00
2023-03-14,2023-03-14 10:00:00,12261.0,400.0,-400.0,WIN,LOSS,12286.0,12286.0,2023-03-14 10:06:00,2023-03-14 10:06:00
2023-03-15,2023-03-15 10:00:00,12209.75,400.0,-400.0,WIN,LOSS,12234.75,12234.75,2023-03-15 10:04:00,2023-03-15 10:04:00
2023-03-16,2023-03-16 10:00:00,12416.75,-400.0,400.0,LOSS,WIN,12391.75,12391.75,2023-03-16 10:05:00,2023-03-16 10:05:00
2023-03-17,2023-03-17 10:00:00,12749.5,400.0,-400.0,WIN,LOSS,12774.5,12774.5,2023-03-17 10:01:00,2023-03-17 10:01:00
2023-03-20,2023-03-20 10:00:00,12564.5,400.0,-400.0,WIN,LOSS,12589.5,12589.5,2023-03-20 10:01:00,2023-03-20 10:01:00
2023-03-21,2023-03-21 10:00:00,12815.0,-400.0,400.0,LOSS,WIN,12790.0,12790.0,2023-03-21 10:05:00,2023-03-21 10:05:00
2023-03-22,2023-03-22 10:00:00,12883.25,400.0,-400.0,WIN,LOSS,12908.25,12908.25,2023-03-22 10:27:00,2023-03-22 10:27:00
2023-03-23,2023-03-23 10:00:00,12889.75,400.0,-400.0,WIN,LOSS,12914.75,12914.75,2023-03-23 10:01:00,2023-03-23 10:01:00
2023-03-24,2023-03-24 10:00:00,12821.75,-400.0,400.0,LOSS,WIN,12796.75,12796.75,2023-03-24 10:08:00,2023-03-24 10:08:00
2023-03-27,2023-03-27 10:00:00,12932.5,-400.0,400.0,LOSS,WIN,12907.5,12907.5,2023-03-27 10:17:00,2023-03-27 10:17:00
2023-03-28,2023-03-28 10:00:00,12692.25,400.0,-400.0,WIN,LOSS,12717.25,12717.25,2023-03-28 10:11:00,2023-03-28 10:11:00
2023-03-29,2023-03-29 10:00:00,12914.75,-400.0,400.0,LOSS,WIN,12889.75,12889.75,2023-03-29 10:25:00,2023-03-29 10:25:00
2023-03-30,2023-03-30 10:00:00,13079.75,-400.0,400.0,LOSS,WIN,13054.75,13054.75,2023-03-30 10:05:00,2023-03-30 10:05:00
2023-03-31,2023-03-31 10:00:00,13141.25,400.0,-400.0,WIN,LOSS,13166.25,13166.25,2023-03-31 10:34:00,2023-03-31 10:34:00
2023-04-03,2023-04-03 10:00:00,13228.25,400.0,-400.0,WIN,LOSS,13253.25,13253.25,2023-04-03 10:03:00,2023-04-03 10:03:00
2023-04-04,2023-04-04 10:00:00,13280.75,400.0,-400.0,WIN,LOSS,13305.75,13305.75,2023-04-04 10:01:00,2023-04-04 10:01:00
2023-04-05,2023-04-05 10:00:00,13137.5,400.0,-400.0,WIN,LOSS,13162.5,13162.5,2023-04-05 10:01:00,2023-04-05 10:01:00
2023-04-06,2023-04-06 10:00:00,12985.75,400.0,-400.0,WIN,LOSS,13010.75,13010.75,2023-04-06 10:01:00,2023-04-06 10:01:00
2023-04-10,2023-04-10 10:00:00,12987.0,400.0,-400.0,WIN,LOSS,13012.0,13012.0,2023-04-10 10:15:00,2023-04-10 10:15:00
2023-04-11,2023-04-11 10:00:00,13107.0,-400.0,400.0,LOSS,WIN,13082.0,13082.0,2023-04-11 10:16:00,2023-04-11 10:16:00
2023-04-12,2023-04-12 10:00:00,13065.0,400.0,-400.0,WIN,LOSS,13090.0,13090.0,2023-04-12 10:05:00,2023-04-12 10:05:00
2023-04-13,2023-04-13 10:00:00,13067.25,400.0,-400.0,WIN,LOSS,13092.25,13092.25,2023-04-13 10:05:00,2023-04-13 10:05:00
2023-04-14,2023-04-14 10:00:00,13234.75,-400.0,400.0,LOSS,WIN,13209.75,13209.75,2023-04-14 10:07:00,2023-04-14 10:07:00
2023-04-17,2023-04-17 10:00:00,13162.25,400.0,-400.0,WIN,LOSS,13187.25,13187.25,2023-04-17 10:01:00,2023-04-17 10:01:00
2023-04-18,2023-04-18 10:00:00,13252.25,-400.0,400.0,LOSS,WIN,13227.25,13227.25,2023-04-18 10:02:00,2023-04-18 10:02:00
2023-04-19,2023-04-19 10:00:00,13094.75,400.0,-400.0,WIN,LOSS,13119.75,13119.75,2023-04-19 10:03:00,2023-04-19 10:03:00
2023-04-20,2023-04-20 10:00:00,13115.5,400.0,-400.0,WIN,LOSS,13140.5,13140.5,2023-04-20 10:08:00,2023-04-20 10:08:00
2023-04-21,2023-04-21 10:00:00,12996.0,400.0,-400.0,WIN,LOSS,13021.0,13021.0,2023-04-21 10:11:00,2023-04-21 10:11:00
2023-04-24,2023-04-24 10:00:00,13100.25,-400.0,400.0,LOSS,WIN,13075.25,13075.25,2023-04-24 10:05:00,2023-04-24 10:05:00
2023-04-25,2023-04-25 10:00:00,12979.0,-400.0,400.0,LOSS,WIN,12954.0,12954.0,2023-04-25 10:11:00,2023-04-25 10:11:00
2023-04-26,2023-04-26 10:00:00,12960.75,-400.0,400.0,LOSS,WIN,12935.75,12935.75,2023-04-26 10:04:00,2023-04-26 10:04:00
2023-04-27,2023-04-27 10:00:00,13023.5,400.0,-400.0,WIN,LOSS,13048.5,13048.5,2023-04-27 10:08:00,2023-04-27 10:08:00
2023-04-28,2023-04-28 10:00:00,13208.75,400.0,-400.0,WIN,LOSS,13233.75,13233.75,2023-04-28 10:06:00,2023-04-28 10:06:00
2023-05-01,2023-05-01 10:00:00,13310.5,-400.0,400.0,LOSS,WIN,13285.5,13285.5,2023-05-01 10:01:00,2023-05-01 10:01:00
2023-05-02,2023-05-02 10:00:00,13288.75,-400.0,400.0,LOSS,WIN,13263.75,13263.75,2023-05-02 10:05:00,2023-05-02 10:05:00
2023-05-03,2023-05-03 10:00:00,13232.5,-400.0,400.0,LOSS,WIN,13207.5,13207.5,2023-05-03 10:09:00,2023-05-03 10:09:00
2023-05-04,2023-05-04 10:00:00,13041.75,-400.0,400.0,LOSS,WIN,13016.75,13016.75,2023-05-04 10:17:00,2023-05-04 10:17:00
2023-05-05,2023-05-05 10:00:00,13190.75,400.0,-400.0,WIN,LOSS,13215.75,13215.75,2023-05-05 10:08:00,2023-05-05 10:08:00
2023-05-08,2023-05-08 10:00:00,13270.5,400.0,-400.0,WIN,LOSS,13295.5,13295.5,2023-05-08 10:56:00,2023-05-08 10:56:00
2023-05-09,2023-05-09 10:00:00,13310.0,-400.0,400.0,LOSS,WIN,13285.0,13285.0,2023-05-09 10:11:00,2023-05-09 10:11:00
2023-05-10,2023-05-10 10:00:00,13376.25,400.0,-400.0,WIN,LOSS,13401.25,13401.25,2023-05-10 10:02:00,2023-05-10 10:02:00
2023-05-11,2023-05-11 10:00:00,13385.5,400.0,-400.0,WIN,LOSS,13410.5,13410.5,2023-05-11 10:16:00,2023-05-11 10:16:00
2023-05-12,2023-05-12 10:00:00,13445.0,-400.0,400.0,LOSS,WIN,13420.0,13420.0,2023-05-12 10:03:00,2023-05-12 10:03:00
2023-05-15,2023-05-15 10:00:00,13376.75,-400.0,400.0,LOSS,WIN,13351.75,13351.75,2023-05-15 10:13:00,2023-05-15 10:13:00
2023-05-16,2023-05-16 10:00:00,13485.75,-400.0,400.0,LOSS,WIN,13460.75,13460.75,2023-05-16 10:11:00,2023-05-16 10:11:00
2023-05-17,2023-05-17 10:00:00,13479.25,400.0,-400.0,WIN,LOSS,13504.25,13504.25,2023-05-17 10:11:00,2023-05-17 10:11:00
2023-05-18,2023-05-18 10:00:00,13712.5,400.0,-400.0,WIN,LOSS,13737.5,13737.5,2023-05-18 10:10:00,2023-05-18 10:10:00
2023-05-19,2023-05-19 10:00:00,13897.25,-400.0,400.0,LOSS,WIN,13872.25,13872.25,2023-05-19 10:02:00,2023-05-19 10:02:00
2023-05-22,2023-05-22 10:00:00,13929.25,-400.0,400.0,LOSS,WIN,13904.25,13904.25,2023-05-22 10:06:00,2023-05-22 10:06:00
2023-05-23,2023-05-23 10:00:00,13863.75,-400.0,400.0,LOSS,WIN,13838.75,13838.75,2023-05-23 10:50:00,2023-05-23 10:50:00
2023-05-24,2023-05-24 10:00:00,13643.25,-400.0,400.0,LOSS,WIN,13618.25,13618.25,2023-05-24 10:04:00,2023-05-24 10:04:00
2023-05-25,2023-05-25 10:00:00,13876.25,400.0,-400.0,WIN,LOSS,13901.25,13901.25,2023-05-25 10:01:00,2023-05-25 10:01:00
2023-05-26,2023-05-26 10:00:00,14118.75,400.0,-400.0,WIN,LOSS,14143.75,14143.75,2023-05-26 10:01:00,2023-05-26 10:01:00
2023-05-30,2023-05-30 10:00:00,14443.5,-400.0,400.0,LOSS,WIN,14418.5,14418.5,2023-05-30 10:01:00,2023-05-30 10:01:00
2023-05-31,2023-05-31 10:00:00,14376.0,-400.0,400.0,LOSS,WIN,14351.0,14351.0,2023-05-31 10:10:00,2023-05-31 10:10:00
2023-06-01,2023-06-01 10:00:00,14310.25,400.0,-400.0,WIN,LOSS,14335.25,14335.25,2023-06-01 10:06:00,2023-06-01 10:06:00
2023-06-02,2023-06-02 10:00:00,14481.75,400.0,-400.0,WIN,LOSS,14506.75,14506.75,2023-06-02 10:04:00,2023-06-02 10:04:00
2023-06-05,2023-06-05 10:00:00,14597.5,400.0,-400.0,WIN,LOSS,14622.5,14622.5,2023-06-05 10:01:00,2023-06-05 10:01:00
2023-06-06,2023-06-06 10:00:00,14545.75,400.0,-400.0,WIN,LOSS,14570.75,14570.75,2023-06-06 10:11:00,2023-06-06 10:11:00
2023-06-07,2023-06-07 10:00:00,14630.75,-400.0,400.0,LOSS,WIN,14605.75,14605.75,2023-06-07 10:03:00,2023-06-07 10:03:00
2023-06-08,2023-06-08 10:00:00,14378.75,400.0,-400.0,WIN,LOSS,14403.75,14403.75,2023-06-08 10:05:00,2023-06-08 10:05:00
2023-06-09,2023-06-09 10:00:00,14654.0,400.0,-400.0,WIN,LOSS,14679.0,14679.0,2023-06-09 10:15:00,2023-06-09 10:15:00
2023-06-12,2023-06-12 10:00:00,14796.25,-400.0,400.0,LOSS,WIN,14771.25,14771.25,2023-06-12 10:05:00,2023-06-12 10:05:00
2023-06-13,2023-06-13 10:00:00,15024.5,400.0,-400.0,WIN,LOSS,15049.5,15049.5,2023-06-13 10:02:00,2023-06-13 10:02:00
2023-06-14,2023-06-14 10:00:00,15120.5,400.0,-400.0,WIN,LOSS,15145.5,15145.5,2023-06-14 10:07:00,2023-06-14 10:07:00
2023-06-15,2023-06-15 10:00:00,15201.25,400.0,-400.0,WIN,LOSS,15226.25,15226.25,2023-06-15 10:06:00,2023-06-15 10:06:00
2023-06-16,2023-06-16 10:00:00,15361.25,400.0,-400.0,WIN,LOSS,15386.25,15386.25,2023-06-16 10:10:00,2023-06-16 10:10:00
2023-06-20,2023-06-20 10:00:00,15224.75,400.0,-400.0,WIN,LOSS,15249.75,15249.75,2023-06-20 10:11:00,2023-06-20 10:11:00
2023-06-21,2023-06-21 10:00:00,15127.25,-400.0,400.0,LOSS,WIN,15102.25,15102.25,2023-06-21 10:01:00,2023-06-21 10:01:00
2023-06-22,2023-06-22 10:00:00,15083.5,400.0,-400.0,WIN,LOSS,15108.5,15108.5,2023-06-22 10:11:00,2023-06-22 10:11:00
2023-06-23,2023-06-23 10:00:00,15020.75,400.0,-400.0,WIN,LOSS,15045.75,15045.75,2023-06-23 10:09:00,2023-06-23 10:09:00
2023-06-26,2023-06-26 10:00:00,15137.0,-400.0,400.0,LOSS,WIN,15112.0,15112.0,2023-06-26 10:21:00,2023-06-26 10:21:00
2023-06-27,2023-06-27 10:00:00,14958.5,-400.0,400.0,LOSS,WIN,14933.5,14933.5,2023-06-27 10:07:00,2023-06-27 10:07:00
2023-06-28,2023-06-28 10:00:00,15090.75,-400.0,400.0,LOSS,WIN,15065.75,15065.75,2023-06-28 10:03:00,2023-06-28 10:03:00
2023-06-29,2023-06-29 10:00:00,15098.5,400.0,-400.0,WIN,LOSS,15123.5,15123.5,2023-06-29 10:04:00,2023-06-29 10:04:00
2023-06-30,2023-06-30 10:00:00,15319.25,400.0,-400.0,WIN,LOSS,15344.25,15344.25,2023-06-30 10:14:00,2023-06-30 10:14:00
2023-07-05,2023-07-05 10:00:00,15374.75,400.0,-400.0,WIN,LOSS,15399.75,15399.75,2023-07-05 10:16:00,2023-07-05 10:16:00
2023-07-06,2023-07-06 10:00:00,15156.25,-400.0,400.0,LOSS,WIN,15131.25,15131.25,2023-07-06 10:01:00,2023-07-06 10:01:00
2023-07-07,2023-07-07 10:00:00,15272.75,-400.0,400.0,LOSS,WIN,15247.75,15247.75,2023-07-07 10:15:00,2023-07-07 10:15:00
2023-07-10,2023-07-10 10:00:00,15114.5,400.0,-400.0,WIN,LOSS,15139.5,15139.5,2023-07-10 10:02:00,2023-07-10 10:02:00
2023-07-11,2023-07-11 10:00:00,15166.0,-400.0,400.0,LOSS,WIN,15141.0,15141.0,2023-07-11 10:04:00,2023-07-11 10:04:00
2023-07-12,2023-07-12 10:00:00,15463.0,400.0,-400.0,WIN,LOSS,15488.0,15488.0,2023-07-12 10:09:00,2023-07-12 10:09:00
2023-07-13,2023-07-13 10:00:00,15606.25,-400.0,400.0,LOSS,WIN,15581.25,15581.25,2023-07-13 10:05:00,2023-07-13 10:05:00
2023-07-14,2023-07-14 10:00:00,15808.0,-400.0,400.0,LOSS,WIN,15783.0,15783.0,2023-07-14 10:01:00,2023-07-14 10:01:00
2023-07-17,2023-07-17 10:00:00,15740.0,400.0,-400.0,WIN,LOSS,15765.0,15765.0,2023-07-17 10:21:00,2023-07-17 10:21:00
2023-07-18,2023-07-18 10:00:00,15778.75,-400.0,400.0,LOSS,WIN,15753.75,15753.75,2023-07-18 10:26:00,2023-07-18 10:26:00
2023-07-19,2023-07-19 10:00:00,16002.5,-400.0,400.0,LOSS,WIN,15977.5,15977.5,2023-07-19 10:15:00,2023-07-19 10:15:00
2023-07-20,2023-07-20 10:00:00,15861.5,-400.0,400.0,LOSS,WIN,15836.5,15836.5,2023-07-20 10:01:00,2023-07-20 10:01:00
2023-07-21,2023-07-21 10:00:00,15622.0,-400.0,400.0,LOSS,WIN,15597.0,15597.0,2023-07-21 10:02:00,2023-07-21 10:02:00
2023-07-24,2023-07-24 10:00:00,15505.75,400.0,-400.0,WIN,LOSS,15530.75,15530.75,2023-07-24 10:12:00,2023-07-24 10:12:00
2023-07-25,2023-07-25 10:00:00,15663.0,-400.0,400.0,LOSS,WIN,15638.0,15638.0,2023-07-25 10:06:00,2023-07-25 10:06:00
2023-07-26,2023-07-26 10:00:00,15625.5,-400.0,400.0,LOSS,WIN,15600.5,15600.5,2023-07-26 10:23:00,2023-07-26 10:23:00
2023-07-27,2023-07-27 10:00:00,15870.5,-400.0,400.0,LOSS,WIN,15845.5,15845.5,2023-07-27 10:08:00,2023-07-27 10:08:00
2023-07-28,2023-07-28 10:00:00,15788.75,400.0,-400.0,WIN,LOSS,15813.75,15813.75,2023-07-28 10:01:00,2023-07-28 10:01:00
2023-07-31,2023-07-31 10:00:00,15827.75,400.0,-400.0,WIN,LOSS,15852.75,15852.75,2023-07-31 10:11:00,2023-07-31 10:11:00
2023-08-01,2023-08-01 10:00:00,15783.0,400.0,-400.0,WIN,LOSS,15808.0,15808.0,2023-08-01 10:05:00,2023-08-01 10:05:00
2023-08-02,2023-08-02 10:00:00,15601.75,-400.0,400.0,LOSS,WIN,15576.75,15576.75,2023-08-02 10:07:00,2023-08-02 10:07:00
2023-08-03,2023-08-03 10:00:00,15437.0,400.0,-400.0,WIN,LOSS,15462.0,15462.0,2023-08-03 10:02:00,2023-08-03 10:02:00
2023-08-04,2023-08-04 10:00:00,15449.25,-400.0,400.0,LOSS,WIN,15424.25,15424.25,2023-08-04 10:02:00,2023-08-04 10:02:00
2023-08-07,2023-08-07 10:00:00,15387.0,-400.0,400.0,LOSS,WIN,15362.0,15362.0,2023-08-07 10:01:00,2023-08-07 10:01:00
2023-08-08,2023-08-08 10:00:00,15294.0,-400.0,400.0,LOSS,WIN,15269.0,15269.0,2023-08-08 10:01:00,2023-08-08 10:01:00
2023-08-09,2023-08-09 10:00:00,15279.5,-400.0,400.0,LOSS,WIN,15254.5,15254.5,2023-08-09 10:50:00,2023-08-09 10:50:00
2023-08-10,2023-08-10 10:00:00,15422.25,-400.0,400.0,LOSS,WIN,15397.25,15397.25,2023-08-10 10:22:00,2023-08-10 10:22:00
2023-08-11,2023-08-11 10:00:00,15071.25,400.0,-400.0,WIN,LOSS,15096.25,15096.25,2023-08-11 10:01:00,2023-08-11 10:01:00
2023-08-14,2023-08-14 10:00:00,15116.75,400.0,-400.0,WIN,LOSS,15141.75,15141.75,2023-08-14 10:09:00,2023-08-14 10:09:00
2023-08-15,2023-08-15 10:00:00,15182.0,-400.0,400.0,LOSS,WIN,15157.0,15157.0,2023-08-15 10:05:00,2023-08-15 10:05:00
2023-08-16,2023-08-16 10:00:00,15101.5,-400.0,400.0,LOSS,WIN,15076.5,15076.5,2023-08-16 10:01:00,2023-08-16 10:01:00
2023-08-17,2023-08-17 10:00:00,14928.75,-400.0,400.0,LOSS,WIN,14903.75,14903.75,2023-08-17 10:06:00,2023-08-17 10:06:00
2023-08-18,2023-08-18 10:00:00,14640.75,-400.0,400.0,LOSS,WIN,14615.75,14615.75,2023-08-18 10:03:00,2023-08-18 10:03:00
2023-08-21,2023-08-21 10:00:00,14913.25,-400.0,400.0,LOSS,WIN,14888.25,14888.25,2023-08-21 10:15:00,2023-08-21 10:15:00
2023-08-22,2023-08-22 10:00:00,15004.25,400.0,-400.0,WIN,LOSS,15029.25,15029.25,2023-08-22 10:07:00,2023-08-22 10:07:00
2023-08-23,2023-08-23 10:00:00,15093.5,400.0,-400.0,WIN,LOSS,15118.5,15118.5,2023-08-23 10:12:00,2023-08-23 10:12:00
2023-08-24,2023-08-24 10:00:00,15224.0,-400.0,400.0,LOSS,WIN,15199.0,15199.0,2023-08-24 10:06:00,2023-08-24 10:06:00
2023-08-25,2023-08-25 10:00:00,14946.5,-400.0,400.0,LOSS,WIN,14921.5,14921.5,2023-08-25 10:02:00,2023-08-25 10:02:00
2023-08-28,2023-08-28 10:00:00,15052.25,400.0,-400.0,WIN,LOSS,15077.25,15077.25,2023-08-28 10:16:00,2023-08-28 10:16:00
2023-08-29,2023-08-29 10:00:00,15157.5,400.0,-400.0,WIN,LOSS,15182.5,15182.5,2023-08-29 10:01:00,2023-08-29 10:01:00
2023-08-30,2023-08-30 10:00:00,15465.0,400.0,-400.0,WIN,LOSS,15490.0,15490.0,2023-08-30 10:10:00,2023-08-30 10:10:00
2023-08-31,2023-08-31 10:00:00,15566.75,-400.0,400.0,LOSS,WIN,15541.75,15541.75,2023-08-31 10:06:00,2023-08-31 10:06:00
2023-09-01,2023-09-01 10:00:00,15555.75,-400.0,400.0,LOSS,WIN,15530.75,15530.75,2023-09-01 10:01:00,2023-09-01 10:01:00
2023-09-05,2023-09-05 10:00:00,15462.75,400.0,-400.0,WIN,LOSS,15487.75,15487.75,2023-09-05 10:11:00,2023-09-05 10:11:00
2023-09-06,2023-09-06 10:00:00,15483.0,-400.0,400.0,LOSS,WIN,15458.0,15458.0,2023-09-06 10:01:00,2023-09-06 10:01:00
2023-09-07,2023-09-07 10:00:00,15192.5,-400.0,400.0,LOSS,WIN,15167.5,15167.5,2023-09-07 10:03:00,2023-09-07 10:03:00
2023-09-08,2023-09-08 10:00:00,15333.0,400.0,-400.0,WIN,LOSS,15358.0,15358.0,2023-09-08 10:04:00,2023-09-08 10:04:00
2023-09-11,2023-09-11 10:00:00,15563.5,400.0,-400.0,WIN,LOSS,15588.5,15588.5,2023-09-11 10:03:00,2023-09-11 10:03:00
2023-09-12,2023-09-12 10:00:00,15650.25,-400.0,400.0,LOSS,WIN,15625.25,15625.25,2023-09-12 10:11:00,2023-09-12 10:11:00
2023-09-13,2023-09-13 10:00:00,15547.5,-400.0,400.0,LOSS,WIN,15522.5,15522.5,2023-09-13 10:03:00,2023-09-13 10:03:00
2023-09-14,2023-09-14 10:00:00,15582.25,-400.0,400.0,LOSS,WIN,15557.25,15557.25,2023-09-14 10:02:00,2023-09-14 10:02:00
2023-09-15,2023-09-15 10:00:00,15512.25,-400.0,400.0,LOSS,WIN,15487.25,15487.25,2023-09-15 10:09:00,2023-09-15 10:09:00
2023-09-18,2023-09-18 10:00:00,15409.25,400.0,-400.0,WIN,LOSS,15434.25,15434.25,2023-09-18 10:12:00,2023-09-18 10:12:00
2023-09-19,2023-09-19 10:00:00,15304.0,-400.0,400.0,LOSS,WIN,15279.0,15279.0,2023-09-19 10:02:00,2023-09-19 10:02:00
2023-09-20,2023-09-20 10:00:00,15412.5,-400.0,400.0,LOSS,WIN,15387.5,15387.5,2023-09-20 10:05:00,2023-09-20 10:05:00
2023-09-21,2023-09-21 10:00:00,14933.75,400.0,-400.0,WIN,LOSS,14958.75,14958.75,2023-09-21 10:06:00,2023-09-21 10:06:00
2023-09-22,2023-09-22 10:00:00,14950.25,-400.0,400.0,LOSS,WIN,14925.25,14925.25,2023-09-22 10:02:00,2023-09-22 10:02:00
2023-09-25,2023-09-25 10:00:00,14875.75,-400.0,400.0,LOSS,WIN,14850.75,14850.75,2023-09-25 10:04:00,2023-09-25 10:04:00
2023-09-26,2023-09-26 10:00:00,14770.0,-400.0,400.0,LOSS,WIN,14745.0,14745.0,2023-09-26 10:14:00,2023-09-26 10:14:00
2023-09-27,2023-09-27 10:00:00,14764.75,-400.0,400.0,LOSS,WIN,14739.75,14739.75,2023-09-27 10:02:00,2023-09-27 10:02:00
2023-09-28,2023-09-28 10:00:00,14744.25,400.0,-400.0,WIN,LOSS,14769.25,14769.25,2023-09-28 10:02:00,2023-09-28 10:02:00
2023-09-29,2023-09-29 10:00:00,15032.25,400.0,-400.0,WIN,LOSS,15057.25,15057.25,2023-09-29 10:02:00,2023-09-29 10:02:00
2023-10-02,2023-10-02 10:00:00,14921.25,400.0,-400.0,WIN,LOSS,14946.25,14946.25,2023-10-02 10:01:00,2023-10-02 10:01:00
2023-10-03,2023-10-03 10:00:00,14951.0,-400.0,400.0,LOSS,WIN,14926.0,14926.0,2023-10-03 10:01:00,2023-10-03 10:01:00
2023-10-04,2023-10-04 10:00:00,14803.0,-400.0,400.0,LOSS,WIN,14778.0,14778.0,2023-10-04 10:01:00,2023-10-04 10:01:00
2023-10-05,2023-10-05 10:00:00,14837.0,-400.0,400.0,LOSS,WIN,14812.0,14812.0,2023-10-05 10:01:00,2023-10-05 10:01:00
2023-10-06,2023-10-06 10:00:00,14762.75,-400.0,400.0,LOSS,WIN,14737.75,14737.75,2023-10-06 10:01:00,2023-10-06 10:01:00
2023-10-09,2023-10-09 10:00:00,15054.0,-400.0,400.0,LOSS,WIN,15029.0,15029.0,2023-10-09 10:02:00,2023-10-09 10:02:00
2023-10-10,2023-10-10 10:00:00,15240.5,400.0,-400.0,WIN,LOSS,15265.5,15265.5,2023-10-10 10:03:00,2023-10-10 10:03:00
2023-10-11,2023-10-11 10:00:00,15330.0,-400.0,400.0,LOSS,WIN,15305.0,15305.0,2023-10-11 10:03:00,2023-10-11 10:03:00
2023-10-12,2023-10-12 10:00:00,15385.75,400.0,-400.0,WIN,LOSS,15410.75,15410.75,2023-10-12 10:05:00,2023-10-12 10:05:00
2023-10-13,2023-10-13 10:00:00,15344.25,-400.0,400.0,LOSS,WIN,15319.25,15319.25,2023-10-13 10:01:00,2023-10-13 10:01:00
2023-10-16,2023-10-16 10:00:00,15227.25,400.0,-400.0,WIN,LOSS,15252.25,15252.25,2023-10-16 10:11:00,2023-10-16 10:11:00
2023-10-17,2023-10-17 10:00:00,15079.5,400.0,-400.0,WIN,LOSS,15104.5,15104.5,2023-10-17 10:06:00,2023-10-17 10:06:00
2023-10-18,2023-10-18 10:00:00,15164.5,-400.0,400.0,LOSS,WIN,15139.5,15139.5,2023-10-18 10:01:00,2023-10-18 10:01:00
2023-10-19,2023-10-19 10:00:00,15057.25,400.0,-400.0,WIN,LOSS,15082.25,15082.25,2023-10-19 10:10:00,2023-10-19 10:10:00
2023-10-20,2023-10-20 10:00:00,14837.25,-400.0,400.0,LOSS,WIN,14812.25,14812.25,2023-10-20 10:11:00,2023-10-20 10:11:00
2023-10-23,2023-10-23 10:00:00,14636.25,-400.0,400.0,LOSS,WIN,14611.25,14611.25,2023-10-23 10:02:00,2023-10-23 10:02:00
2023-10-24,2023-10-24 10:00:00,14826.75,-400.0,400.0,LOSS,WIN,14801.75,14801.75,2023-10-24 10:03:00,2023-10-24 10:03:00
2023-10-25,2023-10-25 10:00:00,14651.75,-400.0,400.0,LOSS,WIN,14626.75,14626.75,2023-10-25 10:01:00,2023-10-25 10:01:00
2023-10-26,2023-10-26 10:00:00,14330.5,-400.0,400.0,LOSS,WIN,14305.5,14305.5,2023-10-26 10:02:00,2023-10-26 10:02:00
2023-10-27,2023-10-27 10:00:00,14327.5,-400.0,400.0,LOSS,WIN,14302.5,14302.5,2023-10-27 10:01:00,2023-10-27 10:01:00
2023-10-30,2023-10-30 10:00:00,14451.0,-400.0,400.0,LOSS,WIN,14426.0,14426.0,2023-10-30 10:02:00,2023-10-30 10:02:00
2023-10-31,2023-10-31 10:00:00,14340.75,400.0,-400.0,WIN,LOSS,14365.75,14365.75,2023-10-31 10:07:00,2023-10-31 10:07:00
2023-11-01,2023-11-01 10:00:00,14549.75,400.0,-400.0,WIN,LOSS,14574.75,14574.75,2023-11-01 10:02:00,2023-11-01 10:02:00
2023-11-02,2023-11-02 10:00:00,14915.25,-400.0,400.0,LOSS,WIN,14890.25,14890.25,2023-11-02 10:07:00,2023-11-02 10:07:00
2023-11-03,2023-11-03 10:00:00,15126.0,-400.0,400.0,LOSS,WIN,15101.0,15101.0,2023-11-03 10:05:00,2023-11-03 10:05:00
2023-11-06,2023-11-06 10:00:00,15216.5,-400.0,400.0,LOSS,WIN,15191.5,15191.5,2023-11-06 10:11:00,2023-11-06 10:11:00
2023-11-07,2023-11-07 10:00:00,15297.75,-400.0,400.0,LOSS,WIN,15272.75,15272.75,2023-11-07 10:10:00,2023-11-07 10:10:00
2023-11-08,2023-11-08 10:00:00,15389.75,-400.0,400.0,LOSS,WIN,15364.75,15364.75,2023-11-08 10:02:00,2023-11-08 10:02:00
2023-11-09,2023-11-09 10:00:00,15422.75,-400.0,400.0,LOSS,WIN,15397.75,15397.75,2023-11-09 10:01:00,2023-11-09 10:01:00
2023-11-10,2023-11-10 10:00:00,15375.25,-400.0,400.0,LOSS,WIN,15350.25,15350.25,2023-11-10 10:02:00,2023-11-10 10:02:00
2023-11-13,2023-11-13 10:00:00,15490.5,400.0,-400.0,WIN,LOSS,15515.5,15515.5,2023-11-13 10:14:00,2023-11-13 10:14:00
2023-11-14,2023-11-14 10:00:00,15862.0,400.0,-400.0,WIN,LOSS,15887.0,15887.0,2023-11-14 10:05:00,2023-11-14 10:05:00
2023-11-15,2023-11-15 10:00:00,15917.75,400.0,-400.0,WIN,LOSS,15942.75,15942.75,2023-11-15 10:18:00,2023-11-15 10:18:00
2023-11-16,2023-11-16 10:00:00,15889.25,-400.0,400.0,LOSS,WIN,15864.25,15864.25,2023-11-16 10:17:00,2023-11-16 10:17:00
2023-11-17,2023-11-17 10:00:00,15873.5,-400.0,400.0,LOSS,WIN,15848.5,15848.5,2023-11-17 10:10:00,2023-11-17 10:10:00
2023-11-20,2023-11-20 10:00:00,15996.0,-400.0,400.0,LOSS,WIN,15971.0,15971.0,2023-11-20 10:14:00,2023-11-20 10:14:00
2023-11-21,2023-11-21 10:00:00,15985.5,-400.0,400.0,LOSS,WIN,15960.5,15960.5,2023-11-21 10:21:00,2023-11-21 10:21:00
2023-11-22,2023-11-22 10:00:00,16067.0,-400.0,400.0,LOSS,WIN,16042.0,16042.0,2023-11-22 10:01:00,2023-11-22 10:01:00
2023-11-27,2023-11-27 10:00:00,16008.25,400.0,-400.0,WIN,LOSS,16033.25,16033.25,2023-11-27 10:08:00,2023-11-27 10:08:00
2023-11-28,2023-11-28 10:00:00,15968.0,400.0,-400.0,WIN,LOSS,15993.0,15993.0,2023-11-28 10:03:00,2023-11-28 10:03:00
2023-11-29,2023-11-29 10:00:00,16194.75,-400.0,400.0,LOSS,WIN,16169.75,16169.75,2023-11-29 10:04:00,2023-11-29 10:04:00
2023-11-30,2023-11-30 10:00:00,15976.25,-400.0,400.0,LOSS,WIN,15951.25,15951.25,2023-11-30 10:01:00,2023-11-30 10:01:00
2023-12-01,2023-12-01 10:00:00,15913.5,400.0,-400.0,WIN,LOSS,15938.5,15938.5,2023-12-01 10:01:00,2023-12-01 10:01:00
2023-12-04,2023-12-04 10:00:00,15839.5,400.0,-400.0,WIN,LOSS,15864.5,15864.5,2023-12-04 10:05:00,2023-12-04 10:05:00
2023-12-05,2023-12-05 10:00:00,15854.75,400.0,-400.0,WIN,LOSS,15879.75,15879.75,2023-12-05 10:01:00,2023-12-05 10:01:00
2023-12-06,2023-12-06 10:00:00,15948.75,-400.0,400.0,LOSS,WIN,15923.75,15923.75,2023-12-06 10:01:00,2023-12-06 10:01:00
2023-12-07,2023-12-07 10:00:00,15907.25,400.0,-400.0,WIN,LOSS,15932.25,15932.25,2023-12-07 10:05:00,2023-12-07 10:05:00
2023-12-08,2023-12-08 10:00:00,15997.75,400.0,-400.0,WIN,LOSS,16022.75,16022.75,2023-12-08 10:01:00,2023-12-08 10:01:00
2023-12-11,2023-12-11 10:00:00,16160.75,-400.0,400.0,LOSS,WIN,16135.75,16135.75,2023-12-11 10:30:00,2023-12-11 10:30:00
2023-12-12,2023-12-12 10:00:00,16467.5,400.0,-400.0,WIN,LOSS,16492.5,16492.5,2023-12-12 10:58:00,2023-12-12 10:58:00
2023-12-13,2023-12-13 10:00:00,16610.75,400.0,-400.0,WIN,LOSS,16635.75,16635.75,2023-12-13 10:19:00,2023-12-13 10:19:00
2023-12-14,2023-12-14 10:00:00,16849.25,-400.0,400.0,LOSS,WIN,16824.25,16824.25,2023-12-14 10:01:00,2023-12-14 10:01:00
2023-12-15,2023-12-15 10:00:00,16822.75,400.0,-400.0,WIN,LOSS,16847.75,16847.75,2023-12-15 10:16:00,2023-12-15 10:16:00
2023-12-18,2023-12-18 10:00:00,16878.75,400.0,-400.0,WIN,LOSS,16903.75,16903.75,2023-12-18 10:18:00,2023-12-18 10:18:00
2023-12-19,2023-12-19 10:00:00,16981.0,-400.0,400.0,LOSS,WIN,16956.0,16956.0,2023-12-19 10:01:00,2023-12-19 10:01:00
2023-12-20,2023-12-20 10:00:00,17016.5,400.0,-400.0,WIN,LOSS,17041.5,17041.5,2023-12-20 10:16:00,2023-12-20 10:16:00
2023-12-21,2023-12-21 10:00:00,16893.5,-400.0,400.0,LOSS,WIN,16868.5,16868.5,2023-12-21 10:06:00,2023-12-21 10:06:00
2023-12-22,2023-12-22 10:00:00,17024.5,-400.0,400.0,LOSS,WIN,16999.5,16999.5,2023-12-22 10:57:00,2023-12-22 10:57:00
2023-12-26,2023-12-26 10:00:00,17041.0,400.0,-400.0,WIN,LOSS,17066.0,17066.0,2023-12-26 14:33:00,2023-12-26 14:33:00
2023-12-27,2023-12-27 10:00:00,17115.5,-400.0,400.0,LOSS,WIN,17090.5,17090.5,2023-12-27 10:11:00,2023-12-27 10:11:00
2023-12-28,2023-12-28 10:00:00,17124.5,-400.0,400.0,LOSS,WIN,17099.5,17099.5,2023-12-28 13:03:00,2023-12-28 13:03:00
2023-12-29,2023-12-29 10:00:00,17096.25,-400.0,400.0,LOSS,WIN,17071.25,17071.25,2023-12-29 10:34:00,2023-12-29 10:34:00
2024-01-02,2024-01-02 10:00:00,16763.5,400.0,-400.0,WIN,LOSS,16788.5,16788.5,2024-01-02 10:02:00,2024-01-02 10:02:00
2024-01-03,2024-01-03 10:00:00,16612.75,400.0,-400.0,WIN,LOSS,16637.75,16637.75,2024-01-03 10:01:00,2024-01-03 10:01:00
2024-01-04,2024-01-04 10:00:00,16460.25,400.0,-400.0,WIN,LOSS,16485.25,16485.25,2024-01-04 10:01:00,2024-01-04 10:01:00
2024-01-05,2024-01-05 10:00:00,16472.75,400.0,-400.0,WIN,LOSS,16497.75,16497.75,2024-01-05 10:01:00,2024-01-05 10:01:00
2024-01-08,2024-01-08 10:00:00,16628.5,400.0,-400.0,WIN,LOSS,16653.5,16653.5,2024-01-08 10:32:00,2024-01-08 10:32:00
2024-01-09,2024-01-09 10:00:00,16705.0,400.0,-400.0,WIN,LOSS,16730.0,16730.0,2024-01-09 10:10:00,2024-01-09 10:10:00
2024-01-10,2024-01-10 10:00:00,16837.25,-400.0,400.0,LOSS,WIN,16812.25,16812.25,2024-01-10 10:02:00,2024-01-10 10:02:00
2024-01-11,2024-01-11 10:00:00,16958.25,-400.0,400.0,LOSS,WIN,16933.25,16933.25,2024-01-11 10:01:00,2024-01-11 10:01:00
2024-01-12,2024-01-12 10:00:00,16986.5,-400.0,400.0,LOSS,WIN,16961.5,16961.5,2024-01-12 10:01:00,2024-01-12 10:01:00
2024-01-16,2024-01-16 10:00:00,16914.0,400.0,-400.0,WIN,LOSS,16939.0,16939.0,2024-01-16 10:12:00,2024-01-16 10:12:00
2024-01-17,2024-01-17 10:00:00,16707.5,400.0,-400.0,WIN,LOSS,16732.5,16732.5,2024-01-17 10:04:00,2024-01-17 10:04:00
2024-01-18,2024-01-18 10:00:00,17027.5,-400.0,400.0,LOSS,WIN,17002.5,17002.5,2024-01-18 10:02:00,2024-01-18 10:02:00
2024-01-19,2024-01-19 10:00:00,17210.0,-400.0,400.0,LOSS,WIN,17185.0,17185.0,2024-01-19 10:07:00,2024-01-19 10:07:00
2024-01-22,2024-01-22 10:00:00,17540.5,-400.0,400.0,LOSS,WIN,17515.5,17515.5,2024-01-22 10:04:00,2024-01-22 10:04:00
2024-01-23,2024-01-23 10:00:00,17473.75,-400.0,400.0,LOSS,WIN,17448.75,17448.75,2024-01-23 10:24:00,2024-01-23 10:24:00
2024-01-24,2024-01-24 10:00:00,17669.5,-400.0,400.0,LOSS,WIN,17644.5,17644.5,2024-01-24 10:01:00,2024-01-24 10:01:00
2024-01-25,2024-01-25 10:00:00,17669.0,400.0,-400.0,WIN,LOSS,17694.0,17694.0,2024-01-25 10:09:00,2024-01-25 10:09:00
2024-01-26,2024-01-26 10:00:00,17548.5,-400.0,400.0,LOSS,WIN,17523.5,17523.5,2024-01-26 10:05:00,2024-01-26 10:05:00
2024-01-29,2024-01-29 10:00:00,17558.5,-400.0,400.0,LOSS,WIN,17533.5,17533.5,2024-01-29 10:04:00,2024-01-29 10:04:00
2024-01-30,2024-01-30 10:00:00,17669.25,-400.0,400.0,LOSS,WIN,17644.25,17644.25,2024-01-30 10:01:00,2024-01-30 10:01:00
2024-01-31,2024-01-31 10:00:00,17370.0,-400.0,400.0,LOSS,WIN,17345.0,17345.0,2024-01-31 10:14:00,2024-01-31 10:14:00
2024-02-01,2024-02-01 10:00:00,17300.25,400.0,-400.0,WIN,LOSS,17325.25,17325.25,2024-02-01 10:07:00,2024-02-01 10:07:00
2024-02-02,2024-02-02 10:00:00,17590.5,-400.0,400.0,LOSS,WIN,17565.5,17565.5,2024-02-02 10:09:00,2024-02-02 10:09:00
2024-02-05,2024-02-05 10:00:00,17704.75,-400.0,400.0,LOSS,WIN,17679.75,17679.75,2024-02-05 10:01:00,2024-02-05 10:01:00
2024-02-06,2024-02-06 10:00:00,17654.25,-400.0,400.0,LOSS,WIN,17629.25,17629.25,2024-02-06 10:03:00,2024-02-06 10:03:00
2024-02-07,2024-02-07 10:00:00,17745.75,400.0,-400.0,WIN,LOSS,17770.75,17770.75,2024-02-07 10:11:00,2024-02-07 10:11:00
2024-02-08,2024-02-08 10:00:00,17851.25,-400.0,400.0,LOSS,WIN,17826.25,17826.25,2024-02-08 10:30:00,2024-02-08 10:30:00
2024-02-09,2024-02-09 10:00:00,17940.25,400.0,-400.0,WIN,LOSS,17965.25,17965.25,2024-02-09 10:18:00,2024-02-09 10:18:00
2024-02-12,2024-02-12 10:00:00,18040.5,-400.0,400.0,LOSS,WIN,18015.5,18015.5,2024-02-12 10:15:00,2024-02-12 10:15:00
2024-02-13,2024-02-13 10:00:00,17674.5,-400.0,400.0,LOSS,WIN,17649.5,17649.5,2024-02-13 10:04:00,2024-02-13 10:04:00
2024-02-14,2024-02-14 10:00:00,17789.25,400.0,-400.0,WIN,LOSS,17814.25,17814.25,2024-02-14 10:08:00,2024-02-14 10:08:00
2024-02-15,2024-02-15 10:00:00,17816.25,400.0,-400.0,WIN,LOSS,17841.25,17841.25,2024-02-15 10:09:00,2024-02-15 10:09:00
2024-02-16,2024-02-16 10:00:00,17772.0,-400.0,400.0,LOSS,WIN,17747.0,17747.0,2024-02-16 10:01:00,2024-02-16 10:01:00
2024-02-20,2024-02-20 10:00:00,17562.5,-400.0,400.0,LOSS,WIN,17537.5,17537.5,2024-02-20 10:01:00,2024-02-20 10:01:00
2024-02-21,2024-02-21 10:00:00,17472.75,400.0,-400.0,WIN,LOSS,17497.75,17497.75,2024-02-21 10:03:00,2024-02-21 10:03:00
2024-02-22,2024-02-22 10:00:00,17922.25,400.0,-400.0,WIN,LOSS,17947.25,17947.25,2024-02-22 10:09:00,2024-02-22 10:09:00
2024-02-23,2024-02-23 10:00:00,18080.0,-400.0,400.0,LOSS,WIN,18055.0,18055.0,2024-02-23 10:01:00,2024-02-23 10:01:00
2024-02-26,2024-02-26 10:00:00,17985.0,400.0,-400.0,WIN,LOSS,18010.0,18010.0,2024-02-26 10:08:00,2024-02-26 10:08:00
2024-02-27,2024-02-27 10:00:00,17989.0,400.0,-400.0,WIN,LOSS,18014.0,18014.0,2024-02-27 10:01:00,2024-02-27 10:01:00
2024-02-28,2024-02-28 10:00:00,17896.25,400.0,-400.0,WIN,LOSS,17921.25,17921.25,2024-02-28 10:10:00,2024-02-28 10:10:00
2024-02-29,2024-02-29 10:00:00,18053.0,-400.0,400.0,LOSS,WIN,18028.0,18028.0,2024-02-29 10:10:00,2024-02-29 10:10:00
2024-03-01,2024-03-01 10:00:00,18134.0,400.0,-400.0,WIN,LOSS,18159.0,18159.0,2024-03-01 10:07:00,2024-03-01 10:07:00
2024-03-04,2024-03-04 10:00:00,18296.75,400.0,-400.0,WIN,LOSS,18321.75,18321.75,2024-03-04 10:37:00,2024-03-04 10:37:00
2024-03-05,2024-03-05 10:00:00,18039.5,400.0,-400.0,WIN,LOSS,18064.5,18064.5,2024-03-05 10:01:00,2024-03-05 10:01:00
2024-03-06,2024-03-06 10:00:00,18048.75,-400.0,400.0,LOSS,WIN,18023.75,18023.75,2024-03-06 10:02:00,2024-03-06 10:02:00
2024-03-07,2024-03-07 10:00:00,18192.25,400.0,-400.0,WIN,LOSS,18217.25,18217.25,2024-03-07 10:12:00,2024-03-07 10:12:00
2024-03-08,2024-03-08 10:00:00,18387.5,400.0,-400.0,WIN,LOSS,18412.5,18412.5,2024-03-08 10:06:00,2024-03-08 10:06:00
2024-03-11,2024-03-11 10:00:00,17899.75,400.0,-400.0,WIN,LOSS,17924.75,17924.75,2024-03-11 10:09:00,2024-03-11 10:09:00
2024-03-12,2024-03-12 10:00:00,18292.5,400.0,-400.0,WIN,LOSS,18317.5,18317.5,2024-03-12 10:06:00,2024-03-12 10:06:00
2024-03-13,2024-03-13 10:00:00,18339.0,-400.0,400.0,LOSS,WIN,18314.0,18314.0,2024-03-13 10:01:00,2024-03-13 10:01:00
2024-03-14,2024-03-14 10:00:00,18237.75,-400.0,400.0,LOSS,WIN,18212.75,18212.75,2024-03-14 10:01:00,2024-03-14 10:01:00
2024-03-15,2024-03-15 10:00:00,18093.25,-400.0,400.0,LOSS,WIN,18068.25,18068.25,2024-03-15 10:01:00,2024-03-15 10:01:00
2024-03-18,2024-03-18 10:00:00,18288.75,400.0,-400.0,WIN,LOSS,18313.75,18313.75,2024-03-18 10:07:00,2024-03-18 10:07:00
2024-03-19,2024-03-19 10:00:00,18090.25,400.0,-400.0,WIN,LOSS,18115.25,18115.25,2024-03-19 10:05:00,2024-03-19 10:05:00
2024-03-20,2024-03-20 10:00:00,18259.5,400.0,-400.0,WIN,LOSS,18284.5,18284.5,2024-03-20 10:24:00,2024-03-20 10:24:00
2024-03-21,2024-03-21 10:00:00,18647.5,400.0,-400.0,WIN,LOSS,18672.5,18672.5,2024-03-21 10:21:00,2024-03-21 10:21:00
2024-03-22,2024-03-22 10:00:00,18530.25,400.0,-400.0,WIN,LOSS,18555.25,18555.25,2024-03-22 10:04:00,2024-03-22 10:04:00
2024-03-25,2024-03-25 10:00:00,18479.0,400.0,-400.0,WIN,LOSS,18504.0,18504.0,2024-03-25 10:10:00,2024-03-25 10:10:00
2024-03-26,2024-03-26 10:00:00,18589.5,-400.0,400.0,LOSS,WIN,18564.5,18564.5,2024-03-26 10:29:00,2024-03-26 10:29:00
2024-03-27,2024-03-27 10:00:00,18450.75,-400.0,400.0,LOSS,WIN,18425.75,18425.75,2024-03-27 10:01:00,2024-03-27 10:01:00
2024-03-28,2024-03-28 10:00:00,18514.0,-400.0,400.0,LOSS,WIN,18489.0,18489.0,2024-03-28 10:12:00,2024-03-28 10:12:00
2024-04-01,2024-04-01 10:00:00,18584.5,-400.0,400.0,LOSS,WIN,18559.5,18559.5,2024-04-01 10:04:00,2024-04-01 10:04:00
2024-04-02,2024-04-02 10:00:00,18255.0,-400.0,400.0,LOSS,WIN,18230.0,18230.0,2024-04-02 10:01:00,2024-04-02 10:01:00
2024-04-03,2024-04-03 10:00:00,18270.0,400.0,-400.0,WIN,LOSS,18295.0,18295.0,2024-04-03 10:01:00,2024-04-03 10:01:00
2024-04-04,2024-04-04 10:00:00,18517.75,-400.0,400.0,LOSS,WIN,18492.75,18492.75,2024-04-04 10:23:00,2024-04-04 10:23:00
2024-04-05,2024-04-05 10:00:00,18206.5,400.0,-400.0,WIN,LOSS,18231.5,18231.5,2024-04-05 10:06:00,2024-04-05 10:06:00
2024-04-08,2024-04-08 10:00:00,18300.5,400.0,-400.0,WIN,LOSS,18325.5,18325.5,2024-04-08 10:25:00,2024-04-08 10:25:00
2024-04-09,2024-04-09 10:00:00,18342.5,400.0,-400.0,WIN,LOSS,18367.5,18367.5,2024-04-09 10:02:00,2024-04-09 10:02:00
2024-04-10,2024-04-10 10:00:00,18179.5,-400.0,400.0,LOSS,WIN,18154.5,18154.5,2024-04-10 10:03:00,2024-04-10 10:03:00
2024-04-11,2024-04-11 10:00:00,18261.0,-400.0,400.0,LOSS,WIN,18236.0,18236.0,2024-04-11 10:01:00,2024-04-11 10:01:00
2024-04-12,2024-04-12 10:00:00,18338.0,-400.0,400.0,LOSS,WIN,18313.0,18313.0,2024-04-12 10:02:00,2024-04-12 10:02:00
2024-04-15,2024-04-15 10:00:00,18304.5,-400.0,400.0,LOSS,WIN,18279.5,18279.5,2024-04-15 10:07:00,2024-04-15 10:07:00
2024-04-16,2024-04-16 10:00:00,17897.5,-400.0,400.0,LOSS,WIN,17872.5,17872.5,2024-04-16 10:07:00,2024-04-16 10:07:00
2024-04-17,2024-04-17 10:00:00,17892.0,-400.0,400.0,LOSS,WIN,17867.0,17867.0,2024-04-17 10:02:00,2024-04-17 10:02:00
2024-04-18,2024-04-18 10:00:00,17610.0,-400.0,400.0,LOSS,WIN,17585.0,17585.0,2024-04-18 10:03:00,2024-04-18 10:03:00
2024-04-19,2024-04-19 10:00:00,17454.5,-400.0,400.0,LOSS,WIN,17429.5,17429.5,2024-04-19 10:10:00,2024-04-19 10:10:00
2024-04-22,2024-04-22 10:00:00,17283.25,400.0,-400.0,WIN,LOSS,17308.25,17308.25,2024-04-22 10:01:00,2024-04-22 10:01:00
2024-04-23,2024-04-23 10:00:00,17501.25,-400.0,400.0,LOSS,WIN,17476.25,17476.25,2024-04-23 10:04:00,2024-04-23 10:04:00
2024-04-24,2024-04-24 10:00:00,17736.75,400.0,-400.0,WIN,LOSS,17761.75,17761.75,2024-04-24 10:06:00,2024-04-24 10:06:00
2024-04-25,2024-04-25 10:00:00,17357.25,-400.0,400.0,LOSS,WIN,17332.25,17332.25,2024-04-25 10:01:00,2024-04-25 10:01:00
2024-04-26,2024-04-26 10:00:00,17786.25,400.0,-400.0,WIN,LOSS,17811.25,17811.25,2024-04-26 10:03:00,2024-04-26 10:03:00
2024-04-29,2024-04-29 10:00:00,17867.0,400.0,-400.0,WIN,LOSS,17892.0,17892.0,2024-04-29 10:08:00,2024-04-29 10:08:00
2024-04-30,2024-04-30 10:00:00,17871.75,-400.0,400.0,LOSS,WIN,17846.75,17846.75,2024-04-30 10:12:00,2024-04-30 10:12:00
2024-05-01,2024-05-01 10:00:00,17477.25,-400.0,400.0,LOSS,WIN,17452.25,17452.25,2024-05-01 10:04:00,2024-05-01 10:04:00
2024-05-02,2024-05-02 10:00:00,17500.25,-400.0,400.0,LOSS,WIN,17475.25,17475.25,2024-05-02 10:01:00,2024-05-02 10:01:00
2024-05-03,2024-05-03 10:00:00,18000.75,-400.0,400.0,LOSS,WIN,17975.75,17975.75,2024-05-03 10:01:00,2024-05-03 10:01:00
2024-05-06,2024-05-06 10:00:00,18109.75,-400.0,400.0,LOSS,WIN,18084.75,18084.75,2024-05-06 10:18:00,2024-05-06 10:18:00
2024-05-07,2024-05-07 10:00:00,18193.5,400.0,-400.0,WIN,LOSS,18218.5,18218.5,2024-05-07 10:14:00,2024-05-07 10:14:00
2024-05-08,2024-05-08 10:00:00,18168.0,400.0,-400.0,WIN,LOSS,18193.0,18193.0,2024-05-08 10:23:00,2024-05-08 10:23:00
2024-05-09,2024-05-09 10:00:00,18157.25,400.0,-400.0,WIN,LOSS,18182.25,18182.25,2024-05-09 10:05:00,2024-05-09 10:05:00
2024-05-10,2024-05-10 10:00:00,18328.75,-400.0,400.0,LOSS,WIN,18303.75,18303.75,2024-05-10 10:01:00,2024-05-10 10:01:00
2024-05-13,2024-05-13 10:00:00,18286.25,400.0,-400.0,WIN,LOSS,18311.25,18311.25,2024-05-13 10:25:00,2024-05-13 10:25:00
2024-05-14,2024-05-14 10:00:00,18289.5,400.0,-400.0,WIN,LOSS,18314.5,18314.5,2024-05-14 10:12:00,2024-05-14 10:12:00
2024-05-15,2024-05-15 10:00:00,18483.25,400.0,-400.0,WIN,LOSS,18508.25,18508.25,2024-05-15 10:04:00,2024-05-15 10:04:00
2024-05-16,2024-05-16 10:00:00,18709.0,-400.0,400.0,LOSS,WIN,18684.0,18684.0,2024-05-16 10:07:00,2024-05-16 10:07:00
2024-05-17,2024-05-17 10:00:00,18638.5,400.0,-400.0,WIN,LOSS,18663.5,18663.5,2024-05-17 10:29:00,2024-05-17 10:29:00
2024-05-20,2024-05-20 10:00:00,18749.75,400.0,-400.0,WIN,LOSS,18774.75,18774.75,2024-05-20 12:42:00,2024-05-20 12:42:00
2024-05-21,2024-05-21 10:00:00,18707.75,400.0,-400.0,WIN,LOSS,18732.75,18732.75,2024-05-21 10:30:00,2024-05-21 10:30:00
2024-05-22,2024-05-22 10:00:00,18823.75,-400.0,400.0,LOSS,WIN,18798.75,18798.75,2024-05-22 12:48:00,2024-05-22 12:48:00
2024-05-23,2024-05-23 10:00:00,18852.0,400.0,-400.0,WIN,LOSS,18877.0,18877.0,2024-05-23 10:01:00,2024-05-23 10:01:00
2024-05-24,2024-05-24 10:00:00,18750.0,400.0,-400.0,WIN,LOSS,18775.0,18775.0,2024-05-24 10:01:00,2024-05-24 10:01:00
2024-05-28,2024-05-28 10:00:00,18864.5,400.0,-400.0,WIN,LOSS,18889.5,18889.5,2024-05-28 10:05:00,2024-05-28 10:05:00
2024-05-29,2024-05-29 10:00:00,18831.25,400.0,-400.0,WIN,LOSS,18856.25,18856.25,2024-05-29 10:24:00,2024-05-29 10:24:00
2024-05-30,2024-05-30 10:00:00,18738.75,-400.0,400.0,LOSS,WIN,18713.75,18713.75,2024-05-30 10:11:00,2024-05-30 10:11:00
2024-05-31,2024-05-31 10:00:00,18543.5,-400.0,400.0,LOSS,WIN,18518.5,18518.5,2024-05-31 10:01:00,2024-05-31 10:01:00
2024-06-03,2024-06-03 10:00:00,18681.0,400.0,-400.0,WIN,LOSS,18706.0,18706.0,2024-06-03 10:01:00,2024-06-03 10:01:00
2024-06-04,2024-06-04 10:00:00,18602.75,400.0,-400.0,WIN,LOSS,18627.75,18627.75,2024-06-04 10:01:00,2024-06-04 10:01:00
2024-06-05,2024-06-05 10:00:00,18854.25,-400.0,400.0,LOSS,WIN,18829.25,18829.25,2024-06-05 10:06:00,2024-06-05 10:06:00
2024-06-06,2024-06-06 10:00:00,19033.75,400.0,-400.0,WIN,LOSS,19058.75,19058.75,2024-06-06 10:02:00,2024-06-06 10:02:00
2024-06-07,2024-06-07 10:00:00,19032.25,400.0,-400.0,WIN,LOSS,19057.25,19057.25,2024-06-07 10:37:00,2024-06-07 10:37:00
2024-06-10,2024-06-10 10:00:00,18993.75,400.0,-400.0,WIN,LOSS,19018.75,19018.75,2024-06-10 10:10:00,2024-06-10 10:10:00
2024-06-11,2024-06-11 10:00:00,19032.25,400.0,-400.0,WIN,LOSS,19057.25,19057.25,2024-06-11 10:05:00,2024-06-11 10:05:00
2024-06-12,2024-06-12 10:00:00,19491.0,400.0,-400.0,WIN,LOSS,19516.0,19516.0,2024-06-12 10:15:00,2024-06-12 10:15:00
2024-06-13,2024-06-13 10:00:00,19631.0,-400.0,400.0,LOSS,WIN,19606.0,19606.0,2024-06-13 10:11:00,2024-06-13 10:11:00
2024-06-14,2024-06-14 10:00:00,19638.75,-400.0,400.0,LOSS,WIN,19613.75,19613.75,2024-06-14 10:01:00,2024-06-14 10:01:00
2024-06-17,2024-06-17 10:00:00,19954.75,400.0,-400.0,WIN,LOSS,19979.75,19979.75,2024-06-17 10:16:00,2024-06-17 10:16:00
2024-06-18,2024-06-18 10:00:00,20179.0,400.0,-400.0,WIN,LOSS,20204.0,20204.0,2024-06-18 10:07:00,2024-06-18 10:07:00
2024-06-20,2024-06-20 10:00:00,20234.75,-400.0,400.0,LOSS,WIN,20209.75,20209.75,2024-06-20 10:05:00,2024-06-20 10:05:00
2024-06-21,2024-06-21 10:00:00,19953.5,400.0,-400.0,WIN,LOSS,19978.5,19978.5,2024-06-21 10:12:00,2024-06-21 10:12:00
2024-06-24,2024-06-24 10:00:00,19947.0,400.0,-400.0,WIN,LOSS,19972.0,19972.0,2024-06-24 10:01:00,2024-06-24 10:01:00
2024-06-25,2024-06-25 10:00:00,19832.0,400.0,-400.0,WIN,LOSS,19857.0,19857.0,2024-06-25 10:01:00,2024-06-25 10:01:00
2024-06-26,2024-06-26 10:00:00,19970.5,400.0,-400.0,WIN,LOSS,19995.5,19995.5,2024-06-26 10:04:00,2024-06-26 10:04:00
2024-06-27,2024-06-27 10:00:00,20059.75,400.0,-400.0,WIN,LOSS,20084.75,20084.75,2024-06-27 10:12:00,2024-06-27 10:12:00
2024-06-28,2024-06-28 10:00:00,20148.25,400.0,-400.0,WIN,LOSS,20173.25,20173.25,2024-06-28 10:01:00,2024-06-28 10:01:00
2024-07-01,2024-07-01 10:00:00,19887.75,400.0,-400.0,WIN,LOSS,19912.75,19912.75,2024-07-01 10:01:00,2024-07-01 10:01:00
2024-07-02,2024-07-02 10:00:00,20063.25,400.0,-400.0,WIN,LOSS,20088.25,20088.25,2024-07-02 10:08:00,2024-07-02 10:08:00
2024-07-05,2024-07-05 10:00:00,20514.5,400.0,-400.0,WIN,LOSS,20539.5,20539.5,2024-07-05 10:01:00,2024-07-05 10:01:00
2024-07-08,2024-07-08 10:00:00,20635.0,-400.0,400.0,LOSS,WIN,20610.0,20610.0,2024-07-08 10:01:00,2024-07-08 10:01:00
2024-07-09,2024-07-09 10:00:00,20749.5,-400.0,400.0,LOSS,WIN,20724.5,20724.5,2024-07-09 10:06:00,2024-07-09 10:06:00
2024-07-10,2024-07-10 10:00:00,20764.0,400.0,-400.0,WIN,LOSS,20789.0,20789.0,2024-07-10 10:09:00,2024-07-10 10:09:00
2024-07-11,2024-07-11 10:00:00,20869.25,-400.0,400.0,LOSS,WIN,20844.25,20844.25,2024-07-11 10:05:00,2024-07-11 10:05:00
2024-07-12,2024-07-12 10:00:00,20543.0,400.0,-400.0,WIN,LOSS,20568.0,20568.0,2024-07-12 10:01:00,2024-07-12 10:01:00
2024-07-15,2024-07-15 10:00:00,20627.5,400.0,-400.0,WIN,LOSS,20652.5,20652.5,2024-07-15 10:03:00,2024-07-15 10:03:00
2024-07-16,2024-07-16 10:00:00,20580.75,-400.0,400.0,LOSS,WIN,20555.75,20555.75,2024-07-16 10:02:00,2024-07-16 10:02:00
2024-07-17,2024-07-17 10:00:00,20209.0,-400.0,400.0,LOSS,WIN,20184.0,20184.0,2024-07-17 10:01:00,2024-07-17 10:01:00
2024-07-18,2024-07-18 10:00:00,20068.0,400.0,-400.0,WIN,LOSS,20093.0,20093.0,2024-07-18 10:05:00,2024-07-18 10:05:00
2024-07-19,2024-07-19 10:00:00,19883.75,-400.0,400.0,LOSS,WIN,19858.75,19858.75,2024-07-19 10:01:00,2024-07-19 10:01:00
2024-07-22,2024-07-22 10:00:00,19970.25,-400.0,400.0,LOSS,WIN,19945.25,19945.25,2024-07-22 10:01:00,2024-07-22 10:01:00
2024-07-23,2024-07-23 10:00:00,20006.5,-400.0,400.0,LOSS,WIN,19981.5,19981.5,2024-07-23 10:02:00,2024-07-23 10:02:00
2024-07-24,2024-07-24 10:00:00,19511.5,-400.0,400.0,LOSS,WIN,19486.5,19486.5,2024-07-24 10:02:00,2024-07-24 10:02:00
2024-07-25,2024-07-25 10:00:00,19032.0,-400.0,400.0,LOSS,WIN,19007.0,19007.0,2024-07-25 10:01:00,2024-07-25 10:01:00
2024-07-26,2024-07-26 10:00:00,19130.0,400.0,-400.0,WIN,LOSS,19155.0,19155.0,2024-07-26 10:01:00,2024-07-26 10:01:00
2024-07-29,2024-07-29 10:00:00,19358.25,-400.0,400.0,LOSS,WIN,19333.25,19333.25,2024-07-29 10:07:00,2024-07-29 10:07:00
2024-07-30,2024-07-30 10:00:00,19225.5,-400.0,400.0,LOSS,WIN,19200.5,19200.5,2024-07-30 10:01:00,2024-07-30 10:01:00
2024-07-31,2024-07-31 10:00:00,19390.75,400.0,-400.0,WIN,LOSS,19415.75,19415.75,2024-07-31 10:01:00,2024-07-31 10:01:00
2024-08-01,2024-08-01 10:00:00,19641.25,-400.0,400.0,LOSS,WIN,19616.25,19616.25,2024-08-01 10:01:00,2024-08-01 10:01:00
2024-08-02,2024-08-02 10:00:00,18576.75,400.0,-400.0,WIN,LOSS,18601.75,18601.75,2024-08-02 10:01:00,2024-08-02 10:01:00
2024-08-05,2024-08-05 10:00:00,17889.25,400.0,-400.0,WIN,LOSS,17914.25,17914.25,2024-08-05 10:01:00,2024-08-05 10:01:00
2024-08-06,2024-08-06 10:00:00,18142.25,-400.0,400.0,LOSS,WIN,18117.25,18117.25,2024-08-06 10:01:00,2024-08-06 10:01:00
2024-08-07,2024-08-07 10:00:00,18520.25,400.0,-400.0,WIN,LOSS,18545.25,18545.25,2024-08-07 10:01:00,2024-08-07 10:01:00
2024-08-08,2024-08-08 10:00:00,18209.25,400.0,-400.0,WIN,LOSS,18234.25,18234.25,2024-08-08 10:01:00,2024-08-08 10:01:00
2024-08-09,2024-08-09 10:00:00,18431.75,400.0,-400.0,WIN,LOSS,18456.75,18456.75,2024-08-09 10:03:00,2024-08-09 10:03:00
2024-08-12,2024-08-12 10:00:00,18540.75,400.0,-400.0,WIN,LOSS,18565.75,18565.75,2024-08-12 10:02:00,2024-08-12 10:02:00
2024-08-13,2024-08-13 10:00:00,18899.25,-400.0,400.0,LOSS,WIN,18874.25,18874.25,2024-08-13 10:17:00,2024-08-13 10:17:00
2024-08-14,2024-08-14 10:00:00,19029.0,400.0,-400.0,WIN,LOSS,19054.0,19054.0,2024-08-14 10:06:00,2024-08-14 10:06:00
2024-08-15,2024-08-15 10:00:00,19461.25,-400.0,400.0,LOSS,WIN,19436.25,19436.25,2024-08-15 10:04:00,2024-08-15 10:04:00
2024-08-16,2024-08-16 10:00:00,19494.5,400.0,-400.0,WIN,LOSS,19519.5,19519.5,2024-08-16 10:01:00,2024-08-16 10:01:00
2024-08-19,2024-08-19 10:00:00,19588.0,-400.0,400.0,LOSS,WIN,19563.0,19563.0,2024-08-19 10:02:00,2024-08-19 10:02:00
2024-08-20,2024-08-20 10:00:00,19918.5,-400.0,400.0,LOSS,WIN,19893.5,19893.5,2024-08-20 10:01:00,2024-08-20 10:01:00
2024-08-21,2024-08-21 10:00:00,19879.5,400.0,-400.0,WIN,LOSS,19904.5,19904.5,2024-08-21 10:05:00,2024-08-21 10:05:00
2024-08-22,2024-08-22 10:00:00,19977.5,-400.0,400.0,LOSS,WIN,19952.5,19952.5,2024-08-22 10:02:00,2024-08-22 10:02:00
2024-08-23,2024-08-23 10:00:00,19754.75,400.0,-400.0,WIN,LOSS,19779.75,19779.75,2024-08-23 10:01:00,2024-08-23 10:01:00
2024-08-26,2024-08-26 10:00:00,19722.5,-400.0,400.0,LOSS,WIN,19697.5,19697.5,2024-08-26 10:01:00,2024-08-26 10:01:00
2024-08-27,2024-08-27 10:00:00,19542.75,400.0,-400.0,WIN,LOSS,19567.75,19567.75,2024-08-27 10:10:00,2024-08-27 10:10:00
2024-08-28,2024-08-28 10:00:00,19558.0,-400.0,400.0,LOSS,WIN,19533.0,19533.0,2024-08-28 10:05:00,2024-08-28 10:05:00
2024-08-29,2024-08-29 10:00:00,19643.75,400.0,-400.0,WIN,LOSS,19668.75,19668.75,2024-08-29 10:01:00,2024-08-29 10:01:00
2024-08-30,2024-08-30 10:00:00,19593.5,400.0,-400.0,WIN,LOSS,19618.5,19618.5,2024-08-30 10:01:00,2024-08-30 10:01:00
2024-09-03,2024-09-03 10:00:00,19366.5,-400.0,400.0,LOSS,WIN,19341.5,19341.5,2024-09-03 10:01:00,2024-09-03 10:01:00
2024-09-04,2024-09-04 10:00:00,18973.0,-400.0,400.0,LOSS,WIN,18948.0,18948.0,2024-09-04 10:01:00,2024-09-04 10:01:00
2024-09-05,2024-09-05 10:00:00,19051.0,400.0,-400.0,WIN,LOSS,19076.0,19076.0,2024-09-05 10:01:00,2024-09-05 10:01:00
2024-09-06,2024-09-06 10:00:00,18745.75,400.0,-400.0,WIN,LOSS,18770.75,18770.75,2024-09-06 10:05:00,2024-09-06 10:05:00
2024-09-09,2024-09-09 10:00:00,18687.0,-400.0,400.0,LOSS,WIN,18662.0,18662.0,2024-09-09 10:05:00,2024-09-09 10:05:00
2024-09-10,2024-09-10 10:00:00,18762.75,400.0,-400.0,WIN,LOSS,18787.75,18787.75,2024-09-10 10:02:00,2024-09-10 10:02:00
2024-09-11,2024-09-11 10:00:00,18792.25,-400.0,400.0,LOSS,WIN,18767.25,18767.25,2024-09-11 10:01:00,2024-09-11 10:01:00
2024-09-12,2024-09-12 10:00:00,19257.5,-400.0,400.0,LOSS,WIN,19232.5,19232.5,2024-09-12 10:05:00,2024-09-12 10:05:00
2024-09-13,2024-09-13 10:00:00,19465.75,400.0,-400.0,WIN,LOSS,19490.75,19490.75,2024-09-13 10:05:00,2024-09-13 10:05:00
2024-09-16,2024-09-16 10:00:00,19428.5,400.0,-400.0,WIN,LOSS,19453.5,19453.5,2024-09-16 10:01:00,2024-09-16 10:01:00
2024-09-17,2024-09-17 10:00:00,19760.75,400.0,-400.0,WIN,LOSS,19785.75,19785.75,2024-09-17 10:04:00,2024-09-17 10:04:00
2024-09-18,2024-09-18 10:00:00,19708.25,-400.0,400.0,LOSS,WIN,19683.25,19683.25,2024-09-18 10:08:00,2024-09-18 10:08:00
2024-09-19,2024-09-19 10:00:00,20011.0,400.0,-400.0,WIN,LOSS,20036.0,20036.0,2024-09-19 10:03:00,2024-09-19 10:03:00
2024-09-20,2024-09-20 10:00:00,20001.0,400.0,-400.0,WIN,LOSS,20026.0,20026.0,2024-09-20 10:05:00,2024-09-20 10:05:00
2024-09-23,2024-09-23 10:00:00,20066.5,400.0,-400.0,WIN,LOSS,20091.5,20091.5,2024-09-23 10:01:00,2024-09-23 10:01:00
2024-09-24,2024-09-24 10:00:00,20091.0,-400.0,400.0,LOSS,WIN,20066.0,20066.0,2024-09-24 10:01:00,2024-09-24 10:01:00
2024-09-25,2024-09-25 10:00:00,20231.5,400.0,-400.0,WIN,LOSS,20256.5,20256.5,2024-09-25 10:12:00,2024-09-25 10:12:00
2024-09-26,2024-09-26 10:00:00,20428.0,-400.0,400.0,LOSS,WIN,20403.0,20403.0,2024-09-26 10:05:00,2024-09-26 10:05:00
2024-09-27,2024-09-27 10:00:00,20328.0,400.0,-400.0,WIN,LOSS,20353.0,20353.0,2024-09-27 10:03:00,2024-09-27 10:03:00
2024-09-30,2024-09-30 10:00:00,20204.75,-400.0,400.0,LOSS,WIN,20179.75,20179.75,2024-09-30 10:06:00,2024-09-30 10:06:00
2024-10-01,2024-10-01 10:00:00,20044.5,-400.0,400.0,LOSS,WIN,20019.5,20019.5,2024-10-01 10:02:00,2024-10-01 10:02:00
2024-10-02,2024-10-02 10:00:00,19915.25,400.0,-400.0,WIN,LOSS,19940.25,19940.25,2024-10-02 10:02:00,2024-10-02 10:02:00
2024-10-03,2024-10-03 10:00:00,20024.0,400.0,-400.0,WIN,LOSS,20049.0,20049.0,2024-10-03 10:01:00,2024-10-03 10:01:00
2024-10-04,2024-10-04 10:00:00,20086.5,400.0,-400.0,WIN,LOSS,20111.5,20111.5,2024-10-04 10:03:00,2024-10-04 10:03:00
2024-10-07,2024-10-07 10:00:00,20110.5,400.0,-400.0,WIN,LOSS,20135.5,20135.5,2024-10-07 10:04:00,2024-10-07 10:04:00
2024-10-08,2024-10-08 10:00:00,20155.75,400.0,-400.0,WIN,LOSS,20180.75,20180.75,2024-10-08 10:01:00,2024-10-08 10:01:00
2024-10-09,2024-10-09 10:00:00,20265.5,400.0,-400.0,WIN,LOSS,20290.5,20290.5,2024-10-09 10:04:00,2024-10-09 10:04:00
2024-10-10,2024-10-10 10:00:00,20357.5,400.0,-400.0,WIN,LOSS,20382.5,20382.5,2024-10-10 10:01:00,2024-10-10 10:01:00
2024-10-11,2024-10-11 10:00:00,20358.5,400.0,-400.0,WIN,LOSS,20383.5,20383.5,2024-10-11 10:06:00,2024-10-11 10:06:00
2024-10-14,2024-10-14 10:00:00,20671.5,-400.0,400.0,LOSS,WIN,20646.5,20646.5,2024-10-14 10:06:00,2024-10-14 10:06:00
2024-10-15,2024-10-15 10:00:00,20629.0,-400.0,400.0,LOSS,WIN,20604.0,20604.0,2024-10-15 10:10:00,2024-10-15 10:10:00
2024-10-16,2024-10-16 10:00:00,20224.25,400.0,-400.0,WIN,LOSS,20249.25,20249.25,2024-10-16 10:04:00,2024-10-16 10:04:00
2024-10-17,2024-10-17 10:00:00,20434.25,-400.0,400.0,LOSS,WIN,20409.25,20409.25,2024-10-17 10:01:00,2024-10-17 10:01:00
2024-10-18,2024-10-18 10:00:00,20475.75,400.0,-400.0,WIN,LOSS,20500.75,20500.75,2024-10-18 10:07:00,2024-10-18 10:07:00
2024-10-21,2024-10-21 10:00:00,20493.5,400.0,-400.0,WIN,LOSS,20518.5,20518.5,2024-10-21 10:06:00,2024-10-21 10:06:00
2024-10-22,2024-10-22 10:00:00,20461.0,400.0,-400.0,WIN,LOSS,20486.0,20486.0,2024-10-22 10:06:00,2024-10-22 10:06:00
2024-10-23,2024-10-23 10:00:00,20433.0,-400.0,400.0,LOSS,WIN,20408.0,20408.0,2024-10-23 10:01:00,2024-10-23 10:01:00
2024-10-24,2024-10-24 10:00:00,20337.5,400.0,-400.0,WIN,LOSS,20362.5,20362.5,2024-10-24 10:02:00,2024-10-24 10:02:00
2024-10-25,2024-10-25 10:00:00,20649.25,400.0,-400.0,WIN,LOSS,20674.25,20674.25,2024-10-25 10:01:00,2024-10-25 10:01:00
2024-10-28,2024-10-28 10:00:00,20555.75,400.0,-400.0,WIN,LOSS,20580.75,20580.75,2024-10-28 10:08:00,2024-10-28 10:08:00
2024-10-29,2024-10-29 10:00:00,20515.0,400.0,-400.0,WIN,LOSS,20540.0,20540.0,2024-10-29 10:04:00,2024-10-29 10:04:00
2024-10-30,2024-10-30 10:00:00,20631.75,400.0,-400.0,WIN,LOSS,20656.75,20656.75,2024-10-30 10:04:00,2024-10-30 10:04:00
2024-10-31,2024-10-31 10:00:00,20166.0,-400.0,400.0,LOSS,WIN,20141.0,20141.0,2024-10-31 10:01:00,2024-10-31 10:01:00
2024-11-01,2024-11-01 10:00:00,20171.5,-400.0,400.0,LOSS,WIN,20146.5,20146.5,2024-11-01 10:03:00,2024-11-01 10:03:00
2024-11-04,2024-11-04 10:00:00,20131.25,400.0,-400.0,WIN,LOSS,20156.25,20156.25,2024-11-04 10:18:00,2024-11-04 10:18:00
2024-11-05,2024-11-05 10:00:00,20292.0,-400.0,400.0,LOSS,WIN,20267.0,20267.0,2024-11-05 10:11:00,2024-11-05 10:11:00
2024-11-06,2024-11-06 10:00:00,20675.5,400.0,-400.0,WIN,LOSS,20700.5,20700.5,2024-11-06 10:01:00,2024-11-06 10:01:00
2024-11-07,2024-11-07 10:00:00,21109.0,400.0,-400.0,WIN,LOSS,21134.0,21134.0,2024-11-07 10:46:00,2024-11-07 10:46:00
2024-11-08,2024-11-08 10:00:00,21207.0,-400.0,400.0,LOSS,WIN,21182.0,21182.0,2024-11-08 10:05:00,2024-11-08 10:05:00
2024-11-11,2024-11-11 10:00:00,21172.0,400.0,-400.0,WIN,LOSS,21197.0,21197.0,2024-11-11 10:10:00,2024-11-11 10:10:00
2024-11-12,2024-11-12 10:00:00,21234.75,-400.0,400.0,LOSS,WIN,21209.75,21209.75,2024-11-12 10:03:00,2024-11-12 10:03:00
2024-11-13,2024-11-13 10:00:00,21140.75,-400.0,400.0,LOSS,WIN,21115.75,21115.75,2024-11-13 10:01:00,2024-11-13 10:01:00
2024-11-14,2024-11-14 10:00:00,21091.75,400.0,-400.0,WIN,LOSS,21116.75,21116.75,2024-11-14 10:08:00,2024-11-14 10:08:00
2024-11-15,2024-11-15 10:00:00,20690.25,-400.0,400.0,LOSS,WIN,20665.25,20665.25,2024-11-15 10:07:00,2024-11-15 10:07:00
2024-11-18,2024-11-18 10:00:00,20531.0,400.0,-400.0,WIN,LOSS,20556.0,20556.0,2024-11-18 10:02:00,2024-11-18 10:02:00
2024-11-19,2024-11-19 10:00:00,20554.0,-400.0,400.0,LOSS,WIN,20529.0,20529.0,2024-11-19 10:01:00,2024-11-19 10:01:00
2024-11-20,2024-11-20 10:00:00,20614.0,400.0,-400.0,WIN,LOSS,20639.0,20639.0,2024-11-20 10:01:00,2024-11-20 10:01:00
2024-11-21,2024-11-21 10:00:00,20667.0,-400.0,400.0,LOSS,WIN,20642.0,20642.0,2024-11-21 10:01:00,2024-11-21 10:01:00
2024-11-22,2024-11-22 10:00:00,20853.0,-400.0,400.0,LOSS,WIN,20828.0,20828.0,2024-11-22 10:03:00,2024-11-22 10:03:00
2024-11-25,2024-11-25 10:00:00,20944.25,-400.0,400.0,LOSS,WIN,20919.25,20919.25,2024-11-25 10:01:00,2024-11-25 10:01:00
2024-11-26,2024-11-26 10:00:00,20973.75,-400.0,400.0,LOSS,WIN,20948.75,20948.75,2024-11-26 10:02:00,2024-11-26 10:02:00
2024-11-27,2024-11-27 10:00:00,20860.5,-400.0,400.0,LOSS,WIN,20835.5,20835.5,2024-11-27 10:01:00,2024-11-27 10:01:00
2024-12-02,2024-12-02 10:00:00,21152.25,400.0,-400.0,WIN,LOSS,21177.25,21177.25,2024-12-02 10:04:00,2024-12-02 10:04:00
2024-12-03,2024-12-03 10:00:00,21202.75,400.0,-400.0,WIN,LOSS,21227.75,21227.75,2024-12-03 10:05:00,2024-12-03 10:05:00
2024-12-04,2024-12-04 10:00:00,21416.5,400.0,-400.0,WIN,LOSS,21441.5,21441.5,2024-12-04 10:07:00,2024-12-04 10:07:00
2024-12-05,2024-12-05 10:00:00,21511.0,400.0,-400.0,WIN,LOSS,21536.0,21536.0,2024-12-05 10:19:00,2024-12-05 10:19:00
2024-12-06,2024-12-06 10:00:00,21607.5,400.0,-400.0,WIN,LOSS,21632.5,21632.5,2024-12-06 10:12:00,2024-12-06 10:12:00
2024-12-09,2024-12-09 10:00:00,21623.25,-400.0,400.0,LOSS,WIN,21598.25,21598.25,2024-12-09 10:23:00,2024-12-09 10:23:00
2024-12-10,2024-12-10 10:00:00,21546.5,400.0,-400.0,WIN,LOSS,21571.5,21571.5,2024-12-10 10:02:00,2024-12-10 10:02:00
2024-12-11,2024-12-11 10:00:00,21696.0,400.0,-400.0,WIN,LOSS,21721.0,21721.0,2024-12-11 10:08:00,2024-12-11 10:08:00
2024-12-12,2024-12-12 10:00:00,21682.25,-400.0,400.0,LOSS,WIN,21657.25,21657.25,2024-12-12 10:02:00,2024-12-12 10:02:00
2024-12-13,2024-12-13 10:00:00,21880.5,-400.0,400.0,LOSS,WIN,21855.5,21855.5,2024-12-13 10:06:00,2024-12-13 10:06:00
2024-12-16,2024-12-16 10:00:00,21971.5,-400.0,400.0,LOSS,WIN,21946.5,21946.5,2024-12-16 10:19:00,2024-12-16 10:19:00
2024-12-17,2024-12-17 10:00:00,22003.5,-400.0,400.0,LOSS,WIN,21978.5,21978.5,2024-12-17 10:01:00,2024-12-17 10:01:00
2024-12-18,2024-12-18 10:00:00,21991.5,400.0,-400.0,WIN,LOSS,22016.5,22016.5,2024-12-18 10:22:00,2024-12-18 10:22:00
2024-12-19,2024-12-19 10:00:00,21310.75,-400.0,400.0,LOSS,WIN,21285.75,21285.75,2024-12-19 10:01:00,2024-12-19 10:01:00
2024-12-20,2024-12-20 10:00:00,21231.5,400.0,-400.0,WIN,LOSS,21256.5,21256.5,2024-12-20 10:01:00,2024-12-20 10:01:00
2024-12-23,2024-12-23 10:00:00,21633.0,-400.0,400.0,LOSS,WIN,21608.0,21608.0,2024-12-23 10:01:00,2024-12-23 10:01:00
2024-12-26,2024-12-26 10:00:00,21957.0,-400.0,400.0,LOSS,WIN,21932.0,21932.0,2024-12-26 10:09:00,2024-12-26 10:09:00
2024-12-27,2024-12-27 10:00:00,21695.25,-400.0,400.0,LOSS,WIN,21670.25,21670.25,2024-12-27 10:01:00,2024-12-27 10:01:00
2024-12-30,2024-12-30 10:00:00,21288.0,-400.0,400.0,LOSS,WIN,21263.0,21263.0,2024-12-30 10:01:00,2024-12-30 10:01:00
2024-12-31,2024-12-31 10:00:00,21434.0,400.0,-400.0,WIN,LOSS,21459.0,21459.0,2024-12-31 10:02:00,2024-12-31 10:02:00
2025-01-02,2025-01-02 10:00:00,21392.5,400.0,-400.0,WIN,LOSS,21417.5,21417.5,2025-01-02 10:05:00,2025-01-02 10:05:00
2025-01-03,2025-01-03 10:00:00,21382.75,-400.0,400.0,LOSS,WIN,21357.75,21357.75,2025-01-03 10:01:00,2025-01-03 10:01:00
2025-01-06,2025-01-06 10:00:00,21818.25,-400.0,400.0,LOSS,WIN,21793.25,21793.25,2025-01-06 10:10:00,2025-01-06 10:10:00
2025-01-07,2025-01-07 10:00:00,21710.25,-400.0,400.0,LOSS,WIN,21685.25,21685.25,2025-01-07 10:01:00,2025-01-07 10:01:00
2025-01-08,2025-01-08 10:00:00,21343.5,400.0,-400.0,WIN,LOSS,21368.5,21368.5,2025-01-08 10:01:00,2025-01-08 10:01:00
2025-01-10,2025-01-10 10:00:00,21053.0,-400.0,400.0,LOSS,WIN,21028.0,21028.0,2025-01-10 10:01:00,2025-01-10 10:01:00
2025-01-13,2025-01-13 10:00:00,20802.0,-400.0,400.0,LOSS,WIN,20777.0,20777.0,2025-01-13 10:01:00,2025-01-13 10:01:00
2025-01-14,2025-01-14 10:00:00,20980.75,400.0,-400.0,WIN,LOSS,21005.75,21005.75,2025-01-14 10:02:00,2025-01-14 10:02:00
2025-01-15,2025-01-15 10:00:00,21328.0,400.0,-400.0,WIN,LOSS,21353.0,21353.0,2025-01-15 10:01:00,2025-01-15 10:01:00
2025-01-16,2025-01-16 10:00:00,21377.5,-400.0,400.0,LOSS,WIN,21352.5,21352.5,2025-01-16 10:01:00,2025-01-16 10:01:00
2025-01-17,2025-01-17 10:00:00,21505.5,400.0,-400.0,WIN,LOSS,21530.5,21530.5,2025-01-17 10:01:00,2025-01-17 10:01:00
2025-01-21,2025-01-21 10:00:00,21630.75,-400.0,400.0,LOSS,WIN,21605.75,21605.75,2025-01-21 10:01:00,2025-01-21 10:01:00
2025-01-22,2025-01-22 10:00:00,22013.75,-400.0,400.0,LOSS,WIN,21988.75,21988.75,2025-01-22 10:02:00,2025-01-22 10:02:00
2025-01-23,2025-01-23 10:00:00,21898.0,-400.0,400.0,LOSS,WIN,21873.0,21873.0,2025-01-23 10:02:00,2025-01-23 10:02:00
2025-01-24,2025-01-24 10:00:00,22058.0,-400.0,400.0,LOSS,WIN,22033.0,22033.0,2025-01-24 10:02:00,2025-01-24 10:02:00
2025-01-27,2025-01-27 10:00:00,21334.0,-400.0,400.0,LOSS,WIN,21309.0,21309.0,2025-01-27 10:01:00,2025-01-27 10:01:00
2025-01-28,2025-01-28 10:00:00,21284.75,400.0,-400.0,WIN,LOSS,21309.75,21309.75,2025-01-28 10:01:00,2025-01-28 10:01:00
2025-01-29,2025-01-29 10:00:00,21518.5,400.0,-400.0,WIN,LOSS,21543.5,21543.5,2025-01-29 10:01:00,2025-01-29 10:01:00
2025-01-30,2025-01-30 10:00:00,21674.0,-400.0,400.0,LOSS,WIN,21649.0,21649.0,2025-01-30 10:01:00,2025-01-30 10:01:00
2025-01-31,2025-01-31 10:00:00,21867.25,400.0,-400.0,WIN,LOSS,21892.25,21892.25,2025-01-31 10:01:00,2025-01-31 10:01:00
2025-02-03,2025-02-03 10:00:00,21215.25,-400.0,400.0,LOSS,WIN,21190.25,21190.25,2025-02-03 10:01:00,2025-02-03 10:01:00
2025-02-04,2025-02-04 10:00:00,21561.0,400.0,-400.0,WIN,LOSS,21586.0,21586.0,2025-02-04 10:01:00,2025-02-04 10:01:00
2025-02-05,2025-02-05 10:00:00,21564.75,400.0,-400.0,WIN,LOSS,21589.75,21589.75,2025-02-05 10:01:00,2025-02-05 10:01:00
2025-02-06,2025-02-06 10:00:00,21789.5,400.0,-400.0,WIN,LOSS,21814.5,21814.5,2025-02-06 10:09:00,2025-02-06 10:09:00
2025-02-07,2025-02-07 10:00:00,21904.0,-400.0,400.0,LOSS,WIN,21879.0,21879.0,2025-02-07 10:01:00,2025-02-07 10:01:00
2025-02-10,2025-02-10 10:00:00,21792.5,400.0,-400.0,WIN,LOSS,21817.5,21817.5,2025-02-10 10:01:00,2025-02-10 10:01:00
2025-02-11,2025-02-11 10:00:00,21777.5,400.0,-400.0,WIN,LOSS,21802.5,21802.5,2025-02-11 10:01:00,2025-02-11 10:01:00
2025-02-12,2025-02-12 10:00:00,21677.0,-400.0,400.0,LOSS,WIN,21652.0,21652.0,2025-02-12 10:01:00,2025-02-12 10:01:00
2025-02-13,2025-02-13 10:00:00,21919.5,400.0,-400.0,WIN,LOSS,21944.5,21944.5,2025-02-13 10:02:00,2025-02-13 10:02:00
2025-02-14,2025-02-14 10:00:00,22127.5,-400.0,400.0,LOSS,WIN,22102.5,22102.5,2025-02-14 10:02:00,2025-02-14 10:02:00
2025-02-18,2025-02-18 10:00:00,22202.25,-400.0,400.0,LOSS,WIN,22177.25,22177.25,2025-02-18 10:01:00,2025-02-18 10:01:00
2025-02-19,2025-02-19 10:00:00,22168.25,-400.0,400.0,LOSS,WIN,22143.25,22143.25,2025-02-19 10:03:00,2025-02-19 10:03:00
2025-02-20,2025-02-20 10:00:00,22011.0,-400.0,400.0,LOSS,WIN,21986.0,21986.0,2025-02-20 10:01:00,2025-02-20 10:01:00
2025-02-21,2025-02-21 10:00:00,22095.75,-400.0,400.0,LOSS,WIN,22070.75,22070.75,2025-02-21 10:01:00,2025-02-21 10:01:00
2025-02-24,2025-02-24 10:00:00,21567.0,-400.0,400.0,LOSS,WIN,21542.0,21542.0,2025-02-24 10:01:00,2025-02-24 10:01:00
2025-02-25,2025-02-25 10:00:00,21259.75,-400.0,400.0,LOSS,WIN,21234.75,21234.75,2025-02-25 10:01:00,2025-02-25 10:01:00
2025-02-26,2025-02-26 10:00:00,21301.75,-400.0,400.0,LOSS,WIN,21276.75,21276.75,2025-02-26 10:06:00,2025-02-26 10:06:00
2025-02-27,2025-02-27 10:00:00,21006.75,-400.0,400.0,LOSS,WIN,20981.75,20981.75,2025-02-27 10:01:00,2025-02-27 10:01:00
2025-02-28,2025-02-28 10:00:00,20591.75,400.0,-400.0,WIN,LOSS,20616.75,20616.75,2025-02-28 10:01:00,2025-02-28 10:01:00
2025-03-03,2025-03-03 10:00:00,20845.0,-400.0,400.0,LOSS,WIN,20820.0,20820.0,2025-03-03 10:01:00,2025-03-03 10:01:00
2025-03-04,2025-03-04 10:00:00,20230.5,400.0,-400.0,WIN,LOSS,20255.5,20255.5,2025-03-04 10:01:00,2025-03-04 10:01:00
2025-03-05,2025-03-05 10:00:00,20322.5,400.0,-400.0,WIN,LOSS,20347.5,20347.5,2025-03-05 10:01:00,2025-03-05 10:01:00
2025-03-06,2025-03-06 10:00:00,20282.5,400.0,-400.0,WIN,LOSS,20307.5,20307.5,2025-03-06 10:01:00,2025-03-06 10:01:00
2025-03-07,2025-03-07 10:00:00,20139.5,-400.0,400.0,LOSS,WIN,20114.5,20114.5,2025-03-07 10:01:00,2025-03-07 10:01:00
2025-03-10,2025-03-10 10:00:00,19790.0,-400.0,400.0,LOSS,WIN,19765.0,19765.0,2025-03-10 10:01:00,2025-03-10 10:01:00
2025-03-11,2025-03-11 10:00:00,19523.25,400.0,-400.0,WIN,LOSS,19548.25,19548.25,2025-03-11 10:01:00,2025-03-11 10:01:00
2025-03-12,2025-03-12 10:00:00,19643.25,-400.0,400.0,LOSS,WIN,19618.25,19618.25,2025-03-12 10:02:00,2025-03-12 10:02:00
2025-03-13,2025-03-13 10:00:00,19367.5,400.0,-400.0,WIN,LOSS,19392.5,19392.5,2025-03-13 10:03:00,2025-03-13 10:03:00
2025-03-14,2025-03-14 10:00:00,19545.25,-400.0,400.0,LOSS,WIN,19520.25,19520.25,2025-03-14 10:01:00,2025-03-14 10:01:00
2025-03-17,2025-03-17 10:00:00,19790.0,-400.0,400.0,LOSS,WIN,19765.0,19765.0,2025-03-17 10:01:00,2025-03-17 10:01:00
2025-03-18,2025-03-18 10:00:00,19673.0,-400.0,400.0,LOSS,WIN,19648.0,19648.0,2025-03-18 10:01:00,2025-03-18 10:01:00
2025-03-19,2025-03-19 10:00:00,19823.25,400.0,-400.0,WIN,LOSS,19848.25,19848.25,2025-03-19 10:01:00,2025-03-19 10:01:00
2025-03-20,2025-03-20 10:00:00,19934.25,400.0,-400.0,WIN,LOSS,19959.25,19959.25,2025-03-20 10:01:00,2025-03-20 10:01:00
2025-03-21,2025-03-21 10:00:00,19719.25,-400.0,400.0,LOSS,WIN,19694.25,19694.25,2025-03-21 10:02:00,2025-03-21 10:02:00
2025-03-24,2025-03-24 10:00:00,20315.5,-400.0,400.0,LOSS,WIN,20290.5,20290.5,2025-03-24 10:08:00,2025-03-24 10:08:00
2025-03-25,2025-03-25 10:00:00,20414.25,-400.0,400.0,LOSS,WIN,20389.25,20389.25,2025-03-25 10:01:00,2025-03-25 10:01:00
2025-03-26,2025-03-26 10:00:00,20316.5,400.0,-400.0,WIN,LOSS,20341.5,20341.5,2025-03-26 10:02:00,2025-03-26 10:02:00
2025-03-27,2025-03-27 10:00:00,20076.5,400.0,-400.0,WIN,LOSS,20101.5,20101.5,2025-03-27 10:01:00,2025-03-27 10:01:00
2025-03-28,2025-03-28 10:00:00,19856.5,-400.0,400.0,LOSS,WIN,19831.5,19831.5,2025-03-28 10:01:00,2025-03-28 10:01:00
2025-03-31,2025-03-31 10:00:00,19090.0,400.0,-400.0,WIN,LOSS,19115.0,19115.0,2025-03-31 10:01:00,2025-03-31 10:01:00
2025-04-01,2025-04-01 10:00:00,19410.0,-400.0,400.0,LOSS,WIN,19385.0,19385.0,2025-04-01 10:01:00,2025-04-01 10:01:00
2025-04-02,2025-04-02 10:00:00,19530.0,400.0,-400.0,WIN,LOSS,19555.0,19555.0,2025-04-02 10:01:00,2025-04-02 10:01:00
2025-04-03,2025-04-03 10:00:00,18985.5,-400.0,400.0,LOSS,WIN,18960.5,18960.5,2025-04-03 10:01:00,2025-04-03 10:01:00
2025-04-04,2025-04-04 10:00:00,18195.75,-400.0,400.0,LOSS,WIN,18170.75,18170.75,2025-04-04 10:01:00,2025-04-04 10:01:00
2025-04-08,2025-04-08 10:00:00,18247.75,400.0,-400.0,WIN,LOSS,18272.75,18272.75,2025-04-08 10:01:00,2025-04-08 10:01:00
2025-04-09,2025-04-09 10:00:00,17446.25,400.0,-400.0,WIN,LOSS,17471.25,17471.25,2025-04-09 10:01:00,2025-04-09 10:01:00
2025-04-10,2025-04-10 10:00:00,18661.25,-400.0,400.0,LOSS,WIN,18636.25,18636.25,2025-04-10 10:01:00,2025-04-10 10:01:00
2025-04-11,2025-04-11 10:00:00,18562.0,-400.0,400.0,LOSS,WIN,18537.0,18537.0,2025-04-11 10:01:00,2025-04-11 10:01:00
2025-04-14,2025-04-14 10:00:00,19046.75,400.0,-400.0,WIN,LOSS,19071.75,19071.75,2025-04-14 10:01:00,2025-04-14 10:01:00
2025-04-15,2025-04-15 10:00:00,19068.25,400.0,-400.0,WIN,LOSS,19093.25,19093.25,2025-04-15 10:03:00,2025-04-15 10:03:00
2025-04-16,2025-04-16 10:00:00,18523.0,400.0,-400.0,WIN,LOSS,18548.0,18548.0,2025-04-16 10:04:00,2025-04-16 10:04:00
2025-04-17,2025-04-17 10:00:00,18465.75,-400.0,400.0,LOSS,WIN,18440.75,18440.75,2025-04-17 10:03:00,2025-04-17 10:03:00
2025-04-21,2025-04-21 10:00:00,17994.25,-400.0,400.0,LOSS,WIN,17969.25,17969.25,2025-04-21 10:02:00,2025-04-21 10:02:00
2025-04-22,2025-04-22 10:00:00,18253.5,400.0,-400.0,WIN,LOSS,18278.5,18278.5,2025-04-22 10:06:00,2025-04-22 10:06:00
2025-04-23,2025-04-23 10:00:00,19074.25,-400.0,400.0,LOSS,WIN,19049.25,19049.25,2025-04-23 10:01:00,2025-04-23 10:01:00
2025-04-24,2025-04-24 10:00:00,19052.5,400.0,-400.0,WIN,LOSS,19077.5,19077.5,2025-04-24 10:01:00,2025-04-24 10:01:00
2025-04-25,2025-04-25 10:00:00,19263.75,400.0,-400.0,WIN,LOSS,19288.75,19288.75,2025-04-25 10:01:00,2025-04-25 10:01:00
2025-04-28,2025-04-28 10:00:00,19464.5,400.0,-400.0,WIN,LOSS,19489.5,19489.5,2025-04-28 10:03:00,2025-04-28 10:03:00
2025-04-29,2025-04-29 10:00:00,19506.0,400.0,-400.0,WIN,LOSS,19531.0,19531.0,2025-04-29 10:01:00,2025-04-29 10:01:00
2025-04-30,2025-04-30 10:00:00,19120.5,400.0,-400.0,WIN,LOSS,19145.5,19145.5,2025-04-30 10:01:00,2025-04-30 10:01:00
2025-05-01,2025-05-01 10:00:00,19877.0,400.0,-400.0,WIN,LOSS,19902.0,19902.0,2025-05-01 10:01:00,2025-05-01 10:01:00
2025-05-02,2025-05-02 10:00:00,20073.0,400.0,-400.0,WIN,LOSS,20098.0,20098.0,2025-05-02 10:02:00,2025-05-02 10:02:00
2025-05-05,2025-05-05 10:00:00,20059.25,400.0,-400.0,WIN,LOSS,20084.25,20084.25,2025-05-05 10:01:00,2025-05-05 10:01:00
2025-05-06,2025-05-06 10:00:00,19757.5,400.0,-400.0,WIN,LOSS,19782.5,19782.5,2025-05-06 10:01:00,2025-05-06 10:01:00
2025-05-07,2025-05-07 10:00:00,19936.75,-400.0,400.0,LOSS,WIN,19911.75,19911.75,2025-05-07 10:05:00,2025-05-07 10:05:00
2025-05-08,2025-05-08 10:00:00,20090.5,400.0,-400.0,WIN,LOSS,20115.5,20115.5,2025-05-08 10:01:00,2025-05-08 10:01:00
2025-05-09,2025-05-09 10:00:00,20254.0,-400.0,400.0,LOSS,WIN,20229.0,20229.0,2025-05-09 10:17:00,2025-05-09 10:17:00
2025-05-12,2025-05-12 10:00:00,20787.75,400.0,-400.0,WIN,LOSS,20812.75,20812.75,2025-05-12 10:05:00,2025-05-12 10:05:00
2025-05-13,2025-05-13 10:00:00,21125.0,400.0,-400.0,WIN,LOSS,21150.0,21150.0,2025-05-13 10:06:00,2025-05-13 10:06:00
2025-05-14,2025-05-14 10:00:00,21331.5,-400.0,400.0,LOSS,WIN,21306.5,21306.5,2025-05-14 10:06:00,2025-05-14 10:06:00
2025-05-15,2025-05-15 10:00:00,21299.0,400.0,-400.0,WIN,LOSS,21324.0,21324.0,2025-05-15 10:01:00,2025-05-15 10:01:00
2025-05-16,2025-05-16 10:00:00,21439.25,-400.0,400.0,LOSS,WIN,21414.25,21414.25,2025-05-16 10:01:00,2025-05-16 10:01:00
2025-05-19,2025-05-19 10:00:00,21356.25,400.0,-400.0,WIN,LOSS,21381.25,21381.25,2025-05-19 10:01:00,2025-05-19 10:01:00
2025-05-20,2025-05-20 10:00:00,21395.0,-400.0,400.0,LOSS,WIN,21370.0,21370.0,2025-05-20 10:09:00,2025-05-20 10:09:00
2025-05-21,2025-05-21 10:00:00,21374.25,400.0,-400.0,WIN,LOSS,21399.25,21399.25,2025-05-21 10:01:00,2025-05-21 10:01:00
2025-05-22,2025-05-22 10:00:00,21286.5,400.0,-400.0,WIN,LOSS,21311.5,21311.5,2025-05-22 10:03:00,2025-05-22 10:03:00
2025-05-23,2025-05-23 10:00:00,20888.25,400.0,-400.0,WIN,LOSS,20913.25,20913.25,2025-05-23 10:04:00,2025-05-23 10:04:00
2025-05-27,2025-05-27 10:00:00,21292.75,400.0,-400.0,WIN,LOSS,21317.75,21317.75,2025-05-27 10:01:00,2025-05-27 10:01:00
2025-05-28,2025-05-28 10:00:00,21467.5,-400.0,400.0,LOSS,WIN,21442.5,21442.5,2025-05-28 10:22:00,2025-05-28 10:22:00
2025-05-29,2025-05-29 10:00:00,21517.5,-400.0,400.0,LOSS,WIN,21492.5,21492.5,2025-05-29 10:04:00,2025-05-29 10:04:00
2025-05-30,2025-05-30 10:00:00,21257.5,400.0,-400.0,WIN,LOSS,21282.5,21282.5,2025-05-30 10:01:00,2025-05-30 10:01:00
2025-06-02,2025-06-02 10:00:00,21311.0,-400.0,400.0,LOSS,WIN,21286.0,21286.0,2025-06-02 10:01:00,2025-06-02 10:01:00
2025-06-03,2025-06-03 10:00:00,21594.5,400.0,-400.0,WIN,LOSS,21619.5,21619.5,2025-06-03 10:02:00,2025-06-03 10:02:00
2025-06-04,2025-06-04 10:00:00,21746.25,-400.0,400.0,LOSS,WIN,21721.25,21721.25,2025-06-04 10:01:00,2025-06-04 10:01:00
2025-06-05,2025-06-05 10:00:00,21724.75,400.0,-400.0,WIN,LOSS,21749.75,21749.75,2025-06-05 10:01:00,2025-06-05 10:01:00
2025-06-06,2025-06-06 10:00:00,21840.5,-400.0,400.0,LOSS,WIN,21815.5,21815.5,2025-06-06 10:03:00,2025-06-06 10:03:00
2025-06-09,2025-06-09 10:00:00,21787.5,400.0,-400.0,WIN,LOSS,21812.5,21812.5,2025-06-09 10:01:00,2025-06-09 10:01:00
2025-06-10,2025-06-10 10:00:00,21857.25,400.0,-400.0,WIN,LOSS,21882.25,21882.25,2025-06-10 10:32:00,2025-06-10 10:32:00
2025-06-11,2025-06-11 10:00:00,21981.0,400.0,-400.0,WIN,LOSS,22006.0,22006.0,2025-06-11 10:11:00,2025-06-11 10:11:00
2025-06-12,2025-06-12 10:00:00,21856.5,400.0,-400.0,WIN,LOSS,21881.5,21881.5,2025-06-12 10:07:00,2025-06-12 10:07:00
2025-06-13,2025-06-13 10:00:00,21735.0,-400.0,400.0,LOSS,WIN,21710.0,21710.0,2025-06-13 10:10:00,2025-06-13 10:10:00
2025-06-16,2025-06-16 10:00:00,22152.0,400.0,-400.0,WIN,LOSS,22177.0,22177.0,2025-06-16 10:02:00,2025-06-16 10:02:00
2025-06-17,2025-06-17 10:00:00,22095.0,-400.0,400.0,LOSS,WIN,22070.0,22070.0,2025-06-17 10:04:00,2025-06-17 10:04:00
2025-06-18,2025-06-18 10:00:00,22001.75,400.0,-400.0,WIN,LOSS,22026.75,22026.75,2025-06-18 10:03:00,2025-06-18 10:03:00
2025-06-20,2025-06-20 10:00:00,22018.25,-400.0,400.0,LOSS,WIN,21993.25,21993.25,2025-06-20 10:07:00,2025-06-20 10:07:00
2025-06-23,2025-06-23 10:00:00,21925.25,400.0,-400.0,WIN,LOSS,21950.25,21950.25,2025-06-23 10:01:00,2025-06-23 10:01:00
2025-06-24,2025-06-24 10:00:00,22292.0,-400.0,400.0,LOSS,WIN,22267.0,22267.0,2025-06-24 10:08:00,2025-06-24 10:08:00
2025-06-25,2025-06-25 10:00:00,22522.75,-400.0,400.0,LOSS,WIN,22497.75,22497.75,2025-06-25 10:03:00,2025-06-25 10:03:00
2025-06-26,2025-06-26 10:00:00,22543.75,400.0,-400.0,WIN,LOSS,22568.75,22568.75,2025-06-26 10:05:00,2025-06-26 10:05:00
2025-06-27,2025-06-27 10:00:00,22764.5,400.0,-400.0,WIN,LOSS,22789.5,22789.5,2025-06-27 10:01:00,2025-06-27 10:01:00
2025-06-30,2025-06-30 10:00:00,22826.75,400.0,-400.0,WIN,LOSS,22851.75,22851.75,2025-06-30 10:12:00,2025-06-30 10:12:00
2025-07-01,2025-07-01 10:00:00,22810.0,400.0,-400.0,WIN,LOSS,22835.0,22835.0,2025-07-01 10:15:00,2025-07-01 10:15:00
2025-07-02,2025-07-02 10:00:00,22706.5,400.0,-400.0,WIN,LOSS,22731.5,22731.5,2025-07-02 10:03:00,2025-07-02 10:03:00
2025-07-07,2025-07-07 10:00:00,22944.75,-400.0,400.0,LOSS,WIN,22919.75,22919.75,2025-07-07 10:02:00,2025-07-07 10:02:00
2025-07-08,2025-07-08 10:00:00,22882.0,-400.0,400.0,LOSS,WIN,22857.0,22857.0,2025-07-08 10:25:00,2025-07-08 10:25:00
2025-07-09,2025-07-09 10:00:00,23086.0,400.0,-400.0,WIN,LOSS,23111.0,23111.0,2025-07-09 10:02:00,2025-07-09 10:02:00
2025-07-10,2025-07-10 10:00:00,22960.75,-400.0,400.0,LOSS,WIN,22935.75,22935.75,2025-07-10 10:01:00,2025-07-10 10:01:00
2025-07-11,2025-07-11 10:00:00,22963.75,400.0,-400.0,WIN,LOSS,22988.75,22988.75,2025-07-11 10:22:00,2025-07-11 10:22:00
2025-07-14,2025-07-14 10:00:00,22912.0,400.0,-400.0,WIN,LOSS,22937.0,22937.0,2025-07-14 10:07:00,2025-07-14 10:07:00
2025-07-15,2025-07-15 10:00:00,23139.0,400.0,-400.0,WIN,LOSS,23164.0,23164.0,2025-07-15 10:06:00,2025-07-15 10:06:00
2025-07-16,2025-07-16 10:00:00,22968.5,400.0,-400.0,WIN,LOSS,22993.5,22993.5,2025-07-16 10:10:00,2025-07-16 10:10:00
2025-07-17,2025-07-17 10:00:00,23150.5,-400.0,400.0,LOSS,WIN,23125.5,23125.5,2025-07-17 10:23:00,2025-07-17 10:23:00
2025-07-18,2025-07-18 10:00:00,23257.5,-400.0,400.0,LOSS,WIN,23232.5,23232.5,2025-07-18 10:14:00,2025-07-18 10:14:00
2025-07-21,2025-07-21 10:00:00,23376.0,400.0,-400.0,WIN,LOSS,23401.0,23401.0,2025-07-21 10:01:00,2025-07-21 10:01:00
2025-07-22,2025-07-22 10:00:00,23142.0,-400.0,400.0,LOSS,WIN,23117.0,23117.0,2025-07-22 10:01:00,2025-07-22 10:01:00
2025-07-23,2025-07-23 10:00:00,23165.5,400.0,-400.0,WIN,LOSS,23190.5,23190.5,2025-07-23 10:25:00,2025-07-23 10:25:00
2025-07-24,2025-07-24 10:00:00,23363.5,-400.0,400.0,LOSS,WIN,23338.5,23338.5,2025-07-24 10:02:00,2025-07-24 10:02:00
2025-07-25,2025-07-25 10:00:00,23389.5,400.0,-400.0,WIN,LOSS,23414.5,23414.5,2025-07-25 10:12:00,2025-07-25 10:12:00
2025-07-28,2025-07-28 10:00:00,23520.25,-400.0,400.0,LOSS,WIN,23495.25,23495.25,2025-07-28 10:21:00,2025-07-28 10:21:00
2025-07-29,2025-07-29 10:00:00,23588.5,-400.0,400.0,LOSS,WIN,23563.5,23563.5,2025-07-29 10:03:00,2025-07-29 10:03:00
2025-07-30,2025-07-30 10:00:00,23483.5,400.0,-400.0,WIN,LOSS,23508.5,23508.5,2025-07-30 10:22:00,2025-07-30 10:22:00
2025-07-31,2025-07-31 10:00:00,23671.25,400.0,-400.0,WIN,LOSS,23696.25,23696.25,2025-07-31 10:07:00,2025-07-31 10:07:00
2025-08-01,2025-08-01 10:00:00,22880.0,-400.0,400.0,LOSS,WIN,22855.0,22855.0,2025-08-01 10:01:00,2025-08-01 10:01:00
2025-08-04,2025-08-04 10:00:00,23246.75,-400.0,400.0,LOSS,WIN,23221.75,23221.75,2025-08-04 10:10:00,2025-08-04 10:10:00
2025-08-05,2025-08-05 10:00:00,23374.5,-400.0,400.0,LOSS,WIN,23349.5,23349.5,2025-08-05 10:01:00,2025-08-05 10:01:00
2025-08-06,2025-08-06 10:00:00,23201.5,400.0,-400.0,WIN,LOSS,23226.5,23226.5,2025-08-06 10:01:00,2025-08-06 10:01:00
2025-08-07,2025-08-07 10:00:00,23654.0,-400.0,400.0,LOSS,WIN,23629.0,23629.0,2025-08-07 10:01:00,2025-08-07 10:01:00
2025-08-08,2025-08-08 10:00:00,23643.75,400.0,-400.0,WIN,LOSS,23668.75,23668.75,2025-08-08 10:10:00,2025-08-08 10:10:00
2025-08-11,2025-08-11 10:00:00,23744.75,-400.0,400.0,LOSS,WIN,23719.75,23719.75,2025-08-11 10:48:00,2025-08-11 10:48:00
2025-08-12,2025-08-12 10:00:00,23653.75,-400.0,400.0,LOSS,WIN,23628.75,23628.75,2025-08-12 10:01:00,2025-08-12 10:01:00
2025-08-13,2025-08-13 10:00:00,24017.25,-400.0,400.0,LOSS,WIN,23992.25,23992.25,2025-08-13 10:04:00,2025-08-13 10:04:00
2025-08-14,2025-08-14 10:00:00,23935.75,-400.0,400.0,LOSS,WIN,23910.75,23910.75,2025-08-14 10:09:00,2025-08-14 10:09:00
2025-08-15,2025-08-15 10:00:00,23801.0,400.0,-400.0,WIN,LOSS,23826.0,23826.0,2025-08-15 10:01:00,2025-08-15 10:01:00
2025-08-18,2025-08-18 10:00:00,23749.0,400.0,-400.0,WIN,LOSS,23774.0,23774.0,2025-08-18 10:03:00,2025-08-18 10:03:00
2025-08-19,2025-08-19 10:00:00,23678.25,400.0,-400.0,WIN,LOSS,23703.25,23703.25,2025-08-19 10:04:00,2025-08-19 10:04:00
2025-08-20,2025-08-20 10:00:00,23174.0,400.0,-400.0,WIN,LOSS,23199.0,23199.0,2025-08-20 10:01:00,2025-08-20 10:01:00
2025-08-21,2025-08-21 10:00:00,23184.5,400.0,-400.0,WIN,LOSS,23209.5,23209.5,2025-08-21 10:01:00,2025-08-21 10:01:00
2025-08-22,2025-08-22 10:00:00,23268.75,400.0,-400.0,WIN,LOSS,23293.75,23293.75,2025-08-22 10:01:00,2025-08-22 10:01:00
2025-08-25,2025-08-25 10:00:00,23519.0,400.0,-400.0,WIN,LOSS,23544.0,23544.0,2025-08-25 10:05:00,2025-08-25 10:05:00
2025-08-26,2025-08-26 10:00:00,23494.75,400.0,-400.0,WIN,LOSS,23519.75,23519.75,2025-08-26 10:10:00,2025-08-26 10:10:00
2025-08-27,2025-08-27 10:00:00,23534.75,400.0,-400.0,WIN,LOSS,23559.75,23559.75,2025-08-27 10:13:00,2025-08-27 10:13:00
2025-08-28,2025-08-28 10:00:00,23609.0,400.0,-400.0,WIN,LOSS,23634.0,23634.0,2025-08-28 10:03:00,2025-08-28 10:03:00
2025-08-29,2025-08-29 10:00:00,23519.75,400.0,-400.0,WIN,LOSS,23544.75,23544.75,2025-08-29 10:01:00,2025-08-29 10:01:00
2025-09-02,2025-09-02 10:00:00,23230.0,400.0,-400.0,WIN,LOSS,23255.0,23255.0,2025-09-02 10:01:00,2025-09-02 10:01:00
2025-09-03,2025-09-03 10:00:00,23384.0,400.0,-400.0,WIN,LOSS,23409.0,23409.0,2025-09-03 10:01:00,2025-09-03 10:01:00
2025-09-04,2025-09-04 10:00:00,23477.5,-400.0,400.0,LOSS,WIN,23452.5,23452.5,2025-09-04 10:02:00,2025-09-04 10:02:00
2025-09-05,2025-09-05 10:00:00,23853.0,-400.0,400.0,LOSS,WIN,23828.0,23828.0,2025-09-05 10:01:00,2025-09-05 10:01:00
2025-09-08,2025-09-08 10:00:00,23846.25,-400.0,400.0,LOSS,WIN,23821.25,23821.25,2025-09-08 10:18:00,2025-09-08 10:18:00
2025-09-09,2025-09-09 10:00:00,23815.5,-400.0,400.0,LOSS,WIN,23790.5,23790.5,2025-09-09 10:01:00,2025-09-09 10:01:00
2025-09-10,2025-09-10 10:00:00,23930.75,400.0,-400.0,WIN,LOSS,23955.75,23955.75,2025-09-10 10:02:00,2025-09-10 10:02:00
2025-09-11,2025-09-11 10:00:00,23978.75,400.0,-400.0,WIN,LOSS,24003.75,24003.75,2025-09-11 10:06:00,2025-09-11 10:06:00
2025-09-12,2025-09-12 10:00:00,24049.0,400.0,-400.0,WIN,LOSS,24074.0,24074.0,2025-09-12 10:25:00,2025-09-12 10:25:00
2025-09-15,2025-09-15 10:00:00,24502.5,-400.0,400.0,LOSS,WIN,24477.5,24477.5,2025-09-15 10:20:00,2025-09-15 10:20:00
2025-09-16,2025-09-16 10:00:00,24538.0,-400.0,400.0,LOSS,WIN,24513.0,24513.0,2025-09-16 11:03:00,2025-09-16 11:03:00
2025-09-17,2025-09-17 10:00:00,24477.5,-400.0,400.0,LOSS,WIN,24452.5,24452.5,2025-09-17 10:02:00,2025-09-17 10:02:00
2025-09-18,2025-09-18 10:00:00,24696.75,400.0,-400.0,WIN,LOSS,24721.75,24721.75,2025-09-18 10:03:00,2025-09-18 10:03:00
2025-09-19,2025-09-19 10:00:00,24790.5,-400.0,400.0,LOSS,WIN,24765.5,24765.5,2025-09-19 10:18:00,2025-09-19 10:18:00
2025-09-22,2025-09-22 10:00:00,24872.5,400.0,-400.0,WIN,LOSS,24897.5,24897.5,2025-09-22 10:28:00,2025-09-22 10:28:00
2025-09-23,2025-09-23 10:00:00,24940.5,400.0,-400.0,WIN,LOSS,24965.5,24965.5,2025-09-23 10:41:00,2025-09-23 10:41:00
2025-09-24,2025-09-24 10:00:00,24821.0,-400.0,400.0,LOSS,WIN,24796.0,24796.0,2025-09-24 10:33:00,2025-09-24 10:33:00
2025-09-25,2025-09-25 10:00:00,24452.5,400.0,-400.0,WIN,LOSS,24477.5,24477.5,2025-09-25 10:01:00,2025-09-25 10:01:00
2025-09-26,2025-09-26 10:00:00,24707.5,400.0,-400.0,WIN,LOSS,24732.5,24732.5,2025-09-26 10:01:00,2025-09-26 10:01:00
2025-09-29,2025-09-29 10:00:00,24942.0,400.0,-400.0,WIN,LOSS,24967.0,24967.0,2025-09-29 10:09:00,2025-09-29 10:09:00
2025-09-30,2025-09-30 10:00:00,24785.5,400.0,-400.0,WIN,LOSS,24810.5,24810.5,2025-09-30 10:03:00,2025-09-30 10:03:00
2025-10-01,2025-10-01 10:00:00,24781.25,400.0,-400.0,WIN,LOSS,24806.25,24806.25,2025-10-01 10:03:00,2025-10-01 10:03:00
2025-10-02,2025-10-02 10:00:00,25063.5,400.0,-400.0,WIN,LOSS,25088.5,25088.5,2025-10-02 10:25:00,2025-10-02 10:25:00
2025-10-03,2025-10-03 10:00:00,25105.75,-400.0,400.0,LOSS,WIN,25080.75,25080.75,2025-10-03 10:01:00,2025-10-03 10:01:00
2025-10-06,2025-10-06 10:00:00,25156.0,400.0,-400.0,WIN,LOSS,25181.0,25181.0,2025-10-06 10:21:00,2025-10-06 10:21:00
2025-10-07,2025-10-07 10:00:00,25242.0,-400.0,400.0,LOSS,WIN,25217.0,25217.0,2025-10-07 10:03:00,2025-10-07 10:03:00
2025-10-08,2025-10-08 10:00:00,25174.25,400.0,-400.0,WIN,LOSS,25199.25,25199.25,2025-10-08 10:01:00,2025-10-08 10:01:00
2025-10-09,2025-10-09 10:00:00,25279.5,-400.0,400.0,LOSS,WIN,25254.5,25254.5,2025-10-09 10:21:00,2025-10-09 10:21:00
2025-10-10,2025-10-10 10:00:00,25355.5,-400.0,400.0,LOSS,WIN,25330.5,25330.5,2025-10-10 10:01:00,2025-10-10 10:01:00
2025-10-13,2025-10-13 10:00:00,24887.25,400.0,-400.0,WIN,LOSS,24912.25,24912.25,2025-10-13 10:12:00,2025-10-13 10:12:00
2025-10-14,2025-10-14 10:00:00,24575.0,400.0,-400.0,WIN,LOSS,24600.0,24600.0,2025-10-14 10:04:00,2025-10-14 10:04:00
2025-10-15,2025-10-15 10:00:00,25013.75,400.0,-400.0,WIN,LOSS,25038.75,25038.75,2025-10-15 10:01:00,2025-10-15 10:01:00
2025-10-16,2025-10-16 10:00:00,25062.25,-400.0,400.0,LOSS,WIN,25037.25,25037.25,2025-10-16 10:03:00,2025-10-16 10:03:00
2025-10-17,2025-10-17 10:00:00,24822.0,-400.0,400.0,LOSS,WIN,24797.0,24797.0,2025-10-17 10:01:00,2025-10-17 10:01:00
2025-10-20,2025-10-20 10:00:00,25222.5,400.0,-400.0,WIN,LOSS,25247.5,25247.5,2025-10-20 10:06:00,2025-10-20 10:06:00
2025-10-21,2025-10-21 10:00:00,25235.0,400.0,-400.0,WIN,LOSS,25260.0,25260.0,2025-10-21 10:17:00,2025-10-21 10:17:00
2025-10-22,2025-10-22 10:00:00,25258.0,-400.0,400.0,LOSS,WIN,25233.0,25233.0,2025-10-22 10:12:00,2025-10-22 10:12:00
2025-10-23,2025-10-23 10:00:00,25160.75,-400.0,400.0,LOSS,WIN,25135.75,25135.75,2025-10-23 10:06:00,2025-10-23 10:06:00
2025-10-24,2025-10-24 10:00:00,25512.75,400.0,-400.0,WIN,LOSS,25537.75,25537.75,2025-10-24 10:06:00,2025-10-24 10:06:00
2025-10-27,2025-10-27 10:00:00,25849.0,400.0,-400.0,WIN,LOSS,25874.0,25874.0,2025-10-27 10:04:00,2025-10-27 10:04:00
2025-10-28,2025-10-28 10:00:00,26065.0,-400.0,400.0,LOSS,WIN,26040.0,26040.0,2025-10-28 10:27:00,2025-10-28 10:27:00
2025-10-29,2025-10-29 10:00:00,26319.0,-400.0,400.0,LOSS,WIN,26294.0,26294.0,2025-10-29 10:04:00,2025-10-29 10:04:00
2025-10-30,2025-10-30 10:00:00,26124.75,400.0,-400.0,WIN,LOSS,26149.75,26149.75,2025-10-30 10:01:00,2025-10-30 10:01:00
2025-10-31,2025-10-31 10:00:00,26103.5,-400.0,400.0,LOSS,WIN,26078.5,26078.5,2025-10-31 10:04:00,2025-10-31 10:04:00
2025-11-03,2025-11-03 10:00:00,26140.5,-400.0,400.0,LOSS,WIN,26115.5,26115.5,2025-11-03 10:01:00,2025-11-03 10:01:00
2025-11-04,2025-11-04 10:00:00,25874.75,-400.0,400.0,LOSS,WIN,25849.75,25849.75,2025-11-04 10:08:00,2025-11-04 10:08:00
2025-11-05,2025-11-05 10:00:00,25680.5,-400.0,400.0,LOSS,WIN,25655.5,25655.5,2025-11-05 10:02:00,2025-11-05 10:02:00
2025-11-06,2025-11-06 10:00:00,25513.25,-400.0,400.0,LOSS,WIN,25488.25,25488.25,2025-11-06 10:01:00,2025-11-06 10:01:00
2025-11-07,2025-11-07 10:00:00,25018.0,-400.0,400.0,LOSS,WIN,24993.0,24993.0,2025-11-07 10:01:00,2025-11-07 10:01:00
2025-11-10,2025-11-10 10:00:00,25637.25,-400.0,400.0,LOSS,WIN,25612.25,25612.25,2025-11-10 10:19:00,2025-11-10 10:19:00
2025-11-11,2025-11-11 10:00:00,25626.75,-400.0,400.0,LOSS,WIN,25601.75,25601.75,2025-11-11 10:03:00,2025-11-11 10:03:00
2025-11-12,2025-11-12 10:00:00,25593.5,400.0,-400.0,WIN,LOSS,25618.5,25618.5,2025-11-12 10:01:00,2025-11-12 10:01:00
2025-11-13,2025-11-13 10:00:00,25382.0,-400.0,400.0,LOSS,WIN,25357.0,25357.0,2025-11-13 10:02:00,2025-11-13 10:02:00
2025-11-14,2025-11-14 10:00:00,24953.0,-400.0,400.0,LOSS,WIN,24928.0,24928.0,2025-11-14 10:01:00,2025-11-14 10:01:00
2025-11-17,2025-11-17 10:00:00,25199.25,-400.0,400.0,LOSS,WIN,25174.25,25174.25,2025-11-17 10:02:00,2025-11-17 10:02:00
2025-11-18,2025-11-18 10:00:00,24521.75,-400.0,400.0,LOSS,WIN,24496.75,24496.75,2025-11-18 10:01:00,2025-11-18 10:01:00
2025-11-19,2025-11-19 10:00:00,24894.0,400.0,-400.0,WIN,LOSS,24919.0,24919.0,2025-11-19 10:03:00,2025-11-19 10:03:00
2025-11-20,2025-11-20 10:00:00,25275.0,-400.0,400.0,LOSS,WIN,25250.0,25250.0,2025-11-20 10:05:00,2025-11-20 10:05:00
2025-11-21,2025-11-21 10:00:00,24174.0,-400.0,400.0,LOSS,WIN,24149.0,24149.0,2025-11-21 10:01:00,2025-11-21 10:01:00
2025-11-24,2025-11-24 10:00:00,24683.0,400.0,-400.0,WIN,LOSS,24708.0,24708.0,2025-11-24 10:01:00,2025-11-24 10:01:00
2025-11-25,2025-11-25 10:00:00,24819.0,-400.0,400.0,LOSS,WIN,24794.0,24794.0,2025-11-25 10:01:00,2025-11-25 10:01:00
2025-11-26,2025-11-26 10:00:00,25167.0,400.0,-400.0,WIN,LOSS,25192.0,25192.0,2025-11-26 10:02:00,2025-11-26 10:02:00
2025-12-01,2025-12-01 10:00:00,25365.75,-400.0,400.0,LOSS,WIN,25340.75,25340.75,2025-12-01 10:04:00,2025-12-01 10:04:00
2025-12-02,2025-12-02 10:00:00,25598.5,400.0,-400.0,WIN,LOSS,25623.5,25623.5,2025-12-02 10:01:00,2025-12-02 10:01:00
2025-12-03,2025-12-03 10:00:00,25497.5,400.0,-400.0,WIN,LOSS,25522.5,25522.5,2025-12-03 10:01:00,2025-12-03 10:01:00
2025-12-04,2025-12-04 10:00:00,25555.5,400.0,-400.0,WIN,LOSS,25580.5,25580.5,2025-12-04 10:05:00,2025-12-04 10:05:00
2025-12-05,2025-12-05 10:00:00,25791.25,-400.0,400.0,LOSS,WIN,25766.25,25766.25,2025-12-05 10:01:00,2025-12-05 10:01:00
2025-12-08,2025-12-08 10:00:00,25744.75,400.0,-400.0,WIN,LOSS,25769.75,25769.75,2025-12-08 10:02:00,2025-12-08 10:02:00
2025-12-09,2025-12-09 10:00:00,25630.5,400.0,-400.0,WIN,LOSS,25655.5,25655.5,2025-12-09 10:02:00,2025-12-09 10:02:00
2025-12-10,2025-12-10 10:00:00,25630.5,-400.0,400.0,LOSS,WIN,25605.5,25605.5,2025-12-10 10:01:00,2025-12-10 10:01:00
2025-12-11,2025-12-11 10:00:00,25414.75,400.0,-400.0,WIN,LOSS,25439.75,25439.75,2025-12-11 10:03:00,2025-12-11 10:03:00
2025-12-12,2025-12-12 10:00:00,25558.25,-400.0,400.0,LOSS,WIN,25533.25,25533.25,2025-12-12 10:01:00,2025-12-12 10:01:00
2025-12-15,2025-12-15 10:00:00,25225.75,-400.0,400.0,LOSS,WIN,25200.75,25200.75,2025-12-15 10:01:00,2025-12-15 10:01:00
2025-12-16,2025-12-16 10:00:00,25394.5,-400.0,400.0,LOSS,WIN,25369.5,25369.5,2025-12-16 10:02:00,2025-12-16 10:02:00
2025-12-17,2025-12-17 10:00:00,25332.25,-400.0,400.0,LOSS,WIN,25307.25,25307.25,2025-12-17 10:01:00,2025-12-17 10:01:00
2025-12-18,2025-12-18 10:00:00,25277.5,-400.0,400.0,LOSS,WIN,25252.5,25252.5,2025-12-18 10:06:00,2025-12-18 10:06:00
2025-12-19,2025-12-19 10:00:00,25558.75,400.0,-400.0,WIN,LOSS,25583.75,25583.75,2025-12-19 10:01:00,2025-12-19 10:01:00
2025-12-22,2025-12-22 10:00:00,25747.0,-400.0,400.0,LOSS,WIN,25722.0,25722.0,2025-12-22 10:01:00,2025-12-22 10:01:00
2025-12-23,2025-12-23 10:00:00,25692.25,-400.0,400.0,LOSS,WIN,25667.25,25667.25,2025-12-23 10:01:00,2025-12-23 10:01:00
2025-12-26,2025-12-26 10:00:00,25881.0,-400.0,400.0,LOSS,WIN,25856.0,25856.0,2025-12-26 10:01:00,2025-12-26 10:01:00
2025-12-29,2025-12-29 10:00:00,25723.0,-400.0,400.0,LOSS,WIN,25698.0,25698.0,2025-12-29 10:06:00,2025-12-29 10:06:00
2025-12-30,2025-12-30 10:00:00,25756.0,-400.0,400.0,LOSS,WIN,25731.0,25731.0,2025-12-30 10:05:00,2025-12-30 10:05:00
2025-12-31,2025-12-31 10:00:00,25606.25,-400.0,400.0,LOSS,WIN,25581.25,25581.25,2025-12-31 10:18:00,2025-12-31 10:18:00
2026-01-02,2026-01-02 10:00:00,25733.75,400.0,-400.0,WIN,LOSS,25758.75,25758.75,2026-01-02 10:01:00,2026-01-02 10:01:00
2026-01-05,2026-01-05 10:00:00,25593.25,-400.0,400.0,LOSS,WIN,25568.25,25568.25,2026-01-05 10:01:00,2026-01-05 10:01:00
2026-01-06,2026-01-06 10:00:00,25753.0,-400.0,400.0,LOSS,WIN,25728.0,25728.0,2026-01-06 10:11:00,2026-01-06 10:11:00
2026-01-07,2026-01-07 10:00:00,25857.25,-400.0,400.0,LOSS,WIN,25832.25,25832.25,2026-01-07 10:01:00,2026-01-07 10:01:00
2026-01-08,2026-01-08 10:00:00,25603.75,-400.0,400.0,LOSS,WIN,25578.75,25578.75,2026-01-08 10:01:00,2026-01-08 10:01:00
2026-01-09,2026-01-09 10:00:00,25734.0,-400.0,400.0,LOSS,WIN,25709.0,25709.0,2026-01-09 10:01:00,2026-01-09 10:01:00
2026-01-12,2026-01-12 10:00:00,25901.25,-400.0,400.0,LOSS,WIN,25876.25,25876.25,2026-01-12 10:03:00,2026-01-12 10:03:00
2026-01-13,2026-01-13 10:00:00,25947.25,-400.0,400.0,LOSS,WIN,25922.25,25922.25,2026-01-13 10:02:00,2026-01-13 10:02:00
2026-01-14,2026-01-14 10:00:00,25586.25,-400.0,400.0,LOSS,WIN,25561.25,25561.25,2026-01-14 10:01:00,2026-01-14 10:01:00
2026-01-15,2026-01-15 10:00:00,25863.5,400.0,-400.0,WIN,LOSS,25888.5,25888.5,2026-01-15 10:14:00,2026-01-15 10:14:00
2026-01-16,2026-01-16 10:00:00,25729.0,400.0,-400.0,WIN,LOSS,25754.0,25754.0,2026-01-16 10:06:00,2026-01-16 10:06:00
2026-01-20,2026-01-20 10:00:00,25322.0,-400.0,400.0,LOSS,WIN,25297.0,25297.0,2026-01-20 10:01:00,2026-01-20 10:01:00
2026-01-21,2026-01-21 10:00:00,25323.5,-400.0,400.0,LOSS,WIN,25298.5,25298.5,2026-01-21 10:10:00,2026-01-21 10:10:00
2026-01-22,2026-01-22 10:00:00,25582.0,-400.0,400.0,LOSS,WIN,25557.0,25557.0,2026-01-22 10:01:00,2026-01-22 10:01:00
2026-01-23,2026-01-23 10:00:00,25668.0,400.0,-400.0,WIN,LOSS,25693.0,25693.0,2026-01-23 10:02:00,2026-01-23 10:02:00
2026-01-26,2026-01-26 10:00:00,25837.0,-400.0,400.0,LOSS,WIN,25812.0,25812.0,2026-01-26 10:10:00,2026-01-26 10:10:00
2026-01-27,2026-01-27 10:00:00,26052.5,-400.0,400.0,LOSS,WIN,26027.5,26027.5,2026-01-27 10:05:00,2026-01-27 10:05:00
2026-01-28,2026-01-28 10:00:00,26253.0,-400.0,400.0,LOSS,WIN,26228.0,26228.0,2026-01-28 10:10:00,2026-01-28 10:10:00
2026-01-29,2026-01-29 10:00:00,25864.5,-400.0,400.0,LOSS,WIN,25839.5,25839.5,2026-01-29 10:01:00,2026-01-29 10:01:00
2026-01-30,2026-01-30 10:00:00,25826.5,400.0,-400.0,WIN,LOSS,25851.5,25851.5,2026-01-30 10:01:00,2026-01-30 10:01:00
2026-02-02,2026-02-02 10:00:00,25746.75,400.0,-400.0,WIN,LOSS,25771.75,25771.75,2026-02-02 10:02:00,2026-02-02 10:02:00
2026-02-03,2026-02-03 10:00:00,25632.75,-400.0,400.0,LOSS,WIN,25607.75,25607.75,2026-02-03 10:01:00,2026-02-03 10:01:00
2026-02-04,2026-02-04 10:00:00,25194.25,-400.0,400.0,LOSS,WIN,25169.25,25169.25,2026-02-04 10:01:00,2026-02-04 10:01:00
2026-02-05,2026-02-05 10:00:00,24769.0,-400.0,400.0,LOSS,WIN,24744.0,24744.0,2026-02-05 10:01:00,2026-02-05 10:01:00
2026-02-06,2026-02-06 10:00:00,24856.75,-400.0,400.0,LOSS,WIN,24831.75,24831.75,2026-02-06 10:01:00,2026-02-06 10:01:00
2026-02-09,2026-02-09 10:00:00,25112.25,400.0,-400.0,WIN,LOSS,25137.25,25137.25,2026-02-09 10:01:00,2026-02-09 10:01:00
2026-02-10,2026-02-10 10:00:00,25392.5,400.0,-400.0,WIN,LOSS,25417.5,25417.5,2026-02-10 10:06:00,2026-02-10 10:06:00
2026-02-11,2026-02-11 10:00:00,25306.5,400.0,-400.0,WIN,LOSS,25331.5,25331.5,2026-02-11 10:01:00,2026-02-11 10:01:00
2026-02-13,2026-02-13 10:00:00,24697.5,400.0,-400.0,WIN,LOSS,24722.5,24722.5,2026-02-13 10:01:00,2026-02-13 10:01:00
2026-02-17,2026-02-17 10:00:00,24483.75,400.0,-400.0,WIN,LOSS,24508.75,24508.75,2026-02-17 10:01:00,2026-02-17 10:01:00
2026-02-18,2026-02-18 10:00:00,24941.0,400.0,-400.0,WIN,LOSS,24966.0,24966.0,2026-02-18 10:01:00,2026-02-18 10:01:00
2026-02-19,2026-02-19 10:00:00,24880.0,400.0,-400.0,WIN,LOSS,24905.0,24905.0,2026-02-19 10:02:00,2026-02-19 10:02:00
2026-02-20,2026-02-20 10:00:00,24900.5,400.0,-400.0,WIN,LOSS,24925.5,24925.5,2026-02-20 10:01:00,2026-02-20 10:01:00
2026-02-23,2026-02-23 10:00:00,24912.75,400.0,-400.0,WIN,LOSS,24937.75,24937.75,2026-02-23 10:01:00,2026-02-23 10:01:00
2026-02-24,2026-02-24 10:00:00,24878.5,-400.0,400.0,LOSS,WIN,24853.5,24853.5,2026-02-24 10:01:00,2026-02-24 10:01:00
2026-02-25,2026-02-25 10:00:00,25343.0,-400.0,400.0,LOSS,WIN,25318.0,25318.0,2026-02-25 10:07:00,2026-02-25 10:07:00
2026-02-26,2026-02-26 10:00:00,25193.5,-400.0,400.0,LOSS,WIN,25168.5,25168.5,2026-02-26 10:01:00,2026-02-26 10:01:00
2026-02-27,2026-02-27 10:00:00,24879.5,400.0,-400.0,WIN,LOSS,24904.5,24904.5,2026-02-27 10:01:00,2026-02-27 10:01:00
2026-03-02,2026-03-02 10:00:00,24862.0,-400.0,400.0,LOSS,WIN,24837.0,24837.0,2026-03-02 10:01:00,2026-03-02 10:01:00
2026-03-03,2026-03-03 10:00:00,24489.0,400.0,-400.0,WIN,LOSS,24514.0,24514.0,2026-03-03 10:01:00,2026-03-03 10:01:00
2026-03-04,2026-03-04 10:00:00,24922.75,400.0,-400.0,WIN,LOSS,24947.75,24947.75,2026-03-04 10:01:00,2026-03-04 10:01:00
2026-03-05,2026-03-05 10:00:00,25185.25,-400.0,400.0,LOSS,WIN,25160.25,25160.25,2026-03-05 10:05:00,2026-03-05 10:05:00
2026-03-06,2026-03-06 10:00:00,24691.5,400.0,-400.0,WIN,LOSS,24716.5,24716.5,2026-03-06 10:01:00,2026-03-06 10:01:00
2026-03-09,2026-03-09 10:00:00,24370.75,400.0,-400.0,WIN,LOSS,24395.75,24395.75,2026-03-09 10:02:00,2026-03-09 10:02:00
2026-03-10,2026-03-10 10:00:00,24964.75,-400.0,400.0,LOSS,WIN,24939.75,24939.75,2026-03-10 10:01:00,2026-03-10 10:01:00
2026-03-11,2026-03-11 10:00:00,25101.5,400.0,-400.0,WIN,LOSS,25126.5,25126.5,2026-03-11 10:01:00,2026-03-11 10:01:00
2026-03-12,2026-03-12 10:00:00,24658.75,400.0,-400.0,WIN,LOSS,24683.75,24683.75,2026-03-12 10:01:00,2026-03-12 10:01:00
2026-03-13,2026-03-13 10:00:00,24728.5,400.0,-400.0,WIN,LOSS,24753.5,24753.5,2026-03-13 10:01:00,2026-03-13 10:01:00
2026-03-16,2026-03-16 10:00:00,24735.5,-400.0,400.0,LOSS,WIN,24710.5,24710.5,2026-03-16 10:01:00,2026-03-16 10:01:00
2026-03-17,2026-03-17 10:00:00,25092.75,-400.0,400.0,LOSS,WIN,25067.75,25067.75,2026-03-17 10:02:00,2026-03-17 10:02:00
2026-03-18,2026-03-18 10:00:00,24969.0,-400.0,400.0,LOSS,WIN,24944.0,24944.0,2026-03-18 10:01:00,2026-03-18 10:01:00
2026-03-19,2026-03-19 10:00:00,24501.5,400.0,-400.0,WIN,LOSS,24526.5,24526.5,2026-03-19 10:01:00,2026-03-19 10:01:00
2026-03-20,2026-03-20 10:00:00,24285.75,-400.0,400.0,LOSS,WIN,24260.75,24260.75,2026-03-20 10:01:00,2026-03-20 10:01:00
2026-03-23,2026-03-23 10:00:00,24600.5,-400.0,400.0,LOSS,WIN,24575.5,24575.5,2026-03-23 10:01:00,2026-03-23 10:01:00
2026-03-24,2026-03-24 10:00:00,24215.75,400.0,-400.0,WIN,LOSS,24240.75,24240.75,2026-03-24 10:01:00,2026-03-24 10:01:00
2026-03-25,2026-03-25 10:00:00,24368.5,-400.0,400.0,LOSS,WIN,24343.5,24343.5,2026-03-25 10:01:00,2026-03-25 10:01:00
2026-03-26,2026-03-26 10:00:00,24215.75,-400.0,400.0,LOSS,WIN,24190.75,24190.75,2026-03-26 10:04:00,2026-03-26 10:04:00
2026-03-27,2026-03-27 10:00:00,23481.0,400.0,-400.0,WIN,LOSS,23506.0,23506.0,2026-03-27 10:01:00,2026-03-27 10:01:00
2026-03-30,2026-03-30 10:00:00,23302.5,400.0,-400.0,WIN,LOSS,23327.5,23327.5,2026-03-30 10:01:00,2026-03-30 10:01:00
2026-03-31,2026-03-31 10:00:00,23569.0,-400.0,400.0,LOSS,WIN,23544.0,23544.0,2026-03-31 10:03:00,2026-03-31 10:03:00
2026-04-01,2026-04-01 10:00:00,24121.75,400.0,-400.0,WIN,LOSS,24146.75,24146.75,2026-04-01 10:01:00,2026-04-01 10:01:00
2026-04-02,2026-04-02 10:00:00,23897.75,-400.0,400.0,LOSS,WIN,23872.75,23872.75,2026-04-02 10:02:00,2026-04-02 10:02:00
2026-04-06,2026-04-06 10:00:00,24411.0,-400.0,400.0,LOSS,WIN,24386.0,24386.0,2026-04-06 10:01:00,2026-04-06 10:01:00
2026-04-07,2026-04-07 10:00:00,24121.25,-400.0,400.0,LOSS,WIN,24096.25,24096.25,2026-04-07 10:01:00,2026-04-07 10:01:00
2026-04-08,2026-04-08 10:00:00,25080.75,-400.0,400.0,LOSS,WIN,25055.75,25055.75,2026-04-08 10:08:00,2026-04-08 10:08:00
2026-04-09,2026-04-09 10:00:00,25033.0,-400.0,400.0,LOSS,WIN,25008.0,25008.0,2026-04-09 10:10:00,2026-04-09 10:10:00
2026-04-10,2026-04-10 10:00:00,25319.0,-400.0,400.0,LOSS,WIN,25294.0,25294.0,2026-04-10 10:01:00,2026-04-10 10:01:00
2026-04-13,2026-04-13 10:00:00,25306.75,400.0,-400.0,WIN,LOSS,25331.75,25331.75,2026-04-13 10:07:00,2026-04-13 10:07:00
2026-04-14,2026-04-14 10:00:00,25721.5,400.0,-400.0,WIN,LOSS,25746.5,25746.5,2026-04-14 10:07:00,2026-04-14 10:07:00
2026-04-15,2026-04-15 10:00:00,26069.25,400.0,-400.0,WIN,LOSS,26094.25,26094.25,2026-04-15 10:15:00,2026-04-15 10:15:00
2026-04-16,2026-04-16 10:00:00,26321.25,-400.0,400.0,LOSS,WIN,26296.25,26296.25,2026-04-16 10:01:00,2026-04-16 10:01:00
2026-04-17,2026-04-17 10:00:00,26731.75,400.0,-400.0,WIN,LOSS,26756.75,26756.75,2026-04-17 10:05:00,2026-04-17 10:05:00
2026-04-20,2026-04-20 10:00:00,26782.75,-400.0,400.0,LOSS,WIN,26757.75,26757.75,2026-04-20 10:02:00,2026-04-20 10:02:00
2026-04-21,2026-04-21 10:00:00,26838.75,400.0,-400.0,WIN,LOSS,26863.75,26863.75,2026-04-21 10:08:00,2026-04-21 10:08:00
2026-04-22,2026-04-22 10:00:00,26864.25,400.0,-400.0,WIN,LOSS,26889.25,26889.25,2026-04-22 10:01:00,2026-04-22 10:01:00
2026-04-23,2026-04-23 10:00:00,27017.25,-400.0,400.0,LOSS,WIN,26992.25,26992.25,2026-04-23 10:01:00,2026-04-23 10:01:00
2026-04-27,2026-04-27 10:00:00,27402.25,-400.0,400.0,LOSS,WIN,27377.25,27377.25,2026-04-27 10:05:00,2026-04-27 10:05:00
2026-04-28,2026-04-28 10:00:00,27201.75,-400.0,400.0,LOSS,WIN,27176.75,27176.75,2026-04-28 10:02:00,2026-04-28 10:02:00
2026-04-29,2026-04-29 10:00:00,27220.75,-400.0,400.0,LOSS,WIN,27195.75,27195.75,2026-04-29 10:01:00,2026-04-29 10:01:00
2026-04-30,2026-04-30 10:00:00,27247.25,400.0,-400.0,WIN,LOSS,27272.25,27272.25,2026-04-30 10:01:00,2026-04-30 10:01:00
2026-05-01,2026-05-01 10:00:00,27873.5,400.0,-400.0,WIN,LOSS,27898.5,27898.5,2026-05-01 10:03:00,2026-05-01 10:03:00
2026-05-04,2026-05-04 10:00:00,27895.25,-400.0,400.0,LOSS,WIN,27870.25,27870.25,2026-05-04 10:02:00,2026-05-04 10:02:00
2026-05-05,2026-05-05 10:00:00,28085.0,-400.0,400.0,LOSS,WIN,28060.0,28060.0,2026-05-05 10:13:00,2026-05-05 10:13:00
2026-05-06,2026-05-06 10:00:00,28468.25,-400.0,400.0,LOSS,WIN,28443.25,28443.25,2026-05-06 10:02:00,2026-05-06 10:02:00
2026-05-07,2026-05-07 10:00:00,28781.5,400.0,-400.0,WIN,LOSS,28806.5,28806.5,2026-05-07 10:04:00,2026-05-07 10:04:00
2026-05-08,2026-05-08 10:00:00,29106.5,-400.0,400.0,LOSS,WIN,29081.5,29081.5,2026-05-08 10:11:00,2026-05-08 10:11:00
2026-05-11,2026-05-11 10:00:00,29311.25,400.0,-400.0,WIN,LOSS,29336.25,29336.25,2026-05-11 10:01:00,2026-05-11 10:01:00
2026-05-12,2026-05-12 10:00:00,29129.0,400.0,-400.0,WIN,LOSS,29154.0,29154.0,2026-05-12 10:02:00,2026-05-12 10:02:00
2026-05-13,2026-05-13 10:00:00,29170.25,-400.0,400.0,LOSS,WIN,29145.25,29145.25,2026-05-13 10:01:00,2026-05-13 10:01:00
2026-05-14,2026-05-14 10:00:00,29542.0,400.0,-400.0,WIN,LOSS,29567.0,29567.0,2026-05-14 10:01:00,2026-05-14 10:01:00
2026-05-15,2026-05-15 10:00:00,29144.0,400.0,-400.0,WIN,LOSS,29169.0,29169.0,2026-05-15 10:01:00,2026-05-15 10:01:00
2026-05-18,2026-05-18 10:00:00,29242.5,-400.0,400.0,LOSS,WIN,29217.5,29217.5,2026-05-18 10:01:00,2026-05-18 10:01:00
2026-05-19,2026-05-19 10:00:00,28938.0,-400.0,400.0,LOSS,WIN,28913.0,28913.0,2026-05-19 10:01:00,2026-05-19 10:01:00
2026-05-20,2026-05-20 10:00:00,29100.75,-400.0,400.0,LOSS,WIN,29075.75,29075.75,2026-05-20 10:02:00,2026-05-20 10:02:00
2026-05-21,2026-05-21 10:00:00,29287.5,400.0,-400.0,WIN,LOSS,29312.5,29312.5,2026-05-21 10:01:00,2026-05-21 10:01:00
2026-05-22,2026-05-22 10:00:00,29640.5,-400.0,400.0,LOSS,WIN,29615.5,29615.5,2026-05-22 10:01:00,2026-05-22 10:01:00
2026-05-26,2026-05-26 10:00:00,30007.0,-400.0,400.0,LOSS,WIN,29982.0,29982.0,2026-05-26 10:02:00,2026-05-26 10:02:00
2026-05-27,2026-05-27 10:00:00,30060.75,400.0,-400.0,WIN,LOSS,30085.75,30085.75,2026-05-27 10:01:00,2026-05-27 10:01:00
2026-05-28,2026-05-28 10:00:00,29992.25,-400.0,400.0,LOSS,WIN,29967.25,29967.25,2026-05-28 10:03:00,2026-05-28 10:03:00
2026-05-29,2026-05-29 10:00:00,30518.0,-400.0,400.0,LOSS,WIN,30493.0,30493.0,2026-05-29 10:06:00,2026-05-29 10:06:00
2026-06-01,2026-06-01 10:00:00,30314.5,400.0,-400.0,WIN,LOSS,30339.5,30339.5,2026-06-01 10:02:00,2026-06-01 10:02:00
2026-06-02,2026-06-02 10:00:00,30603.0,-400.0,400.0,LOSS,WIN,30578.0,30578.0,2026-06-02 10:02:00,2026-06-02 10:02:00
2026-06-03,2026-06-03 10:00:00,30562.0,400.0,-400.0,WIN,LOSS,30587.0,30587.0,2026-06-03 10:01:00,2026-06-03 10:01:00
2026-06-04,2026-06-04 10:00:00,30247.75,-400.0,400.0,LOSS,WIN,30222.75,30222.75,2026-06-04 10:03:00,2026-06-04 10:03:00
2026-06-05,2026-06-05 10:00:00,29774.25,400.0,-400.0,WIN,LOSS,29799.25,29799.25,2026-06-05 10:02:00,2026-06-05 10:02:00
2026-06-08,2026-06-08 10:00:00,29350.25,400.0,-400.0,WIN,LOSS,29375.25,29375.25,2026-06-08 10:01:00,2026-06-08 10:01:00
2026-06-09,2026-06-09 10:00:00,29672.75,400.0,-400.0,WIN,LOSS,29697.75,29697.75,2026-06-09 10:01:00,2026-06-09 10:01:00
2026-06-10,2026-06-10 10:00:00,29022.0,-400.0,400.0,LOSS,WIN,28997.0,28997.0,2026-06-10 10:01:00,2026-06-10 10:01:00
2026-06-11,2026-06-11 10:00:00,28899.5,400.0,-400.0,WIN,LOSS,28924.5,28924.5,2026-06-11 10:01:00,2026-06-11 10:01:00
2026-06-12,2026-06-12 10:00:00,29354.0,400.0,-400.0,WIN,LOSS,29379.0,29379.0,2026-06-12 10:01:00,2026-06-12 10:01:00
2026-06-15,2026-06-15 10:00:00,30703.75,400.0,-400.0,WIN,LOSS,30728.75,30728.75,2026-06-15 10:01:00,2026-06-15 10:01:00
2026-06-16,2026-06-16 10:00:00,30808.0,400.0,-400.0,WIN,LOSS,30833.0,30833.0,2026-06-16 10:04:00,2026-06-16 10:04:00
2026-06-17,2026-06-17 10:00:00,30346.0,400.0,-400.0,WIN,LOSS,30371.0,30371.0,2026-06-17 10:01:00,2026-06-17 10:01:00
2026-06-18,2026-06-18 10:00:00,30469.25,400.0,-400.0,WIN,LOSS,30494.25,30494.25,2026-06-18 10:01:00,2026-06-18 10:01:00
2026-06-22,2026-06-22 10:00:00,30936.25,-400.0,400.0,LOSS,WIN,30911.25,30911.25,2026-06-22 10:01:00,2026-06-22 10:01:00
2026-06-23,2026-06-23 10:00:00,29926.5,400.0,-400.0,WIN,LOSS,29951.5,29951.5,2026-06-23 10:01:00,2026-06-23 10:01:00
2026-06-24,2026-06-24 10:00:00,29686.75,-400.0,400.0,LOSS,WIN,29661.75,29661.75,2026-06-24 10:01:00,2026-06-24 10:01:00
2026-06-25,2026-06-25 10:00:00,29316.75,400.0,-400.0,WIN,LOSS,29341.75,29341.75,2026-06-25 10:01:00,2026-06-25 10:01:00
2026-06-26,2026-06-26 10:00:00,29444.0,400.0,-400.0,WIN,LOSS,29469.0,29469.0,2026-06-26 10:01:00,2026-06-26 10:01:00
2026-06-29,2026-06-29 10:00:00,29618.75,-400.0,400.0,LOSS,WIN,29593.75,29593.75,2026-06-29 10:01:00,2026-06-29 10:01:00
2026-06-30,2026-06-30 10:00:00,30366.75,-400.0,400.0,LOSS,WIN,30341.75,30341.75,2026-06-30 10:01:00,2026-06-30 10:01:00
2026-07-01,2026-07-01 10:00:00,30280.0,-400.0,400.0,LOSS,WIN,30255.0,30255.0,2026-07-01 10:01:00,2026-07-01 10:01:00
2026-07-02,2026-07-02 10:00:00,30258.0,-400.0,400.0,LOSS,WIN,30233.0,30233.0,2026-07-02 10:01:00,2026-07-02 10:01:00
2026-07-06,2026-07-06 10:00:00,29935.5,400.0,-400.0,WIN,LOSS,29960.5,29960.5,2026-07-06 10:01:00,2026-07-06 10:01:00
2026-07-07,2026-07-07 10:00:00,29468.75,400.0,-400.0,WIN,LOSS,29493.75,29493.75,2026-07-07 10:01:00,2026-07-07 10:01:00
2026-07-08,2026-07-08 10:00:00,29366.25,-400.0,400.0,LOSS,WIN,29341.25,29341.25,2026-07-08 10:01:00,2026-07-08 10:01:00
2026-07-09,2026-07-09 10:00:00,29910.0,-400.0,400.0,LOSS,WIN,29885.0,29885.0,2026-07-09 10:06:00,2026-07-09 10:06:00
2026-07-10,2026-07-10 10:00:00,29922.75,400.0,-400.0,WIN,LOSS,29947.75,29947.75,2026-07-10 10:01:00,2026-07-10 10:01:00
2026-07-13,2026-07-13 10:00:00,29631.0,400.0,-400.0,WIN,LOSS,29656.0,29656.0,2026-07-13 10:01:00,2026-07-13 10:01:00
2026-07-14,2026-07-14 10:00:00,29780.25,-400.0,400.0,LOSS,WIN,29755.25,29755.25,2026-07-14 10:01:00,2026-07-14 10:01:00
2026-07-15,2026-07-15 10:00:00,29822.75,400.0,-400.0,WIN,LOSS,29847.75,29847.75,2026-07-15 10:01:00,2026-07-15 10:01:00
2026-07-16,2026-07-16 10:00:00,29346.5,400.0,-400.0,WIN,LOSS,29371.5,29371.5,2026-07-16 10:01:00,2026-07-16 10:01:00
2026-07-17,2026-07-17 10:00:00,28676.0,400.0,-400.0,WIN,LOSS,28701.0,28701.0,2026-07-17 10:01:00,2026-07-17 10:01:00
2026-07-20,2026-07-20 10:00:00,28996.0,-400.0,400.0,LOSS,WIN,28971.0,28971.0,2026-07-20 10:01:00,2026-07-20 10:01:00
2026-07-21,2026-07-21 10:00:00,29153.5,400.0,-400.0,WIN,LOSS,29178.5,29178.5,2026-07-21 10:01:00,2026-07-21 10:01:00
2026-07-22,2026-07-22 10:00:00,29277.0,-400.0,400.0,LOSS,WIN,29252.0,29252.0,2026-07-22 10:02:00,2026-07-22 10:02:00
2026-07-23,2026-07-23 10:00:00,28709.25,400.0,-400.0,WIN,LOSS,28734.25,28734.25,2026-07-23 10:01:00,2026-07-23 10:01:00
2026-07-24,2026-07-24 10:00:00,28323.0,400.0,-400.0,WIN,LOSS,28348.0,28348.0,2026-07-24 10:01:00,2026-07-24 10:01:00
2026-07-28,2026-07-28 10:00:00,27665.5,400.0,-400.0,WIN,LOSS,27690.5,27690.5,2026-07-28 10:01:00,2026-07-28 10:01:00
2026-07-29,2026-07-29 10:00:00,27735.25,400.0,-400.0,WIN,LOSS,27760.25,27760.25,2026-07-29 10:01:00,2026-07-29 10:01:00
2026-07-30,2026-07-30 10:00:00,28150.5,400.0,-400.0,WIN,LOSS,28175.5,28175.5,2026-07-30 10:02:00,2026-07-30 10:02:00
2026-07-31,2026-07-31 10:00:00,28356.75,-400.0,400.0,LOSS,WIN,28331.75,28331.75,2026-07-31 10:01:00,2026-07-31 10:01:00
2026-08-03,2026-08-03 10:00:00,28623.75,-400.0,400.0,LOSS,WIN,28598.75,28598.75,2026-08-03 10:01:00,2026-08-03 10:01:00
2026-08-04,2026-08-04 10:00:00,29465.25,-400.0,400.0,LOSS,WIN,29440.25,29440.25,2026-08-04 10:01:00,2026-08-04 10:01:00
2026-08-05,2026-08-05 10:00:00,30048.5,-400.0,400.0,LOSS,WIN,30023.5,30023.5,2026-08-05 10:01:00,2026-08-05 10:01:00
