simulation,trading_days,accounts_used,accounts_blown,combine_passes,xfa_failures,payouts,trader_payouts,account_costs,actual_net_pnl
1,2488,80,79,24,24,22,10491.075,6800.0,3691.0750000000007
2,2488,79,78,23,23,27,12468.6,6715.0,5753.6
3,2488,78,77,16,16,19,10224.900000000001,6630.0,3594.9000000000015
4,2488,83,82,19,19,17,7044.975,7055.0,-10.024999999999636
5,2488,73,72,13,13,11,5244.299999999999,6205.0,-960.7000000000007
6,2488,75,74,12,12,10,3349.8,6375.0,-3025.2
7,2488,84,83,17,16,24,13205.19375,7140.0,6065.19375
8,2488,71,70,20,20,20,11320.087500000001,6035.0,5285.0875000000015
9,2488,78,77,15,15,19,8950.95,6630.0,2320.9500000000007
10,2488,75,74,22,21,21,10115.55,6375.0,3740.5499999999993
11,2488,86,85,20,20,30,19543.95,7310.0,12233.95
12,2488,72,71,21,21,30,15302.925,6120.0,9182.925
13,2488,70,69,16,16,20,9872.55,5950.0,3922.5499999999993
14,2488,86,85,18,18,13,6477.3,7310.0,-832.6999999999998
15,2488,69,68,20,20,26,16735.577343750003,5865.0,10870.577343750003
16,2488,71,70,21,21,21,9594.900000000001,6035.0,3559.9000000000015
17,2488,70,69,16,16,27,18262.458984375,5950.0,12312.458984375
18,2488,76,75,17,17,17,5749.65,6460.0,-710.3500000000004
19,2488,68,67,13,13,20,11725.235156249999,5780.0,5945.235156249999
20,2488,89,88,18,18,9,2376.9,7565.0,-5188.1
21,2488,78,77,14,14,17,12192.75,6630.0,5562.75
22,2488,90,89,12,12,13,7065.0,7650.0,-585.0
23,2488,69,68,18,17,24,11106.675,5865.0,5241.674999999999
24,2488,76,75,11,11,10,4403.7,6460.0,-2056.3
25,2488,78,77,21,21,22,11549.250000000002,6630.0,4919.250000000002
26,2488,67,66,21,21,21,9025.2,5695.0,3330.2000000000007
27,2488,84,83,14,14,7,3130.2000000000003,7140.0,-4009.7999999999997
28,2488,71,70,19,19,17,9209.3625,6035.0,3174.3624999999993
29,2488,84,83,15,15,13,5242.5,7140.0,-1897.5
30,2488,78,77,21,21,17,5777.1,6630.0,-852.8999999999996
31,2488,75,74,15,15,15,5870.700000000001,6375.0,-504.2999999999993
32,2488,71,70,19,19,17,6797.25,6035.0,762.25
33,2488,92,91,13,13,12,4485.6,7820.0,-3334.3999999999996
34,2488,74,73,19,19,22,11458.8,6290.0,5168.799999999999
35,2488,71,70,23,22,24,14294.25,6035.0,8259.25
36,2488,78,77,17,16,12,6275.700000000001,6630.0,-354.2999999999993
37,2488,70,69,22,22,23,11091.9375,5950.0,5141.9375
38,2488,69,68,18,18,15,5955.3,5865.0,90.30000000000018
39,2488,79,78,22,22,26,12945.825,6715.0,6230.825000000001
40,2488,83,82,16,15,15,9272.7,7055.0,2217.7000000000007
41,2488,80,79,15,15,17,7479.9,6800.0,679.8999999999996
42,2488,78,77,19,18,20,11087.49375,6630.0,4457.49375
43,2488,69,68,17,17,21,12783.88125,5865.0,6918.88125
44,2488,71,70,15,15,26,15366.796875,6035.0,9331.796875
45,2488,82,81,18,18,16,9153.9,6970.0,2183.8999999999996
46,2488,91,90,18,18,21,12546.9,7735.0,4811.9
47,2488,68,67,23,23,24,13073.5125,5780.0,7293.512500000001
48,2488,74,73,18,18,26,15488.1,6290.0,9198.1
49,2488,76,75,17,17,19,8973.0,6460.0,2513.0
50,2488,87,86,17,17,16,8645.7375,7395.0,1250.7374999999993
51,2488,86,85,20,20,17,8084.475,7310.0,774.4750000000004
52,2488,72,71,20,20,14,6939.0,6120.0,819.0
53,2488,75,74,16,16,16,10805.175,6375.0,4430.174999999999
54,2488,90,89,14,14,16,8256.6,7650.0,606.6000000000004
55,2488,79,78,18,18,30,17470.98984375,6715.0,10755.989843750001
56,2488,78,77,16,16,13,5365.8,6630.0,-1264.1999999999998
57,2488,76,75,17,16,20,9631.4484375,6460.0,3171.4484374999993
58,2488,70,69,23,23,22,12378.375,5950.0,6428.375
59,2488,64,63,19,19,28,14380.875,5440.0,8940.875
60,2488,82,81,20,20,18,9251.04375,6970.0,2281.0437500000007
61,2488,78,77,19,19,25,14683.05,6630.0,8053.049999999999
62,2488,81,80,16,15,17,7821.9,6885.0,936.8999999999996
63,2488,74,73,18,18,21,8946.7875,6290.0,2656.7875000000004
64,2488,79,78,16,16,14,6521.4,6715.0,-193.60000000000036
65,2488,74,73,17,17,22,10556.6625,6290.0,4266.6625
66,2488,79,78,16,15,9,4862.7,6715.0,-1852.3000000000002
67,2488,81,80,14,14,14,6395.400000000001,6885.0,-489.59999999999945
68,2488,76,75,20,20,27,14132.25,6460.0,7672.25
69,2488,77,76,15,15,10,4386.6,6545.0,-2158.3999999999996
70,2488,79,78,13,13,11,5634.9,6715.0,-1080.1000000000004
71,2488,74,73,20,19,27,15154.875,6290.0,8864.875
72,2488,74,73,16,16,26,17778.768750000003,6290.0,11488.768750000003
73,2488,79,78,20,19,17,6062.85,6715.0,-652.1499999999996
74,2488,75,74,18,17,25,15367.725,6375.0,8992.725
75,2488,68,67,14,14,29,18445.134375,5780.0,12665.134375000001
76,2488,82,81,17,17,20,9623.671875,6970.0,2653.671875
77,2488,86,85,21,21,22,10222.2,7310.0,2912.2000000000007
78,2488,73,72,17,16,33,18996.75,6205.0,12791.75
79,2488,84,83,13,13,13,5940.0,7140.0,-1200.0
80,2488,74,73,16,15,15,7250.4,6290.0,960.3999999999996
81,2488,87,86,14,14,10,6392.25,7395.0,-1002.75
82,2488,70,69,18,18,20,9537.075,5950.0,3587.0750000000007
83,2488,76,75,18,18,22,11615.7375,6460.0,5155.737499999999
84,2488,68,67,19,19,10,3921.3,5780.0,-1858.6999999999998
85,2488,82,81,14,14,14,8140.05,6970.0,1170.0500000000002
86,2488,84,83,19,19,20,10494.0,7140.0,3354.0
87,2488,71,70,19,19,23,13659.3,6035.0,7624.299999999999
88,2488,76,75,14,14,20,13340.925,6460.0,6880.924999999999
89,2488,80,79,14,14,15,7855.65,6800.0,1055.6499999999996
90,2488,88,87,19,18,15,7400.7,7480.0,-79.30000000000018
91,2488,67,66,22,22,32,22363.424999999996,5695.0,16668.424999999996
92,2488,70,69,16,16,17,7958.25,5950.0,2008.25
93,2488,76,75,18,18,14,7809.3,6460.0,1349.3000000000002
94,2488,77,76,18,18,18,7968.599999999999,6545.0,1423.5999999999995
95,2488,68,67,19,19,26,14429.925,5780.0,8649.925
96,2488,75,74,26,26,22,13064.456250000001,6375.0,6689.456250000001
97,2488,79,78,19,19,24,11702.7,6715.0,4987.700000000001
98,2488,79,78,17,17,19,9368.1,6715.0,2653.1000000000004
99,2488,72,71,14,14,18,6746.625,6120.0,626.625
100,2488,69,68,19,18,27,14567.85,5865.0,8702.85
101,2488,71,70,22,22,25,16496.2125,6035.0,10461.212500000001
102,2488,85,84,24,24,21,8736.3,7225.0,1511.2999999999993
103,2488,73,72,17,17,20,8195.400000000001,6205.0,1990.4000000000015
104,2488,73,72,17,17,21,12337.65,6205.0,6132.65
105,2488,75,74,16,15,19,10309.8375,6375.0,3934.8374999999996
106,2488,84,83,20,20,24,12623.0625,7140.0,5483.0625
107,2488,88,87,19,19,29,17996.79375,7480.0,10516.79375
108,2488,81,80,17,17,23,14873.203125,6885.0,7988.203125
109,2488,82,81,12,12,11,4358.7,6970.0,-2611.3
110,2488,75,74,23,23,26,14764.95,6375.0,8389.95
111,2488,71,70,22,22,27,16078.4296875,6035.0,10043.4296875
112,2488,68,67,15,15,18,11076.975,5780.0,5296.975
113,2488,72,71,15,15,18,10256.7375,6120.0,4136.737499999999
114,2488,72,71,24,24,26,14456.025,6120.0,8336.025
115,2488,74,73,21,21,15,7028.1,6290.0,738.1000000000004
116,2488,79,78,15,15,16,7618.049999999999,6715.0,903.0499999999993
117,2488,75,74,17,17,19,10507.95,6375.0,4132.950000000001
118,2488,68,67,20,20,28,17427.2625,5780.0,11647.2625
119,2488,68,67,16,15,11,6454.8,5780.0,674.8000000000002
120,2488,77,76,15,15,24,14106.15,6545.0,7561.15
121,2488,86,85,12,12,15,7799.174999999999,7310.0,489.1749999999993
122,2488,73,72,18,18,17,8301.7125,6205.0,2096.7124999999996
123,2488,89,88,15,15,15,5530.5,7565.0,-2034.5
124,2488,71,70,20,20,37,26205.328125,6035.0,20170.328125
125,2488,79,78,13,13,9,2913.3,6715.0,-3801.7
126,2488,80,79,11,11,10,4680.0,6800.0,-2120.0
127,2488,82,81,11,11,10,4461.3,6970.0,-2508.7
128,2488,85,84,17,17,14,5319.9,7225.0,-1905.1000000000004
129,2488,64,63,17,17,30,20261.3748046875,5440.0,14821.3748046875
130,2488,76,75,15,15,23,12471.6375,6460.0,6011.637500000001
131,2488,79,78,19,19,16,7161.3,6715.0,446.3000000000002
132,2488,80,79,17,17,17,11339.55,6800.0,4539.549999999999
133,2488,80,79,20,20,15,7592.7375,6800.0,792.7375000000002
134,2488,76,75,20,20,19,9263.25,6460.0,2803.25
135,2488,74,73,18,18,19,9536.9625,6290.0,3246.9624999999996
136,2488,73,72,17,17,27,16296.075,6205.0,10091.075
137,2488,75,74,17,17,22,12755.25,6375.0,6380.25
138,2488,65,64,16,16,12,4620.150000000001,5525.0,-904.8499999999995
139,2488,74,73,23,23,21,8707.8375,6290.0,2417.8374999999996
140,2488,70,69,14,14,21,11118.494531250002,5950.0,5168.494531250002
141,2488,80,79,16,16,15,6130.8,6800.0,-669.1999999999998
142,2488,73,72,20,20,25,14335.804687499998,6205.0,8130.804687499998
143,2488,75,74,17,17,27,16599.375,6375.0,10224.375
144,2488,82,81,19,19,16,7884.9,6970.0,914.8999999999996
145,2488,72,71,20,20,16,7561.800000000001,6120.0,1441.800000000001
146,2488,73,72,23,23,25,10184.400000000001,6205.0,3979.4000000000015
147,2488,71,70,22,22,21,9696.6,6035.0,3661.6000000000004
148,2488,70,69,18,18,21,11475.0,5950.0,5525.0
149,2488,78,77,14,14,16,7100.1,6630.0,470.10000000000036
150,2488,77,76,16,16,16,6935.400000000001,6545.0,390.40000000000055
151,2488,80,79,19,19,18,5173.65,6800.0,-1626.3500000000004
152,2488,69,68,24,24,17,6100.65,5865.0,235.64999999999964
153,2488,74,73,15,15,17,11579.934374999999,6290.0,5289.934374999999
154,2488,71,70,20,20,26,14656.05,6035.0,8621.05
155,2488,82,81,15,14,13,7201.35,6970.0,231.35000000000036
156,2488,85,84,13,13,15,9553.5,7225.0,2328.5
157,2488,73,72,16,16,24,13784.4,6205.0,7579.4
158,2488,81,80,18,18,16,6759.0,6885.0,-126.0
159,2488,78,77,15,15,15,8310.825,6630.0,1680.8250000000007
160,2488,77,76,13,13,15,6041.925,6545.0,-503.0749999999998
161,2488,82,81,14,14,22,13746.375,6970.0,6776.375
162,2488,75,74,18,18,9,5040.0,6375.0,-1335.0
163,2488,69,68,25,25,44,30057.426562499997,5865.0,24192.426562499997
164,2488,80,79,21,21,20,9612.45,6800.0,2812.4500000000007
165,2488,75,74,17,17,16,6407.55,6375.0,32.55000000000018
166,2488,70,69,19,19,30,15020.55,5950.0,9070.55
167,2488,76,75,22,22,23,11034.9,6460.0,4574.9
168,2488,81,80,14,14,18,9699.75,6885.0,2814.75
169,2488,77,76,18,18,22,14754.037499999999,6545.0,8209.037499999999
170,2488,75,74,20,20,15,6795.9,6375.0,420.89999999999964
171,2488,81,80,19,19,19,7318.8,6885.0,433.8000000000002
172,2488,75,74,23,23,23,13383.0,6375.0,7008.0
173,2488,81,80,15,14,19,11493.225,6885.0,4608.225
174,2488,73,72,22,22,28,15461.83125,6205.0,9256.83125
175,2488,71,70,17,17,13,6673.5,6035.0,638.5
176,2488,76,75,16,16,20,10513.8,6460.0,4053.7999999999993
177,2488,73,72,19,19,28,16272.45,6205.0,10067.45
178,2488,78,77,15,15,16,7478.1,6630.0,848.1000000000004
179,2488,86,85,20,20,19,9308.7,7310.0,1998.7000000000007
180,2488,89,88,15,15,11,4298.4,7565.0,-3266.6000000000004
181,2488,75,74,15,15,35,26194.18359375,6375.0,19819.18359375
182,2488,66,65,20,20,25,13374.225000000002,5610.0,7764.225000000002
183,2488,72,71,16,16,27,14175.675,6120.0,8055.674999999999
184,2488,73,72,21,21,24,12350.925,6205.0,6145.924999999999
185,2488,78,77,20,20,25,13489.565625,6630.0,6859.565624999999
186,2488,85,84,18,18,13,5121.9,7225.0,-2103.1000000000004
187,2488,80,79,19,19,17,8186.400000000001,6800.0,1386.4000000000005
188,2488,77,76,17,16,18,7836.3,6545.0,1291.3000000000002
189,2488,90,89,16,16,14,7210.8,7650.0,-439.1999999999998
190,2488,75,74,12,12,8,3037.95,6375.0,-3337.05
191,2488,72,71,19,19,20,10638.675,6120.0,4518.674999999999
192,2488,74,73,19,19,14,5986.462500000001,6290.0,-303.53749999999945
193,2488,81,80,17,17,14,5019.975,6885.0,-1865.0249999999996
194,2488,77,76,12,12,13,6430.95,6545.0,-114.05000000000018
195,2488,79,78,10,10,12,5831.55,6715.0,-883.4499999999998
196,2488,68,67,23,23,22,10186.2,5780.0,4406.200000000001
197,2488,81,80,22,22,22,12143.475,6885.0,5258.475
198,2488,68,67,16,16,26,14728.162499999999,5780.0,8948.162499999999
199,2488,82,81,15,14,10,3249.9,6970.0,-3720.1
200,2488,83,82,13,13,8,2361.6000000000004,7055.0,-4693.4
201,2488,87,86,20,20,24,16073.1,7395.0,8678.1
202,2488,84,83,16,16,10,3573.0,7140.0,-3567.0
203,2488,80,79,18,17,15,7902.450000000001,6800.0,1102.4500000000007
204,2488,80,79,10,10,6,1547.1000000000001,6800.0,-5252.9
205,2488,76,75,21,21,19,9150.75,6460.0,2690.75
206,2488,75,74,22,21,25,13671.45,6375.0,7296.450000000001
207,2488,70,69,19,19,13,4737.15,5950.0,-1212.8500000000004
208,2488,84,83,10,10,13,7587.9,7140.0,447.89999999999964
209,2488,82,81,14,14,16,6281.1,6970.0,-688.8999999999996
210,2488,81,80,17,17,17,6909.75,6885.0,24.75
211,2488,66,65,23,23,33,15554.5875,5610.0,9944.5875
212,2488,75,74,16,16,12,5314.5,6375.0,-1060.5
213,2488,72,71,20,19,16,7167.375000000001,6120.0,1047.375000000001
214,2488,82,81,19,19,27,15205.3875,6970.0,8235.3875
215,2488,81,80,19,19,21,9207.0,6885.0,2322.0
216,2488,80,79,14,14,16,8191.799999999999,6800.0,1391.7999999999993
217,2488,73,72,18,18,15,7077.15,6205.0,872.1499999999996
218,2488,76,75,23,23,25,11619.0,6460.0,5159.0
219,2488,69,68,19,19,14,5319.225,5865.0,-545.7749999999996
220,2488,86,85,16,16,14,6563.700000000001,7310.0,-746.2999999999993
221,2488,71,70,16,16,24,12835.9125,6035.0,6800.9125
222,2488,73,72,22,22,30,15231.599999999999,6205.0,9026.599999999999
223,2488,72,71,22,22,26,15232.275,6120.0,9112.275
224,2488,78,77,14,13,24,16623.39375,6630.0,9993.39375
225,2488,79,78,18,18,20,9471.150000000001,6715.0,2756.1500000000015
226,2488,66,65,18,18,36,19828.40625,5610.0,14218.40625
227,2488,78,77,22,22,18,6102.9,6630.0,-527.1000000000004
228,2488,75,74,18,18,13,6470.718750000001,6375.0,95.71875000000091
229,2488,78,77,16,16,13,5215.95,6630.0,-1414.0500000000002
230,2488,83,82,16,16,22,12075.974999999999,7055.0,5020.9749999999985
231,2488,73,72,17,17,13,3916.8,6205.0,-2288.2
232,2488,74,73,20,20,27,14123.7,6290.0,7833.700000000001
233,2488,75,74,15,15,10,3455.1,6375.0,-2919.9
234,2488,77,76,20,20,19,10357.2,6545.0,3812.2000000000007
235,2488,78,77,15,15,15,6950.925000000001,6630.0,320.9250000000011
236,2488,73,72,14,14,16,7260.75,6205.0,1055.75
237,2488,75,74,19,19,15,6399.0,6375.0,24.0
238,2488,82,81,18,18,35,22913.24765625,6970.0,15943.247656250001
239,2488,73,72,21,21,25,13538.25,6205.0,7333.25
240,2488,81,80,18,18,26,13262.4,6885.0,6377.4
241,2488,75,74,20,20,21,9080.4375,6375.0,2705.4375
242,2488,73,72,18,18,16,6877.799999999999,6205.0,672.7999999999993
243,2488,77,76,17,17,18,7576.65,6545.0,1031.6499999999996
244,2488,79,78,15,15,19,12235.95,6715.0,5520.950000000001
245,2488,75,74,17,17,23,13018.05,6375.0,6643.049999999999
246,2488,80,79,18,18,16,9897.8625,6800.0,3097.8624999999993
247,2488,77,76,16,16,11,5481.9,6545.0,-1063.1000000000004
248,2488,79,78,17,17,13,7128.337500000001,6715.0,413.33750000000055
249,2488,71,70,16,16,27,17141.625,6035.0,11106.625
250,2488,83,82,18,18,13,4677.3,7055.0,-2377.7
251,2488,77,76,23,22,14,5391.9,6545.0,-1153.1000000000004
252,2488,80,79,20,20,16,8025.75,6800.0,1225.75
253,2488,75,74,21,21,21,8750.25,6375.0,2375.25
254,2488,80,79,23,23,19,7912.575,6800.0,1112.5749999999998
255,2488,69,68,18,18,33,21364.3125,5865.0,15499.3125
256,2488,82,81,14,14,20,14201.286328125001,6970.0,7231.286328125001
257,2488,70,69,22,22,28,14454.745312500001,5950.0,8504.745312500001
258,2488,82,81,17,17,16,5857.65,6970.0,-1112.3500000000004
259,2488,77,76,16,16,14,6171.3,6545.0,-373.6999999999998
260,2488,83,82,22,22,22,10131.3,7055.0,3076.2999999999993
261,2488,63,62,23,23,35,22408.199999999997,5355.0,17053.199999999997
262,2488,77,76,26,26,23,10411.65,6545.0,3866.6499999999996
263,2488,86,85,18,17,11,4546.8,7310.0,-2763.2
264,2488,77,76,15,15,21,11840.11875,6545.0,5295.11875
265,2488,70,69,19,19,17,9658.8,5950.0,3708.7999999999993
266,2488,74,73,17,17,17,8291.25,6290.0,2001.25
267,2488,83,82,19,19,16,6210.9,7055.0,-844.1000000000004
268,2488,68,67,17,17,17,8096.625,5780.0,2316.625
269,2488,75,74,18,18,18,6801.525000000001,6375.0,426.52500000000055
270,2488,78,77,23,23,19,7472.7,6630.0,842.6999999999998
271,2488,68,67,22,21,27,13164.665625000001,5780.0,7384.6656250000015
272,2488,69,68,19,19,19,7929.0,5865.0,2064.0
273,2488,75,74,25,25,26,11156.85,6375.0,4781.85
274,2488,70,69,11,11,15,7461.0,5950.0,1511.0
275,2488,84,83,19,19,17,6218.549999999999,7140.0,-921.4500000000007
276,2488,78,77,20,20,28,13192.650000000001,6630.0,6562.6500000000015
277,2488,69,68,20,20,33,19693.0125,5865.0,13828.0125
278,2488,78,77,21,21,27,18169.65,6630.0,11539.650000000001
279,2488,87,86,17,17,19,11307.965625,7395.0,3912.9656250000007
280,2488,78,77,14,13,21,14211.45,6630.0,7581.450000000001
281,2488,80,79,20,20,17,8278.2,6800.0,1478.2000000000007
282,2488,69,68,16,16,16,8915.85,5865.0,3050.8500000000004
283,2488,89,88,12,12,10,4229.043750000001,7565.0,-3335.9562499999993
284,2488,80,79,20,20,20,10174.668749999999,6800.0,3374.668749999999
285,2488,67,66,20,19,33,19396.4625,5695.0,13701.462500000001
286,2488,68,67,18,18,18,10064.475,5780.0,4284.475
287,2488,75,74,15,15,8,4072.5,6375.0,-2302.5
288,2488,75,74,21,21,27,14804.15625,6375.0,8429.15625
289,2488,70,69,19,18,24,11540.25,5950.0,5590.25
290,2488,72,71,19,19,21,12098.7,6120.0,5978.700000000001
291,2488,77,76,23,23,20,9381.6,6545.0,2836.6000000000004
292,2488,79,78,21,21,17,7911.450000000001,6715.0,1196.4500000000007
293,2488,78,77,14,14,18,10619.55,6630.0,3989.5499999999993
294,2488,80,79,13,13,15,7252.2,6800.0,452.1999999999998
295,2488,70,69,11,11,12,5011.2,5950.0,-938.8000000000002
296,2488,82,81,16,16,27,15294.375,6970.0,8324.375
297,2488,81,80,18,18,13,6507.9,6885.0,-377.10000000000036
298,2488,76,75,17,17,15,9011.7,6460.0,2551.7000000000007
299,2488,90,89,20,20,17,7181.1,7650.0,-468.89999999999964
300,2488,72,71,22,22,25,12885.975,6120.0,6765.975
301,2488,86,85,16,16,21,10875.2625,7310.0,3565.2625000000007
302,2488,84,83,17,17,26,18152.4234375,7140.0,11012.423437500001
303,2488,81,80,17,17,16,6884.8875,6885.0,-0.1125000000001819
304,2488,72,71,18,18,23,16162.2,6120.0,10042.2
305,2488,87,86,12,11,10,4736.7,7395.0,-2658.3
306,2488,77,76,19,19,21,12403.560937499999,6545.0,5858.5609374999985
307,2488,79,78,18,18,28,15567.075,6715.0,8852.075
308,2488,76,75,23,23,28,13945.949999999999,6460.0,7485.949999999999
309,2488,68,67,18,18,30,17651.6859375,5780.0,11871.685937499999
310,2488,77,76,15,15,12,5616.9,6545.0,-928.1000000000004
311,2488,81,80,17,17,16,5850.0,6885.0,-1035.0
312,2488,74,73,23,23,27,16291.8,6290.0,10001.8
313,2488,76,75,9,8,12,7380.9,6460.0,920.8999999999996
314,2488,68,67,18,18,21,12069.45,5780.0,6289.450000000001
315,2488,79,78,15,15,19,12765.2625,6715.0,6050.262500000001
316,2488,75,74,14,13,28,18343.18125,6375.0,11968.181250000001
317,2488,76,75,14,14,18,10229.400000000001,6460.0,3769.4000000000015
318,2488,81,80,16,16,18,9588.6,6885.0,2703.6000000000004
319,2488,75,74,16,16,20,13659.075,6375.0,7284.075000000001
320,2488,69,68,20,19,28,16531.762499999997,5865.0,10666.762499999997
321,2488,76,75,18,18,20,12621.121875,6460.0,6161.121875000001
322,2488,77,76,15,15,17,8924.962500000001,6545.0,2379.9625000000015
323,2488,75,74,18,18,16,7865.775,6375.0,1490.7749999999996
324,2488,78,77,16,16,10,2345.4,6630.0,-4284.6
325,2488,94,93,17,17,17,9267.3,7990.0,1277.2999999999993
326,2488,73,72,12,12,15,8041.5,6205.0,1836.5
327,2488,82,81,19,18,17,8036.1,6970.0,1066.1000000000004
328,2488,80,79,19,19,17,5872.725,6800.0,-927.2749999999996
329,2488,75,74,15,15,14,6160.95,6375.0,-214.05000000000018
330,2488,73,72,20,20,22,11485.8,6205.0,5280.799999999999
331,2488,75,74,21,21,20,10002.6,6375.0,3627.6000000000004
332,2488,79,78,19,19,33,22144.95,6715.0,15429.95
333,2488,81,80,20,20,19,9065.025,6885.0,2180.0249999999996
334,2488,77,76,14,14,13,6354.9,6545.0,-190.10000000000036
335,2488,79,78,16,16,15,7573.05,6715.0,858.0500000000002
336,2488,74,73,13,13,9,2960.1,6290.0,-3329.9
337,2488,81,80,10,10,16,8559.9,6885.0,1674.8999999999996
338,2488,86,85,12,12,9,3085.2,7310.0,-4224.8
339,2488,76,75,14,14,22,14674.275,6460.0,8214.275
340,2488,80,79,15,15,13,5725.8,6800.0,-1074.1999999999998
341,2488,75,74,19,18,15,6671.7,6375.0,296.6999999999998
342,2488,77,76,20,20,20,13068.9,6545.0,6523.9
343,2488,75,74,13,13,12,6107.400000000001,6375.0,-267.59999999999945
344,2488,73,72,21,21,17,9785.25,6205.0,3580.25
345,2488,75,74,19,19,20,11654.55,6375.0,5279.549999999999
346,2488,72,71,23,23,29,12344.85,6120.0,6224.85
347,2488,84,83,17,17,19,11586.6,7140.0,4446.6
348,2488,68,67,18,18,16,8507.7,5780.0,2727.7000000000007
349,2488,79,78,22,22,22,9965.925,6715.0,3250.9249999999993
350,2488,78,77,22,22,18,7264.8,6630.0,634.8000000000002
351,2488,78,77,8,8,10,4528.8,6630.0,-2101.2
352,2488,76,75,16,16,14,6598.35,6460.0,138.35000000000036
353,2488,75,74,22,22,18,7726.5,6375.0,1351.5
354,2488,84,83,15,15,13,5454.9,7140.0,-1685.1000000000004
355,2488,86,85,23,23,20,11677.5,7310.0,4367.5
356,2488,77,76,21,21,18,7468.65,6545.0,923.6499999999996
357,2488,83,82,16,16,23,11569.275,7055.0,4514.275
358,2488,73,72,16,16,31,18505.237500000003,6205.0,12300.237500000003
359,2488,81,80,13,13,12,4602.825000000001,6885.0,-2282.1749999999993
360,2488,74,73,23,23,19,10348.2,6290.0,4058.2000000000007
361,2488,83,82,19,19,16,7142.849999999999,7055.0,87.84999999999945
362,2488,76,75,12,12,16,7560.0,6460.0,1100.0
363,2488,69,68,19,19,26,12737.025000000001,5865.0,6872.0250000000015
364,2488,77,76,19,18,23,12199.556250000001,6545.0,5654.5562500000015
365,2488,69,68,18,18,27,16877.081250000003,5865.0,11012.081250000003
366,2488,83,82,19,19,24,11329.65,7055.0,4274.65
367,2488,79,78,19,19,21,10311.975,6715.0,3596.9750000000004
368,2488,66,65,20,20,28,17270.634375,5610.0,11660.634375000001
369,2488,92,91,19,19,18,9804.6,7820.0,1984.6000000000004
370,2488,79,78,19,19,19,10313.55,6715.0,3598.5499999999993
371,2488,67,66,25,24,32,17903.475,5695.0,12208.474999999999
372,2488,80,79,18,17,17,7377.75,6800.0,577.75
373,2488,74,73,16,16,17,7515.0,6290.0,1225.0
374,2488,81,80,19,19,20,11143.8,6885.0,4258.799999999999
375,2488,67,66,19,19,27,15190.59375,5695.0,9495.59375
376,2488,77,76,21,21,31,17117.775,6545.0,10572.775000000001
377,2488,85,84,15,15,19,10788.075,7225.0,3563.0750000000007
378,2488,71,70,16,16,41,27953.1,6035.0,21918.1
379,2488,78,77,19,18,19,8147.7,6630.0,1517.6999999999998
380,2488,83,82,17,16,13,5702.85,7055.0,-1352.1499999999996
381,2488,70,69,25,25,19,8606.7,5950.0,2656.7000000000007
382,2488,75,74,18,18,21,9447.35625,6375.0,3072.3562500000007
383,2488,77,76,19,18,20,9412.65,6545.0,2867.6499999999996
384,2488,71,70,18,17,19,7024.5,6035.0,989.5
385,2488,77,76,24,24,21,7516.8,6545.0,971.8000000000002
386,2488,71,70,16,16,23,17630.0296875,6035.0,11595.029687499999
387,2488,72,71,22,22,21,11911.275,6120.0,5791.275
388,2488,68,67,27,27,37,19330.2,5780.0,13550.2
389,2488,78,77,13,13,7,2160.0,6630.0,-4470.0
390,2488,88,87,18,18,20,10966.725,7480.0,3486.7250000000004
391,2488,72,71,20,19,20,11035.8,6120.0,4915.799999999999
392,2488,78,77,13,13,18,9571.10625,6630.0,2941.1062500000007
393,2488,81,80,21,21,19,7834.5,6885.0,949.5
394,2488,78,77,20,20,16,6266.7,6630.0,-363.3000000000002
395,2488,76,75,18,18,22,10498.5,6460.0,4038.5
396,2488,76,75,19,19,21,9821.025000000001,6460.0,3361.0250000000015
397,2488,80,79,21,21,17,7362.0,6800.0,562.0
398,2488,72,71,24,24,27,13581.45,6120.0,7461.450000000001
399,2488,75,74,15,14,32,20358.0421875,6375.0,13983.0421875
400,2488,71,70,18,18,30,15997.95,6035.0,9962.95
401,2488,75,74,15,15,9,4985.1,6375.0,-1389.8999999999996
402,2488,70,69,17,16,18,7315.65,5950.0,1365.6499999999996
403,2488,73,72,21,21,31,18802.3359375,6205.0,12597.3359375
404,2488,80,79,18,18,19,9929.25,6800.0,3129.25
405,2488,82,81,19,19,20,9864.9,6970.0,2894.8999999999996
406,2488,68,67,19,18,31,20556.28125,5780.0,14776.28125
407,2488,76,75,18,18,20,11041.2,6460.0,4581.200000000001
408,2488,82,81,15,15,19,11710.209375,6970.0,4740.209375
409,2488,76,75,17,16,18,11056.78125,6460.0,4596.78125
410,2488,90,89,16,16,16,9150.24375,7650.0,1500.2437499999996
411,2488,68,67,17,17,26,14087.587500000001,5780.0,8307.587500000001
412,2488,73,72,14,14,29,17250.80625,6205.0,11045.806250000001
413,2488,74,73,16,15,13,4854.825000000001,6290.0,-1435.1749999999993
414,2488,65,64,20,20,21,11334.375,5525.0,5809.375
415,2488,82,81,17,17,18,7380.9,6970.0,410.89999999999964
416,2488,85,84,17,17,20,10786.95,7225.0,3561.9500000000007
417,2488,82,81,18,18,20,11749.275,6970.0,4779.275
418,2488,80,79,18,18,12,4386.6,6800.0,-2413.3999999999996
419,2488,79,78,15,15,23,15150.15,6715.0,8435.15
420,2488,69,68,13,13,17,8061.3,5865.0,2196.3
421,2488,77,76,18,18,26,12425.5125,6545.0,5880.512500000001
422,2488,75,74,17,17,23,15018.46875,6375.0,8643.46875
423,2488,85,84,13,13,13,4767.4125,7225.0,-2457.5874999999996
424,2488,77,76,19,19,23,9036.50625,6545.0,2491.5062500000004
425,2488,78,77,16,16,20,9434.503125000001,6630.0,2804.503125000001
426,2488,75,74,13,13,9,3872.7000000000003,6375.0,-2502.2999999999997
427,2488,77,76,22,22,23,10308.6,6545.0,3763.6000000000004
428,2488,77,76,17,17,19,10983.487500000003,6545.0,4438.487500000003
429,2488,84,83,18,18,24,11967.3,7140.0,4827.299999999999
430,2488,79,78,20,20,18,9109.8,6715.0,2394.7999999999993
431,2488,73,72,24,24,31,15714.675000000003,6205.0,9509.675000000003
432,2488,70,69,24,23,24,11388.6,5950.0,5438.6
433,2488,71,70,23,23,29,12262.443749999999,6035.0,6227.4437499999985
434,2488,76,75,17,17,25,15805.35,6460.0,9345.35
435,2488,74,73,16,16,21,8480.25,6290.0,2190.25
436,2488,78,77,13,13,15,9776.08125,6630.0,3146.0812499999993
437,2488,83,82,17,17,11,4734.0,7055.0,-2321.0
438,2488,79,78,20,20,17,8571.375,6715.0,1856.375
439,2488,84,83,20,20,14,6132.375,7140.0,-1007.625
440,2488,76,75,15,15,13,5546.25,6460.0,-913.75
441,2488,78,77,15,15,8,3449.7,6630.0,-3180.3
442,2488,75,74,17,17,20,9578.7,6375.0,3203.7000000000007
443,2488,71,70,21,21,17,8315.1,6035.0,2280.1000000000004
444,2488,78,77,26,26,23,10960.650000000001,6630.0,4330.6500000000015
445,2488,77,76,20,20,27,13825.8,6545.0,7280.799999999999
446,2488,83,82,14,14,22,12330.5625,7055.0,5275.5625
447,2488,81,80,21,21,27,13786.2,6885.0,6901.200000000001
448,2488,80,79,13,13,12,5641.875,6800.0,-1158.125
449,2488,70,69,18,18,15,9562.5,5950.0,3612.5
450,2488,77,76,15,15,7,3163.0499999999997,6545.0,-3381.9500000000003
451,2488,78,77,17,17,23,13190.85,6630.0,6560.85
452,2488,76,75,21,20,19,9155.7,6460.0,2695.7000000000007
453,2488,77,76,17,17,15,5516.1,6545.0,-1028.8999999999996
454,2488,73,72,17,17,20,11049.75,6205.0,4844.75
455,2488,77,76,18,18,14,8010.9,6545.0,1465.8999999999996
456,2488,82,81,18,18,28,18180.7875,6970.0,11210.787499999999
457,2488,70,69,16,16,12,5117.4,5950.0,-832.6000000000004
458,2488,82,81,20,20,32,19300.359375,6970.0,12330.359375
459,2488,83,82,11,11,11,5512.5,7055.0,-1542.5
460,2488,71,70,21,21,35,20479.95,6035.0,14444.95
461,2488,78,77,13,12,27,14757.669140625,6630.0,8127.669140624999
462,2488,70,69,13,13,24,13732.340625,5950.0,7782.340625000001
463,2488,72,71,19,19,25,11515.499999999998,6120.0,5395.499999999998
464,2488,68,67,21,21,30,16934.9625,5780.0,11154.962500000001
465,2488,79,78,17,17,21,9711.0,6715.0,2996.0
466,2488,71,70,22,21,26,17526.0375,6035.0,11491.037499999999
467,2488,75,74,18,18,28,16342.2,6375.0,9967.2
468,2488,64,63,21,21,23,12318.3,5440.0,6878.299999999999
469,2488,78,77,21,21,21,9430.65,6630.0,2800.6499999999996
470,2488,79,78,21,20,33,19380.375,6715.0,12665.375
471,2488,77,76,17,17,15,6534.0,6545.0,-11.0
472,2488,64,63,22,22,27,14333.625,5440.0,8893.625
473,2488,76,75,16,16,15,7819.875,6460.0,1359.875
474,2488,85,84,15,14,16,8904.375,7225.0,1679.375
475,2488,82,81,22,21,27,12708.225,6970.0,5738.225
476,2488,81,80,17,17,14,6032.7,6885.0,-852.3000000000002
477,2488,75,74,23,23,25,13642.565625,6375.0,7267.565624999999
478,2488,81,80,20,20,23,10980.9,6885.0,4095.8999999999996
479,2488,80,79,19,19,31,19044.5625,6800.0,12244.5625
480,2488,84,83,11,11,16,7743.2625,7140.0,603.2624999999998
481,2488,81,80,18,18,19,8450.1,6885.0,1565.1000000000004
482,2488,74,73,18,18,20,11621.306250000001,6290.0,5331.3062500000015
483,2488,71,70,20,20,29,17381.3625,6035.0,11346.3625
484,2488,71,70,19,19,34,22792.2046875,6035.0,16757.2046875
485,2488,75,74,17,17,27,16512.75,6375.0,10137.75
486,2488,73,72,20,19,25,15058.4625,6205.0,8853.4625
487,2488,80,79,15,15,20,10123.2,6800.0,3323.2000000000007
488,2488,82,81,18,18,23,13467.431250000001,6970.0,6497.4312500000015
489,2488,74,73,22,21,18,7916.4,6290.0,1626.3999999999996
490,2488,80,79,13,13,12,6882.525,6800.0,82.52499999999964
491,2488,67,66,18,18,15,6732.0,5695.0,1037.0
492,2488,78,77,16,15,24,13484.475,6630.0,6854.475
493,2488,76,75,19,19,18,8709.3,6460.0,2249.2999999999993
494,2488,62,61,18,18,24,11809.8,5270.0,6539.799999999999
495,2488,74,73,12,11,17,7045.36875,6290.0,755.3687499999996
496,2488,68,67,22,22,25,10112.4,5780.0,4332.4
497,2488,78,77,13,13,17,8571.318749999999,6630.0,1941.3187499999985
498,2488,72,71,23,23,28,13786.875,6120.0,7666.875
499,2488,77,76,21,21,26,13988.1375,6545.0,7443.137500000001
500,2488,72,71,16,16,24,12786.75,6120.0,6666.75
501,2488,75,74,20,20,25,16247.7,6375.0,9872.7
502,2488,80,79,20,20,21,9824.175,6800.0,3024.1749999999993
503,2488,73,72,18,18,14,5765.85,6205.0,-439.14999999999964
504,2488,69,68,18,17,29,16445.9109375,5865.0,10580.9109375
505,2488,82,81,15,15,15,7878.262500000001,6970.0,908.2625000000007
506,2488,87,86,15,14,17,8943.75,7395.0,1548.75
507,2488,86,85,15,15,16,8879.85,7310.0,1569.8500000000004
508,2488,80,79,14,13,21,12084.866015625,6800.0,5284.866015625001
509,2488,70,69,18,18,15,5844.6,5950.0,-105.39999999999964
510,2488,86,85,18,18,21,10959.3,7310.0,3649.2999999999993
511,2488,78,77,22,22,17,7569.0,6630.0,939.0
512,2488,76,75,19,19,25,11632.5,6460.0,5172.5
513,2488,73,72,19,19,25,11595.993750000001,6205.0,5390.9937500000015
514,2488,76,75,19,19,19,7520.4,6460.0,1060.3999999999996
515,2488,77,76,14,14,26,14297.596875,6545.0,7752.596874999999
516,2488,77,76,19,19,16,6387.3,6545.0,-157.69999999999982
517,2488,78,77,14,13,24,12501.675,6630.0,5871.674999999999
518,2488,78,77,16,16,17,8221.5,6630.0,1591.5
519,2488,86,85,22,21,22,12783.15,7310.0,5473.15
520,2488,85,84,15,15,18,9938.503125,7225.0,2713.5031249999993
521,2488,80,79,17,17,36,24329.953125,6800.0,17529.953125
522,2488,80,79,19,19,15,7159.949999999999,6800.0,359.9499999999989
523,2488,79,78,16,16,14,6813.45,6715.0,98.44999999999982
524,2488,63,62,19,19,26,14974.0875,5355.0,9619.0875
525,2488,81,80,12,12,20,12614.821875000001,6885.0,5729.8218750000015
526,2488,80,79,18,18,15,8339.85,6800.0,1539.8500000000004
527,2488,68,67,21,21,23,12449.8125,5780.0,6669.8125
528,2488,66,65,21,20,19,11256.75,5610.0,5646.75
529,2488,75,74,20,20,19,8788.5,6375.0,2413.5
530,2488,79,78,18,17,18,7240.950000000001,6715.0,525.9500000000007
531,2488,69,68,20,20,24,14121.196875,5865.0,8256.196875
532,2488,83,82,15,15,21,10047.88125,7055.0,2992.8812500000004
533,2488,73,72,14,14,19,10691.6484375,6205.0,4486.6484375
534,2488,75,74,17,17,19,9091.8,6375.0,2716.7999999999993
535,2488,67,66,15,14,7,2419.65,5695.0,-3275.35
536,2488,80,79,13,13,10,6026.4,6800.0,-773.6000000000004
537,2488,77,76,21,21,15,6043.5,6545.0,-501.5
538,2488,81,80,17,16,18,7719.3,6885.0,834.3000000000002
539,2488,61,60,23,22,22,10019.25,5185.0,4834.25
540,2488,76,75,19,19,20,11560.5,6460.0,5100.5
541,2488,71,70,17,17,19,9263.474999999999,6035.0,3228.4749999999985
542,2488,79,78,20,19,25,15757.2,6715.0,9042.2
543,2488,89,88,17,17,18,8924.4,7565.0,1359.3999999999996
544,2488,80,79,17,16,19,8090.549999999999,6800.0,1290.5499999999993
545,2488,68,67,20,20,23,11008.912499999999,5780.0,5228.9124999999985
546,2488,82,81,17,17,19,9325.8,6970.0,2355.7999999999993
547,2488,66,65,20,20,25,14393.25,5610.0,8783.25
548,2488,82,81,17,17,16,8335.35,6970.0,1365.3500000000004
549,2488,77,76,19,19,19,8052.3,6545.0,1507.3000000000002
550,2488,76,75,25,25,17,7783.2,6460.0,1323.1999999999998
551,2488,77,76,15,14,20,10396.8,6545.0,3851.7999999999993
552,2488,86,85,17,17,20,9034.2,7310.0,1724.2000000000007
553,2488,75,74,14,14,22,9976.05,6375.0,3601.0499999999993
554,2488,77,76,14,14,6,1377.0,6545.0,-5168.0
555,2488,87,86,17,17,15,6873.749999999999,7395.0,-521.2500000000009
556,2488,73,72,19,18,18,9255.375,6205.0,3050.375
557,2488,73,72,15,15,16,7061.4,6205.0,856.3999999999996
558,2488,68,67,16,16,20,10973.25,5780.0,5193.25
559,2488,80,79,21,21,14,4416.3,6800.0,-2383.7
560,2488,78,77,22,22,13,5426.55,6630.0,-1203.4499999999998
561,2488,82,81,17,16,16,8673.3,6970.0,1703.2999999999993
562,2488,73,72,21,21,23,13365.84375,6205.0,7160.84375
563,2488,75,74,21,21,25,9513.900000000001,6375.0,3138.9000000000015
564,2488,80,79,16,16,23,9779.34375,6800.0,2979.34375
565,2488,58,57,18,18,14,7890.3,4930.0,2960.3
566,2488,85,84,19,19,26,13650.525000000001,7225.0,6425.5250000000015
567,2488,84,83,17,17,19,9631.35,7140.0,2491.3500000000004
568,2488,77,76,18,18,48,31324.64765625,6545.0,24779.64765625
569,2488,81,80,19,19,22,10215.224999999999,6885.0,3330.2249999999985
570,2488,81,80,18,18,15,7080.3,6885.0,195.30000000000018
571,2488,75,74,20,20,14,6953.85,6375.0,578.8500000000004
572,2488,76,75,17,17,12,3370.5,6460.0,-3089.5
573,2488,74,73,17,17,14,7988.85,6290.0,1698.8500000000004
574,2488,75,74,16,16,22,13102.481249999999,6375.0,6727.481249999999
575,2488,74,73,17,17,26,14644.884375,6290.0,8354.884375
576,2488,74,73,24,24,22,9420.3,6290.0,3130.2999999999993
577,2488,76,75,19,19,27,15317.55,6460.0,8857.55
578,2488,80,79,21,21,13,6752.7,6800.0,-47.30000000000018
579,2488,75,74,18,17,18,9328.3875,6375.0,2953.3875000000007
580,2488,82,81,15,15,19,9520.425,6970.0,2550.4249999999993
581,2488,72,71,22,22,23,12881.25,6120.0,6761.25
582,2488,66,65,21,20,36,22527.534375,5610.0,16917.534375
583,2488,81,80,13,13,15,7481.025,6885.0,596.0249999999996
584,2488,86,85,18,18,13,8356.725,7310.0,1046.7250000000004
585,2488,81,80,15,15,24,12208.1625,6885.0,5323.1625
586,2488,72,71,18,18,25,14255.859375,6120.0,8135.859375
587,2488,77,76,18,18,19,10311.75,6545.0,3766.75
588,2488,70,69,14,14,28,19284.24375,5950.0,13334.243750000001
589,2488,69,68,21,20,21,11488.05,5865.0,5623.049999999999
590,2488,81,80,21,21,21,10000.96875,6885.0,3115.96875
591,2488,70,69,19,18,24,13842.449999999999,5950.0,7892.449999999999
592,2488,70,69,23,23,32,18172.434375,5950.0,12222.434375
593,2488,84,83,17,17,25,15251.9625,7140.0,8111.9625
594,2488,73,72,19,19,19,11068.2,6205.0,4863.200000000001
595,2488,72,71,13,13,18,7807.5,6120.0,1687.5
596,2488,76,75,17,17,18,11103.3,6460.0,4643.299999999999
597,2488,71,70,15,14,20,10776.4875,6035.0,4741.487499999999
598,2488,67,66,15,14,17,7791.974999999999,5695.0,2096.9749999999995
599,2488,81,80,20,20,19,10814.2875,6885.0,3929.2875000000004
600,2488,76,75,16,16,21,10568.3625,6460.0,4108.362499999999
601,2488,75,74,25,25,17,6815.7,6375.0,440.6999999999998
602,2488,81,80,14,14,19,8998.7625,6885.0,2113.7625000000007
603,2488,70,69,22,22,31,19401.46875,5950.0,13451.46875
604,2488,74,73,20,20,23,11526.159375,6290.0,5236.159374999999
605,2488,84,83,16,16,21,7598.700000000001,7140.0,458.7000000000007
606,2488,71,70,19,19,31,17717.625,6035.0,11682.625
607,2488,80,79,14,14,17,9158.45625,6800.0,2358.4562499999993
608,2488,88,87,17,16,10,2624.4,7480.0,-4855.6
609,2488,75,74,21,21,29,13050.9,6375.0,6675.9
610,2488,81,80,17,17,14,7622.1,6885.0,737.1000000000004
611,2488,76,75,21,21,21,8676.0,6460.0,2216.0
612,2488,73,72,19,19,18,7814.025,6205.0,1609.0249999999996
613,2488,85,84,21,21,19,9309.6,7225.0,2084.6000000000004
614,2488,87,86,18,18,19,8275.05,7395.0,880.0499999999993
615,2488,82,81,17,17,20,9450.45,6970.0,2480.4500000000007
616,2488,79,78,18,18,34,22957.48125,6715.0,16242.48125
617,2488,72,71,16,16,23,10424.25,6120.0,4304.25
618,2488,76,75,16,16,25,14937.46875,6460.0,8477.46875
619,2488,91,90,16,16,8,4051.8,7735.0,-3683.2
620,2488,81,80,15,15,25,18952.3125,6885.0,12067.3125
621,2488,84,83,14,14,17,8469.1125,7140.0,1329.1124999999993
622,2488,76,75,18,18,20,10422.675,6460.0,3962.6749999999993
623,2488,85,84,16,16,21,9408.346875,7225.0,2183.3468749999993
624,2488,77,76,19,19,22,10038.037499999999,6545.0,3493.0374999999985
625,2488,65,64,16,15,33,20398.66875,5525.0,14873.66875
626,2488,78,77,16,16,17,12019.10625,6630.0,5389.106250000001
627,2488,72,71,15,15,24,16065.675,6120.0,9945.675
628,2488,81,80,16,16,12,4946.85,6885.0,-1938.1499999999996
629,2488,70,69,24,24,37,19254.43125,5950.0,13304.431250000001
630,2488,77,76,18,17,29,19332.675,6545.0,12787.675
631,2488,81,80,12,12,13,6051.6,6885.0,-833.3999999999996
632,2488,83,82,16,16,18,7811.55,7055.0,756.5500000000002
633,2488,75,74,19,19,32,18193.1625,6375.0,11818.162499999999
634,2488,89,88,22,22,28,11617.425,7565.0,4052.4249999999993
635,2488,70,69,14,14,19,7974.9,5950.0,2024.8999999999996
636,2488,77,76,18,18,18,8421.3,6545.0,1876.2999999999993
637,2488,81,80,16,16,19,10115.324999999999,6885.0,3230.324999999999
638,2488,70,69,14,14,24,14107.5,5950.0,8157.5
639,2488,70,69,17,17,26,15329.7,5950.0,9379.7
640,2488,80,79,16,16,23,11253.825,6800.0,4453.825000000001
641,2488,89,88,16,16,17,7723.8,7565.0,158.80000000000018
642,2488,76,75,24,24,20,8229.6,6460.0,1769.6000000000004
643,2488,73,72,16,16,33,21521.25,6205.0,15316.25
644,2488,67,66,22,22,31,19063.610156249997,5695.0,13368.610156249997
645,2488,74,73,12,12,12,7254.900000000001,6290.0,964.9000000000005
646,2488,70,69,15,15,24,13784.625,5950.0,7834.625
647,2488,83,82,23,23,27,12708.7875,7055.0,5653.7875
648,2488,68,67,17,17,14,8201.025,5780.0,2421.0249999999996
649,2488,74,73,23,23,18,7253.1,6290.0,963.1000000000004
650,2488,77,76,16,16,21,11286.45,6545.0,4741.450000000001
651,2488,80,79,15,15,24,12477.6,6800.0,5677.6
652,2488,74,73,21,21,26,10560.6,6290.0,4270.6
653,2488,80,79,22,22,27,13977.9,6800.0,7177.9
654,2488,71,70,17,17,27,15680.5875,6035.0,9645.5875
655,2488,81,80,17,16,22,11035.8,6885.0,4150.799999999999
656,2488,81,80,20,20,18,7815.15,6885.0,930.1499999999996
657,2488,81,80,18,18,24,12836.8142578125,6885.0,5951.814257812501
658,2488,87,86,21,21,22,13159.8,7395.0,5764.799999999999
659,2488,81,80,19,18,20,9499.5,6885.0,2614.5
660,2488,79,78,19,19,15,5703.3,6715.0,-1011.6999999999998
661,2488,72,71,23,22,36,21274.425,6120.0,15154.425
662,2488,80,79,17,17,21,11005.199999999999,6800.0,4205.199999999999
663,2488,82,81,18,18,14,5730.3,6970.0,-1239.6999999999998
664,2488,81,80,16,16,16,9184.05,6885.0,2299.0499999999993
665,2488,81,80,19,19,28,13489.425000000001,6885.0,6604.425000000001
666,2488,72,71,21,20,29,14442.75,6120.0,8322.75
667,2488,88,87,17,17,24,15613.425,7480.0,8133.424999999999
668,2488,76,75,19,19,19,12484.35,6460.0,6024.35
669,2488,74,73,22,22,21,7596.9,6290.0,1306.8999999999996
670,2488,82,81,17,17,24,15255.50625,6970.0,8285.50625
671,2488,70,69,22,22,25,13441.5,5950.0,7491.5
672,2488,60,59,20,20,21,10525.95,5100.0,5425.950000000001
673,2488,81,80,22,22,22,14098.978125000001,6885.0,7213.9781250000015
674,2488,83,82,18,18,15,9295.425,7055.0,2240.4249999999993
675,2488,74,73,18,17,21,8525.7,6290.0,2235.7000000000007
676,2488,78,77,14,14,15,8380.35,6630.0,1750.3500000000004
677,2488,80,79,15,15,18,9610.65,6800.0,2810.6499999999996
678,2488,80,79,17,17,19,9043.2,6800.0,2243.2000000000007
679,2488,73,72,17,17,19,9706.05,6205.0,3501.0499999999993
680,2488,84,83,15,15,16,8949.0375,7140.0,1809.0375000000004
681,2488,70,69,21,21,46,31739.762109375002,5950.0,25789.762109375002
682,2488,80,79,18,18,13,3993.75,6800.0,-2806.25
683,2488,74,73,19,19,30,18465.9609375,6290.0,12175.9609375
684,2488,83,82,18,18,25,13235.85,7055.0,6180.85
685,2488,80,79,17,16,15,7902.9,6800.0,1102.8999999999996
686,2488,67,66,23,23,30,18934.340625,5695.0,13239.340625
687,2488,85,84,15,15,12,5867.55,7225.0,-1357.4499999999998
688,2488,73,72,23,23,18,9797.4,6205.0,3592.3999999999996
689,2488,68,67,12,12,9,3465.9,5780.0,-2314.1
690,2488,61,60,24,24,32,16697.925,5185.0,11512.925
691,2488,75,74,20,19,24,11604.600000000002,6375.0,5229.600000000002
692,2488,79,78,21,21,16,6356.25,6715.0,-358.75
693,2488,84,83,18,18,18,8322.3,7140.0,1182.2999999999993
694,2488,70,69,16,15,15,9360.0,5950.0,3410.0
695,2488,78,77,15,15,11,3352.5,6630.0,-3277.5
696,2488,78,77,21,21,26,15430.5,6630.0,8800.5
697,2488,85,84,18,18,16,6174.7875,7225.0,-1050.2124999999996
698,2488,72,71,26,25,25,12964.725,6120.0,6844.725
699,2488,77,76,14,14,14,6020.1,6545.0,-524.8999999999996
700,2488,65,64,23,23,22,9488.7,5525.0,3963.7000000000007
701,2488,71,70,20,19,20,10178.662499999999,6035.0,4143.6624999999985
702,2488,67,66,18,18,28,17561.4890625,5695.0,11866.4890625
703,2488,67,66,18,18,19,9589.837500000001,5695.0,3894.8375000000015
704,2488,68,67,20,20,39,25756.052343749998,5780.0,19976.052343749998
705,2488,77,76,16,16,19,9528.075,6545.0,2983.0750000000007
706,2488,83,82,14,14,13,5464.349999999999,7055.0,-1590.6500000000005
707,2488,81,80,14,14,20,13002.75,6885.0,6117.75
708,2488,87,86,18,18,23,11545.65,7395.0,4150.65
709,2488,74,73,23,23,35,19089.590625,6290.0,12799.590625
710,2488,84,83,14,13,12,4812.3,7140.0,-2327.7
711,2488,74,73,18,18,27,15357.825,6290.0,9067.825
712,2488,81,80,18,18,23,13094.8875,6885.0,6209.887500000001
713,2488,74,73,20,20,30,15299.1,6290.0,9009.1
714,2488,70,69,20,19,26,15631.59375,5950.0,9681.59375
715,2488,73,72,16,16,17,7559.775,6205.0,1354.7749999999996
716,2488,75,74,15,15,16,8920.8,6375.0,2545.7999999999993
717,2488,75,74,21,21,19,9501.525,6375.0,3126.5249999999996
718,2488,78,77,12,12,9,3982.5,6630.0,-2647.5
719,2488,81,80,21,21,28,16186.162499999999,6885.0,9301.162499999999
720,2488,74,73,17,17,17,9780.75,6290.0,3490.75
721,2488,84,83,25,24,27,12916.35,7140.0,5776.35
722,2488,78,77,12,12,18,7685.1,6630.0,1055.1000000000004
723,2488,83,82,19,19,25,14432.4,7055.0,7377.4
724,2488,81,80,18,18,24,13924.125,6885.0,7039.125
725,2488,68,67,16,15,23,13172.85,5780.0,7392.85
726,2488,74,73,18,18,21,10097.325,6290.0,3807.3250000000007
727,2488,72,71,16,16,21,11646.50625,6120.0,5526.50625
728,2488,67,66,17,17,21,11497.95,5695.0,5802.950000000001
729,2488,82,81,15,15,19,10058.4,6970.0,3088.3999999999996
730,2488,77,76,23,22,27,16844.175,6545.0,10299.175
731,2488,84,83,16,15,22,13668.4125,7140.0,6528.4125
732,2488,77,76,22,22,21,9353.025000000001,6545.0,2808.0250000000015
733,2488,81,80,17,17,22,15016.640625,6885.0,8131.640625
734,2488,66,65,20,20,32,14207.4,5610.0,8597.4
735,2488,89,88,19,19,17,7214.85,7565.0,-350.14999999999964
736,2488,80,79,21,21,15,4925.7,6800.0,-1874.3000000000002
737,2488,79,78,19,18,27,16636.949999999997,6715.0,9921.949999999997
738,2488,77,76,18,18,11,4194.0,6545.0,-2351.0
739,2488,84,83,15,14,13,5581.8,7140.0,-1558.1999999999998
740,2488,78,77,18,18,13,5647.5,6630.0,-982.5
741,2488,84,83,18,18,22,11430.7875,7140.0,4290.7875
742,2488,74,73,20,20,23,11990.925,6290.0,5700.924999999999
743,2488,66,65,16,15,12,5852.137500000001,5610.0,242.13750000000073
744,2488,84,83,18,18,20,9059.625,7140.0,1919.625
745,2488,68,67,22,22,28,14912.55,5780.0,9132.55
746,2488,69,68,17,17,15,7204.5,5865.0,1339.5
747,2488,76,75,18,18,12,5188.5,6460.0,-1271.5
748,2488,79,78,17,17,26,15330.4857421875,6715.0,8615.4857421875
749,2488,63,62,21,20,18,10055.7,5355.0,4700.700000000001
750,2488,80,79,17,17,22,11092.66875,6800.0,4292.668750000001
751,2488,68,67,17,17,15,6757.65,5780.0,977.6499999999996
752,2488,85,84,23,23,15,8181.0,7225.0,956.0
753,2488,67,66,26,26,31,17462.925,5695.0,11767.925
754,2488,80,79,20,20,17,7021.8,6800.0,221.80000000000018
755,2488,80,79,17,16,12,5391.225,6800.0,-1408.7749999999996
756,2488,78,77,23,23,24,12251.7,6630.0,5621.700000000001
757,2488,79,78,15,15,30,17685.65390625,6715.0,10970.653906250001
758,2488,86,85,17,17,21,12488.625,7310.0,5178.625
759,2488,76,75,18,18,13,5606.1,6460.0,-853.8999999999996
760,2488,79,78,19,19,27,16062.3,6715.0,9347.3
761,2488,71,70,17,17,16,5566.5,6035.0,-468.5
762,2488,74,73,21,20,25,10404.449999999999,6290.0,4114.449999999999
763,2488,79,78,14,14,12,6080.4,6715.0,-634.6000000000004
764,2488,78,77,21,21,13,4932.9,6630.0,-1697.1000000000004
765,2488,72,71,20,20,20,12019.95,6120.0,5899.950000000001
766,2488,83,82,15,15,14,8217.9,7055.0,1162.8999999999996
767,2488,82,81,18,18,24,11505.431250000001,6970.0,4535.4312500000015
768,2488,71,70,20,20,19,11695.95,6035.0,5660.950000000001
769,2488,68,67,21,21,22,13068.225,5780.0,7288.225
770,2488,67,66,19,19,33,17046.646875000002,5695.0,11351.646875000002
771,2488,87,86,16,16,19,12074.400000000001,7395.0,4679.4000000000015
772,2488,78,77,21,21,20,8683.2,6630.0,2053.2000000000007
773,2488,77,76,11,11,20,11160.0,6545.0,4615.0
774,2488,79,78,19,19,20,10000.9125,6715.0,3285.9125000000004
775,2488,79,78,20,20,21,11267.1,6715.0,4552.1
776,2488,82,81,14,14,16,7959.599999999999,6970.0,989.5999999999995
777,2488,72,71,17,17,20,10401.75,6120.0,4281.75
778,2488,75,74,16,16,19,9836.1,6375.0,3461.1000000000004
779,2488,66,65,23,23,20,9944.1,5610.0,4334.1
780,2488,69,68,21,21,30,16643.98828125,5865.0,10778.98828125
781,2488,87,86,16,16,17,7333.875,7395.0,-61.125
782,2488,76,75,21,21,34,17321.625,6460.0,10861.625
783,2488,89,88,20,20,11,3030.3,7565.0,-4534.7
784,2488,74,73,17,17,27,15198.1875,6290.0,8908.1875
785,2488,83,82,18,18,18,9273.6,7055.0,2218.6000000000004
786,2488,85,84,22,22,22,10054.8,7225.0,2829.7999999999993
787,2488,76,75,19,18,21,11380.95,6460.0,4920.950000000001
788,2488,74,73,13,13,13,6040.2375,6290.0,-249.76249999999982
789,2488,73,72,17,17,30,18870.834375,6205.0,12665.834374999999
790,2488,63,62,18,18,22,10889.1,5355.0,5534.1
791,2488,73,72,20,20,27,13171.6125,6205.0,6966.612499999999
792,2488,72,71,19,19,15,4766.85,6120.0,-1353.1499999999996
793,2488,73,72,17,16,25,11662.3125,6205.0,5457.3125
794,2488,71,70,25,25,27,15962.400000000001,6035.0,9927.400000000001
795,2488,76,75,21,21,21,10260.000000000002,6460.0,3800.000000000002
796,2488,69,68,17,17,20,10650.6,5865.0,4785.6
797,2488,83,82,18,18,17,8693.1,7055.0,1638.1000000000004
798,2488,78,77,14,14,13,4550.4,6630.0,-2079.6000000000004
799,2488,78,77,18,18,17,6858.9,6630.0,228.89999999999964
800,2488,74,73,16,16,18,8993.025000000001,6290.0,2703.0250000000015
801,2488,63,62,21,20,17,6418.8,5355.0,1063.8000000000002
802,2488,83,82,12,12,16,8265.2625,7055.0,1210.2625000000007
803,2488,71,70,18,18,21,9302.7375,6035.0,3267.7374999999993
804,2488,75,74,21,21,19,10587.375,6375.0,4212.375
805,2488,81,80,17,17,11,4805.55,6885.0,-2079.45
806,2488,76,75,22,21,22,11085.75,6460.0,4625.75
807,2488,84,83,12,11,12,6158.25,7140.0,-981.75
808,2488,67,66,23,23,18,7753.5,5695.0,2058.5
809,2488,93,92,22,22,22,10662.75,7905.0,2757.75
810,2488,80,79,20,20,16,7863.3,6800.0,1063.3000000000002
811,2488,72,71,23,22,27,13832.1,6120.0,7712.1
812,2488,76,75,22,22,14,6206.793750000001,6460.0,-253.20624999999927
813,2488,68,67,18,18,22,11017.575,5780.0,5237.575000000001
814,2488,76,75,19,19,18,6218.1,6460.0,-241.89999999999964
815,2488,78,77,19,19,23,14832.225,6630.0,8202.225
816,2488,69,68,19,19,30,17816.67421875,5865.0,11951.674218749999
817,2488,72,71,19,18,15,6524.55,6120.0,404.5500000000002
818,2488,78,77,23,23,23,12154.95,6630.0,5524.950000000001
819,2488,78,77,20,20,25,11791.8,6630.0,5161.799999999999
820,2488,79,78,22,21,23,12713.0625,6715.0,5998.0625
821,2488,84,83,21,21,18,5599.8,7140.0,-1540.1999999999998
822,2488,82,81,19,19,19,10348.875,6970.0,3378.875
823,2488,84,83,20,20,19,10572.3,7140.0,3432.2999999999993
824,2488,70,69,16,16,17,9177.1875,5950.0,3227.1875
825,2488,79,78,18,18,22,12530.7,6715.0,5815.700000000001
826,2488,88,87,24,24,20,8300.7,7480.0,820.7000000000007
827,2488,63,62,15,14,20,10985.4140625,5355.0,5630.4140625
828,2488,80,79,21,20,15,8221.5,6800.0,1421.5
829,2488,80,79,13,13,15,8161.3125,6800.0,1361.3125
830,2488,73,72,16,16,20,8969.5125,6205.0,2764.5125000000007
831,2488,72,71,20,20,12,4304.25,6120.0,-1815.75
832,2488,82,81,22,22,19,9715.3875,6970.0,2745.3875000000007
833,2488,71,70,18,18,21,10263.825,6035.0,4228.825000000001
834,2488,75,74,15,15,18,8718.3,6375.0,2343.2999999999993
835,2488,80,79,22,22,30,18317.75625,6800.0,11517.756249999999
836,2488,69,68,23,22,29,13389.8625,5865.0,7524.862499999999
837,2488,82,81,23,23,19,10390.10625,6970.0,3420.1062500000007
838,2488,76,75,20,19,17,6545.700000000001,6460.0,85.70000000000073
839,2488,75,74,17,16,12,5703.3,6375.0,-671.6999999999998
840,2488,84,83,15,15,13,5067.9,7140.0,-2072.1000000000004
841,2488,76,75,16,16,14,8910.900000000001,6460.0,2450.9000000000015
842,2488,77,76,20,20,21,11030.400000000001,6545.0,4485.4000000000015
843,2488,78,77,21,21,20,8246.025,6630.0,1616.0249999999996
844,2488,72,71,27,27,36,22283.4515625,6120.0,16163.451562499999
845,2488,81,80,22,21,22,11136.599999999999,6885.0,4251.5999999999985
846,2488,74,73,18,18,20,11200.95,6290.0,4910.950000000001
847,2488,73,72,16,16,23,12759.975,6205.0,6554.975
848,2488,72,71,17,17,15,7665.975,6120.0,1545.9750000000004
849,2488,82,81,16,16,21,11366.60625,6970.0,4396.606250000001
850,2488,77,76,14,14,13,7679.700000000001,6545.0,1134.7000000000007
851,2488,80,79,23,23,21,9245.925,6800.0,2445.9249999999993
852,2488,82,81,17,17,24,15890.793749999999,6970.0,8920.793749999999
853,2488,72,71,18,18,33,20617.284375,6120.0,14497.284375
854,2488,81,80,12,12,13,8595.0,6885.0,1710.0
855,2488,82,81,16,16,9,3001.5,6970.0,-3968.5
856,2488,73,72,20,20,23,14806.35,6205.0,8601.35
857,2488,82,81,16,16,21,12096.1125,6970.0,5126.112499999999
858,2488,84,83,19,19,16,6258.375,7140.0,-881.625
859,2488,82,81,14,14,22,13050.9,6970.0,6080.9
860,2488,70,69,21,21,23,13061.25,5950.0,7111.25
861,2488,76,75,16,16,20,12315.99375,6460.0,5855.99375
862,2488,80,79,18,18,22,10728.0,6800.0,3928.0
863,2488,76,75,17,17,21,10243.8,6460.0,3783.7999999999993
864,2488,84,83,16,16,17,9315.0,7140.0,2175.0
865,2488,76,75,17,16,16,9225.0,6460.0,2765.0
866,2488,71,70,19,19,19,9602.775,6035.0,3567.7749999999996
867,2488,68,67,25,25,31,18178.284375,5780.0,12398.284375
868,2488,77,76,19,19,14,5666.85,6545.0,-878.1499999999996
869,2488,83,82,23,23,20,10456.2,7055.0,3401.2000000000007
870,2488,76,75,21,21,22,12163.725,6460.0,5703.725
871,2488,76,75,18,18,17,7864.200000000001,6460.0,1404.2000000000007
872,2488,79,78,15,15,21,8690.4,6715.0,1975.3999999999996
873,2488,85,84,16,16,21,11458.2375,7225.0,4233.237499999999
874,2488,75,74,15,14,8,1854.0,6375.0,-4521.0
875,2488,91,90,20,20,20,10539.45,7735.0,2804.4500000000007
876,2488,68,67,18,17,20,10425.76875,5780.0,4645.768749999999
877,2488,74,73,15,15,15,7114.5,6290.0,824.5
878,2488,75,74,16,16,23,14648.85,6375.0,8273.85
879,2488,71,70,18,18,34,22372.903125,6035.0,16337.903125
880,2488,81,80,19,19,23,13647.6,6885.0,6762.6
881,2488,76,75,21,21,22,9699.75,6460.0,3239.75
882,2488,83,82,20,20,12,4015.8,7055.0,-3039.2
883,2488,73,72,13,13,15,9613.7578125,6205.0,3408.7578125
884,2488,73,72,18,18,17,7301.7,6205.0,1096.6999999999998
885,2488,83,82,16,16,19,7698.6,7055.0,643.6000000000004
886,2488,86,85,15,15,16,9369.900000000001,7310.0,2059.9000000000015
887,2488,80,79,17,17,25,12588.525,6800.0,5788.525
888,2488,74,73,17,17,9,3122.1,6290.0,-3167.9
889,2488,78,77,20,19,19,11142.0,6630.0,4512.0
890,2488,73,72,17,17,16,8195.85,6205.0,1990.8500000000004
891,2488,77,76,20,20,28,16219.828125000002,6545.0,9674.828125000002
892,2488,76,75,22,22,31,16958.475,6460.0,10498.474999999999
893,2488,84,83,9,9,4,917.1,7140.0,-6222.9
894,2488,73,72,19,18,22,11121.91875,6205.0,4916.918750000001
895,2488,75,74,13,13,26,14118.1171875,6375.0,7743.1171875
896,2488,71,70,16,16,32,20328.918749999997,6035.0,14293.918749999997
897,2488,80,79,20,20,33,21079.574999999997,6800.0,14279.574999999997
898,2488,73,72,23,22,21,10167.3,6205.0,3962.2999999999993
899,2488,83,82,18,18,18,10201.921875,7055.0,3146.921875
900,2488,77,76,12,12,16,8591.2875,6545.0,2046.2875000000004
901,2488,84,83,14,14,23,12227.361328125002,7140.0,5087.361328125002
902,2488,61,60,23,23,35,19560.0375,5185.0,14375.037499999999
903,2488,86,85,16,16,14,7753.5,7310.0,443.5
904,2488,80,79,17,16,13,7227.9,6800.0,427.89999999999964
905,2488,69,68,15,14,14,7647.525,5865.0,1782.5249999999996
906,2488,76,75,22,22,30,19058.85,6460.0,12598.849999999999
907,2488,75,74,16,16,18,9189.0,6375.0,2814.0
908,2488,74,73,16,16,19,9509.625,6290.0,3219.625
909,2488,74,73,19,19,21,9627.525000000001,6290.0,3337.5250000000015
910,2488,83,82,19,18,22,8825.85,7055.0,1770.8500000000004
911,2488,75,74,15,15,24,13691.25,6375.0,7316.25
912,2488,82,81,19,19,15,5419.799999999999,6970.0,-1550.2000000000007
913,2488,78,77,17,16,18,11433.825,6630.0,4803.825000000001
914,2488,76,75,12,12,10,6109.65,6460.0,-350.35000000000036
915,2488,71,70,17,17,17,7031.7,6035.0,996.6999999999998
916,2488,74,73,19,19,20,11281.5,6290.0,4991.5
917,2488,80,79,16,16,26,16170.3984375,6800.0,9370.3984375
918,2488,73,72,15,15,22,9861.3,6205.0,3656.2999999999993
919,2488,75,74,13,13,19,11050.875,6375.0,4675.875
920,2488,75,74,22,22,24,11511.900000000001,6375.0,5136.9000000000015
921,2488,75,74,18,18,16,8473.5,6375.0,2098.5
922,2488,69,68,21,21,25,11904.75,5865.0,6039.75
923,2488,71,70,17,17,14,5561.099999999999,6035.0,-473.90000000000055
924,2488,80,79,25,25,21,8753.625,6800.0,1953.625
925,2488,73,72,18,18,27,16189.4109375,6205.0,9984.4109375
926,2488,68,67,21,21,24,10960.2,5780.0,5180.200000000001
927,2488,72,71,20,20,19,7311.15,6120.0,1191.1499999999996
928,2488,75,74,17,17,15,4725.225,6375.0,-1649.7749999999996
929,2488,88,87,17,17,16,5976.0,7480.0,-1504.0
930,2488,70,69,14,14,9,3124.8,5950.0,-2825.2
931,2488,78,77,23,22,20,8512.65,6630.0,1882.6499999999996
932,2488,77,76,11,11,15,8699.4,6545.0,2154.3999999999996
933,2488,79,78,16,16,11,5557.5,6715.0,-1157.5
934,2488,81,80,15,15,18,10183.95,6885.0,3298.9500000000007
935,2488,72,71,21,21,32,17138.699999999997,6120.0,11018.699999999997
936,2488,81,80,20,19,11,3709.8,6885.0,-3175.2
937,2488,78,77,16,16,19,10385.325,6630.0,3755.3250000000007
938,2488,70,69,18,18,17,9586.4625,5950.0,3636.4624999999996
939,2488,78,77,18,18,22,11313.0,6630.0,4683.0
940,2488,72,71,23,23,25,13002.3,6120.0,6882.299999999999
941,2488,88,87,16,16,14,6185.25,7480.0,-1294.75
942,2488,70,69,15,15,14,10436.484375,5950.0,4486.484375
943,2488,77,76,21,21,34,19675.012499999997,6545.0,13130.012499999997
944,2488,75,74,14,14,20,10888.087500000001,6375.0,4513.0875000000015
945,2488,74,73,17,17,16,8702.1,6290.0,2412.1000000000004
946,2488,79,78,19,19,17,6976.125,6715.0,261.125
947,2488,84,83,20,20,21,12179.08125,7140.0,5039.081249999999
948,2488,75,74,24,24,14,6104.700000000001,6375.0,-270.2999999999993
949,2488,73,72,19,19,22,11226.150000000001,6205.0,5021.1500000000015
950,2488,74,73,24,24,16,7136.1,6290.0,846.1000000000004
951,2488,74,73,20,20,21,9446.4,6290.0,3156.3999999999996
952,2488,67,66,16,16,19,9644.175,5695.0,3949.1749999999993
953,2488,63,62,22,22,27,12384.9,5355.0,7029.9
954,2488,79,78,19,19,21,10283.428125000002,6715.0,3568.428125000002
955,2488,73,72,22,22,20,13483.125,6205.0,7278.125
956,2488,78,77,18,18,18,7796.25,6630.0,1166.25
957,2488,70,69,21,21,27,16124.4,5950.0,10174.4
958,2488,85,84,12,12,11,4456.799999999999,7225.0,-2768.2000000000007
959,2488,72,71,26,26,25,13226.400000000001,6120.0,7106.4000000000015
960,2488,79,78,22,22,21,6995.7,6715.0,280.6999999999998
961,2488,80,79,19,19,19,10412.55,6800.0,3612.5499999999993
962,2488,74,73,18,17,17,6673.5,6290.0,383.5
963,2488,75,74,18,18,19,9174.15,6375.0,2799.1499999999996
964,2488,87,86,12,12,12,6120.0,7395.0,-1275.0
965,2488,80,79,10,10,12,5906.3625,6800.0,-893.6374999999998
966,2488,78,77,16,15,20,11159.2125,6630.0,4529.2125
967,2488,79,78,17,17,19,6972.299999999999,6715.0,257.2999999999993
968,2488,74,73,19,18,17,9180.9,6290.0,2890.8999999999996
969,2488,73,72,13,13,21,12104.55,6205.0,5899.549999999999
970,2488,85,84,13,12,7,4230.0,7225.0,-2995.0
971,2488,85,84,21,21,18,7701.525,7225.0,476.52499999999964
972,2488,84,83,15,15,18,8816.85,7140.0,1676.8500000000004
973,2488,72,71,19,19,28,16927.36875,6120.0,10807.368750000001
974,2488,79,78,19,19,24,12060.9,6715.0,5345.9
975,2488,76,75,18,17,21,9644.85,6460.0,3184.8500000000004
976,2488,76,75,16,16,18,11698.3125,6460.0,5238.3125
977,2488,75,74,16,16,19,8609.400000000001,6375.0,2234.4000000000015
978,2488,91,90,14,14,13,5836.5,7735.0,-1898.5
979,2488,79,78,15,15,14,10911.15,6715.0,4196.15
980,2488,80,79,9,9,9,4858.2,6800.0,-1941.8000000000002
981,2488,78,77,21,21,24,11248.65,6630.0,4618.65
982,2488,86,85,18,18,15,9710.55,7310.0,2400.5499999999993
983,2488,78,77,21,21,25,14463.675,6630.0,7833.674999999999
984,2488,71,70,20,20,17,7470.0,6035.0,1435.0
985,2488,73,72,15,14,14,4608.9,6205.0,-1596.1000000000004
986,2488,83,82,18,18,23,10669.95,7055.0,3614.9500000000007
987,2488,74,73,16,16,20,12556.35,6290.0,6266.35
988,2488,81,80,17,17,33,18468.73125,6885.0,11583.73125
989,2488,74,73,16,16,17,8851.485937500001,6290.0,2561.4859375000015
990,2488,80,79,13,13,21,11382.338671875,6800.0,4582.338671875001
991,2488,71,70,21,21,27,13469.0625,6035.0,7434.0625
992,2488,77,76,17,17,22,9942.525,6545.0,3397.5249999999996
993,2488,75,74,20,19,21,10663.65,6375.0,4288.65
994,2488,78,77,21,20,21,12649.95,6630.0,6019.950000000001
995,2488,79,78,23,22,24,14470.875,6715.0,7755.875
996,2488,83,82,20,20,29,16056.0,7055.0,9001.0
997,2488,75,74,20,20,17,6084.9,6375.0,-290.10000000000036
998,2488,75,74,18,18,22,9933.3,6375.0,3558.2999999999993
999,2488,79,78,17,17,28,15701.9625,6715.0,8986.9625
1000,2488,77,76,16,15,16,8187.975,6545.0,1642.9750000000004
1001,2488,80,79,23,23,23,14440.3875,6800.0,7640.387500000001
1002,2488,75,74,19,19,28,16602.075,6375.0,10227.075
1003,2488,82,81,15,15,10,3561.75,6970.0,-3408.25
1004,2488,79,78,16,16,18,6084.9,6715.0,-630.1000000000004
1005,2488,67,66,24,24,36,23256.95625,5695.0,17561.95625
1006,2488,83,82,22,22,23,12833.775,7055.0,5778.775
1007,2488,77,76,11,11,24,16566.4125,6545.0,10021.412499999999
1008,2488,67,66,20,19,18,9727.2,5695.0,4032.2000000000007
1009,2488,83,82,15,15,10,4548.15,7055.0,-2506.8500000000004
1010,2488,74,73,16,16,33,18477.675,6290.0,12187.675
1011,2488,79,78,23,23,22,9066.15,6715.0,2351.1499999999996
1012,2488,77,76,19,19,16,6210.9,6545.0,-334.10000000000036
1013,2488,77,76,22,22,23,8275.050000000001,6545.0,1730.050000000001
1014,2488,78,77,16,16,9,3150.0,6630.0,-3480.0
1015,2488,82,81,14,14,13,6786.0,6970.0,-184.0
1016,2488,75,74,17,17,11,4402.8,6375.0,-1972.1999999999998
1017,2488,75,74,13,13,20,11513.334375,6375.0,5138.334375
1018,2488,74,73,18,18,16,6315.3,6290.0,25.300000000000182
1019,2488,77,76,14,14,20,9910.575,6545.0,3365.5750000000007
1020,2488,80,79,18,18,17,6813.674999999999,6800.0,13.674999999999272
1021,2488,81,80,20,20,13,5530.5,6885.0,-1354.5
1022,2488,63,62,18,17,32,20734.453125,5355.0,15379.453125
1023,2488,69,68,21,21,39,24586.70625,5865.0,18721.70625
1024,2488,71,70,20,20,23,9270.675,6035.0,3235.6749999999993
1025,2488,87,86,11,11,12,4061.025,7395.0,-3333.975
1026,2488,75,74,17,17,27,14482.35,6375.0,8107.35
1027,2488,73,72,21,21,23,9744.75,6205.0,3539.75
1028,2488,78,77,18,18,16,7914.825000000001,6630.0,1284.8250000000007
1029,2488,70,69,16,16,25,13342.921875,5950.0,7392.921875
1030,2488,75,74,17,17,15,9099.9,6375.0,2724.8999999999996
1031,2488,78,77,15,15,20,11783.925,6630.0,5153.924999999999
1032,2488,75,74,19,19,15,6440.4,6375.0,65.39999999999964
1033,2488,75,74,19,19,20,10706.625,6375.0,4331.625
1034,2488,75,74,18,18,21,9229.6125,6375.0,2854.6124999999993
1035,2488,80,79,22,22,26,13308.75,6800.0,6508.75
1036,2488,74,73,16,15,19,10015.65,6290.0,3725.6499999999996
1037,2488,84,83,21,21,15,7374.15,7140.0,234.14999999999964
1038,2488,61,60,17,17,26,13063.021875,5185.0,7878.021875
1039,2488,83,82,16,15,17,7892.775,7055.0,837.7749999999996
1040,2488,83,82,15,15,10,5032.8,7055.0,-2022.1999999999998
1041,2488,76,75,18,18,12,3303.0,6460.0,-3157.0
1042,2488,76,75,20,20,22,10862.55,6460.0,4402.549999999999
1043,2488,78,77,18,18,19,10073.25,6630.0,3443.25
1044,2488,81,80,15,14,14,6970.246875000001,6885.0,85.24687500000073
1045,2488,73,72,19,18,22,11311.5375,6205.0,5106.5375
1046,2488,70,69,23,23,39,27080.775,5950.0,21130.775
1047,2488,77,76,18,18,28,17322.215625,6545.0,10777.215625
1048,2488,74,73,17,17,22,14382.45,6290.0,8092.450000000001
1049,2488,64,63,21,21,21,8054.55,5440.0,2614.55
1050,2488,84,83,18,18,17,9440.6625,7140.0,2300.6625000000004
1051,2488,74,73,16,16,24,10801.2375,6290.0,4511.237499999999
1052,2488,81,80,16,16,10,3942.9,6885.0,-2942.1
1053,2488,76,75,15,15,23,11766.740625,6460.0,5306.740625
1054,2488,77,76,15,15,11,3465.0,6545.0,-3080.0
1055,2488,70,69,13,13,12,5085.45,5950.0,-864.5500000000002
1056,2488,80,79,16,16,16,7386.3,6800.0,586.3000000000002
1057,2488,78,77,24,24,23,10229.400000000001,6630.0,3599.4000000000015
1058,2488,78,77,14,14,21,14635.8,6630.0,8005.799999999999
1059,2488,71,70,22,22,19,6808.5,6035.0,773.5
1060,2488,84,83,17,17,22,12813.075,7140.0,5673.075000000001
1061,2488,69,68,15,15,27,14909.400000000001,5865.0,9044.400000000001
1062,2488,77,76,20,19,17,6124.5,6545.0,-420.5
1063,2488,78,77,19,19,21,7654.5,6630.0,1024.5
1064,2488,78,77,21,21,27,14712.75,6630.0,8082.75
1065,2488,81,80,19,19,23,11772.056250000001,6885.0,4887.0562500000015
1066,2488,89,88,12,12,10,3041.1,7565.0,-4523.9
1067,2488,75,74,19,19,19,7823.700000000001,6375.0,1448.7000000000007
1068,2488,82,81,16,16,21,10749.740624999999,6970.0,3779.7406249999985
1069,2488,73,72,20,20,27,17315.2125,6205.0,11110.212500000001
1070,2488,84,83,15,14,23,14698.35,7140.0,7558.35
1071,2488,69,68,21,20,31,15712.65,5865.0,9847.65
1072,2488,86,85,17,17,15,7683.75,7310.0,373.75
1073,2488,75,74,17,17,10,4902.3,6375.0,-1472.6999999999998
1074,2488,75,74,20,20,25,13074.243750000001,6375.0,6699.2437500000015
1075,2488,86,85,17,17,29,15336.449999999999,7310.0,8026.449999999999
1076,2488,78,77,16,16,26,13370.175,6630.0,6740.174999999999
1077,2488,82,81,19,18,20,8786.25,6970.0,1816.25
1078,2488,70,69,13,13,18,9502.65,5950.0,3552.6499999999996
1079,2488,74,73,18,18,20,10078.221093749999,6290.0,3788.2210937499985
1080,2488,76,75,21,20,23,15284.8125,6460.0,8824.8125
1081,2488,79,78,19,19,23,12676.5,6715.0,5961.5
1082,2488,77,76,18,18,23,13848.630468750001,6545.0,7303.6304687500015
1083,2488,89,88,10,10,8,3744.9,7565.0,-3820.1
1084,2488,73,72,19,19,36,21968.324999999997,6205.0,15763.324999999997
1085,2488,77,76,18,18,11,5462.55,6545.0,-1082.4499999999998
1086,2488,81,80,14,14,16,8185.89375,6885.0,1300.8937500000002
1087,2488,67,66,18,18,20,8756.775000000001,5695.0,3061.7750000000015
1088,2488,67,66,16,16,19,12625.931250000001,5695.0,6930.9312500000015
1089,2488,78,77,18,17,20,8838.45,6630.0,2208.4500000000007
1090,2488,71,70,17,17,16,6991.200000000001,6035.0,956.2000000000007
1091,2488,78,77,16,16,22,14821.875,6630.0,8191.875
1092,2488,84,83,19,19,18,10538.099999999999,7140.0,3398.0999999999985
1093,2488,75,74,16,16,13,4571.887500000001,6375.0,-1803.1124999999993
1094,2488,78,77,20,20,25,15086.25,6630.0,8456.25
1095,2488,80,79,21,21,16,6715.125,6800.0,-84.875
1096,2488,84,83,16,16,21,9125.6625,7140.0,1985.6625000000004
1097,2488,75,74,21,21,30,16364.025000000001,6375.0,9989.025000000001
1098,2488,87,86,20,20,16,8741.7,7395.0,1346.7000000000007
1099,2488,70,69,16,16,13,5590.8,5950.0,-359.1999999999998
1100,2488,83,82,20,20,14,6745.5,7055.0,-309.5
1101,2488,80,79,11,11,11,3915.0,6800.0,-2885.0
1102,2488,72,71,21,21,32,20477.5875,6120.0,14357.587500000001
1103,2488,76,75,21,21,27,14301.675000000001,6460.0,7841.675000000001
1104,2488,77,76,15,15,13,4546.8,6545.0,-1998.1999999999998
1105,2488,79,78,17,17,22,11631.6,6715.0,4916.6
1106,2488,67,66,13,13,19,11603.250000000002,5695.0,5908.250000000002
1107,2488,85,84,15,15,19,9418.021875,7225.0,2193.0218750000004
1108,2488,78,77,19,19,23,12820.1625,6630.0,6190.1625
1109,2488,75,74,14,14,16,7263.674999999999,6375.0,888.6749999999993
1110,2488,74,73,20,20,29,14029.65,6290.0,7739.65
1111,2488,83,82,19,19,17,7675.2,7055.0,620.1999999999998
1112,2488,81,80,16,16,11,4446.9,6885.0,-2438.1000000000004
1113,2488,77,76,20,20,23,14009.625,6545.0,7464.625
1114,2488,79,78,19,19,22,11271.9375,6715.0,4556.9375
1115,2488,87,86,12,12,15,7800.525,7395.0,405.52499999999964
1116,2488,85,84,18,18,18,7423.65,7225.0,198.64999999999964
1117,2488,72,71,16,16,16,10162.8,6120.0,4042.7999999999993
1118,2488,85,84,18,18,22,12740.4,7225.0,5515.4
1119,2488,66,65,20,20,24,11156.85,5610.0,5546.85
1120,2488,77,76,18,18,14,5545.799999999999,6545.0,-999.2000000000007
1121,2488,65,64,24,23,34,16618.8375,5525.0,11093.837500000001
1122,2488,79,78,19,19,14,5425.200000000001,6715.0,-1289.7999999999993
1123,2488,85,84,24,24,19,9382.95,7225.0,2157.9500000000007
1124,2488,70,69,23,23,26,10340.099999999999,5950.0,4390.0999999999985
1125,2488,77,76,19,19,19,8628.3,6545.0,2083.2999999999993
1126,2488,79,78,13,13,13,5931.9,6715.0,-783.1000000000004
1127,2488,73,72,18,18,19,10725.3,6205.0,4520.299999999999
1128,2488,81,80,14,14,15,9675.0,6885.0,2790.0
1129,2488,73,72,26,26,15,5879.700000000001,6205.0,-325.2999999999993
1130,2488,86,85,17,16,16,8044.2,7310.0,734.1999999999998
1131,2488,82,81,15,15,15,7211.8546875,6970.0,241.85468750000018
1132,2488,66,65,15,15,15,8369.1,5610.0,2759.1000000000004
1133,2488,77,76,18,18,25,18455.08095703125,6545.0,11910.080957031249
1134,2488,76,75,15,15,13,8052.918749999999,6460.0,1592.918749999999
1135,2488,74,73,18,18,25,13877.38125,6290.0,7587.38125
1136,2488,72,71,22,22,18,7359.299999999999,6120.0,1239.2999999999993
1137,2488,65,64,23,23,42,27062.381250000002,5525.0,21537.381250000002
1138,2488,80,79,21,21,23,14017.05,6800.0,7217.049999999999
1139,2488,82,81,16,16,10,3980.7,6970.0,-2989.3
1140,2488,85,84,19,19,13,5853.6,7225.0,-1371.3999999999996
1141,2488,77,76,19,19,18,7906.5,6545.0,1361.5
1142,2488,73,72,23,23,23,13412.25,6205.0,7207.25
1143,2488,72,71,21,21,21,8535.599999999999,6120.0,2415.5999999999985
1144,2488,77,76,17,17,10,3896.1000000000004,6545.0,-2648.8999999999996
1145,2488,69,68,17,17,11,5186.7,5865.0,-678.3000000000002
1146,2488,73,72,18,18,15,5292.225,6205.0,-912.7749999999996
1147,2488,87,86,18,18,22,13266.225,7395.0,5871.225
1148,2488,79,78,20,20,18,6431.4,6715.0,-283.60000000000036
1149,2488,92,91,14,14,14,8208.9,7820.0,388.89999999999964
1150,2488,64,63,17,17,26,16487.66953125,5440.0,11047.669531250001
1151,2488,73,72,21,21,19,7963.059375000001,6205.0,1758.0593750000007
1152,2488,74,73,16,15,17,9001.349999999999,6290.0,2711.3499999999985
1153,2488,86,85,19,19,15,6875.1,7310.0,-434.89999999999964
1154,2488,87,86,17,17,15,4867.2,7395.0,-2527.8
1155,2488,78,77,18,18,23,10246.44375,6630.0,3616.4437500000004
1156,2488,77,76,16,16,27,18166.651171875,6545.0,11621.651171875
1157,2488,80,79,16,16,20,13497.75,6800.0,6697.75
1158,2488,82,81,17,17,17,7212.15,6970.0,242.14999999999964
1159,2488,72,71,15,15,23,13374.618750000001,6120.0,7254.6187500000015
1160,2488,74,73,23,23,25,11925.9,6290.0,5635.9
1161,2488,78,77,22,22,21,9963.900000000001,6630.0,3333.9000000000015
1162,2488,72,71,19,18,17,7124.4,6120.0,1004.3999999999996
1163,2488,90,89,19,19,18,8987.85,7650.0,1337.8500000000004
1164,2488,76,75,17,17,15,4670.1,6460.0,-1789.8999999999996
1165,2488,70,69,17,17,16,7499.587500000001,5950.0,1549.5875000000005
1166,2488,78,77,13,13,22,15084.727734375,6630.0,8454.727734375
1167,2488,79,78,22,22,37,23941.4625,6715.0,17226.4625
1168,2488,78,77,23,23,21,12344.4,6630.0,5714.4
1169,2488,78,77,18,17,23,11346.3,6630.0,4716.299999999999
1170,2488,80,79,14,14,18,8605.9125,6800.0,1805.9125000000004
1171,2488,77,76,24,24,32,17877.375,6545.0,11332.375
1172,2488,71,70,15,15,21,13936.725,6035.0,7901.725
1173,2488,77,76,14,14,39,25815.389062500002,6545.0,19270.389062500002
1174,2488,78,77,17,17,25,13718.25,6630.0,7088.25
1175,2488,74,73,19,19,15,7538.85,6290.0,1248.8500000000004
1176,2488,71,70,15,15,14,4057.2,6035.0,-1977.8000000000002
1177,2488,72,71,20,20,28,14081.85,6120.0,7961.85
1178,2488,84,83,21,21,19,10628.55,7140.0,3488.5499999999993
1179,2488,77,76,18,18,15,7803.3375,6545.0,1258.3374999999996
1180,2488,69,68,17,17,17,7384.5,5865.0,1519.5
1181,2488,75,74,21,21,18,8589.6,6375.0,2214.6000000000004
1182,2488,74,73,17,17,18,9494.83125,6290.0,3204.8312499999993
1183,2488,78,77,17,17,26,16232.4,6630.0,9602.4
1184,2488,69,68,19,18,19,10188.0,5865.0,4323.0
1185,2488,83,82,20,20,18,8999.1,7055.0,1944.1000000000004
1186,2488,79,78,15,15,17,9573.3,6715.0,2858.2999999999993
1187,2488,75,74,14,14,18,8839.575,6375.0,2464.5750000000007
1188,2488,78,77,16,16,13,5652.0,6630.0,-978.0
1189,2488,74,73,17,16,14,9291.15,6290.0,3001.1499999999996
1190,2488,81,80,19,19,21,12846.15,6885.0,5961.15
1191,2488,78,77,12,12,10,3628.8,6630.0,-3001.2
1192,2488,83,82,21,21,26,12431.3625,7055.0,5376.362499999999
1193,2488,76,75,19,19,30,18840.15,6460.0,12380.150000000001
1194,2488,72,71,18,18,14,7881.75,6120.0,1761.75
1195,2488,79,78,17,17,14,6277.5,6715.0,-437.5
1196,2488,83,82,12,12,9,3105.0,7055.0,-3950.0
1197,2488,71,70,19,19,38,21728.19375,6035.0,15693.193749999999
1198,2488,71,70,18,18,29,15650.325,6035.0,9615.325
1199,2488,83,82,18,18,24,11595.9375,7055.0,4540.9375
1200,2488,83,82,17,17,16,8122.275,7055.0,1067.2749999999996
1201,2488,73,72,19,19,18,8282.925,6205.0,2077.9249999999993
1202,2488,66,65,21,20,32,18113.737500000003,5610.0,12503.737500000003
1203,2488,81,80,19,19,22,13718.25,6885.0,6833.25
1204,2488,85,84,16,16,14,6174.0,7225.0,-1051.0
1205,2488,65,64,20,20,21,13545.3375,5525.0,8020.3375
1206,2488,81,80,20,20,23,10990.35,6885.0,4105.35
1207,2488,76,75,22,22,22,9117.0,6460.0,2657.0
1208,2488,92,91,19,19,24,13039.2,7820.0,5219.200000000001
1209,2488,79,78,11,11,12,4324.95,6715.0,-2390.05
1210,2488,88,87,16,16,20,11570.625,7480.0,4090.625
1211,2488,75,74,14,14,18,9237.15,6375.0,2862.1499999999996
1212,2488,74,73,18,18,13,7069.95,6290.0,779.9499999999998
1213,2488,77,76,19,19,17,7114.5,6545.0,569.5
1214,2488,76,75,18,18,28,19268.325,6460.0,12808.325
1215,2488,73,72,16,16,9,3137.8500000000004,6205.0,-3067.1499999999996
1216,2488,76,75,17,17,23,10283.400000000001,6460.0,3823.4000000000015
1217,2488,74,73,16,16,25,17613.9703125,6290.0,11323.970312500001
1218,2488,71,70,17,17,23,11918.31328125,6035.0,5883.313281250001
1219,2488,71,70,19,19,26,17007.8625,6035.0,10972.8625
1220,2488,72,71,19,19,26,13595.653124999999,6120.0,7475.653124999999
1221,2488,81,80,17,17,27,17726.175,6885.0,10841.175
1222,2488,81,80,19,19,22,12558.15,6885.0,5673.15
1223,2488,84,83,18,18,23,14994.165234375001,7140.0,7854.165234375001
1224,2488,77,76,18,18,20,9362.7,6545.0,2817.7000000000007
1225,2488,67,66,14,14,23,12874.865625,5695.0,7179.865625
1226,2488,70,69,21,21,28,14582.7,5950.0,8632.7
1227,2488,67,66,20,19,16,9619.2,5695.0,3924.2000000000007
1228,2488,80,79,14,14,19,11815.354687499997,6800.0,5015.354687499997
1229,2488,74,73,18,18,20,8164.35,6290.0,1874.3500000000004
1230,2488,82,81,14,14,18,8847.45,6970.0,1877.4500000000007
1231,2488,80,79,16,16,11,3779.1,6800.0,-3020.9
1232,2488,82,81,15,15,13,7733.7,6970.0,763.6999999999998
1233,2488,66,65,14,14,13,5337.9,5610.0,-272.10000000000036
1234,2488,77,76,17,17,17,7947.9,6545.0,1402.8999999999996
1235,2488,74,73,14,14,15,7535.475,6290.0,1245.4750000000004
1236,2488,69,68,20,20,17,5532.3,5865.0,-332.6999999999998
1237,2488,78,77,23,23,22,9506.7,6630.0,2876.7000000000007
1238,2488,77,76,20,20,35,21584.947851562505,6545.0,15039.947851562505
1239,2488,74,73,22,22,26,14384.7,6290.0,8094.700000000001
1240,2488,83,82,21,21,18,9182.25,7055.0,2127.25
1241,2488,85,84,16,16,16,5948.775,7225.0,-1276.2250000000004
1242,2488,80,79,18,18,21,10937.7,6800.0,4137.700000000001
1243,2488,85,84,17,17,29,16497.449999999997,7225.0,9272.449999999997
1244,2488,70,69,14,14,26,16297.6921875,5950.0,10347.6921875
1245,2488,75,74,13,13,14,6078.6,6375.0,-296.39999999999964
1246,2488,69,68,15,15,11,3375.9,5865.0,-2489.1
1247,2488,66,65,19,19,19,9523.8,5610.0,3913.7999999999993
1248,2488,78,77,19,18,26,14932.462500000001,6630.0,8302.462500000001
1249,2488,72,71,20,20,18,9251.55,6120.0,3131.5499999999993
1250,2488,66,65,22,22,19,9786.15,5610.0,4176.15
1251,2488,86,85,14,13,11,3276.9,7310.0,-4033.1
1252,2488,85,84,15,15,12,3590.1,7225.0,-3634.9
1253,2488,72,71,20,20,22,9522.449999999999,6120.0,3402.449999999999
1254,2488,66,65,20,20,27,14311.35,5610.0,8701.35
1255,2488,80,79,12,12,16,10100.7,6800.0,3300.7000000000007
1256,2488,77,76,16,16,19,9061.2,6545.0,2516.2000000000007
1257,2488,92,91,16,16,12,7645.725,7820.0,-174.27499999999964
1258,2488,61,60,22,21,38,20095.920703124997,5185.0,14910.920703124997
1259,2488,74,73,19,18,23,11969.325,6290.0,5679.325000000001
1260,2488,80,79,17,17,14,6929.775,6800.0,129.77499999999964
1261,2488,75,74,21,20,28,14908.05,6375.0,8533.05
1262,2488,77,76,18,17,11,3359.7,6545.0,-3185.3
1263,2488,80,79,24,24,29,16140.4875,6800.0,9340.4875
1264,2488,71,70,16,16,18,7669.4625,6035.0,1634.4624999999996
1265,2488,78,77,14,14,13,4228.2,6630.0,-2401.8
1266,2488,84,83,18,18,15,6387.3,7140.0,-752.6999999999998
1267,2488,74,73,12,12,11,5295.6,6290.0,-994.3999999999996
1268,2488,71,70,21,21,23,11014.2,6035.0,4979.200000000001
1269,2488,77,76,20,20,26,15267.965625,6545.0,8722.965625
1270,2488,79,78,21,21,19,6038.55,6715.0,-676.4499999999998
1271,2488,92,91,23,23,14,3975.3,7820.0,-3844.7
1272,2488,85,84,15,15,14,7050.6,7225.0,-174.39999999999964
1273,2488,78,77,21,21,29,17225.1,6630.0,10595.099999999999
1274,2488,72,71,20,20,27,10977.58125,6120.0,4857.581249999999
1275,2488,76,75,23,22,27,16621.425,6460.0,10161.425
1276,2488,74,73,13,13,27,18592.0875,6290.0,12302.087500000001
1277,2488,76,75,22,22,20,9633.825,6460.0,3173.8250000000007
1278,2488,76,75,20,20,18,8145.9,6460.0,1685.8999999999996
1279,2488,74,73,21,21,23,12640.05,6290.0,6350.049999999999
1280,2488,81,80,10,10,17,12090.375,6885.0,5205.375
1281,2488,77,76,18,17,19,8644.5,6545.0,2099.5
1282,2488,79,78,18,18,19,10225.884375000001,6715.0,3510.8843750000015
1283,2488,72,71,20,20,11,4140.0,6120.0,-1980.0
1284,2488,75,74,15,15,17,7423.2,6375.0,1048.1999999999998
1285,2488,81,80,15,15,27,19642.05,6885.0,12757.05
1286,2488,74,73,20,19,20,10633.275,6290.0,4343.275
1287,2488,86,85,17,17,25,16263.7875,7310.0,8953.7875
1288,2488,90,89,17,17,13,4771.35,7650.0,-2878.6499999999996
1289,2488,76,75,18,18,20,12192.300000000001,6460.0,5732.300000000001
1290,2488,86,85,19,19,24,12384.182812500001,7310.0,5074.182812500001
1291,2488,82,81,16,16,20,12994.0875,6970.0,6024.0875
1292,2488,69,68,19,19,28,17270.71875,5865.0,11405.71875
1293,2488,85,84,24,24,25,14335.875,7225.0,7110.875
1294,2488,82,81,15,15,15,7477.2,6970.0,507.1999999999998
1295,2488,85,84,14,14,19,8873.325,7225.0,1648.3250000000007
1296,2488,73,72,17,17,21,12538.2375,6205.0,6333.237499999999
1297,2488,79,78,20,20,20,10050.35625,6715.0,3335.3562500000007
1298,2488,89,88,23,23,21,7947.9,7565.0,382.89999999999964
1299,2488,76,75,15,15,23,12790.575,6460.0,6330.575000000001
1300,2488,79,78,16,16,15,7116.3,6715.0,401.3000000000002
1301,2488,75,74,18,18,21,10500.3,6375.0,4125.299999999999
1302,2488,73,72,20,20,10,4550.4,6205.0,-1654.6000000000004
1303,2488,77,76,13,13,14,7425.0,6545.0,880.0
1304,2488,82,81,13,13,16,8306.1,6970.0,1336.1000000000004
1305,2488,66,65,19,19,33,19891.546875,5610.0,14281.546875
1306,2488,70,69,20,20,26,16397.1,5950.0,10447.099999999999
1307,2488,76,75,20,20,23,10691.775000000001,6460.0,4231.7750000000015
1308,2488,82,81,18,18,11,4005.9,6970.0,-2964.1
1309,2488,80,79,15,15,24,15140.7,6800.0,8340.7
1310,2488,71,70,20,20,18,9917.2125,6035.0,3882.2124999999996
1311,2488,75,74,19,19,16,6509.7,6375.0,134.69999999999982
1312,2488,79,78,22,22,23,13365.73125,6715.0,6650.731250000001
1313,2488,81,80,19,19,9,3132.9,6885.0,-3752.1
1314,2488,78,77,16,16,16,11279.8125,6630.0,4649.8125
1315,2488,86,85,14,14,13,8041.950000000001,7310.0,731.9500000000007
1316,2488,66,65,14,14,22,13871.193750000002,5610.0,8261.193750000002
1317,2488,77,76,16,16,15,7335.45,6545.0,790.4499999999998
1318,2488,76,75,18,17,17,8546.4,6460.0,2086.3999999999996
1319,2488,72,71,21,21,16,6935.4,6120.0,815.3999999999996
1320,2488,79,78,19,19,16,7930.799999999999,6715.0,1215.7999999999993
1321,2488,77,76,19,19,22,11874.9375,6545.0,5329.9375
1322,2488,76,75,18,17,27,16648.81875,6460.0,10188.818749999999
1323,2488,85,84,17,17,17,7935.3,7225.0,710.3000000000002
1324,2488,79,78,19,19,20,9794.7,6715.0,3079.7000000000007
1325,2488,81,80,17,17,24,16145.775,6885.0,9260.775
1326,2488,77,76,14,14,11,4078.8,6545.0,-2466.2
1327,2488,78,77,19,19,22,11442.2625,6630.0,4812.262500000001
1328,2488,72,71,21,21,17,7273.35,6120.0,1153.3500000000004
1329,2488,76,75,21,21,25,13420.349999999999,6460.0,6960.3499999999985
1330,2488,78,77,16,16,15,8308.8,6630.0,1678.7999999999993
1331,2488,80,79,16,16,28,16140.99375,6800.0,9340.99375
1332,2488,73,72,21,21,23,12087.3375,6205.0,5882.3375
1333,2488,76,75,24,24,17,8612.099999999999,6460.0,2152.0999999999985
1334,2488,83,82,18,18,14,5359.5,7055.0,-1695.5
1335,2488,82,81,14,14,25,15170.2875,6970.0,8200.2875
1336,2488,84,83,10,10,9,2959.2,7140.0,-4180.8
1337,2488,76,75,22,22,25,13746.628125000001,6460.0,7286.628125000001
1338,2488,77,76,23,23,33,19834.65,6545.0,13289.650000000001
1339,2488,81,80,21,20,13,4922.549999999999,6885.0,-1962.4500000000007
1340,2488,77,76,21,21,19,7920.0,6545.0,1375.0
1341,2488,76,75,27,26,21,9130.725,6460.0,2670.7250000000004
1342,2488,76,75,20,20,17,6719.4,6460.0,259.39999999999964
1343,2488,89,88,13,13,16,9020.7,7565.0,1455.7000000000007
1344,2488,75,74,16,16,24,14571.224999999999,6375.0,8196.224999999999
1345,2488,77,76,16,16,20,12100.275,6545.0,5555.275
1346,2488,78,77,18,18,21,10857.15,6630.0,4227.15
1347,2488,81,80,15,15,20,8446.725,6885.0,1561.7250000000004
1348,2488,71,70,18,18,22,9751.275,6035.0,3716.2749999999996
1349,2488,74,73,21,21,32,16634.1375,6290.0,10344.1375
1350,2488,76,75,16,16,27,18041.677734375,6460.0,11581.677734375
1351,2488,79,78,18,18,15,7874.1,6715.0,1159.1000000000004
1352,2488,76,75,19,19,22,9207.0,6460.0,2747.0
1353,2488,75,74,18,18,32,20250.439453125,6375.0,13875.439453125
1354,2488,77,76,20,20,25,12945.375,6545.0,6400.375
1355,2488,86,85,18,18,19,9845.550000000001,7310.0,2535.550000000001
1356,2488,88,87,13,13,18,11804.371875,7480.0,4324.371875000001
1357,2488,81,80,21,21,12,6246.9,6885.0,-638.1000000000004
1358,2488,69,68,22,22,23,10995.075,5865.0,5130.075000000001
1359,2488,85,84,15,15,16,6302.25,7225.0,-922.75
1360,2488,75,74,18,18,30,19444.8375,6375.0,13069.837500000001
1361,2488,71,70,15,15,14,7204.5,6035.0,1169.5
1362,2488,69,68,18,18,31,15749.55,5865.0,9884.55
1363,2488,75,74,17,17,17,7034.4,6375.0,659.3999999999996
1364,2488,76,75,18,18,22,12900.881249999999,6460.0,6440.8812499999985
1365,2488,66,65,23,23,37,22495.331250000003,5610.0,16885.331250000003
1366,2488,79,78,21,21,23,7778.25,6715.0,1063.25
1367,2488,59,58,22,22,23,11038.05,5015.0,6023.049999999999
1368,2488,73,72,19,18,34,23640.85546875,6205.0,17435.85546875
1369,2488,75,74,18,17,19,10726.734375,6375.0,4351.734375
1370,2488,79,78,18,18,20,10438.65,6715.0,3723.6499999999996
1371,2488,72,71,19,19,19,10232.55,6120.0,4112.549999999999
1372,2488,74,73,17,17,19,8276.85,6290.0,1986.8500000000004
1373,2488,68,67,19,19,24,11424.9375,5780.0,5644.9375
1374,2488,82,81,18,18,13,4619.7,6970.0,-2350.3
1375,2488,78,77,14,14,10,5117.4,6630.0,-1512.6000000000004
1376,2488,67,66,21,21,27,14683.1625,5695.0,8988.1625
1377,2488,79,78,21,20,22,10734.300000000001,6715.0,4019.300000000001
1378,2488,78,77,21,21,18,8312.4,6630.0,1682.3999999999996
1379,2488,76,75,21,20,24,11576.025000000001,6460.0,5116.0250000000015
1380,2488,86,85,13,13,16,9290.025,7310.0,1980.0249999999996
1381,2488,80,79,17,17,26,11763.014062499999,6800.0,4963.0140624999985
1382,2488,67,66,21,21,38,21344.821875,5695.0,15649.821875000001
1383,2488,80,79,15,15,18,11614.5,6800.0,4814.5
1384,2488,85,84,18,18,22,10516.1625,7225.0,3291.1625000000004
1385,2488,81,80,15,15,13,5335.2,6885.0,-1549.8000000000002
1386,2488,78,77,22,22,21,9158.85,6630.0,2528.8500000000004
1387,2488,74,73,24,24,28,15493.960546875001,6290.0,9203.960546875001
1388,2488,81,80,20,20,24,13038.75,6885.0,6153.75
1389,2488,73,72,17,17,24,14474.25,6205.0,8269.25
1390,2488,76,75,21,21,28,13904.55,6460.0,7444.549999999999
1391,2488,71,70,21,21,17,7943.2875,6035.0,1908.2875000000004
1392,2488,80,79,20,20,21,9693.9,6800.0,2893.8999999999996
1393,2488,69,68,21,21,32,18009.9,5865.0,12144.900000000001
1394,2488,79,78,21,20,24,9819.1125,6715.0,3104.1124999999993
1395,2488,72,71,21,21,36,18893.1796875,6120.0,12773.1796875
1396,2488,79,78,17,17,16,9811.0125,6715.0,3096.0125000000007
1397,2488,73,72,16,16,17,9416.1375,6205.0,3211.1375000000007
1398,2488,84,83,19,19,31,16889.512499999997,7140.0,9749.512499999997
1399,2488,71,70,15,15,12,4995.450000000001,6035.0,-1039.5499999999993
1400,2488,85,84,12,12,13,8669.7,7225.0,1444.7000000000007
1401,2488,75,74,16,16,21,12731.4,6375.0,6356.4
1402,2488,76,75,22,22,17,6862.5,6460.0,402.5
1403,2488,77,76,19,19,16,7327.8,6545.0,782.8000000000002
1404,2488,82,81,13,13,11,5964.3,6970.0,-1005.6999999999998
1405,2488,78,77,19,19,23,15701.343750000002,6630.0,9071.343750000002
1406,2488,78,77,16,16,14,7431.525000000001,6630.0,801.5250000000005
1407,2488,85,84,17,17,13,5581.35,7225.0,-1643.6499999999996
1408,2488,80,79,18,18,19,11384.325,6800.0,4584.325000000001
1409,2488,84,83,17,17,15,5365.8,7140.0,-1774.1999999999998
1410,2488,71,70,18,18,30,21186.1125,6035.0,15151.1125
1411,2488,73,72,15,15,21,11559.825,6205.0,5354.825000000001
1412,2488,73,72,26,26,28,16656.300000000003,6205.0,10451.300000000003
1413,2488,70,69,17,17,24,15988.21875,5950.0,10038.21875
1414,2488,78,77,22,22,24,15055.425000000001,6630.0,8425.425000000001
1415,2488,77,76,18,18,17,8236.35,6545.0,1691.3500000000004
1416,2488,64,63,14,14,15,7204.05,5440.0,1764.0500000000002
1417,2488,74,73,16,16,27,13711.275,6290.0,7421.275
1418,2488,85,84,16,15,21,9485.55,7225.0,2260.5499999999993
1419,2488,74,73,18,18,22,10819.982812500002,6290.0,4529.982812500002
1420,2488,67,66,15,15,19,9168.525000000001,5695.0,3473.5250000000015
1421,2488,87,86,12,12,15,9450.1125,7395.0,2055.1124999999993
1422,2488,84,83,18,18,12,4828.5,7140.0,-2311.5
1423,2488,73,72,19,18,19,10724.625,6205.0,4519.625
1424,2488,85,84,24,24,27,16154.1,7225.0,8929.1
1425,2488,69,68,16,16,19,8899.2,5865.0,3034.2000000000007
1426,2488,78,77,26,25,16,8680.5,6630.0,2050.5
1427,2488,80,79,18,18,11,3969.0000000000005,6800.0,-2830.9999999999995
1428,2488,82,81,17,16,8,2486.7,6970.0,-4483.3
1429,2488,74,73,19,18,22,10589.7375,6290.0,4299.737499999999
1430,2488,79,78,12,12,7,3560.4,6715.0,-3154.6
1431,2488,79,78,21,21,23,13601.475,6715.0,6886.475
1432,2488,77,76,18,18,18,9882.590624999999,6545.0,3337.590624999999
1433,2488,77,76,18,18,21,13261.275,6545.0,6716.275
1434,2488,76,75,16,16,17,8209.575,6460.0,1749.5750000000007
1435,2488,70,69,17,17,14,6282.0,5950.0,332.0
1436,2488,78,77,20,20,21,13074.75,6630.0,6444.75
1437,2488,83,82,13,13,21,12281.625,7055.0,5226.625
1438,2488,76,75,15,14,15,6774.3,6460.0,314.3000000000002
1439,2488,69,68,29,28,30,16380.05625,5865.0,10515.05625
1440,2488,88,87,13,12,9,3487.0499999999997,7480.0,-3992.9500000000003
1441,2488,79,78,20,20,22,11463.75,6715.0,4748.75
1442,2488,75,74,24,24,17,7640.1,6375.0,1265.1000000000004
1443,2488,84,83,19,19,28,17177.625,7140.0,10037.625
1444,2488,72,71,25,25,30,13096.462500000001,6120.0,6976.4625000000015
1445,2488,73,72,19,19,12,5016.15,6205.0,-1188.8500000000004
1446,2488,81,80,17,17,16,8659.35,6885.0,1774.3500000000004
1447,2488,71,70,17,17,37,23984.4515625,6035.0,17949.4515625
1448,2488,69,68,24,24,31,15652.2375,5865.0,9787.2375
1449,2488,88,87,14,14,10,6687.9,7480.0,-792.1000000000004
1450,2488,66,65,16,16,21,10986.6375,5610.0,5376.637500000001
1451,2488,80,79,16,16,18,9033.6515625,6800.0,2233.6515624999993
1452,2488,80,79,21,21,19,9597.796875,6800.0,2797.796875
1453,2488,77,76,14,14,29,16940.242968749997,6545.0,10395.242968749997
1454,2488,71,70,19,19,30,15685.875,6035.0,9650.875
1455,2488,72,71,21,21,24,13677.075,6120.0,7557.075000000001
1456,2488,71,70,20,20,20,11603.7,6035.0,5568.700000000001
1457,2488,73,72,16,16,18,7267.5,6205.0,1062.5
1458,2488,76,75,20,20,39,22181.090625,6460.0,15721.090625
1459,2488,66,65,21,21,27,15474.825,5610.0,9864.825
1460,2488,78,77,15,15,12,4206.15,6630.0,-2423.8500000000004
1461,2488,84,83,17,17,19,12149.1,7140.0,5009.1
1462,2488,70,69,17,16,22,12342.825,5950.0,6392.825000000001
1463,2488,76,75,16,16,19,8290.8,6460.0,1830.7999999999993
1464,2488,72,71,19,19,20,8777.7,6120.0,2657.7000000000007
1465,2488,73,72,17,16,25,12288.375,6205.0,6083.375
1466,2488,69,68,25,25,28,13837.95,5865.0,7972.950000000001
1467,2488,68,67,18,18,27,13025.390625,5780.0,7245.390625
1468,2488,78,77,18,18,25,14958.9,6630.0,8328.9
1469,2488,77,76,21,21,18,9407.25,6545.0,2862.25
1470,2488,68,67,19,19,25,11749.1625,5780.0,5969.1625
1471,2488,77,76,16,16,27,16455.99375,6545.0,9910.993750000001
1472,2488,83,82,17,17,14,7028.325000000001,7055.0,-26.674999999999272
1473,2488,77,76,19,19,22,11259.9,6545.0,4714.9
1474,2488,68,67,17,17,23,11977.9875,5780.0,6197.987499999999
1475,2488,78,77,22,22,14,5396.85,6630.0,-1233.1499999999996
1476,2488,79,78,16,16,12,5045.85,6715.0,-1669.1499999999996
1477,2488,62,61,20,20,20,9161.325,5270.0,3891.3250000000007
1478,2488,83,82,14,14,15,6167.137499999999,7055.0,-887.8625000000011
1479,2488,76,75,18,18,15,6786.0,6460.0,326.0
1480,2488,76,75,18,18,26,17764.2,6460.0,11304.2
1481,2488,81,80,15,15,13,5683.95,6885.0,-1201.0500000000002
1482,2488,78,77,16,16,23,13352.175000000001,6630.0,6722.175000000001
1483,2488,82,81,14,14,12,5483.25,6970.0,-1486.75
1484,2488,75,74,17,16,19,8549.1,6375.0,2174.1000000000004
1485,2488,81,80,15,15,10,3599.1,6885.0,-3285.9
1486,2488,72,71,17,17,13,6481.8,6120.0,361.8000000000002
1487,2488,71,70,21,21,20,7845.356250000001,6035.0,1810.3562500000007
1488,2488,76,75,17,17,23,12772.181250000001,6460.0,6312.1812500000015
1489,2488,74,73,19,19,20,8670.6,6290.0,2380.6000000000004
1490,2488,81,80,21,21,13,4667.4,6885.0,-2217.6000000000004
1491,2488,76,75,16,16,9,2799.9,6460.0,-3660.1
1492,2488,83,82,16,16,14,6974.1,7055.0,-80.89999999999964
1493,2488,77,76,18,18,18,9927.0,6545.0,3382.0
1494,2488,72,71,22,22,22,11739.6,6120.0,5619.6
1495,2488,75,74,20,20,17,8778.6,6375.0,2403.6000000000004
1496,2488,80,79,25,25,20,8619.75,6800.0,1819.75
1497,2488,74,73,18,18,30,17577.95625,6290.0,11287.95625
1498,2488,73,72,21,20,25,13418.1,6205.0,7213.1
1499,2488,71,70,17,17,23,13466.7,6035.0,7431.700000000001
1500,2488,74,73,20,20,15,5908.95,6290.0,-381.0500000000002
1501,2488,75,74,15,15,24,12640.3875,6375.0,6265.387500000001
1502,2488,83,82,14,14,12,3345.3,7055.0,-3709.7
1503,2488,78,77,18,18,16,8269.2,6630.0,1639.2000000000007
1504,2488,69,68,17,17,15,9414.9,5865.0,3549.8999999999996
1505,2488,74,73,17,17,28,16759.6875,6290.0,10469.6875
1506,2488,78,77,19,19,37,22429.70859375,6630.0,15799.708593750001
1507,2488,77,76,15,15,16,7551.45,6545.0,1006.4499999999998
1508,2488,62,61,19,19,19,8826.75,5270.0,3556.75
1509,2488,79,78,17,17,18,11406.6,6715.0,4691.6
1510,2488,82,81,16,16,19,9511.875,6970.0,2541.875
1511,2488,79,78,19,19,18,9676.35,6715.0,2961.3500000000004
1512,2488,80,79,17,17,14,7456.725,6800.0,656.7250000000004
1513,2488,66,65,15,15,23,12564.9,5610.0,6954.9
1514,2488,80,79,24,24,25,11267.55,6800.0,4467.549999999999
1515,2488,80,79,23,23,20,8312.4,6800.0,1512.3999999999996
1516,2488,87,86,17,17,22,11053.574999999999,7395.0,3658.574999999999
1517,2488,80,79,12,12,12,5529.0375,6800.0,-1270.9624999999996
1518,2488,76,75,13,13,15,9831.15,6460.0,3371.1499999999996
1519,2488,81,80,13,13,26,15794.1,6885.0,8909.1
1520,2488,69,68,17,16,16,7483.275,5865.0,1618.2749999999996
1521,2488,74,73,19,19,21,12724.2,6290.0,6434.200000000001
1522,2488,69,68,29,28,34,19862.1,5865.0,13997.099999999999
1523,2488,79,78,18,18,24,16918.70625,6715.0,10203.70625
1524,2488,76,75,19,19,26,14476.275,6460.0,8016.275
1525,2488,75,74,20,20,24,11110.725,6375.0,4735.725
1526,2488,84,83,17,17,22,11617.650000000001,7140.0,4477.6500000000015
1527,2488,81,80,16,15,17,7825.5,6885.0,940.5
1528,2488,72,71,20,20,23,11432.812500000002,6120.0,5312.812500000002
1529,2488,84,83,15,15,16,8261.1,7140.0,1121.1000000000004
1530,2488,71,70,20,20,17,7384.5,6035.0,1349.5
1531,2488,81,80,17,17,21,9310.275000000001,6885.0,2425.2750000000015
1532,2488,77,76,15,15,11,4180.5,6545.0,-2364.5
1533,2488,76,75,21,20,23,11270.25,6460.0,4810.25
1534,2488,68,67,15,15,22,13029.525,5780.0,7249.525
1535,2488,77,76,25,24,20,7846.650000000001,6545.0,1301.6500000000005
1536,2488,74,73,17,17,17,8818.14375,6290.0,2528.1437499999993
1537,2488,79,78,18,18,35,22578.4265625,6715.0,15863.4265625
1538,2488,74,73,19,19,28,14024.475,6290.0,7734.475
1539,2488,85,84,17,17,12,5527.35,7225.0,-1697.6499999999996
1540,2488,77,76,16,16,19,8880.075,6545.0,2335.0750000000007
1541,2488,64,63,15,15,36,25845.95170898438,5440.0,20405.95170898438
1542,2488,73,72,25,25,24,12742.9875,6205.0,6537.987499999999
1543,2488,73,72,20,19,16,7128.9,6205.0,923.8999999999996
1544,2488,78,77,13,13,20,12370.275000000001,6630.0,5740.2750000000015
1545,2488,79,78,22,22,24,11566.0546875,6715.0,4851.0546875
1546,2488,82,81,15,15,17,7145.775000000001,6970.0,175.77500000000055
1547,2488,80,79,10,10,10,4545.0,6800.0,-2255.0
1548,2488,74,73,15,15,15,7597.8,6290.0,1307.8000000000002
1549,2488,82,81,16,16,28,16033.359375,6970.0,9063.359375
1550,2488,83,82,15,15,11,5073.975,7055.0,-1981.0249999999996
1551,2488,75,74,12,12,23,15923.225390625,6375.0,9548.225390625
1552,2488,75,74,22,22,21,8141.4,6375.0,1766.3999999999996
1553,2488,87,86,16,16,11,5431.5,7395.0,-1963.5
1554,2488,76,75,17,17,25,12392.325,6460.0,5932.325000000001
1555,2488,76,75,19,19,20,12075.975,6460.0,5615.975
1556,2488,76,75,19,19,23,11351.7,6460.0,4891.700000000001
1557,2488,74,73,15,14,21,13164.525,6290.0,6874.525
1558,2488,78,77,15,14,23,13399.2,6630.0,6769.200000000001
1559,2488,81,80,11,10,12,8173.8,6885.0,1288.8000000000002
1560,2488,68,67,16,16,25,13380.75,5780.0,7600.75
1561,2488,81,80,24,24,18,7987.950000000001,6885.0,1102.9500000000007
1562,2488,76,75,15,15,20,9590.175,6460.0,3130.1749999999993
1563,2488,84,83,13,12,8,2110.5,7140.0,-5029.5
1564,2488,83,82,18,18,12,5725.125,7055.0,-1329.875
1565,2488,69,68,20,19,19,7852.5,5865.0,1987.5
1566,2488,83,82,13,13,13,6578.1,7055.0,-476.89999999999964
1567,2488,75,74,17,17,30,15699.037499999999,6375.0,9324.037499999999
1568,2488,74,73,17,17,15,6885.9,6290.0,595.8999999999996
1569,2488,69,68,21,21,28,16777.026562500003,5865.0,10912.026562500003
1570,2488,72,71,19,19,28,13645.9828125,6120.0,7525.9828125
1571,2488,77,76,15,15,16,8069.737499999999,6545.0,1524.7374999999993
1572,2488,83,82,21,21,16,6631.2,7055.0,-423.8000000000002
1573,2488,73,72,19,19,19,7109.1,6205.0,904.1000000000004
1574,2488,83,82,26,25,27,10824.300000000001,7055.0,3769.300000000001
1575,2488,75,74,20,19,12,4353.525,6375.0,-2021.4750000000004
1576,2488,79,78,13,13,13,6217.2,6715.0,-497.8000000000002
1577,2488,68,67,21,20,17,7431.299999999999,5780.0,1651.2999999999993
1578,2488,73,72,22,22,25,14789.3625,6205.0,8584.3625
1579,2488,74,73,22,21,22,11853.0,6290.0,5563.0
1580,2488,74,73,24,24,35,21811.5,6290.0,15521.5
1581,2488,80,79,14,14,14,7231.950000000001,6800.0,431.9500000000007
1582,2488,71,70,15,15,21,13573.2375,6035.0,7538.237499999999
1583,2488,72,71,18,18,21,12275.1,6120.0,6155.1
1584,2488,74,73,17,16,19,9832.95,6290.0,3542.9500000000007
1585,2488,73,72,22,22,15,5830.65,6205.0,-374.35000000000036
1586,2488,77,76,19,18,19,10389.6,6545.0,3844.6000000000004
1587,2488,87,86,16,16,8,2779.65,7395.0,-4615.35
1588,2488,76,75,16,16,15,6830.1,6460.0,370.10000000000036
1589,2488,72,71,16,15,14,8899.2,6120.0,2779.2000000000007
1590,2488,75,74,15,15,21,10485.0,6375.0,4110.0
1591,2488,72,71,21,21,17,9288.45,6120.0,3168.4500000000007
1592,2488,79,78,18,18,16,6998.400000000001,6715.0,283.40000000000055
1593,2488,71,70,20,20,20,8842.5,6035.0,2807.5
1594,2488,78,77,16,16,8,2630.25,6630.0,-3999.75
1595,2488,85,84,12,12,10,3588.3,7225.0,-3636.7
1596,2488,80,79,14,14,15,5948.1,6800.0,-851.8999999999996
1597,2488,77,76,18,18,13,5597.1,6545.0,-947.8999999999996
1598,2488,67,66,17,17,14,7086.6,5695.0,1391.6000000000004
1599,2488,71,70,18,18,19,10252.575,6035.0,4217.575000000001
1600,2488,81,80,24,24,27,13376.64375,6885.0,6491.643749999999
1601,2488,84,83,18,18,21,9585.0,7140.0,2445.0
1602,2488,76,75,15,15,19,11464.425,6460.0,5004.424999999999
1603,2488,78,77,18,18,24,13218.525000000001,6630.0,6588.5250000000015
1604,2488,81,80,13,13,21,11600.6625,6885.0,4715.6625
1605,2488,68,67,19,19,14,7933.5,5780.0,2153.5
1606,2488,74,73,22,22,32,16902.1125,6290.0,10612.1125
1607,2488,78,77,18,18,17,8280.0,6630.0,1650.0
1608,2488,77,76,17,17,25,14401.575,6545.0,7856.575000000001
1609,2488,88,87,16,16,12,4074.3,7480.0,-3405.7
1610,2488,85,84,15,15,21,11907.0,7225.0,4682.0
1611,2488,70,69,18,18,29,14442.046875,5950.0,8492.046875
1612,2488,84,83,19,19,26,14610.76875,7140.0,7470.768749999999
1613,2488,79,78,16,15,18,7766.775,6715.0,1051.7749999999996
1614,2488,68,67,16,16,20,10573.875,5780.0,4793.875
1615,2488,65,64,24,24,20,9272.7,5525.0,3747.7000000000007
1616,2488,84,83,12,12,16,8066.1375,7140.0,926.1374999999998
1617,2488,83,82,16,15,30,19100.025,7055.0,12045.025000000001
1618,2488,75,74,16,16,15,7245.5625,6375.0,870.5625
1619,2488,70,69,15,15,22,11149.9875,5950.0,5199.987499999999
1620,2488,71,70,17,17,27,15912.028125,6035.0,9877.028125
1621,2488,92,91,16,15,17,9227.475,7820.0,1407.4750000000004
1622,2488,77,76,14,14,20,13154.4,6545.0,6609.4
1623,2488,72,71,17,17,21,14375.7,6120.0,8255.7
1624,2488,68,67,19,19,22,9352.35,5780.0,3572.3500000000004
1625,2488,83,82,22,22,21,9737.775,7055.0,2682.7749999999996
1626,2488,75,74,22,22,18,8288.55,6375.0,1913.5499999999993
1627,2488,77,76,18,17,27,16615.940625000003,6545.0,10070.940625000003
1628,2488,80,79,22,21,30,16970.175000000003,6800.0,10170.175000000003
1629,2488,72,71,21,20,20,8531.1,6120.0,2411.1000000000004
1630,2488,71,70,24,24,24,13032.0,6035.0,6997.0
1631,2488,80,79,20,20,24,14881.5,6800.0,8081.5
1632,2488,73,72,19,18,17,8313.75,6205.0,2108.75
1633,2488,75,74,21,21,22,11540.474999999999,6375.0,5165.4749999999985
1634,2488,75,74,16,16,23,13698.0,6375.0,7323.0
1635,2488,84,83,12,12,8,2997.9,7140.0,-4142.1
1636,2488,81,80,20,20,27,13024.251562500001,6885.0,6139.2515625000015
1637,2488,78,77,19,19,22,11723.4,6630.0,5093.4
1638,2488,76,75,13,13,13,7319.924999999999,6460.0,859.9249999999993
1639,2488,80,79,22,22,19,10039.05,6800.0,3239.0499999999993
1640,2488,77,76,17,17,19,8293.05,6545.0,1748.0499999999993
1641,2488,86,85,12,12,15,8121.6,7310.0,811.6000000000004
1642,2488,82,81,14,14,9,3530.7,6970.0,-3439.3
1643,2488,74,73,21,21,14,3882.6000000000004,6290.0,-2407.3999999999996
1644,2488,69,68,19,19,32,19545.553125,5865.0,13680.553124999999
1645,2488,77,76,18,18,15,5706.0,6545.0,-839.0
1646,2488,73,72,18,18,31,20149.65,6205.0,13944.650000000001
1647,2488,73,72,18,18,14,6987.6,6205.0,782.6000000000004
1648,2488,79,78,16,16,16,9490.1625,6715.0,2775.1625000000004
1649,2488,79,78,17,17,16,6716.7,6715.0,1.699999999999818
1650,2488,75,74,16,16,11,4994.1,6375.0,-1380.8999999999996
1651,2488,72,71,21,21,20,12414.2625,6120.0,6294.262500000001
1652,2488,83,82,14,14,16,7110.0,7055.0,55.0
1653,2488,77,76,13,13,16,9036.112500000001,6545.0,2491.112500000001
1654,2488,80,79,16,16,18,10849.95,6800.0,4049.9500000000007
1655,2488,81,80,11,11,14,8481.6,6885.0,1596.6000000000004
1656,2488,88,87,13,13,31,20481.525,7480.0,13001.525000000001
1657,2488,80,79,16,16,15,7698.6,6800.0,898.6000000000004
1658,2488,84,83,12,12,7,2364.3,7140.0,-4775.7
1659,2488,77,76,16,15,8,1719.9,6545.0,-4825.1
1660,2488,72,71,18,18,17,8501.85,6120.0,2381.8500000000004
1661,2488,75,74,17,17,6,2313.9,6375.0,-4061.1
1662,2488,75,74,21,21,25,12882.375,6375.0,6507.375
1663,2488,83,82,17,17,14,7296.3,7055.0,241.30000000000018
1664,2488,81,80,14,13,10,3519.0,6885.0,-3366.0
1665,2488,81,80,19,18,14,4556.7,6885.0,-2328.3
1666,2488,79,78,19,19,18,8874.9,6715.0,2159.8999999999996
1667,2488,77,76,23,23,24,11482.2,6545.0,4937.200000000001
1668,2488,79,78,13,13,35,21838.9236328125,6715.0,15123.9236328125
1669,2488,77,76,16,16,15,6725.7,6545.0,180.69999999999982
1670,2488,78,77,22,21,22,10086.525000000001,6630.0,3456.5250000000015
1671,2488,74,73,16,16,15,5825.700000000001,6290.0,-464.2999999999993
1672,2488,69,68,20,20,23,12479.400000000001,5865.0,6614.4000000000015
1673,2488,78,77,15,15,13,5421.6,6630.0,-1208.3999999999996
1674,2488,68,67,22,22,22,9815.4,5780.0,4035.3999999999996
1675,2488,86,85,16,16,14,5567.4,7310.0,-1742.6000000000004
1676,2488,72,71,21,21,25,14712.075,6120.0,8592.075
1677,2488,81,80,17,17,13,6548.85,6885.0,-336.14999999999964
1678,2488,82,81,11,11,20,11414.7,6970.0,4444.700000000001
1679,2488,79,78,17,17,14,4747.5,6715.0,-1967.5
1680,2488,66,65,19,19,24,12546.0,5610.0,6936.0
1681,2488,80,79,13,13,12,5869.35,6800.0,-930.6499999999996
1682,2488,94,93,16,16,12,5687.1,7990.0,-2302.8999999999996
1683,2488,79,78,14,14,13,4332.6,6715.0,-2382.3999999999996
1684,2488,77,76,13,13,11,4437.0,6545.0,-2108.0
1685,2488,72,71,19,19,17,7612.425,6120.0,1492.4250000000002
1686,2488,76,75,16,16,19,7306.875,6460.0,846.875
1687,2488,69,68,22,22,20,9813.6,5865.0,3948.6000000000004
1688,2488,74,73,19,19,22,12888.675000000001,6290.0,6598.675000000001
1689,2488,67,66,19,19,24,13386.31875,5695.0,7691.31875
1690,2488,70,69,14,13,15,9000.9,5950.0,3050.8999999999996
1691,2488,81,80,18,18,21,9332.1,6885.0,2447.1000000000004
1692,2488,89,88,15,15,12,5925.15,7565.0,-1639.8500000000004
1693,2488,81,80,17,17,15,8692.875,6885.0,1807.875
1694,2488,70,69,15,15,17,8300.25,5950.0,2350.25
1695,2488,83,82,13,13,15,6101.549999999999,7055.0,-953.4500000000007
1696,2488,80,79,23,23,34,19422.449999999997,6800.0,12622.449999999997
1697,2488,79,78,17,17,11,3080.25,6715.0,-3634.75
1698,2488,76,75,22,22,17,9578.25,6460.0,3118.25
1699,2488,81,80,19,19,18,7889.4,6885.0,1004.3999999999996
1700,2488,77,76,18,17,23,10690.2,6545.0,4145.200000000001
1701,2488,84,83,18,18,12,3814.2,7140.0,-3325.8
1702,2488,75,74,19,19,17,9915.3,6375.0,3540.2999999999993
1703,2488,69,68,15,14,19,6730.2,5865.0,865.1999999999998
1704,2488,85,84,16,15,17,6641.1,7225.0,-583.8999999999996
1705,2488,80,79,19,19,13,4226.85,6800.0,-2573.1499999999996
1706,2488,73,72,19,19,26,15397.2,6205.0,9192.2
1707,2488,75,74,16,16,23,11199.234375,6375.0,4824.234375
1708,2488,76,75,17,17,20,12268.18125,6460.0,5808.18125
1709,2488,75,74,15,15,17,8533.125,6375.0,2158.125
1710,2488,66,65,19,19,20,8188.650000000001,5610.0,2578.6500000000005
1711,2488,78,77,21,21,26,12386.475,6630.0,5756.475
1712,2488,84,83,19,19,16,6945.75,7140.0,-194.25
1713,2488,68,67,16,16,24,14569.875,5780.0,8789.875
1714,2488,73,72,13,13,13,7524.703125000001,6205.0,1319.703125000001
1715,2488,72,71,24,24,24,11917.35,6120.0,5797.35
1716,2488,80,79,18,18,16,8236.8,6800.0,1436.7999999999993
1717,2488,82,81,21,21,19,6125.850000000001,6970.0,-844.1499999999987
1718,2488,88,87,22,22,18,7601.4,7480.0,121.39999999999964
1719,2488,68,67,19,19,11,3658.5,5780.0,-2121.5
1720,2488,72,71,20,19,38,22657.5,6120.0,16537.5
1721,2488,74,73,17,17,21,10826.55,6290.0,4536.549999999999
1722,2488,75,74,22,22,33,17303.4703125,6375.0,10928.470312500001
1723,2488,81,80,23,23,17,7663.5,6885.0,778.5
1724,2488,79,78,24,24,24,13447.575,6715.0,6732.575000000001
1725,2488,85,84,20,20,22,11054.7,7225.0,3829.7000000000007
1726,2488,76,75,17,17,23,14660.8875,6460.0,8200.8875
1727,2488,90,89,13,13,17,7825.95,7650.0,175.94999999999982
1728,2488,71,70,19,19,20,11064.206250000001,6035.0,5029.206250000001
1729,2488,69,68,21,21,21,8710.650000000001,5865.0,2845.6500000000015
1730,2488,83,82,12,12,13,4529.025,7055.0,-2525.9750000000004
1731,2488,69,68,22,22,18,8441.55,5865.0,2576.5499999999993
1732,2488,75,74,13,13,13,4975.65,6375.0,-1399.3500000000004
1733,2488,80,79,18,17,16,7587.45,6800.0,787.4499999999998
1734,2488,78,77,19,19,23,9993.9375,6630.0,3363.9375
1735,2488,86,85,15,15,19,11495.08125,7310.0,4185.081249999999
1736,2488,70,69,29,29,25,10014.75,5950.0,4064.75
1737,2488,68,67,22,22,18,9112.95,5780.0,3332.9500000000007
1738,2488,63,62,15,14,27,17637.54609375,5355.0,12282.54609375
1739,2488,70,69,17,17,16,9277.2,5950.0,3327.2000000000007
1740,2488,74,73,21,21,26,13216.05,6290.0,6926.049999999999
1741,2488,80,79,12,12,10,4765.05,6800.0,-2034.9499999999998
1742,2488,81,80,20,20,16,8895.43125,6885.0,2010.4312499999996
1743,2488,71,70,14,14,20,10243.125,6035.0,4208.125
1744,2488,83,82,22,22,23,11148.525,7055.0,4093.5249999999996
1745,2488,77,76,18,18,27,19103.35078125,6545.0,12558.35078125
1746,2488,82,81,16,16,9,2565.0,6970.0,-4405.0
1747,2488,77,76,19,19,13,5763.6,6545.0,-781.3999999999996
1748,2488,83,82,16,16,20,8981.2125,7055.0,1926.2124999999996
1749,2488,84,83,18,17,15,4280.85,7140.0,-2859.1499999999996
1750,2488,70,69,18,18,24,12632.68125,5950.0,6682.68125
1751,2488,86,85,17,17,20,9827.1,7310.0,2517.1000000000004
1752,2488,70,69,26,26,20,6745.5,5950.0,795.5
1753,2488,82,81,20,20,22,10996.875,6970.0,4026.875
1754,2488,85,84,19,19,15,6236.1,7225.0,-988.8999999999996
1755,2488,74,73,18,18,17,12085.2,6290.0,5795.200000000001
1756,2488,73,72,14,13,11,4612.05,6205.0,-1592.9499999999998
1757,2488,68,67,18,18,20,11093.062500000002,5780.0,5313.062500000002
1758,2488,75,74,23,23,20,11276.2125,6375.0,4901.2125
1759,2488,76,75,18,18,23,13877.55,6460.0,7417.549999999999
1760,2488,77,76,18,18,24,11236.5,6545.0,4691.5
1761,2488,81,80,16,16,22,11007.703125,6885.0,4122.703125
1762,2488,77,76,19,19,28,16563.65625,6545.0,10018.65625
1763,2488,83,82,23,23,30,19003.078125,7055.0,11948.078125
1764,2488,77,76,19,19,15,6393.6,6545.0,-151.39999999999964
1765,2488,73,72,21,21,18,7761.6,6205.0,1556.6000000000004
1766,2488,71,70,19,19,32,17833.092187500002,6035.0,11798.092187500002
1767,2488,85,84,13,13,16,7272.0,7225.0,47.0
1768,2488,69,68,18,18,29,15417.900000000001,5865.0,9552.900000000001
1769,2488,71,70,10,9,10,3407.4,6035.0,-2627.6
1770,2488,71,70,12,12,23,14521.415625000001,6035.0,8486.415625000001
1771,2488,76,75,12,12,19,11912.231249999999,6460.0,5452.231249999999
1772,2488,77,76,20,19,13,7220.7,6545.0,675.6999999999998
1773,2488,79,78,18,18,27,13085.4375,6715.0,6370.4375
1774,2488,83,82,15,14,11,4338.9,7055.0,-2716.1000000000004
1775,2488,74,73,20,19,32,17786.98125,6290.0,11496.98125
1776,2488,74,73,19,19,17,7098.75,6290.0,808.75
1777,2488,86,85,16,15,17,10584.7875,7310.0,3274.7875000000004
1778,2488,80,79,19,19,13,4327.2,6800.0,-2472.8
1779,2488,81,80,12,12,13,6255.9,6885.0,-629.1000000000004
1780,2488,84,83,16,16,19,11873.053125,7140.0,4733.053125
1781,2488,82,81,11,11,16,10647.0,6970.0,3677.0
1782,2488,85,84,13,13,10,6816.15,7225.0,-408.85000000000036
1783,2488,87,86,12,12,13,5089.725,7395.0,-2305.2749999999996
1784,2488,71,70,19,18,31,19203.4388671875,6035.0,13168.438867187499
1785,2488,80,79,14,14,16,7918.875,6800.0,1118.875
1786,2488,72,71,17,17,30,20792.08125,6120.0,14672.08125
1787,2488,83,82,20,20,18,9355.725,7055.0,2300.7250000000004
1788,2488,73,72,15,15,19,10586.7,6205.0,4381.700000000001
1789,2488,68,67,25,24,25,12642.8625,5780.0,6862.862499999999
1790,2488,85,84,17,17,22,12831.3,7225.0,5606.299999999999
1791,2488,78,77,19,19,16,6500.025,6630.0,-129.97500000000036
1792,2488,66,65,19,19,23,11512.575,5610.0,5902.575000000001
1793,2488,68,67,13,13,22,10406.8125,5780.0,4626.8125
1794,2488,73,72,22,22,29,15390.8296875,6205.0,9185.8296875
1795,2488,77,76,16,16,23,12942.50625,6545.0,6397.50625
1796,2488,82,81,18,18,22,10885.837500000001,6970.0,3915.8375000000015
1797,2488,72,71,23,23,23,11891.08125,6120.0,5771.081249999999
1798,2488,84,83,24,23,25,11691.45,7140.0,4551.450000000001
1799,2488,72,71,16,16,11,4597.2,6120.0,-1522.8000000000002
1800,2488,78,77,15,15,18,9207.45,6630.0,2577.4500000000007
1801,2488,77,76,17,17,29,19257.075,6545.0,12712.075
1802,2488,78,77,14,14,19,10173.15,6630.0,3543.1499999999996
1803,2488,73,72,17,17,39,30359.612109374997,6205.0,24154.612109374997
1804,2488,76,75,18,18,25,15606.112500000001,6460.0,9146.112500000001
1805,2488,72,71,21,21,24,13502.5875,6120.0,7382.5875
1806,2488,82,81,15,15,18,9205.2,6970.0,2235.2000000000007
1807,2488,81,80,14,14,11,4882.5,6885.0,-2002.5
1808,2488,74,73,23,23,20,7909.2,6290.0,1619.1999999999998
1809,2488,79,78,17,16,23,14122.096875,6715.0,7407.096874999999
1810,2488,72,71,16,16,19,9416.25,6120.0,3296.25
1811,2488,79,78,13,12,7,2927.25,6715.0,-3787.75
1812,2488,77,76,22,22,33,17391.375,6545.0,10846.375
1813,2488,77,76,27,27,26,13877.1,6545.0,7332.1
1814,2488,88,87,16,16,11,3971.7,7480.0,-3508.3
1815,2488,74,73,17,17,19,11807.1,6290.0,5517.1
1816,2488,72,71,17,17,16,7553.7,6120.0,1433.6999999999998
1817,2488,71,70,18,18,12,5501.25,6035.0,-533.75
1818,2488,73,72,15,15,24,13727.7,6205.0,7522.700000000001
1819,2488,75,74,17,17,16,9611.55,6375.0,3236.5499999999993
1820,2488,79,78,17,17,15,7875.0,6715.0,1160.0
1821,2488,70,69,17,17,29,18728.550000000003,5950.0,12778.550000000003
1822,2488,76,75,15,14,15,8948.25,6460.0,2488.25
1823,2488,73,72,18,18,26,14516.1,6205.0,8311.1
1824,2488,72,71,16,16,21,11458.35,6120.0,5338.35
1825,2488,63,62,20,20,36,23153.484375,5355.0,17798.484375
1826,2488,73,72,18,18,21,10827.45,6205.0,4622.450000000001
1827,2488,69,68,20,19,24,14627.925000000001,5865.0,8762.925000000001
1828,2488,67,66,19,19,20,10600.5375,5695.0,4905.5375
1829,2488,84,83,16,16,13,5671.8,7140.0,-1468.1999999999998
1830,2488,79,78,21,21,17,8316.0,6715.0,1601.0
1831,2488,76,75,14,14,18,10451.925,6460.0,3991.9249999999993
1832,2488,74,73,16,16,23,14446.6875,6290.0,8156.6875
1833,2488,81,80,20,20,21,10698.75,6885.0,3813.75
1834,2488,75,74,20,20,29,15576.01875,6375.0,9201.01875
1835,2488,76,75,22,22,20,7981.425,6460.0,1521.4250000000002
1836,2488,77,76,13,13,12,5313.6,6545.0,-1231.3999999999996
1837,2488,75,74,21,21,22,9075.15,6375.0,2700.1499999999996
1838,2488,79,78,19,18,18,7572.6,6715.0,857.6000000000004
1839,2488,74,73,17,17,16,10806.075,6290.0,4516.075000000001
1840,2488,80,79,14,14,12,4973.85,6800.0,-1826.1499999999996
1841,2488,72,71,21,21,21,11632.95,6120.0,5512.950000000001
1842,2488,81,80,13,13,13,6686.1,6885.0,-198.89999999999964
1843,2488,76,75,22,22,23,11379.09375,6460.0,4919.09375
1844,2488,81,80,14,14,20,9539.212500000001,6885.0,2654.2125000000015
1845,2488,79,78,17,17,20,9259.2,6715.0,2544.2000000000007
1846,2488,75,74,18,18,29,14550.4125,6375.0,8175.4125
1847,2488,77,76,16,15,22,12970.575,6545.0,6425.575000000001
1848,2488,72,71,25,25,35,20852.8875,6120.0,14732.8875
1849,2488,75,74,18,17,17,7452.9,6375.0,1077.8999999999996
1850,2488,84,83,17,17,23,14827.921875,7140.0,7687.921875
1851,2488,84,83,17,17,10,3942.0,7140.0,-3198.0
1852,2488,73,72,16,15,16,8463.150000000001,6205.0,2258.1500000000015
1853,2488,73,72,18,18,20,11512.0125,6205.0,5307.012500000001
1854,2488,75,74,17,17,9,4670.1,6375.0,-1704.8999999999996
1855,2488,84,83,21,21,18,10155.15,7140.0,3015.1499999999996
1856,2488,70,69,17,17,22,11106.0,5950.0,5156.0
1857,2488,65,64,21,21,24,15638.656640625002,5525.0,10113.656640625002
1858,2488,78,77,17,17,21,11477.3625,6630.0,4847.362499999999
1859,2488,65,64,18,17,36,23554.040624999998,5525.0,18029.040624999998
1860,2488,77,76,13,13,10,5139.45,6545.0,-1405.5500000000002
1861,2488,76,75,20,20,28,18607.67578125,6460.0,12147.67578125
1862,2488,78,77,20,20,18,7640.775000000001,6630.0,1010.7750000000005
1863,2488,73,72,14,14,12,6253.2,6205.0,48.19999999999982
1864,2488,77,76,19,19,20,9446.3015625,6545.0,2901.3015625000007
1865,2488,69,68,15,15,26,13793.512499999999,5865.0,7928.512499999999
1866,2488,78,77,17,17,19,10243.0125,6630.0,3613.0125000000007
1867,2488,75,74,15,15,26,14716.125,6375.0,8341.125
1868,2488,85,84,22,22,19,8182.2375,7225.0,957.2375000000002
1869,2488,81,80,13,13,16,7278.525000000001,6885.0,393.52500000000055
1870,2488,82,81,19,19,16,8379.0,6970.0,1409.0
1871,2488,72,71,12,12,15,6815.25,6120.0,695.25
1872,2488,71,70,18,17,27,16957.8,6035.0,10922.8
1873,2488,64,63,19,19,15,6897.15,5440.0,1457.1499999999996
1874,2488,80,79,22,22,24,11466.225,6800.0,4666.225
1875,2488,77,76,21,21,28,16781.4140625,6545.0,10236.4140625
1876,2488,80,79,19,19,17,8145.0,6800.0,1345.0
1877,2488,78,77,14,14,13,5569.425,6630.0,-1060.5749999999998
1878,2488,94,93,17,17,15,6052.5,7990.0,-1937.5
1879,2488,85,84,17,17,9,4606.65,7225.0,-2618.3500000000004
1880,2488,72,71,23,23,27,13953.825000000003,6120.0,7833.825000000003
1881,2488,72,71,22,21,25,13454.8734375,6120.0,7334.8734375
1882,2488,72,71,18,17,17,6555.6,6120.0,435.60000000000036
1883,2488,72,71,22,22,21,11466.9,6120.0,5346.9
1884,2488,82,81,18,18,11,3712.5,6970.0,-3257.5
1885,2488,73,72,16,16,20,11041.0875,6205.0,4836.0875
1886,2488,75,74,16,16,17,6626.700000000001,6375.0,251.70000000000073
1887,2488,70,69,12,12,10,3912.75,5950.0,-2037.25
1888,2488,76,75,19,19,23,12522.6,6460.0,6062.6
1889,2488,75,74,18,18,19,9747.675,6375.0,3372.6749999999993
1890,2488,75,74,19,19,28,21869.409375,6375.0,15494.409375
1891,2488,74,73,12,12,16,8295.75,6290.0,2005.75
1892,2488,87,86,16,16,12,4044.6,7395.0,-3350.4
1893,2488,75,74,24,24,25,11826.45,6375.0,5451.450000000001
1894,2488,68,67,18,18,20,10981.575,5780.0,5201.575000000001
1895,2488,80,79,17,17,19,9289.575,6800.0,2489.5750000000007
1896,2488,73,72,21,21,25,12118.05,6205.0,5913.049999999999
1897,2488,85,84,25,24,27,13817.699999999999,7225.0,6592.699999999999
1898,2488,87,86,18,18,20,8991.9,7395.0,1596.8999999999996
1899,2488,72,71,15,15,19,9441.675,6120.0,3321.6749999999993
1900,2488,81,80,14,14,18,9333.39375,6885.0,2448.3937499999993
1901,2488,85,84,20,19,22,12579.975,7225.0,5354.975
1902,2488,81,80,20,20,11,5599.799999999999,6885.0,-1285.2000000000007
1903,2488,86,85,14,14,22,11329.7625,7310.0,4019.7625000000007
1904,2488,78,77,22,22,18,9264.15,6630.0,2634.1499999999996
1905,2488,76,75,19,19,23,9549.1125,6460.0,3089.1124999999993
1906,2488,73,72,22,21,37,24217.115625,6205.0,18012.115625
1907,2488,82,81,17,17,19,9818.1,6970.0,2848.1000000000004
1908,2488,80,79,21,21,26,15458.550292968752,6800.0,8658.550292968752
1909,2488,73,72,18,18,28,16292.840624999999,6205.0,10087.840624999999
1910,2488,79,78,18,18,27,16745.79375,6715.0,10030.79375
1911,2488,76,75,19,19,21,9175.95,6460.0,2715.9500000000007
1912,2488,82,81,16,15,9,3066.3,6970.0,-3903.7
1913,2488,82,81,15,15,18,8271.45,6970.0,1301.4500000000007
1914,2488,70,69,18,18,24,14242.05,5950.0,8292.05
1915,2488,83,82,12,12,8,5652.9,7055.0,-1402.1000000000004
1916,2488,70,69,20,20,19,10259.1,5950.0,4309.1
1917,2488,68,67,15,15,24,15680.896874999999,5780.0,9900.896874999999
1918,2488,82,81,18,17,16,7256.25,6970.0,286.25
1919,2488,76,75,17,17,20,9117.9,6460.0,2657.8999999999996
1920,2488,68,67,16,16,19,12154.05,5780.0,6374.049999999999
1921,2488,73,72,21,21,21,9742.05,6205.0,3537.0499999999993
1922,2488,69,68,20,20,17,7323.75,5865.0,1458.75
1923,2488,80,79,18,18,21,11220.3,6800.0,4420.299999999999
1924,2488,85,84,18,18,15,7485.3,7225.0,260.3000000000002
1925,2488,67,66,19,19,32,18998.34609375,5695.0,13303.346093749999
1926,2488,73,72,18,18,28,16233.35625,6205.0,10028.35625
1927,2488,80,79,21,21,15,4784.400000000001,6800.0,-2015.5999999999995
1928,2488,72,71,18,18,15,6245.099999999999,6120.0,125.09999999999945
1929,2488,78,77,21,21,18,7179.3,6630.0,549.3000000000002
1930,2488,75,74,19,19,12,3834.0,6375.0,-2541.0
1931,2488,82,81,17,17,25,16442.325,6970.0,9472.325
1932,2488,80,79,19,19,22,9832.837500000001,6800.0,3032.8375000000015
1933,2488,78,77,15,15,16,7217.55,6630.0,587.5500000000002
1934,2488,86,85,15,15,10,5309.1,7310.0,-2000.8999999999996
1935,2488,72,71,19,19,14,7686.9,6120.0,1566.8999999999996
1936,2488,70,69,21,21,28,11408.625,5950.0,5458.625
1937,2488,81,80,19,19,14,6751.35,6885.0,-133.64999999999964
1938,2488,65,64,21,20,20,11348.775,5525.0,5823.775
1939,2488,78,77,19,19,15,6055.65,6630.0,-574.3500000000004
1940,2488,74,73,13,13,11,3958.9874999999997,6290.0,-2331.0125000000003
1941,2488,85,84,17,17,18,9424.35,7225.0,2199.3500000000004
1942,2488,75,74,13,12,16,8084.7,6375.0,1709.6999999999998
1943,2488,73,72,19,19,28,17925.1875,6205.0,11720.1875
1944,2488,85,84,18,18,22,9345.375000000002,7225.0,2120.375000000002
1945,2488,72,71,26,26,27,16621.2,6120.0,10501.2
1946,2488,79,78,21,21,22,8264.25,6715.0,1549.25
1947,2488,81,80,16,16,18,7602.3,6885.0,717.3000000000002
1948,2488,79,78,19,18,14,7999.2,6715.0,1284.1999999999998
1949,2488,65,64,21,20,24,18697.8375,5525.0,13172.837500000001
1950,2488,76,75,18,18,24,11349.28125,6460.0,4889.28125
1951,2488,83,82,13,13,15,6573.6,7055.0,-481.39999999999964
1952,2488,83,82,20,19,11,5055.3,7055.0,-1999.6999999999998
1953,2488,88,87,17,16,10,3919.5,7480.0,-3560.5
1954,2488,71,70,24,24,25,9890.325,6035.0,3855.3250000000007
1955,2488,80,79,13,13,12,7302.825,6800.0,502.8249999999998
1956,2488,81,80,14,14,16,8084.7,6885.0,1199.6999999999998
1957,2488,77,76,13,13,14,6850.8,6545.0,305.8000000000002
1958,2488,82,81,15,15,16,5295.6,6970.0,-1674.3999999999996
1959,2488,72,71,18,18,15,6318.0,6120.0,198.0
1960,2488,77,76,20,19,25,12318.974999999999,6545.0,5773.9749999999985
1961,2488,79,78,14,14,17,8646.3,6715.0,1931.2999999999993
1962,2488,79,78,16,16,14,6097.95,6715.0,-617.0500000000002
1963,2488,83,82,17,17,27,16995.0146484375,7055.0,9940.0146484375
1964,2488,80,79,12,12,12,5867.1,6800.0,-932.8999999999996
1965,2488,75,74,21,21,16,7837.2,6375.0,1462.1999999999998
1966,2488,76,75,17,17,24,12507.3,6460.0,6047.299999999999
1967,2488,79,78,14,14,13,4637.25,6715.0,-2077.75
1968,2488,86,85,18,18,20,12826.8,7310.0,5516.799999999999
1969,2488,86,85,18,18,20,10509.75,7310.0,3199.75
1970,2488,76,75,14,13,17,9594.0,6460.0,3134.0
1971,2488,68,67,18,17,21,10597.05,5780.0,4817.049999999999
1972,2488,84,83,19,19,27,15039.618750000001,7140.0,7899.6187500000015
1973,2488,75,74,25,25,21,9171.0,6375.0,2796.0
1974,2488,84,83,18,18,21,11691.0,7140.0,4551.0
1975,2488,69,68,22,22,13,6705.675,5865.0,840.6750000000002
1976,2488,74,73,17,17,16,4408.2,6290.0,-1881.8000000000002
1977,2488,80,79,18,18,12,5239.8,6800.0,-1560.1999999999998
1978,2488,74,73,18,18,15,7222.6125,6290.0,932.6125000000002
1979,2488,73,72,16,16,15,6207.75,6205.0,2.75
1980,2488,73,72,20,20,20,9270.0,6205.0,3065.0
1981,2488,75,74,21,21,22,14349.6,6375.0,7974.6
1982,2488,74,73,16,16,26,18685.2375,6290.0,12395.2375
1983,2488,81,80,19,18,19,15367.44375,6885.0,8482.44375
1984,2488,75,74,17,17,26,17202.15,6375.0,10827.150000000001
1985,2488,77,76,22,22,19,9110.475,6545.0,2565.4750000000004
1986,2488,83,82,18,18,20,12105.267187500001,7055.0,5050.2671875000015
1987,2488,79,78,12,12,18,10551.969140625,6715.0,3836.9691406250004
1988,2488,75,74,22,22,15,5435.549999999999,6375.0,-939.4500000000007
1989,2488,75,74,20,20,20,8614.8,6375.0,2239.7999999999993
1990,2488,71,70,20,20,20,10520.325,6035.0,4485.325000000001
1991,2488,79,78,15,15,23,13387.5,6715.0,6672.5
1992,2488,80,79,20,20,9,3228.3,6800.0,-3571.7
1993,2488,82,81,14,14,17,7279.2,6970.0,309.1999999999998
1994,2488,85,84,20,20,22,11341.35,7225.0,4116.35
1995,2488,82,81,16,16,21,13251.599999999999,6970.0,6281.5999999999985
1996,2488,82,81,19,19,15,5631.975,6970.0,-1338.0249999999996
1997,2488,69,68,18,18,29,17728.5375,5865.0,11863.537499999999
1998,2488,84,83,15,15,20,11542.05,7140.0,4402.049999999999
1999,2488,82,81,13,13,16,10163.7,6970.0,3193.7000000000007
2000,2488,81,80,16,16,21,11845.575,6885.0,4960.575000000001
2001,2488,79,78,21,21,24,11561.849999999999,6715.0,4846.8499999999985
2002,2488,73,72,23,23,21,10184.4,6205.0,3979.3999999999996
2003,2488,71,70,20,20,21,10669.5,6035.0,4634.5
2004,2488,82,81,17,16,15,8670.037499999999,6970.0,1700.0374999999985
2005,2488,70,69,16,16,20,8831.025,5950.0,2881.0249999999996
2006,2488,78,77,17,17,22,12878.423437500001,6630.0,6248.4234375000015
2007,2488,71,70,16,16,11,3696.3,6035.0,-2338.7
2008,2488,85,84,18,17,22,9528.1875,7225.0,2303.1875
2009,2488,69,68,24,24,37,24179.4,5865.0,18314.4
2010,2488,75,74,23,23,25,14438.7,6375.0,8063.700000000001
2011,2488,75,74,17,17,16,7236.0,6375.0,861.0
2012,2488,76,75,19,19,18,7333.2,6460.0,873.1999999999998
2013,2488,76,75,13,13,13,5103.95625,6460.0,-1356.0437499999998
2014,2488,78,77,14,14,12,6426.450000000001,6630.0,-203.54999999999927
2015,2488,80,79,20,20,24,11720.475,6800.0,4920.475
2016,2488,71,70,14,14,18,8919.0,6035.0,2884.0
2017,2488,70,69,22,21,24,11558.925,5950.0,5608.924999999999
2018,2488,77,76,20,20,22,8075.7,6545.0,1530.6999999999998
2019,2488,70,69,13,13,15,10309.640625,5950.0,4359.640625
2020,2488,72,71,16,16,13,7366.5,6120.0,1246.5
2021,2488,69,68,16,16,10,4029.2999999999997,5865.0,-1835.7000000000003
2022,2488,73,72,20,20,19,9909.45,6205.0,3704.4500000000007
2023,2488,80,79,17,17,23,11723.400000000001,6800.0,4923.4000000000015
2024,2488,78,77,17,17,20,10132.2,6630.0,3502.2000000000007
2025,2488,80,79,18,18,26,16137.28125,6800.0,9337.28125
2026,2488,78,77,18,18,16,7337.25,6630.0,707.25
2027,2488,78,77,14,14,20,13030.2,6630.0,6400.200000000001
2028,2488,63,62,18,18,24,12017.3625,5355.0,6662.362499999999
2029,2488,79,78,16,16,23,15606.45,6715.0,8891.45
2030,2488,79,78,14,13,17,7689.15,6715.0,974.1499999999996
2031,2488,78,77,15,15,20,11875.6125,6630.0,5245.612499999999
2032,2488,70,69,18,18,30,17118.28125,5950.0,11168.28125
2033,2488,72,71,15,15,17,8395.5375,6120.0,2275.5375000000004
2034,2488,76,75,14,14,7,2344.5,6460.0,-4115.5
2035,2488,77,76,15,15,24,12199.14140625,6545.0,5654.141406250001
2036,2488,79,78,15,15,13,5874.3,6715.0,-840.6999999999998
2037,2488,81,80,22,22,17,6133.5,6885.0,-751.5
2038,2488,76,75,16,16,15,8307.9,6460.0,1847.8999999999996
2039,2488,95,94,17,17,12,4473.0,8075.0,-3602.0
2040,2488,78,77,22,22,35,22383.759375,6630.0,15753.759375000001
2041,2488,85,84,17,17,14,7477.65,7225.0,252.64999999999964
2042,2488,82,81,12,12,12,4209.3,6970.0,-2760.7
2043,2488,77,76,23,23,14,5586.3,6545.0,-958.6999999999998
2044,2488,76,75,17,17,21,14430.375,6460.0,7970.375
2045,2488,73,72,20,20,27,13324.275,6205.0,7119.275
2046,2488,85,84,17,17,17,7404.4125,7225.0,179.41250000000036
2047,2488,76,75,15,15,21,10511.662499999999,6460.0,4051.6624999999985
2048,2488,80,79,16,16,11,3300.3,6800.0,-3499.7
2049,2488,75,74,19,19,22,8241.075,6375.0,1866.0750000000007
2050,2488,67,66,19,19,21,12084.3,5695.0,6389.299999999999
2051,2488,78,77,16,16,21,9137.25,6630.0,2507.25
2052,2488,83,82,17,17,11,5715.450000000001,7055.0,-1339.5499999999993
2053,2488,71,70,14,14,28,19386.39375,6035.0,13351.39375
2054,2488,75,74,18,18,26,15585.525,6375.0,9210.525
2055,2488,75,74,22,22,22,9675.0,6375.0,3300.0
2056,2488,72,71,18,18,27,16815.15,6120.0,10695.150000000001
2057,2488,80,79,19,19,14,7446.6,6800.0,646.6000000000004
2058,2488,82,81,21,21,24,9963.337500000001,6970.0,2993.3375000000015
2059,2488,78,77,18,18,12,4193.1,6630.0,-2436.8999999999996
2060,2488,72,71,16,16,20,11837.08125,6120.0,5717.081249999999
2061,2488,76,75,17,17,24,11136.7125,6460.0,4676.7125
2062,2488,73,72,22,21,20,9301.05,6205.0,3096.0499999999993
2063,2488,77,76,19,19,17,10160.1,6545.0,3615.1000000000004
2064,2488,68,67,12,12,23,13032.0,5780.0,7252.0
2065,2488,71,70,20,20,26,13854.6,6035.0,7819.6
2066,2488,71,70,22,22,37,23311.9125,6035.0,17276.9125
2067,2488,81,80,19,19,15,6431.4,6885.0,-453.60000000000036
2068,2488,73,72,14,14,22,11082.7125,6205.0,4877.7125
2069,2488,76,75,21,21,22,12919.5,6460.0,6459.5
2070,2488,79,78,18,18,14,5143.95,6715.0,-1571.0500000000002
2071,2488,71,70,13,13,8,4410.0,6035.0,-1625.0
2072,2488,75,74,15,15,14,9567.675,6375.0,3192.6749999999993
2073,2488,86,85,18,18,18,9073.4625,7310.0,1763.4624999999996
2074,2488,73,72,17,17,21,11761.65,6205.0,5556.65
2075,2488,74,73,13,13,9,2587.9500000000003,6290.0,-3702.0499999999997
2076,2488,76,75,15,15,16,7916.4,6460.0,1456.3999999999996
2077,2488,76,75,17,17,23,11339.662500000002,6460.0,4879.662500000002
2078,2488,78,77,23,22,21,7009.2,6630.0,379.1999999999998
2079,2488,72,71,17,16,21,14087.925,6120.0,7967.924999999999
2080,2488,68,67,25,25,31,14741.325,5780.0,8961.325
2081,2488,67,66,21,20,35,18376.3125,5695.0,12681.3125
2082,2488,74,73,21,21,31,20624.821875,6290.0,14334.821875000001
2083,2488,70,69,24,24,36,20899.125,5950.0,14949.125
2084,2488,83,82,14,14,13,6360.3,7055.0,-694.6999999999998
2085,2488,73,72,22,22,28,12993.075,6205.0,6788.075000000001
2086,2488,77,76,13,13,20,12797.55,6545.0,6252.549999999999
2087,2488,73,72,19,19,31,17622.50625,6205.0,11417.506249999999
2088,2488,85,84,19,19,19,8539.65,7225.0,1314.6499999999996
2089,2488,78,77,16,16,18,8580.15,6630.0,1950.1499999999996
2090,2488,61,60,23,22,22,9869.4,5185.0,4684.4
2091,2488,79,78,22,22,18,7008.3,6715.0,293.3000000000002
2092,2488,74,73,20,20,29,17712.95625,6290.0,11422.95625
2093,2488,76,75,24,23,27,14558.45625,6460.0,8098.456249999999
2094,2488,83,82,20,20,25,12350.8125,7055.0,5295.8125
2095,2488,72,71,21,21,27,17273.868749999998,6120.0,11153.868749999998
2096,2488,73,72,17,16,15,4756.5,6205.0,-1448.5
2097,2488,87,86,16,15,14,5898.262500000001,7395.0,-1496.7374999999993
2098,2488,84,83,16,16,13,5612.4,7140.0,-1527.6000000000004
2099,2488,66,65,21,21,18,8917.2,5610.0,3307.2000000000007
2100,2488,74,73,21,21,12,4552.2,6290.0,-1737.8000000000002
2101,2488,66,65,15,15,24,14675.9625,5610.0,9065.9625
2102,2488,79,78,21,21,19,8416.603125,6715.0,1701.6031249999996
2103,2488,71,70,16,16,18,6976.799999999999,6035.0,941.7999999999993
2104,2488,69,68,19,19,24,11499.103125,5865.0,5634.103125
2105,2488,81,80,18,18,20,9003.6,6885.0,2118.6000000000004
2106,2488,71,70,27,27,26,9676.462500000001,6035.0,3641.4625000000015
2107,2488,80,79,18,18,33,19180.8,6800.0,12380.8
2108,2488,83,82,22,21,21,10999.35,7055.0,3944.3500000000004
2109,2488,75,74,20,19,20,7218.45,6375.0,843.4499999999998
2110,2488,80,79,15,15,12,5105.25,6800.0,-1694.75
2111,2488,71,70,22,22,26,13983.75,6035.0,7948.75
2112,2488,95,94,14,14,14,7161.1875,8075.0,-913.8125
2113,2488,78,77,19,18,23,14239.8,6630.0,7609.799999999999
2114,2488,81,80,18,18,22,12413.025000000001,6885.0,5528.0250000000015
2115,2488,79,78,15,15,16,6490.125000000001,6715.0,-224.8749999999991
2116,2488,66,65,21,21,15,5545.35,5610.0,-64.64999999999964
2117,2488,71,70,20,20,17,5110.2,6035.0,-924.8000000000002
2118,2488,78,77,22,21,17,6686.1,6630.0,56.100000000000364
2119,2488,78,77,20,20,23,13842.112500000001,6630.0,7212.112500000001
2120,2488,76,75,19,19,17,8567.1,6460.0,2107.1000000000004
2121,2488,81,80,21,21,26,13902.75,6885.0,7017.75
2122,2488,73,72,26,26,29,14271.1875,6205.0,8066.1875
2123,2488,83,82,15,15,14,6966.900000000001,7055.0,-88.09999999999945
2124,2488,79,78,16,16,10,5075.55,6715.0,-1639.4499999999998
2125,2488,84,83,15,15,19,8265.375,7140.0,1125.375
2126,2488,78,77,14,14,14,8278.875,6630.0,1648.875
2127,2488,75,74,9,9,6,3195.0,6375.0,-3180.0
2128,2488,83,82,22,22,24,12804.68671875,7055.0,5749.686718749999
2129,2488,81,80,16,16,22,11828.475,6885.0,4943.475
2130,2488,76,75,16,15,8,3017.7,6460.0,-3442.3
2131,2488,69,68,21,21,21,10967.4,5865.0,5102.4
2132,2488,75,74,18,18,23,11861.1,6375.0,5486.1
2133,2488,72,71,15,15,20,9546.075,6120.0,3426.0750000000007
2134,2488,74,73,20,20,12,5481.9,6290.0,-808.1000000000004
2135,2488,72,71,17,17,27,17628.69375,6120.0,11508.693749999999
2136,2488,81,80,19,19,16,6383.7,6885.0,-501.3000000000002
2137,2488,75,74,19,19,22,10788.525,6375.0,4413.525
2138,2488,71,70,21,21,28,14505.525000000001,6035.0,8470.525000000001
2139,2488,76,75,21,21,18,7371.9,6460.0,911.8999999999996
2140,2488,73,72,17,17,21,12442.3875,6205.0,6237.387500000001
2141,2488,76,75,22,22,30,14588.212500000001,6460.0,8128.2125000000015
2142,2488,75,74,22,22,31,19166.4,6375.0,12791.400000000001
2143,2488,70,69,19,19,16,7793.1,5950.0,1843.1000000000004
2144,2488,81,80,27,26,16,6755.625,6885.0,-129.375
2145,2488,63,62,19,19,18,8906.5125,5355.0,3551.5125000000007
2146,2488,69,68,18,18,18,7579.799999999999,5865.0,1714.7999999999993
2147,2488,85,84,18,18,26,11697.525,7225.0,4472.525
2148,2488,73,72,24,24,33,19293.862500000003,6205.0,13088.862500000003
2149,2488,76,75,19,18,18,10047.6,6460.0,3587.6000000000004
2150,2488,70,69,22,22,18,11352.15,5950.0,5402.15
2151,2488,71,70,22,22,21,10650.825,6035.0,4615.825000000001
2152,2488,79,78,22,21,26,14074.65,6715.0,7359.65
2153,2488,69,68,18,18,20,11897.1,5865.0,6032.1
2154,2488,80,79,17,17,10,5246.1,6800.0,-1553.8999999999996
2155,2488,88,87,23,23,29,16055.437499999998,7480.0,8575.437499999998
2156,2488,83,82,17,16,17,7512.974999999999,7055.0,457.97499999999945
2157,2488,68,67,13,13,17,10701.337500000001,5780.0,4921.3375000000015
2158,2488,85,84,19,19,18,7562.30625,7225.0,337.30624999999964
2159,2488,69,68,18,18,30,17875.6875,5865.0,12010.6875
2160,2488,72,71,20,20,21,11250.0,6120.0,5130.0
2161,2488,74,73,22,22,23,9545.0625,6290.0,3255.0625
2162,2488,80,79,19,19,13,6814.8,6800.0,14.800000000000182
2163,2488,90,89,16,16,22,13106.19375,7650.0,5456.19375
2164,2488,72,71,20,20,26,13890.037499999999,6120.0,7770.0374999999985
2165,2488,76,75,12,12,13,6951.6,6460.0,491.60000000000036
2166,2488,80,79,12,12,15,6847.875,6800.0,47.875
2167,2488,83,82,16,16,14,7155.45,7055.0,100.44999999999982
2168,2488,72,71,18,18,22,10525.05,6120.0,4405.049999999999
2169,2488,67,66,13,13,13,7267.5,5695.0,1572.5
2170,2488,68,67,15,15,14,8346.6,5780.0,2566.6000000000004
2171,2488,77,76,13,13,13,5397.299999999999,6545.0,-1147.7000000000007
2172,2488,77,76,15,15,20,13398.975,6545.0,6853.975
2173,2488,82,81,18,18,26,14459.2875,6970.0,7489.2875
2174,2488,66,65,22,22,32,15105.9375,5610.0,9495.9375
2175,2488,86,85,18,18,18,7374.6,7310.0,64.60000000000036
2176,2488,81,80,18,18,16,7226.1,6885.0,341.10000000000036
2177,2488,74,73,23,22,26,12283.425,6290.0,5993.424999999999
2178,2488,73,72,18,17,14,7475.85,6205.0,1270.8500000000004
2179,2488,69,68,18,18,21,13804.3125,5865.0,7939.3125
2180,2488,86,85,15,15,18,6701.4,7310.0,-608.6000000000004
2181,2488,84,83,18,17,23,11358.7875,7140.0,4218.7875
2182,2488,64,63,20,20,28,17247.31875,5440.0,11807.318749999999
2183,2488,75,74,11,11,11,3973.5,6375.0,-2401.5
2184,2488,75,74,15,14,15,7592.85,6375.0,1217.8500000000004
2185,2488,88,87,12,12,13,7195.5,7480.0,-284.5
2186,2488,73,72,20,20,23,11140.425,6205.0,4935.424999999999
2187,2488,79,78,20,20,17,6367.950000000001,6715.0,-347.0499999999993
2188,2488,76,75,21,21,36,22237.59375,6460.0,15777.59375
2189,2488,74,73,18,18,37,20551.1203125,6290.0,14261.1203125
2190,2488,75,74,18,18,12,5838.075,6375.0,-536.9250000000002
2191,2488,72,71,22,22,27,15776.8875,6120.0,9656.8875
2192,2488,75,74,16,16,23,14115.0375,6375.0,7740.0375
2193,2488,71,70,19,19,23,8907.1875,6035.0,2872.1875
2194,2488,76,75,18,18,29,15285.99375,6460.0,8825.99375
2195,2488,73,72,20,20,24,11240.6625,6205.0,5035.6625
2196,2488,58,57,20,19,27,15888.318749999999,4930.0,10958.318749999999
2197,2488,72,71,18,18,19,8557.2,6120.0,2437.2000000000007
2198,2488,77,76,15,15,21,9981.45,6545.0,3436.4500000000007
2199,2488,77,76,15,15,10,3293.1,6545.0,-3251.9
2200,2488,68,67,17,17,20,12559.5984375,5780.0,6779.598437500001
2201,2488,79,78,17,17,17,7893.0,6715.0,1178.0
2202,2488,86,85,17,17,13,4622.4,7310.0,-2687.6000000000004
2203,2488,74,73,17,17,13,6583.95,6290.0,293.9499999999998
2204,2488,82,81,20,20,30,17263.8,6970.0,10293.8
2205,2488,77,76,16,16,14,6479.55,6545.0,-65.44999999999982
2206,2488,80,79,18,18,17,8645.4,6800.0,1845.3999999999996
2207,2488,74,73,19,19,23,10807.425,6290.0,4517.424999999999
2208,2488,84,83,14,14,14,9341.1,7140.0,2201.1000000000004
2209,2488,75,74,17,16,20,9819.45,6375.0,3444.4500000000007
2210,2488,80,79,22,22,22,12138.58125,6800.0,5338.581249999999
2211,2488,80,79,20,20,20,10848.6,6800.0,4048.6000000000004
2212,2488,92,91,14,14,10,4835.025,7820.0,-2984.9750000000004
2213,2488,75,74,20,20,17,6519.6,6375.0,144.60000000000036
2214,2488,68,67,20,20,30,15572.5875,5780.0,9792.5875
2215,2488,75,74,19,19,27,16420.5,6375.0,10045.5
2216,2488,65,64,17,16,29,19054.29375,5525.0,13529.29375
2217,2488,90,89,15,15,17,7828.200000000001,7650.0,178.20000000000073
2218,2488,84,83,13,13,30,20087.272265625,7140.0,12947.272265625
2219,2488,80,79,17,17,17,7188.75,6800.0,388.75
2220,2488,77,76,18,18,29,12746.925000000001,6545.0,6201.925000000001
2221,2488,82,81,17,17,18,10431.759375000001,6970.0,3461.7593750000015
2222,2488,79,78,20,20,25,10406.7,6715.0,3691.7000000000007
2223,2488,83,82,12,12,20,9925.3125,7055.0,2870.3125
2224,2488,74,73,21,21,25,15767.55,6290.0,9477.55
2225,2488,80,79,20,19,17,9861.3,6800.0,3061.2999999999993
2226,2488,80,79,14,14,19,13517.775,6800.0,6717.775
2227,2488,86,85,18,18,21,11871.5625,7310.0,4561.5625
2228,2488,81,80,19,19,21,9812.25,6885.0,2927.25
2229,2488,70,69,17,17,11,2430.9,5950.0,-3519.1
2230,2488,72,71,15,15,20,12833.6625,6120.0,6713.6625
2231,2488,71,70,18,18,19,13387.95,6035.0,7352.950000000001
2232,2488,82,81,18,18,13,5966.55,6970.0,-1003.4499999999998
2233,2488,76,75,22,22,16,6374.7,6460.0,-85.30000000000018
2234,2488,78,77,15,15,13,4909.5,6630.0,-1720.5
2235,2488,83,82,13,12,10,4573.125,7055.0,-2481.875
2236,2488,83,82,15,15,18,8948.19375,7055.0,1893.1937500000004
2237,2488,82,81,24,24,21,9885.375,6970.0,2915.375
2238,2488,82,81,15,15,14,6393.6,6970.0,-576.3999999999996
2239,2488,74,73,15,15,15,5276.7,6290.0,-1013.3000000000002
2240,2488,87,86,17,17,15,6743.25,7395.0,-651.75
2241,2488,80,79,12,12,16,6992.4375,6800.0,192.4375
2242,2488,74,73,20,20,20,10244.25,6290.0,3954.25
2243,2488,71,70,17,17,20,9296.100000000002,6035.0,3261.100000000002
2244,2488,79,78,19,19,23,11472.33515625,6715.0,4757.335156249999
2245,2488,68,67,15,15,17,9156.15,5780.0,3376.1499999999996
2246,2488,65,64,21,20,23,13031.634375,5525.0,7506.634375
2247,2488,75,74,19,19,21,9020.25,6375.0,2645.25
2248,2488,83,82,16,16,10,4803.3,7055.0,-2251.7
2249,2488,72,71,23,22,25,14572.8,6120.0,8452.8
2250,2488,75,74,18,18,25,12607.087500000001,6375.0,6232.0875000000015
2251,2488,73,72,22,21,27,13275.224999999999,6205.0,7070.2249999999985
2252,2488,69,68,17,17,35,20749.1625,5865.0,14884.162499999999
2253,2488,77,76,17,17,29,19701.7875,6545.0,13156.787499999999
2254,2488,84,83,14,14,17,9491.4,7140.0,2351.3999999999996
2255,2488,72,71,20,19,25,13516.2,6120.0,7396.200000000001
2256,2488,77,76,16,16,19,8190.45,6545.0,1645.4499999999998
2257,2488,74,73,17,17,14,5503.5,6290.0,-786.5
2258,2488,87,86,19,19,23,12706.2,7395.0,5311.200000000001
2259,2488,86,85,16,16,15,4745.475,7310.0,-2564.5249999999996
2260,2488,79,78,21,21,15,5898.6,6715.0,-816.3999999999996
2261,2488,82,81,21,20,18,8278.7625,6970.0,1308.7625000000007
2262,2488,84,83,21,21,21,11979.225,7140.0,4839.225
2263,2488,78,77,19,19,17,8624.7,6630.0,1994.7000000000007
2264,2488,75,74,13,13,22,13158.987890625,6375.0,6783.987890625
2265,2488,76,75,13,13,7,3060.0,6460.0,-3400.0
2266,2488,79,78,24,23,20,8836.2,6715.0,2121.2000000000007
2267,2488,75,74,18,18,24,10888.2,6375.0,4513.200000000001
2268,2488,69,68,17,17,18,8398.6875,5865.0,2533.6875
2269,2488,77,76,14,14,17,8638.65,6545.0,2093.6499999999996
2270,2488,85,84,17,17,24,13421.770312499999,7225.0,6196.770312499999
2271,2488,73,72,22,21,18,8439.3,6205.0,2234.2999999999993
2272,2488,66,65,26,26,29,16808.85,5610.0,11198.849999999999
2273,2488,90,89,18,18,16,10062.9,7650.0,2412.8999999999996
2274,2488,77,76,21,21,20,10501.2,6545.0,3956.2000000000007
2275,2488,73,72,17,17,8,2213.1,6205.0,-3991.9
2276,2488,75,74,17,17,25,14731.846875000003,6375.0,8356.846875000003
2277,2488,75,74,19,18,25,14465.025,6375.0,8090.025
2278,2488,73,72,20,20,22,11303.1,6205.0,5098.1
2279,2488,70,69,11,11,18,13206.65625,5950.0,7256.65625
2280,2488,82,81,18,18,21,9786.15,6970.0,2816.1499999999996
2281,2488,82,81,18,17,18,6533.775000000001,6970.0,-436.22499999999945
2282,2488,74,73,17,16,17,7343.887500000001,6290.0,1053.8875000000007
2283,2488,77,76,21,20,19,8726.625,6545.0,2181.625
2284,2488,78,77,15,14,12,6948.675,6630.0,318.6750000000002
2285,2488,76,75,17,17,24,14253.75,6460.0,7793.75
2286,2488,78,77,22,22,24,13352.0625,6630.0,6722.0625
2287,2488,72,71,19,19,21,10318.21875,6120.0,4198.21875
2288,2488,74,73,21,21,16,7677.45,6290.0,1387.4499999999998
2289,2488,70,69,20,20,34,20140.65,5950.0,14190.650000000001
2290,2488,73,72,21,21,32,18832.95,6205.0,12627.95
2291,2488,76,75,16,16,24,14589.196875,6460.0,8129.196875
2292,2488,77,76,17,17,23,17049.825,6545.0,10504.825
2293,2488,77,76,14,14,24,15091.340625,6545.0,8546.340625
2294,2488,79,78,22,22,28,16492.5,6715.0,9777.5
2295,2488,77,76,23,22,19,7543.349999999999,6545.0,998.3499999999995
2296,2488,75,74,17,17,22,13309.3125,6375.0,6934.3125
2297,2488,85,84,17,17,21,12528.5625,7225.0,5303.5625
2298,2488,76,75,16,16,11,3826.8,6460.0,-2633.2
2299,2488,80,79,19,19,26,14160.15,6800.0,7360.15
2300,2488,81,80,19,19,18,7837.65,6885.0,952.6499999999996
2301,2488,81,80,15,15,14,5931.674999999999,6885.0,-953.3250000000007
2302,2488,77,76,17,17,16,8771.962500000001,6545.0,2226.9625000000015
2303,2488,76,75,20,20,14,8055.0,6460.0,1595.0
2304,2488,73,72,14,14,20,11263.05,6205.0,5058.049999999999
2305,2488,78,77,18,18,33,17964.805078125,6630.0,11334.805078124999
2306,2488,73,72,17,17,19,9803.25,6205.0,3598.25
2307,2488,71,70,16,16,15,5323.5,6035.0,-711.5
2308,2488,70,69,17,17,23,14195.25,5950.0,8245.25
2309,2488,75,74,14,14,5,1392.3,6375.0,-4982.7
2310,2488,76,75,20,19,18,8375.4,6460.0,1915.3999999999996
2311,2488,73,72,14,14,20,10764.9,6205.0,4559.9
2312,2488,85,84,22,22,15,7411.724999999999,7225.0,186.72499999999945
2313,2488,77,76,16,16,11,5882.4,6545.0,-662.6000000000004
2314,2488,79,78,16,16,17,8175.712499999999,6715.0,1460.7124999999987
2315,2488,72,71,22,22,24,12795.6375,6120.0,6675.637500000001
2316,2488,67,66,22,21,35,22908.15,5695.0,17213.15
2317,2488,76,75,14,14,14,7094.475,6460.0,634.4750000000004
2318,2488,76,75,17,16,20,10338.75,6460.0,3878.75
2319,2488,70,69,23,23,23,10911.6,5950.0,4961.6
2320,2488,81,80,14,14,14,5488.65,6885.0,-1396.3500000000004
2321,2488,71,70,23,22,23,11766.599999999999,6035.0,5731.5999999999985
2322,2488,73,72,19,19,15,6419.474999999999,6205.0,214.47499999999945
2323,2488,68,67,16,16,26,16039.8,5780.0,10259.8
2324,2488,79,78,16,16,15,6808.950000000001,6715.0,93.95000000000073
2325,2488,75,74,21,21,32,17712.421875,6375.0,11337.421875
2326,2488,72,71,15,15,16,11533.95,6120.0,5413.950000000001
2327,2488,94,93,17,17,14,5686.2,7990.0,-2303.8
2328,2488,74,73,16,16,22,10950.58125,6290.0,4660.581249999999
2329,2488,72,71,22,21,19,11709.45,6120.0,5589.450000000001
2330,2488,83,82,20,20,22,10943.55,7055.0,3888.5499999999993
2331,2488,79,78,19,19,14,5523.3,6715.0,-1191.6999999999998
2332,2488,83,82,23,23,16,5878.8,7055.0,-1176.1999999999998
2333,2488,61,60,16,16,24,14531.259375000001,5185.0,9346.259375000001
2334,2488,75,74,19,18,14,4629.6,6375.0,-1745.3999999999996
2335,2488,69,68,16,16,17,8071.2,5865.0,2206.2
2336,2488,72,71,12,12,11,6588.224999999999,6120.0,468.22499999999945
2337,2488,78,77,18,18,23,9669.150000000001,6630.0,3039.1500000000015
2338,2488,73,72,20,20,26,15067.35,6205.0,8862.35
2339,2488,69,68,17,17,21,11289.206250000001,5865.0,5424.206250000001
2340,2488,80,79,21,21,25,16227.225,6800.0,9427.225
2341,2488,73,72,19,19,20,8632.35,6205.0,2427.3500000000004
2342,2488,72,71,17,17,19,8216.325,6120.0,2096.3250000000007
2343,2488,83,82,19,19,30,19526.00625,7055.0,12471.006249999999
2344,2488,83,82,15,15,15,7284.6,7055.0,229.60000000000036
2345,2488,79,78,16,16,17,8505.9,6715.0,1790.8999999999996
2346,2488,68,67,22,21,33,18651.1078125,5780.0,12871.107812499999
2347,2488,82,81,23,23,32,16967.475000000002,6970.0,9997.475000000002
2348,2488,80,79,13,13,13,7295.11875,6800.0,495.11874999999964
2349,2488,78,77,17,17,18,10595.025,6630.0,3965.0249999999996
2350,2488,82,81,22,22,18,8572.05,6970.0,1602.0499999999993
2351,2488,84,83,19,19,26,15963.3,7140.0,8823.3
2352,2488,71,70,14,14,13,5647.049999999999,6035.0,-387.9500000000007
2353,2488,65,64,19,19,20,8166.150000000001,5525.0,2641.1500000000005
2354,2488,72,71,16,16,23,12912.75,6120.0,6792.75
2355,2488,74,73,18,18,21,11917.8,6290.0,5627.799999999999
2356,2488,71,70,23,23,30,16660.125,6035.0,10625.125
2357,2488,77,76,19,19,21,10571.0625,6545.0,4026.0625
2358,2488,82,81,17,17,23,11269.51875,6970.0,4299.518749999999
2359,2488,87,86,16,16,26,15253.987500000001,7395.0,7858.987500000001
2360,2488,83,82,13,13,20,12361.275,7055.0,5306.275
2361,2488,77,76,20,20,14,8315.1,6545.0,1770.1000000000004
2362,2488,76,75,20,19,22,9693.0,6460.0,3233.0
2363,2488,80,79,18,18,19,10238.7375,6800.0,3438.7374999999993
2364,2488,82,81,15,15,10,3280.5,6970.0,-3689.5
2365,2488,74,73,23,23,19,11995.2,6290.0,5705.200000000001
2366,2488,79,78,17,17,12,5569.200000000001,6715.0,-1145.7999999999993
2367,2488,79,78,21,21,25,14932.35,6715.0,8217.35
2368,2488,68,67,19,19,33,17144.1,5780.0,11364.099999999999
2369,2488,71,70,21,21,28,14455.314843749999,6035.0,8420.314843749999
2370,2488,75,74,24,24,31,15704.6625,6375.0,9329.6625
2371,2488,83,82,18,18,16,8171.1,7055.0,1116.1000000000004
2372,2488,85,84,12,12,19,12903.69375,7225.0,5678.69375
2373,2488,78,77,14,14,20,12095.55,6630.0,5465.549999999999
2374,2488,73,72,23,23,28,15160.275,6205.0,8955.275
2375,2488,79,78,21,21,19,11251.0125,6715.0,4536.012500000001
2376,2488,76,75,16,16,8,2739.6,6460.0,-3720.4
2377,2488,74,73,20,20,21,8877.2625,6290.0,2587.2625000000007
2378,2488,75,74,20,20,21,9791.1,6375.0,3416.1000000000004
2379,2488,76,75,19,19,28,15201.675,6460.0,8741.675
2380,2488,77,76,19,19,21,10381.5,6545.0,3836.5
2381,2488,82,81,23,22,18,6379.200000000001,6970.0,-590.7999999999993
2382,2488,76,75,15,14,21,13673.475,6460.0,7213.475
2383,2488,74,73,19,19,14,6282.0,6290.0,-8.0
2384,2488,83,82,17,17,14,7335.900000000001,7055.0,280.90000000000055
2385,2488,66,65,15,14,12,6000.3,5610.0,390.3000000000002
2386,2488,68,67,13,13,16,5758.425,5780.0,-21.574999999999818
2387,2488,73,72,24,24,20,10984.5,6205.0,4779.5
2388,2488,79,78,18,18,17,6295.5,6715.0,-419.5
2389,2488,67,66,20,20,24,14116.725,5695.0,8421.725
2390,2488,79,78,17,17,16,8167.8375,6715.0,1452.8374999999996
2391,2488,79,78,16,16,20,9162.05625,6715.0,2447.0562499999996
2392,2488,79,78,12,12,12,6330.6,6715.0,-384.39999999999964
2393,2488,74,73,14,14,20,10795.05,6290.0,4505.049999999999
2394,2488,77,76,19,18,25,14006.025,6545.0,7461.025
2395,2488,77,76,21,21,18,7544.25,6545.0,999.25
2396,2488,77,76,17,17,17,8832.6,6545.0,2287.6000000000004
2397,2488,79,78,18,18,30,19390.91484375,6715.0,12675.91484375
2398,2488,84,83,18,17,18,8230.5,7140.0,1090.5
2399,2488,81,80,15,15,13,6025.049999999999,6885.0,-859.9500000000007
2400,2488,79,78,22,21,18,7614.0,6715.0,899.0
2401,2488,72,71,20,20,19,9202.5,6120.0,3082.5
2402,2488,71,70,20,20,17,6833.700000000001,6035.0,798.7000000000007
2403,2488,71,70,23,22,23,11629.8,6035.0,5594.799999999999
2404,2488,72,71,19,19,27,15586.65,6120.0,9466.65
2405,2488,82,81,17,17,19,8115.3,6970.0,1145.3000000000002
2406,2488,80,79,16,16,11,4903.425,6800.0,-1896.5749999999998
2407,2488,83,82,13,13,16,9250.2,7055.0,2195.2000000000007
2408,2488,75,74,19,19,17,7522.65,6375.0,1147.6499999999996
2409,2488,85,84,16,16,13,5564.250000000001,7225.0,-1660.749999999999
2410,2488,81,80,16,16,16,9175.725,6885.0,2290.7250000000004
2411,2488,67,66,22,22,34,21246.553125,5695.0,15551.553124999999
2412,2488,75,74,18,18,26,15816.6,6375.0,9441.6
2413,2488,77,76,19,19,15,5962.5,6545.0,-582.5
2414,2488,75,74,20,20,23,10246.5,6375.0,3871.5
2415,2488,85,84,17,17,25,16122.037500000002,7225.0,8897.037500000002
2416,2488,73,72,17,17,23,14093.5640625,6205.0,7888.5640625
2417,2488,76,75,20,20,15,5401.8,6460.0,-1058.1999999999998
2418,2488,73,72,24,24,27,14476.95,6205.0,8271.95
2419,2488,65,64,14,13,27,16424.887499999997,5525.0,10899.887499999997
2420,2488,74,73,22,22,14,3973.5,6290.0,-2316.5
2421,2488,75,74,16,16,16,8836.65,6375.0,2461.6499999999996
2422,2488,75,74,17,17,19,7051.05,6375.0,676.0500000000002
2423,2488,78,77,16,16,23,11257.875,6630.0,4627.875
2424,2488,76,75,21,21,18,9482.85,6460.0,3022.8500000000004
2425,2488,75,74,14,14,9,3631.9500000000003,6375.0,-2743.0499999999997
2426,2488,72,71,13,13,13,7484.85,6120.0,1364.8500000000004
2427,2488,76,75,17,17,15,7728.974999999999,6460.0,1268.9749999999995
2428,2488,76,75,21,21,25,13687.9875,6460.0,7227.987499999999
2429,2488,73,72,19,19,33,19678.275,6205.0,13473.275000000001
2430,2488,70,69,20,20,29,14277.150000000001,5950.0,8327.150000000001
2431,2488,86,85,16,16,12,3808.8,7310.0,-3501.2
2432,2488,78,77,17,17,21,9853.650000000001,6630.0,3223.6500000000015
2433,2488,76,75,15,15,15,8262.9,6460.0,1802.8999999999996
2434,2488,79,78,17,17,12,4386.6,6715.0,-2328.3999999999996
2435,2488,67,66,17,17,21,13980.65625,5695.0,8285.65625
2436,2488,69,68,20,20,28,15781.725,5865.0,9916.725
2437,2488,69,68,17,17,13,7861.5,5865.0,1996.5
2438,2488,79,78,18,18,20,10147.05,6715.0,3432.0499999999993
2439,2488,79,78,21,21,20,7931.25,6715.0,1216.25
2440,2488,73,72,22,21,19,8339.849999999999,6205.0,2134.8499999999985
2441,2488,83,82,17,17,31,19777.742578125,7055.0,12722.742578124999
2442,2488,76,75,14,14,18,11367.9,6460.0,4907.9
2443,2488,87,86,15,15,19,10593.61875,7395.0,3198.6187499999996
2444,2488,79,78,21,21,18,8744.4,6715.0,2029.3999999999996
2445,2488,79,78,22,22,13,4226.4,6715.0,-2488.6000000000004
2446,2488,76,75,12,12,24,13601.19375,6460.0,7141.19375
2447,2488,73,72,20,19,24,15307.2,6205.0,9102.2
2448,2488,74,73,23,22,24,13409.94375,6290.0,7119.94375
2449,2488,76,75,25,25,22,10576.35,6460.0,4116.35
2450,2488,65,64,14,14,15,6855.3,5525.0,1330.3000000000002
2451,2488,66,65,14,14,24,12803.625,5610.0,7193.625
2452,2488,80,79,17,17,11,6435.0,6800.0,-365.0
2453,2488,78,77,13,13,11,5793.75,6630.0,-836.25
2454,2488,82,81,15,15,19,9508.6125,6970.0,2538.6124999999993
2455,2488,80,79,22,22,16,8068.725,6800.0,1268.7250000000004
2456,2488,84,83,14,14,23,16259.034375,7140.0,9119.034375
2457,2488,72,71,24,24,31,14566.95,6120.0,8446.95
2458,2488,77,76,17,17,17,7971.3,6545.0,1426.3000000000002
2459,2488,84,83,15,15,12,4695.3,7140.0,-2444.7
2460,2488,85,84,16,16,17,9170.550000000001,7225.0,1945.550000000001
2461,2488,73,72,19,19,16,6592.95,6205.0,387.9499999999998
2462,2488,74,73,17,16,20,9596.8125,6290.0,3306.8125
2463,2488,83,82,29,29,27,11492.55,7055.0,4437.549999999999
2464,2488,82,81,15,14,14,7282.575,6970.0,312.5749999999998
2465,2488,69,68,22,22,20,9548.1,5865.0,3683.1000000000004
2466,2488,76,75,13,13,8,2637.8999999999996,6460.0,-3822.1000000000004
2467,2488,79,78,18,18,22,10892.475,6715.0,4177.475
2468,2488,78,77,17,17,29,15563.676269531248,6630.0,8933.676269531248
2469,2488,78,77,15,15,11,4341.7125,6630.0,-2288.2875000000004
2470,2488,70,69,18,18,24,15623.8875,5950.0,9673.8875
2471,2488,68,67,24,24,29,14740.087500000001,5780.0,8960.087500000001
2472,2488,76,75,18,18,19,9427.5,6460.0,2967.5
2473,2488,71,70,13,13,21,13694.39571533203,6035.0,7659.39571533203
2474,2488,81,80,15,15,24,10936.125,6885.0,4051.125
2475,2488,76,75,19,19,25,14443.5375,6460.0,7983.5375
2476,2488,75,74,18,17,22,11581.087500000001,6375.0,5206.0875000000015
2477,2488,64,63,19,19,28,15070.89375,5440.0,9630.89375
2478,2488,80,79,20,20,15,8611.875,6800.0,1811.875
2479,2488,80,79,18,18,13,4428.45,6800.0,-2371.55
2480,2488,79,78,18,18,18,10708.2,6715.0,3993.2000000000007
2481,2488,74,73,21,21,23,11802.374999999998,6290.0,5512.374999999998
2482,2488,77,76,20,19,24,12520.349999999999,6545.0,5975.3499999999985
2483,2488,82,81,12,12,15,8532.9,6970.0,1562.8999999999996
2484,2488,75,74,17,17,18,8392.050000000001,6375.0,2017.050000000001
2485,2488,77,76,19,19,15,7060.5,6545.0,515.5
2486,2488,75,74,14,14,19,10783.575,6375.0,4408.575000000001
2487,2488,73,72,19,19,23,13448.699999999999,6205.0,7243.699999999999
2488,2488,87,86,16,16,8,3505.5,7395.0,-3889.5
2489,2488,70,69,17,17,29,19571.055468749997,5950.0,13621.055468749997
2490,2488,78,77,14,14,26,19368.7875,6630.0,12738.787499999999
2491,2488,60,59,19,18,35,21200.625,5100.0,16100.625
2492,2488,73,72,14,14,16,8819.1,6205.0,2614.1000000000004
2493,2488,78,77,16,16,14,7912.575,6630.0,1282.5749999999998
2494,2488,77,76,17,17,19,10224.45,6545.0,3679.4500000000007
2495,2488,80,79,13,13,11,3889.8,6800.0,-2910.2
2496,2488,83,82,16,16,12,4058.1000000000004,7055.0,-2996.8999999999996
2497,2488,80,79,19,19,22,9376.875,6800.0,2576.875
2498,2488,72,71,19,19,15,8910.9,6120.0,2790.8999999999996
2499,2488,80,79,18,18,19,12237.75,6800.0,5437.75
2500,2488,76,75,16,16,13,6364.35,6460.0,-95.64999999999964
2501,2488,79,78,20,20,26,17095.190625,6715.0,10380.190625
2502,2488,80,79,19,19,15,7561.35,6800.0,761.3500000000004
2503,2488,82,81,20,20,16,7326.7875,6970.0,356.78750000000036
2504,2488,72,71,19,19,15,5906.25,6120.0,-213.75
2505,2488,82,81,10,10,15,7805.5875000000015,6970.0,835.5875000000015
2506,2488,77,76,15,15,20,9947.925000000001,6545.0,3402.925000000001
2507,2488,77,76,17,17,16,7716.656249999999,6545.0,1171.656249999999
2508,2488,81,80,14,14,23,15857.1,6885.0,8972.1
2509,2488,82,81,18,18,30,17927.1,6970.0,10957.099999999999
2510,2488,75,74,21,20,22,11220.075,6375.0,4845.075000000001
2511,2488,75,74,16,16,26,17647.59375,6375.0,11272.59375
2512,2488,77,76,14,14,18,10103.85,6545.0,3558.8500000000004
2513,2488,75,74,20,20,23,10501.65,6375.0,4126.65
2514,2488,82,81,16,16,13,5590.462500000001,6970.0,-1379.5374999999995
2515,2488,67,66,18,18,15,6674.4,5695.0,979.3999999999996
2516,2488,71,70,17,17,20,10131.3,6035.0,4096.299999999999
2517,2488,69,68,19,19,27,16782.3,5865.0,10917.3
2518,2488,79,78,17,17,27,16147.349999999999,6715.0,9432.349999999999
2519,2488,88,87,17,17,22,10876.5,7480.0,3396.5
2520,2488,69,68,16,16,25,16206.412500000002,5865.0,10341.412500000002
2521,2488,86,85,16,16,24,14670.225,7310.0,7360.225
2522,2488,74,73,22,21,16,6772.5,6290.0,482.5
2523,2488,64,63,21,21,29,17277.75,5440.0,11837.75
2524,2488,79,78,17,17,21,11740.05,6715.0,5025.049999999999
2525,2488,68,67,22,22,30,16989.8625,5780.0,11209.8625
2526,2488,69,68,23,23,25,14362.3125,5865.0,8497.3125
2527,2488,85,84,15,15,23,15686.690625,7225.0,8461.690625
2528,2488,72,71,23,23,21,10722.6,6120.0,4602.6
2529,2488,71,70,17,17,21,10741.725,6035.0,4706.725
2530,2488,79,78,25,24,24,12556.35,6715.0,5841.35
2531,2488,80,79,18,17,23,17028.7875,6800.0,10228.787499999999
2532,2488,75,74,11,11,9,4338.45,6375.0,-2036.5500000000002
2533,2488,73,72,22,22,20,10640.925,6205.0,4435.924999999999
2534,2488,69,68,20,20,18,7120.125,5865.0,1255.125
2535,2488,76,75,13,13,22,10272.88125,6460.0,3812.8812500000004
2536,2488,88,87,20,20,14,3967.2000000000003,7480.0,-3512.7999999999997
2537,2488,80,79,15,15,25,15860.7,6800.0,9060.7
2538,2488,86,85,15,15,14,6023.25,7310.0,-1286.75
2539,2488,71,70,18,18,17,9794.7,6035.0,3759.7000000000007
2540,2488,77,76,19,19,25,12837.7125,6545.0,6292.7125
2541,2488,82,81,13,13,15,7101.45,6970.0,131.44999999999982
2542,2488,67,66,16,16,11,2996.1,5695.0,-2698.9
2543,2488,78,77,21,21,12,5192.1,6630.0,-1437.8999999999996
2544,2488,73,72,17,17,19,10489.275,6205.0,4284.275
2545,2488,77,76,10,10,18,13416.6375,6545.0,6871.637500000001
2546,2488,68,67,14,14,15,6007.387500000001,5780.0,227.38750000000073
2547,2488,63,62,21,20,16,7644.6,5355.0,2289.6000000000004
2548,2488,74,73,18,18,26,14218.987500000001,6290.0,7928.987500000001
2549,2488,81,80,17,17,20,9733.05,6885.0,2848.0499999999993
2550,2488,85,84,15,15,15,5769.9,7225.0,-1455.1000000000004
2551,2488,85,84,20,20,16,7877.8125,7225.0,652.8125
2552,2488,82,81,15,15,12,6529.95,6970.0,-440.0500000000002
2553,2488,76,75,13,13,18,8362.74375,6460.0,1902.7437499999996
2554,2488,77,76,13,13,20,12184.031250000002,6545.0,5639.031250000002
2555,2488,71,70,15,14,25,16576.75546875,6035.0,10541.755468750001
2556,2488,81,80,16,16,24,12982.5,6885.0,6097.5
2557,2488,81,80,17,16,25,14329.8,6885.0,7444.799999999999
2558,2488,81,80,19,19,19,9524.8125,6885.0,2639.8125
2559,2488,84,83,14,14,16,7903.8,7140.0,763.8000000000002
2560,2488,89,88,18,18,12,4406.4,7565.0,-3158.6000000000004
2561,2488,79,78,18,18,19,8917.875,6715.0,2202.875
2562,2488,73,72,19,19,26,13970.010937500001,6205.0,7765.010937500001
2563,2488,75,74,20,19,19,11042.55,6375.0,4667.549999999999
2564,2488,82,81,16,16,11,3035.25,6970.0,-3934.75
2565,2488,84,83,18,18,18,9220.05,7140.0,2080.0499999999993
2566,2488,80,79,17,17,19,8750.25,6800.0,1950.25
2567,2488,73,72,17,17,16,6187.500000000001,6205.0,-17.49999999999909
2568,2488,76,75,23,23,24,13719.15,6460.0,7259.15
2569,2488,79,78,22,22,16,7028.212500000001,6715.0,313.21250000000055
2570,2488,71,70,24,24,36,18550.9125,6035.0,12515.912499999999
2571,2488,74,73,14,14,17,8552.7,6290.0,2262.7000000000007
2572,2488,71,70,14,14,23,11498.385937500001,6035.0,5463.385937500001
2573,2488,71,70,23,23,31,17579.30625,6035.0,11544.306250000001
2574,2488,78,77,13,13,17,8104.950000000001,6630.0,1474.9500000000007
2575,2488,69,68,20,19,26,14010.075,5865.0,8145.075000000001
2576,2488,78,77,15,15,9,4680.0,6630.0,-1950.0
2577,2488,81,80,16,16,14,7374.150000000001,6885.0,489.15000000000055
2578,2488,86,85,21,21,20,10340.2125,7310.0,3030.2124999999996
2579,2488,89,88,16,16,20,9848.925000000001,7565.0,2283.925000000001
2580,2488,76,75,15,15,20,11197.125,6460.0,4737.125
2581,2488,85,84,22,22,18,7914.6,7225.0,689.6000000000004
2582,2488,92,91,16,16,11,5332.5,7820.0,-2487.5
2583,2488,77,76,22,22,33,20132.2125,6545.0,13587.212500000001
2584,2488,77,76,13,13,13,6471.45,6545.0,-73.55000000000018
2585,2488,71,70,20,19,15,7623.0,6035.0,1588.0
2586,2488,69,68,17,17,19,10282.95,5865.0,4417.950000000001
2587,2488,77,76,21,21,21,11293.875,6545.0,4748.875
2588,2488,74,73,20,20,22,11826.5625,6290.0,5536.5625
2589,2488,80,79,20,19,13,4680.0,6800.0,-2120.0
2590,2488,81,80,17,17,23,11677.8375,6885.0,4792.8375
2591,2488,80,79,19,19,17,8577.45,6800.0,1777.4500000000007
2592,2488,77,76,17,17,23,11246.400000000001,6545.0,4701.4000000000015
2593,2488,84,83,20,20,20,10861.65,7140.0,3721.6499999999996
2594,2488,77,76,17,17,13,5899.05,6545.0,-645.9499999999998
2595,2488,68,67,18,18,29,15256.0125,5780.0,9476.0125
2596,2488,77,76,17,17,17,8613.50625,6545.0,2068.5062500000004
2597,2488,63,62,13,13,12,4824.450000000001,5355.0,-530.5499999999993
2598,2488,73,72,18,18,24,11573.212500000001,6205.0,5368.2125000000015
2599,2488,77,76,27,27,23,9857.25,6545.0,3312.25
2600,2488,70,69,18,18,24,13297.05,5950.0,7347.049999999999
2601,2488,83,82,15,14,13,5105.7,7055.0,-1949.3000000000002
2602,2488,70,69,21,21,32,19249.846875,5950.0,13299.846875
2603,2488,93,92,15,15,12,5846.625,7905.0,-2058.375
2604,2488,74,73,20,20,16,6537.6,6290.0,247.60000000000036
2605,2488,73,72,19,19,17,6706.8,6205.0,501.8000000000002
2606,2488,85,84,14,14,16,9540.45,7225.0,2315.4500000000007
2607,2488,87,86,18,18,17,8538.75,7395.0,1143.75
2608,2488,73,72,25,24,29,17181.45,6205.0,10976.45
2609,2488,78,77,19,19,25,13208.4,6630.0,6578.4
2610,2488,88,87,9,9,14,9177.3,7480.0,1697.2999999999993
2611,2488,83,82,21,21,22,8254.125,7055.0,1199.125
2612,2488,80,79,20,20,19,6749.549999999999,6800.0,-50.45000000000073
2613,2488,70,69,15,15,11,6259.275000000001,5950.0,309.27500000000055
2614,2488,68,67,15,15,16,6538.95,5780.0,758.9499999999998
2615,2488,65,64,23,23,33,21757.5703125,5525.0,16232.5703125
2616,2488,77,76,15,15,17,7380.450000000001,6545.0,835.4500000000007
2617,2488,74,73,19,19,26,13546.462500000001,6290.0,7256.4625000000015
2618,2488,72,71,17,17,28,18230.175,6120.0,12110.175
2619,2488,73,72,14,14,24,10809.1125,6205.0,4604.112499999999
2620,2488,87,86,18,17,13,4826.7,7395.0,-2568.3
2621,2488,68,67,17,17,21,14680.9125,5780.0,8900.9125
2622,2488,69,68,16,16,23,12212.7609375,5865.0,6347.760937499999
2623,2488,74,73,20,20,14,6130.8,6290.0,-159.19999999999982
2624,2488,72,71,17,17,19,8078.85,6120.0,1958.8500000000004
2625,2488,74,73,20,20,25,11187.45,6290.0,4897.450000000001
2626,2488,75,74,19,19,27,14777.043749999999,6375.0,8402.043749999999
2627,2488,73,72,20,20,16,8108.549999999999,6205.0,1903.5499999999993
2628,2488,73,72,29,28,34,18023.4,6205.0,11818.400000000001
2629,2488,73,72,21,21,23,13511.721093750002,6205.0,7306.721093750002
2630,2488,66,65,22,22,28,12853.85625,5610.0,7243.856250000001
2631,2488,83,82,21,21,15,6750.0,7055.0,-305.0
2632,2488,79,78,13,13,13,4782.6,6715.0,-1932.3999999999996
2633,2488,73,72,12,12,14,7277.34375,6205.0,1072.34375
2634,2488,81,80,20,20,26,12910.95,6885.0,6025.950000000001
2635,2488,80,79,20,19,25,14343.890625000002,6800.0,7543.890625000002
2636,2488,83,82,20,20,24,14113.3640625,7055.0,7058.364062500001
2637,2488,83,82,15,15,13,6218.1,7055.0,-836.8999999999996
2638,2488,81,80,19,19,23,11376.0,6885.0,4491.0
2639,2488,87,86,19,19,17,7690.05,7395.0,295.0500000000002
2640,2488,76,75,15,14,19,11670.075,6460.0,5210.075000000001
2641,2488,73,72,13,13,15,8823.599999999999,6205.0,2618.5999999999985
2642,2488,78,77,13,13,6,2222.1,6630.0,-4407.9
2643,2488,78,77,16,16,16,7327.35,6630.0,697.3500000000004
2644,2488,77,76,23,23,15,5646.6,6545.0,-898.3999999999996
2645,2488,68,67,16,16,23,13178.025000000001,5780.0,7398.0250000000015
2646,2488,69,68,20,20,29,17433.225,5865.0,11568.224999999999
2647,2488,69,68,23,23,25,13457.925,5865.0,7592.924999999999
2648,2488,87,86,12,12,9,4632.3,7395.0,-2762.7
2649,2488,94,93,12,12,14,7805.7,7990.0,-184.30000000000018
2650,2488,72,71,24,23,24,10783.35,6120.0,4663.35
2651,2488,81,80,20,20,19,8728.2,6885.0,1843.2000000000007
2652,2488,76,75,19,19,16,6934.5,6460.0,474.5
2653,2488,70,69,19,19,23,11703.993750000001,5950.0,5753.9937500000015
2654,2488,84,83,13,13,16,9024.075,7140.0,1884.0750000000007
2655,2488,74,73,19,19,18,7950.4875,6290.0,1660.4875000000002
2656,2488,76,75,16,16,15,6317.1,6460.0,-142.89999999999964
2657,2488,82,81,17,17,18,9189.675,6970.0,2219.6749999999993
2658,2488,70,69,22,21,28,14522.5125,5950.0,8572.5125
2659,2488,82,81,15,15,28,15176.362500000001,6970.0,8206.362500000001
2660,2488,87,86,16,16,16,6850.8,7395.0,-544.1999999999998
2661,2488,80,79,21,21,19,7923.6,6800.0,1123.6000000000004
2662,2488,77,76,16,16,11,4213.35,6545.0,-2331.6499999999996
2663,2488,80,79,16,16,16,5780.925,6800.0,-1019.0749999999998
2664,2488,87,86,14,14,10,2816.1,7395.0,-4578.9
2665,2488,81,80,10,10,10,3623.4,6885.0,-3261.6
2666,2488,82,81,23,23,15,6238.125,6970.0,-731.875
2667,2488,79,78,17,17,17,9209.475,6715.0,2494.4750000000004
2668,2488,84,83,17,17,27,17185.725,7140.0,10045.724999999999
2669,2488,84,83,17,17,13,5831.6625,7140.0,-1308.3374999999996
2670,2488,87,86,16,16,12,4626.0,7395.0,-2769.0
2671,2488,76,75,21,21,20,11157.412499999999,6460.0,4697.4124999999985
2672,2488,82,81,18,18,30,15037.3125,6970.0,8067.3125
2673,2488,75,74,12,12,15,8675.099999999999,6375.0,2300.0999999999985
2674,2488,78,77,21,21,28,17097.3,6630.0,10467.3
2675,2488,62,61,24,23,25,10161.675,5270.0,4891.674999999999
2676,2488,81,80,21,21,17,7107.75,6885.0,222.75
2677,2488,70,69,22,22,33,20332.283642578124,5950.0,14382.283642578124
2678,2488,90,89,18,18,15,7950.6,7650.0,300.60000000000036
2679,2488,77,76,17,17,17,8941.05,6545.0,2396.0499999999993
2680,2488,84,83,16,16,10,4235.4,7140.0,-2904.6000000000004
2681,2488,81,80,20,19,17,7168.5,6885.0,283.5
2682,2488,75,74,17,17,23,10999.575,6375.0,4624.575000000001
2683,2488,82,81,18,18,23,11896.875,6970.0,4926.875
2684,2488,80,79,17,17,23,12653.6625,6800.0,5853.6625
2685,2488,72,71,20,20,25,12172.837500000001,6120.0,6052.8375000000015
2686,2488,72,71,18,18,18,8807.7375,6120.0,2687.7374999999993
2687,2488,72,71,14,14,12,3929.4,6120.0,-2190.6
2688,2488,84,83,17,17,15,8311.725,7140.0,1171.7250000000004
2689,2488,83,82,20,19,32,21708.675,7055.0,14653.675
2690,2488,85,84,15,15,14,8281.51875,7225.0,1056.5187499999993
2691,2488,69,68,11,11,25,18180.50625,5865.0,12315.506249999999
2692,2488,78,77,19,19,13,4625.1,6630.0,-2004.8999999999996
2693,2488,83,82,18,18,23,13304.137499999999,7055.0,6249.137499999999
2694,2488,70,69,19,19,19,8958.375,5950.0,3008.375
2695,2488,73,72,16,16,23,10779.3,6205.0,4574.299999999999
2696,2488,76,75,22,21,25,13097.7,6460.0,6637.700000000001
2697,2488,78,77,11,11,10,5462.1,6630.0,-1167.8999999999996
2698,2488,79,78,15,15,11,3710.7,6715.0,-3004.3
2699,2488,72,71,20,20,20,7513.65,6120.0,1393.6499999999996
2700,2488,75,74,17,17,29,17978.57578125,6375.0,11603.575781250001
2701,2488,79,78,26,25,31,16848.731250000004,6715.0,10133.731250000004
2702,2488,74,73,15,15,31,19107.28125,6290.0,12817.28125
2703,2488,74,73,21,21,26,13462.425000000001,6290.0,7172.425000000001
2704,2488,79,78,18,18,18,7902.225,6715.0,1187.2250000000004
2705,2488,68,67,18,18,24,12965.175000000001,5780.0,7185.175000000001
2706,2488,72,71,22,21,30,17113.046484375,6120.0,10993.046484375001
2707,2488,78,77,21,20,18,11124.45,6630.0,4494.450000000001
2708,2488,73,72,22,22,26,12143.475,6205.0,5938.475
2709,2488,87,86,19,19,17,9560.362500000001,7395.0,2165.362500000001
2710,2488,73,72,21,21,30,16990.875,6205.0,10785.875
2711,2488,65,64,16,15,33,20444.74453125,5525.0,14919.744531249999
2712,2488,75,74,17,17,25,15839.1,6375.0,9464.1
2713,2488,77,76,15,15,15,6453.9,6545.0,-91.10000000000036
2714,2488,75,74,16,16,17,7805.7,6375.0,1430.6999999999998
2715,2488,68,67,17,17,23,13560.6375,5780.0,7780.637500000001
2716,2488,68,67,22,22,30,14435.1,5780.0,8655.1
2717,2488,84,83,19,19,19,8526.825,7140.0,1386.8250000000007
2718,2488,65,64,22,22,27,13764.740625,5525.0,8239.740625
2719,2488,78,77,21,21,31,18855.731249999997,6630.0,12225.731249999997
2720,2488,70,69,20,20,19,8382.599999999999,5950.0,2432.5999999999985
2721,2488,77,76,20,20,26,15680.7,6545.0,9135.7
2722,2488,71,70,21,21,17,6198.75,6035.0,163.75
2723,2488,77,76,17,17,25,11340.45,6545.0,4795.450000000001
2724,2488,71,70,24,24,20,7645.5,6035.0,1610.5
2725,2488,75,74,14,14,19,10316.474999999999,6375.0,3941.4749999999985
2726,2488,75,74,22,22,14,6919.2,6375.0,544.1999999999998
2727,2488,71,70,20,20,23,11902.05,6035.0,5867.049999999999
2728,2488,73,72,15,15,21,12449.64375,6205.0,6244.643749999999
2729,2488,76,75,20,19,24,17262.1125,6460.0,10802.1125
2730,2488,82,81,18,18,21,12086.325,6970.0,5116.325000000001
2731,2488,80,79,15,15,16,7325.55,6800.0,525.5500000000002
2732,2488,83,82,11,10,18,10436.175000000001,7055.0,3381.175000000001
2733,2488,80,79,17,17,25,14988.15,6800.0,8188.15
2734,2488,73,72,17,17,19,9645.8625,6205.0,3440.8624999999993
2735,2488,67,66,19,19,35,20884.33125,5695.0,15189.33125
2736,2488,60,59,26,26,18,8849.25,5100.0,3749.25
2737,2488,71,70,18,18,37,23398.073437500003,6035.0,17363.073437500003
2738,2488,79,78,19,19,30,14792.849999999999,6715.0,8077.8499999999985
2739,2488,85,84,18,18,19,8978.4,7225.0,1753.3999999999996
2740,2488,83,82,21,21,17,6187.5,7055.0,-867.5
2741,2488,80,79,18,18,22,14483.25,6800.0,7683.25
2742,2488,72,71,22,22,18,5533.65,6120.0,-586.3500000000004
2743,2488,80,79,20,20,24,10942.65,6800.0,4142.65
2744,2488,72,71,14,14,17,9869.4,6120.0,3749.3999999999996
2745,2488,75,74,21,21,18,8647.65,6375.0,2272.6499999999996
2746,2488,68,67,18,18,28,17471.025,5780.0,11691.025000000001
2747,2488,81,80,21,21,25,12258.449999999999,6885.0,5373.449999999999
2748,2488,81,80,18,18,16,6252.3,6885.0,-632.6999999999998
2749,2488,82,81,12,12,6,1800.0,6970.0,-5170.0
2750,2488,74,73,16,16,22,11224.462500000001,6290.0,4934.4625000000015
2751,2488,82,81,17,17,19,9583.2,6970.0,2613.2000000000007
2752,2488,80,79,16,16,18,9028.6875,6800.0,2228.6875
2753,2488,84,83,13,13,15,7353.9,7140.0,213.89999999999964
2754,2488,76,75,19,19,19,9785.7,6460.0,3325.7000000000007
2755,2488,90,89,14,14,10,4407.3,7650.0,-3242.7
2756,2488,65,64,19,19,19,8444.7,5525.0,2919.7000000000007
2757,2488,81,80,19,19,22,12727.8,6885.0,5842.799999999999
2758,2488,80,79,19,19,12,5997.6,6800.0,-802.3999999999996
2759,2488,85,84,11,11,9,5421.9375,7225.0,-1803.0625
2760,2488,82,81,17,17,26,14059.18125,6970.0,7089.18125
2761,2488,74,73,17,17,19,9016.425,6290.0,2726.4249999999993
2762,2488,79,78,17,17,34,21625.038281250003,6715.0,14910.038281250003
2763,2488,74,73,17,17,17,10050.693749999999,6290.0,3760.6937499999985
2764,2488,77,76,21,21,16,7022.925,6545.0,477.9250000000002
2765,2488,68,67,22,22,17,8486.325,5780.0,2706.3250000000007
2766,2488,74,73,13,13,22,16020.4078125,6290.0,9730.4078125
2767,2488,73,72,14,14,14,8501.396484375,6205.0,2296.396484375
2768,2488,73,72,15,15,24,13601.475,6205.0,7396.475
2769,2488,75,74,17,17,16,6859.8,6375.0,484.8000000000002
2770,2488,86,85,20,20,23,13423.331250000001,7310.0,6113.331250000001
2771,2488,71,70,17,16,18,7405.199999999999,6035.0,1370.199999999999
2772,2488,77,76,13,13,13,8483.85,6545.0,1938.8500000000004
2773,2488,70,69,15,15,23,13402.40625,5950.0,7452.40625
2774,2488,75,74,18,18,30,19367.55,6375.0,12992.55
2775,2488,79,78,13,12,19,10049.4,6715.0,3334.3999999999996
2776,2488,75,74,16,16,21,8856.224999999999,6375.0,2481.2249999999985
2777,2488,77,76,17,17,23,10757.25,6545.0,4212.25
2778,2488,84,83,18,18,22,10795.05,7140.0,3655.0499999999993
2779,2488,68,67,20,20,30,17502.975,5780.0,11722.974999999999
2780,2488,74,73,23,22,26,13353.975,6290.0,7063.975
2781,2488,79,78,19,19,25,11582.325,6715.0,4867.325000000001
2782,2488,90,89,17,17,20,10983.825,7650.0,3333.8250000000007
2783,2488,66,65,21,21,32,20168.49375,5610.0,14558.493750000001
2784,2488,77,76,22,22,20,10282.95,6545.0,3737.9500000000007
2785,2488,79,78,22,22,26,16452.5625,6715.0,9737.5625
2786,2488,74,73,17,17,11,4565.25,6290.0,-1724.75
2787,2488,87,86,17,16,14,5311.6875,7395.0,-2083.3125
2788,2488,80,79,22,22,18,8878.95,6800.0,2078.9500000000007
2789,2488,77,76,17,17,24,12763.35,6545.0,6218.35
2790,2488,79,78,18,18,28,18968.0625,6715.0,12253.0625
2791,2488,77,76,15,15,25,15139.153125,6545.0,8594.153125
2792,2488,80,79,16,16,16,7872.299999999999,6800.0,1072.2999999999993
2793,2488,81,80,10,10,9,3953.925,6885.0,-2931.075
2794,2488,74,73,14,14,18,10369.068749999999,6290.0,4079.0687499999985
2795,2488,72,71,18,18,26,14498.94375,6120.0,8378.94375
2796,2488,75,74,20,20,20,10545.862500000001,6375.0,4170.862500000001
2797,2488,77,76,18,18,13,5634.9,6545.0,-910.1000000000004
2798,2488,84,83,17,16,16,6837.3,7140.0,-302.6999999999998
2799,2488,74,73,23,22,31,18092.025,6290.0,11802.025000000001
2800,2488,78,77,13,13,19,11032.650000000001,6630.0,4402.6500000000015
2801,2488,77,76,17,17,9,3481.65,6545.0,-3063.35
2802,2488,79,78,22,22,25,12998.4328125,6715.0,6283.432812499999
2803,2488,79,78,17,16,21,13378.5,6715.0,6663.5
2804,2488,81,80,19,19,16,5772.6,6885.0,-1112.3999999999996
2805,2488,82,81,11,11,9,5293.8,6970.0,-1676.1999999999998
2806,2488,74,73,23,23,26,11438.775,6290.0,5148.775
2807,2488,79,78,25,25,34,22916.75625,6715.0,16201.756249999999
2808,2488,85,84,16,16,20,12642.1875,7225.0,5417.1875
2809,2488,74,73,20,20,25,12438.0,6290.0,6148.0
2810,2488,77,76,22,22,27,14197.725,6545.0,7652.725
2811,2488,69,68,19,19,21,8967.15,5865.0,3102.1499999999996
2812,2488,78,77,17,17,19,12321.9,6630.0,5691.9
2813,2488,72,71,18,18,15,7119.590625,6120.0,999.5906249999998
2814,2488,73,72,20,20,26,11920.5,6205.0,5715.5
2815,2488,77,76,17,17,24,12239.099999999999,6545.0,5694.0999999999985
2816,2488,73,72,20,19,21,10372.95,6205.0,4167.950000000001
2817,2488,69,68,21,21,20,8534.7,5865.0,2669.7000000000007
2818,2488,65,64,24,23,23,11889.9,5525.0,6364.9
2819,2488,72,71,14,14,25,14817.9375,6120.0,8697.9375
2820,2488,78,77,19,19,22,11316.2625,6630.0,4686.262500000001
2821,2488,84,83,17,17,20,12415.5,7140.0,5275.5
2822,2488,78,77,23,23,19,8260.425,6630.0,1630.4249999999993
2823,2488,68,67,21,21,17,7777.8,5780.0,1997.8000000000002
2824,2488,76,75,17,17,23,13859.325,6460.0,7399.325000000001
2825,2488,79,78,19,18,22,13486.275,6715.0,6771.275
2826,2488,72,71,13,13,27,18397.490625,6120.0,12277.490624999999
2827,2488,72,71,17,17,21,11656.800000000001,6120.0,5536.800000000001
2828,2488,87,86,22,22,27,14126.400000000001,7395.0,6731.4000000000015
2829,2488,75,74,20,20,26,12743.55,6375.0,6368.549999999999
2830,2488,80,79,16,16,18,8855.775000000001,6800.0,2055.7750000000015
2831,2488,72,71,17,17,24,17892.675,6120.0,11772.675
2832,2488,75,74,20,19,17,8886.6,6375.0,2511.6000000000004
2833,2488,80,79,13,13,11,5065.5375,6800.0,-1734.4624999999996
2834,2488,81,80,19,19,26,12289.95,6885.0,5404.950000000001
2835,2488,68,67,15,15,19,9996.3,5780.0,4216.299999999999
2836,2488,68,67,20,19,28,16045.6904296875,5780.0,10265.6904296875
2837,2488,81,80,18,18,21,12639.206250000001,6885.0,5754.206250000001
2838,2488,78,77,19,19,17,7754.400000000001,6630.0,1124.4000000000005
2839,2488,67,66,19,19,26,15162.975,5695.0,9467.975
2840,2488,79,78,16,16,15,6038.1,6715.0,-676.8999999999996
2841,2488,75,74,19,19,31,18675.646875,6375.0,12300.646874999999
2842,2488,78,77,17,17,20,8847.225,6630.0,2217.2250000000004
2843,2488,81,80,18,18,26,14066.1,6885.0,7181.1
2844,2488,72,71,22,22,17,5754.6,6120.0,-365.39999999999964
2845,2488,83,82,21,21,16,7662.15,7055.0,607.1499999999996
2846,2488,83,82,23,23,24,15607.0125,7055.0,8552.0125
2847,2488,81,80,17,17,17,7929.000000000001,6885.0,1044.000000000001
2848,2488,79,78,16,15,19,11189.925000000001,6715.0,4474.925000000001
2849,2488,79,78,14,14,13,5413.05,6715.0,-1301.9499999999998
2850,2488,79,78,21,21,29,16120.9125,6715.0,9405.9125
2851,2488,87,86,20,20,31,19453.1625,7395.0,12058.162499999999
2852,2488,81,80,15,15,16,7450.200000000001,6885.0,565.2000000000007
2853,2488,71,70,17,16,19,9753.075,6035.0,3718.0750000000007
2854,2488,74,73,19,19,19,9790.2,6290.0,3500.2000000000007
2855,2488,73,72,18,18,14,6813.9,6205.0,608.8999999999996
2856,2488,79,78,15,15,22,12144.09375,6715.0,5429.09375
2857,2488,81,80,17,17,20,10339.59375,6885.0,3454.59375
2858,2488,74,73,17,17,16,8162.1,6290.0,1872.1000000000004
2859,2488,78,77,18,18,19,8198.55,6630.0,1568.5499999999993
2860,2488,80,79,13,12,7,2970.0,6800.0,-3830.0
2861,2488,64,63,22,22,23,11417.175,5440.0,5977.174999999999
2862,2488,79,78,19,19,26,14955.103125000001,6715.0,8240.103125000001
2863,2488,78,77,18,18,16,8942.85,6630.0,2312.8500000000004
2864,2488,74,73,13,13,8,4494.825,6290.0,-1795.1750000000002
2865,2488,77,76,20,19,21,10935.0,6545.0,4390.0
2866,2488,63,62,16,16,20,11442.825,5355.0,6087.825000000001
2867,2488,68,67,12,11,18,11498.9625,5780.0,5718.9625
2868,2488,79,78,17,17,12,2708.1,6715.0,-4006.9
2869,2488,78,77,12,12,12,5373.0,6630.0,-1257.0
2870,2488,78,77,19,19,17,7324.2,6630.0,694.1999999999998
2871,2488,82,81,17,17,9,3969.9,6970.0,-3000.1
2872,2488,75,74,16,16,13,3841.2000000000003,6375.0,-2533.7999999999997
2873,2488,85,84,18,18,16,7824.15,7225.0,599.1499999999996
2874,2488,72,71,19,18,25,15959.474999999999,6120.0,9839.474999999999
2875,2488,79,78,18,18,15,8007.103125,6715.0,1292.1031249999996
2876,2488,70,69,18,18,20,11273.4,5950.0,5323.4
2877,2488,70,69,15,15,17,7263.225,5950.0,1313.2250000000004
2878,2488,75,74,15,15,18,7539.75,6375.0,1164.75
2879,2488,72,71,21,21,30,14106.2625,6120.0,7986.262500000001
2880,2488,67,66,24,24,20,6376.5,5695.0,681.5
2881,2488,83,82,16,16,15,9892.575,7055.0,2837.5750000000007
2882,2488,81,80,20,20,14,6785.04375,6885.0,-99.95625000000018
2883,2488,77,76,23,23,24,13517.325,6545.0,6972.325000000001
2884,2488,78,77,16,16,28,16251.91875,6630.0,9621.91875
2885,2488,76,75,20,20,17,8793.0,6460.0,2333.0
2886,2488,73,72,15,15,20,13645.378125,6205.0,7440.378124999999
2887,2488,73,72,19,19,17,8252.325,6205.0,2047.3250000000007
2888,2488,86,85,17,16,27,14889.824999999999,7310.0,7579.824999999999
2889,2488,80,79,13,13,11,4231.35,6800.0,-2568.6499999999996
2890,2488,74,73,23,23,22,10059.8625,6290.0,3769.8624999999993
2891,2488,73,72,14,14,19,9474.75,6205.0,3269.75
2892,2488,77,76,18,18,21,11602.35,6545.0,5057.35
2893,2488,76,75,13,13,20,9894.7125,6460.0,3434.7124999999996
2894,2488,75,74,15,15,30,21522.65625,6375.0,15147.65625
2895,2488,78,77,17,17,26,13210.875,6630.0,6580.875
2896,2488,77,76,13,13,14,5931.45,6545.0,-613.5500000000002
2897,2488,76,75,25,24,22,8386.2,6460.0,1926.2000000000007
2898,2488,77,76,17,17,27,18134.94375,6545.0,11589.943749999999
2899,2488,74,73,19,19,20,9675.39375,6290.0,3385.3937499999993
2900,2488,85,84,19,18,15,7673.85,7225.0,448.85000000000036
2901,2488,71,70,22,22,26,12981.0375,6035.0,6946.0375
2902,2488,84,83,15,15,17,10319.175,7140.0,3179.1749999999993
2903,2488,86,85,21,21,18,8662.5,7310.0,1352.5
2904,2488,82,81,14,14,23,16478.1,6970.0,9508.099999999999
2905,2488,69,68,22,22,15,6649.65,5865.0,784.6499999999996
2906,2488,80,79,21,20,21,10508.4,6800.0,3708.3999999999996
2907,2488,70,69,19,19,21,7939.349999999999,5950.0,1989.3499999999995
2908,2488,76,75,19,19,21,9170.55,6460.0,2710.5499999999993
2909,2488,81,80,18,18,21,12943.35,6885.0,6058.35
2910,2488,87,86,23,23,34,20677.5,7395.0,13282.5
2911,2488,84,83,18,18,15,6171.075,7140.0,-968.9250000000002
2912,2488,74,73,17,17,34,20687.56875,6290.0,14397.568749999999
2913,2488,74,73,15,14,14,6513.525,6290.0,223.52499999999964
2914,2488,82,81,20,19,18,12239.212500000001,6970.0,5269.2125000000015
2915,2488,78,77,23,23,22,8593.65,6630.0,1963.6499999999996
2916,2488,70,69,22,22,34,25842.15,5950.0,19892.15
2917,2488,74,73,24,24,12,4878.9,6290.0,-1411.1000000000004
2918,2488,80,79,15,15,18,9380.475,6800.0,2580.4750000000004
2919,2488,85,84,19,19,18,9557.325,7225.0,2332.3250000000007
2920,2488,80,79,21,21,21,10360.8,6800.0,3560.7999999999993
2921,2488,86,85,13,13,12,4823.1,7310.0,-2486.8999999999996
2922,2488,78,77,20,20,21,8975.5875,6630.0,2345.5874999999996
2923,2488,75,74,16,16,14,5229.0,6375.0,-1146.0
2924,2488,69,68,17,17,18,8369.8875,5865.0,2504.8875000000007
2925,2488,76,75,21,21,19,8993.953125,6460.0,2533.953125
2926,2488,78,77,17,17,20,11052.225,6630.0,4422.225
2927,2488,74,73,20,20,16,5078.7,6290.0,-1211.3000000000002
2928,2488,79,78,18,18,19,9483.3,6715.0,2768.2999999999993
2929,2488,76,75,11,11,18,8586.0,6460.0,2126.0
2930,2488,79,78,14,13,16,10040.625,6715.0,3325.625
2931,2488,77,76,14,14,24,16353.39375,6545.0,9808.39375
2932,2488,77,76,16,16,22,12163.05,6545.0,5618.049999999999
2933,2488,81,80,19,19,14,5102.55,6885.0,-1782.4499999999998
2934,2488,65,64,24,24,21,8694.0,5525.0,3169.0
2935,2488,74,73,17,17,20,9484.9875,6290.0,3194.9874999999993
2936,2488,74,73,14,14,15,6683.625000000002,6290.0,393.6250000000018
2937,2488,71,70,19,19,29,13901.3015625,6035.0,7866.301562500001
2938,2488,83,82,19,18,19,9223.2,7055.0,2168.2000000000007
2939,2488,79,78,19,19,19,10208.25,6715.0,3493.25
2940,2488,78,77,22,22,22,10550.25,6630.0,3920.25
2941,2488,74,73,21,20,26,14311.8,6290.0,8021.799999999999
2942,2488,72,71,17,17,22,12639.6,6120.0,6519.6
2943,2488,71,70,14,14,23,14689.209374999999,6035.0,8654.209374999999
2944,2488,66,65,15,14,23,15593.9203125,5610.0,9983.9203125
2945,2488,64,63,22,22,21,11169.95625,5440.0,5729.956249999999
2946,2488,77,76,21,21,16,10039.5,6545.0,3494.5
2947,2488,96,95,16,16,15,6639.8625,8160.0,-1520.1374999999998
2948,2488,72,71,19,19,26,15881.625,6120.0,9761.625
2949,2488,72,71,15,15,23,12317.9625,6120.0,6197.9625
2950,2488,71,70,24,23,38,21587.85,6035.0,15552.849999999999
2951,2488,80,79,20,20,20,10846.35,6800.0,4046.3500000000004
2952,2488,75,74,15,15,41,25925.709375000002,6375.0,19550.709375000002
2953,2488,70,69,15,15,19,11362.725,5950.0,5412.725
2954,2488,76,75,16,16,19,9475.2,6460.0,3015.2000000000007
2955,2488,75,74,17,16,16,7385.849999999999,6375.0,1010.8499999999995
2956,2488,74,73,20,20,19,8350.2,6290.0,2060.2000000000007
2957,2488,71,70,20,20,42,25330.53251953125,6035.0,19295.53251953125
2958,2488,75,74,14,14,13,6469.65,6375.0,94.64999999999964
2959,2488,73,72,12,12,12,6090.525,6205.0,-114.47500000000036
2960,2488,76,75,14,14,14,5908.950000000001,6460.0,-551.0499999999993
2961,2488,86,85,21,21,25,12638.25,7310.0,5328.25
2962,2488,86,85,17,17,11,4848.3,7310.0,-2461.7
2963,2488,75,74,17,17,12,5400.0,6375.0,-975.0
2964,2488,78,77,14,14,10,4365.0,6630.0,-2265.0
2965,2488,88,87,17,17,10,4970.7,7480.0,-2509.3
2966,2488,73,72,17,17,23,12418.425,6205.0,6213.424999999999
2967,2488,75,74,16,16,11,4135.05,6375.0,-2239.95
2968,2488,77,76,15,15,15,7677.0,6545.0,1132.0
2969,2488,64,63,20,20,37,20365.649999999998,5440.0,14925.649999999998
2970,2488,69,68,22,22,25,11976.974999999999,5865.0,6111.9749999999985
2971,2488,73,72,22,22,23,9752.625,6205.0,3547.625
2972,2488,81,80,18,18,19,8926.2,6885.0,2041.2000000000007
2973,2488,81,80,22,21,26,13946.0625,6885.0,7061.0625
2974,2488,75,74,19,18,35,21458.58046875,6375.0,15083.580468749999
2975,2488,75,74,16,16,7,2304.9,6375.0,-4070.1
2976,2488,73,72,19,18,21,8667.9,6205.0,2462.8999999999996
2977,2488,74,73,21,21,23,9710.099999999999,6290.0,3420.0999999999985
2978,2488,72,71,25,25,40,22172.6390625,6120.0,16052.639062499999
2979,2488,75,74,14,14,15,10131.24375,6375.0,3756.2437499999996
2980,2488,66,65,19,19,24,15877.35,5610.0,10267.35
2981,2488,76,75,16,16,17,7503.075,6460.0,1043.0749999999998
2982,2488,84,83,14,14,19,9371.7,7140.0,2231.7000000000007
2983,2488,78,77,21,21,21,11236.8375,6630.0,4606.8375
2984,2488,82,81,15,15,9,3081.6,6970.0,-3888.4
2985,2488,66,65,21,21,33,17974.9125,5610.0,12364.912499999999
2986,2488,82,81,16,16,13,5936.4,6970.0,-1033.6000000000004
2987,2488,79,78,12,12,24,19450.5416015625,6715.0,12735.541601562501
2988,2488,76,75,22,22,38,25010.015625000004,6460.0,18550.015625000004
2989,2488,70,69,19,18,18,7336.8,5950.0,1386.8000000000002
2990,2488,87,86,19,19,24,12316.6125,7395.0,4921.612499999999
2991,2488,78,77,23,23,33,16600.753125,6630.0,9970.753125
2992,2488,80,79,20,20,23,10774.2375,6800.0,3974.2374999999993
2993,2488,77,76,16,16,24,14092.7466796875,6545.0,7547.7466796875
2994,2488,67,66,17,16,33,20744.887499999997,5695.0,15049.887499999997
2995,2488,83,82,20,20,17,8753.4,7055.0,1698.3999999999996
2996,2488,76,75,19,19,10,2736.8999999999996,6460.0,-3723.1000000000004
2997,2488,76,75,16,16,22,16263.225,6460.0,9803.225
2998,2488,69,68,16,16,28,20095.88983154297,5865.0,14230.889831542969
2999,2488,79,78,14,14,16,8726.85,6715.0,2011.8500000000004
3000,2488,78,77,14,14,29,20760.075,6630.0,14130.075
3001,2488,67,66,19,19,26,12148.425,5695.0,6453.424999999999
3002,2488,80,79,15,15,16,10462.8375,6800.0,3662.8374999999996
3003,2488,69,68,17,17,23,12754.96875,5865.0,6889.96875
3004,2488,73,72,13,13,15,7737.975,6205.0,1532.9750000000004
3005,2488,82,81,21,21,24,15205.05,6970.0,8235.05
3006,2488,79,78,16,16,18,9058.05,6715.0,2343.0499999999993
3007,2488,84,83,15,15,37,25925.7990234375,7140.0,18785.7990234375
3008,2488,89,88,13,13,20,9659.25,7565.0,2094.25
3009,2488,71,70,14,14,9,4978.35,6035.0,-1056.6499999999996
3010,2488,81,80,19,19,20,10374.3,6885.0,3489.2999999999993
3011,2488,66,65,20,20,26,15033.9375,5610.0,9423.9375
3012,2488,82,81,15,15,11,6667.65,6970.0,-302.35000000000036
3013,2488,69,68,21,21,23,13151.475000000002,5865.0,7286.475000000002
3014,2488,71,70,18,18,19,9479.25,6035.0,3444.25
3015,2488,78,77,17,17,19,10621.8,6630.0,3991.7999999999993
3016,2488,75,74,16,16,13,5391.9,6375.0,-983.1000000000004
3017,2488,76,75,18,18,21,10780.425,6460.0,4320.424999999999
3018,2488,77,76,19,19,18,7716.375,6545.0,1171.375
3019,2488,82,81,22,22,17,6935.625,6970.0,-34.375
3020,2488,74,73,24,24,27,12415.021875000002,6290.0,6125.021875000002
3021,2488,75,74,17,17,26,14899.724999999999,6375.0,8524.724999999999
3022,2488,83,82,16,16,22,14560.70625,7055.0,7505.706249999999
3023,2488,77,76,17,17,17,6805.799999999999,6545.0,260.7999999999993
3024,2488,78,77,15,15,26,16188.3,6630.0,9558.3
3025,2488,76,75,17,17,24,12878.746875,6460.0,6418.746875000001
3026,2488,75,74,19,19,21,11410.2,6375.0,5035.200000000001
3027,2488,78,77,19,19,12,6346.8,6630.0,-283.1999999999998
3028,2488,74,73,20,20,25,17057.475,6290.0,10767.474999999999
3029,2488,81,80,14,13,18,11932.2,6885.0,5047.200000000001
3030,2488,78,77,13,13,13,5901.3,6630.0,-728.6999999999998
3031,2488,82,81,15,15,9,2621.7,6970.0,-4348.3
3032,2488,72,71,14,14,20,11799.73125,6120.0,5679.731250000001
3033,2488,78,77,18,18,18,10630.40625,6630.0,4000.40625
3034,2488,87,86,20,20,20,10705.471875,7395.0,3310.4718749999993
3035,2488,70,69,18,18,27,15992.550000000001,5950.0,10042.550000000001
3036,2488,69,68,15,15,19,11014.2,5865.0,5149.200000000001
3037,2488,78,77,19,19,20,11402.1,6630.0,4772.1
3038,2488,85,84,16,16,17,7714.8,7225.0,489.8000000000002
3039,2488,81,80,19,19,20,10451.25,6885.0,3566.25
3040,2488,80,79,16,15,20,11195.55,6800.0,4395.549999999999
3041,2488,77,76,26,26,32,18246.15,6545.0,11701.150000000001
3042,2488,74,73,20,20,22,11847.43125,6290.0,5557.43125
3043,2488,67,66,15,15,21,12087.0,5695.0,6392.0
3044,2488,84,83,16,16,15,8085.6,7140.0,945.6000000000004
3045,2488,77,76,18,18,11,4576.05,6545.0,-1968.9499999999998
3046,2488,64,63,18,18,23,16229.475,5440.0,10789.475
3047,2488,64,63,19,19,23,13171.275,5440.0,7731.275
3048,2488,69,68,15,14,20,10000.9125,5865.0,4135.9125
3049,2488,72,71,23,23,19,9311.85,6120.0,3191.8500000000004
3050,2488,80,79,16,16,16,6861.15,6800.0,61.149999999999636
3051,2488,86,85,12,12,10,3938.4,7310.0,-3371.6
3052,2488,78,77,18,18,20,9791.1,6630.0,3161.1000000000004
3053,2488,79,78,16,16,18,11020.5,6715.0,4305.5
3054,2488,76,75,21,21,25,13556.7,6460.0,7096.700000000001
3055,2488,80,79,14,13,14,6057.0,6800.0,-743.0
3056,2488,79,78,15,15,12,4612.05,6715.0,-2102.95
3057,2488,83,82,15,15,15,6508.8,7055.0,-546.1999999999998
3058,2488,78,77,21,21,13,4209.299999999999,6630.0,-2420.7000000000007
3059,2488,71,70,12,12,13,9233.803124999999,6035.0,3198.8031249999985
3060,2488,80,79,18,18,20,10067.849999999999,6800.0,3267.8499999999985
3061,2488,64,63,19,19,22,11809.125,5440.0,6369.125
3062,2488,83,82,18,18,21,9211.05,7055.0,2156.0499999999993
3063,2488,73,72,26,26,21,7109.1,6205.0,904.1000000000004
3064,2488,76,75,18,18,22,13689.16875,6460.0,7229.168750000001
3065,2488,87,86,24,24,23,10736.55,7395.0,3341.5499999999993
3066,2488,74,73,16,16,16,8395.2,6290.0,2105.2000000000007
3067,2488,76,75,23,23,30,16425.0,6460.0,9965.0
3068,2488,71,70,17,17,22,15178.95,6035.0,9143.95
3069,2488,72,71,20,19,21,12840.806250000001,6120.0,6720.8062500000015
3070,2488,80,79,20,20,27,14855.849999999999,6800.0,8055.8499999999985
3071,2488,81,80,21,21,29,15609.375,6885.0,8724.375
3072,2488,71,70,16,16,17,8344.575,6035.0,2309.5750000000007
3073,2488,69,68,19,18,18,9168.75,5865.0,3303.75
3074,2488,77,76,21,21,36,19515.375,6545.0,12970.375
3075,2488,66,65,24,24,23,11830.6125,5610.0,6220.612499999999
3076,2488,69,68,23,23,27,15024.9375,5865.0,9159.9375
3077,2488,77,76,21,20,17,6302.7,6545.0,-242.30000000000018
3078,2488,73,72,20,20,20,9369.9,6205.0,3164.8999999999996
3079,2488,78,77,16,16,11,2187.9,6630.0,-4442.1
3080,2488,72,71,14,14,20,11642.625,6120.0,5522.625
3081,2488,76,75,21,20,23,9853.2,6460.0,3393.2000000000007
3082,2488,77,76,21,21,16,5798.25,6545.0,-746.75
3083,2488,75,74,19,19,20,9625.95,6375.0,3250.9500000000007
3084,2488,74,73,17,17,18,10591.875,6290.0,4301.875
3085,2488,84,83,19,19,16,7964.1,7140.0,824.1000000000004
3086,2488,63,62,23,23,39,23265.625781249997,5355.0,17910.625781249997
3087,2488,77,76,19,19,25,15286.921875,6545.0,8741.921875
3088,2488,75,74,20,20,21,9177.075,6375.0,2802.0750000000007
3089,2488,73,72,14,14,31,20732.09765625,6205.0,14527.09765625
3090,2488,76,75,19,19,38,22839.143774414064,6460.0,16379.143774414064
3091,2488,80,79,21,20,35,18555.525,6800.0,11755.525000000001
3092,2488,81,80,18,18,25,12949.2,6885.0,6064.200000000001
3093,2488,76,75,16,16,31,22311.351562499996,6460.0,15851.351562499996
3094,2488,70,69,14,14,37,23008.865625,5950.0,17058.865625
3095,2488,81,80,18,18,26,15300.9,6885.0,8415.9
3096,2488,82,81,17,17,18,9565.2,6970.0,2595.2000000000007
3097,2488,76,75,19,18,31,19249.2,6460.0,12789.2
3098,2488,64,63,22,22,25,10003.1625,5440.0,4563.1625
3099,2488,80,79,18,18,15,6649.65,6800.0,-150.35000000000036
3100,2488,72,71,21,20,23,11502.9,6120.0,5382.9
3101,2488,72,71,16,16,10,5589.9,6120.0,-530.1000000000004
3102,2488,73,72,19,19,24,11951.55,6205.0,5746.549999999999
3103,2488,78,77,20,20,34,20471.540624999998,6630.0,13841.540624999998
3104,2488,71,70,21,20,21,8456.85,6035.0,2421.8500000000004
3105,2488,76,75,18,18,28,17860.3875,6460.0,11400.3875
3106,2488,83,82,19,19,22,11372.5125,7055.0,4317.512500000001
3107,2488,68,67,21,20,24,12132.225,5780.0,6352.225
3108,2488,75,74,14,14,22,10427.625,6375.0,4052.625
3109,2488,73,72,16,15,27,18739.575,6205.0,12534.575
3110,2488,71,70,21,21,24,13365.61875,6035.0,7330.61875
3111,2488,83,82,18,18,9,3987.0,7055.0,-3068.0
3112,2488,72,71,21,21,31,17021.36953125,6120.0,10901.369531249999
3113,2488,75,74,15,15,16,7237.575,6375.0,862.5749999999998
3114,2488,83,82,20,20,16,6795.0,7055.0,-260.0
3115,2488,78,77,19,19,25,14018.4,6630.0,7388.4
3116,2488,80,79,18,18,28,14644.8,6800.0,7844.799999999999
3117,2488,74,73,16,16,15,8463.375,6290.0,2173.375
3118,2488,77,76,20,20,23,10645.2,6545.0,4100.200000000001
3119,2488,81,80,15,15,13,5314.5,6885.0,-1570.5
3120,2488,74,73,18,18,15,6394.5,6290.0,104.5
3121,2488,86,85,17,17,16,7268.4,7310.0,-41.600000000000364
3122,2488,84,83,19,19,27,17218.2375,7140.0,10078.2375
3123,2488,70,69,18,18,15,7090.200000000001,5950.0,1140.2000000000007
3124,2488,68,67,18,18,23,12931.875,5780.0,7151.875
3125,2488,84,83,22,22,24,11811.375,7140.0,4671.375
3126,2488,73,72,18,18,22,9868.05,6205.0,3663.0499999999993
3127,2488,78,77,22,22,15,5809.5,6630.0,-820.5
3128,2488,77,76,21,21,29,16067.7,6545.0,9522.7
3129,2488,83,82,17,16,19,11000.025,7055.0,3945.0249999999996
3130,2488,76,75,12,12,12,5484.825000000001,6460.0,-975.1749999999993
3131,2488,75,74,19,19,13,4629.6,6375.0,-1745.3999999999996
3132,2488,73,72,20,19,20,10845.0,6205.0,4640.0
3133,2488,74,73,20,19,18,8418.150000000001,6290.0,2128.1500000000015
3134,2488,68,67,22,22,41,24863.315625000003,5780.0,19083.315625000003
3135,2488,76,75,17,17,18,8978.9625,6460.0,2518.9624999999996
3136,2488,79,78,17,17,25,14285.475,6715.0,7570.475
3137,2488,85,84,17,17,13,6212.7,7225.0,-1012.3000000000002
3138,2488,62,61,14,14,17,9297.84375,5270.0,4027.84375
3139,2488,65,64,19,18,27,17976.88125,5525.0,12451.881249999999
3140,2488,79,78,20,19,9,3362.4,6715.0,-3352.6
3141,2488,72,71,16,16,16,9741.6,6120.0,3621.6000000000004
3142,2488,71,70,15,15,13,5619.6,6035.0,-415.39999999999964
3143,2488,73,72,20,20,24,12197.25,6205.0,5992.25
3144,2488,77,76,21,20,21,9362.925,6545.0,2817.9249999999993
3145,2488,70,69,22,21,27,14316.75,5950.0,8366.75
3146,2488,79,78,17,16,23,15231.6,6715.0,8516.6
3147,2488,82,81,16,16,16,10865.19375,6970.0,3895.1937500000004
3148,2488,77,76,15,15,14,6564.6,6545.0,19.600000000000364
3149,2488,79,78,11,11,13,6737.4,6715.0,22.399999999999636
3150,2488,79,78,26,26,29,15742.9125,6715.0,9027.9125
3151,2488,76,75,19,19,19,7633.35,6460.0,1173.3500000000004
3152,2488,75,74,13,13,14,7117.65,6375.0,742.6499999999996
3153,2488,75,74,15,15,23,14076.3375,6375.0,7701.3375
3154,2488,71,70,22,21,20,11264.625000000002,6035.0,5229.625000000002
3155,2488,85,84,16,16,10,5064.75,7225.0,-2160.25
3156,2488,73,72,21,21,38,20898.478125,6205.0,14693.478125000001
3157,2488,69,68,14,13,17,9155.925,5865.0,3290.9249999999993
3158,2488,74,73,18,18,17,7368.3,6290.0,1078.3000000000002
3159,2488,72,71,17,17,32,17815.66875,6120.0,11695.66875
3160,2488,76,75,15,14,13,6363.9,6460.0,-96.10000000000036
3161,2488,83,82,11,11,15,7838.1,7055.0,783.1000000000004
3162,2488,72,71,16,16,16,10622.025,6120.0,4502.025
3163,2488,86,85,22,21,18,8882.4375,7310.0,1572.4375
3164,2488,75,74,16,16,18,10422.0,6375.0,4047.0
3165,2488,77,76,17,17,17,5706.450000000001,6545.0,-838.5499999999993
3166,2488,79,78,16,15,18,9545.4,6715.0,2830.3999999999996
3167,2488,75,74,17,17,35,20731.05703125,6375.0,14356.057031249999
3168,2488,76,75,17,17,27,14694.074999999999,6460.0,8234.074999999999
3169,2488,71,70,22,21,35,23721.099169921876,6035.0,17686.099169921876
3170,2488,74,73,13,13,21,13280.625,6290.0,6990.625
3171,2488,70,69,23,23,32,18957.3609375,5950.0,13007.360937500001
3172,2488,88,87,21,21,19,10007.4375,7480.0,2527.4375
3173,2488,72,71,14,14,15,5262.75,6120.0,-857.25
3174,2488,79,78,16,16,14,8073.45,6715.0,1358.4499999999998
3175,2488,74,73,18,18,21,9499.95,6290.0,3209.9500000000007
3176,2488,73,72,16,16,18,9342.0,6205.0,3137.0
3177,2488,73,72,24,23,26,14909.175,6205.0,8704.175
3178,2488,78,77,23,23,26,14476.21875,6630.0,7846.21875
3179,2488,59,58,17,17,21,14675.259375,5015.0,9660.259375
3180,2488,79,78,14,14,17,9613.6875,6715.0,2898.6875
3181,2488,76,75,15,15,16,8392.21875,6460.0,1932.21875
3182,2488,86,85,15,15,16,6834.6,7310.0,-475.39999999999964
3183,2488,79,78,17,17,11,5057.1,6715.0,-1657.8999999999996
3184,2488,76,75,23,23,21,10877.4,6460.0,4417.4
3185,2488,85,84,14,14,9,5251.5,7225.0,-1973.5
3186,2488,79,78,11,11,6,2934.9,6715.0,-3780.1
3187,2488,74,73,21,21,21,10815.075,6290.0,4525.075000000001
3188,2488,84,83,19,19,20,11398.725,7140.0,4258.725
3189,2488,66,65,20,20,16,6475.05,5610.0,865.0500000000002
3190,2488,83,82,20,20,19,8608.95,7055.0,1553.9500000000007
3191,2488,78,77,18,18,18,9971.55,6630.0,3341.5499999999993
3192,2488,78,77,15,14,13,7167.7125,6630.0,537.7124999999996
3193,2488,81,80,16,16,29,15648.58125,6885.0,8763.58125
3194,2488,78,77,15,14,16,7708.95,6630.0,1078.9499999999998
3195,2488,75,74,20,20,26,16148.53125,6375.0,9773.53125
3196,2488,96,95,12,12,11,4826.700000000001,8160.0,-3333.2999999999993
3197,2488,78,77,19,19,21,10660.6125,6630.0,4030.6124999999993
3198,2488,71,70,21,21,23,11070.225,6035.0,5035.225
3199,2488,72,71,19,19,28,14803.65,6120.0,8683.65
3200,2488,78,77,12,12,12,5145.75,6630.0,-1484.25
3201,2488,80,79,16,16,27,15199.762499999999,6800.0,8399.762499999999
3202,2488,81,80,23,23,31,15544.800000000001,6885.0,8659.800000000001
3203,2488,78,77,19,19,26,15980.2875,6630.0,9350.2875
3204,2488,78,77,20,20,21,8530.65,6630.0,1900.6499999999996
3205,2488,84,83,21,21,25,14156.968359375,7140.0,7016.968359375
3206,2488,77,76,14,14,15,6537.6,6545.0,-7.399999999999636
3207,2488,64,63,16,16,17,6483.599999999999,5440.0,1043.5999999999995
3208,2488,75,74,13,12,13,7620.3,6375.0,1245.3000000000002
3209,2488,81,80,18,17,16,6986.700000000001,6885.0,101.70000000000073
3210,2488,69,68,17,16,27,16867.574999999997,5865.0,11002.574999999997
3211,2488,89,88,17,17,14,5756.85,7565.0,-1808.1499999999996
3212,2488,79,78,14,14,17,9515.7,6715.0,2800.7000000000007
3213,2488,83,82,13,13,17,9349.8890625,7055.0,2294.8890625000004
3214,2488,80,79,24,24,24,10320.75,6800.0,3520.75
3215,2488,79,78,16,16,16,6011.1,6715.0,-703.8999999999996
3216,2488,76,75,14,14,23,11665.9125,6460.0,5205.9125
3217,2488,69,68,20,20,23,12079.125,5865.0,6214.125
3218,2488,66,65,21,21,32,21116.475,5610.0,15506.474999999999
3219,2488,79,78,20,20,16,6481.8,6715.0,-233.19999999999982
3220,2488,77,76,20,20,28,20373.570785522457,6545.0,13828.570785522457
3221,2488,79,78,17,16,18,10111.5,6715.0,3396.5
3222,2488,74,73,16,16,15,7130.025,6290.0,840.0249999999996
3223,2488,84,83,17,17,18,9774.9,7140.0,2634.8999999999996
3224,2488,78,77,16,16,12,4404.375,6630.0,-2225.625
3225,2488,79,78,20,20,17,10170.0,6715.0,3455.0
3226,2488,75,74,13,13,10,2997.0,6375.0,-3378.0
3227,2488,85,84,14,14,15,7045.2,7225.0,-179.80000000000018
3228,2488,71,70,20,19,29,16095.31875,6035.0,10060.31875
3229,2488,85,84,18,18,16,8908.65,7225.0,1683.6499999999996
3230,2488,79,78,19,19,19,10179.45,6715.0,3464.4500000000007
3231,2488,85,84,19,19,16,7897.085156250001,7225.0,672.0851562500011
3232,2488,78,77,18,18,18,10605.543749999999,6630.0,3975.543749999999
3233,2488,81,80,11,11,13,4947.075,6885.0,-1937.9250000000002
3234,2488,81,80,19,19,17,7677.900000000001,6885.0,792.9000000000005
3235,2488,78,77,14,14,14,7792.200000000001,6630.0,1162.2000000000007
3236,2488,77,76,17,17,26,17251.14375,6545.0,10706.14375
3237,2488,75,74,22,22,18,5811.3,6375.0,-563.6999999999998
3238,2488,81,80,23,23,29,15439.556250000001,6885.0,8554.556250000001
3239,2488,85,84,18,18,19,10416.0375,7225.0,3191.0375000000004
3240,2488,78,77,24,24,33,19562.5546875,6630.0,12932.5546875
3241,2488,74,73,25,24,23,15544.35,6290.0,9254.35
3242,2488,76,75,17,17,20,13355.55,6460.0,6895.549999999999
3243,2488,72,71,21,21,24,12528.3375,6120.0,6408.3375
3244,2488,73,72,18,18,26,14475.825,6205.0,8270.825
3245,2488,77,76,21,21,30,18525.6,6545.0,11980.599999999999
3246,2488,74,73,14,14,17,11797.2,6290.0,5507.200000000001
3247,2488,80,79,24,24,24,11984.85,6800.0,5184.85
3248,2488,87,86,18,18,19,8027.55,7395.0,632.5500000000002
3249,2488,76,75,20,20,24,11941.2,6460.0,5481.200000000001
3250,2488,76,75,18,18,16,7969.5,6460.0,1509.5
3251,2488,77,76,16,16,32,21052.0125,6545.0,14507.0125
3252,2488,68,67,24,24,29,14858.49375,5780.0,9078.49375
3253,2488,81,80,18,18,19,11231.099999999999,6885.0,4346.0999999999985
3254,2488,84,83,17,17,11,4799.25,7140.0,-2340.75
3255,2488,76,75,22,22,29,17558.8875,6460.0,11098.8875
3256,2488,84,83,17,17,21,11027.475,7140.0,3887.4750000000004
3257,2488,71,70,20,20,20,11219.85,6035.0,5184.85
3258,2488,76,75,15,15,27,14508.984375000002,6460.0,8048.984375000002
3259,2488,77,76,20,20,31,18782.2125,6545.0,12237.212500000001
3260,2488,84,83,12,12,13,6215.85,7140.0,-924.1499999999996
3261,2488,83,82,20,20,26,13529.25,7055.0,6474.25
3262,2488,85,84,12,12,12,5454.0,7225.0,-1771.0
3263,2488,76,75,14,13,16,7472.559375,6460.0,1012.5593749999998
3264,2488,74,73,22,22,38,25435.631250000002,6290.0,19145.631250000002
3265,2488,70,69,20,20,20,11371.499999999998,5950.0,5421.499999999998
3266,2488,75,74,21,21,28,14421.853125,6375.0,8046.853125
3267,2488,86,85,17,17,18,8632.8,7310.0,1322.7999999999993
3268,2488,81,80,19,19,21,11817.45,6885.0,4932.450000000001
3269,2488,73,72,19,19,22,11869.2,6205.0,5664.200000000001
3270,2488,82,81,16,16,16,8636.9625,6970.0,1666.9624999999996
3271,2488,72,71,16,16,18,6374.25,6120.0,254.25
3272,2488,77,76,20,20,17,7860.6,6545.0,1315.6000000000004
3273,2488,88,87,19,19,10,3926.7,7480.0,-3553.3
3274,2488,78,77,16,16,19,11291.568749999999,6630.0,4661.5687499999985
3275,2488,80,79,21,21,23,8755.2,6800.0,1955.2000000000007
3276,2488,81,80,16,16,13,5986.35,6885.0,-898.6499999999996
3277,2488,73,72,16,16,30,17757.225,6205.0,11552.224999999999
3278,2488,77,76,17,17,19,8566.087500000001,6545.0,2021.0875000000015
3279,2488,76,75,17,17,28,17099.55,6460.0,10639.55
3280,2488,72,71,21,21,28,14843.53125,6120.0,8723.53125
3281,2488,84,83,14,14,11,5187.6,7140.0,-1952.3999999999996
3282,2488,81,80,18,18,19,10290.6,6885.0,3405.6000000000004
3283,2488,83,82,20,20,29,19886.85,7055.0,12831.849999999999
3284,2488,89,88,13,13,25,15581.86875,7565.0,8016.86875
3285,2488,68,67,17,17,33,24267.1078125,5780.0,18487.1078125
3286,2488,75,74,21,21,20,8592.75,6375.0,2217.75
3287,2488,85,84,18,18,16,9614.7,7225.0,2389.7000000000007
3288,2488,72,71,16,16,17,9208.8,6120.0,3088.7999999999993
3289,2488,69,68,20,20,37,22243.95,5865.0,16378.95
3290,2488,74,73,21,21,24,10409.399999999998,6290.0,4119.399999999998
3291,2488,75,74,20,20,38,26272.237500000003,6375.0,19897.237500000003
3292,2488,71,70,17,16,20,12581.6625,6035.0,6546.6625
3293,2488,77,76,11,11,14,10814.57578125,6545.0,4269.57578125
3294,2488,83,82,21,20,20,10663.2,7055.0,3608.2000000000007
3295,2488,70,69,21,21,39,21942.7875,5950.0,15992.787499999999
3296,2488,72,71,13,13,11,4614.3,6120.0,-1505.6999999999998
3297,2488,73,72,17,17,16,6128.549999999999,6205.0,-76.45000000000073
3298,2488,76,75,20,20,15,5619.15,6460.0,-840.8500000000004
3299,2488,82,81,15,15,18,9750.375,6970.0,2780.375
3300,2488,78,77,21,21,20,9123.3,6630.0,2493.2999999999993
3301,2488,79,78,15,15,7,3738.6000000000004,6715.0,-2976.3999999999996
3302,2488,76,75,18,18,26,15373.012499999999,6460.0,8913.012499999999
3303,2488,84,83,16,16,18,10763.6625,7140.0,3623.6625000000004
3304,2488,76,75,20,20,42,26548.3599609375,6460.0,20088.3599609375
3305,2488,78,77,15,15,15,7077.6,6630.0,447.60000000000036
3306,2488,81,80,15,15,14,6779.25,6885.0,-105.75
3307,2488,72,71,18,18,28,14604.046875,6120.0,8484.046875
3308,2488,70,69,20,19,17,6271.2,5950.0,321.1999999999998
3309,2488,87,86,17,17,10,3510.0,7395.0,-3885.0
3310,2488,69,68,19,19,24,15619.05,5865.0,9754.05
3311,2488,81,80,16,16,19,9783.787499999999,6885.0,2898.7874999999985
3312,2488,83,82,19,19,20,12392.1,7055.0,5337.1
3313,2488,75,74,19,19,28,16718.850000000002,6375.0,10343.850000000002
3314,2488,81,80,18,18,23,13537.574999999999,6885.0,6652.574999999999
3315,2488,76,75,19,19,18,9294.75,6460.0,2834.75
3316,2488,70,69,15,15,31,16586.493749999998,5950.0,10636.493749999998
3317,2488,76,75,18,18,10,4386.6,6460.0,-2073.3999999999996
3318,2488,77,76,17,17,18,10106.55,6545.0,3561.5499999999993
3319,2488,61,60,23,22,44,28672.25625,5185.0,23487.25625
3320,2488,79,78,19,19,19,9332.55,6715.0,2617.5499999999993
3321,2488,77,76,20,20,15,5541.3,6545.0,-1003.6999999999998
3322,2488,78,77,14,14,10,3150.9,6630.0,-3479.1
3323,2488,72,71,19,18,24,14728.95,6120.0,8608.95
3324,2488,76,75,21,20,22,9538.65,6460.0,3078.6499999999996
3325,2488,76,75,19,18,16,7016.4,6460.0,556.3999999999996
3326,2488,68,67,19,19,13,4360.5,5780.0,-1419.5
3327,2488,69,68,20,20,21,11386.8,5865.0,5521.799999999999
3328,2488,80,79,16,16,17,7593.1875,6800.0,793.1875
3329,2488,81,80,25,25,28,12825.0,6885.0,5940.0
3330,2488,76,75,24,23,19,7428.6,6460.0,968.6000000000004
3331,2488,72,71,18,17,26,18927.0,6120.0,12807.0
3332,2488,79,78,19,19,12,4597.2,6715.0,-2117.8
3333,2488,72,71,15,14,19,9767.75625,6120.0,3647.7562500000004
3334,2488,78,77,15,15,18,11532.825,6630.0,4902.825000000001
3335,2488,78,77,20,19,15,4249.8,6630.0,-2380.2
3336,2488,76,75,14,14,21,15482.19375,6460.0,9022.19375
3337,2488,66,65,21,21,27,15372.9,5610.0,9762.9
3338,2488,80,79,16,16,23,11764.0125,6800.0,4964.012500000001
3339,2488,89,88,20,20,15,6334.200000000001,7565.0,-1230.7999999999993
3340,2488,65,64,20,19,27,14293.546875,5525.0,8768.546875
3341,2488,75,74,21,21,26,16707.825,6375.0,10332.825
3342,2488,78,77,17,16,21,11405.475,6630.0,4775.475
3343,2488,73,72,27,27,29,14240.7,6205.0,8035.700000000001
3344,2488,68,67,17,17,13,5035.5,5780.0,-744.5
3345,2488,80,79,24,24,23,11526.91875,6800.0,4726.918750000001
3346,2488,75,74,22,22,19,6898.5,6375.0,523.5
3347,2488,77,76,16,16,17,9151.688671875001,6545.0,2606.688671875001
3348,2488,83,82,19,19,19,9603.225,7055.0,2548.2250000000004
3349,2488,78,77,17,17,15,7360.3125,6630.0,730.3125
3350,2488,75,74,18,18,26,13005.45,6375.0,6630.450000000001
3351,2488,68,67,18,18,27,17870.68125,5780.0,12090.681250000001
3352,2488,70,69,18,18,14,6606.9,5950.0,656.8999999999996
3353,2488,70,69,21,21,20,9386.943749999999,5950.0,3436.9437499999985
3354,2488,69,68,24,23,24,12376.8,5865.0,6511.799999999999
3355,2488,81,80,20,20,25,11740.246875,6885.0,4855.246875000001
3356,2488,88,87,17,17,10,3941.1,7480.0,-3538.9
3357,2488,66,65,16,16,27,16980.01875,5610.0,11370.01875
3358,2488,71,70,16,16,23,13500.45,6035.0,7465.450000000001
3359,2488,74,73,17,17,22,13898.19375,6290.0,7608.19375
3360,2488,72,71,18,18,28,13682.925,6120.0,7562.924999999999
3361,2488,76,75,19,19,29,16701.412500000002,6460.0,10241.412500000002
3362,2488,83,82,16,16,23,12605.85,7055.0,5550.85
3363,2488,74,73,16,16,14,6089.85,6290.0,-200.14999999999964
3364,2488,80,79,15,14,13,5831.775,6800.0,-968.2250000000004
3365,2488,79,78,17,17,19,9232.2,6715.0,2517.2000000000007
3366,2488,79,78,16,16,8,3659.4,6715.0,-3055.6
3367,2488,72,71,16,16,25,16779.375,6120.0,10659.375
3368,2488,69,68,17,17,18,8739.9,5865.0,2874.8999999999996
3369,2488,71,70,18,18,27,15220.068749999999,6035.0,9185.068749999999
3370,2488,79,78,20,20,18,7956.0,6715.0,1241.0
3371,2488,78,77,17,17,22,11651.175,6630.0,5021.174999999999
3372,2488,79,78,16,16,22,11079.9,6715.0,4364.9
3373,2488,83,82,14,14,18,12020.878125,7055.0,4965.878124999999
3374,2488,69,68,16,16,20,10940.2734375,5865.0,5075.2734375
3375,2488,72,71,18,18,22,9740.925,6120.0,3620.9249999999993
3376,2488,83,82,17,16,19,10526.625,7055.0,3471.625
3377,2488,79,78,22,22,19,8075.7,6715.0,1360.6999999999998
3378,2488,82,81,18,18,21,12328.723828125,6970.0,5358.723828124999
3379,2488,75,74,17,17,23,12085.650000000001,6375.0,5710.6500000000015
3380,2488,69,68,17,17,24,12790.575,5865.0,6925.575000000001
3381,2488,71,70,17,17,18,9802.996875,6035.0,3767.9968750000007
3382,2488,79,78,14,14,19,8907.525000000001,6715.0,2192.5250000000015
3383,2488,66,65,22,22,28,12024.9,5610.0,6414.9
3384,2488,76,75,13,13,17,7678.8,6460.0,1218.8000000000002
3385,2488,75,74,16,16,12,5920.2,6375.0,-454.8000000000002
3386,2488,79,78,18,18,22,11371.05,6715.0,4656.049999999999
3387,2488,82,81,10,10,7,2286.0,6970.0,-4684.0
3388,2488,71,70,18,18,13,6991.5375,6035.0,956.5375000000004
3389,2488,77,76,14,14,9,3690.0,6545.0,-2855.0
3390,2488,72,71,17,17,20,10243.8,6120.0,4123.799999999999
3391,2488,81,80,19,19,24,16118.353125,6885.0,9233.353125
3392,2488,73,72,18,18,28,17192.615625,6205.0,10987.615624999999
3393,2488,76,75,16,16,15,7245.9,6460.0,785.8999999999996
3394,2488,79,78,18,18,33,21088.265625,6715.0,14373.265625
3395,2488,83,82,19,19,23,12582.928125,7055.0,5527.928125
3396,2488,78,77,25,24,12,3419.1,6630.0,-3210.9
3397,2488,81,80,19,19,23,12425.85,6885.0,5540.85
3398,2488,79,78,17,17,16,7854.75,6715.0,1139.75
3399,2488,82,81,17,17,20,12916.125,6970.0,5946.125
3400,2488,72,71,15,15,18,6148.8,6120.0,28.800000000000182
3401,2488,73,72,23,22,37,19193.0625,6205.0,12988.0625
3402,2488,71,70,19,19,26,12873.43125,6035.0,6838.43125
3403,2488,86,85,18,18,14,6186.6,7310.0,-1123.3999999999996
3404,2488,74,73,15,14,24,16138.51875,6290.0,9848.51875
3405,2488,83,82,10,10,26,19778.0818359375,7055.0,12723.0818359375
3406,2488,70,69,27,26,34,20914.59375,5950.0,14964.59375
3407,2488,79,78,13,13,9,3003.3,6715.0,-3711.7
3408,2488,85,84,14,13,16,8665.2,7225.0,1440.2000000000007
3409,2488,79,78,20,20,22,11844.225,6715.0,5129.225
3410,2488,82,81,19,18,28,14921.198437500001,6970.0,7951.198437500001
3411,2488,82,81,16,16,13,5850.0,6970.0,-1120.0
3412,2488,81,80,18,18,22,11234.25,6885.0,4349.25
3413,2488,78,77,21,21,21,10233.16875,6630.0,3603.1687500000007
3414,2488,73,72,20,20,17,8629.2,6205.0,2424.2000000000007
3415,2488,81,80,14,14,11,3590.1,6885.0,-3294.9
3416,2488,72,71,17,17,26,14410.575,6120.0,8290.575
3417,2488,71,70,17,17,15,8853.525,6035.0,2818.5249999999996
3418,2488,73,72,17,17,19,9740.25,6205.0,3535.25
3419,2488,82,81,19,19,25,14176.74375,6970.0,7206.74375
3420,2488,80,79,17,17,11,4597.2,6800.0,-2202.8
3421,2488,84,83,23,23,28,13241.025,7140.0,6101.025
3422,2488,80,79,18,18,22,12473.775,6800.0,5673.775
3423,2488,92,91,20,20,14,3891.6,7820.0,-3928.4
3424,2488,77,76,17,17,17,9355.66875,6545.0,2810.6687500000007
3425,2488,76,75,12,11,16,9279.16875,6460.0,2819.1687500000007
3426,2488,73,72,18,18,21,9297.0,6205.0,3092.0
3427,2488,73,72,16,16,15,8299.603125000001,6205.0,2094.6031250000015
3428,2488,83,82,17,17,16,7114.950000000001,7055.0,59.95000000000073
3429,2488,90,89,22,22,19,10762.65,7650.0,3112.6499999999996
3430,2488,62,61,16,16,20,11459.699999999999,5270.0,6189.699999999999
3431,2488,73,72,20,20,18,8060.4,6205.0,1855.3999999999996
3432,2488,80,79,17,17,11,3815.1000000000004,6800.0,-2984.8999999999996
3433,2488,82,81,13,13,7,1606.5,6970.0,-5363.5
3434,2488,80,79,15,15,23,13007.98125,6800.0,6207.981250000001
3435,2488,74,73,20,20,21,9403.875,6290.0,3113.875
3436,2488,94,93,13,13,16,6661.799999999999,7990.0,-1328.2000000000007
3437,2488,70,69,15,15,15,6563.25,5950.0,613.25
3438,2488,81,80,18,17,16,8158.725,6885.0,1273.7250000000004
3439,2488,73,72,19,19,12,4929.75,6205.0,-1275.25
3440,2488,69,68,21,20,14,6120.0,5865.0,255.0
3441,2488,73,72,14,14,20,12183.3,6205.0,5978.299999999999
3442,2488,75,74,18,18,28,17281.800000000003,6375.0,10906.800000000003
3443,2488,78,77,18,18,30,20985.46875,6630.0,14355.46875
3444,2488,74,73,20,20,30,17450.325,6290.0,11160.325
3445,2488,73,72,15,15,11,5875.2,6205.0,-329.8000000000002
3446,2488,73,72,20,20,27,13218.975,6205.0,7013.975
3447,2488,71,70,19,19,28,12433.6125,6035.0,6398.612499999999
3448,2488,74,73,21,21,29,13508.775,6290.0,7218.775
3449,2488,76,75,16,16,18,9402.75,6460.0,2942.75
3450,2488,70,69,17,17,28,17364.825,5950.0,11414.825
3451,2488,81,80,15,15,14,5678.1,6885.0,-1206.8999999999996
3452,2488,77,76,18,18,23,12270.6,6545.0,5725.6
3453,2488,85,84,16,16,8,4287.6,7225.0,-2937.3999999999996
3454,2488,66,65,18,18,35,23666.85,5610.0,18056.85
3455,2488,86,85,18,18,15,6729.525,7310.0,-580.4750000000004
3456,2488,85,84,12,11,6,1503.9,7225.0,-5721.1
3457,2488,79,78,22,22,29,15401.8125,6715.0,8686.8125
3458,2488,73,72,16,16,18,10408.05,6205.0,4203.049999999999
3459,2488,83,82,20,20,22,11112.6796875,7055.0,4057.6796875
3460,2488,87,86,17,17,12,4816.8,7395.0,-2578.2
3461,2488,81,80,19,19,22,10980.73125,6885.0,4095.7312500000007
3462,2488,73,72,22,22,29,15780.898828125,6205.0,9575.898828125
3463,2488,72,71,13,13,10,4352.85,6120.0,-1767.1499999999996
3464,2488,81,80,18,18,13,6581.925,6885.0,-303.0749999999998
3465,2488,88,87,17,17,22,11891.25,7480.0,4411.25
3466,2488,75,74,20,19,22,11653.5375,6375.0,5278.5375
3467,2488,77,76,21,21,21,10226.25,6545.0,3681.25
3468,2488,75,74,18,18,23,11460.15,6375.0,5085.15
3469,2488,75,74,13,13,23,13237.875,6375.0,6862.875
3470,2488,75,74,19,18,13,5720.4,6375.0,-654.6000000000004
3471,2488,85,84,19,19,15,5995.8,7225.0,-1229.1999999999998
3472,2488,70,69,18,18,13,4782.6,5950.0,-1167.3999999999996
3473,2488,75,74,17,17,23,15263.8875,6375.0,8888.8875
3474,2488,78,77,16,16,15,6551.1,6630.0,-78.89999999999964
3475,2488,69,68,16,15,14,6656.175,5865.0,791.1750000000002
3476,2488,87,86,17,17,12,4680.0,7395.0,-2715.0
3477,2488,68,67,18,18,33,22825.884374999998,5780.0,17045.884374999998
3478,2488,81,80,15,14,17,8564.4,6885.0,1679.3999999999996
3479,2488,86,85,24,24,15,7762.5,7310.0,452.5
3480,2488,74,73,21,21,19,8355.6,6290.0,2065.6000000000004
3481,2488,75,74,21,21,19,8565.3,6375.0,2190.2999999999993
3482,2488,69,68,20,20,24,13471.875,5865.0,7606.875
3483,2488,73,72,16,16,25,12290.2875,6205.0,6085.2875
3484,2488,75,74,15,15,17,8195.2875,6375.0,1820.2875000000004
3485,2488,85,84,18,18,17,7701.75,7225.0,476.75
3486,2488,73,72,19,19,23,12802.95,6205.0,6597.950000000001
3487,2488,74,73,20,20,13,6576.525000000001,6290.0,286.52500000000055
3488,2488,79,78,15,15,17,9175.3875,6715.0,2460.3875000000007
3489,2488,81,80,20,19,15,5745.6,6885.0,-1139.3999999999996
3490,2488,84,83,8,8,9,3374.1,7140.0,-3765.9
3491,2488,72,71,15,15,12,5664.6,6120.0,-455.39999999999964
3492,2488,81,80,19,19,19,8453.475,6885.0,1568.4750000000004
3493,2488,76,75,10,10,20,13991.625,6460.0,7531.625
3494,2488,67,66,16,16,13,3647.7000000000003,5695.0,-2047.2999999999997
3495,2488,82,81,14,14,14,6336.9,6970.0,-633.1000000000004
3496,2488,85,84,19,19,25,13990.44375,7225.0,6765.44375
3497,2488,73,72,15,14,22,14902.5375,6205.0,8697.5375
3498,2488,78,77,22,22,17,7842.375,6630.0,1212.375
3499,2488,85,84,19,19,21,9753.3,7225.0,2528.2999999999993
3500,2488,83,82,10,10,7,2513.7,7055.0,-4541.3
3501,2488,73,72,20,20,37,25170.78603515625,6205.0,18965.78603515625
3502,2488,80,79,19,19,11,4662.9,6800.0,-2137.1000000000004
3503,2488,74,73,25,24,17,8256.4875,6290.0,1966.4874999999993
3504,2488,70,69,18,18,24,13384.8,5950.0,7434.799999999999
3505,2488,85,84,17,17,18,6511.95,7225.0,-713.0500000000002
3506,2488,78,77,23,22,19,8008.368750000001,6630.0,1378.3687500000005
3507,2488,66,65,19,19,25,12659.625,5610.0,7049.625
3508,2488,74,73,16,16,10,3690.0,6290.0,-2600.0
3509,2488,86,85,14,14,18,9910.800000000001,7310.0,2600.800000000001
3510,2488,85,84,18,18,19,6818.85,7225.0,-406.14999999999964
3511,2488,83,82,16,16,15,7141.5,7055.0,86.5
3512,2488,73,72,14,14,13,7048.8,6205.0,843.8000000000002
3513,2488,78,77,18,18,9,2660.4,6630.0,-3969.6
3514,2488,75,74,18,18,20,10956.4875,6375.0,4581.487499999999
3515,2488,74,73,24,24,20,9722.25,6290.0,3432.25
3516,2488,81,80,21,21,30,19065.7125,6885.0,12180.712500000001
3517,2488,76,75,22,21,22,8857.8,6460.0,2397.7999999999993
3518,2488,78,77,16,16,16,5583.375,6630.0,-1046.625
3519,2488,73,72,19,19,24,10935.9,6205.0,4730.9
3520,2488,85,84,19,19,23,10763.325,7225.0,3538.3250000000007
3521,2488,79,78,21,21,40,26999.31796875,6715.0,20284.31796875
3522,2488,73,72,23,23,16,7131.6,6205.0,926.6000000000004
3523,2488,82,81,14,14,16,8721.9,6970.0,1751.8999999999996
3524,2488,75,74,21,21,24,14801.849999999999,6375.0,8426.849999999999
3525,2488,83,82,19,19,20,6975.45,7055.0,-79.55000000000018
3526,2488,78,77,20,20,12,4596.525,6630.0,-2033.4750000000004
3527,2488,69,68,22,21,28,12868.2,5865.0,7003.200000000001
3528,2488,84,83,15,15,19,11306.925000000001,7140.0,4166.925000000001
3529,2488,76,75,17,17,9,3231.4500000000003,6460.0,-3228.5499999999997
3530,2488,75,74,9,9,21,12630.754687499999,6375.0,6255.754687499999
3531,2488,82,81,21,21,16,5413.5,6970.0,-1556.5
3532,2488,76,75,13,13,12,7919.803125000001,6460.0,1459.8031250000013
3533,2488,87,86,18,18,23,12351.318749999999,7395.0,4956.3187499999985
3534,2488,79,78,14,14,18,8535.15,6715.0,1820.1499999999996
3535,2488,83,82,13,13,12,5129.55,7055.0,-1925.4499999999998
3536,2488,74,73,21,20,28,14837.624999999998,6290.0,8547.624999999998
3537,2488,66,65,22,22,24,12313.35,5610.0,6703.35
3538,2488,85,84,22,22,19,9504.45,7225.0,2279.4500000000007
3539,2488,79,78,20,20,35,22590.5625,6715.0,15875.5625
3540,2488,82,81,14,14,14,5851.35,6970.0,-1118.6499999999996
3541,2488,73,72,18,18,16,8354.475,6205.0,2149.4750000000004
3542,2488,79,78,22,22,25,12030.75,6715.0,5315.75
3543,2488,81,80,21,21,23,9476.83125,6885.0,2591.8312499999993
3544,2488,72,71,15,15,23,11452.05,6120.0,5332.049999999999
3545,2488,82,81,17,16,16,6324.3,6970.0,-645.6999999999998
3546,2488,78,77,21,21,32,17335.9125,6630.0,10705.912499999999
3547,2488,86,85,18,18,15,7682.4,7310.0,372.39999999999964
3548,2488,85,84,18,18,12,4351.95,7225.0,-2873.05
3549,2488,69,68,19,19,21,12084.75,5865.0,6219.75
3550,2488,63,62,18,18,14,7928.1,5355.0,2573.1000000000004
3551,2488,72,71,21,21,34,17487.225,6120.0,11367.224999999999
3552,2488,78,77,14,14,13,4324.05,6630.0,-2305.95
3553,2488,82,81,18,18,11,3827.7,6970.0,-3142.3
3554,2488,73,72,16,16,25,17348.56875,6205.0,11143.568749999999
3555,2488,82,81,18,17,19,10302.075,6970.0,3332.0750000000007
3556,2488,76,75,18,17,24,13029.8625,6460.0,6569.862499999999
3557,2488,76,75,20,20,15,4311.0,6460.0,-2149.0
3558,2488,80,79,10,10,13,5245.7625,6800.0,-1554.2375000000002
3559,2488,75,74,18,18,23,12606.975,6375.0,6231.975
3560,2488,73,72,17,17,24,12317.357812499999,6205.0,6112.3578124999985
3561,2488,66,65,20,19,15,5566.5,5610.0,-43.5
3562,2488,75,74,16,15,18,8853.075,6375.0,2478.0750000000007
3563,2488,73,72,23,23,25,13737.6,6205.0,7532.6
3564,2488,92,91,10,10,11,8783.2125,7820.0,963.2124999999996
3565,2488,72,71,20,19,42,27589.7109375,6120.0,21469.7109375
3566,2488,87,86,16,16,17,7775.1,7395.0,380.10000000000036
3567,2488,84,83,12,12,9,2625.3,7140.0,-4514.7
3568,2488,80,79,18,18,14,6327.9,6800.0,-472.10000000000036
3569,2488,73,72,21,21,24,12533.85,6205.0,6328.85
3570,2488,74,73,10,10,16,8009.1,6290.0,1719.1000000000004
3571,2488,68,67,18,17,32,18271.800000000003,5780.0,12491.800000000003
3572,2488,78,77,18,18,12,6227.1,6630.0,-402.89999999999964
3573,2488,81,80,22,22,18,9284.175000000001,6885.0,2399.175000000001
3574,2488,72,71,16,16,19,9630.66796875,6120.0,3510.66796875
3575,2488,76,75,15,15,19,11245.6125,6460.0,4785.612499999999
3576,2488,73,72,15,15,12,5571.0,6205.0,-634.0
3577,2488,80,79,19,19,15,7474.05,6800.0,674.0500000000002
3578,2488,82,81,14,14,13,6921.900000000001,6970.0,-48.099999999999454
3579,2488,72,71,22,22,38,19690.875,6120.0,13570.875
3580,2488,76,75,15,15,13,5127.75,6460.0,-1332.25
3581,2488,84,83,17,17,20,9825.75,7140.0,2685.75
3582,2488,74,73,16,15,23,14332.935937499999,6290.0,8042.9359374999985
3583,2488,75,74,15,15,27,13472.325,6375.0,7097.325000000001
3584,2488,77,76,14,13,27,16751.25,6545.0,10206.25
3585,2488,72,71,19,19,17,7027.2,6120.0,907.1999999999998
3586,2488,73,72,21,21,15,5427.9,6205.0,-777.1000000000004
3587,2488,76,75,18,18,20,7882.200000000001,6460.0,1422.2000000000007
3588,2488,80,79,15,15,25,12291.975,6800.0,5491.975
3589,2488,75,74,15,15,26,15203.25,6375.0,8828.25
3590,2488,77,76,22,22,22,12218.4,6545.0,5673.4
3591,2488,70,69,21,21,21,9981.7875,5950.0,4031.7875000000004
3592,2488,70,69,24,24,30,13575.375,5950.0,7625.375
3593,2488,84,83,14,14,16,10587.375,7140.0,3447.375
3594,2488,82,81,22,22,29,14478.3,6970.0,7508.299999999999
3595,2488,83,82,18,18,20,9808.087500000001,7055.0,2753.0875000000015
3596,2488,74,73,19,19,30,16841.475,6290.0,10551.474999999999
3597,2488,84,83,10,10,13,10907.296874999998,7140.0,3767.296874999998
3598,2488,76,75,22,22,18,8351.55,6460.0,1891.5499999999993
3599,2488,74,73,22,22,26,16540.115625000002,6290.0,10250.115625000002
3600,2488,74,73,14,14,13,7680.6,6290.0,1390.6000000000004
3601,2488,74,73,19,19,33,19556.550000000003,6290.0,13266.550000000003
3602,2488,80,79,18,18,12,6744.6,6800.0,-55.399999999999636
3603,2488,78,77,18,18,14,6463.349999999999,6630.0,-166.65000000000055
3604,2488,74,73,18,18,18,9343.8,6290.0,3053.7999999999993
3605,2488,74,73,17,17,20,9502.425,6290.0,3212.4249999999993
3606,2488,80,79,16,16,13,6510.6,6800.0,-289.39999999999964
3607,2488,78,77,16,16,26,19990.29375,6630.0,13360.29375
3608,2488,69,68,15,15,18,7539.300000000001,5865.0,1674.300000000001
3609,2488,77,76,15,15,14,6407.1,6545.0,-137.89999999999964
3610,2488,85,84,20,20,25,11463.35625,7225.0,4238.356250000001
3611,2488,74,73,17,16,31,18973.321875,6290.0,12683.321875000001
3612,2488,68,67,19,19,18,8447.400000000001,5780.0,2667.4000000000015
3613,2488,73,72,20,20,28,16872.8625,6205.0,10667.8625
3614,2488,66,65,16,16,24,13779.9,5610.0,8169.9
3615,2488,87,86,13,12,11,5720.85,7395.0,-1674.1499999999996
3616,2488,74,73,16,16,16,6842.7,6290.0,552.6999999999998
3617,2488,71,70,21,21,32,16451.1,6035.0,10416.099999999999
3618,2488,81,80,22,22,13,4305.6,6885.0,-2579.3999999999996
3619,2488,79,78,17,17,21,11232.590624999999,6715.0,4517.590624999999
3620,2488,65,64,23,23,35,24235.340625,5525.0,18710.340625
3621,2488,79,78,18,18,28,17243.915625,6715.0,10528.915625000001
3622,2488,69,68,22,22,18,8386.650000000001,5865.0,2521.6500000000015
3623,2488,93,92,16,16,10,2703.6,7905.0,-5201.4
3624,2488,69,68,15,15,21,13889.925,5865.0,8024.924999999999
3625,2488,89,88,18,17,13,5925.6,7565.0,-1639.3999999999996
3626,2488,78,77,15,15,16,9067.05,6630.0,2437.0499999999993
3627,2488,83,82,12,12,7,2187.0,7055.0,-4868.0
3628,2488,76,75,16,16,11,4680.0,6460.0,-1780.0
3629,2488,78,77,14,14,17,9812.7,6630.0,3182.7000000000007
3630,2488,81,80,18,18,20,10795.725000000002,6885.0,3910.725000000002
3631,2488,79,78,18,18,18,10270.5046875,6715.0,3555.5046875000007
3632,2488,68,67,20,20,30,18117.450000000004,5780.0,12337.450000000004
3633,2488,67,66,21,21,26,12781.8,5695.0,7086.799999999999
3634,2488,67,66,18,18,11,4739.4,5695.0,-955.6000000000004
3635,2488,75,74,19,19,19,7552.799999999999,6375.0,1177.7999999999993
3636,2488,71,70,19,19,27,12829.78125,6035.0,6794.78125
3637,2488,75,74,14,14,8,3231.7875000000004,6375.0,-3143.2124999999996
3638,2488,79,78,15,15,17,7067.25,6715.0,352.25
3639,2488,79,78,17,17,23,13957.425,6715.0,7242.424999999999
3640,2488,75,74,19,18,13,5371.2,6375.0,-1003.8000000000002
3641,2488,71,70,18,18,22,11794.725,6035.0,5759.725
3642,2488,79,78,19,18,25,15204.6,6715.0,8489.6
3643,2488,78,77,21,21,20,8173.912499999999,6630.0,1543.9124999999995
3644,2488,68,67,22,22,32,20411.775,5780.0,14631.775000000001
3645,2488,73,72,17,16,13,4462.200000000001,6205.0,-1742.7999999999993
3646,2488,74,73,17,17,30,18429.525,6290.0,12139.525000000001
3647,2488,66,65,16,16,17,8462.7,5610.0,2852.7000000000007
3648,2488,79,78,21,21,21,9756.9,6715.0,3041.8999999999996
3649,2488,83,82,17,17,21,10851.525000000001,7055.0,3796.5250000000015
3650,2488,69,68,16,16,11,6087.6,5865.0,222.60000000000036
3651,2488,90,89,14,14,8,1758.6,7650.0,-5891.4
3652,2488,77,76,19,19,26,13277.025,6545.0,6732.025
3653,2488,75,74,23,23,20,10496.925,6375.0,4121.924999999999
3654,2488,77,76,24,24,22,11067.074999999999,6545.0,4522.074999999999
3655,2488,74,73,15,15,19,13026.15,6290.0,6736.15
3656,2488,78,77,14,14,14,7575.7640625,6630.0,945.7640625000004
3657,2488,80,79,15,15,27,15474.3328125,6800.0,8674.3328125
3658,2488,79,78,16,16,13,6668.775,6715.0,-46.225000000000364
3659,2488,71,70,23,23,30,16445.8125,6035.0,10410.8125
3660,2488,81,80,18,18,26,15180.075,6885.0,8295.075
3661,2488,78,77,18,18,17,8156.306250000001,6630.0,1526.3062500000005
3662,2488,81,80,15,15,19,8158.2750000000015,6885.0,1273.2750000000015
3663,2488,78,77,20,20,23,13757.00625,6630.0,7127.00625
3664,2488,74,73,17,17,24,13083.075,6290.0,6793.075000000001
3665,2488,77,76,15,15,10,2876.4,6545.0,-3668.6
3666,2488,76,75,22,22,15,6153.3,6460.0,-306.6999999999998
3667,2488,70,69,14,13,19,10530.0,5950.0,4580.0
3668,2488,76,75,19,18,24,16548.4125,6460.0,10088.412499999999
3669,2488,77,76,21,21,26,13526.690625,6545.0,6981.690624999999
3670,2488,84,83,14,14,13,5710.5,7140.0,-1429.5
3671,2488,75,74,19,19,27,14598.39375,6375.0,8223.39375
3672,2488,75,74,19,19,20,8749.35,6375.0,2374.3500000000004
3673,2488,74,73,17,17,13,4509.0,6290.0,-1781.0
3674,2488,75,74,20,20,26,14281.65,6375.0,7906.65
3675,2488,83,82,17,17,18,8530.875,7055.0,1475.875
3676,2488,91,90,18,18,14,5795.1,7735.0,-1939.8999999999996
3677,2488,78,77,18,18,16,6184.575,6630.0,-445.4250000000002
3678,2488,87,86,17,17,20,10839.825,7395.0,3444.8250000000007
3679,2488,72,71,18,18,26,15399.478125,6120.0,9279.478125
3680,2488,77,76,14,14,20,10937.025,6545.0,4392.025
3681,2488,77,76,13,13,16,11248.7625,6545.0,4703.762500000001
3682,2488,71,70,19,19,31,16009.055859375,6035.0,9974.055859375
3683,2488,82,81,12,12,10,4041.45,6970.0,-2928.55
3684,2488,81,80,14,14,14,6074.268749999999,6885.0,-810.7312500000007
3685,2488,75,74,23,23,17,8114.849999999999,6375.0,1739.8499999999995
3686,2488,66,65,23,22,21,10301.5125,5610.0,4691.512500000001
3687,2488,71,70,16,16,19,9777.375,6035.0,3742.375
3688,2488,68,67,22,21,20,8546.400000000001,5780.0,2766.4000000000015
3689,2488,77,76,22,22,25,12688.875,6545.0,6143.875
3690,2488,70,69,21,21,24,12636.9,5950.0,6686.9
3691,2488,85,84,20,19,24,10982.25,7225.0,3757.25
3692,2488,76,75,17,17,17,8142.3,6460.0,1682.3000000000002
3693,2488,78,77,18,18,11,3456.9,6630.0,-3173.1
3694,2488,72,71,21,21,18,7781.4,6120.0,1661.3999999999996
3695,2488,74,73,23,23,21,7429.5,6290.0,1139.5
3696,2488,73,72,19,19,18,8965.35,6205.0,2760.3500000000004
3697,2488,89,88,14,14,15,11493.45,7565.0,3928.4500000000007
3698,2488,70,69,19,19,20,10077.75,5950.0,4127.75
3699,2488,79,78,16,15,13,6233.4,6715.0,-481.60000000000036
3700,2488,79,78,15,15,25,14323.05,6715.0,7608.049999999999
3701,2488,78,77,19,19,18,10786.725,6630.0,4156.725
3702,2488,80,79,17,17,21,9521.1,6800.0,2721.1000000000004
3703,2488,81,80,8,8,5,2025.0,6885.0,-4860.0
3704,2488,76,75,17,17,20,13061.25,6460.0,6601.25
3705,2488,81,80,17,17,27,17332.36875,6885.0,10447.368750000001
3706,2488,77,76,17,17,16,9009.225,6545.0,2464.2250000000004
3707,2488,73,72,20,20,23,12145.725,6205.0,5940.725
3708,2488,79,78,19,19,21,9441.9,6715.0,2726.8999999999996
3709,2488,79,78,15,15,21,10900.8,6715.0,4185.799999999999
3710,2488,86,85,12,12,11,3653.1,7310.0,-3656.9
3711,2488,82,81,14,14,25,13963.275000000001,6970.0,6993.2750000000015
3712,2488,79,78,15,15,17,7795.8,6715.0,1080.8000000000002
3713,2488,72,71,21,21,27,13264.2,6120.0,7144.200000000001
3714,2488,70,69,17,17,16,9331.65,5950.0,3381.6499999999996
3715,2488,87,86,14,14,25,21539.281640625,7395.0,14144.281640624999
3716,2488,72,71,17,17,14,5521.275,6120.0,-598.7250000000004
3717,2488,69,68,21,21,17,8147.25,5865.0,2282.25
3718,2488,69,68,23,23,18,5111.1,5865.0,-753.8999999999996
3719,2488,75,74,21,21,28,16558.2,6375.0,10183.2
3720,2488,66,65,18,17,23,17286.6375,5610.0,11676.6375
3721,2488,80,79,17,17,26,13742.6255859375,6800.0,6942.6255859375
3722,2488,81,80,17,17,18,10643.85,6885.0,3758.8500000000004
3723,2488,73,72,16,16,19,9427.5,6205.0,3222.5
3724,2488,73,72,18,18,19,11513.25,6205.0,5308.25
3725,2488,77,76,12,12,9,3784.5,6545.0,-2760.5
3726,2488,85,84,18,18,14,6930.0,7225.0,-295.0
3727,2488,76,75,18,17,24,15172.2,6460.0,8712.2
3728,2488,78,77,14,14,13,5148.0,6630.0,-1482.0
3729,2488,75,74,14,14,15,5871.2625,6375.0,-503.7375000000002
3730,2488,75,74,15,15,19,15298.425,6375.0,8923.425
3731,2488,81,80,17,17,7,2700.0,6885.0,-4185.0
3732,2488,71,70,20,20,12,3477.6,6035.0,-2557.4
3733,2488,76,75,23,22,28,13754.925000000001,6460.0,7294.925000000001
3734,2488,77,76,17,17,13,6072.3,6545.0,-472.6999999999998
3735,2488,85,84,15,14,14,7994.025,7225.0,769.0249999999996
3736,2488,70,69,17,17,25,13997.165625000001,5950.0,8047.1656250000015
3737,2488,77,76,19,19,31,18576.7875,6545.0,12031.787499999999
3738,2488,78,77,19,19,19,11725.3125,6630.0,5095.3125
3739,2488,83,82,17,16,10,5662.8,7055.0,-1392.1999999999998
3740,2488,81,80,15,15,12,4183.2,6885.0,-2701.8
3741,2488,72,71,20,20,29,15892.875,6120.0,9772.875
3742,2488,80,79,19,19,18,8034.3,6800.0,1234.3000000000002
3743,2488,74,73,15,15,15,7833.6,6290.0,1543.6000000000004
3744,2488,75,74,16,16,18,10250.4375,6375.0,3875.4375
3745,2488,80,79,21,21,37,23046.75,6800.0,16246.75
3746,2488,76,75,20,20,20,9165.825,6460.0,2705.8250000000007
3747,2488,82,81,16,16,21,11133.0,6970.0,4163.0
3748,2488,74,73,18,18,22,10921.95,6290.0,4631.950000000001
3749,2488,80,79,16,15,17,9308.7,6800.0,2508.7000000000007
3750,2488,78,77,19,19,18,10573.65,6630.0,3943.6499999999996
3751,2488,80,79,19,19,24,13519.35,6800.0,6719.35
3752,2488,73,72,18,18,24,13437.9,6205.0,7232.9
3753,2488,89,88,16,15,21,11726.83125,7565.0,4161.831249999999
3754,2488,84,83,17,16,24,14613.5953125,7140.0,7473.5953125
3755,2488,70,69,17,17,22,11852.1,5950.0,5902.1
3756,2488,77,76,17,16,18,9407.25,6545.0,2862.25
3757,2488,74,73,19,19,17,8636.849999999999,6290.0,2346.8499999999985
3758,2488,67,66,21,21,27,18525.065625,5695.0,12830.065625
3759,2488,78,77,14,14,22,13337.49375,6630.0,6707.49375
3760,2488,76,75,15,15,12,5735.7,6460.0,-724.3000000000002
3761,2488,72,71,21,20,25,12641.2875,6120.0,6521.2875
3762,2488,80,79,17,17,25,12870.0,6800.0,6070.0
3763,2488,76,75,21,21,18,6303.6,6460.0,-156.39999999999964
3764,2488,89,88,18,18,19,11265.75,7565.0,3700.75
3765,2488,65,64,22,22,27,16085.3625,5525.0,10560.3625
3766,2488,75,74,18,18,32,22623.23671875,6375.0,16248.236718749999
3767,2488,81,80,22,22,23,11744.55,6885.0,4859.549999999999
3768,2488,82,81,26,26,31,16939.912500000002,6970.0,9969.912500000002
3769,2488,64,63,16,16,17,9149.4,5440.0,3709.3999999999996
3770,2488,76,75,21,21,15,5286.375,6460.0,-1173.625
3771,2488,75,74,16,16,23,13133.756249999999,6375.0,6758.7562499999985
3772,2488,83,82,21,21,23,14008.3875,7055.0,6953.387500000001
3773,2488,78,77,18,18,14,5471.55,6630.0,-1158.4499999999998
3774,2488,84,83,23,23,28,12385.125,7140.0,5245.125
3775,2488,74,73,19,19,26,14991.75,6290.0,8701.75
3776,2488,86,85,19,19,13,5623.7625,7310.0,-1686.2375000000002
3777,2488,88,87,14,14,15,6052.05,7480.0,-1427.9499999999998
3778,2488,79,78,16,16,14,6605.1,6715.0,-109.89999999999964
3779,2488,80,79,22,22,14,5098.5,6800.0,-1701.5
3780,2488,73,72,14,13,12,4439.7,6205.0,-1765.3000000000002
3781,2488,86,85,18,18,22,10515.712500000001,7310.0,3205.7125000000015
3782,2488,84,83,20,20,13,6540.75,7140.0,-599.25
3783,2488,80,79,22,22,14,6516.0,6800.0,-284.0
3784,2488,80,79,13,12,18,10884.6,6800.0,4084.6000000000004
3785,2488,73,72,19,19,24,15091.2,6205.0,8886.2
3786,2488,79,78,18,18,14,5879.25,6715.0,-835.75
3787,2488,86,85,15,15,16,8705.25,7310.0,1395.25
3788,2488,70,69,21,21,20,9685.6875,5950.0,3735.6875
3789,2488,72,71,14,13,14,8156.25,6120.0,2036.25
3790,2488,74,73,18,18,20,8268.3,6290.0,1978.2999999999993
3791,2488,78,77,17,17,15,7534.8,6630.0,904.8000000000002
3792,2488,73,72,18,18,22,13910.625,6205.0,7705.625
3793,2488,85,84,16,15,23,11283.75,7225.0,4058.75
3794,2488,87,86,14,13,8,1953.9,7395.0,-5441.1
3795,2488,85,84,19,19,11,6210.0,7225.0,-1015.0
3796,2488,81,80,18,18,22,9486.675,6885.0,2601.6749999999993
3797,2488,67,66,17,17,16,6749.1,5695.0,1054.1000000000004
3798,2488,92,91,11,11,22,12569.849999999999,7820.0,4749.8499999999985
3799,2488,84,83,13,13,10,4354.2,7140.0,-2785.8
3800,2488,73,72,13,13,15,7602.3,6205.0,1397.3000000000002
3801,2488,82,81,17,16,22,11715.975,6970.0,4745.975
3802,2488,67,66,22,22,31,17057.14453125,5695.0,11362.14453125
3803,2488,78,77,20,20,24,12486.825,6630.0,5856.825000000001
3804,2488,74,73,18,18,23,10586.1375,6290.0,4296.137500000001
3805,2488,88,87,16,16,15,5641.2,7480.0,-1838.8000000000002
3806,2488,75,74,19,19,18,10857.15,6375.0,4482.15
3807,2488,70,69,20,20,28,18071.1,5950.0,12121.099999999999
3808,2488,81,80,17,17,19,8339.400000000001,6885.0,1454.4000000000015
3809,2488,78,77,17,17,17,7714.6875,6630.0,1084.6875
3810,2488,77,76,22,21,14,4774.5,6545.0,-1770.5
3811,2488,77,76,25,25,26,14142.4875,6545.0,7597.487499999999
3812,2488,72,71,21,21,26,13318.59375,6120.0,7198.59375
3813,2488,83,82,15,14,12,5169.6,7055.0,-1885.3999999999996
3814,2488,74,73,17,17,22,13424.0625,6290.0,7134.0625
3815,2488,66,65,20,20,40,25873.0171875,5610.0,20263.0171875
3816,2488,63,62,22,22,34,16684.65,5355.0,11329.650000000001
3817,2488,90,89,17,16,16,8719.65,7650.0,1069.6499999999996
3818,2488,80,79,19,19,28,14060.25,6800.0,7260.25
3819,2488,84,83,23,22,17,6486.75,7140.0,-653.25
3820,2488,86,85,16,16,23,13303.8,7310.0,5993.799999999999
3821,2488,76,75,21,21,23,10962.900000000001,6460.0,4502.9000000000015
3822,2488,85,84,20,20,22,10967.399999999998,7225.0,3742.399999999998
3823,2488,73,72,15,15,19,10541.1375,6205.0,4336.137500000001
3824,2488,74,73,20,20,23,8564.4,6290.0,2274.3999999999996
3825,2488,83,82,24,24,15,6563.7,7055.0,-491.3000000000002
3826,2488,74,73,18,18,15,6214.05,6290.0,-75.94999999999982
3827,2488,74,73,13,13,28,20553.19453125,6290.0,14263.19453125
3828,2488,75,74,13,13,11,4873.05,6375.0,-1501.9499999999998
3829,2488,76,75,22,22,34,21598.0875,6460.0,15138.087500000001
3830,2488,84,83,12,12,21,12714.215625,7140.0,5574.215625000001
3831,2488,73,72,15,14,16,9020.7,6205.0,2815.7000000000007
3832,2488,73,72,14,14,16,6264.45,6205.0,59.44999999999982
3833,2488,76,75,12,12,19,10004.56875,6460.0,3544.5687500000004
3834,2488,74,73,15,15,11,6085.8,6290.0,-204.19999999999982
3835,2488,87,86,16,16,17,5991.3,7395.0,-1403.6999999999998
3836,2488,78,77,11,11,13,7209.225,6630.0,579.2250000000004
3837,2488,87,86,20,20,21,13534.2,7395.0,6139.200000000001
3838,2488,72,71,20,20,11,5037.3,6120.0,-1082.6999999999998
3839,2488,82,81,21,21,21,11793.9375,6970.0,4823.9375
3840,2488,78,77,22,22,20,10761.6375,6630.0,4131.637500000001
3841,2488,88,87,12,12,13,6712.650000000001,7480.0,-767.3499999999995
3842,2488,71,70,21,21,19,9811.349999999999,6035.0,3776.3499999999985
3843,2488,86,85,16,16,13,7512.3,7310.0,202.30000000000018
3844,2488,83,82,12,12,8,3447.9,7055.0,-3607.1
3845,2488,81,80,12,12,26,17424.4341796875,6885.0,10539.434179687501
3846,2488,72,71,16,16,22,9215.1,6120.0,3095.1000000000004
3847,2488,85,84,15,15,15,8219.475,7225.0,994.4750000000004
3848,2488,67,66,17,17,22,12814.2,5695.0,7119.200000000001
3849,2488,81,80,15,15,9,5909.625,6885.0,-975.375
3850,2488,72,71,14,14,16,6520.5,6120.0,400.5
3851,2488,81,80,19,19,24,12661.0875,6885.0,5776.0875
3852,2488,77,76,11,11,6,2748.6,6545.0,-3796.4
3853,2488,77,76,24,24,21,9177.3,6545.0,2632.2999999999993
3854,2488,84,83,16,15,20,10772.2125,7140.0,3632.2124999999996
3855,2488,60,59,22,21,22,10728.45,5100.0,5628.450000000001
3856,2488,81,80,20,20,12,5737.5,6885.0,-1147.5
3857,2488,78,77,20,20,29,15842.5875,6630.0,9212.5875
3858,2488,74,73,16,16,13,4951.575000000001,6290.0,-1338.4249999999993
3859,2488,68,67,18,18,16,7468.2,5780.0,1688.1999999999998
3860,2488,75,74,17,16,10,2901.6000000000004,6375.0,-3473.3999999999996
3861,2488,79,78,20,20,25,16547.5546875,6715.0,9832.5546875
3862,2488,83,82,19,19,19,8271.3375,7055.0,1216.3374999999996
3863,2488,82,81,20,20,32,18061.3125,6970.0,11091.3125
3864,2488,87,86,15,15,9,3366.0,7395.0,-4029.0
3865,2488,77,76,16,16,14,5769.9,6545.0,-775.1000000000004
3866,2488,87,86,18,18,20,11424.825,7395.0,4029.8250000000007
3867,2488,83,82,12,12,8,2429.1,7055.0,-4625.9
3868,2488,84,83,16,15,15,8128.35,7140.0,988.3500000000004
3869,2488,78,77,17,17,24,15604.59375,6630.0,8974.59375
3870,2488,72,71,16,16,15,6737.4,6120.0,617.3999999999996
3871,2488,71,70,20,20,33,17081.60625,6035.0,11046.60625
3872,2488,77,76,13,13,21,13983.525,6545.0,7438.525
3873,2488,81,80,19,19,22,11200.6125,6885.0,4315.612499999999
3874,2488,85,84,17,16,18,6871.05,7225.0,-353.9499999999998
3875,2488,85,84,13,13,8,3328.2,7225.0,-3896.8
3876,2488,80,79,21,21,23,10959.6375,6800.0,4159.637500000001
3877,2488,87,86,22,22,20,9496.35,7395.0,2101.3500000000004
3878,2488,84,83,14,14,12,4808.7,7140.0,-2331.3
3879,2488,68,67,22,22,22,12130.875,5780.0,6350.875
3880,2488,67,66,16,16,21,13680.28125,5695.0,7985.28125
3881,2488,79,78,18,17,26,16836.6375,6715.0,10121.6375
3882,2488,75,74,15,15,18,9037.8,6375.0,2662.7999999999993
3883,2488,66,65,17,17,20,13524.75,5610.0,7914.75
3884,2488,84,83,11,11,13,5853.6,7140.0,-1286.3999999999996
3885,2488,84,83,13,13,26,12935.025000000001,7140.0,5795.0250000000015
3886,2488,72,71,22,21,28,17087.85,6120.0,10967.849999999999
3887,2488,75,74,14,14,12,6840.0,6375.0,465.0
3888,2488,70,69,20,20,27,14115.6,5950.0,8165.6
3889,2488,75,74,21,21,18,7019.887500000001,6375.0,644.8875000000007
3890,2488,81,80,17,17,18,10026.0,6885.0,3141.0
3891,2488,73,72,21,21,21,12424.5,6205.0,6219.5
3892,2488,78,77,14,14,21,10598.709375,6630.0,3968.7093750000004
3893,2488,78,77,16,16,16,8832.6,6630.0,2202.6000000000004
3894,2488,70,69,18,18,23,10597.725,5950.0,4647.725
3895,2488,82,81,20,20,17,6601.5,6970.0,-368.5
3896,2488,80,79,15,15,16,7308.9,6800.0,508.89999999999964
3897,2488,69,68,19,19,24,16288.875000000002,5865.0,10423.875000000002
3898,2488,74,73,21,21,28,15335.184375,6290.0,9045.184375
3899,2488,74,73,16,15,26,13918.950000000003,6290.0,7628.950000000003
3900,2488,77,76,13,13,13,6702.3,6545.0,157.30000000000018
3901,2488,77,76,14,14,17,9044.1,6545.0,2499.1000000000004
3902,2488,75,74,20,20,27,15376.05,6375.0,9001.05
3903,2488,73,72,24,24,23,8965.8,6205.0,2760.7999999999993
3904,2488,80,79,17,17,13,4765.5,6800.0,-2034.5
3905,2488,74,73,18,18,27,15974.324999999999,6290.0,9684.324999999999
3906,2488,66,65,15,15,16,7958.25,5610.0,2348.25
3907,2488,75,74,20,20,18,8264.7,6375.0,1889.7000000000007
3908,2488,66,65,17,17,27,16010.212500000001,5610.0,10400.212500000001
3909,2488,84,83,18,18,16,8198.1,7140.0,1058.1000000000004
3910,2488,81,80,23,23,22,11192.4,6885.0,4307.4
3911,2488,81,80,17,16,24,16459.3125,6885.0,9574.3125
3912,2488,81,80,16,15,19,10101.6,6885.0,3216.6000000000004
3913,2488,74,73,22,22,20,8010.0,6290.0,1720.0
3914,2488,77,76,16,16,12,4995.0,6545.0,-1550.0
3915,2488,80,79,18,18,21,11031.6375,6800.0,4231.637500000001
3916,2488,76,75,17,16,22,14059.6875,6460.0,7599.6875
3917,2488,73,72,18,18,20,8750.025,6205.0,2545.0249999999996
3918,2488,77,76,19,18,19,9478.8,6545.0,2933.7999999999993
3919,2488,80,79,14,14,15,9007.2,6800.0,2207.2000000000007
3920,2488,74,73,21,21,27,15473.165625,6290.0,9183.165625
3921,2488,76,75,17,17,11,3830.625,6460.0,-2629.375
3922,2488,77,76,21,21,24,12963.6,6545.0,6418.6
3923,2488,86,85,20,20,18,7812.0,7310.0,502.0
3924,2488,74,73,18,18,18,7654.5,6290.0,1364.5
3925,2488,75,74,20,20,25,13116.9234375,6375.0,6741.9234375
3926,2488,72,71,19,18,15,7594.2,6120.0,1474.1999999999998
3927,2488,76,75,19,19,20,10853.83125,6460.0,4393.831249999999
3928,2488,77,76,15,15,18,7173.9,6545.0,628.8999999999996
3929,2488,74,73,18,18,23,11422.8,6290.0,5132.799999999999
3930,2488,81,80,10,10,10,4912.875,6885.0,-1972.125
3931,2488,80,79,15,15,11,5959.8,6800.0,-840.1999999999998
3932,2488,79,78,16,16,14,5656.5,6715.0,-1058.5
3933,2488,79,78,21,20,21,13466.7,6715.0,6751.700000000001
3934,2488,82,81,12,12,9,5343.3,6970.0,-1626.6999999999998
3935,2488,74,73,17,17,19,9390.6,6290.0,3100.6000000000004
3936,2488,82,81,24,24,21,8417.7,6970.0,1447.7000000000007
3937,2488,74,73,21,21,23,10575.45,6290.0,4285.450000000001
3938,2488,85,84,17,17,14,5736.6,7225.0,-1488.3999999999996
3939,2488,90,89,11,11,7,3157.2,7650.0,-4492.8
3940,2488,77,76,15,15,18,8527.95,6545.0,1982.9500000000007
3941,2488,75,74,19,19,20,10501.0875,6375.0,4126.0875
3942,2488,72,71,16,16,19,8883.9,6120.0,2763.8999999999996
3943,2488,76,75,16,15,17,7895.475,6460.0,1435.4750000000004
3944,2488,76,75,20,20,27,12930.525,6460.0,6470.525
3945,2488,77,76,20,20,26,12708.9,6545.0,6163.9
3946,2488,73,72,21,20,33,15585.975,6205.0,9380.975
3947,2488,73,72,16,16,9,3285.0,6205.0,-2920.0
3948,2488,75,74,19,19,18,7445.7,6375.0,1070.6999999999998
3949,2488,80,79,23,23,17,5680.35,6800.0,-1119.6499999999996
3950,2488,79,78,19,19,21,11065.5,6715.0,4350.5
3951,2488,82,81,19,19,23,14956.678125,6970.0,7986.678125
3952,2488,70,69,21,21,21,8725.95,5950.0,2775.9500000000007
3953,2488,81,80,17,17,18,9960.1875,6885.0,3075.1875
3954,2488,82,81,21,21,24,11316.6,6970.0,4346.6
3955,2488,78,77,18,18,19,9595.8,6630.0,2965.7999999999993
3956,2488,68,67,23,23,31,15054.88271484375,5780.0,9274.88271484375
3957,2488,75,74,20,20,22,10481.175,6375.0,4106.174999999999
3958,2488,78,77,21,21,27,14833.800000000001,6630.0,8203.800000000001
3959,2488,83,82,15,15,14,8110.996875000001,7055.0,1055.9968750000007
3960,2488,80,79,22,21,17,9108.9,6800.0,2308.8999999999996
3961,2488,75,74,14,14,20,13761.39375,6375.0,7386.393749999999
3962,2488,77,76,19,19,17,9337.5,6545.0,2792.5
3963,2488,72,71,21,21,30,17519.661474609376,6120.0,11399.661474609376
3964,2488,69,68,22,22,19,10305.0,5865.0,4440.0
3965,2488,83,82,18,18,19,9360.45,7055.0,2305.4500000000007
3966,2488,81,80,15,15,16,6317.55,6885.0,-567.4499999999998
3967,2488,77,76,22,22,23,9039.15,6545.0,2494.1499999999996
3968,2488,77,76,24,24,23,11789.55,6545.0,5244.549999999999
3969,2488,73,72,18,17,26,14738.90625,6205.0,8533.90625
3970,2488,81,80,13,13,13,7591.95,6885.0,706.9499999999998
3971,2488,82,81,16,16,21,12289.6125,6970.0,5319.612499999999
3972,2488,82,81,14,14,13,7275.375,6970.0,305.375
3973,2488,74,73,18,18,18,9364.725,6290.0,3074.7250000000004
3974,2488,68,67,15,15,19,9692.55,5780.0,3912.5499999999993
3975,2488,79,78,17,17,30,21621.600000000002,6715.0,14906.600000000002
3976,2488,72,71,16,16,16,10441.575,6120.0,4321.575000000001
3977,2488,72,71,13,13,18,8633.925,6120.0,2513.9249999999993
3978,2488,81,80,16,16,17,10384.425,6885.0,3499.4249999999993
3979,2488,81,80,20,20,26,14048.550000000001,6885.0,7163.550000000001
3980,2488,73,72,20,20,19,10427.45625,6205.0,4222.456249999999
3981,2488,76,75,15,15,17,6144.75,6460.0,-315.25
3982,2488,79,78,19,19,30,17154.675,6715.0,10439.675
3983,2488,77,76,16,16,19,11081.925000000001,6545.0,4536.925000000001
3984,2488,78,77,20,20,38,25207.318652343754,6630.0,18577.318652343754
3985,2488,85,84,20,20,22,10578.6,7225.0,3353.6000000000004
3986,2488,77,76,16,16,10,4320.0,6545.0,-2225.0
3987,2488,76,75,19,19,30,21710.08125,6460.0,15250.08125
3988,2488,74,73,18,18,31,20661.074999999997,6290.0,14371.074999999997
3989,2488,87,86,18,18,19,8795.7,7395.0,1400.7000000000007
3990,2488,78,77,15,15,16,8766.675,6630.0,2136.6749999999993
3991,2488,84,83,16,16,11,4291.2,7140.0,-2848.8
3992,2488,73,72,17,17,28,15082.2,6205.0,8877.2
3993,2488,66,65,18,18,18,8889.3,5610.0,3279.2999999999993
3994,2488,78,77,20,20,20,8052.69375,6630.0,1422.6937500000004
3995,2488,82,81,12,12,12,4195.8,6970.0,-2774.2
3996,2488,83,82,14,14,24,14198.0625,7055.0,7143.0625
3997,2488,81,80,17,17,16,6821.4375,6885.0,-63.5625
3998,2488,75,74,16,16,14,6982.2,6375.0,607.1999999999998
3999,2488,83,82,21,21,24,13203.703125,7055.0,6148.703125
4000,2488,84,83,14,14,15,7915.5,7140.0,775.5
4001,2488,78,77,13,13,22,12973.640625,6630.0,6343.640625
4002,2488,85,84,21,21,20,10921.05,7225.0,3696.0499999999993
4003,2488,87,86,14,14,23,12509.55,7395.0,5114.549999999999
4004,2488,76,75,18,17,18,12030.496875,6460.0,5570.496875000001
4005,2488,73,72,13,13,13,5293.0125,6205.0,-911.9875000000002
4006,2488,69,68,19,19,21,10136.025000000001,5865.0,4271.0250000000015
4007,2488,75,74,16,15,17,7615.35,6375.0,1240.3500000000004
4008,2488,86,85,16,16,17,9571.66875,7310.0,2261.6687500000007
4009,2488,79,78,19,19,18,10395.0,6715.0,3680.0
4010,2488,80,79,13,13,14,8343.9,6800.0,1543.8999999999996
4011,2488,77,76,17,16,27,15537.2625,6545.0,8992.2625
4012,2488,78,77,12,12,6,2250.0,6630.0,-4380.0
4013,2488,70,69,21,21,25,13851.63984375,5950.0,7901.639843749999
4014,2488,78,77,19,19,32,18761.175000000003,6630.0,12131.175000000003
4015,2488,81,80,13,13,21,13698.590625000003,6885.0,6813.590625000003
4016,2488,82,81,19,19,15,6096.6,6970.0,-873.3999999999996
4017,2488,78,77,16,16,19,10601.325,6630.0,3971.3250000000007
4018,2488,84,83,12,12,10,3211.2000000000003,7140.0,-3928.7999999999997
4019,2488,73,72,18,18,19,10229.7375,6205.0,4024.7374999999993
4020,2488,75,74,20,20,19,11712.6,6375.0,5337.6
4021,2488,81,80,20,20,25,12799.35,6885.0,5914.35
4022,2488,68,67,17,17,16,6882.3,5780.0,1102.3000000000002
4023,2488,80,79,18,17,21,9463.528125,6800.0,2663.5281250000007
4024,2488,83,82,20,20,16,6997.05,7055.0,-57.94999999999982
4025,2488,71,70,18,18,10,3269.7,6035.0,-2765.3
4026,2488,81,80,18,18,27,17015.842968750003,6885.0,10130.842968750003
4027,2488,74,73,21,21,22,13031.55,6290.0,6741.549999999999
4028,2488,75,74,15,15,27,17313.075,6375.0,10938.075
4029,2488,75,74,22,21,20,11236.275000000001,6375.0,4861.2750000000015
4030,2488,70,69,19,18,24,9419.849999999999,5950.0,3469.8499999999985
4031,2488,83,82,17,17,15,6246.0,7055.0,-809.0
4032,2488,65,64,18,17,27,18302.2875,5525.0,12777.287499999999
4033,2488,83,82,16,16,25,16565.4,7055.0,9510.400000000001
4034,2488,81,80,14,14,16,7343.1,6885.0,458.10000000000036
4035,2488,74,73,14,14,17,8577.45,6290.0,2287.4500000000007
4036,2488,75,74,24,23,20,8646.75,6375.0,2271.75
4037,2488,64,63,15,15,13,5100.3,5440.0,-339.6999999999998
4038,2488,74,73,13,13,13,8032.5,6290.0,1742.5
4039,2488,81,80,20,20,17,8389.8,6885.0,1504.7999999999993
4040,2488,81,80,21,21,27,14142.825,6885.0,7257.825000000001
4041,2488,73,72,21,21,18,8320.5,6205.0,2115.5
4042,2488,81,80,19,19,19,8744.4,6885.0,1859.3999999999996
4043,2488,69,68,18,17,26,17722.350000000002,5865.0,11857.350000000002
4044,2488,80,79,12,12,11,4086.9,6800.0,-2713.1
4045,2488,77,76,20,20,12,5241.6,6545.0,-1303.3999999999996
4046,2488,77,76,21,21,15,6896.7,6545.0,351.6999999999998
4047,2488,81,80,18,18,20,8511.75,6885.0,1626.75
4048,2488,77,76,20,20,11,3638.25,6545.0,-2906.75
4049,2488,74,73,16,16,22,10093.949999999999,6290.0,3803.949999999999
4050,2488,82,81,15,15,14,7652.7,6970.0,682.6999999999998
4051,2488,66,65,21,21,25,11432.025,5610.0,5822.025
4052,2488,76,75,19,19,18,8298.0,6460.0,1838.0
4053,2488,78,77,14,14,20,13188.712500000001,6630.0,6558.7125000000015
4054,2488,74,73,16,16,15,6038.549999999999,6290.0,-251.45000000000073
4055,2488,83,82,18,18,22,11734.425,7055.0,4679.424999999999
4056,2488,78,77,19,18,14,4295.25,6630.0,-2334.75
4057,2488,82,81,16,16,16,8138.7,6970.0,1168.6999999999998
4058,2488,78,77,17,17,28,13654.462500000001,6630.0,7024.4625000000015
4059,2488,71,70,21,21,22,8340.3,6035.0,2305.2999999999993
4060,2488,74,73,11,11,14,8137.6875,6290.0,1847.6875
4061,2488,68,67,22,22,30,17010.45,5780.0,11230.45
4062,2488,79,78,16,16,12,5254.2,6715.0,-1460.8000000000002
4063,2488,69,68,20,20,16,6806.25,5865.0,941.25
4064,2488,79,78,14,14,24,14841.18984375,6715.0,8126.18984375
4065,2488,66,65,21,20,24,12013.70625,5610.0,6403.706249999999
4066,2488,65,64,27,26,33,17427.825,5525.0,11902.825
4067,2488,79,78,18,18,34,19820.30625,6715.0,13105.306250000001
4068,2488,78,77,20,20,23,12129.271875,6630.0,5499.271875
4069,2488,74,73,16,16,26,17722.2375,6290.0,11432.2375
4070,2488,69,68,23,22,22,10131.3,5865.0,4266.299999999999
4071,2488,74,73,19,19,17,6968.25,6290.0,678.25
4072,2488,81,80,17,17,19,11980.575,6885.0,5095.575000000001
4073,2488,76,75,13,13,20,11911.725,6460.0,5451.725
4074,2488,67,66,16,16,28,16620.075,5695.0,10925.075
4075,2488,74,73,17,17,14,7119.9,6290.0,829.8999999999996
4076,2488,79,78,14,14,27,14260.528125,6715.0,7545.528125000001
4077,2488,76,75,14,14,16,6667.2,6460.0,207.19999999999982
4078,2488,75,74,25,25,27,15790.5,6375.0,9415.5
4079,2488,69,68,19,19,20,11649.6,5865.0,5784.6
4080,2488,76,75,21,21,26,13817.25,6460.0,7357.25
4081,2488,67,66,15,15,24,15357.7125,5695.0,9662.7125
4082,2488,74,73,19,18,33,18986.596875,6290.0,12696.596875
4083,2488,79,78,19,19,21,10509.8625,6715.0,3794.8624999999993
4084,2488,63,62,19,19,38,24542.412890625,5355.0,19187.412890625
4085,2488,82,81,26,26,28,15379.2,6970.0,8409.2
4086,2488,72,71,17,17,13,6012.0,6120.0,-108.0
4087,2488,68,67,22,22,23,11005.2,5780.0,5225.200000000001
4088,2488,78,77,18,18,19,7479.450000000001,6630.0,849.4500000000007
4089,2488,79,78,27,27,26,10753.425,6715.0,4038.4249999999993
4090,2488,77,76,18,18,29,19245.9375,6545.0,12700.9375
4091,2488,77,76,17,17,30,18651.15,6545.0,12106.150000000001
4092,2488,76,75,14,13,25,13872.6,6460.0,7412.6
4093,2488,85,84,17,16,14,7015.5,7225.0,-209.5
4094,2488,68,67,18,18,35,21520.434375,5780.0,15740.434375
4095,2488,84,83,22,22,16,6620.4,7140.0,-519.6000000000004
4096,2488,79,78,18,18,25,16349.175,6715.0,9634.175
4097,2488,74,73,23,23,29,12477.9375,6290.0,6187.9375
4098,2488,71,70,18,18,26,14613.525,6035.0,8578.525
4099,2488,66,65,16,16,19,9265.05,5610.0,3655.0499999999993
4100,2488,86,85,20,20,24,9020.7,7310.0,1710.7000000000007
4101,2488,71,70,11,10,21,15369.050390625,6035.0,9334.050390625
4102,2488,73,72,18,18,26,15410.025,6205.0,9205.025
4103,2488,78,77,16,16,25,13309.48125,6630.0,6679.481250000001
4104,2488,68,67,25,25,35,18184.387499999997,5780.0,12404.387499999997
4105,2488,71,70,20,20,18,5911.425,6035.0,-123.57499999999982
4106,2488,76,75,18,18,25,13559.85,6460.0,7099.85
4107,2488,83,82,16,16,17,9286.2,7055.0,2231.2000000000007
4108,2488,72,71,16,16,27,16323.525,6120.0,10203.525
4109,2488,86,85,10,10,14,7070.625,7310.0,-239.375
4110,2488,67,66,20,20,25,12975.3,5695.0,7280.299999999999
4111,2488,69,68,13,13,18,11038.05,5865.0,5173.049999999999
4112,2488,72,71,15,15,27,17875.8,6120.0,11755.8
4113,2488,80,79,19,19,37,20591.831250000003,6800.0,13791.831250000003
4114,2488,92,91,13,13,17,8439.3,7820.0,619.2999999999993
4115,2488,81,80,19,19,18,10503.675,6885.0,3618.6749999999993
4116,2488,81,80,18,18,28,16337.587500000001,6885.0,9452.587500000001
4117,2488,68,67,20,20,37,24638.90625,5780.0,18858.90625
4118,2488,73,72,18,18,33,18504.253125,6205.0,12299.253125
4119,2488,65,64,17,17,17,10305.45,5525.0,4780.450000000001
4120,2488,72,71,19,19,15,6639.3,6120.0,519.3000000000002
4121,2488,80,79,13,12,14,5127.75,6800.0,-1672.25
4122,2488,75,74,20,20,22,9947.7,6375.0,3572.7000000000007
4123,2488,81,80,19,19,20,9596.25,6885.0,2711.25
4124,2488,83,82,17,17,22,12524.2171875,7055.0,5469.2171875
4125,2488,78,77,18,18,13,6135.3,6630.0,-494.6999999999998
4126,2488,82,81,22,22,23,11749.95,6970.0,4779.950000000001
4127,2488,81,80,14,13,20,11747.025,6885.0,4862.025
4128,2488,73,72,15,15,19,10170.45,6205.0,3965.4500000000007
4129,2488,74,73,20,20,18,7175.25,6290.0,885.25
4130,2488,73,72,15,15,23,13990.415625000001,6205.0,7785.4156250000015
4131,2488,75,74,16,16,17,7336.575000000001,6375.0,961.5750000000007
4132,2488,71,70,18,18,13,4239.0,6035.0,-1796.0
4133,2488,83,82,13,13,11,5688.0,7055.0,-1367.0
4134,2488,88,87,13,13,18,14354.325,7480.0,6874.325000000001
4135,2488,80,79,15,15,21,11899.575,6800.0,5099.575000000001
4136,2488,91,90,17,17,18,7880.85,7735.0,145.85000000000036
4137,2488,69,68,17,17,15,5472.9,5865.0,-392.10000000000036
4138,2488,83,82,16,16,23,12445.3125,7055.0,5390.3125
4139,2488,82,81,13,13,14,8325.0,6970.0,1355.0
4140,2488,73,72,19,18,20,11147.625,6205.0,4942.625
4141,2488,78,77,13,13,11,5474.700000000001,6630.0,-1155.2999999999993
4142,2488,65,64,20,20,23,14355.675,5525.0,8830.675
4143,2488,82,81,13,13,15,7607.25,6970.0,637.25
4144,2488,69,68,16,16,22,9815.85,5865.0,3950.8500000000004
4145,2488,88,87,15,15,14,7812.9,7480.0,332.89999999999964
4146,2488,74,73,19,19,15,7343.1,6290.0,1053.1000000000004
4147,2488,84,83,16,16,16,9564.525,7140.0,2424.5249999999996
4148,2488,71,70,21,21,30,18738.61875,6035.0,12703.618750000001
4149,2488,72,71,22,22,25,13723.3125,6120.0,7603.3125
4150,2488,79,78,14,14,15,6106.275,6715.0,-608.7250000000004
4151,2488,83,82,23,23,26,10907.2125,7055.0,3852.2124999999996
4152,2488,75,74,18,18,19,8942.175,6375.0,2567.1749999999993
4153,2488,84,83,14,14,19,13134.599999999999,7140.0,5994.5999999999985
4154,2488,79,78,20,20,21,9944.55,6715.0,3229.5499999999993
4155,2488,72,71,14,14,23,15165.9087890625,6120.0,9045.9087890625
4156,2488,68,67,21,21,20,9715.837500000001,5780.0,3935.8375000000015
4157,2488,76,75,21,21,20,7713.450000000001,6460.0,1253.4500000000007
4158,2488,67,66,18,17,25,12091.95,5695.0,6396.950000000001
4159,2488,74,73,25,25,22,8527.725,6290.0,2237.7250000000004
4160,2488,75,74,16,16,21,12548.7,6375.0,6173.700000000001
4161,2488,93,92,19,19,24,12287.3625,7905.0,4382.362499999999
4162,2488,86,85,11,11,11,6697.8,7310.0,-612.1999999999998
4163,2488,70,69,19,19,16,6735.15,5950.0,785.1499999999996
4164,2488,75,74,23,23,23,13610.025,6375.0,7235.025
4165,2488,76,75,16,15,14,6152.4,6460.0,-307.60000000000036
4166,2488,69,68,19,18,28,13903.425,5865.0,8038.424999999999
4167,2488,80,79,16,16,21,9978.27890625,6800.0,3178.2789062499996
4168,2488,74,73,18,18,25,13867.48125,6290.0,7577.481250000001
4169,2488,73,72,18,17,18,9091.8,6205.0,2886.7999999999993
4170,2488,69,68,22,21,21,10033.481249999999,5865.0,4168.481249999999
4171,2488,76,75,20,20,23,12627.0,6460.0,6167.0
4172,2488,70,69,15,15,37,26385.412500000002,5950.0,20435.412500000002
4173,2488,67,66,20,20,24,10718.1,5695.0,5023.1
4174,2488,67,66,23,23,21,9857.475,5695.0,4162.475
4175,2488,71,70,19,19,18,9249.3,6035.0,3214.2999999999993
4176,2488,66,65,24,24,27,12530.7,5610.0,6920.700000000001
4177,2488,72,71,18,18,19,9725.625,6120.0,3605.625
4178,2488,81,80,24,24,24,13226.4,6885.0,6341.4
4179,2488,76,75,19,18,18,9571.05,6460.0,3111.0499999999993
4180,2488,76,75,20,20,21,10031.7234375,6460.0,3571.7234375000007
4181,2488,74,73,21,20,16,7597.8,6290.0,1307.8000000000002
4182,2488,83,82,20,19,21,11336.4,7055.0,4281.4
4183,2488,81,80,19,19,26,14275.8,6885.0,7390.799999999999
4184,2488,79,78,17,17,13,5723.1,6715.0,-991.8999999999996
4185,2488,78,77,18,18,29,16824.825,6630.0,10194.825
4186,2488,74,73,21,21,31,17248.978125,6290.0,10958.978125000001
4187,2488,77,76,15,15,17,9151.425,6545.0,2606.4249999999993
4188,2488,87,86,10,10,15,7173.0,7395.0,-222.0
4189,2488,87,86,22,22,20,9458.55,7395.0,2063.5499999999993
4190,2488,71,70,24,24,29,21141.42890625,6035.0,15106.42890625
4191,2488,84,83,14,14,16,7740.9,7140.0,600.8999999999996
4192,2488,81,80,21,21,25,14930.099999999999,6885.0,8045.0999999999985
4193,2488,71,70,13,13,15,7940.925,6035.0,1905.9250000000002
4194,2488,83,82,23,23,26,14372.099999999999,7055.0,7317.0999999999985
4195,2488,86,85,13,13,9,3700.8,7310.0,-3609.2
4196,2488,75,74,17,17,20,11196.225,6375.0,4821.225
4197,2488,72,71,17,17,21,8533.8,6120.0,2413.7999999999993
4198,2488,85,84,21,21,15,5348.25,7225.0,-1876.75
4199,2488,76,75,16,16,17,7041.6,6460.0,581.6000000000004
4200,2488,77,76,17,17,20,10449.449999999999,6545.0,3904.449999999999
4201,2488,76,75,20,20,26,16585.846875,6460.0,10125.846875
4202,2488,70,69,19,19,33,19619.38125,5950.0,13669.381249999999
4203,2488,77,76,18,17,19,11035.8,6545.0,4490.799999999999
4204,2488,76,75,21,21,20,8075.474999999999,6460.0,1615.4749999999995
4205,2488,68,67,25,25,39,23344.7625,5780.0,17564.7625
4206,2488,77,76,19,19,29,16612.228125,6545.0,10067.228125000001
4207,2488,78,77,21,21,21,11205.0,6630.0,4575.0
4208,2488,69,68,17,17,15,8824.10625,5865.0,2959.1062500000007
4209,2488,87,86,18,18,26,14421.2625,7395.0,7026.262500000001
4210,2488,67,66,16,16,16,7477.200000000001,5695.0,1782.2000000000007
4211,2488,80,79,21,21,23,10586.7,6800.0,3786.7000000000007
4212,2488,71,70,17,17,19,10535.4,6035.0,4500.4
4213,2488,76,75,27,27,35,18446.709375,6460.0,11986.709374999999
4214,2488,74,73,18,18,30,18819.490429687496,6290.0,12529.490429687496
4215,2488,82,81,16,16,14,6282.0,6970.0,-688.0
4216,2488,76,75,18,18,17,9251.1,6460.0,2791.1000000000004
4217,2488,78,77,16,16,16,8236.51875,6630.0,1606.5187499999993
4218,2488,71,70,21,21,20,7669.575,6035.0,1634.5749999999998
4219,2488,76,75,18,17,21,9043.425,6460.0,2583.4249999999993
4220,2488,79,78,15,15,15,5925.375,6715.0,-789.625
4221,2488,59,58,17,17,29,18294.046875,5015.0,13279.046875
4222,2488,79,78,16,15,22,12458.025,6715.0,5743.025
4223,2488,71,70,16,16,10,4124.7,6035.0,-1910.3000000000002
4224,2488,75,74,18,18,29,14760.0,6375.0,8385.0
4225,2488,70,69,26,26,39,21357.3375,5950.0,15407.337500000001
4226,2488,80,79,18,18,13,3338.1,6800.0,-3461.9
4227,2488,71,70,20,20,22,10327.95,6035.0,4292.950000000001
4228,2488,83,82,23,23,23,11499.075,7055.0,4444.075000000001
4229,2488,89,88,11,11,20,15538.275,7565.0,7973.275
4230,2488,77,76,16,15,22,12675.15,6545.0,6130.15
4231,2488,68,67,24,24,24,10598.400000000001,5780.0,4818.4000000000015
4232,2488,83,82,15,15,8,2395.8,7055.0,-4659.2
4233,2488,75,74,20,20,27,13198.95,6375.0,6823.950000000001
4234,2488,72,71,20,19,21,8548.2,6120.0,2428.2000000000007
4235,2488,75,74,23,23,22,8751.15,6375.0,2376.1499999999996
4236,2488,72,71,18,18,20,11691.900000000001,6120.0,5571.9000000000015
4237,2488,77,76,19,19,14,7384.05,6545.0,839.0500000000002
4238,2488,73,72,18,18,21,12327.75,6205.0,6122.75
4239,2488,73,72,14,14,18,9164.41875,6205.0,2959.4187500000007
4240,2488,70,69,21,21,17,8184.6,5950.0,2234.6000000000004
4241,2488,85,84,16,16,9,3691.8,7225.0,-3533.2
4242,2488,79,78,25,25,26,13281.075,6715.0,6566.075000000001
4243,2488,71,70,21,21,19,9676.575,6035.0,3641.5750000000007
4244,2488,88,87,15,15,12,5765.625,7480.0,-1714.375
4245,2488,89,88,10,10,8,2888.1,7565.0,-4676.9
4246,2488,83,82,19,19,29,14337.7875,7055.0,7282.7875
4247,2488,79,78,20,20,31,22396.471875000003,6715.0,15681.471875000003
4248,2488,77,76,20,20,14,5652.0,6545.0,-893.0
4249,2488,77,76,17,17,15,8243.55,6545.0,1698.5499999999993
4250,2488,71,70,22,22,30,20396.475,6035.0,14361.474999999999
4251,2488,84,83,20,20,26,12555.449999999999,7140.0,5415.449999999999
4252,2488,62,61,20,20,21,9459.0,5270.0,4189.0
4253,2488,76,75,19,19,20,8309.475,6460.0,1849.4750000000004
4254,2488,74,73,19,19,25,10498.05,6290.0,4208.049999999999
4255,2488,81,80,16,16,11,4705.2,6885.0,-2179.8
4256,2488,71,70,20,20,13,5464.8,6035.0,-570.1999999999998
4257,2488,73,72,20,19,18,8968.725,6205.0,2763.7250000000004
4258,2488,81,80,12,12,17,9484.650000000001,6885.0,2599.6500000000015
4259,2488,81,80,17,17,17,10083.15,6885.0,3198.1499999999996
4260,2488,79,78,24,24,28,13437.225,6715.0,6722.225
4261,2488,80,79,18,18,30,20786.371875,6800.0,13986.371875
4262,2488,73,72,19,19,16,6224.4,6205.0,19.399999999999636
4263,2488,75,74,18,17,25,17253.73125,6375.0,10878.73125
4264,2488,71,70,20,20,20,13686.384375,6035.0,7651.384375
4265,2488,70,69,17,17,26,12122.55,5950.0,6172.549999999999
4266,2488,80,79,19,19,20,9785.7,6800.0,2985.7000000000007
4267,2488,84,83,16,16,18,8952.75,7140.0,1812.75
4268,2488,64,63,20,19,25,14072.85,5440.0,8632.85
4269,2488,70,69,18,18,20,12910.725,5950.0,6960.725
4270,2488,82,81,18,18,15,5966.1,6970.0,-1003.8999999999996
4271,2488,73,72,16,16,19,8324.55,6205.0,2119.5499999999993
4272,2488,76,75,16,16,24,13340.925000000001,6460.0,6880.925000000001
4273,2488,74,73,23,23,25,12248.325,6290.0,5958.325000000001
4274,2488,77,76,19,19,19,9601.2,6545.0,3056.2000000000007
4275,2488,75,74,22,22,39,27665.325,6375.0,21290.325
4276,2488,75,74,17,17,17,7028.1,6375.0,653.1000000000004
4277,2488,73,72,12,11,17,11382.3,6205.0,5177.299999999999
4278,2488,82,81,13,13,14,8521.2,6970.0,1551.2000000000007
4279,2488,74,73,18,18,18,8822.475,6290.0,2532.4750000000004
4280,2488,85,84,15,15,16,6231.6,7225.0,-993.3999999999996
4281,2488,89,88,15,15,8,3439.125,7565.0,-4125.875
4282,2488,76,75,20,20,27,15823.321875000001,6460.0,9363.321875000001
4283,2488,76,75,21,21,29,15709.725,6460.0,9249.725
4284,2488,82,81,20,20,21,10096.650000000001,6970.0,3126.6500000000015
4285,2488,73,72,16,16,13,6819.075000000001,6205.0,614.0750000000007
4286,2488,69,68,21,21,25,13355.55,5865.0,7490.549999999999
4287,2488,78,77,14,13,18,10954.04765625,6630.0,4324.047656250001
4288,2488,73,72,13,13,18,10480.95,6205.0,4275.950000000001
4289,2488,83,82,15,15,13,6109.200000000001,7055.0,-945.7999999999993
4290,2488,64,63,19,19,18,7742.700000000001,5440.0,2302.7000000000007
4291,2488,84,83,15,15,21,10433.475,7140.0,3293.4750000000004
4292,2488,73,72,19,19,29,18265.725,6205.0,12060.724999999999
4293,2488,79,78,22,22,15,7129.8,6715.0,414.8000000000002
4294,2488,66,65,19,19,26,14464.575,5610.0,8854.575
4295,2488,87,86,20,20,20,7641.0,7395.0,246.0
4296,2488,84,83,15,14,18,10928.7,7140.0,3788.7000000000007
4297,2488,76,75,15,15,22,14970.6,6460.0,8510.6
4298,2488,74,73,14,14,14,10152.9,6290.0,3862.8999999999996
4299,2488,80,79,20,20,16,4966.2,6800.0,-1833.8000000000002
4300,2488,66,65,20,20,20,8363.25,5610.0,2753.25
4301,2488,74,73,23,23,23,13200.3,6290.0,6910.299999999999
4302,2488,71,70,17,17,17,8976.15,6035.0,2941.1499999999996
4303,2488,74,73,16,16,14,5926.5,6290.0,-363.5
4304,2488,78,77,13,13,16,10434.6,6630.0,3804.6000000000004
4305,2488,84,83,16,16,21,10102.5,7140.0,2962.5
4306,2488,73,72,23,23,19,8166.6,6205.0,1961.6000000000004
4307,2488,76,75,18,17,20,10780.2,6460.0,4320.200000000001
4308,2488,81,80,18,18,23,12319.2,6885.0,5434.200000000001
4309,2488,88,87,19,19,15,5858.775000000001,7480.0,-1621.2249999999995
4310,2488,78,77,19,19,19,8356.95,6630.0,1726.9500000000007
4311,2488,67,66,22,22,29,16089.1875,5695.0,10394.1875
4312,2488,92,91,23,23,22,10560.150000000001,7820.0,2740.1500000000015
4313,2488,72,71,23,22,23,10392.8625,6120.0,4272.862499999999
4314,2488,81,80,16,16,15,7279.650000000001,6885.0,394.65000000000055
4315,2488,78,77,18,18,23,10989.0,6630.0,4359.0
4316,2488,82,81,17,17,18,9677.25,6970.0,2707.25
4317,2488,73,72,17,17,22,12348.45,6205.0,6143.450000000001
4318,2488,85,84,18,17,19,11703.99375,7225.0,4478.99375
4319,2488,81,80,20,20,16,8802.0,6885.0,1917.0
4320,2488,68,67,18,18,21,11152.8,5780.0,5372.799999999999
4321,2488,75,74,18,18,22,11760.75,6375.0,5385.75
4322,2488,69,68,15,15,14,7850.25,5865.0,1985.25
4323,2488,76,75,25,25,21,12063.6,6460.0,5603.6
4324,2488,71,70,26,26,35,18911.7,6035.0,12876.7
4325,2488,71,70,15,15,20,9553.4296875,6035.0,3518.4296875
4326,2488,65,64,20,20,35,19033.678125,5525.0,13508.678124999999
4327,2488,79,78,20,19,22,13057.762499999999,6715.0,6342.762499999999
4328,2488,79,78,15,15,10,5059.8,6715.0,-1655.1999999999998
4329,2488,76,75,16,16,22,12830.062499999998,6460.0,6370.062499999998
4330,2488,80,79,13,13,11,5326.2,6800.0,-1473.8000000000002
4331,2488,87,86,18,18,21,8418.15,7395.0,1023.1499999999996
4332,2488,87,86,16,15,22,12051.45,7395.0,4656.450000000001
4333,2488,84,83,14,14,12,7295.85,7140.0,155.85000000000036
4334,2488,75,74,15,15,20,10307.25,6375.0,3932.25
4335,2488,74,73,20,20,19,7721.55,6290.0,1431.5500000000002
4336,2488,71,70,16,16,17,7620.299999999999,6035.0,1585.2999999999993
4337,2488,83,82,19,19,22,10498.5,7055.0,3443.5
4338,2488,82,81,14,14,26,13778.38125,6970.0,6808.38125
4339,2488,77,76,15,15,24,14504.354296875,6545.0,7959.354296875001
4340,2488,77,76,17,17,31,16111.8,6545.0,9566.8
4341,2488,81,80,16,15,15,7259.400000000001,6885.0,374.40000000000055
4342,2488,87,86,17,16,25,13538.3625,7395.0,6143.362499999999
4343,2488,75,74,17,16,17,6642.0,6375.0,267.0
4344,2488,74,73,13,12,17,10478.925,6290.0,4188.924999999999
4345,2488,69,68,23,23,28,13447.0125,5865.0,7582.012500000001
4346,2488,71,70,20,20,32,16072.059375,6035.0,10037.059375
4347,2488,78,77,22,22,28,11795.4,6630.0,5165.4
4348,2488,84,83,18,18,19,10345.95,7140.0,3205.9500000000007
4349,2488,73,72,17,17,20,9125.55,6205.0,2920.5499999999993
4350,2488,77,76,15,15,20,11039.400000000001,6545.0,4494.4000000000015
4351,2488,73,72,22,22,26,12985.3125,6205.0,6780.3125
4352,2488,82,81,15,15,15,7460.6625,6970.0,490.66250000000036
4353,2488,76,75,23,23,20,8727.3,6460.0,2267.2999999999993
4354,2488,81,80,17,17,12,4533.3,6885.0,-2351.7
4355,2488,72,71,18,18,19,7286.4,6120.0,1166.3999999999996
4356,2488,78,77,14,14,23,14532.3,6630.0,7902.299999999999
4357,2488,77,76,11,11,13,6893.325000000001,6545.0,348.3250000000007
4358,2488,75,74,13,13,20,10088.1,6375.0,3713.1000000000004
4359,2488,78,77,18,18,17,6939.0,6630.0,309.0
4360,2488,83,82,20,20,16,5365.8,7055.0,-1689.1999999999998
4361,2488,74,73,19,19,25,10730.925,6290.0,4440.924999999999
4362,2488,74,73,19,19,11,4561.2,6290.0,-1728.8000000000002
4363,2488,74,73,23,23,24,10793.6859375,6290.0,4503.6859375
4364,2488,70,69,17,17,20,11097.675,5950.0,5147.674999999999
4365,2488,88,87,14,14,11,4236.3,7480.0,-3243.7
4366,2488,89,88,14,14,11,5101.200000000001,7565.0,-2463.7999999999993
4367,2488,87,86,16,16,20,8794.8,7395.0,1399.7999999999993
4368,2488,83,82,18,18,20,7099.425,7055.0,44.42500000000018
4369,2488,75,74,10,10,7,3937.5,6375.0,-2437.5
4370,2488,77,76,16,16,19,9736.3125,6545.0,3191.3125
4371,2488,80,79,17,17,20,9397.8,6800.0,2597.7999999999993
4372,2488,77,76,23,23,24,10182.6,6545.0,3637.6000000000004
4373,2488,72,71,23,22,24,13657.5,6120.0,7537.5
4374,2488,74,73,23,23,39,22090.173486328124,6290.0,15800.173486328124
4375,2488,75,74,24,24,22,9569.925,6375.0,3194.9249999999993
4376,2488,82,81,18,17,18,7573.5,6970.0,603.5
4377,2488,71,70,12,12,10,4876.199999999999,6035.0,-1158.800000000001
4378,2488,82,81,18,18,28,19402.0875,6970.0,12432.087500000001
4379,2488,66,65,21,21,20,9902.7,5610.0,4292.700000000001
4380,2488,71,70,19,19,31,21391.846875,6035.0,15356.846875
4381,2488,67,66,17,16,24,12646.8,5695.0,6951.799999999999
4382,2488,85,84,19,19,16,5954.4,7225.0,-1270.6000000000004
4383,2488,69,68,18,18,20,11442.4875,5865.0,5577.487499999999
4384,2488,70,69,20,20,23,12770.212500000001,5950.0,6820.2125000000015
4385,2488,62,61,13,13,21,12534.6375,5270.0,7264.637500000001
4386,2488,60,59,20,20,25,13715.775000000001,5100.0,8615.775000000001
4387,2488,75,74,10,10,10,6098.85,6375.0,-276.14999999999964
4388,2488,83,82,26,26,19,7026.3,7055.0,-28.699999999999818
4389,2488,74,73,17,17,14,6947.1,6290.0,657.1000000000004
4390,2488,74,73,21,21,28,14100.8625,6290.0,7810.862499999999
4391,2488,75,74,22,22,25,12302.746875,6375.0,5927.746875000001
4392,2488,83,82,17,17,16,7875.0,7055.0,820.0
4393,2488,74,73,17,17,12,5474.25,6290.0,-815.75
4394,2488,76,75,16,16,20,11263.05,6460.0,4803.049999999999
4395,2488,87,86,18,18,21,9915.3,7395.0,2520.2999999999993
4396,2488,74,73,18,18,17,7739.15625,6290.0,1449.15625
4397,2488,74,73,20,19,9,3816.45,6290.0,-2473.55
4398,2488,78,77,17,17,24,15017.4,6630.0,8387.4
4399,2488,80,79,12,12,14,7460.55,6800.0,660.5500000000002
4400,2488,82,81,15,15,13,5775.3,6970.0,-1194.6999999999998
4401,2488,89,88,14,14,18,10866.712500000001,7565.0,3301.7125000000015
4402,2488,79,78,13,13,9,2530.8,6715.0,-4184.2
4403,2488,76,75,26,26,18,8460.0,6460.0,2000.0
4404,2488,91,90,16,16,15,5471.1,7735.0,-2263.8999999999996
4405,2488,78,77,19,19,15,5475.15,6630.0,-1154.8500000000004
4406,2488,72,71,21,21,30,21023.690625,6120.0,14903.690625
4407,2488,70,69,19,19,19,7748.55,5950.0,1798.5500000000002
4408,2488,75,74,14,14,23,14005.012499999999,6375.0,7630.012499999999
4409,2488,78,77,16,16,21,10229.625000000002,6630.0,3599.625000000002
4410,2488,79,78,12,12,18,11595.375,6715.0,4880.375
4411,2488,76,75,20,19,17,8166.825000000001,6460.0,1706.8250000000007
4412,2488,76,75,18,18,13,5512.95,6460.0,-947.0500000000002
4413,2488,78,77,22,22,22,9633.6,6630.0,3003.6000000000004
4414,2488,69,68,17,17,11,5793.3,5865.0,-71.69999999999982
4415,2488,63,62,20,20,20,8538.3,5355.0,3183.2999999999993
4416,2488,69,68,14,13,8,2970.0,5865.0,-2895.0
4417,2488,78,77,20,20,13,5216.4,6630.0,-1413.6000000000004
4418,2488,74,73,20,20,22,11270.474999999999,6290.0,4980.4749999999985
4419,2488,69,68,22,22,20,8953.875,5865.0,3088.875
4420,2488,71,70,22,22,27,11561.64609375,6035.0,5526.64609375
4421,2488,86,85,12,12,11,5367.6,7310.0,-1942.3999999999996
4422,2488,81,80,21,21,18,8732.475,6885.0,1847.4750000000004
4423,2488,76,75,13,13,15,8037.9,6460.0,1577.8999999999996
4424,2488,73,72,23,23,22,10782.225,6205.0,4577.225
4425,2488,79,78,18,18,20,9163.06875,6715.0,2448.0687500000004
4426,2488,78,77,23,23,16,6065.1,6630.0,-564.8999999999996
4427,2488,75,74,18,18,27,17456.8359375,6375.0,11081.8359375
4428,2488,78,77,23,23,34,17999.55,6630.0,11369.55
4429,2488,79,78,20,20,19,7806.15,6715.0,1091.1499999999996
4430,2488,79,78,13,13,24,14436.900000000001,6715.0,7721.9000000000015
4431,2488,77,76,18,18,16,7549.2,6545.0,1004.1999999999998
4432,2488,77,76,20,19,16,4617.0,6545.0,-1928.0
4433,2488,80,79,16,16,15,5801.625,6800.0,-998.375
4434,2488,69,68,20,20,18,10340.1,5865.0,4475.1
4435,2488,77,76,24,24,18,6720.3,6545.0,175.30000000000018
4436,2488,74,73,11,11,17,9517.5,6290.0,3227.5
4437,2488,84,83,16,16,19,8654.85,7140.0,1514.8500000000004
4438,2488,79,78,16,16,14,6693.3,6715.0,-21.699999999999818
4439,2488,89,88,16,16,24,16486.284375000003,7565.0,8921.284375000003
4440,2488,72,71,20,20,21,10720.349999999999,6120.0,4600.3499999999985
4441,2488,73,72,14,14,19,7924.05,6205.0,1719.0500000000002
4442,2488,82,81,14,14,12,7818.75,6970.0,848.75
4443,2488,67,66,19,19,36,21909.6,5695.0,16214.599999999999
4444,2488,73,72,24,24,21,12952.125,6205.0,6747.125
4445,2488,86,85,14,14,23,17298.04921875,7310.0,9988.049218749999
4446,2488,75,74,16,16,24,12005.4375,6375.0,5630.4375
4447,2488,78,77,21,21,25,12173.5125,6630.0,5543.512500000001
4448,2488,76,75,19,19,23,12955.696874999998,6460.0,6495.696874999998
4449,2488,78,77,19,19,23,10625.512499999999,6630.0,3995.512499999999
4450,2488,81,80,23,23,27,13646.25,6885.0,6761.25
4451,2488,81,80,18,18,15,5765.4,6885.0,-1119.6000000000004
4452,2488,80,79,12,12,13,5536.35,6800.0,-1263.6499999999996
4453,2488,83,82,19,19,17,8711.1,7055.0,1656.1000000000004
4454,2488,84,83,18,18,17,6808.05,7140.0,-331.9499999999998
4455,2488,86,85,16,16,18,9480.825,7310.0,2170.8250000000007
4456,2488,73,72,21,21,23,12083.287499999999,6205.0,5878.2874999999985
4457,2488,70,69,19,19,21,9932.849999999999,5950.0,3982.8499999999985
4458,2488,73,72,14,14,20,9655.7625,6205.0,3450.7625000000007
4459,2488,82,81,17,17,17,6785.775000000001,6970.0,-184.22499999999945
4460,2488,81,80,18,18,17,8058.599999999999,6885.0,1173.5999999999995
4461,2488,75,74,21,21,33,18811.125,6375.0,12436.125
4462,2488,87,86,14,14,11,3994.2,7395.0,-3400.8
4463,2488,78,77,16,16,19,8759.025000000001,6630.0,2129.0250000000015
4464,2488,72,71,18,18,26,15466.612500000001,6120.0,9346.612500000001
4465,2488,69,68,21,21,25,14465.25,5865.0,8600.25
4466,2488,75,74,15,15,20,8541.1125,6375.0,2166.1124999999993
4467,2488,68,67,24,24,24,12465.0,5780.0,6685.0
4468,2488,68,67,19,19,18,6301.35,5780.0,521.3500000000004
4469,2488,82,81,18,17,25,13307.7375,6970.0,6337.737499999999
4470,2488,79,78,18,18,15,8864.1,6715.0,2149.1000000000004
4471,2488,74,73,18,18,17,6456.6,6290.0,166.60000000000036
4472,2488,81,80,16,16,28,19634.45625,6885.0,12749.45625
4473,2488,74,73,16,16,14,6978.6,6290.0,688.6000000000004
4474,2488,75,74,20,20,29,18623.5875,6375.0,12248.587500000001
4475,2488,78,77,21,20,22,12189.825,6630.0,5559.825000000001
4476,2488,93,92,13,13,11,4462.2,7905.0,-3442.8
4477,2488,78,77,18,17,26,17295.3,6630.0,10665.3
4478,2488,89,88,10,9,7,2768.4,7565.0,-4796.6
4479,2488,74,73,18,18,21,10596.375,6290.0,4306.375
4480,2488,64,63,17,17,25,14619.15,5440.0,9179.15
4481,2488,71,70,24,24,29,18410.34375,6035.0,12375.34375
4482,2488,72,71,14,14,19,10278.0,6120.0,4158.0
4483,2488,76,75,18,18,36,26000.15625,6460.0,19540.15625
4484,2488,84,83,15,15,14,7544.7,7140.0,404.6999999999998
4485,2488,78,77,18,18,17,7152.075,6630.0,522.0749999999998
4486,2488,84,83,22,22,21,11031.300000000001,7140.0,3891.300000000001
4487,2488,82,81,17,17,25,13461.974999999999,6970.0,6491.9749999999985
4488,2488,71,70,22,21,22,12408.75,6035.0,6373.75
4489,2488,76,75,17,17,16,8527.5,6460.0,2067.5
4490,2488,76,75,22,22,23,13927.05,6460.0,7467.049999999999
4491,2488,82,81,18,18,19,9915.75,6970.0,2945.75
4492,2488,85,84,18,18,20,9238.95,7225.0,2013.9500000000007
4493,2488,71,70,19,19,14,6376.5,6035.0,341.5
4494,2488,76,75,17,17,23,13351.837500000001,6460.0,6891.8375000000015
4495,2488,71,70,26,26,27,11822.850000000002,6035.0,5787.850000000002
4496,2488,78,77,15,15,19,9567.0,6630.0,2937.0
4497,2488,81,80,14,13,13,7247.925,6885.0,362.9250000000002
4498,2488,82,81,21,21,14,5962.95,6970.0,-1007.0500000000002
4499,2488,79,78,21,21,23,10323.45,6715.0,3608.4500000000007
4500,2488,80,79,22,21,20,9833.85,6800.0,3033.8500000000004
4501,2488,77,76,20,20,18,11895.8625,6545.0,5350.862499999999
4502,2488,83,82,18,18,21,10647.900000000001,7055.0,3592.9000000000015
4503,2488,73,72,14,14,12,4011.3,6205.0,-2193.7
4504,2488,79,78,18,17,21,14086.8,6715.0,7371.799999999999
4505,2488,81,80,21,21,15,5172.3,6885.0,-1712.6999999999998
4506,2488,68,67,20,20,23,13685.85,5780.0,7905.85
4507,2488,80,79,13,13,10,4537.8,6800.0,-2262.2
4508,2488,65,64,16,16,19,9348.4125,5525.0,3823.4125000000004
4509,2488,80,79,16,16,18,8659.9125,6800.0,1859.9125000000004
4510,2488,78,77,11,10,24,13850.26875,6630.0,7220.268749999999
4511,2488,69,68,15,15,28,17707.53076171875,5865.0,11842.53076171875
4512,2488,73,72,17,17,24,12601.35,6205.0,6396.35
4513,2488,67,66,16,16,18,8092.35,5695.0,2397.3500000000004
4514,2488,71,70,16,16,22,13012.65,6035.0,6977.65
4515,2488,79,78,23,23,29,14213.475,6715.0,7498.475
4516,2488,76,75,11,11,11,4767.975,6460.0,-1692.0249999999996
4517,2488,82,81,16,16,18,9465.75,6970.0,2495.75
4518,2488,62,61,14,14,22,11022.300000000001,5270.0,5752.300000000001
4519,2488,86,85,18,18,25,14506.65,7310.0,7196.65
4520,2488,63,62,15,15,20,9891.0,5355.0,4536.0
4521,2488,78,77,20,20,21,10846.8,6630.0,4216.799999999999
4522,2488,75,74,25,25,27,9720.0,6375.0,3345.0
4523,2488,76,75,18,18,33,18834.300000000003,6460.0,12374.300000000003
4524,2488,70,69,19,19,26,13518.45,5950.0,7568.450000000001
4525,2488,75,74,22,22,21,8717.400000000001,6375.0,2342.4000000000015
4526,2488,72,71,18,18,22,8841.6,6120.0,2721.6000000000004
4527,2488,79,78,18,18,22,11770.9875,6715.0,5055.987499999999
4528,2488,76,75,16,16,11,3175.2000000000003,6460.0,-3284.7999999999997
4529,2488,77,76,18,18,10,3839.4,6545.0,-2705.6
4530,2488,73,72,24,23,24,13267.349999999999,6205.0,7062.3499999999985
4531,2488,85,84,16,16,21,8440.7625,7225.0,1215.7625000000007
4532,2488,80,79,16,16,16,9369.9,6800.0,2569.8999999999996
4533,2488,79,78,17,17,23,12661.65,6715.0,5946.65
4534,2488,70,69,25,25,27,12926.474999999999,5950.0,6976.4749999999985
4535,2488,78,77,18,18,18,7963.2,6630.0,1333.1999999999998
4536,2488,68,67,14,14,16,7218.9,5780.0,1438.8999999999996
4537,2488,80,79,10,10,10,4865.4,6800.0,-1934.6000000000004
4538,2488,70,69,21,21,34,20549.925000000003,5950.0,14599.925000000003
4539,2488,81,80,20,19,26,15585.750000000002,6885.0,8700.750000000002
4540,2488,69,68,19,19,20,11839.5,5865.0,5974.5
4541,2488,89,88,16,15,11,6120.0,7565.0,-1445.0
4542,2488,83,82,21,21,23,12089.25,7055.0,5034.25
4543,2488,73,72,21,21,31,20553.525,6205.0,14348.525000000001
4544,2488,79,78,16,16,19,11455.875,6715.0,4740.875
4545,2488,65,64,18,18,31,19445.5125,5525.0,13920.5125
4546,2488,83,82,19,19,19,8363.081250000001,7055.0,1308.081250000001
4547,2488,73,72,15,14,11,5131.8,6205.0,-1073.1999999999998
4548,2488,83,82,19,19,23,10758.599999999999,7055.0,3703.5999999999985
4549,2488,86,85,17,16,21,12867.6375,7310.0,5557.637500000001
4550,2488,74,73,18,18,29,20110.5,6290.0,13820.5
4551,2488,76,75,15,15,20,11256.6375,6460.0,4796.637500000001
4552,2488,81,80,16,16,18,8186.175,6885.0,1301.1750000000002
4553,2488,75,74,16,16,16,8008.2,6375.0,1633.1999999999998
4554,2488,77,76,14,14,10,4516.2,6545.0,-2028.8000000000002
4555,2488,83,82,18,17,17,7308.0,7055.0,253.0
4556,2488,86,85,15,15,12,5189.4,7310.0,-2120.6000000000004
4557,2488,80,79,20,20,27,12672.1125,6800.0,5872.112499999999
4558,2488,68,67,24,24,36,21626.581640625,5780.0,15846.581640625001
4559,2488,80,79,19,18,22,12579.3,6800.0,5779.299999999999
4560,2488,72,71,19,19,30,16547.625,6120.0,10427.625
4561,2488,76,75,22,22,21,8137.35,6460.0,1677.3500000000004
4562,2488,86,85,16,16,22,11405.25,7310.0,4095.25
4563,2488,68,67,22,21,42,27780.3,5780.0,22000.3
4564,2488,66,65,20,20,19,9480.825,5610.0,3870.8250000000007
4565,2488,82,81,17,17,24,13171.3875,6970.0,6201.387500000001
4566,2488,72,71,21,21,23,12703.05,6120.0,6583.049999999999
4567,2488,77,76,14,14,18,10795.95,6545.0,4250.950000000001
4568,2488,79,78,24,24,29,14393.7,6715.0,7678.700000000001
4569,2488,75,74,15,14,14,7720.200000000001,6375.0,1345.2000000000007
4570,2488,77,76,18,18,26,16338.825,6545.0,9793.825
4571,2488,77,76,19,19,17,5408.1,6545.0,-1136.8999999999996
4572,2488,77,76,19,19,22,13324.5,6545.0,6779.5
4573,2488,74,73,16,16,19,10379.7,6290.0,4089.7000000000007
4574,2488,76,75,15,15,15,7688.25,6460.0,1228.25
4575,2488,67,66,22,22,22,10425.0375,5695.0,4730.0375
4576,2488,80,79,17,17,21,9424.8,6800.0,2624.7999999999993
4577,2488,72,71,19,19,19,8901.45,6120.0,2781.4500000000007
4578,2488,83,82,19,19,21,12116.868750000001,7055.0,5061.8687500000015
4579,2488,81,80,15,15,11,3414.15,6885.0,-3470.85
4580,2488,72,71,12,12,20,12178.96875,6120.0,6058.96875
4581,2488,80,79,16,16,20,12656.3625,6800.0,5856.362499999999
4582,2488,70,69,16,16,19,9387.1125,5950.0,3437.1124999999993
4583,2488,82,81,15,15,16,6448.725,6970.0,-521.2749999999996
4584,2488,67,66,22,22,33,17834.175000000003,5695.0,12139.175000000003
4585,2488,81,80,14,14,14,6395.4,6885.0,-489.60000000000036
4586,2488,60,59,20,20,46,31261.69423828125,5100.0,26161.69423828125
4587,2488,85,84,16,15,13,5788.8,7225.0,-1436.1999999999998
4588,2488,76,75,17,17,13,7026.4125,6460.0,566.4125000000004
4589,2488,75,74,18,18,16,7038.9,6375.0,663.8999999999996
4590,2488,80,79,16,16,18,9720.7875,6800.0,2920.7875000000004
4591,2488,70,69,20,19,32,17668.18125,5950.0,11718.181250000001
4592,2488,72,71,16,16,18,7959.6,6120.0,1839.6000000000004
4593,2488,82,81,21,21,29,17187.3,6970.0,10217.3
4594,2488,76,75,14,14,10,4449.6,6460.0,-2010.3999999999996
4595,2488,70,69,16,16,19,7987.5,5950.0,2037.5
4596,2488,84,83,14,14,19,11026.35,7140.0,3886.3500000000004
4597,2488,81,80,16,16,13,6002.325,6885.0,-882.6750000000002
4598,2488,75,74,22,22,24,12231.84375,6375.0,5856.84375
4599,2488,83,82,16,16,13,5688.0,7055.0,-1367.0
4600,2488,69,68,17,17,24,10266.075,5865.0,4401.075000000001
4601,2488,69,68,20,20,33,18760.1484375,5865.0,12895.1484375
4602,2488,83,82,20,20,26,14012.4375,7055.0,6957.4375
4603,2488,77,76,22,22,27,16133.175000000001,6545.0,9588.175000000001
4604,2488,68,67,15,15,35,23325.08203125,5780.0,17545.08203125
4605,2488,73,72,18,18,12,5236.200000000001,6205.0,-968.7999999999993
4606,2488,74,73,19,18,15,5829.3,6290.0,-460.6999999999998
4607,2488,75,74,19,19,25,14757.8203125,6375.0,8382.8203125
4608,2488,67,66,16,16,15,7987.5,5695.0,2292.5
4609,2488,75,74,16,16,24,12778.0875,6375.0,6403.0875
4610,2488,76,75,20,20,20,9110.7,6460.0,2650.7000000000007
4611,2488,75,74,16,15,25,13797.675,6375.0,7422.674999999999
4612,2488,77,76,14,14,11,5108.4,6545.0,-1436.6000000000004
4613,2488,85,84,16,16,16,8416.9125,7225.0,1191.9125000000004
4614,2488,82,81,22,21,20,8372.25,6970.0,1402.25
4615,2488,93,92,18,18,22,12172.5,7905.0,4267.5
4616,2488,84,83,23,22,17,7479.0,7140.0,339.0
4617,2488,73,72,12,12,11,4524.3,6205.0,-1680.6999999999998
4618,2488,63,62,19,19,34,20283.13125,5355.0,14928.131249999999
4619,2488,84,83,17,17,17,7807.05,7140.0,667.0500000000002
4620,2488,76,75,12,12,14,8466.75,6460.0,2006.75
4621,2488,76,75,15,15,20,11801.25,6460.0,5341.25
4622,2488,81,80,18,18,18,7817.006250000001,6885.0,932.0062500000013
4623,2488,68,67,22,22,19,7721.6625,5780.0,1941.6625000000004
4624,2488,73,72,23,22,29,16564.5,6205.0,10359.5
4625,2488,72,71,19,19,21,12038.85,6120.0,5918.85
4626,2488,78,77,24,24,19,9335.925,6630.0,2705.9249999999993
4627,2488,78,77,14,14,9,3067.2,6630.0,-3562.8
4628,2488,88,87,18,18,21,13306.5,7480.0,5826.5
4629,2488,77,76,18,18,23,14530.050000000001,6545.0,7985.050000000001
4630,2488,84,83,18,18,18,8161.650000000001,7140.0,1021.6500000000005
4631,2488,78,77,15,15,11,5949.45,6630.0,-680.5500000000002
4632,2488,70,69,22,22,22,10261.8,5950.0,4311.799999999999
4633,2488,70,69,15,15,14,8048.025,5950.0,2098.0249999999996
4634,2488,71,70,16,16,18,10287.253125,6035.0,4252.253124999999
4635,2488,69,68,20,20,19,9716.4,5865.0,3851.3999999999996
4636,2488,84,83,19,19,19,7377.3,7140.0,237.30000000000018
4637,2488,67,66,19,19,26,13678.65,5695.0,7983.65
4638,2488,78,77,16,16,28,18965.024999999998,6630.0,12335.024999999998
4639,2488,75,74,17,17,14,7292.7,6375.0,917.6999999999998
4640,2488,73,72,17,17,17,8005.5,6205.0,1800.5
4641,2488,76,75,13,13,11,5617.2375,6460.0,-842.7624999999998
4642,2488,77,76,23,23,17,6585.3,6545.0,40.30000000000018
4643,2488,77,76,15,15,16,9596.7,6545.0,3051.7000000000007
4644,2488,78,77,22,22,24,11041.2,6630.0,4411.200000000001
4645,2488,79,78,22,22,24,11846.474999999999,6715.0,5131.4749999999985
4646,2488,84,83,14,14,11,4836.6,7140.0,-2303.3999999999996
4647,2488,73,72,26,25,26,14316.581250000003,6205.0,8111.581250000003
4648,2488,78,77,20,20,22,10058.85,6630.0,3428.8500000000004
4649,2488,82,81,19,19,23,14222.025,6970.0,7252.025
4650,2488,81,80,15,15,21,10584.9,6885.0,3699.8999999999996
4651,2488,70,69,19,18,22,13558.725,5950.0,7608.725
4652,2488,75,74,15,15,19,10521.0,6375.0,4146.0
4653,2488,81,80,15,15,23,11205.16875,6885.0,4320.168750000001
4654,2488,82,81,21,21,27,15008.45625,6970.0,8038.456249999999
4655,2488,78,77,20,20,15,6341.4,6630.0,-288.60000000000036
4656,2488,71,70,20,20,25,16870.978125,6035.0,10835.978125000001
4657,2488,69,68,16,15,19,9897.525,5865.0,4032.5249999999996
4658,2488,81,80,16,16,10,4240.35,6885.0,-2644.6499999999996
4659,2488,88,87,13,12,13,5908.05,7480.0,-1571.9499999999998
4660,2488,80,79,21,21,19,7290.9,6800.0,490.89999999999964
4661,2488,74,73,18,17,20,12148.2,6290.0,5858.200000000001
4662,2488,72,71,19,18,22,10813.95,6120.0,4693.950000000001
4663,2488,79,78,22,21,26,16256.925,6715.0,9541.925
4664,2488,77,76,13,12,12,4349.7,6545.0,-2195.3
4665,2488,81,80,25,25,39,19697.90625,6885.0,12812.90625
4666,2488,71,70,23,23,22,11221.65,6035.0,5186.65
4667,2488,73,72,18,18,19,9369.9,6205.0,3164.8999999999996
4668,2488,63,62,20,20,21,10298.9109375,5355.0,4943.910937500001
4669,2488,77,76,14,13,19,10898.2125,6545.0,4353.2125
4670,2488,69,68,19,19,21,9466.425,5865.0,3601.4249999999993
4671,2488,83,82,12,12,10,5175.450000000001,7055.0,-1879.5499999999993
4672,2488,79,78,21,20,25,12705.1875,6715.0,5990.1875
4673,2488,78,77,11,11,20,14832.900000000001,6630.0,8202.900000000001
4674,2488,75,74,20,20,31,15494.5125,6375.0,9119.5125
4675,2488,69,68,22,22,28,14698.2234375,5865.0,8833.2234375
4676,2488,72,71,19,19,45,26780.540625,6120.0,20660.540625
4677,2488,85,84,22,22,18,7059.599999999999,7225.0,-165.40000000000055
4678,2488,61,60,24,23,32,14555.503125,5185.0,9370.503125
4679,2488,70,69,14,14,19,10056.825,5950.0,4106.825000000001
4680,2488,73,72,22,22,28,17775.534375000003,6205.0,11570.534375000003
4681,2488,74,73,18,18,30,20717.7837890625,6290.0,14427.783789062501
4682,2488,76,75,12,12,10,3198.6,6460.0,-3261.4
4683,2488,80,79,23,23,17,8467.03125,6800.0,1667.03125
4684,2488,92,91,14,14,22,13622.60390625,7820.0,5802.60390625
4685,2488,77,76,17,17,23,14273.1,6545.0,7728.1
4686,2488,77,76,23,23,22,10425.599999999999,6545.0,3880.5999999999985
4687,2488,77,76,17,17,13,6279.3,6545.0,-265.6999999999998
4688,2488,80,79,17,16,16,7608.2625,6800.0,808.2624999999998
4689,2488,68,67,22,22,26,12205.35,5780.0,6425.35
4690,2488,76,75,13,13,16,9001.575,6460.0,2541.5750000000007
4691,2488,80,79,16,16,16,8354.7,6800.0,1554.7000000000007
4692,2488,71,70,18,18,28,19473.046875,6035.0,13438.046875
4693,2488,79,78,13,13,16,8626.95,6715.0,1911.9500000000007
4694,2488,74,73,23,23,19,10216.8,6290.0,3926.7999999999993
4695,2488,78,77,22,22,16,7531.2,6630.0,901.1999999999998
4696,2488,80,79,13,13,16,7336.799999999999,6800.0,536.7999999999993
4697,2488,82,81,18,18,13,4109.4,6970.0,-2860.6000000000004
4698,2488,80,79,18,18,20,8746.2,6800.0,1946.2000000000007
4699,2488,76,75,22,22,19,9112.05,6460.0,2652.0499999999993
4700,2488,78,77,18,18,15,7647.80625,6630.0,1017.8062499999996
4701,2488,65,64,22,22,29,14311.490624999999,5525.0,8786.490624999999
4702,2488,80,79,16,16,16,7503.3,6800.0,703.3000000000002
4703,2488,79,78,18,18,30,16475.00625,6715.0,9760.006249999999
4704,2488,76,75,18,18,16,8196.3,6460.0,1736.2999999999993
4705,2488,83,82,14,14,12,3888.0,7055.0,-3167.0
4706,2488,78,77,16,16,18,8250.525,6630.0,1620.5249999999996
4707,2488,84,83,18,17,16,9961.2,7140.0,2821.2000000000007
4708,2488,74,73,17,17,11,3763.8,6290.0,-2526.2
4709,2488,78,77,17,17,14,4877.1,6630.0,-1752.8999999999996
4710,2488,74,73,15,15,21,10597.6125,6290.0,4307.612499999999
4711,2488,70,69,20,20,24,15219.0,5950.0,9269.0
4712,2488,78,77,10,9,10,5040.0,6630.0,-1590.0
4713,2488,76,75,16,16,17,8468.325,6460.0,2008.3250000000007
4714,2488,75,74,15,15,14,7022.25,6375.0,647.25
4715,2488,82,81,13,13,12,6565.05,6970.0,-404.9499999999998
4716,2488,90,89,16,16,16,8302.05,7650.0,652.0499999999993
4717,2488,75,74,21,21,26,14048.2125,6375.0,7673.2125
4718,2488,88,87,22,22,19,9567.0,7480.0,2087.0
4719,2488,79,78,18,17,16,7248.6,6715.0,533.6000000000004
4720,2488,76,75,15,15,18,7796.362500000001,6460.0,1336.362500000001
4721,2488,69,68,16,15,20,11070.9,5865.0,5205.9
4722,2488,79,78,16,16,18,9304.2,6715.0,2589.2000000000007
4723,2488,81,80,17,17,14,4248.450000000001,6885.0,-2636.5499999999993
4724,2488,76,75,16,16,25,13199.118750000001,6460.0,6739.1187500000015
4725,2488,81,80,14,14,15,7625.7,6885.0,740.6999999999998
4726,2488,76,75,21,20,25,15592.95,6460.0,9132.95
4727,2488,77,76,13,13,7,2073.6,6545.0,-4471.4
4728,2488,76,75,19,18,21,8446.95,6460.0,1986.9500000000007
4729,2488,86,85,18,18,19,8991.9,7310.0,1681.8999999999996
4730,2488,70,69,20,19,30,16010.268750000001,5950.0,10060.268750000001
4731,2488,68,67,20,19,25,15715.51875,5780.0,9935.51875
4732,2488,78,77,14,14,21,15648.8765625,6630.0,9018.8765625
4733,2488,76,75,18,18,8,2140.2,6460.0,-4319.8
4734,2488,81,80,17,17,24,13237.875,6885.0,6352.875
4735,2488,75,74,19,19,18,8464.89375,6375.0,2089.8937499999993
4736,2488,71,70,22,22,19,7381.8,6035.0,1346.8000000000002
4737,2488,73,72,14,14,23,13756.3875,6205.0,7551.387500000001
4738,2488,85,84,19,19,21,12380.4,7225.0,5155.4
4739,2488,82,81,16,16,17,9441.3375,6970.0,2471.3374999999996
4740,2488,78,77,22,22,23,10052.325,6630.0,3422.3250000000007
4741,2488,73,72,24,24,39,24577.9787109375,6205.0,18372.9787109375
4742,2488,73,72,18,17,26,16101.45,6205.0,9896.45
4743,2488,77,76,18,18,15,4591.8,6545.0,-1953.1999999999998
4744,2488,79,78,19,19,26,16074.9,6715.0,9359.9
4745,2488,70,69,23,23,31,18735.1875,5950.0,12785.1875
4746,2488,73,72,19,18,13,4671.9,6205.0,-1533.1000000000004
4747,2488,68,67,16,16,29,17555.3859375,5780.0,11775.3859375
4748,2488,76,75,15,15,16,7668.9,6460.0,1208.8999999999996
4749,2488,72,71,23,22,23,11460.375,6120.0,5340.375
4750,2488,76,75,15,15,17,6318.9,6460.0,-141.10000000000036
4751,2488,77,76,26,26,31,16450.3125,6545.0,9905.3125
4752,2488,82,81,23,23,24,10706.175,6970.0,3736.1749999999993
4753,2488,79,78,22,21,24,14014.012499999999,6715.0,7299.012499999999
4754,2488,81,80,21,21,22,13780.096875000001,6885.0,6895.096875000001
4755,2488,84,83,19,19,20,9799.65,7140.0,2659.6499999999996
4756,2488,68,67,20,20,30,14750.802246093752,5780.0,8970.802246093752
4757,2488,82,81,18,18,20,9145.8,6970.0,2175.7999999999993
4758,2488,73,72,22,22,23,11014.2,6205.0,4809.200000000001
4759,2488,69,68,16,16,19,9349.2,5865.0,3484.2000000000007
4760,2488,73,72,20,20,24,12867.8625,6205.0,6662.862499999999
4761,2488,84,83,12,12,13,8241.975,7140.0,1101.9750000000004
4762,2488,87,86,12,12,16,7750.575,7395.0,355.5749999999998
4763,2488,68,67,20,19,23,15020.55,5780.0,9240.55
4764,2488,76,75,24,24,19,9148.5,6460.0,2688.5
4765,2488,69,68,18,18,26,12621.037500000002,5865.0,6756.037500000002
4766,2488,83,82,16,16,22,10273.724999999999,7055.0,3218.7249999999985
4767,2488,81,80,13,13,13,6154.2,6885.0,-730.8000000000002
4768,2488,80,79,21,21,26,14692.275,6800.0,7892.275
4769,2488,71,70,12,12,17,7690.95,6035.0,1655.9499999999998
4770,2488,81,80,17,17,21,11012.7375,6885.0,4127.737499999999
4771,2488,68,67,26,26,24,11542.05,5780.0,5762.049999999999
4772,2488,76,75,18,18,19,10071.225,6460.0,3611.2250000000004
4773,2488,72,71,20,20,24,14700.6,6120.0,8580.6
4774,2488,77,76,18,18,12,4050.9,6545.0,-2494.1
4775,2488,77,76,16,16,22,12913.2,6545.0,6368.200000000001
4776,2488,84,83,16,16,17,11182.05,7140.0,4042.0499999999993
4777,2488,86,85,20,20,21,10331.6625,7310.0,3021.6625000000004
4778,2488,76,75,21,21,27,15974.268750000001,6460.0,9514.268750000001
4779,2488,77,76,18,18,16,6933.6,6545.0,388.60000000000036
4780,2488,71,70,19,18,17,7349.85,6035.0,1314.8500000000004
4781,2488,80,79,14,14,20,9353.7,6800.0,2553.7000000000007
4782,2488,77,76,15,14,13,5461.200000000001,6545.0,-1083.7999999999993
4783,2488,71,70,21,20,18,11568.15,6035.0,5533.15
4784,2488,81,80,21,21,19,9008.550000000001,6885.0,2123.550000000001
4785,2488,79,78,17,17,21,9081.225,6715.0,2366.2250000000004
4786,2488,77,76,20,20,30,18605.7,6545.0,12060.7
4787,2488,69,68,18,17,10,3291.3,5865.0,-2573.7
4788,2488,75,74,20,19,18,10163.7,6375.0,3788.7000000000007
4789,2488,80,79,16,16,13,7071.3,6800.0,271.3000000000002
4790,2488,78,77,13,13,15,7219.8,6630.0,589.8000000000002
4791,2488,78,77,21,21,18,9579.6,6630.0,2949.6000000000004
4792,2488,80,79,20,20,21,12770.55,6800.0,5970.549999999999
4793,2488,77,76,17,17,27,13878.0,6545.0,7333.0
4794,2488,68,67,12,12,22,11907.787499999999,5780.0,6127.7874999999985
4795,2488,79,78,16,16,15,6217.2,6715.0,-497.8000000000002
4796,2488,81,80,19,19,26,13508.296875,6885.0,6623.296875
4797,2488,79,78,19,19,19,11738.475,6715.0,5023.475
4798,2488,77,76,20,20,25,13549.584375,6545.0,7004.584375
4799,2488,84,83,20,20,27,16438.1625,7140.0,9298.162499999999
4800,2488,78,77,15,15,22,11226.15,6630.0,4596.15
4801,2488,78,77,19,19,19,8742.15,6630.0,2112.1499999999996
4802,2488,83,82,23,23,21,10808.325,7055.0,3753.3250000000007
4803,2488,69,68,27,27,27,15052.556250000001,5865.0,9187.556250000001
4804,2488,77,76,25,24,27,16697.840625,6545.0,10152.840625
4805,2488,78,77,20,20,22,11488.724999999999,6630.0,4858.7249999999985
4806,2488,67,66,20,20,20,11337.75,5695.0,5642.75
4807,2488,75,74,13,12,19,11885.175,6375.0,5510.174999999999
4808,2488,78,77,13,13,14,7168.95,6630.0,538.9499999999998
4809,2488,74,73,26,26,29,15165.45,6290.0,8875.45
4810,2488,70,69,23,23,28,16018.087500000001,5950.0,10068.087500000001
4811,2488,69,68,19,19,24,12752.55,5865.0,6887.549999999999
4812,2488,81,80,19,19,20,9002.25,6885.0,2117.25
4813,2488,83,82,19,19,25,14238.787499999999,7055.0,7183.7874999999985
4814,2488,73,72,21,20,18,9325.125,6205.0,3120.125
4815,2488,84,83,13,12,14,8028.0,7140.0,888.0
4816,2488,73,72,23,23,24,12678.074999999999,6205.0,6473.074999999999
4817,2488,62,61,19,19,31,18441.675000000003,5270.0,13171.675000000003
4818,2488,81,80,16,16,19,11314.9125,6885.0,4429.9125
4819,2488,78,77,14,14,17,11627.1,6630.0,4997.1
4820,2488,81,80,19,19,13,7347.6,6885.0,462.60000000000036
4821,2488,62,61,22,22,34,20052.3375,5270.0,14782.337500000001
4822,2488,73,72,18,18,19,9298.8,6205.0,3093.7999999999993
4823,2488,75,74,18,18,19,9771.75,6375.0,3396.75
4824,2488,63,62,15,15,17,10767.431250000001,5355.0,5412.4312500000015
4825,2488,72,71,20,20,28,17656.425000000003,6120.0,11536.425000000003
4826,2488,72,71,19,19,23,9641.8125,6120.0,3521.8125
4827,2488,67,66,20,20,24,12833.4375,5695.0,7138.4375
4828,2488,82,81,15,15,22,11468.882812500002,6970.0,4498.882812500002
4829,2488,74,73,18,18,29,16426.546875,6290.0,10136.546875
4830,2488,79,78,17,17,23,11932.425,6715.0,5217.424999999999
4831,2488,82,81,11,11,25,18697.49033203125,6970.0,11727.490332031251
4832,2488,73,72,19,18,14,6354.9,6205.0,149.89999999999964
4833,2488,83,82,15,15,17,9360.225,7055.0,2305.2250000000004
4834,2488,80,79,12,12,12,6430.5,6800.0,-369.5
4835,2488,72,71,20,20,21,10149.1875,6120.0,4029.1875
4836,2488,73,72,17,17,17,9457.2,6205.0,3252.2000000000007
4837,2488,71,70,16,16,25,14953.89375,6035.0,8918.89375
4838,2488,85,84,11,11,10,4111.2,7225.0,-3113.8
4839,2488,72,71,22,22,22,9275.4,6120.0,3155.3999999999996
4840,2488,80,79,20,20,21,10716.974999999999,6800.0,3916.9749999999985
4841,2488,89,88,17,17,16,8169.75,7565.0,604.75
4842,2488,80,79,18,18,16,8505.225,6800.0,1705.2250000000004
4843,2488,74,73,13,13,13,7076.925,6290.0,786.9250000000002
4844,2488,74,73,17,17,12,5492.25,6290.0,-797.75
4845,2488,64,63,21,21,23,12348.0,5440.0,6908.0
4846,2488,81,80,15,14,16,8216.55,6885.0,1331.5499999999993
4847,2488,78,77,16,16,17,10758.2625,6630.0,4128.262500000001
4848,2488,74,73,18,18,15,8552.25,6290.0,2262.25
4849,2488,79,78,21,21,26,13997.025,6715.0,7282.025
4850,2488,78,77,23,23,22,10744.2,6630.0,4114.200000000001
4851,2488,76,75,18,18,23,10664.1,6460.0,4204.1
4852,2488,74,73,23,23,27,14607.337500000001,6290.0,8317.337500000001
4853,2488,69,68,13,13,19,7756.65,5865.0,1891.6499999999996
4854,2488,68,67,21,21,36,23263.65,5780.0,17483.65
4855,2488,78,77,18,18,30,18063.225,6630.0,11433.224999999999
4856,2488,85,84,17,17,13,5429.7,7225.0,-1795.3000000000002
4857,2488,72,71,20,19,27,16437.09375,6120.0,10317.09375
4858,2488,86,85,15,15,11,5330.925,7310.0,-1979.0749999999998
4859,2488,78,77,19,19,20,8189.887500000001,6630.0,1559.8875000000007
4860,2488,76,75,23,23,31,16784.268750000003,6460.0,10324.268750000003
4861,2488,64,63,18,18,40,25436.868749999998,5440.0,19996.868749999998
4862,2488,86,85,21,21,11,4167.9,7310.0,-3142.1000000000004
4863,2488,80,79,20,20,22,12828.76875,6800.0,6028.768749999999
4864,2488,92,91,22,22,22,12328.875,7820.0,4508.875
4865,2488,66,65,17,17,25,13559.1890625,5610.0,7949.1890625
4866,2488,79,78,19,19,22,11030.4,6715.0,4315.4
4867,2488,74,73,20,20,17,9025.875,6290.0,2735.875
4868,2488,77,76,23,23,15,5493.6,6545.0,-1051.3999999999996
4869,2488,75,74,16,15,18,9559.575,6375.0,3184.5750000000007
4870,2488,78,77,17,17,14,7953.3,6630.0,1323.3000000000002
4871,2488,75,74,22,22,22,12350.7,6375.0,5975.700000000001
4872,2488,78,77,17,17,13,5609.7,6630.0,-1020.3000000000002
4873,2488,80,79,25,24,29,15056.1,6800.0,8256.1
4874,2488,77,76,12,11,14,6996.15,6545.0,451.14999999999964
4875,2488,85,84,17,17,23,14288.849999999999,7225.0,7063.8499999999985
4876,2488,72,71,24,24,40,24913.4625,6120.0,18793.4625
4877,2488,77,76,17,17,30,20988.0,6545.0,14443.0
4878,2488,81,80,20,20,21,8008.65,6885.0,1123.6499999999996
4879,2488,77,76,24,24,25,12895.425,6545.0,6350.424999999999
4880,2488,79,78,17,17,18,9435.6,6715.0,2720.6000000000004
4881,2488,71,70,18,17,20,10124.775,6035.0,4089.7749999999996
4882,2488,88,87,18,18,13,4508.1,7480.0,-2971.8999999999996
4883,2488,68,67,19,19,9,3049.2000000000003,5780.0,-2730.7999999999997
4884,2488,86,85,12,12,20,10136.475,7310.0,2826.4750000000004
4885,2488,80,79,18,18,19,11989.8,6800.0,5189.799999999999
4886,2488,68,67,19,19,28,15885.0,5780.0,10105.0
4887,2488,72,71,24,24,35,17873.912109375,6120.0,11753.912109375
4888,2488,79,78,24,24,19,6655.5,6715.0,-59.5
4889,2488,76,75,20,20,23,11876.0625,6460.0,5416.0625
4890,2488,82,81,17,17,21,9696.375,6970.0,2726.375
4891,2488,69,68,21,21,26,14215.10625,5865.0,8350.10625
4892,2488,74,73,20,19,19,7849.8,6290.0,1559.8000000000002
4893,2488,72,71,24,24,31,15256.349999999999,6120.0,9136.349999999999
4894,2488,79,78,14,14,10,2808.0,6715.0,-3907.0
4895,2488,74,73,14,14,30,19467.782611083985,6290.0,13177.782611083985
4896,2488,73,72,18,17,18,7337.700000000001,6205.0,1132.7000000000007
4897,2488,86,85,20,20,28,17475.1875,7310.0,10165.1875
4898,2488,80,79,17,16,23,11199.6,6800.0,4399.6
4899,2488,67,66,17,17,13,5024.7,5695.0,-670.3000000000002
4900,2488,74,73,17,17,25,15324.9046875,6290.0,9034.9046875
4901,2488,78,77,22,22,29,12545.72578125,6630.0,5915.725781249999
4902,2488,77,76,20,20,16,6493.05,6545.0,-51.94999999999982
4903,2488,77,76,15,15,5,1586.7,6545.0,-4958.3
4904,2488,81,80,15,15,21,10334.671875,6885.0,3449.671875
4905,2488,81,80,17,17,19,7261.2,6885.0,376.1999999999998
4906,2488,72,71,17,17,23,14887.0125,6120.0,8767.0125
4907,2488,78,77,19,18,34,22870.18125,6630.0,16240.181250000001
4908,2488,67,66,12,12,16,9622.35,5695.0,3927.3500000000004
4909,2488,75,74,24,23,31,17541.9,6375.0,11166.900000000001
4910,2488,84,83,19,19,21,9735.75,7140.0,2595.75
4911,2488,79,78,23,23,17,7681.95,6715.0,966.9499999999998
4912,2488,83,82,24,24,20,7625.7,7055.0,570.6999999999998
4913,2488,85,84,17,17,29,17808.3,7225.0,10583.3
4914,2488,75,74,20,20,29,15682.8375,6375.0,9307.8375
4915,2488,80,79,17,16,11,6027.3,6800.0,-772.6999999999998
4916,2488,74,73,16,16,21,11762.381249999999,6290.0,5472.3812499999985
4917,2488,72,71,20,20,18,8224.2,6120.0,2104.2000000000007
4918,2488,75,74,18,18,28,17672.85,6375.0,11297.849999999999
4919,2488,81,80,22,22,18,9226.800000000001,6885.0,2341.800000000001
4920,2488,89,88,15,15,16,7580.700000000001,7565.0,15.700000000000728
4921,2488,73,72,19,19,15,5483.7,6205.0,-721.3000000000002
4922,2488,73,72,20,20,26,13579.875,6205.0,7374.875
4923,2488,76,75,16,16,13,4812.3,6460.0,-1647.6999999999998
4924,2488,85,84,18,18,18,6895.8,7225.0,-329.1999999999998
4925,2488,73,72,14,13,18,9498.6,6205.0,3293.6000000000004
4926,2488,71,70,18,18,17,7105.5,6035.0,1070.5
4927,2488,78,77,16,16,22,13170.20625,6630.0,6540.206249999999
4928,2488,78,77,22,22,29,21359.925,6630.0,14729.925
4929,2488,75,74,21,21,25,14192.550000000001,6375.0,7817.550000000001
4930,2488,71,70,18,17,20,8508.6,6035.0,2473.6000000000004
4931,2488,74,73,17,17,23,13127.4,6290.0,6837.4
4932,2488,71,70,15,15,29,19673.71787109375,6035.0,13638.717871093751
4933,2488,72,71,20,20,33,22574.925,6120.0,16454.925
4934,2488,89,88,16,16,19,8074.8,7565.0,509.8000000000002
4935,2488,78,77,18,18,15,6288.299999999999,6630.0,-341.7000000000007
4936,2488,68,67,20,19,22,12945.375,5780.0,7165.375
4937,2488,78,77,15,14,39,30116.1375,6630.0,23486.1375
4938,2488,66,65,22,21,26,14594.34375,5610.0,8984.34375
4939,2488,74,73,16,16,17,8057.025,6290.0,1767.0249999999996
4940,2488,79,78,17,17,11,3866.8500000000004,6715.0,-2848.1499999999996
4941,2488,81,80,15,15,16,8296.2,6885.0,1411.2000000000007
4942,2488,70,69,19,19,21,11093.175000000001,5950.0,5143.175000000001
4943,2488,74,73,10,10,11,4991.4,6290.0,-1298.6000000000004
4944,2488,95,94,14,14,8,2270.25,8075.0,-5804.75
4945,2488,76,75,19,18,18,8448.525,6460.0,1988.5249999999996
4946,2488,71,70,19,19,16,7396.200000000001,6035.0,1361.2000000000007
4947,2488,72,71,18,17,26,15965.775,6120.0,9845.775
4948,2488,73,72,14,14,21,14310.618749999998,6205.0,8105.618749999998
4949,2488,77,76,17,17,19,10619.325,6545.0,4074.3250000000007
4950,2488,80,79,15,15,15,6275.7,6800.0,-524.3000000000002
4951,2488,76,75,18,17,21,9305.1,6460.0,2845.1000000000004
4952,2488,81,80,27,26,26,12598.425,6885.0,5713.424999999999
4953,2488,79,78,15,15,12,4955.4,6715.0,-1759.6000000000004
4954,2488,76,75,20,20,32,15811.65,6460.0,9351.65
4955,2488,70,69,14,14,10,3427.425,5950.0,-2522.575
4956,2488,73,72,17,17,16,10587.31875,6205.0,4382.31875
4957,2488,69,68,20,20,25,12570.75,5865.0,6705.75
4958,2488,80,79,16,16,17,6397.2,6800.0,-402.8000000000002
4959,2488,75,74,15,14,17,9195.3,6375.0,2820.2999999999993
4960,2488,76,75,17,17,14,10688.034375000001,6460.0,4228.034375000001
4961,2488,64,63,20,19,14,6549.3,5440.0,1109.3000000000002
4962,2488,82,81,19,19,25,9822.375,6970.0,2852.375
4963,2488,70,69,16,16,20,10546.65,5950.0,4596.65
4964,2488,83,82,14,14,11,4455.9,7055.0,-2599.1000000000004
4965,2488,88,87,17,17,10,5310.0,7480.0,-2170.0
4966,2488,77,76,19,19,27,13186.068749999999,6545.0,6641.0687499999985
4967,2488,79,78,15,15,19,10650.825,6715.0,3935.8250000000007
4968,2488,78,77,23,23,34,15594.300000000001,6630.0,8964.300000000001
4969,2488,81,80,19,19,18,6723.225,6885.0,-161.77499999999964
4970,2488,72,71,21,21,18,8005.275000000001,6120.0,1885.2750000000005
4971,2488,62,61,17,17,16,6224.4,5270.0,954.3999999999996
4972,2488,75,74,17,17,22,12378.150000000001,6375.0,6003.1500000000015
4973,2488,81,80,14,14,7,1980.0,6885.0,-4905.0
4974,2488,70,69,18,18,15,6084.45,5950.0,134.44999999999982
4975,2488,82,81,15,15,19,10393.2,6970.0,3423.2000000000007
4976,2488,78,77,19,19,18,8545.95,6630.0,1915.9500000000007
4977,2488,64,63,18,18,23,14844.375,5440.0,9404.375
4978,2488,74,73,18,18,9,3394.8,6290.0,-2895.2
4979,2488,85,84,17,17,15,5054.4,7225.0,-2170.6000000000004
4980,2488,75,74,17,17,17,8721.225,6375.0,2346.2250000000004
4981,2488,78,77,18,18,11,4698.9,6630.0,-1931.1000000000004
4982,2488,79,78,19,19,22,12502.237500000001,6715.0,5787.237500000001
4983,2488,72,71,15,14,16,10170.7875,6120.0,4050.7875000000004
4984,2488,76,75,21,21,17,7264.8,6460.0,804.8000000000002
4985,2488,89,88,20,20,17,8658.9,7565.0,1093.8999999999996
4986,2488,80,79,19,19,19,6087.7125,6800.0,-712.2875000000004
4987,2488,70,69,22,22,24,11466.224999999999,5950.0,5516.2249999999985
4988,2488,81,80,19,18,17,8181.675,6885.0,1296.6750000000002
4989,2488,71,70,19,19,27,14871.150000000001,6035.0,8836.150000000001
4990,2488,71,70,15,15,18,9246.6,6035.0,3211.6000000000004
4991,2488,78,77,16,16,15,8345.025000000001,6630.0,1715.0250000000015
4992,2488,70,69,20,20,27,13993.93125,5950.0,8043.93125
4993,2488,84,83,15,15,20,13407.075,7140.0,6267.075000000001
4994,2488,65,64,17,17,22,12315.6,5525.0,6790.6
4995,2488,92,91,15,15,10,4211.1,7820.0,-3608.8999999999996
4996,2488,81,80,16,16,18,8693.55,6885.0,1808.5499999999993
4997,2488,81,80,16,16,18,9235.35,6885.0,2350.3500000000004
4998,2488,78,77,17,17,18,7657.875,6630.0,1027.875
4999,2488,82,81,19,19,20,9266.962500000001,6970.0,2296.9625000000015
5000,2488,70,69,23,23,17,5911.200000000001,5950.0,-38.79999999999927
5001,2488,77,76,18,17,18,8845.65,6545.0,2300.6499999999996
5002,2488,71,70,18,17,22,13855.10625,6035.0,7820.106250000001
5003,2488,81,80,18,18,26,13270.725,6885.0,6385.725
5004,2488,77,76,18,18,19,10611.3375,6545.0,4066.3374999999996
5005,2488,83,82,18,18,13,3627.45,7055.0,-3427.55
5006,2488,67,66,25,24,23,8860.5,5695.0,3165.5
5007,2488,71,70,19,19,26,13417.65,6035.0,7382.65
5008,2488,72,71,15,14,21,11775.599999999999,6120.0,5655.5999999999985
5009,2488,74,73,16,16,23,12464.2125,6290.0,6174.2125
5010,2488,83,82,15,15,23,14622.665625,7055.0,7567.665625
5011,2488,71,70,17,17,20,9904.5,6035.0,3869.5
5012,2488,76,75,14,14,15,8206.2,6460.0,1746.2000000000007
5013,2488,72,71,18,18,19,10710.0,6120.0,4590.0
5014,2488,82,81,17,17,22,14565.628125,6970.0,7595.628124999999
5015,2488,83,82,18,18,19,10265.4,7055.0,3210.3999999999996
5016,2488,79,78,18,18,17,6843.15,6715.0,128.14999999999964
5017,2488,72,71,20,19,22,10017.45,6120.0,3897.4500000000007
5018,2488,89,88,16,16,17,9243.9,7565.0,1678.8999999999996
5019,2488,79,78,19,18,16,7546.05,6715.0,831.0500000000002
5020,2488,72,71,17,17,30,19425.7125,6120.0,13305.712500000001
5021,2488,76,75,21,21,19,7830.674999999999,6460.0,1370.6749999999993
5022,2488,70,69,20,20,20,9460.8,5950.0,3510.7999999999993
5023,2488,83,82,23,22,28,16075.35,7055.0,9020.35
5024,2488,75,74,21,21,25,13417.875,6375.0,7042.875
5025,2488,78,77,15,15,18,9812.25,6630.0,3182.25
5026,2488,73,72,18,17,25,14352.75,6205.0,8147.75
5027,2488,59,58,19,19,36,19988.6203125,5015.0,14973.6203125
5028,2488,74,73,17,17,18,6966.225,6290.0,676.2250000000004
5029,2488,72,71,18,18,29,18938.5875,6120.0,12818.587500000001
5030,2488,85,84,12,12,12,5935.5,7225.0,-1289.5
5031,2488,76,75,17,17,25,15491.25,6460.0,9031.25
5032,2488,78,77,18,18,8,4335.3,6630.0,-2294.7
5033,2488,84,83,18,18,23,11792.7,7140.0,4652.700000000001
5034,2488,71,70,19,19,20,7635.6,6035.0,1600.6000000000004
5035,2488,86,85,15,15,19,8153.55,7310.0,843.5500000000002
5036,2488,74,73,17,17,25,14483.7,6290.0,8193.7
5037,2488,82,81,14,14,15,7474.5,6970.0,504.5
5038,2488,73,72,21,21,27,13943.587500000001,6205.0,7738.5875000000015
5039,2488,87,86,10,10,9,4649.4,7395.0,-2745.6000000000004
5040,2488,76,75,22,22,25,14932.8,6460.0,8472.8
5041,2488,77,76,23,23,23,11230.2,6545.0,4685.200000000001
5042,2488,82,81,12,12,17,12623.85,6970.0,5653.85
5043,2488,73,72,18,18,17,10469.925000000001,6205.0,4264.925000000001
5044,2488,80,79,15,15,13,5004.0,6800.0,-1796.0
5045,2488,76,75,23,22,31,17315.2125,6460.0,10855.212500000001
5046,2488,88,87,19,19,19,8858.7,7480.0,1378.7000000000007
5047,2488,73,72,15,14,13,7690.05,6205.0,1485.0500000000002
5048,2488,68,67,20,19,30,15302.25,5780.0,9522.25
5049,2488,78,77,19,19,29,16188.80625,6630.0,9558.80625
5050,2488,71,70,21,21,32,17735.5125,6035.0,11700.5125
5051,2488,67,66,23,22,31,14798.362500000001,5695.0,9103.362500000001
5052,2488,75,74,19,19,25,13388.849999999999,6375.0,7013.8499999999985
5053,2488,74,73,23,22,24,11313.0,6290.0,5023.0
5054,2488,85,84,17,17,10,4250.7,7225.0,-2974.3
5055,2488,69,68,22,22,21,12643.2,5865.0,6778.200000000001
5056,2488,83,82,17,17,14,6570.0,7055.0,-485.0
5057,2488,74,73,22,22,22,12301.2,6290.0,6011.200000000001
5058,2488,80,79,18,18,18,9376.9875,6800.0,2576.9874999999993
5059,2488,69,68,21,20,25,12024.108984375001,5865.0,6159.1089843750015
5060,2488,78,77,19,19,20,7956.0,6630.0,1326.0
5061,2488,76,75,15,15,11,3207.6,6460.0,-3252.4
5062,2488,71,70,23,23,24,11683.125,6035.0,5648.125
5063,2488,77,76,14,14,20,11389.3875,6545.0,4844.387500000001
5064,2488,83,82,25,25,25,13742.704687500001,7055.0,6687.7046875000015
5065,2488,82,81,19,19,15,5242.950000000001,6970.0,-1727.0499999999993
5066,2488,73,72,15,15,16,9813.150000000001,6205.0,3608.1500000000015
5067,2488,71,70,16,16,15,8330.4,6035.0,2295.3999999999996
5068,2488,77,76,21,21,19,8099.887500000001,6545.0,1554.8875000000007
5069,2488,81,80,19,19,18,7951.21171875,6885.0,1066.2117187499998
5070,2488,72,71,24,24,17,5071.5,6120.0,-1048.5
5071,2488,81,80,21,21,26,15478.2,6885.0,8593.2
5072,2488,88,87,19,19,14,8282.7,7480.0,802.7000000000007
5073,2488,81,80,14,14,19,11366.381249999999,6885.0,4481.3812499999985
5074,2488,78,77,18,18,15,6605.775,6630.0,-24.225000000000364
5075,2488,74,73,22,22,16,6689.7,6290.0,399.6999999999998
5076,2488,82,81,14,14,17,7771.275,6970.0,801.2749999999996
5077,2488,83,82,15,15,14,6810.3,7055.0,-244.69999999999982
5078,2488,73,72,16,15,12,4215.6,6205.0,-1989.3999999999996
5079,2488,79,78,23,23,25,10892.25,6715.0,4177.25
5080,2488,76,75,11,11,24,16658.325,6460.0,10198.325
5081,2488,70,69,15,15,7,2484.9,5950.0,-3465.1
5082,2488,71,70,14,14,23,15869.137499999999,6035.0,9834.137499999999
5083,2488,72,71,20,19,30,14579.550000000001,6120.0,8459.550000000001
5084,2488,74,73,19,19,31,17624.75625,6290.0,11334.756249999999
5085,2488,78,77,19,19,26,15015.322265625002,6630.0,8385.322265625002
5086,2488,59,58,18,17,30,19774.575,5015.0,14759.575
5087,2488,75,74,17,16,15,4127.849999999999,6375.0,-2247.1500000000005
5088,2488,78,77,17,17,25,12435.525,6630.0,5805.525
5089,2488,80,79,18,17,28,16452.984375,6800.0,9652.984375
5090,2488,77,76,16,16,21,11034.0,6545.0,4489.0
5091,2488,82,81,18,18,17,7900.875,6970.0,930.875
5092,2488,67,66,25,24,28,13700.025000000001,5695.0,8005.0250000000015
5093,2488,77,76,20,20,27,14201.15625,6545.0,7656.15625
5094,2488,90,89,9,9,15,7570.575,7650.0,-79.42500000000018
5095,2488,80,79,14,14,15,8754.975,6800.0,1954.9750000000004
5096,2488,72,71,17,17,26,13691.86875,6120.0,7571.86875
5097,2488,69,68,24,24,22,9825.103125,5865.0,3960.1031249999996
5098,2488,77,76,18,18,14,8457.3,6545.0,1912.2999999999993
5099,2488,72,71,25,25,16,5762.25,6120.0,-357.75
5100,2488,80,79,15,15,9,2897.1,6800.0,-3902.9
5101,2488,77,76,20,20,18,10074.825,6545.0,3529.8250000000007
5102,2488,95,94,16,16,15,7085.925000000001,8075.0,-989.0749999999989
5103,2488,71,70,15,15,20,12593.7,6035.0,6558.700000000001
5104,2488,79,78,22,22,19,10297.8,6715.0,3582.7999999999993
5105,2488,77,76,17,17,23,12007.687499999998,6545.0,5462.687499999998
5106,2488,74,73,25,25,29,15719.400000000001,6290.0,9429.400000000001
5107,2488,73,72,19,19,16,6199.875,6205.0,-5.125
5108,2488,88,87,16,16,18,10044.9,7480.0,2564.8999999999996
5109,2488,90,89,20,20,18,8970.412500000002,7650.0,1320.4125000000022
5110,2488,82,81,15,15,11,5359.5,6970.0,-1610.5
5111,2488,89,88,15,14,15,8436.375,7565.0,871.375
5112,2488,72,71,20,19,23,14095.940625000001,6120.0,7975.940625000001
5113,2488,81,80,23,23,23,11474.325,6885.0,4589.325000000001
5114,2488,89,88,10,10,7,2369.7,7565.0,-5195.3
5115,2488,75,74,18,18,25,15121.35,6375.0,8746.35
5116,2488,79,78,16,16,12,4486.5,6715.0,-2228.5
5117,2488,80,79,20,20,17,9128.475,6800.0,2328.4750000000004
5118,2488,74,73,20,20,20,10386.675,6290.0,4096.674999999999
5119,2488,75,74,18,18,25,13457.475,6375.0,7082.475
5120,2488,80,79,17,17,16,12682.9125,6800.0,5882.9125
5121,2488,71,70,9,9,11,4536.0,6035.0,-1499.0
5122,2488,78,77,19,19,20,10166.175,6630.0,3536.1749999999993
5123,2488,78,77,14,14,15,10281.825,6630.0,3651.8250000000007
5124,2488,79,78,13,13,10,5663.25,6715.0,-1051.75
5125,2488,85,84,18,18,20,10741.5,7225.0,3516.5
5126,2488,73,72,18,18,29,16451.55,6205.0,10246.55
5127,2488,70,69,14,14,17,10812.431250000001,5950.0,4862.4312500000015
5128,2488,73,72,18,18,21,12476.1375,6205.0,6271.137500000001
5129,2488,70,69,20,20,23,13756.725,5950.0,7806.725
5130,2488,76,75,20,20,17,6246.0,6460.0,-214.0
5131,2488,77,76,13,13,14,8454.6,6545.0,1909.6000000000004
5132,2488,82,81,20,20,13,4979.7,6970.0,-1990.3000000000002
5133,2488,90,89,18,18,14,5542.200000000001,7650.0,-2107.7999999999993
5134,2488,85,84,15,15,16,9062.1,7225.0,1837.1000000000004
5135,2488,86,85,14,14,12,3984.2999999999997,7310.0,-3325.7000000000003
5136,2488,61,60,20,20,19,5714.1,5185.0,529.1000000000004
5137,2488,82,81,21,21,19,8188.14375,6970.0,1218.1437500000002
5138,2488,72,71,19,19,30,16144.425,6120.0,10024.425
5139,2488,82,81,18,18,19,12845.25,6970.0,5875.25
5140,2488,76,75,16,16,20,8807.85,6460.0,2347.8500000000004
5141,2488,72,71,22,22,17,6678.9,6120.0,558.8999999999996
5142,2488,81,80,14,14,17,9423.9,6885.0,2538.8999999999996
5143,2488,81,80,12,12,30,18341.4375,6885.0,11456.4375
5144,2488,70,69,19,19,25,16939.536328125,5950.0,10989.536328125
5145,2488,76,75,23,23,21,9512.1,6460.0,3052.1000000000004
5146,2488,73,72,20,19,20,11497.95,6205.0,5292.950000000001
5147,2488,75,74,16,16,18,9082.8,6375.0,2707.7999999999993
5148,2488,84,83,15,14,15,8832.6,7140.0,1692.6000000000004
5149,2488,70,69,17,17,28,17254.167187500003,5950.0,11304.167187500003
5150,2488,81,80,17,17,13,5357.7,6885.0,-1527.3000000000002
5151,2488,74,73,25,24,18,8325.9,6290.0,2035.8999999999996
5152,2488,75,74,26,26,37,20313.9,6375.0,13938.900000000001
5153,2488,82,81,16,16,12,4491.9,6970.0,-2478.1000000000004
5154,2488,82,81,20,19,25,12278.25,6970.0,5308.25
5155,2488,74,73,14,14,19,12239.9296875,6290.0,5949.9296875
5156,2488,71,70,18,18,42,26063.602734375003,6035.0,20028.602734375003
5157,2488,68,67,18,18,20,8301.6,5780.0,2521.6000000000004
5158,2488,85,84,15,15,17,6529.049999999999,7225.0,-695.9500000000007
5159,2488,83,82,18,18,16,9135.61875,7055.0,2080.6187499999996
5160,2488,78,77,19,18,13,5991.299999999999,6630.0,-638.7000000000007
5161,2488,83,82,22,22,15,6240.6,7055.0,-814.3999999999996
5162,2488,78,77,17,17,12,4437.9,6630.0,-2192.1000000000004
5163,2488,73,72,20,20,21,10878.300000000001,6205.0,4673.300000000001
5164,2488,68,67,17,16,17,7710.75,5780.0,1930.75
5165,2488,80,79,15,15,8,2507.3999999999996,6800.0,-4292.6
5166,2488,73,72,16,15,13,5413.275,6205.0,-791.7250000000004
5167,2488,78,77,18,18,29,15641.775000000001,6630.0,9011.775000000001
5168,2488,72,71,16,16,21,9927.3375,6120.0,3807.3374999999996
5169,2488,74,73,13,12,20,10243.8,6290.0,3953.7999999999993
5170,2488,80,79,22,21,36,22676.073046875,6800.0,15876.073046875
5171,2488,81,80,14,14,14,8043.525000000001,6885.0,1158.5250000000005
5172,2488,79,78,17,17,17,6809.4,6715.0,94.39999999999964
5173,2488,63,62,21,21,25,13268.25,5355.0,7913.25
5174,2488,79,78,13,12,10,3596.175,6715.0,-3118.825
5175,2488,80,79,18,18,10,3902.4,6800.0,-2897.6
5176,2488,76,75,18,18,15,8496.9,6460.0,2036.8999999999996
5177,2488,78,77,19,19,16,5656.95,6630.0,-973.0500000000002
5178,2488,75,74,15,15,9,3432.1499999999996,6375.0,-2942.8500000000004
5179,2488,80,79,17,16,12,4672.8,6800.0,-2127.2
5180,2488,71,70,21,21,22,13891.95,6035.0,7856.950000000001
5181,2488,74,73,15,15,9,5157.9,6290.0,-1132.1000000000004
5182,2488,83,82,13,12,16,6626.475,7055.0,-428.52499999999964
5183,2488,70,69,23,23,31,17903.025,5950.0,11953.025000000001
5184,2488,79,78,17,17,16,8555.962500000001,6715.0,1840.9625000000015
5185,2488,69,68,19,19,17,6939.9,5865.0,1074.8999999999996
5186,2488,68,67,19,19,18,8259.975,5780.0,2479.9750000000004
5187,2488,75,74,24,24,25,11641.95,6375.0,5266.950000000001
5188,2488,72,71,17,16,27,17216.55,6120.0,11096.55
5189,2488,74,73,17,17,24,13981.837500000001,6290.0,7691.8375000000015
5190,2488,74,73,18,18,30,18973.8,6290.0,12683.8
5191,2488,69,68,21,20,29,19019.1234375,5865.0,13154.123437499999
5192,2488,79,78,22,22,26,12190.443749999999,6715.0,5475.4437499999985
5193,2488,75,74,16,16,16,5332.5,6375.0,-1042.5
5194,2488,75,74,23,23,42,24732.05625,6375.0,18357.05625
5195,2488,78,77,17,17,18,7263.450000000001,6630.0,633.4500000000007
5196,2488,74,73,18,18,12,4779.9,6290.0,-1510.1000000000004
5197,2488,75,74,18,18,16,6850.35,6375.0,475.35000000000036
5198,2488,88,87,16,16,21,9158.85,7480.0,1678.8500000000004
5199,2488,84,83,15,15,16,9321.75,7140.0,2181.75
5200,2488,85,84,10,10,17,7851.9515625,7225.0,626.9515625000004
5201,2488,74,73,17,17,15,6317.1,6290.0,27.100000000000364
5202,2488,69,68,19,18,22,12021.525,5865.0,6156.525
5203,2488,87,86,18,18,18,11790.675,7395.0,4395.674999999999
5204,2488,84,83,19,19,20,10525.299609375,7140.0,3385.2996093750007
5205,2488,81,80,13,13,19,11345.625,6885.0,4460.625
5206,2488,78,77,12,12,13,7554.6,6630.0,924.6000000000004
5207,2488,72,71,16,16,26,13767.806250000001,6120.0,7647.8062500000015
5208,2488,74,73,20,20,29,16974.9703125,6290.0,10684.970312500001
5209,2488,81,80,16,16,16,8369.1,6885.0,1484.1000000000004
5210,2488,85,84,18,18,19,9760.5,7225.0,2535.5
5211,2488,81,80,22,22,22,10894.95,6885.0,4009.9500000000007
5212,2488,71,70,20,20,27,14785.65,6035.0,8750.65
5213,2488,70,69,18,18,30,17615.9109375,5950.0,11665.9109375
5214,2488,86,85,15,15,14,6489.450000000001,7310.0,-820.5499999999993
5215,2488,72,71,16,16,15,9701.325,6120.0,3581.3250000000007
5216,2488,83,82,19,19,11,6621.3,7055.0,-433.6999999999998
5217,2488,81,80,19,19,15,8071.650000000001,6885.0,1186.6500000000005
5218,2488,66,65,17,17,12,5917.5,5610.0,307.5
5219,2488,68,67,20,20,25,15324.974999999999,5780.0,9544.974999999999
5220,2488,74,73,22,22,23,10944.0,6290.0,4654.0
5221,2488,80,79,17,16,11,3504.6,6800.0,-3295.4
5222,2488,76,75,16,16,26,20714.90625,6460.0,14254.90625
5223,2488,66,65,16,16,18,8132.175,5610.0,2522.175
5224,2488,80,79,19,18,29,17068.1625,6800.0,10268.162499999999
5225,2488,77,76,21,21,26,15937.425,6545.0,9392.425
5226,2488,72,71,16,16,26,15496.4970703125,6120.0,9376.4970703125
5227,2488,79,78,22,22,21,8447.85,6715.0,1732.8500000000004
5228,2488,70,69,16,16,16,8433.9,5950.0,2483.8999999999996
5229,2488,77,76,19,19,28,12635.775000000001,6545.0,6090.7750000000015
5230,2488,80,79,20,20,30,19293.967968749996,6800.0,12493.967968749996
5231,2488,77,76,13,13,17,7627.725,6545.0,1082.7250000000004
5232,2488,93,92,17,16,12,4111.2,7905.0,-3793.8
5233,2488,70,69,24,23,22,9728.1,5950.0,3778.1000000000004
5234,2488,76,75,15,15,13,4793.4,6460.0,-1666.6000000000004
5235,2488,67,66,22,22,28,13374.165234375,5695.0,7679.165234374999
5236,2488,81,80,25,25,37,21350.25,6885.0,14465.25
5237,2488,79,78,19,18,18,9333.0,6715.0,2618.0
5238,2488,73,72,26,26,24,12632.400000000001,6205.0,6427.4000000000015
5239,2488,80,79,12,12,11,4153.5,6800.0,-2646.5
5240,2488,69,68,22,22,34,21596.625,5865.0,15731.625
5241,2488,74,73,19,19,17,8604.45,6290.0,2314.4500000000007
5242,2488,73,72,23,22,28,16583.5125,6205.0,10378.5125
5243,2488,70,69,18,18,20,11111.175,5950.0,5161.174999999999
5244,2488,78,77,16,16,23,11900.475,6630.0,5270.475
5245,2488,80,79,22,22,24,10606.95,6800.0,3806.9500000000007
5246,2488,79,78,12,12,20,13588.03125,6715.0,6873.03125
5247,2488,74,73,18,18,14,6013.575000000001,6290.0,-276.4249999999993
5248,2488,82,81,20,20,13,7252.2,6970.0,282.1999999999998
5249,2488,73,72,16,16,23,12044.193750000002,6205.0,5839.193750000002
5250,2488,76,75,21,21,19,8152.65,6460.0,1692.6499999999996
5251,2488,85,84,20,20,16,7779.43125,7225.0,554.4312499999996
5252,2488,81,80,13,13,10,4628.7,6885.0,-2256.3
5253,2488,80,79,13,13,15,7388.099999999999,6800.0,588.0999999999995
5254,2488,74,73,14,14,23,15669.675,6290.0,9379.675
5255,2488,77,76,21,21,30,18392.85,6545.0,11847.849999999999
5256,2488,85,84,17,17,19,11665.35,7225.0,4440.35
5257,2488,75,74,19,19,17,8325.1125,6375.0,1950.1124999999993
5258,2488,73,72,15,15,36,21614.512500000004,6205.0,15409.512500000004
5259,2488,68,67,16,16,23,12237.075,5780.0,6457.075000000001
5260,2488,83,82,18,18,13,5396.4,7055.0,-1658.6000000000004
5261,2488,76,75,19,19,19,9438.525,6460.0,2978.5249999999996
5262,2488,74,73,25,25,36,19631.418749999997,6290.0,13341.418749999997
5263,2488,75,74,13,13,17,9190.0125,6375.0,2815.0125000000007
5264,2488,77,76,18,18,17,9335.925,6545.0,2790.9249999999993
5265,2488,78,77,16,16,14,6460.425,6630.0,-169.57499999999982
5266,2488,82,81,14,14,12,6030.0,6970.0,-940.0
5267,2488,73,72,17,17,15,8673.75,6205.0,2468.75
5268,2488,76,75,15,15,13,7720.65,6460.0,1260.6499999999996
5269,2488,64,63,15,15,29,18402.778125,5440.0,12962.778125
5270,2488,79,78,15,15,18,8960.4,6715.0,2245.3999999999996
5271,2488,82,81,17,17,19,8393.4,6970.0,1423.3999999999996
5272,2488,88,87,16,16,18,8082.9,7480.0,602.8999999999996
5273,2488,83,82,20,20,13,6436.35,7055.0,-618.6499999999996
5274,2488,79,78,21,21,17,7573.050000000001,6715.0,858.0500000000011
5275,2488,84,83,22,21,16,6829.65,7140.0,-310.35000000000036
5276,2488,81,80,15,15,10,5508.0,6885.0,-1377.0
5277,2488,75,74,17,17,16,5112.0,6375.0,-1263.0
5278,2488,81,80,16,16,11,3356.1,6885.0,-3528.9
5279,2488,71,70,19,19,18,8703.45,6035.0,2668.4500000000007
5280,2488,68,67,17,16,20,11831.90625,5780.0,6051.90625
5281,2488,76,75,18,18,24,16236.900000000001,6460.0,9776.900000000001
5282,2488,72,71,22,22,20,8840.25,6120.0,2720.25
5283,2488,88,87,14,14,18,11518.2,7480.0,4038.2000000000007
5284,2488,80,79,12,12,14,9305.3953125,6800.0,2505.3953125000007
5285,2488,89,88,17,17,9,3055.5,7565.0,-4509.5
5286,2488,73,72,21,21,26,17079.300000000003,6205.0,10874.300000000003
5287,2488,80,79,19,18,20,10041.693749999999,6800.0,3241.6937499999985
5288,2488,69,68,22,22,22,11911.5,5865.0,6046.5
5289,2488,78,77,13,13,14,5368.5,6630.0,-1261.5
5290,2488,73,72,23,23,41,22246.621875,6205.0,16041.621875
5291,2488,84,83,15,15,13,5691.6,7140.0,-1448.3999999999996
5292,2488,71,70,17,16,20,11210.4,6035.0,5175.4
5293,2488,77,76,14,14,21,11629.35,6545.0,5084.35
5294,2488,68,67,16,16,25,11110.471875,5780.0,5330.471874999999
5295,2488,79,78,17,16,19,11170.8,6715.0,4455.799999999999
5296,2488,84,83,15,15,19,13086.9,7140.0,5946.9
5297,2488,74,73,13,13,10,5202.0,6290.0,-1088.0
5298,2488,68,67,16,16,24,15121.6875,5780.0,9341.6875
5299,2488,74,73,20,20,29,15785.1,6290.0,9495.1
5300,2488,77,76,18,18,27,16020.1265625,6545.0,9475.1265625
5301,2488,79,78,18,18,16,5903.1,6715.0,-811.8999999999996
5302,2488,82,81,17,17,21,11371.5,6970.0,4401.5
5303,2488,77,76,19,19,13,5160.6,6545.0,-1384.3999999999996
5304,2488,74,73,23,23,20,10185.3,6290.0,3895.2999999999993
5305,2488,77,76,21,21,19,10992.76875,6545.0,4447.768749999999
5306,2488,74,73,15,15,20,12436.36875,6290.0,6146.36875
5307,2488,63,62,22,22,29,15612.3,5355.0,10257.3
5308,2488,81,80,14,14,8,3090.6,6885.0,-3794.4
5309,2488,70,69,17,17,28,19366.425,5950.0,13416.425
5310,2488,75,74,12,12,16,7548.3,6375.0,1173.3000000000002
5311,2488,73,72,21,21,26,10850.175,6205.0,4645.174999999999
5312,2488,80,79,21,21,16,8695.35,6800.0,1895.3500000000004
5313,2488,76,75,18,18,16,6696.9,6460.0,236.89999999999964
5314,2488,70,69,19,19,27,14873.9958984375,5950.0,8923.9958984375
5315,2488,76,75,19,19,22,13801.1625,6460.0,7341.1625
5316,2488,72,71,18,18,14,7549.2,6120.0,1429.1999999999998
5317,2488,77,76,13,13,17,7997.4,6545.0,1452.3999999999996
5318,2488,76,75,19,18,16,5949.0,6460.0,-511.0
5319,2488,72,71,23,23,28,18494.38125,6120.0,12374.381249999999
5320,2488,68,67,23,23,28,12997.0125,5780.0,7217.012500000001
5321,2488,78,77,13,13,7,3420.9,6630.0,-3209.1
5322,2488,68,67,19,19,33,18781.0875,5780.0,13001.087500000001
5323,2488,76,75,18,17,19,8994.599999999999,6460.0,2534.5999999999985
5324,2488,67,66,18,18,23,12817.687500000002,5695.0,7122.687500000002
5325,2488,74,73,17,17,17,7233.3,6290.0,943.3000000000002
5326,2488,82,81,16,16,12,5911.2,6970.0,-1058.8000000000002
5327,2488,79,78,18,18,18,8334.675,6715.0,1619.6749999999993
5328,2488,80,79,15,14,11,4622.4,6800.0,-2177.6000000000004
5329,2488,77,76,18,17,13,4928.4,6545.0,-1616.6000000000004
5330,2488,80,79,17,17,22,12619.4625,6800.0,5819.4625
5331,2488,72,71,21,20,18,6325.2,6120.0,205.19999999999982
5332,2488,78,77,14,14,20,10381.725,6630.0,3751.7250000000004
5333,2488,72,71,22,22,22,10526.849999999999,6120.0,4406.8499999999985
5334,2488,73,72,16,16,23,12347.099999999999,6205.0,6142.0999999999985
5335,2488,73,72,24,24,29,14965.2,6205.0,8760.2
5336,2488,73,72,21,21,39,22783.668749999997,6205.0,16578.668749999997
5337,2488,83,82,22,22,18,8821.8,7055.0,1766.7999999999993
5338,2488,75,74,21,21,26,14862.6,6375.0,8487.6
5339,2488,82,81,22,21,28,16669.8,6970.0,9699.8
5340,2488,81,80,18,18,14,5659.65,6885.0,-1225.3500000000004
5341,2488,76,75,17,17,14,5777.325,6460.0,-682.6750000000002
5342,2488,76,75,20,20,18,8873.521875,6460.0,2413.5218750000004
5343,2488,83,82,18,18,17,7747.650000000001,7055.0,692.6500000000005
5344,2488,77,76,18,17,24,14116.275,6545.0,7571.275
5345,2488,81,80,14,14,14,7094.7,6885.0,209.69999999999982
5346,2488,83,82,21,21,24,13272.75,7055.0,6217.75
5347,2488,68,67,18,18,24,15868.8,5780.0,10088.8
5348,2488,87,86,19,19,15,7200.0,7395.0,-195.0
5349,2488,79,78,17,16,14,6351.299999999999,6715.0,-363.7000000000007
5350,2488,75,74,16,15,19,11564.55,6375.0,5189.549999999999
5351,2488,65,64,23,22,33,22503.768750000003,5525.0,16978.768750000003
5352,2488,75,74,21,21,18,7050.6,6375.0,675.6000000000004
5353,2488,68,67,16,16,12,4575.6,5780.0,-1204.3999999999996
5354,2488,79,78,18,18,15,6428.700000000001,6715.0,-286.2999999999993
5355,2488,82,81,18,18,15,6345.0,6970.0,-625.0
5356,2488,73,72,18,18,29,16486.308984375,6205.0,10281.308984374999
5357,2488,77,76,20,20,39,22305.604394531252,6545.0,15760.604394531252
5358,2488,71,70,20,20,25,17443.96875,6035.0,11408.96875
5359,2488,77,76,18,18,20,9708.3,6545.0,3163.2999999999993
5360,2488,69,68,19,19,32,20262.375,5865.0,14397.375
5361,2488,78,77,18,18,28,16335.618750000001,6630.0,9705.618750000001
5362,2488,69,68,21,21,22,13169.25,5865.0,7304.25
5363,2488,72,71,21,20,13,5777.1,6120.0,-342.89999999999964
5364,2488,80,79,20,19,23,13184.1,6800.0,6384.1
5365,2488,87,86,20,20,14,7094.7,7395.0,-300.3000000000002
5366,2488,86,85,11,11,6,2773.3500000000004,7310.0,-4536.65
5367,2488,75,74,16,16,11,4900.5,6375.0,-1474.5
5368,2488,70,69,18,18,15,7745.175,5950.0,1795.1750000000002
5369,2488,73,72,18,18,17,7349.4,6205.0,1144.3999999999996
5370,2488,87,86,13,13,7,2259.4500000000003,7395.0,-5135.549999999999
5371,2488,66,65,21,21,24,11249.775000000001,5610.0,5639.7750000000015
5372,2488,83,82,19,18,21,12217.725,7055.0,5162.725
5373,2488,81,80,21,21,22,13078.8,6885.0,6193.799999999999
5374,2488,82,81,23,23,19,8645.4,6970.0,1675.3999999999996
5375,2488,92,91,10,10,9,5298.299999999999,7820.0,-2521.7000000000007
5376,2488,72,71,16,16,28,20111.4,6120.0,13991.400000000001
5377,2488,71,70,19,19,28,15040.237499999997,6035.0,9005.237499999997
5378,2488,69,68,17,17,34,20706.3,5865.0,14841.3
5379,2488,80,79,14,14,15,8231.4,6800.0,1431.3999999999996
5380,2488,79,78,20,20,27,15203.19375,6715.0,8488.19375
5381,2488,71,70,21,21,21,12242.165625000001,6035.0,6207.1656250000015
5382,2488,70,69,15,15,18,10008.225,5950.0,4058.2250000000004
5383,2488,74,73,16,16,23,13788.45,6290.0,7498.450000000001
5384,2488,78,77,24,24,27,15093.0,6630.0,8463.0
5385,2488,82,81,22,22,19,9409.95,6970.0,2439.9500000000007
5386,2488,78,77,15,15,11,4522.5,6630.0,-2107.5
5387,2488,76,75,18,18,15,7198.650000000001,6460.0,738.6500000000005
5388,2488,77,76,18,18,28,18501.8625,6545.0,11956.8625
5389,2488,74,73,18,18,30,14699.264062499999,6290.0,8409.264062499999
5390,2488,92,91,18,18,19,10836.45,7820.0,3016.4500000000007
5391,2488,83,82,22,21,24,12245.0625,7055.0,5190.0625
5392,2488,78,77,18,18,9,4199.4,6630.0,-2430.6000000000004
5393,2488,74,73,19,19,26,14739.3,6290.0,8449.3
5394,2488,76,75,16,16,38,22049.8875,6460.0,15589.8875
5395,2488,85,84,7,7,10,5490.0,7225.0,-1735.0
5396,2488,76,75,21,21,27,15509.7,6460.0,9049.7
5397,2488,73,72,16,16,14,4992.3,6205.0,-1212.6999999999998
5398,2488,74,73,14,14,23,15547.1625,6290.0,9257.1625
5399,2488,85,84,22,22,25,11675.925,7225.0,4450.924999999999
5400,2488,77,76,9,9,9,4564.0125,6545.0,-1980.9875000000002
5401,2488,70,69,22,22,28,16863.75,5950.0,10913.75
5402,2488,82,81,20,20,25,15211.912499999999,6970.0,8241.912499999999
5403,2488,67,66,18,18,21,11097.7875,5695.0,5402.7875
5404,2488,71,70,23,23,24,10331.1,6035.0,4296.1
5405,2488,81,80,25,25,16,7954.2,6885.0,1069.1999999999998
5406,2488,76,75,22,22,24,12402.675,6460.0,5942.674999999999
5407,2488,96,95,16,16,14,7628.4,8160.0,-531.6000000000004
5408,2488,74,73,23,23,22,12882.15,6290.0,6592.15
5409,2488,71,70,20,20,30,18622.4625,6035.0,12587.462500000001
5410,2488,70,69,19,19,16,6405.75,5950.0,455.75
5411,2488,74,73,9,9,11,3857.85,6290.0,-2432.15
5412,2488,77,76,16,16,17,7803.50625,6545.0,1258.5062500000004
5413,2488,77,76,20,20,20,9465.525,6545.0,2920.5249999999996
5414,2488,84,83,16,16,16,5545.8,7140.0,-1594.1999999999998
5415,2488,83,82,16,16,18,11049.3,7055.0,3994.2999999999993
5416,2488,76,75,13,13,7,3152.25,6460.0,-3307.75
5417,2488,75,74,13,13,15,6519.375,6375.0,144.375
5418,2488,88,87,16,16,19,9660.571875000001,7480.0,2180.5718750000015
5419,2488,77,76,17,17,20,10960.2,6545.0,4415.200000000001
5420,2488,74,73,15,15,29,19015.762499999997,6290.0,12725.762499999997
5421,2488,80,79,19,19,19,8672.85,6800.0,1872.8500000000004
5422,2488,76,75,19,19,19,9630.45,6460.0,3170.4500000000007
5423,2488,81,80,20,20,19,10287.9,6885.0,3402.8999999999996
5424,2488,81,80,20,20,23,11362.33125,6885.0,4477.331249999999
5425,2488,85,84,20,19,15,7509.15,7225.0,284.14999999999964
5426,2488,63,62,20,20,31,20283.75,5355.0,14928.75
5427,2488,71,70,21,20,18,7623.45,6035.0,1588.4499999999998
5428,2488,76,75,18,18,24,13715.4375,6460.0,7255.4375
5429,2488,77,76,17,17,13,6679.575000000001,6545.0,134.57500000000073
5430,2488,85,84,20,20,37,22623.609375,7225.0,15398.609375
5431,2488,69,68,19,19,33,21901.074609375,5865.0,16036.074609374999
5432,2488,78,77,16,16,13,7836.3,6630.0,1206.3000000000002
5433,2488,70,69,19,19,19,9347.4,5950.0,3397.3999999999996
5434,2488,84,83,17,17,22,14973.6375,7140.0,7833.637500000001
5435,2488,83,82,13,13,16,6617.25,7055.0,-437.75
5436,2488,80,79,18,18,22,12552.103125000001,6800.0,5752.1031250000015
5437,2488,70,69,24,24,19,8797.05,5950.0,2847.0499999999993
5438,2488,86,85,13,13,18,9425.25,7310.0,2115.25
5439,2488,70,69,22,22,23,11884.6125,5950.0,5934.612499999999
5440,2488,74,73,17,17,18,8705.7,6290.0,2415.7000000000007
5441,2488,78,77,15,15,17,11941.65,6630.0,5311.65
5442,2488,62,61,17,16,19,8244.675,5270.0,2974.6749999999993
5443,2488,81,80,25,25,30,12084.3,6885.0,5199.299999999999
5444,2488,83,82,20,20,21,10346.400000000001,7055.0,3291.4000000000015
5445,2488,78,77,18,18,13,5939.1,6630.0,-690.8999999999996
5446,2488,79,78,20,20,24,10206.0,6715.0,3491.0
5447,2488,75,74,21,21,30,16306.534423828125,6375.0,9931.534423828125
5448,2488,85,84,16,16,17,7784.1,7225.0,559.1000000000004
5449,2488,78,77,20,20,15,6843.6,6630.0,213.60000000000036
5450,2488,80,79,18,18,21,12343.95,6800.0,5543.950000000001
5451,2488,77,76,16,16,27,14019.075,6545.0,7474.075000000001
5452,2488,72,71,19,19,36,22868.775,6120.0,16748.775
5453,2488,77,76,19,19,23,13378.95,6545.0,6833.950000000001
5454,2488,74,73,15,15,20,11052.45,6290.0,4762.450000000001
5455,2488,75,74,18,17,15,6804.9,6375.0,429.89999999999964
5456,2488,73,72,18,18,17,8805.6,6205.0,2600.6000000000004
5457,2488,76,75,22,22,30,17795.8125,6460.0,11335.8125
5458,2488,71,70,18,17,25,12212.4375,6035.0,6177.4375
5459,2488,85,84,17,17,15,8333.55,7225.0,1108.5499999999993
5460,2488,71,70,17,17,12,5346.9,6035.0,-688.1000000000004
5461,2488,72,71,24,24,24,13553.240625,6120.0,7433.240625
5462,2488,90,89,14,14,18,10281.15,7650.0,2631.1499999999996
5463,2488,74,73,23,23,19,7881.975,6290.0,1591.9750000000004
5464,2488,72,71,29,28,29,12646.800000000001,6120.0,6526.800000000001
5465,2488,82,81,14,14,16,7412.4,6970.0,442.39999999999964
5466,2488,80,79,16,16,12,5778.9,6800.0,-1021.1000000000004
5467,2488,76,75,20,20,20,11619.675,6460.0,5159.674999999999
5468,2488,80,79,16,16,17,8473.95,6800.0,1673.9500000000007
5469,2488,71,70,13,13,19,8991.9,6035.0,2956.8999999999996
5470,2488,75,74,22,22,22,9222.75,6375.0,2847.75
5471,2488,89,88,18,18,23,11721.375,7565.0,4156.375
5472,2488,68,67,19,19,29,16981.70625,5780.0,11201.70625
5473,2488,76,75,21,21,18,7533.900000000001,6460.0,1073.9000000000005
5474,2488,77,76,15,14,15,7070.4,6545.0,525.3999999999996
5475,2488,83,82,17,17,18,9618.975,7055.0,2563.9750000000004
5476,2488,82,81,21,21,22,12566.7,6970.0,5596.700000000001
5477,2488,78,77,15,15,20,10503.9,6630.0,3873.8999999999996
5478,2488,86,85,26,25,22,10957.95,7310.0,3647.9500000000007
5479,2488,77,76,18,18,13,7252.2,6545.0,707.1999999999998
5480,2488,75,74,13,13,17,9958.10625,6375.0,3583.1062500000007
5481,2488,75,74,18,18,36,23871.051562499997,6375.0,17496.051562499997
5482,2488,77,76,21,21,31,18982.51875,6545.0,12437.51875
5483,2488,79,78,18,18,26,13687.81875,6715.0,6972.81875
5484,2488,76,75,13,13,23,13543.2,6460.0,7083.200000000001
5485,2488,80,79,20,19,17,7855.2,6800.0,1055.1999999999998
5486,2488,78,77,20,20,18,10253.7,6630.0,3623.7000000000007
5487,2488,88,87,15,15,16,5546.7,7480.0,-1933.3000000000002
5488,2488,73,72,24,23,33,19001.7,6205.0,12796.7
5489,2488,72,71,20,20,19,12388.05,6120.0,6268.049999999999
5490,2488,82,81,18,18,35,23328.42890625,6970.0,16358.42890625
5491,2488,68,67,23,22,31,16867.96875,5780.0,11087.96875
5492,2488,83,82,21,21,42,27016.784582519533,7055.0,19961.784582519533
5493,2488,85,84,20,20,18,8565.3,7225.0,1340.2999999999993
5494,2488,85,84,15,14,11,4410.0,7225.0,-2815.0
5495,2488,74,73,21,21,27,13781.925000000001,6290.0,7491.925000000001
5496,2488,84,83,18,18,16,8477.1,7140.0,1337.1000000000004
5497,2488,67,66,20,20,27,18006.2015625,5695.0,12311.201562499999
5498,2488,79,78,19,18,22,9312.3,6715.0,2597.2999999999993
5499,2488,83,82,21,21,19,9813.4875,7055.0,2758.4874999999993
5500,2488,68,67,14,13,16,7487.1,5780.0,1707.1000000000004
5501,2488,77,76,22,22,30,18110.5453125,6545.0,11565.545312499999
5502,2488,86,85,16,16,14,7085.475,7310.0,-224.52499999999964
5503,2488,77,76,17,17,19,7109.94375,6545.0,564.9437500000004
5504,2488,78,77,17,17,16,8131.387500000001,6630.0,1501.3875000000007
5505,2488,79,78,19,19,23,12444.075,6715.0,5729.075000000001
5506,2488,79,78,17,17,13,6292.6875,6715.0,-422.3125
5507,2488,70,69,23,23,17,5861.25,5950.0,-88.75
5508,2488,83,82,22,22,22,10254.15,7055.0,3199.1499999999996
5509,2488,72,71,17,16,20,11031.6375,6120.0,4911.637500000001
5510,2488,70,69,18,18,20,9078.975,5950.0,3128.9750000000004
5511,2488,79,78,17,17,9,4204.35,6715.0,-2510.6499999999996
5512,2488,72,71,17,17,21,13760.26875,6120.0,7640.268749999999
5513,2488,75,74,15,14,15,8275.5,6375.0,1900.5
5514,2488,73,72,24,24,19,8946.45,6205.0,2741.4500000000007
5515,2488,82,81,14,14,26,19987.65,6970.0,13017.650000000001
5516,2488,83,82,16,16,18,9715.66875,7055.0,2660.6687500000007
5517,2488,74,73,20,20,26,13258.237500000001,6290.0,6968.237500000001
5518,2488,71,70,17,17,9,2614.5,6035.0,-3420.5
5519,2488,81,80,16,16,20,11986.171875,6885.0,5101.171875
5520,2488,85,84,15,15,12,7182.9,7225.0,-42.100000000000364
5521,2488,81,80,18,18,24,9384.3,6885.0,2499.2999999999993
5522,2488,82,81,19,19,16,7038.45,6970.0,68.44999999999982
5523,2488,75,74,17,17,15,7006.5,6375.0,631.5
5524,2488,73,72,21,21,40,28484.9630859375,6205.0,22279.9630859375
5525,2488,82,81,17,16,15,6170.175,6970.0,-799.8249999999998
5526,2488,77,76,18,17,19,9495.675,6545.0,2950.6749999999993
5527,2488,79,78,20,20,27,14054.849999999999,6715.0,7339.8499999999985
5528,2488,70,69,16,16,18,10309.162500000002,5950.0,4359.162500000002
5529,2488,77,76,18,18,17,9061.65,6545.0,2516.6499999999996
5530,2488,78,77,18,18,12,4594.5,6630.0,-2035.5
5531,2488,72,71,19,19,22,10285.875,6120.0,4165.875
5532,2488,78,77,19,19,19,12568.95,6630.0,5938.950000000001
5533,2488,81,80,15,15,25,17015.08359375,6885.0,10130.083593750001
5534,2488,73,72,18,18,25,17101.940625,6205.0,10896.940625
5535,2488,70,69,15,15,12,4486.725,5950.0,-1463.2749999999996
5536,2488,73,72,17,17,25,11926.35,6205.0,5721.35
5537,2488,75,74,12,12,16,7917.3,6375.0,1542.3000000000002
5538,2488,72,71,19,19,19,11336.850000000002,6120.0,5216.850000000002
5539,2488,78,77,19,18,20,11035.8,6630.0,4405.799999999999
5540,2488,76,75,17,17,19,9249.075,6460.0,2789.0750000000007
5541,2488,81,80,21,21,21,7325.1,6885.0,440.10000000000036
5542,2488,71,70,21,21,22,12978.3375,6035.0,6943.3375
5543,2488,72,71,22,22,26,15177.937499999998,6120.0,9057.937499999998
5544,2488,78,77,16,16,16,7055.55,6630.0,425.5500000000002
5545,2488,77,76,16,16,15,6124.275,6545.0,-420.72500000000036
5546,2488,80,79,14,14,10,5031.45,6800.0,-1768.5500000000002
5547,2488,69,68,18,17,26,14802.300000000001,5865.0,8937.300000000001
5548,2488,72,71,20,19,18,8565.8625,6120.0,2445.8624999999993
5549,2488,74,73,17,17,22,13687.425,6290.0,7397.424999999999
5550,2488,82,81,11,11,11,5728.3875,6970.0,-1241.6125000000002
5551,2488,77,76,19,19,15,5505.3,6545.0,-1039.6999999999998
5552,2488,72,71,19,19,30,19014.46875,6120.0,12894.46875
5553,2488,85,84,20,19,20,8050.275000000001,7225.0,825.2750000000005
5554,2488,69,68,18,18,14,5563.8,5865.0,-301.1999999999998
5555,2488,73,72,18,18,15,7514.55,6205.0,1309.5500000000002
5556,2488,73,72,25,25,38,22750.509375,6205.0,16545.509375
5557,2488,81,80,14,14,21,11927.08828125,6885.0,5042.08828125
5558,2488,79,78,18,18,14,4324.05,6715.0,-2390.95
5559,2488,67,66,26,26,24,10880.55,5695.0,5185.549999999999
5560,2488,76,75,15,15,17,11687.512499999999,6460.0,5227.512499999999
5561,2488,84,83,18,18,17,8072.1,7140.0,932.1000000000004
5562,2488,74,73,15,15,14,7007.4,6290.0,717.3999999999996
5563,2488,74,73,13,13,17,7314.975,6290.0,1024.9750000000004
5564,2488,70,69,23,23,21,8285.4,5950.0,2335.3999999999996
5565,2488,74,73,15,14,10,3294.0,6290.0,-2996.0
5566,2488,82,81,15,15,8,2479.95,6970.0,-4490.05
5567,2488,72,71,17,17,15,7177.95,6120.0,1057.9499999999998
5568,2488,77,76,15,15,13,7919.521875,6545.0,1374.5218750000004
5569,2488,79,78,17,17,17,10138.5,6715.0,3423.5
5570,2488,83,82,15,14,11,3463.2,7055.0,-3591.8
5571,2488,79,78,15,15,29,17422.3125,6715.0,10707.3125
5572,2488,77,76,17,17,29,18520.5375,6545.0,11975.537499999999
5573,2488,70,69,15,15,16,7486.0875,5950.0,1536.0874999999996
5574,2488,76,75,15,15,14,6982.2,6460.0,522.1999999999998
5575,2488,78,77,14,14,13,6207.3,6630.0,-422.6999999999998
5576,2488,72,71,18,18,18,6545.7,6120.0,425.6999999999998
5577,2488,71,70,20,20,25,13831.143750000001,6035.0,7796.143750000001
5578,2488,73,72,22,21,23,10913.400000000001,6205.0,4708.4000000000015
5579,2488,87,86,20,20,19,7674.75,7395.0,279.75
5580,2488,84,83,13,13,15,6411.99375,7140.0,-728.0062500000004
5581,2488,77,76,19,18,19,11958.75,6545.0,5413.75
5582,2488,81,80,14,13,11,7110.0,6885.0,225.0
5583,2488,76,75,16,16,12,3887.1000000000004,6460.0,-2572.8999999999996
5584,2488,74,73,17,17,19,7560.0,6290.0,1270.0
5585,2488,66,65,16,15,28,17587.800000000003,5610.0,11977.800000000003
5586,2488,67,66,19,19,21,8156.925,5695.0,2461.925
5587,2488,78,77,24,24,32,14857.2,6630.0,8227.2
5588,2488,74,73,18,18,22,10926.0,6290.0,4636.0
5589,2488,77,76,17,17,17,8055.900000000001,6545.0,1510.9000000000005
5590,2488,77,76,21,21,22,11707.467187500002,6545.0,5162.467187500002
5591,2488,73,72,21,21,25,14621.5125,6205.0,8416.5125
5592,2488,73,72,16,16,16,6225.3,6205.0,20.300000000000182
5593,2488,72,71,20,20,22,10460.025,6120.0,4340.025
5594,2488,81,80,17,17,20,8547.3,6885.0,1662.2999999999993
5595,2488,88,87,17,17,16,8698.5,7480.0,1218.5
5596,2488,74,73,19,19,13,6396.3,6290.0,106.30000000000018
5597,2488,77,76,24,24,21,9889.65,6545.0,3344.6499999999996
5598,2488,65,64,18,17,21,10771.875,5525.0,5246.875
5599,2488,70,69,17,17,23,13319.1,5950.0,7369.1
5600,2488,78,77,21,21,23,10827.0,6630.0,4197.0
5601,2488,84,83,12,12,14,7213.275,7140.0,73.27499999999964
5602,2488,68,67,20,19,24,11254.275,5780.0,5474.275
5603,2488,81,80,15,15,11,6334.2,6885.0,-550.8000000000002
5604,2488,89,88,14,14,11,4590.0,7565.0,-2975.0
5605,2488,73,72,18,18,19,8954.1,6205.0,2749.1000000000004
5606,2488,74,73,14,13,12,4538.7,6290.0,-1751.3000000000002
5607,2488,81,80,14,14,25,15700.949999999999,6885.0,8815.949999999999
5608,2488,76,75,25,25,18,7238.7,6460.0,778.6999999999998
5609,2488,88,87,13,13,17,8681.400000000001,7480.0,1201.4000000000015
5610,2488,77,76,21,21,24,12073.499999999998,6545.0,5528.499999999998
5611,2488,73,72,22,21,32,19566.449999999997,6205.0,13361.449999999997
5612,2488,85,84,19,19,16,7915.6125,7225.0,690.6125000000002
5613,2488,83,82,18,18,22,9966.15,7055.0,2911.1499999999996
5614,2488,75,74,13,13,23,12837.2625,6375.0,6462.262500000001
5615,2488,75,74,19,19,23,12016.912499999999,6375.0,5641.9124999999985
5616,2488,71,70,16,16,24,11361.65625,6035.0,5326.65625
5617,2488,73,72,13,13,14,9582.975,6205.0,3377.9750000000004
5618,2488,72,71,17,17,17,8768.25,6120.0,2648.25
5619,2488,73,72,18,18,24,9812.25,6205.0,3607.25
5620,2488,77,76,22,21,19,9716.79375,6545.0,3171.7937500000007
5621,2488,84,83,22,22,15,5785.2,7140.0,-1354.8000000000002
5622,2488,81,80,17,17,22,11549.7,6885.0,4664.700000000001
5623,2488,75,74,21,21,19,6906.15,6375.0,531.1499999999996
5624,2488,71,70,16,16,24,13064.85,6035.0,7029.85
5625,2488,77,76,14,14,18,12476.25,6545.0,5931.25
5626,2488,79,78,20,20,28,13945.5,6715.0,7230.5
5627,2488,86,85,20,20,26,13486.5,7310.0,6176.5
5628,2488,61,60,26,26,21,11835.0,5185.0,6650.0
5629,2488,85,84,20,20,20,8442.0,7225.0,1217.0
5630,2488,80,79,15,15,14,8242.65,6800.0,1442.6499999999996
5631,2488,83,82,13,12,11,4668.3,7055.0,-2386.7
5632,2488,76,75,13,13,14,7803.0,6460.0,1343.0
5633,2488,87,86,12,12,18,11441.21484375,7395.0,4046.21484375
5634,2488,84,83,17,17,10,4045.5,7140.0,-3094.5
5635,2488,80,79,21,20,14,4499.1,6800.0,-2300.8999999999996
5636,2488,77,76,14,14,17,10288.575,6545.0,3743.5750000000007
5637,2488,76,75,14,14,20,11375.550000000001,6460.0,4915.550000000001
5638,2488,78,77,12,12,12,5854.5,6630.0,-775.5
5639,2488,82,81,13,13,15,5256.674999999999,6970.0,-1713.3250000000007
5640,2488,71,70,18,18,13,5903.549999999999,6035.0,-131.45000000000073
5641,2488,83,82,17,17,20,9754.2,7055.0,2699.2000000000007
5642,2488,78,77,18,18,20,12013.65,6630.0,5383.65
5643,2488,81,80,25,24,23,10374.75,6885.0,3489.75
5644,2488,71,70,18,17,20,9288.9,6035.0,3253.8999999999996
5645,2488,72,71,23,23,16,4833.9,6120.0,-1286.1000000000004
5646,2488,79,78,16,16,16,8047.125000000001,6715.0,1332.125000000001
5647,2488,87,86,17,17,16,6212.25,7395.0,-1182.75
5648,2488,78,77,20,20,30,16764.6375,6630.0,10134.6375
5649,2488,74,73,14,14,21,13136.793749999999,6290.0,6846.793749999999
5650,2488,84,83,16,16,21,9840.4875,7140.0,2700.4874999999993
5651,2488,68,67,14,14,5,2223.0,5780.0,-3557.0
5652,2488,86,85,15,15,14,6241.275000000001,7310.0,-1068.7249999999995
5653,2488,82,81,18,18,24,12119.625,6970.0,5149.625
5654,2488,75,74,18,17,21,13228.9875,6375.0,6853.987499999999
5655,2488,78,77,20,20,27,14345.1,6630.0,7715.1
5656,2488,73,72,17,17,15,7972.2,6205.0,1767.1999999999998
5657,2488,75,74,18,18,16,5762.7,6375.0,-612.3000000000002
5658,2488,75,74,15,15,18,10128.6,6375.0,3753.6000000000004
5659,2488,70,69,21,21,13,5251.5,5950.0,-698.5
5660,2488,86,85,15,15,15,8094.6,7310.0,784.6000000000004
5661,2488,78,77,13,13,12,6388.200000000001,6630.0,-241.79999999999927
5662,2488,71,70,17,17,25,13972.95,6035.0,7937.950000000001
5663,2488,72,71,19,19,19,10158.525,6120.0,4038.5249999999996
5664,2488,86,85,13,13,9,3618.0,7310.0,-3692.0
5665,2488,74,73,21,21,27,13222.575,6290.0,6932.575000000001
5666,2488,67,66,22,21,30,22642.463671875,5695.0,16947.463671875
5667,2488,93,92,18,18,14,6504.3,7905.0,-1400.6999999999998
5668,2488,66,65,19,18,28,18590.625,5610.0,12980.625
5669,2488,64,63,16,16,19,13118.85,5440.0,7678.85
5670,2488,73,72,19,19,22,12104.1,6205.0,5899.1
5671,2488,69,68,20,19,28,14489.55,5865.0,8624.55
5672,2488,83,82,16,16,18,9254.025,7055.0,2199.0249999999996
5673,2488,80,79,14,14,16,10372.5,6800.0,3572.5
5674,2488,74,73,22,22,21,12085.2,6290.0,5795.200000000001
5675,2488,90,89,20,20,13,6290.94375,7650.0,-1359.0562499999996
5676,2488,78,77,16,16,18,8862.4125,6630.0,2232.4125000000004
5677,2488,75,74,21,21,26,13576.33125,6375.0,7201.331249999999
5678,2488,73,72,18,18,21,12529.8,6205.0,6324.799999999999
5679,2488,74,73,15,15,18,8226.0,6290.0,1936.0
5680,2488,78,77,20,20,24,9844.3125,6630.0,3214.3125
5681,2488,78,77,24,24,17,4590.0,6630.0,-2040.0
5682,2488,90,89,22,22,18,8913.6,7650.0,1263.6000000000004
5683,2488,74,73,20,20,23,15435.449999999999,6290.0,9145.449999999999
5684,2488,77,76,22,22,13,5853.375,6545.0,-691.625
5685,2488,75,74,14,14,26,18822.9375,6375.0,12447.9375
5686,2488,70,69,16,16,19,11190.99375,5950.0,5240.99375
5687,2488,76,75,21,21,13,5249.025,6460.0,-1210.9750000000004
5688,2488,78,77,14,14,26,16938.0,6630.0,10308.0
5689,2488,78,77,20,20,17,6398.2125,6630.0,-231.78750000000036
5690,2488,66,65,20,20,27,12840.975,5610.0,7230.975
5691,2488,76,75,18,18,18,9980.099999999999,6460.0,3520.0999999999985
5692,2488,75,74,19,19,21,8956.8,6375.0,2581.7999999999993
5693,2488,76,75,23,23,27,12005.1,6460.0,5545.1
5694,2488,80,79,17,17,17,8333.55,6800.0,1533.5499999999993
5695,2488,69,68,17,17,21,10267.875,5865.0,4402.875
5696,2488,71,70,22,21,28,15367.95,6035.0,9332.95
5697,2488,71,70,14,14,18,10346.625,6035.0,4311.625
5698,2488,73,72,15,15,33,22119.6375,6205.0,15914.6375
5699,2488,91,90,16,16,25,12918.6,7735.0,5183.6
5700,2488,73,72,23,23,23,9787.5,6205.0,3582.5
5701,2488,72,71,25,25,31,18443.925,6120.0,12323.925
5702,2488,69,68,19,18,23,11191.05,5865.0,5326.049999999999
5703,2488,75,74,26,26,18,8295.3,6375.0,1920.2999999999993
5704,2488,76,75,13,13,10,2759.4,6460.0,-3700.6
5705,2488,75,74,21,21,18,7845.3,6375.0,1470.3000000000002
5706,2488,72,71,15,15,14,7364.700000000001,6120.0,1244.7000000000007
5707,2488,65,64,20,20,20,11244.54375,5525.0,5719.543750000001
5708,2488,70,69,23,23,36,19953.61875,5950.0,14003.618750000001
5709,2488,87,86,17,17,20,12040.2,7395.0,4645.200000000001
5710,2488,73,72,17,17,29,16706.25,6205.0,10501.25
5711,2488,81,80,13,13,10,2686.9500000000003,6885.0,-4198.049999999999
5712,2488,67,66,19,19,13,5136.75,5695.0,-558.25
5713,2488,75,74,16,15,22,9575.1,6375.0,3200.1000000000004
5714,2488,78,77,17,17,17,7432.65,6630.0,802.6499999999996
5715,2488,75,74,18,18,20,11370.65625,6375.0,4995.65625
5716,2488,84,83,17,17,11,4470.3,7140.0,-2669.7
5717,2488,65,64,16,16,14,7393.5,5525.0,1868.5
5718,2488,72,71,16,16,20,11084.85,6120.0,4964.85
5719,2488,73,72,19,19,30,16867.2375,6205.0,10662.2375
5720,2488,80,79,13,13,23,13643.325,6800.0,6843.325000000001
5721,2488,84,83,15,15,7,2587.5,7140.0,-4552.5
5722,2488,70,69,22,21,27,15294.99375,5950.0,9344.99375
5723,2488,85,84,16,16,22,11589.75,7225.0,4364.75
5724,2488,80,79,17,17,24,12051.0,6800.0,5251.0
5725,2488,86,85,10,10,14,6663.2625,7310.0,-646.7375000000002
5726,2488,79,78,18,18,15,6237.225,6715.0,-477.77499999999964
5727,2488,73,72,19,18,18,6890.4,6205.0,685.3999999999996
5728,2488,84,83,13,13,26,14696.099999999999,7140.0,7556.0999999999985
5729,2488,78,77,18,18,22,11890.125,6630.0,5260.125
5730,2488,75,74,16,16,15,5211.0,6375.0,-1164.0
5731,2488,76,75,21,21,15,5011.2,6460.0,-1448.8000000000002
5732,2488,78,77,12,12,11,4509.9,6630.0,-2120.1000000000004
5733,2488,83,82,20,20,15,6582.6,7055.0,-472.39999999999964
5734,2488,86,85,12,12,15,6639.3,7310.0,-670.6999999999998
5735,2488,84,83,19,18,20,9863.887499999999,7140.0,2723.887499999999
5736,2488,74,73,18,18,18,8451.675,6290.0,2161.6749999999993
5737,2488,84,83,11,11,15,6867.0,7140.0,-273.0
5738,2488,65,64,21,21,28,17716.46484375,5525.0,12191.46484375
5739,2488,70,69,24,23,24,13657.33125,5950.0,7707.331249999999
5740,2488,78,77,12,12,6,1919.7,6630.0,-4710.3
5741,2488,76,75,20,20,21,10277.8875,6460.0,3817.8875000000007
5742,2488,81,80,19,19,15,6643.8,6885.0,-241.19999999999982
5743,2488,67,66,21,21,30,18392.821875,5695.0,12697.821875000001
5744,2488,82,81,15,15,24,17628.02578125,6970.0,10658.025781249999
5745,2488,76,75,16,16,16,7769.475,6460.0,1309.4750000000004
5746,2488,79,78,13,13,20,11491.7625,6715.0,4776.762500000001
5747,2488,72,71,20,20,16,8679.32578125,6120.0,2559.3257812499996
5748,2488,74,73,17,16,13,5531.85,6290.0,-758.1499999999996
5749,2488,75,74,11,11,25,15532.956738281251,6375.0,9157.956738281251
5750,2488,83,82,16,16,21,13363.59375,7055.0,6308.59375
5751,2488,71,70,21,20,28,12291.3,6035.0,6256.299999999999
5752,2488,79,78,20,20,23,13826.025,6715.0,7111.025
5753,2488,77,76,14,14,18,10973.025,6545.0,4428.025
5754,2488,72,71,23,22,19,9770.0625,6120.0,3650.0625
5755,2488,82,81,19,19,19,8541.675,6970.0,1571.6749999999993
5756,2488,74,73,24,24,19,7610.4,6290.0,1320.3999999999996
5757,2488,77,76,13,13,22,20016.0,6545.0,13471.0
5758,2488,76,75,17,17,21,12823.2,6460.0,6363.200000000001
5759,2488,64,63,18,17,21,9077.175,5440.0,3637.1749999999993
5760,2488,84,83,17,17,15,5227.2,7140.0,-1912.8000000000002
5761,2488,74,73,14,14,16,8355.6,6290.0,2065.6000000000004
5762,2488,76,75,18,18,20,10657.125,6460.0,4197.125
5763,2488,81,80,22,22,24,13052.7,6885.0,6167.700000000001
5764,2488,75,74,17,17,14,5950.8,6375.0,-424.1999999999998
5765,2488,72,71,19,19,20,10177.65,6120.0,4057.6499999999996
5766,2488,61,60,28,27,24,9072.0,5185.0,3887.0
5767,2488,69,68,22,22,14,5590.8,5865.0,-274.1999999999998
5768,2488,82,81,16,16,20,10975.5,6970.0,4005.5
5769,2488,71,70,17,17,21,12817.8,6035.0,6782.799999999999
5770,2488,77,76,14,14,15,8531.8875,6545.0,1986.8875000000007
5771,2488,80,79,19,18,27,14466.9375,6800.0,7666.9375
5772,2488,79,78,21,21,23,10993.050000000001,6715.0,4278.050000000001
5773,2488,83,82,14,14,14,6927.299999999999,7055.0,-127.70000000000073
5774,2488,69,68,28,28,25,11928.6,5865.0,6063.6
5775,2488,66,65,14,14,20,11202.75,5610.0,5592.75
5776,2488,76,75,21,21,26,12402.1125,6460.0,5942.112499999999
5777,2488,76,75,14,14,11,3298.5,6460.0,-3161.5
5778,2488,71,70,17,16,21,11797.425,6035.0,5762.424999999999
5779,2488,71,70,22,21,22,10700.2125,6035.0,4665.2125
5780,2488,64,63,17,16,20,12817.996875,5440.0,7377.996875000001
5781,2488,78,77,14,14,11,5157.9,6630.0,-1472.1000000000004
5782,2488,74,73,22,22,35,21164.23125,6290.0,14874.23125
5783,2488,83,82,16,15,10,5887.8,7055.0,-1167.1999999999998
5784,2488,74,73,17,17,18,9302.4,6290.0,3012.3999999999996
5785,2488,76,75,16,16,12,5933.925,6460.0,-526.0749999999998
5786,2488,82,81,19,19,24,14752.631250000002,6970.0,7782.631250000002
5787,2488,79,78,16,16,15,6385.950000000001,6715.0,-329.0499999999993
5788,2488,80,79,17,16,24,13683.825,6800.0,6883.825000000001
5789,2488,67,66,18,18,18,9836.55,5695.0,4141.549999999999
5790,2488,69,68,20,20,23,11214.225,5865.0,5349.225
5791,2488,77,76,13,13,26,15648.05390625,6545.0,9103.05390625
5792,2488,77,76,14,14,15,7311.6,6545.0,766.6000000000004
5793,2488,89,88,20,20,17,10775.25,7565.0,3210.25
5794,2488,72,71,16,16,21,12107.925,6120.0,5987.924999999999
5795,2488,83,82,15,15,12,5670.0,7055.0,-1385.0
5796,2488,78,77,17,17,17,8565.075,6630.0,1935.0750000000007
5797,2488,68,67,13,13,13,6745.5,5780.0,965.5
5798,2488,66,65,18,18,20,11886.75,5610.0,6276.75
5799,2488,85,84,20,20,34,20550.7125,7225.0,13325.712500000001
5800,2488,78,77,19,19,15,7042.5,6630.0,412.5
5801,2488,72,71,19,19,21,11691.9,6120.0,5571.9
5802,2488,71,70,13,13,21,13345.0875,6035.0,7310.0875
5803,2488,65,64,19,19,20,8682.3,5525.0,3157.2999999999993
5804,2488,77,76,9,9,13,8079.75,6545.0,1534.75
5805,2488,70,69,26,26,23,14338.8,5950.0,8388.8
5806,2488,83,82,16,16,17,8047.35,7055.0,992.3500000000004
5807,2488,84,83,22,22,19,7863.75,7140.0,723.75
5808,2488,78,77,22,22,27,12661.425,6630.0,6031.424999999999
5809,2488,72,71,19,18,12,3395.7,6120.0,-2724.3
5810,2488,78,77,21,20,19,9281.475,6630.0,2651.4750000000004
5811,2488,72,71,21,20,28,15353.4375,6120.0,9233.4375
5812,2488,78,77,16,16,16,7701.3,6630.0,1071.3000000000002
5813,2488,68,67,18,18,28,15765.496875,5780.0,9985.496875
5814,2488,75,74,14,14,16,5697.450000000001,6375.0,-677.5499999999993
5815,2488,82,81,20,20,19,9073.8,6970.0,2103.7999999999993
5816,2488,89,88,17,17,12,4860.0,7565.0,-2705.0
5817,2488,71,70,16,16,15,7068.15,6035.0,1033.1499999999996
5818,2488,82,81,17,17,14,7253.1,6970.0,283.10000000000036
5819,2488,77,76,15,15,16,8791.2,6545.0,2246.2000000000007
5820,2488,71,70,17,17,28,17847.450000000004,6035.0,11812.450000000004
5821,2488,78,77,22,22,25,11478.825,6630.0,4848.825000000001
5822,2488,84,83,19,19,19,9837.675,7140.0,2697.6749999999993
5823,2488,78,77,16,16,17,7933.3875,6630.0,1303.3874999999998
5824,2488,81,80,14,14,18,10022.85,6885.0,3137.8500000000004
5825,2488,74,73,20,20,31,18996.75,6290.0,12706.75
5826,2488,75,74,17,17,34,22894.446093749997,6375.0,16519.446093749997
5827,2488,77,76,18,18,30,17717.90625,6545.0,11172.90625
5828,2488,80,79,16,15,15,5791.05,6800.0,-1008.9499999999998
5829,2488,72,71,15,15,21,10176.075,6120.0,4056.0750000000007
5830,2488,81,80,16,16,12,3761.55,6885.0,-3123.45
5831,2488,73,72,24,24,19,8631.9,6205.0,2426.8999999999996
5832,2488,72,71,25,25,23,10834.2,6120.0,4714.200000000001
5833,2488,76,75,22,22,15,5493.6,6460.0,-966.3999999999996
5834,2488,79,78,20,20,23,12541.66875,6715.0,5826.668750000001
5835,2488,77,76,18,18,21,12569.5125,6545.0,6024.512500000001
5836,2488,79,78,12,12,9,4758.975,6715.0,-1956.0249999999996
5837,2488,79,78,21,21,27,13358.868750000001,6715.0,6643.8687500000015
5838,2488,77,76,17,17,28,14617.06875,6545.0,8072.06875
5839,2488,85,84,18,18,13,5256.3375,7225.0,-1968.6625000000004
5840,2488,76,75,15,15,14,7248.15,6460.0,788.1499999999996
5841,2488,72,71,17,17,23,14232.6,6120.0,8112.6
5842,2488,75,74,16,16,34,25377.84624023438,6375.0,19002.84624023438
5843,2488,84,83,18,18,18,8515.546875,7140.0,1375.546875
5844,2488,69,68,16,15,19,7669.8,5865.0,1804.8000000000002
5845,2488,74,73,18,18,12,5357.475,6290.0,-932.5249999999996
5846,2488,79,78,20,20,16,6071.85,6715.0,-643.1499999999996
5847,2488,74,73,20,20,25,12942.9,6290.0,6652.9
5848,2488,82,81,19,19,19,7334.1,6970.0,364.10000000000036
5849,2488,75,74,17,17,24,13549.725,6375.0,7174.725
5850,2488,74,73,19,19,31,16918.8029296875,6290.0,10628.8029296875
5851,2488,76,75,19,19,23,10316.25,6460.0,3856.25
5852,2488,88,87,18,18,16,7155.9,7480.0,-324.10000000000036
5853,2488,71,70,19,19,19,8369.1,6035.0,2334.1000000000004
5854,2488,76,75,15,15,14,5913.0,6460.0,-547.0
5855,2488,87,86,18,18,20,8860.5,7395.0,1465.5
5856,2488,81,80,16,16,26,15755.85,6885.0,8870.85
5857,2488,74,73,21,21,14,7223.4,6290.0,933.3999999999996
5858,2488,70,69,16,16,25,14455.265625,5950.0,8505.265625
5859,2488,74,73,17,17,22,11188.63125,6290.0,4898.63125
5860,2488,75,74,19,19,20,11348.1,6375.0,4973.1
5861,2488,79,78,16,15,19,11111.625,6715.0,4396.625
5862,2488,80,79,17,17,19,11865.15,6800.0,5065.15
5863,2488,66,65,24,24,30,18649.800000000003,5610.0,13039.800000000003
5864,2488,73,72,17,17,31,21037.10625,6205.0,14832.10625
5865,2488,74,73,17,17,16,8424.45,6290.0,2134.4500000000007
5866,2488,77,76,25,25,23,12001.44375,6545.0,5456.44375
5867,2488,74,73,23,23,36,22049.04375,6290.0,15759.04375
5868,2488,75,74,20,20,18,7902.815625,6375.0,1527.8156250000002
5869,2488,82,81,13,13,25,14202.57744140625,6970.0,7232.577441406251
5870,2488,67,66,19,19,24,9327.15,5695.0,3632.1499999999996
5871,2488,77,76,16,16,22,10293.075,6545.0,3748.0750000000007
5872,2488,77,76,12,12,8,2592.0,6545.0,-3953.0
5873,2488,77,76,20,20,34,21481.818750000002,6545.0,14936.818750000002
5874,2488,66,65,25,25,25,11994.974999999999,5610.0,6384.9749999999985
5875,2488,88,87,20,20,26,17095.44375,7480.0,9615.443749999999
5876,2488,74,73,19,19,17,9233.1,6290.0,2943.1000000000004
5877,2488,74,73,20,20,19,8445.375,6290.0,2155.375
5878,2488,77,76,12,12,12,5894.099999999999,6545.0,-650.9000000000005
5879,2488,67,66,22,22,19,8589.825,5695.0,2894.8250000000007
5880,2488,76,75,20,20,25,13479.75,6460.0,7019.75
5881,2488,74,73,13,13,24,11877.6375,6290.0,5587.637500000001
5882,2488,73,72,17,17,28,17850.2625,6205.0,11645.2625
5883,2488,78,77,14,14,12,4475.7,6630.0,-2154.3
5884,2488,83,82,14,14,15,7589.531250000001,7055.0,534.5312500000009
5885,2488,65,64,14,14,18,11142.745312500003,5525.0,5617.745312500003
5886,2488,77,76,19,18,19,9273.150000000001,6545.0,2728.1500000000015
5887,2488,87,86,14,13,10,5985.0,7395.0,-1410.0
5888,2488,81,80,14,14,13,6591.76875,6885.0,-293.2312499999998
5889,2488,77,76,19,19,21,11665.35,6545.0,5120.35
5890,2488,85,84,18,18,10,3264.3,7225.0,-3960.7
5891,2488,75,74,18,17,18,9097.5375,6375.0,2722.5375000000004
5892,2488,76,75,18,18,12,5567.4,6460.0,-892.6000000000004
5893,2488,71,70,20,20,41,25994.503125,6035.0,19959.503125
5894,2488,85,84,16,16,13,4594.5,7225.0,-2630.5
5895,2488,79,78,16,16,14,7709.85,6715.0,994.8500000000004
5896,2488,82,81,19,19,19,7138.575,6970.0,168.57499999999982
5897,2488,70,69,18,18,30,18009.0,5950.0,12059.0
5898,2488,75,74,17,17,23,10963.800000000001,6375.0,4588.800000000001
5899,2488,81,80,16,16,20,11484.9,6885.0,4599.9
5900,2488,73,72,19,19,21,11518.65,6205.0,5313.65
5901,2488,64,63,25,25,27,10546.65,5440.0,5106.65
5902,2488,73,72,21,20,19,8563.95,6205.0,2358.9500000000007
5903,2488,78,77,18,18,17,6094.35,6630.0,-535.6499999999996
5904,2488,81,80,18,18,18,7920.0,6885.0,1035.0
5905,2488,90,89,17,17,12,5249.7,7650.0,-2400.3
5906,2488,68,67,14,14,16,10357.2,5780.0,4577.200000000001
5907,2488,70,69,18,17,19,10831.5,5950.0,4881.5
5908,2488,76,75,22,22,20,7535.700000000001,6460.0,1075.7000000000007
5909,2488,90,89,18,18,21,11548.8,7650.0,3898.7999999999993
5910,2488,74,73,18,18,19,8910.45,6290.0,2620.4500000000007
5911,2488,67,66,19,19,25,11864.7,5695.0,6169.700000000001
5912,2488,90,89,12,12,10,4818.6,7650.0,-2831.3999999999996
5913,2488,68,67,22,22,28,12165.1875,5780.0,6385.1875
5914,2488,70,69,23,23,23,10604.7,5950.0,4654.700000000001
5915,2488,70,69,14,13,22,12180.881250000002,5950.0,6230.881250000002
5916,2488,73,72,19,19,13,4262.4,6205.0,-1942.6000000000004
5917,2488,75,74,20,20,15,5879.700000000001,6375.0,-495.2999999999993
5918,2488,77,76,15,15,21,9859.78125,6545.0,3314.78125
5919,2488,74,73,19,19,27,12754.575,6290.0,6464.575000000001
5920,2488,89,88,14,14,14,5378.4,7565.0,-2186.6000000000004
5921,2488,72,71,20,20,16,9317.7,6120.0,3197.7000000000007
5922,2488,67,66,17,17,17,7152.6375,5695.0,1457.6374999999998
5923,2488,77,76,24,23,42,29261.714062500003,6545.0,22716.714062500003
5924,2488,72,71,25,25,25,11190.993750000001,6120.0,5070.9937500000015
5925,2488,72,71,24,24,24,13766.4,6120.0,7646.4
5926,2488,86,85,16,16,16,7702.2,7310.0,392.1999999999998
5927,2488,71,70,21,21,20,11256.91875,6035.0,5221.918750000001
5928,2488,73,72,15,15,21,13719.5578125,6205.0,7514.557812499999
5929,2488,81,80,18,18,21,10737.675,6885.0,3852.6749999999993
5930,2488,72,71,18,18,18,8099.775,6120.0,1979.7749999999996
5931,2488,74,73,20,20,15,5101.65,6290.0,-1188.3500000000004
5932,2488,83,82,20,20,15,8212.5,7055.0,1157.5
5933,2488,70,69,16,16,17,10627.59375,5950.0,4677.59375
5934,2488,79,78,22,22,33,16164.562499999998,6715.0,9449.562499999998
5935,2488,78,77,16,16,16,7012.575,6630.0,382.5749999999998
5936,2488,83,82,17,17,16,6077.25,7055.0,-977.75
5937,2488,83,82,16,16,13,5693.85,7055.0,-1361.1499999999996
5938,2488,73,72,11,11,11,7745.4,6205.0,1540.3999999999996
5939,2488,74,73,15,15,19,9929.475,6290.0,3639.4750000000004
5940,2488,78,77,12,12,10,4432.95,6630.0,-2197.05
5941,2488,76,75,16,16,16,7421.400000000001,6460.0,961.4000000000005
5942,2488,75,74,18,18,20,11499.1875,6375.0,5124.1875
5943,2488,72,71,15,15,22,12777.075,6120.0,6657.075000000001
5944,2488,82,81,21,20,16,6399.0,6970.0,-571.0
5945,2488,78,77,19,19,22,11427.975,6630.0,4797.975
5946,2488,78,77,21,21,22,11918.025000000001,6630.0,5288.0250000000015
5947,2488,77,76,19,19,21,9358.2,6545.0,2813.2000000000007
5948,2488,74,73,15,15,27,20204.841796875004,6290.0,13914.841796875004
5949,2488,70,69,22,22,23,12276.900000000001,5950.0,6326.9000000000015
5950,2488,77,76,16,16,11,4410.0,6545.0,-2135.0
5951,2488,71,70,18,18,28,16833.768750000003,6035.0,10798.768750000003
5952,2488,85,84,15,15,12,4572.0,7225.0,-2653.0
5953,2488,84,83,13,13,16,9957.6,7140.0,2817.6000000000004
5954,2488,68,67,19,19,13,4997.7,5780.0,-782.3000000000002
5955,2488,73,72,16,16,20,9743.56875,6205.0,3538.5687500000004
5956,2488,79,78,19,19,18,9900.0,6715.0,3185.0
5957,2488,75,74,19,19,18,6574.05,6375.0,199.05000000000018
5958,2488,69,68,20,20,27,14747.820117187499,5865.0,8882.820117187499
5959,2488,75,74,22,22,32,20596.5,6375.0,14221.5
5960,2488,72,71,19,18,22,10913.175,6120.0,4793.174999999999
5961,2488,69,68,21,21,21,10289.7,5865.0,4424.700000000001
5962,2488,82,81,18,18,25,15942.037500000002,6970.0,8972.037500000002
5963,2488,81,80,22,22,12,5226.75,6885.0,-1658.25
5964,2488,75,74,19,19,18,8380.575,6375.0,2005.5750000000007
5965,2488,73,72,16,16,28,18940.162500000002,6205.0,12735.162500000002
5966,2488,69,68,17,17,19,9378.45,5865.0,3513.4500000000007
5967,2488,67,66,19,19,16,9162.9,5695.0,3467.8999999999996
5968,2488,76,75,16,16,16,10608.4828125,6460.0,4148.4828125
5969,2488,80,79,20,20,17,7716.6,6800.0,916.6000000000004
5970,2488,80,79,22,22,22,12519.73125,6800.0,5719.731250000001
5971,2488,78,77,14,14,12,5460.4125,6630.0,-1169.5874999999996
5972,2488,76,75,19,19,28,16097.85,6460.0,9637.85
5973,2488,84,83,14,14,21,12269.475,7140.0,5129.475
5974,2488,71,70,20,20,22,10706.7375,6035.0,4671.737499999999
5975,2488,66,65,19,19,16,7952.85,5610.0,2342.8500000000004
5976,2488,75,74,19,18,38,23038.0875,6375.0,16663.0875
5977,2488,72,71,14,14,22,12582.45,6120.0,6462.450000000001
5978,2488,70,69,18,18,15,9082.35,5950.0,3132.3500000000004
5979,2488,84,83,17,17,15,5827.950000000001,7140.0,-1312.0499999999993
5980,2488,82,81,16,16,14,4897.8,6970.0,-2072.2
5981,2488,80,79,15,15,12,5507.1,6800.0,-1292.8999999999996
5982,2488,68,67,18,17,24,13778.775,5780.0,7998.775
5983,2488,84,83,26,26,21,10129.95,7140.0,2989.9500000000007
5984,2488,77,76,18,18,23,12640.95,6545.0,6095.950000000001
5985,2488,79,78,22,21,24,11319.3,6715.0,4604.299999999999
5986,2488,75,74,16,15,20,11209.95,6375.0,4834.950000000001
5987,2488,84,83,20,20,20,8158.950000000001,7140.0,1018.9500000000007
5988,2488,87,86,15,15,16,9864.9,7395.0,2469.8999999999996
5989,2488,79,78,21,21,10,4416.3,6715.0,-2298.7
5990,2488,83,82,17,17,22,13889.7,7055.0,6834.700000000001
5991,2488,82,81,17,16,20,11640.4875,6970.0,4670.487499999999
5992,2488,78,77,13,13,11,4261.950000000001,6630.0,-2368.0499999999993
5993,2488,73,72,12,12,15,9143.1,6205.0,2938.1000000000004
5994,2488,77,76,16,16,26,15336.928125,6545.0,8791.928125
5995,2488,73,72,19,19,24,13305.375,6205.0,7100.375
5996,2488,72,71,24,24,25,13580.775,6120.0,7460.775
5997,2488,79,78,19,19,25,13087.3359375,6715.0,6372.3359375
5998,2488,77,76,18,18,13,5845.5,6545.0,-699.5
5999,2488,83,82,19,19,19,10099.35,7055.0,3044.3500000000004
6000,2488,65,64,18,18,19,11510.55,5525.0,5985.549999999999
6001,2488,73,72,14,14,16,8053.2,6205.0,1848.1999999999998
6002,2488,86,85,16,16,10,5007.6,7310.0,-2302.3999999999996
6003,2488,80,79,22,21,22,8660.7,6800.0,1860.7000000000007
6004,2488,73,72,21,21,21,10305.0,6205.0,4100.0
6005,2488,81,80,15,15,28,18316.012499999997,6885.0,11431.012499999997
6006,2488,86,85,20,20,26,12059.55,7310.0,4749.549999999999
6007,2488,83,82,14,14,16,9176.4,7055.0,2121.3999999999996
6008,2488,77,76,15,15,16,6524.549999999999,6545.0,-20.450000000000728
6009,2488,77,76,16,16,18,11686.725,6545.0,5141.725
6010,2488,75,74,17,17,14,5743.8,6375.0,-631.1999999999998
6011,2488,84,83,18,18,15,6937.65,7140.0,-202.35000000000036
6012,2488,71,70,17,17,18,10702.35,6035.0,4667.35
6013,2488,75,74,20,20,19,7513.65,6375.0,1138.6499999999996
6014,2488,73,72,16,16,27,15020.1,6205.0,8815.1
6015,2488,83,82,21,21,19,9009.0,7055.0,1954.0
6016,2488,80,79,18,18,21,12265.65,6800.0,5465.65
6017,2488,70,69,16,16,31,22525.425,5950.0,16575.425
6018,2488,73,72,16,16,23,12912.525,6205.0,6707.525
6019,2488,80,79,18,18,20,11407.275,6800.0,4607.275
6020,2488,69,68,17,17,28,12923.775,5865.0,7058.775
6021,2488,86,85,18,18,16,8056.8,7310.0,746.8000000000002
6022,2488,76,75,17,16,23,12761.1,6460.0,6301.1
6023,2488,80,79,21,21,17,7807.95,6800.0,1007.9499999999998
6024,2488,89,88,19,19,15,6566.4,7565.0,-998.6000000000004
6025,2488,70,69,15,15,21,10575.0,5950.0,4625.0
6026,2488,74,73,16,16,22,11501.458593750001,6290.0,5211.4585937500015
6027,2488,78,77,20,20,23,9678.6,6630.0,3048.6000000000004
6028,2488,75,74,20,20,18,11672.550000000001,6375.0,5297.550000000001
6029,2488,78,77,19,19,24,11932.425,6630.0,5302.424999999999
6030,2488,76,75,14,14,28,20664.28125,6460.0,14204.28125
6031,2488,74,73,19,19,14,7114.5,6290.0,824.5
6032,2488,83,82,15,15,27,14419.575,7055.0,7364.575000000001
6033,2488,82,81,17,17,13,6862.5,6970.0,-107.5
6034,2488,67,66,17,17,20,10522.8,5695.0,4827.799999999999
6035,2488,76,75,21,21,15,7288.424999999999,6460.0,828.4249999999993
6036,2488,86,85,16,16,22,9522.45,7310.0,2212.4500000000007
6037,2488,73,72,20,20,23,13990.3875,6205.0,7785.387500000001
6038,2488,77,76,22,22,23,11258.26875,6545.0,4713.268749999999
6039,2488,84,83,8,8,10,4398.1875,7140.0,-2741.8125
6040,2488,75,74,23,23,22,8485.396875,6375.0,2110.3968750000004
6041,2488,85,84,16,16,13,6032.700000000001,7225.0,-1192.2999999999993
6042,2488,80,79,19,19,17,8122.1625,6800.0,1322.1625000000004
6043,2488,83,82,15,15,17,7796.25,7055.0,741.25
6044,2488,78,77,23,23,24,13347.9,6630.0,6717.9
6045,2488,87,86,17,17,19,9650.25,7395.0,2255.25
6046,2488,77,76,21,21,21,11838.0375,6545.0,5293.0375
6047,2488,70,69,12,12,10,4139.549999999999,5950.0,-1810.4500000000007
6048,2488,65,64,24,24,31,18449.60625,5525.0,12924.60625
6049,2488,77,76,14,14,20,10099.2375,6545.0,3554.2374999999993
6050,2488,80,79,20,20,25,12690.9,6800.0,5890.9
6051,2488,74,73,18,17,13,4308.3,6290.0,-1981.6999999999998
6052,2488,69,68,19,19,21,10763.2125,5865.0,4898.2125
6053,2488,76,75,14,14,20,12178.125,6460.0,5718.125
6054,2488,75,74,17,17,23,11809.8,6375.0,5434.799999999999
6055,2488,77,76,15,15,12,4575.6,6545.0,-1969.3999999999996
6056,2488,79,78,26,26,28,12695.85,6715.0,5980.85
6057,2488,77,76,21,21,23,11496.6,6545.0,4951.6
6058,2488,79,78,17,17,15,5319.0,6715.0,-1396.0
6059,2488,72,71,17,17,14,5744.25,6120.0,-375.75
6060,2488,85,84,18,18,16,6983.1,7225.0,-241.89999999999964
6061,2488,72,71,23,23,23,11113.1578125,6120.0,4993.1578125
6062,2488,76,75,15,15,17,8445.15,6460.0,1985.1499999999996
6063,2488,86,85,20,20,16,7418.7,7310.0,108.69999999999982
6064,2488,79,78,21,21,25,13427.2125,6715.0,6712.2125
6065,2488,73,72,17,17,30,19594.97578125,6205.0,13389.97578125
6066,2488,72,71,19,18,25,15248.165625000001,6120.0,9128.165625000001
6067,2488,78,77,20,20,15,4477.5,6630.0,-2152.5
6068,2488,70,69,17,17,22,14741.1,5950.0,8791.1
6069,2488,72,71,13,13,12,6034.5,6120.0,-85.5
6070,2488,67,66,13,13,9,4111.200000000001,5695.0,-1583.7999999999993
6071,2488,76,75,19,19,14,5825.25,6460.0,-634.75
6072,2488,77,76,18,18,18,10339.2,6545.0,3794.2000000000007
6073,2488,93,92,13,13,16,6941.925,7905.0,-963.0749999999998
6074,2488,68,67,19,19,38,22697.37421875,5780.0,16917.37421875
6075,2488,86,85,18,18,24,13160.7,7310.0,5850.700000000001
6076,2488,76,75,19,19,10,2604.6000000000004,6460.0,-3855.3999999999996
6077,2488,73,72,20,20,25,11872.0125,6205.0,5667.012500000001
6078,2488,77,76,17,17,10,2870.1,6545.0,-3674.9
6079,2488,70,69,24,23,26,13368.825,5950.0,7418.825000000001
6080,2488,75,74,11,11,13,7291.237499999999,6375.0,916.2374999999993
6081,2488,73,72,26,26,36,20454.4125,6205.0,14249.412499999999
6082,2488,82,81,17,17,15,4717.35,6970.0,-2252.6499999999996
6083,2488,69,68,17,17,21,11024.1,5865.0,5159.1
6084,2488,71,70,10,10,12,5039.1,6035.0,-995.8999999999996
6085,2488,77,76,16,16,18,11637.9,6545.0,5092.9
6086,2488,73,72,20,19,20,8533.8,6205.0,2328.7999999999993
6087,2488,68,67,18,18,23,11418.046875,5780.0,5638.046875
6088,2488,74,73,22,22,32,20315.7,6290.0,14025.7
6089,2488,81,80,17,17,17,8111.7,6885.0,1226.6999999999998
6090,2488,72,71,24,24,32,16055.325,6120.0,9935.325
6091,2488,70,69,19,19,24,14443.65,5950.0,8493.65
6092,2488,64,63,22,21,31,17689.725,5440.0,12249.724999999999
6093,2488,71,70,15,15,12,4809.6,6035.0,-1225.3999999999996
6094,2488,81,80,21,21,14,6171.3,6885.0,-713.6999999999998
6095,2488,80,79,17,17,21,10009.349999999999,6800.0,3209.3499999999985
6096,2488,78,77,16,15,21,14649.3,6630.0,8019.299999999999
6097,2488,69,68,14,14,23,13029.75,5865.0,7164.75
6098,2488,73,72,17,17,25,15019.875,6205.0,8814.875
6099,2488,81,80,17,17,13,7414.2,6885.0,529.1999999999998
6100,2488,82,81,18,18,30,16987.5,6970.0,10017.5
6101,2488,76,75,17,17,13,5672.25,6460.0,-787.75
6102,2488,76,75,13,13,24,15789.4734375,6460.0,9329.4734375
6103,2488,73,72,18,18,30,18156.81796875,6205.0,11951.817968750001
6104,2488,71,70,21,21,22,12802.66875,6035.0,6767.668750000001
6105,2488,74,73,21,21,23,13412.475,6290.0,7122.475
6106,2488,79,78,19,19,27,11935.8,6715.0,5220.799999999999
6107,2488,77,76,15,15,20,10238.85,6545.0,3693.8500000000004
6108,2488,81,80,14,14,13,6636.825000000001,6885.0,-248.17499999999927
6109,2488,75,74,19,19,23,13668.75,6375.0,7293.75
6110,2488,69,68,17,17,26,15795.225,5865.0,9930.225
6111,2488,78,77,12,12,14,7554.6,6630.0,924.6000000000004
6112,2488,83,82,20,20,15,6828.3,7055.0,-226.69999999999982
6113,2488,84,83,16,16,10,4190.85,7140.0,-2949.1499999999996
6114,2488,78,77,10,10,10,4983.159375,6630.0,-1646.8406249999998
6115,2488,83,82,19,19,17,7547.5125,7055.0,492.5124999999998
6116,2488,72,71,19,19,30,16387.3546875,6120.0,10267.3546875
6117,2488,75,74,15,15,15,7762.5,6375.0,1387.5
6118,2488,82,81,19,19,24,12531.824999999999,6970.0,5561.824999999999
6119,2488,79,78,23,23,21,10231.65,6715.0,3516.6499999999996
6120,2488,84,83,15,15,18,11597.175,7140.0,4457.174999999999
6121,2488,79,78,21,21,13,5606.549999999999,6715.0,-1108.4500000000007
6122,2488,76,75,21,21,32,19544.5125,6460.0,13084.5125
6123,2488,74,73,23,22,23,12582.0,6290.0,6292.0
6124,2488,71,70,20,20,27,14192.606249999999,6035.0,8157.606249999999
6125,2488,87,86,12,12,16,8907.862500000001,7395.0,1512.862500000001
6126,2488,75,74,16,16,23,13296.853125,6375.0,6921.853125
6127,2488,76,75,20,20,20,8277.75,6460.0,1817.75
6128,2488,81,80,18,18,16,7407.0,6885.0,522.0
6129,2488,81,80,15,15,14,7633.35,6885.0,748.3500000000004
6130,2488,69,68,17,17,22,10791.900000000001,5865.0,4926.9000000000015
6131,2488,83,82,18,18,21,12726.9,7055.0,5671.9
6132,2488,80,79,17,17,33,17047.0125,6800.0,10247.0125
6133,2488,67,66,24,24,25,10579.95,5695.0,4884.950000000001
6134,2488,74,73,21,21,26,17621.325,6290.0,11331.325
6135,2488,83,82,13,13,14,8065.8,7055.0,1010.8000000000002
6136,2488,63,62,14,14,24,13826.475,5355.0,8471.475
6137,2488,76,75,16,15,15,6503.85,6460.0,43.850000000000364
6138,2488,90,89,19,19,19,9145.35,7650.0,1495.3500000000004
6139,2488,76,75,22,22,20,11346.300000000001,6460.0,4886.300000000001
6140,2488,67,66,18,18,24,10483.65,5695.0,4788.65
6141,2488,68,67,23,23,23,9285.3,5780.0,3505.2999999999993
6142,2488,81,80,15,15,14,5606.1,6885.0,-1278.8999999999996
6143,2488,70,69,21,21,26,15630.75,5950.0,9680.75
6144,2488,83,82,18,18,20,10388.4609375,7055.0,3333.4609375
6145,2488,76,75,21,21,35,20473.25625,6460.0,14013.256249999999
6146,2488,78,77,13,13,22,12800.784375,6630.0,6170.784374999999
6147,2488,67,66,18,18,17,7652.812500000001,5695.0,1957.812500000001
6148,2488,77,76,18,18,20,11236.05,6545.0,4691.049999999999
6149,2488,70,69,19,19,28,14433.6375,5950.0,8483.6375
6150,2488,86,85,14,14,21,12918.599999999999,7310.0,5608.5999999999985
6151,2488,72,71,12,11,7,2610.0,6120.0,-3510.0
6152,2488,65,64,15,15,24,14782.724999999999,5525.0,9257.724999999999
6153,2488,66,65,20,20,27,16278.103125,5610.0,10668.103125
6154,2488,87,86,16,16,15,8090.1,7395.0,695.1000000000004
6155,2488,77,76,21,21,23,10175.90625,6545.0,3630.90625
6156,2488,73,72,18,18,22,10944.45,6205.0,4739.450000000001
6157,2488,78,77,19,19,16,9667.8,6630.0,3037.7999999999993
6158,2488,68,67,15,15,18,8501.85,5780.0,2721.8500000000004
6159,2488,83,82,23,23,31,16092.450000000003,7055.0,9037.450000000003
6160,2488,66,65,23,23,18,8124.3,5610.0,2514.3
6161,2488,83,82,15,15,18,12003.8625,7055.0,4948.862499999999
6162,2488,83,82,19,19,16,7014.6,7055.0,-40.399999999999636
6163,2488,80,79,18,18,18,9104.849999999999,6800.0,2304.8499999999985
6164,2488,88,87,19,18,11,3908.7,7480.0,-3571.3
6165,2488,80,79,24,24,20,9108.9,6800.0,2308.8999999999996
6166,2488,66,65,23,23,40,22374.731249999997,5610.0,16764.731249999997
6167,2488,87,86,19,19,23,11983.499999999998,7395.0,4588.499999999998
6168,2488,80,79,18,17,19,9436.5,6800.0,2636.5
6169,2488,84,83,18,18,24,15355.462500000001,7140.0,8215.462500000001
6170,2488,80,79,19,19,15,7031.7,6800.0,231.69999999999982
6171,2488,78,77,21,21,21,11160.449999999999,6630.0,4530.449999999999
6172,2488,78,77,20,20,24,13542.3,6630.0,6912.299999999999
6173,2488,84,83,21,21,16,8218.35,7140.0,1078.3500000000004
6174,2488,72,71,18,18,20,9214.2,6120.0,3094.2000000000007
6175,2488,76,75,20,20,23,11331.9,6460.0,4871.9
6176,2488,74,73,13,13,10,4847.625,6290.0,-1442.375
6177,2488,80,79,16,16,8,2446.2,6800.0,-4353.8
6178,2488,81,80,18,18,28,17588.69296875,6885.0,10703.692968750001
6179,2488,61,60,18,18,26,14825.25,5185.0,9640.25
6180,2488,80,79,16,16,17,10146.6,6800.0,3346.6000000000004
6181,2488,70,69,20,19,21,7428.15,5950.0,1478.1499999999996
6182,2488,70,69,24,24,19,10083.7125,5950.0,4133.7125
6183,2488,86,85,17,17,21,9685.575,7310.0,2375.5750000000007
6184,2488,68,67,23,22,23,11512.35,5780.0,5732.35
6185,2488,72,71,19,19,22,11560.050000000001,6120.0,5440.050000000001
6186,2488,72,71,17,17,19,8243.099999999999,6120.0,2123.0999999999985
6187,2488,77,76,21,21,17,8313.3,6545.0,1768.2999999999993
6188,2488,69,68,16,15,33,23236.092333984372,5865.0,17371.092333984372
6189,2488,74,73,22,22,27,14948.2125,6290.0,8658.2125
6190,2488,74,73,21,21,27,16758.5625,6290.0,10468.5625
6191,2488,70,69,19,19,13,5220.0,5950.0,-730.0
6192,2488,85,84,17,17,32,23175.99140625,7225.0,15950.99140625
6193,2488,76,75,18,18,14,7416.9,6460.0,956.8999999999996
6194,2488,72,71,17,17,18,10070.1,6120.0,3950.1000000000004
6195,2488,84,83,17,17,10,3438.9,7140.0,-3701.1
6196,2488,81,80,12,12,21,11802.99375,6885.0,4917.99375
6197,2488,72,71,22,22,17,6764.4,6120.0,644.3999999999996
6198,2488,66,65,23,22,29,14737.837500000001,5610.0,9127.837500000001
6199,2488,79,78,20,20,26,12787.2,6715.0,6072.200000000001
6200,2488,79,78,17,17,13,4359.6,6715.0,-2355.3999999999996
6201,2488,70,69,19,19,23,12130.425000000001,5950.0,6180.425000000001
6202,2488,79,78,17,17,26,13706.55,6715.0,6991.549999999999
6203,2488,77,76,19,19,25,13573.8,6545.0,7028.799999999999
6204,2488,82,81,15,15,14,6516.112499999999,6970.0,-453.8875000000007
6205,2488,73,72,19,18,29,18011.7,6205.0,11806.7
6206,2488,79,78,21,21,18,8514.0,6715.0,1799.0
6207,2488,71,70,14,14,29,16553.025,6035.0,10518.025000000001
6208,2488,75,74,15,15,16,8907.3,6375.0,2532.2999999999993
6209,2488,70,69,18,18,16,5824.35,5950.0,-125.64999999999964
6210,2488,72,71,15,15,11,3364.2,6120.0,-2755.8
6211,2488,67,66,21,21,25,10851.075,5695.0,5156.075000000001
6212,2488,77,76,18,18,13,6644.700000000001,6545.0,99.70000000000073
6213,2488,77,76,16,16,20,10018.2375,6545.0,3473.2374999999993
6214,2488,83,82,8,8,6,2357.1,7055.0,-4697.9
6215,2488,82,81,16,16,21,13663.8,6970.0,6693.799999999999
6216,2488,75,74,15,15,20,12504.375,6375.0,6129.375
6217,2488,73,72,20,19,21,11202.3,6205.0,4997.299999999999
6218,2488,68,67,23,22,27,16825.95,5780.0,11045.95
6219,2488,79,78,17,17,17,8371.8,6715.0,1656.7999999999993
6220,2488,79,78,17,17,30,20873.025,6715.0,14158.025000000001
6221,2488,66,65,26,25,25,12308.4,5610.0,6698.4
6222,2488,86,85,15,15,15,6693.525,7310.0,-616.4750000000004
6223,2488,79,78,19,19,18,9349.2,6715.0,2634.2000000000007
6224,2488,74,73,20,19,20,9400.05,6290.0,3110.0499999999993
6225,2488,83,82,19,18,20,11277.9,7055.0,4222.9
6226,2488,82,81,15,15,19,8685.0,6970.0,1715.0
6227,2488,81,80,16,16,17,8806.3875,6885.0,1921.3875000000007
6228,2488,89,88,20,20,23,11188.35,7565.0,3623.3500000000004
6229,2488,71,70,18,18,16,6255.9,6035.0,220.89999999999964
6230,2488,75,74,16,16,17,11134.85625,6375.0,4759.856250000001
6231,2488,76,75,17,17,13,6972.3,6460.0,512.3000000000002
6232,2488,77,76,21,21,24,14117.79375,6545.0,7572.793750000001
6233,2488,74,73,16,16,25,15978.2625,6290.0,9688.2625
6234,2488,81,80,19,19,19,10165.275000000001,6885.0,3280.2750000000015
6235,2488,87,86,16,16,10,2790.0,7395.0,-4605.0
6236,2488,69,68,15,15,19,10723.95,5865.0,4858.950000000001
6237,2488,79,78,17,17,12,4734.9,6715.0,-1980.1000000000004
6238,2488,67,66,24,24,36,22951.575,5695.0,17256.575
6239,2488,61,60,21,20,38,17269.25625,5185.0,12084.256249999999
6240,2488,85,84,14,14,20,12602.75625,7225.0,5377.75625
6241,2488,76,75,16,16,26,15479.775,6460.0,9019.775
6242,2488,71,70,18,18,14,7514.55,6035.0,1479.5500000000002
6243,2488,77,76,17,17,18,10657.082812499999,6545.0,4112.082812499999
6244,2488,83,82,19,19,23,11106.0,7055.0,4051.0
6245,2488,70,69,14,14,14,7450.425,5950.0,1500.4250000000002
6246,2488,79,78,20,19,15,4930.2,6715.0,-1784.8000000000002
6247,2488,68,67,24,24,30,15110.325,5780.0,9330.325
6248,2488,83,82,16,16,19,7463.025000000001,7055.0,408.02500000000055
6249,2488,73,72,17,17,17,8284.5,6205.0,2079.5
6250,2488,73,72,15,15,17,8685.45,6205.0,2480.4500000000007
6251,2488,76,75,19,18,30,16073.55,6460.0,9613.55
6252,2488,78,77,20,20,15,4887.9,6630.0,-1742.1000000000004
6253,2488,87,86,14,14,9,3148.2,7395.0,-4246.8
6254,2488,74,73,17,17,22,10524.20625,6290.0,4234.206249999999
6255,2488,80,79,22,21,23,11977.3125,6800.0,5177.3125
6256,2488,87,86,23,23,30,17157.825,7395.0,9762.825
6257,2488,74,73,17,17,17,9101.7,6290.0,2811.7000000000007
6258,2488,75,74,15,15,31,16185.15,6375.0,9810.15
6259,2488,74,73,18,18,25,11986.425,6290.0,5696.424999999999
6260,2488,79,78,21,21,21,12075.75,6715.0,5360.75
6261,2488,66,65,25,25,31,16576.875,5610.0,10966.875
6262,2488,74,73,16,16,12,5875.2,6290.0,-414.8000000000002
6263,2488,84,83,22,22,18,10796.4,7140.0,3656.3999999999996
6264,2488,75,74,21,21,17,9057.6,6375.0,2682.6000000000004
6265,2488,69,68,20,20,26,13291.2,5865.0,7426.200000000001
6266,2488,84,83,20,20,18,8502.75,7140.0,1362.75
6267,2488,81,80,12,11,15,5787.0,6885.0,-1098.0
6268,2488,82,81,11,11,14,7474.5,6970.0,504.5
6269,2488,80,79,14,14,14,4620.375,6800.0,-2179.625
6270,2488,81,80,18,18,28,17393.34375,6885.0,10508.34375
6271,2488,79,78,25,24,35,21147.1875,6715.0,14432.1875
6272,2488,82,81,19,19,17,7168.05,6970.0,198.05000000000018
6273,2488,78,77,18,18,23,13486.949999999999,6630.0,6856.949999999999
6274,2488,86,85,16,16,15,5594.4,7310.0,-1715.6000000000004
6275,2488,72,71,20,19,19,5820.75,6120.0,-299.25
6276,2488,71,70,19,19,23,12557.925,6035.0,6522.924999999999
6277,2488,79,78,14,14,14,6167.7,6715.0,-547.3000000000002
6278,2488,79,78,17,17,18,9118.8,6715.0,2403.7999999999993
6279,2488,84,83,17,17,18,8288.15625,7140.0,1148.15625
6280,2488,74,73,16,16,14,5656.950000000001,6290.0,-633.0499999999993
6281,2488,86,85,14,14,8,2824.2,7310.0,-4485.8
6282,2488,79,78,17,17,16,7672.5,6715.0,957.5
6283,2488,72,71,18,18,19,9876.825,6120.0,3756.8250000000007
6284,2488,78,77,15,15,20,10157.85,6630.0,3527.8500000000004
6285,2488,74,73,15,15,14,6735.825,6290.0,445.8249999999998
6286,2488,64,63,16,16,15,5034.599999999999,5440.0,-405.40000000000055
6287,2488,74,73,20,20,14,4913.1,6290.0,-1376.8999999999996
6288,2488,72,71,15,15,16,5739.75,6120.0,-380.25
6289,2488,78,77,18,18,21,11058.6375,6630.0,4428.637500000001
6290,2488,82,81,14,14,13,4892.4,6970.0,-2077.6000000000004
6291,2488,62,61,20,19,23,12773.475,5270.0,7503.475
6292,2488,71,70,18,17,23,13262.4,6035.0,7227.4
6293,2488,72,71,17,17,20,8892.9,6120.0,2772.8999999999996
6294,2488,87,86,26,26,35,19329.1892578125,7395.0,11934.1892578125
6295,2488,78,77,15,15,16,8568.0,6630.0,1938.0
6296,2488,72,71,16,15,16,6855.75,6120.0,735.75
6297,2488,70,69,20,19,25,11204.1,5950.0,5254.1
6298,2488,68,67,17,17,23,13385.559375,5780.0,7605.559375000001
6299,2488,80,79,19,19,18,6310.8,6800.0,-489.1999999999998
6300,2488,74,73,15,15,25,16449.9890625,6290.0,10159.9890625
6301,2488,67,66,23,23,33,19049.5125,5695.0,13354.5125
6302,2488,79,78,18,18,25,12508.284375000001,6715.0,5793.284375000001
6303,2488,72,71,17,17,15,5858.55,6120.0,-261.4499999999998
6304,2488,89,88,16,16,19,12518.2125,7565.0,4953.2125
6305,2488,77,76,17,17,16,6123.6,6545.0,-421.39999999999964
6306,2488,63,62,19,18,27,13137.890625,5355.0,7782.890625
6307,2488,71,70,16,16,18,10885.78125,6035.0,4850.78125
6308,2488,74,73,15,15,11,4293.9,6290.0,-1996.1000000000004
6309,2488,73,72,24,23,22,8910.0,6205.0,2705.0
6310,2488,72,71,20,20,27,18330.075,6120.0,12210.075
6311,2488,83,82,19,19,26,17055.675,7055.0,10000.675
6312,2488,75,74,17,16,18,10487.475,6375.0,4112.475
6313,2488,70,69,19,19,30,22630.275,5950.0,16680.275
6314,2488,86,85,19,19,17,7316.1,7310.0,6.100000000000364
6315,2488,66,65,22,22,22,10364.4,5610.0,4754.4
6316,2488,86,85,15,15,11,6280.875,7310.0,-1029.125
6317,2488,78,77,17,16,25,13900.725,6630.0,7270.725
6318,2488,80,79,17,17,14,6128.1,6800.0,-671.8999999999996
6319,2488,70,69,19,19,19,9272.7,5950.0,3322.7000000000007
6320,2488,76,75,11,11,13,9425.7,6460.0,2965.7000000000007
6321,2488,77,76,17,17,23,12375.45,6545.0,5830.450000000001
6322,2488,59,58,20,20,26,14466.037499999999,5015.0,9451.037499999999
6323,2488,65,64,21,21,49,27739.32890625,5525.0,22214.32890625
6324,2488,74,73,13,12,15,6281.1,6290.0,-8.899999999999636
6325,2488,78,77,18,18,26,14055.074999999999,6630.0,7425.074999999999
6326,2488,69,68,21,21,15,4299.3,5865.0,-1565.6999999999998
6327,2488,82,81,12,12,8,2246.3999999999996,6970.0,-4723.6
6328,2488,72,71,12,12,12,5491.8,6120.0,-628.1999999999998
6329,2488,78,77,14,14,21,10437.975,6630.0,3807.9750000000004
6330,2488,76,75,19,19,31,20727.9,6460.0,14267.900000000001
6331,2488,71,70,27,27,40,21340.74375,6035.0,15305.743750000001
6332,2488,65,64,23,23,22,9778.05,5525.0,4253.049999999999
6333,2488,79,78,16,16,20,11555.55,6715.0,4840.549999999999
6334,2488,77,76,17,17,19,11264.4,6545.0,4719.4
6335,2488,70,69,18,17,16,8866.349999999999,5950.0,2916.3499999999985
6336,2488,93,92,17,17,20,12075.75,7905.0,4170.75
6337,2488,76,75,14,14,17,6981.75,6460.0,521.75
6338,2488,77,76,22,22,11,3391.2,6545.0,-3153.8
6339,2488,87,86,15,15,13,4227.3,7395.0,-3167.7
6340,2488,77,76,20,20,26,13313.25,6545.0,6768.25
6341,2488,75,74,17,17,22,12087.225,6375.0,5712.225
6342,2488,81,80,18,18,17,7252.2,6885.0,367.1999999999998
6343,2488,80,79,22,22,28,14047.199999999999,6800.0,7247.199999999999
6344,2488,72,71,14,14,23,15653.5875,6120.0,9533.5875
6345,2488,70,69,14,14,18,7434.0,5950.0,1484.0
6346,2488,81,80,12,12,22,11640.853125,6885.0,4755.853125
6347,2488,75,74,17,17,19,10890.0,6375.0,4515.0
6348,2488,67,66,18,18,12,5442.3,5695.0,-252.69999999999982
6349,2488,75,74,14,14,18,9892.125,6375.0,3517.125
6350,2488,78,77,19,19,19,8200.125,6630.0,1570.125
6351,2488,78,77,21,21,24,11972.25,6630.0,5342.25
6352,2488,74,73,18,18,22,13056.3,6290.0,6766.299999999999
6353,2488,71,70,17,17,14,6581.475,6035.0,546.4750000000004
6354,2488,67,66,20,20,17,7894.8,5695.0,2199.8
6355,2488,78,77,19,19,22,10928.7,6630.0,4298.700000000001
6356,2488,74,73,19,19,18,8470.8,6290.0,2180.7999999999993
6357,2488,78,77,19,19,15,8364.599999999999,6630.0,1734.5999999999985
6358,2488,73,72,21,21,27,13972.724999999999,6205.0,7767.7249999999985
6359,2488,65,64,18,18,23,17295.8625,5525.0,11770.8625
6360,2488,72,71,18,17,17,9050.85,6120.0,2930.8500000000004
6361,2488,77,76,20,20,26,12221.55,6545.0,5676.549999999999
6362,2488,90,89,17,17,17,7377.300000000001,7650.0,-272.6999999999989
6363,2488,70,69,22,22,24,10885.95,5950.0,4935.950000000001
6364,2488,75,74,23,23,29,15909.75,6375.0,9534.75
6365,2488,76,75,16,15,10,4379.4,6460.0,-2080.6000000000004
6366,2488,78,77,17,17,25,13639.275000000001,6630.0,7009.2750000000015
6367,2488,85,84,22,22,19,9034.2,7225.0,1809.2000000000007
6368,2488,83,82,18,18,18,8174.925,7055.0,1119.9250000000002
6369,2488,76,75,19,18,23,15489.675000000001,6460.0,9029.675000000001
6370,2488,76,75,24,24,22,12212.1,6460.0,5752.1
6371,2488,76,75,18,17,12,6003.9,6460.0,-456.10000000000036
6372,2488,79,78,18,17,23,13119.3,6715.0,6404.299999999999
6373,2488,74,73,18,18,22,12071.7,6290.0,5781.700000000001
6374,2488,76,75,15,15,12,3233.6999999999994,6460.0,-3226.3000000000006
6375,2488,91,90,19,19,10,3051.9,7735.0,-4683.1
6376,2488,69,68,22,22,12,3693.6,5865.0,-2171.4
6377,2488,73,72,19,19,27,14428.627734375,6205.0,8223.627734375
6378,2488,79,78,18,18,18,8874.9,6715.0,2159.8999999999996
6379,2488,71,70,17,17,17,7844.85,6035.0,1809.8500000000004
6380,2488,73,72,18,18,34,17965.35,6205.0,11760.349999999999
6381,2488,72,71,17,17,31,22059.1125,6120.0,15939.1125
6382,2488,79,78,16,16,12,3649.5,6715.0,-3065.5
6383,2488,82,81,17,17,25,14467.6125,6970.0,7497.612499999999
6384,2488,73,72,16,16,18,10375.65,6205.0,4170.65
6385,2488,78,77,21,21,22,9849.375,6630.0,3219.375
6386,2488,85,84,16,16,13,6588.0,7225.0,-637.0
6387,2488,77,76,18,18,21,13280.625,6545.0,6735.625
6388,2488,77,76,15,15,21,8957.953125,6545.0,2412.953125
6389,2488,83,82,15,15,17,7358.85,7055.0,303.85000000000036
6390,2488,71,70,25,25,50,31359.951562500002,6035.0,25324.951562500002
6391,2488,77,76,11,11,18,8810.325,6545.0,2265.3250000000007
6392,2488,78,77,13,13,14,6653.7,6630.0,23.699999999999818
6393,2488,71,70,20,20,19,8400.825,6035.0,2365.8250000000007
6394,2488,86,85,18,18,14,6840.0,7310.0,-470.0
6395,2488,72,71,20,20,24,12596.4,6120.0,6476.4
6396,2488,64,63,21,20,29,15308.184375,5440.0,9868.184375
6397,2488,78,77,24,23,24,11795.4,6630.0,5165.4
6398,2488,68,67,21,21,28,16474.5,5780.0,10694.5
6399,2488,73,72,17,17,24,13449.09375,6205.0,7244.09375
6400,2488,75,74,18,18,24,13611.2625,6375.0,7236.262500000001
6401,2488,83,82,16,16,15,7056.9,7055.0,1.8999999999996362
6402,2488,74,73,18,18,17,6497.775,6290.0,207.77499999999964
6403,2488,76,75,11,11,17,8597.7,6460.0,2137.7000000000007
6404,2488,73,72,12,12,18,9222.975,6205.0,3017.9750000000004
6405,2488,79,78,19,19,20,8368.65,6715.0,1653.6499999999996
6406,2488,72,71,17,17,17,8612.1,6120.0,2492.1000000000004
6407,2488,72,71,24,24,19,9485.55,6120.0,3365.5499999999993
6408,2488,65,64,14,14,24,14686.425,5525.0,9161.425
6409,2488,79,78,13,13,22,14324.048437499998,6715.0,7609.048437499998
6410,2488,71,70,20,20,19,8200.912499999999,6035.0,2165.9124999999985
6411,2488,75,74,22,21,25,15138.16875,6375.0,8763.16875
6412,2488,71,70,25,24,20,10130.85,6035.0,4095.8500000000004
6413,2488,75,74,20,20,35,21075.384375,6375.0,14700.384375000001
6414,2488,73,72,18,17,21,11775.375,6205.0,5570.375
6415,2488,79,78,21,20,26,15905.25,6715.0,9190.25
6416,2488,78,77,23,23,25,10027.8,6630.0,3397.7999999999993
6417,2488,80,79,24,24,24,14887.125,6800.0,8087.125
6418,2488,80,79,16,16,17,10061.775,6800.0,3261.7749999999996
6419,2488,81,80,23,22,28,16838.55,6885.0,9953.55
6420,2488,78,77,23,23,28,13687.650000000001,6630.0,7057.6500000000015
6421,2488,79,78,24,24,24,10340.1,6715.0,3625.1000000000004
6422,2488,74,73,18,18,25,16222.05,6290.0,9932.05
6423,2488,77,76,19,19,35,24235.3546875,6545.0,17690.3546875
6424,2488,74,73,25,25,19,7917.974999999999,6290.0,1627.9749999999995
6425,2488,80,79,16,16,13,7807.5,6800.0,1007.5
6426,2488,78,77,15,15,18,8423.55,6630.0,1793.5499999999993
6427,2488,80,79,20,20,13,5274.9,6800.0,-1525.1000000000004
6428,2488,70,69,16,15,14,7852.05,5950.0,1902.0500000000002
6429,2488,79,78,19,18,13,6014.25,6715.0,-700.75
6430,2488,75,74,15,15,19,10982.165625000001,6375.0,4607.1656250000015
6431,2488,79,78,21,21,21,11767.5,6715.0,5052.5
6432,2488,71,70,22,22,18,8131.500000000001,6035.0,2096.500000000001
6433,2488,74,73,21,21,15,7747.2,6290.0,1457.1999999999998
6434,2488,65,64,15,15,25,16875.225,5525.0,11350.224999999999
6435,2488,80,79,18,18,14,5741.1,6800.0,-1058.8999999999996
6436,2488,73,72,18,17,26,16739.83125,6205.0,10534.83125
6437,2488,71,70,20,20,23,13263.58125,6035.0,7228.581249999999
6438,2488,84,83,12,12,12,5730.3,7140.0,-1409.6999999999998
6439,2488,84,83,17,16,13,5332.5,7140.0,-1807.5
6440,2488,79,78,17,17,14,6913.799999999999,6715.0,198.79999999999927
6441,2488,90,89,13,13,19,11010.15,7650.0,3360.1499999999996
6442,2488,67,66,18,18,21,11681.04375,5695.0,5986.043750000001
6443,2488,89,88,14,14,12,4887.9,7565.0,-2677.1000000000004
6444,2488,81,80,14,14,19,10232.1,6885.0,3347.1000000000004
6445,2488,65,64,20,20,30,16356.15,5525.0,10831.15
6446,2488,76,75,11,11,6,4011.3,6460.0,-2448.7
6447,2488,75,74,20,20,19,9134.55,6375.0,2759.5499999999993
6448,2488,77,76,16,16,10,3862.8,6545.0,-2682.2
6449,2488,78,77,21,21,21,11260.35,6630.0,4630.35
6450,2488,81,80,22,22,25,13408.650000000001,6885.0,6523.6500000000015
6451,2488,79,78,17,17,17,6959.25,6715.0,244.25
6452,2488,80,79,21,21,18,8754.75,6800.0,1954.75
6453,2488,77,76,19,19,22,12231.45,6545.0,5686.450000000001
6454,2488,78,77,17,17,25,16041.553417968753,6630.0,9411.553417968753
6455,2488,82,81,18,18,18,8279.099999999999,6970.0,1309.0999999999985
6456,2488,78,77,10,10,10,4182.975,6630.0,-2447.0249999999996
6457,2488,71,70,13,13,12,6634.4625,6035.0,599.4624999999996
6458,2488,75,74,25,25,31,17277.51708984375,6375.0,10902.51708984375
6459,2488,70,69,22,22,21,12736.0125,5950.0,6786.012500000001
6460,2488,72,71,18,17,20,9180.534375,6120.0,3060.5343749999993
6461,2488,79,78,14,14,14,6139.8,6715.0,-575.1999999999998
6462,2488,78,77,18,18,34,20739.9375,6630.0,14109.9375
6463,2488,70,69,13,13,14,6687.9,5950.0,737.8999999999996
6464,2488,87,86,19,19,15,6716.7,7395.0,-678.3000000000002
6465,2488,77,76,18,18,12,3929.4,6545.0,-2615.6
6466,2488,71,70,15,15,15,6633.9,6035.0,598.8999999999996
6467,2488,78,77,12,12,21,9727.875,6630.0,3097.875
6468,2488,70,69,14,14,17,7368.989062500001,5950.0,1418.9890625000007
6469,2488,76,75,20,20,23,11897.493749999998,6460.0,5437.493749999998
6470,2488,79,78,15,15,19,10270.8,6715.0,3555.7999999999993
6471,2488,71,70,26,26,27,18338.4,6035.0,12303.400000000001
6472,2488,70,69,19,19,33,20330.64140625,5950.0,14380.64140625
6473,2488,83,82,16,16,16,7940.250000000001,7055.0,885.2500000000009
6474,2488,86,85,21,21,18,7709.4,7310.0,399.39999999999964
6475,2488,68,67,25,24,27,13219.425,5780.0,7439.424999999999
6476,2488,80,79,20,20,26,12399.806250000001,6800.0,5599.8062500000015
6477,2488,67,66,18,18,27,15132.501562500001,5695.0,9437.501562500001
6478,2488,78,77,21,21,23,10275.75,6630.0,3645.75
6479,2488,80,79,21,21,22,14225.4,6800.0,7425.4
6480,2488,84,83,18,18,20,10798.368750000001,7140.0,3658.3687500000015
6481,2488,74,73,15,15,23,12572.775000000001,6290.0,6282.7750000000015
6482,2488,69,68,21,21,27,12420.45,5865.0,6555.450000000001
6483,2488,81,80,16,15,23,17482.9921875,6885.0,10597.9921875
6484,2488,72,71,18,18,22,11217.0375,6120.0,5097.0375
6485,2488,81,80,20,20,22,9491.175,6885.0,2606.1749999999993
6486,2488,79,78,15,15,14,6651.9,6715.0,-63.100000000000364
6487,2488,57,56,22,22,32,19881.0,4845.0,15036.0
6488,2488,88,87,12,12,15,8858.7,7480.0,1378.7000000000007
6489,2488,74,73,16,16,14,7206.3,6290.0,916.3000000000002
6490,2488,74,73,21,21,19,9817.2,6290.0,3527.2000000000007
6491,2488,82,81,19,18,15,5758.2,6970.0,-1211.8000000000002
6492,2488,78,77,24,24,21,9833.400000000001,6630.0,3203.4000000000015
6493,2488,70,69,20,20,30,19037.8125,5950.0,13087.8125
6494,2488,80,79,20,20,20,9833.653125,6800.0,3033.6531250000007
6495,2488,75,74,18,18,24,13779.45,6375.0,7404.450000000001
6496,2488,69,68,17,17,20,10209.6,5865.0,4344.6
6497,2488,74,73,24,24,26,14059.63125,6290.0,7769.63125
6498,2488,80,79,12,12,12,4711.5,6800.0,-2088.5
6499,2488,83,82,15,15,10,6435.0,7055.0,-620.0
6500,2488,78,77,17,17,21,10842.75,6630.0,4212.75
6501,2488,76,75,20,19,16,7407.45,6460.0,947.4499999999998
6502,2488,87,86,15,15,15,5950.799999999999,7395.0,-1444.2000000000007
6503,2488,73,72,19,19,25,14540.85,6205.0,8335.85
6504,2488,76,75,21,21,17,7284.0375,6460.0,824.0375000000004
6505,2488,76,75,20,20,18,6772.049999999999,6460.0,312.0499999999993
6506,2488,85,84,17,17,15,6376.95,7225.0,-848.0500000000002
6507,2488,77,76,18,18,26,14049.45,6545.0,7504.450000000001
6508,2488,63,62,24,24,39,26705.475,5355.0,21350.475
6509,2488,85,84,17,17,22,15288.454687500001,7225.0,8063.4546875000015
6510,2488,75,74,16,16,12,7259.4,6375.0,884.3999999999996
6511,2488,74,73,18,18,16,6145.2,6290.0,-144.80000000000018
6512,2488,75,74,19,19,24,12023.550000000001,6375.0,5648.550000000001
6513,2488,69,68,17,17,15,7311.6,5865.0,1446.6000000000004
6514,2488,71,70,12,12,21,14428.35,6035.0,8393.35
6515,2488,85,84,17,17,19,10703.7,7225.0,3478.7000000000007
6516,2488,66,65,17,17,18,10395.0,5610.0,4785.0
6517,2488,71,70,15,15,13,5834.700000000001,6035.0,-200.29999999999927
6518,2488,82,81,22,22,25,11012.625,6970.0,4042.625
6519,2488,75,74,23,23,31,21040.65,6375.0,14665.650000000001
6520,2488,74,73,16,16,20,9826.537499999999,6290.0,3536.5374999999985
6521,2488,72,71,17,17,25,13042.125,6120.0,6922.125
6522,2488,83,82,15,15,18,9344.692968750001,7055.0,2289.6929687500015
6523,2488,83,82,17,17,17,8118.9,7055.0,1063.8999999999996
6524,2488,87,86,14,14,15,5507.1,7395.0,-1887.8999999999996
6525,2488,81,80,16,16,17,8339.175,6885.0,1454.1749999999993
6526,2488,79,78,16,16,18,11353.050000000001,6715.0,4638.050000000001
6527,2488,77,76,16,16,8,3487.5,6545.0,-3057.5
6528,2488,74,73,20,20,27,17421.91875,6290.0,11131.91875
6529,2488,76,75,19,19,21,12038.4,6460.0,5578.4
6530,2488,75,74,19,19,14,8101.799999999999,6375.0,1726.7999999999993
6531,2488,76,75,20,20,14,7300.35,6460.0,840.3500000000004
6532,2488,72,71,20,20,18,9428.85,6120.0,3308.8500000000004
6533,2488,76,75,12,12,7,4724.1,6460.0,-1735.8999999999996
6534,2488,77,76,19,19,12,4745.7,6545.0,-1799.3000000000002
6535,2488,77,76,19,19,19,10621.6875,6545.0,4076.6875
6536,2488,77,76,15,15,24,12420.126562500001,6545.0,5875.1265625000015
6537,2488,60,59,25,25,36,22339.125,5100.0,17239.125
6538,2488,71,70,16,16,25,17640.5625,6035.0,11605.5625
6539,2488,82,81,19,19,21,11714.4,6970.0,4744.4
6540,2488,71,70,17,17,25,13535.532421875,6035.0,7500.532421874999
6541,2488,81,80,16,16,16,7851.6,6885.0,966.6000000000004
6542,2488,79,78,12,12,14,9301.5,6715.0,2586.5
6543,2488,70,69,18,18,13,6698.475,5950.0,748.4750000000004
6544,2488,67,66,19,19,24,10208.025,5695.0,4513.025
6545,2488,77,76,24,23,26,15756.3,6545.0,9211.3
6546,2488,86,85,25,25,23,10183.95,7310.0,2873.9500000000007
6547,2488,72,71,21,20,23,13139.71875,6120.0,7019.71875
6548,2488,79,78,20,20,11,4284.0,6715.0,-2431.0
6549,2488,73,72,26,26,31,16989.75,6205.0,10784.75
6550,2488,70,69,20,19,19,10381.05,5950.0,4431.049999999999
6551,2488,83,82,21,21,19,9598.5,7055.0,2543.5
6552,2488,86,85,21,21,19,8995.725,7310.0,1685.7250000000004
6553,2488,79,78,22,22,24,11686.40859375,6715.0,4971.40859375
6554,2488,84,83,23,23,22,8902.35,7140.0,1762.3500000000004
6555,2488,84,83,17,17,19,9009.0,7140.0,1869.0
6556,2488,69,68,19,19,23,14501.8125,5865.0,8636.8125
6557,2488,83,82,18,18,19,9546.975,7055.0,2491.9750000000004
6558,2488,83,82,16,16,14,4977.0,7055.0,-2078.0
6559,2488,77,76,16,16,11,4230.9,6545.0,-2314.1000000000004
6560,2488,76,75,19,19,21,9287.1,6460.0,2827.1000000000004
6561,2488,76,75,19,19,23,15149.9109375,6460.0,8689.9109375
6562,2488,83,82,23,23,15,4983.3,7055.0,-2071.7
6563,2488,81,80,10,10,13,7160.4,6885.0,275.39999999999964
6564,2488,72,71,19,19,27,14650.734375,6120.0,8530.734375
6565,2488,66,65,23,22,29,14274.45,5610.0,8664.45
6566,2488,81,80,20,20,19,8762.79375,6885.0,1877.7937500000007
6567,2488,72,71,21,21,38,22666.19853515625,6120.0,16546.19853515625
6568,2488,77,76,12,12,8,3432.3750000000005,6545.0,-3112.6249999999995
6569,2488,71,70,21,21,12,7023.6,6035.0,988.6000000000004
6570,2488,87,86,15,15,15,7635.6,7395.0,240.60000000000036
6571,2488,83,82,18,18,22,10163.7,7055.0,3108.7000000000007
6572,2488,76,75,14,14,14,6749.099999999999,6460.0,289.09999999999945
6573,2488,84,83,17,17,22,13885.650000000001,7140.0,6745.6500000000015
6574,2488,78,77,13,13,13,4993.200000000001,6630.0,-1636.7999999999993
6575,2488,72,71,20,20,16,7110.0,6120.0,990.0
6576,2488,74,73,18,18,21,10374.525000000001,6290.0,4084.5250000000015
6577,2488,78,77,17,17,16,6941.7,6630.0,311.6999999999998
6578,2488,71,70,26,26,24,9586.8,6035.0,3551.7999999999993
6579,2488,80,79,12,12,18,11830.10625,6800.0,5030.106250000001
6580,2488,74,73,19,19,16,8054.55,6290.0,1764.5500000000002
6581,2488,75,74,17,17,14,5634.9,6375.0,-740.1000000000004
6582,2488,76,75,15,15,22,11191.696875,6460.0,4731.696875
6583,2488,91,90,22,21,16,7928.662499999999,7735.0,193.66249999999945
6584,2488,79,78,18,17,23,11603.4890625,6715.0,4888.489062500001
6585,2488,74,73,20,20,22,9795.712500000001,6290.0,3505.7125000000015
6586,2488,78,77,23,22,22,8666.55,6630.0,2036.5499999999993
6587,2488,81,80,18,18,28,13283.1,6885.0,6398.1
6588,2488,71,70,18,18,24,12721.5,6035.0,6686.5
6589,2488,88,87,13,13,10,3398.625,7480.0,-4081.375
6590,2488,75,74,22,22,27,15874.5375,6375.0,9499.5375
6591,2488,92,91,16,16,21,11789.6625,7820.0,3969.6625000000004
6592,2488,76,75,15,15,19,10609.0875,6460.0,4149.0875
6593,2488,79,78,20,19,26,12737.587500000001,6715.0,6022.5875000000015
6594,2488,89,88,18,18,17,7255.996875,7565.0,-309.0031250000002
6595,2488,75,74,12,12,8,3355.2,6375.0,-3019.8
6596,2488,70,69,16,16,19,10082.475,5950.0,4132.475
6597,2488,73,72,19,19,27,12420.9,6205.0,6215.9
6598,2488,79,78,21,21,19,8664.3,6715.0,1949.2999999999993
6599,2488,79,78,20,20,18,9564.3,6715.0,2849.2999999999993
6600,2488,83,82,17,17,21,9769.050000000001,7055.0,2714.050000000001
6601,2488,80,79,18,18,23,10420.65,6800.0,3620.6499999999996
6602,2488,73,72,18,18,17,6510.6,6205.0,305.60000000000036
6603,2488,84,83,15,15,15,8453.7,7140.0,1313.7000000000007
6604,2488,69,68,25,24,33,20396.1375,5865.0,14531.1375
6605,2488,86,85,15,15,19,10230.975,7310.0,2920.9750000000004
6606,2488,75,74,20,20,15,5793.299999999999,6375.0,-581.7000000000007
6607,2488,85,84,23,23,16,6733.35,7225.0,-491.64999999999964
6608,2488,69,68,21,21,25,16053.13125,5865.0,10188.13125
6609,2488,77,76,14,14,22,14975.082421875,6545.0,8430.082421875
6610,2488,74,73,23,22,16,6486.3,6290.0,196.30000000000018
6611,2488,75,74,19,19,14,4392.450000000001,6375.0,-1982.5499999999993
6612,2488,63,62,20,19,17,8099.55,5355.0,2744.55
6613,2488,78,77,20,20,19,10235.25,6630.0,3605.25
6614,2488,81,80,17,17,20,7401.825000000001,6885.0,516.8250000000007
6615,2488,88,87,21,20,33,20533.725,7480.0,13053.724999999999
6616,2488,81,80,20,20,25,12374.2125,6885.0,5489.2125
6617,2488,99,98,17,17,22,9591.75,8415.0,1176.75
6618,2488,79,78,18,18,20,9191.25,6715.0,2476.25
6619,2488,71,70,11,11,15,10235.25,6035.0,4200.25
6620,2488,75,74,17,17,20,9619.7625,6375.0,3244.7625000000007
6621,2488,83,82,19,19,15,8215.2,7055.0,1160.2000000000007
6622,2488,71,70,20,20,24,12893.175,6035.0,6858.174999999999
6623,2488,73,72,20,20,28,15409.35,6205.0,9204.35
6624,2488,83,82,22,22,33,18954.0,7055.0,11899.0
6625,2488,72,71,13,13,19,11549.5875,6120.0,5429.5875
6626,2488,64,63,18,18,26,16177.0359375,5440.0,10737.0359375
6627,2488,74,73,15,15,28,18338.45625,6290.0,12048.45625
6628,2488,68,67,20,19,36,21902.203125,5780.0,16122.203125
6629,2488,66,65,20,20,39,24546.6,5610.0,18936.6
6630,2488,78,77,18,18,17,7519.950000000001,6630.0,889.9500000000007
6631,2488,75,74,15,15,20,10772.8875,6375.0,4397.887500000001
6632,2488,70,69,21,21,30,19519.14375,5950.0,13569.14375
6633,2488,82,81,16,16,14,6095.7,6970.0,-874.3000000000002
6634,2488,80,79,20,20,22,12294.675,6800.0,5494.674999999999
6635,2488,77,76,17,17,21,12181.6125,6545.0,5636.612499999999
6636,2488,73,72,23,22,37,19127.165625,6205.0,12922.165625000001
6637,2488,77,76,13,13,18,10211.4,6545.0,3666.3999999999996
6638,2488,70,69,16,16,14,6284.25,5950.0,334.25
6639,2488,71,70,18,18,28,13665.459375,6035.0,7630.459375
6640,2488,69,68,16,15,17,10601.325,5865.0,4736.325000000001
6641,2488,78,77,17,17,19,7854.3,6630.0,1224.3000000000002
6642,2488,82,81,16,15,16,7914.712500000001,6970.0,944.7125000000005
6643,2488,75,74,19,19,20,8818.2,6375.0,2443.2000000000007
6644,2488,82,81,19,18,20,7353.0,6970.0,383.0
6645,2488,75,74,20,20,21,10125.5625,6375.0,3750.5625
6646,2488,73,72,16,16,13,6171.75,6205.0,-33.25
6647,2488,82,81,20,20,20,14326.087500000001,6970.0,7356.0875000000015
6648,2488,76,75,15,15,17,8823.7125,6460.0,2363.7124999999996
6649,2488,77,76,23,23,24,10793.7,6545.0,4248.700000000001
6650,2488,81,80,17,17,14,6625.35,6885.0,-259.64999999999964
6651,2488,84,83,15,15,13,6278.7375,7140.0,-861.2624999999998
6652,2488,79,78,22,22,24,11377.8,6715.0,4662.799999999999
6653,2488,84,83,20,20,22,11731.95,7140.0,4591.950000000001
6654,2488,83,82,19,19,21,12780.675,7055.0,5725.674999999999
6655,2488,73,72,19,18,22,9736.875,6205.0,3531.875
6656,2488,71,70,18,18,19,8036.775000000001,6035.0,2001.7750000000005
6657,2488,75,74,12,12,17,9558.0,6375.0,3183.0
6658,2488,83,82,11,11,15,10389.825,7055.0,3334.8250000000007
6659,2488,68,67,17,17,31,21546.45,5780.0,15766.45
6660,2488,82,81,21,21,23,11670.75,6970.0,4700.75
6661,2488,82,81,20,20,19,9626.850000000002,6970.0,2656.850000000002
6662,2488,73,72,17,17,17,6156.9,6205.0,-48.100000000000364
6663,2488,72,71,16,16,23,13677.4125,6120.0,7557.4125
6664,2488,69,68,20,20,32,22087.9125,5865.0,16222.912499999999
6665,2488,73,72,23,23,38,23534.071875,6205.0,17329.071875
6666,2488,80,79,15,15,15,7746.3,6800.0,946.3000000000002
6667,2488,79,78,24,23,22,11772.9,6715.0,5057.9
6668,2488,81,80,18,18,21,12262.95,6885.0,5377.950000000001
6669,2488,86,85,16,16,11,3866.4,7310.0,-3443.6
6670,2488,81,80,17,16,20,10752.75,6885.0,3867.75
6671,2488,73,72,21,21,13,6752.7,6205.0,547.6999999999998
6672,2488,72,71,17,17,16,8020.8,6120.0,1900.8000000000002
6673,2488,80,79,15,15,21,11200.162499999999,6800.0,4400.1624999999985
6674,2488,80,79,16,16,16,5855.625,6800.0,-944.375
6675,2488,73,72,18,18,22,12809.25,6205.0,6604.25
6676,2488,83,82,17,17,20,11703.15,7055.0,4648.15
6677,2488,83,82,20,20,18,9468.815625,7055.0,2413.8156249999993
6678,2488,76,75,22,22,11,3383.1000000000004,6460.0,-3076.8999999999996
6679,2488,92,91,17,17,19,7775.1,7820.0,-44.899999999999636
6680,2488,73,72,21,20,16,5396.85,6205.0,-808.1499999999996
6681,2488,78,77,18,18,12,4815.450000000001,6630.0,-1814.5499999999993
6682,2488,75,74,24,24,22,11297.25,6375.0,4922.25
6683,2488,75,74,22,22,20,11247.074999999999,6375.0,4872.074999999999
6684,2488,85,84,19,18,24,12591.084375,7225.0,5366.084375
6685,2488,76,75,21,21,18,8389.8,6460.0,1929.7999999999993
6686,2488,79,78,11,11,18,11145.684374999999,6715.0,4430.684374999999
6687,2488,66,65,14,14,12,5292.0,5610.0,-318.0
6688,2488,91,90,16,16,18,11254.95,7735.0,3519.9500000000007
6689,2488,83,82,13,12,15,7278.75,7055.0,223.75
6690,2488,70,69,21,21,21,8216.325,5950.0,2266.3250000000007
6691,2488,78,77,21,20,17,7690.95,6630.0,1060.9499999999998
6692,2488,80,79,17,17,17,9333.0,6800.0,2533.0
6693,2488,61,60,18,18,28,17448.62607421875,5185.0,12263.626074218751
6694,2488,79,78,13,13,14,5527.349999999999,6715.0,-1187.6500000000005
6695,2488,68,67,24,24,20,7095.6,5780.0,1315.6000000000004
6696,2488,64,63,21,21,27,15438.135937500001,5440.0,9998.135937500001
6697,2488,76,75,25,25,15,5730.3,6460.0,-729.6999999999998
6698,2488,76,75,25,25,26,13603.05,6460.0,7143.049999999999
6699,2488,90,89,21,21,22,11256.3,7650.0,3606.2999999999993
6700,2488,82,81,17,16,19,7580.475,6970.0,610.4750000000004
6701,2488,73,72,19,19,21,10568.475,6205.0,4363.475
6702,2488,81,80,17,16,22,11053.35,6885.0,4168.35
6703,2488,81,80,17,17,13,6142.5,6885.0,-742.5
6704,2488,76,75,17,17,13,5730.3,6460.0,-729.6999999999998
6705,2488,92,91,16,16,21,9593.325,7820.0,1773.3250000000007
6706,2488,69,68,15,15,17,8295.3,5865.0,2430.2999999999993
6707,2488,86,85,23,23,35,18634.95,7310.0,11324.95
6708,2488,87,86,15,15,11,4794.3,7395.0,-2600.7
6709,2488,78,77,12,12,14,9382.5,6630.0,2752.5
6710,2488,85,84,17,17,13,7277.625,7225.0,52.625
6711,2488,72,71,16,16,16,6233.7375,6120.0,113.73750000000018
6712,2488,71,70,24,24,38,23409.066796875,6035.0,17374.066796875
6713,2488,71,70,15,15,24,16021.4625,6035.0,9986.4625
6714,2488,79,78,20,20,35,21837.2625,6715.0,15122.2625
6715,2488,74,73,22,22,28,10398.15,6290.0,4108.15
6716,2488,85,84,24,24,14,6896.8125,7225.0,-328.1875
6717,2488,77,76,18,18,20,10852.2,6545.0,4307.200000000001
6718,2488,75,74,23,22,18,8667.0,6375.0,2292.0
6719,2488,79,78,17,17,16,8698.5,6715.0,1983.5
6720,2488,73,72,25,25,27,12693.599999999999,6205.0,6488.5999999999985
6721,2488,70,69,22,21,20,10806.3,5950.0,4856.299999999999
6722,2488,79,78,15,15,18,10781.1,6715.0,4066.1000000000004
6723,2488,66,65,16,16,16,8939.7,5610.0,3329.7000000000007
6724,2488,76,75,15,15,18,10349.1,6460.0,3889.1000000000004
6725,2488,73,72,16,16,14,6840.0,6205.0,635.0
6726,2488,73,72,17,17,21,12262.837500000001,6205.0,6057.8375000000015
6727,2488,71,70,15,15,20,8682.3,6035.0,2647.2999999999993
6728,2488,81,80,20,20,17,9293.849999999999,6885.0,2408.8499999999985
6729,2488,81,80,22,22,21,10919.7,6885.0,4034.7000000000007
6730,2488,69,68,20,19,16,6695.1,5865.0,830.1000000000004
6731,2488,74,73,22,22,25,14388.01875,6290.0,8098.018749999999
6732,2488,83,82,14,14,16,8281.996875,7055.0,1226.9968750000007
6733,2488,84,83,20,20,19,5818.95,7140.0,-1321.0500000000002
6734,2488,80,79,17,16,25,16546.94296875,6800.0,9746.942968750001
6735,2488,90,89,12,12,5,1620.0,7650.0,-6030.0
6736,2488,72,71,20,20,16,7182.61875,6120.0,1062.6187499999996
6737,2488,66,65,15,14,38,25390.41328125,5610.0,19780.41328125
6738,2488,77,76,18,18,22,12332.925,6545.0,5787.924999999999
6739,2488,70,69,21,21,35,19354.050000000003,5950.0,13404.050000000003
6740,2488,74,73,19,19,22,11861.099999999999,6290.0,5571.0999999999985
6741,2488,77,76,23,23,22,13834.9125,6545.0,7289.9125
6742,2488,94,93,20,19,24,15129.0,7990.0,7139.0
6743,2488,79,78,22,22,27,15085.715625,6715.0,8370.715625
6744,2488,77,76,22,22,29,17478.45,6545.0,10933.45
6745,2488,77,76,18,18,24,14502.9375,6545.0,7957.9375
6746,2488,73,72,20,20,21,10232.55,6205.0,4027.5499999999993
6747,2488,73,72,22,22,23,13826.19375,6205.0,7621.19375
6748,2488,77,76,17,17,33,18498.15,6545.0,11953.150000000001
6749,2488,84,83,17,16,19,11712.9375,7140.0,4572.9375
6750,2488,79,78,13,13,26,15622.959374999999,6715.0,8907.959374999999
6751,2488,75,74,22,22,28,16142.850000000002,6375.0,9767.850000000002
6752,2488,85,84,22,22,32,16744.05,7225.0,9519.05
6753,2488,82,81,16,16,16,8165.025,6970.0,1195.0249999999996
6754,2488,86,85,16,15,12,3915.0,7310.0,-3395.0
6755,2488,82,81,16,16,14,8109.787499999999,6970.0,1139.7874999999995
6756,2488,81,80,16,16,22,10400.400000000001,6885.0,3515.4000000000015
6757,2488,72,71,22,22,18,9311.849999999999,6120.0,3191.8499999999985
6758,2488,79,78,17,17,11,4471.650000000001,6715.0,-2243.3499999999995
6759,2488,78,77,15,15,29,16177.151953125,6630.0,9547.151953125
6760,2488,84,83,16,16,15,6918.525000000001,7140.0,-221.47499999999945
6761,2488,85,84,15,15,20,10298.7,7225.0,3073.7000000000007
6762,2488,73,72,18,18,24,12611.925,6205.0,6406.924999999999
6763,2488,72,71,19,19,29,20147.625,6120.0,14027.625
6764,2488,81,80,16,15,23,16077.375,6885.0,9192.375
6765,2488,79,78,17,17,26,15373.349999999999,6715.0,8658.349999999999
6766,2488,66,65,19,18,24,17057.7,5610.0,11447.7
6767,2488,68,67,22,21,29,16228.575,5780.0,10448.575
6768,2488,68,67,16,15,13,5490.0,5780.0,-290.0
6769,2488,85,84,18,18,23,11275.875,7225.0,4050.875
6770,2488,76,75,18,18,21,9863.550000000001,6460.0,3403.550000000001
6771,2488,74,73,13,13,6,4536.0,6290.0,-1754.0
6772,2488,77,76,19,19,22,12845.25,6545.0,6300.25
6773,2488,74,73,22,21,25,8982.45,6290.0,2692.4500000000007
6774,2488,80,79,14,14,15,7363.35,6800.0,563.3500000000004
6775,2488,79,78,22,22,25,12975.75,6715.0,6260.75
6776,2488,80,79,17,17,21,11926.574999999999,6800.0,5126.574999999999
6777,2488,79,78,18,18,24,10902.825,6715.0,4187.825000000001
6778,2488,81,80,17,16,39,22975.199999999997,6885.0,16090.199999999997
6779,2488,83,82,17,17,18,7017.299999999999,7055.0,-37.70000000000073
6780,2488,67,66,16,16,22,11794.893750000001,5695.0,6099.893750000001
6781,2488,73,72,13,13,10,3302.55,6205.0,-2902.45
6782,2488,73,72,15,15,23,13661.55,6205.0,7456.549999999999
6783,2488,78,77,19,19,16,6978.6,6630.0,348.60000000000036
6784,2488,71,70,23,22,18,8605.8,6035.0,2570.7999999999993
6785,2488,75,74,16,16,20,9417.0375,6375.0,3042.0375000000004
6786,2488,79,78,21,21,21,11012.4,6715.0,4297.4
6787,2488,72,71,17,17,19,7839.224999999999,6120.0,1719.2249999999995
6788,2488,76,75,18,18,23,11447.1703125,6460.0,4987.1703125
6789,2488,78,77,16,15,23,11580.075,6630.0,4950.075000000001
6790,2488,74,73,25,25,23,11173.275000000001,6290.0,4883.2750000000015
6791,2488,82,81,22,22,29,16867.575,6970.0,9897.575
6792,2488,66,65,18,17,18,10470.76875,5610.0,4860.768749999999
6793,2488,97,96,11,11,11,4445.775,8245.0,-3799.2250000000004
6794,2488,79,78,14,14,21,11332.0125,6715.0,4617.012500000001
6795,2488,80,79,23,23,23,13082.062500000002,6800.0,6282.062500000002
6796,2488,76,75,20,20,24,12383.71875,6460.0,5923.71875
6797,2488,74,73,18,17,21,10194.75,6290.0,3904.75
6798,2488,88,87,22,22,30,17211.9375,7480.0,9731.9375
6799,2488,75,74,20,19,16,9504.0,6375.0,3129.0
6800,2488,90,89,16,16,18,9750.6,7650.0,2100.6000000000004
6801,2488,73,72,17,17,29,14758.5375,6205.0,8553.5375
6802,2488,78,77,16,16,23,13662.140625,6630.0,7032.140625
6803,2488,65,64,20,20,16,6018.75,5525.0,493.75
6804,2488,72,71,20,20,19,9145.8,6120.0,3025.7999999999993
6805,2488,80,79,12,12,10,4249.35,6800.0,-2550.6499999999996
6806,2488,77,76,20,20,19,7605.45,6545.0,1060.4499999999998
6807,2488,67,66,21,21,20,10003.275000000001,5695.0,4308.2750000000015
6808,2488,78,77,19,19,23,12114.9,6630.0,5484.9
6809,2488,77,76,19,19,17,6898.05,6545.0,353.0500000000002
6810,2488,84,83,18,18,13,6075.9,7140.0,-1064.1000000000004
6811,2488,78,77,17,17,27,15891.3,6630.0,9261.3
6812,2488,70,69,17,16,24,14740.11826171875,5950.0,8790.11826171875
6813,2488,85,84,19,18,17,7842.15,7225.0,617.1499999999996
6814,2488,79,78,14,14,18,11325.058593749998,6715.0,4610.058593749998
6815,2488,76,75,12,11,21,11658.88125,6460.0,5198.88125
6816,2488,81,80,27,27,18,6487.2,6885.0,-397.8000000000002
6817,2488,84,83,19,19,20,11070.84375,7140.0,3930.84375
6818,2488,77,76,17,17,16,7759.8,6545.0,1214.8000000000002
6819,2488,75,74,19,19,16,7315.424999999999,6375.0,940.4249999999993
6820,2488,82,81,14,14,17,10613.86875,6970.0,3643.8687499999996
6821,2488,77,76,17,17,10,4015.8,6545.0,-2529.2
6822,2488,78,77,20,20,18,8127.9,6630.0,1497.8999999999996
6823,2488,79,78,27,27,28,14910.75,6715.0,8195.75
6824,2488,76,75,21,21,12,4207.5,6460.0,-2252.5
6825,2488,79,78,18,18,17,10264.837500000001,6715.0,3549.8375000000015
6826,2488,76,75,16,16,20,9946.8,6460.0,3486.7999999999993
6827,2488,85,84,21,21,31,14799.599999999999,7225.0,7574.5999999999985
6828,2488,78,77,18,17,21,11612.25,6630.0,4982.25
6829,2488,84,83,12,12,10,3780.0,7140.0,-3360.0
6830,2488,80,79,18,18,14,5536.8,6800.0,-1263.1999999999998
6831,2488,78,77,17,17,17,7082.1,6630.0,452.10000000000036
6832,2488,73,72,21,21,20,10908.45,6205.0,4703.450000000001
6833,2488,71,70,13,13,16,11192.5125,6035.0,5157.512500000001
6834,2488,78,77,19,19,28,14696.775,6630.0,8066.775
6835,2488,76,75,18,18,18,8937.5625,6460.0,2477.5625
6836,2488,64,63,20,20,21,9167.400000000001,5440.0,3727.4000000000015
6837,2488,83,82,15,15,13,6468.075,7055.0,-586.9250000000002
6838,2488,72,71,19,19,17,8453.025,6120.0,2333.0249999999996
6839,2488,88,87,16,16,14,5021.55,7480.0,-2458.45
6840,2488,82,81,18,18,9,3436.8749999999995,6970.0,-3533.1250000000005
6841,2488,69,68,19,19,19,10381.33125,5865.0,4516.331249999999
6842,2488,71,70,19,19,18,9690.3,6035.0,3655.2999999999993
6843,2488,80,79,16,16,15,5635.8,6800.0,-1164.1999999999998
6844,2488,89,88,17,17,12,4206.6,7565.0,-3358.3999999999996
6845,2488,75,74,21,21,26,15761.7,6375.0,9386.7
6846,2488,67,66,16,16,30,20189.5875,5695.0,14494.587500000001
6847,2488,73,72,19,19,17,7998.3,6205.0,1793.3000000000002
6848,2488,81,80,15,15,17,10848.15,6885.0,3963.1499999999996
6849,2488,79,78,18,18,22,12116.025000000001,6715.0,5401.0250000000015
6850,2488,88,87,16,16,13,4117.5,7480.0,-3362.5
6851,2488,79,78,18,18,12,4198.5,6715.0,-2516.5
6852,2488,85,84,15,15,11,5535.3375,7225.0,-1689.6625000000004
6853,2488,77,76,19,19,27,13696.36875,6545.0,7151.36875
6854,2488,71,70,23,23,29,15155.564062500001,6035.0,9120.564062500001
6855,2488,85,84,15,15,23,14426.099999999999,7225.0,7201.0999999999985
6856,2488,59,58,13,12,20,12451.2890625,5015.0,7436.2890625
6857,2488,69,68,19,19,17,7710.3,5865.0,1845.3000000000002
6858,2488,75,74,19,19,26,16327.9125,6375.0,9952.9125
6859,2488,74,73,20,19,17,6685.2,6290.0,395.1999999999998
6860,2488,74,73,14,14,19,9213.974999999999,6290.0,2923.9749999999985
6861,2488,76,75,25,25,33,16398.9,6460.0,9938.900000000001
6862,2488,88,87,16,16,16,6228.7875,7480.0,-1251.2124999999996
6863,2488,74,73,15,15,26,19042.65,6290.0,12752.650000000001
6864,2488,94,93,21,20,18,7740.0,7990.0,-250.0
6865,2488,75,74,17,17,21,12402.45,6375.0,6027.450000000001
6866,2488,84,83,17,17,11,4210.2,7140.0,-2929.8
6867,2488,75,74,19,19,27,16573.8375,6375.0,10198.837500000001
6868,2488,81,80,15,15,10,2567.7,6885.0,-4317.3
6869,2488,76,75,19,19,21,11514.15,6460.0,5054.15
6870,2488,86,85,18,18,20,10328.4,7310.0,3018.3999999999996
6871,2488,83,82,17,17,26,18410.5265625,7055.0,11355.5265625
6872,2488,77,76,15,14,17,11806.059374999999,6545.0,5261.059374999999
6873,2488,68,67,23,22,34,16682.4,5780.0,10902.400000000001
6874,2488,78,77,18,18,17,7138.35,6630.0,508.35000000000036
6875,2488,74,73,17,17,15,7155.0,6290.0,865.0
6876,2488,75,74,17,17,17,8615.025,6375.0,2240.0249999999996
6877,2488,80,79,19,19,25,13269.76875,6800.0,6469.768749999999
6878,2488,76,75,17,17,26,16503.4125,6460.0,10043.412499999999
6879,2488,70,69,22,22,31,17562.543749999997,5950.0,11612.543749999997
6880,2488,80,79,17,17,18,7442.1,6800.0,642.1000000000004
6881,2488,84,83,19,19,19,10104.6375,7140.0,2964.6375000000007
6882,2488,78,77,26,26,30,15810.975,6630.0,9180.975
6883,2488,79,78,18,17,24,12755.025000000001,6715.0,6040.0250000000015
6884,2488,77,76,22,21,24,14632.65,6545.0,8087.65
6885,2488,79,78,12,12,16,9368.325,6715.0,2653.3250000000007
6886,2488,74,73,25,25,27,11632.89375,6290.0,5342.893749999999
6887,2488,72,71,21,21,28,12906.900000000001,6120.0,6786.9000000000015
6888,2488,73,72,17,17,23,10047.6,6205.0,3842.6000000000004
6889,2488,73,72,16,16,24,15089.765625,6205.0,8884.765625
6890,2488,71,70,17,17,22,11375.60625,6035.0,5340.606250000001
6891,2488,72,71,19,19,19,8292.599999999999,6120.0,2172.5999999999985
6892,2488,75,74,21,21,25,12163.3875,6375.0,5788.387500000001
6893,2488,78,77,17,17,25,15332.7515625,6630.0,8702.7515625
6894,2488,67,66,20,19,23,9429.525000000001,5695.0,3734.5250000000015
6895,2488,82,81,18,18,28,15288.525000000001,6970.0,8318.525000000001
6896,2488,74,73,19,19,13,4456.8,6290.0,-1833.1999999999998
6897,2488,77,76,16,16,19,8252.55,6545.0,1707.5499999999993
6898,2488,77,76,24,23,37,21939.36328125,6545.0,15394.36328125
6899,2488,87,86,14,14,27,18222.553125,7395.0,10827.553124999999
6900,2488,88,87,19,19,21,12307.753124999997,7480.0,4827.753124999997
6901,2488,85,84,14,14,16,8703.900000000001,7225.0,1478.9000000000015
6902,2488,82,81,20,20,20,8869.95,6970.0,1899.9500000000007
6903,2488,81,80,16,16,18,8581.050000000001,6885.0,1696.050000000001
6904,2488,88,87,16,16,14,4955.2875,7480.0,-2524.7124999999996
6905,2488,67,66,15,14,15,7353.0,5695.0,1658.0
6906,2488,80,79,16,16,26,14971.790258789062,6800.0,8171.790258789062
6907,2488,74,73,19,19,24,12612.6,6290.0,6322.6
6908,2488,77,76,18,18,17,6099.3,6545.0,-445.6999999999998
6909,2488,75,74,27,27,32,18003.4875,6375.0,11628.4875
6910,2488,85,84,15,15,15,9715.05,7225.0,2490.0499999999993
6911,2488,73,72,19,19,29,15756.35625,6205.0,9551.35625
6912,2488,70,69,22,22,24,14501.25,5950.0,8551.25
6913,2488,68,67,18,17,20,11236.1625,5780.0,5456.1625
6914,2488,86,85,20,20,19,11494.8,7310.0,4184.799999999999
6915,2488,77,76,15,15,22,12570.4125,6545.0,6025.4125
6916,2488,75,74,28,27,22,9778.725,6375.0,3403.7250000000004
6917,2488,69,68,20,20,21,10512.0,5865.0,4647.0
6918,2488,82,81,19,19,14,5790.15,6970.0,-1179.8500000000004
6919,2488,80,79,19,19,21,11690.94375,6800.0,4890.94375
6920,2488,75,74,14,14,19,11143.4625,6375.0,4768.4625
6921,2488,72,71,18,18,17,6455.7,6120.0,335.6999999999998
6922,2488,77,76,19,19,21,11143.8,6545.0,4598.799999999999
6923,2488,70,69,14,14,22,11638.575,5950.0,5688.575000000001
6924,2488,83,82,19,19,25,14339.35546875,7055.0,7284.35546875
6925,2488,78,77,15,14,21,12249.675000000001,6630.0,5619.675000000001
6926,2488,84,83,22,22,25,13735.575,7140.0,6595.575000000001
6927,2488,71,70,18,18,20,12242.025,6035.0,6207.025
6928,2488,82,81,23,23,22,13504.8375,6970.0,6534.8375
6929,2488,83,82,19,19,15,5796.0,7055.0,-1259.0
6930,2488,88,87,12,12,17,10491.215625,7480.0,3011.2156250000007
6931,2488,74,73,18,18,20,9513.45,6290.0,3223.4500000000007
6932,2488,70,69,19,19,16,8308.349999999999,5950.0,2358.3499999999985
6933,2488,64,63,17,16,15,6340.5,5440.0,900.5
6934,2488,71,70,19,19,28,16466.85,6035.0,10431.849999999999
6935,2488,70,69,17,17,30,17719.93125,5950.0,11769.931250000001
6936,2488,69,68,20,19,24,16932.065625000003,5865.0,11067.065625000003
6937,2488,77,76,23,23,24,10381.275000000001,6545.0,3836.2750000000015
6938,2488,83,82,15,15,19,9843.067968750001,7055.0,2788.0679687500015
6939,2488,78,77,19,19,25,13473.590624999999,6630.0,6843.590624999999
6940,2488,79,78,21,21,27,14601.9375,6715.0,7886.9375
6941,2488,84,83,18,17,27,14884.875,7140.0,7744.875
6942,2488,72,71,22,21,25,10271.475,6120.0,4151.475
6943,2488,81,80,24,24,16,7202.700000000001,6885.0,317.7000000000007
6944,2488,78,77,21,21,20,9259.875,6630.0,2629.875
6945,2488,83,82,19,19,19,10216.8,7055.0,3161.7999999999993
6946,2488,75,74,20,20,23,9321.75,6375.0,2946.75
6947,2488,74,73,19,19,23,11616.3,6290.0,5326.299999999999
6948,2488,65,64,18,18,24,11988.9,5525.0,6463.9
6949,2488,73,72,19,19,18,9293.5125,6205.0,3088.5125000000007
6950,2488,85,84,16,15,17,10080.0,7225.0,2855.0
6951,2488,75,74,9,9,16,9749.25,6375.0,3374.25
6952,2488,71,70,20,20,25,11407.5,6035.0,5372.5
6953,2488,80,79,17,16,17,9437.85,6800.0,2637.8500000000004
6954,2488,85,84,17,17,19,9143.325,7225.0,1918.3250000000007
6955,2488,84,83,18,17,22,10634.4,7140.0,3494.3999999999996
6956,2488,77,76,19,19,18,8802.9,6545.0,2257.8999999999996
6957,2488,73,72,22,22,31,14839.425,6205.0,8634.425
6958,2488,74,73,15,14,10,2860.2,6290.0,-3429.8
6959,2488,71,70,21,21,21,9672.75,6035.0,3637.75
6960,2488,81,80,13,13,11,5371.2,6885.0,-1513.8000000000002
6961,2488,75,74,13,13,19,11678.625,6375.0,5303.625
6962,2488,79,78,15,15,17,8020.2375,6715.0,1305.2375000000002
6963,2488,75,74,15,15,16,10314.9,6375.0,3939.8999999999996
6964,2488,84,83,14,14,13,5831.1,7140.0,-1308.8999999999996
6965,2488,73,72,18,18,10,3453.75,6205.0,-2751.25
6966,2488,74,73,18,18,27,17608.050000000003,6290.0,11318.050000000003
6967,2488,78,77,19,19,23,12625.115625,6630.0,5995.115625
6968,2488,77,76,23,22,18,7584.75,6545.0,1039.75
6969,2488,76,75,20,20,13,6969.487500000001,6460.0,509.4875000000011
6970,2488,81,80,13,13,11,6237.9,6885.0,-647.1000000000004
6971,2488,69,68,18,17,23,13201.2,5865.0,7336.200000000001
6972,2488,71,70,18,18,13,5171.4,6035.0,-863.6000000000004
6973,2488,80,79,14,14,29,20440.89140625,6800.0,13640.89140625
6974,2488,75,74,25,25,30,15306.075,6375.0,8931.075
6975,2488,75,74,22,22,22,10404.0,6375.0,4029.0
6976,2488,81,80,17,17,16,4780.35,6885.0,-2104.6499999999996
6977,2488,77,76,20,20,20,10549.8,6545.0,4004.7999999999993
6978,2488,79,78,19,19,14,5849.1,6715.0,-865.8999999999996
6979,2488,80,79,16,16,12,5274.9,6800.0,-1525.1000000000004
6980,2488,75,74,14,14,15,5109.3,6375.0,-1265.6999999999998
6981,2488,74,73,17,17,21,11666.7,6290.0,5376.700000000001
6982,2488,73,72,18,18,10,4213.8,6205.0,-1991.1999999999998
6983,2488,81,80,14,14,18,10338.075,6885.0,3453.0750000000007
6984,2488,77,76,13,13,18,11328.3,6545.0,4783.299999999999
6985,2488,73,72,18,18,12,3592.8,6205.0,-2612.2
6986,2488,73,72,17,17,22,10628.1,6205.0,4423.1
6987,2488,74,73,14,13,17,9179.1,6290.0,2889.1000000000004
6988,2488,67,66,13,13,20,12598.650000000001,5695.0,6903.6500000000015
6989,2488,80,79,18,18,33,18421.6939453125,6800.0,11621.693945312501
6990,2488,77,76,19,19,11,4990.5,6545.0,-1554.5
6991,2488,81,80,19,19,14,6484.500000000001,6885.0,-400.4999999999991
6992,2488,74,73,20,20,17,7965.0,6290.0,1675.0
6993,2488,82,81,16,15,13,7589.7,6970.0,619.6999999999998
6994,2488,80,79,18,18,19,8779.95,6800.0,1979.9500000000007
6995,2488,75,74,19,19,19,9166.95,6375.0,2791.9500000000007
6996,2488,83,82,18,18,13,7051.5,7055.0,-3.5
6997,2488,77,76,24,24,20,7576.200000000001,6545.0,1031.2000000000007
6998,2488,83,82,18,18,18,8534.25,7055.0,1479.25
6999,2488,77,76,18,18,25,15733.18125,6545.0,9188.18125
7000,2488,79,78,21,20,13,6791.85,6715.0,76.85000000000036
7001,2488,71,70,14,14,20,11563.650000000001,6035.0,5528.6500000000015
7002,2488,58,57,22,22,36,20956.78125,4930.0,16026.78125
7003,2488,75,74,16,16,25,13047.975,6375.0,6672.975
7004,2488,84,83,14,14,16,7885.35,7140.0,745.3500000000004
7005,2488,73,72,18,18,27,14323.8375,6205.0,8118.8375
7006,2488,68,67,20,20,19,7979.625,5780.0,2199.625
7007,2488,88,87,15,15,10,4729.5,7480.0,-2750.5
7008,2488,77,76,19,19,42,28846.48359375,6545.0,22301.48359375
7009,2488,75,74,16,16,12,5850.0,6375.0,-525.0
7010,2488,82,81,14,14,15,8324.325,6970.0,1354.3250000000007
7011,2488,65,64,19,19,19,7332.3,5525.0,1807.3000000000002
7012,2488,74,73,20,20,34,25213.1484375,6290.0,18923.1484375
7013,2488,83,82,17,17,20,7567.2,7055.0,512.1999999999998
7014,2488,79,78,18,18,28,18139.5,6715.0,11424.5
7015,2488,69,68,17,17,20,10961.1,5865.0,5096.1
7016,2488,71,70,24,24,23,12554.1,6035.0,6519.1
7017,2488,68,67,16,15,16,6290.1,5780.0,510.10000000000036
7018,2488,88,87,17,17,16,8046.0,7480.0,566.0
7019,2488,67,66,19,19,23,9365.400000000001,5695.0,3670.4000000000015
7020,2488,80,79,24,24,16,6157.8,6800.0,-642.1999999999998
7021,2488,72,71,22,22,24,12039.75,6120.0,5919.75
7022,2488,78,77,18,18,14,5719.5,6630.0,-910.5
7023,2488,81,80,19,18,32,22793.0203125,6885.0,15908.0203125
7024,2488,74,73,16,16,17,9842.400000000001,6290.0,3552.4000000000015
7025,2488,75,74,16,16,16,6345.0,6375.0,-30.0
7026,2488,75,74,19,19,18,7359.3,6375.0,984.3000000000002
7027,2488,72,71,19,18,19,8533.8,6120.0,2413.7999999999993
7028,2488,72,71,20,20,33,21125.8125,6120.0,15005.8125
7029,2488,75,74,17,16,12,5729.4,6375.0,-645.6000000000004
7030,2488,73,72,19,19,29,16341.4125,6205.0,10136.4125
7031,2488,76,75,20,20,24,14874.750000000002,6460.0,8414.750000000002
7032,2488,78,77,16,16,16,7023.6,6630.0,393.60000000000036
7033,2488,75,74,20,20,22,14256.0,6375.0,7881.0
7034,2488,76,75,17,17,24,14923.18125,6460.0,8463.18125
7035,2488,73,72,16,16,15,7941.6,6205.0,1736.6000000000004
7036,2488,83,82,21,21,24,12460.5,7055.0,5405.5
7037,2488,69,68,16,16,24,15877.5046875,5865.0,10012.5046875
7038,2488,74,73,23,23,20,8470.575,6290.0,2180.5750000000007
7039,2488,79,78,23,23,19,9218.025,6715.0,2503.0249999999996
7040,2488,92,91,18,18,17,7721.1,7820.0,-98.89999999999964
7041,2488,84,83,18,18,27,14896.35,7140.0,7756.35
7042,2488,83,82,17,16,17,10201.5,7055.0,3146.5
7043,2488,82,81,22,21,16,7617.374999999999,6970.0,647.3749999999991
7044,2488,61,60,18,18,24,11904.80625,5185.0,6719.80625
7045,2488,68,67,25,24,23,8565.3,5780.0,2785.2999999999993
7046,2488,82,81,18,18,14,5188.05,6970.0,-1781.9499999999998
7047,2488,76,75,16,16,16,11010.6,6460.0,4550.6
7048,2488,77,76,19,19,26,15797.353710937501,6545.0,9252.353710937501
7049,2488,81,80,22,21,24,11025.224999999999,6885.0,4140.2249999999985
7050,2488,75,74,18,18,14,7425.0,6375.0,1050.0
7051,2488,75,74,18,18,23,13562.099999999999,6375.0,7187.0999999999985
7052,2488,88,87,18,17,11,5349.599999999999,7480.0,-2130.4000000000005
7053,2488,73,72,20,20,21,9958.95,6205.0,3753.9500000000007
7054,2488,75,74,21,20,17,7626.6,6375.0,1251.6000000000004
7055,2488,74,73,19,19,16,7863.3,6290.0,1573.3000000000002
7056,2488,78,77,15,15,16,8752.5,6630.0,2122.5
7057,2488,76,75,18,18,23,11801.756249999999,6460.0,5341.7562499999985
7058,2488,73,72,15,14,27,16511.175,6205.0,10306.175
7059,2488,74,73,13,13,24,16194.9375,6290.0,9904.9375
7060,2488,81,80,13,13,15,8262.45,6885.0,1377.4500000000007
7061,2488,86,85,20,20,17,8156.7,7310.0,846.6999999999998
7062,2488,80,79,12,12,11,3815.3250000000003,6800.0,-2984.6749999999997
7063,2488,72,71,22,21,32,17875.63125,6120.0,11755.631249999999
7064,2488,72,71,22,22,24,11489.4,6120.0,5369.4
7065,2488,73,72,19,19,24,13787.1,6205.0,7582.1
7066,2488,78,77,25,25,26,15848.55,6630.0,9218.55
7067,2488,84,83,18,18,26,14492.250000000002,7140.0,7352.250000000002
7068,2488,76,75,18,18,16,8990.1,6460.0,2530.1000000000004
7069,2488,71,70,18,18,29,17221.10625,6035.0,11186.10625
7070,2488,75,74,21,21,23,9176.4,6375.0,2801.3999999999996
7071,2488,77,76,20,20,13,4705.65,6545.0,-1839.3500000000004
7072,2488,80,79,18,18,23,14966.8875,6800.0,8166.887500000001
7073,2488,77,76,20,20,17,8674.2,6545.0,2129.2000000000007
7074,2488,82,81,16,16,15,7545.6,6970.0,575.6000000000004
7075,2488,76,75,19,18,18,7813.575,6460.0,1353.5749999999998
7076,2488,73,72,20,20,25,12865.05,6205.0,6660.049999999999
7077,2488,79,78,17,17,17,7219.8,6715.0,504.8000000000002
7078,2488,87,86,16,16,15,5125.5,7395.0,-2269.5
7079,2488,77,76,21,21,23,14346.900000000001,6545.0,7801.9000000000015
7080,2488,78,77,15,15,11,5983.3125,6630.0,-646.6875
7081,2488,79,78,16,16,23,9464.962499999998,6715.0,2749.962499999998
7082,2488,69,68,17,17,21,10556.1,5865.0,4691.1
7083,2488,75,74,20,20,32,16654.1625,6375.0,10279.162499999999
7084,2488,85,84,20,20,16,6928.65,7225.0,-296.35000000000036
7085,2488,75,74,19,19,15,8293.05,6375.0,1918.0499999999993
7086,2488,75,74,11,11,9,2734.93125,6375.0,-3640.06875
7087,2488,71,70,21,21,29,16877.7,6035.0,10842.7
7088,2488,78,77,16,16,19,9776.7,6630.0,3146.7000000000007
7089,2488,76,75,11,11,19,12730.1625,6460.0,6270.1625
7090,2488,80,79,20,20,13,4462.65,6800.0,-2337.3500000000004
7091,2488,70,69,19,19,28,13837.725,5950.0,7887.725
7092,2488,82,81,26,26,26,10366.650000000001,6970.0,3396.6500000000015
7093,2488,76,75,21,21,25,14937.3,6460.0,8477.3
7094,2488,86,85,15,15,16,7936.2,7310.0,626.1999999999998
7095,2488,90,89,15,15,12,6863.45625,7650.0,-786.5437499999998
7096,2488,81,80,20,20,20,11326.05,6885.0,4441.049999999999
7097,2488,76,75,19,19,25,11484.45,6460.0,5024.450000000001
7098,2488,68,67,17,17,20,11118.88125,5780.0,5338.88125
7099,2488,82,81,20,20,37,24335.868164062496,6970.0,17365.868164062496
7100,2488,78,77,23,23,38,23927.16796875,6630.0,17297.16796875
7101,2488,79,78,22,22,23,12272.2875,6715.0,5557.2875
7102,2488,68,67,18,17,23,9963.45,5780.0,4183.450000000001
7103,2488,69,68,18,18,27,17166.2625,5865.0,11301.2625
7104,2488,76,75,20,19,25,14470.199999999999,6460.0,8010.199999999999
7105,2488,62,61,16,16,19,9512.55,5270.0,4242.549999999999
7106,2488,83,82,16,15,18,8473.95,7055.0,1418.9500000000007
7107,2488,82,81,17,17,18,9686.474999999999,6970.0,2716.4749999999985
7108,2488,82,81,16,16,32,19724.3015625,6970.0,12754.3015625
7109,2488,80,79,18,18,18,9074.25,6800.0,2274.25
7110,2488,82,81,17,17,22,10434.9375,6970.0,3464.9375
7111,2488,74,73,25,24,21,8430.3,6290.0,2140.2999999999993
7112,2488,76,75,12,12,5,1976.4,6460.0,-4483.6
7113,2488,69,68,18,18,19,12582.225,5865.0,6717.225
7114,2488,85,84,17,17,16,8266.55625,7225.0,1041.5562499999996
7115,2488,69,68,17,17,12,3256.2,5865.0,-2608.8
7116,2488,82,81,13,13,16,8222.85,6970.0,1252.8500000000004
7117,2488,73,72,13,13,24,16161.215625,6205.0,9956.215625
7118,2488,81,80,18,18,18,10322.099999999999,6885.0,3437.0999999999985
7119,2488,78,77,23,23,17,4627.8,6630.0,-2002.1999999999998
7120,2488,79,78,15,14,12,4259.7,6715.0,-2455.3
7121,2488,78,77,25,25,22,11487.6,6630.0,4857.6
7122,2488,69,68,18,18,27,14681.98125,5865.0,8816.98125
7123,2488,70,69,14,14,11,6142.5,5950.0,192.5
7124,2488,83,82,16,16,27,18102.375,7055.0,11047.375
7125,2488,70,69,18,18,26,16846.7625,5950.0,10896.7625
7126,2488,81,80,22,22,20,8156.700000000001,6885.0,1271.7000000000007
7127,2488,71,70,20,20,22,9457.2,6035.0,3422.2000000000007
7128,2488,87,86,19,19,28,14548.275000000001,7395.0,7153.2750000000015
7129,2488,77,76,21,21,29,16138.800000000001,6545.0,9593.800000000001
7130,2488,71,70,16,15,20,12770.1,6035.0,6735.1
7131,2488,75,74,20,20,16,8172.9,6375.0,1797.8999999999996
7132,2488,82,81,18,18,29,16302.4875,6970.0,9332.4875
7133,2488,77,76,17,17,15,5017.5,6545.0,-1527.5
7134,2488,83,82,19,19,24,9761.625,7055.0,2706.625
7135,2488,75,74,17,17,17,9229.725,6375.0,2854.7250000000004
7136,2488,72,71,15,15,11,4770.0,6120.0,-1350.0
7137,2488,82,81,10,10,18,10940.85,6970.0,3970.8500000000004
7138,2488,74,73,23,23,26,13759.65,6290.0,7469.65
7139,2488,77,76,16,16,19,10032.3,6545.0,3487.2999999999993
7140,2488,66,65,21,21,33,18749.925,5610.0,13139.925
7141,2488,78,77,25,25,23,10763.325,6630.0,4133.325000000001
7142,2488,76,75,17,17,12,3451.5,6460.0,-3008.5
7143,2488,79,78,19,18,19,8439.3,6715.0,1724.2999999999993
7144,2488,74,73,16,16,17,7833.403125000001,6290.0,1543.4031250000007
7145,2488,88,87,18,18,20,8149.5,7480.0,669.5
7146,2488,72,71,17,17,25,13568.625000000002,6120.0,7448.625000000002
7147,2488,78,77,17,17,27,14643.0,6630.0,8013.0
7148,2488,80,79,20,20,18,8828.2125,6800.0,2028.2124999999996
7149,2488,84,83,20,20,15,8346.599999999999,7140.0,1206.5999999999985
7150,2488,77,76,18,18,33,19663.340625,6545.0,13118.340625
7151,2488,72,71,21,21,19,9452.475,6120.0,3332.4750000000004
7152,2488,66,65,21,20,19,11597.4,5610.0,5987.4
7153,2488,80,79,17,17,15,6599.249999999999,6800.0,-200.7500000000009
7154,2488,72,71,20,20,21,12516.75,6120.0,6396.75
7155,2488,78,77,16,16,16,7701.299999999999,6630.0,1071.2999999999993
7156,2488,73,72,25,25,26,14049.675,6205.0,7844.674999999999
7157,2488,72,71,19,19,21,9292.275,6120.0,3172.2749999999996
7158,2488,92,91,13,13,10,4220.1,7820.0,-3599.8999999999996
7159,2488,74,73,14,14,10,3347.1000000000004,6290.0,-2942.8999999999996
7160,2488,81,80,19,18,11,3271.5,6885.0,-3613.5
7161,2488,78,77,16,16,12,4055.4,6630.0,-2574.6
7162,2488,77,76,14,13,23,16192.4625,6545.0,9647.4625
7163,2488,88,87,15,14,14,5739.3,7480.0,-1740.6999999999998
7164,2488,82,81,18,18,16,11196.45,6970.0,4226.450000000001
7165,2488,78,77,16,15,17,10431.45,6630.0,3801.4500000000007
7166,2488,81,80,18,18,11,4529.25,6885.0,-2355.75
7167,2488,72,71,18,18,22,10882.8,6120.0,4762.799999999999
7168,2488,70,69,25,25,28,12655.8,5950.0,6705.799999999999
7169,2488,75,74,20,20,19,8550.900000000001,6375.0,2175.9000000000015
7170,2488,75,74,19,19,19,7896.15,6375.0,1521.1499999999996
7171,2488,82,81,18,18,13,4670.775,6970.0,-2299.2250000000004
7172,2488,84,83,23,22,16,6862.5,7140.0,-277.5
7173,2488,67,66,23,23,18,7125.3,5695.0,1430.3000000000002
7174,2488,78,77,19,19,18,11045.7,6630.0,4415.700000000001
7175,2488,72,71,18,18,17,7271.1,6120.0,1151.1000000000004
7176,2488,69,68,20,20,21,9566.1,5865.0,3701.1000000000004
7177,2488,69,68,18,18,21,10795.05,5865.0,4930.049999999999
7178,2488,74,73,17,17,23,14238.45,6290.0,7948.450000000001
7179,2488,66,65,28,28,38,21552.6515625,5610.0,15942.6515625
7180,2488,74,73,19,19,27,15050.334375,6290.0,8760.334375
7181,2488,65,64,17,17,20,13375.08984375,5525.0,7850.08984375
7182,2488,73,72,16,16,20,9941.625000000002,6205.0,3736.625000000002
7183,2488,69,68,19,19,11,3324.6000000000004,5865.0,-2540.3999999999996
7184,2488,77,76,16,16,18,8976.6,6545.0,2431.6000000000004
7185,2488,80,79,10,10,6,2850.3,6800.0,-3949.7
7186,2488,79,78,19,19,21,10711.74375,6715.0,3996.7437499999996
7187,2488,74,73,15,15,11,4140.0,6290.0,-2150.0
7188,2488,77,76,11,11,19,11178.675,6545.0,4633.674999999999
7189,2488,76,75,21,21,10,3715.2,6460.0,-2744.8
7190,2488,77,76,22,22,19,7432.650000000001,6545.0,887.6500000000005
7191,2488,70,69,20,20,15,6482.475,5950.0,532.4750000000004
7192,2488,82,81,14,14,10,3796.2000000000003,6970.0,-3173.7999999999997
7193,2488,83,82,12,12,13,5812.5375,7055.0,-1242.4624999999996
7194,2488,71,70,21,21,24,13577.4,6035.0,7542.4
7195,2488,66,65,12,12,18,11321.775,5610.0,5711.775
7196,2488,85,84,16,16,20,9711.1125,7225.0,2486.1124999999993
7197,2488,81,80,17,17,11,4320.9,6885.0,-2564.1000000000004
7198,2488,63,62,18,18,27,22041.9509765625,5355.0,16686.9509765625
7199,2488,84,83,23,23,31,15940.4625,7140.0,8800.4625
7200,2488,86,85,13,13,12,4828.725,7310.0,-2481.2749999999996
7201,2488,81,80,25,25,36,20314.800000000003,6885.0,13429.800000000003
7202,2488,66,65,18,18,19,6736.95,5610.0,1126.9499999999998
7203,2488,81,80,22,22,29,16302.99375,6885.0,9417.99375
7204,2488,77,76,19,19,15,7106.4,6545.0,561.3999999999996
7205,2488,78,77,17,17,29,17828.6625,6630.0,11198.662499999999
7206,2488,77,76,18,18,14,6099.299999999999,6545.0,-445.7000000000007
7207,2488,76,75,18,17,19,8509.05,6460.0,2049.0499999999993
7208,2488,83,82,18,18,27,15406.959375,7055.0,8351.959375
7209,2488,83,82,20,20,19,10656.9,7055.0,3601.8999999999996
7210,2488,81,80,13,13,19,9987.075,6885.0,3102.0750000000007
7211,2488,83,82,18,18,17,7569.0,7055.0,514.0
7212,2488,77,76,19,19,12,4559.4,6545.0,-1985.6000000000004
7213,2488,79,78,16,16,19,8417.25,6715.0,1702.25
7214,2488,79,78,21,21,17,8652.6,6715.0,1937.6000000000004
7215,2488,76,75,22,22,30,18242.775,6460.0,11782.775000000001
7216,2488,65,64,21,21,35,22142.30625,5525.0,16617.30625
7217,2488,72,71,16,16,15,7743.6,6120.0,1623.6000000000004
7218,2488,83,82,18,18,18,9977.6953125,7055.0,2922.6953125
7219,2488,83,82,18,17,21,10778.400000000001,7055.0,3723.4000000000015
7220,2488,75,74,21,20,28,14073.075,6375.0,7698.075000000001
7221,2488,70,69,25,25,36,22032.1125,5950.0,16082.1125
7222,2488,76,75,19,18,14,6630.75,6460.0,170.75
7223,2488,77,76,18,18,18,10491.3,6545.0,3946.2999999999993
7224,2488,74,73,21,20,18,6727.1625,6290.0,437.16250000000036
7225,2488,82,81,17,17,16,5626.8,6970.0,-1343.1999999999998
7226,2488,79,78,18,18,17,10625.85,6715.0,3910.8500000000004
7227,2488,73,72,24,24,29,15415.396875000002,6205.0,9210.396875000002
7228,2488,78,77,19,19,17,8087.85,6630.0,1457.8500000000004
7229,2488,73,72,17,17,18,11557.575,6205.0,5352.575000000001
7230,2488,74,73,16,16,15,6840.0,6290.0,550.0
7231,2488,75,74,16,16,29,14774.175,6375.0,8399.175
7232,2488,72,71,24,24,23,11991.6,6120.0,5871.6
7233,2488,67,66,21,20,20,6067.125,5695.0,372.125
7234,2488,73,72,14,14,22,13184.55,6205.0,6979.549999999999
7235,2488,78,77,23,23,26,13983.075,6630.0,7353.075000000001
7236,2488,79,78,16,16,24,13038.735937500001,6715.0,6323.7359375000015
7237,2488,77,76,20,20,23,11403.675000000001,6545.0,4858.675000000001
7238,2488,81,80,18,17,16,6524.1,6885.0,-360.89999999999964
7239,2488,74,73,25,24,37,18040.05,6290.0,11750.05
7240,2488,65,64,18,18,25,11773.181250000001,5525.0,6248.1812500000015
7241,2488,80,79,17,17,15,7469.1,6800.0,669.1000000000004
7242,2488,72,71,18,18,28,13635.3375,6120.0,7515.3375
7243,2488,82,81,21,21,22,11243.25,6970.0,4273.25
7244,2488,79,78,21,21,22,9441.0,6715.0,2726.0
7245,2488,68,67,12,12,22,11518.65,5780.0,5738.65
7246,2488,71,70,21,21,32,19270.39921875,6035.0,13235.39921875
7247,2488,77,76,18,18,16,8193.6,6545.0,1648.6000000000004
7248,2488,77,76,20,20,14,5852.7,6545.0,-692.3000000000002
7249,2488,85,84,16,16,15,5703.3,7225.0,-1521.6999999999998
7250,2488,70,69,20,20,33,20444.484375,5950.0,14494.484375
7251,2488,79,78,22,22,35,20584.35,6715.0,13869.349999999999
7252,2488,75,74,18,17,17,8401.95,6375.0,2026.9500000000007
7253,2488,64,63,17,17,18,9927.0,5440.0,4487.0
7254,2488,79,78,15,15,10,3578.3999999999996,6715.0,-3136.6000000000004
7255,2488,76,75,21,21,22,11484.675,6460.0,5024.674999999999
7256,2488,76,75,22,21,32,18942.3,6460.0,12482.3
7257,2488,86,85,15,15,10,2634.3,7310.0,-4675.7
7258,2488,84,83,13,13,20,14798.475,7140.0,7658.475
7259,2488,77,76,22,21,22,10470.6,6545.0,3925.6000000000004
7260,2488,74,73,17,17,25,18148.275,6290.0,11858.275000000001
7261,2488,72,71,22,22,24,10159.7625,6120.0,4039.7625000000007
7262,2488,72,71,19,19,16,8281.8,6120.0,2161.7999999999993
7263,2488,79,78,21,21,19,7395.75,6715.0,680.75
7264,2488,80,79,13,12,18,9512.1,6800.0,2712.1000000000004
7265,2488,85,84,17,17,14,5504.4,7225.0,-1720.6000000000004
7266,2488,81,80,20,20,37,23672.34140625,6885.0,16787.34140625
7267,2488,76,75,14,13,19,11439.45,6460.0,4979.450000000001
7268,2488,82,81,15,15,11,6250.5,6970.0,-719.5
7269,2488,83,82,18,17,21,10241.4375,7055.0,3186.4375
7270,2488,75,74,23,22,24,13537.8,6375.0,7162.799999999999
7271,2488,71,70,17,17,27,15558.732421874998,6035.0,9523.732421874998
7272,2488,75,74,19,19,31,15242.090625,6375.0,8867.090625
7273,2488,84,83,16,16,10,3076.2,7140.0,-4063.8
7274,2488,76,75,20,20,17,7957.06875,6460.0,1497.0687500000004
7275,2488,70,69,17,17,22,13158.140625,5950.0,7208.140625
7276,2488,73,72,17,17,18,9416.7,6205.0,3211.7000000000007
7277,2488,73,72,17,17,16,9866.25,6205.0,3661.25
7278,2488,72,71,19,19,19,10219.95,6120.0,4099.950000000001
7279,2488,86,85,18,18,9,3510.0,7310.0,-3800.0
7280,2488,67,66,21,21,27,17320.5,5695.0,11625.5
7281,2488,79,78,19,19,27,14848.425,6715.0,8133.424999999999
7282,2488,71,70,17,17,18,8480.7,6035.0,2445.7000000000007
7283,2488,81,80,16,16,11,3206.25,6885.0,-3678.75
7284,2488,75,74,16,16,20,9626.85,6375.0,3251.8500000000004
7285,2488,80,79,26,26,31,15686.662499999999,6800.0,8886.662499999999
7286,2488,89,88,18,18,14,6139.8,7565.0,-1425.1999999999998
7287,2488,73,72,14,14,33,24824.00390625,6205.0,18619.00390625
7288,2488,83,82,16,15,14,6151.275,7055.0,-903.7250000000004
7289,2488,76,75,22,22,21,8601.75,6460.0,2141.75
7290,2488,77,76,18,17,21,12754.040625,6545.0,6209.040625
7291,2488,76,75,26,26,25,15491.7,6460.0,9031.7
7292,2488,66,65,17,17,30,19016.103515625,5610.0,13406.103515625
7293,2488,81,80,19,18,22,8094.2625,6885.0,1209.2624999999998
7294,2488,77,76,20,20,22,12455.1,6545.0,5910.1
7295,2488,81,80,17,17,23,12797.465625,6885.0,5912.465625000001
7296,2488,72,71,21,21,25,14832.534375000001,6120.0,8712.534375000001
7297,2488,73,72,22,22,21,8734.725,6205.0,2529.7250000000004
7298,2488,72,71,15,15,12,5014.8,6120.0,-1105.1999999999998
7299,2488,79,78,22,22,22,15132.206250000001,6715.0,8417.206250000001
7300,2488,79,78,14,14,10,4716.0,6715.0,-1999.0
7301,2488,80,79,17,17,19,12375.0,6800.0,5575.0
7302,2488,80,79,20,20,26,13097.475,6800.0,6297.475
7303,2488,84,83,20,20,26,12186.9,7140.0,5046.9
7304,2488,70,69,21,21,22,8707.95,5950.0,2757.9500000000007
7305,2488,79,78,17,16,17,8483.4,6715.0,1768.3999999999996
7306,2488,86,85,14,14,19,9513.646874999999,7310.0,2203.6468749999985
7307,2488,74,73,21,20,14,5360.4,6290.0,-929.6000000000004
7308,2488,76,75,16,16,20,10480.05,6460.0,4020.0499999999993
7309,2488,72,71,12,11,22,11471.849999999999,6120.0,5351.8499999999985
7310,2488,74,73,21,21,20,10799.55,6290.0,4509.549999999999
7311,2488,87,86,22,22,18,7124.4,7395.0,-270.60000000000036
7312,2488,80,79,18,18,31,18546.440625,6800.0,11746.440625
7313,2488,74,73,18,18,20,8474.175,6290.0,2184.1749999999993
7314,2488,77,76,16,16,19,11122.425,6545.0,4577.424999999999
7315,2488,81,80,16,16,19,9218.7,6885.0,2333.7000000000007
7316,2488,83,82,17,17,25,13962.515625,7055.0,6907.515625
7317,2488,73,72,13,13,14,8204.4,6205.0,1999.3999999999996
7318,2488,78,77,20,20,17,6284.475,6630.0,-345.52499999999964
7319,2488,78,77,19,19,31,19057.612500000003,6630.0,12427.612500000003
7320,2488,82,81,16,16,15,6574.5,6970.0,-395.5
7321,2488,71,70,19,19,25,16034.625,6035.0,9999.625
7322,2488,77,76,14,14,15,7149.6,6545.0,604.6000000000004
7323,2488,80,79,26,26,24,10852.425,6800.0,4052.4249999999993
7324,2488,91,90,18,18,14,5221.8,7735.0,-2513.2
7325,2488,78,77,19,19,26,14091.721875,6630.0,7461.721874999999
7326,2488,67,66,21,21,27,15601.3875,5695.0,9906.3875
7327,2488,76,75,24,24,34,15940.350000000002,6460.0,9480.350000000002
7328,2488,72,71,14,14,18,10102.275,6120.0,3982.2749999999996
7329,2488,77,76,18,18,12,5867.1,6545.0,-677.8999999999996
7330,2488,77,76,17,17,12,4742.549999999999,6545.0,-1802.4500000000007
7331,2488,77,76,17,17,23,11405.025,6545.0,4860.025
7332,2488,77,76,19,19,16,7055.1,6545.0,510.10000000000036
7333,2488,72,71,20,20,35,21408.01875,6120.0,15288.01875
7334,2488,72,71,18,17,17,6630.1875,6120.0,510.1875
7335,2488,75,74,17,17,31,20880.928125,6375.0,14505.928124999999
7336,2488,76,75,19,18,25,14352.75,6460.0,7892.75
7337,2488,76,75,19,19,17,6928.875,6460.0,468.875
7338,2488,82,81,14,14,18,10303.875,6970.0,3333.875
7339,2488,73,72,17,17,16,9045.45,6205.0,2840.4500000000007
7340,2488,85,84,13,12,13,7545.15,7225.0,320.14999999999964
7341,2488,84,83,22,22,19,10380.15,7140.0,3240.1499999999996
7342,2488,77,76,18,18,16,6527.700000000001,6545.0,-17.299999999999272
7343,2488,81,80,18,18,18,9929.8125,6885.0,3044.8125
7344,2488,82,81,22,22,19,8564.4,6970.0,1594.3999999999996
7345,2488,84,83,18,18,12,5638.05,7140.0,-1501.9499999999998
7346,2488,79,78,19,19,24,13450.500000000002,6715.0,6735.500000000002
7347,2488,79,78,17,17,22,11365.3125,6715.0,4650.3125
7348,2488,77,76,17,17,20,11988.95625,6545.0,5443.956249999999
7349,2488,71,70,16,16,15,7736.849999999999,6035.0,1701.8499999999995
7350,2488,81,80,15,15,11,3939.525,6885.0,-2945.475
7351,2488,79,78,16,16,17,10712.25,6715.0,3997.25
7352,2488,70,69,20,20,22,11743.987500000001,5950.0,5793.987500000001
7353,2488,85,84,19,19,22,10754.1,7225.0,3529.1000000000004
7354,2488,72,71,17,17,18,7578.0,6120.0,1458.0
7355,2488,74,73,20,19,22,11667.6,6290.0,5377.6
7356,2488,70,69,14,14,17,9252.0,5950.0,3302.0
7357,2488,75,74,21,21,18,10832.850000000002,6375.0,4457.850000000002
7358,2488,82,81,16,16,22,9734.4,6970.0,2764.3999999999996
7359,2488,71,70,16,16,15,7599.15,6035.0,1564.1499999999996
7360,2488,79,78,24,24,18,5759.1,6715.0,-955.8999999999996
7361,2488,79,78,11,11,16,11487.600000000002,6715.0,4772.600000000002
7362,2488,79,78,19,19,23,14056.537499999999,6715.0,7341.5374999999985
7363,2488,75,74,18,18,15,6925.05,6375.0,550.0500000000002
7364,2488,68,67,23,22,16,8130.15,5780.0,2350.1499999999996
7365,2488,84,83,19,19,22,10096.93125,7140.0,2956.9312499999996
7366,2488,70,69,19,19,20,9875.699999999999,5950.0,3925.699999999999
7367,2488,81,80,17,17,21,9239.849999999999,6885.0,2354.8499999999985
7368,2488,77,76,18,18,20,9403.2,6545.0,2858.2000000000007
7369,2488,81,80,21,21,24,13449.6,6885.0,6564.6
7370,2488,69,68,23,23,33,16911.28125,5865.0,11046.28125
7371,2488,83,82,21,21,21,7348.95,7055.0,293.9499999999998
7372,2488,74,73,15,15,21,13850.15625,6290.0,7560.15625
7373,2488,81,80,22,22,24,9407.7,6885.0,2522.7000000000007
7374,2488,83,82,18,18,34,24301.07578125,7055.0,17246.07578125
7375,2488,83,82,17,17,12,3461.4,7055.0,-3593.6
7376,2488,86,85,12,12,10,3278.925,7310.0,-4031.075
7377,2488,88,87,11,11,6,3060.0,7480.0,-4420.0
7378,2488,78,77,19,19,17,7529.175,6630.0,899.1750000000002
7379,2488,73,72,20,20,22,10008.9,6205.0,3803.8999999999996
7380,2488,69,68,19,19,21,8491.725,5865.0,2626.7250000000004
7381,2488,82,81,14,14,17,10061.55,6970.0,3091.5499999999993
7382,2488,78,77,13,13,19,9414.675,6630.0,2784.6749999999993
7383,2488,71,70,20,20,24,13055.85,6035.0,7020.85
7384,2488,77,76,18,18,22,15921.900000000001,6545.0,9376.900000000001
7385,2488,66,65,20,20,24,11128.5,5610.0,5518.5
7386,2488,78,77,14,14,16,7473.6,6630.0,843.6000000000004
7387,2488,72,71,17,17,21,9534.150000000001,6120.0,3414.1500000000015
7388,2488,78,77,17,17,18,8699.4,6630.0,2069.3999999999996
7389,2488,69,68,16,16,12,4219.65,5865.0,-1645.3500000000004
7390,2488,85,84,11,11,12,4140.0,7225.0,-3085.0
7391,2488,86,85,12,12,23,14353.65,7310.0,7043.65
7392,2488,76,75,18,18,16,9299.25,6460.0,2839.25
7393,2488,79,78,20,20,17,5430.6,6715.0,-1284.3999999999996
7394,2488,75,74,19,19,21,9640.8,6375.0,3265.7999999999993
7395,2488,72,71,27,27,28,17506.35,6120.0,11386.349999999999
7396,2488,78,77,16,16,11,3662.1,6630.0,-2967.9
7397,2488,84,83,14,14,19,10586.25,7140.0,3446.25
7398,2488,75,74,14,14,17,7137.675,6375.0,762.6750000000002
7399,2488,85,84,15,15,10,3528.0,7225.0,-3697.0
7400,2488,78,77,15,15,17,7710.525000000001,6630.0,1080.5250000000005
7401,2488,83,82,14,14,14,5815.35,7055.0,-1239.6499999999996
7402,2488,73,72,18,18,17,9031.5,6205.0,2826.5
7403,2488,78,77,17,16,20,9232.087500000001,6630.0,2602.0875000000015
7404,2488,76,75,17,17,17,5890.275,6460.0,-569.7250000000004
7405,2488,81,80,16,15,18,9276.525,6885.0,2391.5249999999996
7406,2488,69,68,17,17,23,11835.675,5865.0,5970.674999999999
7407,2488,83,82,16,16,13,6957.675000000001,7055.0,-97.32499999999891
7408,2488,76,75,17,16,16,8919.9,6460.0,2459.8999999999996
7409,2488,91,90,23,23,19,9709.875,7735.0,1974.875
7410,2488,73,72,18,18,31,19554.6234375,6205.0,13349.623437499999
7411,2488,77,76,18,18,17,7716.599999999999,6545.0,1171.5999999999995
7412,2488,81,80,19,19,33,20858.793749999997,6885.0,13973.793749999997
7413,2488,67,66,23,22,22,11844.9,5695.0,6149.9
7414,2488,73,72,12,12,10,5162.4,6205.0,-1042.6000000000004
7415,2488,76,75,19,19,12,5110.2,6460.0,-1349.8000000000002
7416,2488,69,68,18,18,16,7614.0,5865.0,1749.0
7417,2488,71,70,16,16,13,5739.75,6035.0,-295.25
7418,2488,86,85,22,22,27,14635.828125,7310.0,7325.828125
7419,2488,81,80,15,15,18,8905.05,6885.0,2020.0499999999993
7420,2488,77,76,19,19,13,5805.0,6545.0,-740.0
7421,2488,87,86,18,18,21,12072.037500000002,7395.0,4677.037500000002
7422,2488,70,69,19,18,16,5834.25,5950.0,-115.75
7423,2488,66,65,21,21,24,11343.6,5610.0,5733.6
7424,2488,76,75,20,20,24,12737.025,6460.0,6277.025
7425,2488,88,87,15,15,15,6777.9,7480.0,-702.1000000000004
7426,2488,69,68,22,21,29,15575.4,5865.0,9710.4
7427,2488,80,79,15,15,16,6692.175,6800.0,-107.82499999999982
7428,2488,68,67,22,21,15,9361.35,5780.0,3581.3500000000004
7429,2488,75,74,20,20,18,8914.050000000001,6375.0,2539.050000000001
7430,2488,79,78,20,20,19,9891.9,6715.0,3176.8999999999996
7431,2488,72,71,19,19,20,9137.7,6120.0,3017.7000000000007
7432,2488,75,74,22,22,17,7843.05,6375.0,1468.0500000000002
7433,2488,76,75,20,20,33,22457.823046875,6460.0,15997.823046875
7434,2488,72,71,17,17,12,4872.6,6120.0,-1247.3999999999996
7435,2488,89,88,13,13,12,4662.9,7565.0,-2902.1000000000004
7436,2488,78,77,17,17,24,12847.05,6630.0,6217.049999999999
7437,2488,74,73,13,13,20,12760.65,6290.0,6470.65
7438,2488,80,79,23,22,16,7982.1,6800.0,1182.1000000000004
7439,2488,79,78,18,18,23,12109.5,6715.0,5394.5
7440,2488,81,80,12,12,12,5049.9,6885.0,-1835.1000000000004
7441,2488,76,75,25,25,32,19209.0375,6460.0,12749.037499999999
7442,2488,69,68,21,21,24,13481.1,5865.0,7616.1
7443,2488,71,70,14,14,24,14822.775,6035.0,8787.775
7444,2488,79,78,21,21,16,7350.750000000001,6715.0,635.7500000000009
7445,2488,88,87,15,15,16,8970.075,7480.0,1490.0750000000007
7446,2488,85,84,14,14,14,7356.15,7225.0,131.14999999999964
7447,2488,80,79,16,16,10,2319.3,6800.0,-4480.7
7448,2488,66,65,16,16,11,3969.0,5610.0,-1641.0
7449,2488,84,83,20,20,13,4986.9,7140.0,-2153.1000000000004
7450,2488,73,72,21,21,17,9122.85,6205.0,2917.8500000000004
7451,2488,85,84,21,21,20,9846.45,7225.0,2621.4500000000007
7452,2488,76,75,17,16,40,24135.440625000003,6460.0,17675.440625000003
7453,2488,72,71,17,17,18,8674.65,6120.0,2554.6499999999996
7454,2488,81,80,15,15,21,10329.3,6885.0,3444.2999999999993
7455,2488,75,74,20,19,20,10032.3,6375.0,3657.2999999999993
7456,2488,86,85,19,19,19,10640.25,7310.0,3330.25
7457,2488,75,74,24,24,33,15601.6125,6375.0,9226.6125
7458,2488,79,78,14,14,19,10940.85,6715.0,4225.85
7459,2488,79,78,16,16,18,9870.3,6715.0,3155.2999999999993
7460,2488,89,88,17,17,22,11789.4375,7565.0,4224.4375
7461,2488,86,85,21,21,18,10445.625,7310.0,3135.625
7462,2488,72,71,17,17,22,12967.65,6120.0,6847.65
7463,2488,70,69,16,16,20,9383.85,5950.0,3433.8500000000004
7464,2488,76,75,21,21,14,5778.9,6460.0,-681.1000000000004
7465,2488,80,79,15,15,11,5143.05,6800.0,-1656.9499999999998
7466,2488,80,79,18,17,15,6654.15,6800.0,-145.85000000000036
7467,2488,78,77,17,17,19,11412.45,6630.0,4782.450000000001
7468,2488,68,67,17,17,28,15707.699999999999,5780.0,9927.699999999999
7469,2488,81,80,17,17,32,16946.381250000002,6885.0,10061.381250000002
7470,2488,62,61,23,23,36,23888.925,5270.0,18618.925
7471,2488,66,65,18,17,19,9619.875,5610.0,4009.875
7472,2488,71,70,22,22,33,16094.58046875,6035.0,10059.58046875
7473,2488,79,78,20,20,22,9279.0,6715.0,2564.0
7474,2488,76,75,14,14,9,3735.0,6460.0,-2725.0
7475,2488,77,76,18,18,28,15556.5,6545.0,9011.5
7476,2488,73,72,18,18,21,9072.675,6205.0,2867.6749999999993
7477,2488,62,61,22,22,30,13872.150000000001,5270.0,8602.150000000001
7478,2488,73,72,19,19,19,9518.85,6205.0,3313.8500000000004
7479,2488,73,72,19,19,20,12331.8,6205.0,6126.799999999999
7480,2488,75,74,22,22,22,12532.95,6375.0,6157.950000000001
7481,2488,79,78,20,20,17,7841.25,6715.0,1126.25
7482,2488,76,75,18,18,17,8628.3,6460.0,2168.2999999999993
7483,2488,77,76,17,17,18,9505.8,6545.0,2960.7999999999993
7484,2488,72,71,19,19,17,8769.15,6120.0,2649.1499999999996
7485,2488,75,74,13,13,20,13079.475,6375.0,6704.475
7486,2488,76,75,22,22,19,9430.2,6460.0,2970.2000000000007
7487,2488,71,70,21,21,18,7601.85,6035.0,1566.8500000000004
7488,2488,73,72,18,18,16,8699.4,6205.0,2494.3999999999996
7489,2488,81,80,15,15,9,3977.1,6885.0,-2907.9
7490,2488,81,80,18,18,17,8404.2,6885.0,1519.2000000000007
7491,2488,88,87,16,16,10,3782.7,7480.0,-3697.3
7492,2488,74,73,24,23,27,13802.85,6290.0,7512.85
7493,2488,78,77,19,19,23,15374.7,6630.0,8744.7
7494,2488,75,74,19,18,21,11641.5,6375.0,5266.5
7495,2488,85,84,18,18,19,8860.5,7225.0,1635.5
7496,2488,77,76,11,11,16,9353.3625,6545.0,2808.3624999999993
7497,2488,84,83,18,18,14,6901.2,7140.0,-238.80000000000018
7498,2488,77,76,18,18,15,5755.5,6545.0,-789.5
7499,2488,66,65,17,17,26,14036.934375,5610.0,8426.934375
7500,2488,85,84,22,22,29,16056.0,7225.0,8831.0
7501,2488,77,76,19,19,26,14043.774023437501,6545.0,7498.7740234375015
7502,2488,73,72,17,17,14,8184.599999999999,6205.0,1979.5999999999995
7503,2488,84,83,19,19,14,7088.4,7140.0,-51.600000000000364
7504,2488,66,65,25,25,28,16736.9203125,5610.0,11126.920312499999
7505,2488,73,72,22,22,22,10830.375,6205.0,4625.375
7506,2488,68,67,22,22,25,15400.954687500001,5780.0,9620.954687500001
7507,2488,67,66,22,22,25,13201.987500000001,5695.0,7506.987500000001
7508,2488,77,76,20,20,19,11005.2,6545.0,4460.200000000001
7509,2488,79,78,15,15,26,15984.5625,6715.0,9269.5625
7510,2488,73,72,17,17,22,9134.775,6205.0,2929.7749999999996
7511,2488,73,72,19,19,13,5849.55,6205.0,-355.4499999999998
7512,2488,75,74,14,14,16,8481.712500000001,6375.0,2106.7125000000015
7513,2488,75,74,20,20,16,6128.1,6375.0,-246.89999999999964
7514,2488,72,71,19,18,19,8610.3,6120.0,2490.2999999999993
7515,2488,65,64,21,21,38,20569.66171875,5525.0,15044.661718750001
7516,2488,74,73,17,17,26,13244.175000000001,6290.0,6954.175000000001
7517,2488,73,72,16,16,13,5335.200000000001,6205.0,-869.7999999999993
7518,2488,72,71,18,18,23,13187.025,6120.0,7067.025
7519,2488,74,73,19,19,22,8238.825,6290.0,1948.8250000000007
7520,2488,79,78,21,21,19,10409.400000000001,6715.0,3694.4000000000015
7521,2488,80,79,14,14,7,3113.1,6800.0,-3686.9
7522,2488,82,81,14,14,13,7352.1,6970.0,382.10000000000036
7523,2488,89,88,16,16,19,9437.4,7565.0,1872.3999999999996
7524,2488,68,67,23,23,26,13503.825,5780.0,7723.825000000001
7525,2488,69,68,20,20,26,12238.425000000001,5865.0,6373.425000000001
7526,2488,84,83,19,19,15,6064.875,7140.0,-1075.125
7527,2488,79,78,23,22,17,6773.4,6715.0,58.399999999999636
7528,2488,70,69,19,19,18,6831.9,5950.0,881.8999999999996
7529,2488,71,70,15,15,11,5042.7,6035.0,-992.3000000000002
7530,2488,80,79,18,18,27,13921.65,6800.0,7121.65
7531,2488,75,74,17,16,21,8919.9,6375.0,2544.8999999999996
7532,2488,69,68,13,13,25,14918.709375,5865.0,9053.709375
7533,2488,78,77,20,20,23,10057.05,6630.0,3427.0499999999993
7534,2488,71,70,21,21,19,8219.25,6035.0,2184.25
7535,2488,84,83,11,11,24,15684.581250000001,7140.0,8544.581250000001
7536,2488,73,72,23,23,26,11321.1,6205.0,5116.1
7537,2488,83,82,14,14,16,8428.725,7055.0,1373.7250000000004
7538,2488,82,81,16,16,13,6607.8,6970.0,-362.1999999999998
7539,2488,73,72,17,17,32,18688.471875,6205.0,12483.471875
7540,2488,82,81,22,22,26,14704.706250000001,6970.0,7734.706250000001
7541,2488,76,75,20,20,28,16689.965625,6460.0,10229.965625
7542,2488,71,70,20,20,33,17491.44375,6035.0,11456.443749999999
7543,2488,82,81,19,19,16,8062.65,6970.0,1092.6499999999996
7544,2488,65,64,22,22,36,21431.7,5525.0,15906.7
7545,2488,83,82,12,12,15,6590.7,7055.0,-464.3000000000002
7546,2488,77,76,17,17,27,13978.8,6545.0,7433.799999999999
7547,2488,71,70,18,18,33,19998.7875,6035.0,13963.787499999999
7548,2488,74,73,23,22,22,11494.8,6290.0,5204.799999999999
7549,2488,91,90,14,14,11,3504.6,7735.0,-4230.4
7550,2488,85,84,20,19,18,8187.75,7225.0,962.75
7551,2488,78,77,15,15,25,13141.85625,6630.0,6511.856250000001
7552,2488,73,72,18,18,20,9495.0,6205.0,3290.0
7553,2488,83,82,16,16,36,26027.528906250005,7055.0,18972.528906250005
7554,2488,70,69,25,24,19,9402.75,5950.0,3452.75
7555,2488,85,84,18,18,15,4973.4,7225.0,-2251.6000000000004
7556,2488,70,69,23,23,38,23389.14375,5950.0,17439.14375
7557,2488,80,79,18,18,23,13213.800000000001,6800.0,6413.800000000001
7558,2488,82,81,14,14,10,3678.525,6970.0,-3291.475
7559,2488,72,71,20,20,39,25233.22265625,6120.0,19113.22265625
7560,2488,68,67,20,20,20,10998.7875,5780.0,5218.7875
7561,2488,66,65,19,19,23,13973.4,5610.0,8363.4
7562,2488,71,70,18,18,21,11537.212500000001,6035.0,5502.2125000000015
7563,2488,86,85,17,17,20,10590.975,7310.0,3280.9750000000004
7564,2488,78,77,13,12,15,8316.9,6630.0,1686.8999999999996
7565,2488,86,85,20,20,18,6892.2,7310.0,-417.8000000000002
7566,2488,71,70,18,18,29,17095.865625,6035.0,11060.865624999999
7567,2488,74,73,18,18,16,9482.4,6290.0,3192.3999999999996
7568,2488,85,84,13,13,14,5475.6,7225.0,-1749.3999999999996
7569,2488,71,70,24,24,33,16946.775,6035.0,10911.775000000001
7570,2488,74,73,18,18,25,17464.246875,6290.0,11174.246875
7571,2488,79,78,16,16,18,9681.3,6715.0,2966.2999999999993
7572,2488,76,75,13,12,10,5758.2,6460.0,-701.8000000000002
7573,2488,71,70,20,20,26,13009.5,6035.0,6974.5
7574,2488,84,83,13,13,15,7987.95,7140.0,847.9499999999998
7575,2488,79,78,26,26,22,11364.975,6715.0,4649.975
7576,2488,71,70,15,15,13,4504.5,6035.0,-1530.5
7577,2488,76,75,18,18,13,3509.1,6460.0,-2950.9
7578,2488,71,70,20,19,23,12154.6125,6035.0,6119.612499999999
7579,2488,85,84,19,19,21,9985.95,7225.0,2760.9500000000007
7580,2488,70,69,18,18,23,12820.05,5950.0,6870.049999999999
7581,2488,77,76,17,17,17,7439.400000000001,6545.0,894.4000000000005
7582,2488,76,75,19,18,31,18421.875,6460.0,11961.875
7583,2488,79,78,16,16,14,5097.2625,6715.0,-1617.7375000000002
7584,2488,76,75,24,24,25,12444.300000000001,6460.0,5984.300000000001
7585,2488,73,72,19,19,12,6165.0,6205.0,-40.0
7586,2488,63,62,14,13,14,7045.424999999999,5355.0,1690.4249999999993
7587,2488,67,66,20,20,23,15826.675781250002,5695.0,10131.675781250002
7588,2488,71,70,18,18,28,16402.44375,6035.0,10367.443749999999
7589,2488,73,72,18,18,9,2713.05,6205.0,-3491.95
7590,2488,83,82,19,19,23,14765.175,7055.0,7710.174999999999
7591,2488,79,78,17,17,15,8607.6,6715.0,1892.6000000000004
7592,2488,72,71,19,18,22,10358.1,6120.0,4238.1
7593,2488,72,71,17,17,19,8191.35,6120.0,2071.3500000000004
7594,2488,70,69,15,15,17,9737.1,5950.0,3787.1000000000004
7595,2488,73,72,21,21,24,16113.150000000001,6205.0,9908.150000000001
7596,2488,77,76,19,19,32,20889.675000000003,6545.0,14344.675000000003
7597,2488,74,73,13,13,13,7544.7,6290.0,1254.6999999999998
7598,2488,82,81,13,13,6,1930.5,6970.0,-5039.5
7599,2488,75,74,20,20,18,10997.6625,6375.0,4622.6625
7600,2488,77,76,18,18,28,13479.80625,6545.0,6934.80625
7601,2488,68,67,16,15,13,6980.85,5780.0,1200.8500000000004
7602,2488,83,82,18,18,18,7213.5,7055.0,158.5
7603,2488,75,74,16,15,18,8589.6,6375.0,2214.6000000000004
7604,2488,76,75,15,14,15,9492.3,6460.0,3032.2999999999993
7605,2488,71,70,15,15,15,6376.05,6035.0,341.0500000000002
7606,2488,73,72,16,16,22,10403.325,6205.0,4198.325000000001
7607,2488,81,80,27,27,19,10055.7,6885.0,3170.7000000000007
7608,2488,71,70,17,17,23,12290.79375,6035.0,6255.793750000001
7609,2488,77,76,12,11,30,23210.15625,6545.0,16665.15625
7610,2488,90,89,18,18,15,7479.900000000001,7650.0,-170.09999999999945
7611,2488,65,64,17,16,37,24574.964062500003,5525.0,19049.964062500003
7612,2488,88,87,10,10,13,6345.9,7480.0,-1134.1000000000004
7613,2488,69,68,20,20,26,18635.090624999997,5865.0,12770.090624999997
7614,2488,68,67,26,25,20,7083.9,5780.0,1303.8999999999996
7615,2488,75,74,14,14,23,14131.912499999999,6375.0,7756.9124999999985
7616,2488,69,68,19,18,27,15427.7015625,5865.0,9562.7015625
7617,2488,73,72,15,15,28,18662.596875000003,6205.0,12457.596875000003
7618,2488,73,72,21,21,23,12195.9,6205.0,5990.9
7619,2488,68,67,24,24,28,14609.7,5780.0,8829.7
7620,2488,65,64,22,22,32,17161.199999999997,5525.0,11636.199999999997
7621,2488,78,77,22,22,22,12135.149999999998,6630.0,5505.149999999998
7622,2488,78,77,20,20,16,7292.7,6630.0,662.6999999999998
7623,2488,81,80,15,14,13,6137.1,6885.0,-747.8999999999996
7624,2488,75,74,22,22,30,13503.54375,6375.0,7128.543750000001
7625,2488,80,79,19,19,15,6345.9,6800.0,-454.10000000000036
7626,2488,90,89,12,11,13,3535.2000000000003,7650.0,-4114.799999999999
7627,2488,81,80,21,21,25,15164.775000000001,6885.0,8279.775000000001
7628,2488,76,75,18,18,17,9504.225,6460.0,3044.2250000000004
7629,2488,73,72,18,18,19,10074.4875,6205.0,3869.4874999999993
7630,2488,77,76,19,18,17,9059.85,6545.0,2514.8500000000004
7631,2488,69,68,23,23,33,17807.85,5865.0,11942.849999999999
7632,2488,78,77,23,23,24,10655.55,6630.0,4025.5499999999993
7633,2488,66,65,19,19,21,11985.3,5610.0,6375.299999999999
7634,2488,81,80,16,16,19,8954.55,6885.0,2069.5499999999993
7635,2488,80,79,18,18,15,5330.925,6800.0,-1469.0749999999998
7636,2488,73,72,21,21,18,7355.700000000001,6205.0,1150.7000000000007
7637,2488,82,81,17,17,11,4249.8,6970.0,-2720.2
7638,2488,89,88,18,18,20,11982.15,7565.0,4417.15
7639,2488,66,65,18,18,19,12047.4,5610.0,6437.4
7640,2488,89,88,16,16,10,4360.5,7565.0,-3204.5
7641,2488,78,77,13,13,18,10845.140625,6630.0,4215.140625
7642,2488,82,81,13,13,12,5580.0,6970.0,-1390.0
7643,2488,75,74,21,21,33,18435.25546875,6375.0,12060.255468750001
7644,2488,92,91,12,12,12,4224.6,7820.0,-3595.3999999999996
7645,2488,89,88,16,16,17,9402.412499999999,7565.0,1837.4124999999985
7646,2488,75,74,23,23,30,15307.650000000001,6375.0,8932.650000000001
7647,2488,85,84,17,17,16,7799.85,7225.0,574.8500000000004
7648,2488,81,80,21,21,36,24634.321875,6885.0,17749.321875
7649,2488,80,79,19,19,25,12970.8,6800.0,6170.799999999999
7650,2488,83,82,17,17,24,11351.25,7055.0,4296.25
7651,2488,74,73,17,17,26,13274.775,6290.0,6984.775
7652,2488,76,75,18,18,16,6813.9,6460.0,353.89999999999964
7653,2488,79,78,11,11,7,2722.5,6715.0,-3992.5
7654,2488,64,63,19,19,18,9894.15,5440.0,4454.15
7655,2488,70,69,13,13,15,7924.584375,5950.0,1974.5843750000004
7656,2488,77,76,15,15,24,14134.3875,6545.0,7589.387500000001
7657,2488,78,77,12,11,14,6877.8,6630.0,247.80000000000018
7658,2488,87,86,15,15,12,5452.874999999999,7395.0,-1942.125000000001
7659,2488,91,90,18,18,15,7288.2,7735.0,-446.8000000000002
7660,2488,75,74,14,14,19,14115.0375,6375.0,7740.0375
7661,2488,75,74,18,18,22,12265.650000000001,6375.0,5890.6500000000015
7662,2488,87,86,21,21,11,2840.4,7395.0,-4554.6
7663,2488,71,70,17,17,32,17881.25625,6035.0,11846.256249999999
7664,2488,70,69,20,20,28,19574.296875,5950.0,13624.296875
7665,2488,87,86,17,17,17,10425.20625,7395.0,3030.2062499999993
7666,2488,72,71,22,22,22,11235.6,6120.0,5115.6
7667,2488,71,70,14,14,13,8034.3,6035.0,1999.3000000000002
7668,2488,83,82,21,21,17,6084.0,7055.0,-971.0
7669,2488,75,74,16,16,18,8171.1,6375.0,1796.1000000000004
7670,2488,78,77,19,18,21,11545.2,6630.0,4915.200000000001
7671,2488,80,79,21,20,23,12320.1,6800.0,5520.1
7672,2488,73,72,16,16,28,17796.15,6205.0,11591.150000000001
7673,2488,87,86,18,18,27,15388.425,7395.0,7993.424999999999
7674,2488,76,75,22,21,18,8220.599999999999,6460.0,1760.5999999999985
7675,2488,77,76,20,20,24,12661.5375,6545.0,6116.5375
7676,2488,71,70,19,19,19,8605.8,6035.0,2570.7999999999993
7677,2488,78,77,14,14,15,6519.6,6630.0,-110.39999999999964
7678,2488,78,77,14,14,17,10517.175,6630.0,3887.1749999999993
7679,2488,70,69,17,17,15,8502.6375,5950.0,2552.6375000000007
7680,2488,75,74,19,19,20,13194.675,6375.0,6819.674999999999
7681,2488,84,83,19,19,22,9340.875,7140.0,2200.875
7682,2488,76,75,20,19,29,16446.6,6460.0,9986.599999999999
7683,2488,88,87,20,20,18,8127.9,7480.0,647.8999999999996
7684,2488,77,76,22,21,18,7882.65,6545.0,1337.6499999999996
7685,2488,74,73,18,18,21,11774.25,6290.0,5484.25
7686,2488,80,79,21,21,23,15038.690625000001,6800.0,8238.690625000001
7687,2488,84,83,18,18,27,13650.693749999999,7140.0,6510.6937499999985
7688,2488,84,83,17,16,20,10946.1375,7140.0,3806.1375000000007
7689,2488,72,71,22,21,27,16624.940625000003,6120.0,10504.940625000003
7690,2488,73,72,14,14,22,13662.478125,6205.0,7457.478125
7691,2488,79,78,21,21,20,10144.8,6715.0,3429.7999999999993
7692,2488,80,79,18,18,22,12712.95,6800.0,5912.950000000001
7693,2488,79,78,17,17,26,14837.540625,6715.0,8122.540625
7694,2488,70,69,19,19,14,5237.1,5950.0,-712.8999999999996
7695,2488,82,81,17,17,17,8684.325,6970.0,1714.3250000000007
7696,2488,71,70,18,18,17,8811.45,6035.0,2776.4500000000007
7697,2488,71,70,21,21,20,12464.1,6035.0,6429.1
7698,2488,76,75,20,20,15,7402.5,6460.0,942.5
7699,2488,83,82,18,18,21,10756.8,7055.0,3701.7999999999993
7700,2488,80,79,11,11,12,5874.3,6800.0,-925.6999999999998
7701,2488,88,87,16,16,20,10200.2625,7480.0,2720.2625000000007
7702,2488,81,80,16,16,19,12558.150000000001,6885.0,5673.1500000000015
7703,2488,71,70,20,20,24,13209.525,6035.0,7174.525
7704,2488,70,69,18,18,19,8223.69375,5950.0,2273.6937500000004
7705,2488,89,88,15,15,14,7164.0,7565.0,-401.0
7706,2488,73,72,20,20,24,14894.1,6205.0,8689.1
7707,2488,78,77,18,17,22,11824.425,6630.0,5194.424999999999
7708,2488,75,74,14,14,6,2176.2,6375.0,-4198.8
7709,2488,81,80,16,16,19,7969.05,6885.0,1084.0500000000002
7710,2488,92,91,20,20,21,9751.5,7820.0,1931.5
7711,2488,76,75,19,19,30,15451.087499999998,6460.0,8991.087499999998
7712,2488,73,72,14,14,9,3368.7,6205.0,-2836.3
7713,2488,63,62,21,21,25,11460.9375,5355.0,6105.9375
7714,2488,67,66,20,19,21,11187.45,5695.0,5492.450000000001
7715,2488,71,70,22,21,29,15150.375,6035.0,9115.375
7716,2488,70,69,19,19,22,11553.75,5950.0,5603.75
7717,2488,73,72,19,19,30,16794.0,6205.0,10589.0
7718,2488,70,69,22,22,39,25373.88984375,5950.0,19423.88984375
7719,2488,72,71,18,18,21,13718.7,6120.0,7598.700000000001
7720,2488,81,80,18,18,22,8780.0625,6885.0,1895.0625
7721,2488,80,79,17,16,11,3822.3,6800.0,-2977.7
7722,2488,68,67,22,22,33,20478.325341796874,5780.0,14698.325341796874
7723,2488,84,83,19,19,10,4265.1,7140.0,-2874.8999999999996
7724,2488,78,77,22,22,22,9761.400000000001,6630.0,3131.4000000000015
7725,2488,75,74,18,17,10,3670.65,6375.0,-2704.35
7726,2488,71,70,19,19,25,13736.925,6035.0,7701.924999999999
7727,2488,83,82,14,14,28,18311.625000000004,7055.0,11256.625000000004
7728,2488,84,83,17,17,16,8831.475,7140.0,1691.4750000000004
7729,2488,69,68,12,12,18,6727.5,5865.0,862.5
7730,2488,74,73,22,22,28,14662.800000000001,6290.0,8372.800000000001
7731,2488,78,77,16,16,14,8023.5,6630.0,1393.5
7732,2488,92,91,16,16,15,7009.65,7820.0,-810.3500000000004
7733,2488,75,74,21,21,20,10197.9,6375.0,3822.8999999999996
7734,2488,73,72,17,17,30,17185.95,6205.0,10980.95
7735,2488,81,80,22,22,20,8354.7,6885.0,1469.7000000000007
7736,2488,68,67,21,21,14,5029.65,5780.0,-750.3500000000004
7737,2488,84,83,16,16,15,8697.6,7140.0,1557.6000000000004
7738,2488,81,80,20,20,20,9436.05,6885.0,2551.0499999999993
7739,2488,77,76,21,21,19,8715.6,6545.0,2170.6000000000004
7740,2488,71,70,17,17,16,9306.225,6035.0,3271.2250000000004
7741,2488,88,87,16,16,15,7102.125,7480.0,-377.875
7742,2488,81,80,17,17,23,13581.675,6885.0,6696.674999999999
7743,2488,84,83,17,17,14,7079.4,7140.0,-60.600000000000364
7744,2488,70,69,17,17,27,13981.95,5950.0,8031.950000000001
7745,2488,77,76,18,18,14,6720.525,6545.0,175.52499999999964
7746,2488,79,78,19,18,17,9296.325,6715.0,2581.3250000000007
7747,2488,77,76,23,23,26,13397.175,6545.0,6852.174999999999
7748,2488,82,81,18,17,14,6417.9,6970.0,-552.1000000000004
7749,2488,79,78,14,13,22,11225.25,6715.0,4510.25
7750,2488,74,73,21,21,26,15308.55,6290.0,9018.55
7751,2488,64,63,17,17,13,4221.0,5440.0,-1219.0
7752,2488,83,82,21,20,16,6311.475,7055.0,-743.5249999999996
7753,2488,81,80,18,17,25,13697.26875,6885.0,6812.268749999999
7754,2488,77,76,16,16,15,8993.7,6545.0,2448.7000000000007
7755,2488,71,70,19,18,23,12653.1,6035.0,6618.1
7756,2488,76,75,23,23,25,12157.7625,6460.0,5697.762500000001
7757,2488,71,70,15,15,37,23728.1466796875,6035.0,17693.1466796875
7758,2488,74,73,15,15,11,2342.25,6290.0,-3947.75
7759,2488,83,82,13,13,19,11184.33515625,7055.0,4129.335156249999
7760,2488,75,74,18,18,13,6980.7375,6375.0,605.7375000000002
7761,2488,85,84,21,21,23,12274.2,7225.0,5049.200000000001
7762,2488,72,71,21,21,34,19262.3765625,6120.0,13142.376562500001
7763,2488,78,77,19,19,13,4744.799999999999,6630.0,-1885.2000000000007
7764,2488,79,78,20,20,12,4710.6,6715.0,-2004.3999999999996
7765,2488,74,73,24,23,21,9547.2,6290.0,3257.2000000000007
7766,2488,72,71,16,16,40,25341.44150390625,6120.0,19221.44150390625
7767,2488,80,79,16,15,14,6538.95,6800.0,-261.0500000000002
7768,2488,79,78,17,17,12,3620.7,6715.0,-3094.3
7769,2488,82,81,17,17,15,5417.1,6970.0,-1552.8999999999996
7770,2488,64,63,19,18,28,16515.675000000003,5440.0,11075.675000000003
7771,2488,65,64,19,19,35,20945.925000000003,5525.0,15420.925000000003
7772,2488,80,79,16,16,22,12931.425,6800.0,6131.424999999999
7773,2488,91,90,18,18,12,7541.1,7735.0,-193.89999999999964
7774,2488,67,66,25,25,32,18742.95,5695.0,13047.95
7775,2488,70,69,20,20,18,7198.65,5950.0,1248.6499999999996
7776,2488,83,82,14,14,12,7721.55,7055.0,666.5500000000002
7777,2488,68,67,25,24,26,11744.1,5780.0,5964.1
7778,2488,78,77,17,17,23,13374.056250000001,6630.0,6744.0562500000015
7779,2488,81,80,17,17,19,11142.0,6885.0,4257.0
7780,2488,77,76,14,14,17,6999.3,6545.0,454.3000000000002
7781,2488,82,81,15,15,16,8411.849999999999,6970.0,1441.8499999999985
7782,2488,80,79,22,22,29,14107.95,6800.0,7307.950000000001
7783,2488,75,74,24,24,31,19311.13125,6375.0,12936.131249999999
7784,2488,81,80,18,18,23,14848.70625,6885.0,7963.706249999999
7785,2488,77,76,17,17,22,11993.90625,6545.0,5448.90625
7786,2488,84,83,14,13,16,9066.15,7140.0,1926.1499999999996
7787,2488,74,73,18,18,28,17119.4625,6290.0,10829.462500000001
7788,2488,80,79,17,17,14,8937.0,6800.0,2137.0
7789,2488,77,76,14,14,14,6873.3,6545.0,328.3000000000002
7790,2488,76,75,17,17,21,11256.412499999999,6460.0,4796.4124999999985
7791,2488,72,71,18,18,16,7830.224999999999,6120.0,1710.2249999999995
7792,2488,74,73,16,16,28,20704.5703125,6290.0,14414.5703125
7793,2488,80,79,19,18,19,8779.5,6800.0,1979.5
7794,2488,61,60,15,15,18,9624.6,5185.0,4439.6
7795,2488,69,68,14,14,16,9225.112500000001,5865.0,3360.112500000001
7796,2488,80,79,17,16,21,8049.15,6800.0,1249.1499999999996
7797,2488,77,76,14,14,16,9620.8875,6545.0,3075.8875000000007
7798,2488,84,83,20,20,24,13793.146875,7140.0,6653.146875
7799,2488,85,84,21,20,21,11176.2,7225.0,3951.2000000000007
7800,2488,73,72,17,17,26,14797.35,6205.0,8592.35
7801,2488,72,71,16,16,16,8433.45,6120.0,2313.4500000000007
7802,2488,80,79,25,25,30,16318.06875,6800.0,9518.06875
7803,2488,75,74,18,18,20,13000.78125,6375.0,6625.78125
7804,2488,65,64,13,13,13,7427.250000000001,5525.0,1902.250000000001
7805,2488,67,66,19,19,21,8921.7,5695.0,3226.7000000000007
7806,2488,74,73,19,19,18,6647.85,6290.0,357.85000000000036
7807,2488,83,82,19,19,17,7233.3,7055.0,178.30000000000018
7808,2488,73,72,17,16,20,10835.775,6205.0,4630.775
7809,2488,79,78,12,12,10,5910.3,6715.0,-804.6999999999998
7810,2488,76,75,23,23,16,6943.05,6460.0,483.0500000000002
7811,2488,78,77,23,23,32,19295.725781250003,6630.0,12665.725781250003
7812,2488,74,73,21,21,17,6471.9,6290.0,181.89999999999964
7813,2488,75,74,15,15,15,7137.0,6375.0,762.0
7814,2488,73,72,23,23,19,11232.9,6205.0,5027.9
7815,2488,68,67,15,15,16,9243.28125,5780.0,3463.28125
7816,2488,74,73,17,17,28,15842.699999999999,6290.0,9552.699999999999
7817,2488,87,86,17,16,14,5849.775000000001,7395.0,-1545.2249999999995
7818,2488,78,77,15,15,26,16379.57109375,6630.0,9749.57109375
7819,2488,78,77,14,14,19,10668.4875,6630.0,4038.4874999999993
7820,2488,81,80,14,14,17,10781.550000000001,6885.0,3896.550000000001
7821,2488,71,70,17,17,45,32049.225,6035.0,26014.225
7822,2488,68,67,19,19,33,21694.995703124998,5780.0,15914.995703124998
7823,2488,67,66,15,15,16,8579.25,5695.0,2884.25
7824,2488,82,81,17,17,21,10790.099999999999,6970.0,3820.0999999999985
7825,2488,75,74,20,19,16,5382.675,6375.0,-992.3249999999998
7826,2488,74,73,21,21,22,11826.0,6290.0,5536.0
7827,2488,76,75,15,15,12,4635.0,6460.0,-1825.0
7828,2488,69,68,21,21,26,15174.28125,5865.0,9309.28125
7829,2488,83,82,17,17,21,11616.3,7055.0,4561.299999999999
7830,2488,76,75,16,16,13,4453.2,6460.0,-2006.8000000000002
7831,2488,87,86,17,17,19,8965.912500000002,7395.0,1570.9125000000022
7832,2488,71,70,17,17,23,10910.925,6035.0,4875.924999999999
7833,2488,80,79,15,15,13,5491.799999999999,6800.0,-1308.2000000000007
7834,2488,74,73,16,16,13,7352.325,6290.0,1062.3249999999998
7835,2488,71,70,22,21,22,12483.45,6035.0,6448.450000000001
7836,2488,72,71,16,16,27,14722.875,6120.0,8602.875
7837,2488,73,72,19,19,15,6856.65,6205.0,651.6499999999996
7838,2488,83,82,17,17,12,7187.4,7055.0,132.39999999999964
7839,2488,77,76,12,12,15,7833.881249999999,6545.0,1288.8812499999995
7840,2488,71,70,16,15,23,12771.224999999999,6035.0,6736.2249999999985
7841,2488,81,80,21,21,16,4787.1,6885.0,-2097.8999999999996
7842,2488,82,81,17,17,22,11700.337500000001,6970.0,4730.3375000000015
7843,2488,74,73,19,19,22,10599.3,6290.0,4309.299999999999
7844,2488,84,83,17,17,19,12138.975,7140.0,4998.975
7845,2488,73,72,15,15,21,10945.125,6205.0,4740.125
7846,2488,79,78,13,13,15,7953.3,6715.0,1238.3000000000002
7847,2488,67,66,23,22,23,11397.6,5695.0,5702.6
7848,2488,84,83,18,18,21,10192.5,7140.0,3052.5
7849,2488,75,74,16,16,14,8633.8125,6375.0,2258.8125
7850,2488,85,84,23,23,29,15821.49375,7225.0,8596.49375
7851,2488,85,84,14,14,26,15301.8,7225.0,8076.799999999999
7852,2488,73,72,25,24,27,14164.875,6205.0,7959.875
7853,2488,76,75,17,17,22,11436.300000000001,6460.0,4976.300000000001
7854,2488,68,67,15,15,22,11302.36875,5780.0,5522.36875
7855,2488,78,77,17,17,19,8613.9,6630.0,1983.8999999999996
7856,2488,74,73,20,19,22,10656.45,6290.0,4366.450000000001
7857,2488,84,83,14,13,8,2815.2,7140.0,-4324.8
7858,2488,77,76,23,23,18,8557.2,6545.0,2012.2000000000007
7859,2488,73,72,18,18,38,23205.884765625,6205.0,17000.884765625
7860,2488,77,76,14,14,16,6804.900000000001,6545.0,259.90000000000055
7861,2488,76,75,15,15,32,23067.928125000002,6460.0,16607.928125000002
7862,2488,86,85,21,21,18,8025.975,7310.0,715.9750000000004
7863,2488,71,70,25,25,33,19125.253125,6035.0,13090.253125
7864,2488,71,70,14,14,14,6883.875,6035.0,848.875
7865,2488,73,72,23,23,28,12248.8171875,6205.0,6043.817187500001
7866,2488,65,64,16,16,15,5673.6,5525.0,148.60000000000036
7867,2488,88,87,24,24,22,10264.05,7480.0,2784.0499999999993
7868,2488,67,66,16,16,33,21170.53125,5695.0,15475.53125
7869,2488,70,69,18,18,24,12952.575,5950.0,7002.575000000001
7870,2488,75,74,20,19,28,20974.95,6375.0,14599.95
7871,2488,67,66,20,20,20,10919.7,5695.0,5224.700000000001
7872,2488,72,71,13,13,17,10059.3,6120.0,3939.2999999999993
7873,2488,76,75,21,21,18,11038.415625000001,6460.0,4578.4156250000015
7874,2488,66,65,21,21,29,15778.23046875,5610.0,10168.23046875
7875,2488,84,83,21,21,16,7443.0,7140.0,303.0
7876,2488,82,81,16,16,21,11518.2,6970.0,4548.200000000001
7877,2488,80,79,16,16,15,7518.6,6800.0,718.6000000000004
7878,2488,80,79,26,26,35,19790.55,6800.0,12990.55
7879,2488,81,80,19,19,18,9237.712500000001,6885.0,2352.7125000000015
7880,2488,79,78,16,16,11,3926.7,6715.0,-2788.3
7881,2488,83,82,21,21,19,9537.075,7055.0,2482.0750000000007
7882,2488,76,75,19,19,23,13493.25,6460.0,7033.25
7883,2488,72,71,14,14,25,13212.7875,6120.0,7092.7875
7884,2488,76,75,20,20,16,8417.7,6460.0,1957.7000000000007
7885,2488,71,70,18,18,28,14218.396875,6035.0,8183.396875
7886,2488,67,66,18,18,29,15662.025000000001,5695.0,9967.025000000001
7887,2488,70,69,19,19,16,9056.503125,5950.0,3106.5031249999993
7888,2488,79,78,14,14,8,3006.9,6715.0,-3708.1
7889,2488,74,73,16,16,32,19775.0953125,6290.0,13485.095312500001
7890,2488,85,84,12,12,17,11038.753125,7225.0,3813.7531249999993
7891,2488,84,83,14,14,21,12745.40625,7140.0,5605.40625
7892,2488,72,71,19,19,24,12014.775,6120.0,5894.775
7893,2488,73,72,15,14,16,9256.05,6205.0,3051.0499999999993
7894,2488,77,76,19,19,17,9696.15,6545.0,3151.1499999999996
7895,2488,84,83,14,14,23,13682.039062500002,7140.0,6542.039062500002
7896,2488,80,79,13,13,18,9799.9875,6800.0,2999.9874999999993
7897,2488,78,77,15,15,18,7981.65,6630.0,1351.6499999999996
7898,2488,73,72,20,20,26,15083.1,6205.0,8878.1
7899,2488,74,73,24,24,22,10986.1875,6290.0,4696.1875
7900,2488,74,73,22,22,20,11834.2125,6290.0,5544.2125
7901,2488,81,80,13,13,14,6529.05,6885.0,-355.9499999999998
7902,2488,84,83,18,18,22,12078.45,7140.0,4938.450000000001
7903,2488,74,73,18,18,28,15332.7375,6290.0,9042.7375
7904,2488,79,78,14,14,22,10941.075,6715.0,4226.075000000001
7905,2488,83,82,18,18,20,9234.787499999999,7055.0,2179.7874999999985
7906,2488,75,74,22,21,22,8777.7,6375.0,2402.7000000000007
7907,2488,67,66,22,22,23,12225.658007812499,5695.0,6530.658007812499
7908,2488,84,83,19,19,20,9048.15,7140.0,1908.1499999999996
7909,2488,79,78,18,18,19,7093.8,6715.0,378.8000000000002
7910,2488,62,61,22,22,19,7995.6,5270.0,2725.6000000000004
7911,2488,68,67,15,15,18,12596.625,5780.0,6816.625
7912,2488,84,83,20,20,25,14422.5,7140.0,7282.5
7913,2488,76,75,18,18,17,7098.3,6460.0,638.3000000000002
7914,2488,77,76,24,24,25,12597.975,6545.0,6052.975
7915,2488,72,71,15,15,19,9538.2,6120.0,3418.2000000000007
7916,2488,76,75,21,21,27,15327.675,6460.0,8867.675
7917,2488,80,79,18,18,17,10024.0875,6800.0,3224.0874999999996
7918,2488,67,66,22,22,29,14526.26015625,5695.0,8831.26015625
7919,2488,78,77,18,17,21,10172.53125,6630.0,3542.53125
7920,2488,79,78,14,14,13,5330.7,6715.0,-1384.3000000000002
7921,2488,70,69,19,19,24,14379.975,5950.0,8429.975
7922,2488,75,74,16,16,26,16256.25,6375.0,9881.25
7923,2488,79,78,18,18,23,11134.9125,6715.0,4419.9125
7924,2488,73,72,16,16,19,8792.1,6205.0,2587.1000000000004
7925,2488,70,69,22,22,13,5418.0,5950.0,-532.0
7926,2488,72,71,16,16,14,7822.35,6120.0,1702.3500000000004
7927,2488,67,66,19,19,20,8405.325,5695.0,2710.3250000000007
7928,2488,69,68,21,21,18,7385.4,5865.0,1520.3999999999996
7929,2488,73,72,16,16,21,12628.29375,6205.0,6423.293750000001
7930,2488,72,71,20,19,20,9018.7875,6120.0,2898.7875000000004
7931,2488,77,76,12,12,16,8005.5,6545.0,1460.5
7932,2488,81,80,19,19,22,11393.55,6885.0,4508.549999999999
7933,2488,81,80,15,15,16,6871.950000000001,6885.0,-13.049999999999272
7934,2488,74,73,17,17,16,5238.0,6290.0,-1052.0
7935,2488,80,79,24,24,31,14984.55,6800.0,8184.549999999999
7936,2488,77,76,16,16,22,9488.7,6545.0,2943.7000000000007
7937,2488,84,83,18,18,19,11639.756249999999,7140.0,4499.7562499999985
7938,2488,72,71,17,17,21,10679.400000000001,6120.0,4559.4000000000015
7939,2488,83,82,16,16,18,9985.05,7055.0,2930.0499999999993
7940,2488,72,71,16,16,15,7389.9,6120.0,1269.8999999999996
7941,2488,77,76,20,20,33,16958.3203125,6545.0,10413.3203125
7942,2488,75,74,17,17,24,15556.05,6375.0,9181.05
7943,2488,73,72,16,16,15,6849.0,6205.0,644.0
7944,2488,76,75,16,16,20,12345.3,6460.0,5885.299999999999
7945,2488,76,75,20,20,30,21247.875,6460.0,14787.875
7946,2488,75,74,13,13,16,8127.0,6375.0,1752.0
7947,2488,87,86,17,17,18,9616.837500000001,7395.0,2221.8375000000015
7948,2488,68,67,16,16,8,2340.0,5780.0,-3440.0
7949,2488,69,68,21,21,30,17984.925,5865.0,12119.925
7950,2488,64,63,17,17,12,5826.15,5440.0,386.14999999999964
7951,2488,91,90,12,12,20,9706.5,7735.0,1971.5
7952,2488,72,71,15,15,12,5576.4,6120.0,-543.6000000000004
7953,2488,85,84,16,15,29,19641.4875,7225.0,12416.4875
7954,2488,81,80,15,15,13,7815.9375,6885.0,930.9375
7955,2488,76,75,17,16,26,15713.325,6460.0,9253.325
7956,2488,76,75,24,24,27,14841.45,6460.0,8381.45
7957,2488,70,69,22,22,23,12291.3,5950.0,6341.299999999999
7958,2488,73,72,19,19,22,12952.51171875,6205.0,6747.51171875
7959,2488,84,83,19,19,12,6075.0,7140.0,-1065.0
7960,2488,81,80,17,17,17,9272.7,6885.0,2387.7000000000007
7961,2488,77,76,19,19,23,9445.95,6545.0,2900.9500000000007
7962,2488,65,64,21,21,29,13797.7875,5525.0,8272.7875
7963,2488,76,75,17,17,15,8088.75,6460.0,1628.75
7964,2488,80,79,14,14,16,7809.975,6800.0,1009.9750000000004
7965,2488,77,76,17,17,13,6043.950000000001,6545.0,-501.0499999999993
7966,2488,70,69,18,18,14,6923.699999999999,5950.0,973.6999999999989
7967,2488,74,73,15,15,22,8323.7625,6290.0,2033.7625000000007
7968,2488,75,74,19,19,19,10884.375,6375.0,4509.375
7969,2488,70,69,20,20,27,16142.625,5950.0,10192.625
7970,2488,76,75,20,19,28,18074.151562500003,6460.0,11614.151562500003
7971,2488,68,67,20,19,13,7604.1,5780.0,1824.1000000000004
7972,2488,68,67,16,16,14,6668.1,5780.0,888.1000000000004
7973,2488,65,64,18,18,16,6412.5,5525.0,887.5
7974,2488,78,77,19,19,24,12442.05,6630.0,5812.049999999999
7975,2488,75,74,12,12,9,5290.2,6375.0,-1084.8000000000002
7976,2488,81,80,13,13,25,14876.83125,6885.0,7991.831249999999
7977,2488,62,61,23,23,20,9826.425,5270.0,4556.424999999999
7978,2488,83,82,30,30,44,27983.30625,7055.0,20928.30625
7979,2488,77,76,13,13,15,6615.0,6545.0,70.0
7980,2488,70,69,17,17,22,11832.975,5950.0,5882.975
7981,2488,75,74,18,18,21,11134.35,6375.0,4759.35
7982,2488,83,82,21,21,15,6475.5,7055.0,-579.5
7983,2488,71,70,18,18,10,3081.6,6035.0,-2953.4
7984,2488,72,71,20,19,25,12809.475,6120.0,6689.475
7985,2488,82,81,14,14,17,9815.85,6970.0,2845.8500000000004
7986,2488,71,70,21,21,26,15549.8625,6035.0,9514.8625
7987,2488,74,73,16,16,9,3265.2,6290.0,-3024.8
7988,2488,80,79,23,23,20,8750.025,6800.0,1950.0249999999996
7989,2488,76,75,21,21,25,12105.45,6460.0,5645.450000000001
7990,2488,75,74,17,17,32,22580.043749999997,6375.0,16205.043749999997
7991,2488,79,78,23,23,21,10130.934375,6715.0,3415.9343750000007
7992,2488,69,68,15,15,25,17843.2875,5865.0,11978.287499999999
7993,2488,69,68,18,18,26,15071.793749999999,5865.0,9206.793749999999
7994,2488,79,78,15,15,20,13512.459374999999,6715.0,6797.4593749999985
7995,2488,75,74,15,15,14,7246.8,6375.0,871.8000000000002
7996,2488,78,77,15,15,15,6253.200000000001,6630.0,-376.7999999999993
7997,2488,76,75,16,16,17,8968.162500000002,6460.0,2508.162500000002
7998,2488,77,76,19,19,16,6738.75,6545.0,193.75
7999,2488,77,76,22,22,22,7578.224999999999,6545.0,1033.2249999999995
8000,2488,80,79,17,17,17,8218.35,6800.0,1418.3500000000004
8001,2488,78,77,19,19,18,9407.8125,6630.0,2777.8125
8002,2488,71,70,19,19,21,7456.05,6035.0,1421.0500000000002
8003,2488,69,68,16,16,28,19239.3,5865.0,13374.3
8004,2488,79,78,14,14,13,6542.1,6715.0,-172.89999999999964
8005,2488,79,78,17,16,21,9359.49375,6715.0,2644.4937499999996
8006,2488,72,71,19,19,16,5782.5,6120.0,-337.5
8007,2488,72,71,16,16,26,16490.1796875,6120.0,10370.1796875
8008,2488,78,77,20,20,23,12065.4,6630.0,5435.4
8009,2488,77,76,22,22,25,12155.4,6545.0,5610.4
8010,2488,79,78,16,16,24,14321.306250000001,6715.0,7606.3062500000015
8011,2488,76,75,17,17,31,19260.70246582031,6460.0,12800.702465820312
8012,2488,86,85,14,14,19,10644.35625,7310.0,3334.3562500000007
8013,2488,80,79,17,17,16,7348.05,6800.0,548.0500000000002
8014,2488,73,72,17,17,18,11183.85,6205.0,4978.85
8015,2488,80,79,17,16,19,8805.15,6800.0,2005.1499999999996
8016,2488,75,74,18,18,22,10142.15625,6375.0,3767.15625
8017,2488,68,67,22,22,29,14360.0625,5780.0,8580.0625
8018,2488,76,75,22,21,20,9687.6,6460.0,3227.6000000000004
8019,2488,80,79,19,18,21,13184.49375,6800.0,6384.49375
8020,2488,78,77,13,13,14,7155.0,6630.0,525.0
8021,2488,77,76,19,19,18,10182.15,6545.0,3637.1499999999996
8022,2488,74,73,18,18,24,13755.15,6290.0,7465.15
8023,2488,74,73,19,19,23,12854.7,6290.0,6564.700000000001
8024,2488,77,76,18,18,27,17508.885205078124,6545.0,10963.885205078124
8025,2488,67,66,18,18,13,6391.35,5695.0,696.3500000000004
8026,2488,69,68,23,23,24,11220.75,5865.0,5355.75
8027,2488,88,87,16,16,14,8280.0,7480.0,800.0
8028,2488,68,67,20,20,11,3751.2000000000003,5780.0,-2028.7999999999997
8029,2488,84,83,18,18,20,7901.1,7140.0,761.1000000000004
8030,2488,69,68,21,21,23,11095.65,5865.0,5230.65
8031,2488,80,79,22,21,22,12828.6,6800.0,6028.6
8032,2488,72,71,23,23,26,15762.150000000001,6120.0,9642.150000000001
8033,2488,65,64,17,17,18,7519.5,5525.0,1994.5
8034,2488,76,75,15,15,17,8934.8625,6460.0,2474.8624999999993
8035,2488,78,77,15,15,22,8224.875,6630.0,1594.875
8036,2488,73,72,20,20,25,13324.303125000002,6205.0,7119.303125000002
8037,2488,83,82,15,15,22,11487.6,7055.0,4432.6
8038,2488,78,77,20,19,25,11781.9140625,6630.0,5151.9140625
8039,2488,77,76,18,18,21,9366.075,6545.0,2821.0750000000007
8040,2488,74,73,22,21,18,6733.8,6290.0,443.8000000000002
8041,2488,73,72,19,19,26,13354.368750000001,6205.0,7149.3687500000015
8042,2488,73,72,20,20,29,15418.575,6205.0,9213.575
8043,2488,83,82,20,20,28,16218.056249999998,7055.0,9163.056249999998
8044,2488,77,76,17,17,19,10846.35,6545.0,4301.35
8045,2488,73,72,17,17,16,7172.55,6205.0,967.5500000000002
8046,2488,73,72,18,18,23,11258.1,6205.0,5053.1
8047,2488,84,83,19,19,19,7541.1,7140.0,401.10000000000036
8048,2488,71,70,16,15,14,7018.199999999999,6035.0,983.1999999999989
8049,2488,71,70,18,18,18,10492.3125,6035.0,4457.3125
8050,2488,87,86,12,12,14,6750.0,7395.0,-645.0
8051,2488,81,80,18,18,17,7178.4,6885.0,293.39999999999964
8052,2488,70,69,19,19,13,4659.3,5950.0,-1290.6999999999998
8053,2488,82,81,19,18,17,8193.6,6970.0,1223.6000000000004
8054,2488,69,68,21,21,27,15997.5,5865.0,10132.5
8055,2488,80,79,16,16,19,7472.7,6800.0,672.6999999999998
8056,2488,78,77,18,18,23,10918.0125,6630.0,4288.012500000001
8057,2488,81,80,15,15,25,14643.45,6885.0,7758.450000000001
8058,2488,82,81,20,19,15,7082.1,6970.0,112.10000000000036
8059,2488,80,79,23,23,24,10641.6,6800.0,3841.6000000000004
8060,2488,79,78,18,17,21,12909.6,6715.0,6194.6
8061,2488,78,77,18,18,35,18848.41875,6630.0,12218.41875
8062,2488,70,69,21,21,19,8462.7,5950.0,2512.7000000000007
8063,2488,75,74,20,20,23,10833.01875,6375.0,4458.018749999999
8064,2488,80,79,21,21,20,8145.224999999999,6800.0,1345.2249999999995
8065,2488,76,75,20,20,27,16119.787499999999,6460.0,9659.787499999999
8066,2488,73,72,15,15,12,5418.0,6205.0,-787.0
8067,2488,86,85,16,16,30,18243.50625,7310.0,10933.506249999999
8068,2488,68,67,19,18,19,8861.175,5780.0,3081.1749999999993
8069,2488,76,75,18,18,32,19103.937890625,6460.0,12643.937890624999
8070,2488,81,80,20,20,18,7486.200000000001,6885.0,601.2000000000007
8071,2488,83,82,16,16,15,6719.85,7055.0,-335.14999999999964
8072,2488,82,81,18,17,14,6354.0,6970.0,-616.0
8073,2488,73,72,20,20,35,18604.35,6205.0,12399.349999999999
8074,2488,80,79,13,13,13,6944.85,6800.0,144.85000000000036
8075,2488,81,80,20,20,18,8140.05,6885.0,1255.0500000000002
8076,2488,76,75,14,14,20,12217.5,6460.0,5757.5
8077,2488,77,76,16,16,15,8855.325,6545.0,2310.3250000000007
8078,2488,80,79,21,21,32,17303.175000000003,6800.0,10503.175000000003
8079,2488,86,85,17,16,22,14839.9875,7310.0,7529.987499999999
8080,2488,73,72,18,17,16,7577.1,6205.0,1372.1000000000004
8081,2488,69,68,15,15,24,12942.45,5865.0,7077.450000000001
8082,2488,81,80,10,10,10,3420.0,6885.0,-3465.0
8083,2488,86,85,16,16,15,7199.099999999999,7310.0,-110.90000000000055
8084,2488,75,74,15,14,15,7185.825000000001,6375.0,810.8250000000007
8085,2488,85,84,20,20,26,12752.775,7225.0,5527.775
8086,2488,77,76,18,18,22,9837.675,6545.0,3292.6749999999993
8087,2488,80,79,14,14,19,9969.525,6800.0,3169.5249999999996
8088,2488,81,80,15,15,23,11148.75,6885.0,4263.75
8089,2488,71,70,17,17,13,7631.1,6035.0,1596.1000000000004
8090,2488,85,84,23,22,26,11060.550000000001,7225.0,3835.550000000001
8091,2488,68,67,21,21,13,3995.1,5780.0,-1784.9
8092,2488,82,81,17,17,20,8455.95,6970.0,1485.9500000000007
8093,2488,76,75,20,20,14,4195.8,6460.0,-2264.2
8094,2488,89,88,16,16,14,7086.6,7565.0,-478.39999999999964
8095,2488,82,81,22,22,18,6961.049999999999,6970.0,-8.950000000000728
8096,2488,74,73,23,23,39,24147.323437500003,6290.0,17857.323437500003
8097,2488,70,69,17,16,16,7141.5,5950.0,1191.5
8098,2488,80,79,22,22,23,11636.1,6800.0,4836.1
8099,2488,75,74,16,16,17,8356.162499999999,6375.0,1981.1624999999985
8100,2488,78,77,20,19,15,7238.7,6630.0,608.6999999999998
8101,2488,82,81,12,12,9,3375.9,6970.0,-3594.1
8102,2488,84,83,13,13,7,2419.2,7140.0,-4720.8
8103,2488,83,82,14,14,9,2502.9,7055.0,-4552.1
8104,2488,92,91,19,19,16,8543.25,7820.0,723.25
8105,2488,84,83,20,20,17,7749.0,7140.0,609.0
8106,2488,71,70,20,20,22,10020.4875,6035.0,3985.4874999999993
8107,2488,81,80,17,16,18,9223.425,6885.0,2338.4249999999993
8108,2488,70,69,21,21,21,10302.300000000001,5950.0,4352.300000000001
8109,2488,67,66,25,25,29,14191.93125,5695.0,8496.93125
8110,2488,78,77,17,17,17,6692.4,6630.0,62.399999999999636
8111,2488,73,72,19,19,22,12366.9,6205.0,6161.9
8112,2488,84,83,16,16,18,12689.55,7140.0,5549.549999999999
8113,2488,80,79,19,19,18,6899.85,6800.0,99.85000000000036
8114,2488,83,82,15,15,13,5825.7,7055.0,-1229.3000000000002
8115,2488,81,80,23,23,30,16567.0453125,6885.0,9682.045312499999
8116,2488,79,78,15,15,10,4402.18125,6715.0,-2312.8187500000004
8117,2488,82,81,21,21,25,11210.34375,6970.0,4240.34375
8118,2488,79,78,22,22,19,9209.3625,6715.0,2494.3624999999993
8119,2488,71,70,23,23,25,10437.3,6035.0,4402.299999999999
8120,2488,77,76,18,18,20,14262.3140625,6545.0,7717.3140625
8121,2488,76,75,19,19,20,10654.938281249999,6460.0,4194.938281249999
8122,2488,72,71,17,17,16,7558.2,6120.0,1438.1999999999998
8123,2488,83,82,15,15,16,7476.9609375,7055.0,421.9609375
8124,2488,74,73,20,20,17,6678.900000000001,6290.0,388.90000000000055
8125,2488,80,79,22,22,19,11385.675,6800.0,4585.674999999999
8126,2488,76,75,20,20,24,11856.825,6460.0,5396.825000000001
8127,2488,71,70,22,21,26,12993.300000000001,6035.0,6958.300000000001
8128,2488,66,65,22,21,24,11523.824999999999,5610.0,5913.824999999999
8129,2488,76,75,20,20,17,8359.425,6460.0,1899.4249999999993
8130,2488,68,67,15,14,34,25945.20703125,5780.0,20165.20703125
8131,2488,70,69,18,18,13,4334.4,5950.0,-1615.6000000000004
8132,2488,74,73,16,16,25,15994.349999999999,6290.0,9704.349999999999
8133,2488,73,72,21,20,28,14630.2875,6205.0,8425.2875
8134,2488,84,83,14,14,16,7030.349999999999,7140.0,-109.65000000000055
8135,2488,76,75,20,20,14,5946.75,6460.0,-513.25
8136,2488,74,73,25,24,21,10481.175,6290.0,4191.174999999999
8137,2488,76,75,17,17,20,10745.55,6460.0,4285.549999999999
8138,2488,74,73,21,21,17,7870.95,6290.0,1580.9499999999998
8139,2488,78,77,12,12,11,7094.25,6630.0,464.25
8140,2488,81,80,18,18,24,13775.5125,6885.0,6890.512500000001
8141,2488,71,70,15,15,8,4517.1,6035.0,-1517.8999999999996
8142,2488,72,71,20,20,19,8078.175,6120.0,1958.1750000000002
8143,2488,83,82,13,13,13,7364.25,7055.0,309.25
8144,2488,80,79,19,18,17,7011.900000000001,6800.0,211.90000000000055
8145,2488,71,70,19,19,29,15963.6375,6035.0,9928.6375
8146,2488,92,91,14,14,13,5005.575000000001,7820.0,-2814.4249999999993
8147,2488,75,74,13,13,9,2550.6,6375.0,-3824.4
8148,2488,69,68,14,14,24,16350.75,5865.0,10485.75
8149,2488,70,69,15,15,20,11463.075,5950.0,5513.075000000001
8150,2488,80,79,14,14,11,5242.950000000001,6800.0,-1557.0499999999993
8151,2488,72,71,18,18,19,10794.6,6120.0,4674.6
8152,2488,74,73,27,27,15,6265.8,6290.0,-24.199999999999818
8153,2488,77,76,15,15,24,13795.3125,6545.0,7250.3125
8154,2488,71,70,18,18,26,15587.1,6035.0,9552.1
8155,2488,69,68,23,23,32,19565.4375,5865.0,13700.4375
8156,2488,66,65,17,17,23,11296.35,5610.0,5686.35
8157,2488,78,77,17,17,17,6678.9,6630.0,48.899999999999636
8158,2488,80,79,18,18,27,14833.63125,6800.0,8033.63125
8159,2488,76,75,18,18,33,23297.45625,6460.0,16837.45625
8160,2488,68,67,17,17,19,9472.95,5780.0,3692.9500000000007
8161,2488,80,79,24,24,20,7704.9,6800.0,904.8999999999996
8162,2488,71,70,16,16,17,6411.4875,6035.0,376.4875000000002
8163,2488,78,77,13,13,13,8120.7,6630.0,1490.6999999999998
8164,2488,63,62,24,24,21,11512.8,5355.0,6157.799999999999
8165,2488,74,73,21,20,17,9731.7,6290.0,3441.7000000000007
8166,2488,75,74,19,19,22,11306.25,6375.0,4931.25
8167,2488,68,67,18,18,34,18669.2625,5780.0,12889.2625
8168,2488,79,78,13,13,16,7374.6,6715.0,659.6000000000004
8169,2488,81,80,20,20,15,4573.8,6885.0,-2311.2
8170,2488,86,85,17,17,13,6975.0,7310.0,-335.0
8171,2488,71,70,16,16,16,9162.9,6035.0,3127.8999999999996
8172,2488,91,90,21,21,22,11137.5,7735.0,3402.5
8173,2488,74,73,16,16,18,10305.0,6290.0,4015.0
8174,2488,76,75,15,15,17,6975.900000000001,6460.0,515.9000000000005
8175,2488,61,60,23,23,28,15604.706250000001,5185.0,10419.706250000001
8176,2488,67,66,24,24,21,12663.0,5695.0,6968.0
8177,2488,79,78,19,19,21,10031.0625,6715.0,3316.0625
8178,2488,76,75,20,19,14,7455.6,6460.0,995.6000000000004
8179,2488,83,82,17,17,18,6597.9,7055.0,-457.10000000000036
8180,2488,76,75,20,20,13,4536.9,6460.0,-1923.1000000000004
8181,2488,86,85,20,20,16,8761.275000000001,7310.0,1451.2750000000015
8182,2488,70,69,22,21,14,5945.4,5950.0,-4.600000000000364
8183,2488,76,75,17,17,19,10152.421875,6460.0,3692.421875
8184,2488,68,67,15,14,30,19222.2703125,5780.0,13442.2703125
8185,2488,84,83,23,23,28,13657.05,7140.0,6517.049999999999
8186,2488,63,62,18,18,29,20047.246874999997,5355.0,14692.246874999997
8187,2488,74,73,16,16,12,4969.8,6290.0,-1320.1999999999998
8188,2488,69,68,22,22,26,10643.7375,5865.0,4778.737499999999
8189,2488,81,80,15,15,19,10635.3,6885.0,3750.2999999999993
8190,2488,76,75,15,15,25,11907.464062500001,6460.0,5447.464062500001
8191,2488,76,75,16,16,11,3478.05,6460.0,-2981.95
8192,2488,72,71,17,17,14,6826.5,6120.0,706.5
8193,2488,74,73,17,17,12,5294.7,6290.0,-995.3000000000002
8194,2488,74,73,19,18,19,10090.8,6290.0,3800.7999999999993
8195,2488,73,72,20,19,32,19352.475,6205.0,13147.474999999999
8196,2488,72,71,20,20,23,13320.73125,6120.0,7200.731250000001
8197,2488,75,74,23,23,18,6954.299999999999,6375.0,579.2999999999993
8198,2488,77,76,18,18,8,2939.4,6545.0,-3605.6
8199,2488,70,69,14,13,18,9521.1,5950.0,3571.1000000000004
8200,2488,72,71,17,17,12,4013.1,6120.0,-2106.9
8201,2488,72,71,20,20,21,13700.25,6120.0,7580.25
8202,2488,73,72,20,19,20,10471.274999999998,6205.0,4266.274999999998
8203,2488,77,76,17,17,24,14008.275,6545.0,7463.275
8204,2488,76,75,18,17,22,12134.925,6460.0,5674.924999999999
8205,2488,83,82,17,17,12,2301.3,7055.0,-4753.7
8206,2488,76,75,13,13,19,10022.85,6460.0,3562.8500000000004
8207,2488,73,72,16,16,30,18392.962499999998,6205.0,12187.962499999998
8208,2488,77,76,17,17,23,10870.65,6545.0,4325.65
8209,2488,67,66,18,17,18,9536.85,5695.0,3841.8500000000004
8210,2488,78,77,16,16,21,11511.61875,6630.0,4881.61875
8211,2488,75,74,19,19,20,9798.75,6375.0,3423.75
8212,2488,84,83,14,14,10,3835.8,7140.0,-3304.2
8213,2488,75,74,17,17,18,9583.65,6375.0,3208.6499999999996
8214,2488,84,83,18,18,13,5682.6,7140.0,-1457.3999999999996
8215,2488,83,82,16,16,18,7772.400000000001,7055.0,717.4000000000005
8216,2488,69,68,16,15,18,10614.6,5865.0,4749.6
8217,2488,87,86,16,16,17,7359.074999999999,7395.0,-35.92500000000109
8218,2488,79,78,18,18,22,11499.975,6715.0,4784.975
8219,2488,82,81,13,12,15,6075.0,6970.0,-895.0
8220,2488,70,69,18,17,17,10310.90625,5950.0,4360.90625
8221,2488,78,77,13,13,9,3134.25,6630.0,-3495.75
8222,2488,67,66,18,17,15,6756.3,5695.0,1061.3000000000002
8223,2488,75,74,14,14,22,12455.8875,6375.0,6080.887500000001
8224,2488,80,79,12,11,15,8895.6,6800.0,2095.6000000000004
8225,2488,73,72,23,23,27,16955.8875,6205.0,10750.8875
8226,2488,78,77,16,16,27,15593.4,6630.0,8963.4
8227,2488,75,74,18,18,26,15539.625,6375.0,9164.625
8228,2488,86,85,20,20,13,7041.6,7310.0,-268.39999999999964
8229,2488,78,77,17,17,18,7380.9,6630.0,750.8999999999996
8230,2488,71,70,18,18,23,11712.15,6035.0,5677.15
8231,2488,74,73,19,18,21,11652.75,6290.0,5362.75
8232,2488,79,78,20,20,18,7073.1,6715.0,358.10000000000036
8233,2488,71,70,18,18,23,13726.3359375,6035.0,7691.3359375
8234,2488,73,72,13,13,18,9296.55,6205.0,3091.5499999999993
8235,2488,67,66,13,13,18,7976.475,5695.0,2281.4750000000004
8236,2488,78,77,17,16,14,7920.0,6630.0,1290.0
8237,2488,69,68,23,23,34,19196.775,5865.0,13331.775000000001
8238,2488,82,81,19,19,13,6152.85,6970.0,-817.1499999999996
8239,2488,65,64,21,21,25,15343.059375,5525.0,9818.059375
8240,2488,72,71,20,20,16,6255.9,6120.0,135.89999999999964
8241,2488,66,65,20,20,28,14921.38125,5610.0,9311.38125
8242,2488,73,72,16,16,15,7822.8,6205.0,1617.8000000000002
8243,2488,67,66,20,20,23,12027.599999999999,5695.0,6332.5999999999985
8244,2488,81,80,13,13,14,6801.3,6885.0,-83.69999999999982
8245,2488,74,73,20,20,22,11862.675,6290.0,5572.674999999999
8246,2488,71,70,17,17,28,16003.349999999999,6035.0,9968.349999999999
8247,2488,67,66,15,15,18,7860.375,5695.0,2165.375
8248,2488,81,80,15,15,16,8623.8,6885.0,1738.7999999999993
8249,2488,74,73,19,19,31,18379.35,6290.0,12089.349999999999
8250,2488,80,79,17,17,19,10846.9125,6800.0,4046.9125000000004
8251,2488,75,74,18,18,21,11656.6875,6375.0,5281.6875
8252,2488,71,70,16,16,31,17604.393750000003,6035.0,11569.393750000003
8253,2488,75,74,15,15,19,9799.0875,6375.0,3424.0874999999996
8254,2488,77,76,18,18,11,3398.4,6545.0,-3146.6
8255,2488,79,78,22,22,26,13892.68125,6715.0,7177.68125
8256,2488,75,74,22,22,16,7861.499999999999,6375.0,1486.499999999999
8257,2488,81,80,15,15,12,6441.1875,6885.0,-443.8125
8258,2488,82,81,17,17,28,14738.175000000001,6970.0,7768.175000000001
8259,2488,82,81,14,14,13,5734.8,6970.0,-1235.1999999999998
8260,2488,71,70,22,22,26,12028.5,6035.0,5993.5
8261,2488,72,71,21,20,28,14872.359374999996,6120.0,8752.359374999996
8262,2488,77,76,18,18,17,6507.9,6545.0,-37.100000000000364
8263,2488,79,78,14,14,12,6633.9,6715.0,-81.10000000000036
8264,2488,82,81,14,14,17,8187.3,6970.0,1217.3000000000002
8265,2488,72,71,19,19,26,12781.8,6120.0,6661.799999999999
8266,2488,75,74,18,17,20,10887.3,6375.0,4512.299999999999
8267,2488,85,84,15,15,26,17581.275,7225.0,10356.275000000001
8268,2488,83,82,17,17,16,9300.6,7055.0,2245.6000000000004
8269,2488,82,81,19,18,17,10392.13125,6970.0,3422.1312500000004
8270,2488,73,72,24,24,21,11299.050000000001,6205.0,5094.050000000001
8271,2488,77,76,17,17,18,9960.300000000001,6545.0,3415.300000000001
8272,2488,76,75,19,19,27,15813.0,6460.0,9353.0
8273,2488,63,62,24,24,21,12075.975,5355.0,6720.975
8274,2488,76,75,21,20,19,10966.3875,6460.0,4506.387500000001
8275,2488,73,72,20,20,24,12997.575,6205.0,6792.575000000001
8276,2488,69,68,19,19,35,17990.4375,5865.0,12125.4375
8277,2488,70,69,19,19,24,13396.05,5950.0,7446.049999999999
8278,2488,72,71,19,19,19,8273.25,6120.0,2153.25
8279,2488,65,64,22,22,26,15360.975,5525.0,9835.975
8280,2488,70,69,16,16,14,5817.487499999999,5950.0,-132.51250000000073
8281,2488,66,65,23,23,18,6901.65,5610.0,1291.6499999999996
8282,2488,79,78,12,12,14,5413.950000000001,6715.0,-1301.0499999999993
8283,2488,78,77,17,17,17,6939.210937500001,6630.0,309.2109375000009
8284,2488,75,74,17,17,16,7105.5,6375.0,730.5
8285,2488,84,83,18,18,20,8415.9,7140.0,1275.8999999999996
8286,2488,74,73,15,15,25,15670.518750000001,6290.0,9380.518750000001
8287,2488,67,66,19,19,22,14688.224999999999,5695.0,8993.224999999999
8288,2488,74,73,18,18,24,14160.15,6290.0,7870.15
8289,2488,81,80,20,19,19,8142.018749999999,6885.0,1257.0187499999993
8290,2488,85,84,19,18,15,4900.5,7225.0,-2324.5
8291,2488,79,78,18,17,15,7148.25,6715.0,433.25
8292,2488,85,84,10,9,21,13341.965625,7225.0,6116.965625000001
8293,2488,80,79,22,22,23,13415.625,6800.0,6615.625
8294,2488,86,85,18,18,23,11979.449999999999,7310.0,4669.449999999999
8295,2488,86,85,22,22,39,25789.5791015625,7310.0,18479.5791015625
8296,2488,83,82,14,14,12,4044.6,7055.0,-3010.4
8297,2488,75,74,18,18,29,17485.509375,6375.0,11110.509375000001
8298,2488,74,73,17,16,22,12029.175,6290.0,5739.174999999999
8299,2488,90,89,12,12,11,4514.4,7650.0,-3135.6000000000004
8300,2488,78,77,13,13,15,8316.9,6630.0,1686.8999999999996
8301,2488,73,72,15,15,24,13978.35,6205.0,7773.35
8302,2488,74,73,21,21,16,6273.900000000001,6290.0,-16.099999999999454
8303,2488,76,75,15,15,16,9939.599999999999,6460.0,3479.5999999999985
8304,2488,76,75,18,18,23,10088.8875,6460.0,3628.8875000000007
8305,2488,77,76,25,25,25,13702.3875,6545.0,7157.387500000001
8306,2488,76,75,21,21,27,15550.4671875,6460.0,9090.4671875
8307,2488,72,71,16,16,20,10003.556250000001,6120.0,3883.5562500000015
8308,2488,75,74,21,21,23,13150.35,6375.0,6775.35
8309,2488,75,74,15,15,18,10092.6,6375.0,3717.6000000000004
8310,2488,70,69,19,19,20,10600.650000000001,5950.0,4650.6500000000015
8311,2488,77,76,21,20,7,2309.4,6545.0,-4235.6
8312,2488,79,78,15,15,19,11731.1625,6715.0,5016.1625
8313,2488,77,76,16,16,16,10410.75,6545.0,3865.75
8314,2488,83,82,18,18,19,8673.3,7055.0,1618.2999999999993
8315,2488,71,70,17,17,27,16404.58125,6035.0,10369.58125
8316,2488,72,71,17,17,21,10482.75,6120.0,4362.75
8317,2488,77,76,19,19,22,10673.999999999998,6545.0,4128.999999999998
8318,2488,70,69,21,21,14,7288.2,5950.0,1338.1999999999998
8319,2488,74,73,19,19,26,12642.4125,6290.0,6352.4125
8320,2488,77,76,22,22,20,7008.356250000001,6545.0,463.3562500000007
8321,2488,73,72,14,14,15,6588.9,6205.0,383.89999999999964
8322,2488,69,68,22,21,27,14880.3328125,5865.0,9015.3328125
8323,2488,83,82,18,18,14,6844.05,7055.0,-210.94999999999982
8324,2488,71,70,20,20,16,6657.3,6035.0,622.3000000000002
8325,2488,69,68,22,22,21,9623.25,5865.0,3758.25
8326,2488,69,68,15,15,18,11480.807812500001,5865.0,5615.807812500001
8327,2488,74,73,16,16,16,6812.100000000001,6290.0,522.1000000000013
8328,2488,76,75,14,14,8,2337.3,6460.0,-4122.7
8329,2488,71,70,20,20,25,12310.2,6035.0,6275.200000000001
8330,2488,72,71,20,20,26,18512.1,6120.0,12392.099999999999
8331,2488,75,74,16,16,27,16335.3375,6375.0,9960.3375
8332,2488,78,77,19,19,13,6726.599999999999,6630.0,96.59999999999945
8333,2488,73,72,20,20,21,9440.15625,6205.0,3235.15625
8334,2488,69,68,19,19,22,10355.4,5865.0,4490.4
8335,2488,87,86,18,18,18,7095.15,7395.0,-299.85000000000036
8336,2488,68,67,17,16,20,10625.175,5780.0,4845.174999999999
8337,2488,81,80,14,14,13,6886.828125,6885.0,1.828125
8338,2488,77,76,16,16,22,11247.975,6545.0,4702.975
8339,2488,76,75,25,25,21,7500.15,6460.0,1040.1499999999996
8340,2488,66,65,15,15,21,12532.78125,5610.0,6922.78125
8341,2488,89,88,14,14,10,4594.5,7565.0,-2970.5
8342,2488,66,65,22,22,24,13244.400000000001,5610.0,7634.4000000000015
8343,2488,84,83,20,20,24,15143.5125,7140.0,8003.512500000001
8344,2488,86,85,19,19,23,11607.8625,7310.0,4297.862499999999
8345,2488,82,81,18,18,13,4394.25,6970.0,-2575.75
8346,2488,76,75,13,13,15,9089.1,6460.0,2629.1000000000004
8347,2488,78,77,12,12,10,4915.799999999999,6630.0,-1714.2000000000007
8348,2488,86,85,21,21,11,5678.1,7310.0,-1631.8999999999996
8349,2488,80,79,19,19,14,5950.8,6800.0,-849.1999999999998
8350,2488,77,76,21,21,13,4100.4,6545.0,-2444.6000000000004
8351,2488,78,77,22,21,26,14640.159375000001,6630.0,8010.159375000001
8352,2488,69,68,24,24,20,10410.3,5865.0,4545.299999999999
8353,2488,79,78,23,22,25,10659.6,6715.0,3944.6000000000004
8354,2488,89,88,20,20,20,8390.7,7565.0,825.7000000000007
8355,2488,80,79,22,21,15,8884.8,6800.0,2084.7999999999993
8356,2488,76,75,19,19,11,4008.6000000000004,6460.0,-2451.3999999999996
8357,2488,82,81,14,14,15,7771.95,6970.0,801.9499999999998
8358,2488,72,71,18,18,30,16816.5,6120.0,10696.5
8359,2488,71,70,19,19,26,13713.4125,6035.0,7678.4125
8360,2488,76,75,24,24,18,7234.65,6460.0,774.6499999999996
8361,2488,79,78,19,19,15,5859.9,6715.0,-855.1000000000004
8362,2488,89,88,16,16,21,11462.400000000001,7565.0,3897.4000000000015
8363,2488,73,72,12,12,14,5792.85,6205.0,-412.14999999999964
8364,2488,75,74,21,21,16,8255.475,6375.0,1880.4750000000004
8365,2488,81,80,12,12,11,5268.6,6885.0,-1616.3999999999996
8366,2488,67,66,23,22,26,12892.5,5695.0,7197.5
8367,2488,69,68,22,22,27,15501.15,5865.0,9636.15
8368,2488,84,83,21,21,16,8130.487499999999,7140.0,990.4874999999993
8369,2488,78,77,19,19,15,6239.7,6630.0,-390.3000000000002
8370,2488,68,67,20,20,34,20734.340624999997,5780.0,14954.340624999997
8371,2488,82,81,14,13,16,5499.0,6970.0,-1471.0
8372,2488,81,80,16,16,18,10719.900000000001,6885.0,3834.9000000000015
8373,2488,71,70,19,19,21,14674.724999999999,6035.0,8639.724999999999
8374,2488,73,72,18,18,25,16496.1,6205.0,10291.099999999999
8375,2488,82,81,21,20,23,10777.05,6970.0,3807.0499999999993
8376,2488,79,78,14,14,9,4158.9,6715.0,-2556.1000000000004
8377,2488,73,72,21,21,27,17653.95,6205.0,11448.95
8378,2488,78,77,22,22,26,14790.7125,6630.0,8160.7125
8379,2488,80,79,14,14,11,4500.0,6800.0,-2300.0
8380,2488,76,75,19,18,20,8242.3125,6460.0,1782.3125
8381,2488,78,77,21,21,32,20211.3,6630.0,13581.3
8382,2488,79,78,16,16,15,7489.8,6715.0,774.8000000000002
8383,2488,71,70,22,22,24,13341.6,6035.0,7306.6
8384,2488,73,72,15,15,12,5184.0,6205.0,-1021.0
8385,2488,78,77,19,19,18,7260.299999999999,6630.0,630.2999999999993
8386,2488,76,75,17,17,12,4782.6,6460.0,-1677.3999999999996
8387,2488,77,76,19,19,15,6034.05,6545.0,-510.9499999999998
8388,2488,76,75,22,22,27,14668.65,6460.0,8208.65
8389,2488,76,75,16,15,28,18449.55,6460.0,11989.55
8390,2488,75,74,15,15,23,12676.275,6375.0,6301.275
8391,2488,65,64,22,21,23,10155.6,5525.0,4630.6
8392,2488,70,69,22,21,34,23423.4,5950.0,17473.4
8393,2488,77,76,16,16,12,5534.775,6545.0,-1010.2250000000004
8394,2488,69,68,16,16,13,4979.025000000001,5865.0,-885.9749999999995
8395,2488,82,81,17,17,16,9433.2375,6970.0,2463.2374999999993
8396,2488,68,67,20,20,25,11356.2,5780.0,5576.200000000001
8397,2488,86,85,14,14,15,8742.375,7310.0,1432.375
8398,2488,82,81,16,16,31,19225.4625,6970.0,12255.462500000001
8399,2488,69,68,25,25,38,20510.6625,5865.0,14645.662499999999
8400,2488,75,74,18,18,24,15436.125,6375.0,9061.125
8401,2488,70,69,23,23,27,15312.6,5950.0,9362.6
8402,2488,79,78,20,20,18,9451.8,6715.0,2736.7999999999993
8403,2488,86,85,22,22,25,12830.400000000001,7310.0,5520.4000000000015
8404,2488,83,82,15,15,8,2641.5,7055.0,-4413.5
8405,2488,80,79,19,19,29,17701.3125,6800.0,10901.3125
8406,2488,74,73,19,19,26,10011.515625,6290.0,3721.515625
8407,2488,71,70,18,18,21,10641.825,6035.0,4606.825000000001
8408,2488,84,83,13,13,10,4818.6,7140.0,-2321.3999999999996
8409,2488,71,70,16,16,27,17717.78935546875,6035.0,11682.78935546875
8410,2488,78,77,16,15,17,7358.400000000001,6630.0,728.4000000000005
8411,2488,77,76,22,22,25,12640.5,6545.0,6095.5
8412,2488,84,83,17,17,11,5008.95,7140.0,-2131.05
8413,2488,76,75,19,19,23,11855.699999999999,6460.0,5395.699999999999
8414,2488,78,77,21,20,25,13197.375,6630.0,6567.375
8415,2488,74,73,21,21,20,8087.850000000001,6290.0,1797.8500000000013
8416,2488,76,75,21,21,26,12752.775,6460.0,6292.775
8417,2488,71,70,17,17,8,2880.0,6035.0,-3155.0
8418,2488,84,83,17,17,15,5666.85,7140.0,-1473.1499999999996
8419,2488,75,74,21,21,21,9872.550000000001,6375.0,3497.550000000001
8420,2488,76,75,18,18,32,23052.0375,6460.0,16592.0375
8421,2488,76,75,19,18,15,6433.2,6460.0,-26.800000000000182
8422,2488,81,80,17,17,22,9707.4,6885.0,2822.3999999999996
8423,2488,72,71,20,19,23,13992.68671875,6120.0,7872.686718749999
8424,2488,78,77,21,21,22,11242.8,6630.0,4612.799999999999
8425,2488,74,73,22,22,24,10803.15,6290.0,4513.15
8426,2488,78,77,19,19,14,6661.8,6630.0,31.800000000000182
8427,2488,74,73,17,17,21,10321.8328125,6290.0,4031.8328125000007
8428,2488,90,89,15,15,11,4734.9,7650.0,-2915.1000000000004
8429,2488,70,69,20,20,25,14343.3,5950.0,8393.3
8430,2488,75,74,14,14,20,10815.4125,6375.0,4440.4125
8431,2488,78,77,23,23,24,9578.7,6630.0,2948.7000000000007
8432,2488,77,76,16,16,14,9321.58125,6545.0,2776.5812499999993
8433,2488,80,79,14,14,15,6767.55,6800.0,-32.44999999999982
8434,2488,73,72,17,17,16,9301.95,6205.0,3096.9500000000007
8435,2488,82,81,14,14,12,7250.625,6970.0,280.625
8436,2488,76,75,15,15,21,11819.475,6460.0,5359.475
8437,2488,77,76,20,20,21,10546.2,6545.0,4001.2000000000007
8438,2488,76,75,16,16,17,8401.5,6460.0,1941.5
8439,2488,70,69,19,19,13,4774.5,5950.0,-1175.5
8440,2488,81,80,16,16,18,9020.7,6885.0,2135.7000000000007
8441,2488,76,75,17,17,23,12575.8125,6460.0,6115.8125
8442,2488,79,78,17,17,25,15739.93125,6715.0,9024.93125
8443,2488,70,69,16,15,18,11546.775000000001,5950.0,5596.7750000000015
8444,2488,77,76,14,13,16,6442.875,6545.0,-102.125
8445,2488,72,71,18,18,22,11388.15,6120.0,5268.15
8446,2488,82,81,16,16,15,7137.9,6970.0,167.89999999999964
8447,2488,78,77,22,22,20,9419.175,6630.0,2789.1749999999993
8448,2488,72,71,17,17,24,11813.4,6120.0,5693.4
8449,2488,69,68,20,19,25,13192.0875,5865.0,7327.0875
8450,2488,78,77,13,12,15,5569.65,6630.0,-1060.3500000000004
8451,2488,77,76,19,19,24,14594.2875,6545.0,8049.2875
8452,2488,80,79,19,19,15,7706.475,6800.0,906.4750000000004
8453,2488,77,76,17,17,19,8628.1875,6545.0,2083.1875
8454,2488,75,74,21,21,16,8221.5,6375.0,1846.5
8455,2488,72,71,22,21,37,24660.45,6120.0,18540.45
8456,2488,81,80,13,13,17,8877.375,6885.0,1992.375
8457,2488,81,80,18,18,19,7862.4,6885.0,977.3999999999996
8458,2488,77,76,19,19,30,17283.6,6545.0,10738.599999999999
8459,2488,79,78,24,24,19,7739.1,6715.0,1024.1000000000004
8460,2488,77,76,21,21,17,6820.2,6545.0,275.1999999999998
8461,2488,76,75,17,17,16,7978.5,6460.0,1518.5
8462,2488,82,81,17,17,24,11444.4,6970.0,4474.4
8463,2488,79,78,17,17,24,12824.4375,6715.0,6109.4375
8464,2488,78,77,18,18,13,6245.55,6630.0,-384.4499999999998
8465,2488,75,74,21,21,20,7529.85,6375.0,1154.8500000000004
8466,2488,80,79,22,22,27,14724.5625,6800.0,7924.5625
8467,2488,84,83,19,19,18,8459.1,7140.0,1319.1000000000004
8468,2488,75,74,15,15,23,15066.418359375,6375.0,8691.418359375
8469,2488,81,80,19,19,13,4394.7,6885.0,-2490.3
8470,2488,80,79,23,23,26,12811.05,6800.0,6011.049999999999
8471,2488,79,78,17,17,24,12072.4875,6715.0,5357.487499999999
8472,2488,77,76,19,19,18,7123.5,6545.0,578.5
8473,2488,78,77,16,16,12,6894.0,6630.0,264.0
8474,2488,74,73,15,15,31,18227.025,6290.0,11937.025000000001
8475,2488,80,79,17,16,22,10664.1,6800.0,3864.1000000000004
8476,2488,71,70,17,17,21,14507.55,6035.0,8472.55
8477,2488,75,74,14,14,13,6014.7,6375.0,-360.3000000000002
8478,2488,83,82,17,17,11,4699.8,7055.0,-2355.2
8479,2488,76,75,12,12,16,9480.6,6460.0,3020.6000000000004
8480,2488,69,68,21,21,32,19145.925000000003,5865.0,13280.925000000003
8481,2488,74,73,17,17,20,9923.4,6290.0,3633.3999999999996
8482,2488,71,70,22,22,29,15905.59013671875,6035.0,9870.59013671875
8483,2488,76,75,19,19,25,12784.5,6460.0,6324.5
8484,2488,75,74,24,24,25,15623.83125,6375.0,9248.83125
8485,2488,79,78,10,10,5,1788.75,6715.0,-4926.25
8486,2488,89,88,12,12,17,9013.95,7565.0,1448.9500000000007
8487,2488,75,74,13,13,13,5901.75,6375.0,-473.25
8488,2488,77,76,15,15,27,16096.050000000001,6545.0,9551.050000000001
8489,2488,80,79,21,21,22,12141.984375,6800.0,5341.984375
8490,2488,74,73,20,20,40,25426.2375,6290.0,19136.2375
8491,2488,73,72,22,21,23,11968.2,6205.0,5763.200000000001
8492,2488,75,74,14,14,7,3150.0,6375.0,-3225.0
8493,2488,83,82,16,16,18,10937.25,7055.0,3882.25
8494,2488,77,76,16,16,18,10815.609375,6545.0,4270.609375
8495,2488,79,78,17,17,13,6553.8,6715.0,-161.19999999999982
8496,2488,71,70,15,15,22,13702.05,6035.0,7667.049999999999
8497,2488,86,85,20,19,22,11647.6875,7310.0,4337.6875
8498,2488,77,76,20,20,21,10467.900000000001,6545.0,3922.9000000000015
8499,2488,82,81,18,18,17,10589.175,6970.0,3619.1749999999993
8500,2488,76,75,18,18,18,10002.15,6460.0,3542.1499999999996
8501,2488,69,68,18,18,20,10930.05,5865.0,5065.049999999999
8502,2488,67,66,21,21,21,10081.35,5695.0,4386.35
8503,2488,66,65,15,15,13,4623.075,5610.0,-986.9250000000002
8504,2488,82,81,16,16,15,8280.0,6970.0,1310.0
8505,2488,71,70,23,23,20,9644.4,6035.0,3609.3999999999996
8506,2488,82,81,24,24,23,11487.375,6970.0,4517.375
8507,2488,86,85,12,12,9,4860.0,7310.0,-2450.0
8508,2488,76,75,16,16,13,5939.1,6460.0,-520.8999999999996
8509,2488,80,79,16,16,11,3811.5,6800.0,-2988.5
8510,2488,79,78,18,18,6,2879.1,6715.0,-3835.9
8511,2488,76,75,17,17,12,4736.7,6460.0,-1723.3000000000002
8512,2488,77,76,19,19,28,12910.44375,6545.0,6365.44375
8513,2488,67,66,16,16,20,9571.5,5695.0,3876.5
8514,2488,77,76,20,20,21,8984.7,6545.0,2439.7000000000007
8515,2488,74,73,24,23,23,9712.8,6290.0,3422.7999999999993
8516,2488,79,78,20,20,27,20210.0625,6715.0,13495.0625
8517,2488,85,84,15,15,12,4394.475,7225.0,-2830.5249999999996
8518,2488,84,83,15,15,16,8233.425,7140.0,1093.4249999999993
8519,2488,65,64,17,17,26,16319.981249999999,5525.0,10794.981249999999
8520,2488,70,69,15,15,16,10354.5,5950.0,4404.5
8521,2488,70,69,24,24,45,27533.042578125,5950.0,21583.042578125
8522,2488,74,73,16,16,28,17739.3375,6290.0,11449.337500000001
8523,2488,85,84,16,16,19,8056.35,7225.0,831.3500000000004
8524,2488,74,73,16,16,24,13495.05,6290.0,7205.049999999999
8525,2488,77,76,21,21,27,13985.325,6545.0,7440.325000000001
8526,2488,80,79,17,17,16,7234.3125,6800.0,434.3125
8527,2488,64,63,22,21,23,13009.5,5440.0,7569.5
8528,2488,67,66,21,21,24,12516.75,5695.0,6821.75
8529,2488,80,79,23,23,27,18010.8,6800.0,11210.8
8530,2488,71,70,20,20,24,12092.4,6035.0,6057.4
8531,2488,78,77,13,12,20,11911.5,6630.0,5281.5
8532,2488,73,72,21,21,24,14577.525,6205.0,8372.525
8533,2488,68,67,17,17,24,14369.175000000001,5780.0,8589.175000000001
8534,2488,73,72,19,19,30,17075.081250000003,6205.0,10870.081250000003
8535,2488,72,71,23,23,36,24321.7125,6120.0,18201.7125
8536,2488,69,68,21,20,26,13624.875,5865.0,7759.875
8537,2488,73,72,20,19,21,10165.05,6205.0,3960.0499999999993
8538,2488,82,81,15,15,12,5472.225,6970.0,-1497.7749999999996
8539,2488,81,80,23,23,26,13193.099999999999,6885.0,6308.0999999999985
8540,2488,74,73,15,15,12,6183.7875,6290.0,-106.21249999999964
8541,2488,73,72,13,12,19,10944.900000000001,6205.0,4739.9000000000015
8542,2488,77,76,24,24,34,19980.9,6545.0,13435.900000000001
8543,2488,71,70,20,20,26,15321.825,6035.0,9286.825
8544,2488,74,73,17,17,14,6539.4,6290.0,249.39999999999964
8545,2488,74,73,23,23,28,16145.071875,6290.0,9855.071875
8546,2488,84,83,20,20,28,17201.907421875003,7140.0,10061.907421875003
8547,2488,73,72,17,17,27,18902.8125,6205.0,12697.8125
8548,2488,81,80,16,16,20,8637.3,6885.0,1752.2999999999993
8549,2488,80,79,19,18,14,6034.5,6800.0,-765.5
8550,2488,65,64,15,15,11,4960.8,5525.0,-564.1999999999998
8551,2488,71,70,21,21,30,18739.4203125,6035.0,12704.420312499999
8552,2488,70,69,15,15,27,15998.625,5950.0,10048.625
8553,2488,65,64,21,21,21,8316.9,5525.0,2791.8999999999996
8554,2488,81,80,15,15,17,9689.400000000001,6885.0,2804.4000000000015
8555,2488,78,77,22,22,21,9702.0,6630.0,3072.0
8556,2488,87,86,15,15,18,8173.8,7395.0,778.8000000000002
8557,2488,79,78,15,15,20,10013.625,6715.0,3298.625
8558,2488,73,72,17,17,16,11735.55,6205.0,5530.549999999999
8559,2488,76,75,15,15,9,4554.0,6460.0,-1906.0
8560,2488,87,86,16,16,16,7746.3,7395.0,351.3000000000002
8561,2488,67,66,20,20,24,14755.893750000001,5695.0,9060.893750000001
8562,2488,83,82,22,22,26,14339.025000000001,7055.0,7284.0250000000015
8563,2488,90,89,16,16,9,5247.9,7650.0,-2402.1000000000004
8564,2488,71,70,18,18,22,12257.55,6035.0,6222.549999999999
8565,2488,82,81,16,16,20,8222.4,6970.0,1252.3999999999996
8566,2488,72,71,20,19,17,6275.25,6120.0,155.25
8567,2488,81,80,21,21,18,10130.400000000001,6885.0,3245.4000000000015
8568,2488,79,78,16,16,10,2875.05,6715.0,-3839.95
8569,2488,79,78,17,16,18,7341.3,6715.0,626.3000000000002
8570,2488,72,71,21,21,13,4936.5,6120.0,-1183.5
8571,2488,79,78,12,12,6,2571.3,6715.0,-4143.7
8572,2488,78,77,16,16,13,6205.049999999999,6630.0,-424.9500000000007
8573,2488,79,78,16,16,35,21598.7765625,6715.0,14883.7765625
8574,2488,81,80,15,15,16,7288.875,6885.0,403.875
8575,2488,77,76,21,21,21,10645.425,6545.0,4100.424999999999
8576,2488,76,75,18,18,20,12087.675,6460.0,5627.674999999999
8577,2488,86,85,16,16,25,15687.618750000001,7310.0,8377.618750000001
8578,2488,81,80,18,18,24,12066.215624999999,6885.0,5181.215624999999
8579,2488,83,82,18,18,17,6563.25,7055.0,-491.75
8580,2488,66,65,17,17,21,11849.85,5610.0,6239.85
8581,2488,79,78,19,19,25,14037.1875,6715.0,7322.1875
8582,2488,81,80,17,17,27,15817.1625,6885.0,8932.1625
8583,2488,74,73,17,17,24,11138.4,6290.0,4848.4
8584,2488,70,69,14,14,24,13296.825,5950.0,7346.825000000001
8585,2488,72,71,24,24,24,11016.45,6120.0,4896.450000000001
8586,2488,81,80,16,16,22,12893.11875,6885.0,6008.11875
8587,2488,88,87,18,18,19,10741.5,7480.0,3261.5
8588,2488,78,77,21,21,18,5775.075,6630.0,-854.9250000000002
8589,2488,85,84,16,16,12,5427.9,7225.0,-1797.1000000000004
8590,2488,71,70,22,22,37,21934.125,6035.0,15899.125
8591,2488,84,83,20,20,19,11050.65,7140.0,3910.6499999999996
8592,2488,76,75,21,21,30,17380.35,6460.0,10920.349999999999
8593,2488,70,69,22,21,47,29300.006250000002,5950.0,23350.006250000002
8594,2488,74,73,21,21,31,17359.55859375,6290.0,11069.55859375
8595,2488,91,90,21,21,24,13004.493750000001,7735.0,5269.4937500000015
8596,2488,70,69,19,19,18,8145.450000000001,5950.0,2195.4500000000007
8597,2488,78,77,19,19,25,16744.05,6630.0,10114.05
8598,2488,85,84,15,15,16,9225.0,7225.0,2000.0
8599,2488,79,78,17,16,16,7128.0,6715.0,413.0
8600,2488,80,79,21,21,17,6354.9,6800.0,-445.10000000000036
8601,2488,75,74,19,19,27,16723.125,6375.0,10348.125
8602,2488,73,72,21,21,23,10547.1,6205.0,4342.1
8603,2488,78,77,25,25,22,10377.0,6630.0,3747.0
8604,2488,74,73,16,16,12,4408.424999999999,6290.0,-1881.5750000000007
8605,2488,69,68,25,25,32,15276.037499999999,5865.0,9411.037499999999
8606,2488,81,80,20,20,28,14795.55,6885.0,7910.549999999999
8607,2488,76,75,20,19,13,6161.4,6460.0,-298.60000000000036
8608,2488,82,81,13,13,12,5806.35,6970.0,-1163.6499999999996
8609,2488,81,80,13,13,12,8571.6,6885.0,1686.6000000000004
8610,2488,85,84,18,18,14,6859.8,7225.0,-365.1999999999998
8611,2488,73,72,20,20,16,5909.4,6205.0,-295.60000000000036
8612,2488,76,75,13,13,13,6624.0,6460.0,164.0
8613,2488,66,65,13,13,20,12149.94375,5610.0,6539.94375
8614,2488,91,90,24,24,18,4662.9,7735.0,-3072.1000000000004
8615,2488,74,73,20,20,29,14911.2,6290.0,8621.2
8616,2488,77,76,20,20,23,11038.05,6545.0,4493.049999999999
8617,2488,82,81,16,15,20,10785.6,6970.0,3815.6000000000004
8618,2488,68,67,26,26,28,14109.974999999999,5780.0,8329.974999999999
8619,2488,80,79,12,12,16,6672.6,6800.0,-127.39999999999964
8620,2488,67,66,18,17,23,13891.725,5695.0,8196.725
8621,2488,91,90,15,15,18,9715.387499999999,7735.0,1980.387499999999
8622,2488,74,73,20,19,13,3838.5,6290.0,-2451.5
8623,2488,86,85,17,17,8,2235.6,7310.0,-5074.4
8624,2488,75,74,13,13,14,5647.21875,6375.0,-727.78125
8625,2488,69,68,17,17,24,14263.875,5865.0,8398.875
8626,2488,80,79,15,15,17,8850.150000000001,6800.0,2050.1500000000015
8627,2488,74,73,16,16,16,10139.4,6290.0,3849.3999999999996
8628,2488,74,73,15,15,18,11786.7375,6290.0,5496.737499999999
8629,2488,70,69,20,20,15,7127.1,5950.0,1177.1000000000004
8630,2488,75,74,19,18,13,5502.15,6375.0,-872.8500000000004
8631,2488,75,74,15,15,18,9841.5,6375.0,3466.5
8632,2488,82,81,23,22,23,10374.75,6970.0,3404.75
8633,2488,73,72,18,18,19,8844.75,6205.0,2639.75
8634,2488,79,78,22,22,24,10441.35,6715.0,3726.3500000000004
8635,2488,77,76,17,17,17,8866.35,6545.0,2321.3500000000004
8636,2488,76,75,15,15,17,9633.965625,6460.0,3173.9656250000007
8637,2488,81,80,16,16,15,8728.65,6885.0,1843.6499999999996
8638,2488,72,71,13,13,25,15185.1375,6120.0,9065.1375
8639,2488,73,72,19,19,22,11946.6,6205.0,5741.6
8640,2488,82,81,15,15,22,12922.650000000001,6970.0,5952.6500000000015
8641,2488,81,80,18,17,21,8928.675,6885.0,2043.6749999999993
8642,2488,79,78,20,20,27,14857.875,6715.0,8142.875
8643,2488,73,72,18,18,15,6457.5,6205.0,252.5
8644,2488,85,84,18,18,18,8763.75,7225.0,1538.75
8645,2488,85,84,18,18,17,9419.4,7225.0,2194.3999999999996
8646,2488,74,73,21,21,18,7827.3,6290.0,1537.3000000000002
8647,2488,75,74,19,19,12,5733.450000000001,6375.0,-641.5499999999993
8648,2488,58,57,19,19,22,14373.9,4930.0,9443.9
8649,2488,84,83,18,18,16,6998.85,7140.0,-141.14999999999964
8650,2488,74,73,20,20,13,6750.9,6290.0,460.89999999999964
8651,2488,82,81,16,16,22,13353.35625,6970.0,6383.356250000001
8652,2488,71,70,19,19,30,18930.1640625,6035.0,12895.1640625
8653,2488,73,72,18,17,30,16685.6625,6205.0,10480.662499999999
8654,2488,71,70,20,20,25,10655.1,6035.0,4620.1
8655,2488,78,77,23,23,16,7011.45,6630.0,381.4499999999998
8656,2488,86,85,17,17,18,10132.9875,7310.0,2822.9874999999993
8657,2488,72,71,29,28,31,16156.125,6120.0,10036.125
8658,2488,77,76,13,13,14,6300.0,6545.0,-245.0
8659,2488,84,83,19,19,17,8002.8,7140.0,862.8000000000002
8660,2488,76,75,19,19,23,10542.375,6460.0,4082.375
8661,2488,81,80,19,19,23,9820.35,6885.0,2935.3500000000004
8662,2488,74,73,22,22,24,9121.5,6290.0,2831.5
8663,2488,78,77,12,12,12,7344.0,6630.0,714.0
8664,2488,69,68,23,23,34,17855.8875,5865.0,11990.8875
8665,2488,82,81,22,22,26,12266.1,6970.0,5296.1
8666,2488,75,74,13,13,8,3877.2,6375.0,-2497.8
8667,2488,73,72,21,21,12,4770.9,6205.0,-1434.1000000000004
8668,2488,78,77,16,15,22,11331.9,6630.0,4701.9
8669,2488,65,64,15,15,15,7523.1,5525.0,1998.1000000000004
8670,2488,76,75,17,17,19,9308.25,6460.0,2848.25
8671,2488,82,81,14,14,9,3065.175,6970.0,-3904.825
8672,2488,83,82,11,11,15,7828.425,7055.0,773.4250000000002
8673,2488,72,71,20,19,22,12944.137499999999,6120.0,6824.137499999999
8674,2488,75,74,20,20,15,5916.6,6375.0,-458.39999999999964
8675,2488,72,71,14,14,12,5471.1,6120.0,-648.8999999999996
8676,2488,69,68,20,20,37,20740.725,5865.0,14875.724999999999
8677,2488,74,73,18,17,32,21221.26875,6290.0,14931.26875
8678,2488,83,82,17,17,22,12696.13125,7055.0,5641.13125
8679,2488,80,79,22,21,23,12885.3,6800.0,6085.299999999999
8680,2488,81,80,19,19,27,15557.118750000001,6885.0,8672.118750000001
8681,2488,77,76,19,18,19,10275.3,6545.0,3730.2999999999993
8682,2488,73,72,18,17,15,9026.55,6205.0,2821.5499999999993
8683,2488,75,74,16,16,16,7105.44375,6375.0,730.4437500000004
8684,2488,72,71,18,18,24,13743.0,6120.0,7623.0
8685,2488,83,82,20,20,17,7286.625,7055.0,231.625
8686,2488,75,74,18,18,41,26606.5875,6375.0,20231.5875
8687,2488,79,78,20,20,18,8019.9,6715.0,1304.8999999999996
8688,2488,74,73,16,16,23,11667.15,6290.0,5377.15
8689,2488,70,69,12,12,18,10946.925,5950.0,4996.924999999999
8690,2488,75,74,18,18,20,8930.925,6375.0,2555.9249999999993
8691,2488,89,88,17,17,14,5231.7,7565.0,-2333.3
8692,2488,75,74,19,19,27,16029.956250000001,6375.0,9654.956250000001
8693,2488,86,85,16,16,17,8946.0,7310.0,1636.0
8694,2488,72,71,15,14,12,4781.7,6120.0,-1338.3000000000002
8695,2488,66,65,17,17,26,14122.2375,5610.0,8512.2375
8696,2488,78,77,15,15,9,3463.2,6630.0,-3166.8
8697,2488,86,85,21,20,22,12042.478125,7310.0,4732.478125
8698,2488,73,72,19,19,16,8578.35,6205.0,2373.3500000000004
8699,2488,69,68,14,13,12,6371.55,5865.0,506.5500000000002
8700,2488,79,78,21,21,27,13505.175,6715.0,6790.174999999999
8701,2488,72,71,21,21,16,6579.9,6120.0,459.89999999999964
8702,2488,78,77,19,18,24,12794.9625,6630.0,6164.9625
8703,2488,82,81,13,12,21,10348.2,6970.0,3378.2000000000007
8704,2488,69,68,16,16,18,8457.3,5865.0,2592.2999999999993
8705,2488,89,88,17,16,9,2998.8,7565.0,-4566.2
8706,2488,73,72,20,20,35,22024.0125,6205.0,15819.0125
8707,2488,85,84,15,15,19,10541.7,7225.0,3316.7000000000007
8708,2488,75,74,20,20,26,12434.400000000001,6375.0,6059.4000000000015
8709,2488,75,74,17,17,22,13597.860937499998,6375.0,7222.860937499998
8710,2488,74,73,13,13,10,3769.2,6290.0,-2520.8
8711,2488,76,75,17,17,16,7701.3,6460.0,1241.3000000000002
8712,2488,67,66,17,17,21,11622.375,5695.0,5927.375
8713,2488,73,72,19,19,28,16871.7375,6205.0,10666.7375
8714,2488,82,81,15,15,19,11902.95,6970.0,4932.950000000001
8715,2488,74,73,21,21,19,10998.28125,6290.0,4708.28125
8716,2488,74,73,14,14,13,6490.8,6290.0,200.80000000000018
8717,2488,73,72,27,27,26,11686.05,6205.0,5481.049999999999
8718,2488,73,72,18,18,17,11468.137499999999,6205.0,5263.137499999999
8719,2488,79,78,18,18,18,8241.3,6715.0,1526.2999999999993
8720,2488,77,76,25,25,31,15763.387499999999,6545.0,9218.387499999999
8721,2488,81,80,16,16,10,4348.35,6885.0,-2536.6499999999996
8722,2488,85,84,23,23,24,12816.45,7225.0,5591.450000000001
8723,2488,83,82,19,18,21,10898.1,7055.0,3843.1000000000004
8724,2488,84,83,16,16,15,8956.8,7140.0,1816.7999999999993
8725,2488,78,77,14,14,15,4951.35,6630.0,-1678.6499999999996
8726,2488,77,76,22,22,20,7131.543750000001,6545.0,586.5437500000007
8727,2488,77,76,21,21,39,23417.2125,6545.0,16872.2125
8728,2488,83,82,20,19,24,16682.56875,7055.0,9627.568749999999
8729,2488,63,62,21,20,34,16971.975000000002,5355.0,11616.975000000002
8730,2488,81,80,13,13,13,9056.1234375,6885.0,2171.1234375000004
8731,2488,69,68,24,23,23,15356.8125,5865.0,9491.8125
8732,2488,78,77,27,27,25,12338.775,6630.0,5708.775
8733,2488,87,86,16,16,19,13263.4125,7395.0,5868.4125
8734,2488,69,68,20,20,23,11931.243750000001,5865.0,6066.2437500000015
8735,2488,73,72,19,19,14,5561.1,6205.0,-643.8999999999996
8736,2488,85,84,26,26,25,9383.4,7225.0,2158.3999999999996
8737,2488,81,80,13,13,16,8089.425000000001,6885.0,1204.425000000001
8738,2488,77,76,13,13,11,6560.1,6545.0,15.100000000000364
8739,2488,66,65,19,18,27,16310.25,5610.0,10700.25
8740,2488,86,85,20,20,22,10684.575,7310.0,3374.5750000000007
8741,2488,69,68,23,22,38,24228.759375,5865.0,18363.759375
8742,2488,85,84,16,15,21,13320.928125,7225.0,6095.928125
8743,2488,77,76,22,22,17,9896.34375,6545.0,3351.34375
8744,2488,83,82,18,18,19,7906.95,7055.0,851.9499999999998
8745,2488,68,67,19,19,35,21540.2625,5780.0,15760.2625
8746,2488,71,70,15,15,17,8257.5,6035.0,2222.5
8747,2488,82,81,18,18,11,3832.2000000000003,6970.0,-3137.7999999999997
8748,2488,78,77,20,20,11,5571.0,6630.0,-1059.0
8749,2488,86,85,17,17,17,8849.7,7310.0,1539.7000000000007
8750,2488,81,80,22,22,21,6904.8,6885.0,19.800000000000182
8751,2488,73,72,18,18,21,12519.675,6205.0,6314.674999999999
8752,2488,66,65,19,18,23,14868.0,5610.0,9258.0
8753,2488,81,80,14,14,14,7207.200000000001,6885.0,322.2000000000007
8754,2488,77,76,17,17,14,6574.499999999999,6545.0,29.49999999999909
8755,2488,76,75,18,18,28,18730.69453125,6460.0,12270.69453125
8756,2488,72,71,19,19,18,9948.15,6120.0,3828.1499999999996
8757,2488,71,70,19,19,18,10192.95,6035.0,4157.950000000001
8758,2488,76,75,22,22,15,6135.974999999999,6460.0,-324.02500000000055
8759,2488,74,73,16,16,14,6742.575,6290.0,452.5749999999998
8760,2488,73,72,21,20,20,7979.175,6205.0,1774.1750000000002
8761,2488,76,75,18,17,19,7944.975,6460.0,1484.9750000000004
8762,2488,78,77,16,16,23,12734.662500000002,6630.0,6104.662500000002
8763,2488,78,77,15,15,12,5510.700000000001,6630.0,-1119.2999999999993
8764,2488,83,82,17,17,13,4905.0,7055.0,-2150.0
8765,2488,90,89,13,13,13,7223.4,7650.0,-426.60000000000036
8766,2488,69,68,20,20,28,12817.9125,5865.0,6952.9125
8767,2488,70,69,24,24,24,11626.2,5950.0,5676.200000000001
8768,2488,78,77,16,16,19,10861.875,6630.0,4231.875
8769,2488,73,72,17,17,22,10583.550000000001,6205.0,4378.550000000001
8770,2488,71,70,22,21,27,19218.6,6035.0,13183.599999999999
8771,2488,74,73,22,22,24,12858.75,6290.0,6568.75
8772,2488,78,77,19,19,20,9193.8375,6630.0,2563.8374999999996
8773,2488,69,68,13,12,13,6553.125,5865.0,688.125
8774,2488,78,77,18,18,11,3987.0000000000005,6630.0,-2642.9999999999995
8775,2488,74,73,17,17,19,9012.6,6290.0,2722.6000000000004
8776,2488,81,80,20,19,18,8929.125,6885.0,2044.125
8777,2488,81,80,14,14,21,10564.9875,6885.0,3679.9874999999993
8778,2488,71,70,15,15,20,11979.337500000001,6035.0,5944.3375000000015
8779,2488,72,71,19,19,19,10009.575,6120.0,3889.5750000000007
8780,2488,86,85,12,11,19,11147.849999999999,7310.0,3837.8499999999985
8781,2488,72,71,17,16,36,20823.1875,6120.0,14703.1875
8782,2488,74,73,13,13,15,11174.287499999999,6290.0,4884.2874999999985
8783,2488,71,70,18,18,27,15090.74296875,6035.0,9055.74296875
8784,2488,72,71,16,16,16,5101.65,6120.0,-1018.3500000000004
8785,2488,73,72,17,17,21,8662.95,6205.0,2457.9500000000007
8786,2488,74,73,15,15,17,7464.6,6290.0,1174.6000000000004
8787,2488,84,83,21,21,19,6758.1,7140.0,-381.89999999999964
8788,2488,72,71,22,21,34,23390.2125,6120.0,17270.2125
8789,2488,74,73,17,17,14,5490.0,6290.0,-800.0
8790,2488,92,91,17,17,20,10786.95,7820.0,2966.9500000000007
8791,2488,80,79,16,16,23,10856.475000000002,6800.0,4056.475000000002
8792,2488,86,85,13,13,8,4151.700000000001,7310.0,-3158.2999999999993
8793,2488,75,74,21,21,17,6168.6,6375.0,-206.39999999999964
8794,2488,74,73,15,15,23,16538.917675781253,6290.0,10248.917675781253
8795,2488,80,79,19,19,14,6124.5,6800.0,-675.5
8796,2488,73,72,25,25,40,23900.85,6205.0,17695.85
8797,2488,75,74,17,17,15,7917.3,6375.0,1542.3000000000002
8798,2488,73,72,20,20,21,12072.6,6205.0,5867.6
8799,2488,64,63,18,17,14,8046.0,5440.0,2606.0
8800,2488,75,74,20,20,22,9222.75,6375.0,2847.75
8801,2488,79,78,16,16,13,4556.25,6715.0,-2158.75
8802,2488,73,72,15,15,17,8516.25,6205.0,2311.25
8803,2488,79,78,16,15,18,11200.5,6715.0,4485.5
8804,2488,72,71,16,16,17,8829.0,6120.0,2709.0
8805,2488,91,90,16,16,15,7605.0,7735.0,-130.0
8806,2488,83,82,19,18,22,13769.1,7055.0,6714.1
8807,2488,84,83,15,15,22,14664.20625,7140.0,7524.206249999999
8808,2488,74,73,15,15,14,6734.7,6290.0,444.6999999999998
8809,2488,76,75,17,17,28,16126.256249999999,6460.0,9666.256249999999
8810,2488,76,75,19,19,16,7514.1,6460.0,1054.1000000000004
8811,2488,73,72,19,18,25,15706.6875,6205.0,9501.6875
8812,2488,81,80,20,20,20,8898.3,6885.0,2013.2999999999993
8813,2488,78,77,18,17,25,15239.41875,6630.0,8609.41875
8814,2488,74,73,20,20,21,8116.368750000001,6290.0,1826.3687500000005
8815,2488,83,82,19,19,19,10926.225,7055.0,3871.2250000000004
8816,2488,81,80,11,11,13,7218.0,6885.0,333.0
8817,2488,78,77,20,20,15,6290.1,6630.0,-339.89999999999964
8818,2488,74,73,21,20,17,7385.4,6290.0,1095.3999999999996
8819,2488,77,76,20,20,15,6894.9,6545.0,349.89999999999964
8820,2488,73,72,23,23,31,19507.6265625,6205.0,13302.626562500001
8821,2488,84,83,12,12,16,10761.75,7140.0,3621.75
8822,2488,81,80,13,13,16,7812.091406250001,6885.0,927.0914062500005
8823,2488,76,75,13,12,15,7197.24375,6460.0,737.2437499999996
8824,2488,79,78,21,21,19,9023.175,6715.0,2308.1749999999993
8825,2488,78,77,18,18,16,8967.6,6630.0,2337.6000000000004
8826,2488,81,80,22,22,20,9595.35,6885.0,2710.3500000000004
8827,2488,82,81,11,11,8,3169.8,6970.0,-3800.2
8828,2488,72,71,17,17,24,14919.075,6120.0,8799.075
8829,2488,84,83,17,16,18,9743.4,7140.0,2603.3999999999996
8830,2488,81,80,21,21,18,8667.9,6885.0,1782.8999999999996
8831,2488,74,73,13,13,17,11242.4625,6290.0,4952.4625
8832,2488,75,74,18,18,17,7368.75,6375.0,993.75
8833,2488,69,68,17,17,22,10834.425,5865.0,4969.424999999999
8834,2488,77,76,19,19,25,15007.05,6545.0,8462.05
8835,2488,61,60,19,19,29,18889.48125,5185.0,13704.48125
8836,2488,81,80,15,15,20,10528.2,6885.0,3643.2000000000007
8837,2488,75,74,22,22,18,4640.85,6375.0,-1734.1499999999996
8838,2488,77,76,20,20,30,15033.825,6545.0,8488.825
8839,2488,84,83,22,22,31,18264.4453125,7140.0,11124.4453125
8840,2488,76,75,18,18,20,11119.95,6460.0,4659.950000000001
8841,2488,82,81,17,17,20,7719.3,6970.0,749.3000000000002
8842,2488,85,84,13,13,30,21571.88291015625,7225.0,14346.882910156251
8843,2488,67,66,17,17,28,18325.2375,5695.0,12630.2375
8844,2488,79,78,21,21,27,13092.3,6715.0,6377.299999999999
8845,2488,78,77,15,14,11,2793.6,6630.0,-3836.4
8846,2488,80,79,20,20,16,5933.7,6800.0,-866.3000000000002
8847,2488,72,71,18,18,19,8166.15,6120.0,2046.1499999999996
8848,2488,84,83,14,14,9,5212.35,7140.0,-1927.6499999999996
8849,2488,75,74,21,21,18,7809.3,6375.0,1434.3000000000002
8850,2488,75,74,16,16,14,5808.6,6375.0,-566.3999999999996
8851,2488,79,78,19,19,17,7742.7,6715.0,1027.6999999999998
8852,2488,68,67,22,22,13,4499.1,5780.0,-1280.8999999999996
8853,2488,81,80,20,20,31,18156.796875,6885.0,11271.796875
8854,2488,77,76,17,17,24,12505.05,6545.0,5960.049999999999
8855,2488,72,71,18,18,29,15508.575,6120.0,9388.575
8856,2488,82,81,18,18,35,18756.815625000003,6970.0,11786.815625000003
8857,2488,77,76,17,17,16,8168.85,6545.0,1623.8500000000004
8858,2488,73,72,20,20,24,12396.375,6205.0,6191.375
8859,2488,80,79,21,21,26,13935.31875,6800.0,7135.31875
8860,2488,65,64,21,21,19,7364.7,5525.0,1839.6999999999998
8861,2488,73,72,21,21,24,9263.025000000001,6205.0,3058.0250000000015
8862,2488,86,85,25,24,18,7631.1,7310.0,321.10000000000036
8863,2488,85,84,18,18,16,7315.2,7225.0,90.19999999999982
8864,2488,68,67,18,18,23,12179.474999999999,5780.0,6399.4749999999985
8865,2488,72,71,17,17,26,16858.125,6120.0,10738.125
8866,2488,78,77,22,21,21,11598.3,6630.0,4968.299999999999
8867,2488,73,72,17,17,25,14755.275000000001,6205.0,8550.275000000001
8868,2488,82,81,20,20,12,5877.0,6970.0,-1093.0
8869,2488,65,64,14,14,24,13521.234375,5525.0,7996.234375
8870,2488,76,75,11,11,13,6508.35,6460.0,48.350000000000364
8871,2488,80,79,18,18,17,7768.8,6800.0,968.8000000000002
8872,2488,80,79,17,17,20,11228.175000000001,6800.0,4428.175000000001
8873,2488,76,75,19,19,25,13553.1,6460.0,7093.1
8874,2488,72,71,18,18,22,9745.425,6120.0,3625.4249999999993
8875,2488,74,73,17,17,14,7120.8,6290.0,830.8000000000002
8876,2488,70,69,22,22,18,8599.5,5950.0,2649.5
8877,2488,88,87,23,23,15,6247.125,7480.0,-1232.875
8878,2488,76,75,21,21,18,9572.4,6460.0,3112.3999999999996
8879,2488,72,71,18,18,12,4467.6,6120.0,-1652.3999999999996
8880,2488,77,76,19,18,19,8531.1,6545.0,1986.1000000000004
8881,2488,70,69,19,19,26,12097.4625,5950.0,6147.4625
8882,2488,67,66,23,23,21,13396.5,5695.0,7701.5
8883,2488,62,61,22,21,35,25029.39375,5270.0,19759.39375
8884,2488,82,81,16,16,31,20799.196875,6970.0,13829.196875000001
8885,2488,82,81,13,13,15,6406.2,6970.0,-563.8000000000002
8886,2488,77,76,20,19,21,10635.3,6545.0,4090.2999999999993
8887,2488,83,82,16,16,19,9553.5,7055.0,2498.5
8888,2488,64,63,14,14,20,12977.55,5440.0,7537.549999999999
8889,2488,85,84,14,14,13,5285.7,7225.0,-1939.3000000000002
8890,2488,83,82,12,12,8,3420.0,7055.0,-3635.0
8891,2488,69,68,15,15,15,8926.2,5865.0,3061.2000000000007
8892,2488,75,74,24,23,20,9966.599999999999,6375.0,3591.5999999999985
8893,2488,68,67,21,21,28,18974.025,5780.0,13194.025000000001
8894,2488,73,72,22,21,27,11638.96875,6205.0,5433.96875
8895,2488,74,73,17,17,23,11348.325,6290.0,5058.325000000001
8896,2488,74,73,19,19,17,8158.5,6290.0,1868.5
8897,2488,74,73,23,23,15,6176.7,6290.0,-113.30000000000018
8898,2488,71,70,19,19,13,9342.16875,6035.0,3307.1687500000007
8899,2488,73,72,20,20,30,15047.325,6205.0,8842.325
8900,2488,70,69,18,18,15,6531.3,5950.0,581.3000000000002
8901,2488,67,66,17,16,17,7902.9,5695.0,2207.8999999999996
8902,2488,81,80,18,18,18,8597.25,6885.0,1712.25
8903,2488,76,75,17,17,12,4898.7,6460.0,-1561.3000000000002
8904,2488,72,71,15,15,15,7953.525,6120.0,1833.5249999999996
8905,2488,82,81,19,19,25,16260.496875,6970.0,9290.496875
8906,2488,71,70,18,17,17,7541.549999999999,6035.0,1506.5499999999993
8907,2488,76,75,18,18,10,4986.9,6460.0,-1473.1000000000004
8908,2488,79,78,17,17,19,9656.775,6715.0,2941.7749999999996
8909,2488,70,69,21,21,22,10856.925000000001,5950.0,4906.925000000001
8910,2488,76,75,18,18,20,9336.15,6460.0,2876.1499999999996
8911,2488,78,77,18,17,13,7151.4,6630.0,521.3999999999996
8912,2488,75,74,13,13,11,4549.5,6375.0,-1825.5
8913,2488,79,78,19,19,14,8995.95,6715.0,2280.9500000000007
8914,2488,76,75,18,18,19,7236.9,6460.0,776.8999999999996
8915,2488,74,73,21,21,15,6227.549999999999,6290.0,-62.45000000000073
8916,2488,80,79,20,20,18,6953.85,6800.0,153.85000000000036
8917,2488,72,71,22,22,26,9547.65,6120.0,3427.6499999999996
8918,2488,74,73,22,22,43,26262.028125,6290.0,19972.028125
8919,2488,74,73,17,17,16,6882.75,6290.0,592.75
8920,2488,78,77,14,14,12,4916.250000000001,6630.0,-1713.749999999999
8921,2488,79,78,16,16,20,10445.7375,6715.0,3730.7374999999993
8922,2488,76,75,17,17,11,4215.6,6460.0,-2244.3999999999996
8923,2488,71,70,16,16,23,13189.050000000001,6035.0,7154.050000000001
8924,2488,74,73,17,17,28,15972.24375,6290.0,9682.24375
8925,2488,86,85,17,17,21,10636.2,7310.0,3326.2000000000007
8926,2488,72,71,18,18,25,13955.9625,6120.0,7835.9625
8927,2488,73,72,19,19,19,9598.725000000002,6205.0,3393.725000000002
8928,2488,73,72,16,16,13,6192.9,6205.0,-12.100000000000364
8929,2488,72,71,21,21,36,24503.4,6120.0,18383.4
8930,2488,85,84,14,13,24,16003.4625,7225.0,8778.4625
8931,2488,93,92,13,13,12,6197.2875,7905.0,-1707.7124999999996
8932,2488,76,75,21,21,26,13537.349999999999,6460.0,7077.3499999999985
8933,2488,69,68,17,17,20,8941.725,5865.0,3076.7250000000004
8934,2488,80,79,20,20,16,7262.268750000001,6800.0,462.2687500000011
8935,2488,81,80,16,16,20,11097.45,6885.0,4212.450000000001
8936,2488,82,81,16,16,22,12533.0625,6970.0,5563.0625
8937,2488,86,85,14,14,15,8414.325,7310.0,1104.3250000000007
8938,2488,81,80,18,18,25,13586.175,6885.0,6701.174999999999
8939,2488,74,73,15,15,26,15454.125,6290.0,9164.125
8940,2488,86,85,19,19,14,6058.35,7310.0,-1251.6499999999996
8941,2488,77,76,21,21,18,8160.075000000001,6545.0,1615.0750000000007
8942,2488,83,82,14,14,17,7602.975,7055.0,547.9750000000004
8943,2488,82,81,27,27,34,18019.4625,6970.0,11049.462500000001
8944,2488,72,71,21,21,28,17415.73125,6120.0,11295.73125
8945,2488,74,73,19,19,14,6294.6,6290.0,4.600000000000364
8946,2488,76,75,12,12,17,8556.75,6460.0,2096.75
8947,2488,76,75,22,22,16,7641.0,6460.0,1181.0
8948,2488,75,74,18,17,19,8953.2,6375.0,2578.2000000000007
8949,2488,81,80,21,21,20,8582.4,6885.0,1697.3999999999996
8950,2488,87,86,14,14,21,12024.421875000002,7395.0,4629.421875000002
8951,2488,71,70,19,18,12,4551.075000000001,6035.0,-1483.9249999999993
8952,2488,78,77,22,22,24,12071.25,6630.0,5441.25
8953,2488,79,78,20,20,27,13179.375,6715.0,6464.375
8954,2488,74,73,15,15,26,16103.559375,6290.0,9813.559375
8955,2488,70,69,16,16,24,15691.978125000001,5950.0,9741.978125000001
8956,2488,64,63,26,25,50,28960.4056640625,5440.0,23520.4056640625
8957,2488,82,81,18,18,21,12461.400000000001,6970.0,5491.4000000000015
8958,2488,74,73,20,20,27,14287.95,6290.0,7997.950000000001
8959,2488,78,77,15,14,17,9803.025,6630.0,3173.0249999999996
8960,2488,74,73,20,20,17,7953.3,6290.0,1663.3000000000002
8961,2488,70,69,23,23,19,11626.875,5950.0,5676.875
8962,2488,77,76,23,23,39,24459.862500000003,6545.0,17914.862500000003
8963,2488,89,88,20,19,18,7349.4,7565.0,-215.60000000000036
8964,2488,80,79,17,16,22,10881.45,6800.0,4081.4500000000007
8965,2488,82,81,18,18,13,5884.2,6970.0,-1085.8000000000002
8966,2488,94,93,16,16,13,5693.4,7990.0,-2296.6000000000004
8967,2488,79,78,15,15,14,6201.9,6715.0,-513.1000000000004
8968,2488,90,89,10,10,14,6620.540625000001,7650.0,-1029.4593749999995
8969,2488,78,77,13,13,7,2377.35,6630.0,-4252.65
8970,2488,76,75,14,14,14,5600.306250000001,6460.0,-859.6937499999995
8971,2488,73,72,20,20,28,16565.625,6205.0,10360.625
8972,2488,83,82,12,12,14,6047.1,7055.0,-1007.8999999999996
8973,2488,65,64,20,20,22,11269.35,5525.0,5744.35
8974,2488,79,78,12,12,10,5580.0,6715.0,-1135.0
8975,2488,79,78,18,18,22,10524.150000000001,6715.0,3809.1500000000015
8976,2488,78,77,15,15,21,13291.2,6630.0,6661.200000000001
8977,2488,85,84,17,17,22,14982.1875,7225.0,7757.1875
8978,2488,76,75,11,11,11,3702.6,6460.0,-2757.4
8979,2488,81,80,16,15,22,12302.634375000001,6885.0,5417.6343750000015
8980,2488,83,82,14,14,16,7097.4,7055.0,42.399999999999636
8981,2488,81,80,15,15,13,7600.724999999999,6885.0,715.7249999999995
8982,2488,70,69,18,18,16,9166.275000000001,5950.0,3216.2750000000015
8983,2488,69,68,19,19,26,18435.6,5865.0,12570.599999999999
8984,2488,72,71,19,19,18,7481.25,6120.0,1361.25
8985,2488,81,80,16,15,16,9314.943749999999,6885.0,2429.9437499999985
8986,2488,72,71,20,20,24,12727.575,6120.0,6607.575000000001
8987,2488,73,72,16,16,18,10543.725,6205.0,4338.725
8988,2488,77,76,11,11,12,4990.5,6545.0,-1554.5
8989,2488,73,72,18,17,22,11765.25,6205.0,5560.25
8990,2488,73,72,23,23,22,10207.8,6205.0,4002.7999999999993
8991,2488,79,78,16,16,10,2835.0,6715.0,-3880.0
8992,2488,73,72,23,23,31,17109.5625,6205.0,10904.5625
8993,2488,69,68,18,17,17,8261.325,5865.0,2396.3250000000007
8994,2488,83,82,15,15,21,13146.693749999999,7055.0,6091.6937499999985
8995,2488,76,75,23,23,23,7235.1,6460.0,775.1000000000004
8996,2488,78,77,20,20,22,10672.65,6630.0,4042.6499999999996
8997,2488,81,80,18,18,18,6599.25,6885.0,-285.75
8998,2488,82,81,20,20,27,14254.65,6970.0,7284.65
8999,2488,70,69,27,27,29,13651.875,5950.0,7701.875
9000,2488,67,66,18,18,19,10295.1,5695.0,4600.1
9001,2488,70,69,22,22,33,19387.4625,5950.0,13437.462500000001
9002,2488,75,74,20,20,18,8856.675,6375.0,2481.6749999999993
9003,2488,87,86,19,19,16,8635.5,7395.0,1240.5
9004,2488,72,71,21,21,16,6374.700000000001,6120.0,254.70000000000073
9005,2488,78,77,18,17,17,7399.35,6630.0,769.3500000000004
9006,2488,81,80,18,18,28,15940.6875,6885.0,9055.6875
9007,2488,75,74,19,19,14,3982.5,6375.0,-2392.5
9008,2488,72,71,17,17,25,12111.84140625,6120.0,5991.84140625
9009,2488,72,71,15,15,17,8504.099999999999,6120.0,2384.0999999999985
9010,2488,67,66,19,19,26,13173.75,5695.0,7478.75
9011,2488,78,77,19,19,18,7045.425000000001,6630.0,415.4250000000011
9012,2488,68,67,18,18,26,14736.6,5780.0,8956.6
9013,2488,81,80,14,14,11,4758.75,6885.0,-2126.25
9014,2488,76,75,18,18,27,13280.793749999999,6460.0,6820.793749999999
9015,2488,71,70,19,19,32,17199.225,6035.0,11164.224999999999
9016,2488,87,86,14,14,10,4060.8,7395.0,-3334.2
9017,2488,85,84,20,20,18,9243.9,7225.0,2018.8999999999996
9018,2488,85,84,18,17,18,9209.025,7225.0,1984.0249999999996
9019,2488,86,85,17,17,15,6480.0,7310.0,-830.0
9020,2488,79,78,19,18,28,16144.65,6715.0,9429.65
9021,2488,69,68,21,21,21,12600.45,5865.0,6735.450000000001
9022,2488,76,75,17,17,14,8353.35,6460.0,1893.3500000000004
9023,2488,78,77,19,18,27,17690.85,6630.0,11060.849999999999
9024,2488,72,71,22,21,28,15558.3,6120.0,9438.3
9025,2488,82,81,15,15,14,5687.1,6970.0,-1282.8999999999996
9026,2488,74,73,16,16,19,8445.15,6290.0,2155.1499999999996
9027,2488,78,77,15,15,15,7074.0,6630.0,444.0
9028,2488,81,80,10,10,12,3742.2,6885.0,-3142.8
9029,2488,83,82,15,15,16,9270.590624999999,7055.0,2215.590624999999
9030,2488,80,79,18,18,19,8416.125,6800.0,1616.125
9031,2488,73,72,21,21,27,14279.4,6205.0,8074.4
9032,2488,82,81,18,18,22,11729.30625,6970.0,4759.30625
9033,2488,77,76,13,13,14,8121.6,6545.0,1576.6000000000004
9034,2488,75,74,15,15,11,4833.9,6375.0,-1541.1000000000004
9035,2488,78,77,19,18,17,7897.95,6630.0,1267.9499999999998
9036,2488,81,80,17,17,25,14097.346875000001,6885.0,7212.346875000001
9037,2488,81,80,18,18,12,5747.4,6885.0,-1137.6000000000004
9038,2488,75,74,21,21,19,7314.75,6375.0,939.75
9039,2488,83,82,17,17,21,13566.375,7055.0,6511.375
9040,2488,73,72,18,17,9,3121.2,6205.0,-3083.8
9041,2488,78,77,15,15,15,7868.475,6630.0,1238.4750000000004
9042,2488,88,87,19,19,18,8631.45,7480.0,1151.4500000000007
9043,2488,77,76,17,17,15,9206.55,6545.0,2661.5499999999993
9044,2488,73,72,20,20,18,7249.05,6205.0,1044.0500000000002
9045,2488,67,66,12,12,25,17632.55390625,5695.0,11937.55390625
9046,2488,65,64,16,15,28,15460.425,5525.0,9935.425
9047,2488,75,74,21,20,23,13252.5,6375.0,6877.5
9048,2488,75,74,20,20,20,11983.95,6375.0,5608.950000000001
9049,2488,71,70,17,17,32,19357.375781249997,6035.0,13322.375781249997
9050,2488,63,62,20,19,26,12904.650000000001,5355.0,7549.6500000000015
9051,2488,73,72,21,21,24,11278.4625,6205.0,5073.4625
9052,2488,83,82,14,14,24,13801.95,7055.0,6746.950000000001
9053,2488,80,79,16,15,16,9971.775,6800.0,3171.7749999999996
9054,2488,86,85,23,23,23,13394.7,7310.0,6084.700000000001
9055,2488,78,77,12,12,21,13955.2875,6630.0,7325.2875
9056,2488,77,76,19,19,26,19371.6,6545.0,12826.599999999999
9057,2488,81,80,13,13,21,12844.961718749999,6885.0,5959.961718749999
9058,2488,78,77,18,17,13,5256.9,6630.0,-1373.1000000000004
9059,2488,70,69,15,15,23,15770.025,5950.0,9820.025
9060,2488,68,67,18,18,14,5931.9,5780.0,151.89999999999964
9061,2488,80,79,20,20,23,10987.425,6800.0,4187.424999999999
9062,2488,79,78,18,18,27,18522.478125,6715.0,11807.478125000001
9063,2488,73,72,14,14,14,7488.0,6205.0,1283.0
9064,2488,77,76,15,14,9,3512.7,6545.0,-3032.3
9065,2488,61,60,19,19,16,6864.3,5185.0,1679.3000000000002
9066,2488,74,73,17,17,17,6885.9,6290.0,595.8999999999996
9067,2488,68,67,17,17,12,6115.5,5780.0,335.5
9068,2488,82,81,19,19,23,9983.1375,6970.0,3013.1375000000007
9069,2488,65,64,19,19,19,10161.0,5525.0,4636.0
9070,2488,84,83,18,18,23,12995.61328125,7140.0,5855.61328125
9071,2488,78,77,16,16,21,16994.1234375,6630.0,10364.123437499999
9072,2488,75,74,18,18,13,5268.6,6375.0,-1106.3999999999996
9073,2488,68,67,12,12,13,6219.9,5780.0,439.89999999999964
9074,2488,72,71,20,20,18,8306.55,6120.0,2186.5499999999993
9075,2488,80,79,22,22,24,13385.025,6800.0,6585.025
9076,2488,82,81,14,13,14,6797.7,6970.0,-172.30000000000018
9077,2488,78,77,23,23,22,9794.7,6630.0,3164.7000000000007
9078,2488,65,64,20,20,37,23966.184375,5525.0,18441.184375
9079,2488,72,71,15,15,18,11857.5,6120.0,5737.5
9080,2488,79,78,19,19,19,10836.225,6715.0,4121.225
9081,2488,80,79,13,13,13,6377.4,6800.0,-422.60000000000036
9082,2488,60,59,18,18,29,15658.80380859375,5100.0,10558.80380859375
9083,2488,85,84,17,17,17,10686.993750000001,7225.0,3461.9937500000015
9084,2488,70,69,22,22,28,15968.475,5950.0,10018.475
9085,2488,79,78,15,15,16,5589.9,6715.0,-1125.1000000000004
9086,2488,72,71,22,22,28,14905.8,6120.0,8785.8
9087,2488,77,76,17,17,8,3118.0499999999997,6545.0,-3426.9500000000003
9088,2488,78,77,18,18,28,18836.775,6630.0,12206.775000000001
9089,2488,72,71,15,15,12,4217.4,6120.0,-1902.6000000000004
9090,2488,83,82,14,14,12,7402.5,7055.0,347.5
9091,2488,72,71,21,21,22,11202.75,6120.0,5082.75
9092,2488,73,72,23,22,24,13214.25,6205.0,7009.25
9093,2488,74,73,24,24,29,16805.025,6290.0,10515.025000000001
9094,2488,82,81,20,20,14,5461.2,6970.0,-1508.8000000000002
9095,2488,75,74,13,13,17,10739.7,6375.0,4364.700000000001
9096,2488,83,82,10,10,12,6607.35,7055.0,-447.64999999999964
9097,2488,77,76,19,18,25,16199.55,6545.0,9654.55
9098,2488,71,70,18,18,18,8986.05,6035.0,2951.0499999999993
9099,2488,85,84,18,18,17,6475.5,7225.0,-749.5
9100,2488,80,79,15,15,24,12853.40625,6800.0,6053.40625
9101,2488,77,76,15,15,7,2489.4,6545.0,-4055.6
9102,2488,80,79,13,13,21,9647.1,6800.0,2847.1000000000004
9103,2488,80,79,22,22,20,9095.400000000001,6800.0,2295.4000000000015
9104,2488,73,72,17,17,32,22099.2890625,6205.0,15894.2890625
9105,2488,77,76,17,17,21,12535.2,6545.0,5990.200000000001
9106,2488,71,70,19,19,14,4230.0,6035.0,-1805.0
9107,2488,79,78,18,18,22,11864.7,6715.0,5149.700000000001
9108,2488,74,73,14,14,20,12253.725,6290.0,5963.725
9109,2488,69,68,20,20,21,8437.95,5865.0,2572.9500000000007
9110,2488,69,68,21,21,26,9923.85,5865.0,4058.8500000000004
9111,2488,80,79,16,16,14,5918.625,6800.0,-881.375
9112,2488,79,78,15,15,18,9264.6,6715.0,2549.6000000000004
9113,2488,76,75,18,18,15,6183.0,6460.0,-277.0
9114,2488,65,64,18,17,21,12037.05,5525.0,6512.049999999999
9115,2488,72,71,16,16,17,8616.20625,6120.0,2496.2062499999993
9116,2488,65,64,15,15,30,19193.625,5525.0,13668.625
9117,2488,75,74,20,20,18,6917.4,6375.0,542.3999999999996
9118,2488,64,63,24,23,40,23131.750781249997,5440.0,17691.750781249997
9119,2488,74,73,20,19,23,12898.35,6290.0,6608.35
9120,2488,78,77,17,17,24,13558.612500000001,6630.0,6928.612500000001
9121,2488,64,63,21,21,33,17696.7,5440.0,12256.7
9122,2488,77,76,21,21,20,7726.5,6545.0,1181.5
9123,2488,76,75,18,18,24,13182.4125,6460.0,6722.4125
9124,2488,76,75,19,19,27,14745.403125,6460.0,8285.403125
9125,2488,77,76,17,17,12,5196.6,6545.0,-1348.3999999999996
9126,2488,79,78,19,18,13,6795.0,6715.0,80.0
9127,2488,75,74,23,23,16,7740.225,6375.0,1365.2250000000004
9128,2488,79,78,16,16,22,9532.125,6715.0,2817.125
9129,2488,76,75,16,16,21,14087.8125,6460.0,7627.8125
9130,2488,79,78,17,17,21,10667.7,6715.0,3952.7000000000007
9131,2488,84,83,15,15,11,5317.2,7140.0,-1822.8000000000002
9132,2488,66,65,17,17,26,15293.7,5610.0,9683.7
9133,2488,79,78,17,17,24,13270.66875,6715.0,6555.668750000001
9134,2488,71,70,25,25,32,17729.775,6035.0,11694.775000000001
9135,2488,73,72,19,19,26,12969.45,6205.0,6764.450000000001
9136,2488,80,79,20,19,36,22973.158740234372,6800.0,16173.158740234372
9137,2488,70,69,17,17,18,9480.825,5950.0,3530.8250000000007
9138,2488,78,77,19,19,28,15128.775,6630.0,8498.775
9139,2488,78,77,15,15,16,8499.599999999999,6630.0,1869.5999999999985
9140,2488,70,69,20,20,28,16763.5125,5950.0,10813.5125
9141,2488,79,78,19,19,19,10282.5,6715.0,3567.5
9142,2488,69,68,15,15,18,7277.962500000001,5865.0,1412.9625000000005
9143,2488,68,67,24,23,38,23027.175,5780.0,17247.175
9144,2488,84,83,18,17,16,5980.95,7140.0,-1159.0500000000002
9145,2488,82,81,21,21,19,8298.45,6970.0,1328.4500000000007
9146,2488,81,80,21,21,30,15054.75,6885.0,8169.75
9147,2488,79,78,18,18,15,5173.65,6715.0,-1541.3500000000004
9148,2488,83,82,19,19,23,13193.775,7055.0,6138.775
9149,2488,78,77,18,18,21,11321.1,6630.0,4691.1
9150,2488,86,85,17,17,17,8370.0,7310.0,1060.0
9151,2488,71,70,16,16,21,10374.13125,6035.0,4339.13125
9152,2488,68,67,15,15,23,11828.025,5780.0,6048.025
9153,2488,80,79,23,23,27,10253.025000000001,6800.0,3453.0250000000015
9154,2488,71,70,22,21,30,17936.325,6035.0,11901.325
9155,2488,81,80,14,14,14,9066.6,6885.0,2181.6000000000004
9156,2488,73,72,16,16,10,3074.4,6205.0,-3130.6
9157,2488,82,81,10,10,16,7969.95,6970.0,999.9499999999998
9158,2488,78,77,15,14,11,3394.8,6630.0,-3235.2
9159,2488,74,73,16,16,19,10150.2,6290.0,3860.2000000000007
9160,2488,72,71,23,23,28,15198.721875,6120.0,9078.721875
9161,2488,71,70,16,16,16,6774.3,6035.0,739.3000000000002
9162,2488,75,74,15,15,16,6766.2,6375.0,391.1999999999998
9163,2488,84,83,20,20,21,8932.05,7140.0,1792.0499999999993
9164,2488,72,71,16,16,15,6923.7,6120.0,803.6999999999998
9165,2488,69,68,16,16,14,5859.9,5865.0,-5.100000000000364
9166,2488,76,75,16,16,15,10211.85,6460.0,3751.8500000000004
9167,2488,78,77,15,15,21,13021.875,6630.0,6391.875
9168,2488,65,64,21,20,26,14343.4125,5525.0,8818.4125
9169,2488,72,71,29,28,31,14829.8625,6120.0,8709.8625
9170,2488,69,68,15,15,19,10366.34765625,5865.0,4501.34765625
9171,2488,80,79,16,16,17,7589.700000000001,6800.0,789.7000000000007
9172,2488,81,80,20,20,17,6264.0,6885.0,-621.0
9173,2488,77,76,17,17,24,12261.375,6545.0,5716.375
9174,2488,75,74,22,22,27,15859.0125,6375.0,9484.0125
9175,2488,82,81,12,12,11,4894.2,6970.0,-2075.8
9176,2488,88,87,19,18,15,5101.2,7480.0,-2378.8
9177,2488,87,86,15,15,17,10469.348437499999,7395.0,3074.348437499999
9178,2488,72,71,18,18,13,4248.9,6120.0,-1871.1000000000004
9179,2488,79,78,16,16,14,6459.3,6715.0,-255.69999999999982
9180,2488,86,85,17,16,26,16564.275,7310.0,9254.275000000001
9181,2488,74,73,18,17,23,12611.024999999998,6290.0,6321.024999999998
9182,2488,82,81,21,21,18,7623.9,6970.0,653.8999999999996
9183,2488,86,85,18,18,21,10808.1,7310.0,3498.1000000000004
9184,2488,69,68,21,21,32,17981.4375,5865.0,12116.4375
9185,2488,72,71,15,15,17,7897.05,6120.0,1777.0500000000002
9186,2488,76,75,15,15,25,13577.5125,6460.0,7117.512500000001
9187,2488,73,72,18,18,36,23214.31171875,6205.0,17009.31171875
9188,2488,74,73,14,14,30,20493.0404296875,6290.0,14203.040429687499
9189,2488,78,77,16,16,19,9130.275,6630.0,2500.2749999999996
9190,2488,78,77,18,18,14,5783.4,6630.0,-846.6000000000004
9191,2488,77,76,15,15,12,3279.6,6545.0,-3265.4
9192,2488,74,73,21,21,27,13520.868750000001,6290.0,7230.8687500000015
9193,2488,77,76,20,20,20,9234.0,6545.0,2689.0
9194,2488,70,69,15,14,8,3183.3,5950.0,-2766.7
9195,2488,78,77,18,18,16,8469.9,6630.0,1839.8999999999996
9196,2488,70,69,19,19,32,22057.2421875,5950.0,16107.2421875
9197,2488,73,72,22,22,22,13918.5,6205.0,7713.5
9198,2488,77,76,19,19,20,7899.075000000001,6545.0,1354.0750000000007
9199,2488,75,74,20,20,20,11524.95,6375.0,5149.950000000001
9200,2488,86,85,15,15,17,9068.175,7310.0,1758.1749999999993
9201,2488,72,71,20,20,20,8716.5,6120.0,2596.5
9202,2488,70,69,24,24,28,14086.74375,5950.0,8136.74375
9203,2488,77,76,18,18,20,13298.175,6545.0,6753.174999999999
9204,2488,83,82,13,13,17,10931.175,7055.0,3876.1749999999993
9205,2488,79,78,17,17,29,18900.3375,6715.0,12185.337500000001
9206,2488,65,64,26,26,25,14208.300000000001,5525.0,8683.300000000001
9207,2488,72,71,15,15,17,9063.1125,6120.0,2943.1124999999993
9208,2488,74,73,23,22,28,17445.33984375,6290.0,11155.33984375
9209,2488,71,70,23,23,15,6550.2,6035.0,515.1999999999998
9210,2488,78,77,9,9,17,10494.9,6630.0,3864.8999999999996
9211,2488,67,66,15,15,26,16998.69375,5695.0,11303.693749999999
9212,2488,75,74,20,20,19,9247.95,6375.0,2872.9500000000007
9213,2488,78,77,17,16,12,4675.5,6630.0,-1954.5
9214,2488,82,81,16,16,17,9735.3,6970.0,2765.2999999999993
9215,2488,75,74,23,23,27,13805.550000000001,6375.0,7430.550000000001
9216,2488,74,73,14,14,17,10653.75,6290.0,4363.75
9217,2488,87,86,18,18,17,7527.6,7395.0,132.60000000000036
9218,2488,72,71,17,17,36,22048.875,6120.0,15928.875
9219,2488,75,74,21,21,21,10959.525,6375.0,4584.525
9220,2488,83,82,20,20,16,5665.950000000001,7055.0,-1389.0499999999993
9221,2488,71,70,16,16,25,14455.35,6035.0,8420.35
9222,2488,76,75,25,25,22,10478.896875,6460.0,4018.8968750000004
9223,2488,81,80,18,18,18,8696.7,6885.0,1811.7000000000007
9224,2488,79,78,21,20,13,4210.65,6715.0,-2504.3500000000004
9225,2488,69,68,20,20,29,18496.35,5865.0,12631.349999999999
9226,2488,71,70,14,14,26,15065.26875,6035.0,9030.26875
9227,2488,85,84,17,16,17,7755.3,7225.0,530.3000000000002
9228,2488,73,72,15,15,16,7958.7,6205.0,1753.6999999999998
9229,2488,77,76,23,23,23,9893.25,6545.0,3348.25
9230,2488,77,76,20,20,19,10536.3,6545.0,3991.2999999999993
9231,2488,85,84,19,19,20,13292.775000000001,7225.0,6067.7750000000015
9232,2488,81,80,17,17,19,9120.6,6885.0,2235.6000000000004
9233,2488,79,78,17,17,19,10746.0,6715.0,4031.0
9234,2488,77,76,19,19,17,9849.6,6545.0,3304.6000000000004
9235,2488,74,73,24,24,22,10790.55,6290.0,4500.549999999999
9236,2488,72,71,16,16,18,9900.787499999999,6120.0,3780.7874999999985
9237,2488,68,67,14,14,17,9156.15,5780.0,3376.1499999999996
9238,2488,77,76,21,21,19,11011.5,6545.0,4466.5
9239,2488,70,69,23,22,43,26701.1015625,5950.0,20751.1015625
9240,2488,80,79,21,21,16,6270.3,6800.0,-529.6999999999998
9241,2488,86,85,22,21,15,6490.35,7310.0,-819.6499999999996
9242,2488,82,81,21,21,22,12268.8,6970.0,5298.799999999999
9243,2488,83,82,20,20,19,11436.8625,7055.0,4381.862499999999
9244,2488,62,61,21,20,27,16452.787500000002,5270.0,11182.787500000002
9245,2488,78,77,17,17,11,5040.0,6630.0,-1590.0
9246,2488,72,71,17,17,15,6317.55,6120.0,197.55000000000018
9247,2488,69,68,20,20,29,16003.8,5865.0,10138.8
9248,2488,73,72,17,17,21,13171.05,6205.0,6966.049999999999
9249,2488,69,68,22,21,28,14962.725,5865.0,9097.725
9250,2488,75,74,21,21,19,10040.4,6375.0,3665.3999999999996
9251,2488,84,83,14,14,16,8089.2,7140.0,949.1999999999998
9252,2488,77,76,18,18,13,7042.5,6545.0,497.5
9253,2488,66,65,19,19,25,13994.83125,5610.0,8384.83125
9254,2488,77,76,14,14,16,8943.4125,6545.0,2398.4125000000004
9255,2488,72,71,24,24,27,14620.44375,6120.0,8500.44375
9256,2488,76,75,20,20,21,10731.76875,6460.0,4271.768749999999
9257,2488,70,69,24,23,24,13279.05,5950.0,7329.049999999999
9258,2488,67,66,19,19,22,9395.325,5695.0,3700.3250000000007
9259,2488,80,79,18,18,27,16082.2125,6800.0,9282.2125
9260,2488,77,76,18,18,19,7267.5,6545.0,722.5
9261,2488,73,72,20,20,20,10409.849999999999,6205.0,4204.8499999999985
9262,2488,76,75,15,15,19,7762.5,6460.0,1302.5
9263,2488,72,71,22,21,25,13178.25,6120.0,7058.25
9264,2488,66,65,15,15,15,8860.05,5610.0,3250.0499999999993
9265,2488,82,81,21,21,20,10754.1,6970.0,3784.1000000000004
9266,2488,81,80,15,15,15,7660.575,6885.0,775.5749999999998
9267,2488,72,71,25,24,21,7935.6375,6120.0,1815.6374999999998
9268,2488,77,76,18,18,10,4838.175,6545.0,-1706.8249999999998
9269,2488,78,77,20,20,28,15841.8,6630.0,9211.8
9270,2488,76,75,19,18,17,7771.049999999999,6460.0,1311.0499999999993
9271,2488,72,71,22,22,27,12577.95,6120.0,6457.950000000001
9272,2488,84,83,22,22,30,15670.687500000002,7140.0,8530.687500000002
9273,2488,80,79,11,11,11,7655.400000000001,6800.0,855.4000000000005
9274,2488,68,67,18,18,23,11548.125,5780.0,5768.125
9275,2488,76,75,18,18,27,13737.15,6460.0,7277.15
9276,2488,71,70,22,22,18,9270.9,6035.0,3235.8999999999996
9277,2488,81,80,19,19,17,7253.55,6885.0,368.5500000000002
9278,2488,79,78,14,14,17,9493.9875,6715.0,2778.9874999999993
9279,2488,85,84,14,14,21,11530.771875,7225.0,4305.771875
9280,2488,80,79,21,21,20,8976.375,6800.0,2176.375
9281,2488,77,76,19,18,26,14505.75,6545.0,7960.75
9282,2488,62,61,20,20,30,17922.6,5270.0,12652.599999999999
9283,2488,84,83,19,19,18,7384.5,7140.0,244.5
9284,2488,77,76,21,20,19,9503.1,6545.0,2958.1000000000004
9285,2488,87,86,17,17,21,10757.8125,7395.0,3362.8125
9286,2488,70,69,18,17,20,9897.3,5950.0,3947.2999999999993
9287,2488,76,75,16,16,16,10130.85,6460.0,3670.8500000000004
9288,2488,78,77,15,15,19,10694.25,6630.0,4064.25
9289,2488,76,75,19,19,18,6778.8,6460.0,318.8000000000002
9290,2488,78,77,18,18,14,7057.125,6630.0,427.125
9291,2488,77,76,14,14,17,9226.35,6545.0,2681.3500000000004
9292,2488,72,71,20,20,32,17977.74609375,6120.0,11857.74609375
9293,2488,73,72,16,16,24,12309.3,6205.0,6104.299999999999
9294,2488,78,77,20,20,22,11993.85,6630.0,5363.85
9295,2488,85,84,18,18,10,4030.2,7225.0,-3194.8
9296,2488,78,77,15,15,12,5953.5,6630.0,-676.5
9297,2488,69,68,19,19,26,14223.150000000001,5865.0,8358.150000000001
9298,2488,80,79,19,19,17,9533.7,6800.0,2733.7000000000007
9299,2488,78,77,17,16,18,9439.2,6630.0,2809.2000000000007
9300,2488,74,73,15,15,20,11815.65,6290.0,5525.65
9301,2488,73,72,18,18,15,6771.15,6205.0,566.1499999999996
9302,2488,71,70,19,19,20,10368.9,6035.0,4333.9
9303,2488,80,79,18,17,32,21004.5005859375,6800.0,14204.500585937501
9304,2488,70,69,18,18,20,8739.675,5950.0,2789.6749999999993
9305,2488,79,78,15,15,11,5815.8,6715.0,-899.1999999999998
9306,2488,72,71,18,18,16,11332.574999999999,6120.0,5212.574999999999
9307,2488,74,73,18,18,19,10414.35,6290.0,4124.35
9308,2488,72,71,16,16,20,9087.525,6120.0,2967.5249999999996
9309,2488,80,79,16,16,16,10178.550000000001,6800.0,3378.550000000001
9310,2488,74,73,20,19,25,10676.7,6290.0,4386.700000000001
9311,2488,73,72,24,24,24,13494.0375,6205.0,7289.0375
9312,2488,77,76,17,17,19,9848.7,6545.0,3303.7000000000007
9313,2488,77,76,14,14,26,19344.5015625,6545.0,12799.501562500001
9314,2488,73,72,15,15,20,12181.949999999999,6205.0,5976.949999999999
9315,2488,82,81,19,19,29,17123.625,6970.0,10153.625
9316,2488,83,82,14,14,19,7872.975,7055.0,817.9750000000004
9317,2488,67,66,22,22,43,24364.434375,5695.0,18669.434375
9318,2488,81,80,18,18,19,10012.5,6885.0,3127.5
9319,2488,80,79,19,19,16,8610.3,6800.0,1810.2999999999993
9320,2488,70,69,11,11,22,16015.612500000001,5950.0,10065.612500000001
9321,2488,73,72,25,25,15,4841.55,6205.0,-1363.4499999999998
9322,2488,84,83,19,19,27,13254.3,7140.0,6114.299999999999
9323,2488,97,96,20,20,13,4146.3,8245.0,-4098.7
9324,2488,80,79,16,15,12,6216.3,6800.0,-583.6999999999998
9325,2488,73,72,19,19,26,13619.41875,6205.0,7414.418750000001
9326,2488,73,72,14,14,13,5714.325000000001,6205.0,-490.6749999999993
9327,2488,86,85,17,17,20,11640.6,7310.0,4330.6
9328,2488,66,65,25,25,30,17702.38125,5610.0,12092.381249999999
9329,2488,72,71,20,20,23,11089.125,6120.0,4969.125
9330,2488,86,85,12,12,15,9052.2,7310.0,1742.2000000000007
9331,2488,72,71,18,18,20,9236.7,6120.0,3116.7000000000007
9332,2488,81,80,20,20,28,12261.290625000001,6885.0,5376.2906250000015
9333,2488,81,80,18,18,27,17912.925,6885.0,11027.925
9334,2488,79,78,21,21,25,13012.425,6715.0,6297.424999999999
9335,2488,84,83,16,16,21,12555.225000000002,7140.0,5415.225000000002
9336,2488,76,75,18,18,21,8140.05,6460.0,1680.0500000000002
9337,2488,70,69,13,13,20,9824.428125,5950.0,3874.4281250000004
9338,2488,87,86,17,17,16,9001.125,7395.0,1606.125
9339,2488,75,74,19,19,28,16335.45,6375.0,9960.45
9340,2488,82,81,18,18,24,12387.375,6970.0,5417.375
9341,2488,63,62,17,17,34,24077.0390625,5355.0,18722.0390625
9342,2488,72,71,18,18,18,10032.637499999999,6120.0,3912.637499999999
9343,2488,74,73,21,20,27,14586.525,6290.0,8296.525
9344,2488,78,77,16,16,28,16915.8796875,6630.0,10285.8796875
9345,2488,73,72,21,21,25,12060.9,6205.0,5855.9
9346,2488,78,77,19,19,18,8987.4,6630.0,2357.3999999999996
9347,2488,79,78,15,15,15,5967.0,6715.0,-748.0
9348,2488,80,79,17,17,20,13006.912500000002,6800.0,6206.912500000002
9349,2488,82,81,20,19,25,13806.5625,6970.0,6836.5625
9350,2488,70,69,16,16,15,8280.0,5950.0,2330.0
9351,2488,72,71,17,17,15,9072.39375,6120.0,2952.3937499999993
9352,2488,78,77,16,16,21,10963.35,6630.0,4333.35
9353,2488,84,83,19,19,22,13882.5,7140.0,6742.5
9354,2488,79,78,18,17,27,15216.975,6715.0,8501.975
9355,2488,79,78,17,17,12,4171.05,6715.0,-2543.95
9356,2488,84,83,17,17,22,10646.71875,7140.0,3506.71875
9357,2488,67,66,16,16,16,7506.9,5695.0,1811.8999999999996
9358,2488,72,71,16,16,20,9905.175000000001,6120.0,3785.175000000001
9359,2488,88,87,17,17,18,11115.45,7480.0,3635.4500000000007
9360,2488,73,72,20,20,24,15331.415625,6205.0,9126.415625
9361,2488,80,79,17,17,19,11529.9,6800.0,4729.9
9362,2488,78,77,22,22,15,8162.1,6630.0,1532.1000000000004
9363,2488,78,77,16,16,20,10563.3,6630.0,3933.2999999999993
9364,2488,80,79,18,18,16,5143.5,6800.0,-1656.5
9365,2488,73,72,17,17,16,7821.28125,6205.0,1616.28125
9366,2488,78,77,9,9,14,9513.45,6630.0,2883.4500000000007
9367,2488,75,74,19,19,30,16616.3625,6375.0,10241.3625
9368,2488,74,73,19,19,18,8789.85,6290.0,2499.8500000000004
9369,2488,73,72,18,18,31,18802.603125,6205.0,12597.603125000001
9370,2488,78,77,14,14,18,11482.2,6630.0,4852.200000000001
9371,2488,84,83,22,22,23,10849.275000000001,7140.0,3709.2750000000015
9372,2488,82,81,19,19,28,14761.2375,6970.0,7791.237499999999
9373,2488,79,78,24,24,29,10149.1875,6715.0,3434.1875
9374,2488,82,81,15,15,19,11685.599999999999,6970.0,4715.5999999999985
9375,2488,71,70,18,18,28,12036.99375,6035.0,6001.99375
9376,2488,80,79,15,15,15,7003.8,6800.0,203.80000000000018
9377,2488,74,73,16,15,28,18381.15,6290.0,12091.150000000001
9378,2488,84,83,17,17,14,8353.35,7140.0,1213.3500000000004
9379,2488,72,71,13,13,10,3147.525,6120.0,-2972.475
9380,2488,74,73,19,19,23,9883.6875,6290.0,3593.6875
9381,2488,74,73,17,17,24,16491.684375,6290.0,10201.684375
9382,2488,75,74,16,16,13,7446.6,6375.0,1071.6000000000004
9383,2488,75,74,18,18,23,8553.740625,6375.0,2178.7406250000004
9384,2488,75,74,20,20,19,11646.0,6375.0,5271.0
9385,2488,76,75,16,16,17,8356.275,6460.0,1896.2749999999996
9386,2488,79,78,18,18,19,10640.7,6715.0,3925.7000000000007
9387,2488,75,74,19,19,24,12989.925,6375.0,6614.924999999999
9388,2488,77,76,23,23,31,19024.7625,6545.0,12479.7625
9389,2488,78,77,24,23,19,7867.8,6630.0,1237.8000000000002
9390,2488,69,68,22,22,23,13380.3,5865.0,7515.299999999999
9391,2488,80,79,19,19,19,7656.975,6800.0,856.9750000000004
9392,2488,73,72,17,17,26,15903.759375000001,6205.0,9698.759375000001
9393,2488,78,77,22,22,28,16451.409375,6630.0,9821.409375
9394,2488,74,73,15,15,12,4457.25,6290.0,-1832.75
9395,2488,83,82,16,16,24,14574.7125,7055.0,7519.7125
9396,2488,63,62,19,19,26,12292.59375,5355.0,6937.59375
9397,2488,73,72,18,18,21,9021.15,6205.0,2816.1499999999996
9398,2488,80,79,17,17,14,3713.4,6800.0,-3086.6
9399,2488,70,69,14,14,15,9009.0,5950.0,3059.0
9400,2488,79,78,28,28,30,16993.35,6715.0,10278.349999999999
9401,2488,72,71,17,17,13,6390.0,6120.0,270.0
9402,2488,67,66,21,21,25,13000.443749999999,5695.0,7305.4437499999985
9403,2488,72,71,15,15,18,10942.875,6120.0,4822.875
9404,2488,80,79,13,13,18,10137.15,6800.0,3337.1499999999996
9405,2488,70,69,19,19,23,11034.449999999999,5950.0,5084.449999999999
9406,2488,89,88,19,19,10,5757.3,7565.0,-1807.6999999999998
9407,2488,71,70,16,15,13,5059.8,6035.0,-975.1999999999998
9408,2488,87,86,19,19,18,8419.95,7395.0,1024.9500000000007
9409,2488,73,72,18,18,22,11738.25,6205.0,5533.25
9410,2488,72,71,20,19,21,9944.775,6120.0,3824.7749999999996
9411,2488,75,74,14,14,40,29945.5259765625,6375.0,23570.5259765625
9412,2488,71,70,19,19,21,8034.3,6035.0,1999.3000000000002
9413,2488,78,77,23,23,19,8873.2125,6630.0,2243.2124999999996
9414,2488,69,68,19,19,20,10258.2,5865.0,4393.200000000001
9415,2488,70,69,14,14,11,3869.5499999999997,5950.0,-2080.4500000000003
9416,2488,69,68,20,20,21,10226.362500000001,5865.0,4361.362500000001
9417,2488,73,72,23,22,25,11861.2125,6205.0,5656.2125
9418,2488,83,82,19,19,18,10782.0,7055.0,3727.0
9419,2488,79,78,15,15,26,12875.062499999998,6715.0,6160.062499999998
9420,2488,78,77,15,15,19,12151.35,6630.0,5521.35
9421,2488,85,84,14,14,18,9616.95,7225.0,2391.9500000000007
9422,2488,72,71,21,21,36,22332.8671875,6120.0,16212.8671875
9423,2488,83,82,27,27,37,18754.115625,7055.0,11699.115624999999
9424,2488,62,61,21,20,29,15084.675,5270.0,9814.675
9425,2488,74,73,20,20,16,7073.1,6290.0,783.1000000000004
9426,2488,85,84,16,16,27,15350.625,7225.0,8125.625
9427,2488,70,69,19,19,19,9744.075,5950.0,3794.0750000000007
9428,2488,80,79,21,21,24,16615.575,6800.0,9815.575
9429,2488,69,68,16,16,12,5562.9,5865.0,-302.10000000000036
9430,2488,77,76,15,15,14,6076.8,6545.0,-468.1999999999998
9431,2488,73,72,22,22,15,5931.0,6205.0,-274.0
9432,2488,79,78,18,18,18,8927.184375,6715.0,2212.1843750000007
9433,2488,74,73,19,19,22,13758.525,6290.0,7468.525
9434,2488,80,79,17,17,16,7795.8,6800.0,995.8000000000002
9435,2488,68,67,20,20,33,19664.2125,5780.0,13884.212500000001
9436,2488,84,83,21,21,21,9499.725,7140.0,2359.7250000000004
9437,2488,74,73,22,22,15,6733.35,6290.0,443.35000000000036
9438,2488,77,76,16,16,23,15573.09375,6545.0,9028.09375
9439,2488,76,75,24,24,25,15447.6,6460.0,8987.6
9440,2488,74,73,20,20,24,13000.6125,6290.0,6710.612499999999
9441,2488,75,74,19,18,27,15521.526562500001,6375.0,9146.526562500001
9442,2488,71,70,20,20,29,15371.55,6035.0,9336.55
9443,2488,68,67,19,18,21,10666.8,5780.0,4886.799999999999
9444,2488,65,64,17,16,20,12763.8,5525.0,7238.799999999999
9445,2488,72,71,13,13,19,12755.3625,6120.0,6635.362499999999
9446,2488,76,75,17,17,16,6094.35,6460.0,-365.64999999999964
9447,2488,82,81,20,20,13,5193.0,6970.0,-1777.0
9448,2488,76,75,19,19,37,23113.96875,6460.0,16653.96875
9449,2488,78,77,20,20,19,8630.55,6630.0,2000.5499999999993
9450,2488,83,82,17,17,13,5356.8,7055.0,-1698.1999999999998
9451,2488,74,73,14,14,10,3811.95,6290.0,-2478.05
9452,2488,77,76,18,18,22,11945.531250000002,6545.0,5400.531250000002
9453,2488,78,77,16,16,19,8139.6,6630.0,1509.6000000000004
9454,2488,68,67,15,14,19,10694.3625,5780.0,4914.362499999999
9455,2488,78,77,19,18,21,10894.05,6630.0,4264.049999999999
9456,2488,84,83,21,21,15,6117.3,7140.0,-1022.6999999999998
9457,2488,77,76,22,21,29,17584.65,6545.0,11039.650000000001
9458,2488,74,73,18,18,23,13543.9171875,6290.0,7253.917187499999
9459,2488,91,90,16,16,13,5551.2,7735.0,-2183.8
9460,2488,78,77,18,18,18,7236.9,6630.0,606.8999999999996
9461,2488,79,78,18,18,22,12164.175000000001,6715.0,5449.175000000001
9462,2488,69,68,19,19,15,6084.0,5865.0,219.0
9463,2488,85,84,17,17,17,5648.4,7225.0,-1576.6000000000004
9464,2488,80,79,15,15,14,5634.9,6800.0,-1165.1000000000004
9465,2488,75,74,20,20,23,12803.85,6375.0,6428.85
9466,2488,73,72,24,24,14,7481.7,6205.0,1276.6999999999998
9467,2488,83,82,16,15,19,10047.825,7055.0,2992.8250000000007
9468,2488,75,74,20,20,19,11000.039062500002,6375.0,4625.039062500002
9469,2488,68,67,20,20,33,16688.59453125,5780.0,10908.59453125
9470,2488,69,68,16,16,17,5878.8,5865.0,13.800000000000182
9471,2488,73,72,19,18,30,18710.38125,6205.0,12505.381249999999
9472,2488,87,86,19,19,15,5723.1,7395.0,-1671.8999999999996
9473,2488,72,71,18,17,24,17092.18125,6120.0,10972.181250000001
9474,2488,80,79,19,19,12,4995.0,6800.0,-1805.0
9475,2488,68,67,21,20,25,15353.8875,5780.0,9573.8875
9476,2488,83,82,17,17,20,9157.1625,7055.0,2102.1625000000004
9477,2488,78,77,21,21,17,8090.55,6630.0,1460.5500000000002
9478,2488,77,76,15,15,10,3563.55,6545.0,-2981.45
9479,2488,83,82,18,18,18,8558.1,7055.0,1503.1000000000004
9480,2488,72,71,13,13,13,5515.200000000001,6120.0,-604.7999999999993
9481,2488,69,68,15,15,24,14999.175,5865.0,9134.175
9482,2488,70,69,16,16,18,8230.05,5950.0,2280.0499999999993
9483,2488,72,71,26,26,35,19202.70234375,6120.0,13082.70234375
9484,2488,81,80,16,15,23,14669.55,6885.0,7784.549999999999
9485,2488,86,85,16,16,18,10819.4625,7310.0,3509.4624999999996
9486,2488,74,73,22,21,17,6958.35,6290.0,668.3500000000004
9487,2488,76,75,16,16,18,8566.65,6460.0,2106.6499999999996
9488,2488,78,77,18,17,13,5917.5,6630.0,-712.5
9489,2488,84,83,16,16,16,6529.950000000001,7140.0,-610.0499999999993
9490,2488,75,74,12,11,20,10452.0375,6375.0,4077.0375000000004
9491,2488,83,82,15,15,13,4465.35,7055.0,-2589.6499999999996
9492,2488,76,75,14,14,13,7660.35,6460.0,1200.3500000000004
9493,2488,71,70,20,20,37,27392.1978515625,6035.0,21357.1978515625
9494,2488,77,76,20,19,14,5958.0,6545.0,-587.0
9495,2488,71,70,19,19,26,13430.025,6035.0,7395.025
9496,2488,82,81,15,15,26,14065.3828125,6970.0,7095.3828125
9497,2488,82,81,17,17,17,9578.7,6970.0,2608.7000000000007
9498,2488,64,63,20,20,16,5689.35,5440.0,249.35000000000036
9499,2488,80,79,12,12,18,11805.3,6800.0,5005.299999999999
9500,2488,73,72,19,19,11,5113.8,6205.0,-1091.1999999999998
9501,2488,81,80,15,15,19,9623.9689453125,6885.0,2738.9689453124993
9502,2488,76,75,20,20,25,13049.1,6460.0,6589.1
9503,2488,81,80,13,13,15,10098.0,6885.0,3213.0
9504,2488,81,80,17,17,13,5591.25,6885.0,-1293.75
9505,2488,68,67,14,14,23,14636.25,5780.0,8856.25
9506,2488,77,76,21,21,15,4982.85,6545.0,-1562.1499999999996
9507,2488,82,81,14,14,13,5629.5,6970.0,-1340.5
9508,2488,81,80,19,19,16,5221.8,6885.0,-1663.1999999999998
9509,2488,73,72,13,13,7,3014.1,6205.0,-3190.9
9510,2488,71,70,16,16,16,8804.25,6035.0,2769.25
9511,2488,80,79,17,17,21,12634.2123046875,6800.0,5834.2123046875
9512,2488,77,76,15,15,26,16756.083544921872,6545.0,10211.083544921872
9513,2488,72,71,21,20,14,4785.3,6120.0,-1334.6999999999998
9514,2488,77,76,13,13,13,5260.05,6545.0,-1284.9499999999998
9515,2488,87,86,14,14,20,9234.9,7395.0,1839.8999999999996
9516,2488,80,79,25,25,32,17729.1,6800.0,10929.099999999999
9517,2488,80,79,19,19,23,15311.072460937501,6800.0,8511.072460937501
9518,2488,65,64,21,20,31,19887.75,5525.0,14362.75
9519,2488,70,69,19,19,25,14471.7328125,5950.0,8521.7328125
9520,2488,76,75,13,13,11,5347.35,6460.0,-1112.6499999999996
9521,2488,64,63,21,20,19,8810.1,5440.0,3370.1000000000004
9522,2488,87,86,15,15,20,9559.349999999999,7395.0,2164.3499999999985
9523,2488,88,87,15,15,13,6694.2,7480.0,-785.8000000000002
9524,2488,79,78,17,17,18,8094.6,6715.0,1379.6000000000004
9525,2488,80,79,15,15,7,2250.0,6800.0,-4550.0
9526,2488,80,79,17,16,20,8883.900000000001,6800.0,2083.9000000000015
9527,2488,76,75,18,17,13,5391.9,6460.0,-1068.1000000000004
9528,2488,64,63,17,17,32,20644.91015625,5440.0,15204.91015625
9529,2488,99,98,13,13,13,8262.225,8415.0,-152.77499999999964
9530,2488,76,75,17,17,14,6861.6,6460.0,401.60000000000036
9531,2488,78,77,19,19,12,5248.4625,6630.0,-1381.5375000000004
9532,2488,79,78,21,21,21,9317.474999999999,6715.0,2602.4749999999985
9533,2488,70,69,21,20,24,12419.55,5950.0,6469.549999999999
9534,2488,82,81,12,12,10,3751.2,6970.0,-3218.8
9535,2488,67,66,22,22,25,13498.7625,5695.0,7803.762500000001
9536,2488,71,70,17,17,23,11580.8625,6035.0,5545.862499999999
9537,2488,81,80,26,26,25,9618.3,6885.0,2733.2999999999993
9538,2488,73,72,17,17,23,14819.4,6205.0,8614.4
9539,2488,67,66,19,19,21,8592.75,5695.0,2897.75
9540,2488,73,72,20,19,28,16999.93125,6205.0,10794.931250000001
9541,2488,91,90,13,13,20,12511.6875,7735.0,4776.6875
9542,2488,77,76,19,19,25,12035.25,6545.0,5490.25
9543,2488,77,76,15,14,23,13354.425,6545.0,6809.424999999999
9544,2488,71,70,17,17,20,9136.996875,6035.0,3101.9968750000007
9545,2488,73,72,18,18,32,18422.9296875,6205.0,12217.9296875
9546,2488,74,73,18,18,30,18614.261755371095,6290.0,12324.261755371095
9547,2488,63,62,17,17,19,10532.587500000001,5355.0,5177.5875000000015
9548,2488,81,80,20,20,26,13459.95,6885.0,6574.950000000001
9549,2488,76,75,18,18,20,10698.3,6460.0,4238.299999999999
9550,2488,76,75,14,14,9,3342.6,6460.0,-3117.4
9551,2488,73,72,17,17,34,23123.025,6205.0,16918.025
9552,2488,74,73,21,21,16,8604.45,6290.0,2314.4500000000007
9553,2488,79,78,18,17,26,15731.1,6715.0,9016.1
9554,2488,72,71,19,19,40,26529.693750000002,6120.0,20409.693750000002
9555,2488,87,86,18,18,20,7935.075000000001,7395.0,540.0750000000007
9556,2488,79,78,22,22,28,11645.550000000001,6715.0,4930.550000000001
9557,2488,82,81,18,18,28,14348.840624999999,6970.0,7378.840624999999
9558,2488,78,77,13,13,19,9856.51875,6630.0,3226.5187499999993
9559,2488,82,81,20,19,21,10156.6125,6970.0,3186.6124999999993
9560,2488,77,76,19,19,20,8294.85,6545.0,1749.8500000000004
9561,2488,81,80,18,18,20,8651.925,6885.0,1766.9249999999993
9562,2488,82,81,11,11,18,14446.659375,6970.0,7476.659374999999
9563,2488,66,65,18,18,17,8738.1,5610.0,3128.1000000000004
9564,2488,69,68,22,22,33,15219.95625,5865.0,9354.95625
9565,2488,73,72,18,18,27,18106.875,6205.0,11901.875
9566,2488,75,74,16,15,19,10726.2,6375.0,4351.200000000001
9567,2488,84,83,17,17,10,3640.5,7140.0,-3499.5
9568,2488,83,82,13,13,15,6621.299999999999,7055.0,-433.7000000000007
9569,2488,76,75,12,12,21,11917.4625,6460.0,5457.4625
9570,2488,76,75,19,19,20,10291.5,6460.0,3831.5
9571,2488,78,77,16,16,15,7533.9,6630.0,903.8999999999996
9572,2488,76,75,18,18,18,8160.975,6460.0,1700.9750000000004
9573,2488,77,76,24,24,28,11989.8,6545.0,5444.799999999999
9574,2488,71,70,16,16,20,12153.459375,6035.0,6118.459375
9575,2488,75,74,18,17,32,22175.38125,6375.0,15800.381249999999
9576,2488,66,65,20,20,17,10955.1375,5610.0,5345.137500000001
9577,2488,80,79,19,19,24,15118.650000000001,6800.0,8318.650000000001
9578,2488,75,74,22,22,26,15508.8,6375.0,9133.8
9579,2488,79,78,14,14,15,9715.5,6715.0,3000.5
9580,2488,84,83,21,21,21,10984.6125,7140.0,3844.6124999999993
9581,2488,75,74,21,21,16,7875.000000000001,6375.0,1500.000000000001
9582,2488,82,81,16,16,8,1622.7,6970.0,-5347.3
9583,2488,81,80,15,15,10,3178.7999999999997,6885.0,-3706.2000000000003
9584,2488,83,82,23,23,15,6778.8,7055.0,-276.1999999999998
9585,2488,76,75,14,14,12,6008.175,6460.0,-451.8249999999998
9586,2488,72,71,18,18,24,14421.6,6120.0,8301.6
9587,2488,74,73,18,18,14,5949.0,6290.0,-341.0
9588,2488,73,72,15,14,15,7998.3,6205.0,1793.3000000000002
9589,2488,83,82,14,13,15,7480.8,7055.0,425.8000000000002
9590,2488,71,70,15,15,20,9984.4875,6035.0,3949.4874999999993
9591,2488,80,79,22,22,16,6520.5,6800.0,-279.5
9592,2488,71,70,22,22,21,11638.518750000001,6035.0,5603.518750000001
9593,2488,77,76,18,18,14,5439.6,6545.0,-1105.3999999999996
9594,2488,78,77,20,20,14,4860.45,6630.0,-1769.5500000000002
9595,2488,76,75,25,25,29,13535.043749999999,6460.0,7075.043749999999
9596,2488,68,67,17,17,26,16009.65,5780.0,10229.65
9597,2488,82,81,22,22,27,12633.3,6970.0,5663.299999999999
9598,2488,73,72,13,13,12,4938.3,6205.0,-1266.6999999999998
9599,2488,78,77,16,16,18,9300.15,6630.0,2670.1499999999996
9600,2488,80,79,14,14,14,6042.825000000001,6800.0,-757.1749999999993
9601,2488,91,90,18,17,13,6783.3,7735.0,-951.6999999999998
9602,2488,71,70,15,15,13,5695.875,6035.0,-339.125
9603,2488,78,77,13,13,20,13723.2,6630.0,7093.200000000001
9604,2488,77,76,18,17,9,3392.1,6545.0,-3152.9
9605,2488,81,80,20,19,27,18182.475,6885.0,11297.474999999999
9606,2488,74,73,18,18,22,11697.075,6290.0,5407.075000000001
9607,2488,79,78,20,20,15,7090.875,6715.0,375.875
9608,2488,76,75,18,17,16,7662.6,6460.0,1202.6000000000004
9609,2488,76,75,17,17,20,8691.3,6460.0,2231.2999999999993
9610,2488,70,69,14,14,15,5764.05,5950.0,-185.94999999999982
9611,2488,89,88,20,19,28,14849.423437500001,7565.0,7284.4234375000015
9612,2488,74,73,19,19,14,7170.3,6290.0,880.3000000000002
9613,2488,75,74,24,24,18,6538.05,6375.0,163.05000000000018
9614,2488,74,73,15,14,18,9430.65,6290.0,3140.6499999999996
9615,2488,81,80,17,17,21,8664.975,6885.0,1779.9750000000004
9616,2488,75,74,15,14,12,5464.8,6375.0,-910.1999999999998
9617,2488,78,77,22,22,21,7638.3,6630.0,1008.3000000000002
9618,2488,77,76,18,18,21,9781.2,6545.0,3236.2000000000007
9619,2488,78,77,17,17,14,7819.650000000001,6630.0,1189.6500000000005
9620,2488,77,76,27,27,33,15224.175000000001,6545.0,8679.175000000001
9621,2488,67,66,16,16,18,10594.279687499999,5695.0,4899.2796874999985
9622,2488,82,81,20,20,19,8981.1,6970.0,2011.1000000000004
9623,2488,73,72,24,24,32,15646.05,6205.0,9441.05
9624,2488,77,76,22,22,19,7458.3,6545.0,913.3000000000002
9625,2488,74,73,13,13,19,11879.6625,6290.0,5589.6625
9626,2488,68,67,19,19,22,10645.2,5780.0,4865.200000000001
9627,2488,64,63,18,18,34,21368.75625,5440.0,15928.756249999999
9628,2488,80,79,15,15,19,12051.478125,6800.0,5251.478125
9629,2488,69,68,16,16,17,9668.7,5865.0,3803.7000000000007
9630,2488,66,65,16,16,41,25874.9859375,5610.0,20264.9859375
9631,2488,77,76,20,20,14,8528.85,6545.0,1983.8500000000004
9632,2488,77,76,20,20,19,9292.05,6545.0,2747.0499999999993
9633,2488,73,72,16,16,17,9989.325,6205.0,3784.3250000000007
9634,2488,68,67,22,22,26,14734.743750000001,5780.0,8954.743750000001
9635,2488,78,77,17,17,11,5938.65,6630.0,-691.3500000000004
9636,2488,78,77,17,17,18,8209.8,6630.0,1579.7999999999993
9637,2488,75,74,15,15,18,8054.550000000001,6375.0,1679.550000000001
9638,2488,82,81,14,14,16,7231.5,6970.0,261.5
9639,2488,76,75,16,16,14,6229.8,6460.0,-230.19999999999982
9640,2488,86,85,16,16,15,7486.65,7310.0,176.64999999999964
9641,2488,76,75,17,17,28,13366.125,6460.0,6906.125
9642,2488,76,75,20,20,18,10802.7,6460.0,4342.700000000001
9643,2488,85,84,14,14,12,5614.65,7225.0,-1610.3500000000004
9644,2488,77,76,21,20,30,19084.89375,6545.0,12539.89375
9645,2488,77,76,17,16,18,9201.375,6545.0,2656.375
9646,2488,79,78,9,9,9,3649.5,6715.0,-3065.5
9647,2488,77,76,18,18,21,9724.5,6545.0,3179.5
9648,2488,73,72,15,15,22,14911.3125,6205.0,8706.3125
9649,2488,77,76,17,17,14,6674.4,6545.0,129.39999999999964
9650,2488,83,82,10,10,7,2540.7,7055.0,-4514.3
9651,2488,83,82,17,17,21,9158.400000000001,7055.0,2103.4000000000015
9652,2488,78,77,23,23,21,7364.25,6630.0,734.25
9653,2488,70,69,19,19,20,12227.4,5950.0,6277.4
9654,2488,75,74,20,20,25,13943.165625000001,6375.0,7568.1656250000015
9655,2488,75,74,23,23,25,13870.35,6375.0,7495.35
9656,2488,79,78,16,16,13,6091.2,6715.0,-623.8000000000002
9657,2488,77,76,19,19,15,5694.75,6545.0,-850.25
9658,2488,80,79,18,18,32,18418.647656250003,6800.0,11618.647656250003
9659,2488,73,72,19,19,21,9674.943749999999,6205.0,3469.9437499999985
9660,2488,83,82,21,21,15,6802.2,7055.0,-252.80000000000018
9661,2488,90,89,12,12,8,3312.0,7650.0,-4338.0
9662,2488,69,68,20,19,16,5575.05,5865.0,-289.9499999999998
9663,2488,86,85,18,17,16,7062.75,7310.0,-247.25
9664,2488,76,75,14,14,13,6975.0,6460.0,515.0
9665,2488,80,79,16,16,14,5269.5,6800.0,-1530.5
9666,2488,75,74,17,17,16,6162.3,6375.0,-212.69999999999982
9667,2488,78,77,20,20,18,10446.3,6630.0,3816.2999999999993
9668,2488,83,82,14,14,8,3166.2,7055.0,-3888.8
9669,2488,80,79,14,14,26,18661.275,6800.0,11861.275000000001
9670,2488,86,85,14,14,24,13409.775000000001,7310.0,6099.7750000000015
9671,2488,71,70,20,20,26,12626.1,6035.0,6591.1
9672,2488,74,73,13,13,19,8414.15625,6290.0,2124.15625
9673,2488,75,74,17,17,30,21113.2125,6375.0,14738.212500000001
9674,2488,88,87,14,14,17,9482.400000000001,7480.0,2002.4000000000015
9675,2488,83,82,20,20,28,16661.53125,7055.0,9606.53125
9676,2488,86,85,17,17,21,11236.275000000001,7310.0,3926.2750000000015
9677,2488,72,71,20,19,25,13435.875,6120.0,7315.875
9678,2488,69,68,24,23,28,15525.0,5865.0,9660.0
9679,2488,81,80,17,17,17,9763.2,6885.0,2878.2000000000007
9680,2488,83,82,18,18,19,10662.6375,7055.0,3607.6375000000007
9681,2488,74,73,23,22,44,28929.28937530518,6290.0,22639.28937530518
9682,2488,80,79,18,18,16,7670.700000000001,6800.0,870.7000000000007
9683,2488,76,75,15,15,18,9577.8,6460.0,3117.7999999999993
9684,2488,76,75,20,20,33,20416.5,6460.0,13956.5
9685,2488,81,80,21,21,25,12710.91796875,6885.0,5825.91796875
9686,2488,90,89,15,15,11,4269.6,7650.0,-3380.3999999999996
9687,2488,75,74,14,14,15,7015.021874999999,6375.0,640.0218749999995
9688,2488,76,75,20,20,25,15068.7,6460.0,8608.7
9689,2488,64,63,22,22,17,8576.04375,5440.0,3136.0437500000007
9690,2488,77,76,18,17,21,13559.4,6545.0,7014.4
9691,2488,75,74,19,18,17,9767.8125,6375.0,3392.8125
9692,2488,76,75,23,23,14,4113.0,6460.0,-2347.0
9693,2488,73,72,18,18,18,11088.61875,6205.0,4883.61875
9694,2488,81,80,11,11,17,6274.6875,6885.0,-610.3125
9695,2488,72,71,24,24,30,17699.5125,6120.0,11579.5125
9696,2488,75,74,20,20,16,8875.8,6375.0,2500.7999999999993
9697,2488,86,85,18,18,15,5234.4,7310.0,-2075.6000000000004
9698,2488,76,75,17,17,21,11875.5,6460.0,5415.5
9699,2488,73,72,21,21,33,20188.63125,6205.0,13983.631249999999
9700,2488,80,79,20,20,24,11843.55,6800.0,5043.549999999999
9701,2488,71,70,19,19,21,10639.125,6035.0,4604.125
9702,2488,71,70,16,16,16,9342.9,6035.0,3307.8999999999996
9703,2488,85,84,14,14,12,5812.087500000001,7225.0,-1412.9124999999995
9704,2488,74,73,14,14,18,10241.1,6290.0,3951.1000000000004
9705,2488,83,82,14,14,19,11429.1,7055.0,4374.1
9706,2488,77,76,22,22,20,11901.6,6545.0,5356.6
9707,2488,73,72,16,15,21,14488.565625000001,6205.0,8283.565625000001
9708,2488,72,71,22,22,13,5662.8,6120.0,-457.1999999999998
9709,2488,75,74,18,18,20,10185.075,6375.0,3810.0750000000007
9710,2488,83,82,10,10,9,4230.0,7055.0,-2825.0
9711,2488,69,68,19,19,23,15655.275,5865.0,9790.275
9712,2488,74,73,17,16,23,14588.2125,6290.0,8298.2125
9713,2488,90,89,20,20,21,11221.875,7650.0,3571.875
9714,2488,77,76,17,17,19,9679.5,6545.0,3134.5
9715,2488,84,83,11,11,12,4863.825,7140.0,-2276.175
9716,2488,80,79,14,14,20,13194.5625,6800.0,6394.5625
9717,2488,67,66,21,21,20,7718.85,5695.0,2023.8500000000004
9718,2488,78,77,22,22,18,11086.93125,6630.0,4456.93125
9719,2488,76,75,17,17,18,9388.8,6460.0,2928.7999999999993
9720,2488,70,69,19,19,30,17960.737500000003,5950.0,12010.737500000003
9721,2488,60,59,21,21,39,23046.46875,5100.0,17946.46875
9722,2488,84,83,16,16,20,13000.5,7140.0,5860.5
9723,2488,76,75,23,23,28,16579.9125,6460.0,10119.912499999999
9724,2488,85,84,15,14,14,5706.5625,7225.0,-1518.4375
9725,2488,81,80,19,19,27,14704.2,6885.0,7819.200000000001
9726,2488,71,70,17,17,26,17531.7609375,6035.0,11496.7609375
9727,2488,78,77,18,18,18,9650.925,6630.0,3020.9249999999993
9728,2488,74,73,18,17,19,11340.9,6290.0,5050.9
9729,2488,79,78,22,22,26,12542.4,6715.0,5827.4
9730,2488,74,73,21,21,28,17259.3,6290.0,10969.3
9731,2488,76,75,21,21,18,9880.2,6460.0,3420.2000000000007
9732,2488,63,62,23,23,22,10045.6875,5355.0,4690.6875
9733,2488,72,71,17,17,24,13597.3125,6120.0,7477.3125
9734,2488,78,77,23,22,41,28557.52734375,6630.0,21927.52734375
9735,2488,69,68,24,24,26,14461.312500000002,5865.0,8596.312500000002
9736,2488,75,74,17,17,9,4296.6,6375.0,-2078.3999999999996
9737,2488,74,73,19,19,24,11242.8,6290.0,4952.799999999999
9738,2488,74,73,20,20,29,13142.8125,6290.0,6852.8125
9739,2488,71,70,20,20,20,13601.7,6035.0,7566.700000000001
9740,2488,75,74,16,16,24,13455.9,6375.0,7080.9
9741,2488,73,72,22,22,31,19666.4765625,6205.0,13461.4765625
9742,2488,79,78,16,16,18,9049.95,6715.0,2334.9500000000007
9743,2488,83,82,17,17,18,7688.250000000001,7055.0,633.2500000000009
9744,2488,70,69,16,16,30,21869.634375,5950.0,15919.634375000001
9745,2488,78,77,20,20,28,15732.0,6630.0,9102.0
9746,2488,83,82,11,11,8,4319.1,7055.0,-2735.8999999999996
9747,2488,74,73,18,17,19,9559.6875,6290.0,3269.6875
9748,2488,80,79,20,20,13,4461.3,6800.0,-2338.7
9749,2488,78,77,16,16,11,3765.6,6630.0,-2864.4
9750,2488,75,74,16,16,15,6215.400000000001,6375.0,-159.59999999999945
9751,2488,83,82,14,14,14,6919.987500000001,7055.0,-135.0124999999989
9752,2488,72,71,19,19,16,8856.45,6120.0,2736.4500000000007
9753,2488,76,75,23,23,21,11236.5,6460.0,4776.5
9754,2488,78,77,18,18,33,21774.571875,6630.0,15144.571875000001
9755,2488,76,75,17,17,17,6656.4,6460.0,196.39999999999964
9756,2488,81,80,19,19,28,16255.800000000001,6885.0,9370.800000000001
9757,2488,74,73,20,19,24,10826.1,6290.0,4536.1
9758,2488,74,73,12,12,18,8553.15,6290.0,2263.1499999999996
9759,2488,79,78,18,18,14,5647.95,6715.0,-1067.0500000000002
9760,2488,79,78,12,12,8,3780.0,6715.0,-2935.0
9761,2488,68,67,22,22,15,5040.9,5780.0,-739.1000000000004
9762,2488,75,74,17,17,14,6385.5,6375.0,10.5
9763,2488,78,77,23,23,19,10387.8,6630.0,3757.7999999999993
9764,2488,74,73,21,20,17,6942.15,6290.0,652.1499999999996
9765,2488,81,80,17,16,16,5543.1,6885.0,-1341.8999999999996
9766,2488,83,82,13,13,24,14058.675000000001,7055.0,7003.675000000001
9767,2488,73,72,18,18,30,22010.2875,6205.0,15805.287499999999
9768,2488,79,78,15,15,21,11338.875,6715.0,4623.875
9769,2488,81,80,23,23,25,11018.474999999999,6885.0,4133.4749999999985
9770,2488,72,71,16,16,28,15837.584765625,6120.0,9717.584765625
9771,2488,90,89,16,16,13,5889.6,7650.0,-1760.3999999999996
9772,2488,69,68,18,18,23,13401.534375,5865.0,7536.534374999999
9773,2488,75,74,15,15,32,15704.746765136719,6375.0,9329.746765136719
9774,2488,69,68,18,18,23,12738.15,5865.0,6873.15
9775,2488,79,78,17,16,22,13371.975,6715.0,6656.975
9776,2488,75,74,15,15,19,10790.662500000002,6375.0,4415.662500000002
9777,2488,69,68,20,19,20,10680.3,5865.0,4815.299999999999
9778,2488,69,68,21,21,34,20777.54765625,5865.0,14912.54765625
9779,2488,88,87,14,14,16,7353.0,7480.0,-127.0
9780,2488,89,88,14,14,12,5289.3,7565.0,-2275.7
9781,2488,77,76,18,18,19,9298.349999999999,6545.0,2753.3499999999985
9782,2488,77,76,21,20,16,8982.675,6545.0,2437.6749999999993
9783,2488,68,67,18,18,16,7902.45,5780.0,2122.45
9784,2488,71,70,20,20,36,21476.334375,6035.0,15441.334374999999
9785,2488,72,71,20,20,32,20588.68125,6120.0,14468.681250000001
9786,2488,70,69,18,18,28,14111.1,5950.0,8161.1
9787,2488,74,73,19,19,17,6805.8,6290.0,515.8000000000002
9788,2488,72,71,19,19,20,9358.650000000001,6120.0,3238.6500000000015
9789,2488,74,73,22,22,21,10551.15,6290.0,4261.15
9790,2488,71,70,21,21,26,14991.75,6035.0,8956.75
9791,2488,80,79,13,13,12,4261.5,6800.0,-2538.5
9792,2488,77,76,16,16,20,7730.1,6545.0,1185.1000000000004
9793,2488,68,67,22,22,22,9080.55,5780.0,3300.5499999999993
9794,2488,78,77,19,19,24,14657.625,6630.0,8027.625
9795,2488,73,72,16,16,15,6352.200000000001,6205.0,147.20000000000073
9796,2488,91,90,15,15,13,5215.5,7735.0,-2519.5
9797,2488,75,74,24,24,22,11563.2,6375.0,5188.200000000001
9798,2488,61,60,20,20,24,11774.475,5185.0,6589.475
9799,2488,72,71,14,14,20,12246.84140625,6120.0,6126.84140625
9800,2488,76,75,21,21,23,9006.35625,6460.0,2546.3562500000007
9801,2488,76,75,11,11,13,4519.35,6460.0,-1940.6499999999996
9802,2488,83,82,17,17,20,9254.7,7055.0,2199.7000000000007
9803,2488,75,74,22,22,24,12547.35,6375.0,6172.35
9804,2488,76,75,15,15,26,17668.5046875,6460.0,11208.5046875
9805,2488,73,72,18,18,16,8713.8,6205.0,2508.7999999999993
9806,2488,76,75,13,13,9,3690.0,6460.0,-2770.0
9807,2488,78,77,21,21,21,10737.0,6630.0,4107.0
9808,2488,76,75,20,20,26,13296.825,6460.0,6836.825000000001
9809,2488,87,86,16,16,18,8917.2,7395.0,1522.2000000000007
9810,2488,75,74,15,15,11,5220.0,6375.0,-1155.0
9811,2488,84,83,19,19,20,7275.6,7140.0,135.60000000000036
9812,2488,82,81,14,14,18,11323.35,6970.0,4353.35
9813,2488,73,72,18,18,14,7376.4,6205.0,1171.3999999999996
9814,2488,68,67,20,20,19,9600.75,5780.0,3820.75
9815,2488,74,73,19,19,20,12090.6,6290.0,5800.6
9816,2488,78,77,19,19,30,13522.5,6630.0,6892.5
9817,2488,75,74,21,21,18,6138.9,6375.0,-236.10000000000036
9818,2488,85,84,16,16,17,8035.875000000001,7225.0,810.8750000000009
9819,2488,72,71,25,25,31,19162.29375,6120.0,13042.29375
9820,2488,77,76,13,13,22,12764.925,6545.0,6219.924999999999
9821,2488,72,71,21,21,22,13281.13125,6120.0,7161.13125
9822,2488,76,75,14,14,13,5613.75,6460.0,-846.25
9823,2488,75,74,21,20,21,8947.35,6375.0,2572.3500000000004
9824,2488,70,69,18,18,11,4686.3,5950.0,-1263.6999999999998
9825,2488,64,63,18,18,24,11704.837500000001,5440.0,6264.8375000000015
9826,2488,77,76,18,17,16,5933.7,6545.0,-611.3000000000002
9827,2488,73,72,22,21,17,6065.1,6205.0,-139.89999999999964
9828,2488,74,73,15,14,21,10960.621875,6290.0,4670.621875000001
9829,2488,70,69,18,17,20,10655.1,5950.0,4705.1
9830,2488,83,82,12,12,7,2726.1,7055.0,-4328.9
9831,2488,78,77,17,17,29,18326.362500000003,6630.0,11696.362500000003
9832,2488,76,75,18,17,22,14319.675,6460.0,7859.674999999999
9833,2488,81,80,14,14,26,16022.5875,6885.0,9137.5875
9834,2488,80,79,15,15,12,5764.95,6800.0,-1035.0500000000002
9835,2488,81,80,16,16,12,5570.1,6885.0,-1314.8999999999996
9836,2488,69,68,20,20,38,20843.64140625,5865.0,14978.64140625
9837,2488,83,82,18,18,15,5934.15,7055.0,-1120.8500000000004
9838,2488,78,77,21,21,36,19328.11875,6630.0,12698.118750000001
9839,2488,84,83,19,18,22,11009.587500000001,7140.0,3869.5875000000015
9840,2488,65,64,23,23,24,11998.575,5525.0,6473.575000000001
9841,2488,76,75,21,21,25,10483.65,6460.0,4023.6499999999996
9842,2488,68,67,17,17,19,11949.8625,5780.0,6169.862499999999
9843,2488,77,76,20,20,24,12029.4,6545.0,5484.4
9844,2488,89,88,17,17,14,5879.700000000001,7565.0,-1685.2999999999993
9845,2488,73,72,18,18,23,12156.300000000001,6205.0,5951.300000000001
9846,2488,66,65,22,22,19,6890.4,5610.0,1280.3999999999996
9847,2488,80,79,18,17,12,6480.45,6800.0,-319.5500000000002
9848,2488,73,72,20,20,16,6926.4,6205.0,721.3999999999996
9849,2488,80,79,14,14,21,11630.8125,6800.0,4830.8125
9850,2488,89,88,19,19,15,7210.350000000001,7565.0,-354.6499999999987
9851,2488,71,70,19,19,16,8160.3,6035.0,2125.3
9852,2488,76,75,16,16,17,11160.028124999999,6460.0,4700.028124999999
9853,2488,79,78,16,16,18,10468.8,6715.0,3753.7999999999993
9854,2488,77,76,16,16,18,8661.15,6545.0,2116.1499999999996
9855,2488,78,77,20,20,28,13830.3,6630.0,7200.299999999999
9856,2488,75,74,21,21,22,7704.0,6375.0,1329.0
9857,2488,68,67,17,17,23,11729.025000000001,5780.0,5949.0250000000015
9858,2488,70,69,23,23,30,16807.696875,5950.0,10857.696875000001
9859,2488,88,87,16,16,16,7616.7,7480.0,136.69999999999982
9860,2488,77,76,18,18,19,9821.7,6545.0,3276.7000000000007
9861,2488,82,81,15,15,15,5157.9,6970.0,-1812.1000000000004
9862,2488,75,74,19,19,28,15969.6,6375.0,9594.6
9863,2488,75,74,18,18,20,11416.95,6375.0,5041.950000000001
9864,2488,64,63,17,17,28,16746.975,5440.0,11306.974999999999
9865,2488,77,76,17,17,24,14123.25,6545.0,7578.25
9866,2488,82,81,23,23,20,8163.45,6970.0,1193.4499999999998
9867,2488,83,82,22,22,17,6911.1,7055.0,-143.89999999999964
9868,2488,75,74,23,22,32,19088.4375,6375.0,12713.4375
9869,2488,68,67,18,18,21,9843.75,5780.0,4063.75
9870,2488,76,75,20,20,18,7018.875,6460.0,558.875
9871,2488,65,64,17,17,24,13874.7375,5525.0,8349.7375
9872,2488,81,80,21,21,21,10054.125,6885.0,3169.125
9873,2488,80,79,14,14,11,3828.6,6800.0,-2971.4
9874,2488,80,79,14,14,15,7509.599999999999,6800.0,709.5999999999995
9875,2488,71,70,22,22,28,13410.225,6035.0,7375.225
9876,2488,76,75,18,18,23,12231.3375,6460.0,5771.3375
9877,2488,77,76,17,16,21,13424.849999999999,6545.0,6879.8499999999985
9878,2488,81,80,20,20,23,9606.825,6885.0,2721.8250000000007
9879,2488,66,65,17,17,33,19878.215625,5610.0,14268.215625
9880,2488,88,87,15,15,16,7152.75,7480.0,-327.25
9881,2488,71,70,20,20,25,12083.625,6035.0,6048.625
9882,2488,76,75,21,21,15,7692.3,6460.0,1232.3000000000002
9883,2488,92,91,14,13,7,1643.4,7820.0,-6176.6
9884,2488,79,78,19,19,23,13217.371875,6715.0,6502.371875000001
9885,2488,72,71,22,22,27,12874.95,6120.0,6754.950000000001
9886,2488,67,66,21,21,33,20622.4875,5695.0,14927.4875
9887,2488,87,86,16,16,12,6590.700000000001,7395.0,-804.2999999999993
9888,2488,79,78,18,18,19,9300.15,6715.0,2585.1499999999996
9889,2488,68,67,20,20,26,15063.3,5780.0,9283.3
9890,2488,86,85,18,18,20,8854.2,7310.0,1544.2000000000007
9891,2488,80,79,21,21,32,15241.978125000001,6800.0,8441.978125000001
9892,2488,75,74,18,18,14,7065.0,6375.0,690.0
9893,2488,76,75,17,17,31,18395.6625,6460.0,11935.662499999999
9894,2488,69,68,14,13,15,6676.425,5865.0,811.4250000000002
9895,2488,70,69,20,20,27,11934.0,5950.0,5984.0
9896,2488,71,70,17,17,29,14033.1375,6035.0,7998.137500000001
9897,2488,79,78,15,15,19,10737.9,6715.0,4022.8999999999996
9898,2488,74,73,18,18,16,8353.2375,6290.0,2063.2374999999993
9899,2488,73,72,17,17,16,10510.65,6205.0,4305.65
9900,2488,80,79,18,18,24,16303.81640625,6800.0,9503.81640625
9901,2488,72,71,20,20,18,9321.75,6120.0,3201.75
9902,2488,68,67,19,18,20,9005.175,5780.0,3225.1749999999993
9903,2488,78,77,15,15,16,6161.4,6630.0,-468.60000000000036
9904,2488,71,70,17,17,17,7463.25,6035.0,1428.25
9905,2488,77,76,11,11,10,5252.4,6545.0,-1292.6000000000004
9906,2488,82,81,17,17,22,14738.990624999999,6970.0,7768.9906249999985
9907,2488,69,68,13,13,31,19225.49765625,5865.0,13360.497656250001
9908,2488,75,74,20,20,36,21918.9375,6375.0,15543.9375
9909,2488,73,72,14,14,21,14442.075,6205.0,8237.075
9910,2488,72,71,13,13,13,6570.0,6120.0,450.0
9911,2488,71,70,21,21,19,8509.95,6035.0,2474.9500000000007
9912,2488,76,75,22,22,26,12034.35,6460.0,5574.35
9913,2488,63,62,22,22,34,21266.325,5355.0,15911.325
9914,2488,75,74,20,20,12,4594.5,6375.0,-1780.5
9915,2488,79,78,20,19,22,11766.6,6715.0,5051.6
9916,2488,71,70,26,26,18,9061.9875,6035.0,3026.9874999999993
9917,2488,72,71,16,15,11,6895.35,6120.0,775.3500000000004
9918,2488,74,73,15,15,17,8599.05,6290.0,2309.0499999999993
9919,2488,74,73,18,18,22,10471.725,6290.0,4181.725
9920,2488,73,72,12,12,10,3211.2,6205.0,-2993.8
9921,2488,83,82,16,16,16,6856.2,7055.0,-198.80000000000018
9922,2488,67,66,21,21,28,14800.275000000001,5695.0,9105.275000000001
9923,2488,75,74,18,18,17,8588.699999999999,6375.0,2213.699999999999
9924,2488,92,91,10,10,12,6738.525000000001,7820.0,-1081.4749999999995
9925,2488,84,83,21,21,26,13789.35,7140.0,6649.35
9926,2488,73,72,19,19,23,13757.962500000001,6205.0,7552.9625000000015
9927,2488,84,83,13,13,17,10515.150000000001,7140.0,3375.1500000000015
9928,2488,72,71,16,16,33,20823.99609375,6120.0,14703.99609375
9929,2488,84,83,15,15,11,4860.0,7140.0,-2280.0
9930,2488,77,76,13,13,10,4075.2000000000003,6545.0,-2469.7999999999997
9931,2488,73,72,20,19,16,7380.0,6205.0,1175.0
9932,2488,79,78,16,16,20,8291.25,6715.0,1576.25
9933,2488,78,77,17,17,22,12272.85,6630.0,5642.85
9934,2488,72,71,26,26,26,13247.4375,6120.0,7127.4375
9935,2488,71,70,15,15,23,13900.865625000002,6035.0,7865.865625000002
9936,2488,68,67,19,19,33,21946.134375,5780.0,16166.134375000001
9937,2488,79,78,18,18,23,13645.35,6715.0,6930.35
9938,2488,68,67,26,26,24,12284.325,5780.0,6504.325000000001
9939,2488,74,73,18,17,33,17044.2421875,6290.0,10754.2421875
9940,2488,74,73,16,16,18,7554.599999999999,6290.0,1264.5999999999995
9941,2488,69,68,22,22,33,15982.2,5865.0,10117.2
9942,2488,70,69,18,17,19,7749.675,5950.0,1799.6750000000002
9943,2488,79,78,17,17,29,16313.709374999999,6715.0,9598.709374999999
9944,2488,63,62,25,25,34,18336.7125,5355.0,12981.712500000001
9945,2488,67,66,13,12,15,7084.35,5695.0,1389.3500000000004
9946,2488,69,68,22,22,19,7991.775,5865.0,2126.7749999999996
9947,2488,67,66,15,14,14,5840.55,5695.0,145.55000000000018
9948,2488,83,82,14,14,18,8630.325,7055.0,1575.3250000000007
9949,2488,77,76,16,16,12,6251.849999999999,6545.0,-293.15000000000055
9950,2488,76,75,15,15,26,14115.712500000001,6460.0,7655.7125000000015
9951,2488,75,74,19,19,14,5550.3,6375.0,-824.6999999999998
9952,2488,64,63,25,24,29,14489.099999999999,5440.0,9049.099999999999
9953,2488,70,69,22,22,21,10067.175,5950.0,4117.174999999999
9954,2488,75,74,19,19,26,14573.7,6375.0,8198.7
9955,2488,73,72,19,19,29,15213.09375,6205.0,9008.09375
9956,2488,73,72,22,22,24,12757.5,6205.0,6552.5
9957,2488,77,76,18,18,15,5253.525,6545.0,-1291.4750000000004
9958,2488,82,81,17,17,16,9850.078125,6970.0,2880.078125
9959,2488,78,77,20,19,17,7711.987499999999,6630.0,1081.9874999999993
9960,2488,84,83,17,17,21,9467.1,7140.0,2327.1000000000004
9961,2488,78,77,20,20,16,7515.0,6630.0,885.0
9962,2488,79,78,14,14,15,7741.40625,6715.0,1026.40625
9963,2488,80,79,18,18,14,6219.9,6800.0,-580.1000000000004
9964,2488,79,78,16,16,13,5910.3,6715.0,-804.6999999999998
9965,2488,80,79,20,19,15,6003.9,6800.0,-796.1000000000004
9966,2488,67,66,20,20,17,7812.9,5695.0,2117.8999999999996
9967,2488,78,77,19,19,18,9337.5,6630.0,2707.5
9968,2488,82,81,15,15,12,4324.5,6970.0,-2645.5
9969,2488,82,81,18,17,23,17510.540625,6970.0,10540.540625000001
9970,2488,72,71,17,17,24,13146.72890625,6120.0,7026.72890625
9971,2488,77,76,18,18,14,6384.6,6545.0,-160.39999999999964
9972,2488,69,68,18,18,19,8343.0,5865.0,2478.0
9973,2488,77,76,24,24,33,18343.518749999996,6545.0,11798.518749999996
9974,2488,87,86,21,21,15,6897.15,7395.0,-497.85000000000036
9975,2488,70,69,23,23,21,10663.7625,5950.0,4713.762500000001
9976,2488,65,64,21,21,26,17270.38125,5525.0,11745.381249999999
9977,2488,84,83,14,14,16,6484.275,7140.0,-655.7250000000004
9978,2488,75,74,20,20,16,7610.400000000001,6375.0,1235.4000000000005
9979,2488,74,73,13,13,28,15057.759375000001,6290.0,8767.759375000001
9980,2488,78,77,16,16,19,9058.95,6630.0,2428.9500000000007
9981,2488,73,72,24,24,24,12300.75,6205.0,6095.75
9982,2488,75,74,23,23,33,18510.8625,6375.0,12135.8625
9983,2488,85,84,11,11,19,12547.6453125,7225.0,5322.645312500001
9984,2488,78,77,20,20,24,12265.2,6630.0,5635.200000000001
9985,2488,69,68,21,21,21,10951.2,5865.0,5086.200000000001
9986,2488,75,74,19,19,20,8025.75,6375.0,1650.75
9987,2488,70,69,23,23,24,11793.0375,5950.0,5843.0375
9988,2488,75,74,18,18,18,8805.15,6375.0,2430.1499999999996
9989,2488,80,79,19,19,24,19460.3185546875,6800.0,12660.3185546875
9990,2488,66,65,15,15,16,9301.3875,5610.0,3691.3875000000007
9991,2488,80,79,19,19,12,4974.3,6800.0,-1825.6999999999998
9992,2488,72,71,15,15,14,6582.6,6120.0,462.60000000000036
9993,2488,79,78,16,16,14,6618.15,6715.0,-96.85000000000036
9994,2488,73,72,19,19,16,8767.35,6205.0,2562.3500000000004
9995,2488,76,75,23,23,27,15586.425,6460.0,9126.425
9996,2488,73,72,18,18,21,12393.928125,6205.0,6188.928125
9997,2488,80,79,19,19,21,13949.1,6800.0,7149.1
9998,2488,81,80,17,17,19,10071.9,6885.0,3186.8999999999996
9999,2488,74,73,18,18,24,13037.625,6290.0,6747.625
10000,2488,78,77,29,28,27,12954.375,6630.0,6324.375
