simulation,trading_days,combine_subscriptions_purchased,monthly_rebills,paid_resets,reset_credits_earned,reset_credits_used,reset_credits_expired,reset_credits_remaining,combine_passes,xfa_accounts_earned,back2funded_reactivations,xfa_failures,accounts_blown,payouts,trader_payouts,account_costs,actual_net_pnl,active_parallel_accounts
1,1246,60,170,0,170,95,45,30,60,60,0,55,150,40,28374.097500000003,19550.0,8824.097500000003,5
2,1246,85,155,0,155,145,0,10,35,35,0,35,225,30,17539.2,20400.0,-2860.7999999999993,5
3,1246,75,150,0,150,135,5,10,55,55,0,55,205,30,19881.99,19125.0,756.9900000000007,5
4,1246,70,165,0,165,145,0,20,40,40,0,40,210,35,19964.700000000004,19975.0,-10.299999999997453,5
5,1246,55,175,0,175,125,30,20,40,40,0,40,175,20,10849.68,19550.0,-8700.32,5
6,1246,90,150,0,150,140,0,10,40,40,0,40,225,50,31404.15,20400.0,11004.15,5
7,1246,50,185,0,185,120,45,20,45,45,0,45,165,20,10185.12,19975.0,-9789.88,5
8,1246,30,200,0,200,155,45,0,15,15,0,15,180,45,36997.36875000001,19550.0,17447.368750000005,5
9,1246,70,170,0,170,115,30,25,60,60,0,60,180,50,29062.800000000007,20400.0,8662.800000000007,5
10,1246,65,150,0,150,145,5,0,55,55,0,55,205,35,18068.760000000006,18275.0,-206.2399999999957,5
11,1246,70,165,0,165,165,0,0,35,35,0,35,230,35,22697.190000000002,19975.0,2722.1900000000005,5
12,1246,65,175,0,175,150,0,25,50,50,0,50,210,30,17492.940000000002,20400.0,-2907.0599999999968,5
13,1246,40,185,0,185,135,40,10,35,35,0,35,170,60,43755.24375000001,19125.0,24630.24375000001,5
14,1246,50,180,0,180,130,35,15,30,30,0,30,175,35,23592.645000000004,19550.0,4042.6450000000023,5
15,1246,70,135,0,135,110,20,5,55,55,0,50,175,25,14622.480000000005,17425.0,-2802.519999999995,5
16,1246,75,150,0,150,130,10,10,40,40,0,40,200,20,9772.920000000002,19125.0,-9352.079999999998,5
17,1246,60,150,0,150,125,20,5,55,55,0,55,180,50,29188.980000000003,17850.0,11338.980000000001,5
18,1246,40,180,0,180,165,10,5,30,30,0,30,200,25,16122.87,18700.0,-2577.1299999999997,5
19,1246,40,185,0,185,170,0,15,30,30,0,30,205,10,5380.56,19125.0,-13744.439999999999,5
20,1246,110,140,0,140,130,0,10,35,35,0,35,235,25,13770.180000000004,21250.0,-7479.819999999995,5
21,1246,60,150,0,150,135,0,15,50,50,0,50,190,25,12268.440000000002,17850.0,-5581.559999999998,5
22,1246,45,170,0,170,145,25,0,40,40,0,35,185,15,8714.34,18275.0,-9560.66,5
23,1246,65,160,0,160,125,25,10,50,50,0,50,185,30,14651.280000000002,19125.0,-4473.719999999998,5
24,1246,80,155,0,155,155,0,0,45,45,0,45,230,25,12116.520000000002,19975.0,-7858.479999999998,5
25,1246,75,150,0,150,140,0,10,50,50,0,50,210,60,47145.61125,19125.0,28020.61125,5
26,1246,35,195,0,195,175,5,15,30,30,0,30,205,20,10046.160000000002,19550.0,-9503.839999999998,5
27,1246,60,165,0,165,145,20,0,30,30,0,30,200,30,23135.782500000005,19125.0,4010.782500000005,5
28,1246,70,165,0,165,135,20,10,35,35,0,35,200,20,14516.550000000003,19975.0,-5458.449999999998,5
29,1246,75,130,0,130,110,15,5,70,70,0,70,180,75,49944.285,17425.0,32519.285,5
30,1246,100,150,0,150,125,10,15,50,50,0,50,220,45,26834.130000000005,21250.0,5584.130000000005,5
31,1246,60,160,0,160,140,0,20,35,35,0,35,195,40,25557.93,18700.0,6857.930000000001,5
32,1246,70,155,0,155,95,20,40,45,45,0,45,160,40,24509.07,19125.0,5384.0700000000015,5
33,1246,100,155,0,155,155,0,0,30,30,0,30,250,20,14834.970000000001,21675.0,-6840.029999999999,5
34,1246,100,140,0,140,140,0,0,40,40,0,40,235,55,32754.78,20400.0,12354.78,5
35,1246,65,155,0,155,115,15,25,50,50,0,45,175,65,44083.71,18700.0,25383.71,5
36,1246,60,170,0,170,110,20,40,50,50,0,50,165,40,21309.660000000003,19550.0,1759.6600000000035,5
37,1246,60,180,0,180,160,15,5,35,35,0,35,215,20,10401.480000000001,20400.0,-9998.519999999999,5
38,1246,65,140,0,140,135,0,5,50,50,0,50,195,40,25439.400000000005,17425.0,8014.400000000005,5
39,1246,95,145,0,145,140,0,5,40,40,0,40,230,30,17706.420000000002,20400.0,-2693.5799999999995,5
40,1246,90,135,0,135,130,0,5,60,60,0,60,215,30,19104.39,19125.0,-20.609999999999218,5
41,1246,95,165,0,165,155,10,0,25,25,0,25,245,25,12518.64,22100.0,-9581.36,5
42,1246,60,170,0,170,150,5,15,50,50,0,45,205,45,30403.215,19550.0,10853.215,5
43,1246,45,170,0,170,165,5,0,25,25,0,25,205,20,13555.170000000002,18275.0,-4719.829999999997,5
44,1246,75,155,0,155,155,0,0,30,30,0,30,225,20,13642.470000000001,19550.0,-5907.529999999999,5
45,1246,110,125,0,125,110,15,0,70,70,0,70,215,40,24519.059999999998,19975.0,4544.0599999999995,5
46,1246,85,155,0,155,150,5,0,40,40,0,40,230,35,20303.280000000002,20400.0,-96.71999999999798,5
47,1246,60,160,0,160,130,10,20,45,45,0,45,185,45,26676.090000000004,18700.0,7976.090000000004,5
48,1246,45,170,0,170,150,0,20,25,25,0,25,190,25,15759.450000000004,18275.0,-2515.549999999996,5
49,1246,75,170,0,170,115,35,20,60,60,0,55,185,20,10654.920000000002,20825.0,-10170.079999999998,5
50,1246,65,165,0,165,160,0,5,30,30,0,30,220,15,7981.56,19550.0,-11568.44,5
51,1246,120,135,0,135,135,0,0,30,30,0,30,250,15,9009.720000000001,21675.0,-12665.279999999999,5
52,1246,110,155,0,155,140,0,15,35,35,0,35,245,25,13420.980000000001,22525.0,-9104.019999999999,5
53,1246,55,160,0,160,145,5,10,35,35,0,35,195,45,35155.136249999996,18275.0,16880.136249999996,5
54,1246,85,170,0,170,110,30,30,65,65,0,60,190,50,28920.780000000006,21675.0,7245.780000000004,5
55,1246,90,150,0,150,150,0,0,45,45,0,45,235,30,16397.100000000002,20400.0,-4002.8999999999974,5
56,1246,125,130,0,130,130,0,0,45,45,0,45,250,60,42839.707500000004,21675.0,21164.707500000004,5
57,1246,75,160,0,160,150,5,5,40,40,0,40,220,30,16309.259999999998,19975.0,-3665.7400000000007,5
58,1246,75,170,0,170,165,0,5,30,30,0,30,235,20,12336.12,20825.0,-8488.88,5
59,1246,75,165,0,165,165,0,0,20,20,0,20,235,25,18293.625,20400.0,-2106.374999999998,5
60,1246,65,165,0,165,130,20,15,40,40,0,35,190,35,20955.420000000006,19550.0,1405.4200000000037,5
61,1246,90,150,0,150,145,0,5,40,40,0,40,230,40,23383.440000000002,20400.0,2983.4400000000005,5
62,1246,40,185,0,185,135,20,30,35,35,0,35,170,20,11376.900000000001,19125.0,-7748.099999999999,5
63,1246,45,210,0,210,125,55,30,40,40,0,40,165,25,12907.080000000002,21675.0,-8767.919999999998,5
64,1246,25,205,0,205,175,15,15,20,20,0,20,195,5,3001.32,19550.0,-16548.68,5
65,1246,40,190,0,190,120,35,35,35,35,0,35,155,45,29052.63000000001,19550.0,9502.630000000008,5
66,1246,40,185,0,185,135,40,10,35,35,0,35,170,10,4825.08,19125.0,-14299.92,5
67,1246,55,175,0,175,115,25,35,40,40,0,40,165,65,46904.16375000001,19550.0,27354.163750000007,5
68,1246,50,170,0,170,155,0,15,40,40,0,40,200,5,2414.5200000000004,18700.0,-16285.48,5
69,1246,115,135,0,135,130,0,5,45,45,0,45,240,40,26009.37000000001,21250.0,4759.370000000008,5
70,1246,85,155,0,155,115,20,20,50,50,0,50,195,45,27107.82,20400.0,6707.8200000000015,5
71,1246,40,200,0,200,175,0,25,25,25,0,25,210,15,8714.34,20400.0,-11685.66,5
72,1246,60,180,0,180,135,15,30,55,55,0,55,190,45,25838.640000000007,20400.0,5438.640000000005,5
73,1246,75,150,0,150,125,10,15,55,55,0,55,195,45,29515.41000000001,19125.0,10390.41000000001,5
74,1246,70,155,0,155,130,10,15,55,55,0,55,195,35,22651.83,19125.0,3526.83,5
75,1246,90,160,0,160,145,0,15,25,25,0,25,230,20,9928.440000000002,21250.0,-11321.56,5
76,1246,160,110,0,110,105,0,5,35,35,0,35,260,30,18413.280000000006,22950.0,-4536.719999999996,5
77,1246,145,120,0,120,120,0,0,40,40,0,40,260,30,18148.320000000003,22525.0,-4376.679999999997,5
78,1246,40,190,0,190,150,20,20,35,35,0,35,185,25,13572.900000000001,19550.0,-5977.0999999999985,5
79,1246,60,165,0,165,105,30,30,55,55,0,55,160,40,25014.42,19125.0,5889.42,5
80,1246,55,190,0,190,170,15,5,25,25,0,25,220,15,8802.18,20825.0,-12022.82,5
81,1246,50,185,0,185,110,55,20,45,45,0,45,155,35,20360.520000000004,19975.0,385.5200000000036,5
82,1246,120,135,0,135,135,0,0,50,50,0,50,250,25,12687.48,21675.0,-8987.52,5
83,1246,55,170,0,170,150,5,15,50,50,0,45,200,25,14606.280000000002,19125.0,-4518.719999999998,5
84,1246,80,165,0,165,150,0,15,40,40,0,40,225,25,13206.96,20825.0,-7618.040000000001,5
85,1246,50,170,0,170,145,25,0,35,35,0,35,190,25,16364.79,18700.0,-2335.2099999999996,5
86,1246,45,165,0,165,150,10,5,35,35,0,30,190,50,33540.435000000005,17850.0,15690.435000000007,5
87,1246,50,160,0,160,150,0,10,35,35,0,35,195,5,2451.6000000000004,17850.0,-15398.4,5
88,1246,65,155,0,155,155,0,0,30,30,0,30,215,50,34375.29750000001,18700.0,15675.297500000006,5
89,1246,55,155,0,155,145,0,10,40,40,0,40,195,20,13499.730000000001,17850.0,-4350.269999999999,5
90,1246,55,165,0,165,150,10,5,30,30,0,30,200,45,28390.320000000007,18700.0,9690.320000000007,5
91,1246,65,150,0,150,145,5,0,45,45,0,45,205,50,32447.97,18275.0,14172.970000000001,5
92,1246,110,145,0,145,140,0,5,45,45,0,45,245,45,28489.005,21675.0,6814.005000000002,5
93,1246,90,155,0,155,145,0,10,30,30,0,30,230,25,14893.920000000002,20825.0,-5931.079999999997,5
94,1246,50,165,0,165,115,30,20,45,45,0,40,160,15,7284.600000000002,18275.0,-10990.399999999998,5
95,1246,130,125,0,125,125,0,0,50,50,0,50,250,45,30692.857500000006,21675.0,9017.857500000006,5
96,1246,50,175,0,175,105,40,30,45,45,0,45,150,35,20046.780000000002,19125.0,921.7800000000034,5
97,1246,65,165,0,165,150,0,15,35,35,0,35,210,25,12825.360000000002,19550.0,-6724.639999999998,5
98,1246,70,125,0,125,110,10,5,50,50,0,50,175,65,42070.41,16575.0,25495.410000000003,5
99,1246,130,120,0,120,110,0,10,55,55,0,55,235,20,10005.480000000001,21250.0,-11244.519999999997,5
100,1246,75,145,0,145,140,0,5,40,40,0,40,210,30,20186.865,18700.0,1486.8650000000002,5
101,1246,55,165,0,165,160,5,0,30,30,0,30,210,15,8714.34,18700.0,-9985.66,5
102,1246,75,155,0,155,155,0,0,35,35,0,35,225,35,24330.870000000003,19550.0,4780.870000000004,5
103,1246,70,160,0,160,145,0,15,55,55,0,55,210,35,21143.519999999997,19550.0,1593.5199999999986,5
104,1246,35,190,0,190,145,20,25,30,30,0,30,175,0,0.0,19125.0,-19125.0,5
105,1246,70,150,0,150,135,5,10,60,60,0,60,200,55,30973.140000000003,18700.0,12273.140000000003,5
106,1246,35,175,0,175,165,0,10,30,30,0,25,195,15,7242.840000000001,17850.0,-10607.16,5
107,1246,80,160,0,160,150,0,10,50,50,0,45,225,35,18976.86,20400.0,-1423.1399999999985,5
108,1246,135,120,0,120,120,0,0,60,60,0,60,250,60,37180.26000000001,21675.0,15505.260000000013,5
109,1246,30,215,0,215,165,20,30,30,30,0,25,190,15,8181.0,20825.0,-12644.0,5
110,1246,55,170,0,170,145,20,5,35,35,0,35,195,40,24166.260000000002,19125.0,5041.260000000002,5
111,1246,80,140,0,140,135,0,5,35,35,0,35,210,25,15463.710000000003,18700.0,-3236.289999999997,5
112,1246,60,155,0,155,140,10,5,55,55,0,55,195,45,24653.340000000004,18275.0,6378.340000000003,5
113,1246,120,120,0,120,115,0,5,50,50,0,50,230,35,21984.840000000004,20400.0,1584.8400000000038,5
114,1246,140,125,0,125,115,10,0,45,45,0,45,250,60,40452.77250000001,22525.0,17927.772500000006,5
115,1246,90,145,0,145,140,0,5,40,40,0,40,225,40,27265.815000000006,19975.0,7290.815000000007,5
116,1246,80,155,0,155,140,0,15,35,35,0,35,215,25,15991.11,19975.0,-3983.889999999999,5
117,1246,120,130,0,130,130,0,0,30,30,0,30,245,5,2502.36,21250.0,-18747.64,5
118,1246,60,155,0,155,145,5,5,40,40,0,35,200,35,18532.800000000003,18275.0,257.800000000002,5
119,1246,100,135,0,135,130,0,5,45,45,0,45,225,50,34087.342500000006,19975.0,14112.342500000004,5
120,1246,70,160,0,160,100,50,10,65,65,0,65,165,45,26754.390000000007,19550.0,7204.390000000008,5
121,1246,75,160,0,160,150,0,10,50,50,0,50,220,25,13945.86,19975.0,-6029.139999999999,5
122,1246,50,155,0,155,150,0,5,30,30,0,30,195,30,16996.86,17425.0,-428.1399999999985,5
123,1246,85,165,0,165,150,0,15,40,40,0,35,230,20,10655.280000000002,21250.0,-10594.719999999998,5
124,1246,105,150,0,150,130,15,5,40,40,0,40,230,20,10215.720000000003,21675.0,-11459.279999999999,5
125,1246,60,155,0,155,150,0,5,35,35,0,35,205,35,24080.715,18275.0,5805.715,5
126,1246,30,205,0,205,160,30,15,25,25,0,25,185,5,2546.28,19975.0,-17428.72,5
127,1246,110,145,0,145,145,0,0,40,40,0,40,250,20,10053.36,21675.0,-11621.639999999998,5
128,1246,60,180,0,180,105,45,30,45,45,0,45,160,60,34626.51,20400.0,14226.510000000002,5
129,1246,100,140,0,140,130,0,10,40,40,0,40,225,15,7831.440000000001,20400.0,-12568.559999999998,5
130,1246,60,165,0,165,135,5,25,55,55,0,55,190,15,10920.509999999998,19125.0,-8204.490000000002,5
131,1246,55,160,0,160,155,0,5,45,45,0,45,205,50,37988.145000000004,18275.0,19713.145000000004,5
132,1246,115,150,0,150,140,5,5,30,30,0,30,250,10,5036.76,22525.0,-17488.24,5
133,1246,50,180,0,180,170,0,10,30,30,0,30,215,20,13752.27,19550.0,-5797.73,5
134,1246,60,165,0,165,150,15,0,45,45,0,45,205,15,9392.220000000001,19125.0,-9732.779999999999,5
135,1246,65,150,0,150,135,5,10,45,45,0,40,195,50,32994.990000000005,18275.0,14719.990000000002,5
136,1246,60,160,0,160,130,15,15,55,55,0,50,185,55,31312.08000000001,18700.0,12612.080000000009,5
137,1246,65,175,0,175,140,0,35,35,35,0,30,200,15,7358.040000000001,20400.0,-13041.96,5
138,1246,50,185,0,185,130,35,20,45,45,0,45,175,25,13887.18,19975.0,-6087.82,5
139,1246,60,160,0,160,150,0,10,50,50,0,50,205,70,52190.25468750002,18700.0,33490.25468750002,5
140,1246,30,190,0,190,160,15,15,20,20,0,20,185,20,12386.16,18700.0,-6313.84,5
141,1246,65,140,0,140,135,0,5,40,40,0,35,195,55,34246.98,17425.0,16821.980000000003,5
142,1246,95,140,0,140,120,20,0,45,45,0,45,210,55,36260.55000000001,19975.0,16285.550000000007,5
143,1246,65,160,0,160,145,5,10,45,45,0,45,205,20,10044.720000000001,19125.0,-9080.279999999999,5
144,1246,120,130,0,130,120,0,10,55,55,0,55,235,20,10103.04,21250.0,-11146.96,5
145,1246,110,125,0,125,120,5,0,40,40,0,40,225,25,14188.860000000002,19975.0,-5786.139999999998,5
146,1246,65,145,0,145,135,5,5,55,55,0,55,195,40,24217.740000000005,17850.0,6367.740000000003,5
147,1246,105,150,0,150,140,10,0,50,50,0,45,240,40,24501.6,21675.0,2826.5999999999985,5
148,1246,65,160,0,160,135,20,5,45,45,0,45,195,30,19174.050000000003,19125.0,49.050000000002,5
149,1246,70,145,0,145,140,0,5,35,35,0,35,205,50,36710.67375,18275.0,18435.673750000005,5
150,1246,30,190,0,190,165,5,20,30,30,0,25,190,25,14487.120000000003,18700.0,-4212.879999999997,5
151,1246,95,160,0,160,140,15,5,35,35,0,35,230,40,22502.160000000003,21675.0,827.1600000000035,5
152,1246,90,155,0,155,135,0,20,35,35,0,35,220,15,7879.68,20825.0,-12945.32,5
153,1246,95,150,0,150,135,5,10,40,40,0,40,225,35,19825.74,20825.0,-999.2599999999993,5
154,1246,55,150,0,150,125,0,25,45,45,0,40,175,70,49419.708750000005,17425.0,31994.70875000001,5
155,1246,55,160,0,160,140,0,20,45,45,0,45,190,15,8648.460000000001,18275.0,-9626.539999999999,5
156,1246,55,170,0,170,160,10,0,35,35,0,30,210,45,29447.910000000003,19125.0,10322.910000000002,5
157,1246,85,150,0,150,135,0,15,40,40,0,40,215,25,13111.920000000002,19975.0,-6863.079999999998,5
158,1246,75,155,0,155,155,0,0,30,30,0,30,225,35,20445.750000000004,19550.0,895.7500000000027,5
159,1246,50,180,0,180,150,15,15,25,25,0,25,195,10,6409.620000000001,19550.0,-13140.380000000001,5
160,1246,50,165,0,165,135,30,0,35,35,0,35,180,45,30735.855000000007,18275.0,12460.855000000007,5
161,1246,55,180,0,180,125,30,25,50,50,0,50,175,40,22968.36,19975.0,2993.3600000000024,5
162,1246,55,170,0,170,160,0,10,35,35,0,35,210,20,9877.320000000002,19125.0,-9247.679999999998,5
163,1246,95,140,0,140,125,5,10,55,55,0,55,215,60,37583.865,19975.0,17608.865,5
164,1246,60,175,0,175,130,15,30,55,55,0,55,185,60,41376.46500000001,19975.0,21401.465000000007,5
165,1246,50,170,0,170,160,0,10,35,35,0,35,205,15,7431.840000000002,18700.0,-11268.159999999998,5
166,1246,35,165,0,165,160,0,5,20,20,0,20,190,10,5992.380000000001,17000.0,-11007.619999999999,5
167,1246,65,140,0,140,125,0,15,60,60,0,60,185,50,34063.47,17425.0,16638.47,5
168,1246,70,160,0,160,120,10,30,55,55,0,50,185,45,27925.47000000001,19550.0,8375.470000000008,5
169,1246,80,160,0,160,150,0,10,40,40,0,35,225,65,43707.06,20400.0,23307.06,5
170,1246,65,165,0,165,165,0,0,40,40,0,40,225,30,16410.960000000003,19550.0,-3139.0399999999977,5
171,1246,50,160,0,160,120,20,20,50,50,0,45,165,45,28858.230000000007,17850.0,11008.230000000007,5
172,1246,55,170,0,170,160,5,5,35,35,0,35,210,5,2231.6400000000003,19125.0,-16893.36,5
173,1246,80,160,0,160,140,10,10,40,40,0,40,215,35,20966.490000000005,20400.0,566.4900000000034,5
174,1246,70,160,0,160,110,45,5,45,45,0,45,175,35,21984.750000000004,19550.0,2434.7500000000036,5
175,1246,95,135,0,135,120,10,5,65,65,0,65,210,80,53000.392500000016,19550.0,33450.392500000016,5
176,1246,60,165,0,165,155,0,10,45,45,0,40,210,25,14114.34,19125.0,-5010.66,5
177,1246,45,185,0,185,145,15,25,40,40,0,40,185,65,46783.87875,19550.0,27233.878750000003,5
178,1246,45,165,0,165,150,15,0,35,35,0,35,190,50,37471.8825,17850.0,19621.8825,5
179,1246,60,135,0,135,135,0,0,40,40,0,40,190,75,53660.384999999995,16575.0,37085.384999999995,5
180,1246,95,140,0,140,125,10,5,55,55,0,55,215,30,15949.260000000004,19975.0,-4025.739999999996,5
181,1246,55,175,0,175,160,0,15,40,40,0,40,210,25,12464.28,19550.0,-7085.719999999999,5
182,1246,65,150,0,150,110,40,0,55,55,0,55,170,55,39309.345,18275.0,21034.345,5
183,1246,50,185,0,185,125,15,45,40,40,0,40,170,25,13178.34,19975.0,-6796.66,5
184,1246,90,155,0,155,105,25,25,55,55,0,50,190,25,13938.660000000002,20825.0,-6886.339999999998,5
185,1246,65,150,0,150,115,20,15,55,55,0,55,175,25,13433.580000000002,18275.0,-4841.419999999998,5
186,1246,55,175,0,175,170,0,5,25,25,0,25,220,10,5268.240000000001,19550.0,-14281.759999999998,5
187,1246,55,170,0,170,140,0,30,30,30,0,30,190,20,9131.760000000002,19125.0,-9993.239999999998,5
188,1246,65,170,0,170,155,0,15,40,40,0,40,215,45,26658.990000000005,19975.0,6683.990000000003,5
189,1246,45,185,0,185,120,30,35,35,35,0,35,160,50,35526.8925,19550.0,15976.892500000004,5
190,1246,135,140,0,140,135,0,5,10,10,0,10,265,15,11447.010000000002,23375.0,-11927.989999999998,5
191,1246,45,170,0,170,140,0,30,40,40,0,35,180,45,27996.390000000007,18275.0,9721.390000000007,5
192,1246,100,140,0,140,120,15,5,45,45,0,45,215,45,26291.52,20400.0,5891.52,5
193,1246,80,155,0,155,130,20,5,55,55,0,55,205,55,34336.03499999999,19975.0,14361.034999999993,5
194,1246,55,175,0,175,140,20,15,50,50,0,50,190,65,43492.545,19550.0,23942.545,5
195,1246,60,160,0,160,125,20,15,55,55,0,55,180,30,16572.420000000002,18700.0,-2127.579999999998,5
196,1246,80,135,0,135,120,5,10,45,45,0,45,195,40,26239.815,18275.0,7964.814999999999,5
197,1246,65,145,0,145,125,10,10,55,55,0,55,185,60,39834.49500000001,17850.0,21984.495000000006,5
198,1246,60,160,0,160,155,5,0,20,20,0,20,210,15,10813.770000000002,18700.0,-7886.229999999998,5
199,1246,70,145,0,145,140,0,5,45,45,0,45,205,55,38614.871250000004,18275.0,20339.87125,5
200,1246,85,140,0,140,135,0,5,40,40,0,35,215,40,25370.910000000003,19125.0,6245.9100000000035,5
201,1246,50,155,0,155,130,25,0,45,45,0,45,175,65,45774.151874999996,17425.0,28349.151874999996,5
202,1246,55,165,0,165,120,45,0,40,40,0,40,170,30,22587.1875,18700.0,3887.1875,5
203,1246,70,150,0,150,130,0,20,50,50,0,50,195,60,41285.981250000004,18700.0,22585.981250000004,5
204,1246,60,160,0,160,135,5,20,55,55,0,55,190,35,17540.280000000002,18700.0,-1159.7199999999975,5
205,1246,50,185,0,185,145,30,10,25,25,0,25,190,35,22589.910000000003,19975.0,2614.9100000000044,5
206,1246,35,190,0,190,150,35,5,30,30,0,30,180,10,5224.32,19125.0,-13900.68,5
207,1246,55,170,0,170,170,0,0,40,40,0,40,220,20,13620.509999999998,19125.0,-5504.490000000001,5
208,1246,60,165,0,165,145,10,10,45,45,0,45,200,20,9889.560000000001,19125.0,-9235.439999999999,5
209,1246,90,135,0,135,95,35,5,75,75,0,75,180,95,70640.40375,19125.0,51515.403750000005,5
210,1246,65,140,0,140,115,5,20,50,50,0,50,175,25,13735.620000000003,17425.0,-3689.3799999999965,5
211,1246,40,180,0,180,165,10,5,35,35,0,35,200,20,9600.840000000002,18700.0,-9099.159999999998,5
212,1246,80,145,0,145,145,0,0,35,35,0,35,220,40,30625.672500000004,19125.0,11500.672500000004,5
213,1246,35,180,0,180,165,5,10,35,35,0,30,195,50,31858.47,18275.0,13583.470000000001,5
214,1246,95,155,0,155,145,0,10,35,35,0,35,235,20,13096.440000000002,21250.0,-8153.559999999998,5
215,1246,100,150,0,150,150,0,0,45,45,0,45,245,35,22584.78,21250.0,1334.7800000000007,5
216,1246,40,160,0,160,145,5,10,35,35,0,35,180,45,29692.665,17000.0,12692.665,5
217,1246,50,195,0,195,155,0,40,40,40,0,40,200,25,13252.680000000002,20825.0,-7572.319999999998,5
218,1246,75,160,0,160,140,15,5,40,40,0,40,210,15,9087.66,19975.0,-10887.34,5
219,1246,70,155,0,155,140,0,15,45,45,0,45,205,35,18349.020000000004,19125.0,-775.9799999999973,5
220,1246,55,165,0,165,160,5,0,35,35,0,35,210,25,16376.220000000001,18700.0,-2323.7799999999993,5
221,1246,50,185,0,185,100,50,35,45,45,0,45,145,60,39106.305,19975.0,19131.305,5
222,1246,50,170,0,170,135,30,5,45,45,0,45,180,50,34306.87500000001,18700.0,15606.875000000004,5
223,1246,80,145,0,145,130,0,15,45,45,0,45,205,30,18691.11,19125.0,-433.88999999999896,5
224,1246,90,155,0,155,135,20,0,45,45,0,45,220,45,30728.475000000002,20825.0,9903.475000000002,5
225,1246,80,160,0,160,150,0,10,25,25,0,25,225,25,14288.400000000003,20400.0,-6111.599999999997,5
226,1246,25,190,0,190,165,0,25,20,20,0,20,185,10,4966.200000000001,18275.0,-13308.8,5
227,1246,120,145,0,145,140,0,5,35,35,0,35,255,25,12644.280000000002,22525.0,-9880.719999999998,5
228,1246,105,145,0,145,135,5,5,70,70,0,65,235,35,20799.09,21250.0,-450.90999999999894,5
229,1246,40,175,0,175,145,15,15,35,35,0,35,180,45,29463.570000000003,18275.0,11188.570000000003,5
230,1246,60,150,0,150,145,5,0,40,40,0,40,200,50,33269.265,17850.0,15419.265,5
231,1246,75,150,0,150,140,0,10,45,45,0,45,210,20,11414.340000000002,19125.0,-7710.659999999998,5
232,1246,60,145,0,145,145,0,0,40,40,0,40,200,95,72451.06874999999,17425.0,55026.06874999999,5
233,1246,35,185,0,185,140,25,20,35,35,0,30,170,0,0.0,18700.0,-18700.0,5
234,1246,75,155,0,155,150,0,5,30,30,0,30,220,15,8121.600000000002,19550.0,-11428.399999999998,5
235,1246,45,175,0,175,155,15,5,35,35,0,35,195,35,23264.504999999997,18700.0,4564.504999999999,5
236,1246,55,155,0,155,150,0,5,45,45,0,45,200,20,10009.800000000003,17850.0,-7840.199999999997,5
237,1246,85,150,0,150,145,0,5,50,50,0,50,225,45,24114.06000000001,19975.0,4139.060000000009,5
238,1246,75,175,0,175,175,0,0,30,30,0,30,245,20,10677.240000000002,21250.0,-10572.759999999998,5
239,1246,100,130,0,130,130,0,0,30,30,0,30,225,15,8820.360000000002,19550.0,-10729.64,5
240,1246,55,170,0,170,140,30,0,35,35,0,35,190,10,4975.200000000001,19125.0,-14149.8,5
241,1246,75,150,0,150,140,0,10,45,45,0,45,210,40,22479.84,19125.0,3354.8399999999992,5
242,1246,110,125,0,125,120,5,0,55,55,0,55,225,40,24475.680000000008,19975.0,4500.680000000007,5
243,1246,50,170,0,170,160,10,0,40,40,0,35,205,35,19086.300000000003,18700.0,386.30000000000337,5
244,1246,70,170,0,170,140,5,25,35,35,0,35,205,10,4697.280000000001,20400.0,-15702.72,5
245,1246,60,155,0,155,140,10,5,50,50,0,50,195,40,25117.829999999998,18275.0,6842.829999999999,5
246,1246,55,180,0,180,155,0,25,45,45,0,45,205,30,15782.220000000001,19975.0,-4192.779999999998,5
247,1246,45,165,0,165,150,0,15,25,25,0,20,190,55,42820.101562500015,17850.0,24970.101562500015,5
248,1246,65,155,0,155,140,10,5,55,55,0,55,200,40,21700.620000000003,18700.0,3000.6200000000035,5
249,1246,75,150,0,150,125,20,5,50,50,0,50,195,60,41080.578750000015,19125.0,21955.578750000015,5
250,1246,40,165,0,165,155,5,5,30,30,0,30,190,40,24439.770000000008,17425.0,7014.770000000008,5
251,1246,40,180,0,180,155,5,20,35,35,0,35,190,25,15299.64,18700.0,-3400.3600000000006,5
252,1246,85,160,0,160,140,0,20,45,45,0,45,220,35,20860.650000000005,20825.0,35.65000000000509,5
253,1246,80,155,0,155,145,0,10,35,35,0,35,220,20,13321.62,19975.0,-6653.379999999999,5
254,1246,45,185,0,185,175,0,10,35,35,0,35,215,30,17334.360000000004,19550.0,-2215.6399999999962,5
255,1246,60,175,0,175,125,25,25,55,55,0,55,180,45,30757.320000000003,19975.0,10782.320000000003,5
256,1246,30,190,0,190,175,0,15,20,20,0,20,200,20,11540.34,18700.0,-7159.659999999999,5
257,1246,50,165,0,165,140,10,15,35,35,0,35,185,50,36947.99249999999,18275.0,18672.992499999997,5
258,1246,55,155,0,155,155,0,0,45,45,0,45,205,30,18043.56,17850.0,193.56000000000222,5
259,1246,65,130,0,130,120,5,5,55,55,0,55,180,75,51579.99,16575.0,35004.99,5
260,1246,40,175,0,175,150,10,15,35,35,0,35,185,30,17061.660000000003,18275.0,-1213.3399999999983,5
261,1246,45,180,0,180,155,5,20,35,35,0,35,195,20,9224.640000000001,19125.0,-9900.359999999999,5
262,1246,80,155,0,155,155,0,0,40,40,0,40,230,25,12863.160000000003,19975.0,-7111.839999999997,5
263,1246,75,165,0,165,150,15,0,35,35,0,35,220,45,27653.31,20400.0,7253.310000000001,5
264,1246,70,170,0,170,160,5,5,35,35,0,35,225,15,7985.880000000002,20400.0,-12414.119999999999,5
265,1246,55,170,0,170,140,15,15,45,45,0,45,190,35,18385.020000000004,19125.0,-739.9799999999959,5
266,1246,55,180,0,180,145,0,35,45,45,0,45,195,25,13206.600000000002,19975.0,-6768.399999999997,5
267,1246,70,165,0,165,155,5,5,55,55,0,55,220,45,26299.620000000003,19975.0,6324.620000000004,5
268,1246,55,165,0,165,140,5,20,50,50,0,50,190,25,17496.0,18700.0,-1203.9999999999986,5
269,1246,75,140,0,140,115,25,0,70,70,0,70,185,70,40131.54000000001,18275.0,21856.540000000005,5
270,1246,40,165,0,165,130,20,15,35,35,0,35,165,60,44622.54000000001,17425.0,27197.540000000008,5
271,1246,45,190,0,190,160,5,25,35,35,0,35,200,10,4983.4800000000005,19975.0,-14991.52,5
272,1246,85,145,0,145,125,15,5,40,40,0,40,205,40,24943.770000000004,19550.0,5393.770000000004,5
273,1246,75,170,0,170,145,0,25,25,25,0,25,215,40,26129.429999999997,20825.0,5304.429999999998,5
274,1246,105,135,0,135,135,0,0,35,35,0,35,235,45,33758.49375,20400.0,13358.493750000001,5
275,1246,50,160,0,160,135,25,0,35,35,0,35,180,45,30825.135000000006,17850.0,12975.135000000006,5
276,1246,60,160,0,160,115,35,10,45,45,0,40,170,65,45133.85249999999,18700.0,26433.852499999994,5
277,1246,60,170,0,170,125,25,20,50,50,0,50,180,45,26230.5,19550.0,6680.500000000002,5
278,1246,75,155,0,155,140,0,15,35,35,0,35,210,15,7484.760000000001,19550.0,-12065.239999999998,5
279,1246,100,140,0,140,110,5,25,55,55,0,55,205,50,33572.7225,20400.0,13172.722500000003,5
280,1246,50,170,0,170,170,0,0,30,30,0,30,215,15,10613.07,18700.0,-8086.93,5
281,1246,70,160,0,160,145,15,0,45,45,0,45,210,25,13806.180000000002,19550.0,-5743.819999999998,5
282,1246,85,130,0,130,130,0,0,35,35,0,35,210,45,31161.825000000008,18275.0,12886.825000000008,5
283,1246,75,155,0,155,155,0,0,40,40,0,35,225,30,18482.850000000002,19550.0,-1067.149999999997,5
284,1246,90,140,0,140,140,0,0,50,50,0,50,225,20,12646.710000000003,19550.0,-6903.289999999997,5
285,1246,50,160,0,160,150,10,0,40,40,0,40,195,50,31431.33000000001,17850.0,13581.330000000007,5
286,1246,80,155,0,155,140,0,15,30,30,0,30,215,50,33391.530000000006,19975.0,13416.530000000006,5
287,1246,100,140,0,140,105,30,5,50,50,0,50,200,35,22017.24,20400.0,1617.2400000000016,5
288,1246,75,145,0,145,135,0,10,35,35,0,35,205,60,41658.8625,18700.0,22958.862500000003,5
289,1246,45,165,0,165,155,0,10,40,40,0,40,195,35,21862.980000000003,17850.0,4012.9800000000023,5
290,1246,100,160,0,160,150,0,10,30,30,0,30,245,40,32903.73,22100.0,10803.730000000005,5
291,1246,55,185,0,185,145,25,15,45,45,0,45,195,20,12428.64,20400.0,-7971.36,5
292,1246,75,150,0,150,120,25,5,65,65,0,60,190,25,12813.12,19125.0,-6311.879999999999,5
293,1246,55,165,0,165,150,0,15,50,50,0,50,200,35,21065.4,18700.0,2365.3999999999996,5
294,1246,75,170,0,170,110,50,10,55,55,0,55,180,45,25861.68,20825.0,5036.680000000001,5
295,1246,65,160,0,160,130,25,5,40,40,0,40,190,50,40285.53843749999,19125.0,21160.538437499996,5
296,1246,60,140,0,140,135,0,5,45,45,0,40,190,45,36373.809375,17000.0,19373.809375,5
297,1246,50,160,0,160,155,0,5,40,40,0,40,200,30,17933.760000000002,17850.0,83.76000000000204,5
298,1246,100,140,0,140,125,10,5,55,55,0,55,220,25,14267.700000000003,20400.0,-6132.299999999997,5
299,1246,115,145,0,145,125,10,10,45,45,0,45,235,15,9291.06,22100.0,-12808.94,5
300,1246,90,130,0,130,120,5,5,50,50,0,45,205,80,53215.65000000001,18700.0,34515.65000000001,5
301,1246,65,155,0,155,135,20,0,40,40,0,40,195,35,22804.47,18700.0,4104.470000000001,5
302,1246,30,190,0,190,180,0,10,25,25,0,25,205,5,2590.2000000000003,18700.0,-16109.8,5
303,1246,50,180,0,180,120,20,40,45,45,0,45,165,20,12862.800000000003,19550.0,-6687.199999999998,5
304,1246,55,180,0,180,155,25,0,45,45,0,40,205,25,13675.140000000001,19975.0,-6299.859999999999,5
305,1246,85,160,0,160,125,30,5,40,40,0,40,205,30,18607.77,20825.0,-2217.2299999999996,5
306,1246,65,185,0,185,160,0,25,35,35,0,35,220,15,7331.4000000000015,21250.0,-13918.599999999999,5
307,1246,55,155,0,155,120,25,10,50,50,0,50,170,95,67272.0525,17850.0,49422.052500000005,5
308,1246,55,165,0,165,140,15,10,45,45,0,45,190,50,32245.424999999996,18700.0,13545.424999999996,5
309,1246,60,155,0,155,150,0,5,30,30,0,30,205,45,29588.76,18275.0,11313.759999999998,5
310,1246,55,175,0,175,105,45,25,50,50,0,50,155,30,16682.4,19550.0,-2867.5999999999976,5
311,1246,85,135,0,135,120,5,10,45,45,0,45,200,40,27495.765,18700.0,8795.765000000001,5
312,1246,45,170,0,170,160,10,0,30,30,0,30,200,25,13824.539999999999,18275.0,-4450.460000000001,5
313,1246,85,145,0,145,145,0,0,55,55,0,55,225,20,10558.800000000001,19550.0,-8991.199999999999,5
314,1246,50,165,0,165,150,0,15,45,45,0,45,195,35,19155.240000000005,18275.0,880.2400000000034,5
315,1246,60,160,0,160,120,35,5,55,55,0,55,175,65,46015.8075,18700.0,27315.807500000003,5
316,1246,70,155,0,155,150,0,5,35,35,0,35,215,30,21143.339999999997,19125.0,2018.3399999999983,5
317,1246,45,165,0,165,125,30,10,35,35,0,35,165,25,13627.980000000003,17850.0,-4222.019999999998,5
318,1246,45,170,0,170,165,0,5,35,35,0,35,205,25,13920.660000000003,18275.0,-4354.339999999997,5
319,1246,55,175,0,175,130,35,10,50,50,0,50,180,45,28953.719999999998,19550.0,9403.719999999998,5
320,1246,60,160,0,160,160,0,0,40,40,0,40,215,40,24266.97,18700.0,5566.970000000001,5
321,1246,55,170,0,170,140,0,30,30,30,0,30,190,10,6541.380000000001,19125.0,-12583.619999999999,5
322,1246,40,190,0,190,145,10,35,25,25,0,25,180,20,10355.400000000001,19550.0,-9194.599999999999,5
323,1246,40,180,0,180,165,0,15,25,25,0,25,200,0,0.0,18700.0,-18700.0,5
324,1246,60,160,0,160,145,10,5,35,35,0,35,200,15,7581.600000000002,18700.0,-11118.399999999998,5
325,1246,85,165,0,165,165,0,0,30,30,0,30,245,20,10498.680000000002,21250.0,-10751.319999999998,5
326,1246,85,150,0,150,145,0,5,40,40,0,40,225,20,11621.7,19975.0,-8353.3,5
327,1246,110,135,0,135,125,5,5,50,50,0,50,230,40,23302.620000000006,20825.0,2477.6200000000063,5
328,1246,60,165,0,165,160,0,5,40,40,0,40,215,45,27023.31,19125.0,7898.310000000001,5
329,1246,55,165,0,165,155,0,10,35,35,0,35,205,15,7463.16,18700.0,-11236.84,5
330,1246,55,175,0,175,150,0,25,20,20,0,20,200,10,5268.240000000001,19550.0,-14281.759999999998,5
331,1246,60,165,0,165,160,0,5,50,50,0,50,215,45,25787.700000000004,19125.0,6662.700000000004,5
332,1246,100,155,0,155,155,0,0,35,35,0,35,250,30,16843.500000000004,21675.0,-4831.499999999996,5
333,1246,50,170,0,170,160,0,10,40,40,0,35,205,40,27783.045000000002,18700.0,9083.045000000002,5
334,1246,75,165,0,165,160,0,5,45,45,0,45,230,45,25604.640000000003,20400.0,5204.640000000004,5
335,1246,85,160,0,160,160,0,0,30,30,0,30,240,30,18438.570000000003,20825.0,-2386.429999999998,5
336,1246,50,165,0,165,140,10,15,45,45,0,40,185,20,11348.46,18275.0,-6926.54,5
337,1246,40,180,0,180,130,30,20,30,30,0,30,165,25,16410.060000000005,18700.0,-2289.939999999997,5
338,1246,75,155,0,155,130,0,25,45,45,0,45,200,40,24208.83000000001,19550.0,4658.830000000007,5
339,1246,55,155,0,155,135,15,5,45,45,0,45,185,30,15292.800000000003,17850.0,-2557.199999999998,5
340,1246,90,155,0,155,155,0,0,40,40,0,35,240,20,10265.04,20825.0,-10559.96,5
341,1246,85,135,0,135,130,0,5,40,40,0,40,210,35,24118.155000000002,18700.0,5418.155000000002,5
342,1246,75,160,0,160,120,0,40,45,45,0,45,190,50,30634.965000000007,19975.0,10659.965000000007,5
343,1246,90,155,0,155,135,0,20,45,45,0,45,220,35,21058.2,20825.0,233.20000000000164,5
344,1246,60,165,0,165,145,5,15,40,40,0,40,200,20,13697.37,19125.0,-5427.629999999999,5
345,1246,45,190,0,190,170,0,20,40,40,0,40,210,20,10347.120000000003,19975.0,-9627.879999999997,5
346,1246,65,150,0,150,145,0,5,50,50,0,50,205,45,29642.85,18275.0,11367.849999999999,5
347,1246,105,145,0,145,140,0,5,40,40,0,40,240,10,6585.300000000001,21250.0,-14664.699999999997,5
348,1246,55,185,0,185,130,35,20,45,45,0,45,180,20,10141.2,20400.0,-10258.8,5
349,1246,75,145,0,145,130,0,15,50,50,0,45,200,45,27058.32,18700.0,8358.32,5
350,1246,60,175,0,175,155,0,20,30,30,0,30,210,25,14561.100000000002,19975.0,-5413.899999999999,5
351,1246,40,180,0,180,180,0,0,20,20,0,20,215,15,8782.2,18700.0,-9917.8,5
352,1246,55,155,0,155,125,20,10,40,40,0,35,175,30,22282.155000000002,17850.0,4432.1550000000025,5
353,1246,60,180,0,180,115,40,25,55,55,0,55,170,45,29306.070000000003,20400.0,8906.070000000003,5
354,1246,40,185,0,185,185,0,0,25,25,0,25,220,10,4829.040000000001,19125.0,-14295.96,5
355,1246,90,145,0,145,145,0,0,45,45,0,45,230,20,10552.320000000002,19975.0,-9422.679999999998,5
356,1246,70,175,0,175,140,0,35,40,40,0,40,205,25,13854.960000000001,20825.0,-6970.039999999999,5
357,1246,60,175,0,175,145,20,10,40,40,0,40,200,25,12984.12,19975.0,-6990.879999999999,5
358,1246,65,170,0,170,150,0,20,30,30,0,30,210,25,15325.380000000003,19975.0,-4649.619999999997,5
359,1246,60,165,0,165,150,10,5,50,50,0,50,205,20,10141.2,19125.0,-8983.8,5
360,1246,60,180,0,180,155,5,20,30,30,0,30,210,20,10985.220000000001,20400.0,-9414.779999999999,5
361,1246,65,160,0,160,130,15,15,40,40,0,40,190,25,16789.59,19125.0,-2335.4099999999994,5
362,1246,100,150,0,150,125,5,20,45,45,0,40,220,10,4785.48,21250.0,-16464.52,5
363,1246,55,170,0,170,140,30,0,45,45,0,45,190,75,49290.817500000005,19125.0,30165.817500000005,5
364,1246,55,165,0,165,140,5,20,40,40,0,40,190,35,23431.86,18700.0,4731.8600000000015,5
365,1246,90,145,0,145,135,0,10,45,45,0,45,220,40,24348.869999999995,19975.0,4373.869999999997,5
366,1246,45,165,0,165,150,5,10,45,45,0,40,190,20,11400.660000000003,17850.0,-6449.339999999997,5
367,1246,110,145,0,145,130,5,10,45,45,0,45,235,5,2590.2000000000003,21675.0,-19084.8,5
368,1246,60,160,0,160,145,10,5,45,45,0,45,200,25,12138.840000000002,18700.0,-6561.159999999998,5
369,1246,50,180,0,180,125,25,30,45,45,0,45,170,40,27696.284999999996,19550.0,8146.284999999998,5
370,1246,35,190,0,190,170,0,20,15,15,0,15,200,10,6233.940000000001,19125.0,-12891.059999999998,5
371,1246,90,135,0,135,135,0,0,35,35,0,35,220,60,50562.255937500006,19125.0,31437.255937500006,5
372,1246,60,170,0,170,130,15,25,45,45,0,40,185,50,29545.2,19550.0,9995.2,5
373,1246,90,155,0,155,150,0,5,40,40,0,40,235,15,7331.4000000000015,20825.0,-13493.599999999999,5
374,1246,80,155,0,155,155,0,0,35,35,0,35,230,5,2590.2000000000003,19975.0,-17384.8,5
375,1246,60,180,0,180,115,35,30,45,45,0,45,170,35,22965.930000000004,20400.0,2565.930000000003,5
376,1246,50,175,0,175,120,25,30,45,45,0,45,165,40,24526.800000000003,19125.0,5401.800000000003,5
377,1246,85,150,0,150,130,10,10,50,50,0,50,210,20,9774.36,19975.0,-10200.64,5
378,1246,110,135,0,135,130,0,5,40,40,0,40,235,40,22557.24,20825.0,1732.2400000000016,5
379,1246,45,190,0,190,130,15,45,40,40,0,40,170,55,38682.74250000001,19975.0,18707.742500000004,5
380,1246,135,140,0,140,140,0,0,50,50,0,50,270,40,23630.760000000002,23375.0,255.76000000000022,5
381,1246,40,180,0,180,160,20,0,35,35,0,35,195,10,4882.320000000001,18700.0,-13817.68,5
382,1246,65,170,0,170,140,10,20,50,50,0,50,200,30,16760.7,19975.0,-3214.2999999999984,5
383,1246,75,150,0,150,140,0,10,25,25,0,25,210,30,17496.72,19125.0,-1628.2799999999975,5
384,1246,50,150,0,150,115,35,0,45,45,0,45,160,100,79147.360546875,17000.0,62147.360546875,5
385,1246,60,165,0,165,145,15,5,45,45,0,40,200,10,4960.8,19125.0,-14164.2,5
386,1246,55,150,0,150,135,0,15,50,50,0,45,185,30,17712.360000000004,17425.0,287.3600000000033,5
387,1246,50,165,0,165,160,5,0,35,35,0,35,205,20,11218.140000000001,18275.0,-7056.859999999999,5
388,1246,60,170,0,170,165,0,5,30,30,0,30,220,15,7594.920000000001,19550.0,-11955.079999999998,5
389,1246,75,150,0,150,150,0,0,45,45,0,45,220,20,10414.080000000002,19125.0,-8710.919999999998,5
390,1246,50,160,0,160,125,10,25,40,40,0,40,170,35,21816.63,17850.0,3966.63,5
391,1246,55,160,0,160,145,10,5,50,50,0,50,195,45,25233.660000000003,18275.0,6958.660000000004,5
392,1246,55,175,0,175,120,15,40,40,40,0,40,170,40,24677.955,19550.0,5127.955000000002,5
393,1246,55,155,0,155,145,10,0,45,45,0,40,195,25,14404.140000000003,17850.0,-3445.859999999998,5
394,1246,55,170,0,170,135,10,25,50,50,0,50,185,50,29401.199999999997,19125.0,10276.199999999999,5
395,1246,35,185,0,185,175,0,10,25,25,0,25,205,10,5164.920000000001,18700.0,-13535.079999999998,5
396,1246,60,160,0,160,115,40,5,55,55,0,55,170,45,25075.440000000002,18700.0,6375.440000000003,5
397,1246,55,160,0,160,160,0,0,40,40,0,35,210,15,8125.920000000001,18275.0,-10149.079999999998,5
398,1246,60,155,0,155,145,5,5,45,45,0,45,200,45,30993.614999999998,18275.0,12718.615,5
399,1246,65,175,0,175,115,30,30,60,60,0,60,175,50,28828.98000000001,20400.0,8428.98000000001,5
400,1246,40,180,0,180,150,10,20,35,35,0,35,185,30,16409.16,18700.0,-2290.8400000000006,5
401,1246,60,155,0,155,150,0,5,40,40,0,40,205,50,32247.450000000008,18275.0,13972.450000000008,5
402,1246,65,160,0,160,155,0,5,40,40,0,40,215,20,10019.52,19125.0,-9105.48,5
403,1246,80,160,0,160,100,55,5,30,30,0,30,175,50,35850.735,20400.0,15450.735000000004,5
404,1246,45,175,0,175,145,20,10,40,40,0,40,185,10,4872.960000000001,18700.0,-13827.039999999999,5
405,1246,115,150,0,150,125,0,25,45,45,0,45,235,80,60184.465312500004,22525.0,37659.465312500004,5
406,1246,70,180,0,180,175,0,5,15,15,0,15,240,10,5110.56,21250.0,-16139.439999999999,5
407,1246,145,110,0,110,110,0,0,45,45,0,45,250,20,11534.940000000002,21675.0,-10140.059999999998,5
408,1246,40,195,0,195,120,45,30,35,35,0,35,155,35,23936.985000000004,19975.0,3961.985000000004,5
409,1246,65,175,0,175,140,0,35,30,30,0,30,200,35,23707.597500000003,20400.0,3307.5975000000017,5
410,1246,130,140,0,140,135,0,5,25,25,0,25,260,10,4836.24,22950.0,-18113.76,5
411,1246,55,170,0,170,150,0,20,35,35,0,35,200,30,18382.950000000004,19125.0,-742.049999999997,5
412,1246,75,150,0,150,145,0,5,45,45,0,45,215,30,18525.51,19125.0,-599.4900000000007,5
413,1246,85,135,0,135,120,0,15,35,35,0,35,200,10,5092.560000000001,18700.0,-13607.439999999999,5
414,1246,60,175,0,175,165,0,10,25,25,0,25,220,10,4522.680000000001,19975.0,-15452.32,5
415,1246,65,165,0,165,140,5,20,50,50,0,50,200,35,20588.940000000002,19550.0,1038.9400000000023,5
416,1246,35,165,0,165,160,0,5,30,30,0,30,190,20,11479.68,17000.0,-5520.32,5
417,1246,50,170,0,170,150,5,15,40,40,0,35,195,15,8187.840000000001,18700.0,-10512.16,5
418,1246,65,180,0,180,135,20,25,45,45,0,45,195,75,52899.93000000001,20825.0,32074.930000000004,5
419,1246,75,170,0,170,165,0,5,15,15,0,10,235,5,2370.6000000000004,20825.0,-18454.4,5
420,1246,40,170,0,170,135,25,10,35,35,0,35,170,25,15484.950000000004,17850.0,-2365.0499999999965,5
421,1246,90,160,0,160,110,35,15,60,60,0,55,195,45,25081.739999999998,21250.0,3831.74,5
422,1246,25,200,0,200,185,0,15,15,15,0,15,205,5,2282.76,19125.0,-16842.239999999998,5
423,1246,85,150,0,150,130,10,10,45,45,0,45,210,30,16792.38,19975.0,-3182.6199999999994,5
424,1246,55,175,0,175,175,0,0,25,25,0,25,225,25,13867.380000000003,19550.0,-5682.619999999997,5
425,1246,145,120,0,120,95,0,25,45,45,0,40,235,35,23322.645000000004,22525.0,797.6450000000023,5
426,1246,65,160,0,160,130,30,0,45,45,0,45,190,10,5048.64,19125.0,-14076.36,5
427,1246,70,140,0,140,120,20,0,60,60,0,60,185,65,41134.41,17850.0,23284.410000000007,5
428,1246,95,155,0,155,155,0,0,35,35,0,35,245,10,6109.920000000002,21250.0,-15140.079999999998,5
429,1246,55,165,0,165,145,10,10,50,50,0,50,195,30,16164.720000000001,18700.0,-2535.279999999998,5
430,1246,115,155,0,155,125,25,5,35,35,0,35,235,5,2786.76,22950.0,-20163.24,5
431,1246,70,155,0,155,145,5,5,35,35,0,35,210,10,5089.680000000001,19125.0,-14035.32,5
432,1246,90,155,0,155,150,5,0,35,35,0,35,235,60,39115.485,20825.0,18290.485,5
433,1246,50,165,0,165,135,20,10,45,45,0,45,180,45,26759.430000000008,18275.0,8484.430000000008,5
434,1246,90,160,0,160,150,0,10,30,30,0,30,235,20,11503.44,21250.0,-9746.56,5
435,1246,75,145,0,145,125,5,15,60,60,0,60,195,65,40475.97,18700.0,21775.97,5
436,1246,45,190,0,190,155,15,20,40,40,0,40,195,25,12446.280000000002,19975.0,-7528.719999999998,5
437,1246,75,160,0,160,140,15,5,35,35,0,35,210,30,16749.72,19975.0,-3225.279999999998,5
438,1246,135,120,0,120,110,0,10,55,55,0,55,240,45,25467.66,21675.0,3792.6600000000008,5
439,1246,50,155,0,155,150,0,5,45,45,0,45,195,70,46958.13000000002,17425.0,29533.13000000002,5
440,1246,80,170,0,170,145,0,25,40,40,0,40,220,10,4881.960000000001,21250.0,-16368.039999999999,5
441,1246,55,175,0,175,170,0,5,35,35,0,35,220,30,17324.100000000002,19550.0,-2225.899999999997,5
442,1246,95,150,0,150,125,25,0,40,40,0,40,215,35,22428.54,20825.0,1603.5400000000027,5
443,1246,70,155,0,155,125,20,10,55,55,0,55,190,35,17661.24,19125.0,-1463.7599999999975,5
444,1246,90,145,0,145,140,5,0,25,25,0,25,225,20,9315.000000000002,19975.0,-10659.999999999998,5
445,1246,55,150,0,150,140,10,0,45,45,0,45,190,30,16580.520000000004,17425.0,-844.4799999999964,5
446,1246,60,145,0,145,120,5,20,55,55,0,55,175,45,31149.652500000007,17425.0,13724.652500000007,5
447,1246,45,185,0,185,115,50,20,40,40,0,40,155,35,23128.11,19550.0,3578.1100000000015,5
448,1246,65,145,0,145,115,25,5,60,60,0,60,175,30,16701.300000000003,17850.0,-1148.6999999999966,5
449,1246,65,145,0,145,145,0,0,55,55,0,55,205,65,44607.735,17850.0,26757.735,5
450,1246,75,150,0,150,140,0,10,45,45,0,45,210,35,20352.24,19125.0,1227.2400000000016,5
451,1246,55,175,0,175,160,0,15,50,50,0,50,210,20,10711.800000000001,19550.0,-8838.199999999999,5
452,1246,65,160,0,160,160,0,0,35,35,0,35,220,30,17975.52,19125.0,-1149.4799999999987,5
453,1246,90,155,0,155,130,25,0,60,60,0,60,215,70,44146.17,20825.0,23321.170000000002,5
454,1246,45,175,0,175,165,0,10,35,35,0,35,205,30,16510.14,18700.0,-2189.8599999999988,5
455,1246,40,190,0,190,130,35,25,35,35,0,35,165,25,14940.720000000001,19550.0,-4609.279999999999,5
456,1246,45,155,0,155,145,5,5,35,35,0,30,185,25,14397.300000000003,17000.0,-2602.6999999999975,5
457,1246,80,140,0,140,130,10,0,50,50,0,50,205,40,24797.88,18700.0,6097.88,5
458,1246,75,160,0,160,145,0,15,25,25,0,25,215,0,0.0,19975.0,-19975.0,5
459,1246,60,180,0,180,140,15,25,55,55,0,55,195,25,12731.400000000001,20400.0,-7668.5999999999985,5
460,1246,75,160,0,160,155,0,5,25,25,0,25,225,0,0.0,19975.0,-19975.0,5
461,1246,40,180,0,180,140,15,25,35,35,0,35,175,45,27486.630000000005,18700.0,8786.630000000005,5
462,1246,75,170,0,170,130,15,25,40,40,0,40,200,35,23073.975000000006,20825.0,2248.975000000005,5
463,1246,70,165,0,165,135,0,30,45,45,0,45,200,25,14258.52,19975.0,-5716.48,5
464,1246,85,155,0,155,155,0,0,35,35,0,35,235,35,22312.530000000002,20400.0,1912.5300000000016,5
465,1246,45,195,0,195,180,10,5,20,20,0,20,220,5,2458.44,20400.0,-17941.559999999998,5
466,1246,45,175,0,175,135,25,15,45,45,0,40,175,40,27104.400000000005,18700.0,8404.400000000005,5
467,1246,65,155,0,155,130,25,0,45,45,0,45,190,65,40876.920000000006,18700.0,22176.920000000006,5
468,1246,70,160,0,160,145,5,10,65,65,0,65,210,60,33913.62,19550.0,14363.620000000006,5
469,1246,85,165,0,165,165,0,0,25,25,0,25,245,15,7507.080000000001,21250.0,-13742.919999999998,5
470,1246,55,185,0,185,120,30,35,50,50,0,50,170,15,7594.920000000001,20400.0,-12805.079999999998,5
471,1246,30,215,0,215,140,40,35,30,30,0,25,165,5,2722.6800000000003,20825.0,-18102.32,5
472,1246,85,150,0,150,130,5,15,35,35,0,35,210,40,26660.655000000002,19975.0,6685.655000000002,5
473,1246,70,155,0,155,155,0,0,35,35,0,35,220,20,11917.98,19125.0,-7207.02,5
474,1246,60,165,0,165,115,35,15,55,55,0,55,170,80,55614.92625000002,19125.0,36489.92625000002,5
475,1246,70,150,0,150,140,5,5,45,45,0,45,205,55,36239.4,18700.0,17539.4,5
476,1246,75,160,0,160,160,0,0,35,35,0,35,230,10,4960.4400000000005,19975.0,-15014.56,5
477,1246,60,180,0,180,130,30,20,50,50,0,50,185,45,28843.289999999997,20400.0,8443.289999999997,5
478,1246,95,125,0,125,125,0,0,45,45,0,45,215,80,63837.7920703125,18700.0,45137.7920703125,5
479,1246,80,150,0,150,135,5,10,60,60,0,55,210,40,21175.38,19550.0,1625.38,5
480,1246,80,150,0,150,150,0,0,50,50,0,50,225,25,15969.330000000002,19550.0,-3580.669999999998,5
481,1246,45,190,0,190,160,30,0,25,25,0,25,200,20,12851.910000000003,19975.0,-7123.089999999997,5
482,1246,105,140,0,140,140,0,0,45,45,0,45,240,55,35618.130000000005,20825.0,14793.130000000005,5
483,1246,35,185,0,185,170,0,15,15,15,0,15,200,20,15456.735000000004,18700.0,-3243.2649999999967,5
484,1246,50,175,0,175,135,40,0,40,40,0,40,180,25,14966.100000000002,19125.0,-4158.899999999999,5
485,1246,50,180,0,180,140,5,35,35,35,0,35,185,35,25568.842500000006,19550.0,6018.842500000005,5
486,1246,40,175,0,175,140,0,35,35,35,0,35,175,30,16288.02,18275.0,-1986.9799999999987,5
487,1246,90,145,0,145,125,20,0,50,50,0,50,210,30,20611.710000000003,19975.0,636.7100000000028,5
488,1246,80,130,0,130,130,0,0,50,50,0,45,205,60,40194.09,17850.0,22344.089999999997,5
489,1246,50,175,0,175,160,15,0,35,35,0,35,205,45,25777.800000000007,19125.0,6652.800000000007,5
490,1246,100,150,0,150,145,0,5,30,30,0,30,240,20,10082.160000000002,21250.0,-11167.839999999998,5
491,1246,60,175,0,175,160,5,10,40,40,0,40,215,25,12564.36,19975.0,-7410.6399999999985,5
492,1246,40,175,0,175,155,20,0,20,20,0,20,190,5,2238.8400000000006,18275.0,-16036.16,5
493,1246,80,145,0,145,95,35,15,40,40,0,40,170,70,51924.51000000001,19125.0,32799.51000000001,5
494,1246,75,155,0,155,130,0,25,50,50,0,50,200,50,31255.740000000005,19550.0,11705.740000000005,5
495,1246,105,155,0,155,150,5,0,20,20,0,20,250,0,0.0,22100.0,-22100.0,5
496,1246,70,160,0,160,155,0,5,25,25,0,25,220,20,11648.34,19550.0,-7901.66,5
497,1246,75,160,0,160,160,0,0,35,35,0,35,230,30,18273.15,19975.0,-1701.8499999999972,5
498,1246,55,150,0,150,125,15,10,50,50,0,45,175,60,43209.09,17425.0,25784.089999999997,5
499,1246,35,185,0,185,170,0,15,25,25,0,25,200,20,12160.980000000001,18700.0,-6539.019999999999,5
500,1246,70,175,0,175,170,5,0,30,30,0,30,235,15,7726.680000000001,20825.0,-13098.32,5
501,1246,40,175,0,175,165,5,5,35,35,0,35,200,20,10097.28,18275.0,-8177.719999999999,5
502,1246,55,165,0,165,115,35,15,50,50,0,50,165,65,45691.40250000001,18700.0,26991.40250000001,5
503,1246,70,180,0,180,145,10,25,30,30,0,30,210,10,5317.200000000001,21250.0,-15932.8,5
504,1246,85,155,0,155,150,0,5,30,30,0,25,230,40,24145.470000000005,20400.0,3745.470000000005,5
505,1246,65,165,0,165,120,45,0,60,60,0,60,180,65,42902.64,19550.0,23352.64,5
506,1246,65,150,0,150,115,20,15,55,55,0,55,175,65,43956.47250000001,18275.0,25681.47250000001,5
507,1246,65,165,0,165,155,10,0,35,35,0,35,215,20,9888.840000000002,19550.0,-9661.159999999998,5
508,1246,70,155,0,155,135,0,20,45,45,0,45,200,15,7931.880000000001,19125.0,-11193.119999999999,5
509,1246,65,165,0,165,165,0,0,30,30,0,30,225,10,5136.4800000000005,19550.0,-14413.519999999999,5
510,1246,55,175,0,175,145,30,0,40,40,0,40,195,75,56295.37125000002,19550.0,36745.37125000002,5
511,1246,35,170,0,170,145,25,0,25,25,0,25,175,0,0.0,17425.0,-17425.0,5
512,1246,90,165,0,165,120,10,35,40,40,0,40,205,10,6230.52,21675.0,-15444.48,5
513,1246,55,165,0,165,150,10,5,40,40,0,40,200,35,23197.590000000004,18700.0,4497.590000000005,5
514,1246,60,165,0,165,125,5,35,40,40,0,35,180,35,19025.820000000003,19125.0,-99.17999999999665,5
515,1246,75,165,0,165,140,5,20,35,35,0,35,210,15,7858.080000000001,20400.0,-12541.92,5
516,1246,75,175,0,175,170,0,5,20,20,0,20,240,15,8952.660000000002,21250.0,-12297.34,5
517,1246,45,170,0,170,155,0,15,30,30,0,30,195,45,30260.340000000004,18275.0,11985.340000000006,5
518,1246,70,155,0,155,135,10,10,45,45,0,45,200,40,22437.180000000008,19125.0,3312.1800000000076,5
519,1246,45,180,0,180,115,55,10,40,40,0,40,155,35,18640.260000000002,19125.0,-484.73999999999705,5
520,1246,80,160,0,160,100,30,30,60,60,0,60,175,60,38338.380000000005,20400.0,17938.38,5
521,1246,70,160,0,160,130,10,20,45,45,0,45,195,60,38614.14,19550.0,19064.140000000003,5
522,1246,50,170,0,170,160,5,5,45,45,0,45,205,40,28112.9625,18700.0,9412.962500000003,5
523,1246,70,150,0,150,140,10,0,40,40,0,40,205,75,54245.74500000002,18700.0,35545.74500000002,5
524,1246,75,155,0,155,140,5,10,55,55,0,55,210,20,9284.400000000001,19550.0,-10265.599999999999,5
525,1246,35,195,0,195,145,15,35,25,25,0,25,175,20,9896.760000000002,19550.0,-9653.239999999998,5
526,1246,100,140,0,140,120,10,10,45,45,0,45,215,55,37317.4875,20400.0,16917.487500000007,5
527,1246,80,150,0,150,75,65,10,65,65,0,65,150,90,57701.25,19550.0,38151.25,5
528,1246,55,175,0,175,150,5,20,40,40,0,40,200,15,7814.520000000001,19550.0,-11735.479999999998,5
529,1246,65,165,0,165,125,30,10,50,50,0,50,185,45,30077.1,19550.0,10527.1,5
530,1246,55,165,0,165,155,10,0,35,35,0,35,205,20,10935.900000000001,18700.0,-7764.0999999999985,5
531,1246,45,165,0,165,140,15,10,40,40,0,40,180,35,20633.4,17850.0,2783.4000000000015,5
532,1246,20,210,0,210,165,35,10,15,15,0,15,180,30,20229.795000000002,19550.0,679.7950000000014,5
533,1246,45,200,0,200,125,50,25,40,40,0,40,165,10,5267.52,20825.0,-15557.48,5
534,1246,90,165,0,165,160,0,5,35,35,0,35,245,25,12712.68,21675.0,-8962.32,5
535,1246,85,155,0,155,130,0,25,60,60,0,55,210,25,14948.279999999999,20400.0,-5451.72,5
536,1246,55,175,0,175,150,10,15,40,40,0,40,200,35,22733.640000000007,19550.0,3183.640000000005,5
537,1246,40,175,0,175,170,0,5,30,30,0,30,205,30,17728.920000000002,18275.0,-546.0799999999972,5
538,1246,50,160,0,160,140,10,10,40,40,0,40,185,50,33529.68,17850.0,15679.680000000004,5
539,1246,50,170,0,170,150,0,20,45,45,0,45,195,35,19409.94,18700.0,709.9399999999991,5
540,1246,60,170,0,170,120,40,10,55,55,0,55,175,10,6541.380000000001,19550.0,-13008.619999999999,5
541,1246,50,175,0,175,165,0,10,30,30,0,30,210,55,40577.4675,19125.0,21452.467500000002,5
542,1246,55,185,0,185,140,0,45,40,40,0,40,190,45,31847.647500000003,20400.0,11447.647500000003,5
543,1246,20,220,0,220,160,35,25,15,15,0,15,175,5,2414.5200000000004,20400.0,-17985.48,5
544,1246,50,175,0,175,135,20,20,45,45,0,45,180,50,33005.63250000001,19125.0,13880.632500000007,5
545,1246,40,180,0,180,150,5,25,30,30,0,30,185,25,15877.530000000002,18700.0,-2822.4699999999984,5
546,1246,60,170,0,170,160,0,10,30,30,0,25,215,15,7892.280000000001,19550.0,-11657.72,5
547,1246,85,145,0,145,145,0,0,35,35,0,35,225,25,12909.600000000002,19550.0,-6640.399999999998,5
548,1246,75,165,0,165,160,0,5,60,60,0,60,230,30,15409.439999999999,20400.0,-4990.56,5
549,1246,85,160,0,160,155,0,5,35,35,0,35,235,50,36563.55750000001,20825.0,15738.55750000001,5
550,1246,85,155,0,155,145,0,10,40,40,0,40,225,20,10235.16,20400.0,-10164.84,5
551,1246,100,145,0,145,145,0,0,35,35,0,35,240,40,26618.265,20825.0,5793.265000000001,5
552,1246,50,165,0,165,160,0,5,20,20,0,20,205,25,16901.910000000003,18275.0,-1373.0899999999974,5
553,1246,60,165,0,165,160,5,0,40,40,0,40,215,25,12423.960000000003,19125.0,-6701.039999999998,5
554,1246,75,145,0,145,130,10,5,45,45,0,45,200,50,31638.600000000002,18700.0,12938.600000000002,5
555,1246,65,180,0,180,180,0,0,25,25,0,25,240,30,17997.48,20825.0,-2827.5199999999995,5
556,1246,50,170,0,170,140,0,30,45,45,0,40,185,50,35925.2775,18700.0,17225.277499999997,5
557,1246,85,160,0,160,115,45,0,55,55,0,55,195,80,51353.280000000006,20825.0,30528.280000000006,5
558,1246,45,195,0,195,115,50,30,45,45,0,40,155,15,8568.900000000001,20400.0,-11831.099999999999,5
559,1246,70,170,0,170,160,0,10,20,20,0,20,225,20,13785.210000000003,20400.0,-6614.789999999998,5
560,1246,60,185,0,185,170,5,10,35,35,0,30,225,25,12735.000000000002,20825.0,-8089.999999999998,5
561,1246,40,190,0,190,115,40,35,40,40,0,35,150,40,27209.069999999996,19550.0,7659.069999999997,5
562,1246,70,170,0,170,110,45,15,55,55,0,55,175,60,40272.997500000005,20400.0,19872.997500000005,5
563,1246,55,145,0,145,130,10,5,50,50,0,50,180,55,33738.66,17000.0,16738.66,5
564,1246,115,130,0,130,130,0,0,45,45,0,45,240,20,11007.18,20825.0,-9817.82,5
565,1246,80,170,0,170,150,0,20,25,25,0,25,225,10,5443.92,21250.0,-15806.08,5
566,1246,55,185,0,185,160,0,25,30,30,0,25,210,20,10156.68,20400.0,-10243.32,5
567,1246,30,205,0,205,155,25,25,15,15,0,15,180,25,16254.180000000004,19975.0,-3720.8199999999965,5
568,1246,70,155,0,155,135,5,15,45,45,0,45,200,55,38180.40750000001,19125.0,19055.407500000005,5
569,1246,55,175,0,175,140,10,25,50,50,0,50,190,30,15230.880000000005,19550.0,-4319.119999999995,5
570,1246,75,150,0,150,135,0,15,35,35,0,35,205,30,19057.5,19125.0,-67.5,5
571,1246,55,155,0,155,140,5,10,50,50,0,50,190,40,26330.22,17850.0,8480.22,5
572,1246,75,155,0,155,155,0,0,40,40,0,40,225,40,31369.083749999998,19550.0,11819.08375,5
573,1246,90,135,0,135,130,5,0,45,45,0,45,215,40,25750.89,19125.0,6625.889999999999,5
574,1246,60,160,0,160,160,0,0,40,40,0,40,215,20,10045.44,18700.0,-8654.56,5
575,1246,85,155,0,155,145,5,5,50,50,0,50,225,40,23910.210000000003,20400.0,3510.210000000002,5
576,1246,55,155,0,155,140,0,15,50,50,0,50,190,65,39942.0,17850.0,22092.000000000004,5
577,1246,50,175,0,175,170,0,5,30,30,0,30,215,30,17064.72,19125.0,-2060.28,5
578,1246,120,130,0,130,130,0,0,60,60,0,60,245,50,28508.670000000002,21250.0,7258.670000000002,5
579,1246,45,160,0,160,110,45,5,40,40,0,40,150,50,36478.30500000001,17425.0,19053.305000000004,5
580,1246,65,175,0,175,140,0,35,35,35,0,35,200,50,32571.27,20400.0,12171.27,5
581,1246,75,155,0,155,95,35,25,65,65,0,60,165,45,25707.420000000002,19550.0,6157.420000000002,5
582,1246,70,175,0,175,155,0,20,35,35,0,35,220,15,7558.200000000002,20825.0,-13266.8,5
583,1246,80,155,0,155,145,10,0,35,35,0,35,220,45,34540.07625,19975.0,14565.076250000002,5
584,1246,65,155,0,155,150,5,0,30,30,0,30,210,40,28465.650000000005,18700.0,9765.650000000005,5
585,1246,95,160,0,160,140,20,0,35,35,0,35,230,25,13126.32,21675.0,-8548.68,5
586,1246,85,145,0,145,145,0,0,35,35,0,35,225,25,16141.59,19550.0,-3408.409999999999,5
587,1246,50,175,0,175,140,15,20,35,35,0,35,185,20,11987.460000000001,19125.0,-7137.539999999999,5
588,1246,55,175,0,175,150,25,0,35,35,0,35,200,35,20258.640000000003,19550.0,708.6400000000026,5
589,1246,90,170,0,170,135,0,35,45,45,0,45,220,10,6255.900000000001,22100.0,-15844.099999999999,5
590,1246,80,155,0,155,145,0,10,50,50,0,50,220,40,21584.340000000004,19975.0,1609.340000000002,5
591,1246,75,145,0,145,145,0,0,50,50,0,50,215,35,18268.2,18700.0,-431.79999999999836,5
592,1246,100,130,0,130,115,5,10,40,40,0,40,210,70,53014.59000000001,19550.0,33464.59000000001,5
593,1246,50,165,0,165,155,10,0,35,35,0,35,200,30,15826.140000000003,18275.0,-2448.8599999999974,5
594,1246,65,155,0,155,115,20,20,60,60,0,60,175,25,14588.280000000002,18700.0,-4111.7199999999975,5
595,1246,75,160,0,160,125,10,25,40,40,0,40,195,30,20488.365000000005,19975.0,513.3650000000034,5
596,1246,35,195,0,195,150,10,35,30,30,0,30,180,25,13869.54,19550.0,-5680.459999999998,5
597,1246,40,185,0,185,155,20,10,35,35,0,35,190,15,8151.480000000001,19125.0,-10973.519999999999,5
598,1246,50,170,0,170,150,0,20,45,45,0,45,195,15,7492.68,18700.0,-11207.32,5
599,1246,35,205,0,205,155,15,35,30,30,0,30,185,10,5004.720000000001,20400.0,-15395.279999999999,5
600,1246,90,145,0,145,145,0,0,45,45,0,40,230,55,40025.317500000005,19975.0,20050.317500000005,5
601,1246,75,145,0,145,120,10,15,60,60,0,60,190,50,30517.020000000008,18700.0,11817.020000000008,5
602,1246,110,155,0,155,135,15,5,50,50,0,50,240,40,23162.4,22525.0,637.4000000000024,5
603,1246,80,160,0,160,145,5,10,45,45,0,45,220,35,19175.940000000002,20400.0,-1224.0599999999995,5
604,1246,75,150,0,150,135,0,15,45,45,0,40,205,30,16956.9,19125.0,-2168.0999999999995,5
605,1246,70,155,0,155,135,15,5,60,60,0,60,200,80,52140.87,19125.0,33015.87,5
606,1246,105,155,0,155,155,0,0,35,35,0,35,255,30,16049.34,22100.0,-6050.66,5
607,1246,65,155,0,155,155,0,0,35,35,0,35,215,15,8521.02,18700.0,-10178.98,5
608,1246,60,160,0,160,155,0,5,30,30,0,30,210,10,5399.64,18700.0,-13300.36,5
609,1246,35,175,0,175,165,10,0,25,25,0,25,195,5,2634.1200000000003,17850.0,-15215.88,5
610,1246,80,155,0,155,150,0,5,35,35,0,35,225,40,25332.390000000007,19975.0,5357.390000000005,5
611,1246,85,155,0,155,155,0,0,30,30,0,30,235,20,10509.300000000003,20400.0,-9890.699999999997,5
612,1246,85,145,0,145,140,0,5,35,35,0,35,220,5,2266.2,19550.0,-17283.800000000003,5
613,1246,70,160,0,160,130,0,30,45,45,0,45,195,10,4916.880000000001,19550.0,-14633.119999999999,5
614,1246,65,165,0,165,135,5,25,35,35,0,30,195,15,7288.200000000002,19550.0,-12261.8,5
615,1246,70,165,0,165,145,15,5,40,40,0,40,210,20,11757.960000000001,19975.0,-8217.039999999999,5
616,1246,75,140,0,140,125,0,15,60,60,0,55,195,80,53811.94500000001,18275.0,35536.94500000001,5
617,1246,45,170,0,170,145,5,20,40,40,0,40,185,40,24410.430000000008,18275.0,6135.430000000006,5
618,1246,75,150,0,150,130,5,15,60,60,0,60,200,10,5550.48,19125.0,-13574.52,5
619,1246,130,135,0,135,125,0,10,45,45,0,45,250,60,40907.52,22525.0,18382.52,5
620,1246,75,165,0,165,145,20,0,30,30,0,30,215,25,13724.820000000003,20400.0,-6675.179999999996,5
621,1246,115,120,0,120,120,0,0,45,45,0,40,230,60,40762.89,19975.0,20787.890000000003,5
622,1246,60,170,0,170,145,25,0,40,40,0,40,200,25,13511.160000000002,19550.0,-6038.839999999998,5
623,1246,60,155,0,155,155,0,0,45,45,0,45,210,25,15803.100000000004,18275.0,-2471.899999999996,5
624,1246,95,155,0,155,140,10,5,30,30,0,30,230,5,2590.2000000000003,21250.0,-18659.8,5
625,1246,90,140,0,140,140,0,0,50,50,0,50,225,45,26869.140000000003,19550.0,7319.140000000002,5
626,1246,125,140,0,140,140,0,0,55,55,0,55,260,25,12731.400000000001,22525.0,-9793.599999999999,5
627,1246,55,175,0,175,165,5,5,35,35,0,35,215,30,15181.560000000001,19550.0,-4368.439999999999,5
628,1246,30,165,0,165,145,0,20,30,30,0,25,170,25,13267.980000000003,16575.0,-3307.0199999999977,5
629,1246,55,185,0,185,150,20,15,40,40,0,40,200,25,13938.660000000002,20400.0,-6461.339999999998,5
630,1246,55,175,0,175,170,0,5,20,20,0,20,220,10,5289.480000000001,19550.0,-14260.519999999999,5
631,1246,90,140,0,140,140,0,0,45,45,0,45,225,65,46730.5875,19550.0,27180.5875,5
632,1246,95,140,0,140,135,5,0,45,45,0,45,225,45,25459.02,19975.0,5484.02,5
633,1246,80,130,0,130,125,5,0,55,55,0,50,200,50,32734.350000000006,17850.0,14884.350000000004,5
634,1246,70,155,0,155,155,0,0,35,35,0,35,220,30,18169.56,19125.0,-955.4399999999987,5
635,1246,85,165,0,165,125,40,0,40,40,0,40,205,20,11574.54,21250.0,-9675.46,5
636,1246,60,175,0,175,145,25,5,30,30,0,30,200,20,14066.82,19975.0,-5908.18,5
637,1246,60,155,0,155,145,10,0,40,40,0,40,200,40,23541.660000000003,18275.0,5266.660000000002,5
638,1246,65,150,0,150,145,0,5,40,40,0,40,205,40,25737.57,18275.0,7462.570000000001,5
639,1246,55,150,0,150,145,5,0,45,45,0,45,195,50,32330.7,17425.0,14905.7,5
640,1246,80,150,0,150,135,10,5,60,60,0,60,210,50,28100.880000000005,19550.0,8550.880000000006,5
641,1246,40,205,0,205,105,65,35,35,35,0,35,140,25,15255.360000000002,20825.0,-5569.639999999998,5
642,1246,85,150,0,150,150,0,0,35,35,0,35,230,35,19551.06,19975.0,-423.9399999999978,5
643,1246,75,155,0,155,155,0,0,45,45,0,45,225,15,7858.4400000000005,19550.0,-11691.56,5
644,1246,70,175,0,175,160,0,15,20,20,0,20,225,15,8723.16,20825.0,-12101.84,5
645,1246,90,145,0,145,105,35,5,60,60,0,55,190,45,26009.550000000003,19975.0,6034.550000000004,5
646,1246,70,175,0,175,175,0,0,20,20,0,20,240,20,11326.5,20825.0,-9498.5,5
647,1246,80,150,0,150,120,10,20,60,60,0,60,195,20,10053.36,19550.0,-9496.64,5
648,1246,70,155,0,155,155,0,0,20,20,0,20,220,20,11158.2,19125.0,-7966.799999999998,5
649,1246,90,155,0,155,145,0,10,40,40,0,40,230,20,14244.300000000003,20825.0,-6580.699999999997,5
650,1246,70,155,0,155,130,5,20,65,65,0,65,195,25,12474.36,19125.0,-6650.6399999999985,5
651,1246,50,175,0,175,150,20,5,45,45,0,45,195,30,17694.72,19125.0,-1430.279999999998,5
652,1246,85,125,0,125,110,0,15,70,70,0,70,190,85,58711.425468750014,17850.0,40861.425468750014,5
653,1246,70,175,0,175,115,60,0,55,55,0,55,180,65,39611.52000000001,20825.0,18786.52000000001,5
654,1246,60,155,0,155,140,10,5,50,50,0,50,195,45,27478.260000000006,18275.0,9203.260000000006,5
655,1246,85,150,0,150,145,0,5,45,45,0,45,225,15,8926.740000000002,19975.0,-11048.26,5
656,1246,40,175,0,175,170,0,5,35,35,0,30,205,10,5487.4800000000005,18275.0,-12787.52,5
657,1246,70,175,0,175,165,0,10,15,15,0,15,230,25,18109.170000000006,20825.0,-2715.8299999999963,5
658,1246,65,185,0,185,140,5,40,40,40,0,40,200,30,15397.560000000001,21250.0,-5852.439999999999,5
659,1246,65,180,0,180,115,40,25,60,60,0,60,175,45,24652.800000000003,20825.0,3827.800000000002,5
660,1246,95,155,0,155,115,30,10,65,65,0,65,205,45,26023.680000000004,21250.0,4773.680000000004,5
661,1246,75,160,0,160,125,25,10,45,45,0,45,195,40,26839.484999999993,19975.0,6864.484999999995,5
662,1246,85,155,0,155,130,25,0,50,50,0,50,210,35,21600.18,20400.0,1200.1800000000003,5
663,1246,75,150,0,150,150,0,0,45,45,0,45,220,30,16061.940000000002,19125.0,-3063.059999999998,5
664,1246,80,165,0,165,125,10,30,65,65,0,60,200,45,23988.780000000006,20825.0,3163.780000000006,5
665,1246,50,175,0,175,170,0,5,20,20,0,20,215,20,12138.480000000001,19125.0,-6986.519999999999,5
666,1246,105,145,0,145,145,0,0,35,35,0,35,245,30,18002.7,21250.0,-3247.299999999998,5
667,1246,65,150,0,150,85,55,10,60,60,0,60,145,55,36360.00000000001,18275.0,18085.000000000004,5
668,1246,75,165,0,165,160,0,5,35,35,0,35,230,35,21860.73,20400.0,1460.7299999999987,5
669,1246,90,150,0,150,140,0,10,50,50,0,50,225,35,21262.5,20400.0,862.5,5
670,1246,50,170,0,170,140,25,5,40,40,0,40,185,25,12717.360000000004,18700.0,-5982.639999999997,5
671,1246,60,180,0,180,150,15,15,40,40,0,35,205,40,24979.950000000004,20400.0,4579.9500000000035,5
672,1246,45,185,0,185,135,15,35,40,40,0,35,175,25,14403.060000000001,19550.0,-5146.94,5
673,1246,90,155,0,155,135,0,20,45,45,0,45,220,25,14183.46,20825.0,-6641.54,5
674,1246,50,175,0,175,150,15,10,45,45,0,45,195,55,35593.425,19125.0,16468.425000000003,5
675,1246,35,190,0,190,155,20,15,25,25,0,25,185,40,29301.3675,19125.0,10176.3675,5
676,1246,75,160,0,160,135,0,25,55,55,0,55,205,45,27256.950000000004,19975.0,7281.950000000006,5
677,1246,105,150,0,150,150,0,0,30,30,0,30,250,35,17791.38,21675.0,-3883.6199999999985,5
678,1246,55,185,0,185,120,30,35,50,50,0,50,170,35,23545.305000000004,20400.0,3145.305000000003,5
679,1246,70,135,0,135,115,5,15,60,60,0,60,180,60,38272.23,17425.0,20847.230000000003,5
680,1246,50,165,0,165,135,15,15,30,30,0,30,180,20,11850.480000000003,18275.0,-6424.519999999998,5
681,1246,45,160,0,160,155,0,5,35,35,0,35,195,40,25975.125000000004,17425.0,8550.125000000004,5
682,1246,50,160,0,160,160,0,0,35,35,0,35,205,60,44746.57125000001,17850.0,26896.571250000008,5
683,1246,100,135,0,135,135,0,0,35,35,0,35,230,35,21016.980000000003,19975.0,1041.9800000000032,5
684,1246,60,165,0,165,135,5,25,50,50,0,50,190,40,22720.950000000004,19125.0,3595.9500000000025,5
685,1246,90,140,0,140,140,0,0,55,55,0,55,225,60,38107.98,19550.0,18557.980000000003,5
686,1246,60,160,0,160,135,5,20,45,45,0,45,190,40,25102.980000000003,18700.0,6402.980000000002,5
687,1246,40,185,0,185,155,25,5,40,40,0,35,190,30,17848.800000000003,19125.0,-1276.199999999999,5
688,1246,45,195,0,195,110,55,30,45,45,0,40,150,60,41887.30499999999,20400.0,21487.304999999997,5
689,1246,40,165,0,165,155,5,5,35,35,0,35,190,40,26977.140000000003,17425.0,9552.140000000003,5
690,1246,95,155,0,155,100,25,30,60,60,0,60,190,55,36296.37000000001,21250.0,15046.370000000006,5
691,1246,50,160,0,160,145,0,15,20,20,0,20,190,10,6493.3200000000015,17850.0,-11356.679999999998,5
692,1246,55,180,0,180,145,15,20,45,45,0,45,195,20,9997.2,19975.0,-9977.8,5
693,1246,90,135,0,135,110,20,5,65,65,0,60,195,75,48578.31,19125.0,29453.31,5
694,1246,65,155,0,155,150,5,0,45,45,0,45,210,40,29057.647500000006,18700.0,10357.647500000006,5
695,1246,50,175,0,175,160,15,0,35,35,0,35,205,25,14384.880000000001,19125.0,-4740.119999999999,5
696,1246,75,170,0,170,135,0,35,45,45,0,45,205,65,40925.16,20825.0,20100.160000000003,5
697,1246,80,165,0,165,150,0,15,40,40,0,40,225,20,10148.76,20825.0,-10676.239999999998,5
698,1246,140,120,0,120,105,15,0,65,65,0,65,240,45,24405.300000000003,22100.0,2305.300000000002,5
699,1246,30,190,0,190,145,10,35,25,25,0,20,170,20,11000.34,18700.0,-7699.659999999999,5
700,1246,85,155,0,155,110,40,5,70,70,0,70,190,25,12864.960000000003,20400.0,-7535.039999999997,5
701,1246,50,185,0,185,140,25,20,40,40,0,40,185,15,7463.16,19975.0,-12511.84,5
702,1246,130,135,0,135,135,0,0,35,35,0,35,260,20,10309.32,22525.0,-12215.68,5
703,1246,95,170,0,170,170,0,0,15,15,0,15,260,5,2590.2000000000003,22525.0,-19934.8,5
704,1246,65,155,0,155,115,25,15,60,60,0,60,175,25,13274.28,18700.0,-5425.719999999999,5
705,1246,50,185,0,185,130,45,10,45,45,0,45,175,25,14018.580000000002,19975.0,-5956.419999999998,5
706,1246,70,155,0,155,110,15,30,45,45,0,45,175,50,29326.410000000003,19125.0,10201.410000000005,5
707,1246,60,170,0,170,165,0,5,30,30,0,30,220,20,11321.460000000003,19550.0,-8228.539999999997,5
708,1246,45,170,0,170,165,5,0,25,25,0,25,205,45,28716.660000000007,18275.0,10441.660000000007,5
709,1246,75,145,0,145,145,0,0,45,45,0,45,215,30,20048.850000000002,18700.0,1348.8500000000022,5
710,1246,120,140,0,140,140,0,0,30,30,0,30,255,15,8780.220000000001,22100.0,-13319.779999999999,5
711,1246,45,165,0,165,160,0,5,40,40,0,40,200,35,24537.33,17850.0,6687.330000000002,5
712,1246,125,110,0,110,105,5,0,65,65,0,65,225,65,42397.29,19975.0,22422.29,5
713,1246,70,155,0,155,150,0,5,30,30,0,30,215,20,10141.2,19125.0,-8983.8,5
714,1246,55,165,0,165,95,35,35,55,55,0,50,145,65,47105.808750000004,18700.0,28405.808750000004,5
715,1246,85,140,0,140,135,0,5,60,60,0,55,215,45,31048.02,19125.0,11923.02,5
716,1246,60,170,0,170,135,15,20,40,40,0,40,190,55,38661.75,19550.0,19111.75,5
717,1246,40,180,0,180,165,0,15,25,25,0,25,200,20,9877.68,18700.0,-8822.32,5
718,1246,80,140,0,140,125,15,0,55,55,0,55,200,35,20163.06,18700.0,1463.0600000000027,5
719,1246,70,155,0,155,130,0,25,40,40,0,40,195,25,14836.140000000003,19125.0,-4288.859999999997,5
720,1246,60,190,0,190,100,55,35,50,50,0,50,155,35,20106.180000000004,21250.0,-1143.819999999996,5
721,1246,65,165,0,165,130,10,25,45,45,0,45,190,45,31273.582500000008,19550.0,11723.582500000008,5
722,1246,80,145,0,145,100,40,5,60,60,0,60,175,85,60849.270000000026,19125.0,41724.270000000026,5
723,1246,65,165,0,165,165,0,0,30,30,0,30,225,25,13459.68,19550.0,-6090.32,5
724,1246,45,160,0,160,160,0,0,35,35,0,35,200,30,18240.840000000004,17425.0,815.8400000000029,5
725,1246,75,155,0,155,145,0,10,40,40,0,40,215,30,17588.160000000003,19550.0,-1961.8399999999974,5
726,1246,70,165,0,165,135,0,30,55,55,0,55,200,40,21053.880000000005,19975.0,1078.8800000000037,5
727,1246,75,145,0,145,105,10,30,55,55,0,55,175,65,48166.88625000001,18700.0,29466.886250000007,5
728,1246,95,130,0,130,130,0,0,65,65,0,65,220,60,35274.78000000001,19125.0,16149.78000000001,5
729,1246,70,155,0,155,150,5,0,50,50,0,50,215,50,32434.65,19125.0,13309.650000000001,5
730,1246,55,195,0,195,120,40,35,50,50,0,50,170,40,22697.82,21250.0,1447.8200000000015,5
731,1246,55,165,0,165,155,0,10,35,35,0,35,205,25,13896.900000000005,18700.0,-4803.099999999995,5
732,1246,95,135,0,135,135,0,0,50,50,0,50,225,25,13082.04,19550.0,-6467.959999999998,5
733,1246,95,165,0,165,150,0,15,30,30,0,30,240,15,8572.86,22100.0,-13527.14,5
734,1246,50,170,0,170,140,10,20,40,40,0,35,185,60,44333.229374999995,18700.0,25633.22937499999,5
735,1246,60,170,0,170,170,0,0,35,35,0,35,225,20,10824.12,19550.0,-8725.88,5
736,1246,55,165,0,165,130,15,20,50,50,0,50,180,40,21798.18,18700.0,3098.180000000002,5
737,1246,60,160,0,160,150,0,10,45,45,0,45,205,20,10181.160000000002,18700.0,-8518.839999999998,5
738,1246,25,185,0,185,180,0,5,25,25,0,20,200,20,11502.18,17850.0,-6347.82,5
739,1246,95,160,0,160,140,20,0,35,35,0,35,230,40,25160.040000000008,21675.0,3485.040000000008,5
740,1246,80,155,0,155,155,0,0,45,45,0,45,230,20,11587.86,19975.0,-8387.14,5
741,1246,70,170,0,170,145,25,0,40,40,0,40,210,20,11638.980000000001,20400.0,-8761.019999999999,5
742,1246,65,145,0,145,135,0,10,30,30,0,25,195,55,37120.32,17850.0,19270.32,5
743,1246,55,180,0,180,160,10,10,45,45,0,45,210,40,23419.800000000003,19975.0,3444.8000000000047,5
744,1246,115,150,0,150,145,0,5,40,40,0,35,255,35,23476.365000000005,22525.0,951.3650000000052,5
745,1246,45,175,0,175,165,0,10,40,40,0,35,205,25,14399.82,18700.0,-4300.18,5
746,1246,95,160,0,160,160,0,0,35,35,0,35,250,20,10009.44,21675.0,-11665.560000000001,5
747,1246,85,150,0,150,150,0,0,30,30,0,30,230,15,7814.160000000002,19975.0,-12160.839999999998,5
748,1246,60,155,0,155,145,5,5,50,50,0,45,200,45,28031.85000000001,18275.0,9756.85000000001,5
749,1246,65,170,0,170,130,20,20,60,60,0,60,190,65,45644.10750000001,19975.0,25669.10750000001,5
750,1246,105,115,0,115,110,0,5,60,60,0,60,210,55,35082.42749999999,18700.0,16382.427499999994,5
751,1246,75,140,0,140,130,10,0,50,50,0,50,200,25,12647.520000000002,18275.0,-5627.479999999998,5
752,1246,90,155,0,155,150,0,5,45,45,0,40,235,20,11502.180000000004,20825.0,-9322.819999999996,5
753,1246,60,165,0,165,155,0,10,35,35,0,35,210,35,25019.505000000005,19125.0,5894.505000000004,5
754,1246,55,165,0,165,165,0,0,50,50,0,50,215,45,25535.16,18700.0,6835.160000000001,5
755,1246,55,155,0,155,120,20,15,45,45,0,45,170,65,49152.954375,17850.0,31302.954375,5
756,1246,60,160,0,160,135,25,0,50,50,0,50,190,25,13126.32,18700.0,-5573.679999999999,5
757,1246,80,150,0,150,125,15,10,35,35,0,35,200,30,17652.96,19550.0,-1897.0399999999995,5
758,1246,55,155,0,155,140,10,5,50,50,0,45,190,50,35418.75750000001,17850.0,17568.757500000007,5
759,1246,65,150,0,150,145,0,5,35,35,0,35,205,25,16138.800000000003,18275.0,-2136.1999999999966,5
760,1246,25,205,0,205,140,25,40,20,20,0,15,160,30,24979.815000000002,19550.0,5429.815000000003,5
761,1246,35,180,0,180,170,0,10,35,35,0,30,200,15,7726.680000000001,18275.0,-10548.32,5
762,1246,60,165,0,165,155,0,10,40,40,0,40,210,35,20746.890000000003,19125.0,1621.890000000003,5
763,1246,70,155,0,155,130,15,10,45,45,0,45,195,40,25439.400000000005,19125.0,6314.400000000005,5
764,1246,55,165,0,165,150,0,15,15,15,0,15,200,0,0.0,18700.0,-18700.0,5
765,1246,100,145,0,145,130,0,15,40,40,0,40,225,60,39841.762500000004,20825.0,19016.762500000004,5
766,1246,90,140,0,140,135,0,5,50,50,0,45,220,40,21290.760000000006,19550.0,1740.7600000000048,5
767,1246,90,150,0,150,120,15,15,45,45,0,45,205,30,16008.840000000002,20400.0,-4391.159999999998,5
768,1246,45,185,0,185,150,5,30,30,30,0,30,190,30,20531.250000000004,19550.0,981.2500000000045,5
769,1246,70,140,0,140,130,0,10,40,40,0,35,195,60,45242.943750000006,17850.0,27392.943750000006,5
770,1246,95,140,0,140,125,15,0,55,55,0,55,215,30,15985.620000000003,19975.0,-3989.3799999999965,5
771,1246,70,175,0,175,175,0,0,15,15,0,15,240,5,2414.1600000000003,20825.0,-18410.84,5
772,1246,45,170,0,170,170,0,0,35,35,0,35,210,20,10360.08,18275.0,-7914.92,5
773,1246,60,160,0,160,110,45,5,55,55,0,55,165,60,37354.95000000001,18700.0,18654.950000000008,5
774,1246,60,160,0,160,155,0,5,30,30,0,30,210,5,2326.6800000000003,18700.0,-16373.32,5
775,1246,60,170,0,170,145,20,5,50,50,0,50,200,40,25847.775,19550.0,6297.7750000000015,5
776,1246,30,190,0,190,190,0,0,20,20,0,20,215,20,11540.34,18700.0,-7159.659999999999,5
777,1246,60,180,0,180,105,55,20,55,55,0,50,160,45,24424.56,20400.0,4024.5600000000013,5
778,1246,45,175,0,175,140,25,10,35,35,0,35,180,35,21831.840000000004,18700.0,3131.840000000002,5
779,1246,45,185,0,185,140,15,30,35,35,0,35,180,25,12732.300000000003,19550.0,-6817.699999999997,5
780,1246,45,165,0,165,165,0,0,40,40,0,40,205,20,10088.64,17850.0,-7761.36,5
781,1246,70,155,0,155,155,0,0,45,45,0,45,220,25,12022.920000000002,19125.0,-7102.079999999998,5
782,1246,50,180,0,180,155,20,5,40,40,0,40,200,60,41524.785,19550.0,21974.785000000003,5
783,1246,75,165,0,165,140,20,5,55,55,0,55,210,20,10436.400000000001,20400.0,-9963.599999999999,5
784,1246,25,210,0,210,165,15,30,20,20,0,20,185,5,2634.1200000000003,19975.0,-17340.88,5
785,1246,50,190,0,190,95,60,35,45,45,0,45,140,30,16261.02,20400.0,-4138.98,5
786,1246,85,155,0,155,140,5,10,40,40,0,40,220,40,22942.620000000003,20400.0,2542.6200000000017,5
787,1246,90,145,0,145,110,30,5,65,65,0,65,195,25,14576.940000000002,19975.0,-5398.059999999998,5
788,1246,55,150,0,150,125,10,15,45,45,0,45,175,25,12787.920000000004,17425.0,-4637.079999999996,5
789,1246,65,155,0,155,145,10,0,35,35,0,30,205,20,10536.12,18700.0,-8163.879999999999,5
790,1246,75,140,0,140,130,5,5,50,50,0,50,200,45,26811.090000000004,18275.0,8536.090000000004,5
791,1246,100,125,0,125,115,0,10,55,55,0,50,210,60,38293.02,19125.0,19168.019999999997,5
792,1246,45,170,0,170,115,20,35,35,35,0,35,155,30,14988.240000000002,18275.0,-3286.7599999999993,5
793,1246,40,175,0,175,155,5,15,35,35,0,35,190,35,21726.810000000005,18275.0,3451.810000000005,5
794,1246,95,150,0,150,105,10,35,60,60,0,60,195,35,20864.61,20825.0,39.6100000000024,5
795,1246,150,120,0,120,120,0,0,50,50,0,50,265,20,10192.680000000002,22950.0,-12757.32,5
796,1246,85,145,0,145,145,0,0,40,40,0,35,225,45,31893.615000000005,19550.0,12343.615000000005,5
797,1246,75,150,0,150,120,10,20,65,65,0,65,190,70,45849.96,19125.0,26724.96,5
798,1246,65,165,0,165,145,15,5,35,35,0,35,205,30,18033.750000000004,19550.0,-1516.2499999999977,5
799,1246,135,130,0,130,125,0,5,30,30,0,30,255,15,7463.16,22525.0,-15061.84,5
800,1246,85,160,0,160,135,15,10,50,50,0,50,215,30,17630.640000000003,20825.0,-3194.359999999997,5
801,1246,50,160,0,160,140,20,0,45,45,0,40,185,40,23046.480000000003,17850.0,5196.480000000001,5
802,1246,55,175,0,175,160,15,0,35,35,0,35,210,20,10131.840000000002,19550.0,-9418.159999999998,5
803,1246,70,140,0,140,105,25,10,55,55,0,55,170,85,59218.56000000001,17850.0,41368.56000000001,5
804,1246,60,155,0,155,150,0,5,45,45,0,45,205,50,28161.0,18275.0,9886.0,5
805,1246,95,155,0,155,145,0,10,40,40,0,35,235,20,11170.62,21250.0,-10079.38,5
806,1246,50,155,0,155,125,25,5,40,40,0,40,170,45,31044.465000000004,17425.0,13619.465000000004,5
807,1246,50,160,0,160,135,20,5,35,35,0,35,180,45,27620.280000000006,17850.0,9770.280000000006,5
808,1246,75,170,0,170,165,0,5,35,35,0,35,235,5,2634.1200000000003,20825.0,-18190.88,5
809,1246,85,165,0,165,155,0,10,30,30,0,30,235,20,10942.560000000001,21250.0,-10307.439999999999,5
810,1246,90,145,0,145,145,0,0,30,30,0,30,230,30,18993.870000000003,19975.0,-981.129999999996,5
811,1246,100,145,0,145,135,0,10,55,55,0,50,230,50,29311.38000000001,20825.0,8486.380000000008,5
812,1246,55,160,0,160,130,10,20,50,50,0,50,180,40,27090.495000000003,18275.0,8815.495,5
813,1246,70,160,0,160,150,0,10,55,55,0,50,215,55,35208.58500000001,19550.0,15658.585000000003,5
814,1246,50,180,0,180,155,0,25,30,30,0,30,200,35,19890.36,19550.0,340.3600000000006,5
815,1246,45,170,0,170,150,10,10,35,35,0,35,190,20,10221.480000000001,18275.0,-8053.519999999999,5
816,1246,35,180,0,180,175,0,5,30,30,0,30,205,25,14114.34,18275.0,-4160.66,5
817,1246,75,155,0,155,145,10,0,50,50,0,50,215,40,23092.200000000008,19550.0,3542.200000000007,5
818,1246,55,175,0,175,120,20,35,45,45,0,45,170,35,21741.57,19550.0,2191.5700000000015,5
819,1246,45,170,0,170,160,10,0,25,25,0,25,200,45,36407.981250000004,18275.0,18132.981250000008,5
820,1246,70,155,0,155,110,25,20,55,55,0,55,175,50,32147.145,19125.0,13022.145,5
821,1246,70,145,0,145,130,15,0,45,45,0,45,195,40,26274.060000000005,18275.0,7999.060000000004,5
822,1246,65,160,0,160,140,0,20,25,25,0,25,200,45,30445.785000000003,19125.0,11320.785000000005,5
823,1246,40,165,0,165,135,10,20,40,40,0,35,170,50,31443.300000000003,17425.0,14018.300000000003,5
824,1246,85,150,0,150,125,25,0,50,50,0,50,205,30,18527.670000000002,19975.0,-1447.3299999999972,5
825,1246,65,170,0,170,160,0,10,15,15,0,15,220,5,2634.1200000000003,19975.0,-17340.88,5
826,1246,100,155,0,155,120,30,5,55,55,0,55,215,35,20964.15,21675.0,-710.8500000000004,5
827,1246,60,155,0,155,145,5,5,50,50,0,50,200,30,16670.34,18275.0,-1604.659999999999,5
828,1246,85,135,0,135,135,0,0,50,50,0,50,215,30,17604.36,18700.0,-1095.6399999999985,5
829,1246,80,160,0,160,160,0,0,35,35,0,35,235,30,14971.320000000003,20400.0,-5428.679999999997,5
830,1246,45,175,0,175,135,10,30,35,35,0,35,175,55,42844.550625,18700.0,24144.550625000003,5
831,1246,95,170,0,170,155,0,15,20,20,0,20,245,5,2254.32,22525.0,-20270.68,5
832,1246,90,155,0,155,155,0,0,40,40,0,40,240,30,15998.400000000001,20825.0,-4826.5999999999985,5
833,1246,60,170,0,170,140,10,20,50,50,0,50,195,45,27797.310000000005,19550.0,8247.310000000007,5
834,1246,55,155,0,155,135,0,20,50,50,0,45,185,80,58509.39375000001,17850.0,40659.39375000001,5
835,1246,95,125,0,125,120,0,5,65,65,0,65,210,60,37258.47000000001,18700.0,18558.47000000001,5
836,1246,75,140,0,140,125,15,0,50,50,0,50,195,25,12203.280000000002,18275.0,-6071.7199999999975,5
837,1246,45,175,0,175,155,5,15,40,40,0,40,195,20,11218.140000000001,18700.0,-7481.859999999999,5
838,1246,75,165,0,165,160,0,5,30,30,0,30,230,55,36421.425,20400.0,16021.425000000003,5
839,1246,75,140,0,140,125,5,10,50,50,0,50,195,45,30038.490000000005,18275.0,11763.490000000005,5
840,1246,45,175,0,175,170,5,0,20,20,0,20,210,40,31351.01625,18700.0,12651.016250000002,5
841,1246,60,170,0,170,115,10,45,45,45,0,45,170,15,7614.3600000000015,19550.0,-11935.64,5
842,1246,75,160,0,160,140,5,15,40,40,0,40,210,40,23208.030000000002,19975.0,3233.0300000000034,5
843,1246,70,160,0,160,130,30,0,35,35,0,35,195,15,7185.96,19550.0,-12364.04,5
844,1246,75,160,0,160,160,0,0,30,30,0,25,230,20,12160.980000000001,19975.0,-7814.019999999999,5
845,1246,50,165,0,165,145,10,10,40,40,0,40,190,30,20079.09,18275.0,1804.090000000001,5
846,1246,75,150,0,150,130,15,5,40,40,0,40,200,30,18178.56,19125.0,-946.44,5
847,1246,115,145,0,145,145,0,0,45,45,0,45,255,40,23977.260000000006,22100.0,1877.2600000000057,5
848,1246,70,170,0,170,140,20,10,35,35,0,35,205,15,7768.800000000001,20400.0,-12631.199999999999,5
849,1246,90,160,0,160,160,0,0,40,40,0,40,245,20,9810.0,21250.0,-11440.0,5
850,1246,70,175,0,175,140,0,35,50,50,0,50,205,45,28566.135000000002,20825.0,7741.135000000004,5
851,1246,95,135,0,135,120,0,15,45,45,0,45,210,50,35673.21000000001,19550.0,16123.210000000003,5
852,1246,45,165,0,165,155,10,0,30,30,0,30,195,45,28393.11,17850.0,10543.11,5
853,1246,65,175,0,175,140,5,30,55,55,0,55,200,35,17697.6,20400.0,-2702.4,5
854,1246,120,130,0,130,125,0,5,55,55,0,50,240,15,7466.76,21250.0,-13783.240000000002,5
855,1246,65,155,0,155,140,0,15,45,45,0,40,200,20,10793.520000000004,18700.0,-7906.479999999997,5
856,1246,60,155,0,155,130,10,15,50,50,0,50,185,45,28873.980000000003,18275.0,10598.980000000001,5
857,1246,65,170,0,170,140,20,10,50,50,0,50,200,25,13446.360000000002,19975.0,-6528.639999999998,5
858,1246,55,190,0,190,145,30,15,50,50,0,50,195,20,10417.320000000002,20825.0,-10407.679999999998,5
859,1246,70,165,0,165,160,0,5,35,35,0,35,225,45,26900.460000000003,19975.0,6925.460000000003,5
860,1246,90,155,0,155,150,5,0,50,50,0,50,235,35,21837.33,20825.0,1012.3300000000017,5
861,1246,60,155,0,155,135,0,20,50,50,0,50,190,30,14851.800000000001,18275.0,-3423.1999999999994,5
862,1246,55,180,0,180,135,10,35,30,30,0,30,185,20,10779.120000000003,19975.0,-9195.879999999997,5
863,1246,45,180,0,180,150,0,30,40,40,0,40,190,35,18681.300000000003,19125.0,-443.6999999999989,5
864,1246,75,165,0,165,150,0,15,30,30,0,30,220,5,2282.76,20400.0,-18117.239999999998,5
865,1246,30,185,0,185,160,5,20,30,30,0,25,185,20,11721.78,18275.0,-6553.219999999999,5
866,1246,50,175,0,175,175,0,0,20,20,0,20,220,10,5268.240000000001,19125.0,-13856.759999999998,5
867,1246,75,145,0,145,135,0,10,55,55,0,55,205,45,23691.78,18700.0,4991.779999999999,5
868,1246,115,145,0,145,140,0,5,30,30,0,25,250,20,11765.16,22100.0,-10334.84,5
869,1246,80,150,0,150,150,0,0,55,55,0,55,225,35,18681.300000000003,19550.0,-868.6999999999966,5
870,1246,65,175,0,175,175,0,0,30,30,0,30,235,20,13631.490000000003,20400.0,-6768.509999999997,5
871,1246,55,165,0,165,125,15,25,45,45,0,45,175,35,19809.72,18700.0,1109.720000000002,5
872,1246,50,170,0,170,140,20,10,30,30,0,30,185,45,28825.290000000008,18700.0,10125.290000000008,5
873,1246,60,170,0,170,115,30,25,55,55,0,55,170,55,37313.46000000001,19550.0,17763.460000000006,5
874,1246,50,205,0,205,115,55,35,45,45,0,45,160,10,5392.440000000001,21675.0,-16282.559999999998,5
875,1246,90,150,0,150,150,0,0,30,30,0,30,235,25,14371.740000000002,20400.0,-6028.259999999998,5
876,1246,70,160,0,160,150,0,10,25,25,0,25,215,25,15145.020000000004,19550.0,-4404.979999999996,5
877,1246,45,170,0,170,150,10,10,40,40,0,40,190,35,23591.880000000005,18275.0,5316.880000000006,5
878,1246,90,140,0,140,130,5,5,55,55,0,55,215,70,47931.48000000001,19550.0,28381.48000000001,5
879,1246,60,165,0,165,150,10,5,40,40,0,40,205,25,15102.99,19125.0,-4022.01,5
880,1246,95,135,0,135,135,0,0,35,35,0,35,225,30,20232.81,19550.0,682.8100000000018,5
881,1246,45,170,0,170,135,20,15,40,40,0,40,175,25,15100.920000000004,18275.0,-3174.0799999999967,5
882,1246,70,140,0,140,115,20,5,55,55,0,55,180,50,32142.690000000002,17850.0,14292.690000000002,5
883,1246,50,175,0,175,165,0,10,20,20,0,20,210,20,13566.690000000002,19125.0,-5558.309999999997,5
884,1246,115,130,0,130,125,0,5,60,60,0,60,235,65,42775.200000000004,20825.0,21950.200000000004,5
885,1246,65,160,0,160,140,15,5,30,30,0,30,200,30,19566.81,19125.0,441.8100000000027,5
886,1246,75,155,0,155,155,0,0,30,30,0,30,225,25,13410.180000000002,19550.0,-6139.819999999998,5
887,1246,45,180,0,180,180,0,0,25,25,0,25,220,25,14461.020000000004,19125.0,-4663.979999999997,5
888,1246,70,165,0,165,155,5,5,50,50,0,50,220,35,18168.120000000003,19975.0,-1806.8799999999987,5
889,1246,45,180,0,180,150,10,20,40,40,0,40,190,35,24740.145000000004,19125.0,5615.145000000002,5
890,1246,55,160,0,160,145,15,0,50,50,0,50,195,50,36826.8075,18275.0,18551.8075,5
891,1246,80,140,0,140,140,0,0,45,45,0,45,215,40,24173.730000000003,18700.0,5473.730000000005,5
892,1246,65,160,0,160,130,0,30,55,55,0,55,190,20,11468.7,19125.0,-7656.299999999999,5
893,1246,125,135,0,135,135,0,0,35,35,0,35,255,35,22052.25,22100.0,-47.75000000000091,5
894,1246,140,110,0,110,105,0,5,55,55,0,55,240,40,21847.14,21250.0,597.1399999999994,5
895,1246,80,160,0,160,140,5,15,35,35,0,35,215,35,22240.890000000003,20400.0,1840.890000000004,5
896,1246,105,110,0,110,100,0,10,65,65,0,60,200,35,17839.98,18275.0,-435.0199999999995,5
897,1246,50,180,0,180,165,5,10,40,40,0,40,210,10,5041.440000000001,19550.0,-14508.559999999998,5
898,1246,65,155,0,155,145,10,0,35,35,0,35,205,45,29127.420000000002,18700.0,10427.420000000002,5
899,1246,55,165,0,165,160,0,5,35,35,0,35,210,25,13948.560000000001,18700.0,-4751.439999999998,5
900,1246,65,175,0,175,60,90,25,65,65,0,60,120,55,31617.54,20400.0,11217.539999999999,5
901,1246,70,135,0,135,130,0,5,45,45,0,40,195,50,33424.605,17425.0,15999.605000000001,5
902,1246,65,170,0,170,130,15,25,50,50,0,50,190,50,34758.630000000005,19975.0,14783.630000000003,5
903,1246,50,170,0,170,130,20,20,45,45,0,45,175,40,24212.340000000004,18700.0,5512.340000000004,5
904,1246,55,190,0,190,145,15,30,35,35,0,35,195,30,17737.560000000005,20825.0,-3087.439999999997,5
905,1246,60,155,0,155,135,15,5,55,55,0,55,190,55,35057.070000000014,18275.0,16782.070000000014,5
906,1246,50,170,0,170,160,5,5,35,35,0,35,205,35,20941.92,18700.0,2241.92,5
907,1246,60,170,0,170,170,0,0,30,30,0,30,225,15,7266.960000000001,19550.0,-12283.039999999999,5
908,1246,55,170,0,170,140,15,15,55,55,0,50,190,60,38799.90000000001,19125.0,19674.90000000001,5
909,1246,110,135,0,135,125,0,10,40,40,0,35,230,50,32077.530000000006,20825.0,11252.530000000006,5
910,1246,35,190,0,190,140,25,25,30,30,0,30,170,15,8647.020000000002,19125.0,-10477.979999999998,5
911,1246,70,165,0,165,135,15,15,50,50,0,50,200,20,11705.58,19975.0,-8269.42,5
912,1246,120,150,0,150,135,0,15,55,55,0,55,250,25,14158.980000000001,22950.0,-8791.019999999999,5
913,1246,65,145,0,145,95,40,10,50,50,0,50,155,65,44435.520000000004,17850.0,26585.520000000004,5
914,1246,65,145,0,145,125,15,5,50,50,0,45,185,40,22393.800000000003,17850.0,4543.800000000001,5
915,1246,85,150,0,150,150,0,0,45,45,0,45,230,30,16353.18,19975.0,-3621.82,5
916,1246,75,165,0,165,145,0,20,35,35,0,30,215,15,7770.600000000002,20400.0,-12629.399999999998,5
917,1246,115,130,0,130,115,0,15,65,65,0,65,225,50,34364.81250000001,20825.0,13539.812500000007,5
918,1246,55,185,0,185,185,0,0,20,20,0,20,235,0,0.0,20400.0,-20400.0,5
919,1246,70,165,0,165,165,0,0,20,20,0,20,230,20,10077.84,19975.0,-9897.16,5
920,1246,50,185,0,185,155,10,20,30,30,0,30,200,10,5224.32,19975.0,-14750.68,5
921,1246,45,185,0,185,160,10,15,40,40,0,40,200,15,7638.840000000001,19550.0,-11911.16,5
922,1246,90,145,0,145,140,0,5,55,55,0,50,225,45,28868.760000000002,19975.0,8893.760000000002,5
923,1246,60,175,0,175,125,35,15,55,55,0,55,180,65,42785.01000000001,19975.0,22810.01000000001,5
924,1246,50,185,0,185,180,5,0,30,30,0,30,225,15,7510.680000000001,19975.0,-12464.319999999998,5
925,1246,90,140,0,140,140,0,0,45,45,0,40,225,40,26929.395000000004,19550.0,7379.395000000004,5
926,1246,45,160,0,160,110,25,25,40,40,0,35,150,40,26191.620000000003,17425.0,8766.620000000003,5
927,1246,80,155,0,155,125,0,30,45,45,0,45,200,20,10917.000000000004,19975.0,-9057.999999999996,5
928,1246,85,150,0,150,130,15,5,55,55,0,55,210,40,24091.110000000004,19975.0,4116.110000000003,5
929,1246,75,170,0,170,160,0,10,25,25,0,25,230,0,0.0,20825.0,-20825.0,5
930,1246,85,145,0,145,135,10,0,30,30,0,30,215,50,32882.715,19550.0,13332.714999999998,5
931,1246,40,185,0,185,150,5,30,35,35,0,35,185,30,18153.36,19125.0,-971.6399999999976,5
932,1246,75,150,0,150,150,0,0,30,30,0,30,220,25,13955.94,19125.0,-5169.0599999999995,5
933,1246,70,170,0,170,155,0,15,20,20,0,15,220,20,15936.345000000003,20400.0,-4463.654999999997,5
934,1246,95,145,0,145,135,5,5,45,45,0,45,225,35,19580.940000000002,20400.0,-819.0599999999972,5
935,1246,55,175,0,175,155,15,5,45,45,0,45,205,25,15934.770000000004,19550.0,-3615.229999999997,5
936,1246,95,140,0,140,120,5,15,45,45,0,45,210,40,26567.550000000003,19975.0,6592.550000000001,5
937,1246,110,150,0,150,130,15,5,45,45,0,45,235,40,24781.5,22100.0,2681.500000000001,5
938,1246,75,160,0,160,140,20,0,40,40,0,40,210,60,38894.85,19975.0,18919.850000000002,5
939,1246,55,160,0,160,120,15,25,35,35,0,35,170,55,41799.605625000004,18275.0,23524.605625000004,5
940,1246,85,160,0,160,150,0,10,40,40,0,40,230,20,10223.280000000002,20825.0,-10601.719999999998,5
941,1246,70,155,0,155,135,15,5,55,55,0,55,200,55,31948.56,19125.0,12823.560000000001,5
942,1246,80,155,0,155,140,0,15,35,35,0,30,215,25,16253.550000000003,19975.0,-3721.4499999999975,5
943,1246,35,185,0,185,160,0,25,30,30,0,30,190,40,28562.197500000002,18700.0,9862.197500000002,5
944,1246,145,125,0,125,125,0,0,35,35,0,35,265,20,10753.920000000002,22950.0,-12196.079999999998,5
945,1246,85,145,0,145,135,5,5,45,45,0,45,215,30,18723.600000000002,19550.0,-826.3999999999965,5
946,1246,55,180,0,180,145,20,15,35,35,0,35,195,15,7331.4000000000015,19975.0,-12643.599999999999,5
947,1246,80,160,0,160,80,65,15,75,75,0,75,155,45,24376.5,20400.0,3976.500000000001,5
948,1246,80,160,0,160,155,0,5,30,30,0,30,230,40,25104.15,20400.0,4704.15,5
949,1246,60,165,0,165,150,10,5,55,55,0,55,205,60,39116.025000000016,19125.0,19991.025000000012,5
950,1246,120,130,0,130,130,0,0,40,40,0,40,245,55,36592.78500000001,21250.0,15342.785000000007,5
951,1246,100,155,0,155,125,25,5,45,45,0,45,220,45,26811.630000000005,21675.0,5136.630000000005,5
952,1246,80,155,0,155,150,0,5,35,35,0,35,225,40,28292.2425,19975.0,8317.242500000002,5
953,1246,75,155,0,155,145,5,5,40,40,0,40,215,25,15805.170000000002,19550.0,-3744.829999999997,5
954,1246,80,150,0,150,120,20,10,50,50,0,45,195,70,47579.08500000001,19550.0,28029.085000000006,5
955,1246,50,185,0,185,145,0,40,25,25,0,25,190,30,17929.440000000002,19975.0,-2045.5599999999959,5
956,1246,110,155,0,155,150,0,5,30,30,0,30,255,30,17525.16,22525.0,-4999.839999999999,5
957,1246,95,150,0,150,150,0,0,45,45,0,45,240,30,15960.240000000002,20825.0,-4864.759999999998,5
958,1246,90,140,0,140,125,0,15,60,60,0,60,210,30,15027.480000000003,19550.0,-4522.519999999997,5
959,1246,80,175,0,175,135,0,40,50,50,0,50,210,15,9021.960000000001,21675.0,-12653.039999999999,5
960,1246,65,140,0,140,140,0,0,45,45,0,45,200,30,15269.580000000004,17425.0,-2155.419999999997,5
961,1246,80,150,0,150,120,20,10,50,50,0,50,195,30,15735.240000000003,19550.0,-3814.7599999999966,5
962,1246,55,165,0,165,145,20,0,35,35,0,35,195,40,24890.67,18700.0,6190.67,5
963,1246,65,150,0,150,130,0,20,35,35,0,30,190,40,25784.055000000004,18275.0,7509.055000000003,5
964,1246,35,180,0,180,160,10,10,30,30,0,30,190,20,10229.04,18275.0,-8045.959999999999,5
965,1246,60,185,0,185,130,50,5,55,55,0,55,185,40,21036.24,20825.0,211.2400000000025,5
966,1246,45,165,0,165,160,0,5,40,40,0,40,200,30,19213.56,17850.0,1363.5600000000022,5
967,1246,70,135,0,135,135,0,0,40,40,0,40,200,35,17573.040000000005,17425.0,148.04000000000315,5
968,1246,65,165,0,165,155,0,10,30,30,0,30,215,15,9136.62,19550.0,-10413.38,5
969,1246,125,140,0,140,130,5,5,25,25,0,25,250,30,20656.800000000003,22525.0,-1868.199999999997,5
970,1246,65,180,0,180,160,20,0,35,35,0,35,220,25,14054.220000000003,20825.0,-6770.779999999997,5
971,1246,50,170,0,170,110,50,10,45,45,0,45,155,65,46002.56625,18700.0,27302.56625,5
972,1246,55,175,0,175,135,40,0,50,50,0,50,185,20,11128.86,19550.0,-8421.14,5
973,1246,80,140,0,140,140,0,0,60,60,0,55,215,40,23570.640000000003,18700.0,4870.640000000003,5
974,1246,110,135,0,135,130,5,0,25,25,0,25,235,65,49146.845625,20825.0,28321.845625000005,5
975,1246,65,170,0,170,95,55,20,60,60,0,60,155,30,16374.060000000005,19975.0,-3600.939999999996,5
976,1246,55,170,0,170,165,0,5,30,30,0,30,215,20,9965.52,19125.0,-9159.48,5
977,1246,60,170,0,170,160,5,5,45,45,0,45,215,25,12547.440000000002,19550.0,-7002.559999999999,5
978,1246,50,175,0,175,145,25,5,45,45,0,45,190,50,32359.454999999998,19125.0,13234.454999999998,5
979,1246,50,160,0,160,160,0,0,30,30,0,30,205,15,9278.820000000003,17850.0,-8571.179999999997,5
980,1246,80,155,0,155,130,0,25,45,45,0,45,205,20,11386.980000000003,19975.0,-8588.019999999997,5
981,1246,50,170,0,170,140,10,20,45,45,0,40,185,75,67747.52926757815,18700.0,49047.529267578146,5
982,1246,40,180,0,180,160,0,20,35,35,0,35,195,15,7770.6,18700.0,-10929.400000000001,5
983,1246,100,140,0,140,135,0,5,40,40,0,40,230,20,11170.260000000002,20400.0,-9229.739999999998,5
984,1246,70,155,0,155,140,10,5,40,40,0,40,205,60,42415.72875000001,19125.0,23290.72875000001,5
985,1246,65,160,0,160,160,0,0,30,30,0,30,220,35,22897.710000000003,19125.0,3772.710000000002,5
986,1246,50,180,0,180,140,35,5,50,50,0,45,185,20,10272.960000000001,19550.0,-9277.039999999999,5
987,1246,85,140,0,140,135,0,5,40,40,0,40,215,20,12552.84,19125.0,-6572.159999999999,5
988,1246,70,155,0,155,90,40,25,55,55,0,55,155,40,25163.73,19125.0,6038.7300000000005,5
989,1246,55,145,0,145,125,20,0,35,35,0,35,175,70,55763.800312499996,17000.0,38763.800312499996,5
990,1246,95,140,0,140,135,0,5,35,35,0,35,225,35,22347.000000000004,19975.0,2372.0000000000027,5
991,1246,80,165,0,165,150,10,5,45,45,0,45,225,15,8125.920000000001,20825.0,-12699.079999999998,5
992,1246,90,150,0,150,145,0,5,45,45,0,45,230,15,9286.740000000002,20400.0,-11113.26,5
993,1246,70,170,0,170,140,20,10,50,50,0,50,205,35,18701.82,20400.0,-1698.1799999999998,5
994,1246,105,135,0,135,125,10,0,35,35,0,35,225,35,26276.287500000002,20400.0,5876.287500000003,5
995,1246,60,165,0,165,115,40,10,50,50,0,50,170,35,25185.734999999993,19125.0,6060.734999999995,5
996,1246,80,140,0,140,135,0,5,35,35,0,35,210,35,23070.105000000003,18700.0,4370.105000000003,5
997,1246,85,135,0,135,135,0,0,35,35,0,35,215,35,20855.43,18700.0,2155.430000000001,5
998,1246,70,170,0,170,170,0,0,35,35,0,35,235,20,11289.06,20400.0,-9110.94,5
999,1246,55,160,0,160,130,15,15,55,55,0,50,180,60,36281.520000000004,18275.0,18006.520000000004,5
1000,1246,95,155,0,155,140,0,15,40,40,0,35,230,40,22379.4,21250.0,1129.4000000000005,5
1001,1246,55,160,0,160,140,0,20,50,50,0,50,190,45,26513.19000000001,18275.0,8238.19000000001,5
1002,1246,45,160,0,160,150,0,10,40,40,0,40,190,30,18063.9,17425.0,638.9000000000033,5
1003,1246,55,165,0,165,145,5,15,45,45,0,40,195,35,22419.63,18700.0,3719.630000000002,5
1004,1246,50,175,0,175,140,10,25,45,45,0,45,185,50,30439.08000000001,19125.0,11314.080000000009,5
1005,1246,40,190,0,190,175,0,15,30,30,0,30,210,40,23061.600000000002,19550.0,3511.600000000003,5
1006,1246,60,185,0,185,120,30,35,55,55,0,55,175,30,16462.260000000002,20825.0,-4362.739999999999,5
1007,1246,55,150,0,150,130,15,5,45,45,0,45,180,75,54690.15375,17425.0,37265.15375,5
1008,1246,55,175,0,175,145,25,5,35,35,0,35,195,20,12490.560000000001,19550.0,-7059.44,5
1009,1246,90,135,0,135,105,25,5,55,55,0,55,190,65,45905.82750000001,19125.0,26780.827500000007,5
1010,1246,80,165,0,165,150,5,10,40,40,0,40,225,10,4815.000000000001,20825.0,-16010.0,5
1011,1246,75,135,0,135,125,10,0,55,55,0,55,195,55,33253.740000000005,17850.0,15403.740000000007,5
1012,1246,120,140,0,140,120,10,10,30,30,0,30,235,40,25989.795000000006,22100.0,3889.7950000000037,5
1013,1246,85,140,0,140,130,5,5,40,40,0,40,210,40,25918.020000000004,19125.0,6793.020000000006,5
1014,1246,60,165,0,165,130,20,15,55,55,0,55,185,40,21783.060000000005,19125.0,2658.060000000005,5
1015,1246,50,190,0,190,155,5,30,35,35,0,35,200,15,7814.520000000001,20400.0,-12585.479999999998,5
1016,1246,50,170,0,170,140,20,10,45,45,0,45,185,40,25266.33,18700.0,6566.330000000003,5
1017,1246,70,150,0,150,150,0,0,40,40,0,40,215,50,36185.85,18700.0,17485.85,5
1018,1246,40,185,0,185,175,0,10,30,30,0,25,210,15,8803.62,19125.0,-10321.38,5
1019,1246,65,160,0,160,155,0,5,35,35,0,35,215,15,7726.3200000000015,19125.0,-11398.68,5
1020,1246,120,110,0,110,105,0,5,40,40,0,40,220,25,14996.700000000003,19550.0,-4553.299999999997,5
1021,1246,55,170,0,170,140,25,5,35,35,0,35,190,25,14378.220000000001,19125.0,-4746.779999999999,5
1022,1246,95,160,0,160,150,10,0,30,30,0,30,240,35,24894.54,21675.0,3219.540000000002,5
1023,1246,45,190,0,190,175,0,15,25,25,0,25,215,10,4883.760000000001,19975.0,-15091.239999999998,5
1024,1246,45,175,0,175,160,0,15,15,15,0,15,200,0,0.0,18700.0,-18700.0,5
1025,1246,50,170,0,170,155,10,5,50,50,0,45,200,35,20164.320000000003,18700.0,1464.3200000000047,5
1026,1246,45,170,0,170,150,10,10,45,45,0,40,190,40,23162.40000000001,18275.0,4887.400000000007,5
1027,1246,80,165,0,165,165,0,0,35,35,0,35,240,5,2370.6000000000004,20825.0,-18454.4,5
1028,1246,50,165,0,165,155,0,10,35,35,0,35,200,25,17889.030000000002,18275.0,-385.9699999999975,5
1029,1246,50,185,0,185,160,0,25,30,30,0,30,205,35,24689.61,19975.0,4714.610000000002,5
1030,1246,60,170,0,170,155,0,15,40,40,0,35,210,30,22247.145,19550.0,2697.1450000000004,5
1031,1246,70,170,0,170,160,0,10,55,55,0,55,225,50,28247.4,20400.0,7847.400000000002,5
1032,1246,65,155,0,155,100,30,25,60,60,0,60,160,55,35171.280000000006,18700.0,16471.280000000006,5
1033,1246,50,180,0,180,155,20,5,35,35,0,35,200,25,15873.480000000001,19550.0,-3676.519999999998,5
1034,1246,65,160,0,160,150,10,0,35,35,0,35,210,15,9631.080000000002,19125.0,-9493.919999999998,5
1035,1246,60,160,0,160,130,25,5,50,50,0,45,185,15,8033.760000000001,18700.0,-10666.239999999998,5
1036,1246,80,165,0,165,160,0,5,40,40,0,40,235,40,25253.010000000002,20825.0,4428.010000000004,5
1037,1246,50,170,0,170,165,0,5,25,25,0,20,210,15,9171.900000000001,18700.0,-9528.099999999999,5
1038,1246,70,145,0,145,135,0,10,45,45,0,45,200,55,37368.225000000006,18275.0,19093.225000000002,5
1039,1246,75,155,0,155,120,15,20,40,40,0,40,190,30,16314.660000000002,19550.0,-3235.339999999999,5
1040,1246,80,145,0,145,120,20,5,50,50,0,50,195,45,29108.520000000008,19125.0,9983.520000000008,5
1041,1246,60,170,0,170,125,25,20,45,45,0,45,180,45,29434.365000000005,19550.0,9884.365000000007,5
1042,1246,60,160,0,160,130,30,0,50,50,0,45,185,15,8002.080000000001,18700.0,-10697.919999999998,5
1043,1246,60,175,0,175,145,15,15,35,35,0,35,200,20,10868.220000000001,19975.0,-9106.779999999999,5
1044,1246,40,180,0,180,155,0,25,40,40,0,35,190,60,40645.4175,18700.0,21945.417500000003,5
1045,1246,75,175,0,175,170,0,5,15,15,0,15,240,15,9065.699999999999,21250.0,-12184.300000000001,5
1046,1246,75,160,0,160,160,0,0,25,25,0,25,230,15,7044.84,19975.0,-12930.16,5
1047,1246,105,125,0,125,120,5,0,65,65,0,65,220,80,50913.54,19550.0,31363.54,5
1048,1246,50,170,0,170,160,0,10,30,30,0,30,205,10,5702.76,18700.0,-12997.24,5
1049,1246,110,130,0,130,130,0,0,45,45,0,45,235,30,19968.390000000003,20400.0,-431.6099999999983,5
1050,1246,55,150,0,150,130,0,20,50,50,0,50,180,70,49580.64000000002,17425.0,32155.64000000002,5
1051,1246,55,170,0,170,140,5,25,40,40,0,40,190,10,4734.72,19125.0,-14390.28,5
1052,1246,80,160,0,160,110,10,40,50,50,0,50,185,20,9965.52,20400.0,-10434.48,5
1053,1246,75,155,0,155,110,25,20,65,65,0,65,180,40,25468.785000000003,19550.0,5918.785000000003,5
1054,1246,65,160,0,160,155,0,5,30,30,0,30,215,35,21072.24,19125.0,1947.2400000000016,5
1055,1246,85,155,0,155,150,0,5,30,30,0,25,230,40,24538.590000000004,20400.0,4138.590000000004,5
1056,1246,65,165,0,165,145,15,5,25,25,0,25,205,25,18856.395000000004,19550.0,-693.6049999999977,5
1057,1246,55,170,0,170,160,10,0,30,30,0,25,210,20,10067.400000000001,19125.0,-9057.599999999999,5
1058,1246,65,170,0,170,120,50,0,45,45,0,45,180,45,28140.57,19975.0,8165.569999999998,5
1059,1246,80,145,0,145,120,10,15,70,70,0,70,195,35,22559.49,19125.0,3434.4900000000007,5
1060,1246,40,175,0,175,135,15,25,30,30,0,25,170,25,16866.45,18275.0,-1408.5500000000002,5
1061,1246,40,155,0,155,140,10,5,40,40,0,35,175,15,8704.62,16575.0,-7870.379999999999,5
1062,1246,40,180,0,180,165,5,10,35,35,0,35,200,10,5092.560000000001,18700.0,-13607.439999999999,5
1063,1246,65,165,0,165,150,5,10,40,40,0,40,210,25,12605.04,19550.0,-6944.959999999999,5
1064,1246,45,180,0,180,170,0,10,30,30,0,30,210,20,11736.360000000002,19125.0,-7388.639999999998,5
1065,1246,25,190,0,190,160,25,5,20,20,0,20,180,5,2634.1200000000003,18275.0,-15640.88,5
1066,1246,60,150,0,150,135,10,5,50,50,0,50,190,35,21676.86,17850.0,3826.8600000000015,5
1067,1246,95,165,0,165,165,0,0,45,45,0,45,255,35,18996.660000000003,22100.0,-3103.339999999996,5
1068,1246,60,160,0,160,150,5,5,45,45,0,40,205,25,13872.780000000002,18700.0,-4827.2199999999975,5
1069,1246,90,140,0,140,130,0,10,50,50,0,50,215,35,20350.620000000003,19550.0,800.6200000000035,5
1070,1246,95,145,0,145,125,5,15,40,40,0,40,215,30,16902.54,20400.0,-3497.4599999999987,5
1071,1246,50,185,0,185,130,20,35,45,45,0,45,175,25,16407.450000000004,19975.0,-3567.5499999999965,5
1072,1246,90,135,0,135,135,0,0,50,50,0,50,220,20,10947.240000000002,19125.0,-8177.759999999998,5
1073,1246,100,155,0,155,155,0,0,25,25,0,25,250,5,2811.2400000000002,21675.0,-18863.76,5
1074,1246,65,165,0,165,155,0,10,45,45,0,45,215,35,20865.960000000006,19550.0,1315.9600000000046,5
1075,1246,105,140,0,140,140,0,0,35,35,0,35,240,30,15669.720000000001,20825.0,-5155.279999999998,5
1076,1246,60,165,0,165,135,10,20,60,60,0,55,190,40,22696.920000000006,19125.0,3571.9200000000046,5
1077,1246,70,155,0,155,130,0,25,45,45,0,45,195,15,7431.840000000002,19125.0,-11693.159999999998,5
1078,1246,90,150,0,150,145,0,5,30,30,0,30,230,10,4821.840000000001,20400.0,-15578.159999999998,5
1079,1246,70,150,0,150,120,5,25,55,55,0,55,185,90,63304.70625,18700.0,44604.70625,5
1080,1246,95,135,0,135,110,20,5,65,65,0,65,200,45,25169.400000000005,19550.0,5619.400000000005,5
1081,1246,90,165,0,165,145,5,15,35,35,0,35,230,15,7737.840000000001,21675.0,-13937.16,5
1082,1246,65,170,0,170,110,30,30,45,45,0,45,170,50,35539.785,19975.0,15564.785000000002,5
1083,1246,80,155,0,155,155,0,0,50,50,0,50,230,50,31980.645000000004,19975.0,12005.645000000004,5
1084,1246,105,140,0,140,115,0,25,50,50,0,50,215,20,12229.740000000002,20825.0,-8595.259999999998,5
1085,1246,50,175,0,175,165,0,10,35,35,0,30,210,20,10582.560000000001,19125.0,-8542.439999999999,5
1086,1246,40,185,0,185,135,40,10,35,35,0,35,170,35,19539.360000000004,19125.0,414.36000000000377,5
1087,1246,60,175,0,175,165,0,10,30,30,0,30,220,10,5948.46,19975.0,-14026.54,5
1088,1246,50,150,0,150,110,20,20,45,45,0,40,155,30,17122.860000000004,17000.0,122.86000000000286,5
1089,1246,80,155,0,155,145,0,10,35,35,0,35,220,20,11048.220000000001,19975.0,-8926.779999999999,5
1090,1246,55,185,0,185,150,0,35,25,25,0,25,200,5,2370.6000000000004,20400.0,-18029.4,5
1091,1246,60,180,0,180,105,55,20,55,55,0,55,160,70,49335.187500000015,20400.0,28935.18750000001,5
1092,1246,45,175,0,175,145,5,25,40,40,0,40,185,20,9973.44,18700.0,-8726.56,5
1093,1246,95,160,0,160,160,0,0,30,30,0,30,250,25,17062.380000000005,21675.0,-4612.619999999997,5
1094,1246,55,165,0,165,145,0,20,50,50,0,50,195,35,20310.120000000003,18700.0,1610.1200000000017,5
1095,1246,65,165,0,165,135,0,30,45,45,0,45,195,30,17152.020000000004,19550.0,-2397.9799999999977,5
1096,1246,55,175,0,175,135,5,35,25,25,0,25,185,10,6779.340000000002,19550.0,-12770.659999999998,5
1097,1246,85,135,0,135,130,0,5,50,50,0,45,210,40,24208.38,18700.0,5508.380000000002,5
1098,1246,100,125,0,125,110,0,15,45,45,0,40,205,55,36275.310000000005,19125.0,17150.310000000005,5
1099,1246,75,155,0,155,150,0,5,35,35,0,35,220,30,18001.800000000007,19550.0,-1548.1999999999948,5
1100,1246,60,170,0,170,140,5,25,35,35,0,35,195,35,22538.430000000004,19550.0,2988.430000000003,5
1101,1246,110,135,0,135,135,0,0,35,35,0,35,240,55,36647.73,20825.0,15822.730000000001,5
1102,1246,80,145,0,145,135,0,10,30,30,0,30,210,30,18745.2,19125.0,-379.7999999999979,5
1103,1246,65,170,0,170,110,40,20,60,60,0,60,170,80,57538.17,19975.0,37563.17,5
1104,1246,70,170,0,170,145,15,10,50,50,0,45,210,30,16307.820000000002,20400.0,-4092.1799999999985,5
1105,1246,55,160,0,160,140,10,10,40,40,0,40,190,30,15642.000000000004,18275.0,-2632.9999999999973,5
1106,1246,70,160,0,160,130,0,30,60,60,0,55,195,55,31258.440000000006,19550.0,11708.440000000006,5
1107,1246,100,135,0,135,125,0,10,55,55,0,55,220,55,32264.640000000007,19975.0,12289.640000000009,5
1108,1246,65,165,0,165,140,0,25,30,30,0,30,200,25,14311.980000000001,19550.0,-5238.019999999999,5
1109,1246,40,180,0,180,160,10,10,35,35,0,35,195,30,17114.940000000002,18700.0,-1585.0599999999986,5
1110,1246,60,165,0,165,150,0,15,45,45,0,45,205,25,16012.71,19125.0,-3112.2900000000004,5
1111,1246,110,155,0,155,150,5,0,25,25,0,25,255,15,7419.240000000001,22525.0,-15105.76,5
1112,1246,75,170,0,170,150,20,0,25,25,0,20,220,55,43591.286250000005,20825.0,22766.286250000005,5
1113,1246,85,160,0,160,155,0,5,40,40,0,40,235,10,5033.16,20825.0,-15791.84,5
1114,1246,55,175,0,175,160,15,0,45,45,0,45,210,20,10141.2,19550.0,-9408.8,5
1115,1246,75,145,0,145,145,0,0,55,55,0,55,215,25,12906.720000000001,18700.0,-5793.28,5
1116,1246,70,145,0,145,145,0,0,20,20,0,20,210,0,0.0,18275.0,-18275.0,5
1117,1246,80,165,0,165,160,0,5,30,30,0,30,235,35,22425.570000000003,20825.0,1600.5700000000024,5
1118,1246,90,140,0,140,135,5,0,40,40,0,40,220,15,9696.060000000001,19550.0,-9853.939999999999,5
1119,1246,65,165,0,165,135,20,10,45,45,0,45,195,55,36797.62500000001,19550.0,17247.625000000007,5
1120,1246,105,155,0,155,150,0,5,50,50,0,50,250,35,19229.58,22100.0,-2870.419999999997,5
1121,1246,60,160,0,160,135,0,25,45,45,0,45,190,30,14553.36,18700.0,-4146.639999999999,5
1122,1246,95,145,0,145,140,0,5,40,40,0,40,230,20,11780.460000000001,20400.0,-8619.539999999999,5
1123,1246,75,145,0,145,125,20,0,50,50,0,50,195,40,23521.14,18700.0,4821.14,5
1124,1246,60,175,0,175,120,30,25,55,55,0,55,175,40,20595.600000000006,19975.0,620.600000000004,5
1125,1246,45,175,0,175,175,0,0,35,35,0,35,215,45,31669.2225,18700.0,12969.2225,5
1126,1246,85,150,0,150,140,10,0,40,40,0,40,220,40,27071.055,19975.0,7096.055000000001,5
1127,1246,35,170,0,170,165,5,0,20,20,0,20,195,10,5289.840000000002,17425.0,-12135.159999999998,5
1128,1246,65,170,0,170,115,35,20,45,45,0,45,175,15,7449.480000000001,19975.0,-12525.519999999999,5
1129,1246,95,150,0,150,140,0,10,25,25,0,25,230,25,15155.550000000001,20825.0,-5669.449999999999,5
1130,1246,75,160,0,160,155,0,5,35,35,0,35,225,15,9478.800000000001,19975.0,-10496.199999999999,5
1131,1246,35,190,0,190,160,10,20,30,30,0,30,190,15,7886.880000000001,19125.0,-11238.119999999999,5
1132,1246,75,160,0,160,160,0,0,25,25,0,25,230,0,0.0,19975.0,-19975.0,5
1133,1246,65,155,0,155,140,0,15,20,20,0,20,200,15,9236.34,18700.0,-9463.66,5
1134,1246,90,125,0,125,110,0,15,50,50,0,50,195,30,18385.65,18275.0,110.65000000000282,5
1135,1246,70,150,0,150,140,0,10,45,45,0,45,205,35,21390.480000000003,18700.0,2690.4800000000023,5
1136,1246,60,165,0,165,135,20,10,55,55,0,55,190,25,14576.220000000003,19125.0,-4548.779999999997,5
1137,1246,45,190,0,190,100,55,35,45,45,0,40,140,30,17138.520000000004,19975.0,-2836.479999999997,5
1138,1246,35,185,0,185,145,20,20,30,30,0,30,175,30,16473.600000000002,18700.0,-2226.3999999999987,5
1139,1246,55,165,0,165,150,0,15,35,35,0,35,200,45,29361.285000000003,18700.0,10661.285000000003,5
1140,1246,75,150,0,150,140,0,10,40,40,0,35,210,35,18624.600000000002,19125.0,-500.39999999999736,5
1141,1246,75,165,0,165,150,0,15,25,25,0,20,220,30,19859.13,20400.0,-540.8699999999976,5
1142,1246,80,150,0,150,115,25,10,50,50,0,50,190,55,34710.3,19550.0,15160.300000000003,5
1143,1246,65,170,0,170,130,35,5,50,50,0,50,190,20,11019.960000000001,19975.0,-8955.039999999999,5
1144,1246,70,150,0,150,140,0,10,40,40,0,40,205,30,17041.32,18700.0,-1658.6799999999994,5
1145,1246,135,125,0,125,125,0,0,35,35,0,35,255,15,8911.980000000001,22100.0,-13188.019999999999,5
1146,1246,70,150,0,150,140,5,5,55,55,0,55,205,35,18725.22,18700.0,25.22000000000162,5
1147,1246,100,170,0,170,160,0,10,15,15,0,15,255,10,5679.3600000000015,22950.0,-17270.64,5
1148,1246,80,175,0,175,165,0,10,35,35,0,35,240,30,18856.35,21675.0,-2818.6500000000024,5
1149,1246,60,140,0,140,125,0,15,35,35,0,35,180,45,37305.061875000014,17000.0,20305.06187500001,5
1150,1246,50,160,0,160,120,15,25,45,45,0,45,165,35,22617.090000000004,17850.0,4767.090000000003,5
1151,1246,40,195,0,195,155,15,25,35,35,0,35,190,5,2502.36,19975.0,-17472.64,5
1152,1246,120,135,0,135,135,0,0,40,40,0,40,250,50,32282.505,21675.0,10607.505000000001,5
1153,1246,85,140,0,140,135,0,5,35,35,0,30,215,45,31258.980000000007,19125.0,12133.980000000007,5
1154,1246,70,175,0,175,155,0,20,25,25,0,20,220,15,8088.120000000001,20825.0,-12736.88,5
1155,1246,65,170,0,170,150,0,20,35,35,0,35,210,10,5092.560000000001,19975.0,-14882.439999999999,5
1156,1246,55,175,0,175,150,0,25,30,30,0,30,200,30,16419.06,19550.0,-3130.9399999999982,5
1157,1246,55,160,0,160,140,0,20,55,55,0,50,190,30,16346.7,18275.0,-1928.2999999999993,5
1158,1246,95,145,0,145,120,0,25,55,55,0,50,210,45,26146.26,20400.0,5746.2599999999975,5
1159,1246,60,165,0,165,130,25,10,45,45,0,45,185,25,13568.04,19125.0,-5556.959999999999,5
1160,1246,80,165,0,165,155,0,10,45,45,0,40,230,15,11715.57,20825.0,-9109.43,5
1161,1246,45,185,0,185,170,15,0,25,25,0,25,210,25,14348.340000000004,19550.0,-5201.659999999997,5
1162,1246,50,190,0,190,145,10,35,35,35,0,35,190,15,7858.4400000000005,20400.0,-12541.56,5
1163,1246,50,150,0,150,125,10,15,45,45,0,45,170,40,23324.130000000005,17000.0,6324.130000000005,5
1164,1246,55,170,0,170,150,10,10,45,45,0,40,200,40,21104.46,19125.0,1979.4599999999991,5
1165,1246,105,155,0,155,125,5,25,30,30,0,30,225,65,51473.51578125001,22100.0,29373.515781250007,5
1166,1246,20,195,0,195,180,10,5,15,15,0,15,195,0,0.0,18275.0,-18275.0,5
1167,1246,60,145,0,145,140,0,5,40,40,0,35,195,70,53973.92250000001,17425.0,36548.92250000001,5
1168,1246,55,170,0,170,150,0,20,35,35,0,30,200,15,7463.160000000002,19125.0,-11661.839999999997,5
1169,1246,85,140,0,140,120,5,15,55,55,0,50,200,50,30356.910000000007,19125.0,11231.910000000007,5
1170,1246,55,170,0,170,145,25,0,40,40,0,40,195,25,14219.1,19125.0,-4905.9,5
1171,1246,50,165,0,165,155,5,5,45,45,0,40,200,45,29822.355000000003,18275.0,11547.355000000003,5
1172,1246,45,165,0,165,135,20,10,40,40,0,40,175,35,24731.640000000003,17850.0,6881.640000000002,5
1173,1246,120,105,0,105,105,0,0,60,60,0,55,220,50,29764.08000000001,19125.0,10639.080000000009,5
1174,1246,40,175,0,175,140,10,25,35,35,0,35,175,25,16672.95,18275.0,-1602.0499999999993,5
1175,1246,35,190,0,190,145,10,35,30,30,0,25,175,25,15473.610000000004,19125.0,-3651.3899999999967,5
1176,1246,60,175,0,175,170,0,5,30,30,0,30,225,35,21999.690000000002,19975.0,2024.6900000000005,5
1177,1246,70,165,0,165,160,0,5,45,45,0,45,225,10,5216.76,19975.0,-14758.240000000002,5
1178,1246,65,165,0,165,160,0,5,35,35,0,35,220,45,33485.24250000001,19550.0,13935.242500000004,5
1179,1246,45,175,0,175,160,10,5,30,30,0,30,200,15,7507.080000000001,18700.0,-11192.919999999998,5
1180,1246,30,195,0,195,150,35,10,25,25,0,25,175,10,4916.880000000001,19125.0,-14208.119999999999,5
1181,1246,70,170,0,170,160,0,10,40,40,0,40,225,50,29716.200000000004,20400.0,9316.200000000004,5
1182,1246,65,165,0,165,145,20,0,30,30,0,30,205,40,27668.610000000008,19550.0,8118.610000000008,5
1183,1246,85,155,0,155,155,0,0,30,30,0,30,235,25,15344.28,20400.0,-5055.719999999999,5
1184,1246,60,160,0,160,155,0,5,40,40,0,35,210,25,13425.300000000003,18700.0,-5274.699999999998,5
1185,1246,85,130,0,130,120,0,10,65,65,0,65,200,40,25418.790000000005,18275.0,7143.790000000004,5
1186,1246,55,160,0,160,120,40,0,45,45,0,45,170,40,25332.840000000004,18275.0,7057.840000000006,5
1187,1246,70,150,0,150,100,45,5,60,60,0,60,165,100,74262.67875000002,18700.0,55562.67875000002,5
1188,1246,110,140,0,140,140,0,0,50,50,0,50,245,20,10097.28,21250.0,-11152.72,5
1189,1246,90,150,0,150,105,35,10,55,55,0,55,190,35,23396.850000000006,20400.0,2996.850000000004,5
1190,1246,140,135,0,135,135,0,0,40,40,0,40,270,50,28997.64,23375.0,5622.640000000001,5
1191,1246,80,160,0,160,155,0,5,30,30,0,30,230,15,9219.420000000002,20400.0,-11180.58,5
1192,1246,50,165,0,165,155,0,10,45,45,0,45,200,55,39583.96875,18275.0,21308.968750000004,5
1193,1246,40,185,0,185,150,20,15,35,35,0,35,185,50,31443.030000000002,19125.0,12318.030000000002,5
1194,1246,30,185,0,185,170,0,15,20,20,0,20,195,15,8999.820000000002,18275.0,-9275.179999999998,5
1195,1246,125,130,0,130,105,0,25,45,45,0,45,225,50,32414.805000000008,21675.0,10739.805000000006,5
1196,1246,60,155,0,155,130,20,5,40,40,0,40,185,40,26361.585000000006,18275.0,8086.585000000005,5
1197,1246,70,155,0,155,140,10,5,50,50,0,45,205,40,23402.88,19125.0,4277.88,5
1198,1246,45,170,0,170,135,35,0,40,40,0,40,175,25,12315.240000000002,18275.0,-5959.759999999998,5
1199,1246,55,190,0,190,140,10,40,45,45,0,45,190,65,46024.8975,20825.0,25199.8975,5
1200,1246,50,180,0,180,120,40,20,45,45,0,45,165,25,12955.320000000002,19550.0,-6594.6799999999985,5
1201,1246,60,170,0,170,135,0,35,40,40,0,40,190,40,23634.180000000008,19550.0,4084.1800000000057,5
1202,1246,40,200,0,200,150,15,35,35,35,0,35,185,20,11980.44,20400.0,-8419.56,5
1203,1246,60,155,0,155,145,5,5,30,30,0,30,200,75,52087.32,18275.0,33812.32,5
1204,1246,85,130,0,130,125,5,0,45,45,0,45,205,35,22357.080000000005,18275.0,4082.0800000000054,5
1205,1246,75,145,0,145,130,0,15,50,50,0,50,200,50,30859.47,18700.0,12159.470000000001,5
1206,1246,60,175,0,175,150,25,0,50,50,0,50,205,45,25801.47,19975.0,5826.469999999999,5
1207,1246,60,155,0,155,135,15,5,55,55,0,55,190,75,53072.47125000001,18275.0,34797.47125000001,5
1208,1246,110,160,0,160,135,10,15,55,55,0,55,240,25,13715.28,22950.0,-9234.72,5
1209,1246,65,160,0,160,145,0,15,35,35,0,35,205,15,7770.600000000002,19125.0,-11354.399999999998,5
1210,1246,70,145,0,145,110,20,15,60,60,0,60,175,50,32168.79,18275.0,13893.789999999999,5
1211,1246,40,195,0,195,165,0,30,25,25,0,25,200,20,12621.6,19975.0,-7353.4,5
1212,1246,65,140,0,140,135,0,5,40,40,0,40,195,50,40999.409999999996,17425.0,23574.409999999996,5
1213,1246,70,165,0,165,145,15,5,50,50,0,50,210,35,19628.100000000006,19975.0,-346.899999999996,5
1214,1246,55,175,0,175,160,15,0,20,20,0,20,210,50,38756.7,19550.0,19206.7,5
1215,1246,105,145,0,145,145,0,0,25,25,0,25,245,15,7791.120000000001,21250.0,-13458.88,5
1216,1246,65,155,0,155,105,35,15,60,60,0,60,165,105,72120.645,18700.0,53420.645000000004,5
1217,1246,85,155,0,155,130,5,20,40,40,0,40,210,25,13582.8,20400.0,-6817.200000000001,5
1218,1246,35,190,0,190,150,20,20,30,30,0,30,180,15,7464.960000000002,19125.0,-11660.039999999999,5
1219,1246,70,145,0,145,110,10,25,50,50,0,50,175,35,21557.070000000003,18275.0,3282.0700000000033,5
1220,1246,85,150,0,150,145,0,5,35,35,0,35,225,20,10353.240000000002,19975.0,-9621.759999999998,5
1221,1246,55,160,0,160,140,10,10,50,50,0,50,190,45,32431.6575,18275.0,14156.657500000001,5
1222,1246,70,155,0,155,155,0,0,25,25,0,25,220,30,19449.99,19125.0,324.99000000000024,5
1223,1246,55,175,0,175,175,0,0,25,25,0,25,225,20,12401.820000000003,19550.0,-7148.179999999998,5
1224,1246,75,155,0,155,155,0,0,20,20,0,20,225,10,5138.280000000001,19550.0,-14411.720000000001,5
1225,1246,85,175,0,175,155,0,20,30,30,0,30,235,5,2385.36,22100.0,-19714.64,5
1226,1246,65,160,0,160,135,20,5,60,60,0,60,195,40,23048.010000000002,19125.0,3923.010000000004,5
1227,1246,30,185,0,185,140,30,15,25,25,0,25,165,25,15192.0,18275.0,-3082.9999999999995,5
1228,1246,45,175,0,175,175,0,0,30,30,0,30,215,30,15269.400000000003,18700.0,-3430.599999999997,5
1229,1246,50,170,0,170,160,10,0,35,35,0,35,205,35,21961.170000000002,18700.0,3261.170000000002,5
1230,1246,75,160,0,160,150,0,10,30,30,0,30,220,30,19224.72,19975.0,-750.2799999999979,5
1231,1246,80,145,0,145,110,10,25,45,45,0,45,185,35,21413.160000000003,19125.0,2288.1600000000026,5
1232,1246,75,145,0,145,120,0,25,55,55,0,55,190,45,29491.56000000001,18700.0,10791.560000000009,5
1233,1246,65,165,0,165,165,0,0,45,45,0,45,225,40,22646.160000000003,19550.0,3096.1600000000044,5
1234,1246,85,160,0,160,155,0,5,10,10,0,10,235,5,2456.28,20825.0,-18368.72,5
1235,1246,120,140,0,140,110,0,30,45,45,0,45,225,50,33849.94500000001,22100.0,11749.945000000007,5
1236,1246,55,175,0,175,115,35,25,45,45,0,45,165,45,27413.370000000003,19550.0,7863.370000000004,5
1237,1246,80,145,0,145,145,0,0,30,30,0,30,220,30,17010.180000000004,19125.0,-2114.8199999999974,5
1238,1246,55,170,0,170,140,20,10,45,45,0,45,190,10,5136.4800000000005,19125.0,-13988.519999999999,5
1239,1246,75,160,0,160,155,0,5,35,35,0,35,225,25,12248.279999999999,19975.0,-7726.72,5
1240,1246,50,175,0,175,160,5,10,45,45,0,45,205,35,19971.0,19125.0,846.0000000000014,5
1241,1246,95,130,0,130,120,0,10,55,55,0,55,210,40,26340.930000000004,19125.0,7215.930000000003,5
1242,1246,90,150,0,150,140,0,10,55,55,0,50,225,50,35198.865000000005,20400.0,14798.865000000005,5
1243,1246,55,170,0,170,140,0,30,45,45,0,45,190,35,18689.04,19125.0,-435.96000000000004,5
1244,1246,55,155,0,155,135,5,15,50,50,0,50,185,35,21971.61,17850.0,4121.610000000001,5
1245,1246,60,165,0,165,150,5,10,45,45,0,45,205,30,15608.160000000003,19125.0,-3516.8399999999974,5
1246,1246,60,160,0,160,145,0,15,40,40,0,40,200,30,18178.38,18700.0,-521.6199999999981,5
1247,1246,70,175,0,175,135,20,20,30,30,0,30,200,20,12094.740000000002,20825.0,-8730.259999999998,5
1248,1246,40,195,0,195,130,25,40,35,35,0,35,165,30,17019.72,19975.0,-2955.279999999998,5
1249,1246,85,145,0,145,140,0,5,55,55,0,55,220,30,17866.980000000003,19550.0,-1683.0199999999968,5
1250,1246,45,190,0,190,110,45,35,40,40,0,40,150,55,36433.98,19975.0,16458.980000000003,5
1251,1246,55,165,0,165,140,0,25,40,40,0,40,190,10,5268.240000000001,18700.0,-13431.759999999998,5
1252,1246,45,165,0,165,125,5,35,40,40,0,40,165,70,48006.63,17850.0,30156.629999999997,5
1253,1246,65,165,0,165,140,25,0,35,35,0,35,200,30,16656.840000000004,19550.0,-2893.159999999998,5
1254,1246,75,145,0,145,135,0,10,40,40,0,35,205,15,7858.4400000000005,18700.0,-10841.56,5
1255,1246,45,185,0,185,135,45,5,30,30,0,30,175,15,7413.4800000000005,19550.0,-12136.52,5
1256,1246,70,150,0,150,145,0,5,50,50,0,50,210,45,29068.200000000004,18700.0,10368.200000000006,5
1257,1246,90,135,0,135,120,15,0,60,60,0,55,205,45,28927.08,19125.0,9802.080000000002,5
1258,1246,75,175,0,175,155,0,20,40,40,0,35,225,10,5268.240000000001,21250.0,-15981.759999999998,5
1259,1246,40,170,0,170,145,20,5,35,35,0,35,180,40,24762.420000000002,17850.0,6912.420000000002,5
1260,1246,95,155,0,155,135,15,5,40,40,0,40,225,65,49905.10125,21250.0,28655.10125,5
1261,1246,60,145,0,145,140,0,5,35,35,0,35,195,35,22101.660000000007,17425.0,4676.660000000006,5
1262,1246,50,175,0,175,145,20,10,45,45,0,45,190,25,15252.840000000004,19125.0,-3872.1599999999967,5
1263,1246,125,135,0,135,125,0,10,40,40,0,40,245,45,28678.320000000003,22100.0,6578.320000000003,5
1264,1246,45,190,0,190,160,5,25,40,40,0,40,200,20,12314.160000000002,19975.0,-7660.839999999998,5
1265,1246,65,170,0,170,140,15,15,60,60,0,55,200,50,28283.850000000002,19975.0,8308.850000000002,5
1266,1246,60,170,0,170,170,0,0,25,25,0,25,225,10,4781.160000000001,19550.0,-14768.84,5
1267,1246,120,135,0,135,135,0,0,45,45,0,45,250,20,10616.040000000003,21675.0,-11058.959999999997,5
1268,1246,80,155,0,155,140,0,15,30,30,0,30,215,5,2484.3600000000006,19975.0,-17490.64,5
1269,1246,75,150,0,150,130,10,10,50,50,0,50,200,55,33827.94,19125.0,14702.939999999999,5
1270,1246,50,175,0,175,140,30,5,35,35,0,35,185,10,4821.4800000000005,19125.0,-14303.519999999999,5
1271,1246,55,165,0,165,155,0,10,35,35,0,35,205,60,42795.36,18700.0,24095.36,5
1272,1246,60,155,0,155,125,15,15,55,55,0,55,180,50,32533.470000000012,18275.0,14258.470000000012,5
1273,1246,85,140,0,140,140,0,0,35,35,0,35,220,55,38149.74000000001,19125.0,19024.740000000013,5
1274,1246,70,170,0,170,160,5,5,30,30,0,30,225,25,13081.680000000004,20400.0,-7318.319999999996,5
1275,1246,50,170,0,170,165,5,0,30,30,0,30,210,5,2590.2000000000003,18700.0,-16109.8,5
1276,1246,105,145,0,145,140,0,5,30,30,0,25,240,25,14246.820000000003,21250.0,-7003.179999999998,5
1277,1246,60,160,0,160,135,0,25,45,45,0,45,190,45,25427.520000000004,18700.0,6727.520000000004,5
1278,1246,55,175,0,175,140,25,10,45,45,0,45,190,45,24299.28,19550.0,4749.279999999999,5
1279,1246,80,135,0,135,125,0,10,60,60,0,60,200,55,32942.97,18275.0,14667.970000000001,5
1280,1246,95,165,0,165,155,0,10,40,40,0,40,245,35,24237.18,22100.0,2137.1799999999985,5
1281,1246,80,140,0,140,105,10,25,45,45,0,40,180,70,50779.895625000005,18700.0,32079.89562500001,5
1282,1246,70,150,0,150,145,0,5,30,30,0,30,210,10,5524.560000000001,18700.0,-13175.439999999999,5
1283,1246,65,145,0,145,145,0,0,50,50,0,50,205,80,61080.01875000001,17850.0,43230.01875000001,5
1284,1246,100,130,0,130,115,15,0,65,65,0,65,210,65,41113.21500000001,19550.0,21563.21500000001,5
1285,1246,40,195,0,195,180,15,0,25,25,0,25,215,15,10305.630000000001,19975.0,-9669.369999999999,5
1286,1246,115,135,0,135,125,0,10,40,40,0,40,235,30,17072.460000000003,21250.0,-4177.539999999997,5
1287,1246,80,150,0,150,150,0,0,55,55,0,55,225,35,18306.72,19550.0,-1243.2799999999997,5
1288,1246,50,170,0,170,160,0,10,30,30,0,30,205,25,12702.240000000002,18700.0,-5997.759999999998,5
1289,1246,55,180,0,180,130,40,10,45,45,0,45,180,20,10089.36,19975.0,-9885.64,5
1290,1246,85,160,0,160,155,0,5,20,20,0,20,235,10,5311.800000000001,20825.0,-15513.199999999999,5
1291,1246,55,185,0,185,135,20,30,50,50,0,50,185,30,17668.620000000003,20400.0,-2731.379999999997,5
1292,1246,75,160,0,160,155,0,5,35,35,0,35,225,45,27986.850000000006,19975.0,8011.850000000004,5
1293,1246,115,150,0,150,130,20,0,45,45,0,45,240,20,9529.920000000002,22525.0,-12995.079999999998,5
1294,1246,70,160,0,160,125,5,30,45,45,0,45,190,40,23416.200000000004,19550.0,3866.2000000000035,5
1295,1246,50,165,0,165,125,15,25,40,40,0,40,170,50,39227.326875,18275.0,20952.326875,5
1296,1246,90,140,0,140,140,0,0,50,50,0,50,225,35,20815.380000000005,19550.0,1265.3800000000047,5
1297,1246,55,170,0,170,165,0,5,35,35,0,35,215,15,9131.580000000002,19125.0,-9993.419999999998,5
1298,1246,120,125,0,125,125,0,0,40,40,0,40,240,35,20571.120000000003,20825.0,-253.8799999999992,5
1299,1246,45,180,0,180,175,0,5,35,35,0,35,215,25,13521.420000000002,19125.0,-5603.579999999997,5
1300,1246,60,180,0,180,130,30,20,45,45,0,45,185,35,20457.720000000005,20400.0,57.72000000000389,5
1301,1246,55,155,0,155,145,0,10,45,45,0,45,195,40,28097.505,17850.0,10247.505000000001,5
1302,1246,75,160,0,160,160,0,0,30,30,0,30,230,40,30946.308750000004,19975.0,10971.308750000004,5
1303,1246,80,130,0,130,130,0,0,60,60,0,60,205,40,25635.15000000001,17850.0,7785.150000000008,5
1304,1246,60,175,0,175,145,15,15,40,40,0,40,200,50,33813.450000000004,19975.0,13838.450000000003,5
1305,1246,60,185,0,185,120,25,40,55,55,0,55,175,25,12775.320000000002,20825.0,-8049.6799999999985,5
1306,1246,70,155,0,155,155,0,0,25,25,0,25,220,40,24545.79,19125.0,5420.790000000002,5
1307,1246,55,160,0,160,140,15,5,30,30,0,30,190,40,28473.817500000005,18275.0,10198.817500000005,5
1308,1246,85,140,0,140,135,0,5,55,55,0,50,215,20,9856.800000000001,19125.0,-9268.199999999999,5
1309,1246,85,150,0,150,130,5,15,60,60,0,60,210,40,20770.56,19975.0,795.5600000000004,5
1310,1246,65,145,0,145,125,20,0,55,55,0,55,185,75,48956.670000000006,17850.0,31106.670000000006,5
1311,1246,70,140,0,140,140,0,0,55,55,0,50,205,60,37494.270000000004,17850.0,19644.27,5
1312,1246,65,145,0,145,115,25,5,60,60,0,60,175,70,45113.94,17850.0,27263.940000000002,5
1313,1246,120,155,0,155,145,0,10,15,15,0,15,260,20,12223.62,23375.0,-11151.38,5
1314,1246,75,135,0,135,135,0,0,45,45,0,45,205,50,37882.35000000001,17850.0,20032.35000000001,5
1315,1246,50,185,0,185,180,0,5,25,25,0,25,225,20,10448.64,19975.0,-9526.36,5
1316,1246,65,165,0,165,125,25,15,35,35,0,35,185,50,33962.26500000001,19550.0,14412.265000000007,5
1317,1246,55,180,0,180,175,0,5,15,15,0,15,225,15,8999.820000000002,19975.0,-10975.179999999998,5
1318,1246,80,155,0,155,110,5,40,70,70,0,70,185,55,34538.265,19975.0,14563.265000000001,5
1319,1246,65,185,0,185,105,40,40,45,45,0,45,165,25,12380.04,21250.0,-8869.96,5
1320,1246,70,160,0,160,145,0,15,50,50,0,45,210,15,7134.480000000001,19550.0,-12415.519999999999,5
1321,1246,50,180,0,180,165,0,15,30,30,0,30,210,25,15317.28,19550.0,-4232.719999999999,5
1322,1246,80,165,0,165,140,25,0,40,40,0,40,215,25,15122.52,20825.0,-5702.4800000000005,5
1323,1246,40,190,0,190,135,35,20,35,35,0,35,170,25,13719.06,19550.0,-5830.9400000000005,5
1324,1246,110,145,0,145,135,0,10,35,35,0,35,240,25,14285.7,21675.0,-7389.299999999998,5
1325,1246,80,150,0,150,140,10,0,50,50,0,50,215,20,10210.680000000002,19550.0,-9339.319999999998,5
1326,1246,45,185,0,185,160,0,25,25,25,0,25,200,30,19239.57,19550.0,-310.4300000000012,5
1327,1246,65,140,0,140,125,10,5,65,65,0,60,185,55,33213.87000000001,17425.0,15788.870000000006,5
1328,1246,45,190,0,190,150,10,30,40,40,0,40,190,45,26297.01000000001,19975.0,6322.010000000009,5
1329,1246,45,170,0,170,155,0,15,35,35,0,35,195,20,11007.900000000001,18275.0,-7267.0999999999985,5
1330,1246,105,145,0,145,145,0,0,25,25,0,25,245,10,4916.880000000001,21250.0,-16333.119999999999,5
1331,1246,90,145,0,145,145,0,0,45,45,0,45,230,45,31490.055,19975.0,11515.055000000002,5
1332,1246,90,165,0,165,160,0,5,30,30,0,30,245,5,2590.2000000000003,21675.0,-19084.8,5
1333,1246,70,150,0,150,110,35,5,60,60,0,60,175,30,17773.38,18700.0,-926.6200000000003,5
1334,1246,75,150,0,150,125,20,5,45,45,0,45,195,75,60668.246250000004,19125.0,41543.246250000004,5
1335,1246,65,155,0,155,140,0,15,40,40,0,40,200,30,16513.74,18700.0,-2186.2599999999975,5
1336,1246,75,155,0,155,130,20,5,45,45,0,45,200,20,9957.960000000001,19550.0,-9592.039999999999,5
1337,1246,95,130,0,130,110,15,5,65,65,0,65,200,60,40081.815,19125.0,20956.815000000006,5
1338,1246,40,175,0,175,150,10,15,35,35,0,35,185,25,13765.320000000003,18275.0,-4509.679999999997,5
1339,1246,85,150,0,150,120,0,30,45,45,0,45,200,55,32657.13,19975.0,12682.130000000001,5
1340,1246,45,185,0,185,165,10,10,30,30,0,25,205,25,15431.400000000001,19550.0,-4118.5999999999985,5
1341,1246,60,145,0,145,130,0,15,45,45,0,45,185,70,50140.71,17425.0,32715.71,5
1342,1246,55,170,0,170,120,35,15,40,40,0,40,170,40,22858.920000000006,19125.0,3733.9200000000073,5
1343,1246,55,150,0,150,130,5,15,50,50,0,50,180,30,18003.96,17425.0,578.9599999999996,5
1344,1246,70,165,0,165,125,20,20,55,55,0,55,190,45,27405.45,19975.0,7430.450000000001,5
1345,1246,100,140,0,140,140,0,0,25,25,0,25,235,35,24848.865,20400.0,4448.865000000001,5
1346,1246,60,175,0,175,125,35,15,50,50,0,50,180,50,30208.590000000004,19975.0,10233.590000000004,5
1347,1246,90,135,0,135,115,0,20,60,60,0,60,200,35,23030.010000000002,19125.0,3905.010000000002,5
1348,1246,85,155,0,155,150,0,5,35,35,0,35,230,30,18973.530000000002,20400.0,-1426.469999999997,5
1349,1246,55,165,0,165,165,0,0,35,35,0,35,215,5,2502.36,18700.0,-16197.64,5
1350,1246,65,175,0,175,110,40,25,55,55,0,55,170,15,9065.7,20400.0,-11334.3,5
1351,1246,100,150,0,150,140,5,5,45,45,0,45,235,25,14275.62,21250.0,-6974.379999999999,5
1352,1246,85,150,0,150,135,10,5,35,35,0,35,215,35,24247.800000000003,19975.0,4272.800000000002,5
1353,1246,95,130,0,130,130,0,0,30,30,0,30,220,25,17703.045000000002,19125.0,-1421.954999999998,5
1354,1246,90,160,0,160,145,0,15,40,40,0,40,230,35,18708.300000000003,21250.0,-2541.6999999999985,5
1355,1246,75,155,0,155,130,5,20,55,55,0,50,200,25,13291.380000000001,19550.0,-6258.619999999999,5
1356,1246,100,155,0,155,150,0,5,30,30,0,30,245,5,2634.1200000000003,21675.0,-19040.88,5
1357,1246,65,185,0,185,120,50,15,60,60,0,60,180,25,14274.0,21250.0,-6975.999999999999,5
1358,1246,90,155,0,155,155,0,0,35,35,0,35,240,40,23537.160000000003,20825.0,2712.1600000000035,5
1359,1246,45,160,0,160,135,15,10,40,40,0,40,175,25,13641.660000000002,17425.0,-3783.3399999999983,5
1360,1246,70,160,0,160,110,15,35,60,60,0,55,175,70,50027.47875,19550.0,30477.478750000002,5
1361,1246,35,195,0,195,150,10,35,25,25,0,25,180,40,27098.145000000004,19550.0,7548.145000000004,5
1362,1246,70,145,0,145,130,15,0,55,55,0,55,195,45,24156.900000000005,18275.0,5881.900000000005,5
1363,1246,65,160,0,160,155,0,5,50,50,0,45,215,35,21709.800000000003,19125.0,2584.8000000000047,5
1364,1246,90,160,0,160,155,0,5,30,30,0,30,240,30,18079.920000000006,21250.0,-3170.079999999996,5
1365,1246,40,190,0,190,135,25,30,35,35,0,35,170,10,5136.4800000000005,19550.0,-14413.519999999999,5
1366,1246,60,155,0,155,145,0,10,35,35,0,35,200,30,17308.800000000003,18275.0,-966.1999999999989,5
1367,1246,80,150,0,150,135,0,15,55,55,0,55,210,30,17591.22,19550.0,-1958.7799999999993,5
1368,1246,50,175,0,175,160,0,15,35,35,0,35,205,15,9021.78,19125.0,-10103.22,5
1369,1246,50,160,0,160,155,0,5,35,35,0,35,200,35,21073.860000000004,17850.0,3223.860000000004,5
1370,1246,60,145,0,145,135,0,10,25,25,0,25,190,20,13247.460000000001,17425.0,-4177.539999999999,5
1371,1246,70,155,0,155,150,0,5,45,45,0,40,215,40,25018.65,19125.0,5893.650000000002,5
1372,1246,50,175,0,175,140,20,15,40,40,0,40,185,50,31444.740000000005,19125.0,12319.740000000005,5
1373,1246,55,175,0,175,135,5,35,45,45,0,45,185,40,21730.86,19550.0,2180.8600000000024,5
1374,1246,75,145,0,145,135,0,10,45,45,0,45,205,55,41623.970625,18700.0,22923.970625,5
1375,1246,75,165,0,165,155,0,10,30,30,0,30,225,15,7609.68,20400.0,-12790.32,5
1376,1246,45,180,0,180,140,25,15,40,40,0,40,180,25,14405.580000000002,19125.0,-4719.419999999998,5
1377,1246,55,160,0,160,150,0,10,55,55,0,50,200,25,12778.560000000001,18275.0,-5496.439999999998,5
1378,1246,60,170,0,170,160,0,10,45,45,0,45,215,50,34613.594999999994,19550.0,15063.594999999996,5
1379,1246,90,145,0,145,145,0,0,35,35,0,35,230,30,16264.260000000002,19975.0,-3710.7399999999984,5
1380,1246,60,160,0,160,160,0,0,40,40,0,35,215,40,24524.370000000003,18700.0,5824.3700000000035,5
1381,1246,45,195,0,195,155,30,10,40,40,0,40,195,40,25307.955,20400.0,4907.955000000002,5
1382,1246,55,160,0,160,85,45,30,50,50,0,50,135,95,66396.25125,18275.0,48121.25125,5
1383,1246,85,135,0,135,125,10,0,60,60,0,55,205,30,16355.160000000005,18700.0,-2344.8399999999947,5
1384,1246,35,185,0,185,165,15,5,30,30,0,30,195,10,5048.64,18700.0,-13651.36,5
1385,1246,55,180,0,180,160,20,0,45,45,0,45,210,45,28183.590000000004,19975.0,8208.590000000004,5
1386,1246,40,180,0,180,150,0,30,20,20,0,20,185,20,12429.36,18700.0,-6270.6399999999985,5
1387,1246,60,145,0,145,130,5,10,45,45,0,45,185,45,32031.382500000003,17425.0,14606.382500000003,5
1388,1246,100,135,0,135,125,0,10,55,55,0,55,220,80,54540.8775,19975.0,34565.8775,5
1389,1246,40,165,0,165,160,5,0,35,35,0,35,195,25,18114.795000000002,17425.0,689.7950000000014,5
1390,1246,60,160,0,160,125,20,15,55,55,0,55,180,20,9576.360000000002,18700.0,-9123.639999999998,5
1391,1246,90,135,0,135,90,25,20,55,55,0,55,175,45,29436.300000000007,19125.0,10311.300000000007,5
1392,1246,60,165,0,165,105,60,0,50,50,0,50,160,35,19033.200000000004,19125.0,-91.79999999999382,5
1393,1246,20,180,0,180,170,0,10,15,15,0,15,185,55,45958.62796875,17000.0,28958.62796875,5
1394,1246,120,140,0,140,110,0,30,50,50,0,50,225,30,16199.460000000003,22100.0,-5900.539999999996,5
1395,1246,60,160,0,160,135,15,10,55,55,0,55,190,35,23008.410000000003,18700.0,4308.4100000000035,5
1396,1246,50,195,0,195,115,40,40,45,45,0,45,160,25,13723.740000000002,20825.0,-7101.2599999999975,5
1397,1246,90,165,0,165,140,15,10,35,35,0,35,225,15,8372.160000000002,21675.0,-13302.839999999998,5
1398,1246,60,165,0,165,155,0,10,30,30,0,30,210,5,2721.600000000001,19125.0,-16403.399999999998,5
1399,1246,60,175,0,175,140,5,30,45,45,0,45,195,30,16915.86,19975.0,-3059.1399999999976,5
1400,1246,50,165,0,165,150,5,10,30,30,0,30,195,30,16949.34,18275.0,-1325.6600000000003,5
1401,1246,60,170,0,170,105,30,35,55,55,0,55,160,95,74643.38296875,19550.0,55093.382968750004,5
1402,1246,55,165,0,165,135,10,20,45,45,0,45,185,30,16276.500000000004,18700.0,-2423.499999999997,5
1403,1246,80,160,0,160,150,10,0,30,30,0,30,225,25,14369.040000000003,20400.0,-6030.959999999997,5
1404,1246,95,155,0,155,145,0,10,40,40,0,40,235,15,7584.120000000001,21250.0,-13665.88,5
1405,1246,90,145,0,145,145,0,0,45,45,0,45,230,35,23465.385000000002,19975.0,3490.385000000001,5
1406,1246,70,150,0,150,150,0,0,35,35,0,35,215,40,24349.860000000004,18700.0,5649.860000000003,5
1407,1246,70,160,0,160,135,0,25,35,35,0,30,200,35,24744.78,19550.0,5194.780000000001,5
1408,1246,75,150,0,150,150,0,0,55,55,0,55,220,45,29457.765000000003,19125.0,10332.765000000003,5
1409,1246,35,180,0,180,145,10,25,25,25,0,25,175,30,18218.88,18275.0,-56.11999999999853,5
1410,1246,90,130,0,130,100,10,20,50,50,0,50,185,90,66216.25125000003,18700.0,47516.25125000003,5
1411,1246,65,150,0,150,115,15,20,45,45,0,45,175,50,31736.52,18275.0,13461.52,5
1412,1246,75,155,0,155,145,0,10,45,45,0,45,215,25,12480.120000000003,19550.0,-7069.879999999998,5
1413,1246,45,180,0,180,145,25,10,45,45,0,40,185,35,18951.660000000003,19125.0,-173.33999999999605,5
1414,1246,85,160,0,160,135,10,15,40,40,0,40,215,40,27138.285,20825.0,6313.285000000001,5
1415,1246,50,175,0,175,145,15,15,30,30,0,30,190,50,36558.990000000005,19125.0,17433.990000000005,5
1416,1246,70,165,0,165,155,0,10,45,45,0,45,220,35,19491.840000000004,19975.0,-483.15999999999804,5
1417,1246,55,170,0,170,160,0,10,20,20,0,20,210,10,6299.82,19125.0,-12825.18,5
1418,1246,75,155,0,155,150,0,5,30,30,0,30,220,20,11215.080000000002,19550.0,-8334.919999999998,5
1419,1246,60,165,0,165,160,0,5,45,45,0,45,215,20,11240.100000000002,19125.0,-7884.899999999998,5
1420,1246,95,160,0,160,155,0,5,25,25,0,25,245,15,9142.2,21675.0,-12532.8,5
1421,1246,45,175,0,175,160,0,15,25,25,0,25,200,35,22862.745000000003,18700.0,4162.745000000004,5
1422,1246,75,150,0,150,135,0,15,50,50,0,50,205,35,17875.800000000003,19125.0,-1249.1999999999985,5
1423,1246,60,170,0,170,140,20,10,45,45,0,45,195,30,18511.290000000005,19550.0,-1038.7099999999964,5
1424,1246,15,200,0,200,195,0,5,10,10,0,10,205,10,4960.8,18275.0,-13314.2,5
1425,1246,55,170,0,170,170,0,0,40,40,0,40,220,15,7507.080000000001,19125.0,-11617.919999999998,5
1426,1246,60,165,0,165,140,20,5,55,55,0,55,195,50,31851.720000000005,19125.0,12726.720000000005,5
1427,1246,75,140,0,140,125,0,15,45,45,0,45,195,40,24008.850000000006,18275.0,5733.850000000007,5
1428,1246,85,150,0,150,130,10,10,60,60,0,60,210,55,32596.379999999997,19975.0,12621.38,5
1429,1246,45,180,0,180,160,0,20,35,35,0,35,200,40,23177.520000000008,19125.0,4052.5200000000086,5
1430,1246,40,190,0,190,145,25,20,35,35,0,35,180,30,16357.320000000002,19550.0,-3192.679999999998,5
1431,1246,75,145,0,145,135,0,10,45,45,0,45,205,30,19143.810000000005,18700.0,443.81000000000313,5
1432,1246,95,140,0,140,120,5,15,60,60,0,60,210,40,21431.34,19975.0,1456.3400000000001,5
1433,1246,60,155,0,155,155,0,0,35,35,0,35,210,45,28991.745000000003,18275.0,10716.745,5
1434,1246,80,180,0,180,145,35,0,30,30,0,30,220,25,15624.180000000004,22100.0,-6475.819999999996,5
1435,1246,55,175,0,175,155,5,15,35,35,0,30,205,65,49026.56625,19550.0,29476.566250000003,5
1436,1246,100,140,0,140,125,15,0,50,50,0,50,220,25,12570.120000000003,20400.0,-7829.879999999998,5
1437,1246,65,160,0,160,140,5,15,60,60,0,60,200,30,17615.52,19125.0,-1509.4799999999987,5
1438,1246,100,160,0,160,130,25,5,40,40,0,40,225,35,18679.5,22100.0,-3420.4999999999995,5
1439,1246,95,130,0,130,100,25,5,55,55,0,55,190,40,24556.77,19125.0,5431.770000000001,5
1440,1246,40,190,0,190,140,35,15,35,35,0,35,175,5,2634.1200000000003,19550.0,-16915.88,5
1441,1246,60,155,0,155,115,40,0,40,40,0,40,170,50,45146.577656249996,18275.0,26871.577656249992,5
1442,1246,50,170,0,170,135,25,10,50,50,0,45,180,5,2734.2000000000007,18700.0,-15965.8,5
1443,1246,50,185,0,185,180,0,5,25,25,0,25,225,5,2546.28,19975.0,-17428.72,5
1444,1246,85,160,0,160,155,0,5,40,40,0,40,235,30,16424.640000000003,20825.0,-4400.359999999999,5
1445,1246,35,195,0,195,145,35,15,30,30,0,30,175,35,23338.755000000005,19550.0,3788.7550000000056,5
1446,1246,125,115,0,115,110,5,0,60,60,0,60,230,65,42464.362499999996,20400.0,22064.362499999996,5
1447,1246,45,170,0,170,165,5,0,30,30,0,30,205,25,18281.745000000003,18275.0,6.745000000003074,5
1448,1246,60,185,0,185,170,10,5,25,25,0,25,225,5,2282.76,20825.0,-18542.239999999998,5
1449,1246,75,160,0,160,125,25,10,45,45,0,45,195,25,14560.020000000002,19975.0,-5414.979999999998,5
1450,1246,60,165,0,165,150,10,5,50,50,0,50,205,40,22928.670000000002,19125.0,3803.670000000002,5
1451,1246,65,155,0,155,140,10,5,45,45,0,45,200,15,8335.44,18700.0,-10364.56,5
1452,1246,175,110,0,110,110,0,0,35,35,0,35,280,25,15385.68,24225.0,-8839.32,5
1453,1246,85,140,0,140,120,0,20,60,60,0,60,200,40,24228.090000000004,19125.0,5103.090000000002,5
1454,1246,80,160,0,160,155,0,5,45,45,0,40,230,50,30807.720000000005,20400.0,10407.720000000005,5
1455,1246,45,190,0,190,115,45,30,45,45,0,40,155,20,11590.020000000002,19975.0,-8384.979999999998,5
1456,1246,95,140,0,140,120,10,10,50,50,0,50,210,60,42939.47250000001,19975.0,22964.47250000001,5
1457,1246,95,135,0,135,130,0,5,40,40,0,40,220,25,15915.690000000004,19550.0,-3634.309999999996,5
1458,1246,70,140,0,140,135,0,5,55,55,0,55,200,50,31493.430000000008,17850.0,13643.430000000008,5
1459,1246,90,145,0,145,120,0,25,35,35,0,35,205,35,20902.320000000003,19975.0,927.3200000000043,5
1460,1246,35,180,0,180,145,20,15,30,30,0,30,175,25,13675.140000000001,18275.0,-4599.859999999999,5
1461,1246,55,170,0,170,135,20,15,45,45,0,45,185,30,16637.22,19125.0,-2487.78,5
1462,1246,85,150,0,150,140,0,10,40,40,0,40,220,10,4916.880000000001,19975.0,-15058.119999999999,5
1463,1246,60,165,0,165,150,10,5,30,30,0,30,205,40,34578.264375000006,19125.0,15453.264375000002,5
1464,1246,75,150,0,150,120,30,0,45,45,0,45,190,40,26980.785000000003,19125.0,7855.785000000005,5
1465,1246,65,140,0,140,135,0,5,50,50,0,50,195,50,30039.120000000006,17425.0,12614.120000000006,5
1466,1246,90,150,0,150,135,15,0,40,40,0,40,220,25,13177.8,20400.0,-7222.200000000001,5
1467,1246,65,160,0,160,160,0,0,40,40,0,40,220,45,30020.715,19125.0,10895.715,5
1468,1246,65,150,0,150,145,0,5,50,50,0,50,205,30,15611.040000000005,18275.0,-2663.959999999995,5
1469,1246,60,170,0,170,85,55,30,55,55,0,55,140,25,16361.010000000004,19550.0,-3188.9899999999966,5
1470,1246,85,150,0,150,140,0,10,35,35,0,35,220,10,5135.76,19975.0,-14839.24,5
1471,1246,55,130,0,130,115,10,5,50,50,0,50,165,35,21162.960000000003,15725.0,5437.960000000003,5
1472,1246,65,170,0,170,160,0,10,35,35,0,35,220,25,12700.44,19975.0,-7274.5599999999995,5
1473,1246,35,160,0,160,155,0,5,30,30,0,30,185,25,14355.900000000001,16575.0,-2219.0999999999985,5
1474,1246,75,180,0,180,150,0,30,35,35,0,35,220,20,9659.160000000002,21675.0,-12015.839999999998,5
1475,1246,100,155,0,155,120,35,0,50,50,0,50,215,40,24045.660000000003,21675.0,2370.6600000000026,5
1476,1246,140,120,0,120,115,0,5,55,55,0,55,250,45,27130.230000000003,22100.0,5030.230000000001,5
1477,1246,55,170,0,170,160,10,0,30,30,0,30,210,10,4829.040000000001,19125.0,-14295.96,5
1478,1246,95,160,0,160,145,0,15,35,35,0,35,235,40,26145.045,21675.0,4470.045,5
1479,1246,65,155,0,155,140,5,10,55,55,0,50,200,40,22543.02,18700.0,3843.0200000000013,5
1480,1246,45,170,0,170,155,15,0,40,40,0,40,195,35,21145.5,18275.0,2870.500000000002,5
1481,1246,65,155,0,155,150,0,5,45,45,0,45,210,15,8587.980000000001,18700.0,-10112.019999999999,5
1482,1246,75,160,0,160,125,10,25,60,60,0,55,195,45,27094.770000000004,19975.0,7119.770000000003,5
1483,1246,65,170,0,170,140,5,25,40,40,0,40,200,15,7314.480000000001,19975.0,-12660.519999999999,5
1484,1246,140,140,0,140,130,0,10,35,35,0,35,265,50,32213.430000000004,23800.0,8413.430000000004,5
1485,1246,80,160,0,160,150,0,10,55,55,0,55,225,45,26743.050000000003,20400.0,6343.050000000003,5
1486,1246,70,140,0,140,130,0,10,55,55,0,55,195,40,21818.340000000004,17850.0,3968.340000000003,5
1487,1246,65,180,0,180,120,30,30,65,65,0,60,180,20,10185.12,20825.0,-10639.879999999997,5
1488,1246,95,140,0,140,115,5,20,40,40,0,40,205,25,15452.820000000002,19975.0,-4522.1799999999985,5
1489,1246,70,150,0,150,135,10,5,65,65,0,65,200,45,27393.03,18700.0,8693.029999999999,5
1490,1246,50,185,0,185,115,50,20,45,45,0,45,160,45,28787.4,19975.0,8812.400000000001,5
1491,1246,85,175,0,175,145,0,30,35,35,0,35,225,15,7770.6,22100.0,-14329.400000000001,5
1492,1246,30,205,0,205,150,25,30,25,25,0,25,175,15,7551.000000000002,19975.0,-12423.999999999998,5
1493,1246,35,185,0,185,175,5,5,25,25,0,25,205,15,9161.820000000002,18700.0,-9538.179999999998,5
1494,1246,35,190,0,190,155,20,15,30,30,0,30,185,40,30200.771250000005,19125.0,11075.771250000007,5
1495,1246,85,150,0,150,140,0,10,50,50,0,50,220,30,16506.9,19975.0,-3468.099999999997,5
1496,1246,50,165,0,165,160,0,5,45,45,0,45,205,20,9906.12,18275.0,-8368.88,5
1497,1246,90,165,0,165,115,25,25,45,45,0,45,200,25,12800.880000000001,21675.0,-8874.119999999999,5
1498,1246,60,160,0,160,125,20,15,45,45,0,45,180,35,24071.265000000007,18700.0,5371.265000000008,5
1499,1246,60,155,0,155,140,15,0,55,55,0,55,195,60,42369.97500000001,18275.0,24094.975000000013,5
1500,1246,70,145,0,145,135,10,0,45,45,0,45,200,45,29057.894999999997,18275.0,10782.894999999999,5
1501,1246,90,150,0,150,125,0,25,55,55,0,55,210,40,26341.605000000003,20400.0,5941.605000000004,5
1502,1246,70,160,0,160,160,0,0,40,40,0,40,225,15,8092.080000000001,19550.0,-11457.919999999998,5
1503,1246,30,200,0,200,170,0,30,25,25,0,25,195,10,6541.380000000001,19550.0,-13008.619999999999,5
1504,1246,65,150,0,150,105,20,25,60,60,0,60,165,70,45053.100000000006,18275.0,26778.100000000006,5
1505,1246,40,180,0,180,165,10,5,25,25,0,25,200,10,5268.240000000001,18700.0,-13431.759999999998,5
1506,1246,50,175,0,175,165,0,10,30,30,0,30,210,20,9812.52,19125.0,-9312.48,5
1507,1246,55,155,0,155,115,10,30,50,50,0,50,165,20,12500.100000000002,17850.0,-5349.899999999998,5
1508,1246,50,170,0,170,155,15,0,45,45,0,45,200,50,29501.820000000007,18700.0,10801.820000000007,5
1509,1246,45,190,0,190,145,10,35,35,35,0,35,185,25,14753.52,19975.0,-5221.48,5
1510,1246,60,150,0,150,115,20,15,45,45,0,45,170,45,31629.78,17850.0,13779.78,5
1511,1246,45,185,0,185,155,0,30,40,40,0,40,195,25,12863.16,19550.0,-6686.84,5
1512,1246,100,130,0,130,130,0,0,35,35,0,35,225,50,30818.74500000001,19550.0,11268.745000000008,5
1513,1246,65,175,0,175,135,5,35,45,45,0,45,195,20,9771.480000000001,20400.0,-10628.519999999999,5
1514,1246,65,170,0,170,150,15,5,35,35,0,35,210,5,2502.36,19975.0,-17472.64,5
1515,1246,85,125,0,125,125,0,0,60,60,0,60,205,45,33736.4325,17850.0,15886.4325,5
1516,1246,55,165,0,165,160,5,0,40,40,0,40,210,25,15167.880000000003,18700.0,-3532.1199999999976,5
1517,1246,50,160,0,160,160,0,0,35,35,0,35,205,25,14628.420000000002,17850.0,-3221.579999999999,5
1518,1246,90,165,0,165,155,0,10,20,20,0,20,240,35,24561.495,21675.0,2886.495,5
1519,1246,45,165,0,165,150,5,10,35,35,0,35,190,30,18251.010000000002,17850.0,401.0100000000011,5
1520,1246,40,195,0,195,145,30,20,35,35,0,35,180,30,19140.840000000004,19975.0,-834.1599999999971,5
1521,1246,45,185,0,185,100,65,20,40,40,0,40,140,50,32494.725000000002,19550.0,12944.725000000002,5
1522,1246,55,150,0,150,135,5,10,45,45,0,45,185,45,32024.677500000005,17425.0,14599.677500000007,5
1523,1246,90,140,0,140,115,20,5,50,50,0,50,200,30,16204.86,19550.0,-3345.139999999999,5
1524,1246,110,160,0,160,130,0,30,30,30,0,30,235,5,2742.4800000000005,22950.0,-20207.52,5
1525,1246,65,175,0,175,140,10,25,40,40,0,40,200,20,9965.52,20400.0,-10434.48,5
1526,1246,50,170,0,170,135,5,30,45,45,0,45,180,45,25545.600000000006,18700.0,6845.600000000004,5
1527,1246,65,160,0,160,150,10,0,35,35,0,35,210,10,4829.040000000001,19125.0,-14295.96,5
1528,1246,50,170,0,170,160,0,10,40,40,0,35,205,30,18395.460000000003,18700.0,-304.53999999999724,5
1529,1246,60,150,0,150,125,15,10,50,50,0,50,180,40,22486.500000000007,17850.0,4636.5000000000055,5
1530,1246,75,145,0,145,145,0,0,50,50,0,45,215,20,10358.280000000002,18700.0,-8341.719999999998,5
1531,1246,35,200,0,200,160,5,35,30,30,0,30,190,25,16923.24,19975.0,-3051.759999999997,5
1532,1246,175,125,0,125,125,0,0,25,25,0,25,295,10,5224.32,25500.0,-20275.68,5
1533,1246,95,170,0,170,170,0,0,15,15,0,15,260,0,0.0,22525.0,-22525.0,5
1534,1246,50,190,0,190,125,30,35,50,50,0,45,170,20,10053.36,20400.0,-10346.639999999998,5
1535,1246,70,160,0,160,110,20,30,65,65,0,65,175,45,23715.18,19550.0,4165.18,5
1536,1246,45,170,0,170,140,15,15,40,40,0,40,180,20,12894.120000000003,18275.0,-5380.879999999997,5
1537,1246,80,140,0,140,130,0,10,40,40,0,40,205,40,21816.36,18700.0,3116.3599999999997,5
1538,1246,45,165,0,165,125,30,10,40,40,0,40,165,50,36352.48500000001,17850.0,18502.485000000008,5
1539,1246,80,150,0,150,150,0,0,45,45,0,45,225,55,34813.845,19550.0,15263.845000000001,5
1540,1246,60,170,0,170,140,0,30,45,45,0,45,195,10,6767.8200000000015,19550.0,-12782.179999999998,5
1541,1246,50,175,0,175,140,30,5,40,40,0,40,185,25,12737.520000000002,19125.0,-6387.479999999998,5
1542,1246,80,165,0,165,155,0,10,25,25,0,25,230,35,23909.535,20825.0,3084.5350000000008,5
1543,1246,70,170,0,170,120,20,30,65,65,0,65,185,35,18087.48,20400.0,-2312.5199999999995,5
1544,1246,30,195,0,195,185,0,10,20,20,0,20,210,10,4916.880000000001,19125.0,-14208.119999999999,5
1545,1246,75,170,0,170,135,0,35,55,55,0,55,205,45,26182.440000000002,20825.0,5357.440000000001,5
1546,1246,50,175,0,175,140,0,35,40,40,0,40,185,45,28962.630000000005,19125.0,9837.630000000005,5
1547,1246,30,185,0,185,170,0,15,15,15,0,15,195,30,20338.65,18275.0,2063.6500000000024,5
1548,1246,80,150,0,150,145,0,5,45,45,0,45,220,30,17252.64,19550.0,-2297.3599999999988,5
1549,1246,50,175,0,175,155,5,15,40,40,0,40,200,10,5029.56,19125.0,-14095.439999999999,5
1550,1246,60,175,0,175,175,0,0,25,25,0,25,230,10,4960.8,19975.0,-15014.2,5
1551,1246,60,165,0,165,145,5,15,50,50,0,50,200,5,2590.2000000000003,19125.0,-16534.8,5
1552,1246,65,175,0,175,130,10,35,50,50,0,50,190,45,26908.47000000001,20400.0,6508.470000000007,5
1553,1246,55,165,0,165,140,0,25,35,35,0,35,190,10,4749.4800000000005,18700.0,-13950.519999999999,5
1554,1246,70,170,0,170,140,25,5,45,45,0,45,205,35,21022.29,20400.0,622.2900000000027,5
1555,1246,55,190,0,190,125,20,45,40,40,0,40,175,25,15904.080000000002,20825.0,-4920.919999999998,5
1556,1246,55,180,0,180,120,25,35,50,50,0,50,170,30,15030.360000000002,19975.0,-4944.639999999998,5
1557,1246,65,175,0,175,170,0,5,35,35,0,30,230,20,11133.900000000001,20400.0,-9266.099999999999,5
1558,1246,40,175,0,175,135,15,25,40,40,0,35,170,60,44490.55500000001,18275.0,26215.555000000004,5
1559,1246,105,145,0,145,145,0,0,35,35,0,35,245,10,4653.360000000001,21250.0,-16596.64,5
1560,1246,50,185,0,185,130,20,35,45,45,0,45,175,40,27970.2,19975.0,7995.2,5
1561,1246,70,165,0,165,120,15,30,40,40,0,40,185,25,14301.000000000002,19975.0,-5673.999999999998,5
1562,1246,60,175,0,175,160,0,15,30,30,0,30,215,20,10914.840000000002,19975.0,-9060.159999999998,5
1563,1246,80,140,0,140,130,10,0,50,50,0,50,205,45,26955.18,18700.0,8255.18,5
1564,1246,60,145,0,145,140,0,5,55,55,0,55,195,45,27951.840000000007,17425.0,10526.840000000007,5
1565,1246,80,160,0,160,140,0,20,35,35,0,35,215,25,13829.580000000002,20400.0,-6570.419999999999,5
1566,1246,45,180,0,180,105,45,30,35,35,0,35,145,65,50633.15625,19125.0,31508.15625,5
1567,1246,55,170,0,170,125,15,30,45,45,0,45,175,25,15082.380000000003,19125.0,-4042.619999999997,5
1568,1246,110,145,0,145,140,5,0,45,45,0,45,245,15,7858.4400000000005,21675.0,-13816.56,5
1569,1246,40,180,0,180,170,0,10,35,35,0,35,205,25,15243.12,18700.0,-3456.8799999999987,5
1570,1246,55,185,0,185,150,20,15,45,45,0,45,200,30,19514.07,20400.0,-885.9299999999985,5
1571,1246,60,180,0,180,145,0,35,35,35,0,35,200,35,23648.805,20400.0,3248.805000000002,5
1572,1246,55,175,0,175,170,0,5,25,25,0,25,220,15,9383.58,19550.0,-10166.42,5
1573,1246,65,155,0,155,135,0,20,45,45,0,45,195,60,43915.1625,18700.0,25215.1625,5
1574,1246,60,175,0,175,175,0,0,30,30,0,30,230,15,7927.560000000001,19975.0,-12047.439999999999,5
1575,1246,50,175,0,175,145,0,30,45,45,0,45,190,20,10068.840000000002,19125.0,-9056.159999999998,5
1576,1246,55,180,0,180,130,20,30,50,50,0,45,180,30,19151.100000000002,19975.0,-823.8999999999965,5
1577,1246,40,170,0,170,170,0,0,20,20,0,20,205,15,9299.7,17850.0,-8550.3,5
1578,1246,110,145,0,145,140,0,5,35,35,0,35,245,25,14136.300000000001,21675.0,-7538.699999999999,5
1579,1246,70,165,0,165,130,25,10,40,40,0,40,195,20,10328.760000000002,19975.0,-9646.239999999998,5
1580,1246,85,160,0,160,155,0,5,40,40,0,40,235,25,15772.68,20825.0,-5052.32,5
1581,1246,105,150,0,150,145,0,5,35,35,0,30,245,0,0.0,21675.0,-21675.0,5
1582,1246,50,155,0,155,115,25,15,45,45,0,45,160,30,16326.180000000002,17425.0,-1098.8199999999983,5
1583,1246,35,185,0,185,130,25,30,30,30,0,30,160,15,9296.460000000001,18700.0,-9403.539999999999,5
1584,1246,55,155,0,155,145,5,5,45,45,0,45,195,40,23391.36,17850.0,5541.36,5
1585,1246,135,125,0,125,120,0,5,35,35,0,35,250,50,31764.330000000005,22100.0,9664.330000000005,5
1586,1246,75,160,0,160,130,0,30,30,30,0,30,200,50,34344.990000000005,19975.0,14369.990000000007,5
1587,1246,130,135,0,135,130,0,5,35,35,0,35,255,30,20848.95,22525.0,-1676.0500000000002,5
1588,1246,60,175,0,175,165,0,10,25,25,0,25,220,5,2634.1200000000003,19975.0,-17340.88,5
1589,1246,95,135,0,135,130,0,5,60,60,0,60,220,55,35595.72000000001,19550.0,16045.72000000001,5
1590,1246,55,175,0,175,165,0,10,40,40,0,35,215,30,16178.580000000002,19550.0,-3371.4199999999983,5
1591,1246,70,180,0,180,100,45,35,65,65,0,65,165,45,23353.560000000005,21250.0,2103.5600000000068,5
1592,1246,60,185,0,185,170,0,15,20,20,0,20,225,20,10009.440000000002,20825.0,-10815.559999999998,5
1593,1246,35,190,0,190,165,10,15,30,30,0,30,195,25,17703.450000000004,19125.0,-1421.5499999999975,5
1594,1246,90,150,0,150,150,0,0,40,40,0,40,235,45,32597.505000000005,20400.0,12197.505000000005,5
1595,1246,75,155,0,155,155,0,0,30,30,0,30,225,15,11873.61,19550.0,-7676.389999999999,5
1596,1246,50,170,0,170,170,0,0,25,25,0,25,215,5,2458.44,18700.0,-16241.56,5
1597,1246,75,160,0,160,150,0,10,30,30,0,30,220,50,33595.785,19975.0,13620.785,5
1598,1246,115,115,0,115,115,0,0,50,50,0,50,225,90,65956.67718750001,19550.0,46406.67718750001,5
1599,1246,55,160,0,160,155,0,5,30,30,0,30,205,15,7419.240000000001,18275.0,-10855.76,5
1600,1246,50,165,0,165,165,0,0,30,30,0,30,210,15,7726.320000000001,18275.0,-10548.68,5
1601,1246,65,175,0,175,145,30,0,40,40,0,40,205,65,44569.89000000001,20400.0,24169.890000000007,5
1602,1246,100,160,0,160,140,0,20,40,40,0,40,235,20,10506.960000000001,22100.0,-11593.039999999999,5
1603,1246,70,155,0,155,120,10,25,50,50,0,45,185,50,28191.780000000006,19125.0,9066.780000000008,5
1604,1246,80,160,0,160,150,5,5,45,45,0,45,225,25,12643.560000000001,20400.0,-7756.439999999998,5
1605,1246,40,190,0,190,150,20,20,35,35,0,30,185,30,19952.550000000003,19550.0,402.55000000000337,5
1606,1246,85,155,0,155,155,0,0,20,20,0,20,235,20,10388.880000000001,20400.0,-10011.119999999999,5
1607,1246,95,145,0,145,135,10,0,30,30,0,30,225,35,18935.46,20400.0,-1464.5399999999995,5
1608,1246,80,155,0,155,135,0,20,50,50,0,50,210,60,36864.090000000004,19975.0,16889.090000000004,5
1609,1246,55,170,0,170,155,15,0,30,30,0,30,205,45,29519.144999999997,19125.0,10394.144999999999,5
1610,1246,55,140,0,140,140,0,0,45,45,0,45,190,40,26541.135000000002,16575.0,9966.135000000004,5
1611,1246,55,185,0,185,180,0,5,20,20,0,20,230,10,5224.32,20400.0,-15175.68,5
1612,1246,45,190,0,190,130,15,45,35,35,0,30,170,25,12062.880000000003,19975.0,-7912.119999999997,5
1613,1246,90,140,0,140,130,0,10,40,40,0,40,215,30,18789.93,19550.0,-760.0699999999983,5
1614,1246,35,190,0,190,180,0,10,30,30,0,30,210,15,8071.200000000001,19125.0,-11053.8,5
1615,1246,95,135,0,135,130,0,5,45,45,0,45,220,40,21313.980000000003,19550.0,1763.9800000000014,5
1616,1246,65,155,0,155,155,0,0,35,35,0,35,215,35,22823.190000000002,18700.0,4123.190000000004,5
1617,1246,45,165,0,165,165,0,0,30,30,0,30,205,40,25184.79,17850.0,7334.790000000003,5
1618,1246,55,180,0,180,105,40,35,50,50,0,50,155,50,32010.592500000002,19975.0,12035.592500000002,5
1619,1246,95,130,0,130,115,15,0,65,65,0,60,205,75,49522.995,19125.0,30397.995000000003,5
1620,1246,95,145,0,145,145,0,0,30,30,0,30,235,50,34344.090000000004,20400.0,13944.09,5
1621,1246,55,185,0,185,150,0,35,30,30,0,30,200,20,11162.160000000002,20400.0,-9237.839999999998,5
1622,1246,50,180,0,180,125,30,25,40,40,0,40,170,55,32660.100000000002,19550.0,13110.100000000002,5
1623,1246,45,165,0,165,150,5,10,40,40,0,40,190,30,18475.38,17850.0,625.3800000000024,5
1624,1246,30,195,0,195,175,0,20,20,20,0,20,200,10,5331.6,19125.0,-13793.4,5
1625,1246,70,170,0,170,155,0,15,30,30,0,30,220,20,11338.380000000001,20400.0,-9061.619999999999,5
1626,1246,60,175,0,175,95,45,35,55,55,0,55,150,45,29421.900000000005,19975.0,9446.900000000005,5
1627,1246,40,180,0,180,115,30,35,35,35,0,35,150,55,41310.888750000006,18700.0,22610.888750000006,5
1628,1246,60,160,0,160,150,0,10,35,35,0,30,205,50,35945.01000000001,18700.0,17245.010000000006,5
1629,1246,55,175,0,175,155,10,10,40,40,0,35,205,30,16656.84,19550.0,-2893.1600000000003,5
1630,1246,95,155,0,155,155,0,0,40,40,0,40,245,15,7165.4400000000005,21250.0,-14084.56,5
1631,1246,75,165,0,165,150,15,0,30,30,0,30,220,50,33648.592500000006,20400.0,13248.592500000004,5
1632,1246,60,180,0,180,150,5,25,45,45,0,45,205,25,13864.14,20400.0,-6535.860000000001,5
1633,1246,60,160,0,160,150,5,5,40,40,0,40,205,45,29561.940000000002,18700.0,10861.940000000004,5
1634,1246,65,150,0,150,140,0,10,35,35,0,35,200,45,31644.63,18275.0,13369.630000000001,5
1635,1246,80,145,0,145,95,25,25,70,70,0,70,170,85,57787.78500000001,19125.0,38662.78500000001,5
1636,1246,75,155,0,155,115,15,25,65,65,0,65,185,70,39447.090000000004,19550.0,19897.090000000004,5
1637,1246,135,130,0,130,130,0,0,35,35,0,35,260,35,20469.420000000002,22525.0,-2055.5799999999977,5
1638,1246,115,130,0,130,130,0,0,45,45,0,45,240,20,12160.08,20825.0,-8664.92,5
1639,1246,45,185,0,185,160,20,5,35,35,0,35,200,5,2369.5200000000004,19550.0,-17180.48,5
1640,1246,80,150,0,150,125,15,10,60,60,0,60,200,45,29136.87,19550.0,9586.869999999999,5
1641,1246,45,180,0,180,180,0,0,20,20,0,20,220,10,5136.4800000000005,19125.0,-13988.519999999999,5
1642,1246,50,175,0,175,155,10,10,25,25,0,20,200,30,21056.625000000004,19125.0,1931.6250000000036,5
1643,1246,75,160,0,160,150,0,10,60,60,0,60,220,40,26826.885000000002,19975.0,6851.885000000002,5
1644,1246,85,170,0,170,130,5,35,45,45,0,45,210,30,15191.64,21675.0,-6483.360000000001,5
1645,1246,85,140,0,140,135,5,0,60,60,0,60,215,55,34817.130000000005,19125.0,15692.130000000006,5
1646,1246,50,185,0,185,150,30,5,45,45,0,45,195,20,10399.68,19975.0,-9575.32,5
1647,1246,75,170,0,170,160,0,10,20,20,0,20,230,20,14081.040000000003,20825.0,-6743.959999999997,5
1648,1246,50,170,0,170,140,0,30,35,35,0,35,185,25,13459.68,18700.0,-5240.32,5
1649,1246,45,170,0,170,145,0,25,45,45,0,40,185,40,22630.32,18275.0,4355.3200000000015,5
1650,1246,50,170,0,170,155,0,15,45,45,0,40,200,20,11314.800000000003,18700.0,-7385.199999999997,5
1651,1246,55,160,0,160,140,10,10,50,50,0,50,190,35,22745.070000000007,18275.0,4470.070000000005,5
1652,1246,100,150,0,150,135,10,5,35,35,0,35,230,15,9130.32,21250.0,-12119.679999999998,5
1653,1246,40,175,0,175,175,0,0,30,30,0,30,210,10,4960.8,18275.0,-13314.2,5
1654,1246,75,175,0,175,175,0,0,25,25,0,25,245,30,20345.31,21250.0,-904.6899999999982,5
1655,1246,60,155,0,155,150,5,0,35,35,0,35,205,55,35898.75,18275.0,17623.75,5
1656,1246,40,190,0,190,150,25,15,35,35,0,30,185,30,18228.870000000003,19550.0,-1321.1299999999983,5
1657,1246,95,145,0,145,135,0,10,40,40,0,35,225,70,51774.075000000004,20400.0,31374.075000000004,5
1658,1246,35,190,0,190,155,30,5,30,30,0,30,185,20,11098.62,19125.0,-8026.379999999999,5
1659,1246,70,155,0,155,100,45,10,65,65,0,60,165,55,34288.96500000001,19125.0,15163.965000000007,5
1660,1246,55,155,0,155,140,5,10,40,40,0,40,190,75,59392.27476562501,17850.0,41542.27476562501,5
1661,1246,65,165,0,165,155,0,10,50,50,0,50,215,40,20150.640000000003,19550.0,600.640000000003,5
1662,1246,55,150,0,150,150,0,0,50,50,0,45,200,65,40378.140000000014,17425.0,22953.140000000014,5
1663,1246,60,155,0,155,130,20,5,45,45,0,45,185,30,15961.14,18275.0,-2313.8599999999997,5
1664,1246,50,160,0,160,160,0,0,40,40,0,40,205,25,14229.18,17850.0,-3620.819999999999,5
1665,1246,105,135,0,135,115,20,0,40,40,0,40,215,40,26197.920000000006,20400.0,5797.920000000004,5
1666,1246,55,170,0,170,170,0,0,25,25,0,25,220,5,2458.44,19125.0,-16666.559999999998,5
1667,1246,55,160,0,160,145,0,15,45,45,0,45,195,65,42031.08,18275.0,23756.08,5
1668,1246,90,145,0,145,145,0,0,45,45,0,45,230,15,7914.6,19975.0,-12060.4,5
1669,1246,60,165,0,165,160,0,5,30,30,0,30,215,25,16056.990000000002,19125.0,-3068.0099999999993,5
1670,1246,70,165,0,165,135,10,20,55,55,0,55,200,45,29508.930000000008,19975.0,9533.93000000001,5
1671,1246,70,175,0,175,135,15,25,35,35,0,35,200,25,14029.740000000002,20825.0,-6795.259999999998,5
1672,1246,50,165,0,165,165,0,0,35,35,0,35,210,35,21172.14,18275.0,2897.1399999999994,5
1673,1246,100,125,0,125,120,0,5,55,55,0,55,215,75,51780.780000000006,19125.0,32655.780000000006,5
1674,1246,50,180,0,180,160,20,0,25,25,0,25,205,10,4909.32,19550.0,-14640.68,5
1675,1246,85,165,0,165,155,5,5,25,25,0,25,235,15,9353.34,21250.0,-11896.66,5
1676,1246,100,150,0,150,145,0,5,45,45,0,45,240,35,20511.900000000005,21250.0,-738.0999999999949,5
1677,1246,55,160,0,160,140,0,20,50,50,0,50,190,55,37906.8075,18275.0,19631.807500000003,5
1678,1246,55,165,0,165,135,25,5,40,40,0,40,185,30,15285.960000000003,18700.0,-3414.0399999999977,5
1679,1246,35,185,0,185,155,5,25,30,30,0,30,185,15,9201.6,18700.0,-9498.4,5
1680,1246,55,185,0,185,115,40,30,45,45,0,45,165,15,7858.4400000000005,20400.0,-12541.56,5
1681,1246,40,180,0,180,155,0,25,35,35,0,35,190,20,10099.44,18700.0,-8600.56,5
1682,1246,55,175,0,175,145,0,30,40,40,0,40,195,10,4872.960000000001,19550.0,-14677.039999999999,5
1683,1246,80,175,0,175,155,0,20,35,35,0,35,230,45,28881.585000000006,21675.0,7206.585000000005,5
1684,1246,40,180,0,180,175,0,5,25,25,0,25,210,15,7425.720000000001,18700.0,-11274.279999999999,5
1685,1246,75,160,0,160,155,0,5,30,30,0,30,225,20,11940.300000000003,19975.0,-8034.699999999998,5
1686,1246,45,180,0,180,120,30,30,40,40,0,40,160,30,19462.410000000003,19125.0,337.4100000000021,5
1687,1246,50,165,0,165,165,0,0,20,20,0,20,210,5,2634.1200000000003,18275.0,-15640.88,5
1688,1246,80,175,0,175,115,60,0,50,50,0,50,190,30,18145.530000000002,21675.0,-3529.4699999999966,5
1689,1246,65,200,0,200,105,45,50,60,60,0,60,165,20,10501.2,22525.0,-12023.8,5
1690,1246,55,180,0,180,165,0,15,30,30,0,30,215,20,10953.18,19975.0,-9021.82,5
1691,1246,55,190,0,190,190,0,0,20,20,0,20,240,15,7814.520000000001,20825.0,-13010.479999999998,5
1692,1246,60,165,0,165,145,15,5,40,40,0,40,200,35,20693.790000000005,19125.0,1568.7900000000036,5
1693,1246,60,175,0,175,145,0,30,45,45,0,45,200,65,47125.563749999994,19975.0,27150.563749999994,5
1694,1246,65,145,0,145,125,0,20,55,55,0,55,185,40,22694.580000000005,17850.0,4844.580000000005,5
1695,1246,45,170,0,170,160,0,10,25,25,0,25,200,55,40134.65625,18275.0,21859.656250000004,5
1696,1246,35,180,0,180,160,0,20,35,35,0,30,190,25,13984.740000000003,18275.0,-4290.259999999997,5
1697,1246,40,170,0,170,165,0,5,35,35,0,35,200,60,42077.8125,17850.0,24227.8125,5
1698,1246,65,175,0,175,150,5,20,45,45,0,45,210,30,15482.880000000003,20400.0,-4917.119999999997,5
1699,1246,75,170,0,170,150,10,10,45,45,0,40,220,15,7455.6,20825.0,-13369.400000000001,5
1700,1246,35,185,0,185,145,20,20,30,30,0,30,175,30,18044.820000000003,18700.0,-655.179999999998,5
1701,1246,70,150,0,150,150,0,0,40,40,0,40,215,45,26505.000000000004,18700.0,7805.000000000005,5
1702,1246,40,190,0,190,180,0,10,20,20,0,20,215,15,10330.470000000001,19550.0,-9219.529999999999,5
1703,1246,80,145,0,145,130,15,0,50,50,0,50,205,45,29600.505000000005,19125.0,10475.505000000003,5
1704,1246,50,175,0,175,165,10,0,35,35,0,35,210,15,8411.04,19125.0,-10713.959999999997,5
1705,1246,65,175,0,175,140,5,30,40,40,0,40,200,25,16477.65,20400.0,-3922.3499999999967,5
1706,1246,85,155,0,155,135,5,15,30,30,0,30,215,30,17915.760000000002,20400.0,-2484.2399999999975,5
1707,1246,45,170,0,170,155,0,15,35,35,0,35,195,15,7313.760000000001,18275.0,-10961.239999999998,5
1708,1246,90,135,0,135,135,0,0,45,45,0,45,220,70,45078.16500000001,19125.0,25953.165000000008,5
1709,1246,45,185,0,185,165,15,5,30,30,0,30,205,20,10913.760000000002,19550.0,-8636.239999999998,5
1710,1246,85,145,0,145,140,5,0,55,55,0,55,220,15,7974.720000000001,19550.0,-11575.279999999999,5
1711,1246,95,130,0,130,120,0,10,50,50,0,50,210,35,20367.000000000004,19125.0,1242.000000000005,5
1712,1246,60,175,0,175,155,0,20,35,35,0,35,210,10,5014.4400000000005,19975.0,-14960.560000000001,5
1713,1246,95,150,0,150,130,0,20,35,35,0,35,220,25,13749.660000000002,20825.0,-7075.339999999998,5
1714,1246,60,160,0,160,155,0,5,40,40,0,35,210,45,28344.420000000006,18700.0,9644.420000000006,5
1715,1246,130,135,0,135,125,0,10,45,45,0,45,250,35,18585.9,22525.0,-3939.0999999999985,5
1716,1246,50,175,0,175,115,45,15,45,45,0,45,160,30,18308.160000000003,19125.0,-816.8399999999974,5
1717,1246,90,165,0,165,160,0,5,45,45,0,45,245,20,9971.28,21675.0,-11703.719999999998,5
1718,1246,90,150,0,150,130,0,20,50,50,0,50,215,30,20614.409999999996,20400.0,214.40999999999804,5
1719,1246,60,175,0,175,170,0,5,55,55,0,55,225,25,13059.0,19975.0,-6915.999999999999,5
1720,1246,85,130,0,130,110,10,10,45,45,0,40,190,100,75378.020625,18275.0,57103.020625000005,5
1721,1246,70,160,0,160,150,0,10,20,20,0,20,215,20,13264.110000000004,19550.0,-6285.889999999995,5
1722,1246,85,150,0,150,145,0,5,50,50,0,45,225,35,21237.39,19975.0,1262.3900000000003,5
1723,1246,70,160,0,160,85,55,20,55,55,0,55,150,60,38772.450000000004,19550.0,19222.450000000004,5
1724,1246,100,145,0,145,130,15,0,45,45,0,45,225,40,23605.2,20825.0,2780.2,5
1725,1246,70,175,0,175,130,20,25,65,65,0,65,195,45,25608.060000000005,20825.0,4783.060000000005,5
1726,1246,70,165,0,165,145,5,15,25,25,0,25,210,45,31227.885000000006,19975.0,11252.885000000006,5
1727,1246,75,155,0,155,145,0,10,35,35,0,35,215,65,47919.0515625,19550.0,28369.051562499997,5
1728,1246,50,165,0,165,135,10,20,50,50,0,45,180,40,23548.320000000003,18275.0,5273.320000000003,5
1729,1246,70,175,0,175,150,20,5,35,35,0,35,215,30,16500.06,20825.0,-4324.939999999999,5
1730,1246,60,170,0,170,165,5,0,35,35,0,35,220,25,15650.730000000003,19550.0,-3899.269999999997,5
1731,1246,30,190,0,190,160,10,20,25,25,0,25,185,15,7616.16,18700.0,-11083.84,5
1732,1246,85,150,0,150,145,5,0,35,35,0,35,225,30,15959.340000000002,19975.0,-4015.659999999998,5
1733,1246,35,185,0,185,160,5,20,30,30,0,30,190,25,13276.26,18700.0,-5423.74,5
1734,1246,55,175,0,175,165,0,10,30,30,0,30,215,10,5180.400000000001,19550.0,-14369.6,5
1735,1246,85,150,0,150,135,15,0,55,55,0,55,215,40,21717.54,19975.0,1742.539999999999,5
1736,1246,50,195,0,195,145,35,15,45,45,0,45,190,55,33198.12,20825.0,12373.120000000003,5
1737,1246,55,165,0,165,150,0,15,50,50,0,50,200,70,47305.473750000005,18700.0,28605.47375,5
1738,1246,50,185,0,185,140,25,20,35,35,0,35,185,30,15554.16,19975.0,-4420.84,5
1739,1246,35,175,0,175,165,5,5,30,30,0,30,195,40,25024.590000000007,17850.0,7174.590000000007,5
1740,1246,60,150,0,150,145,0,5,50,50,0,50,200,25,11575.800000000001,17850.0,-6274.199999999999,5
1741,1246,60,145,0,145,130,10,5,50,50,0,50,185,35,21440.7,17425.0,4015.7000000000016,5
1742,1246,60,165,0,165,160,0,5,45,45,0,45,215,25,13561.920000000006,19125.0,-5563.079999999995,5
1743,1246,90,155,0,155,120,20,15,40,40,0,40,205,45,26531.370000000003,20825.0,5706.370000000002,5
1744,1246,55,165,0,165,145,10,10,35,35,0,35,195,20,14441.040000000003,18700.0,-4258.959999999997,5
1745,1246,60,155,0,155,145,5,5,50,50,0,50,200,20,11492.820000000002,18275.0,-6782.1799999999985,5
1746,1246,85,145,0,145,140,0,5,40,40,0,35,220,45,29403.585000000003,19550.0,9853.585000000003,5
1747,1246,60,165,0,165,100,50,15,55,55,0,55,155,65,40773.240000000005,19125.0,21648.240000000005,5
1748,1246,50,170,0,170,145,0,25,50,50,0,45,190,35,19942.56,18700.0,1242.5600000000009,5
1749,1246,80,140,0,140,125,5,10,55,55,0,55,200,30,15925.680000000002,18700.0,-2774.319999999998,5
1750,1246,70,150,0,150,115,20,15,50,50,0,45,180,55,37560.51,18700.0,18860.51,5
1751,1246,50,160,0,160,160,0,0,35,35,0,35,205,35,21160.260000000002,17850.0,3310.260000000003,5
1752,1246,60,165,0,165,145,10,10,50,50,0,50,200,25,12863.16,19125.0,-6261.84,5
1753,1246,85,155,0,155,135,0,20,30,30,0,30,215,35,20819.79,20400.0,419.7900000000027,5
1754,1246,115,155,0,155,155,0,0,30,30,0,30,265,50,33352.29,22950.0,10402.290000000003,5
1755,1246,45,180,0,180,125,30,25,35,35,0,35,165,40,27128.92500000001,19125.0,8003.925000000008,5
1756,1246,50,175,0,175,140,35,0,45,45,0,45,185,35,19375.020000000004,19125.0,250.02000000000407,5
1757,1246,80,150,0,150,130,20,0,40,40,0,40,205,25,14893.740000000002,19550.0,-4656.2599999999975,5
1758,1246,100,150,0,150,145,0,5,40,40,0,40,240,20,11282.580000000002,21250.0,-9967.419999999998,5
1759,1246,70,170,0,170,135,30,5,45,45,0,45,200,25,13132.080000000002,20400.0,-7267.919999999999,5
1760,1246,65,150,0,150,140,10,0,40,40,0,40,200,30,21105.765,18275.0,2830.7650000000012,5
1761,1246,60,160,0,160,160,0,0,45,45,0,45,215,25,15530.580000000002,18700.0,-3169.419999999998,5
1762,1246,75,170,0,170,170,0,0,25,25,0,25,240,10,4785.120000000001,20825.0,-16039.879999999997,5
1763,1246,75,155,0,155,150,5,0,35,35,0,35,220,30,15248.880000000001,19550.0,-4301.119999999999,5
1764,1246,75,155,0,155,155,0,0,40,40,0,40,225,25,14755.500000000002,19550.0,-4794.499999999998,5
1765,1246,100,150,0,150,140,0,10,35,35,0,35,235,10,6190.02,21250.0,-15059.98,5
1766,1246,45,170,0,170,150,5,15,40,40,0,40,190,35,20252.88,18275.0,1977.8800000000024,5
1767,1246,80,150,0,150,110,10,30,60,60,0,60,185,55,32793.48000000001,19550.0,13243.480000000009,5
1768,1246,45,195,0,195,155,10,30,30,30,0,30,195,15,8289.720000000001,20400.0,-12110.279999999999,5
1769,1246,90,150,0,150,120,15,15,50,50,0,45,205,40,27548.325,20400.0,7148.325,5
1770,1246,50,170,0,170,160,0,10,30,30,0,30,205,15,7950.6,18700.0,-10749.400000000001,5
1771,1246,45,165,0,165,150,5,10,45,45,0,40,190,55,34037.73,17850.0,16187.730000000001,5
1772,1246,50,175,0,175,175,0,0,25,25,0,25,220,5,2509.9200000000005,19125.0,-16615.08,5
1773,1246,60,175,0,175,140,0,35,40,40,0,40,195,25,14104.8,19975.0,-5870.2,5
1774,1246,150,120,0,120,120,0,0,50,50,0,50,265,50,30213.810000000005,22950.0,7263.810000000003,5
1775,1246,115,140,0,140,125,10,5,50,50,0,50,235,50,31117.005000000005,21675.0,9442.005000000005,5
1776,1246,100,130,0,130,110,5,15,55,55,0,55,205,55,36908.685000000005,19550.0,17358.685000000005,5
1777,1246,65,180,0,180,170,10,0,30,30,0,30,230,30,23694.007500000003,20825.0,2869.0075000000024,5
1778,1246,40,165,0,165,135,15,15,35,35,0,35,170,85,64605.94312500002,17425.0,47180.94312500002,5
1779,1246,50,160,0,160,150,0,10,45,45,0,45,195,25,13489.2,17850.0,-4360.799999999999,5
1780,1246,45,170,0,170,160,5,5,40,40,0,40,200,80,53448.75000000001,18275.0,35173.75000000001,5
1781,1246,70,135,0,135,130,5,0,60,60,0,60,195,55,32360.130000000005,17425.0,14935.130000000005,5
1782,1246,75,135,0,135,105,30,0,65,65,0,65,175,60,36258.75000000001,17850.0,18408.750000000007,5
1783,1246,75,150,0,150,150,0,0,45,45,0,45,220,25,12805.920000000002,19125.0,-6319.079999999999,5
1784,1246,40,170,0,170,155,0,15,35,35,0,30,190,20,13422.87,17850.0,-4427.129999999999,5
1785,1246,85,145,0,145,130,15,0,35,35,0,35,210,45,30730.14,19550.0,11180.140000000001,5
1786,1246,40,190,0,190,170,0,20,35,35,0,35,205,25,16170.210000000005,19550.0,-3379.789999999996,5
1787,1246,60,155,0,155,150,5,0,50,50,0,50,205,50,32645.835,18275.0,14370.834999999997,5
1788,1246,50,180,0,180,150,10,20,40,40,0,40,195,20,11073.600000000002,19550.0,-8476.399999999998,5
1789,1246,105,130,0,130,120,0,10,75,75,0,70,220,45,24010.02,19975.0,4035.0199999999995,5
1790,1246,20,195,0,195,160,20,15,20,20,0,15,175,25,17677.125000000007,18275.0,-597.8749999999945,5
1791,1246,70,155,0,155,150,5,0,35,35,0,35,215,35,27171.6525,19125.0,8046.6525,5
1792,1246,35,170,0,170,165,5,0,30,30,0,30,195,35,23981.58,17425.0,6556.580000000004,5
1793,1246,55,155,0,155,145,0,10,40,40,0,40,195,20,10109.880000000001,17850.0,-7740.119999999999,5
1794,1246,65,145,0,145,120,25,0,40,40,0,40,180,50,33773.58000000001,17850.0,15923.580000000005,5
1795,1246,65,165,0,165,110,25,30,55,55,0,55,170,40,23359.500000000004,19550.0,3809.5000000000027,5
1796,1246,85,145,0,145,125,10,10,50,50,0,45,205,35,27649.215000000004,19550.0,8099.215000000004,5
1797,1246,35,180,0,180,165,0,15,30,30,0,30,195,10,6277.860000000001,18275.0,-11997.14,5
1798,1246,65,165,0,165,165,0,0,30,30,0,30,225,30,20457.585000000003,19550.0,907.5850000000037,5
1799,1246,50,160,0,160,125,20,15,45,45,0,45,170,50,36244.21500000001,17850.0,18394.215000000007,5
1800,1246,110,130,0,130,130,0,0,50,50,0,50,235,35,19596.24,20400.0,-803.7599999999975,5
1801,1246,70,165,0,165,120,20,25,60,60,0,60,185,35,19711.620000000003,19975.0,-263.3799999999974,5
1802,1246,85,145,0,145,140,5,0,55,55,0,55,220,50,30017.610000000004,19550.0,10467.610000000004,5
1803,1246,55,175,0,175,155,0,20,40,40,0,40,205,30,18774.45,19550.0,-775.5499999999984,5
1804,1246,125,140,0,140,135,0,5,30,30,0,30,255,45,33528.45375,22525.0,11003.453749999999,5
1805,1246,70,150,0,150,115,25,10,50,50,0,50,180,65,42106.455,18700.0,23406.455000000005,5
1806,1246,85,150,0,150,125,25,0,55,55,0,55,205,20,10536.12,19975.0,-9438.88,5
1807,1246,55,170,0,170,170,0,0,20,20,0,20,220,20,11593.980000000001,19125.0,-7531.019999999999,5
1808,1246,50,165,0,165,155,10,0,45,45,0,45,200,35,19009.260000000002,18275.0,734.2600000000016,5
1809,1246,45,165,0,165,155,0,10,40,40,0,40,195,20,9732.960000000001,17850.0,-8117.039999999998,5
1810,1246,50,175,0,175,135,10,30,45,45,0,45,180,60,41075.79750000001,19125.0,21950.797500000008,5
1811,1246,70,160,0,160,130,30,0,45,45,0,45,195,65,44187.23250000001,19550.0,24637.23250000001,5
1812,1246,60,160,0,160,140,0,20,40,40,0,40,195,55,32524.110000000004,18700.0,13824.110000000004,5
1813,1246,65,165,0,165,135,30,0,35,35,0,35,195,60,46804.41562500001,19550.0,27254.41562500001,5
1814,1246,30,195,0,195,185,0,10,25,25,0,25,210,10,5229.000000000001,19125.0,-13896.0,5
1815,1246,65,155,0,155,140,0,15,50,50,0,45,200,15,8341.2,18700.0,-10358.8,5
1816,1246,100,160,0,160,140,15,5,30,30,0,30,235,10,5180.76,22100.0,-16919.239999999998,5
1817,1246,45,180,0,180,155,5,20,20,20,0,20,195,20,11885.580000000002,19125.0,-7239.419999999998,5
1818,1246,80,155,0,155,140,15,0,55,55,0,55,215,50,34101.90000000001,19975.0,14126.900000000005,5
1819,1246,80,145,0,145,120,20,5,65,65,0,60,195,40,20769.480000000003,19125.0,1644.4800000000032,5
1820,1246,100,160,0,160,155,0,5,30,30,0,30,250,5,2247.48,22100.0,-19852.52,5
1821,1246,40,165,0,165,145,5,15,30,30,0,30,180,60,43286.175,17425.0,25861.175000000003,5
1822,1246,70,145,0,145,145,0,0,45,45,0,45,210,10,5386.68,18275.0,-12888.32,5
1823,1246,80,165,0,165,165,0,0,30,30,0,30,240,5,2672.28,20825.0,-18152.72,5
1824,1246,75,155,0,155,155,0,0,35,35,0,35,225,20,15431.625000000002,19550.0,-4118.374999999998,5
1825,1246,95,145,0,145,135,0,10,70,70,0,70,225,65,37035.81000000001,20400.0,16635.810000000012,5
1826,1246,70,155,0,155,140,15,0,30,30,0,30,205,35,27995.58,19125.0,8870.58,5
1827,1246,35,165,0,165,160,5,0,25,25,0,25,190,45,31268.182500000003,17000.0,14268.182500000003,5
1828,1246,70,155,0,155,140,10,5,60,60,0,60,205,30,15713.64,19125.0,-3411.3599999999997,5
1829,1246,155,110,0,110,110,0,0,45,45,0,45,260,55,35608.23000000001,22525.0,13083.230000000007,5
1830,1246,90,130,0,130,130,0,0,45,45,0,45,215,45,27350.280000000006,18700.0,8650.280000000006,5
1831,1246,70,180,0,180,160,0,20,35,35,0,30,225,20,11498.580000000002,21250.0,-9751.419999999998,5
1832,1246,40,180,0,180,165,15,0,35,35,0,35,200,25,17307.36,18700.0,-1392.639999999999,5
1833,1246,130,130,0,130,130,0,0,35,35,0,35,255,45,31506.705000000005,22100.0,9406.705000000005,5
1834,1246,95,145,0,145,140,0,5,50,50,0,50,230,55,35655.93000000001,20400.0,15255.930000000008,5
1835,1246,110,145,0,145,120,25,0,50,50,0,50,225,30,16249.500000000004,21675.0,-5425.499999999997,5
1836,1246,50,180,0,180,120,30,30,45,45,0,45,165,45,26097.48,19550.0,6547.4800000000005,5
1837,1246,115,150,0,150,125,25,0,45,45,0,45,235,30,14871.960000000001,22525.0,-7653.039999999999,5
1838,1246,70,165,0,165,120,5,40,35,35,0,35,185,35,21317.040000000008,19975.0,1342.0400000000063,5
1839,1246,75,150,0,150,150,0,0,45,45,0,45,220,45,26469.360000000008,19125.0,7344.360000000006,5
1840,1246,125,140,0,140,125,0,15,40,40,0,40,245,30,18608.49,22525.0,-3916.5099999999984,5
1841,1246,80,165,0,165,165,0,0,35,35,0,35,240,20,9965.52,20825.0,-10859.48,5
1842,1246,70,150,0,150,145,0,5,45,45,0,45,210,25,18635.985000000004,18700.0,-64.01499999999487,5
1843,1246,50,150,0,150,140,5,5,25,25,0,25,185,55,42059.542499999996,17000.0,25059.542499999996,5
1844,1246,95,125,0,125,110,5,10,40,40,0,40,200,60,44213.32125000001,18700.0,25513.321250000008,5
1845,1246,120,130,0,130,125,0,5,35,35,0,35,240,30,16864.56,21250.0,-4385.439999999999,5
1846,1246,125,130,0,130,130,0,0,45,45,0,45,250,0,0.0,21675.0,-21675.0,5
1847,1246,80,155,0,155,150,5,0,30,30,0,25,225,15,9350.820000000002,19975.0,-10624.179999999998,5
1848,1246,65,180,0,180,95,55,30,60,60,0,60,155,40,19320.840000000004,20825.0,-1504.1599999999971,5
1849,1246,115,135,0,135,125,5,5,35,35,0,35,235,25,14333.940000000002,21250.0,-6916.059999999998,5
1850,1246,110,150,0,150,135,5,10,45,45,0,45,240,25,13755.419999999998,22100.0,-8344.580000000002,5
1851,1246,55,170,0,170,125,20,25,50,50,0,50,175,35,21558.870000000003,19125.0,2433.8700000000017,5
1852,1246,50,195,0,195,165,25,5,35,35,0,35,210,20,10202.04,20825.0,-10622.96,5
1853,1246,60,160,0,160,155,5,0,30,30,0,30,210,20,9986.400000000001,18700.0,-8713.599999999999,5
1854,1246,40,175,0,175,165,0,10,35,35,0,35,200,50,30573.72,18275.0,12298.720000000003,5
1855,1246,65,175,0,175,135,10,30,25,25,0,25,195,30,17253.0,20400.0,-3146.999999999998,5
1856,1246,70,165,0,165,160,0,5,20,20,0,20,225,15,8509.140000000001,19975.0,-11465.859999999997,5
1857,1246,90,130,0,130,115,10,5,55,55,0,50,200,35,21042.720000000005,18700.0,2342.720000000004,5
1858,1246,55,165,0,165,155,0,10,40,40,0,40,205,20,13436.730000000003,18700.0,-5263.269999999998,5
1859,1246,85,140,0,140,140,0,0,40,40,0,40,220,30,19804.185,19125.0,679.185,5
1860,1246,55,170,0,170,170,0,0,25,25,0,20,220,25,15892.29,19125.0,-3232.7099999999996,5
1861,1246,65,160,0,160,85,40,35,65,65,0,60,145,25,15169.500000000004,19125.0,-3955.4999999999973,5
1862,1246,70,160,0,160,160,0,0,40,40,0,40,225,30,21070.485000000004,19550.0,1520.4850000000033,5
1863,1246,65,165,0,165,135,5,25,50,50,0,50,195,40,29227.004999999997,19550.0,9677.005,5
1864,1246,100,155,0,155,155,0,0,30,30,0,30,250,15,8024.040000000001,21675.0,-13650.96,5
1865,1246,75,145,0,145,135,0,10,45,45,0,45,205,15,11107.170000000002,18700.0,-7592.829999999999,5
1866,1246,50,175,0,175,170,0,5,15,15,0,15,215,5,2634.1200000000003,19125.0,-16490.88,5
1867,1246,60,155,0,155,155,0,0,35,35,0,35,210,40,26784.540000000008,18275.0,8509.540000000006,5
1868,1246,85,140,0,140,125,10,5,40,40,0,35,205,85,64824.37875000002,19125.0,45699.37875000002,5
1869,1246,60,155,0,155,150,0,5,45,45,0,45,205,20,10067.04,18275.0,-8207.96,5
1870,1246,80,165,0,165,135,15,15,45,45,0,45,210,40,24752.700000000004,20825.0,3927.7000000000044,5
1871,1246,70,150,0,150,145,0,5,35,35,0,35,210,40,27301.275,18700.0,8601.275000000001,5
1872,1246,60,180,0,180,110,45,25,55,55,0,55,165,35,18899.460000000003,20400.0,-1500.5399999999986,5
1873,1246,50,170,0,170,145,25,0,35,35,0,35,190,10,5180.400000000001,18700.0,-13519.6,5
1874,1246,80,155,0,155,145,5,5,30,30,0,30,220,25,18047.340000000004,19975.0,-1927.6599999999962,5
1875,1246,60,145,0,145,120,5,20,55,55,0,55,175,80,55314.3825,17425.0,37889.3825,5
1876,1246,110,145,0,145,135,0,10,35,35,0,35,240,50,31507.920000000006,21675.0,9832.920000000004,5
1877,1246,60,170,0,170,145,10,15,40,40,0,40,200,50,30346.650000000005,19550.0,10796.650000000005,5
1878,1246,80,145,0,145,145,0,0,45,45,0,45,220,5,2502.36,19125.0,-16622.64,5
1879,1246,55,155,0,155,140,0,15,45,45,0,45,190,65,45755.505000000005,17850.0,27905.505000000005,5
1880,1246,65,165,0,165,155,0,10,20,20,0,20,215,5,2370.6000000000004,19550.0,-17179.4,5
1881,1246,90,145,0,145,145,0,0,50,50,0,50,230,45,27995.85,19975.0,8020.85,5
1882,1246,60,145,0,145,140,0,5,45,45,0,45,195,75,53878.815,17425.0,36453.815,5
1883,1246,65,160,0,160,140,5,15,45,45,0,45,200,30,16713.18,19125.0,-2411.819999999998,5
1884,1246,45,165,0,165,160,0,5,40,40,0,40,200,60,39690.7875,17850.0,21840.787500000002,5
1885,1246,60,145,0,145,145,0,0,40,40,0,40,200,50,30598.56,17425.0,13173.560000000001,5
1886,1246,55,170,0,170,170,0,0,25,25,0,25,220,10,4960.8,19125.0,-14164.2,5
1887,1246,60,160,0,160,160,0,0,20,20,0,20,215,20,11183.940000000002,18700.0,-7516.059999999998,5
1888,1246,110,140,0,140,130,0,10,20,20,0,20,235,15,9855.360000000002,21250.0,-11394.64,5
1889,1246,70,180,0,180,170,0,10,25,25,0,25,235,10,5203.8,21250.0,-16046.199999999999,5
1890,1246,55,150,0,150,130,20,0,40,40,0,40,180,60,44659.513125000005,17425.0,27234.513125000005,5
1891,1246,60,175,0,175,160,5,10,30,30,0,30,215,25,16243.650000000001,19975.0,-3731.3499999999976,5
1892,1246,60,180,0,180,155,0,25,25,25,0,25,210,25,13411.62,20400.0,-6988.379999999999,5
1893,1246,55,175,0,175,125,20,30,45,45,0,45,175,55,34132.41000000001,19550.0,14582.410000000009,5
1894,1246,65,155,0,155,140,0,15,45,45,0,45,200,50,32904.225000000006,18700.0,14204.225000000006,5
1895,1246,55,170,0,170,150,5,15,30,30,0,30,200,25,16251.03,19125.0,-2873.9699999999993,5
1896,1246,35,185,0,185,155,5,25,30,30,0,30,185,35,21630.600000000006,18700.0,2930.600000000004,5
1897,1246,35,185,0,185,160,10,15,30,30,0,30,190,20,13038.21,18700.0,-5661.790000000001,5
1898,1246,80,135,0,135,130,0,5,50,50,0,45,205,60,37405.23750000001,18275.0,19130.237500000007,5
1899,1246,45,175,0,175,135,10,30,35,35,0,35,175,15,7507.080000000001,18700.0,-11192.919999999998,5
1900,1246,50,180,0,180,180,0,0,15,15,0,15,225,5,2282.76,19550.0,-17267.239999999998,5
1901,1246,30,205,0,205,150,30,25,25,25,0,25,175,20,11352.060000000001,19975.0,-8622.939999999999,5
1902,1246,85,130,0,130,130,0,0,55,55,0,55,210,35,18701.82,18275.0,426.82000000000016,5
1903,1246,60,160,0,160,155,0,5,30,30,0,30,210,40,25559.37,18700.0,6859.369999999999,5
1904,1246,120,145,0,145,105,30,10,50,50,0,50,220,45,26268.3,22525.0,3743.2999999999993,5
1905,1246,55,175,0,175,165,5,5,30,30,0,30,215,5,2249.6400000000003,19550.0,-17300.36,5
1906,1246,55,165,0,165,145,15,5,45,45,0,45,195,20,10396.080000000002,18700.0,-8303.919999999998,5
1907,1246,80,165,0,165,135,5,25,50,50,0,50,210,40,21950.82,20825.0,1125.8199999999988,5
1908,1246,50,170,0,170,150,0,20,40,40,0,35,195,10,5136.4800000000005,18700.0,-13563.519999999999,5
1909,1246,65,180,0,180,170,0,10,25,25,0,25,230,15,7499.520000000001,20825.0,-13325.479999999998,5
1910,1246,40,195,0,195,155,5,35,30,30,0,30,190,25,13241.160000000002,19975.0,-6733.839999999998,5
1911,1246,75,160,0,160,160,0,0,35,35,0,35,230,20,9681.480000000001,19975.0,-10293.519999999999,5
1912,1246,55,180,0,180,170,0,10,10,10,0,10,220,30,22941.000000000004,19975.0,2966.0000000000036,5
1913,1246,70,155,0,155,130,0,25,60,60,0,60,195,30,16079.580000000002,19125.0,-3045.419999999999,5
1914,1246,40,170,0,170,160,0,10,20,20,0,20,195,30,19237.950000000004,17850.0,1387.950000000003,5
1915,1246,60,170,0,170,170,0,0,25,25,0,25,225,5,2590.2000000000003,19550.0,-16959.8,5
1916,1246,80,145,0,145,135,5,5,60,60,0,55,210,50,28886.130000000005,19125.0,9761.130000000003,5
1917,1246,55,160,0,160,145,5,10,50,50,0,50,195,35,19230.660000000003,18275.0,955.6600000000026,5
1918,1246,35,185,0,185,170,5,10,15,15,0,15,200,10,5004.72,18700.0,-13695.28,5
1919,1246,75,145,0,145,140,0,5,50,50,0,50,210,35,19044.54,18700.0,344.5400000000018,5
1920,1246,65,160,0,160,145,0,15,45,45,0,45,205,40,27008.190000000002,19125.0,7883.190000000004,5
1921,1246,60,145,0,145,130,0,15,50,50,0,50,185,40,22609.8,17425.0,5184.8,5
1922,1246,80,150,0,150,125,10,15,45,45,0,45,200,15,7211.52,19550.0,-12338.48,5
1923,1246,70,155,0,155,140,15,0,40,40,0,40,205,30,15525.000000000004,19125.0,-3599.9999999999955,5
1924,1246,35,185,0,185,170,0,15,25,25,0,25,200,15,7499.520000000001,18700.0,-11200.479999999998,5
1925,1246,105,140,0,140,120,20,0,55,55,0,55,220,45,27989.190000000002,20825.0,7164.190000000003,5
1926,1246,50,175,0,175,135,25,15,45,45,0,45,180,25,12312.36,19125.0,-6812.639999999999,5
1927,1246,75,175,0,175,145,0,30,30,30,0,30,215,25,12557.520000000002,21250.0,-8692.479999999998,5
1928,1246,85,155,0,155,140,0,15,30,30,0,30,220,30,18397.440000000002,20400.0,-2002.5599999999963,5
1929,1246,60,170,0,170,155,15,0,30,30,0,30,210,10,5384.880000000001,19550.0,-14165.119999999999,5
1930,1246,80,155,0,155,150,0,5,40,40,0,40,225,35,20897.010000000002,19975.0,922.0100000000002,5
1931,1246,55,150,0,150,150,0,0,30,30,0,30,200,0,0.0,17425.0,-17425.0,5
1932,1246,95,130,0,130,120,5,5,60,60,0,60,210,40,22174.38,19125.0,3049.380000000001,5
1933,1246,55,165,0,165,120,20,25,40,40,0,40,170,30,17294.4,18700.0,-1405.5999999999972,5
1934,1246,70,180,0,180,160,0,20,15,15,0,15,225,5,2590.2000000000003,21250.0,-18659.8,5
1935,1246,45,180,0,180,125,30,25,45,45,0,40,165,25,14553.180000000002,19125.0,-4571.819999999998,5
1936,1246,100,140,0,140,140,0,0,50,50,0,50,235,45,26055.72,20400.0,5655.720000000001,5
1937,1246,75,145,0,145,140,0,5,35,35,0,35,210,30,15584.580000000002,18700.0,-3115.419999999999,5
1938,1246,60,185,0,185,130,35,20,45,45,0,45,185,35,18884.340000000004,20825.0,-1940.659999999998,5
1939,1246,50,170,0,170,145,5,20,45,45,0,45,190,15,8591.220000000001,18700.0,-10108.779999999999,5
1940,1246,55,165,0,165,125,20,20,45,45,0,45,175,40,23427.630000000005,18700.0,4727.630000000004,5
1941,1246,65,150,0,150,105,20,25,60,60,0,60,165,75,46388.34000000001,18275.0,28113.340000000007,5
1942,1246,75,140,0,140,140,0,0,55,55,0,55,210,65,45091.125000000015,18275.0,26816.12500000001,5
1943,1246,60,155,0,155,140,0,15,30,30,0,25,195,60,45506.784375,18275.0,27231.784375000007,5
1944,1246,60,165,0,165,160,0,5,40,40,0,40,215,20,9738.36,19125.0,-9386.64,5
1945,1246,85,150,0,150,145,0,5,35,35,0,35,225,25,15437.340000000002,19975.0,-4537.659999999998,5
1946,1246,50,170,0,170,160,5,5,30,30,0,30,205,10,6541.380000000001,18700.0,-12158.619999999999,5
1947,1246,125,130,0,130,130,0,0,40,40,0,40,250,35,20439.36,21675.0,-1235.6399999999985,5
1948,1246,85,150,0,150,150,0,0,50,50,0,50,230,40,23313.6,19975.0,3338.5999999999967,5
1949,1246,65,170,0,170,160,10,0,55,55,0,55,220,45,25956.63,19975.0,5981.63,5
1950,1246,90,140,0,140,130,0,10,50,50,0,50,215,60,37001.295,19550.0,17451.295,5
1951,1246,45,180,0,180,170,0,10,30,30,0,30,210,15,8184.960000000001,19125.0,-10940.039999999999,5
1952,1246,55,180,0,180,130,35,15,50,50,0,50,180,55,33518.61,19975.0,13543.609999999999,5
1953,1246,70,150,0,150,100,25,25,50,50,0,50,165,85,60957.13500000001,18700.0,42257.13500000001,5
1954,1246,65,155,0,155,145,10,0,40,40,0,40,205,20,11875.140000000003,18700.0,-6824.859999999997,5
1955,1246,60,160,0,160,135,10,15,45,45,0,45,190,10,4741.200000000001,18700.0,-13958.8,5
1956,1246,80,155,0,155,130,10,15,45,45,0,45,205,50,35335.170000000006,19975.0,15360.170000000007,5
1957,1246,60,160,0,160,130,25,5,55,55,0,55,185,30,15328.800000000001,18700.0,-3371.199999999999,5
1958,1246,70,160,0,160,155,0,5,35,35,0,35,220,35,22257.360000000004,19550.0,2707.3600000000033,5
1959,1246,70,155,0,155,120,35,0,50,50,0,45,185,70,48357.146250000005,19125.0,29232.146250000005,5
1960,1246,115,145,0,145,140,0,5,30,30,0,30,250,10,5004.720000000001,22100.0,-17095.28,5
1961,1246,85,155,0,155,150,5,0,25,25,0,25,230,30,17977.59,20400.0,-2422.41,5
1962,1246,125,120,0,120,105,15,0,50,50,0,50,225,40,24915.420000000006,20825.0,4090.4200000000037,5
1963,1246,40,170,0,170,160,10,0,35,35,0,35,195,20,13403.070000000003,17850.0,-4446.929999999998,5
1964,1246,60,170,0,170,155,0,15,35,35,0,35,210,75,57199.80375000001,19550.0,37649.80375000001,5
1965,1246,70,160,0,160,145,10,5,40,40,0,40,210,35,21028.410000000003,19550.0,1478.4100000000035,5
1966,1246,55,175,0,175,175,0,0,20,20,0,20,225,15,9482.400000000001,19550.0,-10067.599999999999,5
1967,1246,65,175,0,175,130,35,10,60,60,0,60,190,25,12599.640000000001,20400.0,-7800.359999999999,5
1968,1246,35,180,0,180,140,20,20,30,30,0,30,170,10,5355.720000000001,18275.0,-12919.279999999999,5
1969,1246,95,160,0,160,145,0,15,35,35,0,35,235,30,17917.920000000002,21675.0,-3757.0799999999986,5
1970,1246,60,145,0,145,125,10,10,50,50,0,50,180,55,37839.28500000001,17425.0,20414.28500000001,5
1971,1246,55,170,0,170,125,30,15,55,55,0,50,175,40,23185.890000000003,19125.0,4060.890000000004,5
1972,1246,60,150,0,150,145,5,0,50,50,0,50,200,25,12578.04,17850.0,-5271.959999999999,5
1973,1246,55,155,0,155,130,5,20,45,45,0,45,180,45,28289.25,17850.0,10439.250000000002,5
1974,1246,40,205,0,205,145,50,10,30,30,0,30,180,25,13850.820000000002,20825.0,-6974.1799999999985,5
1975,1246,160,140,0,140,140,0,0,25,25,0,25,295,35,24066.81,25500.0,-1433.1899999999996,5
1976,1246,60,170,0,170,155,0,15,30,30,0,25,210,65,48069.314999999995,19550.0,28519.314999999995,5
1977,1246,120,145,0,145,115,0,30,45,45,0,45,230,60,38443.995,22525.0,15918.995000000004,5
1978,1246,85,155,0,155,155,0,0,35,35,0,35,235,20,10472.400000000001,20400.0,-9927.599999999999,5
1979,1246,75,155,0,155,125,25,5,55,55,0,55,195,35,18502.740000000005,19550.0,-1047.2599999999966,5
1980,1246,60,155,0,155,140,15,0,45,45,0,45,195,35,19645.74,18275.0,1370.7400000000007,5
1981,1246,60,170,0,170,155,0,15,20,20,0,20,210,15,11195.010000000002,19550.0,-8354.989999999998,5
1982,1246,95,145,0,145,135,10,0,45,45,0,40,225,15,8069.040000000001,20400.0,-12330.96,5
1983,1246,90,175,0,175,135,0,40,25,25,0,20,220,25,14655.240000000003,22525.0,-7869.759999999997,5
1984,1246,105,145,0,145,130,0,15,60,60,0,60,230,40,21360.420000000006,21250.0,110.42000000000371,5
1985,1246,45,175,0,175,150,15,10,40,40,0,35,190,35,22762.170000000002,18700.0,4062.170000000001,5
1986,1246,135,140,0,140,140,0,0,50,50,0,50,270,10,5224.32,23375.0,-18150.68,5
1987,1246,55,150,0,150,150,0,0,40,40,0,35,200,30,20925.495000000003,17425.0,3500.495000000001,5
1988,1246,80,145,0,145,120,5,20,45,45,0,45,195,45,27487.890000000007,19125.0,8362.890000000007,5
1989,1246,75,165,0,165,145,15,5,50,50,0,50,215,25,12819.240000000002,20400.0,-7580.759999999998,5
1990,1246,150,115,0,115,115,0,0,45,45,0,45,260,30,17823.96,22525.0,-4701.040000000001,5
1991,1246,70,160,0,160,145,0,15,55,55,0,55,210,30,17066.160000000003,19550.0,-2483.839999999998,5
1992,1246,80,155,0,155,150,0,5,40,40,0,40,225,35,17851.68,19975.0,-2123.319999999999,5
1993,1246,60,160,0,160,145,10,5,55,55,0,55,200,30,16803.9,18700.0,-1896.0999999999967,5
1994,1246,60,150,0,150,145,0,5,50,50,0,50,200,50,27256.499999999996,17850.0,9406.499999999996,5
1995,1246,75,150,0,150,140,10,0,40,40,0,40,210,30,17977.140000000003,19125.0,-1147.8599999999983,5
1996,1246,60,180,0,180,180,0,0,30,30,0,30,235,30,16528.86,20400.0,-3871.1400000000003,5
1997,1246,75,160,0,160,160,0,0,40,40,0,40,230,45,28932.435000000005,19975.0,8957.435000000005,5
1998,1246,60,165,0,165,150,5,10,45,45,0,45,205,35,19677.420000000002,19125.0,552.4200000000019,5
1999,1246,60,165,0,165,145,0,20,40,40,0,40,200,30,18321.57,19125.0,-803.4299999999985,5
2000,1246,125,140,0,140,135,0,5,45,45,0,45,255,50,34121.79,22525.0,11596.79,5
2001,1246,100,145,0,145,145,0,0,40,40,0,40,240,40,23078.250000000004,20825.0,2253.2500000000027,5
2002,1246,75,160,0,160,160,0,0,50,50,0,50,230,30,16946.100000000002,19975.0,-3028.8999999999987,5
2003,1246,50,175,0,175,175,0,0,30,30,0,30,220,20,10940.58,19125.0,-8184.42,5
2004,1246,80,145,0,145,140,5,0,40,40,0,40,215,40,23311.08,19125.0,4186.080000000002,5
2005,1246,70,160,0,160,150,0,10,40,40,0,40,215,40,25796.43,19550.0,6246.43,5
2006,1246,45,170,0,170,150,0,20,35,35,0,35,190,35,23580.81,18275.0,5305.810000000001,5
2007,1246,65,160,0,160,155,0,5,30,30,0,30,215,15,7481.52,19125.0,-11643.48,5
2008,1246,50,160,0,160,160,0,0,35,35,0,35,205,40,26782.920000000006,17850.0,8932.920000000004,5
2009,1246,60,165,0,165,150,10,5,45,45,0,45,205,40,24197.31,19125.0,5072.310000000002,5
2010,1246,50,170,0,170,170,0,0,35,35,0,35,215,15,7906.320000000001,18700.0,-10793.68,5
2011,1246,100,145,0,145,135,0,10,35,35,0,35,230,45,29543.13,20825.0,8718.130000000001,5
2012,1246,90,150,0,150,150,0,0,45,45,0,45,235,45,26084.160000000007,20400.0,5684.160000000006,5
2013,1246,45,180,0,180,165,0,15,30,30,0,30,205,15,7745.4000000000015,19125.0,-11379.599999999999,5
2014,1246,80,160,0,160,155,0,5,30,30,0,30,230,15,7635.2400000000025,20400.0,-12764.759999999997,5
2015,1246,60,150,0,150,145,0,5,35,35,0,35,200,30,16485.66,17850.0,-1364.3399999999997,5
2016,1246,50,180,0,180,125,30,25,40,40,0,40,170,20,10426.32,19550.0,-9123.68,5
2017,1246,60,170,0,170,100,40,30,40,40,0,40,155,60,39561.66000000001,19550.0,20011.66000000001,5
2018,1246,115,145,0,145,135,0,10,60,60,0,60,245,25,12943.800000000001,22100.0,-9156.199999999999,5
2019,1246,70,165,0,165,160,0,5,50,50,0,50,225,20,10735.2,19975.0,-9239.8,5
2020,1246,95,165,0,165,140,15,10,40,40,0,40,230,45,30532.320000000003,22100.0,8432.320000000003,5
2021,1246,55,180,0,180,175,0,5,25,25,0,25,225,20,10323.36,19975.0,-9651.64,5
2022,1246,70,160,0,160,155,0,5,60,60,0,60,220,45,23597.460000000006,19550.0,4047.4600000000055,5
2023,1246,70,165,0,165,160,0,5,20,20,0,20,225,35,25118.280000000006,19975.0,5143.280000000004,5
2024,1246,40,175,0,175,145,15,15,35,35,0,35,180,5,2634.1200000000003,18275.0,-15640.88,5
2025,1246,85,150,0,150,140,0,10,40,40,0,40,220,40,25044.570000000003,19975.0,5069.570000000003,5
2026,1246,50,180,0,180,120,30,30,45,45,0,45,165,30,15628.680000000002,19550.0,-3921.3199999999983,5
2027,1246,70,165,0,165,155,0,10,35,35,0,35,220,35,18739.980000000003,19975.0,-1235.0199999999973,5
2028,1246,50,175,0,175,165,0,10,45,45,0,40,210,25,12819.24,19125.0,-6305.76,5
2029,1246,110,145,0,145,120,10,15,60,60,0,60,225,60,38209.815,21675.0,16534.815000000002,5
2030,1246,145,130,0,130,125,0,5,40,40,0,40,265,25,13682.700000000003,23375.0,-9692.299999999997,5
2031,1246,85,160,0,160,145,5,10,30,30,0,30,225,35,26573.062500000007,20825.0,5748.0625000000055,5
2032,1246,80,145,0,145,120,10,15,60,60,0,55,195,50,29045.520000000004,19125.0,9920.520000000006,5
2033,1246,50,180,0,180,130,35,15,35,35,0,35,175,30,20297.295000000002,19550.0,747.2950000000014,5
2034,1246,60,160,0,160,155,0,5,35,35,0,35,210,15,8030.880000000001,18700.0,-10669.119999999999,5
2035,1246,55,175,0,175,135,15,25,50,50,0,50,185,45,25529.940000000002,19550.0,5979.940000000001,5
2036,1246,55,185,0,185,165,20,0,25,25,0,25,215,15,7512.840000000001,20400.0,-12887.16,5
2037,1246,100,150,0,150,135,0,15,45,45,0,45,230,45,31463.19,21250.0,10213.189999999999,5
2038,1246,55,180,0,180,155,0,25,35,35,0,35,205,25,16002.09,19975.0,-3972.9099999999994,5
2039,1246,90,155,0,155,125,10,20,50,50,0,50,210,20,10064.52,20825.0,-10760.48,5
2040,1246,120,150,0,150,130,15,5,35,35,0,35,245,35,23329.665,22950.0,379.66499999999996,5
2041,1246,55,155,0,155,130,20,5,45,45,0,45,180,55,37231.83,17850.0,19381.83,5
2042,1246,65,170,0,170,110,40,20,60,60,0,55,170,40,22725.000000000004,19975.0,2750.0000000000045,5
2043,1246,130,140,0,140,120,20,0,40,40,0,40,245,20,15738.705000000002,22950.0,-7211.294999999998,5
2044,1246,85,150,0,150,150,0,0,45,45,0,45,230,15,7700.040000000001,19975.0,-12274.96,5
2045,1246,75,170,0,170,150,0,20,45,45,0,45,220,30,16811.820000000003,20825.0,-4013.1799999999976,5
2046,1246,90,165,0,165,150,0,15,40,40,0,40,235,15,7514.640000000001,21675.0,-14160.359999999999,5
2047,1246,35,210,0,210,155,20,35,25,25,0,25,185,15,8938.260000000002,20825.0,-11886.74,5
2048,1246,50,180,0,180,120,35,25,45,45,0,45,165,45,23820.660000000003,19550.0,4270.660000000003,5
2049,1246,55,180,0,180,175,0,5,35,35,0,35,225,30,16326.720000000003,19975.0,-3648.2799999999975,5
2050,1246,65,175,0,175,155,0,20,35,35,0,30,215,30,16332.66,20400.0,-4067.3399999999992,5
2051,1246,65,165,0,165,140,0,25,35,35,0,35,200,15,8107.920000000002,19550.0,-11442.079999999998,5
2052,1246,80,165,0,165,125,20,20,45,45,0,45,200,30,17924.4,20825.0,-2900.599999999997,5
2053,1246,45,170,0,170,150,0,20,35,35,0,35,190,15,7793.640000000001,18275.0,-10481.36,5
2054,1246,95,150,0,150,145,0,5,30,30,0,30,235,20,11070.54,20825.0,-9754.46,5
2055,1246,30,205,0,205,130,35,40,25,25,0,25,155,10,5025.960000000001,19975.0,-14949.04,5
2056,1246,85,160,0,160,140,10,10,35,35,0,35,220,35,19826.460000000003,20825.0,-998.5399999999959,5
2057,1246,50,180,0,180,150,10,20,35,35,0,35,195,40,25572.330000000005,19550.0,6022.330000000006,5
2058,1246,105,150,0,150,145,0,5,40,40,0,40,245,25,12696.840000000002,21675.0,-8978.159999999998,5
2059,1246,55,165,0,165,150,0,15,35,35,0,35,200,25,13499.460000000001,18700.0,-5200.539999999999,5
2060,1246,95,150,0,150,125,20,5,45,45,0,45,215,55,35721.36000000001,20825.0,14896.360000000008,5
2061,1246,110,150,0,150,145,0,5,35,35,0,35,250,25,12258.360000000002,22100.0,-9841.639999999998,5
2062,1246,45,180,0,180,165,10,5,40,40,0,40,205,20,9906.120000000003,19125.0,-9218.879999999997,5
2063,1246,95,130,0,130,120,0,10,40,40,0,40,210,30,22051.980000000003,19125.0,2926.980000000003,5
2064,1246,80,140,0,140,115,10,15,75,75,0,75,190,70,48640.59000000001,18700.0,29940.59000000001,5
2065,1246,85,145,0,145,145,0,0,40,40,0,40,225,10,5399.64,19550.0,-14150.36,5
2066,1246,60,175,0,175,145,0,30,30,30,0,30,200,10,4741.200000000001,19975.0,-15233.8,5
2067,1246,50,165,0,165,160,0,5,40,40,0,40,205,20,10077.48,18275.0,-8197.52,5
2068,1246,70,165,0,165,165,0,0,25,25,0,25,230,25,20458.012500000004,19975.0,483.01250000000437,5
2069,1246,80,150,0,150,150,0,0,35,35,0,35,225,35,25161.772500000003,19550.0,5611.772500000002,5
2070,1246,65,170,0,170,155,5,10,50,50,0,50,215,20,10316.880000000001,19975.0,-9658.119999999999,5
2071,1246,65,165,0,165,140,0,25,60,60,0,60,200,40,22301.460000000003,19550.0,2751.460000000002,5
2072,1246,30,185,0,185,140,25,20,25,25,0,25,165,5,2224.8000000000006,18275.0,-16050.2,5
2073,1246,35,175,0,175,165,10,0,30,30,0,30,195,20,11480.22,17850.0,-6369.780000000001,5
2074,1246,50,170,0,170,165,0,5,30,30,0,25,210,30,17018.280000000002,18700.0,-1681.719999999998,5
2075,1246,80,160,0,160,140,0,20,40,40,0,40,215,50,34095.825,20400.0,13695.825,5
2076,1246,40,175,0,175,155,0,20,35,35,0,35,190,30,17625.96,18275.0,-649.04,5
2077,1246,120,150,0,150,145,0,5,35,35,0,35,260,15,7375.320000000001,22950.0,-15574.679999999998,5
2078,1246,75,165,0,165,165,0,0,40,40,0,40,235,35,21030.479999999996,20400.0,630.4799999999977,5
2079,1246,45,175,0,175,115,35,25,45,45,0,40,155,45,26910.540000000005,18700.0,8210.540000000005,5
2080,1246,75,150,0,150,150,0,0,30,30,0,30,220,35,19987.200000000004,19125.0,862.2000000000025,5
2081,1246,70,160,0,160,155,0,5,30,30,0,30,220,25,14504.220000000001,19550.0,-5045.78,5
2082,1246,80,145,0,145,145,0,0,40,40,0,40,220,60,39824.280000000006,19125.0,20699.280000000006,5
2083,1246,60,190,0,190,120,50,20,55,55,0,55,175,15,7453.800000000001,21250.0,-13796.199999999999,5
2084,1246,65,160,0,160,125,25,10,50,50,0,50,185,65,48244.640625000015,19125.0,29119.64062500001,5
2085,1246,85,155,0,155,150,0,5,35,35,0,35,230,30,17067.780000000002,20400.0,-3332.2199999999975,5
2086,1246,65,170,0,170,140,20,10,30,30,0,30,200,15,8956.62,19975.0,-11018.379999999997,5
2087,1246,85,160,0,160,125,25,10,50,50,0,45,205,30,16283.340000000004,20825.0,-4541.659999999997,5
2088,1246,55,155,0,155,150,0,5,45,45,0,45,200,30,16543.620000000003,17850.0,-1306.3799999999992,5
2089,1246,60,155,0,155,155,0,0,35,35,0,35,210,45,32850.855,18275.0,14575.855000000007,5
2090,1246,95,125,0,125,125,0,0,65,65,0,65,215,65,41490.9,18700.0,22790.9,5
2091,1246,110,140,0,140,140,0,0,45,45,0,45,245,45,27450.630000000005,21250.0,6200.630000000006,5
2092,1246,60,180,0,180,120,35,25,55,55,0,55,175,35,18496.440000000006,20400.0,-1903.5599999999954,5
2093,1246,40,180,0,180,135,30,15,35,35,0,35,170,25,14521.14,18700.0,-4178.86,5
2094,1246,50,175,0,175,130,35,10,45,45,0,45,175,60,40349.812500000015,19125.0,21224.81250000001,5
2095,1246,90,150,0,150,135,10,5,45,45,0,45,220,15,7955.280000000001,20400.0,-12444.72,5
2096,1246,55,170,0,170,150,0,20,35,35,0,35,200,15,7682.76,19125.0,-11442.24,5
2097,1246,65,175,0,175,155,10,10,40,40,0,40,215,15,7419.240000000001,20400.0,-12980.76,5
2098,1246,65,165,0,165,100,30,35,60,60,0,60,160,45,27933.570000000003,19550.0,8383.570000000003,5
2099,1246,100,145,0,145,140,0,5,35,35,0,30,235,35,20363.04,20825.0,-461.9599999999991,5
2100,1246,80,155,0,155,150,0,5,45,45,0,45,225,65,42405.255,19975.0,22430.254999999997,5
2101,1246,60,170,0,170,150,20,0,35,35,0,30,205,20,10316.880000000001,19550.0,-9233.119999999999,5
2102,1246,75,150,0,150,140,5,5,45,45,0,45,210,35,19428.840000000004,19125.0,303.8400000000024,5
2103,1246,65,155,0,155,115,10,30,60,60,0,60,175,65,42382.8,18700.0,23682.800000000007,5
2104,1246,80,145,0,145,135,0,10,40,40,0,40,210,60,37641.87,19125.0,18516.870000000003,5
2105,1246,115,160,0,160,150,0,10,35,35,0,35,260,20,10448.64,23375.0,-12926.36,5
2106,1246,55,185,0,185,145,20,20,50,50,0,50,195,20,10866.24,20400.0,-9533.76,5
2107,1246,60,170,0,170,170,0,0,35,35,0,35,225,15,7690.320000000001,19550.0,-11859.679999999998,5
2108,1246,50,175,0,175,130,10,35,40,40,0,40,175,25,13930.740000000003,19125.0,-5194.259999999997,5
2109,1246,55,165,0,165,155,0,10,35,35,0,35,205,20,11366.820000000003,18700.0,-7333.179999999998,5
2110,1246,85,145,0,145,115,15,15,70,70,0,70,195,50,29263.950000000004,19550.0,9713.950000000004,5
2111,1246,60,145,0,145,130,0,15,40,40,0,35,185,35,30757.06687500001,17425.0,13332.06687500001,5
2112,1246,75,165,0,165,160,5,0,35,35,0,35,230,25,14560.380000000003,20400.0,-5839.619999999997,5
2113,1246,55,165,0,165,140,15,10,45,45,0,45,190,40,23696.910000000003,18700.0,4996.910000000003,5
2114,1246,60,180,0,180,120,40,20,55,55,0,50,175,15,7989.840000000002,20400.0,-12410.159999999998,5
2115,1246,50,170,0,170,170,0,0,35,35,0,35,215,40,23776.290000000005,18700.0,5076.290000000004,5
2116,1246,70,165,0,165,125,5,35,45,45,0,40,190,35,20071.079999999998,19975.0,96.07999999999947,5
2117,1246,75,145,0,145,105,15,25,45,45,0,45,175,55,36264.060000000005,18700.0,17564.060000000005,5
2118,1246,50,180,0,180,125,45,10,40,40,0,40,170,20,10821.420000000002,19550.0,-8728.579999999998,5
2119,1246,75,165,0,165,135,15,15,35,35,0,35,205,20,9745.920000000002,20400.0,-10654.079999999998,5
2120,1246,70,155,0,155,145,5,5,60,60,0,55,210,35,19739.340000000004,19125.0,614.340000000002,5
2121,1246,95,150,0,150,130,10,10,30,30,0,30,220,50,35361.405000000006,20825.0,14536.405000000004,5
2122,1246,60,145,0,145,115,5,25,50,50,0,50,170,30,16485.480000000003,17425.0,-939.5199999999977,5
2123,1246,105,145,0,145,135,0,10,30,30,0,30,235,45,32135.8725,21250.0,10885.872500000001,5
2124,1246,75,155,0,155,155,0,0,40,40,0,40,225,15,7199.64,19550.0,-12350.36,5
2125,1246,85,155,0,155,150,0,5,35,35,0,35,230,40,23840.190000000006,20400.0,3440.190000000007,5
2126,1246,90,150,0,150,150,0,0,25,25,0,25,235,25,15963.480000000001,20400.0,-4436.519999999999,5
2127,1246,80,145,0,145,120,15,10,50,50,0,45,195,40,26027.82,19125.0,6902.8200000000015,5
2128,1246,80,160,0,160,155,0,5,35,35,0,35,230,15,7594.920000000001,20400.0,-12805.079999999998,5
2129,1246,70,160,0,160,135,0,25,40,40,0,35,200,25,13876.2,19550.0,-5673.799999999999,5
2130,1246,50,165,0,165,160,0,5,35,35,0,30,205,40,24868.71,18275.0,6593.710000000001,5
2131,1246,55,180,0,180,175,0,5,40,40,0,40,225,40,20984.4,19975.0,1009.4000000000005,5
2132,1246,70,155,0,155,140,0,15,45,45,0,45,205,25,14139.180000000004,19125.0,-4985.819999999996,5
2133,1246,115,135,0,135,130,0,5,40,40,0,40,240,30,16228.62,21250.0,-5021.379999999999,5
2134,1246,65,180,0,180,150,0,30,30,30,0,30,210,20,10493.280000000002,20825.0,-10331.719999999998,5
2135,1246,120,150,0,150,140,0,10,30,30,0,30,255,25,17086.32,22950.0,-5863.679999999999,5
2136,1246,60,165,0,165,155,0,10,50,50,0,45,210,35,18928.980000000003,19125.0,-196.01999999999862,5
2137,1246,75,165,0,165,120,45,0,60,60,0,60,190,40,22195.620000000003,20400.0,1795.6200000000035,5
2138,1246,65,150,0,150,120,20,10,60,60,0,60,180,45,28452.690000000006,18275.0,10177.690000000006,5
2139,1246,55,165,0,165,145,0,20,45,45,0,45,195,20,11038.500000000002,18700.0,-7661.499999999998,5
2140,1246,110,140,0,140,135,0,5,45,45,0,45,240,15,7435.800000000001,21250.0,-13814.199999999999,5
2141,1246,85,155,0,155,155,0,0,20,20,0,20,235,20,13945.410000000002,20400.0,-6454.589999999998,5
2142,1246,70,170,0,170,145,5,20,55,55,0,50,210,35,19957.5,20400.0,-442.5,5
2143,1246,50,170,0,170,145,0,25,35,35,0,35,190,15,8911.980000000001,18700.0,-9788.019999999999,5
2144,1246,40,190,0,190,150,30,10,35,35,0,35,185,30,18263.160000000003,19550.0,-1286.8399999999974,5
2145,1246,65,180,0,180,155,20,5,15,15,0,15,215,5,2326.6800000000003,20825.0,-18498.32,5
2146,1246,65,175,0,175,160,0,15,25,25,0,20,220,10,6475.5,20400.0,-13924.5,5
2147,1246,30,190,0,190,155,30,5,25,25,0,25,180,15,7444.080000000002,18700.0,-11255.919999999998,5
2148,1246,80,135,0,135,120,5,10,55,55,0,55,195,70,43433.235,18275.0,25158.235000000004,5
2149,1246,55,150,0,150,145,5,0,35,35,0,35,195,65,42977.835000000014,17425.0,25552.835000000014,5
2150,1246,90,165,0,165,135,25,5,25,25,0,25,220,10,5224.32,21675.0,-16450.68,5
2151,1246,70,170,0,170,170,0,0,35,35,0,35,235,20,9656.640000000001,20400.0,-10743.359999999997,5
2152,1246,40,165,0,165,155,0,10,35,35,0,30,190,25,14005.620000000003,17425.0,-3419.3799999999965,5
2153,1246,80,170,0,170,150,15,5,30,30,0,30,225,5,2724.84,21250.0,-18525.16,5
2154,1246,50,165,0,165,165,0,0,30,30,0,30,210,35,21677.4,18275.0,3402.4000000000024,5
2155,1246,110,150,0,150,135,5,10,35,35,0,35,240,35,21230.370000000003,22100.0,-869.6299999999974,5
2156,1246,100,145,0,145,145,0,0,35,35,0,35,240,10,6409.620000000001,20825.0,-14415.380000000001,5
2157,1246,60,175,0,175,125,35,15,55,55,0,55,180,60,40704.840000000004,19975.0,20729.840000000004,5
2158,1246,70,175,0,175,150,15,10,30,30,0,30,215,10,4872.6,20825.0,-15952.4,5
2159,1246,65,160,0,160,145,15,0,50,50,0,50,205,65,43801.92,19125.0,24676.92,5
2160,1246,70,165,0,165,125,0,40,35,35,0,35,190,40,26387.010000000006,19975.0,6412.010000000005,5
2161,1246,65,150,0,150,110,30,10,50,50,0,50,170,70,45860.715,18275.0,27585.715,5
2162,1246,30,180,0,180,165,10,5,20,20,0,20,190,15,9175.500000000002,17850.0,-8674.499999999998,5
2163,1246,35,170,0,170,150,15,5,30,30,0,30,180,20,10511.280000000002,17425.0,-6913.719999999998,5
2164,1246,50,175,0,175,165,5,5,35,35,0,35,210,30,18929.07,19125.0,-195.92999999999847,5
2165,1246,65,155,0,155,115,20,20,45,45,0,45,175,40,26559.27,18700.0,7859.270000000001,5
2166,1246,65,150,0,150,120,20,10,40,40,0,40,180,15,7423.560000000002,18275.0,-10851.439999999999,5
2167,1246,40,175,0,175,165,5,5,35,35,0,35,200,50,36533.66625000001,18275.0,18258.666250000006,5
2168,1246,100,145,0,145,125,20,0,25,25,0,25,220,25,17374.050000000003,20825.0,-3450.949999999998,5
2169,1246,125,135,0,135,130,0,5,45,45,0,45,250,25,16067.700000000004,22100.0,-6032.299999999996,5
2170,1246,50,155,0,155,140,5,10,40,40,0,40,185,35,19056.060000000005,17425.0,1631.0600000000045,5
2171,1246,55,170,0,170,130,10,30,50,50,0,50,180,30,18033.030000000002,19125.0,-1091.9699999999966,5
2172,1246,45,180,0,180,130,30,20,40,40,0,40,170,20,10645.2,19125.0,-8479.8,5
2173,1246,45,165,0,165,125,40,0,30,30,0,30,165,45,29821.410000000003,17850.0,11971.410000000005,5
2174,1246,45,170,0,170,150,5,15,40,40,0,40,190,30,17045.1,18275.0,-1229.9,5
2175,1246,55,185,0,185,180,0,5,15,15,0,15,230,5,2634.1200000000003,20400.0,-17765.88,5
2176,1246,75,135,0,135,105,20,10,50,50,0,50,175,50,38851.40250000001,17850.0,21001.402500000007,5
2177,1246,45,180,0,180,170,0,10,20,20,0,20,210,10,5227.920000000002,19125.0,-13897.079999999998,5
2178,1246,45,170,0,170,165,0,5,35,35,0,35,205,45,29216.250000000004,18275.0,10941.250000000004,5
2179,1246,65,155,0,155,135,5,15,50,50,0,50,195,90,62483.24250000001,18700.0,43783.24250000001,5
2180,1246,80,160,0,160,85,50,25,75,75,0,75,160,80,48335.130000000005,20400.0,27935.13000000001,5
2181,1246,95,130,0,130,115,5,10,45,45,0,45,205,30,17478.000000000004,19125.0,-1646.999999999996,5
2182,1246,65,160,0,160,120,15,25,55,55,0,55,180,40,21769.56,19125.0,2644.5600000000013,5
2183,1246,75,145,0,145,145,0,0,35,35,0,35,215,45,31874.5125,18700.0,13174.5125,5
2184,1246,75,165,0,165,155,0,10,45,45,0,40,225,30,17589.600000000002,20400.0,-2810.3999999999974,5
2185,1246,80,145,0,145,135,5,5,35,35,0,35,210,45,31618.935,19125.0,12493.935000000001,5
2186,1246,80,155,0,155,140,10,5,40,40,0,40,215,40,22219.56,19975.0,2244.5600000000013,5
2187,1246,65,175,0,175,120,35,20,55,55,0,55,180,40,23617.890000000003,20400.0,3217.890000000002,5
2188,1246,70,130,0,130,115,5,10,40,40,0,35,180,65,46317.33,17000.0,29317.33,5
2189,1246,60,165,0,165,145,0,20,55,55,0,55,200,45,27890.054999999997,19125.0,8765.054999999997,5
2190,1246,70,170,0,170,135,0,35,40,40,0,40,200,30,17599.68,20400.0,-2800.3199999999993,5
2191,1246,55,170,0,170,145,20,5,40,40,0,40,195,25,13855.320000000003,19125.0,-5269.679999999997,5
2192,1246,120,140,0,140,130,0,10,45,45,0,40,245,50,28923.66000000001,22100.0,6823.660000000009,5
2193,1246,80,150,0,150,150,0,0,40,40,0,40,225,50,30439.889999999996,19550.0,10889.889999999996,5
2194,1246,115,110,0,110,110,0,0,50,50,0,50,220,60,40052.67750000002,19125.0,20927.67750000002,5
2195,1246,80,150,0,150,105,45,0,55,55,0,55,180,65,37893.780000000006,19550.0,18343.780000000006,5
2196,1246,65,160,0,160,130,25,5,35,35,0,35,190,15,8911.980000000001,19125.0,-10213.019999999999,5
2197,1246,85,160,0,160,150,0,10,40,40,0,40,230,25,12396.600000000002,20825.0,-8428.399999999998,5
2198,1246,65,185,0,185,150,20,15,35,35,0,35,210,35,19194.66,21250.0,-2055.340000000001,5
2199,1246,100,130,0,130,115,15,0,45,45,0,40,210,40,23578.920000000002,19550.0,4028.920000000003,5
2200,1246,45,200,0,200,135,40,25,40,40,0,40,175,70,48908.59875000001,20825.0,28083.598750000012,5
2201,1246,85,145,0,145,125,0,20,40,40,0,40,205,55,33863.22000000001,19550.0,14313.22000000001,5
2202,1246,50,175,0,175,135,0,40,40,40,0,40,180,40,22674.96,19125.0,3549.960000000001,5
2203,1246,85,145,0,145,125,15,5,55,55,0,55,205,45,25796.340000000004,19550.0,6246.340000000005,5
2204,1246,65,145,0,145,145,0,0,35,35,0,35,205,20,9964.44,17850.0,-7885.5599999999995,5
2205,1246,70,145,0,145,135,5,5,50,50,0,50,200,40,21350.700000000004,18275.0,3075.700000000006,5
2206,1246,65,150,0,150,135,15,0,50,50,0,50,195,35,22702.680000000004,18275.0,4427.680000000005,5
2207,1246,70,160,0,160,150,0,10,35,35,0,35,215,20,11040.120000000003,19550.0,-8509.879999999997,5
2208,1246,30,180,0,180,140,5,35,30,30,0,25,165,65,47634.570000000014,17850.0,29784.570000000014,5
2209,1246,65,160,0,160,145,5,10,50,50,0,45,205,30,16789.86,19125.0,-2335.139999999999,5
2210,1246,50,175,0,175,155,5,15,40,40,0,40,200,20,10514.52,19125.0,-8610.48,5
2211,1246,65,165,0,165,120,35,10,45,45,0,45,180,25,17826.300000000003,19550.0,-1723.6999999999966,5
2212,1246,85,150,0,150,130,5,15,50,50,0,50,210,25,15901.470000000001,19975.0,-4073.5299999999984,5
2213,1246,45,195,0,195,130,35,30,40,40,0,40,170,60,42426.495,20400.0,22026.495000000003,5
2214,1246,75,155,0,155,145,0,10,35,35,0,35,215,25,13784.940000000002,19550.0,-5765.059999999999,5
2215,1246,75,130,0,130,110,10,10,40,40,0,40,180,75,55905.935625,17425.0,38480.935625,5
2216,1246,55,155,0,155,150,0,5,55,55,0,50,200,30,19170.450000000004,17850.0,1320.450000000003,5
2217,1246,130,120,0,120,120,0,0,40,40,0,40,245,20,13542.570000000003,21250.0,-7707.429999999997,5
2218,1246,65,175,0,175,160,15,0,45,45,0,45,220,35,20348.280000000002,20400.0,-51.71999999999798,5
2219,1246,55,160,0,160,140,0,20,35,35,0,35,190,20,11267.820000000002,18275.0,-7007.1799999999985,5
2220,1246,125,140,0,140,135,0,5,45,45,0,45,255,35,25028.325000000004,22525.0,2503.3250000000044,5
2221,1246,95,140,0,140,105,10,25,45,45,0,45,195,30,17209.08,19975.0,-2765.9199999999987,5
2222,1246,105,135,0,135,135,0,0,35,35,0,35,235,30,20030.13,20400.0,-369.8699999999985,5
2223,1246,85,150,0,150,150,0,0,35,35,0,35,230,20,10940.04,19975.0,-9034.96,5
2224,1246,90,155,0,155,150,0,5,30,30,0,30,235,20,11656.620000000003,20825.0,-9168.379999999997,5
2225,1246,60,175,0,175,145,30,0,35,35,0,35,200,25,17221.68,19975.0,-2753.319999999999,5
2226,1246,30,180,0,180,165,0,15,25,25,0,25,190,15,7695.000000000002,17850.0,-10154.999999999998,5
2227,1246,35,200,0,200,175,0,25,25,25,0,25,205,15,8576.460000000003,19975.0,-11398.539999999997,5
2228,1246,70,150,0,150,105,20,25,55,55,0,55,170,50,30627.090000000007,18700.0,11927.090000000007,5
2229,1246,65,160,0,160,125,30,5,60,60,0,60,185,30,17019.54,19125.0,-2105.459999999998,5
2230,1246,80,155,0,155,150,0,5,30,30,0,30,225,15,7814.52,19975.0,-12160.48,5
2231,1246,60,165,0,165,135,10,20,55,55,0,55,190,45,26780.85,19125.0,7655.85,5
2232,1246,55,175,0,175,105,45,25,50,50,0,50,155,35,19141.02,19550.0,-408.9799999999991,5
2233,1246,65,165,0,165,160,0,5,35,35,0,30,220,40,23167.710000000003,19550.0,3617.710000000002,5
2234,1246,45,175,0,175,150,20,5,30,30,0,30,190,55,40296.25125,18700.0,21596.251250000005,5
2235,1246,55,165,0,165,115,20,30,50,50,0,50,165,25,13271.220000000001,18700.0,-5428.779999999999,5
2236,1246,65,170,0,170,145,25,0,50,50,0,50,205,50,30693.195000000007,19975.0,10718.195000000005,5
2237,1246,40,200,0,200,120,40,40,35,35,0,35,155,15,7573.68,20400.0,-12826.32,5
2238,1246,35,185,0,185,145,15,25,30,30,0,30,175,20,11630.7,18700.0,-7069.299999999998,5
2239,1246,65,185,0,185,170,10,5,30,30,0,30,230,10,5268.240000000001,21250.0,-15981.759999999998,5
2240,1246,65,165,0,165,115,50,0,40,40,0,40,175,45,35895.380625000005,19550.0,16345.380625000002,5
2241,1246,60,170,0,170,160,0,10,40,40,0,35,215,30,16418.16,19550.0,-3131.8399999999997,5
2242,1246,70,155,0,155,155,0,0,30,30,0,30,220,20,11712.780000000002,19125.0,-7412.2199999999975,5
2243,1246,60,155,0,155,135,20,0,50,50,0,50,190,55,34892.19,18275.0,16617.190000000006,5
2244,1246,55,170,0,170,150,0,20,40,40,0,40,200,30,15495.48,19125.0,-3629.52,5
2245,1246,65,165,0,165,155,10,0,20,20,0,20,215,25,15641.280000000002,19550.0,-3908.7199999999984,5
2246,1246,35,180,0,180,165,10,5,25,25,0,25,195,35,21242.160000000003,18275.0,2967.1600000000035,5
2247,1246,55,165,0,165,110,20,35,50,50,0,50,160,40,25242.120000000003,18700.0,6542.120000000004,5
2248,1246,70,150,0,150,135,5,10,45,45,0,45,200,40,22664.520000000004,18700.0,3964.5200000000023,5
2249,1246,120,120,0,120,100,15,5,50,50,0,50,215,50,30743.55000000001,20400.0,10343.55000000001,5
2250,1246,80,180,0,180,165,0,15,20,20,0,20,240,10,4916.88,22100.0,-17183.12,5
2251,1246,40,175,0,175,145,0,30,35,35,0,35,180,10,5219.280000000001,18275.0,-13055.72,5
2252,1246,65,160,0,160,150,0,10,50,50,0,50,210,40,23185.08,19125.0,4060.0800000000027,5
2253,1246,55,160,0,160,145,15,0,30,30,0,30,195,35,21456.000000000004,18275.0,3181.0000000000036,5
2254,1246,165,105,0,105,100,0,5,55,55,0,55,260,50,31817.385000000002,22950.0,8867.385000000004,5
2255,1246,65,155,0,155,135,0,20,60,60,0,60,195,55,33129.090000000004,18700.0,14429.09,5
2256,1246,65,155,0,155,135,0,20,50,50,0,50,195,55,33923.07,18700.0,15223.070000000003,5
2257,1246,70,185,0,185,110,50,25,65,65,0,65,175,50,30027.15,21675.0,8352.150000000001,5
2258,1246,55,170,0,170,145,0,25,45,45,0,45,195,25,13916.7,19125.0,-5208.299999999999,5
2259,1246,35,190,0,190,150,0,40,30,30,0,30,180,40,29996.347500000003,19125.0,10871.347500000002,5
2260,1246,65,160,0,160,145,15,0,40,40,0,40,205,20,11608.380000000001,19125.0,-7516.619999999998,5
2261,1246,70,165,0,165,165,0,0,35,35,0,35,230,20,13284.900000000001,19975.0,-6690.099999999998,5
2262,1246,45,165,0,165,125,40,0,35,35,0,35,165,35,23872.320000000003,17850.0,6022.320000000004,5
2263,1246,65,160,0,160,145,0,15,30,30,0,30,205,30,22234.275,19125.0,3109.2750000000024,5
2264,1246,75,155,0,155,120,25,10,55,55,0,55,190,25,13505.400000000001,19550.0,-6044.5999999999985,5
2265,1246,45,195,0,195,135,40,20,35,35,0,35,175,25,13550.760000000002,20400.0,-6849.239999999998,5
2266,1246,80,165,0,165,155,0,10,40,40,0,40,230,15,8955.900000000001,20825.0,-11869.099999999999,5
2267,1246,45,180,0,180,140,25,15,45,45,0,40,180,25,12911.760000000002,19125.0,-6213.239999999998,5
2268,1246,60,155,0,155,150,5,0,30,30,0,30,205,5,2634.1200000000003,18275.0,-15640.88,5
2269,1246,70,160,0,160,140,0,20,25,25,0,25,205,15,7575.120000000002,19550.0,-11974.879999999997,5
2270,1246,85,155,0,155,150,0,5,50,50,0,50,230,25,12840.480000000003,20400.0,-7559.519999999998,5
2271,1246,95,150,0,150,140,0,10,45,45,0,45,230,20,9892.800000000001,20825.0,-10932.199999999997,5
2272,1246,95,125,0,125,125,0,0,40,40,0,35,215,40,24743.700000000004,18700.0,6043.7000000000035,5
2273,1246,60,175,0,175,150,0,25,45,45,0,45,205,15,7463.16,19975.0,-12511.84,5
2274,1246,80,165,0,165,140,25,0,70,70,0,70,215,50,32352.07500000001,20825.0,11527.075000000013,5
2275,1246,70,145,0,145,130,5,10,40,40,0,40,195,50,40707.568125000005,18275.0,22432.568125000005,5
2276,1246,65,160,0,160,100,45,15,50,50,0,50,160,70,51824.66625000001,19125.0,32699.66625000001,5
2277,1246,35,180,0,180,165,0,15,25,25,0,25,195,25,14432.76,18275.0,-3842.2399999999993,5
2278,1246,45,175,0,175,155,15,5,45,45,0,40,195,20,10141.2,18700.0,-8558.8,5
2279,1246,35,185,0,185,185,0,0,30,30,0,30,215,20,10141.2,18700.0,-8558.8,5
2280,1246,100,145,0,145,140,0,5,40,40,0,40,235,25,17007.93,20825.0,-3817.069999999999,5
2281,1246,60,165,0,165,155,10,0,40,40,0,40,210,35,19700.640000000003,19125.0,575.640000000003,5
2282,1246,80,130,0,130,115,15,0,55,55,0,50,190,55,35496.27,17850.0,17646.27,5
2283,1246,65,135,0,135,120,15,0,50,50,0,45,180,75,52832.5875,17000.0,35832.5875,5
2284,1246,45,190,0,190,150,5,35,35,35,0,35,190,25,13960.62,19975.0,-6014.379999999999,5
2285,1246,65,170,0,170,155,0,15,20,20,0,20,215,40,28218.24,19975.0,8243.240000000002,5
2286,1246,60,165,0,165,160,5,0,45,45,0,45,215,20,10126.44,19125.0,-8998.56,5
2287,1246,95,160,0,160,140,5,15,45,45,0,45,230,40,23461.47,21675.0,1786.4699999999993,5
2288,1246,50,170,0,170,140,15,15,45,45,0,45,185,30,19558.260000000002,18700.0,858.2600000000025,5
2289,1246,115,120,0,120,115,0,5,55,55,0,55,225,80,59741.369999999995,19975.0,39766.369999999995,5
2290,1246,50,165,0,165,150,10,5,40,40,0,35,195,25,14242.500000000002,18275.0,-4032.4999999999977,5
2291,1246,65,145,0,145,105,30,10,35,35,0,35,165,65,48142.46250000001,17850.0,30292.46250000001,5
2292,1246,75,170,0,170,145,20,5,35,35,0,30,215,25,12247.200000000003,20825.0,-8577.799999999997,5
2293,1246,75,165,0,165,115,40,10,35,35,0,35,185,25,15490.080000000002,20400.0,-4909.919999999997,5
2294,1246,35,190,0,190,150,20,20,30,30,0,30,180,10,5402.88,19125.0,-13722.119999999999,5
2295,1246,90,160,0,160,160,0,0,30,30,0,30,245,25,14224.140000000003,21250.0,-7025.859999999998,5
2296,1246,90,130,0,130,130,0,0,65,65,0,65,215,55,32684.445000000007,18700.0,13984.445000000005,5
2297,1246,35,175,0,175,160,0,15,30,30,0,30,190,35,21713.58,17850.0,3863.5800000000017,5
2298,1246,95,135,0,135,95,20,20,65,65,0,65,185,30,18833.490000000005,19550.0,-716.5099999999961,5
2299,1246,55,175,0,175,145,20,10,55,55,0,50,195,55,32500.890000000003,19550.0,12950.890000000003,5
2300,1246,50,170,0,170,135,0,35,30,30,0,30,180,25,14948.280000000002,18700.0,-3751.719999999998,5
2301,1246,95,140,0,140,95,15,30,60,60,0,60,185,40,22699.800000000003,19975.0,2724.8000000000047,5
2302,1246,95,145,0,145,130,15,0,55,55,0,55,220,70,48317.130000000005,20400.0,27917.130000000005,5
2303,1246,80,160,0,160,115,15,30,50,50,0,50,190,50,34912.7325,20400.0,14512.732500000002,5
2304,1246,70,165,0,165,145,5,15,40,40,0,40,210,40,22543.2,19975.0,2568.2000000000016,5
2305,1246,80,140,0,140,135,5,0,45,45,0,45,210,55,35591.04000000001,18700.0,16891.040000000008,5
2306,1246,65,180,0,180,160,0,20,25,25,0,25,220,10,4924.080000000002,20825.0,-15900.919999999998,5
2307,1246,55,170,0,170,125,20,25,50,50,0,50,175,35,19625.940000000002,19125.0,500.9400000000028,5
2308,1246,55,175,0,175,165,5,5,45,45,0,45,215,55,40324.91625000001,19550.0,20774.916250000006,5
2309,1246,75,130,0,130,115,15,0,70,70,0,70,185,80,54676.30499999999,17425.0,37251.30499999999,5
2310,1246,90,140,0,140,135,0,5,40,40,0,40,220,25,15463.980000000003,19550.0,-4086.0199999999963,5
2311,1246,80,155,0,155,125,5,25,45,45,0,45,200,30,17746.920000000006,19975.0,-2228.0799999999954,5
2312,1246,60,165,0,165,150,0,15,30,30,0,30,205,45,30022.875,19125.0,10897.875,5
2313,1246,105,135,0,135,115,0,20,45,45,0,45,215,40,26955.540000000005,20400.0,6555.540000000005,5
2314,1246,70,180,0,180,140,5,35,60,60,0,55,205,30,15541.199999999999,21250.0,-5708.800000000001,5
2315,1246,70,145,0,145,130,0,15,50,50,0,50,195,15,7680.600000000002,18275.0,-10594.399999999998,5
2316,1246,120,135,0,135,90,25,20,70,70,0,70,205,50,27607.680000000004,21675.0,5932.680000000005,5
2317,1246,55,165,0,165,135,20,10,45,45,0,45,185,40,26997.930000000008,18700.0,8297.930000000006,5
2318,1246,105,140,0,140,110,5,25,50,50,0,50,210,65,42004.439999999995,20825.0,21179.439999999995,5
2319,1246,65,165,0,165,105,40,20,60,60,0,60,165,30,18756.99,19550.0,-793.009999999997,5
2320,1246,40,180,0,180,125,40,15,40,40,0,35,160,35,25286.445000000003,18700.0,6586.445000000003,5
2321,1246,65,155,0,155,155,0,0,30,30,0,30,215,15,9025.740000000002,18700.0,-9674.259999999998,5
2322,1246,85,150,0,150,150,0,0,40,40,0,40,230,10,5180.400000000001,19975.0,-14794.6,5
2323,1246,80,155,0,155,155,0,0,30,30,0,30,230,10,4829.040000000001,19975.0,-15145.96,5
2324,1246,75,145,0,145,120,20,5,55,55,0,55,190,70,49030.32375000001,18700.0,30330.323750000007,5
2325,1246,90,155,0,155,135,20,0,45,45,0,45,220,25,14235.120000000003,20825.0,-6589.879999999998,5
2326,1246,60,175,0,175,115,60,0,45,45,0,45,170,70,48887.662500000006,19975.0,28912.662500000006,5
2327,1246,55,155,0,155,145,10,0,45,45,0,45,195,55,38200.950000000004,17850.0,20350.950000000004,5
2328,1246,60,175,0,175,150,10,15,35,35,0,35,205,30,16935.66,19975.0,-3039.3399999999997,5
2329,1246,60,175,0,175,110,40,25,50,50,0,50,165,60,41311.68750000001,19975.0,21336.687500000007,5
2330,1246,75,165,0,165,135,0,30,40,40,0,40,205,25,15651.720000000003,20400.0,-4748.279999999997,5
2331,1246,65,175,0,175,130,20,25,40,40,0,40,190,20,10272.960000000003,20400.0,-10127.039999999997,5
2332,1246,50,175,0,175,120,20,35,45,45,0,40,165,50,32976.76500000001,19125.0,13851.76500000001,5
2333,1246,65,165,0,165,160,0,5,30,30,0,30,220,35,20721.600000000002,19550.0,1171.600000000003,5
2334,1246,80,160,0,160,155,0,5,40,40,0,35,230,20,10671.840000000002,20400.0,-9728.159999999998,5
2335,1246,85,155,0,155,150,0,5,30,30,0,30,230,45,30910.635000000002,20400.0,10510.635000000002,5
2336,1246,100,160,0,160,135,0,25,25,25,0,25,230,35,19633.5,22100.0,-2466.4999999999986,5
2337,1246,45,185,0,185,125,15,45,35,35,0,35,165,20,10997.1,19550.0,-8552.9,5
2338,1246,70,160,0,160,155,5,0,35,35,0,35,220,25,12534.120000000003,19550.0,-7015.879999999997,5
2339,1246,40,180,0,180,150,15,15,35,35,0,35,185,20,10033.2,18700.0,-8666.8,5
2340,1246,85,160,0,160,150,0,10,45,45,0,40,230,15,7909.560000000001,20825.0,-12915.439999999999,5
2341,1246,75,165,0,165,140,10,15,40,40,0,40,210,20,11458.26,20400.0,-8941.74,5
2342,1246,40,175,0,175,125,45,5,35,35,0,35,160,25,15284.160000000002,18275.0,-2990.8399999999983,5
2343,1246,80,170,0,170,120,0,50,35,35,0,35,195,25,12336.480000000003,21250.0,-8913.519999999997,5
2344,1246,55,165,0,165,150,15,0,25,25,0,25,200,20,14069.34,18700.0,-4630.66,5
2345,1246,90,155,0,155,95,35,25,65,65,0,65,180,50,32400.225000000006,20825.0,11575.225000000006,5
2346,1246,100,145,0,145,130,0,15,40,40,0,40,225,20,11630.7,20825.0,-9194.3,5
2347,1246,50,180,0,180,160,0,20,25,25,0,20,205,20,9789.84,19550.0,-9760.16,5
2348,1246,55,165,0,165,120,25,20,50,50,0,50,170,25,11802.600000000002,18700.0,-6897.399999999998,5
2349,1246,75,175,0,175,155,10,10,35,35,0,35,225,20,13609.530000000002,21250.0,-7640.4699999999975,5
2350,1246,55,165,0,165,150,0,15,40,40,0,40,200,25,14265.18,18700.0,-4434.82,5
2351,1246,65,150,0,150,125,0,25,45,45,0,45,185,60,37806.075,18275.0,19531.075,5
2352,1246,35,180,0,180,150,0,30,35,35,0,30,180,35,23246.910000000003,18275.0,4971.910000000003,5
2353,1246,80,150,0,150,140,0,10,35,35,0,35,215,65,45017.46,19550.0,25467.46,5
2354,1246,50,165,0,165,120,30,15,45,45,0,45,165,50,32474.700000000004,18275.0,14199.700000000003,5
2355,1246,55,170,0,170,155,0,15,50,50,0,50,205,25,14202.18,19125.0,-4922.82,5
2356,1246,70,165,0,165,150,15,0,30,30,0,30,215,25,17386.65,19975.0,-2588.3500000000004,5
2357,1246,65,145,0,145,135,0,10,45,45,0,45,195,40,20769.300000000003,17850.0,2919.300000000003,5
2358,1246,75,160,0,160,140,5,15,40,40,0,40,210,20,11194.740000000002,19975.0,-8780.259999999998,5
2359,1246,55,160,0,160,125,30,5,50,50,0,50,175,35,17483.04,18275.0,-791.9599999999991,5
2360,1246,35,205,0,205,140,30,35,30,30,0,30,170,20,10411.2,20400.0,-9988.8,5
2361,1246,105,155,0,155,140,0,15,25,25,0,25,240,10,5128.92,22100.0,-16971.079999999998,5
2362,1246,115,130,0,130,130,0,0,35,35,0,35,240,45,30401.820000000007,20825.0,9576.820000000007,5
2363,1246,55,145,0,145,125,5,15,50,50,0,45,175,50,30721.68,17000.0,13721.68,5
2364,1246,65,175,0,175,165,5,5,30,30,0,30,225,10,5224.32,20400.0,-15175.68,5
2365,1246,60,170,0,170,135,5,30,50,50,0,45,190,35,20548.800000000007,19550.0,998.8000000000056,5
2366,1246,75,145,0,145,145,0,0,40,40,0,40,215,25,14026.14,18700.0,-4673.86,5
2367,1246,60,150,0,150,150,0,0,35,35,0,35,205,20,10536.12,17850.0,-7313.879999999999,5
2368,1246,60,160,0,160,140,0,20,55,55,0,55,195,50,32177.430000000004,18700.0,13477.430000000004,5
2369,1246,120,155,0,155,145,0,10,30,30,0,30,260,20,11148.840000000002,23375.0,-12226.159999999998,5
2370,1246,70,155,0,155,130,20,5,60,60,0,55,195,45,29600.010000000006,19125.0,10475.010000000006,5
2371,1246,55,170,0,170,130,25,15,45,45,0,45,180,20,9965.160000000002,19125.0,-9159.839999999998,5
2372,1246,35,190,0,190,160,0,30,20,20,0,20,190,10,5267.880000000001,19125.0,-13857.119999999999,5
2373,1246,40,195,0,195,155,20,20,35,35,0,35,190,30,16450.02,19975.0,-3524.979999999998,5
2374,1246,95,130,0,130,125,0,5,65,65,0,65,215,65,47157.435000000005,19125.0,28032.435000000005,5
2375,1246,55,175,0,175,150,0,25,50,50,0,50,200,40,25995.195000000003,19550.0,6445.195000000003,5
2376,1246,50,160,0,160,140,20,0,35,35,0,35,185,20,13159.89,17850.0,-4690.11,5
2377,1246,115,125,0,125,125,0,0,45,45,0,45,235,55,34464.825000000004,20400.0,14064.825000000004,5
2378,1246,60,165,0,165,120,20,25,55,55,0,55,175,50,32741.235,19125.0,13616.235,5
2379,1246,95,110,0,110,100,5,5,65,65,0,65,190,45,28166.76000000001,17425.0,10741.76000000001,5
2380,1246,45,195,0,195,160,10,25,35,35,0,30,200,15,7594.920000000001,20400.0,-12805.079999999998,5
2381,1246,60,180,0,180,135,15,30,40,40,0,40,190,50,30109.140000000007,20400.0,9709.140000000007,5
2382,1246,40,185,0,185,135,15,35,40,40,0,35,170,30,17366.22,19125.0,-1758.7799999999993,5
2383,1246,65,145,0,145,145,0,0,45,45,0,45,205,35,19293.300000000003,17850.0,1443.3000000000015,5
2384,1246,85,150,0,150,125,10,15,50,50,0,50,205,40,25080.390000000007,19975.0,5105.390000000007,5
2385,1246,70,155,0,155,150,0,5,40,40,0,40,215,20,11524.68,19125.0,-7600.32,5
2386,1246,105,150,0,150,125,0,25,45,45,0,45,225,40,20510.820000000003,21675.0,-1164.1799999999967,5
2387,1246,90,155,0,155,150,0,5,40,40,0,40,235,30,19964.475000000002,20825.0,-860.5249999999978,5
2388,1246,85,145,0,145,120,0,25,50,50,0,45,200,45,26470.89,19550.0,6920.889999999999,5
2389,1246,80,180,0,180,120,25,35,25,25,0,25,195,15,7989.840000000002,22100.0,-14110.159999999998,5
2390,1246,55,160,0,160,110,25,25,50,50,0,50,160,45,30450.870000000003,18275.0,12175.870000000004,5
2391,1246,75,155,0,155,150,0,5,35,35,0,35,220,20,9870.120000000003,19550.0,-9679.879999999997,5
2392,1246,90,150,0,150,145,0,5,50,50,0,50,230,55,36043.200000000004,20400.0,15643.2,5
2393,1246,70,165,0,165,150,15,0,25,25,0,25,215,15,7638.84,19975.0,-12336.16,5
2394,1246,50,165,0,165,165,0,0,30,30,0,30,210,20,11730.780000000002,18275.0,-6544.2199999999975,5
2395,1246,55,170,0,170,140,5,25,50,50,0,50,190,85,63194.94,19125.0,44069.94,5
2396,1246,75,135,0,135,135,0,0,45,45,0,45,205,40,22930.200000000004,17850.0,5080.200000000004,5
2397,1246,60,190,0,190,95,60,35,45,45,0,45,150,15,7724.880000000002,21250.0,-13525.119999999997,5
2398,1246,75,150,0,150,150,0,0,35,35,0,35,220,20,11179.080000000002,19125.0,-7945.919999999998,5
2399,1246,50,170,0,170,135,10,25,45,45,0,45,180,35,21695.220000000005,18700.0,2995.220000000004,5
2400,1246,140,105,0,105,105,0,0,50,50,0,50,240,45,25694.100000000006,20825.0,4869.100000000008,5
2401,1246,85,140,0,140,135,0,5,40,40,0,35,215,20,13378.95,19125.0,-5746.05,5
2402,1246,55,165,0,165,150,0,15,30,30,0,30,200,40,25654.410000000003,18700.0,6954.410000000003,5
2403,1246,80,150,0,150,135,5,10,55,55,0,55,210,55,32354.55000000001,19550.0,12804.550000000008,5
2404,1246,65,155,0,155,125,0,30,60,60,0,60,185,35,17285.04,18700.0,-1414.9599999999987,5
2405,1246,65,160,0,160,160,0,0,30,30,0,30,220,10,5004.72,19125.0,-14120.28,5
2406,1246,75,145,0,145,145,0,0,55,55,0,55,215,65,40370.4,18700.0,21670.400000000005,5
2407,1246,150,125,0,125,125,0,0,30,30,0,30,270,10,5319.360000000001,23375.0,-18055.64,5
2408,1246,80,155,0,155,145,0,10,45,45,0,45,220,30,17082.54,19975.0,-2892.4599999999987,5
2409,1246,75,155,0,155,145,10,0,45,45,0,45,215,35,23945.760000000002,19550.0,4395.76,5
2410,1246,50,165,0,165,145,0,20,40,40,0,40,190,5,2546.28,18275.0,-15728.720000000001,5
2411,1246,55,160,0,160,155,0,5,45,45,0,45,205,30,17933.760000000002,18275.0,-341.23999999999796,5
2412,1246,60,165,0,165,150,10,5,35,35,0,35,205,10,5374.080000000002,19125.0,-13750.919999999998,5
2413,1246,45,200,0,200,115,50,35,40,40,0,40,155,50,29600.370000000003,20825.0,8775.370000000003,5
2414,1246,100,135,0,135,135,0,0,35,35,0,35,230,5,2634.1200000000003,19975.0,-17340.88,5
2415,1246,65,165,0,165,165,0,0,30,30,0,30,225,10,5176.4400000000005,19550.0,-14373.56,5
2416,1246,80,160,0,160,150,0,10,20,20,0,20,225,25,16202.880000000005,20400.0,-4197.119999999995,5
2417,1246,60,175,0,175,150,0,25,25,25,0,25,205,20,11162.700000000003,19975.0,-8812.299999999997,5
2418,1246,95,135,0,135,135,0,0,35,35,0,35,225,70,52570.8646875,19550.0,33020.8646875,5
2419,1246,60,175,0,175,155,20,0,15,15,0,15,210,5,3021.4800000000005,19975.0,-16953.519999999997,5
2420,1246,45,180,0,180,145,10,25,40,40,0,40,185,40,23688.810000000005,19125.0,4563.810000000003,5
2421,1246,45,180,0,180,150,5,25,40,40,0,40,190,25,13824.900000000001,19125.0,-5300.099999999998,5
2422,1246,55,170,0,170,160,0,10,30,30,0,30,210,5,3026.1600000000003,19125.0,-16098.84,5
2423,1246,35,195,0,195,190,0,5,25,25,0,25,220,20,11127.420000000002,19550.0,-8422.579999999998,5
2424,1246,45,185,0,185,130,35,20,45,45,0,40,170,30,18176.4,19550.0,-1373.599999999999,5
2425,1246,80,140,0,140,120,0,20,50,50,0,50,195,60,40477.455,18700.0,21777.455000000005,5
2426,1246,50,185,0,185,115,45,25,45,45,0,45,160,15,8846.1,19975.0,-11128.899999999998,5
2427,1246,60,155,0,155,150,0,5,30,30,0,30,205,30,18287.280000000002,18275.0,12.280000000002929,5
2428,1246,90,150,0,150,115,0,35,45,45,0,45,200,50,30395.339999999997,20400.0,9995.339999999997,5
2429,1246,55,165,0,165,165,0,0,45,45,0,45,215,30,16397.1,18700.0,-2302.8999999999996,5
2430,1246,65,140,0,140,125,10,5,40,40,0,40,185,25,13998.420000000004,17425.0,-3426.5799999999967,5
2431,1246,70,165,0,165,155,0,10,40,40,0,40,220,45,28507.05000000001,19975.0,8532.050000000008,5
2432,1246,45,190,0,190,120,50,20,40,40,0,40,160,10,4653.360000000001,19975.0,-15321.64,5
2433,1246,40,185,0,185,140,25,20,30,30,0,30,175,10,4658.76,19125.0,-14466.24,5
2434,1246,25,200,0,200,145,25,30,25,25,0,20,165,50,36011.7225,19125.0,16886.722500000003,5
2435,1246,50,195,0,195,105,60,30,50,50,0,45,150,10,4939.56,20825.0,-15885.439999999999,5
2436,1246,45,165,0,165,160,0,5,35,35,0,35,200,35,22362.210000000006,17850.0,4512.210000000005,5
2437,1246,50,175,0,175,120,45,10,45,45,0,45,165,15,9154.26,19125.0,-9970.74,5
2438,1246,85,165,0,165,130,35,0,45,45,0,45,210,25,15881.309999999998,21250.0,-5368.690000000001,5
2439,1246,75,175,0,175,170,0,5,40,40,0,40,240,30,16723.260000000002,21250.0,-4526.739999999998,5
2440,1246,90,135,0,135,125,10,0,60,60,0,55,210,40,27338.22,19125.0,8213.220000000001,5
2441,1246,85,145,0,145,140,0,5,35,35,0,35,220,35,20161.080000000005,19550.0,611.080000000004,5
2442,1246,70,155,0,155,85,35,35,60,60,0,60,150,45,25914.510000000002,19125.0,6789.51,5
2443,1246,60,175,0,175,175,0,0,25,25,0,25,230,10,5208.84,19975.0,-14766.16,5
2444,1246,70,170,0,170,130,0,40,40,40,0,40,195,25,13099.32,20400.0,-7300.68,5
2445,1246,80,150,0,150,120,30,0,45,45,0,45,195,40,24738.660000000003,19550.0,5188.660000000004,5
2446,1246,60,170,0,170,110,40,20,55,55,0,55,165,30,16462.980000000003,19550.0,-3087.0199999999954,5
2447,1246,65,165,0,165,130,30,5,45,45,0,45,190,30,19981.710000000003,19550.0,431.71000000000276,5
2448,1246,65,150,0,150,125,0,25,40,40,0,40,185,40,25763.130000000005,18275.0,7488.130000000006,5
2449,1246,115,140,0,140,115,0,25,40,40,0,40,225,40,31688.69625,21675.0,10013.696250000003,5
2450,1246,65,175,0,175,165,0,10,40,40,0,40,225,45,25117.380000000005,20400.0,4717.380000000003,5
2451,1246,60,155,0,155,135,0,20,60,60,0,55,190,50,29769.570000000003,18275.0,11494.570000000003,5
2452,1246,70,180,0,180,155,15,10,25,25,0,25,220,10,5094.360000000001,21250.0,-16155.64,5
2453,1246,60,160,0,160,160,0,0,35,35,0,35,215,20,11743.380000000001,18700.0,-6956.619999999998,5
2454,1246,80,145,0,145,120,15,10,65,65,0,60,195,50,26251.559999999998,19125.0,7126.5599999999995,5
2455,1246,60,145,0,145,130,0,15,50,50,0,50,185,45,28024.47,17425.0,10599.470000000001,5
2456,1246,50,195,0,195,155,20,20,45,45,0,45,200,20,10268.280000000002,20825.0,-10556.719999999998,5
2457,1246,70,165,0,165,90,45,30,65,65,0,65,155,65,36326.520000000004,19975.0,16351.520000000004,5
2458,1246,70,165,0,165,160,0,5,30,30,0,30,225,20,10693.62,19975.0,-9281.38,5
2459,1246,65,185,0,185,175,5,5,20,20,0,20,235,5,2546.28,21250.0,-18703.72,5
2460,1246,75,170,0,170,145,15,10,30,30,0,30,215,35,21904.29,20825.0,1079.2900000000009,5
2461,1246,50,165,0,165,155,0,10,40,40,0,40,200,30,17472.420000000002,18275.0,-802.5799999999981,5
2462,1246,45,175,0,175,110,30,35,40,40,0,40,150,30,14937.120000000004,18700.0,-3762.8799999999956,5
2463,1246,60,175,0,175,130,40,5,50,50,0,45,185,25,12179.160000000003,19975.0,-7795.8399999999965,5
2464,1246,70,165,0,165,120,20,25,65,65,0,65,185,80,46027.08,19975.0,26052.080000000005,5
2465,1246,75,155,0,155,125,15,15,60,60,0,60,195,40,28139.2875,19550.0,8589.2875,5
2466,1246,55,165,0,165,115,20,30,35,35,0,35,165,20,10184.400000000003,18700.0,-8515.599999999997,5
2467,1246,75,150,0,150,130,5,15,50,50,0,50,200,65,42443.46000000001,19125.0,23318.460000000006,5
2468,1246,70,165,0,165,105,50,10,55,55,0,55,170,40,22565.340000000004,19975.0,2590.3400000000056,5
2469,1246,70,160,0,160,140,15,5,50,50,0,50,205,40,24462.269999999997,19550.0,4912.269999999999,5
2470,1246,55,185,0,185,140,25,20,50,50,0,50,190,20,11401.74,20400.0,-8998.26,5
2471,1246,125,150,0,150,150,0,0,20,20,0,20,270,10,5092.560000000001,23375.0,-18282.44,5
2472,1246,85,165,0,165,165,0,0,25,25,0,25,245,25,17571.690000000002,21250.0,-3678.309999999999,5
2473,1246,45,160,0,160,110,25,25,35,35,0,35,150,80,66334.3055859375,17425.0,48909.3055859375,5
2474,1246,30,190,0,190,170,0,20,25,25,0,25,195,10,5575.3200000000015,18700.0,-13124.679999999998,5
2475,1246,60,175,0,175,145,0,30,30,30,0,30,200,40,29232.944999999996,19975.0,9257.944999999996,5
2476,1246,60,155,0,155,120,25,10,50,50,0,50,175,60,41464.575000000004,18275.0,23189.575000000004,5
2477,1246,45,180,0,180,135,20,25,40,40,0,35,175,35,20343.24,19125.0,1218.2400000000007,5
2478,1246,55,160,0,160,135,25,0,40,40,0,40,185,60,41295.420000000006,18275.0,23020.420000000006,5
2479,1246,30,195,0,195,125,45,25,30,30,0,25,150,5,2985.120000000001,19125.0,-16139.879999999997,5
2480,1246,70,150,0,150,140,0,10,30,30,0,30,205,20,10185.120000000003,18700.0,-8514.879999999997,5
2481,1246,55,180,0,180,155,5,20,30,30,0,30,205,30,16551.54,19975.0,-3423.4599999999978,5
2482,1246,105,140,0,140,125,0,15,40,40,0,40,225,35,20478.24,20825.0,-346.75999999999704,5
2483,1246,60,165,0,165,155,0,10,35,35,0,35,210,40,24483.24,19125.0,5358.240000000001,5
2484,1246,95,150,0,150,120,30,0,40,40,0,40,210,35,22178.340000000004,20825.0,1353.3400000000029,5
2485,1246,60,170,0,170,135,10,25,55,55,0,55,190,30,18350.19,19550.0,-1199.81,5
2486,1246,75,150,0,150,150,0,0,45,45,0,45,220,25,12834.0,19125.0,-6290.999999999999,5
2487,1246,55,165,0,165,145,15,5,45,45,0,45,195,50,30542.850000000006,18700.0,11842.850000000008,5
2488,1246,75,135,0,135,125,5,5,50,50,0,50,195,55,36365.31,17850.0,18515.309999999998,5
2489,1246,125,125,0,125,110,15,0,55,55,0,50,230,50,32049.90000000001,21250.0,10799.900000000007,5
2490,1246,30,200,0,200,175,0,25,25,25,0,25,200,20,11565.18,19550.0,-7984.82,5
2491,1246,100,145,0,145,130,10,5,45,45,0,45,225,20,10122.120000000003,20825.0,-10702.879999999997,5
2492,1246,125,135,0,135,120,0,15,25,25,0,25,240,25,15333.480000000001,22100.0,-6766.519999999999,5
2493,1246,70,170,0,170,135,35,0,50,50,0,50,200,35,18549.36,20400.0,-1850.6399999999985,5
2494,1246,55,170,0,170,145,25,0,50,50,0,50,195,50,31438.035000000003,19125.0,12313.035000000003,5
2495,1246,40,170,0,170,145,5,20,40,40,0,35,180,10,5575.320000000001,17850.0,-12274.679999999998,5
2496,1246,110,140,0,140,140,0,0,50,50,0,50,245,30,16827.66,21250.0,-4422.339999999999,5
2497,1246,45,195,0,195,145,20,30,30,30,0,30,185,15,7331.4000000000015,20400.0,-13068.599999999999,5
2498,1246,75,135,0,135,130,0,5,40,40,0,40,200,65,52151.36906250001,17850.0,34301.36906250001,5
2499,1246,55,155,0,155,110,35,10,45,45,0,45,160,20,10727.100000000002,17850.0,-7122.899999999998,5
2500,1246,45,190,0,190,100,55,35,40,40,0,40,140,55,44086.727812500016,19975.0,24111.727812500012,5
2501,1246,70,145,0,145,145,0,0,35,35,0,35,210,35,25303.5225,18275.0,7028.522499999999,5
2502,1246,60,140,0,140,120,0,20,55,55,0,55,175,100,71141.74312500001,17000.0,54141.74312500001,5
2503,1246,75,155,0,155,130,20,5,40,40,0,40,200,30,17087.4,19550.0,-2462.5999999999976,5
2504,1246,60,165,0,165,165,0,0,30,30,0,30,220,20,11899.98,19125.0,-7225.0199999999995,5
2505,1246,105,130,0,130,130,0,0,45,45,0,45,230,25,13485.960000000003,19975.0,-6489.039999999997,5
2506,1246,70,160,0,160,150,10,0,40,40,0,40,215,15,7909.560000000001,19550.0,-11640.439999999999,5
2507,1246,55,180,0,180,170,10,0,30,30,0,30,220,10,6277.860000000001,19975.0,-13697.14,5
2508,1246,60,170,0,170,105,40,25,55,55,0,55,160,45,29894.850000000006,19550.0,10344.850000000006,5
2509,1246,50,165,0,165,135,15,15,45,45,0,45,180,25,13637.700000000004,18275.0,-4637.299999999996,5
2510,1246,50,165,0,165,140,0,25,40,40,0,40,185,40,24032.340000000004,18275.0,5757.340000000004,5
2511,1246,60,180,0,180,145,20,15,45,45,0,40,200,50,30219.120000000003,20400.0,9819.120000000003,5
2512,1246,75,160,0,160,130,25,5,45,45,0,45,200,25,14786.100000000002,19975.0,-5188.899999999999,5
2513,1246,160,130,0,130,130,0,0,25,25,0,25,285,5,2634.1200000000003,24650.0,-22015.879999999997,5
2514,1246,55,170,0,170,145,0,25,20,20,0,20,195,15,11917.620000000003,19125.0,-7207.379999999998,5
2515,1246,45,185,0,185,145,10,30,35,35,0,35,185,20,9873.720000000001,19550.0,-9676.279999999999,5
2516,1246,30,190,0,190,160,10,20,25,25,0,25,185,5,2502.36,18700.0,-16197.64,5
2517,1246,60,160,0,160,150,0,10,40,40,0,40,205,25,12080.16,18700.0,-6619.839999999999,5
2518,1246,35,175,0,175,160,10,5,25,25,0,25,190,25,14837.940000000002,17850.0,-3012.0599999999968,5
2519,1246,55,160,0,160,160,0,0,30,30,0,30,210,45,29306.430000000004,18275.0,11031.430000000004,5
2520,1246,115,145,0,145,140,0,5,40,40,0,40,250,35,22549.770000000004,22100.0,449.77000000000317,5
2521,1246,45,190,0,190,135,35,20,40,40,0,40,175,35,18702.540000000005,19975.0,-1272.4599999999964,5
2522,1246,45,190,0,190,145,25,20,30,30,0,30,185,15,8714.34,19975.0,-11260.66,5
2523,1246,65,160,0,160,155,0,5,40,40,0,40,215,45,29973.960000000003,19125.0,10848.960000000003,5
2524,1246,85,155,0,155,115,20,20,60,60,0,55,195,25,12366.720000000003,20400.0,-8033.279999999997,5
2525,1246,50,185,0,185,145,15,25,35,35,0,35,190,30,18087.48,19975.0,-1887.5199999999995,5
2526,1246,70,155,0,155,130,5,20,40,40,0,35,195,60,41301.045000000006,19125.0,22176.045000000006,5
2527,1246,40,180,0,180,155,0,25,30,30,0,30,190,40,27235.394999999997,18700.0,8535.394999999999,5
2528,1246,40,180,0,180,125,30,25,35,35,0,35,160,40,26462.700000000004,18700.0,7762.700000000004,5
2529,1246,105,155,0,155,150,0,5,35,35,0,35,250,25,13465.8,22100.0,-8634.2,5
2530,1246,65,170,0,170,160,10,0,25,25,0,25,220,40,27474.254999999997,19975.0,7499.254999999998,5
2531,1246,145,135,0,135,125,0,10,25,25,0,25,265,20,13511.25,23800.0,-10288.75,5
2532,1246,45,185,0,185,150,0,35,40,40,0,40,190,30,14999.400000000003,19550.0,-4550.599999999997,5
2533,1246,105,140,0,140,135,0,5,40,40,0,40,235,25,12553.920000000002,20825.0,-8271.079999999998,5
2534,1246,50,160,0,160,140,5,15,45,45,0,45,185,60,38739.1275,17850.0,20889.127500000002,5
2535,1246,75,155,0,155,135,0,20,45,45,0,45,205,35,19873.440000000002,19550.0,323.4400000000005,5
2536,1246,65,170,0,170,155,15,0,40,40,0,40,215,20,11081.340000000002,19975.0,-8893.659999999998,5
2537,1246,50,160,0,160,125,15,20,45,45,0,45,170,10,6387.660000000001,17850.0,-11462.34,5
2538,1246,60,160,0,160,160,0,0,40,40,0,40,215,50,37992.97125,18700.0,19292.971250000002,5
2539,1246,75,165,0,165,155,0,10,20,20,0,20,225,5,2546.28,20400.0,-17853.72,5
2540,1246,50,165,0,165,135,15,15,45,45,0,45,180,30,17359.020000000004,18275.0,-915.9799999999973,5
2541,1246,100,135,0,135,125,0,10,30,30,0,30,220,25,14509.080000000004,19975.0,-5465.919999999996,5
2542,1246,75,160,0,160,135,5,20,40,40,0,40,205,30,16045.740000000003,19975.0,-3929.259999999997,5
2543,1246,55,170,0,170,160,10,0,40,40,0,40,210,45,28824.300000000003,19125.0,9699.300000000003,5
2544,1246,45,170,0,170,145,25,0,35,35,0,35,185,45,28338.84,18275.0,10063.84,5
2545,1246,55,155,0,155,125,20,10,45,45,0,45,175,45,27105.75,17850.0,9255.749999999998,5
2546,1246,100,140,0,140,140,0,0,50,50,0,45,235,50,31427.415,20400.0,11027.415,5
2547,1246,85,155,0,155,125,0,30,45,45,0,45,205,70,47936.0025,20400.0,27536.002500000002,5
2548,1246,70,165,0,165,160,0,5,30,30,0,30,225,25,13598.100000000002,19975.0,-6376.899999999998,5
2549,1246,45,165,0,165,140,10,15,40,40,0,40,180,35,23316.030000000006,17850.0,5466.030000000005,5
2550,1246,80,155,0,155,125,0,30,30,30,0,25,200,35,28537.076250000006,19975.0,8562.076250000006,5
2551,1246,60,175,0,175,140,35,0,50,50,0,50,195,30,15118.920000000002,19975.0,-4856.079999999997,5
2552,1246,70,160,0,160,145,10,5,65,65,0,60,210,50,30946.050000000003,19550.0,11396.050000000005,5
2553,1246,60,200,0,200,165,0,35,30,30,0,30,220,15,7814.52,22100.0,-14285.48,5
2554,1246,70,155,0,155,145,0,10,50,50,0,45,210,25,13505.220000000001,19125.0,-5619.779999999999,5
2555,1246,65,160,0,160,135,10,15,60,60,0,60,195,55,34136.91,19125.0,15011.910000000007,5
2556,1246,70,155,0,155,140,0,15,45,45,0,45,205,35,19539.18,19125.0,414.1800000000012,5
2557,1246,85,145,0,145,140,5,0,50,50,0,50,220,55,36200.02500000001,19550.0,16650.025000000005,5
2558,1246,50,150,0,150,145,0,5,50,50,0,45,190,50,35205.34500000001,17000.0,18205.34500000001,5
2559,1246,70,180,0,180,155,0,25,45,45,0,45,220,20,10009.44,21250.0,-11240.560000000001,5
2560,1246,55,165,0,165,165,0,0,25,25,0,25,215,25,14758.02,18700.0,-3941.9799999999987,5
2561,1246,45,175,0,175,150,0,25,40,40,0,40,190,45,27072.36,18700.0,8372.359999999999,5
2562,1246,55,180,0,180,170,10,0,25,25,0,25,220,25,14658.840000000002,19975.0,-5316.159999999998,5
2563,1246,65,160,0,160,145,15,0,40,40,0,40,205,5,2470.32,19125.0,-16654.68,5
2564,1246,45,200,0,200,135,30,35,30,30,0,30,175,30,20354.805,20825.0,-470.1949999999988,5
2565,1246,90,150,0,150,130,5,15,65,65,0,60,215,50,31240.710000000003,20400.0,10840.710000000003,5
2566,1246,80,160,0,160,145,15,0,40,40,0,40,220,15,8824.140000000001,20400.0,-11575.859999999997,5
2567,1246,55,160,0,160,150,0,10,30,30,0,30,200,40,25032.285000000003,18275.0,6757.285000000002,5
2568,1246,85,160,0,160,110,20,30,60,60,0,60,190,70,43705.4625,20825.0,22880.4625,5
2569,1246,50,170,0,170,155,0,15,45,45,0,45,200,20,10404.720000000001,18700.0,-8295.279999999999,5
2570,1246,70,180,0,180,140,35,5,45,45,0,45,205,20,13999.14,21250.0,-7250.860000000001,5
2571,1246,55,145,0,145,115,25,5,45,45,0,45,165,90,70313.84437500002,17000.0,53313.84437500001,5
2572,1246,65,155,0,155,155,0,0,25,25,0,25,215,10,6921.72,18700.0,-11778.279999999999,5
2573,1246,30,195,0,195,175,0,20,25,25,0,25,200,5,2590.2000000000003,19125.0,-16534.8,5
2574,1246,40,170,0,170,165,0,5,35,35,0,35,200,40,26920.98,17850.0,9070.98,5
2575,1246,65,165,0,165,110,30,25,55,55,0,55,170,65,43366.31999999999,19550.0,23816.319999999996,5
2576,1246,85,160,0,160,145,0,15,25,25,0,25,225,15,9136.980000000001,20825.0,-11688.019999999999,5
2577,1246,95,140,0,140,110,5,25,60,60,0,60,200,65,38708.19,19975.0,18733.19,5
2578,1246,135,130,0,130,120,10,0,45,45,0,45,250,50,30932.820000000007,22525.0,8407.820000000007,5
2579,1246,75,165,0,165,145,10,10,35,35,0,35,215,25,14304.42,20400.0,-6095.58,5
2580,1246,55,165,0,165,155,0,10,25,25,0,25,205,35,30253.5225,18700.0,11553.5225,5
2581,1246,75,160,0,160,155,5,0,40,40,0,40,225,25,13646.52,19975.0,-6328.48,5
2582,1246,50,180,0,180,130,45,5,45,45,0,45,175,40,21850.740000000005,19550.0,2300.7400000000052,5
2583,1246,50,150,0,150,150,0,0,25,25,0,25,195,10,5531.040000000002,17000.0,-11468.959999999997,5
2584,1246,45,200,0,200,120,45,35,40,40,0,40,160,15,8399.160000000002,20825.0,-12425.839999999998,5
2585,1246,75,165,0,165,150,15,0,45,45,0,40,220,40,21424.140000000003,20400.0,1024.1400000000021,5
2586,1246,35,180,0,180,180,0,0,10,10,0,10,210,5,2590.2000000000003,18275.0,-15684.8,5
2587,1246,55,170,0,170,120,30,20,40,40,0,40,170,40,25458.210000000003,19125.0,6333.210000000004,5
2588,1246,75,140,0,140,135,0,5,40,40,0,40,205,50,33943.455,18275.0,15668.455000000004,5
2589,1246,110,145,0,145,125,0,20,50,50,0,50,230,30,18044.55,21675.0,-3630.4500000000007,5
2590,1246,75,155,0,155,140,10,5,55,55,0,55,210,25,15102.0,19550.0,-4448.0,5
2591,1246,40,190,0,190,160,5,25,30,30,0,30,195,20,9867.240000000002,19550.0,-9682.759999999998,5
2592,1246,45,170,0,170,135,20,15,40,40,0,40,175,45,32856.85125000001,18275.0,14581.851250000003,5
2593,1246,80,160,0,160,155,0,5,15,15,0,15,230,5,3072.9600000000005,20400.0,-17327.04,5
2594,1246,40,185,0,185,165,0,20,30,30,0,30,200,30,16972.380000000005,19125.0,-2152.619999999997,5
2595,1246,60,160,0,160,140,10,10,40,40,0,40,195,40,25026.480000000007,18700.0,6326.480000000006,5
2596,1246,105,130,0,130,130,0,0,45,45,0,45,230,20,11348.46,19975.0,-8626.54,5
2597,1246,40,190,0,190,125,30,35,30,30,0,30,160,25,16550.550000000003,19550.0,-2999.449999999997,5
2598,1246,110,140,0,140,125,0,15,45,45,0,45,230,35,20953.35,21250.0,-296.64999999999964,5
2599,1246,90,135,0,135,115,10,10,35,35,0,35,200,30,21264.120000000003,19125.0,2139.1200000000026,5
2600,1246,80,145,0,145,140,5,0,50,50,0,50,215,35,23836.365000000005,19125.0,4711.365000000005,5
2601,1246,75,160,0,160,135,5,20,30,30,0,30,205,25,12744.36,19975.0,-7230.6399999999985,5
2602,1246,45,185,0,185,140,25,20,40,40,0,40,180,25,13236.480000000001,19550.0,-6313.519999999999,5
2603,1246,110,140,0,140,135,0,5,40,40,0,40,240,20,12319.02,21250.0,-8930.98,5
2604,1246,80,130,0,130,120,10,0,60,60,0,60,195,25,13891.859999999999,17850.0,-3958.140000000001,5
2605,1246,100,140,0,140,140,0,0,35,35,0,35,235,5,2502.36,20400.0,-17897.64,5
2606,1246,85,160,0,160,155,0,5,20,20,0,20,235,10,5461.200000000001,20825.0,-15363.8,5
2607,1246,85,150,0,150,140,0,10,50,50,0,50,220,25,12696.840000000002,19975.0,-7278.159999999998,5
2608,1246,60,175,0,175,160,15,0,35,35,0,35,215,20,9986.400000000001,19975.0,-9988.599999999999,5
2609,1246,105,150,0,150,145,0,5,35,35,0,35,245,35,24278.175000000003,21675.0,2603.175000000001,5
2610,1246,35,180,0,180,175,0,5,10,10,0,10,205,20,12297.780000000002,18275.0,-5977.2199999999975,5
2611,1246,100,155,0,155,150,0,5,35,35,0,35,245,20,10272.960000000003,21675.0,-11402.039999999997,5
2612,1246,50,180,0,180,130,20,30,45,45,0,45,175,40,27104.535000000003,19550.0,7554.535000000005,5
2613,1246,70,160,0,160,135,25,0,35,35,0,35,200,20,11216.7,19550.0,-8333.3,5
2614,1246,55,180,0,180,130,35,15,50,50,0,50,180,30,15612.839999999998,19975.0,-4362.160000000002,5
2615,1246,75,145,0,145,120,20,5,55,55,0,50,190,40,24016.140000000007,18700.0,5316.140000000005,5
2616,1246,60,175,0,175,160,0,15,40,40,0,40,215,35,17484.84,19975.0,-2490.1599999999985,5
2617,1246,105,140,0,140,125,0,15,65,65,0,65,225,50,27225.900000000005,20825.0,6400.900000000006,5
2618,1246,60,185,0,185,135,20,30,50,50,0,50,190,30,15102.000000000004,20825.0,-5722.999999999997,5
2619,1246,55,165,0,165,140,15,10,35,35,0,35,190,65,47716.295625,18700.0,29016.295625000002,5
2620,1246,95,175,0,175,170,0,5,20,20,0,20,260,10,5655.6,22950.0,-17294.4,5
2621,1246,70,160,0,160,125,20,15,35,35,0,35,190,40,25566.57,19550.0,6016.5700000000015,5
2622,1246,80,165,0,165,150,0,15,35,35,0,35,225,30,16973.100000000002,20825.0,-3851.8999999999983,5
2623,1246,100,150,0,150,135,0,15,30,30,0,30,230,25,12559.320000000003,21250.0,-8690.679999999997,5
2624,1246,45,180,0,180,155,20,5,40,40,0,40,195,25,13477.68,19125.0,-5647.32,5
2625,1246,100,145,0,145,130,15,0,45,45,0,45,225,70,46955.564999999995,20825.0,26130.564999999995,5
2626,1246,70,150,0,150,100,35,15,60,60,0,60,165,30,18855.18,18700.0,155.1800000000003,5
2627,1246,110,145,0,145,140,0,5,30,30,0,30,245,15,6985.4400000000005,21675.0,-14689.56,5
2628,1246,45,160,0,160,150,0,10,35,35,0,35,190,25,18080.325000000004,17425.0,655.3250000000025,5
2629,1246,85,155,0,155,145,5,5,35,35,0,35,225,30,19605.960000000006,20400.0,-794.0399999999954,5
2630,1246,45,170,0,170,125,15,30,40,40,0,40,165,40,24728.49,18275.0,6453.490000000002,5
2631,1246,50,160,0,160,155,0,5,40,40,0,40,200,45,28953.090000000004,17850.0,11103.090000000002,5
2632,1246,60,160,0,160,155,5,0,45,45,0,45,210,35,20988.630000000005,18700.0,2288.630000000003,5
2633,1246,70,145,0,145,145,0,0,55,55,0,55,210,30,16176.240000000002,18275.0,-2098.7599999999975,5
2634,1246,55,170,0,170,150,10,10,30,30,0,30,200,10,5004.720000000001,19125.0,-14120.279999999999,5
2635,1246,110,125,0,125,115,0,10,40,40,0,40,220,40,23447.160000000003,19975.0,3472.1600000000035,5
2636,1246,50,155,0,155,130,10,15,45,45,0,45,175,45,29678.4,17425.0,12253.400000000001,5
2637,1246,75,165,0,165,140,20,5,35,35,0,35,210,45,29036.79,20400.0,8636.79,5
2638,1246,95,145,0,145,130,0,15,65,65,0,65,220,40,25572.33,20400.0,5172.330000000002,5
2639,1246,60,180,0,180,180,0,0,15,15,0,15,235,10,6431.58,20400.0,-13968.420000000002,5
2640,1246,65,160,0,160,155,0,5,35,35,0,35,215,35,22729.140000000003,19125.0,3604.140000000002,5
2641,1246,60,170,0,170,105,40,25,55,55,0,55,160,30,14862.6,19550.0,-4687.4,5
2642,1246,65,165,0,165,150,10,5,40,40,0,40,210,35,20775.69,19550.0,1225.6899999999996,5
2643,1246,90,135,0,135,130,0,5,65,65,0,60,215,75,52198.245000000024,19125.0,33073.245000000024,5
2644,1246,70,155,0,155,150,0,5,50,50,0,45,215,35,19121.58,19125.0,-3.4199999999987085,5
2645,1246,75,160,0,160,150,10,0,35,35,0,35,220,35,20640.240000000005,19975.0,665.2400000000034,5
2646,1246,35,170,0,170,160,0,10,30,30,0,30,190,35,19670.940000000006,17425.0,2245.940000000005,5
2647,1246,65,160,0,160,130,5,25,60,60,0,60,190,45,26889.660000000003,19125.0,7764.6600000000035,5
2648,1246,35,185,0,185,150,20,15,30,30,0,30,180,15,7814.52,18700.0,-10885.48,5
2649,1246,85,170,0,170,165,0,5,30,30,0,30,245,20,12907.080000000002,21675.0,-8767.919999999998,5
2650,1246,90,135,0,135,135,0,0,45,45,0,45,220,30,18033.750000000004,19125.0,-1091.2499999999977,5
2651,1246,95,150,0,150,130,20,0,50,50,0,50,220,35,18799.020000000004,20825.0,-2025.9799999999973,5
2652,1246,95,135,0,135,130,5,0,45,45,0,45,220,55,34654.27500000001,19550.0,15104.275000000007,5
2653,1246,65,155,0,155,115,35,5,45,45,0,45,175,25,13697.1,18700.0,-5002.9,5
2654,1246,75,145,0,145,130,0,15,40,40,0,40,200,45,37176.40687500001,18700.0,18476.406875000008,5
2655,1246,70,170,0,170,160,10,0,40,40,0,40,225,20,10234.800000000001,20400.0,-10165.199999999999,5
2656,1246,50,175,0,175,150,25,0,35,35,0,35,195,10,5531.4000000000015,19125.0,-13593.599999999999,5
2657,1246,60,155,0,155,145,0,10,40,40,0,35,200,45,29347.740000000005,18275.0,11072.740000000003,5
2658,1246,50,155,0,155,140,0,15,40,40,0,40,185,45,27234.18,17425.0,9809.18,5
2659,1246,65,160,0,160,130,25,5,55,55,0,55,190,35,22701.87,19125.0,3576.869999999999,5
2660,1246,125,135,0,135,125,0,10,45,45,0,45,245,45,27675.54,22100.0,5575.540000000001,5
2661,1246,30,195,0,195,145,40,10,20,20,0,20,170,15,10744.83,19125.0,-8380.17,5
2662,1246,45,170,0,170,170,0,0,25,25,0,25,210,10,5119.200000000001,18275.0,-13155.8,5
2663,1246,60,170,0,170,135,20,15,55,55,0,55,190,15,7245.000000000001,19550.0,-12305.0,5
2664,1246,70,175,0,175,160,0,15,40,40,0,35,225,30,17819.460000000003,20825.0,-3005.5399999999986,5
2665,1246,45,175,0,175,155,15,5,40,40,0,40,195,35,20216.52,18700.0,1516.5200000000004,5
2666,1246,100,135,0,135,120,0,15,40,40,0,40,215,20,11088.900000000003,19975.0,-8886.099999999997,5
2667,1246,60,155,0,155,125,20,10,45,45,0,45,180,40,27235.485000000008,18275.0,8960.485000000008,5
2668,1246,65,155,0,155,150,0,5,45,45,0,45,210,35,22600.260000000002,18700.0,3900.260000000003,5
2669,1246,90,140,0,140,110,30,0,60,60,0,60,195,60,39215.655000000006,19550.0,19665.655000000006,5
2670,1246,35,190,0,190,140,20,30,30,30,0,30,170,20,10698.300000000001,19125.0,-8426.699999999999,5
2671,1246,35,175,0,175,140,25,10,30,30,0,30,170,35,24931.215000000004,17850.0,7081.215000000002,5
2672,1246,75,170,0,170,145,0,25,30,30,0,30,215,20,10018.440000000002,20825.0,-10806.56,5
2673,1246,25,190,0,190,180,0,10,25,25,0,20,200,5,2200.32,18275.0,-16074.68,5
2674,1246,90,155,0,155,130,20,5,35,35,0,35,215,10,5180.400000000001,20825.0,-15644.6,5
2675,1246,45,200,0,200,120,55,25,35,35,0,35,160,55,36681.34500000001,20825.0,15856.345000000005,5
2676,1246,60,150,0,150,125,15,10,55,55,0,55,180,50,32635.7325,17850.0,14785.732499999998,5
2677,1246,80,145,0,145,135,0,10,40,40,0,40,210,25,13515.660000000003,19125.0,-5609.339999999997,5
2678,1246,55,160,0,160,145,15,0,45,45,0,45,195,40,24671.97,18275.0,6396.970000000001,5
2679,1246,105,120,0,120,120,0,0,60,60,0,60,220,135,97781.62500000003,19125.0,78656.62500000003,5
2680,1246,70,145,0,145,120,5,20,65,65,0,65,185,100,69307.68375,18275.0,51032.68375,5
2681,1246,50,185,0,185,165,0,20,35,35,0,35,210,15,7331.4000000000015,19975.0,-12643.599999999999,5
2682,1246,80,170,0,170,155,0,15,10,10,0,10,230,20,13648.320000000002,21250.0,-7601.6799999999985,5
2683,1246,50,170,0,170,140,5,25,50,50,0,45,185,15,9043.74,18700.0,-9656.26,5
2684,1246,65,175,0,175,165,0,10,20,20,0,15,225,5,2458.080000000001,20400.0,-17941.92,5
2685,1246,80,170,0,170,160,5,5,25,25,0,25,235,35,27164.835000000003,21250.0,5914.835000000003,5
2686,1246,85,140,0,140,135,0,5,40,40,0,35,215,20,10236.6,19125.0,-8888.4,5
2687,1246,70,155,0,155,155,0,0,50,50,0,50,220,40,25076.34,19125.0,5951.34,5
2688,1246,75,145,0,145,125,15,5,55,55,0,55,195,45,26473.410000000003,18700.0,7773.4100000000035,5
2689,1246,75,145,0,145,120,5,20,40,40,0,40,190,70,52586.3925,18700.0,33886.3925,5
2690,1246,85,155,0,155,145,0,10,35,35,0,30,225,25,16660.530000000002,20400.0,-3739.4699999999966,5
2691,1246,100,150,0,150,145,0,5,30,30,0,30,240,30,17823.960000000003,21250.0,-3426.039999999998,5
2692,1246,55,185,0,185,140,10,35,50,50,0,50,190,35,22855.995000000003,20400.0,2455.9950000000026,5
2693,1246,45,185,0,185,150,25,10,35,35,0,35,190,30,19756.89,19550.0,206.89000000000078,5
2694,1246,105,150,0,150,140,0,10,25,25,0,25,240,10,5180.400000000001,21675.0,-16494.6,5
2695,1246,60,145,0,145,125,0,20,40,40,0,40,180,40,24183.9,17425.0,6758.900000000003,5
2696,1246,75,140,0,140,130,0,10,50,50,0,50,200,45,28226.565000000006,18275.0,9951.565000000006,5
2697,1246,40,175,0,175,130,30,15,35,35,0,35,165,50,37039.96125000001,18275.0,18764.96125000001,5
2698,1246,55,195,0,195,130,40,25,50,50,0,50,180,25,12599.640000000001,21250.0,-8650.359999999999,5
2699,1246,50,180,0,180,170,0,10,35,35,0,35,215,30,21006.945000000007,19550.0,1456.9450000000052,5
2700,1246,80,165,0,165,145,0,20,40,40,0,40,220,35,19052.82,20825.0,-1772.1799999999985,5
2701,1246,40,190,0,190,150,20,20,35,35,0,35,185,20,10711.080000000002,19550.0,-8838.919999999998,5
2702,1246,100,140,0,140,140,0,0,35,35,0,35,235,20,11947.860000000002,20400.0,-8452.139999999998,5
2703,1246,55,160,0,160,150,5,5,40,40,0,40,200,40,27019.665000000005,18275.0,8744.665000000005,5
2704,1246,30,205,0,205,140,40,25,25,25,0,25,165,5,2502.36,19975.0,-17472.64,5
2705,1246,60,175,0,175,130,45,0,50,50,0,50,185,65,49360.46625,19975.0,29385.466249999998,5
2706,1246,60,175,0,175,115,45,15,55,55,0,55,170,40,23260.230000000007,19975.0,3285.230000000006,5
2707,1246,65,165,0,165,145,5,15,45,45,0,45,205,30,16731.54,19550.0,-2818.46,5
2708,1246,65,150,0,150,135,0,15,45,45,0,45,195,15,8391.960000000001,18275.0,-9883.039999999999,5
2709,1246,20,195,0,195,180,5,10,15,15,0,15,195,15,7470.720000000001,18275.0,-10804.279999999999,5
2710,1246,60,170,0,170,130,10,30,30,30,0,30,185,20,12023.100000000002,19550.0,-7526.899999999998,5
2711,1246,60,170,0,170,155,15,0,50,50,0,50,210,40,23067.54,19550.0,3517.539999999999,5
2712,1246,30,185,0,185,175,0,10,25,25,0,25,200,20,11293.92,18275.0,-6981.08,5
2713,1246,65,145,0,145,135,5,5,50,50,0,50,195,45,29784.42000000001,17850.0,11934.42000000001,5
2714,1246,50,180,0,180,165,0,15,25,25,0,25,210,20,13598.55,19550.0,-5951.45,5
2715,1246,70,155,0,155,155,0,0,50,50,0,50,220,40,24764.670000000002,19125.0,5639.670000000001,5
2716,1246,105,125,0,125,105,0,20,45,45,0,45,205,30,15677.640000000003,19550.0,-3872.3599999999965,5
2717,1246,45,165,0,165,130,0,35,40,40,0,40,170,30,16759.800000000003,17850.0,-1090.1999999999975,5
2718,1246,65,185,0,185,90,80,15,50,50,0,50,150,85,56991.50999999999,21250.0,35741.50999999999,5
2719,1246,85,135,0,135,135,0,0,55,55,0,55,215,20,10667.880000000001,18700.0,-8032.12,5
2720,1246,45,180,0,180,175,0,5,20,20,0,15,215,5,2354.4,19125.0,-16770.6,5
2721,1246,55,160,0,160,160,0,0,35,35,0,35,210,25,12180.240000000003,18275.0,-6094.759999999997,5
2722,1246,55,175,0,175,135,5,35,40,40,0,40,185,30,16806.06,19550.0,-2743.939999999998,5
2723,1246,130,135,0,135,135,0,0,35,35,0,35,260,30,17933.760000000002,22525.0,-4591.239999999998,5
2724,1246,60,170,0,170,150,0,20,35,35,0,30,205,25,12475.440000000002,19550.0,-7074.559999999997,5
2725,1246,40,185,0,185,155,5,25,35,35,0,35,190,25,13817.340000000002,19125.0,-5307.659999999998,5
2726,1246,75,135,0,135,80,30,25,60,60,0,60,150,75,48210.21000000001,17850.0,30360.210000000006,5
2727,1246,55,160,0,160,145,0,15,20,20,0,20,195,55,44537.08500000001,18275.0,26262.085000000006,5
2728,1246,45,165,0,165,140,10,15,40,40,0,40,180,20,11874.42,17850.0,-5975.58,5
2729,1246,85,165,0,165,155,0,10,40,40,0,40,235,5,2634.1200000000003,21250.0,-18615.88,5
2730,1246,70,160,0,160,160,0,0,40,40,0,40,225,30,16616.7,19550.0,-2933.2999999999993,5
2731,1246,70,130,0,130,115,5,10,55,55,0,55,180,70,46385.775,17000.0,29385.775,5
2732,1246,45,185,0,185,150,5,30,40,40,0,40,190,20,11114.820000000002,19550.0,-8435.179999999998,5
2733,1246,50,175,0,175,140,15,20,35,35,0,35,185,25,18120.060000000005,19125.0,-1004.9399999999969,5
2734,1246,85,145,0,145,120,15,10,60,60,0,60,200,30,15714.360000000004,19550.0,-3835.6399999999962,5
2735,1246,55,170,0,170,140,25,5,50,50,0,50,190,45,26385.750000000007,19125.0,7260.750000000007,5
2736,1246,40,175,0,175,170,0,5,35,35,0,35,205,30,20671.695,18275.0,2396.6949999999997,5
2737,1246,65,145,0,145,130,15,0,35,35,0,35,190,40,25634.745000000003,17850.0,7784.745000000003,5
2738,1246,60,170,0,170,115,15,40,50,50,0,50,170,45,26914.32,19550.0,7364.319999999998,5
2739,1246,60,155,0,155,130,15,10,50,50,0,50,185,20,10401.840000000002,18275.0,-7873.159999999998,5
2740,1246,65,150,0,150,135,0,15,45,45,0,45,195,15,9326.700000000003,18275.0,-8948.299999999997,5
2741,1246,70,175,0,175,150,10,15,60,60,0,60,215,50,26827.200000000004,20825.0,6002.200000000003,5
2742,1246,60,170,0,170,170,0,0,35,35,0,35,225,35,18937.260000000002,19550.0,-612.7399999999966,5
2743,1246,100,145,0,145,130,0,15,45,45,0,45,225,60,39647.43000000001,20825.0,18822.430000000004,5
2744,1246,70,170,0,170,170,0,0,35,35,0,35,235,35,19313.82,20400.0,-1086.1799999999994,5
2745,1246,50,165,0,165,125,25,15,40,40,0,40,170,30,17545.320000000003,18275.0,-729.6799999999962,5
2746,1246,80,145,0,145,145,0,0,35,35,0,35,220,40,28417.567500000005,19125.0,9292.567500000005,5
2747,1246,105,140,0,140,125,0,15,65,65,0,65,225,50,29416.32,20825.0,8591.32,5
2748,1246,40,175,0,175,120,40,15,35,35,0,35,155,30,17789.760000000002,18275.0,-485.2399999999989,5
2749,1246,60,165,0,165,165,0,0,25,25,0,25,220,20,13080.599999999999,19125.0,-6044.400000000001,5
2750,1246,65,165,0,165,165,0,0,50,50,0,50,225,30,17762.850000000002,19550.0,-1787.149999999997,5
2751,1246,70,165,0,165,105,30,30,55,55,0,55,170,50,29644.200000000004,19975.0,9669.200000000004,5
2752,1246,60,170,0,170,160,0,10,35,35,0,35,215,40,24895.710000000003,19550.0,5345.710000000004,5
2753,1246,60,170,0,170,165,0,5,35,35,0,35,220,20,11258.46,19550.0,-8291.54,5
2754,1246,50,170,0,170,170,0,0,30,30,0,30,215,15,8638.2,18700.0,-10061.8,5
2755,1246,105,140,0,140,120,0,20,50,50,0,50,220,30,16760.88,20825.0,-4064.119999999998,5
2756,1246,110,155,0,155,150,0,5,20,20,0,20,255,10,4960.8,22525.0,-17564.2,5
2757,1246,55,175,0,175,120,45,10,40,40,0,40,170,35,21189.510000000002,19550.0,1639.5100000000002,5
2758,1246,70,150,0,150,140,0,10,30,30,0,25,205,55,42101.521875000006,18700.0,23401.521875000006,5
2759,1246,45,170,0,170,150,20,0,40,40,0,40,190,20,11615.04,18275.0,-6659.959999999999,5
2760,1246,55,155,0,155,150,0,5,35,35,0,35,200,15,10443.510000000002,17850.0,-7406.489999999999,5
2761,1246,65,160,0,160,150,10,0,50,50,0,45,210,40,23606.010000000002,19125.0,4481.010000000001,5
2762,1246,45,180,0,180,160,20,0,40,40,0,40,200,15,9570.240000000002,19125.0,-9554.759999999998,5
2763,1246,50,170,0,170,120,30,20,45,45,0,45,165,15,9243.54,18700.0,-9456.46,5
2764,1246,80,160,0,160,140,15,5,45,45,0,45,215,50,28542.960000000003,20400.0,8142.960000000003,5
2765,1246,55,150,0,150,120,25,5,45,45,0,40,170,35,22482.000000000007,17425.0,5057.000000000007,5
2766,1246,70,175,0,175,170,0,5,20,20,0,20,235,5,2590.2000000000003,20825.0,-18234.8,5
2767,1246,45,160,0,160,145,10,5,40,40,0,40,185,60,40851.225000000006,17425.0,23426.225000000006,5
2768,1246,70,145,0,145,120,20,5,50,50,0,50,185,70,56906.72578125,18275.0,38631.72578125,5
2769,1246,85,130,0,130,100,25,5,75,75,0,75,180,20,12160.44,18275.0,-6114.5599999999995,5
2770,1246,75,160,0,160,150,0,10,35,35,0,35,220,45,31262.13,19975.0,11287.130000000001,5
2771,1246,75,135,0,135,135,0,0,55,55,0,55,205,50,33746.22000000001,17850.0,15896.220000000008,5
2772,1246,40,175,0,175,145,25,5,35,35,0,35,180,30,17727.93,18275.0,-547.0699999999988,5
2773,1246,90,150,0,150,145,0,5,30,30,0,30,230,35,24564.465,20400.0,4164.465,5
2774,1246,65,170,0,170,130,15,25,50,50,0,50,190,20,9745.920000000002,19975.0,-10229.079999999998,5
2775,1246,60,165,0,165,120,35,10,40,40,0,40,175,60,37364.490000000005,19125.0,18239.490000000005,5
2776,1246,75,170,0,170,140,15,15,35,35,0,30,210,20,13433.850000000002,20825.0,-7391.149999999998,5
2777,1246,55,150,0,150,140,5,5,35,35,0,35,190,50,35393.985000000015,17425.0,17968.98500000001,5
2778,1246,45,155,0,155,155,0,0,40,40,0,40,195,40,23600.34,17000.0,6600.340000000001,5
2779,1246,80,150,0,150,145,5,0,60,60,0,60,220,55,31157.910000000003,19550.0,11607.910000000002,5
2780,1246,60,165,0,165,145,0,20,45,45,0,45,200,40,27614.07,19125.0,8489.070000000002,5
2781,1246,60,180,0,180,175,0,5,30,30,0,25,230,20,10185.12,20400.0,-10214.88,5
2782,1246,65,165,0,165,150,10,5,30,30,0,30,210,20,13554.63,19550.0,-5995.370000000001,5
2783,1246,50,160,0,160,140,10,10,40,40,0,40,185,45,27577.260000000002,17850.0,9727.260000000002,5
2784,1246,70,160,0,160,150,0,10,55,55,0,55,215,40,22233.06,19550.0,2683.0600000000004,5
2785,1246,50,170,0,170,155,5,10,35,35,0,35,200,45,26422.200000000004,18700.0,7722.200000000003,5
2786,1246,105,150,0,150,145,0,5,45,45,0,45,245,40,22889.160000000003,21675.0,1214.1600000000017,5
2787,1246,45,170,0,170,155,5,10,40,40,0,40,195,30,16836.660000000003,18275.0,-1438.3399999999983,5
2788,1246,45,180,0,180,175,0,5,35,35,0,35,215,30,17591.219999999998,19125.0,-1533.7800000000016,5
2789,1246,50,175,0,175,150,25,0,40,40,0,35,195,20,10996.740000000002,19125.0,-8128.259999999998,5
2790,1246,90,150,0,150,150,0,0,40,40,0,40,235,40,25775.910000000003,20400.0,5375.9100000000035,5
2791,1246,75,145,0,145,125,0,20,40,40,0,35,195,85,72265.12083984376,18700.0,53565.12083984377,5
2792,1246,75,165,0,165,140,25,0,35,35,0,35,210,20,10098.360000000002,20400.0,-10301.639999999998,5
2793,1246,120,120,0,120,115,0,5,60,60,0,60,230,55,32824.62000000001,20400.0,12424.62000000001,5
2794,1246,45,175,0,175,150,15,10,40,40,0,40,190,25,12899.160000000002,18700.0,-5800.839999999998,5
2795,1246,100,155,0,155,145,0,10,40,40,0,40,240,15,8039.520000000001,21675.0,-13635.479999999998,5
2796,1246,65,150,0,150,150,0,0,40,40,0,40,210,35,19757.160000000003,18275.0,1482.1600000000035,5
2797,1246,60,175,0,175,130,15,30,50,50,0,50,185,25,15013.800000000001,19975.0,-4961.199999999999,5
2798,1246,65,155,0,155,155,0,0,30,30,0,30,215,25,13681.800000000001,18700.0,-5018.199999999999,5
2799,1246,90,130,0,130,125,0,5,55,55,0,55,210,75,45776.74500000001,18700.0,27076.74500000001,5
2800,1246,55,160,0,160,135,0,25,45,45,0,40,185,45,29834.37,18275.0,11559.369999999999,5
2801,1246,120,150,0,150,130,20,0,50,50,0,50,245,35,22153.230000000003,22950.0,-796.7699999999968,5
2802,1246,40,175,0,175,150,0,25,35,35,0,35,185,25,15890.760000000002,18275.0,-2384.2399999999975,5
2803,1246,75,165,0,165,125,40,0,45,45,0,45,195,25,12225.240000000003,20400.0,-8174.759999999997,5
2804,1246,60,165,0,165,145,0,20,40,40,0,40,200,40,25345.98,19125.0,6220.98,5
2805,1246,60,165,0,165,145,0,20,30,30,0,25,200,20,11131.2,19125.0,-7993.799999999999,5
2806,1246,45,155,0,155,130,5,20,40,40,0,40,170,60,49913.71875000001,17000.0,32913.71875000001,5
2807,1246,45,190,0,190,145,10,35,35,35,0,35,185,15,8846.100000000002,19975.0,-11128.899999999998,5
2808,1246,50,180,0,180,170,0,10,30,30,0,30,215,10,6233.940000000001,19550.0,-13316.059999999998,5
2809,1246,85,145,0,145,145,0,0,50,50,0,50,225,85,66989.115,19550.0,47439.115000000005,5
2810,1246,65,170,0,170,165,0,5,45,45,0,45,225,45,27268.29,19975.0,7293.290000000002,5
2811,1246,80,140,0,140,140,0,0,60,60,0,60,215,65,47142.31500000001,18700.0,28442.31500000001,5
2812,1246,85,170,0,170,140,5,25,25,25,0,25,220,30,20550.375000000004,21675.0,-1124.6249999999964,5
2813,1246,85,150,0,150,145,0,5,45,45,0,45,225,25,13834.98,19975.0,-6140.0199999999995,5
2814,1246,50,165,0,165,165,0,0,30,30,0,30,210,0,0.0,18275.0,-18275.0,5
2815,1246,80,170,0,170,120,25,25,45,45,0,40,195,30,17406.72,21250.0,-3843.2799999999975,5
2816,1246,45,210,0,210,155,0,55,30,30,0,30,195,30,17351.460000000003,21675.0,-4323.539999999998,5
2817,1246,50,185,0,185,130,30,25,45,45,0,45,175,40,25569.765000000003,19975.0,5594.765000000002,5
2818,1246,50,165,0,165,150,0,15,40,40,0,35,195,5,2590.2000000000003,18275.0,-15684.8,5
2819,1246,35,180,0,180,160,10,10,30,30,0,30,190,30,17917.74,18275.0,-357.25999999999885,5
2820,1246,120,115,0,115,115,0,0,60,60,0,60,230,55,34696.26,19975.0,14721.260000000002,5
2821,1246,90,165,0,165,135,0,30,20,20,0,20,220,15,9153.54,21675.0,-12521.46,5
2822,1246,50,175,0,175,165,5,5,30,30,0,30,210,20,13269.150000000001,19125.0,-5855.8499999999985,5
2823,1246,65,160,0,160,140,15,5,35,35,0,35,200,55,36985.32000000001,19125.0,17860.320000000007,5
2824,1246,65,155,0,155,115,40,0,50,50,0,50,175,55,38365.24500000001,18700.0,19665.24500000001,5
2825,1246,65,155,0,155,120,15,20,50,50,0,45,180,35,22946.760000000002,18700.0,4246.760000000004,5
2826,1246,60,155,0,155,140,0,15,40,40,0,40,195,20,11113.380000000001,18275.0,-7161.619999999998,5
2827,1246,70,160,0,160,125,30,5,40,40,0,40,190,40,25437.195,19550.0,5887.1950000000015,5
2828,1246,45,160,0,160,145,5,10,40,40,0,40,185,20,10316.52,17425.0,-7108.48,5
2829,1246,65,170,0,170,135,0,35,20,20,0,20,195,15,8846.1,19975.0,-11128.899999999998,5
2830,1246,35,190,0,190,155,25,10,30,30,0,30,185,20,11587.320000000002,19125.0,-7537.6799999999985,5
2831,1246,70,140,0,140,115,25,0,60,60,0,60,180,60,42322.725000000006,17850.0,24472.72500000001,5
2832,1246,105,150,0,150,130,0,20,60,60,0,60,230,45,26377.29,21675.0,4702.290000000003,5
2833,1246,70,160,0,160,105,30,25,70,70,0,65,170,50,30588.390000000007,19550.0,11038.390000000009,5
2834,1246,60,175,0,175,125,35,15,50,50,0,50,180,45,25415.82,19975.0,5440.819999999999,5
2835,1246,120,130,0,130,130,0,0,50,50,0,50,245,25,13708.08,21250.0,-7541.92,5
2836,1246,70,170,0,170,165,0,5,25,25,0,20,230,15,7507.080000000001,20400.0,-12892.919999999998,5
2837,1246,35,185,0,185,140,20,25,30,30,0,30,170,15,9427.5,18700.0,-9272.5,5
2838,1246,80,165,0,165,140,15,10,30,30,0,30,215,35,21511.08,20825.0,686.0800000000017,5
2839,1246,80,160,0,160,140,0,20,30,30,0,30,215,25,16190.190000000002,20400.0,-4209.809999999998,5
2840,1246,50,175,0,175,115,40,20,45,45,0,45,160,20,10265.04,19125.0,-8859.96,5
2841,1246,20,205,0,205,190,0,15,20,20,0,15,205,10,5179.3200000000015,19125.0,-13945.679999999997,5
2842,1246,55,165,0,165,160,5,0,30,30,0,30,210,25,12356.280000000002,18700.0,-6343.719999999998,5
2843,1246,75,145,0,145,140,0,5,45,45,0,45,210,55,35845.425,18700.0,17145.425000000003,5
2844,1246,55,155,0,155,140,5,10,45,45,0,40,190,15,8034.840000000002,17850.0,-9815.159999999998,5
2845,1246,70,150,0,150,145,0,5,45,45,0,45,210,65,45831.9825,18700.0,27131.982499999995,5
2846,1246,100,140,0,140,130,5,5,40,40,0,40,225,30,15871.860000000004,20400.0,-4528.139999999996,5
2847,1246,50,160,0,160,150,10,0,40,40,0,40,195,15,7815.960000000001,17850.0,-10034.039999999999,5
2848,1246,65,145,0,145,140,0,5,55,55,0,50,200,30,16689.420000000002,17850.0,-1160.5799999999977,5
2849,1246,70,160,0,160,95,30,35,65,65,0,65,160,90,62083.012500000004,19550.0,42533.012500000004,5
2850,1246,55,170,0,170,145,0,25,25,25,0,25,195,40,25092.810000000005,19125.0,5967.810000000004,5
2851,1246,70,155,0,155,150,5,0,30,30,0,30,215,50,35704.192500000005,19125.0,16579.19250000001,5
2852,1246,45,160,0,160,140,15,5,35,35,0,35,180,20,10890.000000000002,17425.0,-6534.999999999998,5
2853,1246,105,140,0,140,120,20,0,35,35,0,35,220,20,12891.15,20825.0,-7933.85,5
2854,1246,50,175,0,175,140,20,15,45,45,0,45,185,20,10237.680000000002,19125.0,-8887.319999999998,5
2855,1246,65,180,0,180,105,60,15,50,50,0,50,165,25,14034.780000000002,20825.0,-6790.2199999999975,5
2856,1246,60,160,0,160,120,20,20,55,55,0,55,175,50,29821.230000000003,18700.0,11121.230000000005,5
2857,1246,65,170,0,170,135,0,35,40,40,0,40,195,25,14763.960000000003,19975.0,-5211.039999999998,5
2858,1246,80,140,0,140,100,25,15,55,55,0,55,175,100,73914.148125,18700.0,55214.14812500001,5
2859,1246,50,165,0,165,160,0,5,35,35,0,35,205,35,23003.55,18275.0,4728.55,5
2860,1246,55,180,0,180,110,35,35,55,55,0,50,160,25,13184.640000000001,19975.0,-6790.359999999999,5
2861,1246,55,165,0,165,155,10,0,40,40,0,40,205,20,10810.440000000002,18700.0,-7889.559999999997,5
2862,1246,80,160,0,160,160,0,0,45,45,0,45,235,30,18163.620000000003,20400.0,-2236.379999999999,5
2863,1246,40,190,0,190,135,50,5,35,35,0,35,170,10,5125.680000000001,19550.0,-14424.319999999998,5
2864,1246,70,145,0,145,115,20,10,55,55,0,55,180,60,41991.46875,18275.0,23716.468750000004,5
2865,1246,85,155,0,155,155,0,0,30,30,0,30,235,25,16241.310000000003,20400.0,-4158.689999999997,5
2866,1246,105,140,0,140,135,0,5,35,35,0,35,235,20,14124.960000000003,20825.0,-6700.039999999997,5
2867,1246,110,150,0,150,100,20,30,45,45,0,45,205,35,20655.450000000004,22100.0,-1444.5499999999947,5
2868,1246,75,165,0,165,145,0,20,35,35,0,35,215,30,16067.520000000002,20400.0,-4332.479999999998,5
2869,1246,35,190,0,190,145,40,5,30,30,0,30,175,15,7155.720000000001,19125.0,-11969.279999999999,5
2870,1246,60,150,0,150,125,0,25,40,40,0,35,180,40,24842.160000000003,17850.0,6992.1600000000035,5
2871,1246,55,165,0,165,155,0,10,25,25,0,25,205,50,35257.995,18700.0,16557.995000000003,5
2872,1246,40,160,0,160,150,0,10,30,30,0,30,185,55,43205.28750000001,17000.0,26205.287500000013,5
2873,1246,45,180,0,180,140,15,25,40,40,0,40,180,25,12374.28,19125.0,-6750.719999999999,5
2874,1246,70,150,0,150,145,0,5,45,45,0,45,210,60,39699.3825,18700.0,20999.3825,5
2875,1246,60,170,0,170,160,0,10,40,40,0,40,215,30,17845.65,19550.0,-1704.3499999999972,5
2876,1246,70,155,0,155,150,0,5,30,30,0,30,215,60,43675.61624999999,19125.0,24550.616249999992,5
2877,1246,70,160,0,160,150,0,10,45,45,0,45,215,20,10006.920000000002,19550.0,-9543.079999999998,5
2878,1246,75,160,0,160,140,10,10,50,50,0,45,210,35,17825.220000000005,19975.0,-2149.779999999996,5
2879,1246,60,145,0,145,135,10,0,40,40,0,40,190,30,18942.66,17425.0,1517.6600000000008,5
2880,1246,45,180,0,180,130,15,35,40,40,0,40,170,55,37780.56,19125.0,18655.56,5
2881,1246,80,150,0,150,145,0,5,55,55,0,55,220,55,33746.80500000001,19550.0,14196.805000000004,5
2882,1246,60,165,0,165,165,0,0,20,20,0,20,220,5,2936.1600000000003,19125.0,-16188.84,5
2883,1246,55,170,0,170,145,5,20,45,45,0,40,195,35,19504.620000000003,19125.0,379.62000000000216,5
2884,1246,55,160,0,160,125,15,20,45,45,0,40,175,70,49435.3125,18275.0,31160.3125,5
2885,1246,60,175,0,175,165,0,10,35,35,0,30,220,30,16911.18,19975.0,-3063.8199999999983,5
2886,1246,50,170,0,170,155,15,0,40,40,0,40,200,45,33050.565,18700.0,14350.565000000002,5
2887,1246,85,155,0,155,145,0,10,20,20,0,20,225,30,20074.050000000003,20400.0,-325.949999999998,5
2888,1246,40,190,0,190,130,35,25,35,35,0,35,165,25,14136.300000000001,19550.0,-5413.699999999999,5
2889,1246,60,155,0,155,130,10,15,50,50,0,50,185,60,42189.71625,18275.0,23914.71625,5
2890,1246,85,145,0,145,130,15,0,45,45,0,45,210,50,30485.115,19550.0,10935.115000000002,5
2891,1246,50,170,0,170,110,25,35,40,40,0,40,155,55,36663.795,18700.0,17963.795,5
2892,1246,25,205,0,205,170,15,20,25,25,0,20,190,10,4960.8,19550.0,-14589.2,5
2893,1246,60,165,0,165,165,0,0,35,35,0,35,220,35,21582.449999999997,19125.0,2457.449999999999,5
2894,1246,50,175,0,175,145,5,25,40,40,0,40,190,30,19115.010000000002,19125.0,-9.989999999997963,5
2895,1246,75,175,0,175,155,20,0,35,35,0,35,225,35,19780.920000000002,21250.0,-1469.0799999999967,5
2896,1246,65,135,0,135,100,20,15,60,60,0,60,160,85,58449.6675,17000.0,41449.6675,5
2897,1246,140,135,0,135,125,0,10,35,35,0,35,260,25,13897.980000000003,23375.0,-9477.019999999997,5
2898,1246,75,155,0,155,100,40,15,60,60,0,60,170,40,23087.52,19550.0,3537.5199999999995,5
2899,1246,50,165,0,165,155,5,5,40,40,0,40,200,20,10404.72,18275.0,-7870.280000000001,5
2900,1246,60,180,0,180,115,35,30,55,55,0,55,170,75,52487.66250000001,20400.0,32087.662500000013,5
2901,1246,85,155,0,155,140,0,15,40,40,0,35,220,30,21103.74,20400.0,703.7400000000025,5
2902,1246,55,190,0,190,85,90,15,50,50,0,50,135,40,26248.59,20825.0,5423.589999999999,5
2903,1246,80,150,0,150,135,10,5,35,35,0,35,210,30,16883.100000000002,19550.0,-2666.8999999999983,5
2904,1246,55,145,0,145,110,25,10,40,40,0,40,160,25,17485.605000000003,17000.0,485.605000000005,5
2905,1246,65,175,0,175,175,0,0,35,35,0,35,235,10,5224.32,20400.0,-15175.68,5
2906,1246,75,160,0,160,140,0,20,40,40,0,40,210,35,22914.945000000007,19975.0,2939.945000000007,5
2907,1246,65,155,0,155,135,15,5,45,45,0,45,195,30,18959.4,18700.0,259.4000000000028,5
2908,1246,60,150,0,150,130,10,10,45,45,0,45,185,35,21228.75,17850.0,3378.75,5
2909,1246,80,160,0,160,115,15,30,40,40,0,40,190,35,22495.050000000003,20400.0,2095.050000000001,5
2910,1246,70,175,0,175,150,0,25,40,40,0,35,215,15,7946.640000000001,20825.0,-12878.359999999997,5
2911,1246,60,170,0,170,140,20,10,40,40,0,40,195,25,13387.680000000002,19550.0,-6162.319999999998,5
2912,1246,55,150,0,150,110,30,10,50,50,0,50,160,75,52493.25375,17425.0,35068.25375,5
2913,1246,95,135,0,135,125,5,5,45,45,0,45,215,30,16883.28,19550.0,-2666.7200000000003,5
2914,1246,55,170,0,170,150,5,15,40,40,0,40,200,35,21733.02,19125.0,2608.0200000000013,5
2915,1246,45,190,0,190,115,40,35,40,40,0,40,155,20,10997.1,19975.0,-8977.9,5
2916,1246,55,165,0,165,130,20,15,50,50,0,50,180,55,32154.300000000007,18700.0,13454.300000000007,5
2917,1246,65,165,0,165,160,0,5,35,35,0,30,220,5,2634.1200000000003,19550.0,-16915.88,5
2918,1246,85,160,0,160,120,35,5,40,40,0,35,200,55,36456.975000000006,20825.0,15631.975000000002,5
2919,1246,50,190,0,190,150,30,10,35,35,0,35,195,15,7602.120000000001,20400.0,-12797.880000000001,5
2920,1246,55,155,0,155,155,0,0,30,30,0,30,205,30,23528.587499999998,17850.0,5678.587499999999,5
2921,1246,65,170,0,170,155,0,15,25,25,0,25,215,15,7945.920000000001,19975.0,-12029.079999999998,5
2922,1246,95,160,0,160,155,0,5,50,50,0,50,245,35,19141.020000000004,21675.0,-2533.979999999997,5
2923,1246,55,165,0,165,140,10,15,40,40,0,40,190,70,48960.63000000001,18700.0,30260.630000000012,5
2924,1246,45,180,0,180,140,35,5,30,30,0,30,180,20,14066.820000000003,19125.0,-5058.179999999998,5
2925,1246,115,145,0,145,135,0,10,45,45,0,45,245,10,5268.240000000001,22100.0,-16831.76,5
2926,1246,70,155,0,155,155,0,0,30,30,0,30,220,40,27351.630000000005,19125.0,8226.630000000005,5
2927,1246,65,145,0,145,145,0,0,50,50,0,50,205,10,5023.800000000001,17850.0,-12826.199999999999,5
2928,1246,55,155,0,155,140,5,10,45,45,0,45,190,55,38405.0925,17850.0,20555.0925,5
2929,1246,65,160,0,160,145,15,0,40,40,0,40,205,45,26946.360000000004,19125.0,7821.360000000004,5
2930,1246,90,155,0,155,155,0,0,35,35,0,35,240,25,18521.775,20825.0,-2303.225,5
2931,1246,65,160,0,160,145,0,15,55,55,0,55,205,60,40730.445,19125.0,21605.445,5
2932,1246,60,170,0,170,125,20,25,50,50,0,50,180,45,25612.020000000004,19550.0,6062.020000000002,5
2933,1246,80,145,0,145,130,15,0,45,45,0,45,205,50,29772.180000000008,19125.0,10647.180000000008,5
2934,1246,110,130,0,130,130,0,0,40,40,0,40,235,45,29320.74,20400.0,8920.740000000002,5
2935,1246,80,160,0,160,150,0,10,40,40,0,40,225,15,7551.000000000002,20400.0,-12848.999999999998,5
2936,1246,45,175,0,175,175,0,0,40,40,0,40,215,25,14016.42,18700.0,-4683.58,5
2937,1246,55,190,0,190,150,20,20,50,50,0,50,200,35,19190.34,20825.0,-1634.659999999999,5
2938,1246,50,170,0,170,150,5,15,40,40,0,40,195,35,20170.260000000002,18700.0,1470.260000000003,5
2939,1246,65,145,0,145,95,45,5,55,55,0,55,155,70,48048.5475,17850.0,30198.547500000004,5
2940,1246,55,160,0,160,120,30,10,55,55,0,50,170,75,51533.325000000004,18275.0,33258.325000000004,5
2941,1246,85,160,0,160,135,15,10,55,55,0,55,215,55,32192.1,20825.0,11367.1,5
2942,1246,85,160,0,160,155,0,5,40,40,0,35,235,30,17066.7,20825.0,-3758.2999999999993,5
2943,1246,65,170,0,170,130,20,20,30,30,0,30,190,35,25075.214999999997,19975.0,5100.214999999998,5
2944,1246,105,145,0,145,145,0,0,30,30,0,30,245,35,19941.840000000004,21250.0,-1308.159999999998,5
2945,1246,115,150,0,150,150,0,0,30,30,0,30,260,10,4591.440000000001,22525.0,-17933.559999999998,5
2946,1246,110,120,0,120,120,0,0,70,70,0,70,225,50,26097.84,19550.0,6547.840000000001,5
2947,1246,60,165,0,165,140,5,20,35,35,0,35,195,15,8416.800000000001,19125.0,-10708.199999999999,5
2948,1246,45,185,0,185,115,40,30,45,45,0,40,155,25,14421.420000000002,19550.0,-5128.579999999997,5
2949,1246,40,180,0,180,140,30,10,35,35,0,35,175,20,15848.505000000005,18700.0,-2851.4949999999953,5
2950,1246,40,190,0,190,120,45,25,35,35,0,35,155,15,7522.200000000001,19550.0,-12027.8,5
2951,1246,65,145,0,145,135,5,5,55,55,0,55,195,35,19119.06,17850.0,1269.0600000000018,5
2952,1246,60,175,0,175,155,0,20,35,35,0,35,210,20,12035.7,19975.0,-7939.299999999998,5
2953,1246,50,200,0,200,125,45,30,35,35,0,35,170,35,20555.640000000003,21250.0,-694.359999999997,5
2954,1246,105,140,0,140,125,0,15,50,50,0,50,225,35,19119.06,20825.0,-1705.9399999999982,5
2955,1246,90,125,0,125,125,0,0,40,40,0,40,210,25,13703.220000000003,18275.0,-4571.779999999997,5
2956,1246,80,150,0,150,150,0,0,25,25,0,25,225,45,30916.507500000003,19550.0,11366.507500000003,5
2957,1246,50,155,0,155,135,15,5,45,45,0,45,180,25,13184.640000000001,17425.0,-4240.359999999999,5
2958,1246,55,185,0,185,180,0,5,35,35,0,35,230,10,5048.64,20400.0,-15351.36,5
2959,1246,90,165,0,165,150,0,15,40,40,0,40,235,20,9857.160000000002,21675.0,-11817.839999999998,5
2960,1246,55,150,0,150,145,0,5,45,45,0,45,195,55,30885.479999999996,17425.0,13460.479999999998,5
2961,1246,40,195,0,195,160,15,20,30,30,0,30,195,35,20353.68,19975.0,378.68000000000166,5
2962,1246,60,165,0,165,155,0,10,25,25,0,25,210,25,16189.29,19125.0,-2935.709999999999,5
2963,1246,55,170,0,170,130,0,40,50,50,0,50,180,65,46471.815,19125.0,27346.815000000006,5
2964,1246,120,135,0,135,135,0,0,50,50,0,50,250,40,22333.140000000003,21675.0,658.140000000003,5
2965,1246,75,150,0,150,145,0,5,45,45,0,45,215,45,35252.713125,19125.0,16127.713125000006,5
2966,1246,50,170,0,170,160,5,5,40,40,0,40,205,40,25813.89,18700.0,7113.890000000001,5
2967,1246,80,145,0,145,140,5,0,50,50,0,50,215,60,36251.91,19125.0,17126.910000000003,5
2968,1246,65,160,0,160,135,15,10,60,60,0,55,195,25,12950.640000000003,19125.0,-6174.359999999997,5
2969,1246,55,185,0,185,145,10,30,45,45,0,45,195,40,25328.070000000007,20400.0,4928.070000000007,5
2970,1246,95,135,0,135,130,0,5,60,60,0,55,220,45,26634.510000000002,19550.0,7084.51,5
2971,1246,55,170,0,170,160,0,10,45,45,0,45,210,45,27602.550000000003,19125.0,8477.550000000001,5
2972,1246,50,180,0,180,165,0,15,20,20,0,20,210,20,11326.5,19550.0,-8223.5,5
2973,1246,80,135,0,135,120,0,15,65,65,0,65,195,45,29551.769999999997,18275.0,11276.769999999997,5
2974,1246,35,195,0,195,190,0,5,15,15,0,10,220,5,2502.36,19550.0,-17047.64,5
2975,1246,95,140,0,140,125,15,0,40,40,0,35,215,35,20386.080000000005,19975.0,411.080000000004,5
2976,1246,50,170,0,170,135,30,5,45,45,0,45,180,40,25140.33,18700.0,6440.330000000004,5
2977,1246,50,175,0,175,140,20,15,50,50,0,45,185,50,37020.645000000004,19125.0,17895.645000000004,5
2978,1246,55,165,0,165,160,0,5,30,30,0,30,210,25,16535.52,18700.0,-2164.4799999999987,5
2979,1246,50,190,0,190,155,15,20,35,35,0,35,200,25,15672.960000000001,20400.0,-4727.039999999999,5
2980,1246,115,125,0,125,105,15,5,65,65,0,65,215,70,40389.02999999999,20400.0,19989.02999999999,5
2981,1246,45,185,0,185,155,25,5,35,35,0,35,195,25,14504.220000000001,19550.0,-5045.78,5
2982,1246,40,195,0,195,130,55,10,35,35,0,35,165,20,9615.24,19975.0,-10359.760000000002,5
2983,1246,70,160,0,160,125,15,20,60,60,0,55,190,50,27904.320000000007,19550.0,8354.320000000007,5
2984,1246,60,165,0,165,150,0,15,40,40,0,40,205,30,18285.66,19125.0,-839.3399999999997,5
2985,1246,45,185,0,185,135,40,10,40,40,0,40,175,50,27595.08,19550.0,8045.080000000003,5
2986,1246,60,155,0,155,150,0,5,45,45,0,45,205,30,18012.78,18275.0,-262.2199999999998,5
2987,1246,75,185,0,185,115,30,40,40,40,0,40,185,20,14197.050000000001,22100.0,-7902.949999999999,5
2988,1246,80,145,0,145,145,0,0,40,40,0,40,220,40,27774.09,19125.0,8649.09,5
2989,1246,100,145,0,145,120,5,20,45,45,0,45,215,40,27012.33,20825.0,6187.330000000002,5
2990,1246,75,160,0,160,145,0,15,50,50,0,45,215,35,21254.220000000005,19975.0,1279.2200000000048,5
2991,1246,115,135,0,135,115,0,20,65,65,0,60,225,70,42628.23,21250.0,21378.230000000003,5
2992,1246,100,140,0,140,130,10,0,40,40,0,40,225,45,25394.760000000002,20400.0,4994.760000000001,5
2993,1246,35,175,0,175,170,0,5,25,25,0,25,200,20,10161.720000000003,17850.0,-7688.279999999997,5
2994,1246,85,170,0,170,170,0,0,20,20,0,20,250,10,5092.560000000001,21675.0,-16582.44,5
2995,1246,75,150,0,150,150,0,0,30,30,0,30,220,10,5067.720000000001,19125.0,-14057.279999999999,5
2996,1246,85,160,0,160,140,0,20,25,25,0,25,220,30,18176.4,20825.0,-2648.599999999999,5
2997,1246,75,160,0,160,160,0,0,45,45,0,45,230,20,10497.6,19975.0,-9477.4,5
2998,1246,70,155,0,155,145,10,0,40,40,0,40,210,30,18621.0,19125.0,-503.99999999999864,5
2999,1246,90,145,0,145,120,15,10,40,40,0,40,205,80,59365.19250000001,19975.0,39390.19250000001,5
3000,1246,65,155,0,155,155,0,0,35,35,0,30,215,25,15043.680000000002,18700.0,-3656.3199999999983,5
3001,1246,75,170,0,170,150,0,20,30,30,0,30,220,5,2414.5200000000004,20825.0,-18410.48,5
3002,1246,50,175,0,175,140,0,35,35,35,0,35,185,25,12600.36,19125.0,-6524.639999999999,5
3003,1246,70,165,0,165,150,15,0,45,45,0,45,215,40,24166.890000000003,19975.0,4191.890000000003,5
3004,1246,55,175,0,175,150,20,5,35,35,0,35,200,35,19278.54,19550.0,-271.4599999999973,5
3005,1246,40,165,0,165,150,0,15,35,35,0,35,185,35,22595.040000000005,17425.0,5170.040000000004,5
3006,1246,50,175,0,175,160,0,15,40,40,0,40,205,40,24416.190000000002,19125.0,5291.190000000001,5
3007,1246,55,170,0,170,115,30,25,50,50,0,50,165,70,51279.350625,19125.0,32154.350625,5
3008,1246,75,165,0,165,160,0,5,25,25,0,25,230,5,2502.36,20400.0,-17897.64,5
3009,1246,80,160,0,160,160,0,0,40,40,0,40,235,30,16174.619999999999,20400.0,-4225.38,5
3010,1246,55,170,0,170,145,10,15,40,40,0,40,195,20,10658.880000000001,19125.0,-8466.119999999999,5
3011,1246,65,175,0,175,160,0,15,15,15,0,15,220,5,3029.0400000000004,20400.0,-17370.96,5
3012,1246,50,180,0,180,120,50,10,35,35,0,35,165,25,16488.000000000004,19550.0,-3061.999999999996,5
3013,1246,85,160,0,160,125,25,10,60,60,0,55,205,55,33482.79,20825.0,12657.79,5
3014,1246,45,170,0,170,130,10,30,40,40,0,40,170,25,16914.240000000005,18275.0,-1360.7599999999957,5
3015,1246,60,170,0,170,160,5,5,35,35,0,35,215,30,18735.030000000002,19550.0,-814.9699999999984,5
3016,1246,70,145,0,145,130,0,15,45,45,0,45,195,45,33632.46,18275.0,15357.460000000001,5
3017,1246,60,160,0,160,105,20,35,60,60,0,55,160,70,47595.329999999994,18700.0,28895.329999999994,5
3018,1246,55,160,0,160,130,10,20,40,40,0,40,180,15,7224.120000000001,18275.0,-11050.88,5
3019,1246,100,160,0,160,160,0,0,35,35,0,35,255,15,7388.280000000001,22100.0,-14711.720000000001,5
3020,1246,100,120,0,120,120,0,0,50,50,0,50,215,30,16404.300000000003,18700.0,-2295.699999999997,5
3021,1246,70,165,0,165,135,5,25,45,45,0,45,200,20,10530.0,19975.0,-9445.0,5
3022,1246,115,130,0,130,130,0,0,55,55,0,55,240,20,10455.84,20825.0,-10369.16,5
3023,1246,65,160,0,160,135,15,10,45,45,0,45,195,75,55411.98750000002,19125.0,36286.98750000002,5
3024,1246,90,130,0,130,120,0,10,40,40,0,40,205,80,64484.98031249999,18700.0,45784.98031249999,5
3025,1246,80,140,0,140,140,0,0,45,45,0,45,215,45,28326.960000000006,18700.0,9626.960000000008,5
3026,1246,60,155,0,155,120,10,25,55,55,0,55,175,30,15347.520000000002,18275.0,-2927.479999999998,5
3027,1246,40,185,0,185,130,35,20,35,35,0,35,165,40,25017.75,19125.0,5892.750000000001,5
3028,1246,65,170,0,170,150,15,5,45,45,0,45,210,35,21126.87,19975.0,1151.869999999999,5
3029,1246,90,165,0,165,140,5,20,55,55,0,55,225,20,10072.440000000002,21675.0,-11602.559999999998,5
3030,1246,55,175,0,175,160,0,15,40,40,0,40,210,35,19479.24,19550.0,-70.75999999999794,5
3031,1246,95,130,0,130,115,5,10,60,60,0,60,205,45,23255.280000000006,19125.0,4130.280000000007,5
3032,1246,80,150,0,150,125,5,20,65,65,0,65,200,35,17708.760000000006,19550.0,-1841.2399999999957,5
3033,1246,55,175,0,175,155,0,20,45,45,0,45,205,50,30368.520000000008,19550.0,10818.520000000008,5
3034,1246,50,170,0,170,150,10,10,40,40,0,35,195,45,32273.6625,18700.0,13573.6625,5
3035,1246,60,165,0,165,130,5,30,50,50,0,50,185,30,16158.420000000004,19125.0,-2966.5799999999967,5
3036,1246,30,175,0,175,165,0,10,25,25,0,25,190,30,19044.27,17425.0,1619.2700000000013,5
3037,1246,65,145,0,145,95,35,15,60,60,0,60,155,40,25075.71,17850.0,7225.709999999999,5
3038,1246,70,155,0,155,115,30,10,65,65,0,65,180,70,50998.77000000001,19125.0,31873.77000000001,5
3039,1246,50,185,0,185,165,0,20,30,30,0,30,210,20,11104.380000000001,19975.0,-8870.619999999999,5
3040,1246,85,145,0,145,140,0,5,25,25,0,25,220,35,25282.3725,19550.0,5732.372500000001,5
3041,1246,45,165,0,165,155,5,5,30,30,0,30,195,35,21370.950000000004,17850.0,3520.9500000000025,5
3042,1246,60,170,0,170,170,0,0,35,35,0,35,225,25,16602.21,19550.0,-2947.79,5
3043,1246,85,150,0,150,135,0,15,55,55,0,55,215,35,19380.420000000002,19975.0,-594.5799999999986,5
3044,1246,40,175,0,175,145,15,15,35,35,0,35,180,35,19792.800000000003,18275.0,1517.800000000002,5
3045,1246,50,175,0,175,145,15,15,45,45,0,45,190,30,18850.590000000004,19125.0,-274.40999999999804,5
3046,1246,65,165,0,165,100,35,30,60,60,0,60,160,60,39063.825000000004,19550.0,19513.825000000004,5
3047,1246,75,165,0,165,145,0,20,40,40,0,40,215,15,7961.4000000000015,20400.0,-12438.599999999999,5
3048,1246,100,130,0,130,120,0,10,55,55,0,55,215,25,13149.360000000004,19550.0,-6400.639999999996,5
3049,1246,75,155,0,155,130,15,10,40,40,0,35,200,55,37836.225000000006,19550.0,18286.22500000001,5
3050,1246,70,170,0,170,155,0,15,45,45,0,45,220,55,32531.670000000006,20400.0,12131.670000000004,5
3051,1246,95,150,0,150,145,0,5,50,50,0,50,235,20,10141.2,20825.0,-10683.8,5
3052,1246,55,165,0,165,160,5,0,35,35,0,35,210,35,21884.670000000002,18700.0,3184.670000000001,5
3053,1246,45,170,0,170,135,30,5,35,35,0,35,175,50,37689.13125,18275.0,19414.13125,5
3054,1246,70,150,0,150,130,10,10,55,55,0,55,195,40,22986.45,18700.0,4286.45,5
3055,1246,55,165,0,165,105,40,20,50,50,0,50,155,60,39609.3375,18700.0,20909.3375,5
3056,1246,40,180,0,180,165,10,5,35,35,0,35,200,25,15138.360000000002,18700.0,-3561.6399999999976,5
3057,1246,60,165,0,165,155,0,10,35,35,0,35,210,20,11103.84,19125.0,-8021.16,5
3058,1246,90,100,0,100,85,10,5,70,70,0,70,170,105,79022.36250000002,16150.0,62872.36250000002,5
3059,1246,70,155,0,155,150,0,5,40,40,0,40,215,25,12294.720000000001,19125.0,-6830.279999999998,5
3060,1246,40,190,0,190,135,30,25,35,35,0,35,170,25,13843.26,19550.0,-5706.74,5
3061,1246,45,180,0,180,140,10,30,25,25,0,25,180,25,13113.000000000002,19125.0,-6011.999999999998,5
3062,1246,85,150,0,150,130,0,20,45,45,0,45,210,40,27940.005000000005,19975.0,7965.005000000006,5
3063,1246,45,190,0,190,175,15,0,35,35,0,35,215,30,16529.940000000002,19975.0,-3445.0599999999986,5
3064,1246,90,155,0,155,155,0,0,25,25,0,25,240,35,23158.305,20825.0,2333.3050000000003,5
3065,1246,35,195,0,195,130,45,20,30,30,0,30,160,20,12489.840000000002,19550.0,-7060.159999999998,5
3066,1246,125,135,0,135,130,0,5,35,35,0,35,250,10,6431.58,22100.0,-15668.420000000002,5
3067,1246,50,175,0,175,145,10,20,35,35,0,35,190,15,7594.920000000001,19125.0,-11530.079999999998,5
3068,1246,45,165,0,165,130,15,20,40,40,0,40,170,60,41066.100000000006,17850.0,23216.100000000006,5
3069,1246,45,175,0,175,170,0,5,40,40,0,40,210,20,10536.12,18700.0,-8163.879999999999,5
3070,1246,110,125,0,125,120,0,5,40,40,0,40,225,40,26809.605000000003,19975.0,6834.605000000001,5
3071,1246,55,165,0,165,155,0,10,30,30,0,30,205,30,20294.640000000003,18700.0,1594.6400000000017,5
3072,1246,80,145,0,145,140,0,5,30,30,0,30,215,30,20600.820000000003,19125.0,1475.8200000000033,5
3073,1246,60,170,0,170,110,35,25,55,55,0,55,165,75,53249.07375000001,19550.0,33699.07375000001,5
3074,1246,55,185,0,185,170,0,15,30,30,0,30,220,20,10141.2,20400.0,-10258.8,5
3075,1246,75,180,0,180,160,10,10,25,25,0,20,230,15,8933.94,21675.0,-12741.06,5
3076,1246,60,175,0,175,155,5,15,40,40,0,35,210,20,11319.300000000001,19975.0,-8655.699999999999,5
3077,1246,70,180,0,180,120,15,45,50,50,0,45,185,35,19112.22,21250.0,-2137.78,5
3078,1246,45,165,0,165,155,0,10,40,40,0,35,195,50,31414.680000000004,17850.0,13564.680000000004,5
3079,1246,65,155,0,155,95,30,30,65,65,0,60,155,50,32655.33,18700.0,13955.330000000004,5
3080,1246,65,170,0,170,165,0,5,40,40,0,40,225,40,24343.38,19975.0,4368.380000000002,5
3081,1246,95,150,0,150,130,15,5,70,70,0,65,220,65,39244.5,20825.0,18419.500000000004,5
3082,1246,50,205,0,205,145,20,40,40,40,0,40,190,25,14233.680000000002,21675.0,-7441.319999999998,5
3083,1246,100,130,0,130,130,0,0,55,55,0,55,225,40,23157.72,19550.0,3607.7199999999993,5
3084,1246,45,175,0,175,160,10,5,30,30,0,30,200,20,9990.000000000002,18700.0,-8709.999999999998,5
3085,1246,90,155,0,155,155,0,0,25,25,0,25,240,20,11158.380000000001,20825.0,-9666.619999999999,5
3086,1246,60,155,0,155,125,15,15,45,45,0,45,180,45,25859.070000000007,18275.0,7584.070000000006,5
3087,1246,90,125,0,125,115,0,10,55,55,0,55,200,80,55767.645000000004,18275.0,37492.645000000004,5
3088,1246,50,145,0,145,130,0,15,45,45,0,45,175,55,35480.880000000005,16575.0,18905.88,5
3089,1246,90,145,0,145,140,0,5,30,30,0,30,225,60,43052.54625000001,19975.0,23077.546250000007,5
3090,1246,55,170,0,170,145,25,0,40,40,0,40,195,45,26021.52,19125.0,6896.52,5
3091,1246,30,195,0,195,160,25,10,25,25,0,25,185,10,4697.280000000001,19125.0,-14427.72,5
3092,1246,65,150,0,150,120,20,10,60,60,0,60,180,115,86416.55683593752,18275.0,68141.55683593752,5
3093,1246,85,155,0,155,145,5,5,50,50,0,50,225,40,28246.275000000005,20400.0,7846.275000000005,5
3094,1246,55,175,0,175,100,50,25,50,50,0,50,150,30,15191.280000000006,19550.0,-4358.719999999994,5
3095,1246,60,145,0,145,115,25,5,50,50,0,45,170,75,56717.83125000001,17425.0,39292.83125000001,5
3096,1246,95,140,0,140,135,0,5,45,45,0,40,225,25,12950.640000000003,19975.0,-7024.359999999997,5
3097,1246,60,165,0,165,115,30,20,55,55,0,55,170,25,12841.2,19125.0,-6283.799999999999,5
3098,1246,50,175,0,175,175,0,0,25,25,0,25,220,65,48860.14500000001,19125.0,29735.14500000001,5
3099,1246,90,165,0,165,155,10,0,40,40,0,40,240,15,7630.920000000001,21675.0,-14044.079999999998,5
3100,1246,115,125,0,125,105,20,0,60,60,0,60,215,65,40083.75,20400.0,19683.75,5
3101,1246,45,165,0,165,130,10,25,40,40,0,40,170,15,7279.560000000001,17850.0,-10570.439999999999,5
3102,1246,50,175,0,175,145,15,15,40,40,0,40,190,30,16155.540000000003,19125.0,-2969.459999999997,5
3103,1246,60,170,0,170,165,5,0,40,40,0,40,220,20,10296.36,19550.0,-9253.64,5
3104,1246,110,135,0,135,125,0,10,65,65,0,60,230,60,34832.61,20825.0,14007.61,5
3105,1246,100,145,0,145,130,10,5,45,45,0,45,225,50,34828.785,20825.0,14003.785000000007,5
3106,1246,75,170,0,170,165,0,5,40,40,0,40,235,25,12759.120000000003,20825.0,-8065.879999999997,5
3107,1246,60,160,0,160,145,15,0,30,30,0,30,200,55,44607.363750000004,18700.0,25907.363750000004,5
3108,1246,70,170,0,170,155,0,15,40,40,0,40,220,35,24227.235,20400.0,3827.2350000000006,5
3109,1246,55,175,0,175,165,5,5,45,45,0,45,215,25,12826.080000000002,19550.0,-6723.919999999998,5
3110,1246,70,170,0,170,145,0,25,35,35,0,35,210,15,8696.880000000001,20400.0,-11703.119999999999,5
3111,1246,50,180,0,180,145,0,35,30,30,0,25,190,15,9153.54,19550.0,-10396.46,5
3112,1246,40,180,0,180,160,0,20,35,35,0,30,195,5,2502.36,18700.0,-16197.64,5
3113,1246,60,175,0,175,95,55,25,55,55,0,55,150,35,18806.940000000002,19975.0,-1168.0599999999959,5
3114,1246,40,175,0,175,140,15,20,35,35,0,35,175,25,17572.05,18275.0,-702.9500000000007,5
3115,1246,85,160,0,160,150,0,10,30,30,0,30,230,15,7638.84,20825.0,-13186.16,5
3116,1246,45,160,0,160,140,10,10,40,40,0,40,180,65,42715.845,17425.0,25290.845,5
3117,1246,100,150,0,150,135,0,15,40,40,0,40,230,70,47315.2725,21250.0,26065.2725,5
3118,1246,130,145,0,145,145,0,0,40,40,0,40,270,20,11416.140000000003,23375.0,-11958.859999999997,5
3119,1246,35,200,0,200,145,35,20,30,30,0,30,175,25,14992.200000000003,19975.0,-4982.799999999997,5
3120,1246,55,160,0,160,130,15,15,55,55,0,50,180,75,53294.827500000014,18275.0,35019.827500000014,5
3121,1246,15,215,0,215,155,55,5,0,0,0,0,165,0,0.0,19550.0,-19550.0,5
3122,1246,55,165,0,165,145,0,20,50,50,0,50,195,20,10491.480000000001,18700.0,-8208.519999999999,5
3123,1246,100,135,0,135,130,0,5,65,65,0,65,225,65,35622.270000000004,19975.0,15647.270000000008,5
3124,1246,30,195,0,195,180,0,15,25,25,0,25,205,20,11546.100000000002,19125.0,-7578.899999999999,5
3125,1246,105,140,0,140,135,5,0,60,60,0,60,235,40,22535.640000000003,20825.0,1710.640000000003,5
3126,1246,140,145,0,145,145,0,0,25,25,0,25,280,15,7507.080000000001,24225.0,-16717.92,5
3127,1246,50,165,0,165,125,10,30,40,40,0,40,170,35,23949.540000000008,18275.0,5674.540000000006,5
3128,1246,55,165,0,165,160,0,5,30,30,0,30,210,15,7089.120000000002,18700.0,-11610.879999999997,5
3129,1246,50,185,0,185,125,20,40,45,45,0,45,170,40,23545.890000000003,19975.0,3570.890000000004,5
3130,1246,30,195,0,195,165,20,10,30,30,0,25,190,30,16586.820000000003,19125.0,-2538.1799999999976,5
3131,1246,90,135,0,135,125,5,5,45,45,0,45,210,20,10236.240000000002,19125.0,-8888.759999999998,5
3132,1246,50,170,0,170,145,0,25,45,45,0,45,190,30,17699.760000000002,18700.0,-1000.2399999999989,5
3133,1246,50,195,0,195,125,40,30,50,50,0,45,170,40,24749.82,20825.0,3924.8199999999997,5
3134,1246,100,145,0,145,130,10,5,35,35,0,35,225,50,33861.465000000004,20825.0,13036.465000000004,5
3135,1246,50,175,0,175,125,30,20,45,45,0,45,170,25,13949.28,19125.0,-5175.719999999999,5
3136,1246,70,165,0,165,150,0,15,25,25,0,25,215,25,15761.52,19975.0,-4213.48,5
3137,1246,50,200,0,200,125,40,35,45,45,0,45,170,20,9965.52,21250.0,-11284.48,5
3138,1246,60,140,0,140,135,0,5,55,55,0,55,190,55,31330.26,17000.0,14330.259999999998,5
3139,1246,65,155,0,155,140,10,5,60,60,0,60,200,45,28990.125000000004,18700.0,10290.125000000004,5
3140,1246,65,160,0,160,140,15,5,50,50,0,50,200,35,18205.920000000002,19125.0,-919.079999999999,5
3141,1246,60,160,0,160,110,15,35,45,45,0,45,165,40,24084.360000000008,18700.0,5384.360000000006,5
3142,1246,80,145,0,145,125,10,10,60,60,0,55,200,40,23312.700000000004,19125.0,4187.700000000004,5
3143,1246,50,185,0,185,185,0,0,25,25,0,25,230,10,5097.600000000001,19975.0,-14877.399999999998,5
3144,1246,90,150,0,150,145,0,5,45,45,0,45,230,25,14022.18,20400.0,-6377.82,5
3145,1246,105,140,0,140,125,0,15,50,50,0,50,225,55,35253.990000000005,20825.0,14428.990000000009,5
3146,1246,85,150,0,150,150,0,0,35,35,0,35,230,15,7714.440000000002,19975.0,-12260.559999999998,5
3147,1246,50,170,0,170,135,30,5,40,40,0,40,180,25,13848.300000000001,18700.0,-4851.699999999999,5
3148,1246,70,155,0,155,125,25,5,45,45,0,45,190,60,40218.1425,19125.0,21093.1425,5
3149,1246,100,140,0,140,130,0,10,50,50,0,50,225,20,11263.860000000002,20400.0,-9136.139999999998,5
3150,1246,30,195,0,195,160,0,35,25,25,0,25,185,5,2634.1200000000003,19125.0,-16490.88,5
3151,1246,125,135,0,135,110,20,5,45,45,0,45,230,35,21028.770000000004,22100.0,-1071.229999999996,5
3152,1246,60,165,0,165,130,30,5,45,45,0,45,185,70,50897.2275,19125.0,31772.2275,5
3153,1246,70,155,0,155,155,0,0,40,40,0,35,220,35,21155.400000000005,19125.0,2030.4000000000042,5
3154,1246,35,155,0,155,155,0,0,30,30,0,25,185,35,27968.535000000003,16150.0,11818.535000000002,5
3155,1246,110,135,0,135,130,0,5,45,45,0,45,235,60,40758.77250000001,20825.0,19933.77250000001,5
3156,1246,70,165,0,165,130,10,25,35,35,0,35,195,55,39596.35500000001,19975.0,19621.355000000007,5
3157,1246,50,170,0,170,160,10,0,20,20,0,15,205,35,22434.300000000003,18700.0,3734.300000000003,5
3158,1246,45,165,0,165,150,0,15,40,40,0,40,190,80,58955.61375000002,17850.0,41105.61375000002,5
3159,1246,115,140,0,140,100,30,10,55,55,0,55,210,45,30242.00250000001,21675.0,8567.002500000008,5
3160,1246,45,165,0,165,165,0,0,35,35,0,35,205,50,31582.710000000006,17850.0,13732.710000000006,5
3161,1246,50,185,0,185,150,15,20,25,25,0,20,195,25,13702.500000000002,19975.0,-6272.499999999998,5
3162,1246,85,150,0,150,150,0,0,25,25,0,25,230,10,7108.380000000001,19975.0,-12866.619999999999,5
3163,1246,60,165,0,165,160,5,0,45,45,0,45,215,25,13371.48,19125.0,-5753.52,5
3164,1246,40,185,0,185,165,0,20,25,25,0,25,200,5,2502.36,19125.0,-16622.64,5
3165,1246,55,165,0,165,165,0,0,45,45,0,45,215,35,20918.699999999997,18700.0,2218.699999999999,5
3166,1246,35,190,0,190,155,0,35,35,35,0,30,185,45,26912.880000000005,19125.0,7787.880000000005,5
3167,1246,45,180,0,180,155,5,20,30,30,0,30,195,15,8207.640000000001,19125.0,-10917.359999999999,5
3168,1246,50,175,0,175,165,5,5,35,35,0,30,210,20,11194.740000000002,19125.0,-7930.259999999998,5
3169,1246,70,155,0,155,145,10,0,25,25,0,25,210,35,23585.490000000005,19125.0,4460.490000000004,5
3170,1246,85,140,0,140,125,0,15,45,45,0,45,205,30,17773.920000000002,19125.0,-1351.0799999999972,5
3171,1246,50,165,0,165,130,10,25,45,45,0,45,175,50,32742.202500000003,18275.0,14467.202500000003,5
3172,1246,70,165,0,165,165,0,0,40,40,0,40,230,10,4924.800000000001,19975.0,-15050.2,5
3173,1246,85,145,0,145,125,0,20,50,50,0,50,205,50,29252.430000000004,19550.0,9702.430000000004,5
3174,1246,65,140,0,140,115,25,0,55,55,0,55,175,55,32657.22,17425.0,15232.220000000001,5
3175,1246,90,135,0,135,115,0,20,45,45,0,45,200,65,42931.17000000001,19125.0,23806.170000000013,5
3176,1246,60,145,0,145,130,10,5,55,55,0,55,185,45,25374.150000000005,17425.0,7949.150000000004,5
3177,1246,60,155,0,155,90,50,15,45,45,0,45,145,60,40612.90500000001,18275.0,22337.90500000001,5
3178,1246,135,130,0,130,115,0,15,40,40,0,40,245,25,13937.58,22525.0,-8587.42,5
3179,1246,90,125,0,125,120,5,0,60,60,0,60,205,45,25900.560000000005,18275.0,7625.560000000005,5
3180,1246,60,155,0,155,135,5,15,40,40,0,40,190,40,34508.08125,18275.0,16233.08125,5
3181,1246,60,170,0,170,135,5,30,40,40,0,40,190,30,20556.765000000007,19550.0,1006.7650000000049,5
3182,1246,85,165,0,165,130,10,25,60,60,0,60,210,40,19755.36,21250.0,-1494.6399999999994,5
3183,1246,40,200,0,200,145,25,30,35,35,0,35,180,10,5224.32,20400.0,-15175.68,5
3184,1246,85,160,0,160,135,10,15,50,50,0,50,215,15,7246.440000000001,20825.0,-13578.559999999998,5
3185,1246,100,130,0,130,130,0,0,55,55,0,55,225,45,28036.890000000003,19550.0,8486.890000000003,5
3186,1246,95,140,0,140,135,5,0,50,50,0,50,225,35,23260.365000000005,19975.0,3285.365000000006,5
3187,1246,45,165,0,165,155,5,5,40,40,0,40,195,35,21207.33,17850.0,3357.3300000000017,5
3188,1246,65,165,0,165,150,0,15,35,35,0,35,210,25,14127.480000000003,19550.0,-5422.519999999997,5
3189,1246,45,170,0,170,155,0,15,40,40,0,40,195,35,20374.2,18275.0,2099.2000000000007,5
3190,1246,110,150,0,150,145,0,5,25,25,0,25,250,15,8014.68,22100.0,-14085.32,5
3191,1246,85,150,0,150,130,0,20,65,65,0,65,210,50,27773.10000000001,19975.0,7798.100000000009,5
3192,1246,110,135,0,135,115,0,20,50,50,0,50,220,55,39682.305,20825.0,18857.305,5
3193,1246,75,140,0,140,135,5,0,50,50,0,50,205,35,19286.280000000002,18275.0,1011.2800000000016,5
3194,1246,35,170,0,170,155,15,0,25,25,0,25,185,30,19919.700000000004,17425.0,2494.7000000000025,5
3195,1246,70,165,0,165,155,0,10,20,20,0,20,220,45,34128.01687500001,19975.0,14153.016875000008,5
3196,1246,50,185,0,185,100,50,35,45,45,0,45,145,25,14113.620000000003,19975.0,-5861.379999999997,5
3197,1246,95,150,0,150,130,15,5,45,45,0,45,220,25,12750.120000000003,20825.0,-8074.879999999998,5
3198,1246,60,150,0,150,125,10,15,55,55,0,55,180,70,50338.62,17850.0,32488.620000000003,5
3199,1246,120,120,0,120,120,0,0,45,45,0,40,235,60,43073.415000000015,20400.0,22673.415000000015,5
3200,1246,65,160,0,160,155,0,5,20,20,0,20,215,10,4827.960000000001,19125.0,-14297.039999999999,5
3201,1246,70,165,0,165,155,0,10,35,35,0,35,220,5,2257.5600000000004,19975.0,-17717.44,5
3202,1246,85,160,0,160,135,5,20,45,45,0,45,215,40,27475.2,20825.0,6650.2,5
3203,1246,70,145,0,145,125,5,15,45,45,0,40,190,50,36024.18750000001,18275.0,17749.187500000007,5
3204,1246,45,180,0,180,150,0,30,45,45,0,40,190,40,25680.96000000001,19125.0,6555.960000000009,5
3205,1246,105,145,0,145,135,0,10,30,30,0,30,235,30,18849.510000000002,21250.0,-2400.49,5
3206,1246,45,180,0,180,170,10,0,30,30,0,30,210,55,38050.695,19125.0,18925.695,5
3207,1246,60,140,0,140,135,5,0,55,55,0,55,190,45,26472.420000000006,17000.0,9472.420000000006,5
3208,1246,65,190,0,190,155,0,35,25,25,0,25,215,10,5092.560000000001,21675.0,-16582.44,5
3209,1246,45,165,0,165,150,15,0,30,30,0,30,190,30,16330.860000000002,17850.0,-1519.1399999999976,5
3210,1246,45,165,0,165,135,25,5,40,40,0,40,175,20,10370.16,17850.0,-7479.839999999999,5
3211,1246,75,160,0,160,140,15,5,55,55,0,55,210,45,28157.175000000003,19975.0,8182.175000000002,5
3212,1246,55,160,0,160,120,25,15,55,55,0,50,170,40,22193.820000000007,18275.0,3918.820000000005,5
3213,1246,70,175,0,175,155,0,20,30,30,0,30,220,15,7111.800000000001,20825.0,-13713.199999999999,5
3214,1246,55,155,0,155,130,10,15,45,45,0,45,180,45,32728.45500000001,17850.0,14878.455000000009,5
3215,1246,55,165,0,165,115,25,25,55,55,0,50,165,55,36418.81500000001,18700.0,17718.81500000001,5
3216,1246,75,150,0,150,140,10,0,45,45,0,45,210,40,25194.240000000005,19125.0,6069.240000000004,5
3217,1246,50,155,0,155,120,25,10,35,35,0,35,165,100,77843.2471875,17425.0,60418.24718750001,5
3218,1246,70,155,0,155,150,0,5,50,50,0,50,215,40,24948.090000000004,19125.0,5823.090000000002,5
3219,1246,100,135,0,135,135,0,0,45,45,0,45,230,25,12511.800000000003,19975.0,-7463.199999999997,5
3220,1246,65,155,0,155,135,5,15,55,55,0,55,195,75,49849.875,18700.0,31149.875,5
3221,1246,125,120,0,120,105,0,15,55,55,0,55,225,65,35827.11,20825.0,15002.110000000002,5
3222,1246,85,140,0,140,140,0,0,40,40,0,40,220,70,51122.598750000005,19125.0,31997.598750000005,5
3223,1246,80,150,0,150,150,0,0,30,30,0,30,225,25,12994.2,19550.0,-6555.799999999999,5
3224,1246,60,160,0,160,145,10,5,45,45,0,45,200,20,10953.18,18700.0,-7746.82,5
3225,1246,55,175,0,175,155,0,20,30,30,0,30,205,20,10045.080000000002,19550.0,-9504.919999999998,5
3226,1246,50,155,0,155,125,10,20,40,40,0,35,170,30,20287.800000000003,17425.0,2862.800000000002,5
3227,1246,90,155,0,155,145,10,0,50,50,0,50,230,35,20017.260000000002,20825.0,-807.7399999999989,5
3228,1246,40,195,0,195,140,15,40,25,25,0,25,175,25,13872.78,19975.0,-6102.219999999999,5
3229,1246,60,170,0,170,115,50,5,55,55,0,55,170,60,34453.98,19550.0,14903.980000000001,5
3230,1246,45,175,0,175,150,15,10,40,40,0,40,190,25,13623.84,18700.0,-5076.16,5
3231,1246,65,145,0,145,145,0,0,45,45,0,45,205,10,5662.440000000001,17850.0,-12187.559999999998,5
3232,1246,85,155,0,155,145,0,10,45,45,0,40,225,30,16880.22,20400.0,-3519.7800000000007,5
3233,1246,95,135,0,135,135,0,0,35,35,0,35,225,55,38096.7525,19550.0,18546.752500000002,5
3234,1246,100,145,0,145,135,10,0,45,45,0,45,230,20,11348.46,20825.0,-9476.54,5
3235,1246,40,185,0,185,165,5,15,25,25,0,25,200,30,17616.420000000002,19125.0,-1508.5799999999972,5
3236,1246,70,175,0,175,175,0,0,25,25,0,25,240,0,0.0,20825.0,-20825.0,5
3237,1246,65,185,0,185,170,0,15,25,25,0,25,230,15,7323.840000000001,21250.0,-13926.16,5
3238,1246,40,200,0,200,155,15,30,35,35,0,35,190,35,21424.049999999996,20400.0,1024.0499999999975,5
3239,1246,90,145,0,145,110,0,35,50,50,0,45,195,40,21460.86,19975.0,1485.8600000000024,5
3240,1246,55,165,0,165,165,0,0,25,25,0,25,215,15,7910.280000000001,18700.0,-10789.72,5
3241,1246,50,160,0,160,110,40,10,45,45,0,45,155,50,31736.790000000005,17850.0,13886.790000000005,5
3242,1246,50,160,0,160,140,5,15,30,30,0,30,185,60,43990.155000000006,17850.0,26140.155000000006,5
3243,1246,110,130,0,130,130,0,0,40,40,0,40,235,40,25293.33,20400.0,4893.330000000001,5
3244,1246,45,180,0,180,165,10,5,40,40,0,40,205,15,6360.120000000002,19125.0,-12764.879999999997,5
3245,1246,45,175,0,175,175,0,0,35,35,0,30,215,25,14574.42,18700.0,-4125.58,5
3246,1246,75,155,0,155,150,5,0,45,45,0,40,220,40,27568.395,19550.0,8018.395,5
3247,1246,80,175,0,175,175,0,0,20,20,0,20,250,20,12376.62,21675.0,-9298.38,5
3248,1246,75,160,0,160,160,0,0,30,30,0,30,230,30,20694.015,19975.0,719.0149999999994,5
3249,1246,90,135,0,135,135,0,0,45,45,0,40,220,45,31619.565000000006,19125.0,12494.565000000006,5
3250,1246,50,180,0,180,160,10,10,50,50,0,45,205,40,27510.120000000003,19550.0,7960.120000000002,5
3251,1246,70,155,0,155,135,5,15,50,50,0,45,200,35,20699.100000000002,19125.0,1574.100000000003,5
3252,1246,30,195,0,195,180,0,15,25,25,0,25,205,15,7551.0,19125.0,-11574.0,5
3253,1246,85,145,0,145,145,0,0,50,50,0,50,225,50,33640.020000000004,19550.0,14090.020000000004,5
3254,1246,60,175,0,175,175,0,0,35,35,0,35,230,15,7726.680000000001,19975.0,-12248.32,5
3255,1246,60,170,0,170,145,0,25,40,40,0,35,200,55,37083.8475,19550.0,17533.847500000003,5
3256,1246,105,130,0,130,100,5,25,60,60,0,60,200,65,46329.0975,19975.0,26354.097500000007,5
3257,1246,70,175,0,175,155,0,20,45,45,0,45,220,30,15321.6,20825.0,-5503.4,5
3258,1246,50,185,0,185,160,0,25,25,25,0,25,205,55,41355.41625000001,19975.0,21380.41625000001,5
3259,1246,55,160,0,160,145,10,5,40,40,0,35,195,40,22920.480000000003,18275.0,4645.480000000002,5
3260,1246,70,165,0,165,140,5,20,30,30,0,30,205,45,34615.935000000005,19975.0,14640.935000000005,5
3261,1246,30,190,0,190,165,15,10,25,25,0,25,190,20,11568.060000000001,18700.0,-7131.94,5
3262,1246,70,160,0,160,140,20,0,40,40,0,40,205,55,35192.475000000006,19550.0,15642.475000000004,5
3263,1246,55,160,0,160,150,5,5,50,50,0,50,200,75,58440.673125,18275.0,40165.673125,5
3264,1246,100,130,0,130,120,0,10,35,35,0,35,215,30,18832.050000000003,19550.0,-717.9499999999962,5
3265,1246,105,150,0,150,145,0,5,50,50,0,45,245,30,15670.080000000002,21675.0,-6004.919999999997,5
3266,1246,60,155,0,155,135,10,10,55,55,0,55,190,60,35502.66,18275.0,17227.66,5
3267,1246,80,160,0,160,140,10,10,45,45,0,45,215,30,18696.15,20400.0,-1703.85,5
3268,1246,60,170,0,170,135,5,30,55,55,0,55,190,25,13752.180000000004,19550.0,-5797.819999999997,5
3269,1246,55,175,0,175,145,20,10,35,35,0,30,195,55,34767.090000000004,19550.0,15217.090000000004,5
3270,1246,50,165,0,165,160,5,0,35,35,0,35,205,35,28260.427500000005,18275.0,9985.427500000005,5
3271,1246,60,175,0,175,170,0,5,15,15,0,15,225,10,5487.4800000000005,19975.0,-14487.52,5
3272,1246,75,155,0,155,155,0,0,40,40,0,40,225,65,39686.04,19550.0,20136.04,5
3273,1246,70,135,0,135,130,0,5,55,55,0,50,195,65,47240.482500000006,17425.0,29815.482500000006,5
3274,1246,55,155,0,155,145,0,10,45,45,0,45,195,65,46095.0075,17850.0,28245.0075,5
3275,1246,80,150,0,150,135,0,15,45,45,0,40,210,45,28258.47,19550.0,8708.470000000001,5
3276,1246,75,165,0,165,155,0,10,35,35,0,35,225,25,13918.320000000002,20400.0,-6481.6799999999985,5
3277,1246,45,175,0,175,160,0,15,35,35,0,35,200,30,20737.935,18700.0,2037.9350000000022,5
3278,1246,55,170,0,170,150,0,20,40,40,0,40,200,15,9450.360000000002,19125.0,-9674.639999999998,5
3279,1246,75,160,0,160,130,10,20,40,40,0,40,200,10,5224.32,19975.0,-14750.68,5
3280,1246,70,165,0,165,150,10,5,35,35,0,35,215,25,14060.16,19975.0,-5914.839999999999,5
3281,1246,85,140,0,140,130,0,10,50,50,0,50,210,30,15554.880000000003,19125.0,-3570.119999999997,5
3282,1246,75,150,0,150,140,0,10,25,25,0,25,210,50,33052.229999999996,19125.0,13927.23,5
3283,1246,70,170,0,170,170,0,0,25,25,0,25,235,25,16361.910000000003,20400.0,-4038.0899999999974,5
3284,1246,65,170,0,170,130,35,5,35,35,0,35,190,65,48314.71125,19975.0,28339.71125,5
3285,1246,50,185,0,185,110,50,25,45,45,0,45,155,35,24267.555000000008,19975.0,4292.555000000007,5
3286,1246,50,175,0,175,150,5,20,35,35,0,35,195,30,20037.15,19125.0,912.1500000000015,5
3287,1246,75,160,0,160,120,20,20,65,65,0,60,190,50,28422.0,19975.0,8446.999999999998,5
3288,1246,65,180,0,180,100,55,25,60,60,0,60,160,60,39261.442500000005,20825.0,18436.442500000005,5
3289,1246,50,180,0,180,145,25,10,35,35,0,35,190,30,18482.49,19550.0,-1067.5099999999975,5
3290,1246,50,185,0,185,150,15,20,40,40,0,40,195,30,17123.58,19975.0,-2851.4199999999983,5
3291,1246,65,165,0,165,135,15,15,40,40,0,40,195,35,20065.5,19550.0,515.5000000000018,5
3292,1246,110,140,0,140,130,0,10,60,60,0,60,235,35,19085.58,21250.0,-2164.419999999998,5
3293,1246,70,135,0,135,130,5,0,55,55,0,55,195,70,43373.520000000004,17425.0,25948.520000000008,5
3294,1246,80,150,0,150,145,0,5,40,40,0,35,220,35,21330.54,19550.0,1780.5400000000009,5
3295,1246,135,135,0,135,130,0,5,50,50,0,50,260,25,14459.940000000002,22950.0,-8490.059999999998,5
3296,1246,65,160,0,160,145,0,15,50,50,0,50,205,40,21423.780000000002,19125.0,2298.7800000000016,5
3297,1246,50,190,0,190,115,40,35,45,45,0,45,160,20,11699.820000000002,20400.0,-8700.179999999998,5
3298,1246,60,155,0,155,150,0,5,45,45,0,45,205,30,14926.32,18275.0,-3348.6799999999994,5
3299,1246,60,165,0,165,155,10,0,40,40,0,40,210,50,29722.500000000004,19125.0,10597.500000000004,5
3300,1246,60,165,0,165,155,0,10,35,35,0,30,210,20,10821.42,19125.0,-8303.58,5
3301,1246,55,160,0,160,115,25,20,50,50,0,50,165,25,14055.660000000003,18275.0,-4219.339999999997,5
3302,1246,55,170,0,170,135,20,15,40,40,0,40,185,25,13656.42,19125.0,-5468.58,5
3303,1246,40,165,0,165,125,15,25,30,30,0,30,160,15,8846.1,17425.0,-8578.9,5
3304,1246,55,150,0,150,150,0,0,35,35,0,35,200,20,10344.960000000001,17425.0,-7080.039999999999,5
3305,1246,55,185,0,185,125,25,35,50,50,0,50,175,30,17480.16,20400.0,-2919.8399999999992,5
3306,1246,100,135,0,135,125,10,0,45,45,0,45,220,60,41918.3775,19975.0,21943.377500000006,5
3307,1246,85,150,0,150,125,25,0,50,50,0,50,205,50,32636.340000000004,19975.0,12661.340000000004,5
3308,1246,75,145,0,145,140,5,0,50,50,0,50,210,50,31147.47,18700.0,12447.470000000003,5
3309,1246,55,155,0,155,150,0,5,30,30,0,30,200,20,10755.54,17850.0,-7094.459999999999,5
3310,1246,110,145,0,145,145,0,0,35,35,0,35,250,50,33117.975000000006,21675.0,11442.975000000006,5
3311,1246,80,160,0,160,150,0,10,35,35,0,35,225,35,18988.020000000004,20400.0,-1411.9799999999964,5
3312,1246,70,155,0,155,135,15,5,45,45,0,45,200,35,22710.060000000005,19125.0,3585.060000000003,5
3313,1246,80,160,0,160,140,15,5,45,45,0,45,215,40,23027.4,20400.0,2627.4000000000024,5
3314,1246,65,155,0,155,150,0,5,55,55,0,55,210,25,13519.080000000002,18700.0,-5180.919999999998,5
3315,1246,85,140,0,140,135,0,5,30,30,0,30,215,40,25034.489999999998,19125.0,5909.489999999996,5
3316,1246,125,155,0,155,145,0,10,30,30,0,30,265,15,8868.060000000001,23800.0,-14931.939999999999,5
3317,1246,45,185,0,185,160,15,10,35,35,0,35,200,30,16296.300000000001,19550.0,-3253.699999999999,5
3318,1246,105,135,0,135,120,5,10,55,55,0,55,220,30,17768.16,20400.0,-2631.8399999999997,5
3319,1246,55,175,0,175,160,0,15,20,20,0,20,210,15,10569.15,19550.0,-8980.85,5
3320,1246,65,155,0,155,120,20,15,60,60,0,60,180,75,48398.33250000002,18700.0,29698.332500000015,5
3321,1246,45,185,0,185,125,20,40,40,40,0,40,165,35,21921.03,19550.0,2371.0300000000007,5
3322,1246,50,170,0,170,140,15,15,40,40,0,40,185,65,45016.582500000004,18700.0,26316.582500000004,5
3323,1246,95,135,0,135,120,0,15,50,50,0,50,210,25,13327.200000000003,19550.0,-6222.799999999997,5
3324,1246,75,170,0,170,155,0,15,35,35,0,30,225,20,13170.330000000002,20825.0,-7654.669999999998,5
3325,1246,75,145,0,145,145,0,0,40,40,0,40,215,50,31750.920000000006,18700.0,13050.920000000006,5
3326,1246,70,175,0,175,100,45,30,65,65,0,60,165,30,15388.2,20825.0,-5436.799999999998,5
3327,1246,80,150,0,150,150,0,0,40,40,0,40,225,15,7744.68,19550.0,-11805.32,5
3328,1246,45,160,0,160,120,40,0,40,40,0,40,160,20,9645.480000000003,17425.0,-7779.519999999998,5
3329,1246,65,150,0,150,140,10,0,40,40,0,40,200,30,15763.320000000003,18275.0,-2511.6799999999967,5
3330,1246,105,160,0,160,155,0,5,20,20,0,20,255,10,6190.02,22525.0,-16334.98,5
3331,1246,105,140,0,140,135,0,5,45,45,0,40,235,20,10523.880000000001,20825.0,-10301.119999999999,5
3332,1246,135,120,0,120,115,0,5,35,35,0,35,245,60,41870.564999999995,21675.0,20195.564999999995,5
3333,1246,30,175,0,175,145,25,5,25,25,0,25,170,25,16192.350000000002,17425.0,-1232.6499999999987,5
3334,1246,45,160,0,160,160,0,0,30,30,0,25,200,45,32114.6775,17425.0,14689.677500000002,5
3335,1246,45,170,0,170,110,25,35,40,40,0,35,150,60,42331.185000000005,18275.0,24056.185000000005,5
3336,1246,40,195,0,195,130,30,35,35,35,0,35,165,15,11107.170000000002,19975.0,-8867.829999999998,5
3337,1246,90,145,0,145,135,5,5,60,60,0,60,220,55,35958.689999999995,19975.0,15983.689999999997,5
3338,1246,85,165,0,165,125,40,0,25,25,0,25,205,15,7686.360000000002,21250.0,-13563.639999999998,5
3339,1246,95,135,0,135,135,0,0,50,50,0,50,225,35,20249.190000000002,19550.0,699.1900000000032,5
3340,1246,55,175,0,175,115,25,35,55,55,0,50,165,45,33038.55,19550.0,13488.550000000005,5
3341,1246,85,140,0,140,135,0,5,50,50,0,45,215,25,14158.620000000003,19125.0,-4966.379999999997,5
3342,1246,35,180,0,180,165,5,10,30,30,0,30,195,20,11709.9,18275.0,-6565.1,5
3343,1246,50,175,0,175,125,40,10,45,45,0,45,170,35,21475.620000000003,19125.0,2350.6200000000035,5
3344,1246,55,175,0,175,140,10,25,35,35,0,35,190,55,41623.7625,19550.0,22073.762499999993,5
3345,1246,105,150,0,150,120,10,20,45,45,0,45,220,40,21341.7,21675.0,-333.2999999999993,5
3346,1246,70,165,0,165,145,15,5,55,55,0,55,210,50,30162.510000000006,19975.0,10187.510000000006,5
3347,1246,25,195,0,195,160,15,20,20,20,0,20,180,15,9021.78,18700.0,-9678.22,5
3348,1246,60,165,0,165,165,0,0,40,40,0,40,220,20,10290.240000000002,19125.0,-8834.759999999998,5
3349,1246,60,190,0,190,155,10,25,30,30,0,30,210,10,5092.560000000001,21250.0,-16157.439999999999,5
3350,1246,55,175,0,175,130,15,30,40,40,0,40,180,45,33110.46000000001,19550.0,13560.460000000006,5
3351,1246,45,160,0,160,150,0,10,35,35,0,35,190,40,25366.140000000007,17425.0,7941.140000000005,5
3352,1246,55,160,0,160,145,0,15,50,50,0,50,195,40,24825.33000000001,18275.0,6550.330000000008,5
3353,1246,80,155,0,155,130,25,0,60,60,0,60,205,35,19033.38,19975.0,-941.6199999999981,5
3354,1246,55,175,0,175,165,0,10,35,35,0,35,215,25,16462.890000000003,19550.0,-3087.109999999998,5
3355,1246,60,170,0,170,145,5,20,55,55,0,55,200,40,24564.780000000006,19550.0,5014.780000000005,5
3356,1246,45,195,0,195,150,10,35,30,30,0,30,190,10,5136.4800000000005,20400.0,-15263.519999999999,5
3357,1246,50,180,0,180,115,25,40,50,50,0,45,160,60,41496.16500000001,19550.0,21946.165000000008,5
3358,1246,50,165,0,165,135,10,20,50,50,0,45,180,60,39135.19500000001,18275.0,20860.195000000003,5
3359,1246,95,160,0,160,135,0,25,50,50,0,50,225,35,23690.7,21675.0,2015.7000000000016,5
3360,1246,75,130,0,130,100,10,20,70,70,0,65,170,45,24163.379999999997,17425.0,6738.379999999997,5
3361,1246,55,170,0,170,120,25,25,40,40,0,40,170,40,21704.220000000005,19125.0,2579.220000000005,5
3362,1246,50,180,0,180,135,35,10,35,35,0,35,180,25,14474.340000000002,19550.0,-5075.659999999998,5
3363,1246,65,160,0,160,155,0,5,40,40,0,40,215,40,24702.39,19125.0,5577.39,5
3364,1246,50,185,0,185,150,0,35,20,20,0,20,195,20,11066.940000000002,19975.0,-8908.059999999998,5
3365,1246,40,160,0,160,150,5,5,35,35,0,35,185,20,10820.34,17000.0,-6179.659999999999,5
3366,1246,60,185,0,185,135,15,35,60,60,0,55,190,35,21506.039999999997,20825.0,681.0399999999981,5
3367,1246,50,180,0,180,150,0,30,30,30,0,30,195,50,33937.604999999996,19550.0,14387.605,5
3368,1246,65,160,0,160,150,0,10,35,35,0,35,210,35,23220.54,19125.0,4095.540000000001,5
3369,1246,90,130,0,130,115,0,15,60,60,0,60,200,55,35542.89,18700.0,16842.890000000003,5
3370,1246,55,160,0,160,115,25,20,50,50,0,50,165,25,13694.04,18275.0,-4580.96,5
3371,1246,85,160,0,160,160,0,0,50,50,0,50,240,35,18287.280000000002,20825.0,-2537.719999999997,5
3372,1246,65,150,0,150,145,0,5,25,25,0,25,205,65,53089.998750000006,18275.0,34814.998750000006,5
3373,1246,55,165,0,165,155,0,10,35,35,0,35,205,20,10381.32,18700.0,-8318.68,5
3374,1246,85,140,0,140,130,5,5,55,55,0,55,210,35,19141.019999999997,19125.0,16.019999999998618,5
3375,1246,45,175,0,175,175,0,0,35,35,0,35,215,10,5575.320000000001,18700.0,-13124.679999999998,5
3376,1246,80,165,0,165,160,0,5,30,30,0,30,235,30,15910.200000000003,20825.0,-4914.799999999997,5
3377,1246,105,130,0,130,130,0,0,55,55,0,50,230,20,10009.440000000002,19975.0,-9965.559999999998,5
3378,1246,50,170,0,170,135,30,5,35,35,0,35,180,60,42764.130000000005,18700.0,24064.130000000005,5
3379,1246,125,130,0,130,130,0,0,55,55,0,55,250,35,18690.300000000003,21675.0,-2984.699999999998,5
3380,1246,60,155,0,155,135,5,15,35,35,0,35,190,65,47910.67875,18275.0,29635.67875,5
3381,1246,105,145,0,145,125,15,5,25,25,0,25,225,25,17405.55,21250.0,-3844.4499999999994,5
3382,1246,60,175,0,175,150,10,15,25,25,0,25,205,10,5134.68,19975.0,-14840.32,5
3383,1246,50,160,0,160,130,20,10,35,35,0,35,175,10,4614.840000000001,17850.0,-13235.159999999998,5
3384,1246,65,165,0,165,120,20,25,60,60,0,60,180,75,48416.625,19550.0,28866.625000000004,5
3385,1246,60,145,0,145,115,20,10,50,50,0,45,170,45,28618.65000000001,17425.0,11193.650000000007,5
3386,1246,55,165,0,165,150,5,10,40,40,0,40,200,25,12599.280000000002,18700.0,-6100.719999999997,5
3387,1246,55,175,0,175,165,5,5,30,30,0,30,215,40,25628.309999999998,19550.0,6078.309999999997,5
3388,1246,50,160,0,160,150,0,10,40,40,0,35,195,20,11490.300000000003,17850.0,-6359.699999999998,5
3389,1246,45,165,0,165,130,10,25,40,40,0,40,170,30,24227.482500000002,17850.0,6377.482500000001,5
3390,1246,50,170,0,170,140,5,25,30,30,0,30,185,30,19150.245000000003,18700.0,450.24500000000216,5
3391,1246,55,165,0,165,165,0,0,25,25,0,20,215,5,3029.0400000000004,18700.0,-15670.96,5
3392,1246,75,140,0,140,115,0,25,45,45,0,45,185,40,24996.42,18275.0,6721.419999999998,5
3393,1246,70,150,0,150,125,25,0,60,60,0,60,190,30,18010.440000000002,18700.0,-689.5599999999968,5
3394,1246,75,170,0,170,170,0,0,30,30,0,30,240,30,20932.245000000003,20825.0,107.24500000000262,5
3395,1246,50,160,0,160,155,0,5,45,45,0,45,200,40,22593.780000000002,17850.0,4743.780000000002,5
3396,1246,50,175,0,175,165,0,10,30,30,0,30,210,25,17230.86,19125.0,-1894.1399999999999,5
3397,1246,60,165,0,165,135,30,0,35,35,0,35,190,25,15255.720000000001,19125.0,-3869.279999999999,5
3398,1246,40,165,0,165,160,5,0,35,35,0,35,195,15,8033.760000000002,17425.0,-9391.239999999998,5
3399,1246,60,170,0,170,120,15,35,55,55,0,55,175,60,38799.18,19550.0,19249.18,5
3400,1246,50,170,0,170,130,15,25,45,45,0,45,175,20,10618.380000000001,18700.0,-8081.619999999998,5
3401,1246,65,170,0,170,160,5,5,25,25,0,25,220,10,5224.32,19975.0,-14750.68,5
3402,1246,65,165,0,165,160,0,5,40,40,0,40,220,20,10059.12,19550.0,-9490.88,5
3403,1246,115,145,0,145,135,0,10,40,40,0,40,245,15,9094.86,22100.0,-13005.14,5
3404,1246,115,145,0,145,145,0,0,35,35,0,35,255,45,29335.410000000007,22100.0,7235.410000000006,5
3405,1246,85,165,0,165,140,10,15,50,50,0,50,220,20,10093.68,21250.0,-11156.32,5
3406,1246,60,170,0,170,170,0,0,35,35,0,35,225,25,12870.36,19550.0,-6679.639999999999,5
3407,1246,45,185,0,185,150,5,30,40,40,0,40,190,20,10229.04,19550.0,-9320.96,5
3408,1246,90,140,0,140,140,0,0,40,40,0,40,225,30,16181.100000000002,19550.0,-3368.8999999999987,5
3409,1246,40,175,0,175,165,0,10,30,30,0,30,200,25,16562.34,18275.0,-1712.6599999999985,5
3410,1246,60,170,0,170,165,0,5,35,35,0,35,220,20,11262.060000000001,19550.0,-8287.939999999999,5
3411,1246,65,170,0,170,155,10,5,35,35,0,35,215,25,17000.73,19975.0,-2974.269999999999,5
3412,1246,70,145,0,145,145,0,0,55,55,0,55,210,50,29819.43,18275.0,11544.430000000002,5
3413,1246,60,170,0,170,165,0,5,50,50,0,50,220,45,27284.670000000002,19550.0,7734.670000000001,5
3414,1246,45,185,0,185,130,5,50,40,40,0,40,170,35,22759.47,19550.0,3209.470000000001,5
3415,1246,75,135,0,135,125,10,0,55,55,0,55,195,65,40254.840000000004,17850.0,22404.840000000004,5
3416,1246,80,140,0,140,140,0,0,40,40,0,40,215,40,33435.99000000001,18700.0,14735.99000000001,5
3417,1246,45,175,0,175,145,5,25,35,35,0,35,185,40,26690.850000000006,18700.0,7990.850000000005,5
3418,1246,40,180,0,180,160,15,5,35,35,0,35,195,45,35424.556874999995,18700.0,16724.556875,5
3419,1246,40,195,0,195,185,0,10,15,15,0,15,220,10,5471.639999999999,19975.0,-14503.36,5
3420,1246,90,135,0,135,135,0,0,45,45,0,45,220,35,19769.670000000002,19125.0,644.670000000001,5
3421,1246,50,190,0,190,130,20,40,40,40,0,40,175,15,8146.440000000001,20400.0,-12253.559999999998,5
3422,1246,70,155,0,155,155,0,0,35,35,0,35,220,35,22935.510000000002,19125.0,3810.510000000004,5
3423,1246,35,195,0,195,165,10,20,30,30,0,30,195,20,10353.960000000003,19550.0,-9196.039999999997,5
3424,1246,55,180,0,180,165,0,15,30,30,0,30,215,0,0.0,19975.0,-19975.0,5
3425,1246,45,185,0,185,165,15,5,35,35,0,35,205,15,9162.54,19550.0,-10387.460000000001,5
3426,1246,65,170,0,170,135,15,20,30,30,0,30,195,30,19407.555,19975.0,-567.4449999999979,5
3427,1246,50,175,0,175,160,0,15,30,30,0,30,205,20,12340.980000000001,19125.0,-6784.019999999999,5
3428,1246,55,170,0,170,165,0,5,25,25,0,25,215,20,10381.68,19125.0,-8743.32,5
3429,1246,90,150,0,150,150,0,0,40,40,0,40,235,40,21451.860000000008,20400.0,1051.860000000006,5
3430,1246,65,160,0,160,155,0,5,40,40,0,40,215,45,28988.550000000003,19125.0,9863.550000000005,5
3431,1246,45,175,0,175,125,35,15,40,40,0,40,165,30,19068.480000000003,18700.0,368.48000000000184,5
3432,1246,90,170,0,170,120,40,10,40,40,0,40,205,25,13750.740000000003,22100.0,-8349.259999999997,5
3433,1246,75,160,0,160,150,0,10,55,55,0,55,220,40,21401.820000000003,19975.0,1426.8200000000024,5
3434,1246,55,190,0,190,135,20,35,50,50,0,50,185,45,26889.66,20825.0,6064.659999999999,5
3435,1246,60,165,0,165,110,20,35,45,45,0,45,165,40,26505.360000000004,19125.0,7380.360000000005,5
3436,1246,75,160,0,160,145,15,0,40,40,0,40,215,30,17047.08,19975.0,-2927.919999999999,5
3437,1246,80,140,0,140,140,0,0,50,50,0,50,215,45,27867.33,18700.0,9167.330000000002,5
3438,1246,90,155,0,155,135,0,20,50,50,0,50,220,40,23392.799999999996,20825.0,2567.7999999999975,5
3439,1246,55,175,0,175,175,0,0,20,20,0,20,225,15,7463.16,19550.0,-12086.84,5
3440,1246,65,175,0,175,160,5,10,15,15,0,15,220,25,15037.740000000002,20400.0,-5362.259999999998,5
3441,1246,55,175,0,175,140,10,25,50,50,0,50,190,50,30463.92,19550.0,10913.919999999998,5
3442,1246,95,150,0,150,125,20,5,45,45,0,45,215,45,26995.995000000003,20825.0,6170.995000000003,5
3443,1246,65,175,0,175,170,0,5,30,30,0,30,230,15,7551.0,20400.0,-12849.0,5
3444,1246,45,170,0,170,135,15,20,40,40,0,40,175,75,53628.547500000015,18275.0,35353.547500000015,5
3445,1246,75,135,0,135,115,15,5,65,65,0,60,185,80,54591.87375000001,17850.0,36741.87375000001,5
3446,1246,75,135,0,135,125,10,0,60,60,0,60,195,30,18658.440000000002,17850.0,808.4400000000005,5
3447,1246,65,185,0,185,110,45,30,50,50,0,50,170,50,30123.809999999998,21250.0,8873.809999999998,5
3448,1246,85,140,0,140,105,30,5,55,55,0,55,185,35,19360.08,19125.0,235.08000000000266,5
3449,1246,95,140,0,140,95,5,40,75,75,0,70,185,50,32891.58,19975.0,12916.580000000004,5
3450,1246,60,145,0,145,145,0,0,40,40,0,40,200,55,38690.6175,17425.0,21265.617500000004,5
3451,1246,40,180,0,180,130,40,10,35,35,0,35,165,15,9603.900000000001,18700.0,-9096.099999999999,5
3452,1246,40,170,0,170,165,0,5,20,20,0,20,200,0,0.0,17850.0,-17850.0,5
3453,1246,40,185,0,185,115,60,10,40,40,0,35,150,60,42540.457500000004,19125.0,23415.457500000004,5
3454,1246,50,190,0,190,165,0,25,45,45,0,45,210,20,10515.96,20400.0,-9884.04,5
3455,1246,60,175,0,175,135,5,35,20,20,0,20,190,25,16768.53,19975.0,-3206.4699999999993,5
3456,1246,90,140,0,140,125,5,10,55,55,0,50,210,30,16711.02,19550.0,-2838.979999999999,5
3457,1246,80,140,0,140,120,5,15,45,45,0,45,195,35,18284.58,18700.0,-415.4199999999969,5
3458,1246,70,150,0,150,110,35,5,60,60,0,60,175,65,42661.1475,18700.0,23961.1475,5
3459,1246,95,150,0,150,140,0,10,45,45,0,45,230,15,7888.680000000002,20825.0,-12936.319999999998,5
3460,1246,90,155,0,155,115,10,30,45,45,0,45,200,60,38473.245,20825.0,17648.245000000003,5
3461,1246,50,175,0,175,175,0,0,30,30,0,30,220,30,17296.92,19125.0,-1828.08,5
3462,1246,170,125,0,125,125,0,0,30,30,0,30,290,5,2634.1200000000003,25075.0,-22440.879999999997,5
3463,1246,70,150,0,150,140,0,10,50,50,0,50,205,35,18988.56,18700.0,288.5600000000022,5
3464,1246,60,160,0,160,150,5,5,35,35,0,35,205,35,22475.790000000008,18700.0,3775.7900000000063,5
3465,1246,30,180,0,180,160,10,10,25,25,0,25,185,5,2414.5200000000004,17850.0,-15435.48,5
3466,1246,75,160,0,160,125,20,15,50,50,0,50,195,25,12525.120000000003,19975.0,-7449.879999999998,5
3467,1246,85,150,0,150,140,0,10,35,35,0,35,220,50,29347.65000000001,19975.0,9372.650000000009,5
3468,1246,55,180,0,180,180,0,0,25,25,0,25,230,40,25573.815000000002,19975.0,5598.815000000004,5
3469,1246,40,170,0,170,140,5,25,35,35,0,35,175,15,9021.78,17850.0,-8828.22,5
3470,1246,65,160,0,160,95,20,45,55,55,0,55,155,45,27979.380000000005,19125.0,8854.380000000005,5
3471,1246,75,155,0,155,150,0,5,40,40,0,40,220,45,25880.040000000005,19550.0,6330.040000000004,5
3472,1246,95,145,0,145,130,15,0,35,35,0,35,220,65,50054.86125,20400.0,29654.86125,5
3473,1246,90,165,0,165,145,5,15,60,60,0,60,230,45,24132.420000000002,21675.0,2457.420000000002,5
3474,1246,80,160,0,160,120,35,5,50,50,0,50,195,30,16014.78,20400.0,-4385.219999999999,5
3475,1246,145,130,0,130,125,0,5,25,25,0,25,265,15,9124.02,23375.0,-14250.98,5
3476,1246,50,165,0,165,165,0,0,40,40,0,40,210,20,11603.34,18275.0,-6671.66,5
3477,1246,100,155,0,155,145,0,10,45,45,0,45,240,5,2546.28,21675.0,-19128.72,5
3478,1246,65,170,0,170,165,0,5,25,25,0,25,225,5,2358.3600000000006,19975.0,-17616.64,5
3479,1246,60,165,0,165,160,0,5,30,30,0,30,215,35,20435.850000000002,19125.0,1310.8500000000026,5
3480,1246,50,170,0,170,165,0,5,25,25,0,25,210,25,17143.56,18700.0,-1556.4399999999978,5
3481,1246,65,165,0,165,150,0,15,35,35,0,30,210,35,22652.865,19550.0,3102.8650000000016,5
3482,1246,70,170,0,170,160,0,10,30,30,0,30,225,30,18479.520000000004,20400.0,-1920.4799999999955,5
3483,1246,60,160,0,160,160,0,0,40,40,0,40,215,40,22118.040000000005,18700.0,3418.0400000000054,5
3484,1246,40,165,0,165,160,5,0,30,30,0,30,195,30,18526.86,17425.0,1101.8600000000015,5
3485,1246,45,165,0,165,130,20,15,40,40,0,40,170,40,33178.62937500001,17850.0,15328.62937500001,5
3486,1246,80,170,0,170,165,5,0,30,30,0,30,240,15,8030.880000000001,21250.0,-13219.119999999999,5
3487,1246,55,180,0,180,175,0,5,15,15,0,15,225,10,6255.900000000001,19975.0,-13719.099999999999,5
3488,1246,90,140,0,140,135,5,0,60,60,0,60,220,25,12831.840000000002,19550.0,-6718.159999999998,5
3489,1246,80,155,0,155,145,0,10,30,30,0,30,220,35,24758.460000000006,19975.0,4783.460000000005,5
3490,1246,105,140,0,140,140,0,0,45,45,0,45,240,20,11041.02,20825.0,-9783.98,5
3491,1246,60,175,0,175,110,40,25,55,55,0,55,165,30,16436.340000000004,19975.0,-3538.6599999999953,5
3492,1246,60,145,0,145,120,10,15,45,45,0,40,175,55,34681.950000000004,17425.0,17256.95,5
3493,1246,80,155,0,155,155,0,0,40,40,0,40,230,20,10492.560000000001,19975.0,-9482.439999999999,5
3494,1246,75,160,0,160,135,0,25,50,50,0,50,205,40,23027.310000000005,19975.0,3052.3100000000068,5
3495,1246,90,160,0,160,120,35,5,70,70,0,65,205,35,18408.960000000003,21250.0,-2841.039999999998,5
3496,1246,40,175,0,175,150,10,15,35,35,0,35,185,25,12712.680000000002,18275.0,-5562.319999999998,5
3497,1246,100,150,0,150,135,15,0,35,35,0,35,230,15,8753.58,21250.0,-12496.419999999998,5
3498,1246,45,160,0,160,145,10,5,40,40,0,40,185,50,29933.820000000007,17425.0,12508.820000000005,5
3499,1246,85,145,0,145,140,5,0,50,50,0,50,220,30,16364.700000000003,19550.0,-3185.2999999999975,5
3500,1246,70,155,0,155,145,0,10,65,65,0,60,210,55,31915.62000000001,19125.0,12790.620000000008,5
3501,1246,55,165,0,165,105,30,30,50,50,0,50,155,65,47454.339374999996,18700.0,28754.339375,5
3502,1246,60,170,0,170,125,20,25,60,60,0,55,180,65,38772.630000000005,19550.0,19222.63000000001,5
3503,1246,50,180,0,180,135,15,30,35,35,0,35,180,25,13490.820000000003,19550.0,-6059.179999999997,5
3504,1246,55,175,0,175,140,20,15,50,50,0,50,190,25,14045.940000000002,19550.0,-5504.059999999998,5
3505,1246,80,150,0,150,125,0,25,55,55,0,55,200,25,16386.39,19550.0,-3163.6099999999988,5
3506,1246,25,215,0,215,145,30,40,20,20,0,20,165,5,2739.2400000000002,20400.0,-17660.760000000002,5
3507,1246,50,185,0,185,155,25,5,40,40,0,40,200,20,11491.740000000002,19975.0,-8483.259999999998,5
3508,1246,30,170,0,170,170,0,0,20,20,0,20,195,25,15696.630000000003,17000.0,-1303.3699999999976,5
3509,1246,110,130,0,130,110,5,15,40,40,0,40,215,50,33192.94500000001,20400.0,12792.945000000003,5
3510,1246,80,145,0,145,135,0,10,55,55,0,55,210,40,23735.7,19125.0,4610.700000000002,5
3511,1246,35,180,0,180,165,10,5,30,30,0,30,195,30,25106.05125,18275.0,6831.05125,5
3512,1246,50,160,0,160,125,10,25,45,45,0,45,170,25,13543.380000000001,17850.0,-4306.619999999998,5
3513,1246,85,160,0,160,145,0,15,25,25,0,20,225,35,25011.585000000006,20825.0,4186.585000000005,5
3514,1246,35,165,0,165,140,15,10,30,30,0,30,170,50,35041.905,17000.0,18041.905000000002,5
3515,1246,95,155,0,155,130,0,25,30,30,0,30,220,20,11937.780000000002,21250.0,-9312.219999999998,5
3516,1246,80,145,0,145,105,15,25,70,70,0,70,180,30,17670.420000000006,19125.0,-1454.5799999999963,5
3517,1246,75,155,0,155,95,35,25,50,50,0,45,165,10,5099.4000000000015,19550.0,-14450.599999999999,5
3518,1246,65,165,0,165,150,5,10,40,40,0,40,210,15,7382.880000000001,19550.0,-12167.119999999999,5
3519,1246,75,155,0,155,140,0,15,45,45,0,45,210,10,5136.4800000000005,19550.0,-14413.519999999999,5
3520,1246,70,160,0,160,145,5,10,60,60,0,60,210,65,38471.310000000005,19550.0,18921.31000000001,5
3521,1246,50,185,0,185,140,25,20,45,45,0,45,185,20,10144.440000000002,19975.0,-9830.559999999998,5
3522,1246,50,180,0,180,145,30,5,35,35,0,35,190,25,12743.280000000002,19550.0,-6806.7199999999975,5
3523,1246,75,155,0,155,155,0,0,35,35,0,35,225,15,9087.66,19550.0,-10462.34,5
3524,1246,65,165,0,165,120,10,35,60,60,0,55,180,40,23904.450000000004,19550.0,4354.450000000006,5
3525,1246,120,140,0,140,140,0,0,30,30,0,30,255,25,14418.54,22100.0,-7681.459999999999,5
3526,1246,70,165,0,165,155,10,0,45,45,0,45,220,25,13143.060000000001,19975.0,-6831.94,5
3527,1246,55,180,0,180,130,20,30,50,50,0,50,180,25,15902.100000000002,19975.0,-4072.8999999999974,5
3528,1246,65,155,0,155,130,15,10,50,50,0,50,190,30,16878.780000000002,18700.0,-1821.2199999999984,5
3529,1246,55,170,0,170,150,0,20,45,45,0,45,200,35,18854.100000000002,19125.0,-270.8999999999969,5
3530,1246,125,140,0,140,140,0,0,35,35,0,35,260,20,11342.160000000002,22525.0,-11182.839999999998,5
3531,1246,30,195,0,195,150,10,35,25,25,0,25,175,40,25921.170000000002,19125.0,6796.170000000002,5
3532,1246,80,175,0,175,145,0,30,20,20,0,20,220,0,0.0,21675.0,-21675.0,5
3533,1246,120,130,0,130,120,0,10,55,55,0,55,235,35,18395.82,21250.0,-2854.179999999999,5
3534,1246,40,165,0,165,140,5,20,35,35,0,35,175,35,20391.840000000004,17425.0,2966.8400000000042,5
3535,1246,60,165,0,165,130,10,25,35,35,0,35,185,40,25011.135,19125.0,5886.134999999999,5
3536,1246,105,145,0,145,140,0,5,35,35,0,35,240,10,4895.640000000001,21250.0,-16354.359999999999,5
3537,1246,85,140,0,140,140,0,0,50,50,0,50,220,55,30810.420000000006,19125.0,11685.420000000004,5
3538,1246,50,185,0,185,145,20,20,40,40,0,35,190,20,10461.6,19975.0,-9513.4,5
3539,1246,90,145,0,145,135,10,0,50,50,0,50,220,40,24257.520000000004,19975.0,4282.520000000004,5
3540,1246,70,150,0,150,140,0,10,45,45,0,45,205,35,18833.940000000006,18700.0,133.9400000000046,5
3541,1246,55,155,0,155,130,15,10,55,55,0,50,180,20,11117.700000000003,17850.0,-6732.299999999997,5
3542,1246,55,185,0,185,165,10,10,45,45,0,45,215,15,7638.84,20400.0,-12761.16,5
3543,1246,95,140,0,140,130,0,10,45,45,0,45,220,20,9763.2,19975.0,-10211.8,5
3544,1246,50,165,0,165,160,0,5,35,35,0,35,205,15,7205.04,18275.0,-11069.960000000001,5
3545,1246,45,185,0,185,130,35,20,40,40,0,40,170,65,47022.080625,19550.0,27472.080625,5
3546,1246,65,150,0,150,135,5,10,50,50,0,50,195,60,36420.39000000001,18275.0,18145.390000000007,5
3547,1246,70,135,0,135,135,0,0,50,50,0,50,200,75,52634.11500000002,17425.0,35209.11500000002,5
3548,1246,65,170,0,170,165,0,5,50,50,0,50,225,40,20007.0,19975.0,32.000000000000455,5
3549,1246,55,160,0,160,150,5,5,50,50,0,50,200,25,16661.430000000004,18275.0,-1613.5699999999974,5
3550,1246,65,150,0,150,125,20,5,40,40,0,40,185,70,47749.3425,18275.0,29474.342500000002,5
3551,1246,40,180,0,180,125,35,20,35,35,0,35,160,35,26093.002500000002,18700.0,7393.002500000002,5
3552,1246,50,170,0,170,130,30,10,35,35,0,35,175,40,24705.450000000004,18700.0,6005.450000000005,5
3553,1246,75,160,0,160,130,0,30,50,50,0,45,200,20,9997.2,19975.0,-9977.8,5
3554,1246,60,175,0,175,145,5,25,40,40,0,40,200,25,14294.340000000002,19975.0,-5680.659999999998,5
3555,1246,60,170,0,170,155,0,15,30,30,0,30,210,15,9620.100000000002,19550.0,-9929.899999999998,5
3556,1246,50,175,0,175,150,15,10,40,40,0,40,195,35,21887.370000000006,19125.0,2762.3700000000053,5
3557,1246,75,155,0,155,140,0,15,45,45,0,45,210,80,55606.095,19550.0,36056.095,5
3558,1246,35,180,0,180,155,20,5,30,30,0,30,185,50,32877.45000000001,18275.0,14602.450000000008,5
3559,1246,50,170,0,170,140,10,20,45,45,0,45,185,35,21365.010000000002,18700.0,2665.010000000002,5
3560,1246,60,175,0,175,175,0,0,35,35,0,35,230,40,25970.355,19975.0,5995.355,5
3561,1246,75,150,0,150,150,0,0,45,45,0,45,220,55,35445.33000000001,19125.0,16320.330000000009,5
3562,1246,85,140,0,140,130,0,10,40,40,0,35,210,15,7287.4800000000005,19125.0,-11837.52,5
3563,1246,125,120,0,120,120,0,0,45,45,0,45,240,40,24162.390000000007,20825.0,3337.390000000005,5
3564,1246,85,145,0,145,135,0,10,40,40,0,35,215,25,16282.260000000002,19550.0,-3267.739999999999,5
3565,1246,80,150,0,150,140,10,0,45,45,0,45,215,25,13172.04,19550.0,-6377.959999999998,5
3566,1246,55,155,0,155,150,0,5,50,50,0,50,200,45,25185.420000000006,17850.0,7335.420000000004,5
3567,1246,30,210,0,210,145,25,40,25,25,0,25,170,15,7399.440000000002,20400.0,-13000.559999999998,5
3568,1246,45,175,0,175,155,0,20,25,25,0,25,195,40,26322.93,18700.0,7622.930000000001,5
3569,1246,80,155,0,155,100,30,25,65,65,0,65,175,35,18547.200000000004,19975.0,-1427.7999999999975,5
3570,1246,50,130,0,130,80,35,15,50,50,0,45,125,95,68038.4840625,15300.0,52738.48406250001,5
3571,1246,50,170,0,170,140,0,30,45,45,0,45,185,45,28896.21,18700.0,10196.210000000001,5
3572,1246,75,155,0,155,125,15,15,65,65,0,65,195,45,25102.440000000002,19550.0,5552.440000000001,5
3573,1246,75,145,0,145,145,0,0,40,40,0,35,215,45,26618.22,18700.0,7918.220000000001,5
3574,1246,85,145,0,145,135,0,10,45,45,0,45,215,25,12880.44,19550.0,-6669.5599999999995,5
3575,1246,80,140,0,140,135,0,5,35,35,0,35,210,60,44469.140625,18700.0,25769.140625,5
3576,1246,65,155,0,155,135,5,15,40,40,0,35,195,55,38018.25000000001,18700.0,19318.250000000007,5
3577,1246,75,155,0,155,140,0,15,45,45,0,45,210,25,12819.240000000002,19550.0,-6730.759999999998,5
3578,1246,45,200,0,200,145,15,40,40,40,0,40,185,40,24547.5,20825.0,3722.5,5
3579,1246,65,180,0,180,160,0,20,25,25,0,20,220,10,5092.560000000001,20825.0,-15732.439999999999,5
3580,1246,95,135,0,135,120,0,15,55,55,0,55,210,60,36913.005000000005,19550.0,17363.005000000005,5
3581,1246,60,175,0,175,135,25,15,50,50,0,50,190,40,26369.01,19975.0,6394.009999999998,5
3582,1246,60,160,0,160,160,0,0,35,35,0,35,215,20,11128.86,18700.0,-7571.14,5
3583,1246,80,145,0,145,130,0,15,60,60,0,60,205,20,12106.800000000001,19125.0,-7018.199999999999,5
3584,1246,90,155,0,155,135,15,5,40,40,0,40,220,15,9773.82,20825.0,-11051.18,5
3585,1246,30,200,0,200,185,5,10,25,25,0,25,210,10,5011.200000000001,19550.0,-14538.8,5
3586,1246,60,170,0,170,160,5,5,45,45,0,40,215,25,15562.080000000002,19550.0,-3987.919999999999,5
3587,1246,100,125,0,125,115,0,10,40,40,0,35,210,30,18694.98,19125.0,-430.0199999999995,5
3588,1246,65,150,0,150,135,0,15,55,55,0,55,195,30,22579.965000000004,18275.0,4304.965000000002,5
3589,1246,75,155,0,155,145,0,10,55,55,0,55,215,55,32840.46000000001,19550.0,13290.460000000003,5
3590,1246,30,190,0,190,160,5,25,25,25,0,25,185,20,11045.699999999999,18700.0,-7654.300000000001,5
3591,1246,40,185,0,185,155,15,15,35,35,0,35,190,20,10674.36,19125.0,-8450.64,5
3592,1246,105,140,0,140,135,0,5,45,45,0,45,235,25,12962.52,20825.0,-7862.4800000000005,5
3593,1246,45,180,0,180,150,5,25,45,45,0,40,190,25,16155.810000000003,19125.0,-2969.1899999999964,5
3594,1246,165,135,0,135,130,0,5,45,45,0,45,290,15,7507.080000000001,25500.0,-17992.92,5
3595,1246,90,160,0,160,120,30,10,50,50,0,50,205,45,27722.61,21250.0,6472.61,5
3596,1246,70,175,0,175,140,0,35,35,35,0,35,205,25,16328.61,20825.0,-4496.389999999999,5
3597,1246,45,175,0,175,145,0,30,35,35,0,35,185,25,14005.44,18700.0,-4694.5599999999995,5
3598,1246,125,145,0,145,120,15,10,25,25,0,25,240,20,14453.46,22950.0,-8496.54,5
3599,1246,50,165,0,165,155,5,5,40,40,0,35,200,40,24670.350000000002,18275.0,6395.350000000003,5
3600,1246,95,160,0,160,160,0,0,30,30,0,30,250,20,10580.04,21675.0,-11094.96,5
3601,1246,75,165,0,165,165,0,0,20,20,0,20,235,25,16319.61,20400.0,-4080.39,5
3602,1246,50,175,0,175,170,5,0,30,30,0,30,215,25,15811.380000000001,19125.0,-3313.6199999999985,5
3603,1246,45,175,0,175,140,10,25,35,35,0,35,180,40,25809.390000000003,18700.0,7109.390000000003,5
3604,1246,70,155,0,155,140,15,0,50,50,0,45,205,30,16682.58,19125.0,-2442.4199999999996,5
3605,1246,50,175,0,175,145,10,20,40,40,0,40,190,15,7732.080000000001,19125.0,-11392.919999999998,5
3606,1246,75,160,0,160,130,30,0,45,45,0,45,200,30,15224.040000000003,19975.0,-4750.959999999997,5
3607,1246,85,140,0,140,130,5,5,60,60,0,60,210,45,25248.780000000002,19125.0,6123.780000000002,5
3608,1246,80,145,0,145,145,0,0,45,45,0,45,220,10,5353.92,19125.0,-13771.08,5
3609,1246,120,135,0,135,135,0,0,35,35,0,35,250,40,24489.18,21675.0,2814.180000000001,5
3610,1246,70,140,0,140,130,0,10,40,40,0,40,195,40,27826.965000000004,17850.0,9976.965000000004,5
3611,1246,35,205,0,205,135,40,30,30,30,0,30,165,15,8056.080000000002,20400.0,-12343.919999999998,5
3612,1246,55,170,0,170,160,0,10,25,25,0,25,210,10,5092.560000000001,19125.0,-14032.439999999999,5
3613,1246,40,165,0,165,150,15,0,30,30,0,30,185,55,37901.16,17425.0,20476.160000000003,5
3614,1246,90,165,0,165,150,0,15,30,30,0,30,235,15,8758.26,21675.0,-12916.74,5
3615,1246,30,195,0,195,150,25,20,25,25,0,25,175,25,14567.94,19125.0,-4557.0599999999995,5
3616,1246,60,165,0,165,115,30,20,55,55,0,55,170,25,14019.660000000003,19125.0,-5105.3399999999965,5
3617,1246,90,145,0,145,125,10,10,50,50,0,50,210,55,30655.260000000002,19975.0,10680.260000000002,5
3618,1246,110,150,0,150,140,0,10,25,25,0,25,245,10,4913.280000000001,22100.0,-17186.72,5
3619,1246,50,180,0,180,155,0,25,20,20,0,20,200,20,11106.900000000003,19550.0,-8443.099999999997,5
3620,1246,80,165,0,165,135,15,15,35,35,0,35,210,35,21473.730000000003,20825.0,648.730000000005,5
3621,1246,45,170,0,170,145,0,25,20,20,0,20,185,15,9416.520000000002,18275.0,-8858.479999999998,5
3622,1246,40,190,0,190,140,35,15,35,35,0,35,175,30,15649.200000000003,19550.0,-3900.799999999997,5
3623,1246,80,145,0,145,135,10,0,50,50,0,50,210,35,20621.610000000004,19125.0,1496.6100000000051,5
3624,1246,90,160,0,160,120,30,10,30,30,0,30,205,35,20750.400000000005,21250.0,-499.5999999999958,5
3625,1246,50,160,0,160,150,5,5,40,40,0,40,195,10,5360.76,17850.0,-12489.24,5
3626,1246,40,180,0,180,145,5,30,35,35,0,35,180,20,13170.960000000003,18700.0,-5529.039999999997,5
3627,1246,35,180,0,180,165,0,15,30,30,0,30,195,10,6112.98,18275.0,-12162.02,5
3628,1246,40,190,0,190,150,5,35,35,35,0,35,185,10,5180.400000000001,19550.0,-14369.6,5
3629,1246,65,185,0,185,125,45,15,60,60,0,60,185,55,34620.75,21250.0,13370.750000000004,5
3630,1246,50,175,0,175,145,0,30,50,50,0,45,190,55,30406.32,19125.0,11281.32,5
3631,1246,70,150,0,150,120,5,25,55,55,0,55,185,40,24444.09,18700.0,5744.090000000001,5
3632,1246,80,160,0,160,135,20,5,50,50,0,50,210,25,14221.62,20400.0,-6178.379999999999,5
3633,1246,90,165,0,165,150,0,15,30,30,0,30,235,15,9508.68,21675.0,-12166.32,5
3634,1246,70,155,0,155,145,0,10,45,45,0,45,210,45,27336.15,19125.0,8211.150000000001,5
3635,1246,65,145,0,145,130,10,5,55,55,0,55,190,60,35819.55,17850.0,17969.55,5
3636,1246,65,145,0,145,130,10,5,40,40,0,40,190,65,47858.67000000002,17850.0,30008.67000000002,5
3637,1246,75,145,0,145,140,5,0,30,30,0,30,210,40,24943.680000000004,18700.0,6243.680000000004,5
3638,1246,90,155,0,155,150,0,5,45,45,0,45,235,45,30393.045000000006,20825.0,9568.045000000006,5
3639,1246,75,180,0,180,140,5,35,35,35,0,35,210,25,15220.980000000003,21675.0,-6454.019999999996,5
3640,1246,65,155,0,155,125,10,20,50,50,0,50,185,50,32060.880000000005,18700.0,13360.880000000006,5
3641,1246,90,155,0,155,150,0,5,30,30,0,30,235,25,17154.45,20825.0,-3670.5499999999984,5
3642,1246,110,130,0,130,130,0,0,50,50,0,50,235,20,10761.12,20400.0,-9638.88,5
3643,1246,110,130,0,130,120,0,10,50,50,0,50,225,45,27038.070000000007,20400.0,6638.070000000007,5
3644,1246,55,160,0,160,160,0,0,35,35,0,35,210,30,14759.28,18275.0,-3515.719999999999,5
3645,1246,50,175,0,175,145,15,15,45,45,0,45,190,45,27454.949999999997,19125.0,8329.949999999999,5
3646,1246,60,150,0,150,120,5,25,55,55,0,55,175,85,56510.19,17850.0,38660.19,5
3647,1246,75,150,0,150,150,0,0,30,30,0,30,220,25,12139.920000000002,19125.0,-6985.079999999998,5
3648,1246,50,170,0,170,160,5,5,25,25,0,25,205,30,19865.43,18700.0,1165.4300000000012,5
3649,1246,65,165,0,165,155,10,0,45,45,0,45,215,25,15333.660000000002,19550.0,-4216.339999999998,5
3650,1246,80,140,0,140,130,0,10,40,40,0,40,205,25,13077.000000000004,18700.0,-5622.999999999997,5
3651,1246,55,170,0,170,150,0,20,45,45,0,45,200,25,14016.42,19125.0,-5108.58,5
3652,1246,80,170,0,170,170,0,0,45,45,0,45,245,5,2634.1200000000003,21250.0,-18615.88,5
3653,1246,60,180,0,180,155,10,15,25,25,0,25,210,10,5224.32,20400.0,-15175.68,5
3654,1246,70,170,0,170,95,50,25,65,65,0,65,160,35,19448.100000000002,20400.0,-951.8999999999983,5
3655,1246,50,160,0,160,160,0,0,35,35,0,35,205,35,21300.75,17850.0,3450.749999999998,5
3656,1246,45,190,0,190,140,15,35,40,40,0,40,180,15,8562.240000000002,19975.0,-11412.759999999998,5
3657,1246,60,155,0,155,140,0,15,40,40,0,40,195,65,43585.51500000001,18275.0,25310.515000000007,5
3658,1246,45,185,0,185,160,5,20,40,40,0,40,200,45,31764.285,19550.0,12214.285,5
3659,1246,55,165,0,165,135,0,30,30,30,0,30,185,25,13919.040000000005,18700.0,-4780.9599999999955,5
3660,1246,65,170,0,170,160,0,10,45,45,0,45,220,25,14978.880000000001,19975.0,-4996.119999999999,5
3661,1246,115,170,0,170,140,0,30,25,25,0,25,250,15,8209.44,24225.0,-16015.560000000001,5
3662,1246,55,170,0,170,155,0,15,40,40,0,40,205,65,46077.66,19125.0,26952.660000000003,5
3663,1246,85,150,0,150,135,15,0,45,45,0,45,215,65,45342.49500000001,19975.0,25367.49500000001,5
3664,1246,35,180,0,180,180,0,0,20,20,0,20,210,20,12927.510000000002,18275.0,-5347.489999999998,5
3665,1246,55,175,0,175,125,40,10,45,45,0,45,175,25,13938.66,19550.0,-5611.34,5
3666,1246,55,160,0,160,155,5,0,40,40,0,40,205,45,28126.350000000002,18275.0,9851.350000000002,5
3667,1246,110,130,0,130,120,0,10,60,60,0,55,225,50,33257.520000000004,20400.0,12857.520000000004,5
3668,1246,45,175,0,175,140,10,25,30,30,0,30,180,40,28550.835000000003,18700.0,9850.835000000003,5
3669,1246,70,180,0,180,160,0,20,25,25,0,25,225,5,2634.1200000000003,21250.0,-18615.88,5
3670,1246,30,180,0,180,175,0,5,25,25,0,25,200,15,9756.180000000002,17850.0,-8093.819999999998,5
3671,1246,85,165,0,165,165,0,0,25,25,0,20,245,10,5619.240000000001,21250.0,-15630.76,5
3672,1246,50,165,0,165,160,0,5,35,35,0,35,205,50,31875.030000000002,18275.0,13600.030000000002,5
3673,1246,60,180,0,180,150,25,5,45,45,0,45,205,30,16302.780000000002,20400.0,-4097.2199999999975,5
3674,1246,100,140,0,140,140,0,0,50,50,0,50,235,25,14635.62,20400.0,-5764.379999999999,5
3675,1246,85,150,0,150,140,5,5,50,50,0,50,220,40,26834.850000000002,19975.0,6859.850000000001,5
3676,1246,50,180,0,180,180,0,0,20,20,0,20,225,10,5092.560000000001,19550.0,-14457.439999999999,5
3677,1246,105,150,0,150,150,0,0,50,50,0,50,250,10,4963.320000000001,21675.0,-16711.68,5
3678,1246,75,150,0,150,135,10,5,35,35,0,35,205,30,19228.86,19125.0,103.86000000000195,5
3679,1246,70,145,0,145,130,0,15,50,50,0,50,195,40,23161.410000000003,18275.0,4886.410000000005,5
3680,1246,85,150,0,150,110,25,15,60,60,0,60,190,60,36073.44,19975.0,16098.44,5
3681,1246,80,160,0,160,135,0,25,55,55,0,55,210,30,17785.890000000003,20400.0,-2614.1099999999983,5
3682,1246,75,165,0,165,100,55,10,65,65,0,65,170,25,12616.2,20400.0,-7783.799999999999,5
3683,1246,45,200,0,200,125,50,25,45,45,0,40,165,45,29284.695000000007,20825.0,8459.695000000007,5
3684,1246,40,190,0,190,180,0,10,30,30,0,30,215,15,7832.160000000002,19550.0,-11717.839999999998,5
3685,1246,65,185,0,185,180,0,5,15,15,0,15,240,10,5224.32,21250.0,-16025.68,5
3686,1246,55,165,0,165,140,10,15,50,50,0,50,190,20,11267.82,18700.0,-7432.18,5
3687,1246,85,160,0,160,120,20,20,35,35,0,35,200,40,26904.6,20825.0,6079.6,5
3688,1246,115,140,0,140,125,0,15,40,40,0,40,235,10,5075.280000000001,21675.0,-16599.72,5
3689,1246,85,155,0,155,125,10,20,40,40,0,40,205,25,15937.830000000002,20400.0,-4462.169999999998,5
3690,1246,140,135,0,135,125,0,10,35,35,0,35,260,35,19270.08,23375.0,-4104.919999999997,5
3691,1246,60,145,0,145,140,0,5,45,45,0,45,195,50,33781.65750000001,17425.0,16356.65750000001,5
3692,1246,70,165,0,165,140,15,10,50,50,0,50,205,25,13147.2,19975.0,-6827.799999999999,5
3693,1246,85,150,0,150,105,20,25,75,75,0,75,185,95,63014.28749999999,19975.0,43039.28749999999,5
3694,1246,75,155,0,155,150,0,5,45,45,0,45,220,35,21510.09,19550.0,1960.0900000000001,5
3695,1246,50,170,0,170,165,0,5,30,30,0,30,210,0,0.0,18700.0,-18700.0,5
3696,1246,80,165,0,165,165,0,0,35,35,0,35,240,10,4973.400000000001,20825.0,-15851.599999999999,5
3697,1246,65,170,0,170,160,0,10,50,50,0,45,220,35,19265.58,19975.0,-709.4200000000001,5
3698,1246,75,170,0,170,170,0,0,30,30,0,30,240,25,13518.18,20825.0,-7306.82,5
3699,1246,80,165,0,165,145,5,15,40,40,0,35,220,25,13093.2,20825.0,-7731.799999999998,5
3700,1246,70,150,0,150,125,5,20,50,50,0,50,190,15,7469.280000000001,18700.0,-11230.72,5
3701,1246,85,150,0,150,135,5,10,55,55,0,55,215,50,30932.550000000007,19975.0,10957.550000000007,5
3702,1246,135,145,0,145,125,0,20,20,20,0,20,255,5,2326.6800000000003,23800.0,-21473.32,5
3703,1246,70,125,0,125,125,0,0,45,45,0,45,190,40,24474.600000000006,16575.0,7899.600000000005,5
3704,1246,100,155,0,155,130,10,15,55,55,0,50,225,35,22305.690000000002,21675.0,630.6900000000041,5
3705,1246,70,150,0,150,150,0,0,40,40,0,40,215,20,10530.720000000001,18700.0,-8169.279999999999,5
3706,1246,70,170,0,170,125,10,35,45,45,0,45,190,40,29214.180000000008,20400.0,8814.180000000006,5
3707,1246,95,140,0,140,135,5,0,40,40,0,40,225,70,52661.587499999994,19975.0,32686.587499999994,5
3708,1246,55,175,0,175,125,30,20,45,45,0,45,175,30,17028.54,19550.0,-2521.4599999999996,5
3709,1246,45,165,0,165,150,10,5,40,40,0,40,190,35,22667.85,17850.0,4817.8499999999985,5
3710,1246,110,150,0,150,150,0,0,35,35,0,35,255,20,13064.940000000002,22100.0,-9035.059999999998,5
3711,1246,85,135,0,135,130,0,5,55,55,0,55,210,65,48374.60625,18700.0,29674.606249999997,5
3712,1246,55,160,0,160,150,0,10,50,50,0,50,200,50,32026.140000000007,18275.0,13751.140000000005,5
3713,1246,45,165,0,165,155,0,10,40,40,0,35,195,50,31480.425,17850.0,13630.425,5
3714,1246,165,125,0,125,125,0,0,30,30,0,25,285,15,7795.8,24650.0,-16854.2,5
3715,1246,55,175,0,175,170,0,5,30,30,0,30,220,35,22597.65,19550.0,3047.6500000000033,5
3716,1246,45,175,0,175,150,5,20,40,40,0,40,190,20,11293.380000000005,18700.0,-7406.619999999995,5
3717,1246,55,170,0,170,130,10,30,50,50,0,50,180,65,38966.94,19125.0,19841.94,5
3718,1246,75,175,0,175,165,0,10,35,35,0,35,235,10,4785.120000000001,21250.0,-16464.879999999997,5
3719,1246,65,150,0,150,135,10,5,50,50,0,50,195,35,19124.820000000003,18275.0,849.820000000002,5
3720,1246,70,145,0,145,130,5,10,65,65,0,65,195,70,45196.56,18275.0,26921.559999999998,5
3721,1246,25,210,0,210,160,25,25,15,15,0,15,180,20,11919.420000000002,19975.0,-8055.579999999998,5
3722,1246,45,200,0,200,130,50,20,40,40,0,40,170,15,7499.880000000002,20825.0,-13325.119999999997,5
3723,1246,35,185,0,185,175,0,10,30,30,0,30,205,30,17104.500000000004,18700.0,-1595.4999999999973,5
3724,1246,40,175,0,175,155,15,5,35,35,0,35,190,15,8692.380000000001,18275.0,-9582.619999999999,5
3725,1246,75,170,0,170,155,0,15,50,50,0,50,225,45,30309.615000000005,20825.0,9484.615000000003,5
3726,1246,65,150,0,150,145,0,5,45,45,0,45,205,55,39556.68750000001,18275.0,21281.687500000007,5
3727,1246,105,125,0,125,120,5,0,45,45,0,45,220,10,5092.560000000001,19550.0,-14457.439999999999,5
3728,1246,70,180,0,180,115,55,10,50,50,0,50,180,20,10141.2,21250.0,-11108.8,5
3729,1246,50,170,0,170,150,15,5,40,40,0,40,195,45,31595.58000000001,18700.0,12895.580000000009,5
3730,1246,80,150,0,150,145,5,0,30,30,0,25,220,45,29918.92500000001,19550.0,10368.925000000008,5
3731,1246,70,155,0,155,155,0,0,40,40,0,40,220,35,21489.750000000004,19125.0,2364.7500000000036,5
3732,1246,75,180,0,180,130,15,35,45,45,0,45,200,15,7770.6,21675.0,-13904.400000000001,5
3733,1246,110,145,0,145,115,0,30,40,40,0,40,220,50,32639.22,21675.0,10964.220000000001,5
3734,1246,40,185,0,185,160,15,10,30,30,0,30,195,5,2391.1200000000003,19125.0,-16733.879999999997,5
3735,1246,40,175,0,175,145,10,20,35,35,0,35,180,35,22806.990000000005,18275.0,4531.990000000005,5
3736,1246,75,145,0,145,130,5,10,35,35,0,35,200,50,37384.155,18700.0,18684.155,5
3737,1246,70,170,0,170,100,35,35,50,50,0,50,165,55,34691.130000000005,20400.0,14291.130000000008,5
3738,1246,70,170,0,170,130,35,5,50,50,0,50,195,40,22254.3,20400.0,1854.2999999999984,5
3739,1246,45,180,0,180,135,10,35,40,40,0,40,175,30,17013.600000000002,19125.0,-2111.3999999999965,5
3740,1246,70,155,0,155,155,0,0,30,30,0,30,220,40,28425.915000000005,19125.0,9300.915000000005,5
3741,1246,55,170,0,170,140,25,5,50,50,0,50,190,40,21983.940000000002,19125.0,2858.9400000000023,5
3742,1246,85,145,0,145,130,5,10,50,50,0,50,210,70,47705.15250000001,19550.0,28155.15250000001,5
3743,1246,50,165,0,165,165,0,0,15,15,0,15,210,5,2597.4000000000005,18275.0,-15677.6,5
3744,1246,50,160,0,160,135,25,0,50,50,0,45,180,55,37936.305,17850.0,20086.305,5
3745,1246,55,160,0,160,155,0,5,30,30,0,30,205,30,15965.100000000002,18275.0,-2309.899999999998,5
3746,1246,55,170,0,170,160,0,10,50,50,0,45,210,20,9920.880000000001,19125.0,-9204.119999999999,5
3747,1246,35,180,0,180,160,15,5,35,35,0,30,190,35,21372.210000000006,18275.0,3097.2100000000046,5
3748,1246,45,175,0,175,145,25,5,40,40,0,40,185,15,7485.480000000001,18700.0,-11214.519999999997,5
3749,1246,75,165,0,165,150,15,0,35,35,0,35,220,30,18972.54,20400.0,-1427.460000000001,5
3750,1246,95,145,0,145,120,5,20,40,40,0,40,210,30,18350.730000000003,20400.0,-2049.269999999997,5
3751,1246,105,150,0,150,150,0,0,45,45,0,45,250,15,7784.280000000001,21675.0,-13890.72,5
3752,1246,85,150,0,150,140,0,10,35,35,0,35,220,15,7682.76,19975.0,-12292.24,5
3753,1246,85,150,0,150,150,0,0,35,35,0,35,230,35,22537.620000000003,19975.0,2562.6200000000017,5
3754,1246,45,185,0,185,130,10,45,35,35,0,35,170,30,17074.260000000002,19550.0,-2475.7399999999984,5
3755,1246,160,105,0,105,95,10,0,60,60,0,60,250,100,69551.70750000002,22525.0,47026.70750000002,5
3756,1246,60,145,0,145,145,0,0,35,35,0,35,200,60,39710.92500000001,17425.0,22285.92500000001,5
3757,1246,110,140,0,140,140,0,0,30,30,0,30,245,55,36792.270000000004,21250.0,15542.270000000008,5
3758,1246,45,155,0,155,155,0,0,25,25,0,25,195,15,8911.440000000002,17000.0,-8088.559999999998,5
3759,1246,75,140,0,140,120,10,10,55,55,0,55,190,65,45002.11500000001,18275.0,26727.115000000013,5
3760,1246,65,175,0,175,140,10,25,25,25,0,25,200,25,18361.845,20400.0,-2038.1549999999993,5
3761,1246,55,150,0,150,150,0,0,50,50,0,50,200,45,28115.910000000007,17425.0,10690.910000000007,5
3762,1246,55,180,0,180,155,10,15,40,40,0,40,205,45,29087.910000000003,19975.0,9112.910000000002,5
3763,1246,50,150,0,150,145,5,0,40,40,0,40,190,95,85748.0327600098,17000.0,68748.0327600098,5
3764,1246,25,185,0,185,160,5,20,20,20,0,20,180,30,17997.030000000002,17850.0,147.03000000000202,5
3765,1246,50,170,0,170,145,0,25,45,45,0,45,190,30,18312.480000000003,18700.0,-387.51999999999725,5
3766,1246,65,155,0,155,120,15,20,55,55,0,55,180,40,23134.140000000003,18700.0,4434.140000000002,5
3767,1246,70,155,0,155,155,0,0,30,30,0,30,220,20,10521.360000000002,19125.0,-8603.639999999998,5
3768,1246,80,145,0,145,110,25,10,75,75,0,75,185,40,21301.200000000004,19125.0,2176.2000000000035,5
3769,1246,70,160,0,160,150,10,0,35,35,0,35,215,20,11143.800000000001,19550.0,-8406.199999999999,5
3770,1246,75,150,0,150,145,0,5,60,60,0,60,215,45,25568.28,19125.0,6443.28,5
3771,1246,90,145,0,145,130,15,0,40,40,0,40,215,35,20471.850000000006,19975.0,496.850000000004,5
3772,1246,80,155,0,155,140,10,5,45,45,0,45,215,50,32016.420000000002,19975.0,12041.420000000002,5
3773,1246,80,140,0,140,120,20,0,50,50,0,50,195,40,25000.650000000005,18700.0,6300.650000000005,5
3774,1246,35,170,0,170,155,0,15,30,30,0,30,185,10,5367.960000000001,17425.0,-12057.039999999999,5
3775,1246,75,150,0,150,150,0,0,30,30,0,30,220,15,9189.720000000003,19125.0,-9935.279999999997,5
3776,1246,40,185,0,185,155,10,20,25,25,0,25,190,10,5050.08,19125.0,-14074.92,5
3777,1246,65,160,0,160,145,0,15,25,25,0,25,205,35,26901.225000000006,19125.0,7776.225000000004,5
3778,1246,50,165,0,165,155,0,10,35,35,0,35,200,30,17779.5,18275.0,-495.49999999999955,5
3779,1246,60,145,0,145,130,15,0,35,35,0,35,185,50,33295.14000000001,17425.0,15870.140000000007,5
3780,1246,75,145,0,145,135,10,0,50,50,0,50,205,60,42875.145000000004,18700.0,24175.145000000004,5
3781,1246,75,155,0,155,130,15,10,40,40,0,40,200,40,25079.490000000005,19550.0,5529.490000000005,5
3782,1246,110,160,0,160,160,0,0,25,25,0,25,265,15,7814.52,22950.0,-15135.48,5
3783,1246,100,120,0,120,120,0,0,50,50,0,50,215,60,40972.95000000001,18700.0,22272.95000000001,5
3784,1246,65,165,0,165,105,55,5,50,50,0,50,165,45,27339.750000000004,19550.0,7789.750000000004,5
3785,1246,40,170,0,170,150,10,10,35,35,0,35,185,25,13539.960000000001,17850.0,-4310.039999999999,5
3786,1246,40,180,0,180,175,0,5,35,35,0,35,210,25,14418.54,18700.0,-4281.459999999999,5
3787,1246,60,170,0,170,155,0,15,30,30,0,30,210,10,6036.3,19550.0,-13513.699999999999,5
3788,1246,55,165,0,165,150,0,15,25,25,0,25,200,20,10997.820000000002,18700.0,-7702.1799999999985,5
3789,1246,60,170,0,170,155,0,15,45,45,0,45,210,30,15145.920000000002,19550.0,-4404.079999999999,5
3790,1246,55,180,0,180,155,0,25,45,45,0,45,205,50,32388.345000000005,19975.0,12413.345000000005,5
3791,1246,130,140,0,140,125,10,5,45,45,0,45,250,45,28209.285,22950.0,5259.285,5
3792,1246,70,125,0,125,125,0,0,55,55,0,50,190,65,40056.39000000001,16575.0,23481.390000000007,5
3793,1246,60,160,0,160,120,15,25,50,50,0,45,175,50,31007.970000000005,18700.0,12307.970000000005,5
3794,1246,55,170,0,170,105,45,20,50,50,0,50,155,20,10199.52,19125.0,-8925.48,5
3795,1246,70,165,0,165,155,10,0,30,30,0,30,220,25,14793.12,19975.0,-5181.879999999999,5
3796,1246,100,135,0,135,130,5,0,40,40,0,40,225,50,32787.45000000001,19975.0,12812.450000000008,5
3797,1246,55,160,0,160,155,5,0,45,45,0,45,205,35,21452.850000000002,18275.0,3177.850000000003,5
3798,1246,50,175,0,175,125,50,0,35,35,0,35,170,25,17064.900000000005,19125.0,-2060.0999999999954,5
3799,1246,75,135,0,135,125,0,10,65,65,0,65,195,60,40496.996250000004,17850.0,22646.996250000007,5
3800,1246,85,165,0,165,160,0,5,45,45,0,45,240,20,11141.82,21250.0,-10108.18,5
3801,1246,45,160,0,160,135,25,0,40,40,0,40,175,20,10623.600000000002,17425.0,-6801.399999999999,5
3802,1246,80,160,0,160,140,15,5,20,20,0,15,215,35,31415.281875000004,20400.0,11015.281875000004,5
3803,1246,50,160,0,160,145,15,0,35,35,0,35,190,70,49610.31750000001,17850.0,31760.317500000012,5
3804,1246,85,150,0,150,140,10,0,40,40,0,40,220,50,34115.62500000001,19975.0,14140.625000000004,5
3805,1246,95,145,0,145,120,15,10,40,40,0,40,210,75,56654.74125000001,20400.0,36254.74125000001,5
3806,1246,60,180,0,180,125,30,25,40,40,0,40,180,30,17715.780000000006,20400.0,-2684.2199999999957,5
3807,1246,80,135,0,135,120,0,15,50,50,0,50,195,65,41883.255,18275.0,23608.254999999997,5
3808,1246,70,165,0,165,150,10,5,25,25,0,25,215,15,8560.62,19975.0,-11414.38,5
3809,1246,70,170,0,170,160,10,0,15,15,0,15,225,20,13163.850000000002,20400.0,-7236.149999999998,5
3810,1246,45,195,0,195,165,20,10,25,25,0,25,205,15,7331.4000000000015,20400.0,-13068.599999999999,5
3811,1246,60,150,0,150,150,0,0,45,45,0,45,205,25,14443.200000000004,17850.0,-3406.799999999996,5
3812,1246,135,125,0,125,120,5,0,35,35,0,35,250,25,16776.0,22100.0,-5323.999999999998,5
3813,1246,65,155,0,155,140,10,5,45,45,0,45,200,30,18437.940000000002,18700.0,-262.05999999999676,5
3814,1246,75,155,0,155,155,0,0,40,40,0,40,225,25,12826.440000000002,19550.0,-6723.559999999998,5
3815,1246,30,180,0,180,165,0,15,25,25,0,25,190,15,8604.54,17850.0,-9245.46,5
3816,1246,45,170,0,170,145,25,0,30,30,0,30,185,5,2458.44,18275.0,-15816.56,5
3817,1246,100,150,0,150,125,0,25,40,40,0,40,220,15,7758.360000000002,21250.0,-13491.639999999998,5
3818,1246,60,160,0,160,150,0,10,50,50,0,50,205,35,18663.300000000003,18700.0,-36.69999999999618,5
3819,1246,35,205,0,205,180,0,25,30,30,0,30,210,10,5092.560000000001,20400.0,-15307.439999999999,5
3820,1246,55,170,0,170,145,0,25,30,30,0,30,195,20,13280.130000000001,19125.0,-5844.869999999999,5
3821,1246,50,165,0,165,150,10,5,45,45,0,45,195,25,12210.120000000003,18275.0,-6064.879999999998,5
3822,1246,40,190,0,190,180,0,10,25,25,0,25,215,10,5180.400000000001,19550.0,-14369.6,5
3823,1246,90,165,0,165,160,0,5,20,20,0,20,245,5,2502.36,21675.0,-19172.64,5
3824,1246,80,165,0,165,145,0,20,45,45,0,45,220,15,7313.4000000000015,20825.0,-13511.599999999999,5
3825,1246,50,175,0,175,125,15,35,40,40,0,40,170,65,43052.03999999999,19125.0,23927.039999999997,5
3826,1246,100,125,0,125,95,10,20,80,80,0,80,190,65,42769.30500000001,19125.0,23644.305000000004,5
3827,1246,75,180,0,180,140,25,15,60,60,0,55,210,50,26947.980000000007,21675.0,5272.980000000007,5
3828,1246,50,170,0,170,130,25,15,50,50,0,45,175,45,30549.690000000006,18700.0,11849.690000000006,5
3829,1246,90,165,0,165,135,0,30,20,20,0,20,220,5,2590.2000000000003,21675.0,-19084.8,5
3830,1246,60,180,0,180,140,15,25,55,55,0,55,195,35,28704.543749999997,20400.0,8304.543749999997,5
3831,1246,70,170,0,170,145,20,5,30,30,0,30,210,10,4912.920000000001,20400.0,-15487.079999999998,5
3832,1246,55,180,0,180,145,5,30,45,45,0,45,195,35,22334.850000000002,19975.0,2359.8500000000013,5
3833,1246,55,170,0,170,145,0,25,45,45,0,40,195,20,11655.900000000001,19125.0,-7469.0999999999985,5
3834,1246,35,205,0,205,165,10,30,30,30,0,30,195,15,7111.800000000001,20400.0,-13288.199999999999,5
3835,1246,85,160,0,160,125,15,20,55,55,0,55,205,25,13293.000000000002,20825.0,-7531.999999999998,5
3836,1246,50,170,0,170,150,10,10,45,45,0,45,195,10,5181.840000000001,18700.0,-13518.159999999998,5
3837,1246,70,140,0,140,140,0,0,45,45,0,45,205,20,10997.280000000002,17850.0,-6852.7199999999975,5
3838,1246,50,175,0,175,140,0,35,30,30,0,30,185,20,11282.58,19125.0,-7842.42,5
3839,1246,65,160,0,160,145,5,10,30,30,0,30,205,35,28211.985000000004,19125.0,9086.985000000004,5
3840,1246,100,145,0,145,140,0,5,45,45,0,45,235,35,20761.470000000005,20825.0,-63.52999999999611,5
3841,1246,80,160,0,160,150,0,10,40,40,0,40,225,25,16287.570000000003,20400.0,-4112.429999999997,5
3842,1246,105,150,0,150,150,0,0,25,25,0,25,250,25,15793.47,21675.0,-5881.530000000001,5
3843,1246,50,170,0,170,160,5,5,45,45,0,40,205,35,22209.480000000003,18700.0,3509.480000000003,5
3844,1246,65,160,0,160,140,0,20,45,45,0,40,200,30,17380.260000000002,19125.0,-1744.739999999997,5
3845,1246,95,150,0,150,140,10,0,40,40,0,40,230,45,27330.480000000003,20825.0,6505.480000000002,5
3846,1246,45,190,0,190,185,5,0,30,30,0,30,225,0,0.0,19975.0,-19975.0,5
3847,1246,35,200,0,200,130,35,35,30,30,0,30,160,15,9175.5,19975.0,-10799.499999999998,5
3848,1246,75,165,0,165,150,0,15,40,40,0,40,220,25,14575.140000000003,20400.0,-5824.859999999997,5
3849,1246,150,125,0,125,120,0,5,45,45,0,45,265,30,15017.4,23375.0,-8357.6,5
3850,1246,70,170,0,170,120,30,20,60,60,0,55,185,55,36862.380000000005,20400.0,16462.380000000005,5
3851,1246,55,170,0,170,145,0,25,30,30,0,30,195,20,13257.090000000004,19125.0,-5867.909999999997,5
3852,1246,75,155,0,155,120,10,25,60,60,0,60,190,60,38429.100000000006,19550.0,18879.100000000006,5
3853,1246,130,125,0,125,125,0,0,30,30,0,30,250,20,10262.880000000003,21675.0,-11412.119999999997,5
3854,1246,50,165,0,165,165,0,0,35,35,0,35,210,50,38850.9075,18275.0,20575.9075,5
3855,1246,55,185,0,185,130,15,40,45,45,0,45,180,25,12545.640000000003,20400.0,-7854.359999999997,5
3856,1246,85,155,0,155,130,20,5,55,55,0,55,210,50,31525.29,20400.0,11125.29,5
3857,1246,80,160,0,160,155,0,5,30,30,0,30,230,20,11238.66,20400.0,-9161.34,5
3858,1246,45,180,0,180,125,25,30,35,35,0,35,165,30,18420.300000000003,19125.0,-704.6999999999957,5
3859,1246,65,165,0,165,140,25,0,35,35,0,35,200,25,12615.120000000003,19550.0,-6934.879999999998,5
3860,1246,90,155,0,155,155,0,0,35,35,0,35,240,40,25693.47,20825.0,4868.470000000002,5
3861,1246,50,170,0,170,145,5,20,40,40,0,40,190,20,12162.240000000002,18700.0,-6537.759999999998,5
3862,1246,60,165,0,165,130,10,25,45,45,0,45,185,85,63356.78250000001,19125.0,44231.78250000001,5
3863,1246,65,165,0,165,155,10,0,25,25,0,25,215,35,20193.390000000003,19550.0,643.390000000004,5
3864,1246,60,185,0,185,130,20,35,25,25,0,25,185,15,7494.480000000001,20825.0,-13330.519999999999,5
3865,1246,65,135,0,135,135,0,0,50,50,0,45,195,80,65775.51140624999,17000.0,48775.51140625,5
3866,1246,105,145,0,145,130,0,15,55,55,0,55,230,35,22927.05,21250.0,1677.0499999999993,5
3867,1246,55,170,0,170,110,40,20,50,50,0,50,160,20,13532.67,19125.0,-5592.33,5
3868,1246,65,175,0,175,130,20,25,45,45,0,45,190,50,27738.000000000007,20400.0,7338.000000000006,5
3869,1246,60,180,0,180,120,35,25,55,55,0,55,175,25,12599.640000000001,20400.0,-7800.359999999999,5
3870,1246,50,175,0,175,140,20,15,45,45,0,45,185,20,12015.900000000001,19125.0,-7109.0999999999985,5
3871,1246,55,170,0,170,125,20,25,50,50,0,50,175,45,27277.200000000004,19125.0,8152.200000000003,5
3872,1246,20,190,0,190,175,0,15,15,15,0,15,190,15,9665.1,17850.0,-8184.899999999999,5
3873,1246,100,135,0,135,125,0,10,35,35,0,35,220,15,9065.34,19975.0,-10909.66,5
3874,1246,60,170,0,170,145,0,25,35,35,0,35,200,15,7638.480000000001,19550.0,-11911.519999999999,5
3875,1246,55,140,0,140,130,10,0,50,50,0,50,180,80,57056.107500000006,16575.0,40481.107500000006,5
3876,1246,50,165,0,165,155,10,0,40,40,0,40,200,50,32319.315000000002,18275.0,14044.315000000002,5
3877,1246,40,180,0,180,140,35,5,35,35,0,35,175,15,7957.800000000001,18700.0,-10742.199999999997,5
3878,1246,40,195,0,195,125,50,20,40,40,0,35,160,40,26778.330000000005,19975.0,6803.330000000005,5
3879,1246,75,165,0,165,140,0,25,45,45,0,45,210,50,29383.92,20400.0,8983.919999999998,5
3880,1246,35,190,0,190,180,0,10,35,35,0,30,210,30,18836.55,19125.0,-288.4500000000003,5
3881,1246,110,135,0,135,125,0,10,65,65,0,60,230,65,37838.43,20825.0,17013.430000000004,5
3882,1246,75,160,0,160,150,0,10,30,30,0,30,220,60,48795.276093750006,19975.0,28820.276093750006,5
3883,1246,55,165,0,165,135,20,10,40,40,0,40,185,50,30769.290000000005,18700.0,12069.290000000005,5
3884,1246,100,135,0,135,125,0,10,50,50,0,50,220,40,24911.010000000002,19975.0,4936.010000000001,5
3885,1246,70,160,0,160,150,5,5,40,40,0,40,215,30,16517.700000000004,19550.0,-3032.2999999999956,5
3886,1246,65,150,0,150,130,10,10,55,55,0,50,190,65,46159.391250000015,18275.0,27884.391250000015,5
3887,1246,75,175,0,175,160,0,15,30,30,0,30,230,25,14158.260000000002,21250.0,-7091.739999999998,5
3888,1246,130,125,0,125,110,0,15,50,50,0,50,235,50,29287.800000000007,21675.0,7612.800000000007,5
3889,1246,45,190,0,190,125,45,20,35,35,0,35,165,35,20602.08,19975.0,627.0800000000008,5
3890,1246,50,165,0,165,165,0,0,25,25,0,25,210,15,7551.000000000002,18275.0,-10723.999999999998,5
3891,1246,50,155,0,155,155,0,0,40,40,0,40,200,70,45995.94000000001,17425.0,28570.94000000001,5
3892,1246,55,180,0,180,180,0,0,20,20,0,20,230,10,4785.120000000001,19975.0,-15189.879999999997,5
3893,1246,70,150,0,150,140,0,10,50,50,0,50,205,35,21727.890000000003,18700.0,3027.890000000002,5
3894,1246,55,180,0,180,130,15,35,45,45,0,45,180,45,27262.710000000006,19975.0,7287.710000000006,5
3895,1246,70,160,0,160,160,0,0,40,40,0,40,225,20,10229.04,19550.0,-9320.96,5
3896,1246,40,195,0,195,140,25,30,35,35,0,35,175,30,17617.68,19975.0,-2357.3199999999997,5
3897,1246,90,135,0,135,130,0,5,50,50,0,45,215,50,33926.3775,19125.0,14801.377500000002,5
3898,1246,60,145,0,145,120,10,15,55,55,0,55,175,40,28540.62000000001,17425.0,11115.620000000008,5
3899,1246,50,175,0,175,175,0,0,20,20,0,20,220,10,5048.64,19125.0,-14076.36,5
3900,1246,100,150,0,150,135,0,15,35,35,0,35,230,10,5004.720000000001,21250.0,-16245.279999999999,5
3901,1246,95,130,0,130,110,5,15,50,50,0,50,200,80,67042.04906250001,19125.0,47917.04906250001,5
3902,1246,55,185,0,185,150,0,35,45,45,0,45,200,25,15211.800000000001,20400.0,-5188.199999999999,5
3903,1246,75,160,0,160,160,0,0,30,30,0,30,230,25,14812.920000000002,19975.0,-5162.079999999998,5
3904,1246,75,150,0,150,145,0,5,30,30,0,30,215,40,24650.19,19125.0,5525.189999999998,5
3905,1246,75,145,0,145,135,0,10,45,45,0,45,205,20,10426.68,18700.0,-8273.32,5
3906,1246,85,140,0,140,135,0,5,50,50,0,50,215,25,14268.419999999998,19125.0,-4856.580000000002,5
3907,1246,55,160,0,160,145,10,5,50,50,0,50,195,35,21017.070000000003,18275.0,2742.0700000000033,5
3908,1246,70,160,0,160,145,10,5,30,30,0,30,210,25,14474.340000000002,19550.0,-5075.659999999998,5
3909,1246,45,200,0,200,125,60,15,40,40,0,40,165,50,30969.989999999998,20825.0,10144.989999999998,5
3910,1246,100,165,0,165,130,35,0,45,45,0,45,225,40,22385.88,22525.0,-139.11999999999807,5
3911,1246,55,185,0,185,160,0,25,30,30,0,30,210,10,5519.52,20400.0,-14880.48,5
3912,1246,105,145,0,145,145,0,0,35,35,0,35,245,20,9834.840000000002,21250.0,-11415.159999999998,5
3913,1246,70,160,0,160,130,5,25,40,40,0,40,195,25,13768.02,19550.0,-5781.979999999999,5
3914,1246,75,170,0,170,165,0,5,20,20,0,20,235,20,11924.460000000001,20825.0,-8900.539999999999,5
3915,1246,130,135,0,135,130,0,5,30,30,0,30,255,70,52309.490625,22525.0,29784.490625,5
3916,1246,65,135,0,135,100,25,10,55,55,0,55,160,105,82326.2428125,17000.0,65326.2428125,5
3917,1246,75,160,0,160,155,0,5,40,40,0,35,225,30,19479.06,19975.0,-495.93999999999824,5
3918,1246,75,155,0,155,110,45,0,50,50,0,45,180,45,26948.970000000005,19550.0,7398.970000000004,5
3919,1246,90,150,0,150,130,0,20,45,45,0,45,215,50,33163.7175,20400.0,12763.717499999999,5
3920,1246,50,160,0,160,130,20,10,45,45,0,45,175,45,31288.387500000004,17850.0,13438.387500000004,5
3921,1246,75,150,0,150,150,0,0,40,40,0,40,220,20,11413.980000000001,19125.0,-7711.019999999999,5
3922,1246,65,160,0,160,145,0,15,30,30,0,30,205,45,27914.49,19125.0,8789.490000000002,5
3923,1246,50,185,0,185,160,15,10,30,30,0,30,205,40,28165.702500000003,19975.0,8190.702500000002,5
3924,1246,45,185,0,185,140,15,30,35,35,0,35,180,40,23975.640000000003,19550.0,4425.640000000003,5
3925,1246,45,180,0,180,180,0,0,35,35,0,35,220,15,8253.36,19125.0,-10871.64,5
3926,1246,45,165,0,165,130,30,5,35,35,0,35,170,10,5411.160000000001,17850.0,-12438.84,5
3927,1246,35,205,0,205,185,0,20,20,20,0,15,215,5,2590.2000000000003,20400.0,-17809.8,5
3928,1246,115,115,0,115,110,5,0,60,60,0,60,220,55,34156.71000000001,19550.0,14606.710000000006,5
3929,1246,55,165,0,165,150,0,15,40,40,0,40,200,20,13466.789999999999,18700.0,-5233.210000000001,5
3930,1246,45,175,0,175,135,25,15,40,40,0,40,175,25,12423.960000000003,18700.0,-6276.039999999998,5
3931,1246,125,135,0,135,130,0,5,45,45,0,45,250,35,20348.280000000002,22100.0,-1751.719999999998,5
3932,1246,50,170,0,170,160,0,10,45,45,0,45,205,20,13203.27,18700.0,-5496.73,5
3933,1246,55,170,0,170,155,15,0,40,40,0,40,205,35,20608.47,19125.0,1483.470000000002,5
3934,1246,40,180,0,180,145,15,20,30,30,0,30,180,30,20456.010000000002,18700.0,1756.0100000000011,5
3935,1246,70,160,0,160,150,0,10,25,25,0,25,215,25,16199.640000000003,19550.0,-3350.359999999996,5
3936,1246,100,145,0,145,140,0,5,35,35,0,35,235,10,4817.88,20825.0,-16007.119999999999,5
3937,1246,95,135,0,135,135,0,0,45,45,0,45,225,40,23140.98,19550.0,3590.9799999999996,5
3938,1246,100,140,0,140,105,20,15,55,55,0,55,200,85,54130.95,20400.0,33730.95,5
3939,1246,35,175,0,175,175,0,0,30,30,0,30,205,25,15892.290000000003,17850.0,-1957.7099999999973,5
3940,1246,75,165,0,165,145,0,20,40,40,0,40,215,5,2546.28,20400.0,-17853.72,5
3941,1246,115,140,0,140,135,0,5,30,30,0,30,245,45,36545.107500000006,21675.0,14870.107500000004,5
3942,1246,35,180,0,180,170,5,5,30,30,0,30,200,35,21523.590000000004,18275.0,3248.590000000004,5
3943,1246,65,160,0,160,145,0,15,35,35,0,35,205,35,22601.430000000004,19125.0,3476.430000000005,5
3944,1246,95,140,0,140,100,20,20,50,50,0,45,190,30,16421.58,19975.0,-3553.4199999999987,5
3945,1246,105,135,0,135,130,0,5,60,60,0,60,230,15,7976.52,20400.0,-12423.48,5
3946,1246,80,165,0,165,160,0,5,30,30,0,30,235,30,15096.24,20825.0,-5728.76,5
3947,1246,70,165,0,165,160,0,5,40,40,0,35,225,20,10568.16,19975.0,-9406.84,5
3948,1246,60,160,0,160,145,15,0,50,50,0,50,200,45,32193.090000000004,18700.0,13493.090000000002,5
3949,1246,95,150,0,150,125,5,20,30,30,0,30,215,25,16461.360000000004,20825.0,-4363.639999999996,5
3950,1246,55,165,0,165,130,5,30,45,45,0,40,180,35,21583.53,18700.0,2883.5300000000007,5
3951,1246,85,135,0,135,130,0,5,50,50,0,50,210,60,38034.630000000005,18700.0,19334.63,5
3952,1246,50,180,0,180,130,35,15,45,45,0,45,175,35,22235.850000000006,19550.0,2685.850000000005,5
3953,1246,40,190,0,190,155,15,20,40,40,0,35,190,10,5136.4800000000005,19550.0,-14413.519999999999,5
3954,1246,45,150,0,150,145,5,0,40,40,0,40,185,60,41043.20625,16575.0,24468.206250000003,5
3955,1246,80,160,0,160,145,0,15,25,25,0,25,220,20,12846.600000000002,20400.0,-7553.399999999997,5
3956,1246,70,165,0,165,150,5,10,55,55,0,55,215,20,10492.560000000001,19975.0,-9482.439999999999,5
3957,1246,55,165,0,165,120,15,30,40,40,0,35,170,30,17875.08,18700.0,-824.9199999999973,5
3958,1246,75,160,0,160,155,0,5,30,30,0,25,225,20,9965.52,19975.0,-10009.48,5
3959,1246,70,175,0,175,130,15,30,35,35,0,35,195,20,14399.460000000003,20825.0,-6425.539999999996,5
3960,1246,40,180,0,180,125,55,0,35,35,0,35,160,50,36282.81375,18700.0,17582.81375,5
3961,1246,65,160,0,160,155,0,5,30,30,0,25,215,30,18222.39,19125.0,-902.6099999999997,5
3962,1246,65,150,0,150,100,40,10,60,60,0,60,160,60,37748.520000000004,18275.0,19473.520000000008,5
3963,1246,90,160,0,160,155,0,5,35,35,0,35,240,25,12153.240000000003,21250.0,-9096.759999999997,5
3964,1246,55,185,0,185,150,15,20,45,45,0,45,200,50,34444.957500000004,20400.0,14044.9575,5
3965,1246,95,150,0,150,130,5,15,40,40,0,40,220,45,27045.630000000005,20825.0,6220.630000000006,5
3966,1246,60,155,0,155,120,25,10,55,55,0,55,175,70,44721.315,18275.0,26446.315000000002,5
3967,1246,75,165,0,165,130,10,25,25,25,0,25,200,15,9153.54,20400.0,-11246.46,5
3968,1246,50,170,0,170,135,15,20,50,50,0,45,180,50,31503.240000000005,18700.0,12803.240000000005,5
3969,1246,50,180,0,180,135,40,5,45,45,0,45,180,35,23130.495000000003,19550.0,3580.495000000001,5
3970,1246,65,155,0,155,150,5,0,35,35,0,35,210,45,29627.640000000007,18700.0,10927.640000000007,5
3971,1246,65,160,0,160,160,0,0,30,30,0,30,220,45,36321.82312500001,19125.0,17196.82312500001,5
3972,1246,60,185,0,185,135,10,40,30,30,0,30,190,30,18140.58,20825.0,-2684.419999999998,5
3973,1246,60,180,0,180,160,15,5,30,30,0,30,215,25,14601.780000000002,20400.0,-5798.219999999997,5
3974,1246,35,180,0,180,165,0,15,30,30,0,30,195,15,7677.720000000001,18275.0,-10597.279999999999,5
3975,1246,70,160,0,160,135,0,25,40,40,0,40,200,15,8076.960000000001,19550.0,-11473.039999999999,5
3976,1246,45,190,0,190,160,5,25,45,45,0,40,200,25,15387.48,19975.0,-4587.5199999999995,5
3977,1246,70,165,0,165,160,0,5,25,25,0,25,225,20,11543.760000000002,19975.0,-8431.239999999998,5
3978,1246,95,150,0,150,140,0,10,45,45,0,45,230,15,7548.120000000001,20825.0,-13276.88,5
3979,1246,35,190,0,190,140,25,25,30,30,0,30,170,55,37664.19,19125.0,18539.190000000002,5
3980,1246,55,165,0,165,135,0,30,45,45,0,45,185,75,48864.217500000006,18700.0,30164.217500000006,5
3981,1246,100,130,0,130,125,5,0,40,40,0,40,220,20,11421.540000000003,19550.0,-8128.459999999997,5
3982,1246,45,170,0,170,135,15,20,40,40,0,40,175,30,18442.350000000002,18275.0,167.35000000000355,5
3983,1246,115,150,0,150,150,0,0,25,25,0,25,260,5,2641.32,22525.0,-19883.68,5
3984,1246,25,210,0,210,150,15,45,20,20,0,20,170,15,7677.360000000001,19975.0,-12297.64,5
3985,1246,55,165,0,165,120,30,15,50,50,0,50,170,65,44180.865000000005,18700.0,25480.865000000005,5
3986,1246,85,150,0,150,130,0,20,65,65,0,60,210,60,41106.622500000005,19975.0,21131.622500000005,5
3987,1246,75,160,0,160,140,15,5,35,35,0,35,210,30,20966.85,19975.0,991.8499999999995,5
3988,1246,80,180,0,180,155,0,25,35,35,0,35,230,10,5180.400000000001,22100.0,-16919.6,5
3989,1246,40,185,0,185,145,15,25,35,35,0,35,180,20,10081.800000000001,19125.0,-9043.199999999999,5
3990,1246,65,145,0,145,115,10,20,60,60,0,60,175,10,5670.720000000001,17850.0,-12179.279999999999,5
3991,1246,50,190,0,190,115,55,20,45,45,0,45,160,10,4872.960000000001,20400.0,-15527.039999999999,5
3992,1246,65,170,0,170,140,0,30,40,40,0,40,200,20,11522.7,19975.0,-8452.3,5
3993,1246,65,160,0,160,130,25,5,55,55,0,55,190,40,21158.82,19125.0,2033.8200000000006,5
3994,1246,90,135,0,135,135,0,0,40,40,0,40,220,10,5355.720000000001,19125.0,-13769.279999999999,5
3995,1246,50,160,0,160,115,25,20,50,50,0,45,160,75,51282.22500000002,17850.0,33432.22500000002,5
3996,1246,55,170,0,170,130,5,35,50,50,0,50,180,50,32898.645000000004,19125.0,13773.645000000006,5
3997,1246,115,135,0,135,135,0,0,45,45,0,45,245,45,29243.159999999996,21250.0,7993.159999999998,5
3998,1246,95,145,0,145,105,35,5,50,50,0,50,195,55,33686.73000000001,20400.0,13286.730000000007,5
3999,1246,85,130,0,130,120,10,0,45,45,0,40,200,65,51759.61453125001,18275.0,33484.61453125001,5
4000,1246,110,135,0,135,130,0,5,45,45,0,45,235,15,8224.2,20825.0,-12600.8,5
4001,1246,40,180,0,180,140,15,25,35,35,0,35,175,15,10082.880000000001,18700.0,-8617.119999999999,5
4002,1246,65,165,0,165,155,0,10,30,30,0,30,215,25,14580.54,19550.0,-4969.459999999999,5
4003,1246,60,175,0,175,160,0,15,40,40,0,35,215,35,19939.86,19975.0,-35.13999999999896,5
4004,1246,45,210,0,210,130,55,25,35,35,0,35,170,20,12895.829999999998,21675.0,-8779.170000000002,5
4005,1246,45,165,0,165,130,10,25,40,40,0,40,170,25,16089.930000000004,17850.0,-1760.069999999996,5
4006,1246,60,160,0,160,145,0,15,40,40,0,40,200,20,11809.619999999999,18700.0,-6890.38,5
4007,1246,75,165,0,165,145,10,10,30,30,0,30,215,25,14225.940000000002,20400.0,-6174.059999999998,5
4008,1246,50,145,0,145,135,0,10,35,35,0,35,180,20,10049.400000000003,16575.0,-6525.599999999997,5
4009,1246,55,140,0,140,140,0,0,40,40,0,40,190,55,39732.57000000001,16575.0,23157.570000000007,5
4010,1246,60,150,0,150,145,0,5,35,35,0,35,200,35,18705.780000000006,17850.0,855.7800000000043,5
4011,1246,90,150,0,150,135,15,0,30,30,0,30,220,40,27464.49,20400.0,7064.490000000001,5
4012,1246,90,150,0,150,135,0,15,45,45,0,45,220,35,18315.0,20400.0,-2085.0,5
4013,1246,60,170,0,170,150,0,20,35,35,0,35,205,40,27131.085000000003,19550.0,7581.085000000003,5
4014,1246,80,155,0,155,135,15,5,45,45,0,45,210,45,25792.200000000004,19975.0,5817.200000000003,5
4015,1246,75,155,0,155,145,10,0,45,45,0,45,215,60,43356.87000000001,19550.0,23806.87000000001,5
4016,1246,70,170,0,170,155,0,15,35,35,0,35,220,15,7791.840000000001,20400.0,-12608.159999999998,5
4017,1246,65,200,0,200,120,40,40,50,50,0,50,180,45,24393.06,22525.0,1868.0600000000004,5
4018,1246,50,170,0,170,155,0,15,35,35,0,35,200,10,5222.160000000002,18700.0,-13477.839999999998,5
4019,1246,45,175,0,175,160,0,15,35,35,0,35,200,35,24979.725000000002,18700.0,6279.725000000003,5
4020,1246,75,140,0,140,135,5,0,55,55,0,55,205,45,25681.23,18275.0,7406.2300000000005,5
4021,1246,45,160,0,160,150,0,10,35,35,0,35,190,20,13126.410000000003,17425.0,-4298.5899999999965,5
4022,1246,35,195,0,195,180,5,10,30,30,0,30,210,25,14311.980000000001,19550.0,-5238.019999999999,5
4023,1246,55,160,0,160,145,0,15,30,30,0,25,195,15,7097.040000000002,18275.0,-11177.96,5
4024,1246,50,170,0,170,165,5,0,35,35,0,30,210,20,10120.68,18700.0,-8579.32,5
4025,1246,45,165,0,165,155,0,10,40,40,0,35,195,35,26067.780000000002,17850.0,8217.780000000002,5
4026,1246,85,165,0,165,145,10,10,35,35,0,35,225,30,18063.899999999998,21250.0,-3186.1000000000013,5
4027,1246,80,155,0,155,145,0,10,45,45,0,45,220,15,7301.520000000001,19975.0,-12673.48,5
4028,1246,105,170,0,170,165,0,5,20,20,0,20,265,15,8890.02,23375.0,-14484.98,5
4029,1246,65,165,0,165,150,0,15,40,40,0,40,210,25,17907.570000000003,19550.0,-1642.429999999997,5
4030,1246,65,160,0,160,155,5,0,30,30,0,30,215,35,23461.290000000005,19125.0,4336.290000000004,5
4031,1246,110,140,0,140,140,0,0,45,45,0,45,245,25,13828.860000000002,21250.0,-7421.139999999998,5
4032,1246,85,170,0,170,150,15,5,30,30,0,30,230,20,13017.060000000001,21675.0,-8657.939999999999,5
4033,1246,75,155,0,155,150,0,5,45,45,0,45,220,15,8236.080000000002,19550.0,-11313.919999999998,5
4034,1246,75,155,0,155,105,40,10,50,50,0,50,175,65,43141.455,19550.0,23591.455000000005,5
4035,1246,55,155,0,155,135,10,10,50,50,0,45,185,50,36918.765,17850.0,19068.765000000003,5
4036,1246,65,185,0,185,150,0,35,30,30,0,30,210,30,19953.270000000004,21250.0,-1296.7299999999977,5
4037,1246,95,145,0,145,120,5,20,45,45,0,45,210,25,16602.570000000003,20400.0,-3797.429999999997,5
4038,1246,40,195,0,195,130,25,40,35,35,0,35,165,10,5367.960000000001,19975.0,-14607.039999999999,5
4039,1246,70,160,0,160,135,0,25,45,45,0,45,200,25,14398.02,19550.0,-5151.979999999999,5
4040,1246,40,195,0,195,175,0,20,35,35,0,35,210,20,10513.800000000001,19975.0,-9461.199999999999,5
4041,1246,55,170,0,170,125,35,10,45,45,0,45,175,35,21398.58,19125.0,2273.5800000000017,5
4042,1246,70,150,0,150,135,5,10,40,40,0,35,200,35,22399.74,18700.0,3699.7400000000016,5
4043,1246,65,160,0,160,135,15,10,55,55,0,55,195,35,21993.66,19125.0,2868.66,5
4044,1246,50,185,0,185,140,15,30,45,45,0,45,185,20,11674.619999999999,19975.0,-8300.380000000001,5
4045,1246,55,160,0,160,120,20,20,45,45,0,40,170,35,20803.5,18275.0,2528.499999999999,5
4046,1246,50,165,0,165,165,0,0,25,25,0,25,210,0,0.0,18275.0,-18275.0,5
4047,1246,55,160,0,160,155,0,5,50,50,0,45,205,20,10053.36,18275.0,-8221.64,5
4048,1246,100,140,0,140,140,0,0,45,45,0,40,235,30,17296.74,20400.0,-3103.259999999998,5
4049,1246,100,150,0,150,145,5,0,70,70,0,70,240,40,20860.920000000006,21250.0,-389.07999999999447,5
4050,1246,80,145,0,145,125,15,5,50,50,0,50,200,55,37039.43250000001,19125.0,17914.432500000006,5
4051,1246,50,165,0,165,155,0,10,45,45,0,45,200,25,13544.28,18275.0,-4730.719999999999,5
4052,1246,55,165,0,165,155,0,10,35,35,0,35,205,15,9394.560000000001,18700.0,-9305.439999999999,5
4053,1246,115,135,0,135,120,15,0,50,50,0,50,230,30,17129.340000000004,21250.0,-4120.659999999998,5
4054,1246,145,125,0,125,120,0,5,40,40,0,35,260,25,15053.76,22950.0,-7896.24,5
4055,1246,45,185,0,185,135,30,20,40,40,0,40,175,30,18447.3,19550.0,-1102.6999999999998,5
4056,1246,40,200,0,200,160,0,40,40,40,0,35,195,20,11546.100000000002,20400.0,-8853.899999999998,5
4057,1246,55,165,0,165,150,15,0,35,35,0,35,200,50,34282.1025,18700.0,15582.1025,5
4058,1246,35,190,0,190,150,10,30,30,30,0,30,180,20,11866.86,19125.0,-7258.1399999999985,5
4059,1246,105,125,0,125,120,5,0,50,50,0,50,220,55,34450.47,19550.0,14900.470000000005,5
4060,1246,30,190,0,190,155,10,25,20,20,0,20,180,5,2390.7600000000007,18700.0,-16309.24,5
4061,1246,90,165,0,165,165,0,0,25,25,0,25,250,20,12863.16,21675.0,-8811.84,5
4062,1246,80,150,0,150,150,0,0,40,40,0,40,225,15,7278.840000000002,19550.0,-12271.159999999998,5
4063,1246,70,170,0,170,110,30,30,65,65,0,65,175,45,23832.9,20400.0,3432.8999999999996,5
4064,1246,60,165,0,165,155,0,10,35,35,0,35,210,50,34575.87375,19125.0,15450.87375,5
4065,1246,50,175,0,175,130,35,10,40,40,0,40,175,15,8331.480000000001,19125.0,-10793.519999999999,5
4066,1246,60,155,0,155,145,0,10,40,40,0,35,200,55,45615.86437500001,18275.0,27340.864375000012,5
4067,1246,70,160,0,160,145,0,15,35,35,0,35,210,60,45120.2625,19550.0,25570.262499999997,5
4068,1246,45,190,0,190,135,30,25,40,40,0,40,175,45,29641.860000000008,19975.0,9666.860000000006,5
4069,1246,95,155,0,155,135,0,20,55,55,0,55,225,40,22055.940000000006,21250.0,805.940000000005,5
4070,1246,80,165,0,165,125,35,5,50,50,0,50,200,20,10269.720000000001,20825.0,-10555.279999999999,5
4071,1246,60,165,0,165,160,0,5,30,30,0,30,215,20,13822.290000000003,19125.0,-5302.709999999997,5
4072,1246,55,175,0,175,165,0,10,30,30,0,30,215,15,7459.200000000001,19550.0,-12090.8,5
4073,1246,90,155,0,155,150,0,5,35,35,0,35,235,40,23215.230000000003,20825.0,2390.2300000000014,5
4074,1246,50,160,0,160,135,20,5,40,40,0,40,180,35,23933.272500000003,17850.0,6083.272500000003,5
4075,1246,60,155,0,155,150,5,0,40,40,0,40,205,30,20200.41,18275.0,1925.4099999999994,5
4076,1246,100,140,0,140,130,0,10,45,45,0,45,225,30,18789.480000000003,20400.0,-1610.5199999999968,5
4077,1246,90,130,0,130,115,5,10,55,55,0,55,200,35,20242.800000000003,18700.0,1542.800000000002,5
4078,1246,40,175,0,175,125,35,15,35,35,0,35,160,45,29620.800000000003,18275.0,11345.800000000003,5
4079,1246,55,175,0,175,155,20,0,40,40,0,40,205,20,11506.14,19550.0,-8043.86,5
4080,1246,75,155,0,155,150,5,0,50,50,0,50,220,30,18537.39,19550.0,-1012.6099999999997,5
4081,1246,45,165,0,165,115,20,30,40,40,0,40,155,70,45394.29000000001,17850.0,27544.290000000008,5
4082,1246,70,135,0,135,135,0,0,35,35,0,35,200,30,17635.680000000004,17425.0,210.68000000000438,5
4083,1246,60,165,0,165,145,15,5,45,45,0,45,200,35,20431.44,19125.0,1306.44,5
4084,1246,80,155,0,155,125,30,0,50,50,0,50,200,35,18242.82,19975.0,-1732.1799999999985,5
4085,1246,70,170,0,170,140,25,5,45,45,0,40,205,45,31161.465000000004,20400.0,10761.465000000004,5
4086,1246,45,180,0,180,170,5,5,20,20,0,20,210,20,11304.539999999999,19125.0,-7820.460000000001,5
4087,1246,90,145,0,145,145,0,0,45,45,0,45,230,55,39275.38125,19975.0,19300.38125,5
4088,1246,50,175,0,175,140,35,0,35,35,0,35,185,40,24786.9,19125.0,5661.900000000001,5
4089,1246,60,170,0,170,135,15,20,35,35,0,35,190,15,7967.160000000002,19550.0,-11582.839999999998,5
4090,1246,50,185,0,185,165,0,20,20,20,0,20,210,10,4829.040000000001,19975.0,-15145.96,5
4091,1246,70,155,0,155,155,0,0,40,40,0,40,220,30,19695.510000000002,19125.0,570.5100000000039,5
4092,1246,75,155,0,155,120,10,25,35,35,0,35,190,25,12765.240000000003,19550.0,-6784.759999999997,5
4093,1246,50,180,0,180,135,15,30,45,45,0,45,180,30,16977.420000000002,19550.0,-2572.579999999998,5
4094,1246,100,140,0,140,140,0,0,50,50,0,50,235,25,13287.420000000002,20400.0,-7112.579999999998,5
4095,1246,50,175,0,175,115,20,40,45,45,0,45,160,55,37495.30500000001,19125.0,18370.305000000008,5
4096,1246,90,160,0,160,130,0,30,35,35,0,35,215,20,10141.2,21250.0,-11108.8,5
4097,1246,80,135,0,135,100,20,15,50,50,0,50,175,50,31906.620000000003,18275.0,13631.620000000003,5
4098,1246,125,125,0,125,100,10,15,60,60,0,60,220,40,22096.620000000003,21250.0,846.6200000000026,5
4099,1246,85,155,0,155,140,5,10,35,35,0,35,220,20,11267.100000000002,20400.0,-9132.899999999998,5
4100,1246,60,170,0,170,140,15,15,45,45,0,45,195,40,23694.660000000003,19550.0,4144.6600000000035,5
4101,1246,75,165,0,165,155,5,5,50,50,0,50,225,25,14453.820000000003,20400.0,-5946.179999999997,5
4102,1246,85,165,0,165,140,0,25,35,35,0,35,220,10,5180.400000000001,21250.0,-16069.6,5
4103,1246,40,175,0,175,140,25,10,30,30,0,30,175,35,26803.237500000003,18275.0,8528.237500000005,5
4104,1246,65,155,0,155,145,10,0,35,35,0,35,205,15,7284.240000000001,18700.0,-11415.76,5
4105,1246,55,170,0,170,170,0,0,35,35,0,35,220,30,16469.460000000003,19125.0,-2655.5399999999986,5
4106,1246,80,175,0,175,95,75,5,55,55,0,50,170,75,51520.91625,21675.0,29845.916250000002,5
4107,1246,100,145,0,145,135,0,10,60,60,0,60,230,70,42970.05,20825.0,22145.050000000003,5
4108,1246,50,170,0,170,145,5,20,45,45,0,45,190,10,5379.48,18700.0,-13320.52,5
4109,1246,80,145,0,145,120,20,5,50,50,0,50,195,25,13009.68,19125.0,-6115.32,5
4110,1246,55,180,0,180,175,0,5,20,20,0,20,225,30,18255.240000000005,19975.0,-1719.7599999999966,5
4111,1246,70,155,0,155,135,0,20,40,40,0,40,200,35,19562.040000000005,19125.0,437.04000000000406,5
4112,1246,75,180,0,180,150,0,30,20,20,0,20,220,15,9219.420000000002,21675.0,-12455.58,5
4113,1246,50,200,0,200,110,60,30,35,35,0,35,155,30,18270.72,21250.0,-2979.279999999999,5
4114,1246,65,150,0,150,110,15,25,60,60,0,60,170,55,32717.61,18275.0,14442.61,5
4115,1246,110,150,0,150,135,15,0,40,40,0,40,240,50,33617.7225,22100.0,11517.722500000003,5
4116,1246,85,145,0,145,140,0,5,50,50,0,45,220,30,14786.640000000005,19550.0,-4763.359999999995,5
4117,1246,60,150,0,150,105,40,5,55,55,0,55,160,90,64879.41656250001,17850.0,47029.41656250001,5
4118,1246,60,165,0,165,155,0,10,50,50,0,45,210,25,12576.960000000001,19125.0,-6548.039999999999,5
4119,1246,75,170,0,170,165,0,5,20,20,0,20,235,25,17928.135000000002,20825.0,-2896.864999999998,5
4120,1246,65,160,0,160,115,20,25,55,55,0,55,175,50,29312.280000000006,19125.0,10187.280000000006,5
4121,1246,55,160,0,160,150,5,5,45,45,0,40,200,50,32919.795000000006,18275.0,14644.795000000004,5
4122,1246,50,155,0,155,130,15,10,45,45,0,40,175,50,39716.13375,17425.0,22291.13375,5
4123,1246,90,145,0,145,145,0,0,40,40,0,40,230,50,34111.66500000001,19975.0,14136.665000000008,5
4124,1246,100,125,0,125,120,0,5,50,50,0,50,215,60,48391.590937500005,19125.0,29266.590937500005,5
4125,1246,60,160,0,160,160,0,0,25,25,0,25,215,20,14832.855,18700.0,-3867.1450000000004,5
4126,1246,70,145,0,145,140,5,0,40,40,0,40,205,45,25312.500000000004,18275.0,7037.500000000005,5
4127,1246,75,160,0,160,150,10,0,50,50,0,50,220,35,23594.85,19975.0,3619.8499999999967,5
4128,1246,105,125,0,125,120,0,5,55,55,0,50,220,45,27031.950000000004,19550.0,7481.950000000006,5
4129,1246,60,165,0,165,165,0,0,20,20,0,20,220,10,6519.42,19125.0,-12605.58,5
4130,1246,45,190,0,190,145,10,35,40,40,0,40,185,35,20278.980000000003,19975.0,303.98000000000366,5
4131,1246,30,205,0,205,140,45,20,30,30,0,25,165,10,5487.4800000000005,19975.0,-14487.52,5
4132,1246,60,175,0,175,175,0,0,30,30,0,30,230,10,5196.960000000001,19975.0,-14778.039999999999,5
4133,1246,60,180,0,180,175,0,5,30,30,0,30,230,20,10178.28,20400.0,-10221.72,5
4134,1246,35,210,0,210,150,5,55,20,20,0,20,180,20,13038.840000000002,20825.0,-7786.159999999998,5
4135,1246,65,175,0,175,155,0,20,25,25,0,25,215,10,5006.52,20400.0,-15393.48,5
4136,1246,110,125,0,125,115,5,5,45,45,0,45,220,60,39422.56500000001,19975.0,19447.56500000001,5
4137,1246,50,170,0,170,155,0,15,25,25,0,25,200,10,4872.960000000001,18700.0,-13827.039999999999,5
4138,1246,60,160,0,160,140,20,0,40,40,0,40,195,45,31320.202500000007,18700.0,12620.202500000005,5
4139,1246,45,180,0,180,130,15,35,40,40,0,35,170,10,4741.200000000001,19125.0,-14383.8,5
4140,1246,45,165,0,165,155,5,5,40,40,0,40,195,40,23924.61,17850.0,6074.610000000002,5
4141,1246,50,170,0,170,120,25,25,45,45,0,45,165,60,41769.832500000004,18700.0,23069.832500000004,5
4142,1246,55,175,0,175,110,25,40,50,50,0,50,160,45,30641.985,19550.0,11091.985,5
4143,1246,65,165,0,165,145,0,20,40,40,0,40,205,15,7918.200000000001,19550.0,-11631.8,5
4144,1246,70,140,0,140,120,10,10,40,40,0,40,185,95,74396.63812500001,17850.0,56546.63812500001,5
4145,1246,75,160,0,160,145,0,15,45,45,0,40,215,30,19635.930000000004,19975.0,-339.069999999997,5
4146,1246,75,145,0,145,130,5,10,45,45,0,45,200,55,36099.090000000004,18700.0,17399.090000000004,5
4147,1246,60,170,0,170,165,0,5,35,35,0,35,220,15,7463.16,19550.0,-12086.84,5
4148,1246,60,175,0,175,145,25,5,40,40,0,40,200,5,2502.36,19975.0,-17472.64,5
4149,1246,80,160,0,160,155,0,5,25,25,0,25,230,30,19798.740000000005,20400.0,-601.2599999999952,5
4150,1246,70,170,0,170,165,0,5,30,30,0,30,230,20,12027.6,20400.0,-8372.4,5
4151,1246,70,155,0,155,155,0,0,40,40,0,40,220,25,18296.955,19125.0,-828.0449999999973,5
4152,1246,75,145,0,145,135,10,0,30,30,0,30,205,40,25658.73,18700.0,6958.7300000000005,5
4153,1246,55,175,0,175,100,50,25,55,55,0,50,150,80,59346.38249999999,19550.0,39796.38249999999,5
4154,1246,25,200,0,200,160,5,35,20,20,0,20,180,10,6519.42,19125.0,-12605.58,5
4155,1246,35,185,0,185,130,30,25,30,30,0,30,160,35,23155.650000000005,18700.0,4455.650000000005,5
4156,1246,75,165,0,165,155,5,5,40,40,0,40,225,25,14333.580000000002,20400.0,-6066.419999999998,5
4157,1246,95,155,0,155,155,0,0,30,30,0,30,245,15,8175.600000000002,21250.0,-13074.399999999998,5
4158,1246,115,155,0,155,150,0,5,30,30,0,30,260,15,7858.4400000000005,22950.0,-15091.56,5
4159,1246,100,110,0,110,100,10,0,60,60,0,60,195,120,88834.60125,17850.0,70984.60125,5
4160,1246,30,185,0,185,155,5,25,25,25,0,25,180,20,11428.02,18275.0,-6846.979999999999,5
4161,1246,50,175,0,175,150,5,20,45,45,0,45,195,20,15527.474999999999,19125.0,-3597.5250000000005,5
4162,1246,55,160,0,160,150,5,5,40,40,0,40,200,30,17021.340000000004,18275.0,-1253.6599999999976,5
4163,1246,60,155,0,155,125,20,10,50,50,0,50,180,30,16601.22,18275.0,-1673.779999999997,5
4164,1246,55,180,0,180,135,30,15,55,55,0,50,185,50,27785.52,19975.0,7810.520000000001,5
4165,1246,30,185,0,185,155,20,10,30,30,0,25,180,10,4785.120000000001,18275.0,-13489.879999999997,5
4166,1246,80,155,0,155,155,0,0,30,30,0,30,230,35,19492.2,19975.0,-482.7999999999997,5
4167,1246,60,175,0,175,115,35,25,55,55,0,50,170,35,18621.18,19975.0,-1353.8199999999983,5
4168,1246,60,160,0,160,145,0,15,55,55,0,55,200,40,22663.71,18700.0,3963.710000000001,5
4169,1246,55,175,0,175,125,30,20,50,50,0,50,175,40,23227.74000000001,19550.0,3677.740000000008,5
4170,1246,80,155,0,155,155,0,0,40,40,0,40,230,40,22736.160000000003,19975.0,2761.1600000000044,5
4171,1246,60,165,0,165,100,50,15,55,55,0,55,155,60,39232.44,19125.0,20107.440000000002,5
4172,1246,40,185,0,185,150,20,15,30,30,0,30,185,30,17971.74,19125.0,-1153.259999999998,5
4173,1246,60,170,0,170,145,20,5,30,30,0,30,200,15,9138.42,19550.0,-10411.579999999998,5
4174,1246,40,195,0,195,170,20,5,35,35,0,35,205,25,13719.060000000001,19975.0,-6255.939999999999,5
4175,1246,75,155,0,155,150,0,5,35,35,0,35,220,45,30216.195000000007,19550.0,10666.195000000007,5
4176,1246,45,175,0,175,165,0,10,35,35,0,35,205,40,25045.830000000005,18700.0,6345.830000000005,5
4177,1246,90,160,0,160,100,60,0,60,60,0,60,185,50,29109.42,21250.0,7859.42,5
4178,1246,55,175,0,175,155,5,15,30,30,0,30,205,30,16836.300000000003,19550.0,-2713.699999999999,5
4179,1246,50,185,0,185,170,0,15,35,35,0,30,215,30,19342.530000000002,19975.0,-632.4699999999984,5
4180,1246,55,175,0,175,165,5,5,35,35,0,35,215,30,16601.22,19550.0,-2948.7799999999993,5
4181,1246,60,160,0,160,135,20,5,50,50,0,50,190,40,28739.655000000006,18700.0,10039.655000000006,5
4182,1246,110,145,0,145,120,10,15,30,30,0,30,225,20,12994.650000000003,21675.0,-8680.349999999997,5
4183,1246,90,140,0,140,125,10,5,65,65,0,65,210,45,25232.76000000001,19550.0,5682.7600000000075,5
4184,1246,40,195,0,195,155,5,35,30,30,0,30,190,20,13839.930000000002,19975.0,-6135.069999999998,5
4185,1246,50,175,0,175,165,0,10,35,35,0,35,210,20,10671.12,19125.0,-8453.88,5
4186,1246,85,165,0,165,155,0,10,25,25,0,25,235,30,20676.825000000004,21250.0,-573.1749999999965,5
4187,1246,55,175,0,175,160,10,5,30,30,0,30,210,40,24367.95,19550.0,4817.950000000001,5
4188,1246,105,140,0,140,130,0,10,50,50,0,50,230,60,39120.75000000001,20825.0,18295.750000000007,5
4189,1246,50,170,0,170,140,15,15,40,40,0,40,185,20,11812.500000000002,18700.0,-6887.499999999998,5
4190,1246,45,175,0,175,165,10,0,35,35,0,35,205,20,12355.740000000002,18700.0,-6344.259999999999,5
4191,1246,110,145,0,145,135,10,0,35,35,0,35,240,25,15788.34,21675.0,-5886.66,5
4192,1246,55,160,0,160,115,15,30,45,45,0,45,165,85,64336.182890624994,18275.0,46061.182890624994,5
4193,1246,90,150,0,150,145,5,0,30,30,0,30,230,55,39941.20125000001,20400.0,19541.201250000013,5
4194,1246,50,175,0,175,165,5,5,35,35,0,35,210,25,14180.220000000001,19125.0,-4944.779999999999,5
4195,1246,85,150,0,150,140,0,10,50,50,0,50,220,35,21686.490000000005,19975.0,1711.4900000000034,5
4196,1246,40,175,0,175,175,0,0,25,25,0,20,210,25,16537.32,18275.0,-1737.6800000000003,5
4197,1246,55,160,0,160,155,0,5,35,35,0,35,205,25,13832.460000000001,18275.0,-4442.539999999999,5
4198,1246,65,150,0,150,150,0,0,35,35,0,30,210,30,23794.155000000006,18275.0,5519.155000000005,5
4199,1246,50,170,0,170,155,0,15,35,35,0,35,200,55,37782.765,18700.0,19082.765,5
4200,1246,65,175,0,175,100,45,30,60,60,0,60,160,35,20544.840000000004,20400.0,144.84000000000378,5
4201,1246,60,150,0,150,150,0,0,50,50,0,45,205,30,18319.050000000003,17850.0,469.050000000002,5
4202,1246,80,130,0,130,110,15,5,65,65,0,65,185,95,68009.281875,17850.0,50159.28187500001,5
4203,1246,70,160,0,160,160,0,0,35,35,0,35,225,30,15743.7,19550.0,-3806.299999999999,5
4204,1246,55,165,0,165,145,20,0,35,35,0,35,195,50,31993.2,18700.0,13293.2,5
4205,1246,60,170,0,170,110,40,20,55,55,0,55,165,15,7199.64,19550.0,-12350.36,5
4206,1246,55,175,0,175,165,5,5,40,40,0,35,215,35,20562.75,19550.0,1012.7500000000009,5
4207,1246,65,145,0,145,125,5,15,65,65,0,60,185,55,31043.790000000005,17850.0,13193.790000000005,5
4208,1246,35,185,0,185,185,0,0,10,10,0,10,215,5,2590.2000000000003,18700.0,-16109.8,5
4209,1246,65,170,0,170,120,25,25,55,55,0,50,180,35,19004.22,19975.0,-970.7799999999997,5
4210,1246,55,190,0,190,105,50,35,50,50,0,50,155,25,14468.220000000001,20825.0,-6356.779999999999,5
4211,1246,60,155,0,155,150,0,5,50,50,0,50,205,35,17715.960000000003,18275.0,-559.0399999999977,5
4212,1246,55,160,0,160,145,0,15,40,40,0,40,195,0,0.0,18275.0,-18275.0,5
4213,1246,70,155,0,155,135,15,5,35,35,0,35,200,55,37769.60250000001,19125.0,18644.602500000005,5
4214,1246,50,180,0,180,170,0,10,25,25,0,20,215,15,7507.080000000001,19550.0,-12042.919999999998,5
4215,1246,75,150,0,150,140,10,0,45,45,0,45,210,35,18126.360000000004,19125.0,-998.6399999999958,5
4216,1246,110,155,0,155,150,0,5,20,20,0,20,255,10,4868.280000000001,22525.0,-17656.72,5
4217,1246,85,145,0,145,140,5,0,35,35,0,35,220,35,23179.410000000003,19550.0,3629.4100000000026,5
4218,1246,75,165,0,165,135,5,25,35,35,0,35,205,30,17791.020000000004,20400.0,-2608.979999999997,5
4219,1246,35,205,0,205,165,10,30,30,30,0,30,195,20,11502.180000000004,20400.0,-8897.819999999996,5
4220,1246,30,185,0,185,170,0,15,25,25,0,25,195,30,20328.435,18275.0,2053.4350000000018,5
4221,1246,40,185,0,185,175,0,10,20,20,0,20,210,10,6309.720000000001,19125.0,-12815.279999999999,5
4222,1246,80,160,0,160,140,10,10,40,40,0,40,215,20,13162.680000000002,20400.0,-7237.319999999998,5
4223,1246,110,145,0,145,135,0,10,60,60,0,60,240,15,7682.76,21675.0,-13992.24,5
4224,1246,65,180,0,180,160,20,0,45,45,0,45,220,40,24208.02,20825.0,3383.0200000000013,5
4225,1246,60,175,0,175,120,40,15,50,50,0,50,175,45,24729.300000000003,19975.0,4754.300000000003,5
4226,1246,40,175,0,175,160,5,10,35,35,0,35,195,15,8127.0,18275.0,-10148.0,5
4227,1246,120,140,0,140,95,45,0,65,65,0,65,210,40,24019.65,22100.0,1919.6500000000015,5
4228,1246,90,150,0,150,135,0,15,45,45,0,45,220,40,28151.325000000004,20400.0,7751.325000000006,5
4229,1246,80,155,0,155,145,10,0,30,30,0,30,220,20,11139.840000000002,19975.0,-8835.159999999998,5
4230,1246,100,125,0,125,125,0,0,35,35,0,35,220,50,31687.47,19125.0,12562.470000000003,5
4231,1246,80,165,0,165,130,25,10,45,45,0,45,205,35,19305.9,20825.0,-1519.0999999999985,5
4232,1246,40,180,0,180,175,0,5,35,35,0,35,210,40,27028.980000000003,18700.0,8328.980000000001,5
4233,1246,50,180,0,180,160,0,20,30,30,0,30,205,40,27978.570000000003,19550.0,8428.570000000003,5
4234,1246,50,170,0,170,140,10,20,40,40,0,35,185,25,14331.960000000003,18700.0,-4368.039999999996,5
4235,1246,55,190,0,190,105,70,15,50,50,0,50,155,30,15635.52,20825.0,-5189.479999999999,5
4236,1246,75,170,0,170,165,0,5,35,35,0,35,235,15,7471.800000000001,20825.0,-13353.199999999999,5
4237,1246,60,175,0,175,110,40,25,55,55,0,55,165,30,14433.480000000003,19975.0,-5541.519999999996,5
4238,1246,55,170,0,170,125,25,20,50,50,0,50,175,40,25384.545000000002,19125.0,6259.545000000003,5
4239,1246,100,135,0,135,125,0,10,40,40,0,40,220,45,32476.252500000002,19975.0,12501.2525,5
4240,1246,50,170,0,170,135,15,20,35,35,0,35,180,25,14203.26,18700.0,-4496.74,5
4241,1246,50,165,0,165,135,20,10,40,40,0,40,180,15,7737.840000000001,18275.0,-10537.16,5
4242,1246,45,180,0,180,155,25,0,40,40,0,40,195,30,16060.680000000002,19125.0,-3064.319999999998,5
4243,1246,50,175,0,175,150,10,15,45,45,0,45,195,20,11721.78,19125.0,-7403.219999999999,5
4244,1246,90,135,0,135,115,15,5,45,45,0,45,200,25,16094.340000000002,19125.0,-3030.659999999998,5
4245,1246,90,155,0,155,150,0,5,45,45,0,45,235,10,5441.4000000000015,20825.0,-15383.599999999999,5
4246,1246,55,165,0,165,140,10,15,50,50,0,45,190,60,40411.82250000001,18700.0,21711.82250000001,5
4247,1246,70,160,0,160,155,5,0,40,40,0,40,220,30,15555.600000000002,19550.0,-3994.3999999999983,5
4248,1246,45,205,0,205,115,45,45,35,35,0,35,155,25,16329.060000000001,21250.0,-4920.939999999999,5
4249,1246,60,175,0,175,135,20,20,40,40,0,40,190,40,24201.54,19975.0,4226.54,5
4250,1246,80,150,0,150,140,0,10,35,35,0,35,215,20,13980.510000000002,19550.0,-5569.489999999998,5
4251,1246,70,175,0,175,115,40,20,65,65,0,65,180,65,38808.81,20825.0,17983.809999999998,5
4252,1246,30,195,0,195,150,15,30,20,20,0,20,175,5,3029.0400000000004,19125.0,-16095.96,5
4253,1246,65,150,0,150,110,20,20,55,55,0,55,170,40,20520.72,18275.0,2245.720000000001,5
4254,1246,70,160,0,160,155,0,5,30,30,0,30,220,10,5386.320000000001,19550.0,-14163.68,5
4255,1246,65,160,0,160,155,0,5,25,25,0,25,215,20,12717.0,19125.0,-6408.0,5
4256,1246,50,180,0,180,150,20,10,45,45,0,45,195,30,19910.16,19550.0,360.16000000000076,5
4257,1246,90,155,0,155,130,15,10,45,45,0,45,215,20,11527.380000000001,20825.0,-9297.619999999999,5
4258,1246,35,185,0,185,150,15,20,25,25,0,25,180,10,6021.72,18700.0,-12678.279999999999,5
4259,1246,105,135,0,135,130,0,5,40,40,0,40,230,20,10220.400000000001,20400.0,-10179.599999999999,5
4260,1246,35,185,0,185,160,0,25,30,30,0,30,190,15,7551.000000000002,18700.0,-11148.999999999998,5
4261,1246,50,165,0,165,140,20,5,45,45,0,45,185,30,15981.840000000004,18275.0,-2293.1599999999958,5
4262,1246,65,170,0,170,155,0,15,20,20,0,20,215,35,26767.012500000004,19975.0,6792.012500000005,5
4263,1246,35,195,0,195,140,20,35,30,30,0,30,170,40,27085.410000000003,19550.0,7535.410000000002,5
4264,1246,85,140,0,140,140,0,0,65,65,0,65,220,60,34258.500000000015,19125.0,15133.500000000013,5
4265,1246,65,185,0,185,140,35,10,35,35,0,35,200,30,18751.68,21250.0,-2498.319999999999,5
4266,1246,45,180,0,180,160,10,10,40,40,0,40,200,15,9175.500000000002,19125.0,-9949.499999999998,5
4267,1246,65,155,0,155,140,0,15,55,55,0,55,200,65,43229.42999999999,18700.0,24529.429999999993,5
4268,1246,45,165,0,165,165,0,0,25,25,0,25,205,20,13356.990000000002,17850.0,-4493.009999999999,5
4269,1246,50,170,0,170,140,5,25,45,45,0,45,185,25,14879.880000000003,18700.0,-3820.119999999997,5
4270,1246,45,180,0,180,140,20,20,35,35,0,35,180,15,7999.56,19125.0,-11125.439999999999,5
4271,1246,45,165,0,165,150,0,15,35,35,0,35,190,25,15633.450000000003,17850.0,-2216.5499999999975,5
4272,1246,70,145,0,145,120,25,0,40,40,0,40,185,75,52766.505000000005,18275.0,34491.505000000005,5
4273,1246,150,120,0,120,115,0,5,60,60,0,60,260,45,29214.54,22950.0,6264.540000000002,5
4274,1246,100,150,0,150,115,0,35,50,50,0,45,210,30,16685.100000000002,21250.0,-4564.899999999998,5
4275,1246,50,160,0,160,140,10,10,40,40,0,40,185,30,16814.700000000004,17850.0,-1035.2999999999975,5
4276,1246,50,185,0,185,140,15,30,40,40,0,40,185,20,11436.300000000001,19975.0,-8538.699999999999,5
4277,1246,85,140,0,140,135,0,5,45,45,0,40,215,25,12643.2,19125.0,-6481.799999999998,5
4278,1246,50,190,0,190,185,0,5,5,5,0,5,230,5,2546.28,20400.0,-17853.72,5
4279,1246,65,175,0,175,165,0,10,35,35,0,35,225,5,2458.44,20400.0,-17941.559999999998,5
4280,1246,60,170,0,170,140,15,15,55,55,0,55,195,50,27723.24,19550.0,8173.240000000001,5
4281,1246,55,170,0,170,140,0,30,30,30,0,30,190,40,28361.812500000007,19125.0,9236.812500000005,5
4282,1246,55,165,0,165,155,0,10,35,35,0,35,205,25,16770.33,18700.0,-1929.6699999999987,5
4283,1246,55,185,0,185,140,20,25,45,45,0,45,190,25,12770.280000000002,20400.0,-7629.7199999999975,5
4284,1246,85,140,0,140,135,0,5,30,30,0,25,215,35,22114.08,19125.0,2989.0800000000036,5
4285,1246,45,175,0,175,150,25,0,35,35,0,35,190,15,7318.800000000001,18700.0,-11381.199999999999,5
4286,1246,75,150,0,150,120,5,25,50,50,0,50,190,55,38795.512500000004,19125.0,19670.512500000004,5
4287,1246,30,190,0,190,190,0,0,25,25,0,25,215,25,14515.380000000003,18700.0,-4184.619999999997,5
4288,1246,70,165,0,165,165,0,0,20,20,0,20,230,10,5113.4400000000005,19975.0,-14861.56,5
4289,1246,70,165,0,165,160,0,5,40,40,0,40,225,20,8425.800000000001,19975.0,-11549.199999999999,5
4290,1246,45,170,0,170,155,10,5,35,35,0,35,195,15,8035.920000000001,18275.0,-10239.079999999998,5
4291,1246,35,185,0,185,165,0,20,30,30,0,30,195,20,13663.800000000003,18700.0,-5036.199999999997,5
4292,1246,65,165,0,165,145,10,10,60,60,0,60,205,40,24344.370000000003,19550.0,4794.3700000000035,5
4293,1246,120,120,0,120,115,5,0,60,60,0,60,230,35,22166.460000000006,20400.0,1766.4600000000064,5
4294,1246,70,150,0,150,140,10,0,45,45,0,45,205,45,27775.350000000002,18700.0,9075.350000000002,5
4295,1246,50,175,0,175,150,15,10,40,40,0,40,195,25,14136.300000000003,19125.0,-4988.699999999997,5
4296,1246,95,140,0,140,120,15,5,50,50,0,50,210,40,23505.120000000006,19975.0,3530.1200000000063,5
4297,1246,85,145,0,145,135,5,5,40,40,0,40,215,35,20676.33,19550.0,1126.3300000000027,5
4298,1246,45,165,0,165,160,0,5,40,40,0,40,200,35,19228.860000000004,17850.0,1378.8600000000042,5
4299,1246,40,175,0,175,130,20,25,35,35,0,35,165,25,14626.980000000003,18275.0,-3648.019999999997,5
4300,1246,70,160,0,160,105,55,0,60,60,0,60,170,45,23953.5,19550.0,4403.499999999999,5
4301,1246,85,145,0,145,140,0,5,45,45,0,45,220,45,26044.920000000006,19550.0,6494.920000000006,5
4302,1246,60,165,0,165,145,10,10,55,55,0,55,200,30,14241.24,19125.0,-4883.76,5
4303,1246,60,140,0,140,130,10,0,55,55,0,55,185,60,38355.255000000005,17000.0,21355.255000000005,5
4304,1246,35,185,0,185,180,0,5,25,25,0,25,210,10,6475.5,18700.0,-12224.5,5
4305,1246,85,170,0,170,165,0,5,20,20,0,20,245,15,7814.520000000001,21675.0,-13860.479999999998,5
4306,1246,75,170,0,170,165,0,5,20,20,0,20,235,20,13928.400000000001,20825.0,-6896.5999999999985,5
4307,1246,55,175,0,175,120,10,45,45,45,0,45,170,30,17816.04,19550.0,-1733.9599999999973,5
4308,1246,50,175,0,175,155,0,20,30,30,0,30,200,20,11627.460000000001,19125.0,-7497.539999999999,5
4309,1246,45,180,0,180,175,5,0,20,20,0,20,215,5,2677.32,19125.0,-16447.68,5
4310,1246,85,130,0,130,125,5,0,45,45,0,45,205,35,21162.240000000005,18275.0,2887.240000000006,5
4311,1246,50,180,0,180,140,35,5,40,40,0,40,185,15,7715.160000000001,19550.0,-11834.84,5
4312,1246,30,190,0,190,150,20,20,30,30,0,25,175,20,10028.16,18700.0,-8671.84,5
4313,1246,125,140,0,140,120,0,20,35,35,0,35,240,25,13719.06,22525.0,-8805.94,5
4314,1246,95,160,0,160,140,15,5,30,30,0,30,230,70,50805.51187500001,21675.0,29130.51187500001,5
4315,1246,50,180,0,180,115,25,40,45,45,0,45,160,50,30433.23,19550.0,10883.23,5
4316,1246,50,175,0,175,170,0,5,25,25,0,25,215,35,24326.460000000006,19125.0,5201.460000000006,5
4317,1246,115,130,0,130,125,0,5,45,45,0,45,235,40,22586.22,20825.0,1761.220000000003,5
4318,1246,55,165,0,165,165,0,0,40,40,0,40,215,30,17263.620000000003,18700.0,-1436.3799999999992,5
4319,1246,70,160,0,160,155,0,5,40,40,0,40,220,35,20917.620000000006,19550.0,1367.6200000000063,5
4320,1246,115,140,0,140,135,0,5,25,25,0,25,245,30,23364.45,21675.0,1689.4500000000016,5
4321,1246,50,170,0,170,135,15,20,45,45,0,40,180,50,36377.122500000005,18700.0,17677.122500000005,5
4322,1246,60,185,0,185,135,25,25,40,40,0,40,190,25,12574.080000000002,20825.0,-8250.919999999998,5
4323,1246,100,140,0,140,140,0,0,30,30,0,30,235,35,20190.780000000002,20400.0,-209.21999999999798,5
4324,1246,55,160,0,160,155,0,5,30,30,0,30,205,5,2634.1200000000003,18275.0,-15640.88,5
4325,1246,75,150,0,150,150,0,0,35,35,0,35,220,80,58636.29375,19125.0,39511.29375,5
4326,1246,75,155,0,155,130,5,20,55,55,0,55,200,50,33682.14,19550.0,14132.14,5
4327,1246,75,170,0,170,165,0,5,25,25,0,25,235,0,0.0,20825.0,-20825.0,5
4328,1246,75,150,0,150,145,0,5,40,40,0,40,215,35,20751.120000000003,19125.0,1626.1200000000008,5
4329,1246,40,190,0,190,140,25,25,35,35,0,35,175,50,31598.640000000007,19550.0,12048.640000000005,5
4330,1246,110,125,0,125,125,0,0,50,50,0,50,230,70,53619.72749999999,19975.0,33644.72749999999,5
4331,1246,45,180,0,180,130,25,25,40,40,0,40,170,50,32769.090000000004,19125.0,13644.090000000006,5
4332,1246,75,160,0,160,160,0,0,50,50,0,50,230,40,22400.460000000003,19975.0,2425.4600000000028,5
4333,1246,75,150,0,150,145,5,0,50,50,0,45,215,50,34299.315,19125.0,15174.315000000006,5
4334,1246,80,170,0,170,170,0,0,30,30,0,30,245,30,18658.170000000002,21250.0,-2591.8299999999977,5
4335,1246,50,185,0,185,150,5,30,40,40,0,40,195,20,11780.820000000003,19975.0,-8194.179999999997,5
4336,1246,65,175,0,175,160,0,15,40,40,0,40,220,30,16528.86,20400.0,-3871.1400000000003,5
4337,1246,45,185,0,185,155,0,30,40,40,0,40,195,25,17481.105000000003,19550.0,-2068.8949999999977,5
4338,1246,55,170,0,170,165,0,5,25,25,0,25,215,5,2546.28,19125.0,-16578.72,5
4339,1246,60,165,0,165,150,5,10,55,55,0,55,205,40,19931.4,19125.0,806.400000000001,5
4340,1246,55,165,0,165,155,5,5,40,40,0,40,205,20,13532.760000000002,18700.0,-5167.239999999997,5
4341,1246,70,175,0,175,155,0,20,30,30,0,30,220,10,5006.520000000001,20825.0,-15818.48,5
4342,1246,40,180,0,180,145,25,10,35,35,0,35,180,30,21699.225000000002,18700.0,2999.2250000000013,5
4343,1246,65,160,0,160,145,0,15,40,40,0,40,205,50,36221.22,19125.0,17096.22,5
4344,1246,40,185,0,185,145,5,35,35,35,0,35,180,25,13425.840000000004,19125.0,-5699.159999999997,5
4345,1246,65,175,0,175,150,0,25,25,25,0,25,210,35,24601.275,20400.0,4201.275000000001,5
4346,1246,55,165,0,165,125,10,30,40,40,0,40,175,35,21505.68,18700.0,2805.680000000002,5
4347,1246,45,180,0,180,100,50,30,40,40,0,40,140,30,16665.480000000003,19125.0,-2459.5199999999977,5
4348,1246,130,125,0,125,125,0,0,25,25,0,25,250,40,26833.274999999998,21675.0,5158.274999999999,5
4349,1246,75,170,0,170,145,25,0,15,15,0,15,215,30,21816.720000000005,20825.0,991.7200000000048,5
4350,1246,35,180,0,180,150,0,30,30,30,0,30,180,30,20590.245000000003,18275.0,2315.2450000000044,5
4351,1246,100,145,0,145,135,0,10,55,55,0,55,230,60,36687.33000000001,20825.0,15862.33000000001,5
4352,1246,60,165,0,165,165,0,0,15,15,0,15,220,40,31586.90625,19125.0,12461.906250000002,5
4353,1246,40,175,0,175,165,10,0,20,20,0,20,200,15,9134.460000000001,18275.0,-9140.539999999999,5
4354,1246,85,155,0,155,140,10,5,35,35,0,35,220,45,30148.47,20400.0,9748.470000000001,5
4355,1246,95,145,0,145,135,10,0,55,55,0,55,225,25,13440.600000000002,20400.0,-6959.399999999998,5
4356,1246,60,175,0,175,175,0,0,30,30,0,30,230,10,5102.64,19975.0,-14872.359999999999,5
4357,1246,55,160,0,160,145,15,0,45,45,0,45,195,50,32569.335,18275.0,14294.335000000001,5
4358,1246,70,185,0,185,185,0,0,25,25,0,25,250,30,19036.170000000002,21675.0,-2638.829999999998,5
4359,1246,70,155,0,155,130,15,10,55,55,0,55,195,60,38197.259999999995,19125.0,19072.259999999995,5
4360,1246,55,170,0,170,130,30,10,50,50,0,50,180,30,16118.82,19125.0,-3006.1799999999994,5
4361,1246,70,155,0,155,130,5,20,45,45,0,45,195,40,25965.225,19125.0,6840.225,5
4362,1246,75,130,0,130,120,5,5,55,55,0,55,190,60,38833.0425,17425.0,21408.042500000003,5
4363,1246,50,195,0,195,135,45,15,45,45,0,45,180,25,13741.020000000004,20825.0,-7083.979999999997,5
4364,1246,85,150,0,150,145,0,5,45,45,0,45,225,45,27071.370000000003,19975.0,7096.370000000002,5
4365,1246,65,150,0,150,130,20,0,50,50,0,50,190,40,21477.060000000005,18275.0,3202.060000000006,5
4366,1246,55,165,0,165,145,20,0,35,35,0,35,195,20,11677.86,18700.0,-7022.139999999999,5
4367,1246,55,160,0,160,155,5,0,35,35,0,30,205,20,11812.860000000002,18275.0,-6462.139999999998,5
4368,1246,95,160,0,160,160,0,0,25,25,0,25,250,15,7494.840000000002,21675.0,-14180.159999999998,5
4369,1246,85,140,0,140,130,0,10,50,50,0,45,210,35,21833.370000000003,19125.0,2708.3700000000044,5
4370,1246,70,155,0,155,150,5,0,25,25,0,25,215,10,5268.240000000001,19125.0,-13856.759999999998,5
4371,1246,65,170,0,170,160,10,0,30,30,0,30,220,35,22126.23,19975.0,2151.2300000000005,5
4372,1246,65,170,0,170,145,25,0,50,50,0,50,205,20,12344.400000000003,19975.0,-7630.599999999997,5
4373,1246,55,155,0,155,140,15,0,50,50,0,50,190,45,27652.59000000001,17850.0,9802.59000000001,5
4374,1246,80,135,0,135,120,15,0,50,50,0,50,195,25,16401.33,18275.0,-1873.6699999999973,5
4375,1246,110,140,0,140,125,0,15,40,40,0,40,230,55,43706.036250000005,21250.0,22456.036250000005,5
4376,1246,60,160,0,160,130,30,0,45,45,0,45,185,30,20015.505000000005,18700.0,1315.5050000000028,5
4377,1246,110,155,0,155,135,0,20,30,30,0,30,240,15,7886.880000000001,22525.0,-14638.119999999999,5
4378,1246,70,155,0,155,140,0,15,45,45,0,45,205,50,32856.030000000006,19125.0,13731.030000000006,5
4379,1246,80,145,0,145,135,0,10,60,60,0,55,210,45,26777.160000000003,19125.0,7652.1600000000035,5
4380,1246,60,160,0,160,135,20,5,35,35,0,35,190,20,9686.880000000003,18700.0,-9013.119999999997,5
4381,1246,70,175,0,175,130,20,25,65,65,0,65,195,50,28886.850000000006,20825.0,8061.850000000004,5
4382,1246,100,140,0,140,85,45,10,50,50,0,50,180,25,14060.880000000001,20400.0,-6339.119999999998,5
4383,1246,80,155,0,155,140,15,0,45,45,0,45,215,25,13675.86,19975.0,-6299.139999999999,5
4384,1246,60,155,0,155,155,0,0,50,50,0,50,210,30,18810.81,18275.0,535.8100000000013,5
4385,1246,45,185,0,185,130,25,30,40,40,0,35,170,30,16668.18,19550.0,-2881.819999999998,5
4386,1246,75,160,0,160,145,5,10,30,30,0,30,215,55,41425.818750000006,19975.0,21450.818750000006,5
4387,1246,90,155,0,155,150,0,5,30,30,0,30,235,25,15870.330000000002,20825.0,-4954.669999999998,5
4388,1246,55,155,0,155,155,0,0,40,40,0,40,205,50,37330.0425,17850.0,19480.042500000003,5
4389,1246,65,170,0,170,135,20,15,60,60,0,60,195,45,30368.632500000003,19975.0,10393.632500000003,5
4390,1246,70,160,0,160,135,25,0,45,45,0,45,200,55,36667.98,19550.0,17117.980000000003,5
4391,1246,70,165,0,165,160,0,5,25,25,0,25,225,25,13993.02,19975.0,-5981.979999999999,5
4392,1246,65,170,0,170,115,20,35,60,60,0,60,175,45,23851.620000000003,19975.0,3876.6200000000026,5
4393,1246,95,155,0,155,135,0,20,50,50,0,50,225,10,5268.240000000001,21250.0,-15981.759999999998,5
4394,1246,90,140,0,140,135,5,0,45,45,0,45,220,35,18392.04,19550.0,-1157.9599999999982,5
4395,1246,90,155,0,155,155,0,0,30,30,0,30,240,15,8765.820000000002,20825.0,-12059.179999999998,5
4396,1246,55,170,0,170,160,0,10,35,35,0,35,210,25,13476.420000000002,19125.0,-5648.579999999997,5
4397,1246,80,150,0,150,150,0,0,35,35,0,30,225,25,15346.800000000003,19550.0,-4203.199999999997,5
4398,1246,95,160,0,160,145,0,15,30,30,0,30,235,40,26350.515000000007,21675.0,4675.515000000005,5
4399,1246,65,160,0,160,155,0,5,50,50,0,50,215,30,15757.920000000002,19125.0,-3367.0799999999986,5
4400,1246,40,190,0,190,135,15,40,35,35,0,35,170,20,9971.28,19550.0,-9578.72,5
4401,1246,50,180,0,180,145,5,30,30,30,0,30,190,20,10074.600000000002,19550.0,-9475.399999999998,5
4402,1246,60,155,0,155,105,10,40,60,60,0,55,160,45,28272.330000000005,18275.0,9997.330000000005,5
4403,1246,60,190,0,190,140,5,45,45,45,0,45,195,35,20116.08,21250.0,-1133.9199999999983,5
4404,1246,40,185,0,185,170,0,15,20,20,0,20,205,10,5048.64,19125.0,-14076.36,5
4405,1246,85,175,0,175,155,0,20,25,25,0,25,235,35,20122.740000000005,22100.0,-1977.2599999999966,5
4406,1246,40,175,0,175,130,40,5,35,35,0,35,165,25,13873.140000000001,18275.0,-4401.859999999999,5
4407,1246,110,140,0,140,135,0,5,35,35,0,35,240,45,25720.920000000002,21250.0,4470.920000000001,5
4408,1246,70,150,0,150,145,5,0,35,35,0,35,210,25,15335.28,18700.0,-3364.72,5
4409,1246,70,155,0,155,130,20,5,45,45,0,45,195,40,28689.030000000002,19125.0,9564.030000000002,5
4410,1246,30,195,0,195,180,0,15,25,25,0,25,205,40,26692.020000000004,19125.0,7567.020000000002,5
4411,1246,55,165,0,165,150,5,10,40,40,0,40,200,20,10623.960000000003,18700.0,-8076.039999999998,5
4412,1246,45,190,0,190,140,10,40,35,35,0,30,180,20,11216.7,19975.0,-8758.3,5
4413,1246,65,175,0,175,105,50,20,60,60,0,60,165,15,7858.4400000000005,20400.0,-12541.56,5
4414,1246,65,165,0,165,145,15,5,50,50,0,50,205,65,44556.975000000006,19550.0,25006.975000000002,5
4415,1246,70,175,0,175,145,30,0,40,40,0,40,210,50,31326.660000000007,20825.0,10501.660000000007,5
4416,1246,95,145,0,145,145,0,0,30,30,0,30,235,5,2502.36,20400.0,-17897.64,5
4417,1246,55,170,0,170,135,10,25,40,40,0,40,185,35,21524.670000000002,19125.0,2399.670000000001,5
4418,1246,90,150,0,150,150,0,0,40,40,0,40,235,15,7858.080000000002,20400.0,-12541.919999999998,5
4419,1246,70,170,0,170,145,15,10,55,55,0,55,210,50,30237.57,20400.0,9837.57,5
4420,1246,55,180,0,180,165,0,15,30,30,0,30,215,15,10514.250000000002,19975.0,-9460.749999999998,5
4421,1246,55,175,0,175,135,25,15,50,50,0,50,185,25,12846.24,19550.0,-6703.76,5
4422,1246,105,155,0,155,100,30,25,55,55,0,55,200,20,9745.920000000002,22100.0,-12354.079999999998,5
4423,1246,60,155,0,155,140,5,10,40,40,0,40,195,35,23610.420000000006,18275.0,5335.420000000004,5
4424,1246,60,165,0,165,150,10,5,35,35,0,35,205,20,13375.890000000001,19125.0,-5749.109999999999,5
4425,1246,55,165,0,165,115,40,10,50,50,0,50,165,40,23992.739999999998,18700.0,5292.739999999999,5
4426,1246,65,155,0,155,150,0,5,50,50,0,50,210,55,35718.975000000006,18700.0,17018.97500000001,5
4427,1246,60,160,0,160,120,5,35,55,55,0,55,175,55,31912.29,18700.0,13212.290000000003,5
4428,1246,85,155,0,155,155,0,0,35,35,0,35,235,20,10220.04,20400.0,-10179.96,5
4429,1246,35,185,0,185,140,5,40,30,30,0,30,170,25,14364.720000000001,18700.0,-4335.279999999998,5
4430,1246,65,160,0,160,150,5,5,40,40,0,40,210,10,4960.8,19125.0,-14164.2,5
4431,1246,85,150,0,150,130,15,5,55,55,0,55,210,35,19587.780000000006,19975.0,-387.21999999999525,5
4432,1246,50,170,0,170,165,5,0,20,20,0,20,210,45,32878.98,18700.0,14178.980000000001,5
4433,1246,90,130,0,130,125,5,0,45,45,0,45,210,25,17308.485000000004,18700.0,-1391.5149999999971,5
4434,1246,45,175,0,175,145,30,0,25,25,0,25,185,55,38272.308750000004,18700.0,19572.308750000004,5
4435,1246,115,140,0,140,135,0,5,30,30,0,30,245,40,25917.255000000005,21675.0,4242.255000000005,5
4436,1246,65,170,0,170,150,0,20,55,55,0,55,210,15,9043.74,19975.0,-10931.26,5
4437,1246,95,130,0,130,125,0,5,50,50,0,50,215,40,29213.010000000002,19125.0,10088.010000000004,5
4438,1246,95,130,0,130,130,0,0,40,40,0,40,220,30,20869.695,19125.0,1744.6950000000015,5
4439,1246,45,180,0,180,135,10,35,40,40,0,40,175,35,19004.22,19125.0,-120.77999999999747,5
4440,1246,155,130,0,130,125,0,5,40,40,0,40,275,10,6013.800000000001,24225.0,-18211.199999999997,5
4441,1246,55,165,0,165,155,0,10,25,25,0,25,205,30,19168.47,18700.0,468.4700000000021,5
4442,1246,60,145,0,145,125,20,0,45,45,0,45,180,50,31034.880000000005,17425.0,13609.880000000003,5
4443,1246,75,165,0,165,155,0,10,20,20,0,20,225,10,4807.800000000001,20400.0,-15592.199999999997,5
4444,1246,40,180,0,180,160,15,5,25,25,0,25,195,10,5531.4000000000015,18700.0,-13168.599999999999,5
4445,1246,80,140,0,140,125,0,15,40,40,0,40,200,40,27079.380000000005,18700.0,8379.380000000005,5
4446,1246,60,145,0,145,115,5,25,50,50,0,50,170,40,25761.780000000002,17425.0,8336.780000000002,5
4447,1246,65,165,0,165,130,15,20,55,55,0,55,190,60,40618.676250000004,19550.0,21068.676250000004,5
4448,1246,65,155,0,155,145,10,0,35,35,0,35,205,50,32884.740000000005,18700.0,14184.740000000002,5
4449,1246,65,180,0,180,70,80,30,65,65,0,60,130,40,25908.3,20825.0,5083.299999999999,5
4450,1246,60,165,0,165,145,5,15,55,55,0,55,200,30,15162.48,19125.0,-3962.5199999999995,5
4451,1246,65,155,0,155,135,0,20,50,50,0,45,195,15,7814.520000000001,18700.0,-10885.479999999998,5
4452,1246,75,175,0,175,135,35,5,40,40,0,40,205,15,7925.760000000001,21250.0,-13324.24,5
4453,1246,75,170,0,170,150,0,20,30,30,0,30,220,25,14012.460000000001,20825.0,-6812.539999999999,5
4454,1246,80,170,0,170,150,0,20,30,30,0,25,225,30,17600.129999999997,21250.0,-3649.870000000001,5
4455,1246,45,170,0,170,130,30,10,40,40,0,40,170,55,34999.47000000001,18275.0,16724.470000000005,5
4456,1246,70,180,0,180,130,50,0,45,45,0,45,195,45,24801.300000000003,21250.0,3551.300000000001,5
4457,1246,90,155,0,155,150,0,5,45,45,0,45,235,15,7431.120000000001,20825.0,-13393.88,5
4458,1246,80,145,0,145,125,5,15,35,35,0,35,200,35,20647.710000000006,19125.0,1522.7100000000064,5
4459,1246,35,195,0,195,130,20,45,30,30,0,30,160,15,7616.520000000001,19550.0,-11933.48,5
4460,1246,75,160,0,160,155,0,5,30,30,0,30,225,5,2590.2000000000003,19975.0,-17384.8,5
4461,1246,60,170,0,170,120,20,30,45,45,0,45,175,45,26992.440000000006,19550.0,7442.440000000006,5
4462,1246,55,180,0,180,175,5,0,35,35,0,35,225,5,2590.2000000000003,19975.0,-17384.8,5
4463,1246,60,165,0,165,140,0,25,45,45,0,40,195,20,9761.760000000002,19125.0,-9363.239999999998,5
4464,1246,90,160,0,160,160,0,0,25,25,0,25,245,35,21060.36,21250.0,-189.63999999999942,5
4465,1246,90,130,0,130,110,0,20,45,45,0,45,195,35,22130.100000000002,18700.0,3430.100000000002,5
4466,1246,55,170,0,170,150,0,20,25,25,0,25,200,20,11384.1,19125.0,-7740.9,5
4467,1246,85,150,0,150,150,0,0,50,50,0,50,230,40,22291.379999999997,19975.0,2316.379999999999,5
4468,1246,80,130,0,130,130,0,0,55,55,0,50,205,60,40098.240000000005,17850.0,22248.240000000005,5
4469,1246,70,155,0,155,150,0,5,35,35,0,35,215,25,13736.7,19125.0,-5388.299999999999,5
4470,1246,85,140,0,140,135,0,5,45,45,0,45,215,30,19886.58,19125.0,761.5800000000013,5
4471,1246,50,185,0,185,150,35,0,30,30,0,30,195,25,14428.26,19975.0,-5546.74,5
4472,1246,60,165,0,165,135,10,20,50,50,0,45,190,55,39044.7225,19125.0,19919.722500000003,5
4473,1246,35,190,0,190,160,25,5,30,30,0,30,190,30,18242.280000000002,19125.0,-882.7199999999971,5
4474,1246,65,175,0,175,130,45,0,40,40,0,40,190,25,15621.480000000001,20400.0,-4778.519999999999,5
4475,1246,75,170,0,170,135,35,0,50,50,0,50,205,50,30735.000000000007,20825.0,9910.00000000001,5
4476,1246,40,170,0,170,150,20,0,35,35,0,35,185,60,41280.9525,17850.0,23430.952500000003,5
4477,1246,60,150,0,150,145,0,5,50,50,0,50,200,30,17418.420000000002,17850.0,-431.579999999999,5
4478,1246,65,175,0,175,125,45,5,55,55,0,55,185,35,21033.36,20400.0,633.3600000000024,5
4479,1246,45,180,0,180,160,20,0,35,35,0,35,200,20,10308.600000000002,19125.0,-8816.399999999998,5
4480,1246,65,150,0,150,150,0,0,40,40,0,40,210,45,31285.350000000002,18275.0,13010.350000000002,5
4481,1246,100,140,0,140,140,0,0,30,30,0,30,235,10,4865.400000000001,20400.0,-15534.6,5
4482,1246,50,165,0,165,160,5,0,45,45,0,45,205,25,14300.460000000001,18275.0,-3974.5399999999995,5
4483,1246,70,155,0,155,155,0,0,40,40,0,40,220,50,29781.450000000004,19125.0,10656.450000000004,5
4484,1246,45,175,0,175,120,40,15,40,40,0,40,160,55,41531.42250000001,18700.0,22831.422500000008,5
4485,1246,40,170,0,170,140,15,15,40,40,0,35,175,65,42824.2725,17850.0,24974.2725,5
4486,1246,85,145,0,145,140,0,5,45,45,0,45,220,20,10044.000000000002,19550.0,-9505.999999999998,5
4487,1246,110,155,0,155,150,5,0,30,30,0,30,255,25,15737.4,22525.0,-6787.6,5
4488,1246,90,150,0,150,125,20,5,40,40,0,40,210,40,25170.930000000008,20400.0,4770.930000000008,5
4489,1246,45,170,0,170,140,25,5,35,35,0,35,180,85,62680.140000000014,18275.0,44405.140000000014,5
4490,1246,110,145,0,145,110,0,35,35,35,0,35,215,15,8993.880000000001,21675.0,-12681.119999999999,5
4491,1246,75,145,0,145,140,0,5,45,45,0,45,210,60,41002.38000000001,18700.0,22302.380000000012,5
4492,1246,70,175,0,175,155,10,10,40,40,0,35,220,10,5136.4800000000005,20825.0,-15688.519999999999,5
4493,1246,55,175,0,175,115,30,30,55,55,0,50,165,35,16969.68,19550.0,-2580.3199999999993,5
4494,1246,55,170,0,170,160,5,5,40,40,0,40,210,25,13554.0,19125.0,-5570.999999999999,5
4495,1246,95,150,0,150,145,0,5,40,40,0,40,235,40,26333.145000000004,20825.0,5508.145000000004,5
4496,1246,65,165,0,165,165,0,0,45,45,0,45,225,60,39902.670000000006,19550.0,20352.670000000002,5
4497,1246,50,175,0,175,175,0,0,30,30,0,30,220,10,6497.460000000001,19125.0,-12627.539999999999,5
4498,1246,65,165,0,165,85,50,30,60,60,0,60,145,20,11191.86,19550.0,-8358.14,5
4499,1246,65,165,0,165,125,25,15,60,60,0,60,185,30,16442.46,19550.0,-3107.539999999999,5
4500,1246,70,160,0,160,105,40,15,55,55,0,55,170,45,27737.190000000002,19550.0,8187.1900000000005,5
4501,1246,55,185,0,185,150,10,25,45,45,0,45,200,45,27396.900000000005,20400.0,6996.900000000005,5
4502,1246,100,155,0,155,150,0,5,40,40,0,40,245,10,5268.240000000001,21675.0,-16406.76,5
4503,1246,60,165,0,165,105,50,10,60,60,0,55,160,35,18766.260000000002,19125.0,-358.73999999999796,5
4504,1246,45,175,0,175,145,0,30,30,30,0,30,185,20,11878.380000000001,18700.0,-6821.619999999998,5
4505,1246,55,165,0,165,155,0,10,50,50,0,50,205,45,27349.380000000005,18700.0,8649.380000000005,5
4506,1246,50,170,0,170,145,0,25,45,45,0,40,190,25,13831.02,18700.0,-4868.98,5
4507,1246,75,170,0,170,130,20,20,60,60,0,55,200,25,12258.36,20825.0,-8566.64,5
4508,1246,90,160,0,160,130,30,0,40,40,0,40,215,30,18962.55,21250.0,-2287.450000000001,5
4509,1246,65,165,0,165,115,50,0,60,60,0,60,175,30,18572.31,19550.0,-977.6899999999978,5
4510,1246,60,170,0,170,130,25,15,50,50,0,50,185,25,13438.800000000001,19550.0,-6111.199999999999,5
4511,1246,75,175,0,175,140,20,15,20,20,0,20,210,10,4880.160000000001,21250.0,-16369.84,5
4512,1246,55,175,0,175,135,15,25,40,40,0,40,185,25,13701.060000000001,19550.0,-5848.939999999998,5
4513,1246,30,180,0,180,170,0,10,25,25,0,20,195,25,18203.715000000004,17850.0,353.71500000000196,5
4514,1246,75,160,0,160,105,15,40,70,70,0,70,175,50,28889.640000000003,19975.0,8914.640000000003,5
4515,1246,60,175,0,175,120,45,10,55,55,0,55,175,35,19554.3,19975.0,-420.69999999999936,5
4516,1246,90,165,0,165,160,0,5,50,50,0,50,245,35,18703.260000000002,21675.0,-2971.74,5
4517,1246,130,125,0,125,125,0,0,50,50,0,50,250,50,34287.7275,21675.0,12612.7275,5
4518,1246,85,160,0,160,160,0,0,40,40,0,40,240,15,7770.240000000002,20825.0,-13054.759999999998,5
4519,1246,100,130,0,130,130,0,0,45,45,0,45,225,35,21671.010000000002,19550.0,2121.010000000001,5
4520,1246,55,160,0,160,140,15,5,50,50,0,50,190,40,22359.240000000005,18275.0,4084.2400000000043,5
4521,1246,55,160,0,160,145,0,15,50,50,0,50,195,35,21860.190000000002,18275.0,3585.1900000000023,5
4522,1246,65,145,0,145,140,0,5,50,50,0,50,200,40,23190.120000000006,17850.0,5340.120000000006,5
4523,1246,100,145,0,145,145,0,0,30,30,0,30,240,25,13357.620000000003,20825.0,-7467.379999999998,5
4524,1246,60,155,0,155,125,0,30,45,45,0,45,180,45,30455.910000000003,18275.0,12180.910000000003,5
4525,1246,70,170,0,170,135,30,5,40,40,0,40,200,40,24202.980000000003,20400.0,3802.9800000000023,5
4526,1246,50,190,0,190,140,45,5,45,45,0,45,185,35,19210.32,20400.0,-1189.6799999999985,5
4527,1246,50,170,0,170,160,5,5,35,35,0,35,205,40,30370.24125,18700.0,11670.24125,5
4528,1246,55,150,0,150,125,25,0,40,40,0,40,175,60,47797.689375000016,17425.0,30372.689375000016,5
4529,1246,35,190,0,190,155,10,25,30,30,0,30,185,20,12153.060000000001,19125.0,-6971.94,5
4530,1246,45,165,0,165,165,0,0,20,20,0,20,205,15,9382.86,17850.0,-8467.14,5
4531,1246,100,120,0,120,120,0,0,50,50,0,50,215,35,20091.690000000002,18700.0,1391.6900000000032,5
4532,1246,60,150,0,150,135,5,10,45,45,0,45,190,40,23715.36,17850.0,5865.360000000001,5
4533,1246,85,135,0,135,115,5,15,45,45,0,40,195,55,37282.027500000004,18700.0,18582.027500000004,5
4534,1246,95,150,0,150,140,0,10,30,30,0,30,230,15,8785.980000000001,20825.0,-12039.02,5
4535,1246,70,155,0,155,140,0,15,45,45,0,45,205,40,21824.460000000003,19125.0,2699.4600000000037,5
4536,1246,50,180,0,180,140,15,25,35,35,0,35,185,10,4992.4800000000005,19550.0,-14557.52,5
4537,1246,50,165,0,165,160,0,5,50,50,0,45,205,50,29549.79,18275.0,11274.790000000003,5
4538,1246,45,195,0,195,130,35,30,40,40,0,40,170,30,16934.4,20400.0,-3465.5999999999995,5
4539,1246,65,155,0,155,120,0,35,50,50,0,50,180,30,15042.600000000002,18700.0,-3657.399999999998,5
4540,1246,45,175,0,175,140,10,25,45,45,0,40,180,60,44081.40375000001,18700.0,25381.40375000001,5
4541,1246,50,165,0,165,145,10,10,45,45,0,45,190,25,14133.060000000001,18275.0,-4141.94,5
4542,1246,30,180,0,180,150,5,25,25,25,0,20,175,35,26969.085000000006,17850.0,9119.085000000005,5
4543,1246,60,155,0,155,120,35,0,50,50,0,50,175,40,23436.180000000004,18275.0,5161.180000000004,5
4544,1246,70,165,0,165,120,30,15,55,55,0,55,185,20,10870.740000000002,19975.0,-9104.259999999998,5
4545,1246,55,170,0,170,145,15,10,40,40,0,40,195,25,13894.74,19125.0,-5230.26,5
4546,1246,70,160,0,160,145,0,15,30,30,0,30,210,40,29475.202500000007,19550.0,9925.202500000005,5
4547,1246,25,210,0,210,125,40,45,20,20,0,20,145,5,2985.120000000001,19975.0,-16989.879999999997,5
4548,1246,80,160,0,160,105,20,35,50,50,0,45,180,75,54428.64750000001,20400.0,34028.64750000001,5
4549,1246,60,180,0,180,130,25,25,50,50,0,50,185,35,18577.440000000002,20400.0,-1822.5599999999963,5
4550,1246,60,155,0,155,140,5,10,50,50,0,50,195,35,20940.839999999997,18275.0,2665.8399999999983,5
4551,1246,60,155,0,155,155,0,0,45,45,0,45,210,60,38981.65500000001,18275.0,20706.65500000001,5
4552,1246,45,180,0,180,165,0,15,30,30,0,30,205,20,10242.72,19125.0,-8882.28,5
4553,1246,65,145,0,145,105,25,15,60,60,0,60,165,70,42047.505000000005,17850.0,24197.505,5
4554,1246,85,140,0,140,130,0,10,55,55,0,55,210,50,30836.97000000001,19125.0,11711.97000000001,5
4555,1246,35,165,0,165,155,0,10,30,30,0,30,185,30,16316.460000000003,17000.0,-683.5399999999981,5
4556,1246,55,180,0,180,135,25,20,50,50,0,50,185,40,20485.8,19975.0,510.7999999999993,5
4557,1246,70,165,0,165,120,35,10,45,45,0,45,185,70,45901.350000000006,19975.0,25926.350000000002,5
4558,1246,55,155,0,155,100,20,35,45,45,0,45,150,125,95373.01089843751,17850.0,77523.01089843751,5
4559,1246,70,155,0,155,150,0,5,30,30,0,25,215,10,6585.300000000001,19125.0,-12539.699999999997,5
4560,1246,95,165,0,165,140,15,10,30,30,0,30,230,5,2526.1200000000003,22100.0,-19573.879999999997,5
4561,1246,45,165,0,165,165,0,0,40,40,0,40,205,40,26299.350000000006,17850.0,8449.350000000004,5
4562,1246,90,155,0,155,100,10,45,70,70,0,70,185,40,20726.280000000002,20825.0,-98.71999999999844,5
4563,1246,75,150,0,150,135,0,15,50,50,0,50,205,35,20875.770000000004,19125.0,1750.7700000000023,5
4564,1246,65,160,0,160,160,0,0,30,30,0,25,220,45,32966.39250000001,19125.0,13841.392500000005,5
4565,1246,55,180,0,180,150,0,30,40,40,0,40,200,40,23271.840000000004,19975.0,3296.840000000002,5
4566,1246,55,165,0,165,105,35,25,55,55,0,50,155,70,42728.94000000001,18700.0,24028.94000000001,5
4567,1246,40,200,0,200,115,50,35,35,35,0,35,150,10,6632.640000000001,20400.0,-13767.359999999999,5
4568,1246,85,140,0,140,140,0,0,45,45,0,45,220,75,45378.36,19125.0,26253.36,5
4569,1246,75,175,0,175,165,0,10,30,30,0,30,235,20,11453.760000000002,21250.0,-9796.239999999998,5
4570,1246,70,165,0,165,140,25,0,40,40,0,35,205,40,22579.56,19975.0,2604.5600000000013,5
4571,1246,55,170,0,170,130,30,10,50,50,0,50,180,35,19704.24,19125.0,579.240000000002,5
4572,1246,75,155,0,155,145,5,5,55,55,0,55,215,65,41955.750000000015,19550.0,22405.750000000015,5
4573,1246,30,190,0,190,150,5,35,30,30,0,25,175,30,20029.23,18700.0,1329.23,5
4574,1246,55,170,0,170,165,0,5,35,35,0,35,215,10,5268.240000000001,19125.0,-13856.759999999998,5
4575,1246,65,155,0,155,110,35,10,60,60,0,60,170,50,31096.98,18700.0,12396.98,5
4576,1246,45,175,0,175,145,25,5,40,40,0,40,185,35,22773.510000000002,18700.0,4073.510000000001,5
4577,1246,85,135,0,135,115,20,0,45,45,0,45,195,50,30705.210000000006,18700.0,12005.210000000006,5
4578,1246,60,180,0,180,120,30,30,60,60,0,55,175,30,18210.96,20400.0,-2189.04,5
4579,1246,35,185,0,185,140,10,35,30,30,0,30,170,30,18053.460000000006,18700.0,-646.5399999999954,5
4580,1246,75,150,0,150,150,0,0,25,25,0,25,220,70,53087.191875000004,19125.0,33962.191875000004,5
4581,1246,75,165,0,165,165,0,0,25,25,0,25,235,15,7287.4800000000005,20400.0,-13112.52,5
4582,1246,75,160,0,160,155,0,5,40,40,0,40,225,15,7586.280000000002,19975.0,-12388.719999999998,5
4583,1246,75,145,0,145,135,5,5,60,60,0,55,205,65,44216.55,18700.0,25516.550000000007,5
4584,1246,95,135,0,135,135,0,0,45,45,0,45,225,70,44192.880000000005,19550.0,24642.880000000005,5
4585,1246,55,160,0,160,160,0,0,35,35,0,35,210,30,20498.850000000002,18275.0,2223.850000000002,5
4586,1246,45,180,0,180,145,35,0,40,40,0,35,185,30,14658.12,19125.0,-4466.879999999999,5
4587,1246,85,145,0,145,125,10,10,50,50,0,50,205,60,41349.195,19550.0,21799.195,5
4588,1246,85,160,0,160,145,10,5,40,40,0,40,225,15,7949.880000000001,20825.0,-12875.119999999999,5
4589,1246,40,170,0,170,130,20,20,40,40,0,35,165,35,21652.11,17850.0,3802.1100000000024,5
4590,1246,50,175,0,175,120,20,35,45,45,0,45,165,25,14238.180000000002,19125.0,-4886.819999999998,5
4591,1246,40,175,0,175,175,0,0,30,30,0,30,210,30,16679.340000000004,18275.0,-1595.659999999998,5
4592,1246,90,150,0,150,145,0,5,60,60,0,55,230,50,30133.170000000006,20400.0,9733.170000000006,5
4593,1246,50,185,0,185,120,30,35,45,45,0,45,165,20,11432.340000000002,19975.0,-8542.659999999998,5
4594,1246,70,165,0,165,140,0,25,45,45,0,45,205,10,5180.400000000001,19975.0,-14794.6,5
4595,1246,60,160,0,160,135,10,15,45,45,0,45,190,30,16467.300000000003,18700.0,-2232.6999999999975,5
4596,1246,65,165,0,165,130,15,20,60,60,0,55,190,45,25335.54,19550.0,5785.540000000001,5
4597,1246,40,195,0,195,135,25,35,35,35,0,35,170,25,15782.49,19975.0,-4192.51,5
4598,1246,80,165,0,165,155,10,0,45,45,0,45,230,40,24116.850000000006,20825.0,3291.850000000004,5
4599,1246,40,175,0,175,170,0,5,30,30,0,30,205,15,8806.5,18275.0,-9468.5,5
4600,1246,65,165,0,165,165,0,0,40,40,0,40,225,15,11260.260000000002,19550.0,-8289.739999999998,5
4601,1246,45,165,0,165,165,0,0,25,25,0,25,205,20,11446.380000000005,17850.0,-6403.619999999996,5
4602,1246,95,140,0,140,125,0,15,40,40,0,40,215,40,27120.239999999998,19975.0,7145.239999999999,5
4603,1246,85,125,0,125,115,10,0,60,60,0,60,195,80,53613.314999999995,17850.0,35763.314999999995,5
4604,1246,55,180,0,180,155,15,10,50,50,0,50,205,45,23400.18,19975.0,3425.1800000000003,5
4605,1246,90,145,0,145,135,10,0,40,40,0,40,220,35,22595.040000000005,19975.0,2620.0400000000036,5
4606,1246,65,180,0,180,165,0,15,30,30,0,30,225,10,5180.400000000001,20825.0,-15644.6,5
4607,1246,70,145,0,145,105,20,20,55,55,0,55,170,50,34091.05500000001,18275.0,15816.055000000006,5
4608,1246,80,155,0,155,135,0,20,45,45,0,45,210,45,25990.380000000005,19975.0,6015.380000000005,5
4609,1246,100,140,0,140,140,0,0,40,40,0,40,235,20,11702.7,20400.0,-8697.3,5
4610,1246,100,150,0,150,125,0,25,45,45,0,45,220,15,7682.76,21250.0,-13567.24,5
4611,1246,45,170,0,170,160,10,0,35,35,0,35,200,20,11655.9,18275.0,-6619.1,5
4612,1246,35,185,0,185,170,5,10,20,20,0,20,200,10,4577.040000000001,18700.0,-14122.96,5
4613,1246,45,180,0,180,150,25,5,35,35,0,35,190,15,7943.040000000001,19125.0,-11181.96,5
4614,1246,90,155,0,155,125,30,0,55,55,0,55,210,30,17033.219999999998,20825.0,-3791.780000000001,5
4615,1246,55,170,0,170,170,0,0,35,35,0,35,220,20,13256.730000000003,19125.0,-5868.269999999998,5
4616,1246,60,160,0,160,145,10,5,40,40,0,40,200,30,18828.36,18700.0,128.3600000000024,5
4617,1246,95,135,0,135,130,0,5,35,35,0,35,220,65,46100.205,19550.0,26550.205000000005,5
4618,1246,75,165,0,165,140,0,25,50,50,0,50,210,35,19909.08,20400.0,-490.91999999999643,5
4619,1246,50,185,0,185,155,30,0,30,30,0,25,200,10,5889.960000000001,19975.0,-14085.039999999999,5
4620,1246,60,175,0,175,175,0,0,30,30,0,30,230,20,10404.720000000001,19975.0,-9570.279999999999,5
4621,1246,105,140,0,140,130,0,10,35,35,0,35,230,10,5312.88,20825.0,-15512.119999999999,5
4622,1246,65,170,0,170,160,0,10,25,25,0,25,220,35,25531.3575,19975.0,5556.357499999999,5
4623,1246,55,175,0,175,170,0,5,30,30,0,30,220,30,17384.760000000002,19550.0,-2165.239999999999,5
4624,1246,65,175,0,175,155,5,15,55,55,0,55,215,40,21994.74,20400.0,1594.7400000000016,5
4625,1246,50,175,0,175,140,10,25,25,25,0,25,185,25,13917.780000000002,19125.0,-5207.2199999999975,5
4626,1246,50,170,0,170,140,30,0,40,40,0,40,185,35,23204.61,18700.0,4504.610000000002,5
4627,1246,80,160,0,160,140,10,10,55,55,0,55,215,35,21504.33,20400.0,1104.33,5
4628,1246,60,190,0,190,130,25,35,45,45,0,45,185,20,10448.64,21250.0,-10801.36,5
4629,1246,45,180,0,180,175,0,5,20,20,0,20,215,10,6365.700000000001,19125.0,-12759.3,5
4630,1246,40,170,0,170,140,20,10,35,35,0,30,175,50,40359.915000000015,17850.0,22509.915000000015,5
4631,1246,70,140,0,140,130,10,0,50,50,0,50,195,70,47529.36000000001,17850.0,29679.360000000008,5
4632,1246,105,130,0,130,110,15,5,55,55,0,55,210,40,23160.780000000006,19975.0,3185.7800000000043,5
4633,1246,65,165,0,165,125,20,20,50,50,0,50,185,60,38458.395000000004,19550.0,18908.395000000004,5
4634,1246,60,180,0,180,125,25,30,55,55,0,55,180,20,10097.28,20400.0,-10302.72,5
4635,1246,120,135,0,135,135,0,0,40,40,0,35,250,15,7919.280000000001,21675.0,-13755.72,5
4636,1246,75,155,0,155,145,0,10,35,35,0,35,215,45,28829.07,19550.0,9279.070000000002,5
4637,1246,135,135,0,135,130,0,5,65,65,0,60,260,35,19447.920000000002,22950.0,-3502.0799999999986,5
4638,1246,45,180,0,180,140,30,10,30,30,0,30,180,10,4916.88,19125.0,-14208.119999999999,5
4639,1246,55,170,0,170,135,30,5,45,45,0,45,185,40,23481.360000000004,19125.0,4356.360000000004,5
4640,1246,65,160,0,160,115,20,25,45,45,0,45,175,60,44593.50937500001,19125.0,25468.509375000012,5
4641,1246,70,160,0,160,130,25,5,55,55,0,55,195,45,24606.540000000005,19550.0,5056.5400000000045,5
4642,1246,100,135,0,135,120,10,5,60,60,0,60,215,20,10763.640000000003,19975.0,-9211.359999999997,5
4643,1246,95,155,0,155,150,0,5,35,35,0,35,240,20,9618.480000000001,21250.0,-11631.519999999999,5
4644,1246,75,165,0,165,150,0,15,45,45,0,45,220,40,25824.870000000003,20400.0,5424.870000000001,5
4645,1246,60,170,0,170,150,20,0,25,25,0,25,205,25,17857.170000000002,19550.0,-1692.829999999999,5
4646,1246,40,180,0,180,155,5,20,30,30,0,25,190,25,14750.820000000003,18700.0,-3949.1799999999967,5
4647,1246,85,165,0,165,160,0,5,40,40,0,40,240,40,23387.039999999997,21250.0,2137.0399999999972,5
4648,1246,60,155,0,155,150,0,5,40,40,0,40,205,20,12182.4,18275.0,-6092.6,5
4649,1246,50,170,0,170,140,5,25,45,45,0,45,185,40,21417.3,18700.0,2717.3,5
4650,1246,50,190,0,190,140,25,25,50,50,0,45,185,40,21921.660000000003,20400.0,1521.6600000000017,5
4651,1246,55,170,0,170,160,0,10,30,30,0,30,210,10,5092.560000000001,19125.0,-14032.439999999999,5
4652,1246,50,165,0,165,155,0,10,35,35,0,35,200,10,4851.360000000001,18275.0,-13423.64,5
4653,1246,60,180,0,180,170,0,10,30,30,0,30,225,25,14136.300000000001,20400.0,-6263.699999999999,5
4654,1246,50,170,0,170,160,0,10,35,35,0,35,205,35,21047.850000000002,18700.0,2347.850000000003,5
4655,1246,70,165,0,165,155,5,5,40,40,0,40,220,30,18267.030000000002,19975.0,-1707.969999999998,5
4656,1246,70,145,0,145,125,10,10,65,65,0,60,190,45,25232.310000000005,18275.0,6957.310000000007,5
4657,1246,75,160,0,160,145,0,15,30,30,0,30,215,10,6650.640000000001,19975.0,-13324.359999999999,5
4658,1246,50,180,0,180,140,25,15,40,40,0,40,185,40,22511.88,19550.0,2961.880000000001,5
4659,1246,45,160,0,160,130,20,10,40,40,0,40,170,65,43943.67000000001,17425.0,26518.670000000013,5
4660,1246,65,150,0,150,130,20,0,55,55,0,55,190,50,29394.00000000001,18275.0,11119.000000000011,5
4661,1246,100,140,0,140,125,0,15,40,40,0,40,220,15,8284.320000000002,20400.0,-12115.679999999997,5
4662,1246,70,150,0,150,115,25,10,65,65,0,65,180,25,13751.820000000003,18700.0,-4948.179999999998,5
4663,1246,65,160,0,160,150,0,10,40,40,0,40,210,40,22312.800000000003,19125.0,3187.800000000002,5
4664,1246,45,185,0,185,160,20,5,40,40,0,40,200,25,13082.76,19550.0,-6467.24,5
4665,1246,80,145,0,145,125,0,20,60,60,0,60,200,35,17044.2,19125.0,-2080.7999999999993,5
4666,1246,85,160,0,160,160,0,0,35,35,0,35,240,15,9175.5,20825.0,-11649.499999999998,5
4667,1246,95,155,0,155,130,20,5,40,40,0,40,220,25,14310.540000000003,21250.0,-6939.459999999997,5
4668,1246,75,155,0,155,150,0,5,40,40,0,35,220,45,30314.745000000003,19550.0,10764.745000000003,5
4669,1246,80,150,0,150,145,0,5,35,35,0,35,220,55,37756.71000000001,19550.0,18206.710000000003,5
4670,1246,90,165,0,165,165,0,0,20,20,0,20,250,5,2590.2000000000003,21675.0,-19084.8,5
4671,1246,60,175,0,175,110,25,40,55,55,0,55,165,35,20317.680000000004,19975.0,342.68000000000484,5
4672,1246,95,145,0,145,140,0,5,40,40,0,40,230,40,20984.58,20400.0,584.5800000000008,5
4673,1246,55,155,0,155,155,0,0,45,45,0,40,205,40,27002.565000000002,17850.0,9152.565000000004,5
4674,1246,115,130,0,130,120,0,10,40,40,0,40,230,30,15979.680000000004,20825.0,-4845.319999999997,5
4675,1246,60,165,0,165,110,30,25,60,60,0,55,165,60,36654.525,19125.0,17529.524999999998,5
4676,1246,85,130,0,130,115,10,5,50,50,0,50,195,45,24774.660000000003,18275.0,6499.6600000000035,5
4677,1246,55,180,0,180,170,0,10,35,35,0,35,220,10,5180.400000000001,19975.0,-14794.6,5
4678,1246,80,150,0,150,150,0,0,40,40,0,40,225,35,20179.44,19550.0,629.4399999999996,5
4679,1246,105,140,0,140,135,0,5,35,35,0,35,235,55,36307.71,20825.0,15482.710000000003,5
4680,1246,75,160,0,160,145,15,0,40,40,0,40,215,20,11304.539999999999,19975.0,-8670.460000000001,5
4681,1246,90,155,0,155,150,5,0,20,20,0,20,235,25,15870.330000000004,20825.0,-4954.669999999996,5
4682,1246,110,120,0,120,115,0,5,60,60,0,60,220,90,61594.84125000001,19550.0,42044.84125000001,5
4683,1246,35,185,0,185,180,0,5,20,20,0,20,210,15,7268.760000000001,18700.0,-11431.239999999998,5
4684,1246,75,175,0,175,175,0,0,30,30,0,30,245,20,11677.86,21250.0,-9572.14,5
4685,1246,40,165,0,165,160,0,5,30,30,0,30,195,20,13061.250000000002,17425.0,-4363.749999999998,5
4686,1246,140,145,0,145,145,0,0,25,25,0,25,280,25,14441.759999999998,24225.0,-9783.240000000002,5
4687,1246,65,155,0,155,145,0,10,40,40,0,40,205,45,24408.179999999997,18700.0,5708.179999999998,5
4688,1246,75,155,0,155,155,0,0,40,40,0,40,225,15,7463.16,19550.0,-12086.84,5
4689,1246,70,155,0,155,130,10,15,50,50,0,45,195,50,31686.390000000007,19125.0,12561.390000000007,5
4690,1246,70,155,0,155,145,10,0,50,50,0,50,210,30,16727.22,19125.0,-2397.779999999998,5
4691,1246,60,165,0,165,125,10,30,50,50,0,50,180,60,37051.065,19125.0,17926.065000000002,5
4692,1246,85,145,0,145,145,0,0,45,45,0,45,225,15,7409.880000000002,19550.0,-12140.119999999997,5
4693,1246,115,135,0,135,135,0,0,35,35,0,35,245,30,17567.460000000003,21250.0,-3682.539999999997,5
4694,1246,70,175,0,175,120,35,20,55,55,0,55,185,25,12555.720000000001,20825.0,-8269.279999999999,5
4695,1246,65,165,0,165,130,5,30,50,50,0,50,190,45,32786.92125,19550.0,13236.92125,5
4696,1246,70,130,0,130,120,0,10,55,55,0,55,185,70,52227.765,17000.0,35227.765,5
4697,1246,80,155,0,155,110,10,35,70,70,0,70,185,20,9583.2,19975.0,-10391.8,5
4698,1246,85,150,0,150,130,20,0,55,55,0,55,210,65,39501.76500000001,19975.0,19526.765000000007,5
4699,1246,90,150,0,150,140,0,10,40,40,0,40,225,50,30851.550000000007,20400.0,10451.550000000007,5
4700,1246,50,170,0,170,135,10,25,40,40,0,40,180,30,15714.720000000001,18700.0,-2985.279999999998,5
4701,1246,65,175,0,175,150,15,10,25,25,0,25,210,35,24431.085000000003,20400.0,4031.0850000000028,5
4702,1246,50,185,0,185,170,0,15,30,30,0,25,215,5,2546.28,19975.0,-17428.72,5
4703,1246,55,160,0,160,155,0,5,35,35,0,35,205,25,15672.960000000003,18275.0,-2602.0399999999972,5
4704,1246,40,160,0,160,145,15,0,35,35,0,35,180,30,15697.620000000004,17000.0,-1302.379999999996,5
4705,1246,70,150,0,150,110,35,5,55,55,0,55,175,35,18737.82,18700.0,37.82000000000153,5
4706,1246,65,160,0,160,150,5,5,35,35,0,35,210,15,7858.4400000000005,19125.0,-11266.56,5
4707,1246,60,155,0,155,155,0,0,30,30,0,30,210,5,2634.1200000000003,18275.0,-15640.88,5
4708,1246,50,170,0,170,145,5,20,45,45,0,45,190,30,21269.025,18700.0,2569.0250000000015,5
4709,1246,40,180,0,180,150,10,20,35,35,0,35,185,30,16652.34,18700.0,-2047.6599999999985,5
4710,1246,75,140,0,140,130,0,10,40,40,0,40,200,50,33414.21000000001,18275.0,15139.210000000003,5
4711,1246,55,180,0,180,140,5,35,40,40,0,40,190,30,17003.88,19975.0,-2971.1199999999985,5
4712,1246,70,155,0,155,130,25,0,45,45,0,45,195,50,29819.25,19125.0,10694.250000000002,5
4713,1246,60,170,0,170,155,0,15,30,30,0,30,210,45,32706.61875000001,19550.0,13156.618750000007,5
4714,1246,55,170,0,170,145,15,10,45,45,0,45,195,35,19305.18,19125.0,180.1800000000003,5
4715,1246,40,195,0,195,140,20,35,35,35,0,35,175,15,7493.040000000001,19975.0,-12481.96,5
4716,1246,80,160,0,160,145,0,15,35,35,0,35,220,20,9824.760000000002,20400.0,-10575.239999999998,5
4717,1246,115,145,0,145,125,0,20,50,50,0,50,235,50,31495.590000000004,22100.0,9395.590000000002,5
4718,1246,90,145,0,145,145,0,0,50,50,0,50,230,35,19065.780000000002,19975.0,-909.219999999998,5
4719,1246,140,125,0,125,110,15,0,40,40,0,40,245,40,22942.980000000003,22525.0,417.9800000000023,5
4720,1246,60,170,0,170,140,0,30,40,40,0,40,195,20,11436.300000000001,19550.0,-8113.699999999999,5
4721,1246,80,140,0,140,130,5,5,40,40,0,40,205,20,13572.09,18700.0,-5127.91,5
4722,1246,80,160,0,160,125,25,10,50,50,0,50,200,30,18243.72,20400.0,-2156.279999999997,5
4723,1246,70,150,0,150,125,15,10,55,55,0,50,190,60,44526.886875,18700.0,25826.886875,5
4724,1246,70,150,0,150,150,0,0,40,40,0,40,215,35,20242.440000000002,18700.0,1542.4400000000037,5
4725,1246,50,180,0,180,150,5,25,45,45,0,45,195,40,21158.82,19550.0,1608.8200000000006,5
4726,1246,110,140,0,140,140,0,0,35,35,0,35,245,5,2211.1200000000003,21250.0,-19038.879999999997,5
4727,1246,55,155,0,155,95,20,40,45,45,0,45,145,40,25175.07,17850.0,7325.070000000001,5
4728,1246,60,150,0,150,140,0,10,40,40,0,40,195,45,30084.434999999998,17850.0,12234.434999999998,5
4729,1246,85,145,0,145,135,0,10,55,55,0,55,215,50,29429.370000000003,19550.0,9879.370000000003,5
4730,1246,65,155,0,155,155,0,0,40,40,0,40,215,45,27252.540000000005,18700.0,8552.540000000005,5
4731,1246,85,140,0,140,105,20,15,60,60,0,60,185,55,31081.680000000008,19125.0,11956.680000000006,5
4732,1246,100,135,0,135,135,0,0,50,50,0,50,230,25,13804.740000000002,19975.0,-6170.259999999998,5
4733,1246,40,175,0,175,160,10,5,25,25,0,25,195,20,11347.380000000001,18275.0,-6927.619999999999,5
4734,1246,45,165,0,165,160,0,5,40,40,0,40,200,35,18982.620000000003,17850.0,1132.6200000000017,5
4735,1246,60,180,0,180,150,0,30,25,25,0,20,205,15,7254.000000000001,20400.0,-13146.0,5
4736,1246,60,180,0,180,180,0,0,30,30,0,30,235,5,2634.1200000000003,20400.0,-17765.88,5
4737,1246,120,145,0,145,140,0,5,30,30,0,30,255,15,7704.000000000001,22525.0,-14821.0,5
4738,1246,65,160,0,160,145,10,5,25,25,0,25,205,20,10945.620000000003,19125.0,-8179.3799999999965,5
4739,1246,60,170,0,170,145,0,25,40,40,0,40,200,40,24308.1,19550.0,4758.099999999999,5
4740,1246,100,155,0,155,150,0,5,20,20,0,20,245,25,13770.36,21675.0,-7904.639999999999,5
4741,1246,90,145,0,145,145,0,0,50,50,0,50,230,35,20047.140000000003,19975.0,72.14000000000397,5
4742,1246,35,190,0,190,165,5,20,30,30,0,30,195,40,22185.54,19125.0,3060.540000000001,5
4743,1246,55,170,0,170,170,0,0,35,35,0,35,220,20,11220.300000000003,19125.0,-7904.699999999998,5
4744,1246,55,170,0,170,145,20,5,50,50,0,45,195,40,23948.100000000006,19125.0,4823.100000000004,5
4745,1246,100,135,0,135,120,5,10,45,45,0,45,215,35,19382.760000000002,19975.0,-592.2399999999993,5
4746,1246,85,160,0,160,150,0,10,40,40,0,35,230,20,10883.880000000001,20825.0,-9941.119999999999,5
4747,1246,105,140,0,140,140,0,0,40,40,0,40,240,35,22406.129999999997,20825.0,1581.1299999999983,5
4748,1246,80,150,0,150,130,5,15,45,45,0,40,205,45,29752.110000000008,19550.0,10202.110000000008,5
4749,1246,50,180,0,180,170,10,0,25,25,0,25,215,10,5004.720000000001,19550.0,-14545.279999999999,5
4750,1246,40,185,0,185,175,0,10,25,25,0,25,210,40,27094.680000000004,19125.0,7969.680000000003,5
4751,1246,80,145,0,145,140,0,5,50,50,0,50,215,60,40838.96250000001,19125.0,21713.96250000001,5
4752,1246,65,155,0,155,145,0,10,35,35,0,30,205,5,2689.5600000000013,18700.0,-16010.439999999999,5
4753,1246,40,185,0,185,175,0,10,25,25,0,25,210,20,10024.92,19125.0,-9100.08,5
4754,1246,75,165,0,165,145,5,15,45,45,0,45,215,20,11546.100000000002,20400.0,-8853.899999999998,5
4755,1246,50,185,0,185,185,0,0,20,20,0,20,230,5,2634.1200000000003,19975.0,-17340.88,5
4756,1246,70,160,0,160,155,5,0,30,30,0,30,220,25,14041.26,19550.0,-5508.74,5
4757,1246,65,170,0,170,160,10,0,40,40,0,40,220,35,20892.06,19975.0,917.0600000000013,5
4758,1246,60,160,0,160,135,5,20,60,60,0,55,190,50,30038.670000000002,18700.0,11338.670000000002,5
4759,1246,110,125,0,125,120,0,5,45,45,0,45,225,40,22570.200000000004,19975.0,2595.2000000000044,5
4760,1246,45,180,0,180,130,30,20,45,45,0,40,170,40,22821.39,19125.0,3696.3900000000012,5
4761,1246,55,175,0,175,160,0,15,40,40,0,35,210,10,4916.880000000001,19550.0,-14633.119999999999,5
4762,1246,60,180,0,180,125,25,30,55,55,0,55,180,25,13418.640000000003,20400.0,-6981.359999999997,5
4763,1246,40,190,0,190,115,50,25,35,35,0,35,150,10,5048.64,19550.0,-14501.36,5
4764,1246,70,170,0,170,110,40,20,35,35,0,35,175,50,36221.0625,20400.0,15821.062500000004,5
4765,1246,70,175,0,175,155,15,5,40,40,0,40,220,15,7682.76,20825.0,-13142.24,5
4766,1246,45,170,0,170,160,0,10,30,30,0,30,200,35,22625.190000000002,18275.0,4350.190000000002,5
4767,1246,70,165,0,165,160,5,0,40,40,0,40,225,20,10492.560000000001,19975.0,-9482.439999999999,5
4768,1246,45,200,0,200,135,40,25,40,40,0,40,175,20,9663.480000000001,20825.0,-11161.52,5
4769,1246,95,150,0,150,145,0,5,40,40,0,40,235,40,23493.690000000002,20825.0,2668.6900000000014,5
4770,1246,75,155,0,155,130,5,20,55,55,0,55,200,25,12667.68,19550.0,-6882.32,5
4771,1246,110,155,0,155,145,0,10,40,40,0,35,250,30,14908.320000000002,22525.0,-7616.6799999999985,5
4772,1246,40,190,0,190,135,40,15,35,35,0,35,170,25,13966.380000000001,19550.0,-5583.619999999999,5
4773,1246,60,160,0,160,140,20,0,55,55,0,55,195,55,30624.840000000004,18700.0,11924.840000000004,5
4774,1246,65,150,0,150,130,0,20,45,45,0,45,190,60,37019.475000000006,18275.0,18744.475000000006,5
4775,1246,65,180,0,180,120,40,20,55,55,0,55,180,35,18308.88,20825.0,-2516.1199999999985,5
4776,1246,70,155,0,155,125,25,5,60,60,0,55,190,35,18236.160000000003,19125.0,-888.8399999999956,5
4777,1246,85,140,0,140,140,0,0,45,45,0,45,220,60,41646.8925,19125.0,22521.8925,5
4778,1246,75,145,0,145,145,0,0,35,35,0,35,215,35,22301.010000000002,18700.0,3601.010000000001,5
4779,1246,90,145,0,145,130,0,15,45,45,0,45,215,35,20522.430000000004,19975.0,547.4300000000039,5
4780,1246,110,145,0,145,115,0,30,60,60,0,55,220,20,9849.240000000002,21675.0,-11825.759999999998,5
4781,1246,55,160,0,160,155,0,5,50,50,0,50,205,35,18561.600000000002,18275.0,286.6000000000008,5
4782,1246,85,150,0,150,140,0,10,45,45,0,45,220,45,32103.292500000007,19975.0,12128.292500000007,5
4783,1246,80,155,0,155,145,10,0,45,45,0,45,220,35,17347.680000000004,19975.0,-2627.319999999995,5
4784,1246,40,185,0,185,155,20,10,35,35,0,35,190,35,24846.57,19125.0,5721.5700000000015,5
4785,1246,65,175,0,175,145,10,20,30,30,0,30,205,20,11001.42,20400.0,-9398.58,5
4786,1246,75,160,0,160,155,0,5,30,30,0,30,225,20,13534.470000000001,19975.0,-6440.529999999999,5
4787,1246,130,145,0,145,120,0,25,25,25,0,25,245,35,24628.050000000003,23375.0,1253.050000000003,5
4788,1246,70,165,0,165,120,20,25,60,60,0,60,185,30,15613.560000000001,19975.0,-4361.439999999998,5
4789,1246,55,160,0,160,125,10,25,50,50,0,50,175,55,32556.825000000004,18275.0,14281.825000000004,5
4790,1246,85,160,0,160,150,5,5,30,30,0,30,230,45,28662.075,20825.0,7837.075,5
4791,1246,75,170,0,170,140,30,0,30,30,0,30,210,25,13772.340000000002,20825.0,-7052.659999999998,5
4792,1246,70,165,0,165,150,5,10,40,40,0,40,215,30,17376.66,19975.0,-2598.3400000000006,5
4793,1246,60,145,0,145,140,0,5,45,45,0,45,195,35,23686.920000000006,17425.0,6261.920000000005,5
4794,1246,55,165,0,165,145,0,20,50,50,0,50,195,20,10508.760000000002,18700.0,-8191.239999999998,5
4795,1246,65,155,0,155,150,0,5,30,30,0,30,210,10,6754.860000000001,18700.0,-11945.14,5
4796,1246,40,170,0,170,160,0,10,35,35,0,30,195,35,21252.33,17850.0,3402.3300000000017,5
4797,1246,55,160,0,160,145,15,0,30,30,0,30,195,45,30205.125,18275.0,11930.124999999998,5
4798,1246,80,135,0,135,120,15,0,60,60,0,60,195,45,27351.090000000004,18275.0,9076.090000000004,5
4799,1246,70,170,0,170,130,25,15,65,65,0,65,195,50,29233.800000000007,20400.0,8833.800000000007,5
4800,1246,35,185,0,185,150,15,20,30,30,0,30,180,25,15740.820000000002,18700.0,-2959.179999999999,5
4801,1246,60,150,0,150,130,15,5,40,40,0,40,185,30,19776.960000000003,17850.0,1926.9600000000037,5
4802,1246,65,155,0,155,150,0,5,30,30,0,30,210,25,15006.240000000002,18700.0,-3693.7599999999975,5
4803,1246,50,175,0,175,135,30,10,40,40,0,40,180,40,24937.380000000005,19125.0,5812.380000000003,5
4804,1246,100,145,0,145,110,5,30,45,45,0,45,205,55,37409.265,20825.0,16584.264999999996,5
4805,1246,65,155,0,155,135,10,10,55,55,0,55,195,35,20950.83,18700.0,2250.830000000001,5
4806,1246,55,150,0,150,140,10,0,35,35,0,35,190,20,13223.340000000004,17425.0,-4201.659999999997,5
4807,1246,60,160,0,160,120,15,25,35,35,0,35,175,45,29361.825000000004,18700.0,10661.825000000004,5
4808,1246,30,180,0,180,140,20,20,25,25,0,25,165,15,9164.34,17850.0,-8685.66,5
4809,1246,80,170,0,170,150,0,20,30,30,0,30,225,10,6792.660000000001,21250.0,-14457.34,5
4810,1246,55,170,0,170,125,20,25,45,45,0,45,175,55,35362.71000000001,19125.0,16237.710000000006,5
4811,1246,85,150,0,150,130,20,0,50,50,0,50,210,40,24441.21,19975.0,4466.210000000001,5
4812,1246,40,175,0,175,165,5,5,25,25,0,25,200,20,12547.440000000002,18275.0,-5727.559999999999,5
4813,1246,135,135,0,135,125,0,10,40,40,0,40,255,30,18284.850000000002,22950.0,-4665.149999999996,5
4814,1246,80,135,0,135,120,10,5,50,50,0,50,195,50,30742.290000000008,18275.0,12467.290000000008,5
4815,1246,85,140,0,140,115,20,5,65,65,0,65,195,70,45799.69500000001,19125.0,26674.69500000001,5
4816,1246,70,135,0,135,125,10,0,55,55,0,55,190,45,27707.58000000001,17425.0,10282.580000000007,5
4817,1246,70,175,0,175,160,0,15,40,40,0,40,225,25,13550.940000000002,20825.0,-7274.059999999998,5
4818,1246,115,105,0,105,95,5,5,70,70,0,70,205,60,40929.255000000005,18700.0,22229.255000000005,5
4819,1246,65,170,0,170,135,5,30,35,35,0,35,195,45,32965.72875,19975.0,12990.728750000002,5
4820,1246,65,150,0,150,150,0,0,45,45,0,45,210,15,9187.02,18275.0,-9087.98,5
4821,1246,75,160,0,160,115,15,30,50,50,0,45,185,35,19205.1,19975.0,-769.9000000000001,5
4822,1246,50,170,0,170,165,0,5,40,40,0,35,210,25,13390.380000000001,18700.0,-5309.62,5
4823,1246,65,150,0,150,145,0,5,35,35,0,35,205,55,42563.925,18275.0,24288.925,5
4824,1246,45,170,0,170,130,15,25,40,40,0,40,170,65,48988.46250000001,18275.0,30713.462500000005,5
4825,1246,80,145,0,145,135,0,10,40,40,0,35,210,25,15926.850000000002,19125.0,-3198.1499999999983,5
4826,1246,100,140,0,140,125,10,5,40,40,0,40,220,40,26844.66,20400.0,6444.659999999999,5
4827,1246,85,160,0,160,150,0,10,50,50,0,50,230,60,37357.29000000001,20825.0,16532.29000000001,5
4828,1246,120,155,0,155,155,0,0,35,35,0,35,270,10,5046.840000000001,23375.0,-18328.159999999996,5
4829,1246,80,165,0,165,135,25,5,40,40,0,40,210,20,10859.400000000001,20825.0,-9965.599999999999,5
4830,1246,75,170,0,170,125,40,5,55,55,0,55,195,30,17096.940000000002,20825.0,-3728.059999999998,5
4831,1246,90,150,0,150,145,5,0,35,35,0,35,230,10,5098.3200000000015,20400.0,-15301.679999999998,5
4832,1246,55,165,0,165,150,5,10,50,50,0,50,200,30,18223.38,18700.0,-476.6199999999981,5
4833,1246,75,155,0,155,155,0,0,55,55,0,50,225,25,13132.440000000002,19550.0,-6417.559999999999,5
4834,1246,75,160,0,160,145,10,5,55,55,0,55,215,60,32166.180000000008,19975.0,12191.180000000008,5
4835,1246,130,140,0,140,140,0,0,25,25,0,25,265,15,7833.960000000001,22950.0,-15116.039999999997,5
4836,1246,75,165,0,165,150,0,15,40,40,0,40,220,30,16221.42,20400.0,-4178.58,5
4837,1246,110,140,0,140,140,0,0,35,35,0,35,245,20,11286.540000000003,21250.0,-9963.459999999997,5
4838,1246,105,145,0,145,135,10,0,35,35,0,35,235,35,20833.83,21250.0,-416.16999999999734,5
4839,1246,60,160,0,160,145,0,15,35,35,0,35,200,35,23750.730000000003,18700.0,5050.730000000003,5
4840,1246,55,180,0,180,165,15,0,20,20,0,20,215,20,11757.060000000001,19975.0,-8217.939999999999,5
4841,1246,45,170,0,170,130,30,10,40,40,0,40,170,40,29405.6775,18275.0,11130.677500000002,5
4842,1246,55,170,0,170,130,20,20,45,45,0,45,180,40,24925.050000000003,19125.0,5800.050000000001,5
4843,1246,50,165,0,165,125,15,25,40,40,0,40,170,35,22735.215000000004,18275.0,4460.215000000003,5
4844,1246,75,155,0,155,135,5,15,55,55,0,55,205,30,14982.480000000003,19550.0,-4567.519999999997,5
4845,1246,60,170,0,170,150,5,15,35,35,0,35,205,35,23753.115,19550.0,4203.1150000000025,5
4846,1246,70,155,0,155,125,0,30,45,45,0,45,190,30,18229.68,19125.0,-895.3199999999993,5
4847,1246,90,160,0,160,145,0,15,55,55,0,50,230,25,13894.200000000003,21250.0,-7355.799999999997,5
4848,1246,80,175,0,175,165,0,10,20,20,0,20,240,30,17492.4,21675.0,-4182.6,5
4849,1246,35,190,0,190,145,35,10,30,30,0,30,175,45,30370.275,19125.0,11245.275000000001,5
4850,1246,75,150,0,150,110,30,10,60,60,0,60,180,15,7582.680000000001,19125.0,-11542.32,5
4851,1246,70,145,0,145,130,0,15,60,60,0,60,195,45,31427.662500000006,18275.0,13152.662500000006,5
4852,1246,75,155,0,155,135,20,0,45,45,0,45,205,45,28959.840000000004,19550.0,9409.840000000004,5
4853,1246,70,165,0,165,125,15,25,60,60,0,60,190,35,18313.38,19975.0,-1661.619999999998,5
4854,1246,65,165,0,165,130,15,20,35,35,0,35,190,20,15843.015,19550.0,-3706.9849999999997,5
4855,1246,35,185,0,185,140,20,25,30,30,0,30,170,25,17468.190000000002,18700.0,-1231.8099999999981,5
4856,1246,55,175,0,175,140,0,35,35,35,0,35,190,45,29105.145000000004,19550.0,9555.145000000002,5
4857,1246,90,160,0,160,145,15,0,55,55,0,55,230,40,22861.440000000006,21250.0,1611.4400000000069,5
4858,1246,55,190,0,190,130,20,40,50,50,0,50,180,20,10172.880000000001,20825.0,-10652.119999999999,5
4859,1246,70,145,0,145,120,15,10,55,55,0,55,185,60,37251.270000000004,18275.0,18976.270000000004,5
4860,1246,95,120,0,120,85,25,10,75,75,0,75,175,80,53694.48375,18275.0,35419.48375,5
4861,1246,75,175,0,175,160,0,15,25,25,0,25,230,10,5275.4400000000005,21250.0,-15974.56,5
4862,1246,75,160,0,160,145,15,0,20,20,0,20,215,10,5650.56,19975.0,-14324.439999999999,5
4863,1246,55,180,0,180,140,35,5,45,45,0,45,190,35,17516.52,19975.0,-2458.4799999999996,5
4864,1246,55,170,0,170,155,5,10,45,45,0,45,205,20,10009.44,19125.0,-9115.56,5
4865,1246,95,150,0,150,135,0,15,25,25,0,25,225,45,28601.730000000003,20825.0,7776.730000000002,5
4866,1246,95,145,0,145,120,0,25,45,45,0,40,210,30,18361.71,20400.0,-2038.2899999999995,5
4867,1246,35,180,0,180,130,35,15,35,35,0,30,160,10,4960.8,18275.0,-13314.2,5
4868,1246,75,160,0,160,150,0,10,20,20,0,20,220,15,7542.360000000001,19975.0,-12432.64,5
4869,1246,95,145,0,145,125,10,10,70,70,0,70,215,60,34959.42,20400.0,14559.42,5
4870,1246,95,150,0,150,140,0,10,30,30,0,30,230,10,5418.000000000001,20825.0,-15406.999999999998,5
4871,1246,60,175,0,175,115,40,20,55,55,0,55,170,20,11458.260000000002,19975.0,-8516.739999999998,5
4872,1246,85,145,0,145,135,0,10,40,40,0,35,215,10,4916.88,19550.0,-14633.119999999999,5
4873,1246,40,180,0,180,135,20,25,25,25,0,25,170,20,11571.300000000001,18700.0,-7128.699999999999,5
4874,1246,50,195,0,195,140,30,25,40,40,0,40,185,35,19305.540000000005,20825.0,-1519.4599999999969,5
4875,1246,70,165,0,165,150,5,10,45,45,0,45,215,20,12156.300000000001,19975.0,-7818.699999999999,5
4876,1246,60,150,0,150,130,5,15,40,40,0,35,185,65,45920.700000000004,17850.0,28070.700000000004,5
4877,1246,35,185,0,185,155,5,25,20,20,0,20,185,20,12982.950000000003,18700.0,-5717.049999999997,5
4878,1246,45,185,0,185,160,20,5,25,25,0,25,200,5,2590.2000000000003,19550.0,-16959.8,5
4879,1246,55,155,0,155,125,25,5,50,50,0,50,175,55,38533.1175,17850.0,20683.117500000004,5
4880,1246,95,150,0,150,150,0,0,30,30,0,30,240,40,27092.475,20825.0,6267.474999999999,5
4881,1246,70,175,0,175,145,10,20,40,40,0,40,210,30,17955.45,20825.0,-2869.5499999999993,5
4882,1246,55,160,0,160,160,0,0,25,25,0,25,210,35,23525.415,18275.0,5250.415000000003,5
4883,1246,70,155,0,155,135,5,15,45,45,0,45,200,30,15102.36,19125.0,-4022.639999999999,5
4884,1246,55,150,0,150,145,0,5,40,40,0,40,195,40,23696.820000000003,17425.0,6271.820000000002,5
4885,1246,50,175,0,175,150,0,25,35,35,0,35,195,15,8314.560000000001,19125.0,-10810.439999999999,5
4886,1246,60,155,0,155,145,0,10,30,30,0,30,200,50,31080.780000000006,18275.0,12805.780000000004,5
4887,1246,60,160,0,160,160,0,0,20,20,0,20,215,20,11677.320000000003,18700.0,-7022.679999999996,5
4888,1246,60,160,0,160,150,0,10,45,45,0,45,205,40,22323.780000000006,18700.0,3623.780000000006,5
4889,1246,75,155,0,155,150,0,5,30,30,0,30,220,25,15675.750000000004,19550.0,-3874.2499999999973,5
4890,1246,85,145,0,145,140,0,5,40,40,0,40,220,35,20304.000000000004,19550.0,754.0000000000032,5
4891,1246,90,155,0,155,155,0,0,35,35,0,35,240,15,7463.16,20825.0,-13361.84,5
4892,1246,70,175,0,175,155,0,20,45,45,0,40,220,15,8068.68,20825.0,-12756.32,5
4893,1246,75,150,0,150,125,10,15,25,25,0,25,195,20,13165.650000000003,19125.0,-5959.349999999997,5
4894,1246,100,155,0,155,135,0,20,45,45,0,45,230,65,38533.23,21675.0,16858.230000000003,5
4895,1246,40,175,0,175,135,30,10,40,40,0,35,170,40,25213.050000000003,18275.0,6938.050000000003,5
4896,1246,60,200,0,200,90,70,40,45,45,0,45,145,45,27855.63,22100.0,5755.630000000001,5
4897,1246,120,145,0,145,140,0,5,25,25,0,25,255,15,7858.4400000000005,22525.0,-14666.56,5
4898,1246,75,145,0,145,145,0,0,35,35,0,35,215,45,30972.015000000007,18700.0,12272.015000000007,5
4899,1246,70,150,0,150,130,5,15,50,50,0,50,195,40,23157.540000000005,18700.0,4457.540000000004,5
4900,1246,40,200,0,200,145,20,35,35,35,0,35,180,15,7759.800000000001,20400.0,-12640.2,5
4901,1246,80,160,0,160,160,0,0,15,15,0,15,235,25,18246.195000000003,20400.0,-2153.8049999999953,5
4902,1246,70,165,0,165,140,0,25,45,45,0,40,205,25,14889.780000000006,19975.0,-5085.219999999995,5
4903,1246,115,125,0,125,120,0,5,55,55,0,55,230,60,36437.490000000005,20400.0,16037.490000000007,5
4904,1246,65,150,0,150,130,10,10,55,55,0,55,190,60,37862.325000000004,18275.0,19587.325000000004,5
4905,1246,40,165,0,165,150,5,10,35,35,0,35,185,55,40200.03,17425.0,22775.030000000002,5
4906,1246,45,170,0,170,125,45,0,40,40,0,40,165,55,36365.715000000004,18275.0,18090.715000000004,5
4907,1246,65,175,0,175,165,10,0,30,30,0,30,225,15,8342.460000000001,20400.0,-12057.539999999999,5
4908,1246,125,145,0,145,140,0,5,25,25,0,20,260,15,7814.160000000002,22950.0,-15135.839999999998,5
4909,1246,75,150,0,150,125,25,0,55,55,0,55,195,30,18808.83,19125.0,-316.16999999999734,5
4910,1246,105,160,0,160,135,0,25,35,35,0,35,235,25,13170.240000000002,22525.0,-9354.759999999998,5
4911,1246,45,175,0,175,150,10,15,35,35,0,35,190,5,2546.28,18700.0,-16153.720000000001,5
4912,1246,70,160,0,160,140,10,10,40,40,0,40,205,15,7638.84,19550.0,-11911.16,5
4913,1246,70,155,0,155,150,0,5,35,35,0,35,215,45,29924.595000000005,19125.0,10799.595000000005,5
4914,1246,90,165,0,165,130,30,5,45,45,0,45,215,30,16308.900000000003,21675.0,-5366.099999999997,5
4915,1246,90,140,0,140,140,0,0,55,55,0,55,225,25,13065.120000000003,19550.0,-6484.879999999998,5
4916,1246,85,155,0,155,140,0,15,40,40,0,40,220,30,17299.44,20400.0,-3100.5600000000004,5
4917,1246,60,170,0,170,155,5,10,30,30,0,30,210,35,22961.070000000003,19550.0,3411.0700000000043,5
4918,1246,40,190,0,190,125,45,20,35,35,0,35,160,50,35502.345,19550.0,15952.345000000005,5
4919,1246,60,160,0,160,130,30,0,50,50,0,50,185,65,43569.83250000001,18700.0,24869.83250000001,5
4920,1246,65,140,0,140,125,10,5,50,50,0,45,185,30,19538.460000000003,17425.0,2113.4600000000023,5
4921,1246,70,150,0,150,120,10,20,65,65,0,65,185,40,22832.28,18700.0,4132.280000000001,5
4922,1246,65,185,0,185,125,40,20,55,55,0,55,185,25,13341.960000000001,21250.0,-7908.039999999999,5
4923,1246,35,175,0,175,175,0,0,20,20,0,20,205,30,20238.390000000003,17850.0,2388.390000000004,5
4924,1246,60,165,0,165,165,0,0,20,20,0,20,220,25,18488.115,19125.0,-636.8849999999975,5
4925,1246,90,170,0,170,125,40,5,45,45,0,40,210,20,11809.619999999999,22100.0,-10290.380000000001,5
4926,1246,60,160,0,160,145,0,15,25,25,0,25,200,50,41010.59250000001,18700.0,22310.592500000013,5
4927,1246,80,160,0,160,150,10,0,40,40,0,40,225,25,12593.16,20400.0,-7806.84,5
4928,1246,30,180,0,180,160,10,10,25,25,0,25,185,25,18157.140000000003,17850.0,307.1400000000017,5
4929,1246,55,185,0,185,145,35,5,45,45,0,45,195,30,18599.49,20400.0,-1800.5099999999993,5
4930,1246,50,170,0,170,165,0,5,40,40,0,40,210,40,23781.24,18700.0,5081.2400000000025,5
4931,1246,45,185,0,185,175,5,5,20,20,0,20,215,20,14136.930000000002,19550.0,-5413.069999999998,5
4932,1246,60,175,0,175,165,0,10,30,30,0,25,220,35,25379.482500000006,19975.0,5404.482500000004,5
4933,1246,65,160,0,160,120,15,25,55,55,0,55,180,50,30889.17000000001,19125.0,11764.17000000001,5
4934,1246,60,155,0,155,125,10,20,50,50,0,50,180,45,28384.920000000002,18275.0,10109.920000000002,5
4935,1246,55,160,0,160,130,0,30,45,45,0,45,180,25,13448.880000000001,18275.0,-4826.119999999999,5
4936,1246,65,170,0,170,135,10,25,35,35,0,35,195,20,9950.04,19975.0,-10024.96,5
4937,1246,70,165,0,165,155,0,10,25,25,0,25,220,40,26369.19,19975.0,6394.189999999999,5
4938,1246,100,140,0,140,110,10,20,50,50,0,50,205,40,26257.995000000006,20400.0,5857.995000000005,5
4939,1246,50,175,0,175,160,10,5,40,40,0,40,205,15,7804.080000000002,19125.0,-11320.919999999998,5
4940,1246,35,185,0,185,160,25,0,30,30,0,30,190,10,5271.120000000001,18700.0,-13428.88,5
4941,1246,80,150,0,150,150,0,0,40,40,0,40,225,45,26674.110000000004,19550.0,7124.110000000005,5
4942,1246,65,145,0,145,130,5,10,30,30,0,30,190,60,43510.14,17850.0,25660.14,5
4943,1246,55,160,0,160,145,5,10,50,50,0,50,195,20,12288.960000000003,18275.0,-5986.039999999998,5
4944,1246,55,165,0,165,140,5,20,50,50,0,50,190,15,7624.4400000000005,18700.0,-11075.560000000001,5
4945,1246,105,145,0,145,145,0,0,40,40,0,40,245,5,2634.1200000000003,21250.0,-18615.88,5
4946,1246,60,165,0,165,165,0,0,35,35,0,35,220,25,12156.840000000002,19125.0,-6968.159999999998,5
4947,1246,95,140,0,140,140,0,0,35,35,0,30,230,35,19880.100000000002,19975.0,-94.89999999999782,5
4948,1246,35,185,0,185,170,10,5,30,30,0,30,200,20,11861.100000000002,18700.0,-6838.899999999999,5
4949,1246,65,165,0,165,145,5,15,40,40,0,40,205,35,18865.08,19550.0,-684.9199999999973,5
4950,1246,115,135,0,135,115,0,20,50,50,0,45,225,25,14515.020000000002,21250.0,-6734.979999999998,5
4951,1246,115,135,0,135,120,0,15,45,45,0,45,230,25,13728.060000000003,21250.0,-7521.939999999997,5
4952,1246,65,150,0,150,135,15,0,45,45,0,45,195,35,23962.32,18275.0,5687.32,5
4953,1246,85,160,0,160,120,0,40,45,45,0,45,200,45,28558.890000000007,20825.0,7733.890000000006,5
4954,1246,45,170,0,170,125,25,20,40,40,0,40,165,25,13169.880000000003,18275.0,-5105.119999999997,5
4955,1246,35,175,0,175,160,15,0,30,30,0,30,190,35,21532.95,17850.0,3682.9500000000007,5
4956,1246,55,160,0,160,145,10,5,45,45,0,45,195,65,42580.1025,18275.0,24305.1025,5
4957,1246,40,185,0,185,135,30,20,35,35,0,35,170,35,26665.3575,19125.0,7540.3575,5
4958,1246,35,195,0,195,125,45,25,30,30,0,30,155,20,10885.680000000002,19550.0,-8664.319999999998,5
4959,1246,65,155,0,155,135,15,5,60,60,0,60,195,35,19965.420000000002,18700.0,1265.4200000000014,5
4960,1246,50,165,0,165,135,15,15,50,50,0,45,180,45,31481.820000000007,18275.0,13206.820000000007,5
4961,1246,40,160,0,160,145,0,15,35,35,0,35,180,30,17276.58,17000.0,276.5800000000013,5
4962,1246,35,195,0,195,175,0,20,25,25,0,25,205,15,7553.880000000001,19550.0,-11996.119999999999,5
4963,1246,55,155,0,155,140,0,15,40,40,0,40,190,55,36553.455,17850.0,18703.455,5
4964,1246,65,175,0,175,135,5,35,30,30,0,30,195,20,10374.660000000002,20400.0,-10025.339999999998,5
4965,1246,75,155,0,155,140,15,0,50,50,0,50,210,20,11611.260000000002,19550.0,-7938.739999999998,5
4966,1246,50,170,0,170,145,20,5,40,40,0,40,190,65,44533.732500000006,18700.0,25833.732500000006,5
4967,1246,95,145,0,145,130,0,15,45,45,0,45,220,20,10407.600000000002,20400.0,-9992.399999999998,5
4968,1246,55,175,0,175,135,15,25,50,50,0,50,185,45,26155.8,19550.0,6605.799999999999,5
4969,1246,85,160,0,160,120,20,20,40,40,0,40,200,25,13041.360000000002,20825.0,-7783.639999999998,5
4970,1246,40,170,0,170,140,25,5,35,35,0,35,175,25,16041.869999999999,17850.0,-1808.130000000001,5
4971,1246,40,180,0,180,175,5,0,25,25,0,25,210,35,20938.500000000004,18700.0,2238.5000000000036,5
4972,1246,60,150,0,150,135,15,0,50,50,0,50,190,55,40123.755000000005,17850.0,22273.755000000005,5
4973,1246,60,155,0,155,110,45,0,50,50,0,50,165,100,74400.16781250002,18275.0,56125.16781250001,5
4974,1246,80,155,0,155,130,20,5,45,45,0,45,205,40,23112.180000000004,19975.0,3137.180000000003,5
4975,1246,80,165,0,165,155,0,10,30,30,0,30,230,10,5262.4800000000005,20825.0,-15562.52,5
4976,1246,85,145,0,145,145,0,0,55,55,0,55,225,55,34201.170000000006,19550.0,14651.170000000006,5
4977,1246,65,125,0,125,125,0,0,40,40,0,40,185,50,38108.10375,16150.0,21958.103750000002,5
4978,1246,50,180,0,180,165,0,15,35,35,0,35,210,10,6365.700000000001,19550.0,-13184.3,5
4979,1246,55,150,0,150,130,20,0,50,50,0,50,180,35,24143.265000000007,17425.0,6718.265000000006,5
4980,1246,100,145,0,145,130,0,15,40,40,0,40,225,35,21948.66,20825.0,1123.6599999999999,5
4981,1246,95,165,0,165,150,10,5,45,45,0,45,240,40,22034.700000000004,22100.0,-65.29999999999745,5
4982,1246,100,145,0,145,120,0,25,60,60,0,55,215,35,20095.2,20825.0,-729.7999999999979,5
4983,1246,70,175,0,175,130,40,5,30,30,0,25,195,40,26803.89,20825.0,5978.890000000001,5
4984,1246,55,175,0,175,175,0,0,25,25,0,25,225,5,2634.1200000000003,19550.0,-16915.88,5
4985,1246,100,135,0,135,135,0,0,30,30,0,30,230,30,20075.670000000006,19975.0,100.67000000000462,5
4986,1246,65,140,0,140,110,20,10,55,55,0,50,170,40,29813.985000000008,17425.0,12388.985000000008,5
4987,1246,35,200,0,200,145,25,30,30,30,0,30,175,55,37558.10250000001,19975.0,17583.102500000005,5
4988,1246,45,190,0,190,130,45,15,40,40,0,40,170,30,15750.72,19975.0,-4224.280000000001,5
4989,1246,55,165,0,165,135,5,25,45,45,0,45,185,35,22898.205,18700.0,4198.205000000003,5
4990,1246,105,150,0,150,150,0,0,25,25,0,25,250,35,23288.535000000003,21675.0,1613.5350000000017,5
4991,1246,55,150,0,150,110,30,10,55,55,0,50,160,75,52879.50562500001,17425.0,35454.50562500001,5
4992,1246,75,175,0,175,160,0,15,30,30,0,30,230,15,7896.6,21250.0,-13353.4,5
4993,1246,70,145,0,145,110,15,20,45,45,0,45,175,60,39843.270000000004,18275.0,21568.270000000008,5
4994,1246,125,140,0,140,135,0,5,45,45,0,45,255,40,23788.620000000006,22525.0,1263.6200000000053,5
4995,1246,60,180,0,180,145,10,25,45,45,0,45,200,40,25128.450000000004,20400.0,4728.450000000003,5
4996,1246,80,170,0,170,160,0,10,35,35,0,35,235,20,10344.960000000001,21250.0,-10905.039999999999,5
4997,1246,65,160,0,160,135,15,10,60,60,0,60,195,50,32907.3075,19125.0,13782.307500000003,5
4998,1246,70,165,0,165,155,0,10,50,50,0,45,220,30,16788.24,19975.0,-3186.7599999999993,5
4999,1246,70,160,0,160,135,5,20,50,50,0,45,200,30,17683.02,19550.0,-1866.9799999999987,5
5000,1246,65,155,0,155,150,5,0,45,45,0,45,210,25,13651.920000000002,18700.0,-5048.079999999998,5
5001,1246,45,175,0,175,145,10,20,40,40,0,40,185,35,18966.960000000003,18700.0,266.9600000000014,5
5002,1246,120,145,0,145,110,35,0,55,55,0,55,225,60,37706.175,22525.0,15181.175000000003,5
5003,1246,60,155,0,155,145,0,10,50,50,0,50,200,35,20655.72,18275.0,2380.720000000001,5
5004,1246,55,170,0,170,170,0,0,35,35,0,35,220,30,16036.92,19125.0,-3088.08,5
5005,1246,85,145,0,145,140,0,5,50,50,0,50,220,60,36358.65000000001,19550.0,16808.65000000001,5
5006,1246,90,125,0,125,120,0,5,60,60,0,60,205,30,14804.640000000003,18275.0,-3470.359999999996,5
5007,1246,65,170,0,170,160,10,0,30,30,0,30,220,10,5157.360000000001,19975.0,-14817.64,5
5008,1246,60,165,0,165,135,5,25,50,50,0,50,190,25,13745.16,19125.0,-5379.839999999999,5
5009,1246,55,160,0,160,130,5,25,45,45,0,45,180,30,16808.940000000002,18275.0,-1466.0599999999977,5
5010,1246,80,135,0,135,125,0,10,40,40,0,35,200,80,59303.16,18275.0,41028.16,5
5011,1246,75,150,0,150,125,0,25,50,50,0,50,195,55,37739.02500000001,19125.0,18614.025000000005,5
5012,1246,55,170,0,170,115,35,20,40,40,0,40,165,35,19865.16,19125.0,740.1600000000008,5
5013,1246,40,180,0,180,160,0,20,30,30,0,30,195,15,7814.520000000001,18700.0,-10885.479999999998,5
5014,1246,70,160,0,160,110,10,40,45,45,0,45,175,10,5092.200000000002,19550.0,-14457.799999999997,5
5015,1246,55,175,0,175,165,10,0,30,30,0,25,215,25,16010.730000000001,19550.0,-3539.269999999999,5
5016,1246,40,180,0,180,145,20,15,35,35,0,35,180,20,10675.800000000001,18700.0,-8024.199999999999,5
5017,1246,50,185,0,185,140,35,10,40,40,0,40,185,25,12189.600000000002,19975.0,-7785.399999999998,5
5018,1246,65,150,0,150,135,5,10,55,55,0,55,195,45,26271.000000000004,18275.0,7996.000000000004,5
5019,1246,60,175,0,175,165,0,10,30,30,0,30,220,25,14340.420000000004,19975.0,-5634.579999999996,5
5020,1246,100,155,0,155,155,0,0,15,15,0,15,250,20,12248.64,21675.0,-9426.36,5
5021,1246,65,160,0,160,105,35,20,60,60,0,60,165,35,22123.080000000005,19125.0,2998.0800000000045,5
5022,1246,75,160,0,160,155,0,5,30,30,0,25,225,15,7726.680000000001,19975.0,-12248.32,5
5023,1246,65,140,0,140,100,35,5,50,50,0,50,160,65,41822.73,17425.0,24397.730000000003,5
5024,1246,50,165,0,165,160,0,5,35,35,0,35,205,30,17795.52,18275.0,-479.47999999999865,5
5025,1246,40,190,0,190,155,15,20,35,35,0,35,190,10,4925.52,19550.0,-14624.48,5
5026,1246,55,155,0,155,145,10,0,45,45,0,45,195,35,23420.88,17850.0,5570.880000000002,5
5027,1246,85,175,0,175,155,0,20,20,20,0,20,235,15,8933.94,22100.0,-13166.06,5
5028,1246,80,160,0,160,145,5,10,40,40,0,40,220,15,7682.76,20400.0,-12717.24,5
5029,1246,55,190,0,190,130,40,20,40,40,0,35,180,25,14070.419999999998,20825.0,-6754.580000000001,5
5030,1246,95,155,0,155,155,0,0,35,35,0,35,245,40,23706.720000000005,21250.0,2456.720000000005,5
5031,1246,90,145,0,145,135,0,10,40,40,0,35,220,35,21638.430000000004,19975.0,1663.430000000003,5
5032,1246,40,175,0,175,125,15,35,35,35,0,35,160,55,38708.01000000001,18275.0,20433.01000000001,5
5033,1246,45,175,0,175,155,10,10,30,30,0,30,195,15,8425.800000000001,18700.0,-10274.199999999999,5
5034,1246,80,160,0,160,155,0,5,45,45,0,40,230,20,9668.16,20400.0,-10731.84,5
5035,1246,65,170,0,170,155,0,15,40,40,0,40,215,30,16726.500000000004,19975.0,-3248.499999999997,5
5036,1246,75,165,0,165,110,25,30,60,60,0,55,180,50,33249.6675,20400.0,12849.6675,5
5037,1246,60,175,0,175,160,0,15,40,40,0,40,215,40,25986.285000000007,19975.0,6011.285000000007,5
5038,1246,35,180,0,180,160,5,15,35,35,0,30,190,20,12198.420000000002,18275.0,-6076.579999999999,5
5039,1246,90,155,0,155,135,0,20,50,50,0,45,220,35,20468.7,20825.0,-356.2999999999988,5
5040,1246,35,200,0,200,165,15,20,20,20,0,20,195,10,6585.300000000001,19975.0,-13389.699999999997,5
5041,1246,45,175,0,175,155,15,5,40,40,0,40,195,30,17971.92,18700.0,-728.0799999999999,5
5042,1246,50,170,0,170,105,45,20,45,45,0,45,150,15,7638.480000000001,18700.0,-11061.519999999999,5
5043,1246,85,160,0,160,160,0,0,25,25,0,25,240,0,0.0,20825.0,-20825.0,5
5044,1246,55,175,0,175,155,0,20,40,40,0,40,205,25,14127.66,19550.0,-5422.339999999999,5
5045,1246,70,160,0,160,90,55,15,65,65,0,65,155,75,48390.795000000006,19550.0,28840.795000000006,5
5046,1246,30,200,0,200,135,25,40,30,30,0,25,160,35,20554.2,19550.0,1004.2000000000007,5
5047,1246,90,145,0,145,105,15,25,65,65,0,65,190,45,25023.600000000002,19975.0,5048.600000000001,5
5048,1246,60,165,0,165,165,0,0,45,45,0,45,220,40,24442.560000000005,19125.0,5317.560000000003,5
5049,1246,50,170,0,170,170,0,0,25,25,0,20,215,15,7951.320000000001,18700.0,-10748.68,5
5050,1246,50,165,0,165,140,10,15,50,50,0,45,185,65,52233.654375000006,18275.0,33958.654375000006,5
5051,1246,30,195,0,195,170,10,15,20,20,0,20,195,35,24587.910000000003,19125.0,5462.910000000002,5
5052,1246,50,170,0,170,165,0,5,40,40,0,40,210,30,16596.54,18700.0,-2103.4599999999978,5
5053,1246,90,145,0,145,135,0,10,40,40,0,40,220,40,24359.31,19975.0,4384.31,5
5054,1246,40,195,0,195,150,30,15,30,30,0,30,185,25,13673.520000000004,19975.0,-6301.479999999997,5
5055,1246,90,160,0,160,150,0,10,35,35,0,35,235,15,8974.98,21250.0,-12275.02,5
5056,1246,60,160,0,160,145,5,10,40,40,0,40,200,30,16796.700000000004,18700.0,-1903.299999999997,5
5057,1246,60,140,0,140,130,0,10,45,45,0,40,185,55,34004.880000000005,17000.0,17004.880000000005,5
5058,1246,55,165,0,165,140,10,15,45,45,0,40,190,15,7726.320000000001,18700.0,-10973.68,5
5059,1246,50,170,0,170,115,20,35,45,45,0,45,160,35,23497.740000000005,18700.0,4797.740000000003,5
5060,1246,65,160,0,160,145,10,5,35,35,0,35,205,30,16635.780000000002,19125.0,-2489.219999999998,5
5061,1246,100,145,0,145,125,5,15,35,35,0,35,220,75,53133.772500000014,20825.0,32308.772500000014,5
5062,1246,90,140,0,140,120,5,15,40,40,0,40,205,50,33952.59,19550.0,14402.59,5
5063,1246,75,150,0,150,145,0,5,35,35,0,35,215,20,10474.2,19125.0,-8650.8,5
5064,1246,45,165,0,165,160,0,5,20,20,0,20,200,30,20583.54,17850.0,2733.5400000000027,5
5065,1246,45,180,0,180,140,10,30,40,40,0,40,180,50,31388.850000000002,19125.0,12263.850000000002,5
5066,1246,65,145,0,145,125,10,10,50,50,0,50,185,40,23437.980000000007,17850.0,5587.980000000007,5
5067,1246,60,170,0,170,160,0,10,35,35,0,30,215,20,9672.84,19550.0,-9877.16,5
5068,1246,45,180,0,180,130,25,25,40,40,0,40,170,25,12947.400000000001,19125.0,-6177.599999999998,5
5069,1246,80,155,0,155,125,30,0,65,65,0,65,200,30,15584.760000000002,19975.0,-4390.239999999999,5
5070,1246,75,150,0,150,135,0,15,35,35,0,35,205,30,18639.27,19125.0,-485.72999999999865,5
5071,1246,65,150,0,150,150,0,0,40,40,0,40,210,20,9809.640000000001,18275.0,-8465.359999999999,5
5072,1246,65,165,0,165,145,0,20,50,50,0,50,205,20,11208.780000000002,19550.0,-8341.219999999998,5
5073,1246,45,180,0,180,145,10,25,35,35,0,35,185,35,22783.77,19125.0,3658.7699999999995,5
5074,1246,95,135,0,135,130,0,5,65,65,0,60,220,85,56312.0325,19550.0,36762.0325,5
5075,1246,80,145,0,145,90,30,25,65,65,0,65,165,40,23806.620000000003,19125.0,4681.620000000003,5
5076,1246,70,165,0,165,150,0,15,25,25,0,25,215,20,12841.2,19975.0,-7133.799999999999,5
5077,1246,20,200,0,200,160,0,40,10,10,0,10,175,20,15574.005000000001,18700.0,-3125.994999999998,5
5078,1246,50,170,0,170,150,15,5,40,40,0,40,195,30,17057.34,18700.0,-1642.6599999999985,5
5079,1246,100,135,0,135,135,0,0,35,35,0,35,230,40,23736.510000000002,19975.0,3761.510000000003,5
5080,1246,45,160,0,160,150,5,5,40,40,0,40,190,25,15450.480000000003,17425.0,-1974.5199999999977,5
5081,1246,70,165,0,165,160,5,0,35,35,0,35,225,40,27231.795000000006,19975.0,7256.795000000006,5
5082,1246,90,160,0,160,115,15,30,50,50,0,50,200,50,31143.195000000007,21250.0,9893.195000000005,5
5083,1246,40,175,0,175,150,0,25,40,40,0,35,185,40,24401.43,18275.0,6126.43,5
5084,1246,80,150,0,150,150,0,0,30,30,0,30,225,15,9365.04,19550.0,-10184.96,5
5085,1246,65,160,0,160,150,0,10,25,25,0,25,210,35,24914.812500000004,19125.0,5789.812500000003,5
5086,1246,70,160,0,160,145,0,15,50,50,0,50,210,10,4916.880000000001,19550.0,-14633.119999999999,5
5087,1246,90,165,0,165,165,0,0,25,25,0,25,250,10,4798.080000000001,21675.0,-16876.92,5
5088,1246,70,145,0,145,140,5,0,55,55,0,50,205,35,20095.56,18275.0,1820.5600000000027,5
5089,1246,90,125,0,125,110,0,15,50,50,0,50,195,70,48107.11500000001,18275.0,29832.115000000013,5
5090,1246,40,185,0,185,130,25,30,35,35,0,35,165,30,17270.280000000002,19125.0,-1854.7199999999975,5
5091,1246,65,170,0,170,145,15,10,30,30,0,30,205,10,5048.64,19975.0,-14926.36,5
5092,1246,55,165,0,165,130,10,25,50,50,0,50,180,50,29862.720000000005,18700.0,11162.720000000005,5
5093,1246,70,135,0,135,125,5,5,50,50,0,45,190,45,24963.210000000006,17425.0,7538.210000000008,5
5094,1246,115,145,0,145,145,0,0,35,35,0,35,255,10,4807.080000000002,22100.0,-17292.92,5
5095,1246,65,150,0,150,115,15,20,55,55,0,55,175,10,5180.400000000001,18275.0,-13094.6,5
5096,1246,115,135,0,135,135,0,0,20,20,0,20,245,15,10887.57,21250.0,-10362.43,5
5097,1246,60,170,0,170,120,30,20,40,40,0,40,175,30,18478.980000000003,19550.0,-1071.0199999999963,5
5098,1246,65,170,0,170,155,10,5,40,40,0,40,215,35,21131.370000000003,19975.0,1156.3700000000017,5
5099,1246,100,145,0,145,145,0,0,40,40,0,40,240,30,16419.06,20825.0,-4405.939999999999,5
5100,1246,60,160,0,160,160,0,0,40,40,0,40,215,20,10010.16,18700.0,-8689.84,5
5101,1246,115,160,0,160,135,0,25,30,30,0,30,245,20,12621.330000000002,23375.0,-10753.669999999998,5
5102,1246,85,150,0,150,130,20,0,35,35,0,35,210,35,21341.43,19975.0,1366.4300000000003,5
5103,1246,65,175,0,175,175,0,0,35,35,0,35,235,10,4646.880000000001,20400.0,-15753.119999999999,5
5104,1246,50,175,0,175,165,5,5,45,45,0,45,210,40,27295.785,19125.0,8170.785000000001,5
5105,1246,90,150,0,150,150,0,0,60,60,0,60,235,40,21613.860000000004,20400.0,1213.8600000000042,5
5106,1246,30,190,0,190,170,0,20,25,25,0,25,195,30,21873.96,18700.0,3173.9599999999973,5
5107,1246,100,140,0,140,140,0,0,45,45,0,45,235,40,25385.67,20400.0,4985.67,5
5108,1246,115,135,0,135,125,0,10,50,50,0,50,235,25,13850.82,21250.0,-7399.180000000001,5
5109,1246,65,175,0,175,110,45,20,50,50,0,50,170,40,21143.339999999997,20400.0,743.3399999999983,5
5110,1246,90,150,0,150,140,0,10,40,40,0,35,225,50,36170.4375,20400.0,15770.437499999998,5
5111,1246,65,155,0,155,145,5,5,35,35,0,35,205,20,10400.04,18700.0,-8299.96,5
5112,1246,50,165,0,165,140,15,10,35,35,0,35,185,50,30630.78,18275.0,12355.779999999999,5
5113,1246,90,150,0,150,150,0,0,40,40,0,40,235,25,12636.000000000002,20400.0,-7763.999999999998,5
5114,1246,85,150,0,150,140,0,10,45,45,0,40,220,70,45311.53500000001,19975.0,25336.53500000001,5
5115,1246,100,150,0,150,135,0,15,45,45,0,45,230,30,15985.44,21250.0,-5264.5599999999995,5
5116,1246,90,145,0,145,140,0,5,40,40,0,40,225,70,51090.39,19975.0,31115.39,5
5117,1246,65,145,0,145,145,0,0,40,40,0,40,205,20,11995.740000000002,17850.0,-5854.259999999999,5
5118,1246,35,175,0,175,160,10,5,25,25,0,25,190,30,19740.510000000002,17850.0,1890.5100000000016,5
5119,1246,60,170,0,170,160,10,0,30,30,0,30,215,25,12783.960000000003,19550.0,-6766.039999999998,5
5120,1246,125,140,0,140,140,0,0,30,30,0,30,260,20,13335.029999999999,22525.0,-9189.970000000001,5
5121,1246,50,165,0,165,155,10,0,40,40,0,40,200,30,17694.18,18275.0,-580.8199999999988,5
5122,1246,120,135,0,135,135,0,0,30,30,0,30,250,30,21965.085000000003,21675.0,290.0850000000037,5
5123,1246,80,145,0,145,130,0,15,50,50,0,45,205,50,32099.49,19125.0,12974.490000000002,5
5124,1246,60,150,0,150,150,0,0,40,40,0,40,205,35,25605.405000000006,17850.0,7755.405000000005,5
5125,1246,35,180,0,180,170,10,0,30,30,0,30,200,30,20133.36,18275.0,1858.3600000000024,5
5126,1246,45,185,0,185,150,0,35,35,35,0,35,190,15,7551.000000000002,19550.0,-11998.999999999998,5
5127,1246,40,165,0,165,165,0,0,25,25,0,25,200,10,5619.240000000001,17425.0,-11805.76,5
5128,1246,75,165,0,165,150,15,0,35,35,0,35,220,25,16680.33,20400.0,-3719.6699999999987,5
5129,1246,70,165,0,165,150,0,15,55,55,0,55,215,35,18631.8,19975.0,-1343.1999999999994,5
5130,1246,60,160,0,160,145,10,5,45,45,0,45,200,20,10272.960000000001,18700.0,-8427.039999999999,5
5131,1246,75,165,0,165,150,5,10,45,45,0,45,220,30,18490.230000000003,20400.0,-1909.7699999999963,5
5132,1246,100,155,0,155,130,0,25,50,50,0,45,225,35,21647.25,21675.0,-27.75000000000091,5
5133,1246,65,175,0,175,130,30,15,35,35,0,35,190,25,14423.040000000003,20400.0,-5976.959999999997,5
5134,1246,80,155,0,155,105,25,25,65,65,0,65,180,55,31051.260000000002,19975.0,11076.260000000002,5
5135,1246,55,160,0,160,125,20,15,45,45,0,45,175,75,56843.510624999995,18275.0,38568.510624999995,5
5136,1246,50,180,0,180,115,45,20,45,45,0,40,160,50,31251.690000000002,19550.0,11701.690000000002,5
5137,1246,85,165,0,165,165,0,0,35,35,0,35,245,15,7375.320000000001,21250.0,-13874.679999999998,5
5138,1246,55,160,0,160,110,35,15,50,50,0,50,160,30,15808.86,18275.0,-2466.1400000000003,5
5139,1246,55,160,0,160,160,0,0,30,30,0,30,210,5,2502.36,18275.0,-15772.64,5
5140,1246,65,155,0,155,120,35,0,60,60,0,60,180,45,28989.675000000007,18700.0,10289.675000000007,5
5141,1246,100,145,0,145,115,10,20,55,55,0,55,210,50,28888.110000000008,20825.0,8063.110000000006,5
5142,1246,45,170,0,170,160,0,10,35,35,0,35,200,5,2634.1200000000003,18275.0,-15640.88,5
5143,1246,55,160,0,160,120,15,25,50,50,0,50,170,25,13292.820000000003,18275.0,-4982.179999999997,5
5144,1246,50,170,0,170,140,20,10,35,35,0,35,185,15,7342.560000000001,18700.0,-11357.439999999999,5
5145,1246,70,135,0,135,125,0,10,55,55,0,55,190,30,16702.920000000006,17425.0,-722.079999999994,5
5146,1246,95,130,0,130,130,0,0,30,30,0,30,220,40,31053.982500000002,19125.0,11928.982500000002,5
5147,1246,130,135,0,135,125,0,10,30,30,0,30,250,10,5192.640000000001,22525.0,-17332.36,5
5148,1246,85,165,0,165,135,0,30,55,55,0,55,215,45,26234.28,21250.0,4984.279999999999,5
5149,1246,110,145,0,145,125,20,0,50,50,0,50,230,25,12793.320000000002,21675.0,-8881.679999999998,5
5150,1246,50,155,0,155,155,0,0,40,40,0,40,200,5,2502.36,17425.0,-14922.64,5
5151,1246,30,185,0,185,150,10,25,25,25,0,25,175,25,16519.140000000003,18275.0,-1755.8599999999979,5
5152,1246,105,135,0,135,135,0,0,45,45,0,45,235,25,14629.500000000004,20400.0,-5770.499999999997,5
5153,1246,70,170,0,170,95,35,40,65,65,0,65,160,30,15219.000000000004,20400.0,-5180.999999999996,5
5154,1246,50,195,0,195,140,30,25,45,45,0,45,185,45,29560.815000000002,20825.0,8735.815000000002,5
5155,1246,60,180,0,180,115,40,25,55,55,0,55,170,30,15670.440000000002,20400.0,-4729.559999999997,5
5156,1246,65,165,0,165,140,0,25,30,30,0,30,200,30,20068.2,19550.0,518.2000000000016,5
5157,1246,60,165,0,165,165,0,0,40,40,0,40,220,15,7495.200000000001,19125.0,-11629.8,5
5158,1246,40,180,0,180,150,20,10,35,35,0,35,185,35,21331.980000000003,18700.0,2631.980000000003,5
5159,1246,35,180,0,180,150,20,10,30,30,0,30,180,25,13858.02,18275.0,-4416.979999999999,5
5160,1246,80,145,0,145,145,0,0,45,45,0,45,220,25,14243.220000000003,19125.0,-4881.779999999997,5
5161,1246,55,170,0,170,130,15,25,45,45,0,45,180,35,23837.219999999998,19125.0,4712.2199999999975,5
5162,1246,55,175,0,175,155,15,5,45,45,0,45,205,25,14684.760000000002,19550.0,-4865.239999999999,5
5163,1246,65,155,0,155,135,5,15,40,40,0,40,195,35,22023.0,18700.0,3323.000000000002,5
5164,1246,85,145,0,145,140,0,5,35,35,0,35,220,15,8165.520000000001,19550.0,-11384.48,5
5165,1246,60,170,0,170,120,15,35,50,50,0,50,175,15,9536.400000000003,19550.0,-10013.599999999997,5
5166,1246,80,145,0,145,145,0,0,40,40,0,40,220,45,27226.350000000006,19125.0,8101.350000000007,5
5167,1246,65,160,0,160,105,55,0,50,50,0,50,165,95,65735.88750000001,19125.0,46610.88750000001,5
5168,1246,35,190,0,190,180,10,0,25,25,0,25,210,25,13580.460000000003,19125.0,-5544.539999999997,5
5169,1246,50,175,0,175,170,0,5,25,25,0,25,215,15,7493.4000000000015,19125.0,-11631.599999999999,5
5170,1246,30,190,0,190,170,10,10,25,25,0,25,195,20,9854.28,18700.0,-8845.72,5
5171,1246,95,140,0,140,105,20,15,60,60,0,60,195,60,34438.770000000004,19975.0,14463.770000000004,5
5172,1246,55,170,0,170,165,0,5,15,15,0,10,215,20,11815.740000000002,19125.0,-7309.259999999999,5
5173,1246,115,130,0,130,130,0,0,40,40,0,40,240,45,25522.560000000005,20825.0,4697.560000000003,5
5174,1246,40,165,0,165,150,0,15,35,35,0,35,185,10,4829.040000000001,17425.0,-12595.96,5
5175,1246,60,170,0,170,155,5,10,35,35,0,35,210,70,51472.946250000015,19550.0,31922.946250000015,5
5176,1246,55,155,0,155,135,0,20,45,45,0,45,185,35,21230.010000000002,17850.0,3380.010000000002,5
5177,1246,100,145,0,145,130,0,15,35,35,0,35,225,35,21109.500000000004,20825.0,284.50000000000273,5
5178,1246,80,160,0,160,145,15,0,45,45,0,45,220,40,23573.879999999997,20400.0,3173.879999999999,5
5179,1246,60,170,0,170,165,0,5,45,45,0,45,220,25,14761.260000000002,19550.0,-4788.739999999998,5
5180,1246,55,165,0,165,145,20,0,45,45,0,45,195,20,11837.700000000003,18700.0,-6862.299999999997,5
5181,1246,115,125,0,125,125,0,0,55,55,0,55,235,55,31703.58,20400.0,11303.580000000002,5
5182,1246,75,145,0,145,140,0,5,50,50,0,50,210,70,43148.25000000001,18700.0,24448.250000000007,5
5183,1246,70,155,0,155,125,10,20,50,50,0,50,190,5,2503.0800000000004,19125.0,-16621.92,5
5184,1246,55,145,0,145,125,10,10,55,55,0,50,175,25,12967.560000000003,17000.0,-4032.439999999997,5
5185,1246,55,160,0,160,150,5,5,30,30,0,30,200,45,29951.59500000001,18275.0,11676.595000000007,5
5186,1246,75,155,0,155,155,0,0,45,45,0,45,225,30,16211.7,19550.0,-3338.2999999999993,5
5187,1246,80,150,0,150,110,30,10,50,50,0,50,185,50,28803.960000000003,19550.0,9253.960000000003,5
5188,1246,125,125,0,125,125,0,0,50,50,0,50,245,30,17025.300000000003,21250.0,-4224.699999999998,5
5189,1246,100,145,0,145,145,0,0,25,25,0,25,240,20,9745.920000000002,20825.0,-11079.079999999998,5
5190,1246,70,170,0,170,135,0,35,35,35,0,35,200,35,22752.089999999997,20400.0,2352.0899999999983,5
5191,1246,55,170,0,170,150,0,20,40,40,0,40,200,20,10248.120000000003,19125.0,-8876.879999999997,5
5192,1246,70,170,0,170,135,10,25,35,35,0,30,200,15,7594.920000000001,20400.0,-12805.079999999998,5
5193,1246,55,155,0,155,125,30,0,45,45,0,40,175,35,20902.320000000003,17850.0,3052.3200000000043,5
5194,1246,65,175,0,175,105,40,30,65,65,0,60,165,55,33021.810000000005,20400.0,12621.810000000005,5
5195,1246,70,150,0,150,115,20,15,50,50,0,50,180,55,34153.965000000004,18700.0,15453.965000000004,5
5196,1246,80,165,0,165,135,0,30,50,50,0,45,210,20,12044.160000000002,20825.0,-8780.839999999998,5
5197,1246,55,185,0,185,140,35,10,50,50,0,50,190,45,26552.52,20400.0,6152.5199999999995,5
5198,1246,45,175,0,175,150,0,25,45,45,0,40,190,20,10580.04,18700.0,-8119.959999999999,5
5199,1246,65,140,0,140,125,10,5,60,60,0,60,185,65,39346.920000000006,17425.0,21921.920000000006,5
5200,1246,80,150,0,150,110,35,5,55,55,0,50,185,50,34764.5475,19550.0,15214.547499999999,5
5201,1246,105,140,0,140,135,5,0,50,50,0,50,235,35,18479.700000000004,20825.0,-2345.2999999999975,5
5202,1246,95,150,0,150,150,0,0,40,40,0,40,240,20,10560.96,20825.0,-10264.04,5
5203,1246,70,170,0,170,165,5,0,30,30,0,30,230,15,7425.0,20400.0,-12975.0,5
5204,1246,80,150,0,150,150,0,0,55,55,0,55,225,15,7249.3200000000015,19550.0,-12300.679999999997,5
5205,1246,95,120,0,120,115,0,5,65,65,0,65,205,110,79391.31750000002,18275.0,61116.31750000002,5
5206,1246,75,150,0,150,150,0,0,45,45,0,45,220,45,28981.53,19125.0,9856.529999999999,5
5207,1246,80,165,0,165,160,0,5,35,35,0,35,235,25,12723.840000000002,20825.0,-8101.159999999998,5
5208,1246,85,155,0,155,155,0,0,45,45,0,45,235,25,12827.160000000003,20400.0,-7572.8399999999965,5
5209,1246,50,190,0,190,115,45,30,45,45,0,45,160,40,25585.695,20400.0,5185.695000000001,5
5210,1246,105,145,0,145,140,0,5,55,55,0,55,240,80,52125.12000000002,21250.0,30875.120000000017,5
5211,1246,50,160,0,160,140,0,20,40,40,0,40,185,15,9043.740000000002,17850.0,-8806.259999999998,5
5212,1246,55,155,0,155,155,0,0,25,25,0,25,205,35,28496.823750000003,17850.0,10646.823750000003,5
5213,1246,100,130,0,130,115,0,15,45,45,0,40,210,40,24577.065000000006,19550.0,5027.065000000007,5
5214,1246,50,175,0,175,135,20,20,45,45,0,45,180,50,27487.800000000003,19125.0,8362.800000000003,5
5215,1246,60,165,0,165,130,25,10,55,55,0,55,185,40,23986.890000000007,19125.0,4861.890000000008,5
5216,1246,60,155,0,155,155,0,0,30,30,0,30,210,35,22072.05,18275.0,3797.0499999999993,5
5217,1246,50,190,0,190,170,0,20,30,30,0,30,215,10,4749.84,20400.0,-15650.16,5
5218,1246,70,155,0,155,150,5,0,60,60,0,60,215,30,18548.370000000003,19125.0,-576.6299999999956,5
5219,1246,55,160,0,160,140,15,5,35,35,0,35,190,20,10267.560000000003,18275.0,-8007.439999999997,5
5220,1246,75,150,0,150,130,15,5,45,45,0,45,200,40,24995.789999999997,19125.0,5870.789999999997,5
5221,1246,70,145,0,145,145,0,0,50,50,0,50,210,55,37153.473750000005,18275.0,18878.473750000005,5
5222,1246,85,155,0,155,130,25,0,55,55,0,50,210,20,10141.2,20400.0,-10258.8,5
5223,1246,75,160,0,160,145,15,0,40,40,0,35,215,15,8572.860000000002,19975.0,-11402.14,5
5224,1246,70,175,0,175,140,10,25,55,55,0,55,205,45,27482.310000000005,20825.0,6657.310000000007,5
5225,1246,45,165,0,165,160,0,5,35,35,0,35,200,35,21122.010000000002,17850.0,3272.01,5
5226,1246,80,165,0,165,145,15,5,30,30,0,30,220,35,22370.580000000005,20825.0,1545.5800000000045,5
5227,1246,115,130,0,130,110,0,20,40,40,0,40,220,45,31972.7475,20825.0,11147.747500000001,5
5228,1246,70,165,0,165,120,35,10,55,55,0,50,185,40,25888.23,19975.0,5913.229999999999,5
5229,1246,100,140,0,140,140,0,0,60,60,0,60,235,25,14026.14,20400.0,-6373.86,5
5230,1246,110,140,0,140,140,0,0,35,35,0,35,245,60,42038.280000000006,21250.0,20788.280000000006,5
5231,1246,60,150,0,150,145,5,0,45,45,0,45,200,30,18433.980000000003,17850.0,583.9800000000014,5
5232,1246,70,160,0,160,145,10,5,50,50,0,50,210,20,10065.960000000001,19550.0,-9484.039999999999,5
5233,1246,45,175,0,175,140,25,10,35,35,0,35,180,30,18152.640000000003,18700.0,-547.3599999999965,5
5234,1246,55,175,0,175,150,25,0,30,30,0,30,200,40,32665.488749999997,19550.0,13115.488749999995,5
5235,1246,75,145,0,145,140,0,5,30,30,0,30,210,25,16581.960000000003,18700.0,-2118.0399999999963,5
5236,1246,70,160,0,160,135,5,20,35,35,0,35,200,15,7770.240000000002,19550.0,-11779.759999999998,5
5237,1246,75,165,0,165,165,0,0,40,40,0,40,235,35,22653.0,20400.0,2253.000000000002,5
5238,1246,55,180,0,180,155,25,0,40,40,0,40,205,35,21023.370000000003,19975.0,1048.3700000000044,5
5239,1246,45,180,0,180,180,0,0,35,35,0,35,220,25,15551.910000000003,19125.0,-3573.0899999999974,5
5240,1246,75,160,0,160,155,5,0,45,45,0,45,225,30,18355.95,19975.0,-1619.0499999999997,5
5241,1246,70,160,0,160,135,15,10,30,30,0,30,200,35,24739.02,19550.0,5189.02,5
5242,1246,60,170,0,170,155,15,0,40,40,0,40,210,10,5268.240000000001,19550.0,-14281.759999999998,5
5243,1246,90,150,0,150,115,25,10,50,50,0,50,200,35,20728.620000000003,20400.0,328.6200000000008,5
5244,1246,110,120,0,120,120,0,0,50,50,0,50,225,80,57241.21500000001,19550.0,37691.21500000001,5
5245,1246,25,190,0,190,180,10,0,15,15,0,15,200,20,11314.620000000003,18275.0,-6960.379999999997,5
5246,1246,60,165,0,165,120,25,20,50,50,0,50,175,20,10015.920000000002,19125.0,-9109.079999999998,5
5247,1246,115,140,0,140,110,30,0,55,55,0,55,220,35,22411.710000000003,21675.0,736.7100000000028,5
5248,1246,75,150,0,150,150,0,0,45,45,0,45,220,30,15508.800000000001,19125.0,-3616.199999999999,5
5249,1246,65,170,0,170,95,60,15,60,60,0,60,155,45,31947.795000000006,19975.0,11972.795000000006,5
5250,1246,45,175,0,175,145,0,30,40,40,0,40,185,50,34050.645,18700.0,15350.644999999995,5
5251,1246,90,160,0,160,125,5,30,50,50,0,50,210,35,19638.18,21250.0,-1611.819999999998,5
5252,1246,55,165,0,165,150,5,10,40,40,0,40,200,25,15354.27,18700.0,-3345.7299999999987,5
5253,1246,90,155,0,155,145,0,10,35,35,0,35,230,20,11225.34,20825.0,-9599.66,5
5254,1246,80,145,0,145,145,0,0,45,45,0,45,220,10,5048.64,19125.0,-14076.36,5
5255,1246,35,175,0,175,160,0,15,30,30,0,30,190,30,17181.9,17850.0,-668.0999999999972,5
5256,1246,65,170,0,170,145,0,25,30,30,0,30,205,20,10849.320000000003,19975.0,-9125.679999999997,5
5257,1246,60,160,0,160,160,0,0,40,40,0,40,215,25,14101.02,18700.0,-4598.98,5
5258,1246,55,170,0,170,120,20,30,50,50,0,50,170,35,19516.500000000004,19125.0,391.5000000000032,5
5259,1246,65,145,0,145,135,5,5,55,55,0,50,195,35,21744.09,17850.0,3894.090000000001,5
5260,1246,65,150,0,150,120,15,15,35,35,0,35,180,30,24373.845,18275.0,6098.845000000001,5
5261,1246,95,145,0,145,135,5,5,30,30,0,30,225,25,14308.380000000005,20400.0,-6091.619999999995,5
5262,1246,70,145,0,145,130,15,0,55,55,0,55,195,25,13769.28,18275.0,-4505.719999999999,5
5263,1246,60,185,0,185,145,5,35,40,40,0,40,200,35,20853.36,20825.0,28.3600000000024,5
5264,1246,70,165,0,165,155,0,10,65,65,0,65,220,35,17424.000000000004,19975.0,-2550.999999999997,5
5265,1246,50,180,0,180,155,5,20,30,30,0,30,200,20,10316.880000000001,19550.0,-9233.119999999999,5
5266,1246,60,165,0,165,155,0,10,30,30,0,30,210,25,15621.750000000002,19125.0,-3503.249999999998,5
5267,1246,75,150,0,150,140,0,10,35,35,0,35,210,15,8911.980000000001,19125.0,-10213.019999999999,5
5268,1246,85,155,0,155,145,0,10,30,30,0,30,225,20,11190.420000000002,20400.0,-9209.579999999998,5
5269,1246,50,185,0,185,115,45,25,45,45,0,45,160,20,11105.28,19975.0,-8869.72,5
5270,1246,65,150,0,150,135,5,10,50,50,0,50,195,35,22806.63,18275.0,4531.63,5
5271,1246,60,160,0,160,135,15,10,35,35,0,35,190,45,36648.275625,18700.0,17948.275625000002,5
5272,1246,55,150,0,150,145,0,5,50,50,0,50,195,30,16685.460000000003,17425.0,-739.5399999999972,5
5273,1246,55,160,0,160,135,20,5,40,40,0,40,185,15,9766.800000000003,18275.0,-8508.199999999997,5
5274,1246,60,160,0,160,140,20,0,30,30,0,30,195,40,24424.11,18700.0,5724.110000000001,5
5275,1246,55,165,0,165,135,10,20,40,40,0,40,185,15,7637.760000000002,18700.0,-11062.239999999998,5
5276,1246,165,105,0,105,105,0,0,45,45,0,45,265,35,24311.385000000006,22950.0,1361.3850000000048,5
5277,1246,45,180,0,180,140,15,25,35,35,0,35,180,40,25988.895000000004,19125.0,6863.895000000002,5
5278,1246,75,140,0,140,135,0,5,40,40,0,40,205,35,22567.5,18275.0,4292.5,5
5279,1246,65,165,0,165,140,10,15,35,35,0,35,200,25,14772.600000000002,19550.0,-4777.399999999998,5
5280,1246,85,155,0,155,130,20,5,45,45,0,45,210,45,23501.34,20400.0,3101.34,5
5281,1246,60,150,0,150,140,0,10,35,35,0,35,195,35,24547.545,17850.0,6697.545,5
5282,1246,100,145,0,145,140,0,5,50,50,0,50,235,65,42316.92000000001,20825.0,21491.92000000001,5
5283,1246,55,180,0,180,120,30,30,35,35,0,35,170,40,29327.58,19975.0,9352.580000000002,5
5284,1246,85,160,0,160,155,0,5,30,30,0,30,235,15,8607.240000000002,20825.0,-12217.759999999998,5
5285,1246,70,155,0,155,145,10,0,40,40,0,40,210,25,15611.580000000002,19125.0,-3513.4199999999987,5
5286,1246,85,175,0,175,145,20,10,35,35,0,35,225,10,5224.32,22100.0,-16875.68,5
5287,1246,65,165,0,165,115,40,10,55,55,0,55,175,30,16923.780000000002,19550.0,-2626.2199999999984,5
5288,1246,75,165,0,165,90,45,30,65,65,0,65,160,40,25031.340000000004,20400.0,4631.340000000005,5
5289,1246,55,165,0,165,165,0,0,40,40,0,40,215,20,11353.500000000002,18700.0,-7346.499999999998,5
5290,1246,70,155,0,155,95,35,25,60,60,0,55,160,60,41545.93500000001,19125.0,22420.93500000001,5
5291,1246,100,155,0,155,155,0,0,25,25,0,25,250,15,8062.200000000001,21675.0,-13612.8,5
5292,1246,60,145,0,145,140,0,5,35,35,0,35,195,40,23877.54,17425.0,6452.539999999999,5
5293,1246,75,155,0,155,145,0,10,25,25,0,25,215,20,12863.16,19550.0,-6686.84,5
5294,1246,40,170,0,170,170,0,0,20,20,0,20,205,20,11830.860000000002,17850.0,-6019.139999999998,5
5295,1246,35,170,0,170,165,5,0,30,30,0,30,195,40,26953.245000000006,17425.0,9528.245000000006,5
5296,1246,115,115,0,115,110,0,5,55,55,0,55,220,60,40675.725000000006,19550.0,21125.725000000006,5
5297,1246,120,135,0,135,130,0,5,45,45,0,45,245,20,10229.04,21675.0,-11445.96,5
5298,1246,65,155,0,155,110,35,10,60,60,0,60,170,15,7023.960000000001,18700.0,-11676.039999999997,5
5299,1246,90,130,0,130,105,25,0,55,55,0,55,190,70,43958.61000000001,18700.0,25258.610000000008,5
5300,1246,65,170,0,170,155,5,10,40,40,0,40,215,15,7594.920000000001,19975.0,-12380.079999999998,5
5301,1246,150,140,0,140,140,0,0,25,25,0,25,285,15,7482.240000000002,24650.0,-17167.76,5
5302,1246,65,155,0,155,95,40,20,60,60,0,60,155,60,38108.43000000001,18700.0,19408.430000000008,5
5303,1246,60,160,0,160,140,15,5,40,40,0,40,195,40,23899.140000000003,18700.0,5199.140000000002,5
5304,1246,30,210,0,210,130,40,40,30,30,0,25,155,20,10580.04,20400.0,-9819.96,5
5305,1246,40,155,0,155,150,0,5,30,30,0,30,185,55,41739.66000000001,16575.0,25164.66000000001,5
5306,1246,120,145,0,145,135,0,10,35,35,0,35,250,10,5180.400000000001,22525.0,-17344.6,5
5307,1246,40,175,0,175,145,15,15,35,35,0,30,180,45,30183.25500000001,18275.0,11908.255000000008,5
5308,1246,105,150,0,150,150,0,0,35,35,0,35,250,30,16720.38,21675.0,-4954.62,5
5309,1246,45,170,0,170,115,40,15,40,40,0,40,155,35,22733.730000000003,18275.0,4458.730000000005,5
5310,1246,75,140,0,140,115,0,25,50,50,0,50,185,110,80289.93375000003,18275.0,62014.93375000002,5
5311,1246,55,175,0,175,150,0,25,35,35,0,30,200,25,14489.640000000001,19550.0,-5060.359999999999,5
5312,1246,65,155,0,155,155,0,0,40,40,0,35,215,60,38609.19,18700.0,19909.190000000002,5
5313,1246,60,175,0,175,105,40,30,55,55,0,55,160,40,22968.54,19975.0,2993.5400000000027,5
5314,1246,50,180,0,180,180,0,0,30,30,0,30,225,35,21292.29,19550.0,1742.2900000000027,5
5315,1246,45,185,0,185,105,50,30,35,35,0,35,145,60,41516.48250000001,19550.0,21966.482500000013,5
5316,1246,70,170,0,170,160,0,10,35,35,0,35,225,25,14077.620000000003,20400.0,-6322.379999999998,5
5317,1246,65,170,0,170,170,0,0,30,30,0,30,230,25,12811.320000000003,19975.0,-7163.679999999997,5
5318,1246,110,145,0,145,145,0,0,25,25,0,25,250,25,14311.620000000003,21675.0,-7363.379999999997,5
5319,1246,90,155,0,155,125,25,5,35,35,0,35,210,30,20061.9,20825.0,-763.0999999999972,5
5320,1246,75,170,0,170,170,0,0,30,30,0,30,240,15,7770.6,20825.0,-13054.400000000001,5
5321,1246,65,165,0,165,120,30,15,55,55,0,55,180,25,12499.560000000001,19550.0,-7050.439999999999,5
5322,1246,90,150,0,150,140,10,0,50,50,0,50,225,25,14154.300000000001,20400.0,-6245.699999999999,5
5323,1246,45,185,0,185,145,0,40,20,20,0,20,185,30,21206.835,19550.0,1656.835000000001,5
5324,1246,55,160,0,160,145,10,5,40,40,0,40,195,15,7794.3600000000015,18275.0,-10480.64,5
5325,1246,75,155,0,155,145,0,10,35,35,0,35,215,25,14346.360000000004,19550.0,-5203.639999999996,5
5326,1246,70,145,0,145,125,10,10,45,45,0,45,190,55,36210.69000000001,18275.0,17935.69000000001,5
5327,1246,50,170,0,170,150,0,20,30,30,0,30,195,5,2498.0400000000004,18700.0,-16201.96,5
5328,1246,80,165,0,165,135,30,0,40,40,0,40,210,15,7716.6,20825.0,-13108.4,5
5329,1246,65,160,0,160,145,15,0,45,45,0,45,205,15,8890.02,19125.0,-10234.98,5
5330,1246,55,160,0,160,150,5,5,45,45,0,45,200,15,7454.880000000002,18275.0,-10820.119999999997,5
5331,1246,60,170,0,170,155,15,0,45,45,0,45,210,25,12213.000000000002,19550.0,-7336.999999999998,5
5332,1246,65,175,0,175,140,15,20,30,30,0,30,200,25,14911.920000000006,20400.0,-5488.079999999995,5
5333,1246,55,160,0,160,135,5,20,50,50,0,50,185,60,42379.2675,18275.0,24104.267500000005,5
5334,1246,125,130,0,130,130,0,0,45,45,0,45,250,10,6519.42,21675.0,-15155.58,5
5335,1246,60,150,0,150,135,15,0,45,45,0,45,190,25,13896.900000000001,17850.0,-3953.0999999999995,5
5336,1246,40,170,0,170,155,0,15,35,35,0,35,190,35,18794.700000000004,17850.0,944.7000000000048,5
5337,1246,50,175,0,175,145,20,10,45,45,0,45,190,10,5196.960000000001,19125.0,-13928.039999999999,5
5338,1246,60,170,0,170,140,5,25,40,40,0,40,195,30,23685.0525,19550.0,4135.052500000002,5
5339,1246,55,180,0,180,115,35,30,50,50,0,50,165,40,22550.58,19975.0,2575.58,5
5340,1246,105,135,0,135,120,0,15,60,60,0,60,220,60,35198.01,20400.0,14798.010000000004,5
5341,1246,90,140,0,140,130,5,5,40,40,0,35,215,55,40828.05,19550.0,21278.050000000003,5
5342,1246,80,155,0,155,150,0,5,25,25,0,25,225,15,9262.800000000003,19975.0,-10712.199999999997,5
5343,1246,105,140,0,140,130,0,10,30,30,0,25,230,30,18996.120000000003,20825.0,-1828.879999999997,5
5344,1246,65,155,0,155,120,15,20,60,60,0,60,180,30,18278.280000000006,18700.0,-421.7199999999957,5
5345,1246,25,210,0,210,160,10,40,20,20,0,20,180,5,2502.36,19975.0,-17472.64,5
5346,1246,60,145,0,145,130,0,15,45,45,0,45,185,45,32523.007500000007,17425.0,15098.007500000007,5
5347,1246,115,140,0,140,130,0,10,45,45,0,45,240,35,19248.660000000003,21675.0,-2426.339999999998,5
5348,1246,75,155,0,155,140,5,10,30,30,0,30,210,30,20257.74,19550.0,707.7400000000011,5
5349,1246,85,135,0,135,120,10,5,40,40,0,40,200,65,44244.2475,18700.0,25544.2475,5
5350,1246,50,160,0,160,135,25,0,45,45,0,45,180,45,30318.975000000006,17850.0,12468.975000000006,5
5351,1246,55,170,0,170,140,0,30,40,40,0,40,190,30,14846.04,19125.0,-4278.959999999999,5
5352,1246,75,150,0,150,145,0,5,50,50,0,50,215,60,38035.755000000005,19125.0,18910.75500000001,5
5353,1246,55,160,0,160,140,15,5,35,35,0,35,190,45,38452.3903125,18275.0,20177.3903125,5
5354,1246,60,155,0,155,110,20,25,55,55,0,55,165,40,27431.505,18275.0,9156.505000000001,5
5355,1246,45,185,0,185,160,0,25,30,30,0,30,200,20,10360.800000000001,19550.0,-9189.199999999999,5
5356,1246,65,145,0,145,145,0,0,45,45,0,45,205,55,35916.12,17850.0,18066.120000000003,5
5357,1246,40,175,0,175,140,30,5,35,35,0,35,175,15,7596.360000000001,18275.0,-10678.64,5
5358,1246,65,155,0,155,135,15,5,50,50,0,50,195,35,19034.640000000003,18700.0,334.64000000000397,5
5359,1246,45,180,0,180,130,15,35,40,40,0,40,170,65,48420.2925,19125.0,29295.292500000003,5
5360,1246,40,180,0,180,150,15,15,35,35,0,35,185,30,16762.500000000004,18700.0,-1937.4999999999977,5
5361,1246,100,125,0,125,120,5,0,70,70,0,70,215,50,27716.76000000001,19125.0,8591.76000000001,5
5362,1246,85,135,0,135,125,0,10,45,45,0,45,205,75,58360.657500000016,18700.0,39660.657500000016,5
5363,1246,65,150,0,150,125,25,0,55,55,0,55,185,55,34948.2375,18275.0,16673.237500000003,5
5364,1246,125,145,0,145,130,0,15,30,30,0,30,250,15,9119.52,22950.0,-13830.48,5
5365,1246,75,140,0,140,135,0,5,45,45,0,45,205,65,43264.8,18275.0,24989.800000000003,5
5366,1246,60,175,0,175,165,5,5,40,40,0,40,220,15,9087.66,19975.0,-10887.34,5
5367,1246,100,145,0,145,135,0,10,35,35,0,35,230,30,16439.58,20825.0,-4385.419999999999,5
5368,1246,65,165,0,165,160,0,5,35,35,0,35,220,15,7377.120000000001,19550.0,-12172.880000000001,5
5369,1246,75,165,0,165,140,25,0,40,40,0,40,210,35,20691.450000000004,20400.0,291.45000000000437,5
5370,1246,55,160,0,160,150,10,0,45,45,0,45,200,60,39849.39,18275.0,21574.390000000003,5
5371,1246,55,165,0,165,155,5,5,50,50,0,45,205,45,27827.640000000007,18700.0,9127.640000000007,5
5372,1246,45,195,0,195,120,40,35,40,40,0,40,160,35,20475.72,20400.0,75.72000000000116,5
5373,1246,65,145,0,145,145,0,0,50,50,0,45,205,20,10402.200000000003,17850.0,-7447.799999999997,5
5374,1246,35,175,0,175,175,0,0,25,25,0,25,205,20,9694.440000000002,17850.0,-8155.559999999998,5
5375,1246,75,170,0,170,160,0,10,30,30,0,25,230,10,5004.720000000001,20825.0,-15820.279999999999,5
5376,1246,75,170,0,170,145,25,0,40,40,0,40,215,15,8013.600000000001,20825.0,-12811.399999999998,5
5377,1246,45,190,0,190,125,45,20,40,40,0,40,165,60,39444.840000000004,19975.0,19469.840000000004,5
5378,1246,75,170,0,170,130,20,20,60,60,0,55,200,15,8868.060000000001,20825.0,-11956.939999999999,5
5379,1246,70,190,0,190,135,15,40,35,35,0,35,200,15,8026.56,22100.0,-14073.44,5
5380,1246,75,160,0,160,145,10,5,50,50,0,50,215,25,12341.520000000002,19975.0,-7633.479999999998,5
5381,1246,60,175,0,175,130,10,35,30,30,0,30,185,20,11198.7,19975.0,-8776.3,5
5382,1246,95,145,0,145,145,0,0,30,30,0,30,235,45,29781.315,20400.0,9381.314999999999,5
5383,1246,65,160,0,160,135,0,25,45,45,0,45,195,35,22038.66,19125.0,2913.66,5
5384,1246,50,170,0,170,150,10,10,40,40,0,40,195,65,47694.74625000001,18700.0,28994.746250000007,5
5385,1246,45,190,0,190,135,30,25,40,40,0,40,175,10,5136.4800000000005,19975.0,-14838.519999999999,5
5386,1246,55,160,0,160,150,5,5,50,50,0,50,200,25,12788.640000000003,18275.0,-5486.359999999997,5
5387,1246,50,160,0,160,135,10,15,40,40,0,40,180,40,23743.800000000007,17850.0,5893.800000000006,5
5388,1246,50,170,0,170,125,35,10,45,45,0,45,170,50,34529.08500000001,18700.0,15829.085000000005,5
5389,1246,90,140,0,140,135,0,5,60,60,0,55,220,50,34131.442500000005,19550.0,14581.442500000003,5
5390,1246,100,150,0,150,145,5,0,45,45,0,45,240,35,20655.0,21250.0,-595.0,5
5391,1246,100,160,0,160,145,0,15,40,40,0,40,240,20,10564.560000000001,22100.0,-11535.439999999999,5
5392,1246,55,160,0,160,150,5,5,40,40,0,40,200,40,26187.345000000005,18275.0,7912.345000000005,5
5393,1246,100,130,0,130,130,0,0,45,45,0,40,225,25,14346.360000000002,19550.0,-5203.639999999998,5
5394,1246,40,180,0,180,150,10,20,35,35,0,35,185,30,18241.290000000005,18700.0,-458.7099999999964,5
5395,1246,60,165,0,165,155,10,0,35,35,0,35,210,30,19460.250000000004,19125.0,335.2500000000032,5
5396,1246,100,155,0,155,130,5,20,60,60,0,60,225,40,23567.4,21675.0,1892.4000000000024,5
5397,1246,75,150,0,150,145,0,5,20,20,0,20,215,35,23890.14,19125.0,4765.140000000001,5
5398,1246,70,165,0,165,135,0,30,40,40,0,35,200,50,34953.18750000001,19975.0,14978.187500000007,5
5399,1246,95,145,0,145,140,5,0,50,50,0,50,230,50,29995.29,20400.0,9595.29,5
5400,1246,45,180,0,180,130,30,20,40,40,0,40,170,25,13582.800000000003,19125.0,-5542.199999999998,5
5401,1246,50,165,0,165,145,0,20,35,35,0,35,190,20,11786.580000000002,18275.0,-6488.419999999998,5
5402,1246,55,180,0,180,155,10,15,35,35,0,35,205,10,5092.560000000001,19975.0,-14882.439999999999,5
5403,1246,60,165,0,165,160,0,5,30,30,0,30,215,25,15908.04,19125.0,-3216.959999999999,5
5404,1246,80,160,0,160,155,0,5,45,45,0,45,230,30,16273.62,20400.0,-4126.379999999999,5
5405,1246,55,155,0,155,150,5,0,50,50,0,50,200,70,52114.5028125,17850.0,34264.5028125,5
5406,1246,55,170,0,170,150,0,20,25,25,0,25,200,10,6761.700000000001,19125.0,-12363.3,5
5407,1246,60,175,0,175,140,25,10,30,30,0,25,195,0,0.0,19975.0,-19975.0,5
5408,1246,55,160,0,160,160,0,0,40,40,0,40,210,25,12569.040000000003,18275.0,-5705.959999999997,5
5409,1246,105,145,0,145,135,0,10,45,45,0,45,235,20,9896.400000000001,21250.0,-11353.599999999999,5
5410,1246,85,160,0,160,160,0,0,30,30,0,30,240,40,27005.265000000003,20825.0,6180.265000000004,5
5411,1246,105,140,0,140,115,0,25,30,30,0,30,215,15,7243.560000000001,20825.0,-13581.439999999999,5
5412,1246,95,140,0,140,140,0,0,30,30,0,30,230,20,10269.72,19975.0,-9705.28,5
5413,1246,85,130,0,130,125,5,0,70,70,0,70,205,65,46333.254375000004,18275.0,28058.254375000004,5
5414,1246,70,170,0,170,165,0,5,25,25,0,25,230,20,11436.300000000001,20400.0,-8963.699999999999,5
5415,1246,80,150,0,150,115,20,15,55,55,0,55,190,55,33133.185000000005,19550.0,13583.185000000003,5
5416,1246,45,165,0,165,155,5,5,40,40,0,40,195,25,13709.340000000002,17850.0,-4140.659999999998,5
5417,1246,50,165,0,165,150,0,15,35,35,0,35,195,35,20550.240000000005,18275.0,2275.2400000000034,5
5418,1246,30,185,0,185,175,10,0,25,25,0,25,200,20,11224.439999999999,18275.0,-7050.56,5
5419,1246,50,170,0,170,125,40,5,45,45,0,45,170,30,18306.090000000004,18700.0,-393.9099999999962,5
5420,1246,60,165,0,165,145,0,20,45,45,0,45,200,5,2634.1200000000003,19125.0,-16490.88,5
5421,1246,55,160,0,160,115,15,30,40,40,0,40,165,40,25155.270000000004,18275.0,6880.270000000005,5
5422,1246,65,140,0,140,140,0,0,35,35,0,35,200,20,13781.880000000001,17425.0,-3643.119999999999,5
5423,1246,50,175,0,175,160,5,10,20,20,0,20,205,25,16549.74,19125.0,-2575.2599999999984,5
5424,1246,55,160,0,160,125,10,25,50,50,0,50,175,45,28152.630000000005,18275.0,9877.630000000005,5
5425,1246,85,150,0,150,135,10,5,55,55,0,55,215,35,17453.160000000003,19975.0,-2521.8399999999974,5
5426,1246,95,135,0,135,135,0,0,50,50,0,50,225,40,23535.54,19550.0,3985.540000000001,5
5427,1246,105,145,0,145,135,5,5,60,60,0,55,235,15,7419.240000000001,21250.0,-13830.76,5
5428,1246,120,135,0,135,125,0,10,50,50,0,50,240,25,13741.02,21675.0,-7933.98,5
5429,1246,85,135,0,135,130,0,5,50,50,0,50,210,60,46015.225312500006,18700.0,27315.225312500006,5
5430,1246,65,160,0,160,95,50,15,60,60,0,55,155,65,39866.490000000005,19125.0,20741.49000000001,5
5431,1246,85,165,0,165,150,0,15,40,40,0,40,230,15,7704.0,21250.0,-13546.0,5
5432,1246,100,135,0,135,125,10,0,55,55,0,55,220,55,36223.380000000005,19975.0,16248.380000000006,5
5433,1246,80,155,0,155,140,0,15,45,45,0,45,215,30,16322.220000000001,19975.0,-3652.779999999998,5
5434,1246,75,160,0,160,135,15,10,45,45,0,45,205,25,12923.640000000003,19975.0,-7051.359999999997,5
5435,1246,40,175,0,175,160,5,10,35,35,0,35,195,30,17548.56,18275.0,-726.4399999999978,5
5436,1246,90,155,0,155,150,0,5,35,35,0,30,235,20,11358.54,20825.0,-9466.46,5
5437,1246,80,155,0,155,135,0,20,60,60,0,60,210,65,37289.43,19975.0,17314.43,5
5438,1246,60,165,0,165,150,0,15,30,30,0,30,205,25,14583.060000000001,19125.0,-4541.94,5
5439,1246,55,160,0,160,150,10,0,45,45,0,45,200,30,16199.460000000003,18275.0,-2075.5399999999963,5
5440,1246,60,160,0,160,125,35,0,55,55,0,55,180,75,50626.935000000005,18700.0,31926.935000000005,5
5441,1246,100,140,0,140,140,0,0,35,35,0,35,235,25,16375.050000000003,20400.0,-4024.9499999999966,5
5442,1246,45,170,0,170,155,5,10,35,35,0,35,195,30,17909.640000000003,18275.0,-365.3599999999983,5
5443,1246,40,180,0,180,130,30,20,35,35,0,35,165,15,7446.24,18700.0,-11253.76,5
5444,1246,70,155,0,155,130,15,10,40,40,0,40,195,60,41942.1375,19125.0,22817.137499999997,5
5445,1246,75,150,0,150,130,5,15,45,45,0,45,200,35,18635.940000000002,19125.0,-489.0599999999972,5
5446,1246,65,165,0,165,155,0,10,50,50,0,50,215,45,25087.68,19550.0,5537.68,5
5447,1246,115,145,0,145,145,0,0,20,20,0,20,255,10,5030.280000000001,22100.0,-17069.72,5
5448,1246,55,185,0,185,110,45,30,50,50,0,50,160,30,16234.740000000002,20400.0,-4165.259999999998,5
5449,1246,60,180,0,180,165,0,15,30,30,0,25,220,10,4685.04,20400.0,-15714.960000000001,5
5450,1246,60,155,0,155,145,10,0,30,30,0,30,200,25,16680.960000000003,18275.0,-1594.0399999999977,5
5451,1246,100,130,0,130,105,25,0,45,45,0,45,200,50,32776.065,19550.0,13226.064999999999,5
5452,1246,50,170,0,170,170,0,0,30,30,0,30,215,30,17942.760000000002,18700.0,-757.239999999997,5
5453,1246,55,190,0,190,135,25,30,50,50,0,50,185,15,8999.820000000002,20825.0,-11825.18,5
5454,1246,85,125,0,125,105,15,5,60,60,0,60,185,65,47527.07625000001,17850.0,29677.07625000001,5
5455,1246,60,155,0,155,125,10,20,45,45,0,45,180,40,25144.29,18275.0,6869.290000000001,5
5456,1246,110,150,0,150,125,10,15,50,50,0,50,230,25,16274.429999999997,22100.0,-5825.570000000002,5
5457,1246,90,135,0,135,130,0,5,40,40,0,40,215,20,9877.680000000002,19125.0,-9247.319999999998,5
5458,1246,50,175,0,175,145,25,5,45,45,0,45,190,30,17582.4,19125.0,-1542.5999999999976,5
5459,1246,60,170,0,170,105,35,30,55,55,0,55,160,50,31773.600000000006,19550.0,12223.600000000006,5
5460,1246,55,160,0,160,125,20,15,45,45,0,45,175,40,22622.4,18275.0,4347.400000000002,5
5461,1246,65,170,0,170,165,0,5,40,40,0,35,225,15,7896.24,19975.0,-12078.76,5
5462,1246,70,160,0,160,150,0,10,45,45,0,45,215,15,8692.380000000001,19550.0,-10857.619999999999,5
5463,1246,75,150,0,150,135,15,0,35,35,0,35,205,35,20766.06,19125.0,1641.0600000000022,5
5464,1246,70,165,0,165,160,0,5,25,25,0,20,225,35,22646.250000000004,19975.0,2671.2500000000045,5
5465,1246,70,155,0,155,130,10,15,50,50,0,50,195,35,19398.780000000002,19125.0,273.78000000000156,5
5466,1246,110,145,0,145,130,0,15,15,15,0,15,235,20,11880.54,21675.0,-9794.46,5
5467,1246,80,145,0,145,120,15,10,60,60,0,60,195,50,32857.83000000001,19125.0,13732.830000000009,5
5468,1246,50,160,0,160,125,15,20,45,45,0,45,170,45,30013.200000000004,17850.0,12163.200000000006,5
5469,1246,95,135,0,135,130,0,5,50,50,0,50,220,40,27390.015000000003,19550.0,7840.015000000003,5
5470,1246,90,145,0,145,125,10,10,60,60,0,60,210,30,16268.220000000001,19975.0,-3706.779999999999,5
5471,1246,75,150,0,150,145,5,0,30,30,0,30,215,40,24999.300000000007,19125.0,5874.3000000000075,5
5472,1246,50,175,0,175,110,45,20,50,50,0,45,155,60,40083.075,19125.0,20958.074999999993,5
5473,1246,40,185,0,185,175,0,10,15,15,0,15,210,5,2414.5200000000004,19125.0,-16710.48,5
5474,1246,65,165,0,165,165,0,0,40,40,0,40,225,30,21034.395000000004,19550.0,1484.395000000004,5
5475,1246,95,140,0,140,125,10,5,50,50,0,45,215,45,29231.100000000006,19975.0,9256.100000000006,5
5476,1246,50,175,0,175,135,35,5,30,30,0,30,180,15,8999.820000000002,19125.0,-10125.179999999998,5
5477,1246,85,135,0,135,125,0,10,50,50,0,50,205,20,11573.82,18700.0,-7126.179999999999,5
5478,1246,75,150,0,150,135,0,15,45,45,0,45,205,30,20627.775,19125.0,1502.7750000000015,5
5479,1246,45,175,0,175,120,20,35,40,40,0,40,160,30,16340.040000000005,18700.0,-2359.9599999999964,5
5480,1246,90,135,0,135,125,0,10,35,35,0,35,210,40,21354.480000000003,19125.0,2229.480000000003,5
5481,1246,50,170,0,170,150,0,20,40,40,0,40,195,30,17328.24,18700.0,-1371.7599999999993,5
5482,1246,90,140,0,140,140,0,0,55,55,0,55,225,30,16547.940000000002,19550.0,-3002.059999999999,5
5483,1246,60,145,0,145,130,0,15,55,55,0,55,185,55,34271.19,17425.0,16846.190000000006,5
5484,1246,85,145,0,145,135,0,10,40,40,0,40,215,20,11625.84,19550.0,-7924.16,5
5485,1246,45,170,0,170,165,0,5,45,45,0,40,205,30,14577.119999999999,18275.0,-3697.88,5
5486,1246,110,140,0,140,140,0,0,35,35,0,35,245,50,31378.005000000005,21250.0,10128.005000000003,5
5487,1246,70,160,0,160,160,0,0,40,40,0,40,225,25,15157.8,19550.0,-4392.200000000001,5
5488,1246,80,135,0,135,110,0,25,65,65,0,65,185,30,17810.1,18275.0,-464.9000000000001,5
5489,1246,50,165,0,165,165,0,0,45,45,0,45,210,50,31630.770000000008,18275.0,13355.770000000008,5
5490,1246,80,160,0,160,160,0,0,30,30,0,30,235,5,2498.4000000000005,20400.0,-17901.6,5
5491,1246,65,155,0,155,135,15,5,40,40,0,40,195,35,21444.930000000004,18700.0,2744.930000000004,5
5492,1246,70,165,0,165,160,0,5,50,50,0,45,225,35,24676.515000000003,19975.0,4701.515000000004,5
5493,1246,55,185,0,185,120,40,25,40,40,0,35,170,20,11502.18,20400.0,-8897.82,5
5494,1246,70,155,0,155,130,0,25,60,60,0,55,195,30,16934.58,19125.0,-2190.419999999999,5
5495,1246,55,155,0,155,145,5,5,35,35,0,35,195,40,29286.292500000003,17850.0,11436.292500000003,5
5496,1246,65,155,0,155,135,20,0,30,30,0,30,195,40,28574.55,18700.0,9874.55,5
5497,1246,85,160,0,160,160,0,0,25,25,0,25,240,10,5092.560000000001,20825.0,-15732.439999999999,5
5498,1246,45,175,0,175,150,5,20,40,40,0,40,190,55,36806.985000000015,18700.0,18106.985000000015,5
5499,1246,40,190,0,190,175,5,10,20,20,0,20,210,25,13933.800000000003,19550.0,-5616.199999999997,5
5500,1246,35,170,0,170,160,5,5,30,30,0,30,190,45,30546.63,17425.0,13121.630000000001,5
5501,1246,75,160,0,160,155,5,0,35,35,0,35,225,45,30153.870000000003,19975.0,10178.870000000003,5
5502,1246,90,140,0,140,140,0,0,45,45,0,45,225,30,18526.410000000003,19550.0,-1023.5899999999947,5
5503,1246,40,190,0,190,165,0,25,30,30,0,25,200,20,13203.27,19550.0,-6346.73,5
5504,1246,60,145,0,145,140,0,5,60,60,0,55,195,55,37228.43250000001,17425.0,19803.43250000001,5
5505,1246,50,155,0,155,150,5,0,40,40,0,35,195,45,27478.530000000006,17425.0,10053.530000000006,5
5506,1246,60,165,0,165,110,55,0,55,55,0,55,165,45,26941.950000000004,19125.0,7816.950000000006,5
5507,1246,90,155,0,155,110,30,15,55,55,0,55,195,15,9197.1,20825.0,-11627.9,5
5508,1246,75,150,0,150,130,10,10,55,55,0,55,200,40,22177.620000000003,19125.0,3052.6200000000017,5
5509,1246,55,165,0,165,160,0,5,35,35,0,35,210,20,11376.540000000003,18700.0,-7323.459999999997,5
5510,1246,55,175,0,175,170,0,5,25,25,0,25,220,15,7845.120000000002,19550.0,-11704.879999999997,5
5511,1246,55,160,0,160,150,0,10,45,45,0,45,200,80,59343.693750000006,18275.0,41068.693750000006,5
5512,1246,35,185,0,185,155,15,15,25,25,0,25,185,15,7179.84,18700.0,-11520.16,5
5513,1246,95,155,0,155,150,0,5,30,30,0,30,240,30,16462.98,21250.0,-4787.02,5
5514,1246,50,165,0,165,155,10,0,40,40,0,35,200,60,43950.84750000001,18275.0,25675.84750000001,5
5515,1246,50,165,0,165,165,0,0,25,25,0,25,210,45,32693.467500000002,18275.0,14418.467500000002,5
5516,1246,80,145,0,145,130,0,15,45,45,0,40,205,40,26768.38500000001,19125.0,7643.3850000000075,5
5517,1246,35,185,0,185,150,35,0,30,30,0,30,180,35,20569.050000000003,18700.0,1869.050000000002,5
5518,1246,90,150,0,150,150,0,0,50,50,0,50,235,25,12240.0,20400.0,-8160.0,5
5519,1246,70,160,0,160,150,0,10,40,40,0,40,215,20,12464.82,19550.0,-7085.18,5
5520,1246,50,160,0,160,160,0,0,30,30,0,30,205,15,9438.120000000003,17850.0,-8411.879999999997,5
5521,1246,55,175,0,175,130,35,10,50,50,0,50,180,25,13895.1,19550.0,-5654.9,5
5522,1246,70,150,0,150,135,0,15,40,40,0,40,200,70,56119.66875000001,18700.0,37419.66875000001,5
5523,1246,40,175,0,175,125,20,30,35,35,0,35,160,25,14076.540000000005,18275.0,-4198.4599999999955,5
5524,1246,65,160,0,160,145,0,15,45,45,0,45,205,45,30457.035000000003,19125.0,11332.035000000005,5
5525,1246,80,160,0,160,130,25,5,45,45,0,45,205,30,16814.700000000004,20400.0,-3585.2999999999975,5
5526,1246,60,150,0,150,130,0,20,45,45,0,45,185,35,18548.820000000007,17850.0,698.8200000000052,5
5527,1246,50,160,0,160,145,5,10,35,35,0,35,190,50,37783.2825,17850.0,19933.282500000005,5
5528,1246,105,150,0,150,140,0,10,35,35,0,35,240,50,36733.55625000001,21675.0,15058.556250000005,5
5529,1246,55,165,0,165,160,5,0,25,25,0,25,210,15,9109.98,18700.0,-9590.02,5
5530,1246,85,155,0,155,110,10,35,55,55,0,55,190,30,15884.640000000001,20400.0,-4515.359999999999,5
5531,1246,60,160,0,160,135,10,15,55,55,0,55,190,35,23217.345,18700.0,4517.345,5
5532,1246,75,160,0,160,155,0,5,25,25,0,25,225,25,15292.619999999999,19975.0,-4682.380000000001,5
5533,1246,55,175,0,175,130,35,10,40,40,0,40,180,55,40054.770000000004,19550.0,20504.770000000004,5
5534,1246,90,170,0,170,155,0,15,30,30,0,30,240,30,15968.34,22100.0,-6131.66,5
5535,1246,120,155,0,155,130,0,25,40,40,0,40,245,40,23195.160000000003,23375.0,-179.8399999999947,5
5536,1246,110,150,0,150,150,0,0,20,20,0,20,255,20,11326.5,22100.0,-10773.5,5
5537,1246,50,185,0,185,145,20,20,45,45,0,45,190,20,10523.16,19975.0,-9451.84,5
5538,1246,40,185,0,185,140,20,25,35,35,0,35,175,40,24541.020000000008,19125.0,5416.020000000008,5
5539,1246,80,150,0,150,145,0,5,35,35,0,35,220,35,22390.470000000005,19550.0,2840.470000000005,5
5540,1246,85,155,0,155,140,0,15,45,45,0,45,220,10,5464.4400000000005,20400.0,-14935.560000000001,5
5541,1246,70,170,0,170,145,5,20,40,40,0,40,210,20,11070.180000000002,20400.0,-9329.819999999998,5
5542,1246,95,130,0,130,130,0,0,60,60,0,60,220,30,14915.340000000004,19125.0,-4209.659999999996,5
5543,1246,85,140,0,140,140,0,0,40,40,0,40,220,30,16653.780000000002,19125.0,-2471.2199999999984,5
5544,1246,65,170,0,170,170,0,0,35,35,0,35,230,15,8297.28,19975.0,-11677.72,5
5545,1246,45,170,0,170,155,0,15,40,40,0,40,195,15,8445.78,18275.0,-9829.22,5
5546,1246,40,165,0,165,160,0,5,30,30,0,30,195,45,32380.065,17425.0,14955.064999999999,5
5547,1246,75,175,0,175,175,0,0,35,35,0,35,245,25,11467.800000000003,21250.0,-9782.199999999997,5
5548,1246,30,185,0,185,160,0,25,20,20,0,20,185,10,6519.42,18275.0,-11755.58,5
5549,1246,80,150,0,150,85,50,15,65,65,0,65,160,75,46973.7,19550.0,27423.699999999997,5
5550,1246,35,195,0,195,150,10,35,35,35,0,30,180,20,10427.04,19550.0,-9122.96,5
5551,1246,40,175,0,175,145,20,10,35,35,0,35,180,20,10196.640000000001,18275.0,-8078.359999999999,5
5552,1246,60,165,0,165,160,5,0,45,45,0,45,215,40,26831.79,19125.0,7706.790000000001,5
5553,1246,55,180,0,180,170,5,5,40,40,0,40,220,20,11370.420000000002,19975.0,-8604.579999999998,5
5554,1246,70,155,0,155,150,0,5,35,35,0,35,215,35,19112.220000000005,19125.0,-12.779999999995653,5
5555,1246,65,170,0,170,145,25,0,30,30,0,30,205,45,24818.400000000005,19975.0,4843.400000000006,5
5556,1246,65,165,0,165,165,0,0,25,25,0,25,225,30,21817.755,19550.0,2267.755000000002,5
5557,1246,85,145,0,145,145,0,0,40,40,0,40,225,10,5262.840000000001,19550.0,-14287.16,5
5558,1246,75,165,0,165,155,0,10,30,30,0,30,225,40,25865.190000000002,20400.0,5465.190000000002,5
5559,1246,35,175,0,175,160,0,15,30,30,0,30,190,10,6277.860000000001,17850.0,-11572.14,5
5560,1246,90,135,0,135,135,0,0,40,40,0,40,220,30,16565.940000000002,19125.0,-2559.059999999997,5
5561,1246,80,160,0,160,160,0,0,35,35,0,35,235,35,21171.510000000002,20400.0,771.510000000003,5
5562,1246,55,160,0,160,135,15,10,45,45,0,45,185,30,16145.820000000002,18275.0,-2129.179999999999,5
5563,1246,80,160,0,160,145,0,15,30,30,0,30,220,30,21765.555000000004,20400.0,1365.555000000004,5
5564,1246,55,175,0,175,145,5,25,30,30,0,30,195,20,13580.640000000001,19550.0,-5969.359999999999,5
5565,1246,70,150,0,150,150,0,0,35,35,0,30,215,10,4708.4400000000005,18700.0,-13991.56,5
5566,1246,55,165,0,165,115,40,10,50,50,0,50,165,70,46820.04750000001,18700.0,28120.047500000008,5
5567,1246,85,160,0,160,130,0,30,30,30,0,30,210,30,17435.52,20825.0,-3389.4799999999987,5
5568,1246,60,185,0,185,130,40,15,55,55,0,55,185,35,21669.750000000004,20825.0,844.7500000000036,5
5569,1246,45,165,0,165,155,0,10,35,35,0,35,195,25,13144.320000000003,17850.0,-4705.679999999998,5
5570,1246,100,130,0,130,120,10,0,50,50,0,50,215,55,35497.485,19550.0,15947.485,5
5571,1246,75,140,0,140,130,0,10,40,40,0,40,200,20,10871.280000000002,18275.0,-7403.719999999998,5
5572,1246,50,160,0,160,130,20,10,45,45,0,45,175,45,31105.732500000006,17850.0,13255.732500000004,5
5573,1246,85,155,0,155,115,20,20,55,55,0,50,195,40,27032.265000000007,20400.0,6632.265000000007,5
5574,1246,80,130,0,130,125,5,0,45,45,0,45,200,45,28170.81,17850.0,10320.810000000001,5
5575,1246,95,160,0,160,145,5,10,30,30,0,30,235,15,7551.72,21675.0,-14123.279999999999,5
5576,1246,65,155,0,155,145,5,5,45,45,0,45,205,40,24914.97,18700.0,6214.970000000003,5
5577,1246,85,145,0,145,145,0,0,30,30,0,30,225,20,10083.240000000002,19550.0,-9466.759999999998,5
5578,1246,75,165,0,165,165,0,0,40,40,0,40,235,20,9889.920000000002,20400.0,-10510.079999999998,5
5579,1246,45,185,0,185,170,0,15,15,15,0,15,210,20,11392.380000000001,19550.0,-8157.619999999999,5
5580,1246,60,170,0,170,135,10,25,50,50,0,50,190,35,22025.25,19550.0,2475.250000000001,5
5581,1246,70,170,0,170,160,0,10,25,25,0,20,225,30,22444.785000000003,20400.0,2044.7850000000017,5
5582,1246,65,150,0,150,100,20,30,55,55,0,55,160,65,50031.9984375,18275.0,31756.9984375,5
5583,1246,60,175,0,175,120,35,20,55,55,0,50,175,35,23467.14,19975.0,3492.1399999999994,5
5584,1246,95,145,0,145,130,0,15,35,35,0,35,220,40,25108.83,20400.0,4708.830000000003,5
5585,1246,40,200,0,200,130,30,40,25,25,0,25,165,20,10692.0,20400.0,-9708.0,5
5586,1246,40,185,0,185,155,10,20,35,35,0,35,190,40,23407.740000000005,19125.0,4282.740000000003,5
5587,1246,65,155,0,155,150,0,5,40,40,0,40,210,40,26236.845,18700.0,7536.845000000003,5
5588,1246,40,185,0,185,155,10,20,40,40,0,35,190,25,12519.36,19125.0,-6605.6399999999985,5
5589,1246,65,160,0,160,160,0,0,35,35,0,35,220,40,24623.730000000003,19125.0,5498.730000000005,5
5590,1246,40,175,0,175,150,5,20,35,35,0,30,185,50,34647.255,18275.0,16372.255000000001,5
5591,1246,60,175,0,175,120,25,30,60,60,0,55,175,55,33809.44500000001,19975.0,13834.445000000005,5
5592,1246,60,170,0,170,170,0,0,45,45,0,45,225,30,17033.94,19550.0,-2516.06,5
5593,1246,50,150,0,150,120,25,5,40,40,0,40,165,65,50737.89937500001,17000.0,33737.89937500001,5
5594,1246,70,180,0,180,160,15,5,30,30,0,30,225,15,8293.140000000001,21250.0,-12956.859999999999,5
5595,1246,55,175,0,175,130,10,35,50,50,0,50,180,30,18253.890000000003,19550.0,-1296.1099999999965,5
5596,1246,50,165,0,165,130,30,5,40,40,0,40,175,60,41154.705,18275.0,22879.705,5
5597,1246,45,195,0,195,150,30,15,40,40,0,40,190,55,35770.185000000005,20400.0,15370.185000000005,5
5598,1246,80,140,0,140,130,0,10,50,50,0,50,205,30,15721.920000000006,18700.0,-2978.0799999999954,5
5599,1246,90,135,0,135,135,0,0,50,50,0,45,220,50,29999.88000000001,19125.0,10874.880000000008,5
5600,1246,40,190,0,190,140,45,5,35,35,0,35,175,20,9983.160000000003,19550.0,-9566.839999999997,5
5601,1246,80,150,0,150,130,0,20,60,60,0,60,205,35,18178.920000000002,19550.0,-1371.0799999999972,5
5602,1246,40,185,0,185,130,30,25,35,35,0,35,165,35,21091.68,19125.0,1966.6800000000012,5
5603,1246,50,175,0,175,170,0,5,45,45,0,45,215,35,19862.82,19125.0,737.8200000000015,5
5604,1246,85,160,0,160,90,50,20,40,40,0,40,170,50,40058.46000000001,20825.0,19233.46000000001,5
5605,1246,85,155,0,155,155,0,0,30,30,0,30,235,25,13703.580000000002,20400.0,-6696.419999999998,5
5606,1246,45,175,0,175,165,5,5,35,35,0,35,205,10,6453.540000000001,18700.0,-12246.46,5
5607,1246,65,170,0,170,135,5,30,45,45,0,45,195,20,11568.060000000001,19975.0,-8406.939999999999,5
5608,1246,90,145,0,145,130,5,10,55,55,0,55,215,35,23328.135000000002,19975.0,3353.135000000002,5
5609,1246,90,155,0,155,145,0,10,45,45,0,45,230,35,23602.635000000002,20825.0,2777.635,5
5610,1246,70,145,0,145,130,0,15,45,45,0,45,195,35,23229.09,18275.0,4954.090000000001,5
5611,1246,80,145,0,145,145,0,0,30,30,0,30,220,20,10701.720000000001,19125.0,-8423.279999999999,5
5612,1246,65,170,0,170,140,30,0,40,40,0,40,200,15,7361.639999999999,19975.0,-12613.36,5
5613,1246,55,155,0,155,150,0,5,40,40,0,40,200,40,22369.590000000004,17850.0,4519.590000000003,5
5614,1246,70,165,0,165,115,35,15,50,50,0,50,180,40,22483.800000000007,19975.0,2508.8000000000056,5
5615,1246,115,140,0,140,140,0,0,30,30,0,30,250,5,2502.36,21675.0,-19172.64,5
5616,1246,60,155,0,155,115,25,15,55,55,0,55,170,55,36458.707500000004,18275.0,18183.7075,5
5617,1246,65,175,0,175,125,30,20,55,55,0,55,185,50,33750.225,20400.0,13350.225,5
5618,1246,55,170,0,170,110,50,10,50,50,0,50,160,55,37180.08,19125.0,18055.08,5
5619,1246,95,150,0,150,150,0,0,35,35,0,35,240,30,16412.58,20825.0,-4412.42,5
5620,1246,45,175,0,175,155,0,20,35,35,0,35,195,30,16639.92,18700.0,-2060.0800000000004,5
5621,1246,25,200,0,200,170,20,10,20,20,0,20,190,25,14451.840000000002,19125.0,-4673.159999999998,5
5622,1246,145,130,0,130,130,0,0,30,30,0,30,270,20,12072.240000000002,23375.0,-11302.759999999998,5
5623,1246,85,160,0,160,150,0,10,25,25,0,25,230,25,15848.100000000004,20825.0,-4976.899999999996,5
5624,1246,40,200,0,200,135,30,35,35,35,0,35,170,15,8780.220000000001,20400.0,-11619.779999999999,5
5625,1246,60,175,0,175,145,10,20,45,45,0,45,200,30,15542.460000000003,19975.0,-4432.539999999997,5
5626,1246,75,155,0,155,125,20,10,65,65,0,65,195,55,34039.98,19550.0,14489.980000000005,5
5627,1246,35,180,0,180,180,0,0,30,30,0,30,210,15,7682.76,18275.0,-10592.24,5
5628,1246,45,190,0,190,155,0,35,30,30,0,30,195,10,4533.120000000001,19975.0,-15441.88,5
5629,1246,85,150,0,150,150,0,0,35,35,0,35,230,20,15661.845000000001,19975.0,-4313.154999999999,5
5630,1246,30,170,0,170,155,0,15,25,25,0,25,180,15,7486.200000000001,17000.0,-9513.8,5
5631,1246,75,160,0,160,145,0,15,45,45,0,45,215,50,30931.92,19975.0,10956.92,5
5632,1246,65,165,0,165,155,0,10,40,40,0,40,215,40,21781.620000000003,19550.0,2231.6200000000026,5
5633,1246,40,190,0,190,125,45,20,35,35,0,35,160,45,30335.782500000005,19550.0,10785.782500000005,5
5634,1246,50,165,0,165,155,10,0,45,45,0,45,200,40,22653.0,18275.0,4378.000000000002,5
5635,1246,50,185,0,185,155,15,15,45,45,0,40,200,15,8846.1,19975.0,-11128.899999999998,5
5636,1246,75,165,0,165,140,0,25,40,40,0,40,210,25,16035.030000000002,20400.0,-4364.969999999998,5
5637,1246,115,150,0,150,150,0,0,25,25,0,25,260,30,17582.4,22525.0,-4942.6,5
5638,1246,50,180,0,180,100,45,35,45,45,0,45,145,55,35809.92,19550.0,16259.920000000002,5
5639,1246,40,185,0,185,160,10,15,30,30,0,25,195,15,7275.960000000003,19125.0,-11849.039999999997,5
5640,1246,90,140,0,140,135,5,0,55,55,0,55,220,40,24796.890000000003,19550.0,5246.890000000003,5
5641,1246,75,165,0,165,165,0,0,25,25,0,25,235,15,7948.08,20400.0,-12451.92,5
5642,1246,95,150,0,150,60,60,30,80,80,0,80,150,50,28243.08000000001,20825.0,7418.080000000009,5
5643,1246,60,150,0,150,150,0,0,35,35,0,35,205,55,42034.59000000001,17850.0,24184.590000000007,5
5644,1246,85,140,0,140,130,0,10,50,50,0,50,210,30,19122.930000000008,19125.0,-2.069999999994252,5
5645,1246,60,195,0,195,125,60,10,35,35,0,35,180,25,13178.52,21675.0,-8496.48,5
5646,1246,35,190,0,190,145,20,25,30,30,0,30,175,20,12358.08,19125.0,-6766.92,5
5647,1246,45,165,0,165,130,10,25,45,45,0,40,170,30,20662.29,17850.0,2812.2900000000027,5
5648,1246,100,165,0,165,145,0,20,40,40,0,40,240,20,10795.860000000002,22525.0,-11729.139999999998,5
5649,1246,55,165,0,165,160,0,5,45,45,0,45,210,65,43810.785,18700.0,25110.785000000003,5
5650,1246,70,150,0,150,145,5,0,55,55,0,55,210,60,40334.445,18700.0,21634.445,5
5651,1246,85,165,0,165,140,0,25,40,40,0,40,220,35,21591.63,21250.0,341.6300000000001,5
5652,1246,55,150,0,150,140,0,10,50,50,0,50,190,40,24227.730000000003,17425.0,6802.730000000001,5
5653,1246,80,150,0,150,150,0,0,50,50,0,50,225,20,9953.280000000002,19550.0,-9596.719999999998,5
5654,1246,65,155,0,155,155,0,0,45,45,0,45,215,15,7161.480000000001,18700.0,-11538.519999999999,5
5655,1246,65,150,0,150,140,0,10,40,40,0,40,200,35,21276.630000000005,18275.0,3001.6300000000047,5
5656,1246,75,160,0,160,150,0,10,40,40,0,40,220,40,24964.83,19975.0,4989.830000000002,5
5657,1246,80,170,0,170,155,0,15,40,40,0,40,230,40,20913.660000000003,21250.0,-336.3399999999956,5
5658,1246,110,135,0,135,135,0,0,35,35,0,35,240,25,13675.320000000002,20825.0,-7149.6799999999985,5
5659,1246,50,170,0,170,135,5,30,40,40,0,40,180,30,17417.160000000003,18700.0,-1282.8399999999965,5
5660,1246,55,160,0,160,130,25,5,50,50,0,50,180,55,36362.520000000004,18275.0,18087.520000000004,5
5661,1246,110,110,0,110,100,0,10,65,65,0,65,205,80,49024.62000000001,18700.0,30324.620000000014,5
5662,1246,55,170,0,170,155,5,10,45,45,0,45,205,15,7598.52,19125.0,-11526.48,5
5663,1246,90,155,0,155,135,20,0,35,35,0,35,220,20,11546.100000000002,20825.0,-9278.899999999998,5
5664,1246,50,180,0,180,135,15,30,45,45,0,45,180,15,9087.66,19550.0,-10462.34,5
5665,1246,65,170,0,170,170,0,0,35,35,0,35,230,20,10404.36,19975.0,-9570.64,5
5666,1246,65,155,0,155,140,10,5,45,45,0,45,200,15,7459.200000000001,18700.0,-11240.8,5
5667,1246,60,155,0,155,135,5,15,60,60,0,55,190,45,29148.3,18275.0,10873.3,5
5668,1246,60,165,0,165,125,15,25,40,40,0,40,180,30,21130.920000000006,19125.0,2005.9200000000055,5
5669,1246,65,170,0,170,135,30,5,50,50,0,50,195,45,24357.06,19975.0,4382.060000000001,5
5670,1246,40,170,0,170,155,0,15,35,35,0,35,190,15,8735.58,17850.0,-9114.42,5
5671,1246,50,175,0,175,160,5,10,35,35,0,35,205,30,20814.795,19125.0,1689.7949999999992,5
5672,1246,60,160,0,160,135,0,25,35,35,0,35,190,15,9002.520000000002,18700.0,-9697.479999999998,5
5673,1246,45,180,0,180,150,5,25,40,40,0,40,190,35,23690.249999999996,19125.0,4565.249999999996,5
5674,1246,85,160,0,160,150,0,10,45,45,0,45,230,35,20713.860000000004,20825.0,-111.13999999999578,5
5675,1246,85,160,0,160,115,20,25,55,55,0,55,195,45,25387.200000000004,20825.0,4562.200000000003,5
5676,1246,90,135,0,135,130,0,5,50,50,0,50,215,50,28727.190000000006,19125.0,9602.190000000006,5
5677,1246,70,160,0,160,140,0,20,50,50,0,50,205,35,19081.62,19550.0,-468.37999999999965,5
5678,1246,60,160,0,160,155,0,5,40,40,0,40,210,35,22103.910000000003,18700.0,3403.9100000000053,5
5679,1246,75,165,0,165,140,20,5,30,30,0,30,210,10,5004.72,20400.0,-15395.28,5
5680,1246,60,155,0,155,140,10,5,50,50,0,50,195,20,11238.660000000002,18275.0,-7036.339999999998,5
5681,1246,115,105,0,105,95,5,5,55,55,0,55,205,55,39269.25000000001,18700.0,20569.250000000007,5
5682,1246,50,170,0,170,130,10,30,45,45,0,40,175,20,10041.120000000003,18700.0,-8658.879999999997,5
5683,1246,85,140,0,140,140,0,0,45,45,0,45,220,55,36816.39000000001,19125.0,17691.390000000007,5
5684,1246,110,140,0,140,135,0,5,45,45,0,45,240,40,25506.630000000005,21250.0,4256.630000000005,5
5685,1246,55,175,0,175,95,55,25,50,50,0,50,145,40,24301.710000000003,19550.0,4751.710000000003,5
5686,1246,60,155,0,155,145,0,10,35,35,0,30,200,15,7145.280000000001,18275.0,-11129.72,5
5687,1246,50,155,0,155,145,5,5,45,45,0,45,190,40,24167.700000000004,17425.0,6742.700000000004,5
5688,1246,85,155,0,155,155,0,0,25,25,0,20,235,25,16311.69,20400.0,-4088.309999999999,5
5689,1246,70,150,0,150,140,0,10,45,45,0,45,205,45,29277.315,18700.0,10577.314999999999,5
5690,1246,55,175,0,175,150,0,25,45,45,0,45,200,55,38142.23625,19550.0,18592.236250000005,5
5691,1246,75,140,0,140,115,10,15,65,65,0,65,185,45,23615.640000000003,18275.0,5340.640000000003,5
5692,1246,100,160,0,160,145,0,15,25,25,0,25,240,10,5224.32,22100.0,-16875.68,5
5693,1246,35,195,0,195,185,0,10,25,25,0,25,215,15,8670.42,19550.0,-10879.580000000002,5
5694,1246,50,195,0,195,110,40,45,45,45,0,45,155,10,5091.4800000000005,20825.0,-15733.519999999999,5
5695,1246,55,155,0,155,130,0,25,45,45,0,45,180,40,28789.964999999997,17850.0,10939.964999999997,5
5696,1246,65,140,0,140,125,10,5,45,45,0,45,185,60,46805.79375000001,17425.0,29380.79375000001,5
5697,1246,80,155,0,155,135,0,20,35,35,0,35,210,20,11984.760000000002,19975.0,-7990.239999999999,5
5698,1246,90,150,0,150,145,0,5,40,40,0,40,230,20,10104.480000000001,20400.0,-10295.519999999999,5
5699,1246,40,180,0,180,160,10,10,35,35,0,35,195,20,11720.34,18700.0,-6979.659999999999,5
5700,1246,105,135,0,135,120,0,15,40,40,0,40,220,25,16199.730000000001,20400.0,-4200.269999999999,5
5701,1246,70,175,0,175,170,0,5,25,25,0,25,235,20,11472.66,20825.0,-9352.34,5
5702,1246,35,180,0,180,165,0,15,30,30,0,30,195,5,2326.6800000000003,18275.0,-15948.32,5
5703,1246,95,130,0,130,120,0,10,45,45,0,45,210,50,35976.01500000001,19125.0,16851.015000000007,5
5704,1246,65,160,0,160,145,15,0,40,40,0,40,205,30,20443.770000000004,19125.0,1318.770000000004,5
5705,1246,55,170,0,170,160,0,10,25,25,0,25,210,20,11172.78,19125.0,-7952.219999999999,5
5706,1246,35,165,0,165,140,5,20,30,30,0,30,170,25,14341.140000000003,17000.0,-2658.8599999999974,5
5707,1246,45,170,0,170,165,0,5,25,25,0,25,205,15,8387.280000000002,18275.0,-9887.719999999998,5
5708,1246,45,185,0,185,125,40,20,40,40,0,40,165,35,22069.89,19550.0,2519.8900000000003,5
5709,1246,65,180,0,180,135,15,30,45,45,0,45,195,25,13632.300000000003,20825.0,-7192.699999999997,5
5710,1246,100,150,0,150,140,0,10,30,30,0,30,235,25,13948.02,21250.0,-7301.979999999999,5
5711,1246,60,165,0,165,125,35,5,45,45,0,40,180,20,10343.880000000001,19125.0,-8781.119999999999,5
5712,1246,60,160,0,160,145,0,15,35,35,0,35,200,30,18372.780000000006,18700.0,-327.21999999999525,5
5713,1246,90,155,0,155,135,0,20,55,55,0,50,220,45,27251.010000000006,20825.0,6426.010000000006,5
5714,1246,95,160,0,160,150,0,10,35,35,0,35,240,20,11295.54,21675.0,-10379.46,5
5715,1246,80,140,0,140,130,0,10,50,50,0,50,205,45,27700.560000000005,18700.0,9000.560000000005,5
5716,1246,95,150,0,150,150,0,0,40,40,0,40,240,40,25506.810000000005,20825.0,4681.810000000005,5
5717,1246,50,175,0,175,145,0,30,40,40,0,40,190,20,10169.28,19125.0,-8955.72,5
5718,1246,105,145,0,145,140,5,0,45,45,0,45,240,30,15145.920000000004,21250.0,-6104.079999999996,5
5719,1246,65,180,0,180,160,0,20,40,40,0,35,220,35,24451.650000000005,20825.0,3626.650000000004,5
5720,1246,70,155,0,155,150,0,5,45,45,0,45,215,45,30591.045000000006,19125.0,11466.045000000004,5
5721,1246,50,180,0,180,135,40,5,40,40,0,40,180,25,15397.290000000003,19550.0,-4152.709999999997,5
5722,1246,145,135,0,135,100,5,30,45,45,0,40,240,30,18558.81,23800.0,-5241.189999999999,5
5723,1246,65,170,0,170,150,20,0,30,30,0,30,210,20,10922.760000000002,19975.0,-9052.239999999998,5
5724,1246,70,155,0,155,135,10,10,40,40,0,40,200,20,11943.540000000003,19125.0,-7181.459999999997,5
5725,1246,50,170,0,170,110,35,25,45,45,0,45,155,25,12827.160000000002,18700.0,-5872.839999999998,5
5726,1246,80,150,0,150,130,0,20,35,35,0,35,205,50,31646.7,19550.0,12096.7,5
5727,1246,70,130,0,130,110,0,20,50,50,0,50,175,40,24112.800000000007,17000.0,7112.800000000007,5
5728,1246,45,185,0,185,150,5,30,35,35,0,35,190,20,11443.500000000004,19550.0,-8106.499999999996,5
5729,1246,75,165,0,165,135,25,5,35,35,0,35,205,20,12066.480000000003,20400.0,-8333.519999999997,5
5730,1246,65,135,0,135,125,5,5,45,45,0,40,185,65,49007.958750000005,17000.0,32007.958750000005,5
5731,1246,40,170,0,170,160,5,5,25,25,0,25,195,25,15633.450000000003,17850.0,-2216.5499999999975,5
5732,1246,50,170,0,170,130,35,5,45,45,0,45,175,30,16407.9,18700.0,-2292.099999999998,5
5733,1246,45,180,0,180,145,15,20,40,40,0,40,185,15,7835.76,19125.0,-11289.24,5
5734,1246,75,160,0,160,130,5,25,50,50,0,50,200,20,10534.680000000004,19975.0,-9440.319999999996,5
5735,1246,75,155,0,155,135,0,20,50,50,0,50,205,80,56718.247500000005,19550.0,37168.247500000005,5
5736,1246,65,165,0,165,145,0,20,35,35,0,35,205,10,4960.8,19550.0,-14589.2,5
5737,1246,45,175,0,175,170,0,5,20,20,0,20,210,10,5948.46,18700.0,-12751.54,5
5738,1246,65,150,0,150,140,0,10,45,45,0,45,200,45,28953.090000000004,18275.0,10678.090000000002,5
5739,1246,50,170,0,170,170,0,0,30,30,0,30,215,25,14597.1,18700.0,-4102.9,5
5740,1246,40,185,0,185,120,30,35,30,30,0,30,155,45,31852.282500000005,19125.0,12727.282500000005,5
5741,1246,75,160,0,160,160,0,0,30,30,0,30,230,30,19992.06,19975.0,17.06000000000131,5
5742,1246,65,170,0,170,115,35,20,55,55,0,55,175,50,33287.985,19975.0,13312.985000000004,5
5743,1246,55,155,0,155,140,0,15,40,40,0,40,190,45,31461.795000000002,17850.0,13611.795000000002,5
5744,1246,50,165,0,165,145,0,20,45,45,0,45,190,35,19474.56,18275.0,1199.5600000000013,5
5745,1246,85,155,0,155,145,0,10,25,25,0,25,225,35,24092.415,20400.0,3692.415000000001,5
5746,1246,95,150,0,150,145,0,5,50,50,0,45,235,20,10337.039999999999,20825.0,-10487.960000000001,5
5747,1246,45,175,0,175,145,15,15,35,35,0,35,185,50,35575.48125,18700.0,16875.481249999997,5
5748,1246,75,160,0,160,155,0,5,25,25,0,25,225,35,22858.11,19975.0,2883.1100000000015,5
5749,1246,75,135,0,135,125,5,5,60,60,0,60,195,80,51517.48500000001,17850.0,33667.48500000001,5
5750,1246,90,140,0,140,140,0,0,45,45,0,45,225,15,7374.960000000001,19550.0,-12175.039999999999,5
5751,1246,100,135,0,135,120,5,10,50,50,0,50,215,70,49189.05,19975.0,29214.050000000007,5
5752,1246,30,190,0,190,165,0,25,25,25,0,25,190,10,4997.52,18700.0,-13702.48,5
5753,1246,105,130,0,130,130,0,0,40,40,0,40,230,55,33198.3,19975.0,13223.3,5
5754,1246,45,190,0,190,120,50,20,40,40,0,40,160,35,19011.060000000005,19975.0,-963.9399999999955,5
5755,1246,80,145,0,145,145,0,0,30,30,0,30,220,25,15748.83,19125.0,-3376.1699999999996,5
5756,1246,60,145,0,145,145,0,0,40,40,0,40,200,50,32573.070000000007,17425.0,15148.070000000007,5
5757,1246,45,165,0,165,145,5,15,30,30,0,30,185,40,31663.485000000004,17850.0,13813.485000000004,5
5758,1246,65,160,0,160,155,0,5,35,35,0,35,215,25,14726.340000000002,19125.0,-4398.659999999998,5
5759,1246,60,170,0,170,155,15,0,40,40,0,40,210,20,10593.000000000002,19550.0,-8956.999999999998,5
5760,1246,105,145,0,145,120,0,25,40,40,0,40,220,35,22790.790000000008,21250.0,1540.7900000000063,5
5761,1246,110,145,0,145,135,0,10,40,40,0,40,240,35,20887.559999999998,21675.0,-787.4400000000014,5
5762,1246,90,135,0,135,130,5,0,55,55,0,55,215,60,35165.61000000001,19125.0,16040.610000000006,5
5763,1246,65,165,0,165,150,0,15,35,35,0,35,210,40,23619.42,19550.0,4069.42,5
5764,1246,30,180,0,180,150,5,25,25,25,0,25,175,15,8253.36,17850.0,-9596.64,5
5765,1246,50,180,0,180,145,5,30,45,45,0,45,190,60,39788.19,19550.0,20238.190000000002,5
5766,1246,95,140,0,140,110,15,15,55,55,0,55,200,35,18176.760000000002,19975.0,-1798.2399999999984,5
5767,1246,110,135,0,135,130,5,0,35,35,0,35,235,40,28205.280000000002,20825.0,7380.2800000000025,5
5768,1246,55,170,0,170,160,10,0,30,30,0,30,210,15,7507.080000000001,19125.0,-11617.919999999998,5
5769,1246,50,155,0,155,150,0,5,45,45,0,45,195,45,27665.190000000002,17425.0,10240.190000000002,5
5770,1246,60,160,0,160,140,15,5,50,50,0,50,195,15,8253.36,18700.0,-10446.639999999998,5
5771,1246,60,165,0,165,155,0,10,25,25,0,25,210,20,13195.35,19125.0,-5929.65,5
5772,1246,75,170,0,170,125,10,35,50,50,0,50,195,55,34784.955,20825.0,13959.955,5
5773,1246,60,135,0,135,135,0,0,45,45,0,45,190,20,10952.640000000001,16575.0,-5622.359999999999,5
5774,1246,70,160,0,160,150,0,10,30,30,0,30,215,10,5410.080000000002,19550.0,-14139.919999999998,5
5775,1246,85,160,0,160,145,0,15,20,20,0,20,225,30,20891.655,20825.0,66.65500000000065,5
5776,1246,55,160,0,160,160,0,0,35,35,0,35,210,20,11787.660000000003,18275.0,-6487.3399999999965,5
5777,1246,60,175,0,175,150,10,15,35,35,0,30,205,15,8072.280000000002,19975.0,-11902.72,5
5778,1246,50,180,0,180,160,10,10,40,40,0,40,205,30,18551.43,19550.0,-998.5699999999997,5
5779,1246,40,175,0,175,100,60,15,35,35,0,35,135,50,38460.285,18275.0,20185.285000000003,5
5780,1246,45,180,0,180,155,15,10,40,40,0,40,195,25,15431.400000000001,19125.0,-3693.599999999999,5
5781,1246,65,145,0,145,135,5,5,40,40,0,40,195,35,28809.483750000003,17850.0,10959.483750000003,5
5782,1246,55,175,0,175,155,5,15,50,50,0,50,205,45,24858.54,19550.0,5308.540000000003,5
5783,1246,140,130,0,130,130,0,0,30,30,0,30,265,50,37836.8775,22950.0,14886.8775,5
5784,1246,40,180,0,180,175,0,5,35,35,0,35,210,30,18680.13,18700.0,-19.869999999998527,5
5785,1246,40,175,0,175,100,55,20,35,35,0,35,135,75,55041.61500000001,18275.0,36766.61500000001,5
5786,1246,75,160,0,160,145,0,15,35,35,0,35,215,35,23564.07,19975.0,3589.0700000000015,5
5787,1246,55,160,0,160,150,10,0,45,45,0,45,200,30,17460.540000000005,18275.0,-814.4599999999969,5
5788,1246,85,155,0,155,145,0,10,40,40,0,40,225,10,4872.960000000001,20400.0,-15527.039999999999,5
5789,1246,95,150,0,150,140,0,10,30,30,0,30,230,30,19834.29,20825.0,-990.7099999999991,5
5790,1246,60,175,0,175,140,15,20,45,45,0,45,195,30,15094.800000000003,19975.0,-4880.199999999997,5
5791,1246,65,170,0,170,155,0,15,35,35,0,35,215,5,2590.2000000000003,19975.0,-17384.8,5
5792,1246,70,155,0,155,130,25,0,55,55,0,55,195,45,25983.9,19125.0,6858.900000000003,5
5793,1246,65,165,0,165,160,0,5,30,30,0,30,220,30,18052.11,19550.0,-1497.8899999999976,5
5794,1246,60,150,0,150,135,5,10,45,45,0,45,190,30,15305.94,17850.0,-2544.0599999999995,5
5795,1246,40,185,0,185,160,25,0,25,25,0,25,195,40,26041.769999999997,19125.0,6916.769999999997,5
5796,1246,65,175,0,175,145,15,15,60,60,0,60,205,65,38970.090000000004,20400.0,18570.090000000004,5
5797,1246,100,145,0,145,115,10,20,45,45,0,45,210,5,2546.28,20825.0,-18278.72,5
5798,1246,110,155,0,155,155,0,0,30,30,0,30,260,25,13723.02,22525.0,-8801.98,5
5799,1246,70,165,0,165,155,5,5,45,45,0,45,220,30,14943.240000000005,19975.0,-5031.759999999995,5
5800,1246,105,130,0,130,115,15,0,55,55,0,55,215,40,22762.620000000006,19975.0,2787.6200000000063,5
5801,1246,70,160,0,160,145,5,10,45,45,0,45,210,35,22639.320000000003,19550.0,3089.3200000000024,5
5802,1246,45,180,0,180,165,15,0,20,20,0,20,205,20,11633.940000000002,19125.0,-7491.059999999998,5
5803,1246,50,185,0,185,120,45,20,45,45,0,45,165,25,13419.18,19975.0,-6555.819999999999,5
5804,1246,70,175,0,175,155,0,20,20,20,0,20,220,10,5180.400000000001,20825.0,-15644.6,5
5805,1246,85,165,0,165,130,35,0,40,40,0,40,210,35,20879.370000000003,21250.0,-370.62999999999647,5
5806,1246,35,175,0,175,155,15,5,35,35,0,30,185,5,2551.6800000000017,17850.0,-15298.32,5
5807,1246,40,170,0,170,150,15,5,40,40,0,35,185,40,26231.850000000006,17850.0,8381.850000000004,5
5808,1246,60,180,0,180,160,20,0,25,25,0,25,215,25,14604.930000000002,20400.0,-5795.069999999998,5
5809,1246,115,140,0,140,140,0,0,15,15,0,15,250,0,0.0,21675.0,-21675.0,5
5810,1246,50,185,0,185,155,0,30,35,35,0,35,200,25,14739.12,19975.0,-5235.879999999999,5
5811,1246,70,145,0,145,135,0,10,40,40,0,40,200,35,23417.460000000006,18275.0,5142.4600000000055,5
5812,1246,120,105,0,105,100,0,5,60,60,0,60,215,90,63426.515625,19125.0,44301.515625,5
5813,1246,60,165,0,165,145,5,15,50,50,0,50,200,35,20484.180000000008,19125.0,1359.1800000000057,5
5814,1246,45,195,0,195,130,25,40,40,40,0,40,170,40,26752.86,20400.0,6352.860000000001,5
5815,1246,45,155,0,155,145,5,5,40,40,0,40,185,20,10180.080000000002,17000.0,-6819.919999999997,5
5816,1246,45,185,0,185,165,0,20,25,25,0,25,205,25,13627.080000000002,19550.0,-5922.919999999999,5
5817,1246,95,145,0,145,115,20,10,50,50,0,45,205,15,8746.740000000002,20400.0,-11653.259999999998,5
5818,1246,75,125,0,125,110,0,15,65,65,0,65,180,65,42604.06500000001,17000.0,25604.06500000001,5
5819,1246,75,160,0,160,145,0,15,50,50,0,50,215,45,27438.39,19975.0,7463.389999999999,5
5820,1246,50,175,0,175,135,20,20,35,35,0,35,180,40,29714.737500000003,19125.0,10589.737500000001,5
5821,1246,60,165,0,165,130,5,30,50,50,0,45,185,35,20419.560000000005,19125.0,1294.5600000000036,5
5822,1246,75,145,0,145,140,0,5,35,35,0,35,210,50,32111.820000000003,18700.0,13411.820000000003,5
5823,1246,60,165,0,165,130,15,20,50,50,0,50,185,40,21114.180000000008,19125.0,1989.1800000000057,5
5824,1246,75,150,0,150,140,0,10,40,40,0,40,210,35,23487.390000000007,19125.0,4362.390000000005,5
5825,1246,70,155,0,155,155,0,0,30,30,0,30,220,45,30031.920000000006,19125.0,10906.920000000006,5
5826,1246,55,170,0,170,160,0,10,25,25,0,25,210,25,17011.620000000003,19125.0,-2113.3799999999974,5
5827,1246,45,180,0,180,155,10,15,35,35,0,35,195,45,27036.72,19125.0,7911.72,5
5828,1246,100,140,0,140,125,0,15,40,40,0,40,220,50,32855.310000000005,20400.0,12455.310000000005,5
5829,1246,60,175,0,175,165,0,10,30,30,0,30,220,15,7644.240000000001,19975.0,-12330.76,5
5830,1246,80,135,0,135,130,0,5,35,35,0,30,205,60,42913.912500000006,18275.0,24638.912500000006,5
5831,1246,70,165,0,165,120,5,40,45,45,0,45,185,30,16591.5,19975.0,-3383.499999999999,5
5832,1246,50,180,0,180,140,30,10,35,35,0,35,185,30,17386.200000000004,19550.0,-2163.7999999999965,5
5833,1246,65,175,0,175,145,0,30,35,35,0,35,205,30,17617.140000000003,20400.0,-2782.8599999999983,5
5834,1246,55,165,0,165,155,0,10,40,40,0,40,205,10,5180.400000000001,18700.0,-13519.6,5
5835,1246,65,170,0,170,125,40,5,30,30,0,30,185,40,28248.84,19975.0,8273.84,5
5836,1246,90,140,0,140,140,0,0,45,45,0,45,225,20,11612.700000000003,19550.0,-7937.299999999997,5
5837,1246,90,160,0,160,160,0,0,35,35,0,35,245,15,8306.64,21250.0,-12943.36,5
5838,1246,60,170,0,170,135,10,25,55,55,0,55,190,35,18517.140000000003,19550.0,-1032.859999999996,5
5839,1246,60,180,0,180,175,0,5,30,30,0,30,230,15,7594.920000000001,20400.0,-12805.079999999998,5
5840,1246,50,150,0,150,120,25,5,40,40,0,40,165,35,25591.545000000006,17000.0,8591.545000000006,5
5841,1246,50,175,0,175,145,5,25,35,35,0,35,190,45,31210.492500000004,19125.0,12085.492500000004,5
5842,1246,60,180,0,180,180,0,0,30,30,0,30,235,5,2326.6800000000003,20400.0,-18073.32,5
5843,1246,50,180,0,180,130,20,30,45,45,0,45,175,25,15958.17,19550.0,-3591.83,5
5844,1246,55,165,0,165,125,15,25,50,50,0,50,175,50,30316.679999999997,18700.0,11616.679999999997,5
5845,1246,95,135,0,135,130,0,5,45,45,0,40,220,15,8217.0,19550.0,-11333.0,5
5846,1246,70,165,0,165,135,0,30,60,60,0,55,200,40,20594.160000000003,19975.0,619.1600000000017,5
5847,1246,65,150,0,150,145,0,5,35,35,0,30,205,25,13277.520000000002,18275.0,-4997.479999999998,5
5848,1246,60,175,0,175,165,0,10,25,25,0,20,220,15,7375.320000000001,19975.0,-12599.679999999998,5
5849,1246,65,160,0,160,130,15,15,35,35,0,35,190,40,25380.405,19125.0,6255.405000000001,5
5850,1246,85,155,0,155,120,20,15,40,40,0,40,200,40,25016.22,20400.0,4616.220000000003,5
5851,1246,105,145,0,145,135,0,10,40,40,0,40,235,20,10725.840000000004,21250.0,-10524.159999999996,5
5852,1246,55,175,0,175,130,20,25,50,50,0,50,180,45,28685.43,19550.0,9135.43,5
5853,1246,70,140,0,140,135,5,0,50,50,0,50,200,45,28303.74,17850.0,10453.740000000002,5
5854,1246,45,165,0,165,160,0,5,30,30,0,30,200,35,20768.760000000002,17850.0,2918.760000000002,5
5855,1246,95,155,0,155,145,0,10,35,35,0,30,235,40,23231.79,21250.0,1981.7900000000009,5
5856,1246,45,175,0,175,125,30,20,35,35,0,35,165,20,10747.800000000003,18700.0,-7952.199999999998,5
5857,1246,45,170,0,170,155,0,15,35,35,0,35,195,40,29967.3,18275.0,11692.3,5
5858,1246,110,130,0,130,120,0,10,40,40,0,35,225,60,39869.55,20400.0,19469.550000000003,5
5859,1246,45,150,0,150,140,0,10,35,35,0,35,180,50,37486.091250000005,16575.0,20911.091250000005,5
5860,1246,60,165,0,165,130,25,10,55,55,0,55,185,35,20055.780000000002,19125.0,930.780000000002,5
5861,1246,95,155,0,155,135,10,10,50,50,0,50,225,20,10097.28,21250.0,-11152.72,5
5862,1246,55,160,0,160,130,15,15,50,50,0,50,180,60,37462.11750000001,18275.0,19187.117500000004,5
5863,1246,130,135,0,135,135,0,0,30,30,0,30,260,25,13667.94,22525.0,-8857.06,5
5864,1246,50,185,0,185,160,20,5,30,30,0,30,205,25,12739.320000000003,19975.0,-7235.679999999998,5
5865,1246,40,190,0,190,160,0,30,35,35,0,35,195,20,10667.880000000003,19550.0,-8882.119999999997,5
5866,1246,45,175,0,175,135,15,25,40,40,0,35,175,55,43173.177187500005,18700.0,24473.177187500005,5
5867,1246,80,150,0,150,135,0,15,40,40,0,40,210,30,19415.160000000003,19550.0,-134.83999999999696,5
5868,1246,120,130,0,130,125,0,5,40,40,0,40,240,20,11480.22,21250.0,-9769.78,5
5869,1246,85,135,0,135,125,5,5,50,50,0,50,205,35,17780.400000000005,18700.0,-919.5999999999958,5
5870,1246,75,150,0,150,135,15,0,30,30,0,30,205,35,20945.52,19125.0,1820.5200000000013,5
5871,1246,55,155,0,155,140,0,15,45,45,0,45,190,35,22258.35,17850.0,4408.35,5
5872,1246,50,145,0,145,130,10,5,45,45,0,45,175,45,28032.300000000003,16575.0,11457.300000000005,5
5873,1246,60,165,0,165,140,20,5,40,40,0,40,195,15,7293.960000000001,19125.0,-11831.039999999997,5
5874,1246,75,160,0,160,155,0,5,35,35,0,30,225,30,16153.02,19975.0,-3821.9799999999987,5
5875,1246,40,185,0,185,185,0,0,20,20,0,20,220,30,22672.1475,19125.0,3547.147500000001,5
5876,1246,45,170,0,170,135,10,25,40,40,0,40,175,5,2546.28,18275.0,-15728.720000000001,5
5877,1246,85,145,0,145,135,5,5,50,50,0,50,215,45,31108.320000000003,19550.0,11558.320000000003,5
5878,1246,115,140,0,140,130,0,10,35,35,0,35,240,30,19410.930000000004,21675.0,-2264.069999999997,5
5879,1246,50,180,0,180,130,30,20,45,45,0,45,175,40,22092.3,19550.0,2542.3,5
5880,1246,45,180,0,180,155,15,10,30,30,0,30,195,30,18882.180000000004,19125.0,-242.81999999999698,5
5881,1246,65,160,0,160,135,5,20,50,50,0,50,195,75,49839.345,19125.0,30714.345,5
5882,1246,80,160,0,160,155,0,5,40,40,0,40,230,30,19711.710000000003,20400.0,-688.2899999999972,5
5883,1246,45,170,0,170,160,0,10,40,40,0,40,200,15,6967.080000000001,18275.0,-11307.919999999998,5
5884,1246,110,150,0,150,150,0,0,35,35,0,30,255,25,14038.560000000001,22100.0,-8061.439999999998,5
5885,1246,40,185,0,185,160,0,25,35,35,0,35,195,25,14180.220000000001,19125.0,-4944.779999999999,5
5886,1246,55,160,0,160,125,10,25,45,45,0,45,175,25,14084.1,18275.0,-4190.9,5
5887,1246,50,170,0,170,155,0,15,35,35,0,35,200,45,27159.300000000003,18700.0,8459.300000000003,5
5888,1246,45,180,0,180,175,0,5,15,15,0,15,215,15,8560.62,19125.0,-10564.38,5
5889,1246,70,150,0,150,145,0,5,50,50,0,50,210,35,20139.84,18700.0,1439.8400000000015,5
5890,1246,75,150,0,150,135,0,15,30,30,0,30,205,15,7682.76,19125.0,-11442.24,5
5891,1246,120,120,0,120,115,0,5,65,65,0,65,230,45,25926.210000000006,20400.0,5526.2100000000055,5
5892,1246,65,150,0,150,90,40,20,50,50,0,50,150,70,52123.30875,18275.0,33848.30875,5
5893,1246,50,185,0,185,165,15,5,35,35,0,35,210,15,7387.200000000002,19975.0,-12587.799999999997,5
5894,1246,35,185,0,185,175,10,0,20,20,0,20,205,10,5609.52,18700.0,-13090.48,5
5895,1246,45,175,0,175,165,0,10,40,40,0,40,205,10,4871.88,18700.0,-13828.119999999999,5
5896,1246,55,175,0,175,140,30,5,45,45,0,45,190,35,18846.9,19550.0,-703.0999999999995,5
5897,1246,55,180,0,180,165,5,10,35,35,0,35,215,25,14056.02,19975.0,-5918.98,5
5898,1246,45,180,0,180,155,15,10,40,40,0,40,195,45,30033.765000000003,19125.0,10908.765000000003,5
5899,1246,70,165,0,165,160,0,5,25,25,0,25,225,15,8725.68,19975.0,-11249.32,5
5900,1246,55,185,0,185,105,45,35,50,50,0,50,155,35,21645.54,20400.0,1245.5400000000009,5
5901,1246,55,180,0,180,160,0,20,25,25,0,25,210,10,5268.240000000001,19975.0,-14706.759999999998,5
5902,1246,115,140,0,140,120,15,5,50,50,0,50,230,45,27931.230000000003,21675.0,6256.230000000005,5
5903,1246,80,145,0,145,120,20,5,60,60,0,60,195,25,16798.14,19125.0,-2326.859999999999,5
5904,1246,55,175,0,175,160,0,15,40,40,0,40,210,40,28529.482500000006,19550.0,8979.482500000004,5
5905,1246,95,135,0,135,130,0,5,30,30,0,30,220,5,2256.1200000000003,19550.0,-17293.879999999997,5
5906,1246,65,180,0,180,150,0,30,25,25,0,25,210,5,2370.2400000000002,20825.0,-18454.76,5
5907,1246,100,125,0,125,100,15,10,55,55,0,55,195,20,9614.16,19125.0,-9510.84,5
5908,1246,55,160,0,160,160,0,0,45,45,0,45,210,35,22311.99,18275.0,4036.9900000000007,5
5909,1246,40,200,0,200,160,30,10,35,35,0,35,195,35,20551.68,20400.0,151.6800000000012,5
5910,1246,65,155,0,155,130,15,10,45,45,0,45,190,35,25635.937500000004,18700.0,6935.937500000005,5
5911,1246,55,170,0,170,160,0,10,40,40,0,40,210,35,21740.130000000005,19125.0,2615.1300000000037,5
5912,1246,60,170,0,170,150,20,0,50,50,0,45,205,25,13986.900000000001,19550.0,-5563.099999999999,5
5913,1246,50,165,0,165,140,15,10,45,45,0,45,185,90,62635.67437500002,18275.0,44360.67437500002,5
5914,1246,110,160,0,160,150,0,10,25,25,0,25,255,35,22271.130000000005,22950.0,-678.8699999999972,5
5915,1246,50,165,0,165,140,5,20,45,45,0,45,185,40,22061.700000000004,18275.0,3786.7000000000053,5
5916,1246,40,170,0,170,155,5,10,25,25,0,25,190,25,14247.18,17850.0,-3602.8199999999993,5
5917,1246,90,145,0,145,140,0,5,40,40,0,40,225,5,2502.36,19975.0,-17472.64,5
5918,1246,85,165,0,165,150,0,15,60,60,0,55,230,30,16770.420000000006,21250.0,-4479.579999999996,5
5919,1246,30,190,0,190,160,25,5,25,25,0,25,185,15,6231.6,18700.0,-12468.4,5
5920,1246,115,150,0,150,135,0,15,25,25,0,25,245,25,16394.850000000002,22525.0,-6130.149999999999,5
5921,1246,75,150,0,150,135,15,0,40,40,0,40,205,75,49657.81500000001,19125.0,30532.81500000001,5
5922,1246,70,140,0,140,120,5,15,65,65,0,65,185,60,37689.75,17850.0,19839.75,5
5923,1246,70,140,0,140,130,10,0,60,60,0,55,195,50,28557.72000000001,17850.0,10707.720000000008,5
5924,1246,60,170,0,170,155,0,15,30,30,0,30,210,25,13860.900000000001,19550.0,-5689.0999999999985,5
5925,1246,40,185,0,185,180,0,5,15,15,0,15,215,10,4494.960000000001,19125.0,-14630.039999999999,5
5926,1246,60,150,0,150,130,0,20,40,40,0,40,185,35,20523.420000000002,17850.0,2673.420000000001,5
5927,1246,110,135,0,135,135,0,0,50,50,0,50,240,20,12239.820000000002,20825.0,-8585.179999999998,5
5928,1246,40,165,0,165,165,0,0,35,35,0,35,200,45,31089.059999999998,17425.0,13664.06,5
5929,1246,55,155,0,155,110,30,15,35,35,0,35,160,20,13114.439999999999,17850.0,-4735.56,5
5930,1246,140,125,0,125,120,0,5,45,45,0,40,255,30,19887.57,22525.0,-2637.4299999999994,5
5931,1246,50,185,0,185,115,30,40,40,40,0,40,160,55,33340.32000000001,19975.0,13365.320000000007,5
5932,1246,45,180,0,180,150,25,5,40,40,0,35,190,20,11956.5,19125.0,-7168.499999999999,5
5933,1246,100,135,0,135,135,0,0,55,55,0,55,230,15,8077.680000000001,19975.0,-11897.32,5
5934,1246,55,170,0,170,155,0,15,40,40,0,40,205,25,12430.08,19125.0,-6694.92,5
5935,1246,60,175,0,175,135,5,35,40,40,0,40,190,55,32645.430000000008,19975.0,12670.430000000006,5
5936,1246,110,130,0,130,125,0,5,40,40,0,40,230,15,7547.760000000002,20400.0,-12852.239999999998,5
5937,1246,45,175,0,175,160,0,15,40,40,0,40,200,20,10141.2,18700.0,-8558.8,5
5938,1246,40,185,0,185,155,5,25,35,35,0,35,190,40,25287.750000000007,19125.0,6162.7500000000055,5
5939,1246,55,175,0,175,110,35,30,50,50,0,45,160,55,35907.705,19550.0,16357.705000000005,5
5940,1246,100,135,0,135,105,20,10,65,65,0,60,200,45,24585.300000000007,19975.0,4610.300000000007,5
5941,1246,60,165,0,165,155,0,10,45,45,0,45,210,35,21160.980000000003,19125.0,2035.980000000004,5
5942,1246,55,165,0,165,165,0,0,35,35,0,35,215,30,17559.9,18700.0,-1140.1,5
5943,1246,70,140,0,140,135,0,5,45,45,0,45,200,45,26713.710000000006,17850.0,8863.710000000006,5
5944,1246,35,180,0,180,170,0,10,35,35,0,30,200,15,9592.380000000001,18275.0,-8682.619999999999,5
5945,1246,75,145,0,145,130,0,15,50,50,0,50,200,45,29659.455,18700.0,10959.455000000002,5
5946,1246,120,140,0,140,135,0,5,35,35,0,35,250,25,15013.620000000003,22100.0,-7086.379999999997,5
5947,1246,65,150,0,150,130,0,20,50,50,0,50,190,30,15505.560000000003,18275.0,-2769.4399999999973,5
5948,1246,100,150,0,150,150,0,0,35,35,0,35,245,35,22508.640000000007,21250.0,1258.6400000000049,5
5949,1246,50,165,0,165,150,5,10,45,45,0,45,195,35,23096.7,18275.0,4821.700000000001,5
5950,1246,60,170,0,170,165,0,5,35,35,0,35,220,30,17221.68,19550.0,-2328.319999999999,5
5951,1246,65,145,0,145,130,15,0,55,55,0,55,190,65,41555.115,17850.0,23705.114999999998,5
5952,1246,80,160,0,160,120,10,30,25,25,0,25,195,40,28795.950000000004,20400.0,8395.950000000003,5
5953,1246,55,155,0,155,110,35,10,50,50,0,50,160,65,46801.631250000006,17850.0,28951.63125000001,5
5954,1246,65,165,0,165,105,35,25,60,60,0,60,165,65,43303.680000000015,19550.0,23753.680000000015,5
5955,1246,110,130,0,130,120,0,10,45,45,0,45,225,30,16866.54,20400.0,-3533.46,5
5956,1246,60,165,0,165,165,0,0,25,25,0,25,220,25,14852.880000000003,19125.0,-4272.119999999997,5
5957,1246,100,135,0,135,115,5,15,55,55,0,55,210,50,32811.57,19975.0,12836.569999999996,5
5958,1246,100,155,0,155,130,10,15,40,40,0,40,225,35,22034.520000000004,21675.0,359.52000000000226,5
5959,1246,55,160,0,160,130,10,20,45,45,0,45,180,60,43145.29125000001,18275.0,24870.29125000001,5
5960,1246,70,165,0,165,110,30,25,50,50,0,50,175,50,29569.32,19975.0,9594.319999999998,5
5961,1246,60,170,0,170,160,10,0,40,40,0,40,215,5,2502.36,19550.0,-17047.64,5
5962,1246,75,130,0,130,130,0,0,40,40,0,40,200,5,2226.2400000000007,17425.0,-15198.76,5
5963,1246,50,185,0,185,140,20,25,30,30,0,30,185,25,12731.400000000001,19975.0,-7243.5999999999985,5
5964,1246,55,175,0,175,155,0,20,35,35,0,35,205,25,13378.860000000002,19550.0,-6171.139999999998,5
5965,1246,50,160,0,160,155,5,0,40,40,0,40,200,30,18457.920000000002,17850.0,607.9200000000014,5
5966,1246,65,160,0,160,140,20,0,50,50,0,50,200,40,22843.080000000005,19125.0,3718.0800000000045,5
5967,1246,40,180,0,180,150,20,10,25,25,0,25,185,25,15618.780000000002,18700.0,-3081.2199999999984,5
5968,1246,90,165,0,165,140,0,25,40,40,0,40,225,15,7551.000000000002,21675.0,-14123.999999999998,5
5969,1246,80,145,0,145,105,25,15,65,65,0,65,180,60,36046.305,19125.0,16921.305,5
5970,1246,100,135,0,135,130,0,5,45,45,0,45,225,40,25483.545000000006,19975.0,5508.545000000004,5
5971,1246,90,160,0,160,130,0,30,35,35,0,35,215,25,17256.285000000003,21250.0,-3993.7149999999974,5
5972,1246,45,175,0,175,140,15,20,35,35,0,35,180,15,7274.880000000001,18700.0,-11425.119999999999,5
5973,1246,75,155,0,155,155,0,0,30,30,0,30,225,15,7308.000000000001,19550.0,-12241.999999999998,5
5974,1246,45,175,0,175,160,10,5,35,35,0,35,200,15,7993.440000000001,18700.0,-10706.56,5
5975,1246,50,180,0,180,155,20,5,40,40,0,40,200,35,22521.105000000003,19550.0,2971.1050000000023,5
5976,1246,100,140,0,140,140,0,0,35,35,0,35,235,45,29384.055,20400.0,8984.054999999998,5
5977,1246,105,140,0,140,130,0,10,30,30,0,30,230,25,14111.640000000003,20825.0,-6713.359999999998,5
5978,1246,100,150,0,150,145,0,5,55,55,0,50,240,55,34228.350000000006,21250.0,12978.35000000001,5
5979,1246,95,130,0,130,110,0,20,75,75,0,75,200,65,40206.825,19125.0,21081.824999999997,5
5980,1246,75,150,0,150,150,0,0,40,40,0,40,220,70,52702.16625000001,19125.0,33577.16625000001,5
5981,1246,55,155,0,155,115,20,20,45,45,0,45,165,65,46836.74250000001,17850.0,28986.742500000008,5
5982,1246,50,170,0,170,145,5,20,40,40,0,40,190,35,19677.24,18700.0,977.2400000000016,5
5983,1246,50,165,0,165,120,10,35,45,45,0,45,165,45,31677.525,18275.0,13402.525000000001,5
5984,1246,50,175,0,175,125,25,25,45,45,0,45,170,45,29229.525,19125.0,10104.525000000003,5
5985,1246,65,180,0,180,135,10,35,45,45,0,45,195,35,26575.8525,20825.0,5750.852500000001,5
5986,1246,35,185,0,185,150,20,15,30,30,0,30,180,25,14926.32,18700.0,-3773.6799999999994,5
5987,1246,60,155,0,155,150,0,5,35,35,0,35,205,35,25726.252500000002,18275.0,7451.2525000000005,5
5988,1246,110,155,0,155,135,0,20,45,45,0,40,240,30,18135.360000000004,22525.0,-4389.639999999998,5
5989,1246,90,140,0,140,135,0,5,40,40,0,40,220,40,21233.339999999997,19550.0,1683.3399999999983,5
5990,1246,60,175,0,175,110,40,25,55,55,0,55,165,25,12804.840000000002,19975.0,-7170.159999999998,5
5991,1246,80,180,0,180,175,0,5,35,35,0,35,250,20,11633.940000000002,22100.0,-10466.059999999998,5
5992,1246,50,185,0,185,110,35,40,45,45,0,45,155,20,9986.400000000001,19975.0,-9988.599999999999,5
5993,1246,75,140,0,140,135,5,0,60,60,0,60,205,15,8177.760000000002,18275.0,-10097.239999999998,5
5994,1246,145,130,0,130,130,0,0,35,35,0,35,270,20,11590.020000000002,23375.0,-11784.979999999998,5
5995,1246,60,175,0,175,165,0,10,35,35,0,35,220,25,12599.640000000001,19975.0,-7375.359999999999,5
5996,1246,65,155,0,155,155,0,0,35,35,0,35,215,30,18350.73,18700.0,-349.2699999999991,5
5997,1246,55,180,0,180,140,20,20,40,40,0,40,190,40,22873.320000000003,19975.0,2898.3200000000033,5
5998,1246,70,170,0,170,130,35,5,40,40,0,40,195,40,27482.22,20400.0,7082.220000000002,5
5999,1246,40,160,0,160,115,25,20,35,35,0,35,150,60,47409.255000000005,17000.0,30409.255000000005,5
6000,1246,80,150,0,150,150,0,0,50,50,0,50,225,45,28631.43,19550.0,9081.43,5
6001,1246,45,180,0,180,120,40,20,40,40,0,40,160,35,24290.640000000003,19125.0,5165.640000000003,5
6002,1246,95,135,0,135,135,0,0,55,55,0,55,225,30,15735.960000000003,19550.0,-3814.0399999999977,5
6003,1246,60,165,0,165,135,0,30,40,40,0,40,190,25,15995.16,19125.0,-3129.8399999999992,5
6004,1246,50,175,0,175,155,0,20,35,35,0,35,200,15,7631.280000000002,19125.0,-11493.719999999998,5
6005,1246,70,160,0,160,140,15,5,45,45,0,45,205,30,15767.640000000003,19550.0,-3782.3599999999965,5
6006,1246,80,155,0,155,125,5,25,45,45,0,45,200,30,18498.600000000002,19975.0,-1476.3999999999987,5
6007,1246,60,155,0,155,155,0,0,35,35,0,35,210,45,33518.43,18275.0,15243.430000000004,5
6008,1246,55,155,0,155,110,20,25,35,35,0,35,160,55,48338.59359375001,17850.0,30488.59359375001,5
6009,1246,110,150,0,150,145,0,5,25,25,0,25,250,15,7296.480000000001,22100.0,-14803.519999999999,5
6010,1246,70,155,0,155,145,10,0,45,45,0,45,210,15,8749.62,19125.0,-10375.380000000001,5
6011,1246,100,145,0,145,130,10,5,55,55,0,55,225,40,21631.5,20825.0,806.5000000000009,5
6012,1246,65,165,0,165,160,0,5,35,35,0,30,220,40,22872.600000000002,19550.0,3322.600000000002,5
6013,1246,60,165,0,165,155,10,0,45,45,0,45,210,35,19785.060000000005,19125.0,660.0600000000031,5
6014,1246,60,155,0,155,145,10,0,45,45,0,45,200,30,17228.700000000004,18275.0,-1046.2999999999965,5
6015,1246,80,150,0,150,150,0,0,35,35,0,35,225,30,18305.010000000002,19550.0,-1244.989999999998,5
6016,1246,90,160,0,160,145,0,15,40,40,0,40,230,10,5136.4800000000005,21250.0,-16113.519999999999,5
6017,1246,80,160,0,160,150,0,10,25,25,0,25,225,15,7626.960000000001,20400.0,-12773.039999999999,5
6018,1246,110,145,0,145,130,10,5,50,50,0,50,235,30,18645.210000000003,21675.0,-3029.789999999998,5
6019,1246,70,140,0,140,125,15,0,50,50,0,50,190,25,13591.980000000001,17850.0,-4258.019999999999,5
6020,1246,100,150,0,150,145,0,5,50,50,0,50,240,45,27548.190000000002,21250.0,6298.190000000004,5
6021,1246,40,150,0,150,145,5,0,30,30,0,30,180,15,7534.440000000003,16150.0,-8615.559999999998,5
6022,1246,110,145,0,145,140,0,5,40,40,0,40,245,20,11474.82,21675.0,-10200.18,5
6023,1246,65,145,0,145,110,15,20,55,55,0,55,170,15,9611.460000000003,17850.0,-8238.539999999997,5
6024,1246,85,140,0,140,135,0,5,75,75,0,75,215,30,17158.500000000004,19125.0,-1966.4999999999964,5
6025,1246,65,175,0,175,170,0,5,20,20,0,20,230,15,7120.080000000002,20400.0,-13279.919999999998,5
6026,1246,65,155,0,155,85,45,25,55,55,0,55,145,55,32981.22,18700.0,14281.220000000003,5
6027,1246,100,140,0,140,140,0,0,40,40,0,40,235,20,10362.960000000003,20400.0,-10037.039999999997,5
6028,1246,55,155,0,155,150,5,0,35,35,0,35,200,25,14706.720000000001,17850.0,-3143.2799999999997,5
6029,1246,35,180,0,180,160,0,20,30,30,0,30,190,20,10709.28,18275.0,-7565.719999999999,5
6030,1246,35,175,0,175,175,0,0,15,15,0,15,205,10,6014.340000000001,17850.0,-11835.659999999998,5
6031,1246,65,155,0,155,145,0,10,45,45,0,45,205,30,16520.58,18700.0,-2179.419999999998,5
6032,1246,60,155,0,155,105,40,10,60,60,0,55,160,40,23787.000000000004,18275.0,5512.000000000003,5
6033,1246,45,180,0,180,145,25,10,40,40,0,40,185,25,14143.320000000002,19125.0,-4981.6799999999985,5
6034,1246,95,140,0,140,135,0,5,45,45,0,45,225,20,12204.36,19975.0,-7770.6399999999985,5
6035,1246,45,200,0,200,120,40,40,40,40,0,40,160,0,0.0,20825.0,-20825.0,5
6036,1246,70,160,0,160,145,0,15,50,50,0,50,210,40,23973.390000000003,19550.0,4423.390000000004,5
6037,1246,85,140,0,140,125,0,15,55,55,0,55,205,30,16474.68,19125.0,-2650.3199999999993,5
6038,1246,60,160,0,160,145,0,15,30,30,0,30,200,10,5143.3200000000015,18700.0,-13556.679999999998,5
6039,1246,45,175,0,175,160,5,10,35,35,0,35,200,30,18790.29,18700.0,90.29000000000224,5
6040,1246,55,165,0,165,140,10,15,55,55,0,50,190,45,23759.640000000003,18700.0,5059.640000000004,5
6041,1246,120,130,0,130,125,5,0,50,50,0,50,240,35,18522.18,21250.0,-2727.8199999999993,5
6042,1246,55,165,0,165,130,25,10,35,35,0,35,180,35,23410.485000000008,18700.0,4710.485000000008,5
6043,1246,55,170,0,170,120,10,40,50,50,0,50,170,40,23926.59,19125.0,4801.590000000001,5
6044,1246,65,160,0,160,160,0,0,40,40,0,40,220,35,19414.980000000003,19125.0,289.98000000000275,5
6045,1246,70,165,0,165,150,0,15,25,25,0,25,215,45,41331.07828125001,19975.0,21356.07828125001,5
6046,1246,55,170,0,170,145,5,20,45,45,0,45,195,15,7638.84,19125.0,-11486.16,5
6047,1246,100,135,0,135,130,0,5,50,50,0,50,225,35,20626.290000000005,19975.0,651.2900000000036,5
6048,1246,50,160,0,160,155,0,5,40,40,0,40,200,10,5004.72,17850.0,-12845.28,5
6049,1246,70,140,0,140,120,10,10,60,60,0,60,185,90,58270.815,17850.0,40420.815,5
6050,1246,55,160,0,160,145,15,0,45,45,0,45,195,35,18832.860000000004,18275.0,557.8600000000029,5
6051,1246,55,165,0,165,145,15,5,50,50,0,45,195,60,43232.1075,18700.0,24532.107500000002,5
6052,1246,40,180,0,180,155,5,20,35,35,0,35,190,25,13061.160000000002,18700.0,-5638.839999999998,5
6053,1246,70,165,0,165,145,20,0,35,35,0,35,210,25,15146.370000000004,19975.0,-4828.629999999996,5
6054,1246,40,165,0,165,165,0,0,35,35,0,35,200,20,11725.380000000003,17425.0,-5699.619999999997,5
6055,1246,80,155,0,155,150,0,5,35,35,0,35,225,20,9216.720000000001,19975.0,-10758.279999999999,5
6056,1246,55,170,0,170,160,0,10,45,45,0,45,210,30,17917.56,19125.0,-1207.4399999999991,5
6057,1246,50,180,0,180,175,0,5,40,40,0,40,220,35,21193.47,19550.0,1643.470000000002,5
6058,1246,90,155,0,155,155,0,0,20,20,0,20,240,5,2370.6000000000004,20825.0,-18454.4,5
6059,1246,75,155,0,155,135,0,20,30,30,0,30,205,40,23728.320000000003,19550.0,4178.320000000003,5
6060,1246,70,155,0,155,155,0,0,25,25,0,25,220,50,38263.14,19125.0,19138.140000000003,5
6061,1246,50,165,0,165,120,30,15,45,45,0,45,165,65,44289.1575,18275.0,26014.1575,5
6062,1246,75,145,0,145,115,25,5,55,55,0,55,185,40,20366.460000000003,18700.0,1666.4600000000041,5
6063,1246,55,165,0,165,135,30,0,40,40,0,40,185,45,32848.098750000005,18700.0,14148.098750000005,5
6064,1246,60,140,0,140,110,30,0,50,50,0,50,165,60,40766.35500000001,17000.0,23766.355000000007,5
6065,1246,55,170,0,170,165,0,5,40,40,0,40,215,30,18062.28,19125.0,-1062.7199999999993,5
6066,1246,105,155,0,155,155,0,0,30,30,0,30,255,15,8056.080000000001,22100.0,-14043.919999999998,5
6067,1246,90,155,0,155,150,0,5,30,30,0,30,235,15,8344.98,20825.0,-12480.02,5
6068,1246,60,150,0,150,140,0,10,40,40,0,40,195,35,23475.825000000004,17850.0,5625.825000000004,5
6069,1246,65,145,0,145,125,5,15,50,50,0,50,185,70,43123.275,17850.0,25273.275,5
6070,1246,55,175,0,175,175,0,0,30,30,0,30,225,20,9496.080000000002,19550.0,-10053.919999999998,5
6071,1246,75,155,0,155,135,0,20,35,35,0,30,205,35,21780.0,19550.0,2230.0,5
6072,1246,95,150,0,150,150,0,0,40,40,0,40,240,40,24078.960000000006,20825.0,3253.9600000000064,5
6073,1246,75,165,0,165,165,0,0,15,15,0,15,235,25,18566.685,20400.0,-1833.3149999999978,5
6074,1246,55,180,0,180,115,40,25,50,50,0,50,165,20,10134.720000000001,19975.0,-9840.279999999999,5
6075,1246,70,155,0,155,145,10,0,55,55,0,55,210,35,20733.120000000003,19125.0,1608.1200000000035,5
6076,1246,45,170,0,170,170,0,0,30,30,0,30,210,15,7102.800000000002,18275.0,-11172.199999999997,5
6077,1246,80,170,0,170,120,20,30,50,50,0,50,195,20,10706.760000000002,21250.0,-10543.239999999998,5
6078,1246,75,160,0,160,155,0,5,20,20,0,20,225,10,6453.540000000001,19975.0,-13521.46,5
6079,1246,40,180,0,180,145,15,20,35,35,0,35,180,10,5022.0,18700.0,-13678.0,5
6080,1246,70,160,0,160,160,0,0,45,45,0,45,225,35,17739.72,19550.0,-1810.279999999998,5
6081,1246,60,175,0,175,165,0,10,30,30,0,30,220,20,11326.500000000004,19975.0,-8648.499999999996,5
6082,1246,60,165,0,165,145,0,20,40,40,0,40,200,30,16550.820000000003,19125.0,-2574.1799999999967,5
6083,1246,60,175,0,175,160,15,0,25,25,0,25,215,30,20139.93,19975.0,164.93000000000166,5
6084,1246,75,165,0,165,125,15,25,50,50,0,50,195,25,15164.82,20400.0,-5235.18,5
6085,1246,50,170,0,170,130,40,0,45,45,0,45,175,40,22455.36,18700.0,3755.3600000000006,5
6086,1246,40,180,0,180,170,0,10,35,35,0,35,205,45,27598.95,18700.0,8898.95,5
6087,1246,95,145,0,145,145,0,0,45,45,0,45,235,40,24542.100000000006,20400.0,4142.100000000005,5
6088,1246,70,160,0,160,140,0,20,50,50,0,45,205,25,11784.6,19550.0,-7765.4,5
6089,1246,40,180,0,180,150,0,30,35,35,0,35,185,35,18745.74,18700.0,45.740000000002965,5
6090,1246,55,165,0,165,140,15,10,50,50,0,50,190,20,9818.640000000003,18700.0,-8881.359999999997,5
6091,1246,65,175,0,175,115,45,15,60,60,0,60,175,35,21048.84,20400.0,648.8400000000001,5
6092,1246,105,130,0,130,110,0,20,60,60,0,60,210,50,31070.43,19975.0,11095.43,5
6093,1246,50,170,0,170,155,0,15,35,35,0,35,200,15,8704.260000000002,18700.0,-9995.739999999998,5
6094,1246,55,165,0,165,130,15,20,50,50,0,50,180,50,28138.860000000004,18700.0,9438.860000000004,5
6095,1246,90,145,0,145,120,10,15,60,60,0,60,205,40,23707.170000000002,19975.0,3732.170000000001,5
6096,1246,95,150,0,150,135,15,0,45,45,0,45,225,40,24007.68,20825.0,3182.6800000000003,5
6097,1246,50,170,0,170,160,10,0,35,35,0,35,205,15,7682.76,18700.0,-11017.24,5
6098,1246,60,160,0,160,160,0,0,30,30,0,30,215,10,4938.12,18700.0,-13761.880000000001,5
6099,1246,55,170,0,170,110,40,20,50,50,0,50,160,25,12468.960000000005,19125.0,-6656.039999999995,5
6100,1246,60,160,0,160,120,20,20,55,55,0,55,175,30,19326.690000000002,18700.0,626.690000000001,5
6101,1246,55,180,0,180,105,30,45,45,45,0,45,155,35,17449.200000000004,19975.0,-2525.799999999997,5
6102,1246,40,195,0,195,170,10,15,35,35,0,35,205,25,14180.220000000001,19975.0,-5794.779999999999,5
6103,1246,45,170,0,170,170,0,0,20,20,0,20,210,5,2634.1200000000003,18275.0,-15640.88,5
6104,1246,70,165,0,165,135,10,20,45,45,0,45,200,15,7949.160000000002,19975.0,-12025.839999999998,5
6105,1246,90,165,0,165,160,0,5,20,20,0,20,245,10,6585.300000000001,21675.0,-15089.699999999997,5
6106,1246,60,170,0,170,165,0,5,40,40,0,40,220,25,15963.930000000002,19550.0,-3586.0699999999974,5
6107,1246,45,175,0,175,145,25,5,40,40,0,40,185,40,23419.260000000002,18700.0,4719.260000000004,5
6108,1246,45,170,0,170,160,0,10,40,40,0,40,200,30,15360.120000000004,18275.0,-2914.879999999996,5
6109,1246,65,180,0,180,165,0,15,25,25,0,25,225,10,4756.68,20825.0,-16068.32,5
6110,1246,75,160,0,160,155,0,5,35,35,0,35,225,10,5136.4800000000005,19975.0,-14838.519999999999,5
6111,1246,35,170,0,170,155,0,15,30,30,0,30,185,30,21473.055000000004,17425.0,4048.055000000004,5
6112,1246,85,140,0,140,135,0,5,35,35,0,35,215,20,11546.100000000002,19125.0,-7578.899999999999,5
6113,1246,60,180,0,180,105,50,25,50,50,0,50,160,65,41283.0,20400.0,20883.0,5
6114,1246,40,165,0,165,155,0,10,35,35,0,35,190,35,27689.163750000007,17425.0,10264.163750000007,5
6115,1246,20,220,0,220,165,25,30,15,15,0,15,180,15,8721.720000000001,20400.0,-11678.279999999999,5
6116,1246,65,180,0,180,150,0,30,25,25,0,25,210,20,11633.94,20825.0,-9191.06,5
6117,1246,45,175,0,175,170,5,0,25,25,0,25,210,30,17867.88,18700.0,-832.1199999999999,5
6118,1246,100,165,0,165,155,0,10,20,20,0,20,250,15,7835.400000000001,22525.0,-14689.6,5
6119,1246,50,165,0,165,135,10,20,40,40,0,40,180,45,29650.725000000002,18275.0,11375.725000000002,5
6120,1246,30,190,0,190,185,0,5,25,25,0,25,210,5,2896.5600000000004,18700.0,-15803.44,5
6121,1246,75,165,0,165,140,20,5,55,55,0,55,210,50,28692.810000000005,20400.0,8292.810000000005,5
6122,1246,65,175,0,175,140,30,5,30,30,0,30,200,5,2985.120000000001,20400.0,-17414.879999999997,5
6123,1246,75,135,0,135,125,5,5,50,50,0,45,195,70,49396.454999999994,17850.0,31546.454999999994,5
6124,1246,70,155,0,155,145,5,5,45,45,0,45,210,25,13528.440000000002,19125.0,-5596.559999999998,5
6125,1246,95,145,0,145,140,0,5,45,45,0,45,230,30,15233.760000000002,20400.0,-5166.239999999998,5
6126,1246,60,160,0,160,120,20,20,55,55,0,55,175,55,35387.55,18700.0,16687.550000000007,5
6127,1246,125,135,0,135,125,5,5,30,30,0,30,245,25,13625.820000000003,22100.0,-8474.179999999997,5
6128,1246,80,160,0,160,150,0,10,35,35,0,35,225,35,20352.239999999998,20400.0,-47.76000000000067,5
6129,1246,140,115,0,115,115,0,0,50,50,0,50,250,40,26225.865000000005,21675.0,4550.865000000003,5
6130,1246,120,140,0,140,130,10,0,50,50,0,50,245,15,8919.54,22100.0,-13180.46,5
6131,1246,45,180,0,180,155,0,25,40,40,0,40,195,35,21914.550000000003,19125.0,2789.550000000004,5
6132,1246,60,155,0,155,110,40,5,55,55,0,55,165,50,30544.740000000005,18275.0,12269.740000000005,5
6133,1246,85,155,0,155,105,20,30,60,60,0,60,185,35,21153.870000000003,20400.0,753.8700000000017,5
6134,1246,105,120,0,120,100,5,15,65,65,0,65,200,60,40034.56500000001,19125.0,20909.56500000001,5
6135,1246,55,180,0,180,125,40,15,50,50,0,50,175,50,29168.91,19975.0,9193.91,5
6136,1246,60,170,0,170,135,0,35,30,30,0,30,190,35,22883.49,19550.0,3333.4900000000016,5
6137,1246,80,150,0,150,140,0,10,25,25,0,25,215,25,15080.039999999999,19550.0,-4469.960000000001,5
6138,1246,65,155,0,155,115,25,15,55,55,0,55,175,75,50773.072499999995,18700.0,32073.0725,5
6139,1246,55,180,0,180,175,5,0,20,20,0,20,225,25,15014.160000000002,19975.0,-4960.839999999998,5
6140,1246,75,155,0,155,150,5,0,25,25,0,25,220,15,9408.420000000002,19550.0,-10141.579999999998,5
6141,1246,70,160,0,160,155,0,5,45,45,0,45,220,15,7770.6,19550.0,-11779.400000000001,5
6142,1246,50,180,0,180,155,5,20,30,30,0,25,200,20,11398.680000000002,19550.0,-8151.319999999998,5
6143,1246,35,195,0,195,140,40,15,30,30,0,30,170,15,9241.02,19550.0,-10308.98,5
6144,1246,55,160,0,160,150,0,10,30,30,0,30,200,20,12085.740000000002,18275.0,-6189.259999999999,5
6145,1246,60,155,0,155,150,0,5,50,50,0,50,205,35,22026.960000000003,18275.0,3751.9600000000037,5
6146,1246,105,135,0,135,130,0,5,65,65,0,65,230,30,17209.08,20400.0,-3190.9199999999987,5
6147,1246,105,135,0,135,105,20,10,45,45,0,40,205,55,37971.36,20400.0,17571.360000000004,5
6148,1246,90,150,0,150,145,0,5,50,50,0,50,230,25,12951.000000000002,20400.0,-7448.999999999998,5
6149,1246,50,160,0,160,145,0,15,45,45,0,40,190,40,23270.4,17850.0,5420.4,5
6150,1246,50,160,0,160,155,0,5,40,40,0,40,200,35,20893.59,17850.0,3043.5899999999992,5
6151,1246,75,145,0,145,145,0,0,40,40,0,40,215,35,18775.980000000003,18700.0,75.98000000000184,5
6152,1246,45,155,0,155,150,0,5,35,35,0,30,190,50,34107.795000000006,17000.0,17107.795000000006,5
6153,1246,60,150,0,150,125,15,10,40,40,0,40,180,60,40308.57,17850.0,22458.57,5
6154,1246,75,150,0,150,135,0,15,35,35,0,30,205,20,11640.780000000004,19125.0,-7484.219999999996,5
6155,1246,70,170,0,170,130,40,0,45,45,0,45,195,20,9610.920000000002,20400.0,-10789.079999999998,5
6156,1246,150,110,0,110,95,10,5,70,70,0,70,240,65,40442.850000000006,22100.0,18342.850000000002,5
6157,1246,35,190,0,190,140,50,0,30,30,0,30,170,25,14317.020000000002,19125.0,-4807.979999999998,5
6158,1246,60,155,0,155,135,10,10,55,55,0,55,190,30,18354.24,18275.0,79.24000000000206,5
6159,1246,85,160,0,160,150,0,10,30,30,0,30,230,35,22400.73,20825.0,1575.7299999999987,5
6160,1246,90,145,0,145,125,5,15,55,55,0,55,210,40,22702.68,19975.0,2727.6800000000003,5
6161,1246,45,185,0,185,145,40,0,35,35,0,35,185,30,16776.54,19550.0,-2773.46,5
6162,1246,55,170,0,170,160,0,10,40,40,0,40,210,35,20911.32,19125.0,1786.3200000000006,5
6163,1246,60,160,0,160,140,0,20,45,45,0,45,195,30,16840.620000000003,18700.0,-1859.3799999999965,5
6164,1246,80,175,0,175,140,30,5,45,45,0,45,215,45,29038.140000000003,21675.0,7363.140000000003,5
6165,1246,110,135,0,135,120,0,15,55,55,0,55,225,60,37053.090000000004,20825.0,16228.090000000007,5
6166,1246,45,195,0,195,115,50,30,40,40,0,40,155,45,30016.62,20400.0,9616.619999999999,5
6167,1246,75,150,0,150,120,5,25,60,60,0,60,190,60,39646.6875,19125.0,20521.687500000004,5
6168,1246,50,170,0,170,135,20,15,45,45,0,45,180,35,20730.690000000002,18700.0,2030.6900000000041,5
6169,1246,50,170,0,170,135,30,5,25,25,0,25,180,20,11119.5,18700.0,-7580.5,5
6170,1246,55,165,0,165,125,20,20,50,50,0,50,175,50,31220.550000000003,18700.0,12520.550000000003,5
6171,1246,55,165,0,165,145,0,20,45,45,0,45,195,25,13894.74,18700.0,-4805.26,5
6172,1246,40,165,0,165,135,20,10,35,35,0,35,170,35,23034.105000000003,17425.0,5609.105000000004,5
6173,1246,70,170,0,170,130,20,20,50,50,0,50,195,60,38965.590000000004,20400.0,18565.590000000004,5
6174,1246,50,175,0,175,155,0,20,25,25,0,25,200,50,35688.3075,19125.0,16563.307500000006,5
6175,1246,45,195,0,195,180,0,15,40,40,0,40,220,30,15026.760000000002,20400.0,-5373.239999999998,5
6176,1246,125,125,0,125,120,0,5,55,55,0,55,240,55,33365.25000000001,21250.0,12115.250000000005,5
6177,1246,105,150,0,150,135,0,15,45,45,0,45,235,40,22808.879999999997,21675.0,1133.8799999999992,5
6178,1246,50,170,0,170,155,0,15,40,40,0,40,200,15,7682.4,18700.0,-11017.6,5
6179,1246,65,155,0,155,150,0,5,45,45,0,45,210,40,22711.68,18700.0,4011.680000000001,5
6180,1246,50,160,0,160,140,5,15,35,35,0,35,185,40,27584.932500000003,17850.0,9734.932500000004,5
6181,1246,70,165,0,165,150,0,15,35,35,0,35,215,40,29393.415,19975.0,9418.415,5
6182,1246,65,165,0,165,150,10,5,45,45,0,45,210,65,45936.56250000001,19550.0,26386.562500000007,5
6183,1246,35,170,0,170,165,0,5,25,25,0,25,195,25,14437.620000000003,17425.0,-2987.3799999999983,5
6184,1246,55,155,0,155,140,15,0,45,45,0,45,190,40,21717.900000000005,17850.0,3867.900000000004,5
6185,1246,60,170,0,170,130,35,5,55,55,0,55,185,35,21247.83,19550.0,1697.8300000000036,5
6186,1246,70,145,0,145,115,30,0,65,65,0,65,180,45,27225.09,18275.0,8950.09,5
6187,1246,40,180,0,180,140,25,15,35,35,0,35,175,60,41500.30500000001,18700.0,22800.305000000008,5
6188,1246,70,155,0,155,125,0,30,40,40,0,40,190,40,24244.29,19125.0,5119.290000000001,5
6189,1246,60,140,0,140,130,0,10,55,55,0,55,185,60,39591.045000000006,17000.0,22591.04500000001,5
6190,1246,70,160,0,160,155,0,5,25,25,0,25,220,10,5511.960000000001,19550.0,-14038.039999999999,5
6191,1246,95,145,0,145,135,0,10,40,40,0,40,225,35,23573.790000000005,20400.0,3173.7900000000036,5
6192,1246,50,170,0,170,145,5,20,45,45,0,45,190,40,26692.245000000003,18700.0,7992.245000000003,5
6193,1246,55,170,0,170,135,35,0,40,40,0,40,185,40,25603.515000000003,19125.0,6478.515000000002,5
6194,1246,65,160,0,160,145,0,15,45,45,0,45,205,50,31262.040000000008,19125.0,12137.040000000006,5
6195,1246,55,160,0,160,140,0,20,35,35,0,35,190,10,4935.240000000002,18275.0,-13339.759999999998,5
6196,1246,40,190,0,190,140,25,25,40,40,0,35,175,20,11429.46,19550.0,-8120.540000000001,5
6197,1246,40,165,0,165,155,10,0,25,25,0,25,190,15,8008.920000000002,17425.0,-9416.079999999998,5
6198,1246,55,170,0,170,135,20,15,45,45,0,45,185,20,9808.560000000001,19125.0,-9316.439999999999,5
6199,1246,50,170,0,170,160,0,10,25,25,0,25,205,20,10492.200000000003,18700.0,-8207.799999999997,5
6200,1246,60,150,0,150,135,10,5,40,40,0,35,190,25,16302.330000000002,17850.0,-1547.6699999999983,5
6201,1246,70,150,0,150,145,5,0,25,25,0,25,210,40,29280.285000000003,18700.0,10580.285000000003,5
6202,1246,45,180,0,180,180,0,0,40,40,0,40,220,40,22953.960000000006,19125.0,3828.9600000000064,5
6203,1246,65,145,0,145,130,0,15,40,40,0,35,190,75,51303.83625000001,17850.0,33453.83625000001,5
6204,1246,95,155,0,155,155,0,0,30,30,0,30,245,50,36823.19625000001,21250.0,15573.196250000005,5
6205,1246,80,155,0,155,120,5,30,55,55,0,55,195,65,43243.24500000001,19975.0,23268.245000000006,5
6206,1246,95,145,0,145,130,0,15,45,45,0,45,220,25,13597.380000000003,20400.0,-6802.619999999997,5
6207,1246,75,145,0,145,135,0,10,55,55,0,50,205,50,28334.160000000003,18700.0,9634.160000000002,5
6208,1246,40,185,0,185,145,0,40,30,30,0,30,180,25,15475.050000000001,19125.0,-3649.949999999999,5
6209,1246,55,165,0,165,125,20,20,40,40,0,40,175,50,33207.93000000001,18700.0,14507.930000000006,5
6210,1246,90,150,0,150,105,45,0,40,40,0,40,190,20,11526.660000000002,20400.0,-8873.339999999998,5
6211,1246,65,165,0,165,120,15,30,60,60,0,60,180,40,20821.68,19550.0,1271.6800000000012,5
6212,1246,100,150,0,150,145,5,0,50,50,0,50,240,50,29940.030000000002,21250.0,8690.030000000002,5
6213,1246,55,170,0,170,155,0,15,30,30,0,25,205,20,11546.100000000002,19125.0,-7578.899999999999,5
6214,1246,75,135,0,135,130,5,0,50,50,0,50,200,50,32547.397500000006,17850.0,14697.397500000006,5
6215,1246,35,190,0,190,145,10,35,30,30,0,30,175,15,7330.680000000002,19125.0,-11794.319999999998,5
6216,1246,70,155,0,155,140,0,15,35,35,0,35,205,40,27249.345,19125.0,8124.345000000003,5
6217,1246,80,150,0,150,145,0,5,30,30,0,30,220,15,7441.920000000001,19550.0,-12108.08,5
6218,1246,50,175,0,175,100,55,20,45,45,0,45,145,45,26320.680000000008,19125.0,7195.680000000007,5
6219,1246,45,160,0,160,105,25,30,40,40,0,40,145,55,39467.205,17425.0,22042.204999999998,5
6220,1246,65,165,0,165,165,0,0,25,25,0,25,225,15,9082.980000000001,19550.0,-10467.019999999997,5
6221,1246,55,165,0,165,155,5,5,30,30,0,30,205,20,11370.420000000002,18700.0,-7329.579999999998,5
6222,1246,45,170,0,170,150,10,10,45,45,0,40,190,35,21607.200000000004,18275.0,3332.2000000000025,5
6223,1246,30,180,0,180,180,0,0,20,20,0,20,205,15,9043.74,17850.0,-8806.26,5
6224,1246,75,165,0,165,135,0,30,50,50,0,45,205,15,7638.84,20400.0,-12761.16,5
6225,1246,65,175,0,175,140,10,25,50,50,0,50,200,35,17880.84,20400.0,-2519.1599999999994,5
6226,1246,110,145,0,145,100,30,15,55,55,0,55,205,45,26375.04,21675.0,4700.039999999999,5
6227,1246,40,160,0,160,145,0,15,35,35,0,35,180,40,23147.460000000006,17000.0,6147.4600000000055,5
6228,1246,65,155,0,155,150,0,5,45,45,0,45,210,55,37559.340000000004,18700.0,18859.340000000004,5
6229,1246,65,165,0,165,135,10,20,60,60,0,55,195,30,16566.480000000003,19550.0,-2983.5199999999986,5
6230,1246,50,185,0,185,105,55,25,45,45,0,45,150,50,33320.835,19975.0,13345.834999999997,5
6231,1246,60,165,0,165,155,0,10,45,45,0,45,210,40,22399.2,19125.0,3274.2000000000007,5
6232,1246,60,175,0,175,125,40,10,40,40,0,40,180,40,24473.430000000004,19975.0,4498.430000000003,5
6233,1246,50,160,0,160,140,20,0,30,30,0,30,185,40,31605.232500000002,17850.0,13755.232500000002,5
6234,1246,70,170,0,170,150,0,20,40,40,0,40,215,50,30905.730000000003,20400.0,10505.730000000003,5
6235,1246,90,145,0,145,140,5,0,40,40,0,40,225,25,14355.900000000001,19975.0,-5619.0999999999985,5
6236,1246,60,150,0,150,125,15,10,35,35,0,30,180,25,18136.755000000005,17850.0,286.75500000000284,5
6237,1246,65,170,0,170,155,5,10,35,35,0,35,215,45,33794.65125,19975.0,13819.651250000003,5
6238,1246,65,155,0,155,155,0,0,15,15,0,15,215,15,8114.040000000001,18700.0,-10585.96,5
6239,1246,95,165,0,165,165,0,0,20,20,0,20,255,35,21588.66,22100.0,-511.34000000000015,5
6240,1246,40,185,0,185,170,0,15,35,35,0,35,205,30,18921.690000000002,19125.0,-203.30999999999676,5
6241,1246,50,170,0,170,145,5,20,45,45,0,45,190,20,9789.84,18700.0,-8910.16,5
6242,1246,55,180,0,180,135,35,10,50,50,0,50,185,45,25593.12000000001,19975.0,5618.120000000008,5
6243,1246,70,170,0,170,165,0,5,30,30,0,30,230,20,10492.560000000001,20400.0,-9907.439999999999,5
6244,1246,25,200,0,200,180,5,15,15,15,0,15,200,15,8955.900000000001,19125.0,-10169.099999999999,5
6245,1246,80,170,0,170,155,5,10,30,30,0,30,230,40,24980.4,21250.0,3730.3999999999996,5
6246,1246,50,175,0,175,90,55,30,45,45,0,45,135,30,16878.24,19125.0,-2246.759999999997,5
6247,1246,55,175,0,175,140,15,20,45,45,0,45,190,30,18043.56,19550.0,-1506.4399999999978,5
6248,1246,50,170,0,170,150,5,15,50,50,0,45,195,40,20652.66,18700.0,1952.6600000000008,5
6249,1246,50,180,0,180,145,35,0,30,30,0,30,190,30,15764.760000000002,19550.0,-3785.239999999999,5
6250,1246,30,190,0,190,135,20,35,25,25,0,25,160,35,23879.430000000008,18700.0,5179.430000000007,5
6251,1246,50,175,0,175,165,10,0,25,25,0,25,210,45,32234.894999999997,19125.0,13109.894999999997,5
6252,1246,35,185,0,185,145,0,40,30,30,0,30,175,5,2897.2800000000007,18700.0,-15802.72,5
6253,1246,100,130,0,130,95,25,10,55,55,0,50,190,65,41424.66000000001,19550.0,21874.66000000001,5
6254,1246,55,150,0,150,145,0,5,50,50,0,50,195,40,23593.500000000004,17425.0,6168.500000000004,5
6255,1246,75,150,0,150,125,0,25,50,50,0,50,195,40,21579.840000000007,19125.0,2454.8400000000083,5
6256,1246,80,155,0,155,135,10,10,40,40,0,40,210,35,20924.010000000002,19975.0,949.010000000003,5
6257,1246,90,155,0,155,145,0,10,30,30,0,30,230,15,7744.68,20825.0,-13080.32,5
6258,1246,95,150,0,150,150,0,0,20,20,0,20,240,35,27724.545,20825.0,6899.544999999998,5
6259,1246,45,170,0,170,165,0,5,35,35,0,35,205,25,14048.460000000003,18275.0,-4226.539999999997,5
6260,1246,135,135,0,135,130,5,0,40,40,0,40,260,50,30126.690000000002,22950.0,7176.690000000003,5
6261,1246,45,180,0,180,130,35,15,40,40,0,40,170,20,13322.070000000003,19125.0,-5802.929999999997,5
6262,1246,65,170,0,170,110,50,10,50,50,0,50,170,45,25118.64,19975.0,5143.64,5
6263,1246,75,140,0,140,140,0,0,55,55,0,55,210,30,19382.760000000002,18275.0,1107.760000000003,5
6264,1246,95,155,0,155,130,15,10,40,40,0,40,220,45,28531.71,21250.0,7281.709999999998,5
6265,1246,50,170,0,170,135,30,5,45,45,0,45,180,55,37914.03,18700.0,19214.030000000002,5
6266,1246,55,180,0,180,135,40,5,45,45,0,45,185,25,13697.1,19975.0,-6277.9,5
6267,1246,100,150,0,150,150,0,0,45,45,0,45,245,30,17977.680000000004,21250.0,-3272.3199999999974,5
6268,1246,135,140,0,140,130,0,10,35,35,0,30,260,20,11490.300000000003,23375.0,-11884.699999999997,5
6269,1246,55,175,0,175,145,25,5,35,35,0,35,195,25,15839.910000000002,19550.0,-3710.089999999998,5
6270,1246,60,140,0,140,115,10,15,55,55,0,55,170,60,43402.70250000001,17000.0,26402.702500000007,5
6271,1246,55,180,0,180,135,0,45,35,35,0,35,185,20,10733.400000000001,19975.0,-9241.599999999999,5
6272,1246,115,145,0,145,140,0,5,25,25,0,25,250,10,4565.52,22100.0,-17534.48,5
6273,1246,45,175,0,175,155,10,10,40,40,0,40,195,35,23262.030000000006,18700.0,4562.030000000004,5
6274,1246,50,170,0,170,155,5,10,30,30,0,30,200,15,7933.680000000002,18700.0,-10766.319999999998,5
6275,1246,70,150,0,150,135,10,5,35,35,0,35,200,20,11862.000000000004,18700.0,-6837.999999999997,5
6276,1246,35,185,0,185,180,0,5,25,25,0,25,210,35,23563.980000000003,18700.0,4863.980000000001,5
6277,1246,70,165,0,165,145,5,15,40,40,0,40,210,15,7770.6,19975.0,-12204.400000000001,5
6278,1246,90,145,0,145,145,0,0,35,35,0,35,230,30,20009.115,19975.0,34.1150000000016,5
6279,1246,40,185,0,185,150,5,30,30,30,0,30,185,25,13982.58,19125.0,-5142.42,5
6280,1246,65,160,0,160,140,0,20,40,40,0,40,200,25,17210.61,19125.0,-1914.3899999999985,5
6281,1246,105,135,0,135,125,5,5,50,50,0,50,225,60,38002.7475,20400.0,17602.747499999998,5
6282,1246,50,175,0,175,140,15,20,40,40,0,40,185,45,27262.710000000006,19125.0,8137.710000000006,5
6283,1246,95,150,0,150,135,10,5,50,50,0,50,225,60,41791.702500000014,20825.0,20966.70250000001,5
6284,1246,65,180,0,180,155,0,25,35,35,0,35,215,15,9349.02,20825.0,-11475.98,5
6285,1246,65,145,0,145,145,0,0,40,40,0,40,205,50,33688.305,17850.0,15838.305,5
6286,1246,60,155,0,155,155,0,0,30,30,0,25,210,55,38304.225000000006,18275.0,20029.225000000006,5
6287,1246,70,165,0,165,150,0,15,30,30,0,30,215,10,5364.720000000001,19975.0,-14610.279999999999,5
6288,1246,25,190,0,190,170,0,20,15,15,0,15,190,15,9278.82,18275.0,-8996.18,5
6289,1246,55,180,0,180,170,0,10,25,25,0,25,220,10,5180.400000000001,19975.0,-14794.6,5
6290,1246,90,140,0,140,135,0,5,40,40,0,40,220,20,11444.040000000003,19550.0,-8105.959999999997,5
6291,1246,45,170,0,170,135,15,20,40,40,0,40,175,35,23479.74,18275.0,5204.740000000002,5
6292,1246,60,160,0,160,130,0,30,50,50,0,45,185,45,26606.43,18700.0,7906.43,5
6293,1246,105,145,0,145,135,5,5,45,45,0,45,235,20,11568.060000000001,21250.0,-9681.939999999999,5
6294,1246,75,155,0,155,125,15,15,60,60,0,60,195,45,26486.100000000006,19550.0,6936.100000000006,5
6295,1246,40,175,0,175,165,5,5,40,40,0,35,200,30,20058.57,18275.0,1783.5699999999997,5
6296,1246,80,150,0,150,140,10,0,40,40,0,40,215,20,10492.200000000003,19550.0,-9057.799999999997,5
6297,1246,85,150,0,150,130,20,0,65,65,0,65,210,55,32444.91000000001,19975.0,12469.910000000009,5
6298,1246,85,170,0,170,150,0,20,15,15,0,15,230,25,15672.690000000002,21675.0,-6002.309999999998,5
6299,1246,90,145,0,145,120,20,5,45,45,0,45,205,45,29324.520000000004,19975.0,9349.520000000002,5
6300,1246,85,140,0,140,140,0,0,45,45,0,45,220,60,39123.09,19125.0,19998.089999999997,5
6301,1246,85,145,0,145,135,10,0,35,35,0,35,215,20,9902.880000000003,19550.0,-9647.119999999997,5
6302,1246,70,150,0,150,125,0,25,50,50,0,50,190,25,15000.480000000003,18700.0,-3699.5199999999977,5
6303,1246,80,160,0,160,140,0,20,35,35,0,35,215,40,20858.22,20400.0,458.22000000000116,5
6304,1246,55,160,0,160,125,20,15,45,45,0,45,175,15,7977.240000000002,18275.0,-10297.759999999998,5
6305,1246,105,145,0,145,140,0,5,25,25,0,25,240,5,2458.44,21250.0,-18791.559999999998,5
6306,1246,65,160,0,160,150,10,0,40,40,0,40,210,40,25251.840000000004,19125.0,6126.840000000002,5
6307,1246,35,185,0,185,140,10,35,30,30,0,30,170,45,30070.394999999993,18700.0,11370.394999999993,5
6308,1246,50,180,0,180,155,25,0,35,35,0,35,200,35,21049.920000000002,19550.0,1499.920000000002,5
6309,1246,110,135,0,135,130,0,5,40,40,0,40,235,30,16375.140000000003,20825.0,-4449.859999999997,5
6310,1246,75,160,0,160,155,5,0,45,45,0,45,225,30,16858.260000000002,19975.0,-3116.7399999999975,5
6311,1246,60,165,0,165,120,25,20,40,40,0,40,175,30,18513.0,19125.0,-611.9999999999982,5
6312,1246,80,160,0,160,145,0,15,40,40,0,40,220,50,31111.019999999997,20400.0,10711.019999999999,5
6313,1246,55,180,0,180,170,10,0,35,35,0,35,220,35,20333.52,19975.0,358.5200000000009,5
6314,1246,55,145,0,145,145,0,0,35,35,0,35,195,60,41343.88500000001,17000.0,24343.88500000001,5
6315,1246,55,160,0,160,145,5,10,30,30,0,30,195,15,7909.200000000001,18275.0,-10365.8,5
6316,1246,130,155,0,155,135,0,20,20,20,0,20,260,25,15705.630000000001,24225.0,-8519.369999999999,5
6317,1246,65,165,0,165,140,15,10,40,40,0,40,200,35,21275.100000000002,19550.0,1725.1000000000022,5
6318,1246,55,170,0,170,145,10,15,50,50,0,50,195,25,12627.720000000001,19125.0,-6497.279999999999,5
6319,1246,70,170,0,170,90,45,35,60,60,0,60,155,55,37587.060000000005,20400.0,17187.060000000005,5
6320,1246,40,185,0,185,140,30,15,30,30,0,30,175,20,9706.680000000002,19125.0,-9418.319999999998,5
6321,1246,55,160,0,160,150,0,10,35,35,0,35,200,30,20596.320000000007,18275.0,2321.320000000005,5
6322,1246,90,155,0,155,155,0,0,25,25,0,25,240,35,22426.559999999998,20825.0,1601.5599999999995,5
6323,1246,60,160,0,160,140,15,5,50,50,0,50,195,85,60828.25500000002,18700.0,42128.25500000002,5
6324,1246,130,125,0,125,125,0,0,35,35,0,35,250,60,43435.631250000006,21675.0,21760.631250000006,5
6325,1246,105,140,0,140,135,0,5,40,40,0,40,235,50,31578.975,20825.0,10753.975,5
6326,1246,65,155,0,155,130,0,25,40,40,0,40,190,30,17514.180000000004,18700.0,-1185.8199999999965,5
6327,1246,65,160,0,160,155,0,5,40,40,0,40,215,25,16141.5,19125.0,-2983.499999999999,5
6328,1246,60,155,0,155,125,10,20,40,40,0,40,180,35,23666.310000000005,18275.0,5391.310000000003,5
6329,1246,60,165,0,165,110,20,35,55,55,0,55,165,95,69642.12375000001,19125.0,50517.12375000002,5
6330,1246,45,195,0,195,115,55,25,40,40,0,40,155,30,15579.720000000001,20400.0,-4820.279999999998,5
6331,1246,40,160,0,160,120,5,35,35,35,0,35,155,60,44789.6025,17000.0,27789.6025,5
6332,1246,50,180,0,180,105,40,35,45,45,0,45,150,20,13916.610000000002,19550.0,-5633.389999999998,5
6333,1246,105,150,0,150,140,0,10,35,35,0,35,240,30,18513.270000000004,21675.0,-3161.7299999999977,5
6334,1246,65,145,0,145,140,5,0,50,50,0,50,200,75,48287.74500000001,17850.0,30437.745000000014,5
6335,1246,90,175,0,175,155,0,20,10,10,0,10,240,5,2502.36,22525.0,-20022.64,5
6336,1246,45,175,0,175,120,40,15,35,35,0,35,160,55,38632.005000000005,18700.0,19932.00500000001,5
6337,1246,45,180,0,180,125,30,25,40,40,0,40,165,20,10950.120000000003,19125.0,-8174.879999999998,5
6338,1246,45,170,0,170,135,10,25,30,30,0,30,175,25,13746.420000000002,18275.0,-4528.579999999997,5
6339,1246,35,195,0,195,145,15,35,30,30,0,30,175,10,4865.400000000001,19550.0,-14684.6,5
6340,1246,100,145,0,145,115,0,30,50,50,0,50,210,50,31923.9,20825.0,11098.900000000003,5
6341,1246,80,170,0,170,160,0,10,35,35,0,35,235,30,18510.660000000003,21250.0,-2739.3399999999974,5
6342,1246,60,165,0,165,155,10,0,40,40,0,40,210,20,9813.960000000003,19125.0,-9311.039999999997,5
6343,1246,50,160,0,160,160,0,0,35,35,0,35,205,40,27994.545000000002,17850.0,10144.545000000002,5
6344,1246,90,160,0,160,160,0,0,20,20,0,20,245,15,8890.02,21250.0,-12359.98,5
6345,1246,55,175,0,175,135,0,40,40,40,0,40,185,40,21470.940000000006,19550.0,1920.940000000005,5
6346,1246,80,135,0,135,130,0,5,50,50,0,50,205,45,29567.025,18275.0,11292.025000000003,5
6347,1246,65,175,0,175,160,0,15,30,30,0,30,220,5,2458.44,20400.0,-17941.559999999998,5
6348,1246,55,165,0,165,165,0,0,30,30,0,30,215,25,13631.580000000004,18700.0,-5068.419999999996,5
6349,1246,50,170,0,170,165,0,5,30,30,0,30,210,25,16171.56,18700.0,-2528.4400000000005,5
6350,1246,55,165,0,165,150,0,15,35,35,0,35,200,25,12816.720000000003,18700.0,-5883.279999999997,5
6351,1246,70,155,0,155,120,10,25,65,65,0,65,185,85,54291.06000000001,19125.0,35166.06000000001,5
6352,1246,80,135,0,135,115,20,0,60,60,0,60,190,60,36908.19000000001,18275.0,18633.19000000001,5
6353,1246,60,165,0,165,155,0,10,40,40,0,40,210,25,15925.23,19125.0,-3199.770000000001,5
6354,1246,80,165,0,165,155,0,10,30,30,0,30,230,10,5224.32,20825.0,-15600.68,5
6355,1246,70,175,0,175,160,0,15,30,30,0,30,225,25,14136.300000000001,20825.0,-6688.699999999999,5
6356,1246,40,195,0,195,135,30,30,35,35,0,35,170,30,17170.2,19975.0,-2804.8,5
6357,1246,75,145,0,145,135,0,10,35,35,0,30,205,35,27366.716250000005,18700.0,8666.716250000005,5
6358,1246,70,150,0,150,130,20,0,50,50,0,50,195,55,33720.030000000006,18700.0,15020.030000000006,5
6359,1246,80,160,0,160,135,20,5,30,30,0,30,210,60,45881.527500000004,20400.0,25481.527500000004,5
6360,1246,85,140,0,140,115,10,15,55,55,0,55,195,25,13985.460000000003,19125.0,-5139.539999999997,5
6361,1246,45,165,0,165,150,5,10,30,30,0,30,190,35,22529.295000000006,17850.0,4679.295000000006,5
6362,1246,75,165,0,165,150,0,15,25,25,0,25,220,15,7326.0,20400.0,-13074.0,5
6363,1246,90,140,0,140,140,0,0,45,45,0,45,225,25,12714.480000000003,19550.0,-6835.519999999997,5
6364,1246,35,175,0,175,165,0,10,30,30,0,30,195,45,34023.622500000005,17850.0,16173.622500000005,5
6365,1246,110,140,0,140,135,0,5,25,25,0,25,240,5,2634.1200000000003,21250.0,-18615.88,5
6366,1246,45,165,0,165,125,15,25,40,40,0,40,165,60,44449.71750000001,17850.0,26599.717500000013,5
6367,1246,80,150,0,150,125,5,20,50,50,0,50,200,25,15449.220000000003,19550.0,-4100.779999999997,5
6368,1246,45,165,0,165,165,0,0,35,35,0,35,205,30,23290.2675,17850.0,5440.2675,5
6369,1246,65,165,0,165,145,15,5,55,55,0,50,205,15,7814.520000000001,19550.0,-11735.479999999998,5
6370,1246,40,175,0,175,150,25,0,40,40,0,35,185,20,11014.380000000001,18275.0,-7260.619999999999,5
6371,1246,60,150,0,150,150,0,0,55,55,0,55,205,30,16172.820000000002,17850.0,-1677.1799999999985,5
6372,1246,85,135,0,135,115,20,0,65,65,0,65,195,70,46905.16500000001,18700.0,28205.165000000008,5
6373,1246,50,165,0,165,105,10,50,40,40,0,40,150,30,18312.3,18275.0,37.30000000000018,5
6374,1246,45,155,0,155,120,15,20,40,40,0,40,160,55,38446.78500000001,17000.0,21446.78500000001,5
6375,1246,55,165,0,165,125,10,30,50,50,0,50,175,30,18800.280000000002,18700.0,100.28000000000247,5
6376,1246,65,155,0,155,135,5,15,55,55,0,55,195,35,17597.16,18700.0,-1102.8399999999988,5
6377,1246,85,155,0,155,155,0,0,35,35,0,35,235,10,4893.4800000000005,20400.0,-15506.52,5
6378,1246,45,165,0,165,130,10,25,40,40,0,35,170,35,23262.795000000002,17850.0,5412.795000000001,5
6379,1246,105,150,0,150,150,0,0,30,30,0,30,250,25,13871.34,21675.0,-7803.66,5
6380,1246,55,175,0,175,130,30,15,45,45,0,45,180,40,25250.805,19550.0,5700.805,5
6381,1246,40,185,0,185,140,20,25,35,35,0,35,175,30,17243.82,19125.0,-1881.1799999999994,5
6382,1246,45,180,0,180,140,25,15,40,40,0,40,180,35,20484.719999999998,19125.0,1359.7199999999975,5
6383,1246,75,125,0,125,115,0,10,50,50,0,50,185,80,62002.755000000005,17000.0,45002.755000000005,5
6384,1246,40,175,0,175,145,25,5,35,35,0,35,180,35,18922.860000000004,18275.0,647.8600000000029,5
6385,1246,70,155,0,155,150,0,5,45,45,0,45,215,50,35176.5225,19125.0,16051.522500000001,5
6386,1246,120,140,0,140,130,0,10,35,35,0,35,245,70,49862.880000000005,22100.0,27762.880000000005,5
6387,1246,45,165,0,165,155,0,10,35,35,0,35,195,25,14861.340000000004,17850.0,-2988.6599999999953,5
6388,1246,115,120,0,120,105,5,10,65,65,0,65,215,45,24947.640000000007,19975.0,4972.640000000006,5
6389,1246,95,145,0,145,140,0,5,45,45,0,45,230,50,29662.920000000006,20400.0,9262.920000000004,5
6390,1246,100,140,0,140,130,0,10,40,40,0,35,225,30,16617.420000000002,20400.0,-3782.579999999998,5
6391,1246,75,150,0,150,145,0,5,45,45,0,45,215,60,37393.47000000001,19125.0,18268.47000000001,5
6392,1246,50,160,0,160,145,0,15,35,35,0,35,190,30,18453.600000000002,17850.0,603.6000000000035,5
6393,1246,75,160,0,160,100,25,35,45,45,0,45,170,25,14916.060000000001,19975.0,-5058.939999999998,5
6394,1246,75,160,0,160,155,0,5,40,40,0,40,225,35,22927.41,19975.0,2952.41,5
6395,1246,100,130,0,130,120,5,5,50,50,0,45,215,30,16685.280000000002,19550.0,-2864.7199999999975,5
6396,1246,25,190,0,190,170,0,20,20,20,0,20,190,15,10415.43,18275.0,-7859.569999999999,5
6397,1246,105,145,0,145,140,0,5,30,30,0,30,240,40,30722.681250000005,21250.0,9472.681250000005,5
6398,1246,60,160,0,160,155,0,5,40,40,0,40,210,40,27465.075,18700.0,8765.075,5
6399,1246,150,125,0,125,125,0,0,30,30,0,30,270,10,4830.4800000000005,23375.0,-18544.52,5
6400,1246,95,160,0,160,160,0,0,30,30,0,30,250,15,9033.12,21675.0,-12641.88,5
6401,1246,75,165,0,165,105,30,30,55,55,0,55,175,25,12460.320000000002,20400.0,-7939.6799999999985,5
6402,1246,125,145,0,145,125,0,20,40,40,0,35,245,35,20984.850000000002,22950.0,-1965.1499999999987,5
6403,1246,75,155,0,155,130,25,0,35,35,0,35,200,20,11020.140000000001,19550.0,-8529.859999999999,5
6404,1246,100,150,0,150,150,0,0,35,35,0,35,245,15,8228.520000000002,21250.0,-13021.479999999996,5
6405,1246,100,135,0,135,100,20,15,50,50,0,50,195,55,33840.09,19975.0,13865.09,5
6406,1246,80,165,0,165,135,5,25,45,45,0,45,210,35,19138.5,20825.0,-1686.4999999999986,5
6407,1246,85,160,0,160,155,0,5,45,45,0,45,235,30,14825.520000000004,20825.0,-5999.479999999996,5
6408,1246,65,160,0,160,120,35,5,60,60,0,55,180,50,31566.082500000004,19125.0,12441.082500000002,5
6409,1246,55,165,0,165,150,10,5,45,45,0,40,200,50,33726.645000000004,18700.0,15026.645000000004,5
6410,1246,40,180,0,180,130,15,35,35,35,0,35,165,40,28217.7,18700.0,9517.7,5
6411,1246,65,165,0,165,150,15,0,30,30,0,30,210,30,19448.190000000002,19550.0,-101.80999999999813,5
6412,1246,70,155,0,155,135,10,10,45,45,0,45,200,25,14284.080000000004,19125.0,-4840.919999999996,5
6413,1246,65,155,0,155,140,10,5,60,60,0,60,200,30,15125.760000000002,18700.0,-3574.2399999999975,5
6414,1246,70,145,0,145,125,15,5,40,40,0,40,190,60,39973.29750000001,18275.0,21698.297500000008,5
6415,1246,60,165,0,165,150,5,10,45,45,0,40,205,40,24643.17,19125.0,5518.17,5
6416,1246,95,145,0,145,135,10,0,40,40,0,40,225,25,14384.520000000002,20400.0,-6015.479999999998,5
6417,1246,40,175,0,175,140,5,30,40,40,0,35,175,30,21421.484999999997,18275.0,3146.484999999998,5
6418,1246,110,135,0,135,125,0,10,40,40,0,40,230,40,23366.880000000005,20825.0,2541.8800000000056,5
6419,1246,90,150,0,150,140,10,0,40,40,0,40,225,15,7947.0,20400.0,-12453.0,5
6420,1246,45,175,0,175,170,0,5,35,35,0,35,210,30,16639.020000000004,18700.0,-2060.9799999999973,5
6421,1246,100,135,0,135,120,0,15,50,50,0,45,215,30,21401.550000000003,19975.0,1426.550000000002,5
6422,1246,65,135,0,135,95,15,25,60,60,0,55,155,105,81128.25562500002,17000.0,64128.25562500002,5
6423,1246,105,155,0,155,150,0,5,35,35,0,35,250,20,13719.330000000002,22100.0,-8380.669999999998,5
6424,1246,95,135,0,135,110,25,0,60,60,0,60,200,25,14765.040000000005,19550.0,-4784.959999999996,5
6425,1246,60,155,0,155,120,35,0,55,55,0,55,175,40,24534.81,18275.0,6259.810000000002,5
6426,1246,50,170,0,170,165,0,5,30,30,0,30,210,20,9998.28,18700.0,-8701.72,5
6427,1246,50,180,0,180,145,15,20,45,45,0,45,190,50,28627.200000000004,19550.0,9077.200000000003,5
6428,1246,85,155,0,155,135,5,15,40,40,0,40,215,25,12208.680000000002,20400.0,-8191.319999999998,5
6429,1246,45,180,0,180,165,0,15,40,40,0,40,205,35,22245.210000000003,19125.0,3120.210000000002,5
6430,1246,100,150,0,150,130,0,20,40,40,0,40,225,25,14416.020000000004,21250.0,-6833.979999999997,5
6431,1246,50,170,0,170,165,0,5,30,30,0,30,210,35,20032.47,18700.0,1332.470000000003,5
6432,1246,40,170,0,170,150,15,5,35,35,0,35,185,15,8896.32,17850.0,-8953.68,5
6433,1246,50,190,0,190,135,30,25,35,35,0,35,180,25,15061.140000000003,20400.0,-5338.859999999997,5
6434,1246,75,160,0,160,105,45,10,45,45,0,45,175,35,18980.460000000003,19975.0,-994.5399999999972,5
6435,1246,95,145,0,145,140,0,5,35,35,0,35,230,25,12432.600000000002,20400.0,-7967.399999999998,5
6436,1246,110,145,0,145,145,0,0,30,30,0,30,250,25,14318.46,21675.0,-7356.54,5
6437,1246,90,145,0,145,130,0,15,75,75,0,75,215,65,39320.01000000001,19975.0,19345.01000000001,5
6438,1246,40,180,0,180,180,0,0,25,25,0,25,215,10,4883.760000000001,18700.0,-13816.239999999998,5
6439,1246,100,150,0,150,120,0,30,50,50,0,50,215,35,21202.560000000005,21250.0,-47.43999999999687,5
6440,1246,65,180,0,180,115,35,30,45,45,0,45,175,20,12453.840000000002,20825.0,-8371.159999999998,5
6441,1246,60,165,0,165,150,10,5,35,35,0,35,205,15,7507.080000000001,19125.0,-11617.919999999998,5
6442,1246,35,185,0,185,165,0,20,25,25,0,25,195,15,7638.84,18700.0,-11061.16,5
6443,1246,50,175,0,175,170,0,5,20,20,0,20,215,20,12335.220000000001,19125.0,-6789.779999999999,5
6444,1246,55,190,0,190,110,60,20,40,40,0,40,160,35,22432.770000000004,20825.0,1607.770000000005,5
6445,1246,40,195,0,195,150,10,35,35,35,0,35,185,30,21237.525000000005,19975.0,1262.525000000005,5
6446,1246,55,170,0,170,120,25,25,50,50,0,50,170,40,23655.78,19125.0,4530.78,5
6447,1246,60,175,0,175,145,25,5,30,30,0,30,200,15,8398.26,19975.0,-11576.74,5
6448,1246,30,215,0,215,165,35,15,10,10,0,10,190,5,2634.1200000000003,20825.0,-18190.88,5
6449,1246,65,165,0,165,145,0,20,50,50,0,50,205,35,18424.440000000002,19550.0,-1125.5599999999981,5
6450,1246,65,165,0,165,130,25,10,50,50,0,50,190,25,14376.24,19550.0,-5173.76,5
6451,1246,85,165,0,165,155,0,10,25,25,0,25,235,30,20803.725000000006,21250.0,-446.274999999996,5
6452,1246,115,150,0,150,145,0,5,15,15,0,15,255,20,14827.725000000002,22525.0,-7697.274999999998,5
6453,1246,85,170,0,170,125,45,0,30,30,0,30,205,30,23305.275,21675.0,1630.2750000000015,5
6454,1246,110,145,0,145,130,0,15,35,35,0,35,235,40,27026.774999999998,21675.0,5351.774999999998,5
6455,1246,45,180,0,180,165,0,15,25,25,0,20,205,20,11502.18,19125.0,-7622.82,5
6456,1246,40,200,0,200,145,20,35,35,35,0,35,180,35,21818.970000000005,20400.0,1418.970000000004,5
6457,1246,45,200,0,200,125,55,20,35,35,0,35,165,15,7284.240000000001,20825.0,-13540.76,5
6458,1246,45,190,0,190,150,25,15,20,20,0,20,190,20,12577.68,19975.0,-7397.32,5
6459,1246,55,155,0,155,140,5,10,50,50,0,50,190,40,24605.730000000007,17850.0,6755.730000000008,5
6460,1246,65,175,0,175,155,0,20,35,35,0,35,215,15,7425.000000000001,20400.0,-12975.0,5
6461,1246,75,130,0,130,125,0,5,45,45,0,45,195,75,58285.55812500001,17425.0,40860.55812500001,5
6462,1246,65,160,0,160,140,10,10,45,45,0,40,200,30,18822.240000000005,19125.0,-302.7599999999961,5
6463,1246,50,175,0,175,145,10,20,45,45,0,40,190,15,8011.080000000002,19125.0,-11113.919999999998,5
6464,1246,70,145,0,145,130,10,5,55,55,0,55,195,50,31488.615000000005,18275.0,13213.615000000005,5
6465,1246,65,175,0,175,115,35,25,60,60,0,60,175,40,22251.600000000002,20400.0,1851.600000000003,5
6466,1246,65,150,0,150,145,0,5,45,45,0,45,205,45,26980.380000000005,18275.0,8705.380000000005,5
6467,1246,30,185,0,185,175,0,10,25,25,0,25,200,15,7682.76,18275.0,-10592.24,5
6468,1246,55,170,0,170,150,5,15,40,40,0,40,200,30,20486.114999999998,19125.0,1361.1149999999998,5
6469,1246,65,160,0,160,160,0,0,40,40,0,40,220,25,15719.400000000001,19125.0,-3405.5999999999995,5
6470,1246,65,175,0,175,175,0,0,30,30,0,30,235,20,11792.340000000002,20400.0,-8607.659999999998,5
6471,1246,50,165,0,165,160,5,0,30,30,0,30,205,65,47696.7375,18275.0,29421.7375,5
6472,1246,50,180,0,180,155,0,25,40,40,0,35,200,25,13960.62,19550.0,-5589.379999999999,5
6473,1246,60,165,0,165,155,10,0,30,30,0,30,210,30,17657.64,19125.0,-1467.3599999999988,5
6474,1246,55,140,0,140,135,0,5,40,40,0,40,185,60,45342.75093750001,16575.0,28767.750937500005,5
6475,1246,65,160,0,160,125,30,5,50,50,0,50,185,65,43210.98000000001,19125.0,24085.98000000001,5
6476,1246,35,170,0,170,165,0,5,30,30,0,30,195,30,16314.660000000002,17425.0,-1110.3399999999988,5
6477,1246,70,175,0,175,170,0,5,30,30,0,30,235,15,7318.800000000001,20825.0,-13506.199999999999,5
6478,1246,95,170,0,170,110,30,30,45,45,0,45,200,50,27956.34000000001,22525.0,5431.340000000009,5
6479,1246,45,170,0,170,150,0,20,40,40,0,40,190,35,21572.640000000007,18275.0,3297.640000000006,5
6480,1246,110,135,0,135,130,5,0,50,50,0,50,235,35,21331.89,20825.0,506.8899999999985,5
6481,1246,65,160,0,160,140,15,5,60,60,0,60,200,65,39657.33000000001,19125.0,20532.33000000001,5
6482,1246,60,175,0,175,160,10,5,25,25,0,25,215,15,7463.16,19975.0,-12511.84,5
6483,1246,95,150,0,150,105,20,25,70,70,0,70,195,50,28248.480000000003,20825.0,7423.480000000004,5
6484,1246,90,125,0,125,120,5,0,50,50,0,50,205,50,29696.130000000005,18275.0,11421.130000000003,5
6485,1246,80,155,0,155,145,10,0,30,30,0,30,220,35,25358.355000000003,19975.0,5383.355000000001,5
6486,1246,55,175,0,175,145,15,15,50,50,0,50,195,45,27262.979999999996,19550.0,7712.979999999998,5
6487,1246,70,165,0,165,120,10,35,45,45,0,45,185,60,34457.40000000001,19975.0,14482.400000000007,5
6488,1246,55,175,0,175,155,0,20,40,40,0,40,205,40,24430.950000000004,19550.0,4880.950000000003,5
6489,1246,50,190,0,190,180,0,10,15,15,0,15,225,35,26044.47,20400.0,5644.470000000001,5
6490,1246,70,155,0,155,155,0,0,55,55,0,55,220,20,10009.440000000002,19125.0,-9115.559999999998,5
6491,1246,60,155,0,155,145,10,0,35,35,0,30,200,45,29826.090000000004,18275.0,11551.090000000004,5
6492,1246,75,165,0,165,135,0,30,50,50,0,45,205,40,26551.170000000002,20400.0,6151.170000000002,5
6493,1246,100,135,0,135,125,0,10,25,25,0,25,220,25,15730.200000000003,19975.0,-4244.799999999997,5
6494,1246,55,180,0,180,120,25,35,50,50,0,50,170,30,18417.33,19975.0,-1557.6699999999983,5
6495,1246,90,155,0,155,125,0,30,50,50,0,50,210,35,18926.460000000003,20825.0,-1898.5399999999981,5
6496,1246,80,170,0,170,130,0,40,50,50,0,50,205,20,10036.08,21250.0,-11213.919999999998,5
6497,1246,60,160,0,160,120,35,5,50,50,0,50,175,30,17192.520000000004,18700.0,-1507.479999999996,5
6498,1246,50,170,0,170,155,5,10,45,45,0,45,200,50,29954.97,18700.0,11254.970000000003,5
6499,1246,50,165,0,165,150,15,0,35,35,0,35,195,50,30065.580000000005,18275.0,11790.580000000005,5
6500,1246,50,175,0,175,150,10,15,30,30,0,30,195,50,36519.412500000006,19125.0,17394.412500000006,5
6501,1246,55,170,0,170,130,20,20,50,50,0,50,180,10,4989.6,19125.0,-14135.4,5
6502,1246,85,135,0,135,125,0,10,55,55,0,55,205,45,25819.920000000002,18700.0,7119.920000000002,5
6503,1246,100,150,0,150,145,0,5,30,30,0,30,240,25,14337.18,21250.0,-6912.82,5
6504,1246,35,190,0,190,165,10,15,30,30,0,30,195,20,12731.399999999998,19125.0,-6393.600000000001,5
6505,1246,35,195,0,195,175,20,0,20,20,0,20,205,15,7807.3200000000015,19550.0,-11742.679999999998,5
6506,1246,85,170,0,170,150,0,20,25,25,0,25,230,15,8879.04,21675.0,-12795.96,5
6507,1246,50,155,0,155,140,0,15,25,25,0,25,185,25,16427.97,17425.0,-997.0299999999975,5
6508,1246,35,175,0,175,150,20,5,30,30,0,30,180,40,27956.790000000005,17850.0,10106.790000000005,5
6509,1246,35,190,0,190,165,20,5,30,30,0,30,195,25,14345.820000000002,19125.0,-4779.1799999999985,5
6510,1246,50,140,0,140,140,0,0,35,35,0,35,185,55,40480.8975,16150.0,24330.8975,5
6511,1246,55,175,0,175,145,0,30,35,35,0,35,195,50,33422.715000000004,19550.0,13872.715000000004,5
6512,1246,85,150,0,150,140,10,0,40,40,0,40,220,45,30093.975000000006,19975.0,10118.975000000006,5
6513,1246,85,155,0,155,145,5,5,35,35,0,35,225,15,7732.080000000001,20400.0,-12667.919999999998,5
6514,1246,40,175,0,175,150,0,25,30,30,0,30,185,20,11282.58,18275.0,-6992.42,5
6515,1246,65,170,0,170,160,5,5,35,35,0,35,220,20,11379.060000000001,19975.0,-8595.939999999999,5
6516,1246,60,170,0,170,160,0,10,40,40,0,35,215,25,12018.960000000003,19550.0,-7531.039999999998,5
6517,1246,60,165,0,165,160,5,0,45,45,0,45,215,40,23840.28,19125.0,4715.279999999998,5
6518,1246,70,150,0,150,130,15,5,30,30,0,30,195,35,22525.020000000004,18700.0,3825.020000000004,5
6519,1246,55,150,0,150,135,15,0,40,40,0,40,185,75,59829.57773437501,17425.0,42404.57773437501,5
6520,1246,45,170,0,170,150,5,15,40,40,0,40,190,55,34704.81,18275.0,16429.809999999998,5
6521,1246,50,165,0,165,130,5,30,25,25,0,25,175,10,5225.760000000001,18275.0,-13049.24,5
6522,1246,70,150,0,150,150,0,0,40,40,0,40,215,20,12050.640000000001,18700.0,-6649.359999999999,5
6523,1246,30,195,0,195,165,5,25,30,30,0,25,190,15,7507.080000000001,19125.0,-11617.919999999998,5
6524,1246,80,130,0,130,125,5,0,60,60,0,55,200,20,10229.040000000003,17850.0,-7620.959999999997,5
6525,1246,75,160,0,160,115,10,35,45,45,0,45,185,25,14883.480000000001,19975.0,-5091.519999999999,5
6526,1246,115,150,0,150,145,0,5,15,15,0,15,255,45,37728.7621875,22525.0,15203.762187499997,5
6527,1246,105,130,0,130,115,10,5,60,60,0,60,215,20,10445.400000000005,19975.0,-9529.599999999995,5
6528,1246,65,155,0,155,155,0,0,55,55,0,55,215,35,18530.280000000002,18700.0,-169.71999999999753,5
6529,1246,55,155,0,155,135,15,5,50,50,0,50,185,20,10953.900000000001,17850.0,-6896.0999999999985,5
6530,1246,120,135,0,135,130,0,5,45,45,0,45,245,35,22672.710000000003,21675.0,997.7100000000019,5
6531,1246,40,170,0,170,140,20,10,35,35,0,35,175,45,30779.864999999998,17850.0,12929.865,5
6532,1246,40,180,0,180,180,0,0,35,35,0,35,215,30,16690.14,18700.0,-2009.8599999999988,5
6533,1246,40,195,0,195,130,25,40,35,35,0,30,165,20,9782.640000000001,19975.0,-10192.359999999999,5
6534,1246,70,170,0,170,165,5,0,20,20,0,20,230,20,14125.050000000001,20400.0,-6274.949999999999,5
6535,1246,65,140,0,140,130,5,5,55,55,0,55,190,20,12352.320000000002,17425.0,-5072.6799999999985,5
6536,1246,95,140,0,140,135,0,5,45,45,0,45,225,30,18018.72,19975.0,-1956.279999999997,5
6537,1246,75,145,0,145,125,10,10,55,55,0,55,195,75,49713.57000000001,18700.0,31013.570000000007,5
6538,1246,55,155,0,155,130,15,10,50,50,0,50,180,50,28600.290000000005,17850.0,10750.290000000005,5
6539,1246,100,155,0,155,130,25,0,40,40,0,40,225,35,21002.22,21675.0,-672.7799999999979,5
6540,1246,75,145,0,145,140,0,5,40,40,0,40,210,55,35879.310000000005,18700.0,17179.310000000005,5
6541,1246,60,170,0,170,130,10,30,50,50,0,50,185,40,24971.130000000005,19550.0,5421.130000000003,5
6542,1246,105,135,0,135,110,5,20,55,55,0,50,210,65,43655.265,20400.0,23255.265,5
6543,1246,75,160,0,160,145,0,15,40,40,0,40,215,25,15698.520000000004,19975.0,-4276.479999999997,5
6544,1246,40,165,0,165,115,45,5,35,35,0,35,150,65,48355.155000000006,17425.0,30930.155000000006,5
6545,1246,35,180,0,180,140,10,30,30,30,0,30,170,5,2458.44,18275.0,-15816.56,5
6546,1246,90,130,0,130,125,0,5,55,55,0,50,210,45,29193.03,18700.0,10493.029999999999,5
6547,1246,95,145,0,145,145,0,0,55,55,0,50,235,40,21930.840000000004,20400.0,1530.8400000000029,5
6548,1246,90,145,0,145,135,0,10,60,60,0,55,220,45,25856.82,19975.0,5881.819999999998,5
6549,1246,65,170,0,170,165,0,5,15,15,0,15,225,5,2634.1200000000003,19975.0,-17340.88,5
6550,1246,45,180,0,180,105,55,20,40,40,0,40,145,50,38656.14750000001,19125.0,19531.147500000006,5
6551,1246,100,155,0,155,155,0,0,30,30,0,30,250,30,17450.82,21675.0,-4224.1799999999985,5
6552,1246,95,150,0,150,150,0,0,35,35,0,35,240,35,20462.58,20825.0,-362.4199999999996,5
6553,1246,60,160,0,160,145,10,5,55,55,0,55,200,85,54810.09000000002,18700.0,36110.09000000002,5
6554,1246,90,145,0,145,115,30,0,50,50,0,50,200,35,17318.520000000004,19975.0,-2656.479999999997,5
6555,1246,60,185,0,185,95,55,35,60,60,0,55,150,40,27871.762500000004,20825.0,7046.762500000004,5
6556,1246,80,150,0,150,125,0,25,40,40,0,40,200,25,16034.130000000003,19550.0,-3515.8699999999976,5
6557,1246,65,160,0,160,145,0,15,35,35,0,35,205,35,18537.660000000003,19125.0,-587.3399999999947,5
6558,1246,65,160,0,160,150,0,10,45,45,0,45,210,30,16815.060000000005,19125.0,-2309.939999999997,5
6559,1246,55,155,0,155,135,0,20,45,45,0,45,185,55,41162.287500000006,17850.0,23312.287500000002,5
6560,1246,145,155,0,155,130,0,25,15,15,0,15,270,10,5092.560000000001,25500.0,-20407.44,5
6561,1246,50,185,0,185,135,10,40,35,35,0,35,180,15,9299.52,19975.0,-10675.479999999998,5
6562,1246,75,145,0,145,130,0,15,60,60,0,55,200,75,51311.0025,18700.0,32611.002500000002,5
6563,1246,65,150,0,150,130,10,10,50,50,0,50,190,50,30376.620000000003,18275.0,12101.620000000003,5
6564,1246,55,175,0,175,170,5,0,40,40,0,40,220,15,8418.240000000002,19550.0,-11131.759999999998,5
6565,1246,70,165,0,165,125,10,30,40,40,0,40,190,55,40311.990000000005,19975.0,20336.990000000005,5
6566,1246,50,185,0,185,100,50,35,45,45,0,45,145,30,14618.880000000001,19975.0,-5356.119999999999,5
6567,1246,90,150,0,150,150,0,0,65,65,0,65,235,40,21410.460000000003,20400.0,1010.4600000000028,5
6568,1246,65,200,0,200,90,75,35,45,45,0,45,150,15,7870.3200000000015,22525.0,-14654.679999999998,5
6569,1246,55,175,0,175,140,10,25,50,50,0,45,190,20,11754.900000000001,19550.0,-7795.099999999998,5
6570,1246,50,185,0,185,120,45,20,40,40,0,40,165,55,34947.09,19975.0,14972.089999999998,5
6571,1246,50,170,0,170,165,0,5,35,35,0,35,210,40,26163.585000000006,18700.0,7463.585000000007,5
6572,1246,65,160,0,160,135,20,5,35,35,0,35,195,5,2789.2799999999997,19125.0,-16335.720000000001,5
6573,1246,60,170,0,170,130,20,20,45,45,0,40,185,40,27156.915,19550.0,7606.914999999999,5
6574,1246,45,170,0,170,145,10,15,40,40,0,40,185,10,5055.480000000001,18275.0,-13219.519999999997,5
6575,1246,60,170,0,170,155,10,5,35,35,0,35,210,60,39767.535,19550.0,20217.535000000007,5
6576,1246,35,185,0,185,135,35,15,30,30,0,30,165,30,20024.235000000004,18700.0,1324.2350000000033,5
6577,1246,75,155,0,155,110,30,15,60,60,0,60,180,40,22216.500000000007,19550.0,2666.5000000000055,5
6578,1246,160,95,0,95,90,0,5,50,50,0,50,245,40,23713.11,21675.0,2038.1100000000015,5
6579,1246,45,195,0,195,130,35,30,35,35,0,35,170,25,13806.900000000001,20400.0,-6593.099999999999,5
6580,1246,65,165,0,165,140,10,15,50,50,0,50,200,40,22710.240000000005,19550.0,3160.2400000000034,5
6581,1246,55,160,0,160,155,0,5,45,45,0,45,205,45,23508.9,18275.0,5233.900000000003,5
6582,1246,60,165,0,165,150,10,5,55,55,0,55,205,30,15228.36,19125.0,-3896.64,5
6583,1246,120,130,0,130,130,0,0,30,30,0,30,245,35,25073.235000000004,21250.0,3823.235000000004,5
6584,1246,30,195,0,195,195,0,0,15,15,0,15,220,0,0.0,19125.0,-19125.0,5
6585,1246,70,165,0,165,160,0,5,30,30,0,25,225,25,14032.980000000003,19975.0,-5942.019999999998,5
6586,1246,45,180,0,180,160,0,20,40,40,0,40,200,60,37985.85,19125.0,18860.85,5
6587,1246,85,160,0,160,145,0,15,25,25,0,25,225,15,11382.480000000003,20825.0,-9442.519999999997,5
6588,1246,30,195,0,195,145,15,35,25,25,0,25,170,25,18092.835,19125.0,-1032.165,5
6589,1246,50,140,0,140,130,0,10,40,40,0,40,175,70,51621.08625000001,16150.0,35471.08625000001,5
6590,1246,95,145,0,145,115,10,20,45,45,0,45,205,20,9743.760000000002,20400.0,-10656.239999999998,5
6591,1246,55,190,0,190,110,45,35,50,50,0,50,160,30,16416.9,20825.0,-4408.099999999999,5
6592,1246,45,180,0,180,175,0,5,15,15,0,15,215,20,12742.110000000002,19125.0,-6382.889999999998,5
6593,1246,75,160,0,160,140,0,20,55,55,0,55,210,20,10100.52,19975.0,-9874.48,5
6594,1246,60,170,0,170,165,0,5,15,15,0,15,220,20,10920.060000000001,19550.0,-8629.939999999999,5
6595,1246,55,170,0,170,130,35,5,40,40,0,40,180,10,4916.88,19125.0,-14208.119999999999,5
6596,1246,95,130,0,130,125,0,5,65,65,0,65,215,60,35947.62000000001,19125.0,16822.620000000006,5
6597,1246,100,150,0,150,150,0,0,40,40,0,40,245,30,17911.800000000003,21250.0,-3338.199999999997,5
6598,1246,70,165,0,165,165,0,0,40,40,0,35,230,20,10497.960000000003,19975.0,-9477.039999999997,5
6599,1246,60,165,0,165,160,0,5,35,35,0,35,215,5,3028.680000000001,19125.0,-16096.319999999998,5
6600,1246,140,125,0,125,110,10,5,45,45,0,45,245,30,19054.35,22525.0,-3470.6500000000005,5
6601,1246,105,150,0,150,145,5,0,30,30,0,30,245,20,11414.340000000002,21675.0,-10260.659999999998,5
6602,1246,85,155,0,155,145,0,10,50,50,0,50,225,45,25241.22,20400.0,4841.220000000003,5
6603,1246,85,140,0,140,140,0,0,45,45,0,45,220,75,59904.205312499995,19125.0,40779.205312499995,5
6604,1246,70,160,0,160,135,10,15,45,45,0,45,200,30,17082.72,19550.0,-2467.2799999999984,5
6605,1246,70,145,0,145,140,0,5,35,35,0,35,205,25,15892.560000000005,18275.0,-2382.4399999999946,5
6606,1246,55,165,0,165,160,0,5,40,40,0,35,210,25,14105.700000000004,18700.0,-4594.299999999996,5
6607,1246,85,140,0,140,135,5,0,55,55,0,55,215,50,38200.86,19125.0,19075.86,5
6608,1246,75,140,0,140,130,0,10,55,55,0,55,200,35,18790.74,18275.0,515.7400000000007,5
6609,1246,55,155,0,155,145,0,10,55,55,0,50,195,35,18926.82,17850.0,1076.8200000000002,5
6610,1246,55,180,0,180,135,35,10,50,50,0,50,185,20,9745.920000000002,19975.0,-10229.079999999998,5
6611,1246,50,165,0,165,125,10,30,45,45,0,45,170,60,40113.5175,18275.0,21838.517499999998,5
6612,1246,75,160,0,160,150,10,0,40,40,0,40,220,15,7577.64,19975.0,-12397.359999999999,5
6613,1246,70,150,0,150,145,5,0,50,50,0,50,210,70,49209.975000000006,18700.0,30509.975000000006,5
6614,1246,50,180,0,180,150,15,15,30,30,0,30,195,25,13728.420000000002,19550.0,-5821.579999999999,5
6615,1246,65,160,0,160,120,25,15,60,60,0,60,180,30,16914.780000000002,19125.0,-2210.219999999997,5
6616,1246,55,160,0,160,160,0,0,45,45,0,45,210,20,10580.04,18275.0,-7694.959999999999,5
6617,1246,40,200,0,200,175,20,5,25,25,0,25,210,20,10448.64,20400.0,-9951.36,5
6618,1246,45,185,0,185,130,35,20,30,30,0,30,170,20,11537.100000000002,19550.0,-8012.899999999998,5
6619,1246,115,140,0,140,140,0,0,30,30,0,30,250,20,12827.340000000002,21675.0,-8847.659999999998,5
6620,1246,50,180,0,180,130,15,35,40,40,0,40,175,20,10989.720000000001,19550.0,-8560.279999999999,5
6621,1246,75,165,0,165,160,0,5,35,35,0,35,230,50,33095.835,20400.0,12695.835000000003,5
6622,1246,110,135,0,135,135,0,0,55,55,0,55,240,25,12456.720000000003,20825.0,-8368.279999999997,5
6623,1246,90,150,0,150,135,15,0,45,45,0,45,220,30,17085.780000000002,20400.0,-3314.219999999998,5
6624,1246,80,180,0,180,130,20,30,50,50,0,50,205,25,13081.68,22100.0,-9018.32,5
6625,1246,65,155,0,155,140,0,15,40,40,0,35,200,45,31550.355000000003,18700.0,12850.355000000003,5
6626,1246,55,180,0,180,160,15,5,45,45,0,45,210,10,5180.400000000001,19975.0,-14794.6,5
6627,1246,100,140,0,140,125,0,15,40,40,0,40,220,30,19555.11,20400.0,-844.889999999998,5
6628,1246,85,150,0,150,125,20,5,40,40,0,40,205,55,44330.220000000016,19975.0,24355.220000000016,5
6629,1246,70,155,0,155,155,0,0,45,45,0,45,220,45,27280.170000000002,19125.0,8155.170000000003,5
6630,1246,40,155,0,155,155,0,0,30,30,0,30,190,35,30729.560625000006,16575.0,14154.560625000004,5
6631,1246,65,155,0,155,135,0,20,35,35,0,35,195,65,46298.733750000014,18700.0,27598.73375000001,5
6632,1246,75,135,0,135,125,0,10,50,50,0,50,195,70,44361.0,17850.0,26511.000000000004,5
6633,1246,30,185,0,185,175,0,10,20,20,0,20,200,25,16572.24,18275.0,-1702.7599999999984,5
6634,1246,40,180,0,180,150,0,30,35,35,0,35,185,5,2634.1200000000003,18700.0,-16065.88,5
6635,1246,75,165,0,165,150,5,10,45,45,0,45,220,30,15546.960000000003,20400.0,-4853.039999999996,5
6636,1246,50,150,0,150,115,20,15,45,45,0,45,160,65,42521.49000000001,17000.0,25521.490000000013,5
6637,1246,45,190,0,190,130,45,15,40,40,0,40,170,35,18723.420000000006,19975.0,-1251.5799999999945,5
6638,1246,90,155,0,155,150,0,5,30,30,0,30,235,15,8488.080000000002,20825.0,-12336.919999999998,5
6639,1246,50,185,0,185,135,20,30,40,40,0,40,180,40,19168.56,19975.0,-806.44,5
6640,1246,55,165,0,165,110,45,10,40,40,0,40,160,35,23152.725000000006,18700.0,4452.725000000005,5
6641,1246,80,145,0,145,145,0,0,40,40,0,40,220,35,20678.4,19125.0,1553.4000000000015,5
6642,1246,90,140,0,140,115,0,25,50,50,0,45,200,35,18169.920000000006,19550.0,-1380.0799999999958,5
6643,1246,55,165,0,165,110,30,25,45,45,0,45,160,35,17559.720000000005,18700.0,-1140.2799999999957,5
6644,1246,45,165,0,165,155,0,10,45,45,0,40,195,35,19079.460000000003,17850.0,1229.4600000000037,5
6645,1246,55,160,0,160,155,0,5,35,35,0,30,205,25,12381.840000000002,18275.0,-5893.159999999998,5
6646,1246,60,170,0,170,160,0,10,25,25,0,25,215,10,5048.64,19550.0,-14501.36,5
6647,1246,55,175,0,175,170,0,5,15,15,0,10,220,5,2590.2000000000003,19550.0,-16959.8,5
6648,1246,65,140,0,140,105,15,20,60,60,0,60,165,50,30993.93,17425.0,13568.93,5
6649,1246,75,165,0,165,105,40,20,45,45,0,40,175,35,21889.890000000007,20400.0,1489.8900000000049,5
6650,1246,65,145,0,145,145,0,0,35,35,0,35,205,50,39299.709375000006,17850.0,21449.709375000006,5
6651,1246,60,155,0,155,140,0,15,55,55,0,55,195,30,17085.24,18275.0,-1189.7599999999989,5
6652,1246,50,165,0,165,155,0,10,35,35,0,35,200,45,33241.567500000005,18275.0,14966.567500000001,5
6653,1246,40,185,0,185,155,10,20,30,30,0,30,190,35,23481.855,19125.0,4356.8550000000005,5
6654,1246,45,150,0,150,145,0,5,35,35,0,35,185,30,19621.890000000003,16575.0,3046.890000000003,5
6655,1246,70,175,0,175,115,25,35,50,50,0,45,180,30,17476.200000000004,20825.0,-3348.7999999999965,5
6656,1246,105,155,0,155,135,0,20,30,30,0,30,235,15,7646.760000000002,22100.0,-14453.239999999998,5
6657,1246,90,155,0,155,140,5,10,40,40,0,40,225,20,10017.36,20825.0,-10807.64,5
6658,1246,50,170,0,170,160,0,10,30,30,0,30,205,30,19326.87,18700.0,626.869999999999,5
6659,1246,55,170,0,170,160,10,0,45,45,0,45,210,35,23782.86,19125.0,4657.860000000001,5
6660,1246,55,180,0,180,145,35,0,30,30,0,30,195,25,14860.440000000002,19975.0,-5114.559999999997,5
6661,1246,50,170,0,170,145,15,10,45,45,0,40,190,45,31365.472500000003,18700.0,12665.472500000005,5
6662,1246,75,155,0,155,145,0,10,45,45,0,45,215,40,27053.955,19550.0,7503.955000000001,5
6663,1246,35,175,0,175,170,5,0,30,30,0,30,200,30,20011.05,17850.0,2161.05,5
6664,1246,95,145,0,145,140,0,5,45,45,0,45,230,30,16692.84,20400.0,-3707.159999999999,5
6665,1246,130,130,0,130,130,0,0,35,35,0,35,255,35,23552.64,22100.0,1452.6400000000012,5
6666,1246,55,155,0,155,110,25,20,50,50,0,50,160,30,17214.840000000004,17850.0,-635.1599999999962,5
6667,1246,45,170,0,170,145,10,15,35,35,0,35,185,55,36599.04000000001,18275.0,18324.040000000008,5
6668,1246,55,160,0,160,125,25,10,45,45,0,45,175,20,9833.76,18275.0,-8441.24,5
6669,1246,80,175,0,175,165,10,0,40,40,0,40,240,20,10455.84,21675.0,-11219.16,5
6670,1246,25,190,0,190,180,5,5,20,20,0,15,200,10,5180.400000000001,18275.0,-13094.6,5
6671,1246,60,195,0,195,145,10,40,25,25,0,25,200,30,20968.515000000003,21675.0,-706.4849999999979,5
6672,1246,55,175,0,175,165,10,0,25,25,0,25,215,25,17510.67,19550.0,-2039.33,5
6673,1246,60,195,0,195,120,40,35,45,45,0,45,175,35,17876.520000000004,21675.0,-3798.4799999999973,5
6674,1246,55,170,0,170,145,5,20,45,45,0,45,195,35,19704.600000000002,19125.0,579.6000000000026,5
6675,1246,50,180,0,180,155,5,20,30,30,0,30,200,15,7155.720000000001,19550.0,-12394.279999999999,5
6676,1246,65,140,0,140,125,5,10,50,50,0,50,185,45,29295.180000000004,17425.0,11870.180000000004,5
6677,1246,60,165,0,165,130,30,5,50,50,0,50,185,35,19759.86,19125.0,634.860000000001,5
6678,1246,85,160,0,160,160,0,0,25,25,0,25,240,20,11288.34,20825.0,-9536.66,5
6679,1246,100,135,0,135,125,0,10,45,45,0,45,220,30,17033.940000000002,19975.0,-2941.0599999999977,5
6680,1246,85,155,0,155,145,0,10,60,60,0,60,225,35,17380.440000000002,20400.0,-3019.5599999999968,5
6681,1246,120,140,0,140,140,0,0,25,25,0,25,255,0,0.0,22100.0,-22100.0,5
6682,1246,100,155,0,155,150,0,5,25,25,0,25,245,15,7814.520000000001,21675.0,-13860.479999999998,5
6683,1246,40,180,0,180,180,0,0,20,20,0,20,215,10,5268.240000000001,18700.0,-13431.759999999998,5
6684,1246,65,170,0,170,140,5,25,35,35,0,30,200,40,23555.700000000004,19975.0,3580.700000000006,5
6685,1246,50,195,0,195,115,55,25,45,45,0,45,160,45,26486.640000000003,20825.0,5661.640000000002,5
6686,1246,65,160,0,160,140,15,5,40,40,0,40,200,35,19156.140000000003,19125.0,31.1400000000026,5
6687,1246,70,165,0,165,160,0,5,45,45,0,45,225,15,7682.76,19975.0,-12292.24,5
6688,1246,50,160,0,160,160,0,0,45,45,0,45,205,50,30892.950000000004,17850.0,13042.950000000004,5
6689,1246,80,150,0,150,150,0,0,35,35,0,35,225,10,6387.660000000001,19550.0,-13162.34,5
6690,1246,70,170,0,170,115,50,5,65,65,0,65,180,35,20374.560000000005,20400.0,-25.439999999996417,5
6691,1246,50,165,0,165,140,10,15,45,45,0,45,185,45,27204.480000000003,18275.0,8929.480000000003,5
6692,1246,95,145,0,145,135,10,0,40,40,0,40,225,20,11568.060000000001,20400.0,-8831.939999999999,5
6693,1246,70,155,0,155,145,0,10,35,35,0,35,210,45,30453.390000000003,19125.0,11328.390000000003,5
6694,1246,65,180,0,180,180,0,0,35,35,0,35,240,30,16740.72,20825.0,-4084.279999999999,5
6695,1246,85,145,0,145,140,0,5,35,35,0,30,220,10,5086.440000000001,19550.0,-14463.559999999998,5
6696,1246,45,175,0,175,165,5,5,30,30,0,30,205,15,9820.08,18700.0,-8879.92,5
6697,1246,60,155,0,155,115,20,20,55,55,0,55,170,65,42576.79500000001,18275.0,24301.795000000013,5
6698,1246,85,180,0,180,175,0,5,25,25,0,25,255,20,13515.210000000003,22525.0,-9009.789999999997,5
6699,1246,60,165,0,165,160,0,5,45,45,0,40,215,30,16500.060000000005,19125.0,-2624.939999999997,5
6700,1246,70,145,0,145,140,0,5,25,25,0,25,205,40,25857.270000000004,18275.0,7582.270000000003,5
6701,1246,75,155,0,155,135,0,20,60,60,0,60,205,35,19191.420000000002,19550.0,-358.5799999999972,5
6702,1246,50,195,0,195,170,0,25,40,40,0,40,215,20,10106.280000000002,20825.0,-10718.719999999998,5
6703,1246,90,125,0,125,125,0,0,40,40,0,40,210,60,45478.14750000001,18275.0,27203.147500000006,5
6704,1246,60,160,0,160,160,0,0,35,35,0,35,215,30,17404.200000000004,18700.0,-1295.799999999997,5
6705,1246,50,195,0,195,120,55,20,35,35,0,35,165,35,20615.940000000002,20825.0,-209.0599999999995,5
6706,1246,60,170,0,170,165,0,5,35,35,0,35,220,10,5180.400000000001,19550.0,-14369.6,5
6707,1246,40,160,0,160,145,5,10,35,35,0,35,180,75,54783.9,17000.0,37783.9,5
6708,1246,95,140,0,140,130,0,10,40,40,0,40,220,25,15852.420000000002,19975.0,-4122.579999999998,5
6709,1246,80,150,0,150,150,0,0,50,50,0,50,225,20,10229.040000000003,19550.0,-9320.959999999997,5
6710,1246,35,175,0,175,170,0,5,30,30,0,30,200,20,11472.119999999999,17850.0,-6377.88,5
6711,1246,85,140,0,140,130,0,10,35,35,0,35,210,45,31790.655000000006,19125.0,12665.655000000006,5
6712,1246,70,160,0,160,150,0,10,40,40,0,35,215,30,16821.9,19550.0,-2728.099999999997,5
6713,1246,65,165,0,165,150,0,15,40,40,0,40,210,35,20228.040000000005,19550.0,678.0400000000031,5
6714,1246,40,195,0,195,165,20,10,20,20,0,20,200,0,0.0,19975.0,-19975.0,5
6715,1246,65,170,0,170,165,0,5,30,30,0,30,225,25,13587.3,19975.0,-6387.7,5
6716,1246,45,175,0,175,150,15,10,35,35,0,30,190,40,24782.31,18700.0,6082.310000000002,5
6717,1246,75,165,0,165,155,5,5,25,25,0,25,225,30,19803.33,20400.0,-596.6699999999969,5
6718,1246,45,170,0,170,135,30,5,35,35,0,35,175,25,16546.230000000003,18275.0,-1728.7699999999973,5
6719,1246,70,150,0,150,150,0,0,40,40,0,40,215,30,19073.43,18700.0,373.43000000000075,5
6720,1246,60,175,0,175,125,20,30,45,45,0,45,180,35,20023.200000000004,19975.0,48.20000000000391,5
6721,1246,35,190,0,190,145,15,30,30,30,0,30,175,20,10398.600000000002,19125.0,-8726.399999999998,5
6722,1246,80,145,0,145,145,0,0,25,25,0,25,220,55,41324.287500000006,19125.0,22199.28750000001,5
6723,1246,40,190,0,190,165,0,25,30,30,0,30,200,15,7682.76,19550.0,-11867.24,5
6724,1246,75,140,0,140,140,0,0,55,55,0,55,210,35,17958.600000000002,18275.0,-316.39999999999645,5
6725,1246,80,150,0,150,130,0,20,45,45,0,45,205,70,48782.72250000001,19550.0,29232.72250000001,5
6726,1246,35,200,0,200,170,0,30,20,20,0,20,200,20,11392.380000000001,19975.0,-8582.619999999999,5
6727,1246,45,170,0,170,140,0,30,40,40,0,40,180,25,14170.680000000002,18275.0,-4104.319999999998,5
6728,1246,35,170,0,170,165,5,0,25,25,0,25,195,15,7777.800000000002,17425.0,-9647.199999999997,5
6729,1246,55,180,0,180,150,0,30,45,45,0,45,200,20,9288.36,19975.0,-10686.64,5
6730,1246,50,180,0,180,145,10,25,45,45,0,45,190,50,32093.820000000007,19550.0,12543.820000000005,5
6731,1246,50,175,0,175,140,10,25,35,35,0,35,185,10,4756.3200000000015,19125.0,-14368.68,5
6732,1246,65,185,0,185,165,10,10,15,15,0,15,225,0,0.0,21250.0,-21250.0,5
6733,1246,40,180,0,180,170,10,0,30,30,0,30,205,5,2461.3200000000006,18700.0,-16238.68,5
6734,1246,110,155,0,155,140,0,15,40,40,0,40,245,10,5048.64,22525.0,-17476.36,5
6735,1246,60,135,0,135,120,15,0,45,45,0,45,175,50,33058.845,16575.0,16483.845,5
6736,1246,40,195,0,195,150,15,30,35,35,0,35,185,25,14095.26,19975.0,-5879.74,5
6737,1246,50,155,0,155,110,25,20,35,35,0,30,155,30,20283.614999999998,17425.0,2858.615,5
6738,1246,85,140,0,140,120,20,0,35,35,0,35,200,30,23296.365,19125.0,4171.365000000001,5
6739,1246,50,145,0,145,140,0,5,40,40,0,40,185,65,46247.1075,16575.0,29672.107500000002,5
6740,1246,50,185,0,185,140,35,10,45,45,0,45,185,30,16975.980000000003,19975.0,-2999.019999999998,5
6741,1246,95,130,0,130,115,0,15,60,60,0,60,205,65,39136.32000000001,19125.0,20011.320000000007,5
6742,1246,40,185,0,185,165,0,20,35,35,0,35,200,10,4672.4400000000005,19125.0,-14452.559999999998,5
6743,1246,85,150,0,150,120,5,25,50,50,0,50,200,45,24601.320000000007,19975.0,4626.320000000005,5
6744,1246,65,165,0,165,105,40,20,60,60,0,60,165,45,26743.32,19550.0,7193.319999999999,5
6745,1246,60,150,0,150,135,10,5,55,55,0,55,190,75,48022.155,17850.0,30172.155000000002,5
6746,1246,55,180,0,180,125,35,20,50,50,0,50,175,40,22784.580000000005,19975.0,2809.5800000000054,5
6747,1246,65,170,0,170,155,5,10,25,25,0,25,215,35,21888.9,19975.0,1913.9000000000033,5
6748,1246,50,180,0,180,150,20,10,35,35,0,35,195,15,7814.52,19550.0,-11735.48,5
6749,1246,70,155,0,155,155,0,0,30,30,0,30,220,25,16539.75,19125.0,-2585.250000000001,5
6750,1246,95,140,0,140,135,0,5,60,60,0,60,225,55,33664.59,19975.0,13689.589999999998,5
6751,1246,90,150,0,150,140,0,10,35,35,0,35,225,25,16237.170000000002,20400.0,-4162.829999999999,5
6752,1246,50,165,0,165,165,0,0,35,35,0,35,210,20,9775.44,18275.0,-8499.56,5
6753,1246,80,140,0,140,140,0,0,45,45,0,45,215,5,2894.4000000000005,18700.0,-15805.599999999999,5
6754,1246,45,160,0,160,130,25,5,35,35,0,35,170,35,24423.66,17425.0,6998.66,5
6755,1246,75,165,0,165,160,0,5,30,30,0,30,230,10,4926.960000000001,20400.0,-15473.039999999999,5
6756,1246,70,165,0,165,135,15,15,40,40,0,40,200,45,29159.50500000001,19975.0,9184.505000000008,5
6757,1246,120,140,0,140,140,0,0,35,35,0,35,255,45,27614.070000000007,22100.0,5514.070000000006,5
6758,1246,55,175,0,175,170,0,5,25,25,0,25,220,35,23412.015,19550.0,3862.0150000000012,5
6759,1246,100,150,0,150,150,0,0,35,35,0,35,245,10,5180.400000000001,21250.0,-16069.6,5
6760,1246,95,150,0,150,150,0,0,40,40,0,40,240,25,13760.100000000002,20825.0,-7064.899999999998,5
6761,1246,75,165,0,165,145,0,20,45,45,0,45,215,45,25568.28,20400.0,5168.28,5
6762,1246,75,155,0,155,155,0,0,55,55,0,55,225,40,21839.760000000002,19550.0,2289.760000000001,5
6763,1246,60,180,0,180,135,5,40,55,55,0,55,190,55,38765.216250000005,20400.0,18365.216250000005,5
6764,1246,45,175,0,175,125,20,30,35,35,0,35,165,20,11021.760000000002,18700.0,-7678.239999999998,5
6765,1246,100,150,0,150,125,20,5,40,40,0,40,220,60,40569.885,21250.0,19319.885000000002,5
6766,1246,80,160,0,160,145,15,0,30,30,0,30,220,20,12076.92,20400.0,-8323.08,5
6767,1246,80,150,0,150,140,5,5,45,45,0,45,215,30,18228.24,19550.0,-1321.7599999999993,5
6768,1246,90,135,0,135,135,0,0,50,50,0,50,220,25,16470.180000000004,19125.0,-2654.819999999995,5
6769,1246,135,135,0,135,120,15,0,45,45,0,40,250,15,9048.060000000001,22950.0,-13901.939999999999,5
6770,1246,80,175,0,175,115,60,0,45,45,0,45,190,25,14915.880000000001,21675.0,-6759.119999999998,5
6771,1246,35,195,0,195,150,40,5,30,30,0,30,180,10,4941.360000000001,19550.0,-14608.64,5
6772,1246,85,160,0,160,130,15,15,50,50,0,50,210,45,25661.16,20825.0,4836.16,5
6773,1246,80,150,0,150,120,25,5,65,65,0,65,195,40,21104.280000000002,19550.0,1554.2800000000034,5
6774,1246,60,165,0,165,155,0,10,40,40,0,40,210,25,14547.960000000003,19125.0,-4577.039999999997,5
6775,1246,45,185,0,185,165,10,10,30,30,0,30,205,20,10557.36,19550.0,-8992.64,5
6776,1246,80,165,0,165,115,20,30,55,55,0,55,190,45,27201.78,20825.0,6376.779999999999,5
6777,1246,70,160,0,160,125,30,5,45,45,0,45,190,20,10826.640000000003,19550.0,-8723.359999999997,5
6778,1246,100,150,0,150,150,0,0,45,45,0,45,245,30,16763.22,21250.0,-4486.779999999999,5
6779,1246,40,185,0,185,155,10,20,35,35,0,35,190,15,8637.119999999999,19125.0,-10487.880000000001,5
6780,1246,40,195,0,195,135,30,30,35,35,0,35,170,30,18205.74,19975.0,-1769.2599999999993,5
6781,1246,60,160,0,160,115,15,30,55,55,0,55,170,50,29407.68,18700.0,10707.68,5
6782,1246,70,175,0,175,130,25,20,55,55,0,55,195,30,15175.800000000003,20825.0,-5649.199999999996,5
6783,1246,55,175,0,175,140,30,5,40,40,0,40,190,20,11457.900000000001,19550.0,-8092.0999999999985,5
6784,1246,120,135,0,135,120,0,15,30,30,0,30,235,55,37146.735,21675.0,15471.735000000004,5
6785,1246,50,160,0,160,155,0,5,40,40,0,40,200,45,28697.670000000006,17850.0,10847.670000000007,5
6786,1246,100,155,0,155,150,0,5,40,40,0,40,245,20,11528.279999999999,21675.0,-10146.720000000001,5
6787,1246,50,165,0,165,150,5,10,45,45,0,45,195,40,23538.15,18275.0,5263.150000000001,5
6788,1246,65,160,0,160,145,0,15,55,55,0,55,205,65,44327.250000000015,19125.0,25202.250000000015,5
6789,1246,60,175,0,175,145,10,20,40,40,0,35,200,20,11150.460000000003,19975.0,-8824.539999999997,5
6790,1246,35,170,0,170,155,10,5,30,30,0,30,185,15,8322.840000000002,17425.0,-9102.159999999998,5
6791,1246,65,165,0,165,130,10,25,30,30,0,30,190,35,24507.900000000005,19550.0,4957.900000000004,5
6792,1246,60,165,0,165,155,10,0,55,55,0,55,210,70,47543.085,19125.0,28418.085,5
6793,1246,35,185,0,185,140,40,5,30,30,0,25,170,30,16225.380000000003,18700.0,-2474.6199999999976,5
6794,1246,60,160,0,160,150,0,10,40,40,0,40,205,25,14957.1,18700.0,-3742.8999999999996,5
6795,1246,60,175,0,175,120,25,30,55,55,0,55,175,20,10351.44,19975.0,-9623.56,5
6796,1246,80,155,0,155,140,10,5,65,65,0,65,215,65,38369.43000000001,19975.0,18394.43000000001,5
6797,1246,85,165,0,165,135,0,30,35,35,0,35,215,35,19758.06,21250.0,-1491.9399999999973,5
6798,1246,45,185,0,185,140,20,25,35,35,0,35,180,30,14300.280000000004,19550.0,-5249.719999999996,5
6799,1246,65,150,0,150,115,15,20,45,45,0,45,175,15,8227.440000000002,18275.0,-10047.559999999998,5
6800,1246,65,155,0,155,115,20,20,60,60,0,60,175,75,51044.41125000001,18700.0,32344.411250000012,5
6801,1246,45,185,0,185,170,5,10,40,40,0,40,210,15,7920.360000000001,19550.0,-11629.64,5
6802,1246,45,175,0,175,145,15,15,40,40,0,40,185,15,7507.080000000001,18700.0,-11192.919999999998,5
6803,1246,75,160,0,160,155,0,5,25,25,0,25,225,25,14514.660000000002,19975.0,-5460.339999999998,5
6804,1246,70,150,0,150,130,20,0,40,40,0,40,195,60,45515.19375,18700.0,26815.19375,5
6805,1246,60,190,0,190,130,40,20,50,50,0,50,185,30,17706.600000000002,21250.0,-3543.399999999997,5
6806,1246,75,160,0,160,150,10,0,30,30,0,30,220,5,2590.2000000000003,19975.0,-17384.8,5
6807,1246,70,160,0,160,160,0,0,40,40,0,40,225,65,39784.950000000004,19550.0,20234.950000000004,5
6808,1246,55,170,0,170,110,30,30,55,55,0,50,160,90,56717.235,19125.0,37592.235,5
6809,1246,75,165,0,165,160,0,5,35,35,0,35,230,20,11414.34,20400.0,-8985.66,5
6810,1246,75,160,0,160,160,0,0,25,25,0,25,230,15,7857.720000000001,19975.0,-12117.279999999999,5
6811,1246,55,165,0,165,145,10,10,45,45,0,45,195,25,15826.410000000003,18700.0,-2873.589999999997,5
6812,1246,75,170,0,170,130,30,10,35,35,0,30,200,50,36845.4825,20825.0,16020.482499999998,5
6813,1246,45,175,0,175,175,0,0,25,25,0,25,215,25,15208.110000000004,18700.0,-3491.8899999999962,5
6814,1246,100,150,0,150,145,0,5,40,40,0,40,240,10,5416.560000000001,21250.0,-15833.439999999999,5
6815,1246,105,165,0,165,140,0,25,15,15,0,15,240,0,0.0,22950.0,-22950.0,5
6816,1246,45,190,0,190,140,25,25,35,35,0,35,180,30,17100.54,19975.0,-2874.459999999999,5
6817,1246,55,165,0,165,120,35,10,45,45,0,45,170,35,24564.285,18700.0,5864.285,5
6818,1246,60,160,0,160,125,25,10,55,55,0,55,180,30,16170.840000000004,18700.0,-2529.159999999997,5
6819,1246,70,165,0,165,140,20,5,45,45,0,45,205,45,30551.04,19975.0,10576.040000000003,5
6820,1246,60,175,0,175,100,40,35,55,55,0,55,155,90,66767.13984375002,19975.0,46792.13984375001,5
6821,1246,55,165,0,165,130,30,5,50,50,0,50,180,40,21178.800000000003,18700.0,2478.800000000001,5
6822,1246,125,130,0,130,105,25,0,70,70,0,70,225,40,21411.540000000005,21675.0,-263.4599999999955,5
6823,1246,90,130,0,130,110,0,20,55,55,0,50,195,40,22852.080000000005,18700.0,4152.080000000005,5
6824,1246,55,170,0,170,135,10,25,50,50,0,50,185,25,14026.5,19125.0,-5098.499999999999,5
6825,1246,75,145,0,145,135,5,5,45,45,0,45,205,10,5198.400000000001,18700.0,-13501.599999999999,5
6826,1246,50,170,0,170,145,0,25,30,30,0,30,190,15,7155.720000000001,18700.0,-11544.279999999999,5
6827,1246,60,175,0,175,130,20,25,30,30,0,30,185,20,13792.95,19975.0,-6182.049999999999,5
6828,1246,55,165,0,165,155,5,5,30,30,0,30,205,50,33451.425,18700.0,14751.425000000003,5
6829,1246,65,170,0,170,165,5,0,40,40,0,40,225,10,4560.120000000001,19975.0,-15414.879999999997,5
6830,1246,100,150,0,150,145,0,5,30,30,0,30,240,10,4916.88,21250.0,-16333.119999999999,5
6831,1246,35,195,0,195,150,25,20,30,30,0,30,180,10,5169.6,19550.0,-14380.4,5
6832,1246,100,155,0,155,130,0,25,40,40,0,40,225,70,49420.54125000001,21675.0,27745.541250000006,5
6833,1246,65,175,0,175,125,20,30,55,55,0,50,185,55,35053.24500000001,20400.0,14653.245000000006,5
6834,1246,60,165,0,165,160,5,0,40,40,0,40,215,40,25208.550000000003,19125.0,6083.550000000005,5
6835,1246,110,130,0,130,130,0,0,45,45,0,45,235,50,30648.780000000002,20400.0,10248.780000000002,5
6836,1246,105,150,0,150,145,0,5,25,25,0,25,245,20,12292.200000000003,21675.0,-9382.799999999997,5
6837,1246,60,170,0,170,125,20,25,50,50,0,50,180,30,16618.5,19550.0,-2931.4999999999986,5
6838,1246,55,180,0,180,165,0,15,30,30,0,30,215,20,16219.305000000002,19975.0,-3755.6949999999983,5
6839,1246,80,165,0,165,135,30,0,45,45,0,45,210,60,39482.05500000001,20825.0,18657.055000000004,5
6840,1246,70,160,0,160,150,0,10,30,30,0,30,215,10,4809.960000000001,19550.0,-14740.039999999999,5
6841,1246,85,155,0,155,135,20,0,50,50,0,50,215,55,36427.365000000005,20400.0,16027.365000000005,5
6842,1246,70,160,0,160,155,0,5,45,45,0,45,220,10,5200.920000000001,19550.0,-14349.079999999998,5
6843,1246,65,170,0,170,150,20,0,60,60,0,60,210,20,10181.160000000002,19975.0,-9793.839999999998,5
6844,1246,100,130,0,130,130,0,0,35,35,0,35,225,10,5189.400000000001,19550.0,-14360.599999999999,5
6845,1246,50,175,0,175,160,0,15,35,35,0,35,205,35,22598.01,19125.0,3473.0099999999993,5
6846,1246,65,160,0,160,155,5,0,25,25,0,25,215,25,15650.730000000003,19125.0,-3474.269999999997,5
6847,1246,70,170,0,170,160,0,10,35,35,0,35,225,30,20944.53,20400.0,544.5299999999997,5
6848,1246,60,150,0,150,145,5,0,55,55,0,55,200,45,27406.08,17850.0,9556.080000000002,5
6849,1246,30,180,0,180,165,0,15,20,20,0,20,190,45,33159.39750000001,17850.0,15309.397500000005,5
6850,1246,55,170,0,170,155,5,10,40,40,0,40,205,25,14205.060000000001,19125.0,-4919.939999999999,5
6851,1246,65,165,0,165,150,0,15,30,30,0,30,210,25,13850.82,19550.0,-5699.180000000001,5
6852,1246,85,155,0,155,135,0,20,35,35,0,35,215,40,28182.037500000002,20400.0,7782.037500000001,5
6853,1246,50,165,0,165,150,10,5,45,45,0,45,195,25,14165.820000000002,18275.0,-4109.1799999999985,5
6854,1246,75,155,0,155,130,10,15,60,60,0,60,200,55,30078.54000000001,19550.0,10528.540000000012,5
6855,1246,45,180,0,180,160,20,0,30,30,0,30,200,25,13799.34,19125.0,-5325.66,5
6856,1246,75,150,0,150,125,15,10,55,55,0,50,195,35,21132.090000000004,19125.0,2007.0900000000029,5
6857,1246,40,180,0,180,180,0,0,30,30,0,30,215,45,28870.290000000005,18700.0,10170.290000000005,5
6858,1246,30,180,0,180,155,15,10,30,30,0,25,180,40,23666.4,17850.0,5816.400000000003,5
6859,1246,95,145,0,145,115,20,10,55,55,0,50,205,75,49667.310000000005,20400.0,29267.310000000005,5
6860,1246,75,145,0,145,105,25,15,50,50,0,50,175,60,41429.700000000004,18700.0,22729.700000000004,5
6861,1246,75,135,0,135,125,0,10,40,40,0,40,195,70,50242.12593750001,17850.0,32392.125937500005,5
6862,1246,75,155,0,155,130,0,25,45,45,0,45,200,35,20995.83,19550.0,1445.8300000000008,5
6863,1246,50,175,0,175,155,20,0,30,30,0,30,200,25,14344.380000000003,19125.0,-4780.619999999997,5
6864,1246,75,150,0,150,150,0,0,35,35,0,35,220,40,27252.855000000003,19125.0,8127.855000000004,5
6865,1246,135,110,0,110,85,20,5,70,70,0,70,215,45,27342.900000000005,20825.0,6517.900000000004,5
6866,1246,70,160,0,160,145,5,10,40,40,0,35,210,35,22547.070000000003,19550.0,2997.0700000000033,5
6867,1246,50,180,0,180,150,15,15,45,45,0,45,195,30,18175.32,19550.0,-1374.6800000000007,5
6868,1246,45,175,0,175,135,20,20,45,45,0,40,175,45,28299.510000000006,18700.0,9599.510000000006,5
6869,1246,55,190,0,190,170,0,20,15,15,0,15,220,25,18691.245000000003,20825.0,-2133.7549999999965,5
6870,1246,125,130,0,130,125,0,5,30,30,0,30,245,15,8102.880000000001,21675.0,-13572.119999999999,5
6871,1246,50,175,0,175,145,0,30,40,40,0,40,190,20,10411.560000000001,19125.0,-8713.439999999999,5
6872,1246,80,135,0,135,125,5,5,40,40,0,35,200,25,13209.480000000001,18275.0,-5065.519999999999,5
6873,1246,45,185,0,185,140,20,25,35,35,0,35,180,30,18982.62,19550.0,-567.3800000000006,5
6874,1246,60,165,0,165,135,25,5,50,50,0,50,190,40,28807.672500000004,19125.0,9682.672500000004,5
6875,1246,70,160,0,160,125,15,20,45,45,0,40,190,45,26803.980000000007,19550.0,7253.980000000006,5
6876,1246,70,160,0,160,140,0,20,45,45,0,45,205,55,33889.68,19550.0,14339.680000000004,5
6877,1246,50,165,0,165,140,0,25,35,35,0,30,185,40,30351.16125000001,18275.0,12076.161250000008,5
6878,1246,85,160,0,160,155,0,5,40,40,0,40,235,35,21048.570000000003,20825.0,223.57000000000426,5
6879,1246,85,140,0,140,135,5,0,60,60,0,60,215,45,28608.25500000001,19125.0,9483.255000000008,5
6880,1246,55,160,0,160,140,15,5,50,50,0,50,190,25,12657.240000000002,18275.0,-5617.759999999998,5
6881,1246,90,150,0,150,140,0,10,40,40,0,35,225,25,14618.880000000001,20400.0,-5781.119999999999,5
6882,1246,80,140,0,140,140,0,0,55,55,0,55,215,50,32464.260000000002,18700.0,13764.260000000004,5
6883,1246,35,195,0,195,145,45,5,30,30,0,30,175,20,12101.760000000002,19550.0,-7448.239999999998,5
6884,1246,65,170,0,170,150,0,20,45,45,0,45,210,15,8600.760000000002,19975.0,-11374.24,5
6885,1246,50,175,0,175,150,10,15,45,45,0,45,195,20,11809.619999999999,19125.0,-7315.38,5
6886,1246,50,170,0,170,120,35,15,45,45,0,45,165,50,35636.805,18700.0,16936.805,5
6887,1246,150,115,0,115,115,0,0,60,60,0,60,260,45,28196.865,22525.0,5671.8650000000025,5
6888,1246,105,120,0,120,120,0,0,55,55,0,55,220,50,33290.82000000001,19125.0,14165.820000000003,5
6889,1246,65,180,0,180,170,0,10,25,25,0,25,230,5,2546.28,20825.0,-18278.72,5
6890,1246,90,140,0,140,120,10,10,55,55,0,55,205,50,28722.420000000006,19550.0,9172.420000000006,5
6891,1246,50,175,0,175,150,10,15,45,45,0,45,195,35,21186.090000000004,19125.0,2061.090000000004,5
6892,1246,40,155,0,155,135,20,0,30,30,0,30,170,70,49163.07375,16575.0,32588.073750000003,5
6893,1246,85,160,0,160,150,0,10,25,25,0,25,230,5,2634.1200000000003,20825.0,-18190.88,5
6894,1246,70,160,0,160,145,10,5,35,35,0,35,210,10,5134.3200000000015,19550.0,-14415.679999999997,5
6895,1246,60,150,0,150,135,0,15,55,55,0,55,190,20,10229.760000000002,17850.0,-7620.239999999999,5
6896,1246,65,165,0,165,115,10,40,50,50,0,50,175,30,14838.48,19550.0,-4711.52,5
6897,1246,60,170,0,170,170,0,0,35,35,0,35,225,20,12005.1,19550.0,-7544.9,5
6898,1246,65,175,0,175,140,30,5,50,50,0,50,200,40,24475.5,20400.0,4075.500000000002,5
6899,1246,45,175,0,175,130,20,25,40,40,0,40,170,45,30852.405,18700.0,12152.404999999999,5
6900,1246,95,145,0,145,130,0,15,65,65,0,65,220,20,10038.240000000002,20400.0,-10361.759999999998,5
6901,1246,55,160,0,160,155,0,5,40,40,0,35,205,15,7910.640000000001,18275.0,-10364.359999999999,5
6902,1246,55,160,0,160,135,0,25,50,50,0,50,185,15,7798.3200000000015,18275.0,-10476.679999999998,5
6903,1246,80,155,0,155,150,5,0,45,45,0,45,225,15,7770.240000000002,19975.0,-12204.759999999998,5
6904,1246,55,165,0,165,160,0,5,35,35,0,35,210,15,7608.240000000002,18700.0,-11091.759999999998,5
6905,1246,70,180,0,180,150,0,30,25,25,0,25,215,20,10360.800000000001,21250.0,-10889.199999999999,5
6906,1246,55,165,0,165,165,0,0,35,35,0,35,215,25,12582.000000000004,18700.0,-6117.999999999997,5
6907,1246,70,150,0,150,125,20,5,60,60,0,60,190,35,23579.820000000003,18700.0,4879.820000000004,5
6908,1246,50,175,0,175,170,0,5,30,30,0,30,215,25,13998.060000000003,19125.0,-5126.939999999997,5
6909,1246,50,180,0,180,105,55,20,50,50,0,45,150,25,15785.460000000003,19550.0,-3764.5399999999972,5
6910,1246,105,155,0,155,145,0,10,35,35,0,30,245,10,5136.4800000000005,22100.0,-16963.519999999997,5
6911,1246,80,175,0,175,135,25,15,50,50,0,50,210,45,27547.785000000003,21675.0,5872.7850000000035,5
6912,1246,120,140,0,140,140,0,0,45,45,0,45,255,40,21109.140000000003,22100.0,-990.8599999999979,5
6913,1246,50,155,0,155,150,5,0,35,35,0,35,195,40,29524.545000000002,17425.0,12099.545000000002,5
6914,1246,75,150,0,150,150,0,0,40,40,0,40,220,30,17558.640000000003,19125.0,-1566.3599999999974,5
6915,1246,50,165,0,165,150,0,15,20,20,0,20,195,20,11765.7,18275.0,-6509.299999999998,5
6916,1246,80,160,0,160,160,0,0,30,30,0,30,235,10,4960.8,20400.0,-15439.2,5
6917,1246,85,145,0,145,135,5,5,30,30,0,30,215,55,38716.49250000001,19550.0,19166.492500000004,5
6918,1246,115,115,0,115,110,0,5,60,60,0,60,220,70,46295.460000000014,19550.0,26745.460000000014,5
6919,1246,70,145,0,145,140,5,0,45,45,0,45,205,50,35468.1225,18275.0,17193.122499999998,5
6920,1246,110,130,0,130,120,10,0,55,55,0,55,225,25,14076.900000000003,20400.0,-6323.099999999997,5
6921,1246,75,185,0,185,175,0,10,25,25,0,25,245,10,5092.56,22100.0,-17007.44,5
6922,1246,40,180,0,180,175,0,5,30,30,0,30,210,15,7975.800000000001,18700.0,-10724.199999999999,5
6923,1246,50,175,0,175,120,30,25,35,35,0,35,165,50,32341.770000000004,19125.0,13216.770000000006,5
6924,1246,30,190,0,190,160,5,25,25,25,0,25,185,10,4761.720000000001,18700.0,-13938.279999999999,5
6925,1246,60,180,0,180,175,5,0,30,30,0,30,230,15,8063.640000000001,20400.0,-12336.36,5
6926,1246,130,145,0,145,130,0,15,45,45,0,45,255,25,13190.04,23375.0,-10184.96,5
6927,1246,110,125,0,125,125,0,0,65,65,0,65,230,75,46606.59000000001,19975.0,26631.590000000015,5
6928,1246,80,165,0,165,130,25,10,35,35,0,35,205,20,11208.780000000002,20825.0,-9616.219999999998,5
6929,1246,60,170,0,170,130,20,20,55,55,0,55,185,25,13938.66,19550.0,-5611.34,5
6930,1246,55,170,0,170,160,10,0,35,35,0,35,210,0,0.0,19125.0,-19125.0,5
6931,1246,70,155,0,155,140,15,0,35,35,0,35,205,10,5129.280000000001,19125.0,-13995.72,5
6932,1246,65,165,0,165,155,10,0,35,35,0,35,215,35,22134.690000000002,19550.0,2584.6900000000005,5
6933,1246,40,190,0,190,185,0,5,30,30,0,30,220,25,14103.54,19550.0,-5446.459999999999,5
6934,1246,75,145,0,145,115,30,0,40,40,0,40,185,30,18631.260000000006,18700.0,-68.73999999999569,5
6935,1246,50,185,0,185,120,35,30,45,45,0,45,165,45,31314.217500000006,19975.0,11339.217500000004,5
6936,1246,65,160,0,160,140,5,15,45,45,0,45,200,50,30005.370000000003,19125.0,10880.370000000003,5
6937,1246,75,160,0,160,145,5,10,40,40,0,40,215,35,22872.510000000002,19975.0,2897.510000000002,5
6938,1246,100,160,0,160,145,0,15,35,35,0,35,240,15,9164.160000000002,22100.0,-12935.839999999998,5
6939,1246,100,145,0,145,135,5,5,45,45,0,45,230,30,17574.3,20825.0,-3250.6999999999994,5
6940,1246,65,150,0,150,125,10,15,55,55,0,55,185,30,16999.920000000002,18275.0,-1275.079999999998,5
6941,1246,95,145,0,145,125,0,20,50,50,0,45,215,40,26940.375000000004,20400.0,6540.375000000004,5
6942,1246,75,150,0,150,145,0,5,15,15,0,15,215,50,40546.125,19125.0,21421.125,5
6943,1246,55,160,0,160,150,10,0,50,50,0,50,200,50,31345.425000000003,18275.0,13070.425000000005,5
6944,1246,100,115,0,115,115,0,0,55,55,0,55,210,50,34602.615000000005,18275.0,16327.615000000005,5
6945,1246,85,175,0,175,175,0,0,20,20,0,20,255,20,12336.12,22100.0,-9763.88,5
6946,1246,80,170,0,170,130,30,10,40,40,0,40,205,25,13647.060000000001,21250.0,-7602.939999999999,5
6947,1246,50,165,0,165,160,0,5,35,35,0,35,205,30,18600.570000000003,18275.0,325.57000000000244,5
6948,1246,60,150,0,150,150,0,0,40,40,0,40,205,20,11136.42,17850.0,-6713.58,5
6949,1246,50,180,0,180,120,30,30,35,35,0,35,165,35,26511.502500000006,19550.0,6961.502500000006,5
6950,1246,50,180,0,180,100,45,35,45,45,0,45,145,25,13476.240000000002,19550.0,-6073.7599999999975,5
6951,1246,60,170,0,170,150,0,20,35,35,0,35,205,25,12450.600000000002,19550.0,-7099.399999999998,5
6952,1246,55,150,0,150,115,30,5,50,50,0,50,165,55,40242.825000000004,17425.0,22817.825000000008,5
6953,1246,40,195,0,195,150,5,40,25,25,0,25,185,10,5065.200000000001,19975.0,-14909.8,5
6954,1246,65,155,0,155,150,0,5,45,45,0,45,210,35,20270.88,18700.0,1570.880000000002,5
6955,1246,75,140,0,140,135,0,5,40,40,0,35,205,50,35444.520000000004,18275.0,17169.520000000008,5
6956,1246,70,145,0,145,140,0,5,40,40,0,40,205,85,65102.37750000001,18275.0,46827.37750000001,5
6957,1246,70,170,0,170,155,0,15,25,25,0,25,220,10,4960.8,20400.0,-15439.2,5
6958,1246,80,140,0,140,130,5,5,55,55,0,55,205,45,28791.585000000006,18700.0,10091.585000000005,5
6959,1246,65,145,0,145,145,0,0,40,40,0,40,205,45,33298.13250000001,17850.0,15448.132500000007,5
6960,1246,35,175,0,175,160,15,0,25,25,0,25,190,10,5392.080000000001,17850.0,-12457.919999999998,5
6961,1246,60,165,0,165,105,50,10,45,45,0,40,160,50,34589.295,19125.0,15464.295000000002,5
6962,1246,45,185,0,185,120,50,15,40,40,0,40,160,65,41937.93000000001,19550.0,22387.930000000008,5
6963,1246,45,165,0,165,150,15,0,35,35,0,35,190,20,10012.680000000002,17850.0,-7837.319999999999,5
6964,1246,80,155,0,155,155,0,0,35,35,0,35,230,20,9598.680000000002,19975.0,-10376.319999999996,5
6965,1246,105,160,0,160,145,0,15,30,30,0,30,245,30,17150.760000000002,22525.0,-5374.239999999998,5
6966,1246,50,170,0,170,170,0,0,35,35,0,35,215,50,33049.48500000001,18700.0,14349.485000000008,5
6967,1246,115,135,0,135,125,0,10,35,35,0,35,235,20,11795.580000000002,21250.0,-9454.419999999998,5
6968,1246,115,145,0,145,145,0,0,40,40,0,35,255,15,8802.18,22100.0,-13297.82,5
6969,1246,95,155,0,155,150,5,0,45,45,0,45,240,20,13107.690000000002,21250.0,-8142.309999999998,5
6970,1246,75,170,0,170,155,10,5,25,25,0,20,225,15,7988.4000000000015,20825.0,-12836.599999999999,5
6971,1246,50,155,0,155,115,15,25,45,45,0,45,160,35,20176.020000000004,17425.0,2751.020000000003,5
6972,1246,50,175,0,175,125,30,20,45,45,0,45,170,25,13080.060000000001,19125.0,-6044.939999999999,5
6973,1246,55,185,0,185,125,40,20,50,50,0,50,175,15,7439.040000000001,20400.0,-12960.96,5
6974,1246,80,160,0,160,145,15,0,45,45,0,45,220,45,29791.170000000002,20400.0,9391.170000000002,5
6975,1246,100,140,0,140,140,0,0,40,40,0,40,235,30,18558.090000000004,20400.0,-1841.9099999999958,5
6976,1246,50,180,0,180,175,0,5,30,30,0,30,220,15,7507.080000000001,19550.0,-12042.919999999998,5
6977,1246,60,175,0,175,170,0,5,25,25,0,25,225,10,6233.940000000001,19975.0,-13741.059999999998,5
6978,1246,55,150,0,150,145,0,5,40,40,0,40,195,15,7975.800000000003,17425.0,-9449.199999999997,5
6979,1246,35,175,0,175,170,0,5,30,30,0,30,200,20,9952.560000000001,17850.0,-7897.439999999999,5
6980,1246,50,160,0,160,140,10,10,35,35,0,35,185,35,26954.0325,17850.0,9104.032500000003,5
6981,1246,65,175,0,175,170,0,5,35,35,0,35,230,15,7900.200000000003,20400.0,-12499.799999999997,5
6982,1246,55,190,0,190,110,60,20,50,50,0,50,160,50,31057.109999999997,20825.0,10232.109999999997,5
6983,1246,65,170,0,170,150,0,20,45,45,0,45,210,35,20583.270000000004,19975.0,608.2700000000023,5
6984,1246,90,155,0,155,155,0,0,20,20,0,20,240,0,0.0,20825.0,-20825.0,5
6985,1246,45,180,0,180,155,5,20,40,40,0,40,195,45,27480.87,19125.0,8355.869999999999,5
6986,1246,125,140,0,140,135,0,5,50,50,0,50,255,30,16342.380000000003,22525.0,-6182.619999999997,5
6987,1246,160,105,0,105,105,0,0,40,40,0,40,260,45,26772.030000000006,22525.0,4247.030000000004,5
6988,1246,85,155,0,155,135,10,10,20,20,0,20,215,40,30404.688750000005,20400.0,10004.688750000005,5
6989,1246,100,170,0,170,125,45,0,40,40,0,40,220,45,27296.730000000007,22950.0,4346.730000000007,5
6990,1246,55,170,0,170,150,0,20,25,25,0,20,200,35,22584.690000000002,19125.0,3459.6900000000005,5
6991,1246,65,150,0,150,145,5,0,55,55,0,55,205,40,23774.130000000005,18275.0,5499.130000000005,5
6992,1246,55,165,0,165,115,20,30,50,50,0,45,165,20,10694.52,18700.0,-8005.48,5
6993,1246,45,170,0,170,150,5,15,40,40,0,40,190,55,34856.28,18275.0,16581.280000000002,5
6994,1246,45,165,0,165,140,5,20,40,40,0,40,180,45,28647.180000000008,17850.0,10797.180000000008,5
6995,1246,50,170,0,170,140,25,5,40,40,0,40,185,80,58930.60500000001,18700.0,40230.60500000001,5
6996,1246,85,165,0,165,140,0,25,25,25,0,25,220,5,2590.2000000000003,21250.0,-18659.8,5
6997,1246,70,170,0,170,135,20,15,45,45,0,45,200,25,14010.300000000003,20400.0,-6389.699999999998,5
6998,1246,70,160,0,160,140,10,10,35,35,0,35,205,10,5142.240000000001,19550.0,-14407.759999999998,5
6999,1246,80,165,0,165,150,0,15,35,35,0,35,225,20,13334.850000000002,20825.0,-7490.149999999999,5
7000,1246,40,170,0,170,170,0,0,30,30,0,30,205,20,12138.48,17850.0,-5711.52,5
7001,1246,40,185,0,185,135,30,20,35,35,0,35,170,25,15936.210000000003,19125.0,-3188.789999999997,5
7002,1246,65,160,0,160,125,20,15,60,60,0,60,185,55,32536.260000000006,19125.0,13411.260000000006,5
7003,1246,55,170,0,170,150,5,15,40,40,0,40,200,30,16659.9,19125.0,-2465.0999999999976,5
7004,1246,35,190,0,190,165,20,5,30,30,0,30,195,15,7111.800000000001,19125.0,-12013.199999999999,5
7005,1246,75,160,0,160,135,25,0,55,55,0,55,205,35,18239.760000000002,19975.0,-1735.2399999999966,5
7006,1246,55,170,0,170,140,20,10,40,40,0,40,190,35,23840.280000000002,19125.0,4715.2800000000025,5
7007,1246,75,155,0,155,135,0,20,55,55,0,55,205,60,36164.43,19550.0,16614.43,5
7008,1246,50,190,0,190,115,55,20,40,40,0,40,160,35,20110.5,20400.0,-289.4999999999982,5
7009,1246,75,155,0,155,125,15,15,65,65,0,65,195,30,15735.240000000002,19550.0,-3814.759999999999,5
7010,1246,45,190,0,190,130,15,45,45,45,0,40,170,45,27242.280000000006,19975.0,7267.280000000005,5
7011,1246,85,170,0,170,160,0,10,25,25,0,25,240,45,30972.600000000002,21675.0,9297.600000000002,5
7012,1246,80,140,0,140,130,5,5,50,50,0,45,205,75,53181.045,18700.0,34481.045,5
7013,1246,95,145,0,145,145,0,0,25,25,0,25,235,25,14332.860000000002,20400.0,-6067.139999999998,5
7014,1246,80,150,0,150,125,10,15,45,45,0,45,200,45,27757.710000000003,19550.0,8207.710000000003,5
7015,1246,50,180,0,180,110,50,20,45,45,0,45,155,30,16552.26,19550.0,-2997.740000000001,5
7016,1246,90,150,0,150,145,0,5,40,40,0,40,230,20,10404.36,20400.0,-9995.64,5
7017,1246,105,140,0,140,130,0,10,50,50,0,50,230,20,10000.080000000002,20825.0,-10824.919999999998,5
7018,1246,55,155,0,155,135,10,10,50,50,0,50,185,75,52107.1875,17850.0,34257.1875,5
7019,1246,80,150,0,150,150,0,0,35,35,0,35,225,25,15462.720000000005,19550.0,-4087.279999999996,5
7020,1246,75,170,0,170,125,5,40,40,40,0,40,195,30,17649.9,20825.0,-3175.0999999999976,5
7021,1246,20,190,0,190,175,0,15,15,15,0,15,190,20,11677.500000000002,17850.0,-6172.499999999998,5
7022,1246,110,135,0,135,130,0,5,55,55,0,55,235,50,26824.140000000007,20825.0,5999.140000000007,5
7023,1246,65,155,0,155,120,25,10,45,45,0,45,180,30,22864.297499999997,18700.0,4164.297499999998,5
7024,1246,55,160,0,160,160,0,0,30,30,0,30,210,5,2546.28,18275.0,-15728.720000000001,5
7025,1246,60,160,0,160,140,0,20,55,55,0,55,195,35,21230.730000000003,18700.0,2530.730000000003,5
7026,1246,60,160,0,160,160,0,0,25,25,0,20,215,5,2634.1200000000003,18700.0,-16065.88,5
7027,1246,75,150,0,150,150,0,0,35,35,0,30,220,5,2546.28,19125.0,-16578.72,5
7028,1246,80,135,0,135,135,0,0,50,50,0,50,210,30,16935.300000000003,18275.0,-1339.6999999999957,5
7029,1246,90,145,0,145,140,0,5,55,55,0,55,225,60,40475.520000000004,19975.0,20500.520000000004,5
7030,1246,100,130,0,130,115,10,5,55,55,0,55,210,40,26371.170000000002,19550.0,6821.170000000002,5
7031,1246,120,155,0,155,140,0,15,35,35,0,35,255,50,30960.765,23375.0,7585.765000000001,5
7032,1246,60,170,0,170,110,20,40,55,55,0,55,165,65,45165.81375000001,19550.0,25615.81375000001,5
7033,1246,50,175,0,175,145,15,15,45,45,0,45,190,10,5004.720000000001,19125.0,-14120.279999999999,5
7034,1246,45,190,0,190,115,40,35,40,40,0,40,155,45,28649.34000000001,19975.0,8674.340000000011,5
7035,1246,110,150,0,150,130,15,5,50,50,0,50,235,35,17573.04,22100.0,-4526.959999999999,5
7036,1246,55,165,0,165,160,5,0,25,25,0,25,210,25,14298.120000000003,18700.0,-4401.8799999999965,5
7037,1246,55,150,0,150,140,0,10,45,45,0,45,190,60,37914.255000000005,17425.0,20489.255000000005,5
7038,1246,65,155,0,155,145,0,10,40,40,0,40,205,25,14144.220000000003,18700.0,-4555.779999999997,5
7039,1246,30,180,0,180,160,0,20,25,25,0,25,185,25,18200.295000000002,17850.0,350.29500000000326,5
7040,1246,85,155,0,155,150,0,5,50,50,0,50,230,20,10877.760000000002,20400.0,-9522.239999999998,5
7041,1246,90,160,0,160,145,5,10,35,35,0,35,230,20,11535.480000000003,21250.0,-9714.519999999997,5
7042,1246,45,180,0,180,115,50,15,40,40,0,40,155,35,21004.02,19125.0,1879.0200000000004,5
7043,1246,65,155,0,155,135,5,15,55,55,0,55,195,20,10418.400000000001,18700.0,-8281.599999999999,5
7044,1246,65,155,0,155,155,0,0,45,45,0,45,215,35,20806.200000000004,18700.0,2106.2000000000035,5
7045,1246,70,145,0,145,135,0,10,50,50,0,50,200,35,23995.620000000003,18275.0,5720.6200000000035,5
7046,1246,65,150,0,150,130,5,15,35,35,0,35,190,35,22759.110000000004,18275.0,4484.110000000005,5
7047,1246,60,170,0,170,130,20,20,55,55,0,55,185,50,29918.79,19550.0,10368.789999999999,5
7048,1246,60,170,0,170,155,0,15,35,35,0,30,210,20,11075.04,19550.0,-8474.96,5
7049,1246,60,145,0,145,120,20,5,45,45,0,40,175,30,18891.54,17425.0,1466.5400000000022,5
7050,1246,70,150,0,150,150,0,0,35,35,0,35,215,25,15221.250000000002,18700.0,-3478.7499999999977,5
7051,1246,90,160,0,160,150,0,10,20,20,0,20,235,10,5612.040000000001,21250.0,-15637.96,5
7052,1246,65,160,0,160,155,0,5,30,30,0,25,215,10,6058.260000000001,19125.0,-13066.74,5
7053,1246,40,185,0,185,120,50,15,35,35,0,35,155,35,18898.74,19125.0,-226.2599999999975,5
7054,1246,35,185,0,185,145,35,5,30,30,0,30,175,45,29255.4,18700.0,10555.4,5
7055,1246,35,200,0,200,140,25,35,20,20,0,20,170,15,7799.04,19975.0,-12175.96,5
7056,1246,75,150,0,150,150,0,0,50,50,0,50,220,45,27932.625000000004,19125.0,8807.625000000004,5
7057,1246,85,160,0,160,120,20,20,50,50,0,50,200,40,24860.43,20825.0,4035.430000000001,5
7058,1246,90,155,0,155,150,0,5,40,40,0,40,235,30,15179.040000000003,20825.0,-5645.959999999997,5
7059,1246,80,150,0,150,130,0,20,40,40,0,40,205,10,5180.400000000001,19550.0,-14369.6,5
7060,1246,40,180,0,180,135,25,20,35,35,0,35,170,30,19772.28,18700.0,1072.2800000000007,5
7061,1246,55,150,0,150,140,0,10,35,35,0,30,190,55,38034.13500000001,17425.0,20609.135000000006,5
7062,1246,55,160,0,160,130,0,30,45,45,0,45,180,40,23312.880000000005,18275.0,5037.880000000005,5
7063,1246,40,185,0,185,145,20,20,35,35,0,35,180,35,19939.32,19125.0,814.3200000000002,5
7064,1246,60,155,0,155,140,15,0,45,45,0,45,195,40,29282.332500000004,18275.0,11007.332500000002,5
7065,1246,65,175,0,175,100,45,30,60,60,0,60,160,20,11415.060000000001,20400.0,-8984.939999999999,5
7066,1246,55,170,0,170,160,0,10,40,40,0,40,210,25,16086.060000000001,19125.0,-3038.939999999998,5
7067,1246,75,150,0,150,140,0,10,50,50,0,50,210,10,4653.360000000001,19125.0,-14471.64,5
7068,1246,120,120,0,120,105,10,5,50,50,0,50,220,65,44095.770000000004,20400.0,23695.770000000004,5
7069,1246,65,165,0,165,150,0,15,45,45,0,45,210,55,38594.8575,19550.0,19044.8575,5
7070,1246,85,155,0,155,145,0,10,40,40,0,40,225,40,24388.739999999998,20400.0,3988.739999999998,5
7071,1246,45,175,0,175,140,0,35,40,40,0,40,180,35,23333.940000000002,18700.0,4633.940000000002,5
7072,1246,50,145,0,145,140,5,0,35,35,0,35,185,65,46200.95999999999,16575.0,29625.959999999995,5
7073,1246,35,185,0,185,145,5,35,30,30,0,30,175,30,18339.480000000003,18700.0,-360.5199999999968,5
7074,1246,75,155,0,155,130,15,10,55,55,0,50,200,40,22774.140000000007,19550.0,3224.1400000000067,5
7075,1246,65,155,0,155,155,0,0,45,45,0,45,215,15,7371.360000000001,18700.0,-11328.64,5
7076,1246,75,150,0,150,140,0,10,45,45,0,45,210,35,19108.440000000002,19125.0,-16.55999999999949,5
7077,1246,40,160,0,160,155,0,5,35,35,0,30,190,15,8780.220000000001,17000.0,-8219.779999999999,5
7078,1246,50,185,0,185,125,45,15,45,45,0,45,170,40,20334.24,19975.0,359.24000000000206,5
7079,1246,80,145,0,145,125,5,15,50,50,0,50,200,70,49418.93250000001,19125.0,30293.93250000001,5
7080,1246,55,150,0,150,120,30,0,40,40,0,40,170,65,48018.85875000001,17425.0,30593.858750000007,5
7081,1246,55,170,0,170,145,10,15,40,40,0,40,195,35,21541.500000000007,19125.0,2416.5000000000055,5
7082,1246,65,170,0,170,115,30,25,55,55,0,55,175,30,14531.040000000003,19975.0,-5443.959999999997,5
7083,1246,120,125,0,125,110,5,10,55,55,0,55,225,65,47271.69000000001,20825.0,26446.69000000001,5
7084,1246,120,145,0,145,125,20,0,60,60,0,60,240,30,15715.800000000001,22525.0,-6809.199999999999,5
7085,1246,55,175,0,175,140,15,20,40,40,0,40,190,20,11194.740000000002,19550.0,-8355.259999999998,5
7086,1246,85,170,0,170,140,20,10,40,40,0,40,220,20,10053.000000000002,21675.0,-11621.999999999998,5
7087,1246,115,125,0,125,115,10,0,60,60,0,60,225,40,22158.36,20400.0,1758.3600000000024,5
7088,1246,45,190,0,190,185,0,5,10,10,0,10,225,10,4550.04,19975.0,-15424.960000000001,5
7089,1246,55,145,0,145,135,5,5,50,50,0,50,185,55,37707.401249999995,17000.0,20707.40125,5
7090,1246,65,160,0,160,130,10,20,55,55,0,55,190,35,23189.49,19125.0,4064.4900000000007,5
7091,1246,40,190,0,190,145,10,35,35,35,0,35,180,25,14219.460000000001,19550.0,-5330.539999999999,5
7092,1246,50,170,0,170,165,5,0,35,35,0,30,210,50,33139.665,18700.0,14439.665,5
7093,1246,80,155,0,155,145,0,10,45,45,0,45,220,35,21372.030000000006,19975.0,1397.0300000000043,5
7094,1246,40,190,0,190,155,10,25,35,35,0,35,190,20,11467.980000000003,19550.0,-8082.019999999998,5
7095,1246,120,130,0,130,130,0,0,30,30,0,30,245,45,36405.056249999994,21250.0,15155.056249999998,5
7096,1246,70,155,0,155,125,0,30,40,40,0,40,190,30,14857.560000000003,19125.0,-4267.439999999997,5
7097,1246,60,170,0,170,160,10,0,35,35,0,35,215,25,12423.960000000003,19550.0,-7126.039999999998,5
7098,1246,95,145,0,145,145,0,0,50,50,0,50,235,25,12423.960000000003,20400.0,-7976.039999999998,5
7099,1246,50,165,0,165,140,15,10,50,50,0,45,185,40,22874.760000000006,18275.0,4599.760000000006,5
7100,1246,60,160,0,160,105,25,30,45,45,0,45,160,65,49137.5475,18700.0,30437.5475,5
7101,1246,50,165,0,165,135,10,20,45,45,0,45,180,30,23012.5275,18275.0,4737.527500000001,5
7102,1246,55,175,0,175,125,30,20,40,40,0,40,175,45,28681.965000000004,19550.0,9131.965000000004,5
7103,1246,110,145,0,145,135,0,10,45,45,0,45,240,20,9739.440000000002,21675.0,-11935.559999999998,5
7104,1246,40,175,0,175,165,0,10,35,35,0,35,200,20,11749.14,18275.0,-6525.860000000001,5
7105,1246,60,160,0,160,105,35,20,60,60,0,55,160,80,57343.51125000001,18700.0,38643.51125000001,5
7106,1246,45,165,0,165,150,0,15,40,40,0,40,190,25,14141.340000000002,17850.0,-3708.6599999999976,5
7107,1246,65,150,0,150,145,5,0,45,45,0,40,205,5,2458.44,18275.0,-15816.56,5
7108,1246,105,145,0,145,120,25,0,50,50,0,50,220,85,63880.30687500001,21250.0,42630.30687500001,5
7109,1246,65,155,0,155,150,5,0,55,55,0,55,210,30,18350.280000000002,18700.0,-349.7199999999975,5
7110,1246,80,155,0,155,135,20,0,25,25,0,25,210,30,18090.540000000005,19975.0,-1884.4599999999969,5
7111,1246,50,170,0,170,165,0,5,35,35,0,35,210,35,20360.34,18700.0,1660.340000000001,5
7112,1246,45,175,0,175,165,5,5,25,25,0,20,205,15,8579.7,18700.0,-10120.3,5
7113,1246,70,160,0,160,125,10,25,50,50,0,50,190,60,44089.46437500001,19550.0,24539.464375000007,5
7114,1246,110,135,0,135,85,20,30,60,60,0,60,190,65,45278.93250000001,20825.0,24453.93250000001,5
7115,1246,65,150,0,150,125,5,20,50,50,0,45,185,80,53216.95500000001,18275.0,34941.95500000001,5
7116,1246,65,160,0,160,115,25,20,60,60,0,60,175,80,55669.14,19125.0,36544.14,5
7117,1246,65,180,0,180,155,0,25,40,40,0,40,215,30,18306.72,20825.0,-2518.2799999999975,5
7118,1246,50,175,0,175,160,5,10,45,45,0,45,205,30,15881.220000000001,19125.0,-3243.7799999999993,5
7119,1246,50,135,0,135,110,15,10,40,40,0,40,155,40,25073.100000000006,15725.0,9348.100000000004,5
7120,1246,55,150,0,150,135,10,5,45,45,0,45,185,70,47710.485,17425.0,30285.485,5
7121,1246,85,155,0,155,145,10,0,20,20,0,20,225,50,41591.53125000001,20400.0,21191.531250000007,5
7122,1246,85,170,0,170,165,0,5,30,30,0,30,245,15,8379.0,21675.0,-13296.0,5
7123,1246,45,165,0,165,135,0,30,40,40,0,40,175,40,25505.415,17850.0,7655.415000000003,5
7124,1246,50,145,0,145,95,25,25,50,50,0,45,140,45,27496.260000000006,16575.0,10921.260000000006,5
7125,1246,75,155,0,155,125,5,25,45,45,0,45,195,40,29385.045000000006,19550.0,9835.045000000006,5
7126,1246,45,170,0,170,145,15,10,45,45,0,40,185,45,27544.050000000003,18275.0,9269.050000000003,5
7127,1246,80,175,0,175,165,0,10,20,20,0,20,240,15,8259.480000000001,21675.0,-13415.519999999999,5
7128,1246,75,150,0,150,140,10,0,35,35,0,35,210,65,50218.21125000001,19125.0,31093.211250000004,5
7129,1246,55,170,0,170,140,10,20,50,50,0,50,190,65,40652.729999999996,19125.0,21527.729999999996,5
7130,1246,70,155,0,155,150,5,0,45,45,0,45,215,45,28710.81,19125.0,9585.810000000001,5
7131,1246,55,170,0,170,155,0,15,40,40,0,40,205,20,10012.320000000002,19125.0,-9112.679999999998,5
7132,1246,40,185,0,185,150,20,15,30,30,0,30,185,10,5048.64,19125.0,-14076.36,5
7133,1246,90,150,0,150,135,0,15,45,45,0,45,220,45,26373.149999999994,20400.0,5973.149999999996,5
7134,1246,55,170,0,170,150,5,15,50,50,0,50,200,40,24944.670000000006,19125.0,5819.6700000000055,5
7135,1246,40,190,0,190,135,55,0,35,35,0,35,170,40,28980.2025,19550.0,9430.2025,5
7136,1246,120,145,0,145,140,5,0,40,40,0,40,255,35,19425.240000000005,22525.0,-3099.7599999999966,5
7137,1246,55,170,0,170,130,30,10,30,30,0,30,180,40,31478.97375,19125.0,12353.973750000001,5
7138,1246,65,170,0,170,140,20,10,40,40,0,40,200,25,14165.460000000001,19975.0,-5809.539999999999,5
7139,1246,70,140,0,140,135,0,5,35,35,0,35,200,35,25959.982500000006,17850.0,8109.9825000000055,5
7140,1246,105,150,0,150,150,0,0,35,35,0,35,250,25,15909.840000000004,21675.0,-5765.159999999996,5
7141,1246,70,175,0,175,155,0,20,55,55,0,55,220,25,12814.2,20825.0,-8010.799999999999,5
7142,1246,65,180,0,180,155,0,25,30,30,0,30,215,35,24200.640000000003,20825.0,3375.640000000003,5
7143,1246,55,175,0,175,140,10,25,45,45,0,45,190,30,15393.600000000004,19550.0,-4156.399999999996,5
7144,1246,65,160,0,160,115,20,25,45,45,0,45,175,30,13358.16,19125.0,-5766.84,5
7145,1246,75,145,0,145,135,0,10,30,30,0,30,205,55,38447.865000000005,18700.0,19747.865000000005,5
7146,1246,60,160,0,160,155,0,5,55,55,0,55,210,25,14340.060000000003,18700.0,-4359.939999999997,5
7147,1246,75,165,0,165,130,10,25,65,65,0,65,200,45,24718.320000000003,20400.0,4318.320000000003,5
7148,1246,85,165,0,165,165,0,0,15,15,0,15,245,5,3072.9600000000005,21250.0,-18177.04,5
7149,1246,65,155,0,155,145,5,5,50,50,0,50,205,40,22890.33,18700.0,4190.330000000004,5
7150,1246,55,170,0,170,165,0,5,45,45,0,45,215,20,11965.86,19125.0,-7159.139999999999,5
7151,1246,60,155,0,155,140,0,15,35,35,0,35,195,45,31369.32,18275.0,13094.319999999998,5
7152,1246,50,165,0,165,125,35,5,45,45,0,45,170,15,7581.240000000002,18275.0,-10693.759999999998,5
7153,1246,130,125,0,125,125,0,0,25,25,0,25,250,25,17047.08,21675.0,-4627.919999999996,5
7154,1246,35,190,0,190,140,15,35,30,30,0,30,170,20,12171.600000000002,19125.0,-6953.399999999997,5
7155,1246,50,185,0,185,130,15,40,30,30,0,30,175,20,10480.68,19975.0,-9494.32,5
7156,1246,55,175,0,175,160,0,15,40,40,0,40,210,35,19185.480000000003,19550.0,-364.51999999999543,5
7157,1246,60,170,0,170,125,10,35,40,40,0,35,180,40,21949.56,19550.0,2399.5600000000013,5
7158,1246,120,145,0,145,130,0,15,30,30,0,30,245,15,7424.64,22525.0,-15100.36,5
7159,1246,70,155,0,155,110,25,20,65,65,0,65,175,65,37915.11,19125.0,18790.110000000004,5
7160,1246,75,155,0,155,145,0,10,35,35,0,35,215,20,10492.200000000003,19550.0,-9057.799999999997,5
7161,1246,70,165,0,165,140,20,5,50,50,0,50,205,45,28549.26000000001,19975.0,8574.26000000001,5
7162,1246,30,190,0,190,160,25,5,25,25,0,25,185,25,16887.510000000002,18700.0,-1812.489999999998,5
7163,1246,40,175,0,175,145,5,25,35,35,0,35,180,55,34503.93000000001,18275.0,16228.93000000001,5
7164,1246,130,110,0,110,95,5,10,50,50,0,45,220,65,43380.49500000001,20400.0,22980.49500000001,5
7165,1246,50,185,0,185,145,15,25,45,45,0,45,190,40,24684.570000000003,19975.0,4709.570000000003,5
7166,1246,85,160,0,160,145,0,15,25,25,0,25,225,10,5371.200000000001,20825.0,-15453.8,5
7167,1246,90,145,0,145,140,0,5,65,65,0,60,225,15,7206.840000000001,19975.0,-12768.159999999998,5
7168,1246,70,160,0,160,110,25,25,65,65,0,65,175,45,30178.08,19550.0,10628.08,5
7169,1246,120,130,0,130,130,0,0,50,50,0,50,245,25,15104.880000000003,21250.0,-6145.119999999997,5
7170,1246,30,190,0,190,170,0,20,25,25,0,25,195,20,11458.260000000002,18700.0,-7241.739999999998,5
7171,1246,70,165,0,165,140,25,0,40,40,0,40,205,40,21188.699999999997,19975.0,1213.699999999999,5
7172,1246,75,150,0,150,130,15,5,40,40,0,40,200,55,38506.815,19125.0,19381.815000000006,5
7173,1246,50,175,0,175,155,15,5,30,30,0,30,200,5,3035.1600000000003,19125.0,-16089.84,5
7174,1246,40,185,0,185,150,15,20,35,35,0,35,185,10,5136.4800000000005,19125.0,-13988.519999999999,5
7175,1246,65,145,0,145,120,25,0,55,55,0,55,180,55,34187.26500000001,17850.0,16337.265000000007,5
7176,1246,75,150,0,150,125,0,25,35,35,0,35,195,35,22158.270000000004,19125.0,3033.2700000000023,5
7177,1246,60,175,0,175,140,10,25,55,55,0,55,195,35,21681.9,19975.0,1706.9000000000005,5
7178,1246,105,135,0,135,135,0,0,40,40,0,40,235,30,14991.84,20400.0,-5408.16,5
7179,1246,75,140,0,140,115,20,5,55,55,0,55,185,25,13400.100000000002,18275.0,-4874.899999999998,5
7180,1246,75,150,0,150,135,0,15,60,60,0,60,205,25,15496.380000000001,19125.0,-3628.6199999999985,5
7181,1246,50,185,0,185,130,20,35,45,45,0,45,175,40,24150.960000000006,19975.0,4175.960000000005,5
7182,1246,50,160,0,160,155,0,5,40,40,0,35,200,40,25726.05,17850.0,7876.05,5
7183,1246,45,185,0,185,135,50,0,25,25,0,25,175,20,13470.930000000004,19550.0,-6079.069999999997,5
7184,1246,55,170,0,170,165,0,5,20,20,0,20,215,10,5516.280000000001,19125.0,-13608.719999999998,5
7185,1246,50,160,0,160,160,0,0,45,45,0,45,205,45,25140.060000000005,17850.0,7290.060000000003,5
7186,1246,75,175,0,175,175,0,0,25,25,0,25,245,15,8855.820000000002,21250.0,-12394.179999999998,5
7187,1246,95,165,0,165,155,0,10,25,25,0,25,245,10,4697.280000000001,22100.0,-17402.72,5
7188,1246,85,160,0,160,155,0,5,35,35,0,35,235,15,6809.760000000001,20825.0,-14015.239999999998,5
7189,1246,80,160,0,160,135,25,0,50,50,0,50,210,40,23110.56,20400.0,2710.5600000000004,5
7190,1246,45,180,0,180,145,5,30,35,35,0,35,185,35,19357.02,19125.0,232.01999999999998,5
7191,1246,85,140,0,140,120,0,20,40,40,0,40,200,65,50841.658125,19125.0,31716.658125,5
7192,1246,65,165,0,165,145,15,5,35,35,0,35,205,30,15090.120000000003,19550.0,-4459.879999999998,5
7193,1246,40,200,0,200,110,65,25,40,40,0,35,145,20,11831.220000000001,20400.0,-8568.779999999999,5
7194,1246,70,185,0,185,115,45,25,50,50,0,50,180,45,26306.820000000003,21675.0,4631.820000000002,5
7195,1246,65,175,0,175,145,25,5,35,35,0,35,205,15,8890.740000000002,20400.0,-11509.259999999998,5
7196,1246,85,145,0,145,120,0,25,70,70,0,65,200,65,37968.57000000001,19550.0,18418.570000000003,5
7197,1246,65,170,0,170,115,40,15,60,60,0,60,175,45,28431.18,19975.0,8456.18,5
7198,1246,40,190,0,190,125,50,15,35,35,0,35,160,30,17201.340000000004,19550.0,-2348.6599999999953,5
7199,1246,95,160,0,160,155,0,5,30,30,0,30,245,10,5224.32,21675.0,-16450.68,5
7200,1246,50,170,0,170,155,15,0,30,30,0,30,200,10,6321.780000000001,18700.0,-12378.22,5
7201,1246,40,185,0,185,145,15,25,40,40,0,35,180,35,19024.74,19125.0,-100.2599999999984,5
7202,1246,80,150,0,150,150,0,0,50,50,0,50,225,50,28917.540000000005,19550.0,9367.540000000005,5
7203,1246,80,150,0,150,105,25,20,45,45,0,40,180,50,29395.260000000002,19550.0,9845.260000000002,5
7204,1246,80,160,0,160,150,0,10,35,35,0,30,225,15,8897.58,20400.0,-11502.42,5
7205,1246,80,135,0,135,135,0,0,30,30,0,30,210,30,18214.470000000005,18275.0,-60.52999999999656,5
7206,1246,20,195,0,195,175,0,20,20,20,0,15,190,15,7814.520000000001,18275.0,-10460.479999999998,5
7207,1246,50,160,0,160,155,0,5,40,40,0,40,200,15,8775.900000000001,17850.0,-9074.099999999999,5
7208,1246,65,165,0,165,125,35,5,60,60,0,60,185,40,24276.96,19550.0,4726.959999999999,5
7209,1246,85,155,0,155,150,0,5,40,40,0,40,230,15,8114.040000000001,20400.0,-12285.96,5
7210,1246,65,170,0,170,150,5,15,35,35,0,35,210,35,22833.450000000004,19975.0,2858.4500000000025,5
7211,1246,50,170,0,170,125,30,15,45,45,0,45,170,35,22620.645000000004,18700.0,3920.645000000004,5
7212,1246,50,175,0,175,125,20,30,35,35,0,35,170,15,7689.960000000002,19125.0,-11435.039999999999,5
7213,1246,35,215,0,215,150,40,25,25,25,0,25,180,10,4960.8,21250.0,-16289.2,5
7214,1246,85,160,0,160,135,25,0,55,55,0,55,215,50,29632.41000000001,20825.0,8807.410000000009,5
7215,1246,120,155,0,155,150,0,5,35,35,0,35,265,15,7287.480000000001,23375.0,-16087.52,5
7216,1246,90,140,0,140,130,0,10,45,45,0,40,215,25,15466.140000000005,19550.0,-4083.859999999995,5
7217,1246,50,170,0,170,165,0,5,40,40,0,40,210,30,15394.680000000004,18700.0,-3305.319999999997,5
7218,1246,50,155,0,155,150,0,5,40,40,0,40,195,45,29156.399999999998,17425.0,11731.399999999998,5
7219,1246,60,155,0,155,145,0,10,45,45,0,45,200,25,12403.800000000003,18275.0,-5871.199999999997,5
7220,1246,75,175,0,175,145,15,15,30,30,0,30,215,10,4723.560000000001,21250.0,-16526.44,5
7221,1246,80,135,0,135,120,0,15,40,40,0,40,195,80,59125.567500000005,18275.0,40850.567500000005,5
7222,1246,40,185,0,185,165,15,5,20,20,0,20,200,20,11462.58,19125.0,-7662.42,5
7223,1246,75,135,0,135,120,5,10,60,60,0,55,190,70,46100.74500000001,17850.0,28250.745000000006,5
7224,1246,70,165,0,165,160,0,5,40,40,0,35,225,40,25636.950000000004,19975.0,5661.950000000006,5
7225,1246,55,160,0,160,140,5,15,35,35,0,35,190,50,37497.33,18275.0,19222.33,5
7226,1246,65,170,0,170,160,0,10,40,40,0,35,220,5,2634.1200000000003,19975.0,-17340.88,5
7227,1246,95,140,0,140,130,0,10,55,55,0,50,220,80,57778.02,19975.0,37803.02,5
7228,1246,60,160,0,160,155,0,5,40,40,0,40,210,40,25325.370000000003,18700.0,6625.370000000003,5
7229,1246,45,195,0,195,130,30,35,40,40,0,40,170,20,11278.62,20400.0,-9121.38,5
7230,1246,55,150,0,150,135,10,5,50,50,0,50,185,25,13367.880000000005,17425.0,-4057.1199999999953,5
7231,1246,70,165,0,165,155,0,10,25,25,0,25,220,20,12477.240000000002,19975.0,-7497.759999999998,5
7232,1246,65,180,0,180,110,40,30,60,60,0,60,170,20,10185.120000000003,20825.0,-10639.879999999997,5
7233,1246,40,180,0,180,160,10,10,30,30,0,30,195,65,46390.511249999996,18700.0,27690.51125,5
7234,1246,60,160,0,160,160,0,0,45,45,0,45,215,30,16253.82,18700.0,-2446.1799999999994,5
7235,1246,70,155,0,155,155,0,0,25,25,0,25,220,65,50737.567500000005,19125.0,31612.567500000005,5
7236,1246,60,180,0,180,150,10,20,30,30,0,30,205,20,10398.240000000002,20400.0,-10001.759999999998,5
7237,1246,75,150,0,150,115,20,15,65,65,0,65,185,25,12720.960000000003,19125.0,-6404.039999999997,5
7238,1246,115,145,0,145,120,0,25,50,50,0,50,230,35,20855.340000000004,22100.0,-1244.6599999999944,5
7239,1246,90,130,0,130,120,5,5,60,60,0,60,205,25,14092.380000000003,18700.0,-4607.619999999997,5
7240,1246,60,165,0,165,145,0,20,50,50,0,50,200,55,34352.95500000001,19125.0,15227.95500000001,5
7241,1246,30,185,0,185,170,0,15,20,20,0,20,195,0,0.0,18275.0,-18275.0,5
7242,1246,85,145,0,145,120,10,15,55,55,0,55,200,75,48484.080000000016,19550.0,28934.080000000013,5
7243,1246,50,180,0,180,155,15,10,30,30,0,25,200,45,29099.835,19550.0,9549.835,5
7244,1246,65,170,0,170,155,0,15,35,35,0,30,215,20,11436.300000000001,19975.0,-8538.699999999999,5
7245,1246,35,180,0,180,160,0,20,30,30,0,30,190,15,11151.090000000002,18275.0,-7123.909999999998,5
7246,1246,65,180,0,180,135,20,25,55,55,0,55,195,35,19437.660000000003,20825.0,-1387.339999999997,5
7247,1246,60,170,0,170,115,20,35,45,45,0,45,170,40,20591.460000000003,19550.0,1041.4600000000019,5
7248,1246,95,150,0,150,135,0,15,55,55,0,55,225,55,38567.655000000006,20825.0,17742.655000000006,5
7249,1246,135,145,0,145,135,0,10,30,30,0,25,265,20,11940.120000000003,23800.0,-11859.879999999997,5
7250,1246,70,175,0,175,125,20,30,50,50,0,50,190,25,12233.880000000001,20825.0,-8591.119999999999,5
7251,1246,50,180,0,180,170,0,10,40,40,0,40,215,35,19407.780000000002,19550.0,-142.21999999999753,5
7252,1246,70,135,0,135,130,0,5,50,50,0,50,195,55,35853.975,17425.0,18428.975,5
7253,1246,85,150,0,150,145,0,5,35,35,0,35,225,20,10756.800000000003,19975.0,-9218.199999999997,5
7254,1246,65,155,0,155,130,0,25,60,60,0,60,190,45,29877.885000000006,18700.0,11177.885000000006,5
7255,1246,50,160,0,160,155,0,5,50,50,0,45,200,35,18313.38,17850.0,463.3800000000019,5
7256,1246,80,170,0,170,155,0,15,40,40,0,40,230,25,14405.760000000002,21250.0,-6844.239999999998,5
7257,1246,45,190,0,190,150,30,10,35,35,0,35,190,15,8093.880000000001,19975.0,-11881.119999999999,5
7258,1246,80,140,0,140,135,0,5,60,60,0,60,210,30,21154.094999999998,18700.0,2454.0949999999975,5
7259,1246,60,145,0,145,135,0,10,45,45,0,45,190,45,30789.2475,17425.0,13364.247500000001,5
7260,1246,40,185,0,185,140,10,35,30,30,0,30,175,5,2458.44,19125.0,-16666.559999999998,5
7261,1246,70,170,0,170,135,0,35,45,45,0,45,200,15,7781.580000000002,20400.0,-12618.419999999998,5
7262,1246,80,170,0,170,140,20,10,60,60,0,60,215,45,26400.960000000006,21250.0,5150.960000000005,5
7263,1246,45,170,0,170,150,20,0,35,35,0,35,190,50,29081.61,18275.0,10806.61,5
7264,1246,40,180,0,180,175,0,5,20,20,0,20,210,10,5172.4800000000005,18700.0,-13527.52,5
7265,1246,80,165,0,165,140,0,25,55,55,0,55,215,40,22356.540000000005,20825.0,1531.5400000000045,5
7266,1246,60,170,0,170,160,0,10,35,35,0,30,215,20,11186.280000000002,19550.0,-8363.719999999998,5
7267,1246,105,155,0,155,150,0,5,10,10,0,10,250,5,2502.36,22100.0,-19597.64,5
7268,1246,85,160,0,160,160,0,0,30,30,0,30,240,10,5523.84,20825.0,-15301.16,5
7269,1246,85,150,0,150,145,0,5,40,40,0,40,225,10,5224.32,19975.0,-14750.68,5
7270,1246,55,170,0,170,160,0,10,35,35,0,35,210,20,10379.520000000002,19125.0,-8745.479999999998,5
7271,1246,65,165,0,165,150,10,5,25,25,0,25,210,35,22405.050000000003,19550.0,2855.050000000001,5
7272,1246,50,165,0,165,165,0,0,40,40,0,40,210,65,50441.381718749995,18275.0,32166.38171875,5
7273,1246,40,195,0,195,180,0,15,25,25,0,20,215,30,23726.947500000006,19975.0,3751.9475000000057,5
7274,1246,55,175,0,175,175,0,0,35,35,0,35,225,35,21645.99,19550.0,2095.9900000000016,5
7275,1246,65,155,0,155,140,15,0,45,45,0,45,200,30,20974.005,18700.0,2274.005000000002,5
7276,1246,105,130,0,130,115,5,10,40,40,0,40,215,25,15299.28,19975.0,-4675.719999999999,5
7277,1246,60,170,0,170,135,5,30,40,40,0,40,190,20,10687.320000000002,19550.0,-8862.679999999998,5
7278,1246,70,140,0,140,125,5,10,65,65,0,65,190,65,41026.185000000005,17850.0,23176.185000000005,5
7279,1246,65,150,0,150,110,25,15,60,60,0,60,170,50,29434.05000000001,18275.0,11159.05000000001,5
7280,1246,75,145,0,145,145,0,0,45,45,0,45,215,40,23250.240000000005,18700.0,4550.240000000003,5
7281,1246,40,185,0,185,155,5,25,35,35,0,35,190,40,26063.055000000004,19125.0,6938.055000000004,5
7282,1246,45,200,0,200,130,40,30,40,40,0,40,170,30,18337.68,20825.0,-2487.3199999999997,5
7283,1246,50,170,0,170,135,15,20,45,45,0,45,180,55,37313.55000000001,18700.0,18613.55000000001,5
7284,1246,60,175,0,175,125,20,30,55,55,0,55,180,20,9726.840000000002,19975.0,-10248.159999999998,5
7285,1246,65,160,0,160,145,15,0,40,40,0,40,205,45,25475.22,19125.0,6350.219999999999,5
7286,1246,60,175,0,175,150,5,20,35,35,0,35,205,15,7945.560000000001,19975.0,-12029.439999999999,5
7287,1246,70,160,0,160,140,15,5,40,40,0,40,205,45,28792.260000000002,19550.0,9242.260000000002,5
7288,1246,60,170,0,170,135,10,25,55,55,0,55,190,50,35840.25,19550.0,16290.25,5
7289,1246,60,160,0,160,145,15,0,30,30,0,30,200,5,2219.7600000000007,18700.0,-16480.239999999998,5
7290,1246,40,185,0,185,135,35,15,35,35,0,35,170,15,7902.360000000001,19125.0,-11222.64,5
7291,1246,90,150,0,150,115,10,25,55,55,0,55,200,30,15771.240000000002,20400.0,-4628.7599999999975,5
7292,1246,90,170,0,170,155,0,15,25,25,0,25,240,5,2238.8400000000006,22100.0,-19861.16,5
7293,1246,75,155,0,155,150,0,5,25,25,0,25,220,0,0.0,19550.0,-19550.0,5
7294,1246,100,145,0,145,130,0,15,35,35,0,35,225,45,29230.739999999998,20825.0,8405.739999999996,5
7295,1246,80,160,0,160,135,25,0,50,50,0,50,210,35,22218.21,20400.0,1818.2099999999991,5
7296,1246,55,185,0,185,150,0,35,30,30,0,30,200,20,12050.640000000001,20400.0,-8349.359999999999,5
7297,1246,50,170,0,170,150,0,20,45,45,0,45,195,30,16423.02,18700.0,-2276.9799999999987,5
7298,1246,65,175,0,175,145,0,30,15,15,0,15,205,15,7331.4000000000015,20400.0,-13068.599999999999,5
7299,1246,125,135,0,135,130,0,5,30,30,0,30,250,55,40908.64500000001,22100.0,18808.64500000001,5
7300,1246,55,170,0,170,140,15,15,50,50,0,50,190,15,7605.720000000001,19125.0,-11519.279999999999,5
7301,1246,45,175,0,175,165,0,10,30,30,0,30,205,35,23286.33000000001,18700.0,4586.330000000007,5
7302,1246,75,170,0,170,155,0,15,45,45,0,45,225,35,24028.605000000003,20825.0,3203.6050000000023,5
7303,1246,40,180,0,180,160,15,5,35,35,0,35,195,30,19193.850000000002,18700.0,493.8500000000022,5
7304,1246,40,180,0,180,180,0,0,35,35,0,35,215,5,2546.28,18700.0,-16153.720000000001,5
7305,1246,55,170,0,170,165,5,0,30,30,0,30,215,35,23589.0,19125.0,4464.000000000001,5
7306,1246,60,170,0,170,155,0,15,35,35,0,30,210,20,10422.0,19550.0,-9128.0,5
7307,1246,80,155,0,155,120,30,5,50,50,0,50,195,35,18712.980000000003,19975.0,-1262.0199999999954,5
7308,1246,55,155,0,155,145,10,0,30,30,0,30,195,15,8868.060000000001,17850.0,-8981.939999999999,5
7309,1246,70,160,0,160,140,0,20,55,55,0,50,205,25,13684.5,19550.0,-5865.5,5
7310,1246,60,160,0,160,150,5,5,50,50,0,50,205,30,15870.060000000003,18700.0,-2829.939999999997,5
7311,1246,50,180,0,180,140,15,25,35,35,0,35,185,15,6914.520000000001,19550.0,-12635.479999999998,5
7312,1246,80,150,0,150,150,0,0,40,40,0,40,225,50,29467.440000000002,19550.0,9917.440000000002,5
7313,1246,105,145,0,145,120,5,20,40,40,0,40,220,35,25174.5075,21250.0,3924.5074999999997,5
7314,1246,60,150,0,150,140,0,10,40,40,0,40,195,35,25101.585000000006,17850.0,7251.585000000005,5
7315,1246,55,165,0,165,150,0,15,50,50,0,50,200,45,24400.62000000001,18700.0,5700.620000000008,5
7316,1246,110,140,0,140,140,0,0,35,35,0,35,245,50,38665.64250000001,21250.0,17415.64250000001,5
7317,1246,35,200,0,200,155,30,15,30,30,0,30,185,25,13697.1,19975.0,-6277.9,5
7318,1246,55,160,0,160,120,15,25,50,50,0,50,170,70,44321.94,18275.0,26046.940000000002,5
7319,1246,40,190,0,190,175,15,0,35,35,0,35,210,45,29641.095000000005,19550.0,10091.095000000005,5
7320,1246,50,185,0,185,145,10,30,40,40,0,40,190,15,8071.200000000001,19975.0,-11903.8,5
7321,1246,55,175,0,175,100,45,30,50,50,0,50,150,30,16243.380000000001,19550.0,-3306.619999999998,5
7322,1246,135,130,0,130,125,5,0,40,40,0,40,255,40,29180.0925,22525.0,6655.092500000001,5
7323,1246,60,165,0,165,150,10,5,45,45,0,45,205,20,9297.720000000001,19125.0,-9827.279999999999,5
7324,1246,45,170,0,170,160,0,10,40,40,0,40,200,35,20950.65,18275.0,2675.6500000000005,5
7325,1246,85,155,0,155,120,20,15,40,40,0,40,200,40,25976.25,20400.0,5576.25,5
7326,1246,70,155,0,155,145,10,0,45,45,0,45,210,40,28881.022500000006,19125.0,9756.022500000008,5
7327,1246,85,160,0,160,140,15,5,40,40,0,40,220,30,16161.300000000001,20825.0,-4663.699999999999,5
7328,1246,95,145,0,145,130,0,15,40,40,0,40,220,35,19975.14,20400.0,-424.85999999999876,5
7329,1246,110,135,0,135,135,0,0,50,50,0,50,240,50,35302.162500000006,20825.0,14477.162500000004,5
7330,1246,75,140,0,140,135,0,5,35,35,0,35,205,40,24750.090000000004,18275.0,6475.090000000005,5
7331,1246,60,160,0,160,140,20,0,45,45,0,45,195,10,5344.920000000002,18700.0,-13355.079999999998,5
7332,1246,25,210,0,210,115,50,45,20,20,0,20,135,25,15673.770000000002,19975.0,-4301.229999999998,5
7333,1246,55,170,0,170,145,5,20,50,50,0,50,195,25,14224.14,19125.0,-4900.860000000001,5
7334,1246,55,170,0,170,155,0,15,40,40,0,40,205,20,13346.010000000002,19125.0,-5778.989999999999,5
7335,1246,45,190,0,190,170,0,20,15,15,0,10,210,15,8677.98,19975.0,-11297.02,5
7336,1246,70,150,0,150,130,0,20,60,60,0,60,195,55,36466.245,18700.0,17766.245000000003,5
7337,1246,80,140,0,140,135,0,5,65,65,0,60,210,85,54413.32500000001,18700.0,35713.32500000001,5
7338,1246,45,190,0,190,130,40,20,40,40,0,40,170,15,9065.699999999999,19975.0,-10909.300000000001,5
7339,1246,65,170,0,170,155,0,15,40,40,0,40,215,30,16306.740000000002,19975.0,-3668.259999999998,5
7340,1246,50,170,0,170,150,15,5,35,35,0,30,195,35,22086.63,18700.0,3386.63,5
7341,1246,40,165,0,165,150,0,15,30,30,0,30,185,5,2645.28,17425.0,-14779.72,5
7342,1246,60,160,0,160,140,5,15,30,30,0,30,195,40,26002.620000000006,18700.0,7302.620000000006,5
7343,1246,50,170,0,170,145,0,25,40,40,0,40,190,15,8977.86,18700.0,-9722.14,5
7344,1246,70,160,0,160,155,0,5,55,55,0,50,220,20,10448.640000000003,19550.0,-9101.359999999997,5
7345,1246,140,125,0,125,125,0,0,35,35,0,35,260,40,28320.930000000004,22525.0,5795.930000000003,5
7346,1246,65,175,0,175,160,5,10,30,30,0,30,220,20,13455.54,20400.0,-6944.459999999999,5
7347,1246,125,140,0,140,140,0,0,45,45,0,45,260,50,29916.810000000005,22525.0,7391.810000000005,5
7348,1246,70,145,0,145,115,5,25,45,45,0,45,180,45,27405.9,18275.0,9130.900000000001,5
7349,1246,95,145,0,145,145,0,0,40,40,0,40,235,40,24790.050000000003,20400.0,4390.050000000001,5
7350,1246,45,175,0,175,170,0,5,40,40,0,40,210,25,12984.12,18700.0,-5715.879999999999,5
7351,1246,90,150,0,150,150,0,0,35,35,0,35,235,30,15920.460000000003,20400.0,-4479.539999999997,5
7352,1246,100,120,0,120,110,0,10,45,45,0,45,205,55,35844.30000000001,18700.0,17144.300000000007,5
7353,1246,90,150,0,150,145,0,5,55,55,0,55,230,65,44656.155000000006,20400.0,24256.155000000006,5
7354,1246,60,150,0,150,120,10,20,60,60,0,55,175,55,35893.30500000001,17850.0,18043.305000000004,5
7355,1246,100,155,0,155,155,0,0,35,35,0,35,250,25,13290.120000000003,21675.0,-8384.879999999997,5
7356,1246,35,185,0,185,150,15,20,30,30,0,30,180,10,6585.300000000001,18700.0,-12114.699999999997,5
7357,1246,60,170,0,170,145,25,0,50,50,0,50,200,55,37076.7825,19550.0,17526.7825,5
7358,1246,60,155,0,155,120,15,20,55,55,0,50,175,75,54748.490625000006,18275.0,36473.490625000006,5
7359,1246,90,150,0,150,140,0,10,45,45,0,40,225,25,12937.860000000002,20400.0,-7462.139999999998,5
7360,1246,45,175,0,175,165,5,5,35,35,0,35,205,40,25176.69,18700.0,6476.689999999999,5
7361,1246,55,160,0,160,140,5,15,50,50,0,50,190,30,16991.1,18275.0,-1283.900000000001,5
7362,1246,95,150,0,150,120,25,5,50,50,0,50,210,30,15762.6,20825.0,-5062.4,5
7363,1246,55,185,0,185,95,60,30,50,50,0,50,145,40,25186.41,20400.0,4786.410000000001,5
7364,1246,90,125,0,125,125,0,0,45,45,0,45,210,45,27033.300000000003,18275.0,8758.300000000003,5
7365,1246,110,135,0,135,135,0,0,55,55,0,55,240,50,27812.34,20825.0,6987.339999999999,5
7366,1246,95,130,0,130,130,0,0,55,55,0,55,220,60,34694.46000000001,19125.0,15569.460000000008,5
7367,1246,70,170,0,170,165,0,5,35,35,0,35,230,15,8366.400000000001,20400.0,-12033.599999999999,5
7368,1246,85,165,0,165,160,0,5,35,35,0,35,240,20,11718.540000000003,21250.0,-9531.459999999997,5
7369,1246,35,190,0,190,150,5,35,25,25,0,25,180,15,8729.1,19125.0,-10395.9,5
7370,1246,80,145,0,145,120,20,5,50,50,0,50,195,35,19299.780000000002,19125.0,174.78000000000293,5
7371,1246,60,160,0,160,130,15,15,55,55,0,55,185,55,35687.880000000005,18700.0,16987.880000000005,5
7372,1246,70,145,0,145,105,15,25,55,55,0,50,170,60,41365.48500000001,18275.0,23090.485000000008,5
7373,1246,70,150,0,150,145,0,5,35,35,0,35,210,15,7982.640000000001,18700.0,-10717.359999999999,5
7374,1246,80,155,0,155,130,20,5,60,60,0,55,205,50,32107.68,19975.0,12132.68,5
7375,1246,75,150,0,150,115,15,20,55,55,0,55,185,40,22843.08,19125.0,3718.08,5
7376,1246,70,155,0,155,155,0,0,45,45,0,45,220,45,24440.580000000005,19125.0,5315.5800000000045,5
7377,1246,50,170,0,170,140,0,30,40,40,0,40,185,20,10421.280000000002,18700.0,-8278.719999999998,5
7378,1246,45,160,0,160,150,0,10,40,40,0,35,190,60,46244.773125,17425.0,28819.773125,5
7379,1246,55,165,0,165,120,20,25,45,45,0,45,170,40,23122.800000000003,18700.0,4422.800000000002,5
7380,1246,65,165,0,165,155,0,10,35,35,0,35,215,25,14442.66,19550.0,-5107.339999999999,5
7381,1246,115,145,0,145,130,0,15,20,20,0,20,240,10,4757.040000000001,22100.0,-17342.96,5
7382,1246,80,145,0,145,145,0,0,45,45,0,45,220,40,23657.040000000008,19125.0,4532.040000000006,5
7383,1246,65,150,0,150,140,0,10,50,50,0,50,200,30,16946.820000000003,18275.0,-1328.1799999999976,5
7384,1246,90,160,0,160,145,0,15,40,40,0,40,230,10,6409.620000000001,21250.0,-14840.380000000001,5
7385,1246,75,175,0,175,160,5,10,10,10,0,10,230,0,0.0,21250.0,-21250.0,5
7386,1246,50,175,0,175,115,25,35,45,45,0,45,160,40,26460.18,19125.0,7335.18,5
7387,1246,105,135,0,135,135,0,0,45,45,0,45,235,30,16137.54,20400.0,-4262.459999999999,5
7388,1246,70,160,0,160,135,20,5,50,50,0,50,200,15,7810.920000000001,19550.0,-11739.079999999998,5
7389,1246,55,160,0,160,150,0,10,45,45,0,40,200,50,33534.630000000005,18275.0,15259.630000000001,5
7390,1246,30,185,0,185,145,5,35,25,25,0,25,170,15,8911.980000000001,18275.0,-9363.019999999999,5
7391,1246,50,190,0,190,135,30,25,35,35,0,35,180,20,11750.94,20400.0,-8649.06,5
7392,1246,95,145,0,145,145,0,0,50,50,0,50,235,35,18808.740000000005,20400.0,-1591.2599999999952,5
7393,1246,75,165,0,165,160,0,5,40,40,0,40,230,35,21592.170000000006,20400.0,1192.1700000000055,5
7394,1246,55,175,0,175,125,30,20,45,45,0,45,175,25,12762.720000000001,19550.0,-6787.279999999999,5
7395,1246,55,175,0,175,165,5,5,20,20,0,20,215,20,12181.14,19550.0,-7368.86,5
7396,1246,30,190,0,190,160,0,30,25,25,0,25,185,25,15189.84,18700.0,-3510.1600000000008,5
7397,1246,80,155,0,155,155,0,0,30,30,0,30,230,20,10660.320000000002,19975.0,-9314.679999999998,5
7398,1246,70,170,0,170,130,15,25,40,40,0,40,195,50,32329.125000000004,20400.0,11929.125000000004,5
7399,1246,55,165,0,165,155,10,0,40,40,0,40,205,25,14212.440000000004,18700.0,-4487.559999999996,5
7400,1246,65,150,0,150,145,0,5,50,50,0,50,205,35,20692.08,18275.0,2417.080000000001,5
7401,1246,35,180,0,180,160,15,5,20,20,0,20,190,0,0.0,18275.0,-18275.0,5
7402,1246,125,130,0,130,115,5,10,65,65,0,65,235,20,10492.2,21675.0,-11182.8,5
7403,1246,60,170,0,170,160,0,10,40,40,0,40,215,25,14913.540000000003,19550.0,-4636.459999999997,5
7404,1246,85,155,0,155,150,0,5,50,50,0,50,230,20,10404.720000000001,20400.0,-9995.279999999999,5
7405,1246,50,175,0,175,120,25,30,50,50,0,45,165,30,17335.980000000003,19125.0,-1789.0199999999982,5
7406,1246,100,155,0,155,155,0,0,35,35,0,35,250,55,35922.42000000001,21675.0,14247.420000000011,5
7407,1246,40,180,0,180,165,10,5,35,35,0,35,200,25,12847.320000000002,18700.0,-5852.6799999999985,5
7408,1246,55,165,0,165,125,10,30,50,50,0,45,175,20,12022.740000000002,18700.0,-6677.259999999998,5
7409,1246,55,170,0,170,140,10,20,45,45,0,45,190,45,25686.720000000005,19125.0,6561.720000000005,5
7410,1246,55,150,0,150,135,10,5,50,50,0,50,185,60,40316.04000000001,17425.0,22891.04000000001,5
7411,1246,40,175,0,175,145,5,25,30,30,0,30,180,25,15631.920000000002,18275.0,-2643.0799999999977,5
7412,1246,105,145,0,145,145,0,0,45,45,0,40,245,35,22512.780000000002,21250.0,1262.7800000000025,5
7413,1246,110,140,0,140,135,5,0,35,35,0,35,240,35,23320.125000000004,21250.0,2070.1250000000027,5
7414,1246,75,160,0,160,145,15,0,40,40,0,40,215,40,28193.197500000006,19975.0,8218.197500000006,5
7415,1246,90,160,0,160,160,0,0,35,35,0,35,245,20,10009.44,21250.0,-11240.560000000001,5
7416,1246,95,155,0,155,150,5,0,20,20,0,20,240,35,24679.980000000003,21250.0,3429.980000000005,5
7417,1246,80,150,0,150,150,0,0,20,20,0,20,225,15,8961.840000000002,19550.0,-10588.159999999998,5
7418,1246,105,140,0,140,140,0,0,45,45,0,45,240,30,15298.02,20825.0,-5526.979999999999,5
7419,1246,85,130,0,130,125,0,5,35,35,0,35,205,70,53456.99625000001,18275.0,35181.99625000001,5
7420,1246,70,180,0,180,140,15,25,35,35,0,35,205,20,11071.980000000001,21250.0,-10178.019999999999,5
7421,1246,80,160,0,160,155,0,5,35,35,0,35,230,50,38903.52375000001,20400.0,18503.523750000004,5
7422,1246,60,175,0,175,120,35,20,45,45,0,45,175,25,15588.27,19975.0,-4386.73,5
7423,1246,50,185,0,185,145,0,40,25,25,0,25,190,20,12053.34,19975.0,-7921.66,5
7424,1246,60,165,0,165,145,0,20,50,50,0,50,200,15,7287.4800000000005,19125.0,-11837.52,5
7425,1246,85,155,0,155,145,10,0,25,25,0,25,225,65,51654.42,20400.0,31254.42,5
7426,1246,70,155,0,155,145,10,0,40,40,0,40,210,35,23578.83,19125.0,4453.830000000003,5
7427,1246,100,150,0,150,125,0,25,55,55,0,55,220,25,12979.800000000003,21250.0,-8270.199999999997,5
7428,1246,75,140,0,140,105,10,25,60,60,0,60,175,60,34748.82000000001,18275.0,16473.820000000007,5
7429,1246,115,145,0,145,145,0,0,45,45,0,45,255,5,2590.2000000000003,22100.0,-19509.8,5
7430,1246,40,180,0,180,150,0,30,35,35,0,35,185,5,2802.2400000000007,18700.0,-15897.759999999998,5
7431,1246,60,160,0,160,160,0,0,45,45,0,45,215,30,16932.78,18700.0,-1767.2199999999998,5
7432,1246,55,165,0,165,160,0,5,35,35,0,35,210,35,20864.07,18700.0,2164.0700000000015,5
7433,1246,125,125,0,125,125,0,0,55,55,0,55,245,40,25396.965,21250.0,4146.965,5
7434,1246,85,150,0,150,150,0,0,50,50,0,50,230,20,10211.760000000002,19975.0,-9763.239999999998,5
7435,1246,75,170,0,170,160,0,10,25,25,0,25,230,10,4882.320000000001,20825.0,-15942.68,5
7436,1246,40,180,0,180,160,20,0,25,25,0,25,195,20,11020.680000000002,18700.0,-7679.319999999998,5
7437,1246,80,160,0,160,140,0,20,35,35,0,35,215,25,12467.880000000003,20400.0,-7932.119999999997,5
7438,1246,40,155,0,155,135,0,20,40,40,0,35,170,70,50248.09125,16575.0,33673.09125,5
7439,1246,65,165,0,165,160,5,0,35,35,0,35,220,30,19326.600000000002,19550.0,-223.39999999999918,5
7440,1246,60,165,0,165,105,35,25,55,55,0,55,160,80,56894.028750000005,19125.0,37769.028750000005,5
7441,1246,95,135,0,135,135,0,0,40,40,0,40,225,40,31218.84,19550.0,11668.84,5
7442,1246,50,200,0,200,135,50,15,45,45,0,45,180,20,12094.74,21250.0,-9155.26,5
7443,1246,85,165,0,165,135,5,25,45,45,0,45,215,30,16411.14,21250.0,-4838.86,5
7444,1246,70,170,0,170,160,0,10,30,30,0,30,225,10,5092.56,20400.0,-15307.439999999999,5
7445,1246,90,115,0,115,100,10,5,75,75,0,75,185,65,40945.14000000001,17425.0,23520.140000000007,5
7446,1246,55,165,0,165,135,5,25,50,50,0,50,185,65,40817.925,18700.0,22117.925000000003,5
7447,1246,95,125,0,125,115,10,0,35,35,0,35,205,55,42650.122500000005,18700.0,23950.122500000005,5
7448,1246,105,130,0,130,120,0,10,45,45,0,40,220,25,16682.13,19975.0,-3292.869999999998,5
7449,1246,75,150,0,150,130,5,15,50,50,0,50,200,85,60279.0075,19125.0,41154.0075,5
7450,1246,75,160,0,160,135,20,5,45,45,0,45,205,35,20250.450000000004,19975.0,275.450000000003,5
7451,1246,60,150,0,150,115,15,20,45,45,0,45,170,25,14356.260000000002,17850.0,-3493.739999999998,5
7452,1246,40,165,0,165,140,25,0,35,35,0,35,175,20,10543.680000000002,17425.0,-6881.319999999998,5
7453,1246,75,145,0,145,140,0,5,50,50,0,50,210,40,26865.81,18700.0,8165.810000000001,5
7454,1246,45,185,0,185,160,0,25,40,40,0,40,200,25,12511.800000000003,19550.0,-7038.199999999997,5
7455,1246,55,170,0,170,140,5,25,40,40,0,40,190,25,13858.02,19125.0,-5266.979999999999,5
7456,1246,50,155,0,155,150,0,5,40,40,0,40,195,50,33822.675,17425.0,16397.675,5
7457,1246,55,165,0,165,155,0,10,35,35,0,35,205,10,4745.52,18700.0,-13954.48,5
7458,1246,115,150,0,150,150,0,0,25,25,0,25,260,20,13412.430000000002,22525.0,-9112.569999999998,5
7459,1246,105,145,0,145,135,0,10,45,45,0,45,235,40,23109.48,21250.0,1859.4799999999987,5
7460,1246,60,155,0,155,155,0,0,50,50,0,50,210,40,21892.500000000004,18275.0,3617.5000000000045,5
7461,1246,45,190,0,190,160,20,10,35,35,0,35,200,30,21082.635000000002,19975.0,1107.6350000000002,5
7462,1246,65,160,0,160,140,15,5,40,40,0,40,200,25,13379.400000000001,19125.0,-5745.599999999999,5
7463,1246,100,125,0,125,120,5,0,65,65,0,65,215,65,51183.683437499996,19125.0,32058.683437499996,5
7464,1246,95,155,0,155,155,0,0,35,35,0,35,245,45,27024.210000000003,21250.0,5774.210000000003,5
7465,1246,40,185,0,185,150,10,25,35,35,0,30,185,15,7303.680000000002,19125.0,-11821.319999999998,5
7466,1246,50,180,0,180,90,65,25,50,50,0,45,135,50,31889.520000000004,19550.0,12339.520000000002,5
7467,1246,60,160,0,160,145,10,5,40,40,0,40,200,30,20202.030000000002,18700.0,1502.030000000002,5
7468,1246,90,140,0,140,120,0,20,40,40,0,40,205,45,31831.2675,19550.0,12281.267500000004,5
7469,1246,50,160,0,160,160,0,0,15,15,0,15,205,30,22322.160000000003,17850.0,4472.1600000000035,5
7470,1246,50,185,0,185,125,45,15,40,40,0,40,170,30,18680.760000000002,19975.0,-1294.2399999999975,5
7471,1246,55,175,0,175,140,15,20,35,35,0,35,190,15,7972.92,19550.0,-11577.080000000002,5
7472,1246,65,170,0,170,155,0,15,35,35,0,35,215,20,13104.45,19975.0,-6870.549999999998,5
7473,1246,55,160,0,160,160,0,0,45,45,0,45,210,50,31477.05000000001,18275.0,13202.050000000008,5
7474,1246,75,165,0,165,145,10,10,50,50,0,50,215,50,34641.92250000001,20400.0,14241.922500000004,5
7475,1246,65,165,0,165,130,10,25,55,55,0,55,190,35,19514.340000000004,19550.0,-35.659999999998035,5
7476,1246,70,160,0,160,130,20,10,45,45,0,45,195,45,26020.08000000001,19550.0,6470.080000000007,5
7477,1246,75,170,0,170,135,25,10,35,35,0,35,205,15,7791.840000000001,20825.0,-13033.159999999998,5
7478,1246,65,150,0,150,130,15,5,60,60,0,60,190,65,45219.442500000005,18275.0,26944.442500000005,5
7479,1246,80,170,0,170,170,0,0,20,20,0,20,245,10,5180.400000000001,21250.0,-16069.6,5
7480,1246,95,130,0,130,105,5,20,70,70,0,70,195,70,43148.02500000001,19125.0,24023.02500000001,5
7481,1246,60,160,0,160,135,10,15,55,55,0,50,190,35,20575.440000000002,18700.0,1875.4400000000032,5
7482,1246,40,180,0,180,170,0,10,25,25,0,25,205,15,11085.210000000003,18700.0,-7614.789999999998,5
7483,1246,65,170,0,170,100,45,25,55,55,0,50,160,30,16610.04,19975.0,-3364.9599999999987,5
7484,1246,45,165,0,165,150,10,5,30,30,0,30,190,60,44238.08250000001,17850.0,26388.08250000001,5
7485,1246,70,155,0,155,115,35,5,50,50,0,50,180,45,28247.625000000004,19125.0,9122.625000000004,5
7486,1246,70,170,0,170,150,20,0,45,45,0,45,215,25,14290.02,20400.0,-6109.9800000000005,5
7487,1246,60,155,0,155,125,15,15,50,50,0,50,180,60,36542.79000000001,18275.0,18267.790000000008,5
7488,1246,95,150,0,150,110,10,30,45,45,0,45,200,45,25769.340000000004,20825.0,4944.340000000002,5
7489,1246,60,160,0,160,150,0,10,45,45,0,45,205,45,30177.269999999997,18700.0,11477.269999999999,5
7490,1246,105,150,0,150,120,15,15,45,45,0,45,220,20,11412.18,21675.0,-10262.82,5
7491,1246,60,175,0,175,110,45,20,55,55,0,55,165,35,21517.380000000005,19975.0,1542.3800000000028,5
7492,1246,40,185,0,185,155,30,0,30,30,0,30,190,25,17373.645,19125.0,-1751.3549999999987,5
7493,1246,70,165,0,165,165,0,0,35,35,0,35,230,15,8868.060000000001,19975.0,-11106.939999999999,5
7494,1246,65,155,0,155,140,5,10,50,50,0,50,200,30,16811.82,18700.0,-1888.1799999999998,5
7495,1246,55,165,0,165,125,20,20,30,30,0,30,175,35,25545.375,18700.0,6845.374999999999,5
7496,1246,80,130,0,130,125,5,0,50,50,0,50,200,45,27451.980000000007,17850.0,9601.980000000007,5
7497,1246,110,140,0,140,125,0,15,30,30,0,30,230,30,21394.890000000007,21250.0,144.89000000000487,5
7498,1246,50,175,0,175,170,0,5,35,35,0,35,215,15,9345.78,19125.0,-9779.22,5
7499,1246,70,150,0,150,140,0,10,45,45,0,45,205,40,26148.915000000008,18700.0,7448.915000000006,5
7500,1246,115,125,0,125,125,0,0,60,60,0,60,235,50,34605.56250000001,20400.0,14205.562500000005,5
7501,1246,70,145,0,145,100,25,20,55,55,0,55,165,65,39817.98,18275.0,21542.980000000003,5
7502,1246,110,145,0,145,145,0,0,20,20,0,20,250,5,2634.1200000000003,21675.0,-19040.88,5
7503,1246,60,175,0,175,115,35,25,40,40,0,35,170,45,27943.380000000005,19975.0,7968.3800000000065,5
7504,1246,65,170,0,170,165,0,5,30,30,0,30,225,55,40754.23875,19975.0,20779.23875,5
7505,1246,80,155,0,155,110,35,10,45,45,0,45,185,30,19447.740000000005,19975.0,-527.2599999999966,5
7506,1246,70,170,0,170,140,5,25,60,60,0,60,205,45,22898.879999999997,20400.0,2498.879999999999,5
7507,1246,80,145,0,145,140,0,5,40,40,0,40,215,15,7328.52,19125.0,-11796.48,5
7508,1246,115,130,0,130,125,0,5,40,40,0,40,235,15,8538.66,20825.0,-12286.34,5
7509,1246,75,150,0,150,115,15,20,60,60,0,60,185,30,14969.520000000002,19125.0,-4155.479999999998,5
7510,1246,80,155,0,155,135,20,0,50,50,0,50,210,50,29056.500000000007,19975.0,9081.500000000005,5
7511,1246,85,160,0,160,110,30,20,80,80,0,80,190,60,33726.06,20825.0,12901.059999999998,5
7512,1246,90,155,0,155,145,0,10,45,45,0,45,230,35,20304.36,20825.0,-520.6400000000008,5
7513,1246,45,170,0,170,165,0,5,30,30,0,30,205,25,14232.240000000002,18275.0,-4042.7599999999984,5
7514,1246,80,170,0,170,155,0,15,45,45,0,45,230,25,12602.880000000003,21250.0,-8647.119999999997,5
7515,1246,50,165,0,165,150,15,0,50,50,0,45,195,35,18644.94,18275.0,369.93999999999915,5
7516,1246,55,160,0,160,145,0,15,30,30,0,30,195,35,22894.47,18275.0,4619.470000000001,5
7517,1246,45,185,0,185,135,15,35,30,30,0,30,175,25,15028.380000000001,19550.0,-4521.619999999998,5
7518,1246,75,165,0,165,145,10,10,45,45,0,45,215,35,19507.500000000004,20400.0,-892.4999999999977,5
7519,1246,55,160,0,160,155,0,5,40,40,0,40,205,45,27927.9,18275.0,9652.9,5
7520,1246,125,140,0,140,140,0,0,35,35,0,35,260,40,22942.980000000003,22525.0,417.9800000000023,5
7521,1246,110,130,0,130,125,0,5,40,40,0,40,230,35,20478.239999999998,20400.0,78.23999999999842,5
7522,1246,85,165,0,165,155,0,10,25,25,0,25,235,20,10419.840000000002,21250.0,-10830.159999999998,5
7523,1246,60,160,0,160,160,0,0,40,40,0,40,215,25,13641.840000000002,18700.0,-5058.159999999998,5
7524,1246,115,155,0,155,155,0,0,30,30,0,30,265,20,10175.400000000001,22950.0,-12774.599999999999,5
7525,1246,95,135,0,135,120,0,15,40,40,0,40,210,35,21567.960000000003,19550.0,2017.9600000000028,5
7526,1246,115,130,0,130,130,0,0,45,45,0,45,240,25,13675.140000000001,20825.0,-7149.859999999999,5
7527,1246,45,170,0,170,140,20,10,45,45,0,40,180,25,12273.12,18275.0,-6001.879999999999,5
7528,1246,80,145,0,145,130,15,0,55,55,0,55,205,65,37647.36,19125.0,18522.36,5
7529,1246,45,195,0,195,155,35,5,25,25,0,25,195,15,9365.220000000001,20400.0,-11034.779999999999,5
7530,1246,55,170,0,170,135,15,20,50,50,0,50,185,45,26714.250000000007,19125.0,7589.250000000006,5
7531,1246,35,180,0,180,170,5,5,30,30,0,30,200,15,9033.660000000002,18275.0,-9241.339999999998,5
7532,1246,55,150,0,150,120,10,20,50,50,0,50,170,25,13192.920000000002,17425.0,-4232.079999999998,5
7533,1246,85,150,0,150,150,0,0,40,40,0,40,230,35,20498.4,19975.0,523.4000000000015,5
7534,1246,35,190,0,190,140,30,20,35,35,0,30,170,15,8240.400000000001,19125.0,-10884.599999999999,5
7535,1246,60,165,0,165,145,15,5,35,35,0,30,200,10,6613.74,19125.0,-12511.26,5
7536,1246,65,175,0,175,125,20,30,60,60,0,60,185,40,22299.3,20400.0,1899.2999999999984,5
7537,1246,50,180,0,180,145,10,25,40,40,0,40,190,50,32878.89,19550.0,13328.890000000001,5
7538,1246,80,145,0,145,140,0,5,50,50,0,50,215,30,17574.66,19125.0,-1550.3399999999988,5
7539,1246,50,170,0,170,125,30,15,45,45,0,45,170,55,33126.03000000001,18700.0,14426.03000000001,5
7540,1246,55,165,0,165,145,0,20,35,35,0,35,195,20,11568.060000000001,18700.0,-7131.94,5
7541,1246,30,180,0,180,175,0,5,25,25,0,25,200,15,7463.16,17850.0,-10386.84,5
7542,1246,60,165,0,165,165,0,0,30,30,0,30,220,20,11378.34,19125.0,-7746.66,5
7543,1246,70,155,0,155,145,10,0,30,30,0,30,210,15,7536.2400000000025,19125.0,-11588.759999999998,5
7544,1246,65,170,0,170,165,5,0,30,30,0,30,225,25,12725.640000000001,19975.0,-7249.359999999999,5
7545,1246,50,190,0,190,130,15,45,50,50,0,45,175,30,14758.92,20400.0,-5641.08,5
7546,1246,75,160,0,160,150,0,10,30,30,0,30,220,15,9463.860000000002,19975.0,-10511.139999999998,5
7547,1246,80,150,0,150,115,10,25,45,45,0,45,190,45,26722.530000000002,19550.0,7172.530000000002,5
7548,1246,55,170,0,170,140,20,10,40,40,0,40,190,50,31996.800000000003,19125.0,12871.800000000003,5
7549,1246,110,135,0,135,125,0,10,40,40,0,40,230,30,20238.75,20825.0,-586.25,5
7550,1246,40,180,0,180,145,10,25,40,40,0,35,180,20,10585.080000000002,18700.0,-8114.919999999997,5
7551,1246,45,175,0,175,155,5,15,35,35,0,30,195,20,11598.12,18700.0,-7101.879999999999,5
7552,1246,85,135,0,135,120,0,15,60,60,0,60,200,40,24054.300000000007,18700.0,5354.3000000000075,5
7553,1246,85,150,0,150,135,0,15,35,35,0,35,215,45,38257.326562500006,19975.0,18282.326562500002,5
7554,1246,70,170,0,170,160,0,10,30,30,0,30,225,10,4884.84,20400.0,-15515.16,5
7555,1246,65,150,0,150,140,0,10,40,40,0,40,200,30,19810.530000000002,18275.0,1535.5300000000034,5
7556,1246,90,130,0,130,130,0,0,55,55,0,55,215,60,44409.678750000014,18700.0,25709.678750000014,5
7557,1246,70,155,0,155,155,0,0,35,35,0,35,220,35,22421.79,19125.0,3296.790000000001,5
7558,1246,45,195,0,195,140,15,40,40,40,0,40,180,10,5004.72,20400.0,-15395.28,5
7559,1246,90,160,0,160,140,0,20,50,50,0,50,225,40,22894.56,21250.0,1644.5600000000013,5
7560,1246,60,145,0,145,145,0,0,40,40,0,40,200,35,24804.045000000002,17425.0,7379.045000000001,5
7561,1246,35,190,0,190,170,0,20,25,25,0,25,200,20,10823.04,19125.0,-8301.96,5
7562,1246,80,135,0,135,110,5,20,45,45,0,45,185,45,26427.600000000006,18275.0,8152.600000000007,5
7563,1246,95,125,0,125,125,0,0,60,60,0,55,215,30,15824.160000000003,18700.0,-2875.839999999996,5
7564,1246,50,160,0,160,145,5,10,30,30,0,25,190,20,10842.480000000005,17850.0,-7007.519999999995,5
7565,1246,45,180,0,180,150,0,30,40,40,0,40,190,35,23328.9,19125.0,4203.900000000003,5
7566,1246,65,135,0,135,120,0,15,60,60,0,60,180,25,12621.240000000002,17000.0,-4378.7599999999975,5
7567,1246,45,185,0,185,160,0,25,35,35,0,35,200,30,16572.780000000002,19550.0,-2977.2199999999975,5
7568,1246,70,155,0,155,155,0,0,40,40,0,35,220,30,17077.5,19125.0,-2047.5,5
7569,1246,60,160,0,160,145,15,0,45,45,0,45,200,30,18654.93,18700.0,-45.069999999998345,5
7570,1246,125,145,0,145,140,0,5,40,40,0,35,260,20,10353.240000000002,22950.0,-12596.759999999998,5
7571,1246,40,160,0,160,155,0,5,30,30,0,30,190,30,17914.500000000004,17000.0,914.500000000005,5
7572,1246,85,155,0,155,140,5,10,35,35,0,35,220,40,23385.690000000002,20400.0,2985.690000000004,5
7573,1246,50,180,0,180,155,20,5,30,30,0,30,200,30,16368.660000000002,19550.0,-3181.339999999998,5
7574,1246,85,130,0,130,110,20,0,55,55,0,50,190,70,44556.48,18275.0,26281.480000000003,5
7575,1246,60,160,0,160,155,0,5,40,40,0,40,210,30,16814.700000000004,18700.0,-1885.2999999999975,5
7576,1246,85,140,0,140,135,0,5,50,50,0,50,215,30,16779.780000000002,19125.0,-2345.219999999997,5
7577,1246,65,170,0,170,155,0,15,40,40,0,40,215,55,41424.35062500001,19975.0,21449.350625000006,5
7578,1246,75,150,0,150,150,0,0,45,45,0,45,220,20,10409.04,19125.0,-8715.96,5
7579,1246,55,150,0,150,135,10,5,55,55,0,50,185,45,27305.550000000003,17425.0,9880.550000000003,5
7580,1246,50,175,0,175,170,0,5,25,25,0,25,215,30,18257.04,19125.0,-867.9599999999982,5
7581,1246,55,165,0,165,120,30,15,50,50,0,50,170,35,18663.660000000003,18700.0,-36.33999999999787,5
7582,1246,70,160,0,160,130,15,15,50,50,0,50,195,25,13142.52,19550.0,-6407.4800000000005,5
7583,1246,50,180,0,180,120,25,35,45,45,0,40,165,20,10859.760000000004,19550.0,-8690.239999999996,5
7584,1246,75,145,0,145,125,20,0,45,45,0,45,195,70,53953.37718750002,18700.0,35253.37718750002,5
7585,1246,65,150,0,150,115,15,20,45,45,0,45,175,70,57793.382578125005,18275.0,39518.382578125005,5
7586,1246,60,175,0,175,160,0,15,15,15,0,15,215,10,4916.88,19975.0,-15058.119999999999,5
7587,1246,70,170,0,170,160,0,10,25,25,0,25,225,25,15832.890000000003,20400.0,-4567.109999999998,5
7588,1246,110,145,0,145,130,15,0,45,45,0,45,235,45,28058.31,21675.0,6383.310000000001,5
7589,1246,75,155,0,155,150,0,5,50,50,0,50,220,50,30961.350000000002,19550.0,11411.350000000002,5
7590,1246,85,145,0,145,130,10,5,45,45,0,45,210,75,52675.993125000015,19550.0,33125.993125000015,5
7591,1246,85,170,0,170,120,35,15,40,40,0,40,200,35,20414.160000000003,21675.0,-1260.839999999996,5
7592,1246,80,140,0,140,140,0,0,35,35,0,35,215,55,40504.93875,18700.0,21804.93875,5
7593,1246,60,180,0,180,155,10,15,30,30,0,30,210,0,0.0,20400.0,-20400.0,5
7594,1246,50,170,0,170,170,0,0,30,30,0,30,215,15,7463.16,18700.0,-11236.84,5
7595,1246,110,150,0,150,140,0,10,30,30,0,30,245,25,14592.780000000002,22100.0,-7507.2199999999975,5
7596,1246,55,165,0,165,165,0,0,40,40,0,40,215,60,39944.295,18700.0,21244.295,5
7597,1246,65,145,0,145,115,0,30,55,55,0,55,175,95,59918.67000000001,17850.0,42068.67000000001,5
7598,1246,65,175,0,175,155,20,0,30,30,0,30,215,10,5232.600000000001,20400.0,-15167.399999999998,5
7599,1246,70,165,0,165,140,20,5,25,25,0,25,205,30,19984.95,19975.0,9.950000000001182,5
7600,1246,75,150,0,150,135,15,0,40,40,0,40,205,40,24411.510000000002,19125.0,5286.510000000003,5
7601,1246,55,175,0,175,160,15,0,40,40,0,40,210,20,10072.440000000002,19550.0,-9477.559999999998,5
7602,1246,90,145,0,145,135,0,10,40,40,0,40,220,55,33926.4,19975.0,13951.400000000003,5
7603,1246,60,180,0,180,160,20,0,40,40,0,40,215,25,14056.02,20400.0,-6343.98,5
7604,1246,60,175,0,175,150,15,10,45,45,0,45,205,60,35634.06000000001,19975.0,15659.060000000012,5
7605,1246,55,165,0,165,130,20,15,50,50,0,50,180,20,9684.0,18700.0,-9016.0,5
7606,1246,65,150,0,150,140,5,5,35,35,0,35,200,35,25147.957500000004,18275.0,6872.957500000002,5
7607,1246,85,150,0,150,145,0,5,25,25,0,25,225,25,12413.880000000001,19975.0,-7561.119999999999,5
7608,1246,25,200,0,200,145,40,15,20,20,0,20,165,25,15318.54,19125.0,-3806.4599999999996,5
7609,1246,80,155,0,155,150,0,5,50,50,0,50,225,50,29859.750000000004,19975.0,9884.750000000004,5
7610,1246,50,190,0,190,100,70,20,45,45,0,45,145,30,16319.340000000002,20400.0,-4080.659999999998,5
7611,1246,70,160,0,160,145,15,0,50,50,0,50,210,25,12799.440000000002,19550.0,-6750.559999999998,5
7612,1246,50,175,0,175,135,20,20,40,40,0,40,180,50,34734.24,19125.0,15609.24,5
7613,1246,60,160,0,160,145,0,15,40,40,0,40,200,25,14396.220000000001,18700.0,-4303.779999999999,5
7614,1246,70,165,0,165,125,40,0,40,40,0,40,190,35,26384.422500000004,19975.0,6409.422500000005,5
7615,1246,65,160,0,160,115,0,45,60,60,0,60,175,70,42354.270000000004,19125.0,23229.270000000004,5
7616,1246,55,160,0,160,125,15,20,40,40,0,40,175,40,26151.57,18275.0,7876.5700000000015,5
7617,1246,50,160,0,160,160,0,0,40,40,0,40,205,25,18543.015,17850.0,693.0150000000003,5
7618,1246,90,170,0,170,120,25,25,50,50,0,50,205,10,5554.440000000002,22100.0,-16545.559999999998,5
7619,1246,80,155,0,155,130,15,10,50,50,0,45,205,30,16863.660000000003,19975.0,-3111.339999999998,5
7620,1246,65,170,0,170,110,45,15,45,45,0,45,170,30,16410.780000000006,19975.0,-3564.2199999999957,5
7621,1246,65,145,0,145,110,15,20,50,50,0,50,170,60,37116.00000000001,17850.0,19266.000000000007,5
7622,1246,75,150,0,150,150,0,0,45,45,0,45,220,45,26109.000000000007,19125.0,6984.0000000000055,5
7623,1246,65,150,0,150,130,0,20,50,50,0,50,190,50,31588.47000000001,18275.0,13313.470000000007,5
7624,1246,80,130,0,130,120,0,10,55,55,0,55,195,40,23927.13,17850.0,6077.130000000002,5
7625,1246,90,165,0,165,120,30,15,55,55,0,55,205,40,22474.71,21675.0,799.71,5
7626,1246,50,175,0,175,170,0,5,30,30,0,25,215,25,15825.240000000003,19125.0,-3299.7599999999966,5
7627,1246,105,130,0,130,115,10,5,25,25,0,25,215,25,15102.54,19975.0,-4872.459999999999,5
7628,1246,55,180,0,180,115,50,15,50,50,0,50,165,45,27953.820000000007,19975.0,7978.820000000005,5
7629,1246,70,150,0,150,145,5,0,45,45,0,45,210,35,19176.660000000003,18700.0,476.66000000000395,5
7630,1246,65,185,0,185,170,5,10,45,45,0,45,230,20,11933.820000000003,21250.0,-9316.179999999997,5
7631,1246,70,165,0,165,160,0,5,40,40,0,40,225,70,49780.530000000006,19975.0,29805.530000000006,5
7632,1246,55,150,0,150,140,10,0,45,45,0,40,190,25,15705.540000000003,17425.0,-1719.4599999999969,5
7633,1246,65,135,0,135,95,15,25,50,50,0,50,155,85,63326.58187500002,17000.0,46326.58187500002,5
7634,1246,75,170,0,170,130,35,5,35,35,0,35,200,30,18031.68,20825.0,-2793.319999999999,5
7635,1246,30,200,0,200,130,45,25,25,25,0,25,155,40,30709.248750000002,19550.0,11159.248750000002,5
7636,1246,85,145,0,145,135,5,5,40,40,0,40,215,20,12125.16,19550.0,-7424.839999999999,5
7637,1246,55,165,0,165,115,45,5,35,35,0,35,165,95,80137.70771484377,18700.0,61437.70771484377,5
7638,1246,50,160,0,160,125,20,15,40,40,0,40,170,20,11847.240000000003,17850.0,-6002.759999999997,5
7639,1246,75,145,0,145,140,0,5,40,40,0,40,210,40,24781.860000000008,18700.0,6081.860000000006,5
7640,1246,95,125,0,125,100,5,20,60,60,0,60,190,45,26495.73000000001,18700.0,7795.730000000012,5
7641,1246,40,170,0,170,145,0,25,35,35,0,30,180,60,41106.2175,17850.0,23256.217500000002,5
7642,1246,70,150,0,150,150,0,0,45,45,0,45,215,45,28425.420000000006,18700.0,9725.420000000004,5
7643,1246,60,160,0,160,140,5,15,55,55,0,55,195,85,59619.48187500001,18700.0,40919.48187500001,5
7644,1246,75,150,0,150,145,0,5,30,30,0,30,215,10,5347.4400000000005,19125.0,-13777.559999999998,5
7645,1246,75,175,0,175,145,10,20,55,55,0,55,215,20,9994.320000000002,21250.0,-11255.679999999997,5
7646,1246,45,180,0,180,165,0,15,35,35,0,30,205,25,16783.2,19125.0,-2341.7999999999984,5
7647,1246,65,165,0,165,145,20,0,30,30,0,30,205,35,23538.465000000004,19550.0,3988.4650000000056,5
7648,1246,70,165,0,165,140,20,5,30,30,0,30,205,50,43080.43921875,19975.0,23105.439218749998,5
7649,1246,50,165,0,165,150,0,15,35,35,0,35,195,15,7925.760000000002,18275.0,-10349.239999999998,5
7650,1246,65,160,0,160,155,0,5,40,40,0,40,215,20,11441.340000000002,19125.0,-7683.659999999998,5
7651,1246,70,150,0,150,150,0,0,40,40,0,40,215,40,22850.640000000003,18700.0,4150.640000000003,5
7652,1246,85,150,0,150,145,0,5,40,40,0,35,225,20,10064.520000000002,19975.0,-9910.479999999998,5
7653,1246,60,165,0,165,155,10,0,40,40,0,40,210,40,27239.445000000007,19125.0,8114.445000000005,5
7654,1246,65,170,0,170,155,15,0,50,50,0,50,215,20,9589.68,19975.0,-10385.32,5
7655,1246,60,185,0,185,140,5,40,30,30,0,30,195,10,5268.240000000001,20825.0,-15556.759999999998,5
7656,1246,105,135,0,135,135,0,0,35,35,0,35,235,30,15462.0,20400.0,-4938.0,5
7657,1246,75,145,0,145,140,0,5,35,35,0,35,210,30,15683.940000000002,18700.0,-3016.0599999999977,5
7658,1246,70,165,0,165,155,5,5,45,45,0,45,220,25,14136.660000000002,19975.0,-5838.339999999998,5
7659,1246,135,140,0,140,140,0,0,40,40,0,40,270,20,10265.400000000001,23375.0,-13109.599999999999,5
7660,1246,25,190,0,190,160,0,30,20,20,0,20,180,25,14872.230000000001,18275.0,-3402.769999999998,5
7661,1246,75,170,0,170,150,0,20,40,40,0,35,220,10,5531.4000000000015,20825.0,-15293.599999999999,5
7662,1246,70,150,0,150,150,0,0,55,55,0,55,215,35,18447.840000000004,18700.0,-252.15999999999667,5
7663,1246,65,175,0,175,125,15,35,45,45,0,45,185,45,28610.190000000002,20400.0,8210.190000000002,5
7664,1246,55,185,0,185,150,5,30,40,40,0,40,200,20,9965.52,20400.0,-10434.48,5
7665,1246,65,180,0,180,145,0,35,45,45,0,45,205,20,11517.3,20825.0,-9307.7,5
7666,1246,60,165,0,165,145,10,10,40,40,0,40,200,20,11901.780000000002,19125.0,-7223.219999999997,5
7667,1246,50,160,0,160,130,30,0,45,45,0,45,175,20,11913.660000000002,17850.0,-5936.339999999998,5
7668,1246,45,165,0,165,160,0,5,35,35,0,35,200,15,9131.580000000002,17850.0,-8718.419999999998,5
7669,1246,65,170,0,170,155,0,15,35,35,0,35,215,30,16243.380000000001,19975.0,-3731.619999999998,5
7670,1246,65,170,0,170,135,10,25,35,35,0,35,195,35,23088.870000000006,19975.0,3113.8700000000063,5
7671,1246,70,165,0,165,150,0,15,35,35,0,35,215,20,9965.52,19975.0,-10009.48,5
7672,1246,105,150,0,150,150,0,0,35,35,0,35,250,30,16905.780000000002,21675.0,-4769.2199999999975,5
7673,1246,35,170,0,170,165,0,5,30,30,0,30,195,35,22640.490000000005,17425.0,5215.490000000004,5
7674,1246,80,170,0,170,140,0,30,30,30,0,30,215,20,11392.380000000001,21250.0,-9857.619999999999,5
7675,1246,55,170,0,170,125,25,20,50,50,0,50,175,45,28782.090000000004,19125.0,9657.090000000004,5
7676,1246,35,195,0,195,160,10,25,25,25,0,25,190,15,7958.160000000002,19550.0,-11591.839999999997,5
7677,1246,70,140,0,140,140,0,0,50,50,0,50,205,70,51639.29437500001,17850.0,33789.29437500001,5
7678,1246,45,180,0,180,125,35,20,35,35,0,35,165,45,28516.95,19125.0,9391.95,5
7679,1246,60,165,0,165,125,25,15,50,50,0,45,180,35,20068.740000000005,19125.0,943.7400000000048,5
7680,1246,65,165,0,165,155,0,10,30,30,0,30,215,45,31707.65250000001,19550.0,12157.652500000013,5
7681,1246,105,140,0,140,135,0,5,40,40,0,35,235,25,14042.340000000002,20825.0,-6782.659999999998,5
7682,1246,40,170,0,170,145,20,5,25,25,0,25,180,20,10836.540000000003,17850.0,-7013.459999999997,5
7683,1246,40,175,0,175,155,0,20,30,30,0,30,190,50,40919.5575,18275.0,22644.557500000003,5
7684,1246,70,150,0,150,105,20,25,65,65,0,65,170,65,41738.04,18700.0,23038.04,5
7685,1246,65,165,0,165,145,0,20,45,45,0,40,205,35,19207.620000000003,19550.0,-342.3799999999983,5
7686,1246,45,150,0,150,115,25,10,40,40,0,40,155,65,48093.16500000001,16575.0,31518.165000000008,5
7687,1246,80,165,0,165,155,10,0,35,35,0,35,230,45,30351.555,20825.0,9526.554999999998,5
7688,1246,70,155,0,155,115,25,15,55,55,0,55,180,55,33690.96000000001,19125.0,14565.96000000001,5
7689,1246,120,130,0,130,125,5,0,25,25,0,25,240,25,18448.065000000002,21250.0,-2801.9349999999963,5
7690,1246,100,130,0,130,125,0,5,40,40,0,35,220,50,33677.82000000001,19550.0,14127.820000000007,5
7691,1246,85,155,0,155,155,0,0,40,40,0,40,235,10,5268.240000000001,20400.0,-15131.759999999998,5
7692,1246,125,135,0,135,135,0,0,25,25,0,25,255,25,14466.78,22100.0,-7633.219999999999,5
7693,1246,60,160,0,160,155,0,5,45,45,0,45,210,35,18379.08,18700.0,-320.91999999999643,5
7694,1246,35,185,0,185,155,0,30,35,35,0,30,185,15,7331.4000000000015,18700.0,-11368.599999999999,5
7695,1246,85,150,0,150,120,25,5,45,45,0,40,200,55,36212.445,19975.0,16237.445000000003,5
7696,1246,70,160,0,160,110,35,15,40,40,0,40,175,35,23376.33,19550.0,3826.3300000000027,5
7697,1246,55,165,0,165,140,20,5,45,45,0,45,190,45,31059.112500000007,18700.0,12359.112500000007,5
7698,1246,70,165,0,165,165,0,0,30,30,0,30,230,40,26669.879999999997,19975.0,6694.879999999998,5
7699,1246,55,185,0,185,120,40,25,55,55,0,50,170,45,27387.989999999998,20400.0,6987.99,5
7700,1246,85,145,0,145,145,0,0,50,50,0,50,225,35,21401.910000000003,19550.0,1851.9100000000026,5
7701,1246,75,160,0,160,140,20,0,40,40,0,40,210,25,13014.000000000004,19975.0,-6960.999999999996,5
7702,1246,105,145,0,145,115,10,20,55,55,0,55,215,45,23407.200000000004,21250.0,2157.2000000000025,5
7703,1246,90,150,0,150,135,0,15,30,30,0,30,220,30,16808.22,20400.0,-3591.779999999999,5
7704,1246,65,165,0,165,155,0,10,35,35,0,35,215,20,9820.800000000001,19550.0,-9729.199999999999,5
7705,1246,70,160,0,160,100,50,10,60,60,0,60,165,60,45338.6925,19550.0,25788.692499999997,5
7706,1246,115,145,0,145,145,0,0,40,40,0,40,255,20,9884.160000000002,22100.0,-12215.839999999998,5
7707,1246,35,190,0,190,170,0,20,20,20,0,20,200,15,8430.480000000003,19125.0,-10694.519999999997,5
7708,1246,70,145,0,145,120,0,25,65,65,0,65,185,60,37225.170000000006,18275.0,18950.170000000006,5
7709,1246,60,165,0,165,155,0,10,35,35,0,35,210,35,20529.54,19125.0,1404.5400000000018,5
7710,1246,85,150,0,150,130,0,20,40,40,0,40,210,25,13522.14,19975.0,-6452.860000000001,5
7711,1246,115,135,0,135,130,0,5,40,40,0,40,240,20,11209.500000000004,21250.0,-10040.499999999996,5
7712,1246,50,180,0,180,125,40,15,45,45,0,45,170,35,17835.84,19550.0,-1714.1599999999994,5
7713,1246,85,155,0,155,155,0,0,30,30,0,30,235,20,11370.420000000002,20400.0,-9029.579999999998,5
7714,1246,55,185,0,185,125,25,35,35,35,0,35,175,30,19492.11,20400.0,-907.8899999999976,5
7715,1246,65,170,0,170,150,0,20,45,45,0,45,210,45,25228.620000000006,19975.0,5253.620000000005,5
7716,1246,85,155,0,155,115,25,15,45,45,0,45,195,35,22772.97,20400.0,2372.9700000000003,5
7717,1246,75,160,0,160,160,0,0,35,35,0,35,230,20,9965.52,19975.0,-10009.48,5
7718,1246,85,160,0,160,150,5,5,45,45,0,45,230,30,17520.66,20825.0,-3304.3399999999997,5
7719,1246,55,170,0,170,135,15,20,35,35,0,35,185,45,27821.79,19125.0,8696.79,5
7720,1246,95,130,0,130,130,0,0,50,50,0,50,220,35,20620.8,19125.0,1495.7999999999993,5
7721,1246,65,160,0,160,160,0,0,40,40,0,40,220,25,15771.419999999998,19125.0,-3353.5800000000017,5
7722,1246,80,155,0,155,90,55,10,60,60,0,60,165,75,50692.18500000001,19975.0,30717.18500000001,5
7723,1246,65,170,0,170,165,0,5,35,35,0,30,225,15,8769.42,19975.0,-11205.58,5
7724,1246,55,160,0,160,135,5,20,35,35,0,35,185,40,31555.93500000001,18275.0,13280.935000000009,5
7725,1246,40,195,0,195,140,40,15,35,35,0,35,175,50,34491.37500000001,19975.0,14516.375000000007,5
7726,1246,55,160,0,160,150,0,10,30,30,0,30,200,25,14419.980000000003,18275.0,-3855.0199999999973,5
7727,1246,40,190,0,190,125,40,25,35,35,0,35,160,35,20662.200000000004,19550.0,1112.2000000000025,5
7728,1246,65,175,0,175,150,0,25,40,40,0,40,210,25,12863.16,20400.0,-7536.84,5
7729,1246,25,200,0,200,185,0,15,20,20,0,20,205,15,7367.76,19125.0,-11757.24,5
7730,1246,95,135,0,135,125,5,5,30,30,0,30,215,10,5296.320000000003,19550.0,-14253.679999999997,5
7731,1246,75,160,0,160,145,0,15,30,30,0,30,215,15,9422.1,19975.0,-10552.9,5
7732,1246,65,165,0,165,165,0,0,45,45,0,45,225,30,17153.46,19550.0,-2396.54,5
7733,1246,50,165,0,165,130,35,0,35,35,0,35,175,10,5172.840000000001,18275.0,-13102.16,5
7734,1246,45,175,0,175,160,0,15,40,40,0,40,200,40,25089.750000000004,18700.0,6389.750000000004,5
7735,1246,50,165,0,165,145,0,20,40,40,0,40,190,45,29709.180000000008,18275.0,11434.180000000006,5
7736,1246,90,145,0,145,145,0,0,55,55,0,55,230,30,17450.64,19975.0,-2524.359999999999,5
7737,1246,40,170,0,170,130,35,5,35,35,0,35,165,45,33749.1675,17850.0,15899.167500000003,5
7738,1246,45,175,0,175,170,0,5,35,35,0,35,210,20,10843.560000000001,18700.0,-7856.439999999998,5
7739,1246,90,130,0,130,125,0,5,40,40,0,40,210,80,67860.939375,18700.0,49160.93937500001,5
7740,1246,65,165,0,165,150,0,15,25,25,0,25,210,30,18657.0,19550.0,-893.0000000000018,5
7741,1246,65,150,0,150,140,10,0,50,50,0,45,200,35,23022.810000000005,18275.0,4747.810000000004,5
7742,1246,50,180,0,180,170,5,5,20,20,0,20,215,20,13488.75,19550.0,-6061.25,5
7743,1246,45,210,0,210,140,35,35,40,40,0,40,180,10,4878.360000000001,21675.0,-16796.64,5
7744,1246,65,165,0,165,135,10,20,50,50,0,45,195,45,25308.360000000008,19550.0,5758.360000000007,5
7745,1246,70,140,0,140,135,0,5,50,50,0,50,200,45,34724.576250000006,17850.0,16874.576250000006,5
7746,1246,80,140,0,140,125,0,15,50,50,0,50,200,25,13738.860000000002,18700.0,-4961.139999999998,5
7747,1246,65,170,0,170,115,35,20,50,50,0,50,175,50,31373.01000000001,19975.0,11398.01000000001,5
7748,1246,80,145,0,145,135,0,10,45,45,0,45,210,45,28983.150000000005,19125.0,9858.150000000005,5
7749,1246,55,165,0,165,150,10,5,35,35,0,35,200,5,2889.7200000000003,18700.0,-15810.28,5
7750,1246,75,165,0,165,165,0,0,10,10,0,10,235,0,0.0,20400.0,-20400.0,5
7751,1246,85,145,0,145,115,0,30,50,50,0,50,195,70,48534.210000000014,19550.0,28984.210000000014,5
7752,1246,60,160,0,160,150,10,0,40,40,0,40,205,40,23759.64,18700.0,5059.639999999999,5
7753,1246,80,160,0,160,125,5,30,60,60,0,60,200,70,47538.202500000014,20400.0,27138.202500000014,5
7754,1246,50,155,0,155,140,0,15,45,45,0,40,185,35,21145.770000000004,17425.0,3720.7700000000023,5
7755,1246,55,175,0,175,170,5,0,25,25,0,25,220,10,5136.4800000000005,19550.0,-14413.519999999999,5
7756,1246,135,130,0,130,130,0,0,40,40,0,40,260,25,14965.920000000002,22525.0,-7559.079999999999,5
7757,1246,60,160,0,160,120,5,35,40,40,0,40,175,35,20973.240000000005,18700.0,2273.2400000000052,5
7758,1246,100,145,0,145,130,0,15,30,30,0,30,225,55,37349.145000000004,20825.0,16524.145000000008,5
7759,1246,110,120,0,120,120,0,0,45,45,0,45,225,60,38475.225,19550.0,18925.225,5
7760,1246,50,165,0,165,160,0,5,25,25,0,25,205,25,16858.260000000002,18275.0,-1416.7399999999998,5
7761,1246,105,135,0,135,125,10,0,50,50,0,50,225,45,32956.65,20400.0,12556.65,5
7762,1246,70,165,0,165,145,10,10,40,40,0,40,210,30,17509.68,19975.0,-2465.3199999999993,5
7763,1246,100,130,0,130,115,15,0,45,45,0,45,210,55,36374.535,19550.0,16824.535000000003,5
7764,1246,40,185,0,185,145,15,25,35,35,0,35,180,25,15014.160000000002,19125.0,-4110.839999999998,5
7765,1246,80,150,0,150,145,0,5,50,50,0,50,220,40,21962.340000000004,19550.0,2412.340000000004,5
7766,1246,75,155,0,155,150,0,5,40,40,0,40,220,35,22425.93,19550.0,2875.9299999999985,5
7767,1246,75,160,0,160,160,0,0,30,30,0,30,230,15,7765.200000000001,19975.0,-12209.8,5
7768,1246,80,155,0,155,120,20,15,60,60,0,60,195,50,28941.840000000004,19975.0,8966.840000000002,5
7769,1246,35,190,0,190,185,5,0,25,25,0,25,215,20,10988.460000000003,19125.0,-8136.539999999997,5
7770,1246,45,165,0,165,145,0,20,40,40,0,40,185,40,26524.215000000004,17850.0,8674.215000000004,5
7771,1246,60,165,0,165,135,5,25,45,45,0,45,190,35,27032.512500000008,19125.0,7907.512500000007,5
7772,1246,70,170,0,170,120,25,25,65,65,0,65,185,30,18825.030000000002,20400.0,-1574.9699999999984,5
7773,1246,80,165,0,165,145,0,20,60,60,0,60,220,20,10179.720000000001,20825.0,-10645.279999999999,5
7774,1246,50,180,0,180,145,5,30,40,40,0,40,190,20,10141.2,19550.0,-9408.8,5
7775,1246,65,150,0,150,135,15,0,55,55,0,55,195,55,39343.98375,18275.0,21068.983750000003,5
7776,1246,65,155,0,155,100,45,10,40,40,0,35,160,80,58269.903750000005,18700.0,39569.903750000005,5
7777,1246,85,165,0,165,165,0,0,20,20,0,20,245,10,5136.4800000000005,21250.0,-16113.519999999999,5
7778,1246,100,145,0,145,120,0,25,65,65,0,65,215,55,31406.940000000002,20825.0,10581.940000000004,5
7779,1246,95,135,0,135,125,0,10,45,45,0,40,215,15,8284.320000000002,19550.0,-11265.679999999997,5
7780,1246,45,170,0,170,140,0,30,30,30,0,30,180,70,53195.10750000001,18275.0,34920.10750000001,5
7781,1246,35,200,0,200,125,35,40,30,30,0,30,155,20,12951.000000000004,19975.0,-7023.999999999996,5
7782,1246,45,175,0,175,160,10,5,35,35,0,35,200,25,14838.480000000001,18700.0,-3861.519999999998,5
7783,1246,130,140,0,140,135,0,5,40,40,0,40,260,20,11669.940000000002,22950.0,-11280.059999999998,5
7784,1246,55,160,0,160,140,0,20,50,50,0,50,190,40,22822.020000000004,18275.0,4547.020000000002,5
7785,1246,75,165,0,165,85,60,20,60,60,0,60,155,55,33946.65,20400.0,13546.650000000005,5
7786,1246,95,160,0,160,160,0,0,30,30,0,30,250,25,13448.7,21675.0,-8226.3,5
7787,1246,65,150,0,150,130,15,5,55,55,0,55,190,45,24710.940000000006,18275.0,6435.940000000005,5
7788,1246,50,165,0,165,140,0,25,45,45,0,45,185,25,17907.075000000004,18275.0,-367.92499999999563,5
7789,1246,55,155,0,155,135,0,20,40,40,0,35,185,45,25270.380000000005,17850.0,7420.380000000005,5
7790,1246,55,170,0,170,150,0,20,55,55,0,50,200,30,16455.06,19125.0,-2669.939999999999,5
7791,1246,50,165,0,165,150,0,15,45,45,0,45,195,50,29411.909999999996,18275.0,11136.909999999998,5
7792,1246,50,180,0,180,145,10,25,45,45,0,45,190,25,12912.120000000003,19550.0,-6637.879999999997,5
7793,1246,50,165,0,165,130,15,20,45,45,0,45,175,30,18378.18,18275.0,103.18000000000211,5
7794,1246,60,185,0,185,130,20,35,50,50,0,50,185,30,16108.2,20825.0,-4716.799999999998,5
7795,1246,70,135,0,135,125,0,10,55,55,0,55,190,25,12610.44,17425.0,-4814.5599999999995,5
7796,1246,70,150,0,150,135,0,15,40,40,0,35,200,60,40152.195,18700.0,21452.195,5
7797,1246,65,185,0,185,115,55,15,40,40,0,40,175,15,8690.220000000001,21250.0,-12559.779999999999,5
7798,1246,55,155,0,155,150,5,0,45,45,0,45,200,15,9554.940000000002,17850.0,-8295.059999999998,5
7799,1246,60,155,0,155,140,5,10,40,40,0,40,195,40,23860.08000000001,18275.0,5585.080000000007,5
7800,1246,75,150,0,150,120,15,15,65,65,0,65,190,35,18050.4,19125.0,-1074.599999999998,5
7801,1246,35,175,0,175,160,15,0,30,30,0,30,190,15,7307.640000000001,17850.0,-10542.359999999999,5
7802,1246,105,140,0,140,135,0,5,45,45,0,45,235,50,34847.685,20825.0,14022.685000000001,5
7803,1246,120,150,0,150,140,0,10,35,35,0,35,255,10,5128.92,22950.0,-17821.079999999998,5
7804,1246,80,150,0,150,145,0,5,65,65,0,65,220,40,23644.08,19550.0,4094.0800000000036,5
7805,1246,60,170,0,170,120,35,15,55,55,0,55,175,30,17151.840000000004,19550.0,-2398.159999999998,5
7806,1246,70,155,0,155,145,0,10,40,40,0,40,210,45,29493.810000000005,19125.0,10368.810000000003,5
7807,1246,60,145,0,145,145,0,0,30,30,0,30,200,30,20345.940000000002,17425.0,2920.9400000000005,5
7808,1246,130,125,0,125,120,0,5,60,60,0,60,245,30,16476.840000000004,21675.0,-5198.159999999998,5
7809,1246,80,155,0,155,145,5,5,55,55,0,50,220,15,7150.680000000001,19975.0,-12824.319999999998,5
7810,1246,105,135,0,135,105,15,15,45,45,0,40,205,30,20846.88,20400.0,446.880000000001,5
7811,1246,60,165,0,165,140,25,0,45,45,0,45,195,40,23420.070000000007,19125.0,4295.070000000005,5
7812,1246,75,165,0,165,165,0,0,25,25,0,25,235,15,8168.400000000001,20400.0,-12231.599999999999,5
7813,1246,50,165,0,165,150,15,0,35,35,0,35,195,15,8848.98,18275.0,-9426.02,5
7814,1246,45,185,0,185,165,20,0,45,45,0,40,205,5,2326.6800000000003,19550.0,-17223.32,5
7815,1246,105,140,0,140,135,0,5,40,40,0,40,235,25,15140.34,20825.0,-5684.659999999999,5
7816,1246,30,200,0,200,125,40,35,25,25,0,25,150,40,28975.905000000002,19550.0,9425.905000000002,5
7817,1246,140,140,0,140,130,0,10,30,30,0,30,265,15,8973.360000000002,23800.0,-14826.639999999998,5
7818,1246,105,140,0,140,135,0,5,45,45,0,45,235,40,25838.235000000004,20825.0,5013.235000000004,5
7819,1246,65,170,0,170,160,0,10,35,35,0,35,220,20,10206.720000000001,19975.0,-9768.279999999999,5
7820,1246,55,180,0,180,150,0,30,15,15,0,15,200,15,10482.840000000004,19975.0,-9492.159999999996,5
7821,1246,60,180,0,180,160,15,5,40,40,0,40,215,20,10448.279999999999,20400.0,-9951.720000000001,5
7822,1246,25,190,0,190,185,0,5,20,20,0,20,205,35,24220.305000000004,18275.0,5945.305000000003,5
7823,1246,55,180,0,180,140,15,25,50,50,0,50,190,40,25872.39,19975.0,5897.39,5
7824,1246,60,160,0,160,130,20,10,50,50,0,50,185,35,18626.58,18700.0,-73.41999999999871,5
7825,1246,85,150,0,150,140,10,0,35,35,0,35,220,25,14578.74,19975.0,-5396.26,5
7826,1246,75,160,0,160,155,0,5,45,45,0,45,225,30,16983.54,19975.0,-2991.4599999999973,5
7827,1246,100,130,0,130,130,0,0,40,40,0,40,225,55,36543.87000000001,19550.0,16993.870000000006,5
7828,1246,80,160,0,160,155,0,5,25,25,0,25,230,15,7938.720000000002,20400.0,-12461.279999999997,5
7829,1246,50,180,0,180,165,0,15,25,25,0,25,210,30,16149.42,19550.0,-3400.58,5
7830,1246,85,150,0,150,150,0,0,40,40,0,40,230,30,20164.230000000003,19975.0,189.2300000000023,5
7831,1246,85,155,0,155,145,0,10,45,45,0,45,225,15,8253.36,20400.0,-12146.639999999998,5
7832,1246,85,130,0,130,130,0,0,45,45,0,45,210,65,51545.531250000015,18275.0,33270.531250000015,5
7833,1246,65,170,0,170,125,30,15,50,50,0,50,185,40,23284.62,19975.0,3309.62,5
7834,1246,70,150,0,150,145,0,5,40,40,0,35,210,20,10344.600000000002,18700.0,-8355.399999999998,5
7835,1246,50,170,0,170,155,5,10,40,40,0,40,200,5,2634.1200000000003,18700.0,-16065.88,5
7836,1246,70,180,0,180,145,5,30,40,40,0,40,210,20,11652.66,21250.0,-9597.34,5
7837,1246,100,160,0,160,150,0,10,30,30,0,25,245,20,10667.880000000001,22100.0,-11432.119999999999,5
7838,1246,60,165,0,165,120,20,25,55,55,0,55,175,75,48724.965,19125.0,29599.964999999993,5
7839,1246,60,165,0,165,160,5,0,45,45,0,45,215,20,9745.920000000002,19125.0,-9379.079999999998,5
7840,1246,65,150,0,150,140,10,0,25,25,0,25,200,10,4872.960000000001,18275.0,-13402.039999999999,5
7841,1246,80,150,0,150,145,0,5,50,50,0,50,220,15,8026.56,19550.0,-11523.44,5
7842,1246,45,175,0,175,160,0,15,30,30,0,30,200,20,10327.320000000002,18700.0,-8372.679999999998,5
7843,1246,75,150,0,150,140,0,10,35,35,0,30,210,60,42100.58250000001,19125.0,22975.58250000001,5
7844,1246,80,145,0,145,140,0,5,50,50,0,50,215,25,15674.490000000003,19125.0,-3450.509999999997,5
7845,1246,145,125,0,125,125,0,0,35,35,0,35,265,20,11908.980000000001,22950.0,-11041.019999999999,5
7846,1246,105,140,0,140,135,0,5,45,45,0,45,235,25,13464.54,20825.0,-7360.459999999998,5
7847,1246,30,195,0,195,170,10,15,25,25,0,25,195,0,0.0,19125.0,-19125.0,5
7848,1246,30,180,0,180,155,15,10,25,25,0,20,180,20,11568.060000000001,17850.0,-6281.94,5
7849,1246,65,175,0,175,165,5,5,30,30,0,25,225,20,9979.2,20400.0,-10420.8,5
7850,1246,75,145,0,145,140,0,5,55,55,0,55,210,45,24252.300000000003,18700.0,5552.300000000005,5
7851,1246,55,175,0,175,135,10,30,50,50,0,50,185,20,10406.160000000002,19550.0,-9143.839999999998,5
7852,1246,75,155,0,155,155,0,0,25,25,0,25,225,30,21148.38,19550.0,1598.380000000002,5
7853,1246,100,145,0,145,110,5,30,40,40,0,40,205,55,37071.810000000005,20825.0,16246.810000000005,5
7854,1246,50,180,0,180,155,15,10,40,40,0,40,200,40,21857.04,19550.0,2307.040000000002,5
7855,1246,55,175,0,175,150,5,20,35,35,0,35,200,15,8582.58,19550.0,-10967.42,5
7856,1246,70,155,0,155,135,10,10,45,45,0,45,200,50,31875.705,19125.0,12750.705000000002,5
7857,1246,75,140,0,140,120,5,15,45,45,0,45,190,30,16111.620000000003,18275.0,-2163.3799999999974,5
7858,1246,25,210,0,210,155,15,40,25,25,0,20,175,10,5224.32,19975.0,-14750.68,5
7859,1246,105,155,0,155,145,0,10,35,35,0,35,245,10,4805.640000000001,22100.0,-17294.36,5
7860,1246,60,170,0,170,170,0,0,35,35,0,35,225,10,5005.4400000000005,19550.0,-14544.56,5
7861,1246,55,165,0,165,160,0,5,35,35,0,35,210,25,13399.920000000002,18700.0,-5300.079999999998,5
7862,1246,55,180,0,180,170,5,5,30,30,0,30,220,20,11809.620000000003,19975.0,-8165.379999999997,5
7863,1246,80,160,0,160,120,40,0,40,40,0,40,195,20,11876.580000000002,20400.0,-8523.419999999998,5
7864,1246,40,190,0,190,170,15,5,30,30,0,30,205,30,18877.77,19550.0,-672.2299999999996,5
7865,1246,65,145,0,145,145,0,0,55,55,0,55,205,45,25254.18,17850.0,7404.180000000001,5
7866,1246,45,180,0,180,130,10,40,40,40,0,40,170,30,19171.89,19125.0,46.89000000000078,5
7867,1246,70,145,0,145,140,0,5,35,35,0,35,205,45,31795.47000000001,18275.0,13520.470000000008,5
7868,1246,40,180,0,180,135,15,30,35,35,0,35,170,40,26890.830000000005,18700.0,8190.830000000005,5
7869,1246,50,215,0,215,130,60,25,45,45,0,45,175,40,22040.820000000003,22525.0,-484.17999999999665,5
7870,1246,70,160,0,160,120,30,10,45,45,0,45,185,70,44091.18000000001,19550.0,24541.180000000004,5
7871,1246,60,165,0,165,160,0,5,35,35,0,35,215,25,14279.220000000003,19125.0,-4845.779999999997,5
7872,1246,40,160,0,160,130,25,5,35,35,0,35,165,30,20597.310000000005,17000.0,3597.3100000000068,5
7873,1246,50,170,0,170,145,15,10,45,45,0,45,190,20,12455.640000000001,18700.0,-6244.359999999999,5
7874,1246,65,170,0,170,145,0,25,30,30,0,30,205,55,40135.71375,19975.0,20160.713750000003,5
7875,1246,50,160,0,160,150,5,5,45,45,0,45,195,35,20382.840000000004,17850.0,2532.8400000000056,5
7876,1246,45,170,0,170,140,30,0,40,40,0,40,180,20,10933.2,18275.0,-7341.799999999998,5
7877,1246,60,160,0,160,145,0,15,40,40,0,40,200,30,22564.125000000004,18700.0,3864.1250000000036,5
7878,1246,25,195,0,195,155,20,20,20,20,0,20,175,35,22098.15,18700.0,3398.1500000000005,5
7879,1246,30,195,0,195,135,35,25,25,25,0,25,160,10,4857.120000000001,19125.0,-14267.880000000001,5
7880,1246,65,160,0,160,120,10,30,55,55,0,55,180,55,31432.410000000003,19125.0,12307.410000000003,5
7881,1246,60,170,0,170,125,5,40,45,45,0,45,180,20,10456.2,19550.0,-9093.8,5
7882,1246,70,145,0,145,130,10,5,40,40,0,40,195,25,13869.900000000001,18275.0,-4405.099999999998,5
7883,1246,75,160,0,160,140,0,20,35,35,0,35,210,40,23838.570000000003,19975.0,3863.5700000000043,5
7884,1246,80,140,0,140,135,5,0,45,45,0,45,210,60,37809.810000000005,18700.0,19109.81,5
7885,1246,45,180,0,180,155,0,25,30,30,0,30,195,30,18713.07,19125.0,-411.92999999999984,5
7886,1246,55,185,0,185,165,0,20,40,40,0,40,215,25,12687.480000000003,20400.0,-7712.519999999997,5
7887,1246,85,145,0,145,145,0,0,40,40,0,40,225,50,33474.93750000001,19550.0,13924.937500000005,5
7888,1246,40,170,0,170,155,10,5,35,35,0,35,190,25,17667.315000000002,17850.0,-182.68499999999904,5
7889,1246,55,180,0,180,145,25,10,45,45,0,45,195,10,5393.88,19975.0,-14581.12,5
7890,1246,40,165,0,165,160,0,5,35,35,0,35,195,25,13846.86,17425.0,-3578.1399999999985,5
7891,1246,70,150,0,150,150,0,0,35,35,0,35,215,20,10670.400000000001,18700.0,-8029.5999999999985,5
7892,1246,100,160,0,160,155,0,5,30,30,0,30,250,10,5047.560000000001,22100.0,-17052.44,5
7893,1246,85,145,0,145,125,0,20,40,40,0,35,205,40,27985.230000000003,19550.0,8435.230000000001,5
7894,1246,80,150,0,150,140,10,0,55,55,0,55,215,50,32762.655000000006,19550.0,13212.655000000004,5
7895,1246,85,145,0,145,140,0,5,40,40,0,40,220,30,18116.640000000003,19550.0,-1433.3599999999956,5
7896,1246,60,170,0,170,155,5,10,35,35,0,35,210,20,13545.54,19550.0,-6004.459999999999,5
7897,1246,115,120,0,120,120,0,0,50,50,0,50,230,45,30304.530000000006,19975.0,10329.530000000004,5
7898,1246,45,165,0,165,155,0,10,40,40,0,40,195,10,5048.64,17850.0,-12801.36,5
7899,1246,80,165,0,165,155,0,10,45,45,0,40,230,20,11947.86,20825.0,-8877.14,5
7900,1246,90,145,0,145,130,0,15,35,35,0,35,215,40,25944.57,19975.0,5969.569999999999,5
7901,1246,40,165,0,165,140,15,10,40,40,0,35,175,30,17197.02,17425.0,-227.98000000000002,5
7902,1246,115,145,0,145,135,0,10,50,50,0,50,245,65,39178.66500000001,22100.0,17078.665000000005,5
7903,1246,25,190,0,190,190,0,0,0,0,0,0,210,0,0.0,18275.0,-18275.0,5
7904,1246,60,160,0,160,145,10,5,55,55,0,50,200,30,14650.200000000003,18700.0,-4049.799999999998,5
7905,1246,65,160,0,160,160,0,0,45,45,0,45,220,15,7821.000000000002,19125.0,-11303.999999999998,5
7906,1246,50,180,0,180,140,10,30,40,40,0,40,185,30,19168.83,19550.0,-381.16999999999734,5
7907,1246,110,130,0,130,130,0,0,25,25,0,25,235,40,29323.327500000007,20400.0,8923.327500000005,5
7908,1246,75,145,0,145,140,0,5,40,40,0,40,210,30,16494.300000000003,18700.0,-2205.699999999997,5
7909,1246,60,145,0,145,145,0,0,50,50,0,50,200,50,30525.210000000003,17425.0,13100.210000000003,5
7910,1246,85,160,0,160,105,20,35,50,50,0,50,185,45,29467.800000000003,20825.0,8642.800000000003,5
7911,1246,55,160,0,160,155,0,5,25,25,0,25,205,35,25503.885000000006,18275.0,7228.885000000005,5
7912,1246,60,170,0,170,125,20,25,40,40,0,40,180,20,12543.660000000002,19550.0,-7006.339999999998,5
7913,1246,35,195,0,195,135,30,30,35,35,0,30,165,0,0.0,19550.0,-19550.0,5
7914,1246,140,120,0,120,120,0,0,60,60,0,60,255,35,19355.58,22100.0,-2744.419999999998,5
7915,1246,50,165,0,165,145,0,20,45,45,0,45,190,50,33297.345,18275.0,15022.345000000005,5
7916,1246,85,150,0,150,110,30,10,50,50,0,50,190,40,22309.38,19975.0,2334.380000000001,5
7917,1246,50,170,0,170,160,0,10,30,30,0,30,205,20,12797.28,18700.0,-5902.719999999999,5
7918,1246,75,155,0,155,150,0,5,35,35,0,35,220,20,11656.62,19550.0,-7893.379999999999,5
7919,1246,80,130,0,130,100,15,15,70,70,0,70,175,55,33063.66,17850.0,15213.660000000003,5
7920,1246,30,200,0,200,185,10,5,15,15,0,15,210,5,1284.1200000000001,19550.0,-18265.88,5
7921,1246,75,150,0,150,110,25,15,50,50,0,50,180,60,42748.740000000005,19125.0,23623.740000000005,5
7922,1246,65,170,0,170,145,15,10,60,60,0,60,205,50,29113.65,19975.0,9138.650000000001,5
7923,1246,105,145,0,145,125,20,0,55,55,0,55,225,70,52438.770000000004,21250.0,31188.770000000004,5
7924,1246,65,165,0,165,105,35,25,50,50,0,50,165,40,25683.075000000008,19550.0,6133.075000000008,5
7925,1246,55,175,0,175,145,15,15,50,50,0,50,195,45,26296.200000000004,19550.0,6746.2000000000035,5
7926,1246,70,165,0,165,150,0,15,35,35,0,35,215,50,31047.930000000008,19975.0,11072.930000000006,5
7927,1246,80,150,0,150,135,0,15,50,50,0,45,210,25,15743.610000000004,19550.0,-3806.3899999999967,5
7928,1246,65,185,0,185,125,60,0,55,55,0,55,185,55,32299.47,21250.0,11049.470000000001,5
7929,1246,75,175,0,175,135,25,15,40,40,0,40,205,15,7367.76,21250.0,-13882.24,5
7930,1246,45,180,0,180,135,5,40,45,45,0,40,175,40,22890.239999999998,19125.0,3765.239999999999,5
7931,1246,70,140,0,140,125,15,0,40,40,0,40,190,55,41059.530000000006,17850.0,23209.530000000006,5
7932,1246,80,150,0,150,130,15,5,40,40,0,40,205,50,35588.30625000001,19550.0,16038.306250000005,5
7933,1246,65,155,0,155,125,0,30,55,55,0,55,185,35,18707.22,18700.0,7.220000000002074,5
7934,1246,50,190,0,190,125,35,30,35,35,0,35,170,35,20574.36,20400.0,174.3600000000015,5
7935,1246,75,160,0,160,160,0,0,25,25,0,25,230,20,10787.400000000001,19975.0,-9187.599999999999,5
7936,1246,90,125,0,125,120,5,0,45,45,0,40,205,55,39422.79000000001,18275.0,21147.790000000005,5
7937,1246,70,160,0,160,95,35,30,70,70,0,65,160,90,68243.90625,19550.0,48693.90625,5
7938,1246,75,160,0,160,130,15,15,35,35,0,30,200,30,16804.260000000002,19975.0,-3170.7399999999984,5
7939,1246,80,150,0,150,145,0,5,45,45,0,45,220,35,20633.22,19550.0,1083.2200000000012,5
7940,1246,30,185,0,185,170,5,10,25,25,0,25,195,5,2590.2000000000003,18275.0,-15684.8,5
7941,1246,105,130,0,130,125,0,5,50,50,0,50,225,20,9877.68,19975.0,-10097.32,5
7942,1246,115,145,0,145,145,0,0,35,35,0,35,255,5,2252.16,22100.0,-19847.84,5
7943,1246,75,145,0,145,140,0,5,55,55,0,50,210,25,15813.180000000002,18700.0,-2886.819999999998,5
7944,1246,45,170,0,170,160,5,5,40,40,0,40,200,55,35880.88500000001,18275.0,17605.88500000001,5
7945,1246,65,170,0,170,145,10,15,30,30,0,30,205,20,9496.08,19975.0,-10478.919999999998,5
7946,1246,65,155,0,155,110,35,10,40,40,0,35,170,35,22918.050000000003,18700.0,4218.050000000003,5
7947,1246,85,155,0,155,150,0,5,30,30,0,30,230,15,8670.42,20400.0,-11729.580000000002,5
7948,1246,55,180,0,180,150,0,30,40,40,0,35,200,25,13984.380000000001,19975.0,-5990.619999999999,5
7949,1246,135,140,0,140,140,0,0,30,30,0,30,270,30,18449.55,23375.0,-4925.450000000001,5
7950,1246,45,185,0,185,130,30,25,35,35,0,35,170,15,7325.640000000001,19550.0,-12224.359999999999,5
7951,1246,45,175,0,175,140,20,15,40,40,0,40,180,20,11933.100000000002,18700.0,-6766.899999999998,5
7952,1246,60,160,0,160,135,25,0,35,35,0,35,190,50,32947.785,18700.0,14247.785000000003,5
7953,1246,65,175,0,175,175,0,0,20,20,0,20,235,15,9205.020000000002,20400.0,-11194.979999999998,5
7954,1246,35,180,0,180,155,0,25,30,30,0,25,185,50,33092.865000000005,18275.0,14817.865000000002,5
7955,1246,100,160,0,160,115,30,15,45,45,0,45,210,25,17560.710000000003,22100.0,-4539.289999999999,5
7956,1246,35,185,0,185,170,0,15,10,10,0,10,200,5,3006.36,18700.0,-15693.64,5
7957,1246,60,155,0,155,145,0,10,40,40,0,40,200,40,26810.370000000003,18275.0,8535.370000000003,5
7958,1246,50,175,0,175,135,25,15,35,35,0,35,180,30,17748.72,19125.0,-1376.2799999999993,5
7959,1246,60,170,0,170,100,45,25,55,55,0,55,155,45,27542.250000000004,19550.0,7992.250000000004,5
7960,1246,30,190,0,190,170,5,15,25,25,0,25,195,15,7726.3200000000015,18700.0,-10973.68,5
7961,1246,65,145,0,145,130,0,15,50,50,0,50,190,30,15928.02,17850.0,-1921.9799999999987,5
7962,1246,80,170,0,170,160,0,10,35,35,0,35,235,30,14456.160000000003,21250.0,-6793.839999999996,5
7963,1246,45,175,0,175,150,15,10,40,40,0,40,190,60,40623.39000000001,18700.0,21923.390000000007,5
7964,1246,50,175,0,175,140,25,10,35,35,0,35,185,20,11436.300000000001,19125.0,-7688.699999999999,5
7965,1246,55,175,0,175,155,0,20,30,30,0,30,205,15,8026.560000000001,19550.0,-11523.439999999999,5
7966,1246,40,175,0,175,125,25,25,30,30,0,30,160,30,16671.06,18275.0,-1603.9399999999978,5
7967,1246,50,185,0,185,130,40,15,45,45,0,45,175,35,20502.360000000004,19975.0,527.3600000000033,5
7968,1246,65,145,0,145,145,0,0,35,35,0,35,205,30,16053.48,17850.0,-1796.5200000000004,5
7969,1246,55,155,0,155,130,20,5,45,45,0,45,180,40,22672.800000000003,17850.0,4822.800000000002,5
7970,1246,95,165,0,165,160,0,5,30,30,0,30,250,10,6541.380000000001,22100.0,-15558.619999999999,5
7971,1246,30,180,0,180,170,10,0,30,30,0,25,195,20,10316.880000000001,17850.0,-7533.119999999999,5
7972,1246,90,140,0,140,120,5,15,45,45,0,40,205,55,40509.506250000006,19550.0,20959.50625000001,5
7973,1246,80,155,0,155,155,0,0,55,55,0,55,230,5,2590.2000000000003,19975.0,-17384.8,5
7974,1246,105,140,0,140,130,0,10,35,35,0,35,230,40,26447.985000000004,20825.0,5622.985000000003,5
7975,1246,110,130,0,130,130,0,0,45,45,0,45,235,40,24730.290000000005,20400.0,4330.2900000000045,5
7976,1246,80,155,0,155,155,0,0,45,45,0,45,230,30,18296.550000000003,19975.0,-1678.449999999998,5
7977,1246,55,165,0,165,120,20,25,50,50,0,50,170,20,11705.58,18700.0,-6994.42,5
7978,1246,60,160,0,160,150,0,10,45,45,0,45,205,25,14816.520000000002,18700.0,-3883.4799999999973,5
7979,1246,65,140,0,140,115,5,20,50,50,0,50,175,55,35443.48500000001,17425.0,18018.485000000004,5
7980,1246,70,160,0,160,140,5,15,45,45,0,45,205,35,23223.420000000002,19550.0,3673.420000000001,5
7981,1246,65,170,0,170,150,0,20,45,45,0,45,210,20,10270.08,19975.0,-9704.92,5
7982,1246,40,185,0,185,150,15,20,35,35,0,35,185,20,13352.220000000001,19125.0,-5772.779999999998,5
7983,1246,60,175,0,175,125,35,15,35,35,0,35,180,65,44493.19875,19975.0,24518.198750000003,5
7984,1246,85,140,0,140,135,0,5,55,55,0,55,215,35,18806.22,19125.0,-318.779999999997,5
7985,1246,60,155,0,155,130,0,25,55,55,0,55,185,35,18854.82,18275.0,579.8199999999997,5
7986,1246,80,150,0,150,145,0,5,20,20,0,20,220,20,11435.940000000002,19550.0,-8114.059999999998,5
7987,1246,70,175,0,175,115,50,10,65,65,0,60,180,65,38953.350000000006,20825.0,18128.350000000006,5
7988,1246,35,185,0,185,140,15,30,35,35,0,30,170,40,24727.41,18700.0,6027.41,5
7989,1246,50,180,0,180,175,0,5,40,40,0,40,220,25,13077.36,19550.0,-6472.639999999999,5
7990,1246,65,165,0,165,135,30,0,50,50,0,50,195,60,43806.459375000006,19550.0,24256.459375000006,5
7991,1246,60,160,0,160,150,0,10,45,45,0,40,205,15,8608.86,18700.0,-10091.14,5
7992,1246,60,165,0,165,125,35,5,50,50,0,50,180,55,33329.880000000005,19125.0,14204.880000000008,5
7993,1246,50,175,0,175,155,5,15,40,40,0,40,200,25,13850.820000000002,19125.0,-5274.1799999999985,5
7994,1246,70,170,0,170,125,20,25,65,65,0,65,190,40,22611.24,20400.0,2211.2400000000025,5
7995,1246,75,150,0,150,145,5,0,55,55,0,55,215,15,7244.280000000001,19125.0,-11880.72,5
7996,1246,55,170,0,170,140,10,20,50,50,0,50,190,35,17616.600000000002,19125.0,-1508.3999999999992,5
7997,1246,75,160,0,160,130,5,25,45,45,0,45,200,50,31940.50500000001,19975.0,11965.505000000008,5
7998,1246,80,140,0,140,130,0,10,50,50,0,50,205,40,24977.790000000005,18700.0,6277.7900000000045,5
7999,1246,95,155,0,155,155,0,0,30,30,0,30,245,30,17741.88,21250.0,-3508.119999999999,5
8000,1246,65,160,0,160,145,0,15,60,60,0,60,205,15,8955.900000000001,19125.0,-10169.099999999999,5
8001,1246,80,170,0,170,165,5,0,35,35,0,35,240,5,2590.2000000000003,21250.0,-18659.8,5
8002,1246,45,170,0,170,145,20,5,40,40,0,40,185,15,7527.960000000002,18275.0,-10747.039999999997,5
8003,1246,40,195,0,195,155,0,40,35,35,0,35,190,30,17380.980000000003,19975.0,-2594.019999999998,5
8004,1246,60,170,0,170,160,10,0,35,35,0,35,215,25,13949.820000000002,19550.0,-5600.1799999999985,5
8005,1246,95,135,0,135,120,0,15,55,55,0,55,210,40,23454.360000000008,19550.0,3904.360000000006,5
8006,1246,55,180,0,180,130,35,15,50,50,0,50,180,45,24341.58,19975.0,4366.580000000004,5
8007,1246,95,160,0,160,155,0,5,45,45,0,45,245,40,21929.940000000006,21675.0,254.94000000000597,5
8008,1246,75,155,0,155,135,15,5,30,30,0,30,205,30,18075.060000000005,19550.0,-1474.9399999999969,5
8009,1246,85,135,0,135,125,0,10,55,55,0,55,205,80,51225.3,18700.0,32525.300000000007,5
8010,1246,60,155,0,155,140,0,15,40,40,0,40,195,35,18827.1,18275.0,552.1000000000004,5
8011,1246,100,145,0,145,145,0,0,25,25,0,25,240,25,15299.280000000002,20825.0,-5525.719999999997,5
8012,1246,60,150,0,150,135,10,5,45,45,0,40,190,25,14778.360000000002,17850.0,-3071.6399999999976,5
8013,1246,60,165,0,165,120,30,15,35,35,0,35,175,55,34528.14,19125.0,15403.140000000003,5
8014,1246,70,165,0,165,165,0,0,25,25,0,25,230,10,4921.920000000001,19975.0,-15053.08,5
8015,1246,45,170,0,170,155,10,5,35,35,0,35,195,20,12613.500000000002,18275.0,-5661.499999999998,5
8016,1246,80,155,0,155,155,0,0,40,40,0,40,230,20,13477.770000000002,19975.0,-6497.229999999998,5
8017,1246,35,185,0,185,165,0,20,25,25,0,25,195,15,9087.660000000002,18700.0,-9612.339999999998,5
8018,1246,95,175,0,175,140,0,35,40,40,0,35,230,20,10101.960000000001,22950.0,-12848.039999999999,5
8019,1246,40,155,0,155,150,0,5,40,40,0,35,185,45,31488.05250000001,16575.0,14913.052500000009,5
8020,1246,65,145,0,145,135,0,10,55,55,0,55,195,55,35098.425,17850.0,17248.425000000003,5
8021,1246,50,170,0,170,135,10,25,40,40,0,40,180,20,11435.400000000001,18700.0,-7264.5999999999985,5
8022,1246,80,155,0,155,150,0,5,45,45,0,40,225,20,11030.400000000001,19975.0,-8944.599999999999,5
8023,1246,70,150,0,150,135,0,15,50,50,0,45,200,55,43689.459375000006,18700.0,24989.459375000006,5
8024,1246,60,150,0,150,140,0,10,55,55,0,55,195,30,18565.200000000004,17850.0,715.2000000000044,5
8025,1246,50,180,0,180,155,0,25,25,25,0,25,200,10,5048.64,19550.0,-14501.36,5
8026,1246,80,165,0,165,150,0,15,40,40,0,40,225,35,19107.72,20825.0,-1717.2799999999984,5
8027,1246,65,155,0,155,150,0,5,60,60,0,60,210,35,18843.66,18700.0,143.65999999999985,5
8028,1246,40,170,0,170,170,0,0,20,20,0,20,205,10,6263.100000000002,17850.0,-11586.899999999998,5
8029,1246,45,190,0,190,125,50,15,25,25,0,25,165,50,42929.561250000006,19975.0,22954.561250000006,5
8030,1246,45,185,0,185,135,15,35,45,45,0,40,175,35,20850.480000000003,19550.0,1300.4800000000023,5
8031,1246,50,155,0,155,150,0,5,45,45,0,40,195,45,28630.350000000006,17425.0,11205.350000000008,5
8032,1246,80,155,0,155,145,5,5,45,45,0,45,220,60,36923.130000000005,19975.0,16948.130000000005,5
8033,1246,65,165,0,165,160,0,5,30,30,0,30,220,25,15804.450000000004,19550.0,-3745.549999999996,5
8034,1246,35,185,0,185,140,35,10,30,30,0,30,170,0,0.0,18700.0,-18700.0,5
8035,1246,90,145,0,145,120,15,10,40,40,0,40,205,35,20701.440000000002,19975.0,726.4400000000023,5
8036,1246,135,140,0,140,135,0,5,35,35,0,35,265,15,9109.619999999999,23375.0,-14265.380000000001,5
8037,1246,25,195,0,195,145,25,25,25,25,0,20,165,5,2458.44,18700.0,-16241.56,5
8038,1246,55,165,0,165,135,0,30,45,45,0,45,185,50,35871.885,18700.0,17171.885000000002,5
8039,1246,50,175,0,175,150,25,0,35,35,0,35,195,30,18344.880000000005,19125.0,-780.1199999999972,5
8040,1246,65,170,0,170,160,0,10,30,30,0,30,220,20,12511.800000000003,19975.0,-7463.199999999997,5
8041,1246,45,190,0,190,165,10,15,40,40,0,40,205,55,34838.145000000004,19975.0,14863.145000000004,5
8042,1246,50,160,0,160,155,5,0,35,35,0,35,200,45,36323.96625,17850.0,18473.966249999998,5
8043,1246,65,155,0,155,140,15,0,55,55,0,55,200,30,17059.140000000003,18700.0,-1640.8599999999979,5
8044,1246,110,135,0,135,135,0,0,55,55,0,55,240,25,14272.740000000003,20825.0,-6552.259999999997,5
8045,1246,95,140,0,140,130,5,5,55,55,0,55,220,40,22204.98,19975.0,2229.9800000000005,5
8046,1246,60,150,0,150,150,0,0,45,45,0,45,205,30,19377.450000000004,17850.0,1527.4500000000035,5
8047,1246,65,165,0,165,125,5,35,55,55,0,50,185,55,34245.54,19550.0,14695.54,5
8048,1246,80,155,0,155,155,0,0,45,45,0,45,230,20,9884.880000000001,19975.0,-10090.119999999999,5
8049,1246,45,185,0,185,160,0,25,40,40,0,40,200,30,17775.72,19550.0,-1774.2799999999988,5
8050,1246,40,190,0,190,150,15,25,30,30,0,30,185,35,19999.980000000003,19550.0,449.980000000005,5
8051,1246,60,165,0,165,135,0,30,55,55,0,55,190,35,20131.200000000004,19125.0,1006.2000000000035,5
8052,1246,85,150,0,150,130,20,0,40,40,0,40,210,50,31611.600000000002,19975.0,11636.600000000002,5
8053,1246,95,155,0,155,135,20,0,45,45,0,45,225,25,14375.7,21250.0,-6874.299999999998,5
8054,1246,80,160,0,160,130,0,30,35,35,0,35,205,25,16218.090000000002,20400.0,-4181.909999999998,5
8055,1246,40,195,0,195,105,75,15,35,35,0,35,140,20,11353.860000000002,19975.0,-8621.139999999998,5
8056,1246,60,160,0,160,135,15,10,35,35,0,35,190,75,53054.2125,18700.0,34354.2125,5
8057,1246,75,155,0,155,155,0,0,40,40,0,40,225,25,12138.480000000001,19550.0,-7411.519999999999,5
8058,1246,60,145,0,145,135,0,10,50,50,0,50,190,35,18832.860000000004,17425.0,1407.8600000000029,5
8059,1246,85,170,0,170,145,10,15,35,35,0,35,225,50,31275.81,21675.0,9600.810000000001,5
8060,1246,40,185,0,185,160,5,20,35,35,0,35,195,40,22653.36,19125.0,3528.3600000000024,5
8061,1246,45,165,0,165,155,10,0,30,30,0,30,195,35,19122.3,17850.0,1272.3000000000002,5
8062,1246,50,190,0,190,155,15,20,40,40,0,40,200,20,11436.300000000001,20400.0,-8963.699999999999,5
8063,1246,60,165,0,165,130,20,15,55,55,0,50,185,20,11069.820000000002,19125.0,-8055.1799999999985,5
8064,1246,55,155,0,155,155,0,0,40,40,0,40,205,35,19949.04,17850.0,2099.0400000000022,5
8065,1246,55,175,0,175,155,15,5,30,30,0,30,205,25,15024.78,19550.0,-4525.219999999999,5
8066,1246,30,190,0,190,180,0,10,15,15,0,10,205,10,5311.800000000001,18700.0,-13388.199999999999,5
8067,1246,90,160,0,160,155,0,5,25,25,0,25,240,10,5740.200000000001,21250.0,-15509.8,5
8068,1246,55,175,0,175,150,0,25,40,40,0,35,200,20,9797.04,19550.0,-9752.96,5
8069,1246,100,160,0,160,155,0,5,20,20,0,15,250,20,11397.060000000001,22100.0,-10702.939999999999,5
8070,1246,50,170,0,170,130,20,20,40,40,0,40,175,40,25724.880000000005,18700.0,7024.880000000003,5
8071,1246,60,135,0,135,120,5,10,55,55,0,55,175,45,26136.27,16575.0,9561.27,5
8072,1246,50,155,0,155,140,0,15,45,45,0,40,185,30,17194.230000000003,17425.0,-230.7699999999977,5
8073,1246,50,160,0,160,140,20,0,40,40,0,40,185,45,30445.200000000008,17850.0,12595.200000000008,5
8074,1246,120,130,0,130,120,10,0,50,50,0,50,235,60,38470.770000000004,21250.0,17220.770000000004,5
8075,1246,125,135,0,135,125,5,5,50,50,0,50,245,45,28120.230000000003,22100.0,6020.230000000001,5
8076,1246,55,175,0,175,160,0,15,40,40,0,40,210,25,15090.660000000003,19550.0,-4459.339999999997,5
8077,1246,35,195,0,195,155,35,5,25,25,0,25,185,15,8070.84,19550.0,-11479.16,5
8078,1246,60,170,0,170,135,15,20,45,45,0,40,190,45,26189.46,19550.0,6639.459999999999,5
8079,1246,110,130,0,130,130,0,0,55,55,0,55,235,5,2546.28,20400.0,-17853.72,5
8080,1246,80,135,0,135,135,0,0,35,35,0,35,210,50,40862.989687500005,18275.0,22587.989687500005,5
8081,1246,60,165,0,165,135,20,10,40,40,0,40,190,10,5268.240000000001,19125.0,-13856.759999999998,5
8082,1246,85,155,0,155,125,10,20,55,55,0,55,205,25,14092.380000000001,20400.0,-6307.619999999999,5
8083,1246,60,180,0,180,140,20,20,35,35,0,35,195,25,12876.12,20400.0,-7523.879999999999,5
8084,1246,65,175,0,175,135,25,15,40,40,0,35,195,30,17493.300000000003,20400.0,-2906.6999999999985,5
8085,1246,80,155,0,155,150,5,0,35,35,0,35,225,30,16384.86,19975.0,-3590.139999999999,5
8086,1246,75,170,0,170,160,0,10,50,50,0,50,230,30,15651.000000000002,20825.0,-5173.999999999998,5
8087,1246,50,180,0,180,145,10,25,45,45,0,40,190,65,41004.0,19550.0,21453.999999999996,5
8088,1246,65,165,0,165,140,0,25,45,45,0,45,200,40,23086.170000000002,19550.0,3536.170000000002,5
8089,1246,55,160,0,160,115,30,15,50,50,0,50,165,40,25249.275,18275.0,6974.275000000002,5
8090,1246,80,155,0,155,130,25,0,65,65,0,65,205,35,19086.660000000003,19975.0,-888.3399999999983,5
8091,1246,105,150,0,150,150,0,0,35,35,0,35,250,20,11788.38,21675.0,-9886.62,5
8092,1246,65,155,0,155,125,15,15,60,60,0,60,185,35,20109.239999999998,18700.0,1409.2399999999998,5
8093,1246,40,170,0,170,145,0,25,35,35,0,35,180,35,22907.070000000003,17850.0,5057.070000000003,5
8094,1246,80,155,0,155,145,0,10,40,40,0,40,220,20,11216.7,19975.0,-8758.3,5
8095,1246,40,175,0,175,165,5,5,35,35,0,35,200,35,21796.110000000004,18275.0,3521.1100000000033,5
8096,1246,55,155,0,155,145,0,10,45,45,0,40,195,20,11617.020000000002,17850.0,-6232.979999999998,5
8097,1246,25,205,0,205,155,15,35,20,20,0,20,175,25,14224.14,19550.0,-5325.860000000001,5
8098,1246,40,165,0,165,140,10,15,35,35,0,35,175,30,21560.580000000005,17425.0,4135.5800000000045,5
8099,1246,110,140,0,140,135,0,5,50,50,0,50,240,35,18420.300000000003,21250.0,-2829.699999999998,5
8100,1246,65,165,0,165,135,10,20,40,40,0,40,195,25,14674.320000000003,19550.0,-4875.679999999998,5
8101,1246,40,195,0,195,165,20,10,25,25,0,25,200,15,8065.080000000002,19975.0,-11909.919999999998,5
8102,1246,60,165,0,165,90,60,15,55,55,0,55,145,75,50032.89,19125.0,30907.89,5
8103,1246,50,175,0,175,140,30,5,45,45,0,45,185,25,12951.000000000002,19125.0,-6173.999999999998,5
8104,1246,60,180,0,180,155,0,25,35,35,0,30,210,30,18383.22,20400.0,-2016.7799999999988,5
8105,1246,60,170,0,170,135,35,0,40,40,0,40,190,35,19375.38,19550.0,-174.6199999999999,5
8106,1246,135,125,0,125,110,15,0,35,35,0,35,240,25,14515.560000000001,22100.0,-7584.44,5
8107,1246,110,160,0,160,160,0,0,25,25,0,25,265,20,10492.920000000002,22950.0,-12457.079999999998,5
8108,1246,105,135,0,135,130,0,5,55,55,0,55,230,30,18581.310000000005,20400.0,-1818.6899999999969,5
8109,1246,55,165,0,165,120,25,20,50,50,0,50,170,55,38847.69,18700.0,20147.690000000002,5
8110,1246,70,140,0,140,135,0,5,30,30,0,25,200,55,43227.146250000005,17850.0,25377.146250000005,5
8111,1246,45,160,0,160,160,0,0,30,30,0,30,200,20,11339.820000000002,17425.0,-6085.1799999999985,5
8112,1246,55,165,0,165,160,0,5,30,30,0,30,210,5,2546.28,18700.0,-16153.720000000001,5
8113,1246,55,195,0,195,105,60,30,50,50,0,50,155,20,11633.94,21250.0,-9616.06,5
8114,1246,75,170,0,170,125,15,30,45,45,0,45,195,50,32168.879999999997,20825.0,11343.88,5
8115,1246,100,145,0,145,130,0,15,40,40,0,35,225,30,20974.635000000002,20825.0,149.63500000000295,5
8116,1246,80,155,0,155,135,15,5,75,75,0,75,210,75,49185.36000000001,19975.0,29210.360000000008,5
8117,1246,55,155,0,155,145,0,10,40,40,0,35,195,50,40735.99125,17850.0,22885.991250000003,5
8118,1246,85,150,0,150,150,0,0,30,30,0,30,230,10,4983.120000000001,19975.0,-14991.88,5
8119,1246,55,175,0,175,120,35,20,45,45,0,45,170,35,20609.010000000002,19550.0,1059.010000000003,5
8120,1246,45,165,0,165,140,0,25,40,40,0,40,180,50,32614.875000000007,17850.0,14764.875000000007,5
8121,1246,60,145,0,145,135,0,10,35,35,0,35,190,25,13345.380000000003,17425.0,-4079.6199999999976,5
8122,1246,55,185,0,185,110,45,30,50,50,0,50,160,30,15225.120000000003,20400.0,-5174.879999999998,5
8123,1246,80,145,0,145,140,5,0,35,35,0,35,215,45,27423.72,19125.0,8298.720000000003,5
8124,1246,65,155,0,155,140,15,0,45,45,0,45,200,25,14640.840000000004,18700.0,-4059.159999999997,5
8125,1246,95,145,0,145,145,0,0,25,25,0,25,235,20,11296.620000000003,20400.0,-9103.379999999997,5
8126,1246,25,190,0,190,175,10,5,20,20,0,20,195,10,5187.6,18275.0,-13087.4,5
8127,1246,75,150,0,150,105,35,10,65,65,0,65,175,20,11165.220000000001,19125.0,-7959.779999999999,5
8128,1246,70,180,0,180,155,0,25,30,30,0,30,220,30,18197.730000000003,21250.0,-3052.2699999999963,5
8129,1246,55,185,0,185,160,0,25,30,30,0,30,210,35,18868.140000000003,20400.0,-1531.859999999997,5
8130,1246,55,180,0,180,150,0,30,20,20,0,20,200,20,16142.670000000002,19975.0,-3832.329999999997,5
8131,1246,40,190,0,190,140,25,25,35,35,0,35,175,30,17660.88,19550.0,-1889.119999999998,5
8132,1246,75,175,0,175,115,60,0,35,35,0,35,185,5,2590.2000000000003,21250.0,-18659.8,5
8133,1246,45,185,0,185,125,35,25,45,45,0,40,165,45,24952.410000000003,19550.0,5402.410000000004,5
8134,1246,65,140,0,140,140,0,0,40,40,0,35,200,40,28779.50250000001,17425.0,11354.502500000008,5
8135,1246,65,155,0,155,150,5,0,50,50,0,50,210,50,32458.86,18700.0,13758.86,5
8136,1246,80,150,0,150,145,0,5,40,40,0,40,220,40,28508.445000000007,19550.0,8958.445000000007,5
8137,1246,65,160,0,160,155,0,5,35,35,0,35,215,40,26862.93,19125.0,7737.930000000001,5
8138,1246,40,165,0,165,155,5,5,35,35,0,35,190,30,17450.64,17425.0,25.63999999999851,5
8139,1246,90,140,0,140,115,5,20,65,65,0,65,200,60,36390.420000000006,19550.0,16840.420000000006,5
8140,1246,60,185,0,185,125,30,30,45,45,0,45,180,45,29073.780000000006,20825.0,8248.780000000006,5
8141,1246,70,165,0,165,145,15,5,35,35,0,35,210,60,44468.79750000001,19975.0,24493.797500000008,5
8142,1246,70,150,0,150,150,0,0,35,35,0,30,215,25,15760.530000000002,18700.0,-2939.4699999999966,5
8143,1246,45,195,0,195,150,10,35,40,40,0,40,190,35,21699.63,20400.0,1299.630000000002,5
8144,1246,50,175,0,175,135,15,25,45,45,0,45,180,30,18540.72,19125.0,-584.2799999999988,5
8145,1246,50,170,0,170,140,30,0,30,30,0,30,185,20,9957.960000000001,18700.0,-8742.039999999999,5
8146,1246,50,175,0,175,170,0,5,35,35,0,35,215,5,2590.2000000000003,19125.0,-16534.8,5
8147,1246,60,170,0,170,160,10,0,30,30,0,30,215,20,9728.640000000003,19550.0,-9821.359999999997,5
8148,1246,60,185,0,185,120,45,20,55,55,0,55,175,75,51027.975000000006,20825.0,30202.975000000006,5
8149,1246,45,185,0,185,180,0,5,20,20,0,20,220,15,9048.060000000001,19550.0,-10501.939999999999,5
8150,1246,60,170,0,170,155,0,15,45,45,0,45,210,15,7142.76,19550.0,-12407.24,5
8151,1246,40,185,0,185,135,10,40,35,35,0,35,170,30,18398.52,19125.0,-726.4799999999991,5
8152,1246,110,125,0,125,95,10,20,60,60,0,55,200,55,37930.950000000004,19975.0,17955.950000000004,5
8153,1246,45,175,0,175,145,10,20,30,30,0,30,185,10,4953.6,18700.0,-13746.399999999998,5
8154,1246,90,160,0,160,155,0,5,30,30,0,30,240,35,21839.850000000006,21250.0,589.8500000000058,5
8155,1246,45,185,0,185,150,30,5,40,40,0,40,190,50,33840.72000000001,19550.0,14290.720000000005,5
8156,1246,85,170,0,170,130,40,0,60,60,0,60,210,45,26917.110000000008,21675.0,5242.110000000007,5
8157,1246,45,175,0,175,145,15,15,35,35,0,35,185,35,20202.840000000004,18700.0,1502.8400000000056,5
8158,1246,60,165,0,165,155,0,10,40,40,0,40,210,35,22513.41,19125.0,3388.409999999999,5
8159,1246,45,175,0,175,160,15,0,40,40,0,40,200,20,10157.400000000001,18700.0,-8542.599999999999,5
8160,1246,75,175,0,175,80,85,10,55,55,0,55,150,30,15684.12,21250.0,-5565.879999999999,5
8161,1246,115,125,0,125,105,0,20,45,45,0,45,215,55,40156.245,20400.0,19756.245000000003,5
8162,1246,55,180,0,180,120,35,25,55,55,0,50,170,25,13344.12,19975.0,-6630.879999999999,5
8163,1246,70,155,0,155,100,30,25,65,65,0,65,165,100,76253.77687500001,19125.0,57128.776875,5
8164,1246,40,195,0,195,135,25,35,35,35,0,35,170,30,18546.57,19975.0,-1428.4299999999985,5
8165,1246,25,195,0,195,160,5,30,20,20,0,20,180,20,12548.52,18700.0,-6151.48,5
8166,1246,95,140,0,140,130,0,10,40,40,0,40,220,20,10568.160000000003,19975.0,-9406.839999999997,5
8167,1246,30,185,0,185,160,0,25,25,25,0,25,185,20,11128.86,18275.0,-7146.14,5
8168,1246,50,170,0,170,160,10,0,30,30,0,30,205,20,11497.320000000002,18700.0,-7202.6799999999985,5
8169,1246,45,180,0,180,155,10,15,40,40,0,35,195,45,29228.760000000002,19125.0,10103.760000000002,5
8170,1246,50,150,0,150,130,20,0,45,45,0,40,175,30,17043.300000000003,17000.0,43.30000000000382,5
8171,1246,80,150,0,150,130,15,5,40,40,0,40,205,30,16308.360000000002,19550.0,-3241.6399999999976,5
8172,1246,60,175,0,175,140,10,25,50,50,0,50,195,20,9912.6,19975.0,-10062.4,5
8173,1246,55,180,0,180,165,0,15,35,35,0,35,215,15,7984.080000000002,19975.0,-11990.919999999998,5
8174,1246,80,160,0,160,155,0,5,40,40,0,40,230,15,9221.400000000003,20400.0,-11178.599999999997,5
8175,1246,35,180,0,180,160,5,15,30,30,0,30,190,20,10065.600000000002,18275.0,-8209.399999999998,5
8176,1246,70,150,0,150,100,15,35,55,55,0,50,165,20,13613.850000000002,18700.0,-5086.149999999998,5
8177,1246,80,160,0,160,145,10,5,35,35,0,30,220,25,15147.000000000004,20400.0,-5252.999999999997,5
8178,1246,60,170,0,170,150,15,5,45,45,0,45,205,30,18585.989999999998,19550.0,-964.0100000000007,5
8179,1246,135,150,0,150,125,0,25,30,30,0,25,255,10,4741.200000000001,24225.0,-19483.8,5
8180,1246,70,170,0,170,160,5,5,50,50,0,50,225,15,7770.6,20400.0,-12629.400000000001,5
8181,1246,85,150,0,150,120,0,30,65,65,0,65,200,65,38936.07000000001,19975.0,18961.070000000003,5
8182,1246,60,175,0,175,150,10,15,45,45,0,45,205,25,12870.720000000001,19975.0,-7104.279999999999,5
8183,1246,50,165,0,165,160,0,5,30,30,0,30,205,35,22547.610000000004,18275.0,4272.610000000004,5
8184,1246,70,165,0,165,130,15,20,40,40,0,40,195,35,23581.620000000003,19975.0,3606.6200000000026,5
8185,1246,70,140,0,140,140,0,0,45,45,0,45,205,55,37704.5325,17850.0,19854.532500000005,5
8186,1246,45,185,0,185,150,0,35,30,30,0,30,190,30,16473.06,19550.0,-3076.9399999999996,5
8187,1246,60,145,0,145,140,0,5,40,40,0,40,195,45,34385.4225,17425.0,16960.422500000004,5
8188,1246,135,140,0,140,130,10,0,40,40,0,40,260,50,28433.520000000004,23375.0,5058.520000000003,5
8189,1246,25,210,0,210,180,0,30,25,25,0,20,200,20,10316.880000000001,19975.0,-9658.119999999999,5
8190,1246,75,160,0,160,140,0,20,40,40,0,40,210,40,24334.02,19975.0,4359.02,5
8191,1246,95,160,0,160,130,30,0,45,45,0,45,220,45,27959.535,21675.0,6284.535000000001,5
8192,1246,50,165,0,165,160,0,5,35,35,0,35,205,25,14084.820000000002,18275.0,-4190.1799999999985,5
8193,1246,45,185,0,185,110,45,30,40,40,0,40,150,40,27075.96,19550.0,7525.96,5
8194,1246,50,200,0,200,135,50,15,45,45,0,45,180,25,15170.580000000002,21250.0,-6079.419999999998,5
8195,1246,50,180,0,180,155,0,25,50,50,0,45,200,25,14601.060000000005,19550.0,-4948.939999999995,5
8196,1246,95,150,0,150,125,15,10,40,40,0,40,215,60,40051.66500000001,20825.0,19226.665000000008,5
8197,1246,60,175,0,175,145,0,30,40,40,0,40,200,20,10185.12,19975.0,-9789.88,5
8198,1246,70,180,0,180,110,35,35,55,55,0,55,175,25,13123.44,21250.0,-8126.5599999999995,5
8199,1246,70,180,0,180,175,0,5,25,25,0,25,240,25,12787.560000000001,21250.0,-8462.439999999999,5
8200,1246,60,170,0,170,165,0,5,35,35,0,35,220,15,7773.840000000001,19550.0,-11776.16,5
8201,1246,70,160,0,160,160,0,0,35,35,0,35,225,5,2590.2000000000003,19550.0,-16959.8,5
8202,1246,60,170,0,170,170,0,0,35,35,0,35,225,30,17058.420000000002,19550.0,-2491.579999999999,5
8203,1246,50,175,0,175,170,0,5,25,25,0,25,215,10,5124.6,19125.0,-14000.4,5
8204,1246,95,145,0,145,125,0,20,50,50,0,50,215,35,18149.4,20400.0,-2250.599999999997,5
8205,1246,95,155,0,155,145,5,5,45,45,0,45,235,40,21720.060000000005,21250.0,470.06000000000313,5
8206,1246,60,165,0,165,160,0,5,30,30,0,30,215,35,22815.945,19125.0,3690.9450000000015,5
8207,1246,90,155,0,155,145,0,10,55,55,0,55,230,20,11004.480000000001,20825.0,-9820.519999999999,5
8208,1246,45,180,0,180,145,25,10,40,40,0,40,185,35,22105.530000000002,19125.0,2980.5300000000034,5
8209,1246,55,175,0,175,150,5,20,40,40,0,40,200,20,11677.86,19550.0,-7872.139999999999,5
8210,1246,75,165,0,165,135,0,30,60,60,0,55,205,40,22658.04,20400.0,2258.040000000001,5
8211,1246,50,200,0,200,175,10,15,25,25,0,25,220,15,7392.600000000001,21250.0,-13857.399999999998,5
8212,1246,45,165,0,165,150,0,15,30,30,0,30,190,40,28805.71500000001,17850.0,10955.71500000001,5
8213,1246,60,145,0,145,130,5,10,50,50,0,45,185,85,67709.37621093751,17425.0,50284.37621093752,5
8214,1246,110,135,0,135,130,0,5,35,35,0,35,235,10,4899.6,20825.0,-15925.4,5
8215,1246,40,180,0,180,140,10,30,35,35,0,35,175,10,5144.040000000001,18700.0,-13555.96,5
8216,1246,55,175,0,175,160,0,15,35,35,0,35,210,20,10150.920000000002,19550.0,-9399.079999999998,5
8217,1246,45,180,0,180,165,15,0,15,15,0,15,205,5,2370.6000000000004,19125.0,-16754.4,5
8218,1246,70,155,0,155,140,0,15,45,45,0,45,205,20,10008.36,19125.0,-9116.64,5
8219,1246,60,150,0,150,130,20,0,50,50,0,50,185,65,42606.58500000001,17850.0,24756.585000000006,5
8220,1246,50,175,0,175,135,15,25,45,45,0,45,180,35,21669.93,19125.0,2544.9299999999994,5
8221,1246,50,155,0,155,130,10,15,45,45,0,45,175,25,12539.880000000003,17425.0,-4885.119999999997,5
8222,1246,100,110,0,110,95,10,5,70,70,0,70,190,115,77395.61250000002,17850.0,59545.61250000002,5
8223,1246,65,160,0,160,155,0,5,35,35,0,35,215,10,5303.52,19125.0,-13821.48,5
8224,1246,115,155,0,155,130,0,25,25,25,0,25,240,10,5167.800000000001,22950.0,-17782.199999999997,5
8225,1246,55,170,0,170,160,10,0,35,35,0,35,210,5,2634.1200000000003,19125.0,-16490.88,5
8226,1246,65,135,0,135,125,0,10,55,55,0,55,185,45,25967.16,17000.0,8967.16,5
8227,1246,65,160,0,160,150,10,0,60,60,0,60,210,30,17013.780000000002,19125.0,-2111.2199999999984,5
8228,1246,100,155,0,155,110,15,30,55,55,0,55,205,20,11359.98,21675.0,-10315.02,5
8229,1246,40,180,0,180,165,0,15,35,35,0,35,200,40,25571.790000000005,18700.0,6871.790000000005,5
8230,1246,65,155,0,155,155,0,0,40,40,0,40,215,25,13734.9,18700.0,-4965.1,5
8231,1246,75,155,0,155,150,0,5,40,40,0,40,220,25,13784.580000000002,19550.0,-5765.419999999999,5
8232,1246,50,175,0,175,140,10,25,35,35,0,35,185,20,9893.160000000002,19125.0,-9231.839999999998,5
8233,1246,55,175,0,175,135,35,5,50,50,0,50,185,25,13982.58,19550.0,-5567.42,5
8234,1246,95,145,0,145,145,0,0,25,25,0,25,235,10,6282.360000000001,20400.0,-14117.64,5
8235,1246,70,165,0,165,165,0,0,20,20,0,20,230,15,7665.480000000001,19975.0,-12309.519999999997,5
8236,1246,100,155,0,155,155,0,0,25,25,0,25,250,25,13505.94,21675.0,-8169.0599999999995,5
8237,1246,65,155,0,155,150,0,5,40,40,0,40,210,80,66175.32515625001,18700.0,47475.32515625001,5
8238,1246,75,150,0,150,145,0,5,40,40,0,40,215,40,23915.61,19125.0,4790.6100000000015,5
8239,1246,80,135,0,135,110,20,5,45,45,0,45,185,65,49760.416406250006,18275.0,31485.416406250006,5
8240,1246,50,180,0,180,130,20,30,45,45,0,45,175,30,16594.74,19550.0,-2955.2599999999984,5
8241,1246,60,145,0,145,135,0,10,50,50,0,50,190,75,53670.459375,17425.0,36245.459375,5
8242,1246,55,165,0,165,140,10,15,45,45,0,45,190,25,12643.560000000001,18700.0,-6056.439999999998,5
8243,1246,70,145,0,145,120,20,5,55,55,0,55,185,35,19840.5,18275.0,1565.5000000000018,5
8244,1246,120,135,0,135,135,0,0,25,25,0,20,250,20,12555.720000000001,21675.0,-9119.279999999999,5
8245,1246,120,150,0,150,115,30,5,55,55,0,50,230,35,18597.420000000002,22950.0,-4352.579999999998,5
8246,1246,75,180,0,180,100,40,40,75,75,0,70,170,50,26332.380000000005,21675.0,4657.380000000003,5
8247,1246,65,145,0,145,135,0,10,50,50,0,45,195,35,21904.02,17850.0,4054.0200000000004,5
8248,1246,85,145,0,145,145,0,0,40,40,0,40,225,30,18459.99,19550.0,-1090.0099999999975,5
8249,1246,80,155,0,155,135,0,20,45,45,0,45,210,50,29101.14000000001,19975.0,9126.14000000001,5
8250,1246,80,145,0,145,145,0,0,45,45,0,45,220,25,12693.600000000002,19125.0,-6431.399999999999,5
8251,1246,75,165,0,165,130,10,25,35,35,0,35,200,35,22402.890000000003,20400.0,2002.8900000000021,5
8252,1246,60,160,0,160,135,25,0,55,55,0,55,190,25,13735.080000000002,18700.0,-4964.919999999997,5
8253,1246,65,155,0,155,155,0,0,40,40,0,40,215,50,32353.020000000004,18700.0,13653.020000000006,5
8254,1246,60,170,0,170,130,5,35,45,45,0,40,185,40,26650.800000000003,19550.0,7100.800000000004,5
8255,1246,50,165,0,165,140,0,25,40,40,0,35,185,35,25394.1075,18275.0,7119.1075,5
8256,1246,150,135,0,135,135,0,0,35,35,0,35,280,45,29207.655000000006,24225.0,4982.655000000004,5
8257,1246,60,170,0,170,165,0,5,50,50,0,50,220,20,10009.44,19550.0,-9540.56,5
8258,1246,130,130,0,130,125,0,5,25,25,0,20,250,5,2502.36,22100.0,-19597.64,5
8259,1246,60,170,0,170,150,0,20,35,35,0,35,205,15,10295.460000000001,19550.0,-9254.539999999999,5
8260,1246,70,160,0,160,130,20,10,50,50,0,50,195,30,16547.940000000002,19550.0,-3002.059999999999,5
8261,1246,60,155,0,155,120,15,20,50,50,0,50,175,60,38114.91000000001,18275.0,19839.91000000001,5
8262,1246,55,165,0,165,150,0,15,40,40,0,40,200,55,36809.21250000001,18700.0,18109.21250000001,5
8263,1246,80,160,0,160,150,0,10,50,50,0,50,225,35,20948.040000000005,20400.0,548.0400000000054,5
8264,1246,65,160,0,160,155,0,5,35,35,0,35,215,20,11446.02,19125.0,-7678.98,5
8265,1246,75,145,0,145,135,0,10,30,30,0,30,205,45,29441.745000000006,18700.0,10741.745000000006,5
8266,1246,55,165,0,165,145,5,15,45,45,0,45,195,40,24235.47,18700.0,5535.47,5
8267,1246,60,165,0,165,150,15,0,40,40,0,40,205,25,13038.120000000003,19125.0,-6086.8799999999965,5
8268,1246,70,165,0,165,165,0,0,25,25,0,25,230,10,5136.4800000000005,19975.0,-14838.519999999999,5
8269,1246,90,135,0,135,135,0,0,30,30,0,30,220,10,4942.4400000000005,19125.0,-14182.559999999998,5
8270,1246,80,155,0,155,155,0,0,20,20,0,20,230,20,14202.450000000004,19975.0,-5772.5499999999965,5
8271,1246,65,150,0,150,130,0,20,40,40,0,40,190,30,18466.110000000004,18275.0,191.1100000000033,5
8272,1246,100,150,0,150,145,5,0,35,35,0,35,240,50,34424.055,21250.0,13174.055000000004,5
8273,1246,55,160,0,160,155,0,5,30,30,0,25,205,40,26517.24,18275.0,8242.240000000002,5
8274,1246,45,180,0,180,155,5,20,30,30,0,30,195,20,11802.060000000001,19125.0,-7322.939999999999,5
8275,1246,80,155,0,155,145,0,10,45,45,0,45,220,45,30763.485000000004,19975.0,10788.485000000004,5
8276,1246,60,160,0,160,140,20,0,45,45,0,45,195,45,30397.41,18700.0,11697.41,5
8277,1246,70,165,0,165,145,15,5,35,35,0,35,210,30,18110.97,19975.0,-1864.029999999998,5
8278,1246,70,165,0,165,165,0,0,25,25,0,25,230,20,11721.78,19975.0,-8253.22,5
8279,1246,75,140,0,140,135,0,5,60,60,0,60,205,10,5626.800000000001,18275.0,-12648.199999999999,5
8280,1246,35,190,0,190,140,50,0,30,30,0,30,170,55,37594.2375,19125.0,18469.237500000003,5
8281,1246,65,175,0,175,170,0,5,20,20,0,20,230,15,7459.560000000001,20400.0,-12940.439999999999,5
8282,1246,95,145,0,145,135,0,10,35,35,0,35,225,15,7337.16,20400.0,-13062.84,5
8283,1246,35,175,0,175,150,5,20,30,30,0,25,180,15,7279.920000000001,17850.0,-10570.079999999998,5
8284,1246,50,180,0,180,175,0,5,45,45,0,45,220,30,15357.240000000003,19550.0,-4192.759999999997,5
8285,1246,80,140,0,140,135,0,5,30,30,0,30,210,65,43007.310000000005,18700.0,24307.310000000005,5
8286,1246,55,185,0,185,105,45,35,45,45,0,45,155,25,15459.12,20400.0,-4940.879999999999,5
8287,1246,50,165,0,165,160,0,5,30,30,0,30,205,80,62971.346249999995,18275.0,44696.346249999995,5
8288,1246,60,145,0,145,140,0,5,45,45,0,45,195,25,14373.360000000002,17425.0,-3051.6399999999976,5
8289,1246,55,165,0,165,160,0,5,40,40,0,35,210,40,26994.78,18700.0,8294.78,5
8290,1246,50,170,0,170,155,0,15,35,35,0,35,200,20,10097.28,18700.0,-8602.72,5
8291,1246,70,165,0,165,150,5,10,25,25,0,25,215,15,7869.960000000001,19975.0,-12105.039999999999,5
8292,1246,75,160,0,160,155,0,5,25,25,0,25,225,10,4752.720000000001,19975.0,-15222.279999999999,5
8293,1246,40,175,0,175,160,10,5,30,30,0,30,195,20,9991.44,18275.0,-8283.56,5
8294,1246,75,155,0,155,115,20,20,65,65,0,65,185,60,35845.65,19550.0,16295.650000000001,5
8295,1246,70,155,0,155,145,10,0,45,45,0,45,210,40,25087.590000000004,19125.0,5962.590000000005,5
8296,1246,55,180,0,180,150,10,20,50,50,0,50,200,30,17182.260000000002,19975.0,-2792.739999999999,5
8297,1246,70,165,0,165,135,0,30,40,40,0,40,200,20,13168.44,19975.0,-6806.5599999999995,5
8298,1246,65,175,0,175,145,5,25,45,45,0,45,205,45,29587.230000000003,20400.0,9187.230000000003,5
8299,1246,40,175,0,175,145,25,5,35,35,0,35,180,40,27899.19,18275.0,9624.189999999999,5
8300,1246,40,170,0,170,150,10,10,25,25,0,25,185,15,7375.3200000000015,17850.0,-10474.679999999998,5
8301,1246,55,170,0,170,160,5,5,45,45,0,45,210,30,16651.980000000003,19125.0,-2473.019999999997,5
8302,1246,65,160,0,160,155,5,0,30,30,0,30,215,15,9270.180000000002,19125.0,-9854.819999999998,5
8303,1246,60,165,0,165,140,15,10,50,50,0,50,195,35,21124.26,19125.0,1999.2599999999993,5
8304,1246,55,180,0,180,135,30,15,45,45,0,45,185,25,14770.98,19975.0,-5204.02,5
8305,1246,45,170,0,170,170,0,0,35,35,0,35,210,25,12758.760000000002,18275.0,-5516.239999999998,5
8306,1246,40,190,0,190,140,15,35,35,35,0,35,175,10,4960.8,19550.0,-14589.2,5
8307,1246,55,165,0,165,140,10,15,50,50,0,50,190,30,16795.98,18700.0,-1904.0200000000004,5
8308,1246,50,175,0,175,120,35,20,45,45,0,45,165,25,15936.210000000003,19125.0,-3188.789999999997,5
8309,1246,35,185,0,185,155,15,15,30,30,0,30,185,15,7463.16,18700.0,-11236.84,5
8310,1246,60,180,0,180,165,0,15,35,35,0,30,220,10,5423.760000000001,20400.0,-14976.239999999998,5
8311,1246,70,145,0,145,145,0,0,35,35,0,35,210,10,4960.8,18275.0,-13314.2,5
8312,1246,95,140,0,140,125,15,0,55,55,0,55,215,30,18521.28,19975.0,-1453.7200000000007,5
8313,1246,50,165,0,165,160,0,5,30,30,0,30,205,15,7623.360000000002,18275.0,-10651.639999999998,5
8314,1246,55,190,0,190,155,5,30,35,35,0,35,205,35,20184.840000000004,20825.0,-640.1599999999962,5
8315,1246,50,180,0,180,140,40,0,45,45,0,45,185,25,12585.240000000002,19550.0,-6964.759999999998,5
8316,1246,35,180,0,180,150,10,20,30,30,0,30,180,25,12237.480000000003,18275.0,-6037.519999999997,5
8317,1246,40,180,0,180,155,20,5,35,35,0,35,190,15,11195.010000000002,18700.0,-7504.989999999998,5
8318,1246,60,195,0,195,135,35,25,40,40,0,40,190,15,9131.580000000002,21675.0,-12543.419999999998,5
8319,1246,70,165,0,165,140,0,25,50,50,0,50,205,40,20067.120000000003,19975.0,92.12000000000444,5
8320,1246,35,190,0,190,150,10,30,30,30,0,30,180,45,30791.295,19125.0,11666.295,5
8321,1246,35,180,0,180,150,10,20,30,30,0,30,180,40,26631.450000000004,18275.0,8356.450000000004,5
8322,1246,85,165,0,165,165,0,0,25,25,0,25,245,30,18436.770000000004,21250.0,-2813.2299999999964,5
8323,1246,70,155,0,155,140,0,15,60,60,0,60,205,40,22135.86,19125.0,3010.8600000000024,5
8324,1246,80,160,0,160,160,0,0,25,25,0,25,235,0,0.0,20400.0,-20400.0,5
8325,1246,70,150,0,150,130,15,5,60,60,0,60,195,60,38357.19,18700.0,19657.190000000002,5
8326,1246,80,145,0,145,145,0,0,40,40,0,40,220,30,18574.74,19125.0,-550.2599999999984,5
8327,1246,55,145,0,145,135,10,0,45,45,0,40,185,75,54851.94,17000.0,37851.94,5
8328,1246,75,160,0,160,130,0,30,30,30,0,30,200,25,18140.31,19975.0,-1834.6899999999982,5
8329,1246,105,160,0,160,130,30,0,30,30,0,30,230,0,0.0,22525.0,-22525.0,5
8330,1246,60,175,0,175,120,25,30,50,50,0,45,175,60,37385.14500000001,19975.0,17410.14500000001,5
8331,1246,85,150,0,150,150,0,0,40,40,0,40,230,25,16404.93,19975.0,-3570.0699999999983,5
8332,1246,65,170,0,170,95,35,40,60,60,0,60,155,55,37362.240000000005,19975.0,17387.240000000005,5
8333,1246,55,175,0,175,145,30,0,20,20,0,20,195,20,11418.66,19550.0,-8131.34,5
8334,1246,70,145,0,145,125,10,10,65,65,0,65,190,35,22457.340000000004,18275.0,4182.340000000004,5
8335,1246,45,160,0,160,135,10,15,35,35,0,35,175,45,31868.392500000005,17425.0,14443.392500000005,5
8336,1246,50,170,0,170,150,5,15,45,45,0,45,195,30,16698.06,18700.0,-2001.9399999999996,5
8337,1246,55,180,0,180,145,25,10,50,50,0,50,195,55,32626.080000000005,19975.0,12651.080000000005,5
8338,1246,75,155,0,155,150,5,0,35,35,0,35,220,30,19634.850000000002,19550.0,84.85000000000127,5
8339,1246,75,155,0,155,140,0,15,45,45,0,45,210,30,19031.22,19550.0,-518.779999999997,5
8340,1246,60,155,0,155,145,0,10,50,50,0,50,200,40,25431.705,18275.0,7156.705000000002,5
8341,1246,70,165,0,165,130,30,5,50,50,0,45,195,50,29674.620000000003,19975.0,9699.620000000004,5
8342,1246,110,120,0,120,105,15,0,65,65,0,65,210,50,36338.19750000001,19550.0,16788.197500000006,5
8343,1246,75,140,0,140,115,0,25,45,45,0,45,185,55,36939.217500000006,18275.0,18664.217500000006,5
8344,1246,95,140,0,140,130,0,10,40,40,0,40,220,40,25465.050000000007,19975.0,5490.050000000006,5
8345,1246,100,140,0,140,140,0,0,40,40,0,40,235,35,24191.145000000004,20400.0,3791.145000000006,5
8346,1246,85,125,0,125,125,0,0,45,45,0,45,205,80,64498.65328125001,17850.0,46648.65328125001,5
8347,1246,55,180,0,180,140,20,20,35,35,0,35,190,25,12783.600000000002,19975.0,-7191.399999999999,5
8348,1246,75,135,0,135,130,0,5,55,55,0,55,200,70,47781.855,17850.0,29931.855000000003,5
8349,1246,50,195,0,195,155,5,35,25,25,0,25,200,10,6828.480000000001,20825.0,-13996.519999999999,5
8350,1246,55,170,0,170,160,5,5,50,50,0,50,210,20,10073.160000000002,19125.0,-9051.839999999998,5
8351,1246,40,175,0,175,130,20,25,35,35,0,35,165,30,16137.54,18275.0,-2137.4599999999987,5
8352,1246,85,150,0,150,140,0,10,50,50,0,50,220,35,20527.020000000004,19975.0,552.0200000000023,5
8353,1246,70,165,0,165,155,10,0,40,40,0,40,220,40,24596.730000000007,19975.0,4621.730000000007,5
8354,1246,75,170,0,170,145,0,25,50,50,0,50,215,40,21687.300000000003,20825.0,862.3000000000047,5
8355,1246,25,195,0,195,180,0,15,10,10,0,10,200,5,2326.6800000000003,18700.0,-16373.32,5
8356,1246,55,190,0,190,120,40,30,40,40,0,40,170,25,14904.18,20825.0,-5920.819999999999,5
8357,1246,75,160,0,160,115,5,40,40,40,0,40,185,10,5088.600000000001,19975.0,-14886.399999999998,5
8358,1246,60,180,0,180,160,0,20,40,40,0,40,215,30,16441.020000000004,20400.0,-3958.979999999997,5
8359,1246,75,165,0,165,165,0,0,35,35,0,35,235,15,8788.500000000002,20400.0,-11611.499999999996,5
8360,1246,65,170,0,170,145,10,15,45,45,0,45,205,15,7761.960000000001,19975.0,-12213.039999999999,5
8361,1246,75,160,0,160,150,0,10,35,35,0,30,220,15,7814.160000000002,19975.0,-12160.839999999998,5
8362,1246,75,155,0,155,145,0,10,55,55,0,55,215,25,16539.48,19550.0,-3010.519999999999,5
8363,1246,45,175,0,175,165,0,10,35,35,0,35,205,60,42285.656250000015,18700.0,23585.65625000001,5
8364,1246,50,165,0,165,145,5,15,45,45,0,45,190,40,24077.520000000004,18275.0,5802.520000000004,5
8365,1246,60,160,0,160,140,20,0,45,45,0,45,195,30,18798.840000000004,18700.0,98.84000000000242,5
8366,1246,75,170,0,170,115,25,30,60,60,0,55,185,50,27870.839999999997,20825.0,7045.839999999998,5
8367,1246,55,180,0,180,145,0,35,50,50,0,50,195,35,20238.120000000003,19975.0,263.12000000000353,5
8368,1246,85,180,0,180,135,0,45,55,55,0,50,215,25,12512.160000000002,22525.0,-10012.839999999998,5
8369,1246,80,150,0,150,125,25,0,45,45,0,45,200,35,20734.83,19550.0,1184.8300000000017,5
8370,1246,90,140,0,140,130,5,5,55,55,0,55,215,20,11677.86,19550.0,-7872.139999999999,5
8371,1246,80,150,0,150,145,5,0,40,40,0,40,220,50,37178.44875000001,19550.0,17628.448750000007,5
8372,1246,85,135,0,135,120,5,10,45,45,0,45,200,40,26609.445000000007,18700.0,7909.445000000005,5
8373,1246,55,165,0,165,125,5,35,30,30,0,30,175,50,38924.99437500001,18700.0,20224.994375000006,5
8374,1246,65,165,0,165,160,0,5,35,35,0,30,220,30,19910.160000000003,19550.0,360.16000000000304,5
8375,1246,50,195,0,195,150,10,35,40,40,0,40,195,20,11448.180000000002,20825.0,-9376.819999999998,5
8376,1246,120,135,0,135,100,5,30,45,45,0,45,215,30,15182.640000000001,21675.0,-6492.359999999999,5
8377,1246,75,150,0,150,145,0,5,40,40,0,40,215,35,20291.130000000005,19125.0,1166.1300000000028,5
8378,1246,45,170,0,170,145,10,15,45,45,0,40,185,15,7806.960000000001,18275.0,-10468.039999999999,5
8379,1246,100,140,0,140,120,20,0,45,45,0,45,215,60,40086.65250000001,20400.0,19686.65250000001,5
8380,1246,85,140,0,140,135,5,0,65,65,0,65,215,65,38245.590000000004,19125.0,19120.590000000007,5
8381,1246,55,145,0,145,130,15,0,55,55,0,50,180,70,47356.875,17000.0,30356.875,5
8382,1246,80,120,0,120,110,10,0,40,40,0,40,185,50,33616.305,17000.0,16616.305,5
8383,1246,60,170,0,170,140,15,15,45,45,0,45,195,25,13323.779999999999,19550.0,-6226.220000000001,5
8384,1246,90,140,0,140,105,30,5,50,50,0,50,190,60,37785.91500000001,19550.0,18235.915000000005,5
8385,1246,40,175,0,175,140,5,30,35,35,0,35,175,35,22367.700000000004,18275.0,4092.7000000000044,5
8386,1246,105,140,0,140,130,0,10,45,45,0,45,230,30,16829.28,20825.0,-3995.720000000001,5
8387,1246,55,160,0,160,125,35,0,50,50,0,50,175,65,52424.89875000001,18275.0,34149.89875000001,5
8388,1246,15,195,0,195,165,5,25,10,10,0,10,175,5,2326.6800000000003,17850.0,-15523.32,5
8389,1246,95,145,0,145,140,0,5,40,40,0,40,230,40,22232.880000000005,20400.0,1832.8800000000047,5
8390,1246,45,190,0,190,160,10,20,35,35,0,35,200,20,11719.080000000002,19975.0,-8255.919999999998,5
8391,1246,75,145,0,145,125,10,10,60,60,0,60,195,40,24147.450000000008,18700.0,5447.450000000008,5
8392,1246,90,155,0,155,155,0,0,35,35,0,35,240,30,17658.000000000004,20825.0,-3166.999999999996,5
8393,1246,45,150,0,150,130,0,20,40,40,0,40,170,40,26395.830000000005,16575.0,9820.830000000005,5
8394,1246,45,160,0,160,150,0,10,35,35,0,35,190,30,20318.535000000003,17425.0,2893.5350000000017,5
8395,1246,95,135,0,135,135,0,0,45,45,0,45,225,25,15146.280000000002,19550.0,-4403.719999999998,5
8396,1246,80,150,0,150,130,0,20,30,30,0,30,205,40,28533.015000000007,19550.0,8983.015000000005,5
8397,1246,65,145,0,145,115,25,5,65,65,0,60,175,50,44334.21515625,17850.0,26484.21515625,5
8398,1246,135,145,0,145,125,0,20,50,50,0,50,255,25,12710.160000000003,23800.0,-11089.839999999997,5
8399,1246,60,180,0,180,140,35,5,55,55,0,55,195,25,13966.02,20400.0,-6433.98,5
8400,1246,70,160,0,160,125,5,30,40,40,0,40,190,30,15925.320000000002,19550.0,-3624.6799999999985,5
8401,1246,60,155,0,155,115,30,10,55,55,0,50,170,40,21728.339999999997,18275.0,3453.3399999999983,5
8402,1246,100,135,0,135,135,0,0,30,30,0,30,230,50,35661.51,19975.0,15686.510000000002,5
8403,1246,85,145,0,145,145,0,0,45,45,0,45,225,30,16926.660000000003,19550.0,-2623.3399999999983,5
8404,1246,35,175,0,175,155,10,10,30,30,0,30,185,60,46864.6115625,17850.0,29014.611562500002,5
8405,1246,80,170,0,170,140,0,30,35,35,0,35,215,30,15399.0,21250.0,-5850.999999999999,5
8406,1246,70,165,0,165,160,0,5,35,35,0,35,225,20,9240.480000000001,19975.0,-10734.519999999997,5
8407,1246,65,160,0,160,125,30,5,45,45,0,45,185,50,31284.989999999998,19125.0,12159.989999999998,5
8408,1246,75,140,0,140,110,20,10,65,65,0,65,180,65,39987.36,18275.0,21712.360000000004,5
8409,1246,60,175,0,175,160,5,10,40,40,0,40,215,20,10909.260000000002,19975.0,-9065.739999999998,5
8410,1246,55,170,0,170,110,40,20,55,55,0,50,160,60,42007.96125000001,19125.0,22882.961250000008,5
8411,1246,60,180,0,180,120,60,0,50,50,0,50,175,45,37145.165625,20400.0,16745.165625000005,5
8412,1246,135,115,0,115,115,0,0,40,40,0,40,245,20,10423.620000000003,21250.0,-10826.379999999997,5
8413,1246,70,165,0,165,130,20,15,60,60,0,60,195,10,5224.32,19975.0,-14750.68,5
8414,1246,60,170,0,170,130,25,15,50,50,0,50,185,40,23591.7,19550.0,4041.7000000000007,5
8415,1246,60,150,0,150,145,0,5,50,50,0,50,200,50,33878.99250000001,17850.0,16028.992500000004,5
8416,1246,40,175,0,175,105,30,40,35,35,0,35,140,20,12410.100000000002,18275.0,-5864.899999999998,5
8417,1246,50,160,0,160,120,20,20,45,45,0,45,165,35,26543.160000000003,17850.0,8693.160000000003,5
8418,1246,75,165,0,165,165,0,0,35,35,0,35,235,10,5337.360000000001,20400.0,-15062.64,5
8419,1246,60,160,0,160,145,0,15,45,45,0,45,200,80,58091.017500000016,18700.0,39391.017500000016,5
8420,1246,45,175,0,175,170,0,5,40,40,0,40,210,35,19644.300000000003,18700.0,944.3000000000029,5
8421,1246,35,195,0,195,165,25,5,30,30,0,30,195,15,7763.4000000000015,19550.0,-11786.599999999999,5
8422,1246,115,160,0,160,155,0,5,10,10,0,10,265,0,0.0,23375.0,-23375.0,5
8423,1246,95,145,0,145,125,20,0,50,50,0,50,215,30,16339.86,20400.0,-4060.139999999999,5
8424,1246,45,175,0,175,135,15,25,40,40,0,40,175,40,24343.110000000008,18700.0,5643.110000000006,5
8425,1246,70,160,0,160,120,40,0,40,40,0,40,185,25,13969.980000000003,19550.0,-5580.019999999997,5
8426,1246,70,175,0,175,140,20,15,45,45,0,45,205,30,16105.500000000004,20825.0,-4719.499999999996,5
8427,1246,70,150,0,150,120,5,25,50,50,0,50,185,45,32048.730000000003,18700.0,13348.730000000005,5
8428,1246,75,170,0,170,165,0,5,20,20,0,20,235,10,4960.8,20825.0,-15864.2,5
8429,1246,95,135,0,135,120,15,0,70,70,0,70,210,60,39165.3675,19550.0,19615.367499999997,5
8430,1246,105,160,0,160,140,0,20,35,35,0,35,240,10,5619.240000000001,22525.0,-16905.760000000002,5
8431,1246,45,185,0,185,175,0,10,35,35,0,35,215,45,27173.97,19550.0,7623.969999999999,5
8432,1246,60,160,0,160,135,20,5,40,40,0,40,190,25,14540.400000000001,18700.0,-4159.5999999999985,5
8433,1246,55,165,0,165,140,10,15,50,50,0,50,190,45,26831.97,18700.0,8131.970000000001,5
8434,1246,70,155,0,155,125,30,0,45,45,0,45,190,30,20641.410000000003,19125.0,1516.4100000000053,5
8435,1246,45,185,0,185,160,5,20,40,40,0,40,200,35,20072.88,19550.0,522.8800000000001,5
8436,1246,65,160,0,160,135,10,15,35,35,0,35,195,30,20923.065000000006,19125.0,1798.065000000006,5
8437,1246,120,145,0,145,135,0,10,40,40,0,35,250,15,7682.76,22525.0,-14842.24,5
8438,1246,50,185,0,185,175,0,10,20,20,0,20,220,15,8868.060000000001,19975.0,-11106.939999999999,5
8439,1246,65,160,0,160,150,0,10,40,40,0,40,210,15,7653.960000000002,19125.0,-11471.039999999997,5
8440,1246,70,145,0,145,125,20,0,50,50,0,50,190,60,37891.08,18275.0,19616.08,5
8441,1246,80,155,0,155,145,5,5,45,45,0,40,220,50,36141.8625,19975.0,16166.862500000007,5
8442,1246,70,155,0,155,150,5,0,35,35,0,35,215,10,5048.64,19125.0,-14076.36,5
8443,1246,70,160,0,160,145,10,5,50,50,0,50,210,30,17006.22,19550.0,-2543.7799999999993,5
8444,1246,95,160,0,160,145,10,5,40,40,0,40,235,5,2634.1200000000003,21675.0,-19040.88,5
8445,1246,80,175,0,175,125,25,25,35,35,0,35,200,30,15078.240000000002,21675.0,-6596.759999999999,5
8446,1246,55,175,0,175,120,20,35,55,55,0,50,170,30,18763.83,19550.0,-786.1699999999996,5
8447,1246,70,160,0,160,125,10,25,65,65,0,65,190,45,26685.27,19550.0,7135.27,5
8448,1246,50,175,0,175,165,5,5,45,45,0,40,210,20,11568.060000000001,19125.0,-7556.94,5
8449,1246,105,135,0,135,130,0,5,45,45,0,45,230,40,29767.995000000006,20400.0,9367.995000000006,5
8450,1246,55,160,0,160,135,25,0,50,50,0,50,185,35,24131.385000000006,18275.0,5856.385000000005,5
8451,1246,100,155,0,155,120,20,15,40,40,0,40,215,50,31229.550000000003,21675.0,9554.550000000003,5
8452,1246,80,145,0,145,115,15,15,65,65,0,65,190,55,34292.79,19125.0,15167.79,5
8453,1246,55,170,0,170,130,10,30,25,25,0,25,180,30,19105.47,19125.0,-19.529999999999745,5
8454,1246,60,165,0,165,160,0,5,25,25,0,25,215,5,2634.1200000000003,19125.0,-16490.88,5
8455,1246,90,140,0,140,135,0,5,55,55,0,55,220,15,7842.960000000001,19550.0,-11707.039999999999,5
8456,1246,60,165,0,165,125,20,20,40,40,0,40,180,20,11714.940000000002,19125.0,-7410.059999999999,5
8457,1246,65,160,0,160,150,0,10,35,35,0,35,210,35,26253.787500000002,19125.0,7128.787500000003,5
8458,1246,90,155,0,155,115,10,30,30,30,0,30,200,20,15953.445000000003,20825.0,-4871.554999999997,5
8459,1246,65,165,0,165,165,0,0,40,40,0,40,225,30,16990.02,19550.0,-2559.979999999998,5
8460,1246,70,160,0,160,135,0,25,30,30,0,30,200,20,13142.880000000001,19550.0,-6407.12,5
8461,1246,85,140,0,140,140,0,0,40,40,0,40,220,35,22224.96,19125.0,3099.960000000001,5
8462,1246,50,150,0,150,145,0,5,30,30,0,30,190,30,23233.252500000002,17000.0,6233.252500000003,5
8463,1246,100,160,0,160,125,20,15,45,45,0,45,220,25,14309.460000000001,22100.0,-7790.539999999999,5
8464,1246,95,160,0,160,130,0,30,40,40,0,40,220,20,10316.880000000001,21675.0,-11358.119999999999,5
8465,1246,105,145,0,145,145,0,0,20,20,0,20,245,30,19475.370000000003,21250.0,-1774.6299999999974,5
8466,1246,75,165,0,165,155,0,10,40,40,0,35,225,25,13192.200000000003,20400.0,-7207.799999999997,5
8467,1246,105,125,0,125,120,0,5,40,40,0,40,220,40,23829.480000000007,19550.0,4279.480000000008,5
8468,1246,100,140,0,140,140,0,0,30,30,0,30,235,30,21075.34500000001,20400.0,675.3450000000066,5
8469,1246,35,180,0,180,165,10,5,25,25,0,25,195,50,37261.58625000001,18275.0,18986.586250000004,5
8470,1246,45,175,0,175,160,0,15,30,30,0,30,200,25,12731.400000000001,18700.0,-5968.5999999999985,5
8471,1246,70,165,0,165,145,10,10,40,40,0,40,210,35,18712.8,19975.0,-1262.2000000000003,5
8472,1246,60,175,0,175,130,20,25,50,50,0,50,185,55,40361.63625,19975.0,20386.636250000007,5
8473,1246,70,165,0,165,130,35,0,60,60,0,60,195,55,30732.570000000007,19975.0,10757.570000000005,5
8474,1246,60,155,0,155,140,0,15,45,45,0,45,195,25,13897.619999999999,18275.0,-4377.380000000001,5
8475,1246,75,170,0,170,145,0,25,25,25,0,20,215,25,17002.890000000003,20825.0,-3822.109999999998,5
8476,1246,45,175,0,175,135,20,20,40,40,0,40,175,25,13985.460000000003,18700.0,-4714.539999999997,5
8477,1246,65,160,0,160,150,10,0,40,40,0,40,210,35,22742.190000000002,19125.0,3617.1900000000005,5
8478,1246,85,155,0,155,120,35,0,35,35,0,35,200,35,22079.340000000004,20400.0,1679.340000000002,5
8479,1246,55,155,0,155,130,10,15,55,55,0,50,180,55,31690.800000000003,17850.0,13840.800000000003,5
8480,1246,150,95,0,95,95,0,0,55,55,0,55,240,40,23109.840000000004,20825.0,2284.840000000004,5
8481,1246,85,150,0,150,150,0,0,35,35,0,35,230,20,9634.680000000002,19975.0,-10340.319999999996,5
8482,1246,70,160,0,160,140,10,10,30,30,0,30,205,10,4785.120000000001,19550.0,-14764.879999999997,5
8483,1246,60,165,0,165,145,15,5,55,55,0,55,200,45,26653.860000000004,19125.0,7528.860000000004,5
8484,1246,60,165,0,165,155,0,10,40,40,0,40,210,35,22290.930000000004,19125.0,3165.930000000003,5
8485,1246,75,170,0,170,140,0,30,50,50,0,50,210,35,18903.24,20825.0,-1921.7599999999993,5
8486,1246,60,165,0,165,165,0,0,20,20,0,15,220,5,2634.1200000000003,19125.0,-16490.88,5
8487,1246,60,170,0,170,155,0,15,30,30,0,25,210,15,7691.4000000000015,19550.0,-11858.599999999999,5
8488,1246,110,140,0,140,130,0,10,35,35,0,35,235,15,7786.080000000002,21250.0,-13463.919999999998,5
8489,1246,90,145,0,145,145,0,0,45,45,0,45,230,25,14161.5,19975.0,-5813.499999999999,5
8490,1246,60,160,0,160,135,5,20,45,45,0,45,190,35,20972.070000000003,18700.0,2272.0700000000033,5
8491,1246,95,120,0,120,100,10,10,65,65,0,65,190,90,69931.36195312502,18275.0,51656.361953125015,5
8492,1246,105,135,0,135,125,0,10,40,40,0,40,225,20,10946.7,20400.0,-9453.3,5
8493,1246,40,165,0,165,160,0,5,30,30,0,30,195,40,27462.600000000002,17425.0,10037.600000000002,5
8494,1246,40,170,0,170,140,5,25,35,35,0,35,175,15,7295.040000000001,17850.0,-10554.96,5
8495,1246,50,170,0,170,155,0,15,35,35,0,35,200,15,7441.200000000001,18700.0,-11258.8,5
8496,1246,45,180,0,180,140,5,35,35,35,0,35,180,30,15972.66,19125.0,-3152.3399999999992,5
8497,1246,55,185,0,185,175,10,0,35,35,0,30,225,20,11993.580000000002,20400.0,-8406.419999999998,5
8498,1246,55,160,0,160,155,5,0,45,45,0,45,205,35,21310.74,18275.0,3035.7400000000007,5
8499,1246,50,165,0,165,155,0,10,30,30,0,30,200,20,12543.300000000001,18275.0,-5731.699999999999,5
8500,1246,55,170,0,170,140,10,20,45,45,0,45,190,30,18038.88,19125.0,-1086.1199999999985,5
8501,1246,70,140,0,140,140,0,0,40,40,0,40,205,60,37378.26,17850.0,19528.260000000006,5
8502,1246,55,190,0,190,125,40,25,45,45,0,45,175,30,17288.82,20825.0,-3536.1799999999994,5
8503,1246,50,180,0,180,160,0,20,25,25,0,25,205,5,2590.2000000000003,19550.0,-16959.8,5
8504,1246,100,135,0,135,120,0,15,45,45,0,40,215,40,27108.765,19975.0,7133.7649999999985,5
8505,1246,70,165,0,165,130,20,15,45,45,0,45,195,10,5891.220000000001,19975.0,-14083.779999999999,5
8506,1246,60,170,0,170,170,0,0,25,25,0,25,225,15,7829.280000000001,19550.0,-11720.72,5
8507,1246,75,145,0,145,130,0,15,35,35,0,30,200,30,21288.15,18700.0,2588.1500000000005,5
8508,1246,75,155,0,155,125,0,30,55,55,0,55,195,45,23829.66,19550.0,4279.659999999999,5
8509,1246,55,160,0,160,150,0,10,30,30,0,25,200,10,6321.780000000001,18275.0,-11953.22,5
8510,1246,60,165,0,165,160,0,5,45,45,0,40,215,35,19257.480000000003,19125.0,132.48000000000275,5
8511,1246,40,180,0,180,145,5,30,40,40,0,35,180,45,31256.1,18700.0,12556.099999999997,5
8512,1246,45,170,0,170,130,0,40,40,40,0,40,170,50,39011.46187500001,18275.0,20736.461875000005,5
8513,1246,70,160,0,160,115,20,25,65,65,0,65,180,45,26002.35,19550.0,6452.349999999997,5
8514,1246,65,175,0,175,120,25,30,55,55,0,55,180,50,32349.915,20400.0,11949.915,5
8515,1246,60,155,0,155,125,5,25,45,45,0,45,180,60,38106.63000000001,18275.0,19831.63000000001,5
8516,1246,85,160,0,160,120,40,0,55,55,0,55,200,60,41680.47375000001,20825.0,20855.473750000012,5
8517,1246,65,175,0,175,130,15,30,40,40,0,40,190,40,26703.495000000003,20400.0,6303.495000000003,5
8518,1246,100,165,0,165,155,5,5,20,20,0,20,250,10,5016.240000000002,22525.0,-17508.76,5
8519,1246,65,175,0,175,135,30,10,40,40,0,40,195,20,11503.440000000002,20400.0,-8896.559999999998,5
8520,1246,60,165,0,165,130,5,30,40,40,0,35,185,30,18760.050000000003,19125.0,-364.9499999999989,5
8521,1246,95,150,0,150,150,0,0,45,45,0,45,240,45,27813.240000000005,20825.0,6988.240000000005,5
8522,1246,70,155,0,155,145,0,10,50,50,0,45,210,30,16344.54,19125.0,-2780.459999999998,5
8523,1246,90,150,0,150,125,0,25,20,20,0,20,210,40,29398.36500000001,20400.0,8998.365000000009,5
8524,1246,45,185,0,185,145,40,0,40,40,0,40,185,55,36654.75000000001,19550.0,17104.750000000007,5
8525,1246,50,170,0,170,130,0,40,35,35,0,35,175,20,11958.66,18700.0,-6741.34,5
8526,1246,70,155,0,155,145,0,10,30,30,0,30,210,25,15026.939999999999,19125.0,-4098.06,5
8527,1246,35,180,0,180,155,15,10,30,30,0,30,185,70,54291.926250000004,18275.0,36016.926250000004,5
8528,1246,60,155,0,155,125,5,25,45,45,0,45,180,15,7383.240000000002,18275.0,-10891.759999999998,5
8529,1246,75,170,0,170,115,50,5,30,30,0,25,185,45,30086.370000000006,20825.0,9261.370000000006,5
8530,1246,55,145,0,145,135,5,5,50,50,0,45,185,40,24224.580000000005,17000.0,7224.580000000005,5
8531,1246,80,160,0,160,155,0,5,35,35,0,35,230,10,5618.52,20400.0,-14781.48,5
8532,1246,85,140,0,140,140,0,0,35,35,0,35,220,45,30210.525,19125.0,11085.525000000001,5
8533,1246,80,135,0,135,135,0,0,45,45,0,45,210,30,18086.04,18275.0,-188.9599999999973,5
8534,1246,120,130,0,130,130,0,0,45,45,0,45,245,25,13947.300000000003,21250.0,-7302.699999999997,5
8535,1246,30,180,0,180,175,0,5,15,15,0,15,200,10,4784.760000000001,17850.0,-13065.239999999998,5
8536,1246,60,180,0,180,150,0,30,50,50,0,50,205,35,19375.74,20400.0,-1024.2599999999993,5
8537,1246,45,155,0,155,150,0,5,40,40,0,35,190,65,45788.805,17000.0,28788.805,5
8538,1246,55,180,0,180,120,40,20,45,45,0,45,170,40,21333.780000000002,19975.0,1358.7800000000016,5
8539,1246,70,170,0,170,165,0,5,25,25,0,25,230,10,6475.5,20400.0,-13924.5,5
8540,1246,65,160,0,160,125,10,25,60,60,0,60,185,45,23506.200000000004,19125.0,4381.2000000000035,5
8541,1246,90,165,0,165,160,0,5,25,25,0,25,245,10,6453.540000000001,21675.0,-15221.46,5
8542,1246,35,180,0,180,165,10,5,25,25,0,25,195,5,2634.1200000000003,18275.0,-15640.88,5
8543,1246,65,175,0,175,160,15,0,30,30,0,30,220,15,7132.320000000001,20400.0,-13267.68,5
8544,1246,80,150,0,150,130,10,10,50,50,0,50,205,65,44905.545,19550.0,25355.545000000002,5
8545,1246,55,185,0,185,165,0,20,20,20,0,20,215,15,8977.859999999999,20400.0,-11422.14,5
8546,1246,75,165,0,165,120,35,10,55,55,0,55,190,35,18540.9,20400.0,-1859.0999999999985,5
8547,1246,65,165,0,165,155,5,5,30,30,0,30,215,10,4960.4400000000005,19550.0,-14589.56,5
8548,1246,55,170,0,170,155,0,15,35,35,0,30,205,35,19686.960000000003,19125.0,561.9600000000014,5
8549,1246,50,160,0,160,160,0,0,35,35,0,35,205,20,11590.020000000002,17850.0,-6259.979999999998,5
8550,1246,70,160,0,160,130,20,10,40,40,0,40,195,30,16418.700000000004,19550.0,-3131.2999999999965,5
8551,1246,65,175,0,175,170,5,0,45,45,0,45,230,25,13688.280000000002,20400.0,-6711.7199999999975,5
8552,1246,50,160,0,160,145,0,15,30,30,0,30,190,35,18676.620000000006,17850.0,826.6200000000049,5
8553,1246,40,165,0,165,155,10,0,35,35,0,35,190,25,13848.480000000001,17425.0,-3576.519999999998,5
8554,1246,80,155,0,155,110,5,40,40,40,0,40,185,25,17833.050000000003,19975.0,-2141.949999999997,5
8555,1246,100,160,0,160,155,0,5,30,30,0,30,250,10,5048.64,22100.0,-17051.36,5
8556,1246,50,180,0,180,150,5,25,40,40,0,40,195,40,27456.975000000006,19550.0,7906.975000000007,5
8557,1246,60,160,0,160,130,5,25,45,45,0,45,185,40,24750.900000000005,18700.0,6050.900000000006,5
8558,1246,100,145,0,145,135,0,10,40,40,0,40,230,25,14085.900000000001,20825.0,-6739.0999999999985,5
8559,1246,55,180,0,180,135,45,0,40,40,0,40,185,15,7894.4400000000005,19975.0,-12080.560000000001,5
8560,1246,50,160,0,160,135,0,25,40,40,0,40,180,25,15518.970000000001,17850.0,-2331.0299999999984,5
8561,1246,45,175,0,175,145,0,30,40,40,0,40,185,30,18341.910000000003,18700.0,-358.0899999999974,5
8562,1246,35,175,0,175,160,0,15,20,20,0,20,190,30,20410.515000000003,17850.0,2560.5150000000026,5
8563,1246,65,150,0,150,145,0,5,50,50,0,45,205,20,9668.160000000002,18275.0,-8606.839999999998,5
8564,1246,55,170,0,170,160,0,10,45,45,0,45,210,45,26677.170000000006,19125.0,7552.1700000000055,5
8565,1246,105,140,0,140,140,0,0,40,40,0,40,240,45,25849.350000000006,20825.0,5024.350000000004,5
8566,1246,85,135,0,135,130,5,0,50,50,0,45,210,25,14787.900000000001,18700.0,-3912.099999999998,5
8567,1246,55,185,0,185,175,0,10,15,15,0,15,225,0,0.0,20400.0,-20400.0,5
8568,1246,55,190,0,190,130,20,40,45,45,0,40,180,40,26355.825,20825.0,5530.825,5
8569,1246,110,135,0,135,100,25,10,35,35,0,35,205,55,42184.684687500005,20825.0,21359.684687500005,5
8570,1246,65,165,0,165,145,0,20,20,20,0,20,205,20,10384.560000000001,19550.0,-9165.439999999999,5
8571,1246,80,160,0,160,150,5,5,45,45,0,45,225,20,10337.400000000001,20400.0,-10062.599999999999,5
8572,1246,70,165,0,165,135,15,15,55,55,0,50,200,35,23311.665,19975.0,3336.6650000000027,5
8573,1246,95,140,0,140,120,15,5,55,55,0,55,210,25,13799.880000000001,19975.0,-6175.119999999999,5
8574,1246,45,165,0,165,150,5,10,40,40,0,40,190,30,17662.500000000004,17850.0,-187.49999999999773,5
8575,1246,40,175,0,175,160,5,10,35,35,0,35,195,30,18016.920000000002,18275.0,-258.07999999999765,5
8576,1246,100,150,0,150,145,5,0,40,40,0,40,240,45,28649.069999999996,21250.0,7399.069999999997,5
8577,1246,50,190,0,190,125,40,25,40,40,0,40,170,40,23268.960000000003,20400.0,2868.960000000002,5
8578,1246,45,180,0,180,180,0,0,25,25,0,25,220,25,13665.060000000003,19125.0,-5459.939999999997,5
8579,1246,50,185,0,185,120,30,35,45,45,0,45,165,35,20403.18,19975.0,428.1800000000021,5
8580,1246,80,155,0,155,155,0,0,25,25,0,25,230,20,10229.04,19975.0,-9745.96,5
8581,1246,30,190,0,190,135,25,30,25,25,0,25,160,20,11391.840000000002,18700.0,-7308.159999999998,5
8582,1246,45,180,0,180,140,35,5,35,35,0,35,180,30,15453.360000000002,19125.0,-3671.6399999999976,5
8583,1246,70,160,0,160,160,0,0,35,35,0,35,225,30,16765.56,19550.0,-2784.4399999999973,5
8584,1246,70,150,0,150,150,0,0,30,30,0,30,215,15,7638.84,18700.0,-11061.16,5
8585,1246,70,155,0,155,150,0,5,35,35,0,30,215,15,7770.240000000002,19125.0,-11354.759999999998,5
8586,1246,70,140,0,140,125,10,5,45,45,0,45,190,20,9387.720000000003,17850.0,-8462.279999999997,5
8587,1246,40,200,0,200,130,25,45,35,35,0,35,165,30,19765.350000000002,20400.0,-634.6499999999969,5
8588,1246,40,180,0,180,165,0,15,30,30,0,30,200,20,11383.74,18700.0,-7316.26,5
8589,1246,50,185,0,185,185,0,0,20,20,0,20,230,20,11726.100000000002,19975.0,-8248.899999999998,5
8590,1246,60,165,0,165,135,0,30,25,25,0,25,190,5,2589.120000000001,19125.0,-16535.88,5
8591,1246,45,175,0,175,170,0,5,35,35,0,30,210,30,16561.8,18700.0,-2138.1999999999994,5
8592,1246,50,155,0,155,145,0,10,35,35,0,35,190,50,29820.870000000003,17425.0,12395.870000000004,5
8593,1246,90,160,0,160,145,0,15,35,35,0,35,230,40,24004.710000000006,21250.0,2754.7100000000046,5
8594,1246,75,150,0,150,145,0,5,40,40,0,40,215,50,34455.91500000001,19125.0,15330.915000000005,5
8595,1246,60,145,0,145,145,0,0,45,45,0,45,200,20,11467.620000000003,17425.0,-5957.379999999998,5
8596,1246,105,145,0,145,135,0,10,45,45,0,45,235,50,31458.195,21250.0,10208.195,5
8597,1246,60,170,0,170,130,15,25,45,45,0,45,185,35,20968.56,19550.0,1418.5600000000022,5
8598,1246,75,165,0,165,135,15,15,40,40,0,35,205,40,24563.159999999996,20400.0,4163.159999999998,5
8599,1246,60,160,0,160,135,20,5,55,55,0,55,190,25,13302.0,18700.0,-5398.0,5
8600,1246,70,165,0,165,135,25,5,35,35,0,35,200,25,12936.600000000002,19975.0,-7038.399999999997,5
8601,1246,45,165,0,165,150,10,5,40,40,0,40,190,50,33484.545000000006,17850.0,15634.545000000002,5
8602,1246,50,165,0,165,165,0,0,35,35,0,30,210,40,22517.28,18275.0,4242.280000000001,5
8603,1246,65,155,0,155,155,0,0,35,35,0,35,215,50,34019.842500000006,18700.0,15319.842500000004,5
8604,1246,50,175,0,175,140,30,5,40,40,0,40,185,25,16257.150000000001,19125.0,-2867.8499999999985,5
8605,1246,100,155,0,155,155,0,0,35,35,0,35,250,20,10395.0,21675.0,-11280.0,5
8606,1246,80,150,0,150,145,0,5,45,45,0,45,220,10,4909.32,19550.0,-14640.68,5
8607,1246,80,155,0,155,155,0,0,45,45,0,45,230,35,19145.7,19975.0,-829.2999999999984,5
8608,1246,45,175,0,175,155,15,5,40,40,0,40,195,15,7638.4800000000005,18700.0,-11061.52,5
8609,1246,40,200,0,200,155,0,45,15,15,0,15,190,15,11118.150000000001,20400.0,-9281.849999999999,5
8610,1246,40,175,0,175,145,0,30,35,35,0,35,180,30,21345.030000000002,18275.0,3070.0300000000016,5
8611,1246,35,185,0,185,165,0,20,20,20,0,20,195,15,7561.080000000002,18700.0,-11138.919999999998,5
8612,1246,35,175,0,175,155,20,0,25,25,0,25,185,60,42333.525,17850.0,24483.525,5
8613,1246,55,170,0,170,125,20,25,50,50,0,50,175,40,23788.17,19125.0,4663.17,5
8614,1246,65,160,0,160,140,20,0,55,55,0,55,200,50,30211.47000000001,19125.0,11086.470000000008,5
8615,1246,65,135,0,135,135,0,0,65,65,0,60,195,60,41967.81,17000.0,24967.809999999998,5
8616,1246,80,155,0,155,155,0,0,40,40,0,40,230,20,11677.86,19975.0,-8297.14,5
8617,1246,50,175,0,175,170,0,5,35,35,0,35,215,30,14989.68,19125.0,-4135.32,5
8618,1246,115,145,0,145,140,0,5,25,25,0,25,250,10,5663.16,22100.0,-16436.84,5
8619,1246,75,180,0,180,145,20,15,30,30,0,30,215,15,7638.84,21675.0,-14036.16,5
8620,1246,55,170,0,170,135,20,15,50,50,0,50,185,35,22272.3,19125.0,3147.3,5
8621,1246,50,160,0,160,160,0,0,30,30,0,30,205,15,10656.990000000002,17850.0,-7193.009999999999,5
8622,1246,115,115,0,115,115,0,0,60,60,0,60,225,25,14856.840000000002,19550.0,-4693.159999999998,5
8623,1246,40,175,0,175,135,25,15,35,35,0,35,170,30,16874.820000000003,18275.0,-1400.179999999998,5
8624,1246,85,150,0,150,135,0,15,45,45,0,45,215,35,21479.850000000002,19975.0,1504.8500000000013,5
8625,1246,70,170,0,170,150,0,20,35,35,0,35,215,25,13273.2,20400.0,-7126.799999999998,5
8626,1246,55,175,0,175,100,45,30,45,45,0,45,150,75,50264.55,19550.0,30714.55,5
8627,1246,60,160,0,160,135,15,10,55,55,0,55,190,40,26504.055000000004,18700.0,7804.055000000003,5
8628,1246,50,170,0,170,165,0,5,40,40,0,40,210,20,11771.46,18700.0,-6928.540000000001,5
8629,1246,90,150,0,150,145,0,5,45,45,0,40,230,30,16733.700000000004,20400.0,-3666.2999999999965,5
8630,1246,75,160,0,160,115,40,5,45,45,0,45,185,60,38561.2425,19975.0,18586.242500000004,5
8631,1246,55,170,0,170,125,0,45,40,40,0,40,175,45,33411.09375000001,19125.0,14286.093750000004,5
8632,1246,75,150,0,150,105,35,10,45,45,0,45,175,50,31536.090000000007,19125.0,12411.090000000007,5
8633,1246,70,160,0,160,145,5,10,30,30,0,25,210,25,13884.660000000002,19550.0,-5665.339999999998,5
8634,1246,80,135,0,135,105,10,20,60,60,0,60,180,35,21950.55,18275.0,3675.5499999999984,5
8635,1246,70,165,0,165,155,5,5,40,40,0,40,220,10,5881.680000000001,19975.0,-14093.32,5
8636,1246,85,160,0,160,90,45,25,80,80,0,80,170,65,37901.43000000001,20825.0,17076.430000000004,5
8637,1246,65,150,0,150,140,0,10,60,60,0,60,200,30,15992.640000000001,18275.0,-2282.3599999999988,5
8638,1246,35,180,0,180,175,0,5,25,25,0,25,205,25,12292.2,18275.0,-5982.799999999999,5
8639,1246,65,160,0,160,145,0,15,30,30,0,30,205,30,16131.780000000002,19125.0,-2993.2199999999966,5
8640,1246,50,180,0,180,150,30,0,40,40,0,40,195,40,25825.995000000003,19550.0,6275.995000000003,5
8641,1246,100,145,0,145,135,0,10,45,45,0,45,230,30,17347.68,20825.0,-3477.3199999999997,5
8642,1246,60,155,0,155,130,20,5,55,55,0,50,185,35,17579.880000000005,18275.0,-695.1199999999972,5
8643,1246,40,170,0,170,165,0,5,30,30,0,30,200,15,9043.740000000002,17850.0,-8806.259999999998,5
8644,1246,80,170,0,170,160,0,10,25,25,0,25,235,15,10920.509999999998,21250.0,-10329.490000000002,5
8645,1246,50,150,0,150,115,25,10,45,45,0,45,160,70,49678.16625,17000.0,32678.166250000002,5
8646,1246,95,175,0,175,175,0,0,20,20,0,20,265,15,7770.600000000002,22950.0,-15179.399999999998,5
8647,1246,30,170,0,170,170,0,0,20,20,0,20,195,0,0.0,17000.0,-17000.0,5
8648,1246,50,175,0,175,170,0,5,30,30,0,30,215,30,20358.9,19125.0,1233.9000000000033,5
8649,1246,40,160,0,160,150,0,10,35,35,0,35,185,35,22802.355000000003,17000.0,5802.355000000002,5
8650,1246,75,135,0,135,115,0,20,60,60,0,60,185,60,43246.755000000005,17850.0,25396.755000000005,5
8651,1246,135,135,0,135,135,0,0,30,30,0,30,265,30,17788.68,22950.0,-5161.319999999998,5
8652,1246,50,180,0,180,140,15,25,45,45,0,45,185,35,18302.940000000002,19550.0,-1247.059999999999,5
8653,1246,70,160,0,160,140,15,5,65,65,0,65,205,20,10860.66,19550.0,-8689.34,5
8654,1246,40,175,0,175,150,10,15,30,30,0,30,185,25,11804.040000000003,18275.0,-6470.959999999997,5
8655,1246,55,165,0,165,130,10,25,45,45,0,45,180,30,15053.040000000003,18700.0,-3646.959999999997,5
8656,1246,70,150,0,150,135,0,15,45,45,0,45,200,40,26954.100000000002,18700.0,8254.100000000002,5
8657,1246,65,150,0,150,115,35,0,50,50,0,50,175,55,40615.7175,18275.0,22340.7175,5
8658,1246,45,180,0,180,150,25,5,40,40,0,40,190,50,35301.6675,19125.0,16176.667500000003,5
8659,1246,45,170,0,170,160,0,10,30,30,0,30,200,25,16540.38,18275.0,-1734.62,5
8660,1246,55,175,0,175,130,25,20,35,35,0,35,180,20,11148.660000000002,19550.0,-8401.339999999998,5
8661,1246,50,165,0,165,145,0,20,30,30,0,30,190,15,8824.140000000001,18275.0,-9450.859999999999,5
8662,1246,75,185,0,185,125,20,40,40,40,0,40,195,25,16133.580000000002,22100.0,-5966.419999999998,5
8663,1246,50,165,0,165,135,15,15,50,50,0,45,180,10,5041.4400000000005,18275.0,-13233.56,5
8664,1246,60,170,0,170,155,0,15,30,30,0,25,210,50,34642.665,19550.0,15092.665,5
8665,1246,100,155,0,155,145,0,10,40,40,0,40,240,20,11716.02,21675.0,-9958.98,5
8666,1246,50,170,0,170,165,0,5,30,30,0,30,210,25,14405.940000000002,18700.0,-4294.059999999998,5
8667,1246,55,170,0,170,155,15,0,40,40,0,40,205,10,5399.640000000001,19125.0,-13725.359999999999,5
8668,1246,45,170,0,170,160,0,10,30,30,0,30,200,20,9482.400000000001,18275.0,-8792.599999999999,5
8669,1246,55,165,0,165,150,10,5,40,40,0,40,200,30,16403.22,18700.0,-2296.779999999999,5
8670,1246,65,170,0,170,140,0,30,40,40,0,40,200,15,7035.48,19975.0,-12939.52,5
8671,1246,70,155,0,155,130,10,15,60,60,0,55,195,20,9831.240000000002,19125.0,-9293.759999999998,5
8672,1246,70,160,0,160,160,0,0,40,40,0,40,225,35,19070.82,19550.0,-479.1799999999989,5
8673,1246,35,175,0,175,135,30,10,30,30,0,30,165,25,17505.630000000005,17850.0,-344.3699999999967,5
8674,1246,70,150,0,150,135,0,15,40,40,0,40,200,25,13858.74,18700.0,-4841.26,5
8675,1246,70,135,0,135,130,0,5,60,60,0,60,195,40,21161.340000000004,17425.0,3736.3400000000047,5
8676,1246,65,150,0,150,145,0,5,45,45,0,45,205,45,27241.650000000005,18275.0,8966.650000000005,5
8677,1246,40,190,0,190,120,45,25,35,35,0,35,155,45,30676.072500000006,19550.0,11126.072500000006,5
8678,1246,30,195,0,195,140,20,35,25,25,0,25,165,5,2634.1200000000003,19125.0,-16490.88,5
8679,1246,85,140,0,140,130,10,0,50,50,0,50,210,50,33048.36,19125.0,13923.360000000002,5
8680,1246,55,150,0,150,135,5,10,40,40,0,40,185,40,23017.680000000008,17425.0,5592.680000000009,5
8681,1246,75,165,0,165,130,35,0,45,45,0,45,200,20,10053.36,20400.0,-10346.639999999998,5
8682,1246,45,180,0,180,145,10,25,35,35,0,35,185,50,33376.095,19125.0,14251.095000000005,5
8683,1246,50,185,0,185,130,25,30,40,40,0,40,175,25,12469.68,19975.0,-7505.32,5
8684,1246,70,160,0,160,135,25,0,55,55,0,55,200,65,45460.6875,19550.0,25910.687500000004,5
8685,1246,70,160,0,160,150,0,10,40,40,0,40,215,35,20082.24,19550.0,532.2400000000016,5
8686,1246,45,170,0,170,135,15,20,45,45,0,40,175,35,18828.54,18275.0,553.5400000000004,5
8687,1246,55,170,0,170,155,0,15,40,40,0,35,205,30,19355.670000000002,19125.0,230.67000000000235,5
8688,1246,55,160,0,160,155,0,5,30,30,0,25,205,15,7638.840000000001,18275.0,-10636.16,5
8689,1246,40,185,0,185,160,20,5,30,30,0,30,195,15,11742.84,19125.0,-7382.159999999999,5
8690,1246,85,135,0,135,125,5,5,40,40,0,40,205,60,41313.19499999999,18700.0,22613.194999999996,5
8691,1246,55,185,0,185,145,35,5,50,50,0,50,195,40,23435.64,20400.0,3035.6399999999985,5
8692,1246,70,170,0,170,140,10,20,50,50,0,50,205,30,16579.98,20400.0,-3820.0199999999995,5
8693,1246,50,185,0,185,145,5,35,25,25,0,25,190,5,2634.1200000000003,19975.0,-17340.88,5
8694,1246,85,140,0,140,140,0,0,60,60,0,60,220,60,32633.64,19125.0,13508.64,5
8695,1246,50,170,0,170,155,5,10,45,45,0,45,200,15,9043.74,18700.0,-9656.26,5
8696,1246,45,165,0,165,150,5,10,40,40,0,40,190,65,40520.16,17850.0,22670.160000000003,5
8697,1246,40,180,0,180,145,15,20,35,35,0,35,180,15,7726.680000000001,18700.0,-10973.32,5
8698,1246,80,145,0,145,135,0,10,50,50,0,50,210,40,23738.31,19125.0,4613.310000000001,5
8699,1246,70,135,0,135,110,20,5,55,55,0,50,175,55,38334.4425,17425.0,20909.4425,5
8700,1246,65,165,0,165,115,50,0,55,55,0,55,175,40,23679.72,19550.0,4129.720000000002,5
8701,1246,35,180,0,180,160,10,10,25,25,0,20,190,20,12292.380000000003,18275.0,-5982.619999999997,5
8702,1246,100,150,0,150,135,0,15,25,25,0,25,230,20,11538.18,21250.0,-9711.82,5
8703,1246,65,175,0,175,145,0,30,30,30,0,30,205,15,9043.740000000002,20400.0,-11356.259999999998,5
8704,1246,80,155,0,155,145,0,10,30,30,0,30,220,35,23569.110000000004,19975.0,3594.110000000005,5
8705,1246,95,130,0,130,130,0,0,45,45,0,45,220,60,42174.25875,19125.0,23049.25875,5
8706,1246,145,115,0,115,105,0,10,50,50,0,50,245,25,16023.780000000002,22100.0,-6076.219999999998,5
8707,1246,65,150,0,150,135,0,15,35,35,0,35,195,20,9533.880000000001,18275.0,-8741.119999999999,5
8708,1246,85,165,0,165,165,0,0,35,35,0,35,245,30,16427.34,21250.0,-4822.659999999998,5
8709,1246,75,140,0,140,120,10,10,40,40,0,40,190,35,21719.880000000005,18275.0,3444.880000000003,5
8710,1246,70,170,0,170,135,5,30,50,50,0,50,200,35,21768.84,20400.0,1368.8400000000001,5
8711,1246,40,170,0,170,150,15,5,30,30,0,30,185,25,17130.510000000002,17850.0,-719.4899999999984,5
8712,1246,100,135,0,135,120,0,15,50,50,0,50,215,45,26008.560000000005,19975.0,6033.560000000007,5
8713,1246,65,160,0,160,135,10,15,55,55,0,55,195,60,41710.635,19125.0,22585.635000000002,5
8714,1246,95,165,0,165,155,0,10,35,35,0,35,245,40,27489.600000000006,22100.0,5389.600000000005,5
8715,1246,75,170,0,170,110,40,20,55,55,0,55,180,30,15391.080000000002,20825.0,-5433.919999999998,5
8716,1246,100,165,0,165,160,0,5,30,30,0,25,255,10,5224.32,22525.0,-17300.68,5
8717,1246,35,175,0,175,155,5,15,25,25,0,25,185,15,8951.580000000002,17850.0,-8898.419999999998,5
8718,1246,95,145,0,145,135,0,10,45,45,0,45,225,65,47011.106250000004,20400.0,26611.106250000004,5
8719,1246,50,180,0,180,150,0,30,35,35,0,35,195,30,19360.350000000002,19550.0,-189.6499999999969,5
8720,1246,40,165,0,165,145,0,20,30,30,0,30,180,40,28528.515000000007,17425.0,11103.515000000007,5
8721,1246,70,160,0,160,80,60,20,60,60,0,60,145,35,23396.805000000004,19550.0,3846.805000000004,5
8722,1246,55,160,0,160,130,10,20,40,40,0,40,180,40,26329.770000000004,18275.0,8054.770000000003,5
8723,1246,65,165,0,165,160,0,5,30,30,0,30,220,5,2546.28,19550.0,-17003.72,5
8724,1246,70,150,0,150,125,15,10,60,60,0,60,190,50,31704.930000000008,18700.0,13004.930000000008,5
8725,1246,75,155,0,155,150,0,5,45,45,0,40,220,30,18839.97,19550.0,-710.029999999997,5
8726,1246,45,175,0,175,140,5,30,40,40,0,40,180,10,6146.100000000001,18700.0,-12553.899999999998,5
8727,1246,80,165,0,165,150,0,15,50,50,0,50,225,60,36599.49000000001,20825.0,15774.490000000009,5
8728,1246,95,130,0,130,110,20,0,50,50,0,50,200,55,34099.560000000005,19125.0,14974.560000000005,5
8729,1246,90,150,0,150,130,5,15,50,50,0,50,215,20,11524.14,20400.0,-8875.86,5
8730,1246,70,140,0,140,105,35,0,60,60,0,60,170,40,22871.880000000005,17850.0,5021.880000000006,5
8731,1246,75,150,0,150,140,0,10,35,35,0,30,210,40,27767.520000000004,19125.0,8642.520000000004,5
8732,1246,75,150,0,150,150,0,0,40,40,0,40,220,10,5507.640000000001,19125.0,-13617.359999999999,5
8733,1246,65,150,0,150,135,10,5,45,45,0,45,195,35,20959.74,18275.0,2684.7400000000016,5
8734,1246,55,160,0,160,155,0,5,35,35,0,30,205,45,33148.48500000001,18275.0,14873.485000000004,5
8735,1246,35,185,0,185,180,5,0,25,25,0,25,210,5,3072.9600000000005,18700.0,-15627.039999999999,5
8736,1246,65,165,0,165,150,0,15,40,40,0,35,210,30,16749.18,19550.0,-2800.819999999999,5
8737,1246,70,150,0,150,145,5,0,50,50,0,50,210,60,38012.58,18700.0,19312.58,5
8738,1246,90,140,0,140,130,0,10,40,40,0,35,215,60,40226.265,19550.0,20676.265000000003,5
8739,1246,95,145,0,145,140,0,5,25,25,0,25,230,35,23354.055000000004,20400.0,2954.055000000003,5
8740,1246,75,145,0,145,115,0,30,60,60,0,55,185,45,29604.42,18700.0,10904.42,5
8741,1246,75,145,0,145,130,15,0,35,35,0,35,200,60,46366.79625000001,18700.0,27666.796250000007,5
8742,1246,50,165,0,165,140,0,25,45,45,0,45,185,35,21594.330000000005,18275.0,3319.3300000000045,5
8743,1246,40,175,0,175,125,30,20,40,40,0,35,160,30,15964.740000000002,18275.0,-2310.2599999999984,5
8744,1246,100,130,0,130,130,0,0,45,45,0,45,225,55,37569.420000000006,19550.0,18019.420000000006,5
8745,1246,75,140,0,140,140,0,0,45,45,0,45,210,80,55290.74625000002,18275.0,37015.74625000002,5
8746,1246,80,140,0,140,135,0,5,45,45,0,45,210,45,28493.37,18700.0,9793.369999999999,5
8747,1246,90,155,0,155,140,0,15,30,30,0,25,225,20,10224.360000000002,20825.0,-10600.64,5
8748,1246,60,170,0,170,130,10,30,50,50,0,45,185,50,29209.050000000007,19550.0,9659.050000000007,5
8749,1246,130,120,0,120,115,0,5,55,55,0,50,240,60,39920.490000000005,21250.0,18670.49000000001,5
8750,1246,75,160,0,160,145,0,15,25,25,0,25,215,35,19563.120000000003,19975.0,-411.87999999999874,5
8751,1246,50,185,0,185,160,15,10,45,45,0,45,205,20,10328.76,19975.0,-9646.24,5
8752,1246,65,155,0,155,145,0,10,40,40,0,40,205,20,11582.460000000003,18700.0,-7117.539999999997,5
8753,1246,85,175,0,175,165,10,0,35,35,0,35,245,20,11294.46,22100.0,-10805.54,5
8754,1246,40,170,0,170,145,10,15,25,25,0,25,180,55,43999.31250000001,17850.0,26149.312500000007,5
8755,1246,70,160,0,160,160,0,0,30,30,0,30,225,35,19689.48,19550.0,139.48000000000093,5
8756,1246,35,185,0,185,165,10,10,30,30,0,30,195,10,5048.64,18700.0,-13651.36,5
8757,1246,40,190,0,190,180,10,0,25,25,0,25,215,20,11540.7,19550.0,-8009.299999999998,5
8758,1246,50,180,0,180,140,15,25,40,40,0,40,185,10,4916.88,19550.0,-14633.119999999999,5
8759,1246,70,170,0,170,145,20,5,35,35,0,35,210,30,18361.800000000003,20400.0,-2038.199999999997,5
8760,1246,70,160,0,160,160,0,0,40,40,0,40,225,30,16339.14,19550.0,-3210.86,5
8761,1246,60,150,0,150,130,10,10,50,50,0,50,185,25,13703.760000000002,17850.0,-4146.239999999998,5
8762,1246,30,185,0,185,150,10,25,25,25,0,25,175,25,16152.570000000003,18275.0,-2122.429999999997,5
8763,1246,85,160,0,160,155,0,5,25,25,0,25,235,25,14678.100000000002,20825.0,-6146.899999999998,5
8764,1246,55,160,0,160,140,5,15,35,35,0,35,190,30,18701.82,18275.0,426.82000000000016,5
8765,1246,95,150,0,150,150,0,0,50,50,0,50,240,25,14827.68,20825.0,-5997.32,5
8766,1246,35,175,0,175,170,5,0,25,25,0,25,200,20,10097.280000000002,17850.0,-7752.719999999998,5
8767,1246,85,140,0,140,130,5,5,45,45,0,45,210,25,14034.060000000001,19125.0,-5090.939999999999,5
8768,1246,100,155,0,155,145,0,10,20,20,0,20,240,10,5048.64,21675.0,-16626.36,5
8769,1246,65,165,0,165,150,5,10,55,55,0,55,210,35,19075.5,19550.0,-474.4999999999982,5
8770,1246,70,175,0,175,170,0,5,45,45,0,40,235,20,10553.76,20825.0,-10271.24,5
8771,1246,85,145,0,145,145,0,0,30,30,0,30,225,35,22597.47,19550.0,3047.470000000003,5
8772,1246,85,150,0,150,125,0,25,55,55,0,55,205,25,12204.36,19975.0,-7770.6399999999985,5
8773,1246,75,160,0,160,150,5,5,50,50,0,50,220,40,29556.067500000005,19975.0,9581.067500000005,5
8774,1246,60,150,0,150,145,0,5,25,25,0,25,200,10,5531.4000000000015,17850.0,-12318.599999999999,5
8775,1246,95,155,0,155,140,5,10,40,40,0,40,230,50,32808.91500000001,21250.0,11558.915000000006,5
8776,1246,55,175,0,175,170,0,5,20,20,0,20,220,5,2546.28,19550.0,-17003.72,5
8777,1246,40,170,0,170,170,0,0,35,35,0,35,205,15,9620.460000000001,17850.0,-8229.539999999999,5
8778,1246,95,145,0,145,140,0,5,35,35,0,35,230,25,15453.36,20400.0,-4946.639999999999,5
8779,1246,100,150,0,150,150,0,0,30,30,0,30,245,25,15075.36,21250.0,-6174.639999999999,5
8780,1246,60,155,0,155,150,0,5,30,30,0,30,205,40,24462.990000000005,18275.0,6187.990000000004,5
8781,1246,70,155,0,155,150,5,0,30,30,0,30,215,20,9833.76,19125.0,-9291.24,5
8782,1246,55,180,0,180,155,25,0,45,45,0,45,205,40,23655.240000000005,19975.0,3680.2400000000034,5
8783,1246,50,180,0,180,160,20,0,40,40,0,40,205,15,7111.800000000001,19550.0,-12438.199999999999,5
8784,1246,80,145,0,145,145,0,0,50,50,0,50,220,50,29545.83,19125.0,10420.830000000002,5
8785,1246,60,150,0,150,135,15,0,35,35,0,35,190,40,28268.280000000006,17850.0,10418.280000000004,5
8786,1246,55,170,0,170,155,0,15,40,40,0,40,205,40,27415.8,19125.0,8290.8,5
8787,1246,35,195,0,195,165,15,15,25,25,0,25,195,10,4456.440000000001,19550.0,-15093.559999999998,5
8788,1246,45,190,0,190,145,35,10,40,40,0,40,185,30,19085.760000000002,19975.0,-889.2399999999975,5
8789,1246,75,165,0,165,140,5,20,45,45,0,45,210,25,14114.340000000002,20400.0,-6285.659999999998,5
8790,1246,65,155,0,155,140,10,5,35,35,0,35,200,50,30957.750000000007,18700.0,12257.750000000005,5
8791,1246,60,190,0,190,135,40,15,35,35,0,35,190,15,7910.640000000002,21250.0,-13339.359999999997,5
8792,1246,90,140,0,140,135,0,5,20,20,0,20,220,15,8802.18,19550.0,-10747.82,5
8793,1246,40,170,0,170,145,15,10,35,35,0,30,180,30,20590.65,17850.0,2740.6500000000005,5
8794,1246,45,160,0,160,140,5,15,40,40,0,40,180,35,22009.770000000008,17425.0,4584.770000000008,5
8795,1246,55,190,0,190,135,30,25,50,50,0,50,185,35,20573.28,20825.0,-251.72000000000025,5
8796,1246,55,155,0,155,145,0,10,50,50,0,45,195,25,12591.000000000002,17850.0,-5258.999999999998,5
8797,1246,105,140,0,140,130,0,10,50,50,0,50,230,5,2590.2000000000003,20825.0,-18234.8,5
8798,1246,40,180,0,180,150,15,15,35,35,0,35,185,50,33375.555,18700.0,14675.555,5
8799,1246,65,160,0,160,160,0,0,35,35,0,35,220,50,34273.259999999995,19125.0,15148.259999999995,5
8800,1246,75,160,0,160,140,0,20,55,55,0,50,210,50,29016.630000000005,19975.0,9041.630000000005,5
8801,1246,50,185,0,185,150,30,5,20,20,0,20,195,5,2546.28,19975.0,-17428.72,5
8802,1246,45,165,0,165,150,15,0,30,30,0,25,190,20,11428.740000000002,17850.0,-6421.2599999999975,5
8803,1246,60,160,0,160,160,0,0,20,20,0,20,215,5,2458.44,18700.0,-16241.56,5
8804,1246,70,155,0,155,140,15,0,35,35,0,35,205,75,64668.43107421876,19125.0,45543.43107421876,5
8805,1246,65,150,0,150,130,10,10,55,55,0,55,190,50,29400.479999999996,18275.0,11125.479999999998,5
8806,1246,55,180,0,180,150,5,25,40,40,0,40,200,20,11458.26,19975.0,-8516.74,5
8807,1246,65,155,0,155,120,0,35,50,50,0,45,180,45,29924.415000000005,18700.0,11224.415000000005,5
8808,1246,70,160,0,160,160,0,0,40,40,0,40,225,30,18240.120000000003,19550.0,-1309.879999999996,5
8809,1246,145,150,0,150,140,0,10,15,15,0,15,280,10,5268.240000000001,25075.0,-19806.76,5
8810,1246,65,185,0,185,125,25,35,55,55,0,55,185,35,23399.190000000002,21250.0,2149.1900000000032,5
8811,1246,75,170,0,170,145,0,25,35,35,0,35,215,20,9954.36,20825.0,-10870.64,5
8812,1246,70,165,0,165,160,0,5,25,25,0,20,225,5,2271.2400000000002,19975.0,-17703.76,5
8813,1246,80,140,0,140,140,0,0,25,25,0,25,215,50,35375.06250000001,18700.0,16675.062500000007,5
8814,1246,70,155,0,155,140,15,0,35,35,0,35,205,25,16202.070000000002,19125.0,-2922.929999999999,5
8815,1246,100,150,0,150,150,0,0,40,40,0,40,245,20,10660.680000000002,21250.0,-10589.319999999998,5
8816,1246,85,160,0,160,135,25,0,50,50,0,50,215,25,14355.900000000001,20825.0,-6469.0999999999985,5
8817,1246,30,190,0,190,180,5,5,25,25,0,25,205,35,22631.310000000005,18700.0,3931.310000000003,5
8818,1246,80,145,0,145,130,5,10,60,60,0,60,205,45,23385.240000000005,19125.0,4260.240000000003,5
8819,1246,80,165,0,165,135,0,30,65,65,0,60,210,25,12687.48,20825.0,-8137.5199999999995,5
8820,1246,25,195,0,195,160,20,15,20,20,0,20,180,10,4734.000000000001,18700.0,-13966.0,5
8821,1246,85,155,0,155,140,10,5,45,45,0,45,220,35,23564.655,20400.0,3164.654999999998,5
8822,1246,50,175,0,175,135,10,30,40,40,0,40,180,50,30795.39,19125.0,11670.389999999998,5
8823,1246,65,155,0,155,130,10,15,55,55,0,55,190,45,24795.090000000004,18700.0,6095.090000000005,5
8824,1246,55,170,0,170,170,0,0,45,45,0,45,220,30,16417.62,19125.0,-2707.3800000000006,5
8825,1246,90,145,0,145,110,30,5,75,75,0,75,195,45,22861.08,19975.0,2886.0800000000017,5
8826,1246,55,180,0,180,150,15,15,30,30,0,30,200,40,24815.250000000007,19975.0,4840.2500000000055,5
8827,1246,80,155,0,155,155,0,0,25,25,0,25,230,30,18348.660000000003,19975.0,-1626.3399999999979,5
8828,1246,60,160,0,160,140,5,15,50,50,0,50,195,65,44292.36375,18700.0,25592.363749999997,5
8829,1246,35,185,0,185,155,15,15,35,35,0,30,185,20,10023.840000000002,18700.0,-8676.159999999998,5
8830,1246,60,150,0,150,145,0,5,45,45,0,45,200,15,8955.9,17850.0,-8894.1,5
8831,1246,95,140,0,140,105,0,35,55,55,0,55,195,30,17790.480000000003,19975.0,-2184.5199999999954,5
8832,1246,55,160,0,160,125,25,10,50,50,0,50,175,40,21416.58,18275.0,3141.5800000000036,5
8833,1246,65,135,0,135,120,10,5,40,40,0,40,180,65,45638.64000000001,17000.0,28638.640000000007,5
8834,1246,95,150,0,150,150,0,0,45,45,0,45,240,15,7814.520000000001,20825.0,-13010.479999999998,5
8835,1246,60,175,0,175,150,0,25,35,35,0,35,205,25,14460.840000000004,19975.0,-5514.159999999997,5
8836,1246,100,150,0,150,145,0,5,45,45,0,45,240,25,12577.320000000002,21250.0,-8672.679999999998,5
8837,1246,50,185,0,185,130,30,25,45,45,0,45,175,35,25464.217500000006,19975.0,5489.217500000004,5
8838,1246,75,155,0,155,125,0,30,40,40,0,40,195,20,14390.190000000002,19550.0,-5159.809999999998,5
8839,1246,80,150,0,150,145,0,5,40,40,0,40,220,50,32266.350000000006,19550.0,12716.350000000006,5
8840,1246,65,160,0,160,110,20,30,55,55,0,55,170,65,39753.810000000005,19125.0,20628.810000000005,5
8841,1246,80,160,0,160,110,35,15,60,60,0,60,185,60,38792.115000000005,20400.0,18392.115000000005,5
8842,1246,40,190,0,190,160,5,25,40,40,0,35,195,25,12660.84,19550.0,-6889.16,5
8843,1246,45,180,0,180,140,0,40,25,25,0,25,180,30,20173.41,19125.0,1048.4100000000012,5
8844,1246,70,165,0,165,165,0,0,30,30,0,30,230,30,14531.040000000003,19975.0,-5443.959999999997,5
8845,1246,60,150,0,150,130,15,5,45,45,0,45,185,15,8977.86,17850.0,-8872.14,5
8846,1246,80,165,0,165,125,40,0,55,55,0,55,200,35,21510.09,20825.0,685.0900000000001,5
8847,1246,55,180,0,180,145,20,15,45,45,0,45,195,20,9913.680000000002,19975.0,-10061.319999999998,5
8848,1246,40,180,0,180,135,35,10,35,35,0,35,170,45,28061.910000000003,18700.0,9361.910000000003,5
8849,1246,145,115,0,115,115,0,0,45,45,0,45,255,15,8955.900000000001,22100.0,-13144.099999999999,5
8850,1246,55,140,0,140,135,5,0,35,35,0,35,185,85,66108.465,16575.0,49533.465,5
8851,1246,80,175,0,175,165,0,10,25,25,0,25,240,20,11238.66,21675.0,-10436.34,5
8852,1246,65,160,0,160,140,10,10,60,60,0,60,200,25,16602.57,19125.0,-2522.4299999999994,5
8853,1246,40,185,0,185,130,20,35,35,35,0,35,165,80,58834.45125000001,19125.0,39709.45125000001,5
8854,1246,50,180,0,180,140,15,25,30,30,0,30,185,50,35884.2375,19550.0,16334.237500000003,5
8855,1246,95,135,0,135,135,0,0,50,50,0,50,225,30,18273.870000000003,19550.0,-1276.1299999999983,5
8856,1246,55,160,0,160,155,0,5,35,35,0,35,205,20,9511.560000000001,18275.0,-8763.439999999999,5
8857,1246,55,165,0,165,140,10,15,50,50,0,50,190,30,18459.810000000005,18700.0,-240.1899999999955,5
8858,1246,50,165,0,165,145,5,15,45,45,0,45,190,30,15522.840000000004,18275.0,-2752.1599999999967,5
8859,1246,80,135,0,135,130,0,5,45,45,0,45,205,20,9907.560000000001,18275.0,-8367.439999999999,5
8860,1246,65,155,0,155,90,40,25,65,65,0,60,150,70,49504.34250000001,18700.0,30804.342500000013,5
8861,1246,90,135,0,135,125,5,5,60,60,0,60,210,35,21379.500000000004,19125.0,2254.5000000000027,5
8862,1246,60,125,0,125,120,5,0,55,55,0,55,175,80,66247.925625,15725.0,50522.925625,5
8863,1246,60,160,0,160,140,0,20,30,30,0,30,195,35,21133.170000000006,18700.0,2433.1700000000046,5
8864,1246,45,175,0,175,150,5,20,40,40,0,40,190,35,19715.940000000002,18700.0,1015.9400000000028,5
8865,1246,50,180,0,180,170,0,10,40,40,0,40,215,75,52247.71125000001,19550.0,32697.71125000001,5
8866,1246,90,150,0,150,145,0,5,50,50,0,50,230,30,16748.46,20400.0,-3651.54,5
8867,1246,40,190,0,190,160,10,20,30,30,0,30,195,25,14026.5,19550.0,-5523.499999999999,5
8868,1246,70,165,0,165,150,0,15,30,30,0,30,215,40,24870.15,19975.0,4895.150000000003,5
8869,1246,100,140,0,140,125,15,0,35,35,0,35,220,25,14040.000000000004,20400.0,-6359.999999999995,5
8870,1246,40,185,0,185,175,0,10,30,30,0,30,210,5,2734.2000000000003,19125.0,-16390.8,5
8871,1246,105,120,0,120,95,20,5,60,60,0,55,195,55,30965.22,19125.0,11840.22,5
8872,1246,90,150,0,150,130,5,15,40,40,0,40,215,45,30019.589999999997,20400.0,9619.589999999998,5
8873,1246,45,185,0,185,150,10,25,35,35,0,35,190,5,2326.6800000000003,19550.0,-17223.32,5
8874,1246,70,160,0,160,125,15,20,60,60,0,60,190,20,9877.680000000002,19550.0,-9672.319999999998,5
8875,1246,65,155,0,155,130,20,5,30,30,0,30,190,30,21823.02,18700.0,3123.0200000000013,5
8876,1246,80,165,0,165,155,0,10,40,40,0,40,230,10,4822.56,20825.0,-16002.439999999999,5
8877,1246,70,160,0,160,150,0,10,40,40,0,40,215,25,13960.62,19550.0,-5589.379999999999,5
8878,1246,60,160,0,160,125,10,25,55,55,0,55,180,110,84439.56656250003,18700.0,65739.56656250003,5
8879,1246,65,145,0,145,145,0,0,45,45,0,45,205,10,6300.900000000001,17850.0,-11549.099999999999,5
8880,1246,95,150,0,150,145,0,5,40,40,0,40,235,25,14498.280000000002,20825.0,-6326.7199999999975,5
8881,1246,60,160,0,160,155,0,5,40,40,0,40,210,35,22452.390000000007,18700.0,3752.390000000005,5
8882,1246,50,170,0,170,170,0,0,35,35,0,35,215,35,23794.38,18700.0,5094.380000000001,5
8883,1246,60,170,0,170,140,10,20,50,50,0,50,195,35,19554.66,19550.0,4.660000000001219,5
8884,1246,65,150,0,150,140,0,10,50,50,0,50,200,45,27149.670000000006,18275.0,8874.670000000006,5
8885,1246,90,130,0,130,105,25,0,60,60,0,60,190,50,35259.42375,18700.0,16559.423750000005,5
8886,1246,115,135,0,135,135,0,0,45,45,0,45,245,40,25179.030000000002,21250.0,3929.0300000000025,5
8887,1246,70,175,0,175,160,0,15,30,30,0,30,225,20,13705.830000000002,20825.0,-7119.169999999999,5
8888,1246,65,155,0,155,120,25,10,55,55,0,55,180,55,36763.425,18700.0,18063.425000000007,5
8889,1246,105,145,0,145,125,20,0,60,60,0,60,225,45,28185.030000000006,21250.0,6935.030000000006,5
8890,1246,40,190,0,190,135,30,25,30,30,0,30,170,60,40904.64,19550.0,21354.64,5
8891,1246,50,180,0,180,130,30,20,45,45,0,45,175,50,33102.990000000005,19550.0,13552.990000000009,5
8892,1246,50,180,0,180,155,0,25,40,40,0,40,200,30,18599.58,19550.0,-950.4199999999969,5
8893,1246,55,180,0,180,170,0,10,25,25,0,25,220,20,11761.2,19975.0,-8213.8,5
8894,1246,45,170,0,170,130,5,35,40,40,0,40,170,60,41993.302500000005,18275.0,23718.30250000001,5
8895,1246,105,165,0,165,160,0,5,30,30,0,30,260,15,7814.520000000001,22950.0,-15135.479999999998,5
8896,1246,90,155,0,155,125,20,10,60,60,0,60,210,40,21143.340000000004,20825.0,318.3400000000029,5
8897,1246,45,180,0,180,135,40,5,35,35,0,35,175,70,49557.78,19125.0,30432.780000000002,5
8898,1246,85,165,0,165,145,5,15,40,40,0,40,225,25,18175.185,21250.0,-3074.8149999999987,5
8899,1246,40,180,0,180,170,0,10,30,30,0,30,205,25,14180.22,18700.0,-4519.780000000001,5
8900,1246,95,140,0,140,130,0,10,50,50,0,50,220,40,24848.775,19975.0,4873.775000000001,5
8901,1246,80,130,0,130,130,0,0,45,45,0,45,205,65,46441.17000000001,17850.0,28591.170000000013,5
8902,1246,60,165,0,165,135,5,25,50,50,0,50,190,55,35189.64000000001,19125.0,16064.640000000009,5
8903,1246,55,175,0,175,125,15,35,40,40,0,35,175,10,4960.8,19550.0,-14589.2,5
8904,1246,95,165,0,165,165,0,0,20,20,0,20,255,15,7729.560000000001,22100.0,-14370.439999999999,5
8905,1246,80,155,0,155,130,0,25,60,60,0,55,205,35,23627.610000000004,19975.0,3652.610000000004,5
8906,1246,80,155,0,155,150,0,5,45,45,0,45,225,40,22374.0,19975.0,2399.000000000001,5
8907,1246,90,150,0,150,145,0,5,30,30,0,30,230,25,14291.460000000003,20400.0,-6108.539999999998,5
8908,1246,70,155,0,155,140,0,15,45,45,0,45,205,30,15850.800000000003,19125.0,-3274.199999999996,5
8909,1246,120,145,0,145,140,5,0,35,35,0,35,255,15,7440.480000000002,22525.0,-15084.519999999997,5
8910,1246,60,160,0,160,115,40,5,55,55,0,55,170,70,51093.7228125,18700.0,32393.7228125,5
8911,1246,90,140,0,140,130,10,0,45,45,0,45,215,40,23583.060000000005,19550.0,4033.060000000005,5
8912,1246,65,160,0,160,110,25,25,60,60,0,60,170,60,40493.34000000001,19125.0,21368.340000000007,5
8913,1246,55,150,0,150,140,0,10,45,45,0,45,190,40,21528.9,17425.0,4103.900000000003,5
8914,1246,45,180,0,180,150,5,25,35,35,0,35,190,40,27255.780000000006,19125.0,8130.780000000004,5
8915,1246,95,135,0,135,130,0,5,55,55,0,55,220,45,29595.825000000004,19550.0,10045.825000000004,5
8916,1246,90,145,0,145,145,0,0,50,50,0,50,230,40,23898.780000000002,19975.0,3923.7800000000016,5
8917,1246,70,155,0,155,135,5,15,45,45,0,45,200,30,17014.680000000004,19125.0,-2110.3199999999947,5
8918,1246,55,170,0,170,165,0,5,25,25,0,25,215,20,13785.210000000003,19125.0,-5339.789999999998,5
8919,1246,40,180,0,180,135,20,25,40,40,0,35,170,30,14964.84,18700.0,-3735.1600000000008,5
8920,1246,95,145,0,145,110,20,15,55,55,0,55,200,50,27893.88000000001,20400.0,7493.880000000008,5
8921,1246,45,180,0,180,140,20,20,40,40,0,40,180,25,12602.520000000002,19125.0,-6522.479999999998,5
8922,1246,50,180,0,180,150,0,30,30,30,0,30,195,40,28501.9425,19550.0,8951.942500000001,5
8923,1246,100,150,0,150,150,0,0,45,45,0,45,245,30,16151.940000000004,21250.0,-5098.059999999996,5
8924,1246,65,145,0,145,135,0,10,55,55,0,50,195,25,14311.980000000003,17850.0,-3538.019999999997,5
8925,1246,100,160,0,160,155,0,5,30,30,0,30,250,25,13128.48,22100.0,-8971.52,5
8926,1246,70,165,0,165,160,0,5,35,35,0,35,225,55,40275.832500000004,19975.0,20300.832500000004,5
8927,1246,90,145,0,145,135,0,10,45,45,0,45,220,35,20979.27,19975.0,1004.2700000000013,5
8928,1246,25,190,0,190,160,15,15,15,15,0,15,180,20,10780.200000000003,18275.0,-7494.799999999997,5
8929,1246,75,155,0,155,150,0,5,45,45,0,45,220,25,15672.960000000003,19550.0,-3877.0399999999972,5
8930,1246,85,145,0,145,145,0,0,45,45,0,45,225,35,21503.970000000005,19550.0,1953.970000000004,5
8931,1246,65,175,0,175,150,0,25,50,50,0,45,210,25,12736.800000000001,20400.0,-7663.199999999999,5
8932,1246,115,115,0,115,105,10,0,60,60,0,60,215,50,28276.92,19550.0,8726.92,5
8933,1246,95,130,0,130,110,20,0,50,50,0,50,200,40,22754.880000000005,19125.0,3629.880000000003,5
8934,1246,35,195,0,195,140,45,10,30,30,0,30,170,15,7021.080000000001,19550.0,-12528.919999999998,5
8935,1246,70,160,0,160,115,25,20,60,60,0,60,180,50,28235.700000000004,19550.0,8685.700000000006,5
8936,1246,75,165,0,165,155,0,10,35,35,0,35,225,15,7726.680000000001,20400.0,-12673.32,5
8937,1246,80,165,0,165,160,0,5,35,35,0,35,235,55,34055.235,20825.0,13230.235000000002,5
8938,1246,40,180,0,180,140,10,30,35,35,0,35,175,45,32912.08875000001,18700.0,14212.088750000012,5
8939,1246,55,155,0,155,130,25,0,50,50,0,50,180,50,35314.83000000001,17850.0,17464.830000000005,5
8940,1246,45,180,0,180,160,0,20,40,40,0,40,200,20,11494.620000000003,19125.0,-7630.379999999997,5
8941,1246,105,145,0,145,120,25,0,65,65,0,65,220,70,38655.00000000001,21250.0,17405.000000000007,5
8942,1246,70,175,0,175,130,25,20,35,35,0,35,195,20,12193.019999999999,20825.0,-8631.980000000001,5
8943,1246,90,145,0,145,140,0,5,25,25,0,25,225,35,25446.015000000003,19975.0,5471.015000000002,5
8944,1246,90,165,0,165,145,10,10,55,55,0,55,230,35,20393.460000000003,21675.0,-1281.5399999999977,5
8945,1246,85,140,0,140,120,5,15,50,50,0,50,200,50,30177.360000000008,19125.0,11052.360000000008,5
8946,1246,35,190,0,190,160,0,30,30,30,0,30,190,55,36385.51500000001,19125.0,17260.515000000007,5
8947,1246,105,155,0,155,155,0,0,20,20,0,20,255,20,11721.420000000002,22100.0,-10378.579999999998,5
8948,1246,60,160,0,160,130,25,5,45,45,0,45,185,25,13152.960000000003,18700.0,-5547.039999999997,5
8949,1246,80,155,0,155,150,0,5,45,45,0,45,225,45,22784.940000000002,19975.0,2809.9400000000014,5
8950,1246,65,165,0,165,150,0,15,35,35,0,35,210,30,16409.700000000004,19550.0,-3140.2999999999975,5
8951,1246,70,165,0,165,150,0,15,45,45,0,45,215,20,11326.5,19975.0,-8648.5,5
8952,1246,80,155,0,155,150,5,0,55,55,0,55,225,40,23166.360000000004,19975.0,3191.360000000004,5
8953,1246,75,170,0,170,145,0,25,35,35,0,30,215,35,25096.995000000003,20825.0,4271.995000000002,5
8954,1246,85,145,0,145,120,10,15,70,70,0,65,200,75,56029.1034375,19550.0,36479.1034375,5
8955,1246,110,135,0,135,130,0,5,55,55,0,55,235,25,12271.32,20825.0,-8553.68,5
8956,1246,75,145,0,145,130,5,10,70,70,0,70,200,30,19240.11,18700.0,540.110000000002,5
8957,1246,70,160,0,160,145,15,0,55,55,0,50,210,10,5180.400000000001,19550.0,-14369.6,5
8958,1246,45,150,0,150,135,15,0,40,40,0,35,175,70,46935.09000000001,16575.0,30360.09000000001,5
8959,1246,80,130,0,130,115,0,15,60,60,0,60,190,55,35953.47000000001,17850.0,18103.470000000012,5
8960,1246,55,180,0,180,140,30,10,40,40,0,35,190,25,14599.98,19975.0,-5375.0199999999995,5
8961,1246,45,170,0,170,155,0,15,35,35,0,35,195,35,21302.100000000006,18275.0,3027.100000000005,5
8962,1246,45,170,0,170,145,5,20,40,40,0,40,185,35,22920.300000000003,18275.0,4645.300000000002,5
8963,1246,65,145,0,145,110,30,5,60,60,0,60,170,70,46327.62375,17850.0,28477.623750000002,5
8964,1246,85,140,0,140,125,15,0,50,50,0,50,205,20,10165.320000000002,19125.0,-8959.679999999998,5
8965,1246,95,155,0,155,150,5,0,30,30,0,30,240,15,9087.66,21250.0,-12162.34,5
8966,1246,65,145,0,145,120,5,20,50,50,0,50,180,35,21757.86,17850.0,3907.8600000000006,5
8967,1246,60,170,0,170,145,10,15,35,35,0,35,200,40,23220.9,19550.0,3670.9000000000015,5
8968,1246,50,175,0,175,160,0,15,40,40,0,40,205,45,32454.652500000004,19125.0,13329.652500000002,5
8969,1246,80,140,0,140,130,0,10,55,55,0,55,205,30,17603.280000000002,18700.0,-1096.719999999998,5
8970,1246,70,170,0,170,155,10,5,40,40,0,40,220,50,35180.3475,20400.0,14780.347500000003,5
8971,1246,85,155,0,155,150,0,5,40,40,0,40,230,25,12504.240000000002,20400.0,-7895.759999999998,5
8972,1246,70,160,0,160,160,0,0,30,30,0,30,225,35,26978.0175,19550.0,7428.017500000001,5
8973,1246,65,155,0,155,135,20,0,45,45,0,45,195,40,23649.3,18700.0,4949.299999999998,5
8974,1246,80,170,0,170,145,0,25,40,40,0,40,220,20,10053.36,21250.0,-11196.639999999998,5
8975,1246,105,125,0,125,115,5,5,35,35,0,35,215,45,33144.795000000006,19550.0,13594.795000000004,5
8976,1246,70,170,0,170,135,5,30,50,50,0,50,200,15,7193.16,20400.0,-13206.84,5
8977,1246,55,170,0,170,170,0,0,35,35,0,30,220,30,18893.790000000005,19125.0,-231.2099999999964,5
8978,1246,75,170,0,170,135,0,35,45,45,0,45,205,40,22503.600000000006,20825.0,1678.6000000000058,5
8979,1246,70,155,0,155,145,10,0,35,35,0,35,210,45,28493.910000000003,19125.0,9368.910000000005,5
8980,1246,50,185,0,185,160,0,25,30,30,0,25,205,10,7015.68,19975.0,-12959.32,5
8981,1246,65,165,0,165,165,0,0,30,30,0,30,225,15,7770.6,19550.0,-11779.400000000001,5
8982,1246,55,165,0,165,165,0,0,50,50,0,50,215,25,13416.480000000001,18700.0,-5283.519999999999,5
8983,1246,65,160,0,160,120,15,25,55,55,0,55,180,55,30408.210000000006,19125.0,11283.210000000008,5
8984,1246,60,160,0,160,130,25,5,55,55,0,55,185,50,29785.410000000003,18700.0,11085.410000000002,5
8985,1246,30,190,0,190,170,5,15,25,25,0,25,195,10,6395.040000000001,18700.0,-12304.96,5
8986,1246,85,130,0,130,130,0,0,50,50,0,50,210,20,13678.65,18275.0,-4596.35,5
8987,1246,65,160,0,160,115,40,5,45,45,0,40,175,70,44549.77500000001,19125.0,25424.77500000001,5
8988,1246,50,170,0,170,165,5,0,30,30,0,30,210,25,13926.420000000002,18700.0,-4773.579999999997,5
8989,1246,45,175,0,175,150,5,20,30,30,0,30,190,20,11087.28,18700.0,-7612.719999999999,5
8990,1246,60,155,0,155,150,0,5,35,35,0,35,205,30,18099.72,18275.0,-175.27999999999793,5
8991,1246,35,175,0,175,165,5,5,20,20,0,20,195,25,14984.820000000002,17850.0,-2865.179999999998,5
8992,1246,40,185,0,185,160,0,25,35,35,0,35,195,35,23414.625,19125.0,4289.625000000001,5
8993,1246,95,145,0,145,145,0,0,40,40,0,40,235,45,32330.43,20400.0,11930.43,5
8994,1246,85,150,0,150,140,0,10,45,45,0,45,220,60,45137.863125,19975.0,25162.863125000003,5
8995,1246,75,145,0,145,125,5,15,65,65,0,65,195,55,33397.83,18700.0,14697.829999999998,5
8996,1246,85,140,0,140,130,0,10,40,40,0,40,210,25,14598.900000000001,19125.0,-4526.0999999999985,5
8997,1246,65,160,0,160,105,20,35,60,60,0,60,165,35,19209.78,19125.0,84.78000000000065,5
8998,1246,75,145,0,145,110,20,15,65,65,0,65,180,35,20097.720000000005,18700.0,1397.720000000004,5
8999,1246,50,170,0,170,145,10,15,45,45,0,45,190,30,17316.18,18700.0,-1383.8199999999983,5
9000,1246,50,165,0,165,155,5,5,45,45,0,45,200,30,15104.520000000002,18275.0,-3170.4799999999977,5
9001,1246,110,145,0,145,145,0,0,25,25,0,25,250,20,12530.610000000004,21675.0,-9144.389999999996,5
9002,1246,60,165,0,165,150,15,0,40,40,0,40,205,55,38840.3775,19125.0,19715.377500000002,5
9003,1246,75,165,0,165,160,0,5,40,40,0,40,230,25,14044.5,20400.0,-6355.5,5
9004,1246,95,155,0,155,155,0,0,50,50,0,50,245,25,14202.18,21250.0,-7047.82,5
9005,1246,65,155,0,155,150,5,0,45,45,0,40,210,70,48022.08750000001,18700.0,29322.08750000001,5
9006,1246,90,145,0,145,145,0,0,55,55,0,55,230,20,10383.12,19975.0,-9591.88,5
9007,1246,70,135,0,135,135,0,0,55,55,0,55,200,55,34201.89,17425.0,16776.89,5
9008,1246,50,165,0,165,150,15,0,45,45,0,45,195,20,11381.580000000002,18275.0,-6893.419999999998,5
9009,1246,50,170,0,170,145,20,5,45,45,0,45,190,50,36045.54000000001,18700.0,17345.540000000005,5
9010,1246,50,170,0,170,145,25,0,35,35,0,35,190,20,12857.220000000001,18700.0,-5842.779999999998,5
9011,1246,50,185,0,185,150,0,35,40,40,0,40,195,45,31131.3825,19975.0,11156.3825,5
9012,1246,100,160,0,160,160,0,0,35,35,0,35,255,20,10703.520000000004,22100.0,-11396.479999999996,5
9013,1246,70,165,0,165,125,20,20,50,50,0,50,190,25,12561.840000000002,19975.0,-7413.159999999998,5
9014,1246,50,175,0,175,145,30,0,35,35,0,35,190,20,10396.08,19125.0,-8728.92,5
9015,1246,70,145,0,145,145,0,0,20,20,0,20,210,45,32103.495000000003,18275.0,13828.495000000003,5
9016,1246,80,160,0,160,160,0,0,35,35,0,35,235,40,24607.440000000006,20400.0,4207.440000000006,5
9017,1246,105,130,0,130,130,0,0,30,30,0,30,230,20,11882.700000000003,19975.0,-8092.299999999997,5
9018,1246,30,195,0,195,190,0,5,20,20,0,20,215,10,5055.120000000001,19125.0,-14069.879999999997,5
9019,1246,25,195,0,195,195,0,0,15,15,0,15,215,5,2282.76,18700.0,-16417.239999999998,5
9020,1246,70,150,0,150,150,0,0,50,50,0,50,215,70,46615.545,18700.0,27915.545000000002,5
9021,1246,85,150,0,150,130,0,20,45,45,0,45,210,55,31617.810000000005,19975.0,11642.810000000005,5
9022,1246,45,180,0,180,160,15,5,30,30,0,30,200,25,13297.860000000002,19125.0,-5827.139999999998,5
9023,1246,50,180,0,180,150,10,20,45,45,0,45,195,50,29145.15,19550.0,9595.150000000003,5
9024,1246,115,145,0,145,145,0,0,35,35,0,35,255,20,12841.199999999999,22100.0,-9258.800000000001,5
9025,1246,60,165,0,165,130,35,0,35,35,0,30,185,60,46110.096562499995,19125.0,26985.096562499995,5
9026,1246,50,175,0,175,165,0,10,35,35,0,35,210,15,8627.76,19125.0,-10497.24,5
9027,1246,50,165,0,165,150,15,0,35,35,0,35,195,75,54170.84812500001,18275.0,35895.84812500001,5
9028,1246,35,180,0,180,170,0,10,25,25,0,25,200,20,10419.840000000002,18275.0,-7855.159999999998,5
9029,1246,110,140,0,140,115,15,10,40,40,0,40,220,20,10184.040000000003,21250.0,-11065.959999999997,5
9030,1246,55,190,0,190,80,70,40,45,45,0,45,130,35,22205.97,20825.0,1380.970000000002,5
9031,1246,50,175,0,175,170,5,0,35,35,0,35,215,25,15091.920000000002,19125.0,-4033.0799999999977,5
9032,1246,65,175,0,175,165,0,10,45,45,0,45,225,15,7858.4400000000005,20400.0,-12541.56,5
9033,1246,55,175,0,175,155,5,15,40,40,0,40,205,45,27372.24,19550.0,7822.240000000002,5
9034,1246,60,160,0,160,130,15,15,30,30,0,30,185,35,20606.4,18700.0,1906.4000000000033,5
9035,1246,70,150,0,150,135,0,15,25,25,0,25,200,50,35600.44500000001,18700.0,16900.445000000007,5
9036,1246,50,175,0,175,150,0,25,40,40,0,35,195,10,4653.360000000001,19125.0,-14471.64,5
9037,1246,100,125,0,125,125,0,0,55,55,0,55,220,30,17845.920000000002,19125.0,-1279.079999999999,5
9038,1246,45,175,0,175,145,25,5,35,35,0,35,185,30,16457.58,18700.0,-2242.4199999999973,5
9039,1246,75,155,0,155,140,5,10,25,25,0,25,210,40,28460.160000000003,19550.0,8910.160000000005,5
9040,1246,95,155,0,155,145,0,10,25,25,0,25,235,5,2546.28,21250.0,-18703.72,5
9041,1246,60,175,0,175,145,20,10,35,35,0,35,200,10,5372.280000000001,19975.0,-14602.72,5
9042,1246,35,185,0,185,165,20,0,25,25,0,25,195,25,15460.200000000003,18700.0,-3239.799999999998,5
9043,1246,45,175,0,175,150,0,25,40,40,0,40,190,10,5479.920000000001,18700.0,-13220.079999999998,5
9044,1246,65,150,0,150,150,0,0,35,35,0,35,210,40,30621.206250000003,18275.0,12346.206250000005,5
9045,1246,75,155,0,155,135,0,20,50,50,0,50,205,40,25672.500000000004,19550.0,6122.500000000005,5
9046,1246,55,165,0,165,145,15,5,45,45,0,45,195,55,41933.99250000001,18700.0,23233.992500000004,5
9047,1246,50,175,0,175,150,5,20,45,45,0,45,195,30,16441.02,19125.0,-2683.979999999999,5
9048,1246,80,150,0,150,135,5,10,60,60,0,60,210,25,13030.200000000003,19550.0,-6519.799999999997,5
9049,1246,65,170,0,170,135,15,20,45,45,0,45,195,40,24060.33,19975.0,4085.3300000000036,5
9050,1246,30,190,0,190,170,0,20,25,25,0,25,195,15,8868.060000000001,18700.0,-9831.939999999999,5
9051,1246,95,155,0,155,155,0,0,35,35,0,35,245,25,12584.160000000002,21250.0,-8665.839999999998,5
9052,1246,55,175,0,175,150,0,25,30,30,0,30,200,30,19036.98,19550.0,-513.0199999999991,5
9053,1246,60,160,0,160,155,0,5,40,40,0,40,210,25,14135.220000000001,18700.0,-4564.779999999999,5
9054,1246,85,160,0,160,160,0,0,25,25,0,25,240,40,28678.117500000004,20825.0,7853.117500000003,5
9055,1246,50,160,0,160,150,0,10,40,40,0,40,195,30,17475.840000000004,17850.0,-374.1599999999971,5
9056,1246,60,170,0,170,170,0,0,35,35,0,35,225,25,13872.780000000002,19550.0,-5677.2199999999975,5
9057,1246,85,155,0,155,155,0,0,45,45,0,45,235,25,15167.880000000001,20400.0,-5232.12,5
9058,1246,60,160,0,160,150,0,10,40,40,0,40,205,35,20614.590000000004,18700.0,1914.5900000000029,5
9059,1246,30,185,0,185,170,0,15,25,25,0,25,195,10,4803.120000000001,18275.0,-13471.88,5
9060,1246,45,170,0,170,140,20,10,35,35,0,30,180,20,11879.460000000001,18275.0,-6395.539999999999,5
9061,1246,90,140,0,140,140,0,0,55,55,0,55,225,25,11776.68,19550.0,-7773.319999999999,5
9062,1246,75,150,0,150,150,0,0,35,35,0,35,220,25,13389.840000000002,19125.0,-5735.159999999998,5
9063,1246,70,165,0,165,150,0,15,40,40,0,40,215,40,23771.88,19975.0,3796.880000000001,5
9064,1246,50,160,0,160,150,5,5,40,40,0,35,195,50,36591.57,17850.0,18741.57,5
9065,1246,125,130,0,130,130,0,0,40,40,0,40,250,35,24804.405000000002,21675.0,3129.4050000000016,5
9066,1246,45,160,0,160,150,0,10,35,35,0,35,190,35,24097.590000000004,17425.0,6672.590000000005,5
9067,1246,70,160,0,160,150,10,0,30,30,0,30,215,10,4762.4400000000005,19550.0,-14787.559999999998,5
9068,1246,75,165,0,165,150,10,5,40,40,0,40,220,45,29639.745000000006,20400.0,9239.745000000006,5
9069,1246,55,160,0,160,155,5,0,35,35,0,35,205,45,30577.2075,18275.0,12302.2075,5
9070,1246,40,170,0,170,160,0,10,30,30,0,30,195,30,18281.340000000004,17850.0,431.3400000000024,5
9071,1246,45,175,0,175,160,0,15,20,20,0,20,200,10,5249.520000000001,18700.0,-13450.479999999998,5
9072,1246,75,165,0,165,145,15,5,55,55,0,55,215,25,14268.060000000003,20400.0,-6131.939999999997,5
9073,1246,75,145,0,145,115,20,10,45,45,0,45,185,50,33253.020000000004,18700.0,14553.02,5
9074,1246,75,150,0,150,120,5,25,45,45,0,45,190,30,17807.940000000002,19125.0,-1317.0599999999968,5
9075,1246,65,170,0,170,145,15,10,30,30,0,30,205,60,44076.10500000001,19975.0,24101.105000000007,5
9076,1246,75,160,0,160,115,45,0,50,50,0,50,185,30,15511.320000000003,19975.0,-4463.679999999997,5
9077,1246,70,170,0,170,105,55,10,50,50,0,50,170,50,32762.835000000006,20400.0,12362.835000000005,5
9078,1246,65,150,0,150,115,10,25,50,50,0,45,175,80,63090.03234375002,18275.0,44815.03234375002,5
9079,1246,55,165,0,165,155,0,10,35,35,0,35,205,10,4971.240000000002,18700.0,-13728.759999999998,5
9080,1246,45,175,0,175,140,20,15,40,40,0,40,180,50,32662.84500000001,18700.0,13962.845000000007,5
9081,1246,80,165,0,165,145,20,0,35,35,0,35,220,35,20482.380000000005,20825.0,-342.61999999999716,5
9082,1246,90,155,0,155,155,0,0,35,35,0,35,240,25,15760.53,20825.0,-5064.469999999999,5
9083,1246,55,175,0,175,120,20,35,45,45,0,45,170,15,7435.4400000000005,19550.0,-12114.56,5
9084,1246,105,135,0,135,120,10,5,55,55,0,55,220,40,25293.150000000005,20400.0,4893.150000000005,5
9085,1246,50,165,0,165,150,0,15,45,45,0,45,195,65,44641.215000000004,18275.0,26366.215000000004,5
9086,1246,60,155,0,155,145,0,10,40,40,0,40,200,40,26118.18,18275.0,7843.180000000002,5
9087,1246,60,185,0,185,165,0,20,30,30,0,30,220,30,16616.7,20825.0,-4208.299999999999,5
9088,1246,50,160,0,160,140,20,0,35,35,0,35,185,60,43685.820000000014,17850.0,25835.820000000014,5
9089,1246,50,180,0,180,150,0,30,30,30,0,30,195,20,10737.36,19550.0,-8812.64,5
9090,1246,55,180,0,180,170,0,10,30,30,0,25,220,15,7512.84,19975.0,-12462.16,5
9091,1246,50,170,0,170,170,0,0,25,25,0,25,215,10,4829.040000000001,18700.0,-13870.96,5
9092,1246,50,170,0,170,165,0,5,40,40,0,40,210,15,7606.440000000002,18700.0,-11093.559999999998,5
9093,1246,40,160,0,160,160,0,0,30,30,0,30,195,25,12978.180000000002,17000.0,-4021.819999999998,5
9094,1246,70,160,0,160,160,0,0,20,20,0,20,225,5,2546.28,19550.0,-17003.72,5
9095,1246,70,155,0,155,155,0,0,50,50,0,50,220,25,14495.220000000005,19125.0,-4629.779999999996,5
9096,1246,130,145,0,145,145,0,0,25,25,0,25,270,40,31106.047500000004,23375.0,7731.047500000004,5
9097,1246,60,155,0,155,105,25,25,55,55,0,55,160,35,18887.22000000001,18275.0,612.2200000000066,5
9098,1246,85,155,0,155,150,0,5,30,30,0,30,230,20,10117.44,20400.0,-10282.559999999998,5
9099,1246,30,185,0,185,185,0,0,25,25,0,25,210,20,11486.160000000002,18275.0,-6788.839999999998,5
9100,1246,40,175,0,175,135,15,25,40,40,0,35,170,25,14233.140000000003,18275.0,-4041.859999999997,5
9101,1246,70,165,0,165,165,0,0,35,35,0,35,230,20,10868.04,19975.0,-9106.96,5
9102,1246,60,175,0,175,170,5,0,15,15,0,15,225,5,2326.6800000000003,19975.0,-17648.32,5
9103,1246,50,165,0,165,145,10,10,45,45,0,45,190,35,21571.830000000005,18275.0,3296.8300000000045,5
9104,1246,30,185,0,185,165,10,10,25,25,0,25,190,15,8104.68,18275.0,-10170.32,5
9105,1246,70,150,0,150,135,0,15,50,50,0,50,200,20,9796.320000000002,18700.0,-8903.679999999998,5
9106,1246,45,180,0,180,150,25,5,35,35,0,35,190,20,10129.680000000002,19125.0,-8995.319999999998,5
9107,1246,55,160,0,160,145,10,5,35,35,0,35,195,25,16335.0,18275.0,-1940.0,5
9108,1246,100,155,0,155,140,0,15,25,25,0,25,235,25,15958.170000000002,21675.0,-5716.829999999998,5
9109,1246,60,165,0,165,125,15,25,40,40,0,40,180,35,20165.4,19125.0,1040.400000000002,5
9110,1246,80,150,0,150,150,0,0,40,40,0,40,225,15,7771.320000000001,19550.0,-11778.68,5
9111,1246,60,160,0,160,125,20,15,50,50,0,50,180,40,25893.9,18700.0,7193.900000000003,5
9112,1246,85,140,0,140,140,0,0,45,45,0,45,220,35,22452.210000000006,19125.0,3327.2100000000046,5
9113,1246,50,170,0,170,150,0,20,35,35,0,35,195,55,38056.27500000001,18700.0,19356.275000000005,5
9114,1246,95,150,0,150,135,15,0,40,40,0,40,225,60,38412.945,20825.0,17587.945,5
9115,1246,30,185,0,185,150,5,30,25,25,0,25,175,25,17578.845,18275.0,-696.1549999999988,5
9116,1246,80,165,0,165,160,0,5,35,35,0,35,235,20,14855.94,20825.0,-5969.0599999999995,5
9117,1246,85,130,0,130,130,0,0,65,65,0,65,210,65,43637.67,18275.0,25362.67,5
9118,1246,85,145,0,145,115,10,20,55,55,0,55,195,60,34770.33000000001,19550.0,15220.330000000009,5
9119,1246,80,165,0,165,165,0,0,15,15,0,15,240,15,8014.680000000002,20825.0,-12810.319999999996,5
9120,1246,60,190,0,190,180,10,0,20,20,0,20,235,30,20318.805,21250.0,-931.1949999999979,5
9121,1246,35,190,0,190,145,20,25,30,30,0,25,175,25,14013.900000000001,19125.0,-5111.0999999999985,5
9122,1246,60,190,0,190,100,55,35,60,60,0,55,155,50,31849.065000000002,21250.0,10599.065,5
9123,1246,95,155,0,155,145,10,0,25,25,0,25,235,25,15309.630000000001,21250.0,-5940.369999999998,5
9124,1246,60,165,0,165,160,0,5,35,35,0,30,215,25,18493.605000000003,19125.0,-631.3949999999977,5
9125,1246,85,155,0,155,135,0,20,50,50,0,50,215,40,21357.54,20400.0,957.539999999999,5
9126,1246,45,170,0,170,145,5,20,35,35,0,35,185,50,39998.38500000001,18275.0,21723.38500000001,5
9127,1246,75,170,0,170,160,10,0,25,25,0,25,230,5,2590.2000000000003,20825.0,-18234.8,5
9128,1246,45,160,0,160,145,0,15,35,35,0,35,185,5,2546.28,17425.0,-14878.720000000001,5
9129,1246,85,150,0,150,140,0,10,60,60,0,60,220,15,7682.76,19975.0,-12292.24,5
9130,1246,60,170,0,170,130,15,25,50,50,0,50,185,50,33299.2125,19550.0,13749.212500000003,5
9131,1246,60,165,0,165,155,0,10,40,40,0,40,210,35,21282.66,19125.0,2157.6600000000008,5
9132,1246,40,185,0,185,155,30,0,40,40,0,35,190,65,42795.83250000002,19125.0,23670.832500000015,5
9133,1246,95,150,0,150,135,10,5,55,55,0,55,225,40,26634.735,20825.0,5809.735000000001,5
9134,1246,80,150,0,150,130,0,20,40,40,0,40,205,35,22415.490000000005,19550.0,2865.4900000000043,5
9135,1246,55,165,0,165,130,10,25,40,40,0,40,180,40,23488.56,18700.0,4788.560000000002,5
9136,1246,55,170,0,170,160,5,5,40,40,0,40,210,10,5136.4800000000005,19125.0,-13988.519999999999,5
9137,1246,85,150,0,150,145,0,5,35,35,0,35,225,30,20681.820000000003,19975.0,706.8200000000024,5
9138,1246,45,170,0,170,130,15,25,40,40,0,40,170,65,46034.57250000001,18275.0,27759.572500000013,5
9139,1246,55,155,0,155,155,0,0,40,40,0,40,205,50,35758.69875,17850.0,17908.698750000003,5
9140,1246,115,115,0,115,105,0,10,50,50,0,50,215,70,43113.33,19550.0,23563.330000000005,5
9141,1246,60,175,0,175,140,5,30,55,55,0,55,195,35,17024.940000000002,19975.0,-2950.0599999999986,5
9142,1246,50,170,0,170,155,0,15,45,45,0,40,200,35,24700.095,18700.0,6000.095000000001,5
9143,1246,80,145,0,145,135,0,10,55,55,0,55,210,55,37870.784999999996,19125.0,18745.784999999996,5
9144,1246,80,135,0,135,120,0,15,45,45,0,45,195,40,27622.440000000006,18275.0,9347.440000000006,5
9145,1246,60,170,0,170,145,25,0,35,35,0,35,200,35,21222.000000000004,19550.0,1672.0000000000027,5
9146,1246,55,175,0,175,150,15,10,50,50,0,50,200,30,16978.14,19550.0,-2571.859999999999,5
9147,1246,85,155,0,155,130,0,25,30,30,0,30,210,5,2701.44,20400.0,-17698.56,5
9148,1246,45,190,0,190,130,20,40,30,30,0,30,170,15,8472.78,19975.0,-11502.219999999998,5
9149,1246,55,160,0,160,160,0,0,45,45,0,45,210,10,4796.640000000001,18275.0,-13478.359999999997,5
9150,1246,30,195,0,195,155,35,5,25,25,0,25,180,15,7331.4000000000015,19125.0,-11793.599999999999,5
9151,1246,60,165,0,165,155,5,5,20,20,0,20,210,35,24488.415000000005,19125.0,5363.4150000000045,5
9152,1246,70,160,0,160,160,0,0,35,35,0,35,225,20,11633.940000000002,19550.0,-7916.059999999998,5
9153,1246,60,165,0,165,120,20,25,60,60,0,55,175,45,24685.02,19125.0,5560.0199999999995,5
9154,1246,55,155,0,155,135,15,5,55,55,0,50,185,55,36990.04500000001,17850.0,19140.04500000001,5
9155,1246,75,155,0,155,150,0,5,35,35,0,35,220,25,13521.420000000002,19550.0,-6028.579999999997,5
9156,1246,55,170,0,170,150,20,0,35,35,0,30,200,25,14101.92,19125.0,-5023.08,5
9157,1246,50,160,0,160,140,10,10,30,30,0,30,185,35,23835.780000000006,17850.0,5985.780000000004,5
9158,1246,50,200,0,200,100,65,35,40,40,0,40,145,15,7734.6,21250.0,-13515.4,5
9159,1246,45,180,0,180,170,5,5,20,20,0,20,210,0,0.0,19125.0,-19125.0,5
9160,1246,50,160,0,160,155,0,5,45,45,0,45,200,40,28605.5325,17850.0,10755.5325,5
9161,1246,90,155,0,155,125,5,25,50,50,0,50,210,45,29761.875000000004,20825.0,8936.875000000004,5
9162,1246,95,150,0,150,140,5,5,35,35,0,35,230,20,10328.760000000002,20825.0,-10496.239999999998,5
9163,1246,105,150,0,150,130,0,20,45,45,0,45,230,60,41892.81750000001,21675.0,20217.817500000012,5
9164,1246,65,140,0,140,135,0,5,45,45,0,45,195,45,27120.420000000006,17425.0,9695.420000000004,5
9165,1246,45,175,0,175,155,0,20,20,20,0,20,195,5,2590.2000000000003,18700.0,-16109.8,5
9166,1246,110,130,0,130,120,10,0,55,55,0,55,225,45,29077.47,20400.0,8677.470000000003,5
9167,1246,60,165,0,165,125,20,20,55,55,0,55,180,45,25202.160000000003,19125.0,6077.1600000000035,5
9168,1246,40,190,0,190,155,15,20,35,35,0,35,190,20,11305.26,19550.0,-8244.74,5
9169,1246,60,150,0,150,135,0,15,40,40,0,35,190,50,33552.495,17850.0,15702.495000000003,5
9170,1246,70,150,0,150,150,0,0,35,35,0,35,215,30,19454.4,18700.0,754.4000000000005,5
9171,1246,90,160,0,160,155,0,5,45,45,0,45,240,10,5268.240000000001,21250.0,-15981.759999999998,5
9172,1246,85,145,0,145,140,0,5,25,25,0,25,220,25,15366.690000000002,19550.0,-4183.309999999997,5
9173,1246,65,165,0,165,160,0,5,20,20,0,20,220,20,12889.71,19550.0,-6660.29,5
9174,1246,65,155,0,155,130,0,25,30,30,0,30,190,45,30160.710000000006,18700.0,11460.710000000008,5
9175,1246,50,175,0,175,175,0,0,25,25,0,25,220,5,2634.1200000000003,19125.0,-16490.88,5
9176,1246,75,170,0,170,155,5,10,35,35,0,35,225,20,10639.440000000002,20825.0,-10185.559999999998,5
9177,1246,75,155,0,155,150,5,0,35,35,0,35,220,30,18928.08,19550.0,-621.9199999999978,5
9178,1246,50,170,0,170,140,25,5,40,40,0,40,185,30,21516.93,18700.0,2816.930000000002,5
9179,1246,80,155,0,155,150,0,5,40,40,0,35,225,20,10890.000000000002,19975.0,-9084.999999999998,5
9180,1246,50,170,0,170,150,5,15,45,45,0,45,195,45,29454.524999999998,18700.0,10754.524999999998,5
9181,1246,40,160,0,160,150,0,10,40,40,0,35,185,45,32799.73499999999,17000.0,15799.734999999997,5
9182,1246,50,175,0,175,150,10,15,40,40,0,40,195,20,9344.520000000002,19125.0,-9780.479999999998,5
9183,1246,45,190,0,190,155,30,5,30,30,0,30,195,20,11260.62,19975.0,-8714.38,5
9184,1246,80,145,0,145,125,10,10,55,55,0,55,200,65,37595.97000000001,19125.0,18470.97000000001,5
9185,1246,65,160,0,160,150,0,10,35,35,0,35,210,15,7643.16,19125.0,-11481.84,5
9186,1246,75,165,0,165,130,10,25,40,40,0,40,200,30,15168.240000000003,20400.0,-5231.759999999997,5
9187,1246,105,135,0,135,130,0,5,50,50,0,50,230,55,32798.61000000001,20400.0,12398.610000000008,5
9188,1246,75,145,0,145,145,0,0,35,35,0,30,215,20,11106.900000000003,18700.0,-7593.099999999997,5
9189,1246,55,180,0,180,140,15,25,45,45,0,45,190,30,20817.855,19975.0,842.8549999999996,5
9190,1246,130,160,0,160,125,0,35,35,35,0,35,250,15,7937.640000000001,24650.0,-16712.36,5
9191,1246,40,185,0,185,180,5,0,30,30,0,30,215,15,7759.080000000002,19125.0,-11365.919999999998,5
9192,1246,90,150,0,150,140,5,5,35,35,0,35,225,20,12548.16,20400.0,-7851.84,5
9193,1246,45,195,0,195,180,0,15,20,20,0,20,220,0,0.0,20400.0,-20400.0,5
9194,1246,40,175,0,175,160,0,15,30,30,0,30,195,25,17003.790000000005,18275.0,-1271.2099999999964,5
9195,1246,135,135,0,135,115,0,20,35,35,0,35,245,40,23154.300000000003,22950.0,204.3000000000029,5
9196,1246,85,170,0,170,125,25,20,55,55,0,55,205,50,28359.000000000007,21675.0,6684.0000000000055,5
9197,1246,60,165,0,165,145,15,5,45,45,0,45,200,25,14256.54,19125.0,-4868.46,5
9198,1246,40,180,0,180,140,20,20,35,35,0,35,175,25,14398.92,18700.0,-4301.08,5
9199,1246,55,180,0,180,100,50,30,50,50,0,50,150,55,34245.72000000001,19975.0,14270.720000000005,5
9200,1246,45,180,0,180,150,25,5,40,40,0,40,190,45,26843.04,19125.0,7718.040000000001,5
9201,1246,60,180,0,180,120,25,35,45,45,0,45,175,30,16053.660000000002,20400.0,-4346.339999999998,5
9202,1246,85,155,0,155,155,0,0,35,35,0,35,235,25,14048.460000000003,20400.0,-6351.539999999997,5
9203,1246,70,165,0,165,160,0,5,40,40,0,35,225,25,16715.790000000005,19975.0,-3259.209999999996,5
9204,1246,60,165,0,165,160,0,5,30,30,0,30,215,60,39269.25,19125.0,20144.25,5
9205,1246,90,145,0,145,145,0,0,45,45,0,45,230,25,15238.800000000001,19975.0,-4736.199999999999,5
9206,1246,45,170,0,170,155,5,10,45,45,0,40,195,25,13916.7,18275.0,-4358.299999999999,5
9207,1246,80,160,0,160,150,10,0,25,25,0,25,225,15,7337.160000000002,20400.0,-13062.839999999998,5
9208,1246,35,205,0,205,150,20,35,25,25,0,25,180,25,22168.755,20400.0,1768.755000000001,5
9209,1246,55,170,0,170,150,0,20,50,50,0,50,200,60,42292.20375,19125.0,23167.20375,5
9210,1246,75,160,0,160,155,0,5,25,25,0,25,225,25,17206.11,19975.0,-2768.889999999999,5
9211,1246,40,190,0,190,185,0,5,15,15,0,15,220,5,2546.28,19550.0,-17003.72,5
9212,1246,110,145,0,145,145,0,0,40,40,0,40,250,35,19539.18,21675.0,-2135.819999999999,5
9213,1246,60,165,0,165,145,15,5,45,45,0,45,200,35,21463.020000000004,19125.0,2338.020000000006,5
9214,1246,105,140,0,140,120,10,10,45,45,0,45,220,45,28821.690000000002,20825.0,7996.690000000003,5
9215,1246,55,165,0,165,155,0,10,30,30,0,30,205,15,7242.480000000001,18700.0,-11457.52,5
9216,1246,80,160,0,160,125,20,15,50,50,0,50,200,30,18376.56,20400.0,-2023.4399999999982,5
9217,1246,110,140,0,140,125,15,0,45,45,0,45,230,30,17238.06,21250.0,-4011.9399999999996,5
9218,1246,75,150,0,150,140,0,10,55,55,0,55,210,50,26996.22,19125.0,7871.220000000003,5
9219,1246,95,120,0,120,120,0,0,50,50,0,50,210,35,17673.840000000004,18275.0,-601.1599999999976,5
9220,1246,90,150,0,150,140,5,5,30,30,0,30,225,30,21028.365000000005,20400.0,628.3650000000034,5
9221,1246,75,155,0,155,130,20,5,55,55,0,55,200,35,19716.660000000003,19550.0,166.66000000000167,5
9222,1246,45,165,0,165,155,0,10,40,40,0,40,195,50,34565.96250000001,17850.0,16715.962500000005,5
9223,1246,75,155,0,155,105,50,0,55,55,0,55,175,55,35690.22,19550.0,16140.22,5
9224,1246,50,180,0,180,140,10,30,35,35,0,35,185,30,19634.850000000002,19550.0,84.85000000000127,5
9225,1246,90,140,0,140,140,0,0,40,40,0,35,225,45,30971.45250000001,19550.0,11421.45250000001,5
9226,1246,40,175,0,175,150,20,5,25,25,0,20,185,20,10887.300000000003,18275.0,-7387.699999999997,5
9227,1246,110,140,0,140,130,0,10,40,40,0,40,235,45,27460.89,21250.0,6210.889999999999,5
9228,1246,40,190,0,190,120,50,20,35,35,0,35,155,40,23285.52,19550.0,3735.5200000000013,5
9229,1246,60,160,0,160,130,25,5,45,45,0,40,185,25,15748.92,18700.0,-2951.0799999999995,5
9230,1246,125,135,0,135,135,0,0,50,50,0,50,255,35,20346.930000000004,22100.0,-1753.0699999999956,5
9231,1246,90,160,0,160,135,0,25,45,45,0,45,220,55,34667.73,21250.0,13417.730000000001,5
9232,1246,155,125,0,125,125,0,0,45,45,0,45,275,30,16265.34,23800.0,-7534.659999999999,5
9233,1246,85,160,0,160,125,35,0,30,30,0,30,205,60,42780.015,20825.0,21955.015000000003,5
9234,1246,85,145,0,145,135,0,10,50,50,0,50,215,40,25520.58,19550.0,5970.58,5
9235,1246,55,185,0,185,125,35,25,50,50,0,50,175,10,4746.6,20400.0,-15653.4,5
9236,1246,60,150,0,150,135,0,15,35,35,0,35,190,30,18064.08,17850.0,214.0800000000013,5
9237,1246,115,150,0,150,135,15,0,45,45,0,45,245,35,23407.335,22525.0,882.3349999999982,5
9238,1246,45,170,0,170,160,0,10,35,35,0,35,200,45,29044.979999999996,18275.0,10769.979999999996,5
9239,1246,50,195,0,195,105,55,35,45,45,0,40,150,35,21442.770000000004,20825.0,617.770000000005,5
9240,1246,90,140,0,140,135,5,0,55,55,0,50,220,20,11750.94,19550.0,-7799.0599999999995,5
9241,1246,55,180,0,180,130,25,25,50,50,0,50,180,45,25037.1,19975.0,5062.1,5
9242,1246,65,155,0,155,125,0,30,40,40,0,35,185,30,17004.42,18700.0,-1695.58,5
9243,1246,100,135,0,135,120,0,15,55,55,0,50,215,75,48931.020000000004,19975.0,28956.020000000008,5
9244,1246,110,150,0,150,110,35,5,50,50,0,50,215,65,42702.975,22100.0,20602.975,5
9245,1246,50,170,0,170,115,25,30,45,45,0,45,160,40,21440.34,18700.0,2740.340000000001,5
9246,1246,95,140,0,140,120,0,20,50,50,0,50,210,40,24430.86,19975.0,4455.860000000002,5
9247,1246,75,155,0,155,150,0,5,45,45,0,45,220,15,8933.4,19550.0,-10616.599999999999,5
9248,1246,70,180,0,180,125,45,10,40,40,0,35,190,35,22961.475,21250.0,1711.4750000000004,5
9249,1246,70,155,0,155,130,0,25,40,40,0,40,195,15,7386.840000000001,19125.0,-11738.159999999998,5
9250,1246,60,165,0,165,145,20,0,35,35,0,35,200,20,10592.28,19125.0,-8532.72,5
9251,1246,55,195,0,195,140,40,15,35,35,0,30,190,15,9016.2,21250.0,-12233.8,5
9252,1246,30,185,0,185,155,10,20,25,25,0,25,180,30,20903.535000000003,18275.0,2628.5350000000017,5
9253,1246,55,175,0,175,165,0,10,30,30,0,30,215,15,7144.560000000001,19550.0,-12405.439999999999,5
9254,1246,95,125,0,125,115,0,10,50,50,0,50,205,45,27048.690000000006,18700.0,8348.690000000006,5
9255,1246,60,165,0,165,160,0,5,35,35,0,35,215,35,23169.150000000005,19125.0,4044.150000000004,5
9256,1246,65,180,0,180,115,30,35,45,45,0,40,175,20,11282.4,20825.0,-9542.6,5
9257,1246,35,190,0,190,165,0,25,35,35,0,30,195,55,33774.93,19125.0,14649.93,5
9258,1246,40,185,0,185,185,0,0,20,20,0,20,220,20,12168.54,19125.0,-6956.459999999999,5
9259,1246,70,145,0,145,105,25,15,50,50,0,45,170,45,26126.370000000003,18275.0,7851.370000000002,5
9260,1246,90,150,0,150,130,0,20,55,55,0,55,215,25,12655.800000000001,20400.0,-7744.199999999999,5
9261,1246,50,165,0,165,125,35,5,35,35,0,35,170,70,49705.68656250001,18275.0,31430.686562500006,5
9262,1246,55,170,0,170,155,0,15,45,45,0,45,205,45,26749.440000000002,19125.0,7624.440000000004,5
9263,1246,45,180,0,180,135,35,10,35,35,0,35,175,15,7335.720000000001,19125.0,-11789.279999999999,5
9264,1246,35,185,0,185,150,10,25,30,30,0,30,180,30,17745.120000000003,18700.0,-954.8799999999983,5
9265,1246,70,155,0,155,145,0,10,35,35,0,35,210,15,7543.080000000002,19125.0,-11581.919999999998,5
9266,1246,50,170,0,170,155,5,10,35,35,0,35,200,15,7407.000000000002,18700.0,-11292.999999999996,5
9267,1246,75,155,0,155,150,0,5,30,30,0,30,220,45,34288.88625,19550.0,14738.886250000005,5
9268,1246,55,170,0,170,160,0,10,40,40,0,40,210,15,7378.92,19125.0,-11746.08,5
9269,1246,60,185,0,185,165,0,20,25,25,0,25,220,15,7690.320000000001,20825.0,-13134.679999999998,5
9270,1246,60,160,0,160,155,0,5,40,40,0,40,210,45,29744.055000000004,18700.0,11044.055000000004,5
9271,1246,65,165,0,165,135,25,5,45,45,0,45,195,30,18019.260000000002,19550.0,-1530.7399999999984,5
9272,1246,70,165,0,165,155,0,10,45,45,0,45,220,50,37316.43000000001,19975.0,17341.430000000004,5
9273,1246,85,135,0,135,135,0,0,55,55,0,50,215,15,7249.68,18700.0,-11450.32,5
9274,1246,70,150,0,150,130,15,5,65,65,0,65,195,20,10274.760000000002,18700.0,-8425.239999999998,5
9275,1246,75,165,0,165,140,0,25,30,30,0,30,210,15,8773.380000000001,20400.0,-11626.619999999999,5
9276,1246,65,165,0,165,140,15,10,45,45,0,45,200,40,23735.789999999997,19550.0,4185.789999999997,5
9277,1246,65,160,0,160,115,20,25,55,55,0,55,175,65,44960.107500000006,19125.0,25835.107500000006,5
9278,1246,110,130,0,130,120,0,10,50,50,0,50,225,40,28409.6925,20400.0,8009.692500000001,5
9279,1246,60,145,0,145,115,30,0,55,55,0,55,170,45,28568.56500000001,17425.0,11143.565000000008,5
9280,1246,45,155,0,155,145,0,10,35,35,0,30,185,20,12607.2,17000.0,-4392.799999999999,5
9281,1246,65,155,0,155,145,0,10,45,45,0,45,205,60,45585.331875,18700.0,26885.331875000003,5
9282,1246,40,195,0,195,155,5,35,35,35,0,35,190,20,11436.300000000001,19975.0,-8538.699999999999,5
9283,1246,75,165,0,165,155,5,5,30,30,0,30,225,15,7932.600000000002,20400.0,-12467.399999999998,5
9284,1246,70,160,0,160,145,15,0,40,40,0,40,210,65,50851.816875000004,19550.0,31301.816875000004,5
9285,1246,60,145,0,145,145,0,0,45,45,0,45,200,50,34553.0475,17425.0,17128.0475,5
9286,1246,55,195,0,195,105,75,15,50,50,0,50,155,25,12687.48,21250.0,-8562.52,5
9287,1246,50,175,0,175,145,5,25,40,40,0,40,190,50,33825.91500000001,19125.0,14700.915000000005,5
9288,1246,65,155,0,155,130,5,20,40,40,0,40,190,35,24540.885000000002,18700.0,5840.885000000003,5
9289,1246,45,170,0,170,155,0,15,35,35,0,35,195,35,25789.387500000004,18275.0,7514.387500000003,5
9290,1246,70,165,0,165,155,10,0,50,50,0,50,220,20,10052.640000000001,19975.0,-9922.359999999999,5
9291,1246,45,185,0,185,150,10,25,40,40,0,40,190,20,11491.02,19550.0,-8058.98,5
9292,1246,95,145,0,145,140,0,5,40,40,0,40,230,30,19138.32,20400.0,-1261.679999999999,5
9293,1246,55,170,0,170,115,40,15,40,40,0,40,165,25,14628.600000000006,19125.0,-4496.399999999994,5
9294,1246,90,160,0,160,150,0,10,30,30,0,30,235,15,7638.84,21250.0,-13611.16,5
9295,1246,105,125,0,125,110,10,5,60,60,0,55,210,30,17289.540000000005,19550.0,-2260.459999999996,5
9296,1246,90,150,0,150,145,5,0,40,40,0,40,230,35,19063.260000000002,20400.0,-1336.7399999999975,5
9297,1246,55,165,0,165,150,0,15,30,30,0,30,200,20,10913.400000000001,18700.0,-7786.5999999999985,5
9298,1246,80,155,0,155,135,20,0,45,45,0,40,210,15,8758.26,19975.0,-11216.74,5
9299,1246,55,165,0,165,160,0,5,15,15,0,15,210,15,11238.300000000003,18700.0,-7461.699999999996,5
9300,1246,60,170,0,170,135,10,25,45,45,0,45,190,35,18010.440000000002,19550.0,-1539.559999999999,5
9301,1246,50,160,0,160,115,35,10,45,45,0,45,160,20,13060.800000000001,17850.0,-4789.199999999999,5
9302,1246,60,175,0,175,120,50,5,50,50,0,50,175,30,15091.2,19975.0,-4883.799999999999,5
9303,1246,85,150,0,150,145,0,5,30,30,0,25,225,45,30123.045000000006,19975.0,10148.045000000006,5
9304,1246,55,160,0,160,145,10,5,40,40,0,40,195,25,13033.080000000002,18275.0,-5241.919999999998,5
9305,1246,30,180,0,180,125,20,35,30,30,0,25,150,5,2303.640000000001,17850.0,-15546.36,5
9306,1246,95,140,0,140,120,20,0,60,60,0,60,210,50,30086.280000000002,19975.0,10111.280000000002,5
9307,1246,55,170,0,170,145,15,10,50,50,0,50,195,60,41156.4825,19125.0,22031.482500000002,5
9308,1246,65,160,0,160,155,0,5,35,35,0,35,215,45,30321.765000000007,19125.0,11196.765000000005,5
9309,1246,35,190,0,190,160,5,25,30,30,0,30,190,10,5136.4800000000005,19125.0,-13988.519999999999,5
9310,1246,55,170,0,170,115,35,20,50,50,0,50,165,30,15442.560000000001,19125.0,-3682.439999999999,5
9311,1246,50,175,0,175,165,0,10,30,30,0,30,210,35,19060.02,19125.0,-64.98000000000047,5
9312,1246,40,195,0,195,130,35,30,35,35,0,35,165,10,5004.720000000001,19975.0,-14970.279999999999,5
9313,1246,60,175,0,175,115,40,20,55,55,0,55,170,45,28673.235,19975.0,8698.235,5
9314,1246,50,175,0,175,175,0,0,40,40,0,40,220,25,13776.480000000001,19125.0,-5348.519999999999,5
9315,1246,160,120,0,120,120,0,0,30,30,0,30,275,25,15113.16,23800.0,-8686.84,5
9316,1246,55,160,0,160,105,30,25,45,45,0,45,155,75,55585.766250000015,18275.0,37310.766250000015,5
9317,1246,40,165,0,165,160,0,5,30,30,0,30,195,20,12472.020000000002,17425.0,-4952.979999999998,5
9318,1246,65,145,0,145,135,5,5,45,45,0,40,195,35,27950.028750000005,17850.0,10100.028750000005,5
9319,1246,70,175,0,175,130,25,20,45,45,0,45,195,20,12228.12,20825.0,-8596.88,5
9320,1246,60,165,0,165,165,0,0,30,30,0,30,220,20,11272.140000000001,19125.0,-7852.859999999999,5
9321,1246,25,185,0,185,145,25,15,25,25,0,20,165,0,0.0,17850.0,-17850.0,5
9322,1246,85,160,0,160,150,0,10,35,35,0,35,230,30,16732.980000000003,20825.0,-4092.0199999999977,5
9323,1246,55,160,0,160,135,20,5,45,45,0,40,185,35,22795.200000000004,18275.0,4520.200000000004,5
9324,1246,80,160,0,160,160,0,0,25,25,0,25,235,50,36204.76125,20400.0,15804.761250000001,5
9325,1246,40,190,0,190,135,30,25,35,35,0,35,170,20,10742.400000000001,19550.0,-8807.599999999999,5
9326,1246,70,155,0,155,140,0,15,35,35,0,35,205,30,19130.670000000002,19125.0,5.6700000000023465,5
9327,1246,40,190,0,190,155,15,20,35,35,0,35,190,25,16265.25,19550.0,-3284.749999999999,5
9328,1246,100,125,0,125,125,0,0,30,30,0,30,220,35,22507.200000000004,19125.0,3382.2000000000025,5
9329,1246,55,150,0,150,125,10,15,45,45,0,45,175,20,10130.400000000001,17425.0,-7294.5999999999985,5
9330,1246,70,165,0,165,135,10,20,50,50,0,50,200,25,14641.02,19975.0,-5333.98,5
9331,1246,55,170,0,170,160,0,10,50,50,0,45,210,20,10373.04,19125.0,-8751.96,5
9332,1246,95,155,0,155,155,0,0,35,35,0,35,245,15,9460.44,21250.0,-11789.56,5
9333,1246,120,160,0,160,155,0,5,35,35,0,35,270,10,5126.76,23800.0,-18673.24,5
9334,1246,140,125,0,125,115,0,10,65,65,0,60,250,55,31431.780000000006,22525.0,8906.780000000008,5
9335,1246,80,155,0,155,130,0,25,55,55,0,55,205,35,23135.760000000006,19975.0,3160.7600000000048,5
9336,1246,40,180,0,180,160,10,10,35,35,0,35,195,20,10141.2,18700.0,-8558.8,5
9337,1246,135,130,0,130,120,0,10,35,35,0,35,250,15,7826.4000000000015,22525.0,-14698.599999999999,5
9338,1246,80,150,0,150,150,0,0,20,20,0,20,225,15,8566.02,19550.0,-10983.98,5
9339,1246,60,160,0,160,155,5,0,50,50,0,50,210,15,8606.340000000002,18700.0,-10093.659999999998,5
9340,1246,85,135,0,135,130,0,5,65,65,0,65,210,65,43882.04250000001,18700.0,25182.042500000007,5
9341,1246,100,135,0,135,135,0,0,45,45,0,45,230,30,15772.68,19975.0,-4202.32,5
9342,1246,40,170,0,170,160,5,5,35,35,0,35,195,40,28207.800000000007,17850.0,10357.800000000007,5
9343,1246,55,160,0,160,125,35,0,45,45,0,45,175,30,18987.210000000003,18275.0,712.2100000000023,5
9344,1246,85,160,0,160,135,25,0,50,50,0,45,215,25,13393.800000000001,20825.0,-7431.199999999999,5
9345,1246,75,175,0,175,130,30,15,60,60,0,60,200,25,12630.960000000003,21250.0,-8619.039999999997,5
9346,1246,80,165,0,165,150,10,5,40,40,0,40,225,25,12744.36,20825.0,-8080.6399999999985,5
9347,1246,45,175,0,175,155,15,5,35,35,0,35,195,25,14632.380000000001,18700.0,-4067.6199999999994,5
9348,1246,35,175,0,175,160,0,15,30,30,0,30,190,20,12312.720000000001,17850.0,-5537.279999999999,5
9349,1246,55,160,0,160,155,5,0,50,50,0,50,205,35,19747.260000000002,18275.0,1472.2600000000034,5
9350,1246,65,175,0,175,160,0,15,45,45,0,45,220,20,11027.520000000002,20400.0,-9372.479999999998,5
9351,1246,60,155,0,155,150,0,5,50,50,0,50,205,35,17620.56,18275.0,-654.4399999999996,5
9352,1246,50,180,0,180,165,10,5,30,30,0,30,210,20,11721.060000000001,19550.0,-7828.939999999998,5
9353,1246,90,135,0,135,125,10,0,60,60,0,60,210,25,15507.990000000002,19125.0,-3617.009999999998,5
9354,1246,55,175,0,175,150,5,20,50,50,0,50,200,20,10185.12,19550.0,-9364.88,5
9355,1246,95,140,0,140,140,0,0,35,35,0,35,230,50,35616.060000000005,19975.0,15641.060000000007,5
9356,1246,55,160,0,160,135,0,25,45,45,0,45,185,35,21862.260000000002,18275.0,3587.260000000001,5
9357,1246,75,155,0,155,140,5,10,50,50,0,50,210,40,22954.680000000004,19550.0,3404.680000000003,5
9358,1246,50,170,0,170,165,5,0,40,40,0,40,210,20,11458.26,18700.0,-7241.74,5
9359,1246,35,180,0,180,155,5,20,35,35,0,30,185,20,15853.995000000003,18275.0,-2421.004999999998,5
9360,1246,35,175,0,175,165,0,10,15,15,0,15,195,5,2546.28,17850.0,-15303.720000000001,5
9361,1246,65,150,0,150,130,20,0,45,45,0,45,190,60,34577.73,18275.0,16302.730000000001,5
9362,1246,75,160,0,160,140,10,10,55,55,0,55,210,35,20381.940000000002,19975.0,406.9400000000019,5
9363,1246,55,155,0,155,135,15,5,40,40,0,40,185,25,13770.36,17850.0,-4079.6399999999994,5
9364,1246,75,155,0,155,150,0,5,45,45,0,45,220,30,15979.500000000004,19550.0,-3570.4999999999973,5
9365,1246,130,120,0,120,120,0,0,35,35,0,35,245,55,37452.915,21250.0,16202.915000000003,5
9366,1246,80,155,0,155,155,0,0,30,30,0,30,230,25,14528.340000000004,19975.0,-5446.659999999997,5
9367,1246,65,175,0,175,145,0,30,55,55,0,55,205,25,13577.220000000001,20400.0,-6822.779999999998,5
9368,1246,100,155,0,155,145,0,10,30,30,0,30,240,5,2503.0800000000004,21675.0,-19171.92,5
9369,1246,45,170,0,170,145,0,25,25,25,0,25,185,25,16280.550000000001,18275.0,-1994.4499999999994,5
9370,1246,50,165,0,165,130,20,15,50,50,0,45,175,60,38238.3,18275.0,19963.3,5
9371,1246,60,170,0,170,120,30,20,55,55,0,55,175,30,16763.580000000005,19550.0,-2786.419999999996,5
9372,1246,35,175,0,175,170,0,5,25,25,0,25,200,25,15551.910000000003,17850.0,-2298.0899999999974,5
9373,1246,55,165,0,165,120,45,0,50,50,0,50,170,55,34703.32500000001,18700.0,16003.325000000008,5
9374,1246,95,135,0,135,115,20,0,70,70,0,65,205,70,42614.55000000001,19550.0,23064.55000000001,5
9375,1246,30,155,0,155,135,10,10,30,30,0,25,160,55,41031.225000000006,15725.0,25306.225000000006,5
9376,1246,50,180,0,180,135,30,15,50,50,0,45,180,55,38866.005000000005,19550.0,19316.005000000005,5
9377,1246,115,140,0,140,140,0,0,50,50,0,50,250,35,23809.545,21675.0,2134.5449999999983,5
9378,1246,100,140,0,140,130,0,10,45,45,0,45,225,15,7218.3600000000015,20400.0,-13181.639999999998,5
9379,1246,50,175,0,175,165,0,10,35,35,0,35,210,0,0.0,19125.0,-19125.0,5
9380,1246,40,180,0,180,165,10,5,35,35,0,35,200,10,5180.400000000001,18700.0,-13519.6,5
9381,1246,40,175,0,175,145,10,20,25,25,0,25,180,5,2414.5200000000004,18275.0,-15860.48,5
9382,1246,65,175,0,175,125,45,5,45,45,0,45,185,30,14857.200000000003,20400.0,-5542.799999999997,5
9383,1246,120,135,0,135,120,10,5,35,35,0,35,235,65,47012.86687500001,21675.0,25337.866875000007,5
9384,1246,60,175,0,175,160,0,15,50,50,0,50,215,25,12468.240000000002,19975.0,-7506.759999999999,5
9385,1246,85,155,0,155,115,25,15,55,55,0,55,195,25,13419.9,20400.0,-6980.1,5
9386,1246,60,185,0,185,160,0,25,15,15,0,15,215,10,5414.760000000001,20825.0,-15410.239999999998,5
9387,1246,60,165,0,165,115,40,10,60,60,0,55,170,55,39342.4425,19125.0,20217.442499999997,5
9388,1246,75,145,0,145,120,20,5,60,60,0,60,190,40,24247.620000000003,18700.0,5547.620000000002,5
9389,1246,60,170,0,170,165,5,0,35,35,0,35,220,15,7858.4400000000005,19550.0,-11691.56,5
9390,1246,65,160,0,160,155,0,5,35,35,0,35,215,20,10666.980000000001,19125.0,-8458.019999999999,5
9391,1246,50,175,0,175,155,10,10,30,30,0,30,200,30,16368.3,19125.0,-2756.7000000000007,5
9392,1246,60,160,0,160,155,5,0,55,55,0,55,210,20,9867.240000000002,18700.0,-8832.759999999998,5
9393,1246,75,145,0,145,135,10,0,40,40,0,40,205,50,35568.247500000005,18700.0,16868.2475,5
9394,1246,80,165,0,165,150,10,5,35,35,0,35,225,30,17123.04,20825.0,-3701.959999999999,5
9395,1246,85,160,0,160,135,0,25,40,40,0,40,215,30,15233.400000000003,20825.0,-5591.599999999997,5
9396,1246,30,195,0,195,185,0,10,20,20,0,20,210,10,5605.560000000001,19125.0,-13519.439999999999,5
9397,1246,105,130,0,130,130,0,0,45,45,0,45,230,45,28750.86,19975.0,8775.860000000002,5
9398,1246,115,155,0,155,150,0,5,35,35,0,30,260,10,5004.720000000001,22950.0,-17945.28,5
9399,1246,45,180,0,180,150,20,10,40,40,0,40,190,25,13675.860000000002,19125.0,-5449.139999999998,5
9400,1246,85,150,0,150,135,0,15,45,45,0,40,215,35,22970.205000000005,19975.0,2995.2050000000054,5
9401,1246,55,160,0,160,155,0,5,40,40,0,40,205,25,13762.980000000003,18275.0,-4512.019999999998,5
9402,1246,45,180,0,180,105,50,25,40,40,0,40,145,40,27655.0425,19125.0,8530.0425,5
9403,1246,75,160,0,160,160,0,0,40,40,0,40,230,25,13923.54,19975.0,-6051.459999999999,5
9404,1246,85,145,0,145,145,0,0,50,50,0,50,225,50,28062.180000000008,19550.0,8512.180000000008,5
9405,1246,60,170,0,170,135,20,15,40,40,0,40,190,25,16689.510000000002,19550.0,-2860.49,5
9406,1246,100,150,0,150,135,0,15,45,45,0,45,230,20,9859.68,21250.0,-11390.32,5
9407,1246,45,190,0,190,135,20,35,40,40,0,40,175,35,18855.54,19975.0,-1119.4599999999991,5
9408,1246,55,180,0,180,165,5,10,35,35,0,35,215,25,16015.320000000003,19975.0,-3959.679999999996,5
9409,1246,45,170,0,170,145,10,15,30,30,0,30,185,55,39693.780000000006,18275.0,21418.780000000006,5
9410,1246,60,160,0,160,135,25,0,60,60,0,55,190,50,36810.64125,18700.0,18110.64125,5
9411,1246,70,160,0,160,90,50,20,65,65,0,65,155,40,22559.4,19550.0,3009.4000000000005,5
9412,1246,45,175,0,175,160,0,15,40,40,0,40,200,15,7770.600000000002,18700.0,-10929.399999999998,5
9413,1246,50,185,0,185,140,45,0,40,40,0,40,185,15,7856.280000000002,19975.0,-12118.719999999998,5
9414,1246,35,175,0,175,155,5,15,30,30,0,30,185,20,9702.000000000002,17850.0,-8147.999999999998,5
9415,1246,45,165,0,165,145,5,15,40,40,0,35,185,35,24275.61,17850.0,6425.6100000000015,5
9416,1246,75,155,0,155,145,0,10,55,55,0,55,215,35,20948.22,19550.0,1398.2200000000012,5
9417,1246,40,185,0,185,150,5,30,35,35,0,35,185,45,31086.225000000006,19125.0,11961.225000000004,5
9418,1246,40,175,0,175,160,0,15,30,30,0,30,195,10,5009.760000000001,18275.0,-13265.239999999998,5
9419,1246,65,170,0,170,165,5,0,50,50,0,50,225,35,23355.36,19975.0,3380.3600000000006,5
9420,1246,75,140,0,140,135,0,5,45,45,0,45,205,25,16471.170000000002,18275.0,-1803.829999999998,5
9421,1246,95,145,0,145,140,0,5,35,35,0,35,230,15,7814.160000000002,20400.0,-12585.839999999998,5
9422,1246,65,185,0,185,155,0,30,20,20,0,20,215,5,2634.1200000000003,21250.0,-18615.88,5
9423,1246,40,190,0,190,145,25,20,35,35,0,35,180,15,7498.080000000001,19550.0,-12051.92,5
9424,1246,85,160,0,160,140,0,20,45,45,0,45,220,35,20945.79,20825.0,120.79000000000178,5
9425,1246,50,165,0,165,165,0,0,35,35,0,35,210,35,19763.28,18275.0,1488.2799999999997,5
9426,1246,100,140,0,140,140,0,0,50,50,0,50,235,45,28755.99,20400.0,8355.990000000002,5
9427,1246,75,140,0,140,135,0,5,30,30,0,30,205,25,15116.939999999999,18275.0,-3158.0600000000004,5
9428,1246,40,180,0,180,135,5,40,35,35,0,35,170,40,24847.200000000004,18700.0,6147.200000000003,5
9429,1246,80,155,0,155,115,20,20,50,50,0,50,190,35,18556.92,19975.0,-1418.08,5
9430,1246,45,185,0,185,145,25,15,45,45,0,40,185,20,13366.53,19550.0,-6183.469999999999,5
9431,1246,75,165,0,165,160,0,5,35,35,0,35,230,20,12184.560000000001,20400.0,-8215.439999999999,5
9432,1246,45,175,0,175,120,35,20,45,45,0,40,160,40,21369.780000000006,18700.0,2669.780000000005,5
9433,1246,65,150,0,150,145,0,5,30,30,0,30,205,60,47895.36187500001,18275.0,29620.36187500001,5
9434,1246,95,160,0,160,125,25,10,40,40,0,40,215,40,24962.850000000002,21675.0,3287.850000000003,5
9435,1246,60,185,0,185,130,25,30,45,45,0,45,185,35,20699.64,20825.0,-125.36000000000058,5
9436,1246,45,175,0,175,170,5,0,40,40,0,40,210,25,13352.76,18700.0,-5347.24,5
9437,1246,60,145,0,145,145,0,0,40,40,0,40,200,25,12903.480000000001,17425.0,-4521.519999999999,5
9438,1246,50,155,0,155,125,0,30,45,45,0,45,170,95,65670.6375,17425.0,48245.637500000004,5
9439,1246,40,170,0,170,160,10,0,30,30,0,25,195,40,23806.620000000003,17850.0,5956.620000000003,5
9440,1246,60,180,0,180,175,0,5,25,25,0,25,230,10,4697.280000000001,20400.0,-15702.72,5
9441,1246,90,160,0,160,160,0,0,40,40,0,40,245,50,33664.32000000001,21250.0,12414.320000000007,5
9442,1246,60,155,0,155,145,0,10,55,55,0,50,200,35,19119.059999999998,18275.0,844.0599999999995,5
9443,1246,45,180,0,180,150,30,0,30,30,0,30,190,10,5407.560000000001,19125.0,-13717.439999999999,5
9444,1246,95,145,0,145,135,0,10,25,25,0,25,225,40,30177.23625,20400.0,9777.236250000002,5
9445,1246,55,165,0,165,135,5,25,40,40,0,40,185,45,24131.7,18700.0,5431.700000000001,5
9446,1246,40,190,0,190,165,25,0,25,25,0,25,200,15,7961.760000000002,19550.0,-11588.239999999998,5
9447,1246,70,160,0,160,155,5,0,50,50,0,50,220,55,34484.715000000004,19550.0,14934.715000000006,5
9448,1246,50,170,0,170,130,30,10,45,45,0,45,175,25,13828.680000000002,18700.0,-4871.319999999998,5
9449,1246,55,160,0,160,130,0,30,55,55,0,50,180,25,12863.160000000003,18275.0,-5411.839999999997,5
9450,1246,90,145,0,145,145,0,0,55,55,0,55,230,20,10123.560000000001,19975.0,-9851.439999999999,5
9451,1246,85,155,0,155,150,0,5,35,35,0,35,230,30,16419.06,20400.0,-3980.9399999999982,5
9452,1246,60,165,0,165,150,10,5,50,50,0,50,205,15,7526.160000000001,19125.0,-11598.84,5
9453,1246,50,155,0,155,125,20,10,45,45,0,45,170,20,10086.12,17425.0,-7338.879999999999,5
9454,1246,55,160,0,160,125,0,35,35,35,0,35,175,25,13507.380000000003,18275.0,-4767.619999999997,5
9455,1246,80,175,0,175,155,0,20,35,35,0,35,230,5,2590.2000000000003,21675.0,-19084.8,5
9456,1246,90,155,0,155,150,0,5,35,35,0,35,235,45,30497.985,20825.0,9672.984999999999,5
9457,1246,65,160,0,160,155,5,0,45,45,0,45,215,30,18655.47,19125.0,-469.5299999999975,5
9458,1246,60,165,0,165,130,10,25,40,40,0,40,185,35,24074.46,19125.0,4949.459999999999,5
9459,1246,100,150,0,150,140,5,5,50,50,0,50,235,40,22446.540000000005,21250.0,1196.5400000000045,5
9460,1246,55,180,0,180,155,5,20,30,30,0,30,205,10,4872.960000000001,19975.0,-15102.039999999999,5
9461,1246,80,155,0,155,145,0,10,35,35,0,35,220,25,13801.32,19975.0,-6173.679999999999,5
9462,1246,40,160,0,160,145,0,15,35,35,0,35,180,40,24038.730000000003,17000.0,7038.730000000005,5
9463,1246,45,175,0,175,130,20,25,40,40,0,35,170,60,40983.30000000001,18700.0,22283.30000000001,5
9464,1246,80,145,0,145,145,0,0,45,45,0,45,220,45,30197.610000000004,19125.0,11072.610000000004,5
9465,1246,65,170,0,170,155,10,5,30,30,0,30,215,15,7305.480000000001,19975.0,-12669.519999999997,5
9466,1246,100,135,0,135,130,0,5,60,60,0,60,225,30,14974.920000000004,19975.0,-5000.079999999996,5
9467,1246,50,170,0,170,120,15,35,40,40,0,40,165,55,39943.192500000005,18700.0,21243.192500000005,5
9468,1246,110,135,0,135,135,0,0,45,45,0,45,240,15,7594.920000000001,20825.0,-13230.079999999998,5
9469,1246,35,170,0,170,160,0,10,35,35,0,30,190,45,28229.22,17425.0,10804.220000000001,5
9470,1246,60,160,0,160,135,25,0,50,50,0,50,190,60,37969.200000000004,18700.0,19269.200000000004,5
9471,1246,55,160,0,160,100,40,20,45,45,0,45,150,35,21552.03,18275.0,3277.0299999999997,5
9472,1246,70,170,0,170,150,0,20,35,35,0,35,215,25,12969.720000000005,20400.0,-7430.279999999995,5
9473,1246,90,150,0,150,135,0,15,45,45,0,45,220,40,23926.14000000001,20400.0,3526.1400000000094,5
9474,1246,85,180,0,180,135,0,45,40,40,0,40,215,45,30137.715000000004,22525.0,7612.715000000003,5
9475,1246,65,170,0,170,170,0,0,40,40,0,40,230,20,10846.44,19975.0,-9128.56,5
9476,1246,105,150,0,150,140,0,10,30,30,0,30,240,45,29374.110000000004,21675.0,7699.110000000005,5
9477,1246,65,150,0,150,140,5,5,45,45,0,40,200,30,17278.02,18275.0,-996.9799999999987,5
9478,1246,50,180,0,180,120,35,25,45,45,0,45,165,90,63873.177187500005,19550.0,44323.177187500005,5
9479,1246,45,175,0,175,165,0,10,30,30,0,30,205,35,22444.65,18700.0,3744.6500000000015,5
9480,1246,50,160,0,160,160,0,0,40,40,0,40,205,50,31979.43,17850.0,14129.430000000002,5
9481,1246,10,210,0,210,180,0,30,5,5,0,5,185,5,2396.5200000000004,18700.0,-16303.48,5
9482,1246,90,160,0,160,155,0,5,30,30,0,30,240,50,31015.350000000006,21250.0,9765.350000000008,5
9483,1246,50,175,0,175,150,0,25,30,30,0,30,195,15,9460.44,19125.0,-9664.56,5
9484,1246,45,160,0,160,130,5,25,40,40,0,40,170,40,25162.29,17425.0,7737.290000000003,5
9485,1246,70,165,0,165,160,0,5,40,40,0,40,225,30,16566.300000000003,19975.0,-3408.699999999999,5
9486,1246,50,150,0,150,95,35,20,50,50,0,45,140,100,70002.489375,17000.0,53002.489375000005,5
9487,1246,45,160,0,160,160,0,0,35,35,0,35,200,40,26370.9,17425.0,8945.900000000001,5
9488,1246,95,150,0,150,140,0,10,40,40,0,40,230,10,6431.58,20825.0,-14393.420000000002,5
9489,1246,85,125,0,125,120,0,5,50,50,0,50,200,40,23265.0,17850.0,5415.0,5
9490,1246,60,150,0,150,150,0,0,40,40,0,40,205,30,16089.120000000003,17850.0,-1760.8799999999974,5
9491,1246,85,155,0,155,140,5,10,45,45,0,45,220,35,18187.920000000006,20400.0,-2212.0799999999963,5
9492,1246,40,190,0,190,180,0,10,10,10,0,10,215,10,6453.540000000001,19550.0,-13096.46,5
9493,1246,95,130,0,130,110,20,0,75,75,0,75,200,35,17740.800000000003,19125.0,-1384.1999999999985,5
9494,1246,65,155,0,155,125,30,0,55,55,0,50,185,15,6966.360000000002,18700.0,-11733.639999999998,5
9495,1246,55,175,0,175,135,30,10,50,50,0,50,185,40,22773.24,19550.0,3223.2400000000007,5
9496,1246,75,155,0,155,130,15,10,40,40,0,40,200,40,26731.395000000004,19550.0,7181.395000000002,5
9497,1246,60,165,0,165,155,5,5,45,45,0,45,210,20,9704.52,19125.0,-9420.48,5
9498,1246,55,160,0,160,140,0,20,40,40,0,40,190,60,42006.42,18275.0,23731.42,5
9499,1246,55,165,0,165,160,0,5,40,40,0,40,210,20,14767.110000000002,18700.0,-3932.8899999999976,5
9500,1246,80,160,0,160,160,0,0,10,10,0,10,235,20,13616.64,20400.0,-6783.360000000001,5
9501,1246,55,170,0,170,140,20,10,45,45,0,45,190,50,35224.1325,19125.0,16099.1325,5
9502,1246,90,140,0,140,135,0,5,50,50,0,50,220,25,16659.72,19550.0,-2890.279999999998,5
9503,1246,55,160,0,160,150,0,10,40,40,0,35,200,30,21341.160000000003,18275.0,3066.1600000000044,5
9504,1246,60,165,0,165,125,15,25,55,55,0,55,180,45,24883.920000000002,19125.0,5758.920000000003,5
9505,1246,55,190,0,190,135,20,35,35,35,0,35,185,35,21119.670000000002,20825.0,294.670000000001,5
9506,1246,70,160,0,160,150,0,10,55,55,0,55,215,50,28856.160000000003,19550.0,9306.160000000003,5
9507,1246,50,170,0,170,160,5,5,45,45,0,45,205,50,33321.240000000005,18700.0,14621.240000000002,5
9508,1246,45,180,0,180,135,15,30,45,45,0,40,175,55,36069.075,19125.0,16944.074999999997,5
9509,1246,50,165,0,165,130,10,25,45,45,0,45,175,50,31047.750000000007,18275.0,12772.750000000005,5
9510,1246,80,165,0,165,130,35,0,55,55,0,55,205,30,15663.060000000001,20825.0,-5161.94,5
9511,1246,50,175,0,175,160,0,15,35,35,0,35,205,45,28195.110000000004,19125.0,9070.110000000004,5
9512,1246,70,140,0,140,140,0,0,45,45,0,45,205,40,25826.310000000005,17850.0,7976.310000000003,5
9513,1246,50,155,0,155,135,0,20,45,45,0,40,180,20,12222.900000000005,17425.0,-5202.099999999996,5
9514,1246,65,170,0,170,115,40,15,45,45,0,45,175,20,10097.280000000002,19975.0,-9877.719999999998,5
9515,1246,60,145,0,145,125,10,10,55,55,0,55,180,40,23243.58,17425.0,5818.580000000002,5
9516,1246,45,185,0,185,140,30,15,35,35,0,35,180,25,14201.820000000003,19550.0,-5348.179999999998,5
9517,1246,40,195,0,195,160,0,35,40,40,0,35,195,25,14168.34,19975.0,-5806.66,5
9518,1246,65,155,0,155,155,0,0,40,40,0,40,215,25,11856.240000000002,18700.0,-6843.7599999999975,5
9519,1246,65,155,0,155,145,0,10,35,35,0,35,205,55,37029.35250000001,18700.0,18329.352500000005,5
9520,1246,45,170,0,170,150,0,20,30,30,0,30,190,20,10326.960000000003,18275.0,-7948.039999999996,5
9521,1246,65,155,0,155,150,0,5,35,35,0,35,210,40,25354.530000000006,18700.0,6654.530000000004,5
9522,1246,35,185,0,185,160,10,15,30,30,0,30,190,15,7726.680000000001,18700.0,-10973.32,5
9523,1246,75,135,0,135,85,0,50,40,40,0,40,155,85,72593.44031250001,17850.0,54743.44031250002,5
9524,1246,100,135,0,135,120,15,0,55,55,0,55,215,50,33917.04,19975.0,13942.04,5
9525,1246,55,160,0,160,150,5,5,50,50,0,50,200,40,22354.56,18275.0,4079.5600000000013,5
9526,1246,70,150,0,150,135,0,15,50,50,0,50,200,45,29088.450000000004,18700.0,10388.450000000003,5
9527,1246,30,180,0,180,175,0,5,30,30,0,25,200,20,10041.480000000001,17850.0,-7808.519999999999,5
9528,1246,130,140,0,140,130,0,10,50,50,0,50,255,25,14625.18,22950.0,-8324.82,5
9529,1246,65,175,0,175,125,45,5,40,40,0,40,185,55,34719.39000000001,20400.0,14319.390000000007,5
9530,1246,55,170,0,170,140,30,0,45,45,0,45,190,45,22797.720000000005,19125.0,3672.720000000004,5
9531,1246,65,180,0,180,150,30,0,40,40,0,35,210,45,27337.77,20825.0,6512.77,5
9532,1246,70,150,0,150,145,5,0,45,45,0,45,210,60,41179.05,18700.0,22479.050000000007,5
9533,1246,55,165,0,165,150,15,0,35,35,0,35,200,20,11316.78,18700.0,-7383.219999999999,5
9534,1246,70,175,0,175,105,50,20,65,65,0,65,170,40,22762.800000000003,20825.0,1937.800000000002,5
9535,1246,40,180,0,180,160,10,10,30,30,0,25,195,15,7644.6,18700.0,-11055.4,5
9536,1246,70,155,0,155,145,0,10,40,40,0,40,210,30,16232.400000000001,19125.0,-2892.5999999999976,5
9537,1246,80,160,0,160,130,0,30,45,45,0,45,205,30,18066.960000000003,20400.0,-2333.0399999999986,5
9538,1246,85,160,0,160,160,0,0,20,20,0,20,240,15,8351.460000000001,20825.0,-12473.539999999997,5
9539,1246,70,170,0,170,155,0,15,25,25,0,25,220,35,21790.260000000002,20400.0,1390.260000000003,5
9540,1246,65,165,0,165,115,15,35,55,55,0,55,175,50,29127.600000000006,19550.0,9577.600000000006,5
9541,1246,55,180,0,180,130,15,35,55,55,0,50,180,45,23611.320000000007,19975.0,3636.320000000005,5
9542,1246,75,145,0,145,135,0,10,70,70,0,70,205,40,21236.760000000002,18700.0,2536.760000000004,5
9543,1246,95,155,0,155,130,25,0,45,45,0,45,220,30,17439.120000000003,21250.0,-3810.8799999999974,5
9544,1246,35,170,0,170,150,0,20,30,30,0,25,180,15,8779.860000000002,17425.0,-8645.139999999998,5
9545,1246,80,135,0,135,125,0,10,55,55,0,55,200,25,12818.880000000001,18275.0,-5456.119999999999,5
9546,1246,60,160,0,160,130,30,0,55,55,0,55,185,25,13846.140000000003,18700.0,-4853.859999999997,5
9547,1246,30,180,0,180,175,0,5,25,25,0,25,200,10,4793.040000000001,17850.0,-13056.96,5
9548,1246,35,200,0,200,150,25,25,30,30,0,25,180,30,19404.27,19975.0,-570.7299999999987,5
9549,1246,75,145,0,145,135,5,5,40,40,0,40,205,45,33652.42875,18700.0,14952.42875,5
9550,1246,50,165,0,165,160,0,5,30,30,0,30,205,30,19779.480000000003,18275.0,1504.4800000000032,5
9551,1246,45,175,0,175,150,20,5,35,35,0,35,190,20,11295.18,18700.0,-7404.82,5
9552,1246,60,165,0,165,115,15,35,45,45,0,45,170,80,54844.267500000016,19125.0,35719.267500000016,5
9553,1246,105,150,0,150,130,15,5,30,30,0,30,230,30,16890.300000000003,21675.0,-4784.699999999998,5
9554,1246,65,160,0,160,95,50,15,60,60,0,60,155,20,11765.7,19125.0,-7359.299999999998,5
9555,1246,40,175,0,175,160,0,15,35,35,0,35,195,30,19235.340000000004,18275.0,960.3400000000033,5
9556,1246,80,155,0,155,150,0,5,40,40,0,40,225,65,41161.770000000004,19975.0,21186.770000000004,5
9557,1246,85,155,0,155,155,0,0,45,45,0,45,235,15,7507.080000000001,20400.0,-12892.919999999998,5
9558,1246,65,160,0,160,135,0,25,50,50,0,50,195,40,21893.940000000002,19125.0,2768.9400000000023,5
9559,1246,50,190,0,190,125,55,10,45,45,0,45,170,30,16726.5,20400.0,-3673.499999999999,5
9560,1246,55,195,0,195,180,0,15,25,25,0,25,230,10,3700.4400000000005,21250.0,-17549.559999999998,5
9561,1246,90,155,0,155,155,0,0,40,40,0,40,240,30,16220.34,20825.0,-4604.659999999999,5
9562,1246,60,185,0,185,155,25,5,35,35,0,35,210,30,16945.74,20825.0,-3879.259999999997,5
9563,1246,60,175,0,175,150,0,25,40,40,0,40,205,30,16621.92,19975.0,-3353.08,5
9564,1246,50,170,0,170,170,0,0,25,25,0,25,215,35,24871.275000000005,18700.0,6171.275000000005,5
9565,1246,120,120,0,120,105,0,15,45,45,0,45,220,70,46860.48000000001,20400.0,26460.480000000007,5
9566,1246,65,155,0,155,155,0,0,40,40,0,40,215,35,20666.52,18700.0,1966.5200000000004,5
9567,1246,55,190,0,190,100,50,40,45,45,0,45,150,45,29594.160000000003,20825.0,8769.160000000002,5
9568,1246,65,160,0,160,155,0,5,40,40,0,40,215,20,10448.280000000002,19125.0,-8676.719999999998,5
9569,1246,80,140,0,140,140,0,0,40,40,0,40,215,45,29024.235000000008,18700.0,10324.235000000008,5
9570,1246,75,165,0,165,135,30,0,45,45,0,40,205,25,12680.28,20400.0,-7719.719999999999,5
9571,1246,70,155,0,155,150,0,5,40,40,0,35,215,35,25267.95,19125.0,6142.950000000001,5
9572,1246,60,170,0,170,165,0,5,35,35,0,35,220,25,16205.31,19550.0,-3344.6900000000005,5
9573,1246,50,160,0,160,150,5,5,40,40,0,40,195,40,30549.645000000004,17850.0,12699.645000000004,5
9574,1246,55,155,0,155,125,15,15,40,40,0,40,175,30,23119.874999999996,17850.0,5269.874999999997,5
9575,1246,85,170,0,170,165,0,5,25,25,0,25,245,25,16479.63,21675.0,-5195.369999999998,5
9576,1246,60,175,0,175,100,65,10,50,50,0,50,155,50,30701.655,19975.0,10726.655,5
9577,1246,45,190,0,190,135,30,25,30,30,0,30,175,20,10185.120000000003,19975.0,-9789.879999999997,5
9578,1246,50,165,0,165,135,25,5,45,45,0,45,180,40,22603.860000000004,18275.0,4328.860000000004,5
9579,1246,60,175,0,175,140,15,20,45,45,0,45,195,35,20287.980000000003,19975.0,312.9800000000023,5
9580,1246,50,160,0,160,155,0,5,35,35,0,30,200,30,24138.112500000007,17850.0,6288.112500000007,5
9581,1246,100,125,0,125,125,0,0,75,75,0,75,220,60,33992.19,19125.0,14867.19,5
9582,1246,60,165,0,165,150,10,5,40,40,0,40,205,20,11216.7,19125.0,-7908.299999999999,5
9583,1246,55,175,0,175,140,15,20,45,45,0,45,190,15,7857.000000000002,19550.0,-11692.999999999996,5
9584,1246,50,165,0,165,150,0,15,40,40,0,40,195,25,13239.18,18275.0,-5035.819999999999,5
9585,1246,100,125,0,125,115,0,10,80,80,0,75,210,40,22684.140000000003,19125.0,3559.140000000002,5
9586,1246,50,180,0,180,160,5,15,35,35,0,30,205,10,4872.960000000001,19550.0,-14677.039999999999,5
9587,1246,40,170,0,170,135,10,25,40,40,0,35,170,55,34373.52,17850.0,16523.519999999997,5
9588,1246,35,190,0,190,145,25,20,30,30,0,30,175,20,11502.18,19125.0,-7622.82,5
9589,1246,70,150,0,150,125,5,20,55,55,0,55,190,40,23657.4,18700.0,4957.400000000002,5
9590,1246,25,195,0,195,175,0,20,15,15,0,15,195,5,2546.28,18700.0,-16153.720000000001,5
9591,1246,40,165,0,165,145,0,20,35,35,0,35,180,30,18133.29,17425.0,708.2900000000018,5
9592,1246,80,145,0,145,130,0,15,55,55,0,55,205,45,23749.38,19125.0,4624.380000000001,5
9593,1246,55,165,0,165,135,20,10,50,50,0,50,185,5,2874.2400000000002,18700.0,-15825.76,5
9594,1246,75,155,0,155,125,5,25,40,40,0,40,195,35,24898.995000000003,19550.0,5348.995000000004,5
9595,1246,90,155,0,155,135,10,10,35,35,0,35,220,15,8512.740000000002,20825.0,-12312.259999999998,5
9596,1246,85,155,0,155,115,15,25,65,65,0,65,195,50,30547.440000000006,20400.0,10147.440000000006,5
9597,1246,60,165,0,165,125,40,0,30,30,0,30,180,65,45954.94500000001,19125.0,26829.945000000007,5
9598,1246,60,185,0,185,145,40,0,25,25,0,25,200,15,7783.560000000001,20825.0,-13041.439999999999,5
9599,1246,75,140,0,140,140,0,0,35,35,0,35,210,5,2634.1200000000003,18275.0,-15640.88,5
9600,1246,50,160,0,160,150,10,0,40,40,0,35,195,40,27453.285000000003,17850.0,9603.285000000005,5
9601,1246,110,140,0,140,130,10,0,35,35,0,35,235,30,19553.310000000005,21250.0,-1696.6899999999964,5
9602,1246,55,160,0,160,150,5,5,35,35,0,35,200,15,7507.080000000001,18275.0,-10767.919999999998,5
9603,1246,70,180,0,180,155,0,25,35,35,0,35,220,30,18673.11,21250.0,-2576.8899999999985,5
9604,1246,100,145,0,145,125,15,5,60,60,0,60,220,30,16306.56,20825.0,-4518.4400000000005,5
9605,1246,65,140,0,140,140,0,0,40,40,0,40,200,30,16973.460000000006,17425.0,-451.5399999999954,5
9606,1246,50,170,0,170,150,0,20,45,45,0,40,195,15,6980.040000000001,18700.0,-11719.96,5
9607,1246,45,165,0,165,150,5,10,35,35,0,35,190,35,22706.910000000003,17850.0,4856.910000000003,5
9608,1246,50,175,0,175,130,25,20,45,45,0,45,175,35,20734.920000000002,19125.0,1609.920000000002,5
9609,1246,85,145,0,145,135,5,5,50,50,0,50,215,30,16108.920000000002,19550.0,-3441.079999999997,5
9610,1246,80,155,0,155,150,5,0,30,30,0,30,225,40,29478.645000000004,19975.0,9503.645000000006,5
9611,1246,35,185,0,185,170,0,15,30,30,0,30,200,35,21645.9,18700.0,2945.9000000000015,5
9612,1246,45,180,0,180,165,15,0,30,30,0,30,205,45,28474.920000000002,19125.0,9349.920000000002,5
9613,1246,40,180,0,180,135,30,15,40,40,0,35,170,40,24679.620000000003,18700.0,5979.620000000004,5
9614,1246,40,165,0,165,140,5,20,30,30,0,30,175,45,32207.827499999992,17425.0,14782.827499999994,5
9615,1246,40,170,0,170,150,10,10,30,30,0,30,185,10,5607.0,17850.0,-12243.0,5
9616,1246,50,170,0,170,160,5,5,40,40,0,40,205,20,11121.840000000002,18700.0,-7578.159999999998,5
9617,1246,40,180,0,180,145,10,25,25,25,0,25,180,15,8868.060000000001,18700.0,-9831.939999999999,5
9618,1246,50,175,0,175,130,25,20,45,45,0,45,175,30,17552.88,19125.0,-1572.1199999999976,5
9619,1246,50,160,0,160,135,20,5,35,35,0,30,180,45,34158.71250000001,17850.0,16308.712500000005,5
9620,1246,85,145,0,145,145,0,0,45,45,0,45,225,10,4872.960000000001,19550.0,-14677.039999999999,5
9621,1246,90,150,0,150,110,35,5,30,30,0,30,195,30,20253.69,20400.0,-146.31000000000085,5
9622,1246,80,160,0,160,125,30,5,40,40,0,40,200,20,11897.1,20400.0,-8502.9,5
9623,1246,65,170,0,170,160,10,0,45,45,0,40,220,15,7271.639999999999,19975.0,-12703.36,5
9624,1246,50,170,0,170,125,20,25,45,45,0,45,170,25,15781.050000000003,18700.0,-2918.9499999999975,5
9625,1246,40,180,0,180,140,30,10,35,35,0,35,175,25,12826.440000000002,18700.0,-5873.559999999998,5
9626,1246,80,155,0,155,155,0,0,35,35,0,35,230,20,11004.840000000002,19975.0,-8970.159999999998,5
9627,1246,60,165,0,165,130,20,15,55,55,0,55,185,20,10668.600000000002,19125.0,-8456.399999999998,5
9628,1246,75,150,0,150,145,0,5,45,45,0,45,215,30,16498.260000000002,19125.0,-2626.74,5
9629,1246,30,205,0,205,180,15,10,25,25,0,25,205,0,0.0,19975.0,-19975.0,5
9630,1246,40,165,0,165,165,0,0,30,30,0,30,200,40,26274.105000000003,17425.0,8849.105000000003,5
9631,1246,100,130,0,130,120,10,0,55,55,0,55,215,55,29698.56,19550.0,10148.560000000001,5
9632,1246,90,155,0,155,145,5,5,35,35,0,35,230,25,14194.260000000002,20825.0,-6630.739999999998,5
9633,1246,60,175,0,175,145,5,25,30,30,0,30,200,30,20562.255,19975.0,587.2550000000001,5
9634,1246,75,175,0,175,145,0,30,40,40,0,35,215,15,7733.160000000002,21250.0,-13516.839999999997,5
9635,1246,65,165,0,165,140,10,15,35,35,0,35,200,35,17679.960000000003,19550.0,-1870.0399999999968,5
9636,1246,100,135,0,135,130,5,0,50,50,0,50,225,25,14700.240000000002,19975.0,-5274.759999999998,5
9637,1246,65,155,0,155,150,0,5,45,45,0,45,210,30,20628.135000000002,18700.0,1928.135000000002,5
9638,1246,50,170,0,170,150,0,20,30,30,0,30,195,40,26446.59,18700.0,7746.590000000001,5
9639,1246,55,170,0,170,135,10,25,50,50,0,50,185,40,25632.585000000003,19125.0,6507.585000000004,5
9640,1246,35,185,0,185,175,0,10,10,10,0,10,205,5,2706.4800000000005,18700.0,-15993.519999999999,5
9641,1246,35,180,0,180,145,35,0,25,25,0,25,175,35,22562.1,18275.0,4287.1,5
9642,1246,75,155,0,155,115,30,10,70,70,0,70,185,10,4983.4800000000005,19550.0,-14566.52,5
9643,1246,60,180,0,180,145,0,35,50,50,0,50,200,35,20229.84,20400.0,-170.1599999999985,5
9644,1246,65,160,0,160,145,5,10,65,65,0,60,205,65,40608.27000000001,19125.0,21483.27000000001,5
9645,1246,50,160,0,160,110,50,0,45,45,0,45,155,75,51429.10500000002,17850.0,33579.10500000002,5
9646,1246,55,175,0,175,155,5,15,35,35,0,35,205,25,13163.040000000003,19550.0,-6386.959999999997,5
9647,1246,55,170,0,170,145,0,25,35,35,0,35,195,30,15896.7,19125.0,-3228.2999999999993,5
9648,1246,80,150,0,150,125,20,5,30,30,0,30,200,15,9011.880000000003,19550.0,-10538.119999999997,5
9649,1246,40,200,0,200,130,40,30,30,30,0,30,165,10,4891.68,20400.0,-15508.32,5
9650,1246,45,185,0,185,150,0,35,40,40,0,40,190,25,14180.220000000001,19550.0,-5369.779999999999,5
9651,1246,60,160,0,160,160,0,0,40,40,0,40,215,35,20534.040000000005,18700.0,1834.0400000000045,5
9652,1246,85,130,0,130,90,25,15,85,85,0,80,170,40,21502.260000000006,18275.0,3227.2600000000057,5
9653,1246,85,165,0,165,155,0,10,35,35,0,35,235,20,11113.02,21250.0,-10136.98,5
9654,1246,65,170,0,170,120,30,20,50,50,0,50,180,40,19189.08,19975.0,-785.9199999999964,5
9655,1246,65,165,0,165,155,0,10,35,35,0,35,215,40,25237.575,19550.0,5687.575000000002,5
9656,1246,45,185,0,185,155,25,5,35,35,0,35,195,10,6519.42,19550.0,-13030.58,5
9657,1246,60,175,0,175,120,15,40,50,50,0,50,175,30,15744.24,19975.0,-4230.76,5
9658,1246,55,155,0,155,120,15,20,30,30,0,30,170,10,4966.920000000001,17850.0,-12883.08,5
9659,1246,50,170,0,170,125,35,10,40,40,0,40,170,45,26787.06,18700.0,8087.060000000001,5
9660,1246,70,155,0,155,150,0,5,55,55,0,55,215,25,12543.48,19125.0,-6581.52,5
9661,1246,65,155,0,155,110,25,20,50,50,0,50,170,75,51753.645,18700.0,33053.645,5
9662,1246,55,180,0,180,115,50,15,45,45,0,45,165,50,29936.07,19975.0,9961.07,5
9663,1246,100,155,0,155,150,5,0,45,45,0,45,245,25,13340.880000000001,21675.0,-8334.119999999999,5
9664,1246,115,130,0,130,130,0,0,40,40,0,40,240,25,12267.720000000001,20825.0,-8557.279999999999,5
9665,1246,35,185,0,185,140,25,20,30,30,0,30,170,30,19799.730000000003,18700.0,1099.7300000000018,5
9666,1246,130,140,0,140,140,0,0,25,25,0,25,265,25,13516.740000000002,22950.0,-9433.259999999998,5
9667,1246,85,165,0,165,160,5,0,25,25,0,25,240,25,12819.240000000002,21250.0,-8430.759999999998,5
9668,1246,65,165,0,165,155,0,10,40,40,0,40,215,30,15577.560000000003,19550.0,-3972.439999999997,5
9669,1246,50,165,0,165,165,0,0,35,35,0,35,210,30,18059.94,18275.0,-215.06000000000085,5
9670,1246,40,180,0,180,160,5,15,35,35,0,35,195,30,18526.41,18700.0,-173.58999999999924,5
9671,1246,60,165,0,165,135,5,25,45,45,0,45,190,35,21497.13,19125.0,2372.130000000002,5
9672,1246,90,155,0,155,150,5,0,35,35,0,35,235,25,12168.000000000002,20825.0,-8656.999999999998,5
9673,1246,40,180,0,180,135,45,0,35,35,0,35,170,25,15342.48,18700.0,-3357.5199999999995,5
9674,1246,70,160,0,160,110,40,10,55,55,0,55,175,50,25388.640000000007,19550.0,5838.640000000005,5
9675,1246,80,165,0,165,120,20,25,50,50,0,50,195,45,29580.165000000008,20825.0,8755.165000000006,5
9676,1246,50,195,0,195,115,35,45,45,45,0,45,160,45,28001.88,20825.0,7176.880000000001,5
9677,1246,90,150,0,150,135,0,15,50,50,0,45,220,30,20154.33,20400.0,-245.67000000000007,5
9678,1246,45,175,0,175,125,35,15,45,45,0,40,165,40,23661.54,18700.0,4961.54,5
9679,1246,60,175,0,175,155,20,0,30,30,0,30,210,30,19865.43,19975.0,-109.5699999999988,5
9680,1246,75,150,0,150,150,0,0,40,40,0,40,220,80,62167.12312500001,19125.0,43042.12312500001,5
9681,1246,75,140,0,140,115,25,0,50,50,0,50,185,45,28753.11,18275.0,10478.11,5
9682,1246,45,175,0,175,140,20,15,35,35,0,35,180,35,20918.520000000004,18700.0,2218.520000000003,5
9683,1246,65,160,0,160,160,0,0,20,20,0,20,220,25,17500.185,19125.0,-1624.8149999999987,5
9684,1246,50,170,0,170,130,25,15,40,40,0,40,175,15,8883.180000000002,18700.0,-9816.819999999998,5
9685,1246,55,145,0,145,130,0,15,40,40,0,40,180,70,54139.31999999999,17000.0,37139.31999999999,5
9686,1246,35,175,0,175,165,10,0,30,30,0,30,195,15,7682.76,17850.0,-10167.24,5
9687,1246,70,155,0,155,155,0,0,15,15,0,15,220,50,40266.52875000001,19125.0,21141.528750000012,5
9688,1246,50,170,0,170,150,10,10,45,45,0,45,195,45,28062.450000000004,18700.0,9362.450000000004,5
9689,1246,40,200,0,200,130,40,30,35,35,0,35,165,45,31535.640000000003,20400.0,11135.640000000003,5
9690,1246,60,160,0,160,140,15,5,35,35,0,35,195,15,8999.820000000002,18700.0,-9700.179999999998,5
9691,1246,75,155,0,155,125,15,15,50,50,0,50,195,40,28478.745000000003,19550.0,8928.745000000003,5
9692,1246,80,165,0,165,155,0,10,25,25,0,25,230,10,5575.3200000000015,20825.0,-15249.679999999998,5
9693,1246,80,160,0,160,125,25,10,40,40,0,40,200,45,26537.4,20400.0,6137.400000000002,5
9694,1246,40,190,0,190,180,0,10,35,35,0,35,215,25,13082.76,19550.0,-6467.24,5
9695,1246,30,195,0,195,175,0,20,25,25,0,25,200,15,8626.5,19125.0,-10498.5,5
9696,1246,70,155,0,155,155,0,0,55,55,0,55,220,45,26537.49,19125.0,7412.4900000000025,5
9697,1246,60,155,0,155,135,5,15,45,45,0,45,190,55,40661.707500000004,18275.0,22386.707500000004,5
9698,1246,55,175,0,175,135,0,40,40,40,0,40,185,15,8082.000000000002,19550.0,-11467.999999999996,5
9699,1246,50,170,0,170,140,5,25,40,40,0,40,185,55,33761.43000000001,18700.0,15061.43000000001,5
9700,1246,105,110,0,110,110,0,0,55,55,0,55,210,50,32502.330000000005,18275.0,14227.330000000005,5
9701,1246,65,155,0,155,145,5,5,50,50,0,50,205,30,16467.3,18700.0,-2232.7,5
9702,1246,65,150,0,150,125,20,5,55,55,0,55,185,35,22107.33,18275.0,3832.3300000000017,5
9703,1246,40,180,0,180,140,25,15,30,30,0,30,175,45,31514.850000000006,18700.0,12814.850000000006,5
9704,1246,55,155,0,155,130,15,10,40,40,0,40,180,60,43822.530000000006,17850.0,25972.530000000006,5
9705,1246,50,170,0,170,140,10,20,45,45,0,45,185,30,18148.59,18700.0,-551.4100000000008,5
9706,1246,60,165,0,165,120,15,30,45,45,0,45,175,35,18207.000000000004,19125.0,-917.9999999999973,5
9707,1246,65,175,0,175,150,5,20,55,55,0,55,210,35,18488.88,20400.0,-1911.1199999999985,5
9708,1246,50,165,0,165,160,0,5,45,45,0,45,205,20,12116.7,18275.0,-6158.299999999999,5
9709,1246,65,140,0,140,135,5,0,60,60,0,55,195,50,28289.700000000008,17425.0,10864.700000000008,5
9710,1246,95,110,0,110,85,5,20,65,65,0,65,175,125,93181.44375000003,17425.0,75756.44375000003,5
9711,1246,85,155,0,155,155,0,0,35,35,0,35,235,20,11617.740000000002,20400.0,-8782.259999999998,5
9712,1246,60,155,0,155,150,0,5,25,25,0,20,205,35,24013.845000000005,18275.0,5738.845000000006,5
9713,1246,50,175,0,175,130,20,25,40,40,0,40,175,35,19906.02,19125.0,781.0200000000009,5
9714,1246,65,160,0,160,155,0,5,40,40,0,40,215,30,15548.04,19125.0,-3576.959999999999,5
9715,1246,50,175,0,175,150,5,20,40,40,0,40,195,35,18812.7,19125.0,-312.2999999999979,5
9716,1246,55,160,0,160,145,15,0,40,40,0,40,195,50,32651.2575,18275.0,14376.257500000002,5
9717,1246,40,180,0,180,180,0,0,25,25,0,25,215,15,7284.6,18700.0,-11415.4,5
9718,1246,55,165,0,165,145,0,20,35,35,0,35,195,10,5276.160000000001,18700.0,-13423.84,5
9719,1246,95,150,0,150,145,5,0,40,40,0,40,235,25,13762.98,20825.0,-7062.02,5
9720,1246,60,165,0,165,120,30,15,55,55,0,55,175,40,24848.190000000002,19125.0,5723.190000000004,5
9721,1246,70,160,0,160,140,5,15,35,35,0,35,205,35,22031.010000000002,19550.0,2481.010000000001,5
9722,1246,80,175,0,175,170,0,5,25,25,0,25,245,5,2634.1200000000003,21675.0,-19040.88,5
9723,1246,45,190,0,190,140,25,25,40,40,0,40,180,35,22732.65,19975.0,2757.6500000000033,5
9724,1246,80,145,0,145,105,10,30,50,50,0,50,180,50,32775.48000000001,19125.0,13650.480000000007,5
9725,1246,90,135,0,135,130,5,0,55,55,0,55,215,35,18898.38,19125.0,-226.61999999999807,5
9726,1246,40,190,0,190,150,25,15,25,25,0,25,185,15,10630.26,19550.0,-8919.74,5
9727,1246,105,160,0,160,145,0,15,35,35,0,35,245,25,15826.410000000003,22525.0,-6698.5899999999965,5
9728,1246,90,140,0,140,130,10,0,60,60,0,55,215,50,26978.940000000006,19550.0,7428.940000000007,5
9729,1246,60,165,0,165,145,10,10,45,45,0,45,200,45,33709.93875,19125.0,14584.938750000001,5
9730,1246,40,175,0,175,175,0,0,20,20,0,20,210,20,11962.800000000003,18275.0,-6312.199999999998,5
9731,1246,40,170,0,170,145,20,5,35,35,0,35,180,45,34145.235,17850.0,16295.235000000002,5
9732,1246,100,130,0,130,120,10,0,55,55,0,55,215,30,15656.760000000002,19550.0,-3893.2399999999984,5
9733,1246,50,165,0,165,150,15,0,35,35,0,35,195,50,37287.12937500001,18275.0,19012.129375000008,5
9734,1246,70,160,0,160,140,0,20,45,45,0,45,205,25,12292.2,19550.0,-7257.799999999999,5
9735,1246,60,165,0,165,120,25,20,50,50,0,50,175,40,24607.710000000006,19125.0,5482.710000000006,5
9736,1246,70,155,0,155,130,0,25,40,40,0,40,195,20,10887.119999999999,19125.0,-8237.880000000001,5
9737,1246,45,185,0,185,155,15,15,40,40,0,40,195,25,13994.820000000003,19550.0,-5555.179999999996,5
9738,1246,60,190,0,190,150,20,20,15,15,0,15,205,15,10799.730000000001,21250.0,-10450.269999999999,5
9739,1246,35,180,0,180,140,20,20,35,35,0,30,170,45,33459.5025,18275.0,15184.502500000002,5
9740,1246,20,190,0,190,165,5,20,15,15,0,15,180,20,13045.050000000003,17850.0,-4804.949999999997,5
9741,1246,45,170,0,170,140,10,20,40,40,0,40,180,45,28090.170000000002,18275.0,9815.170000000002,5
9742,1246,80,150,0,150,140,0,10,45,45,0,45,215,45,28375.47,19550.0,8825.470000000001,5
9743,1246,50,155,0,155,145,5,5,25,25,0,20,190,30,16008.660000000002,17425.0,-1416.3399999999979,5
9744,1246,90,140,0,140,140,0,0,45,45,0,45,225,70,47454.00750000001,19550.0,27904.007500000007,5
9745,1246,115,145,0,145,145,0,0,35,35,0,35,255,10,4916.88,22100.0,-17183.12,5
9746,1246,45,190,0,190,165,0,25,25,25,0,25,205,5,2903.400000000001,19975.0,-17071.6,5
9747,1246,80,145,0,145,135,10,0,40,40,0,40,210,35,21263.850000000006,19125.0,2138.8500000000067,5
9748,1246,100,145,0,145,135,0,10,40,40,0,40,230,20,11611.980000000001,20825.0,-9213.019999999999,5
9749,1246,45,180,0,180,145,15,20,40,40,0,40,185,20,11878.920000000002,19125.0,-7246.079999999997,5
9750,1246,60,160,0,160,145,10,5,40,40,0,40,200,25,12256.92,18700.0,-6443.08,5
9751,1246,75,150,0,150,145,0,5,55,55,0,50,215,60,38164.275,19125.0,19039.275,5
9752,1246,120,145,0,145,120,0,25,45,45,0,40,235,20,10141.200000000003,22525.0,-12383.799999999996,5
9753,1246,90,155,0,155,135,20,0,55,55,0,55,220,25,14183.100000000002,20825.0,-6641.899999999998,5
9754,1246,50,175,0,175,145,10,20,40,40,0,40,190,35,21690.450000000004,19125.0,2565.4500000000053,5
9755,1246,70,155,0,155,155,0,0,55,55,0,55,220,45,25615.89,19125.0,6490.889999999999,5
9756,1246,160,130,0,130,130,0,0,35,35,0,35,285,25,14136.300000000001,24650.0,-10513.699999999999,5
9757,1246,45,170,0,170,160,0,10,30,30,0,30,200,10,5048.64,18275.0,-13226.36,5
9758,1246,55,165,0,165,135,0,30,55,55,0,50,185,15,8794.619999999999,18700.0,-9905.380000000001,5
9759,1246,35,190,0,190,150,30,10,30,30,0,30,180,10,6357.420000000001,19125.0,-12767.579999999998,5
9760,1246,50,180,0,180,180,0,0,20,20,0,20,225,10,4790.52,19550.0,-14759.48,5
9761,1246,85,135,0,135,130,0,5,50,50,0,45,210,75,52716.06,18700.0,34016.06,5
9762,1246,80,170,0,170,145,5,20,25,25,0,25,220,15,8605.800000000001,21250.0,-12644.199999999999,5
9763,1246,40,180,0,180,170,10,0,20,20,0,20,205,10,4865.400000000001,18700.0,-13834.6,5
9764,1246,45,175,0,175,165,10,0,35,35,0,35,205,15,7938.3600000000015,18700.0,-10761.639999999998,5
9765,1246,105,135,0,135,135,0,0,65,65,0,65,235,20,9524.880000000001,20400.0,-10875.119999999999,5
9766,1246,50,165,0,165,115,15,35,45,45,0,45,160,30,21713.805,18275.0,3438.805000000002,5
9767,1246,80,135,0,135,125,0,10,60,60,0,60,200,50,33085.530000000006,18275.0,14810.530000000002,5
9768,1246,70,175,0,175,155,0,20,25,25,0,25,220,10,4741.200000000001,20825.0,-16083.8,5
9769,1246,70,160,0,160,140,0,20,40,40,0,40,205,55,36900.5175,19550.0,17350.517500000005,5
9770,1246,55,180,0,180,170,0,10,25,25,0,25,220,10,7002.0,19975.0,-12973.0,5
9771,1246,75,165,0,165,115,30,20,65,65,0,65,185,50,29106.630000000005,20400.0,8706.630000000005,5
9772,1246,55,175,0,175,120,20,35,50,50,0,50,170,55,36999.315,19550.0,17449.315000000002,5
9773,1246,60,160,0,160,155,0,5,35,35,0,35,210,10,5004.3600000000015,18700.0,-13695.64,5
9774,1246,80,145,0,145,130,5,10,50,50,0,50,205,55,33993.450000000004,19125.0,14868.450000000003,5
9775,1246,40,170,0,170,160,5,5,35,35,0,35,195,35,22651.740000000005,17850.0,4801.740000000004,5
9776,1246,35,190,0,190,155,20,15,25,25,0,20,185,25,16209.36,19125.0,-2915.6399999999985,5
9777,1246,55,170,0,170,155,0,15,35,35,0,35,205,25,14655.420000000002,19125.0,-4469.579999999998,5
9778,1246,90,165,0,165,120,10,35,30,30,0,30,205,0,0.0,21675.0,-21675.0,5
9779,1246,80,150,0,150,140,0,10,30,30,0,30,215,20,11759.580000000002,19550.0,-7790.419999999999,5
9780,1246,75,155,0,155,150,5,0,35,35,0,35,220,45,32092.785000000003,19550.0,12542.785000000003,5
9781,1246,60,165,0,165,130,25,10,55,55,0,55,185,10,5180.400000000001,19125.0,-13944.6,5
9782,1246,55,185,0,185,145,15,25,40,40,0,40,195,40,28847.947500000002,20400.0,8447.9475,5
9783,1246,50,165,0,165,145,20,0,40,40,0,40,190,40,25583.445,18275.0,7308.4450000000015,5
9784,1246,75,155,0,155,135,0,20,50,50,0,45,205,40,24607.530000000002,19550.0,5057.530000000002,5
9785,1246,55,170,0,170,170,0,0,35,35,0,35,220,25,14421.24,19125.0,-4703.76,5
9786,1246,45,210,0,210,125,55,30,40,40,0,40,165,25,12731.400000000001,21675.0,-8943.599999999999,5
9787,1246,25,195,0,195,185,0,10,15,15,0,15,205,5,2634.1200000000003,18700.0,-16065.88,5
9788,1246,85,155,0,155,145,0,10,35,35,0,35,225,45,30588.525000000005,20400.0,10188.525000000005,5
9789,1246,50,175,0,175,135,20,20,45,45,0,40,180,40,25871.85000000001,19125.0,6746.850000000009,5
9790,1246,65,170,0,170,145,20,5,40,40,0,40,205,25,13943.340000000004,19975.0,-6031.659999999997,5
9791,1246,75,150,0,150,130,0,20,35,35,0,35,200,40,25160.67,19125.0,6035.67,5
9792,1246,95,160,0,160,110,20,30,30,30,0,30,200,40,23940.45,21675.0,2265.4500000000007,5
9793,1246,40,200,0,200,130,40,30,30,30,0,30,165,30,16992.540000000005,20400.0,-3407.4599999999964,5
9794,1246,65,170,0,170,155,0,15,30,30,0,30,215,35,22236.03,19975.0,2261.0300000000007,5
9795,1246,60,170,0,170,120,30,20,40,40,0,40,175,50,33608.677500000005,19550.0,14058.677500000003,5
9796,1246,60,185,0,185,185,0,0,20,20,0,20,240,30,17911.710000000003,20825.0,-2913.2899999999972,5
9797,1246,80,165,0,165,165,0,0,25,25,0,25,240,25,18372.825000000004,20825.0,-2452.1749999999975,5
9798,1246,145,125,0,125,115,0,10,40,40,0,40,255,25,15452.640000000007,22950.0,-7497.359999999994,5
9799,1246,40,160,0,160,155,5,0,35,35,0,35,190,80,57069.13500000001,17000.0,40069.13500000001,5
9800,1246,50,165,0,165,155,5,5,35,35,0,35,200,15,7426.4400000000005,18275.0,-10848.56,5
9801,1246,55,165,0,165,165,0,0,45,45,0,45,215,35,21533.58,18700.0,2833.5800000000017,5
9802,1246,55,160,0,160,150,0,10,45,45,0,45,200,40,28094.107500000006,18275.0,9819.107500000006,5
9803,1246,55,170,0,170,135,20,15,45,45,0,45,185,30,17525.700000000004,19125.0,-1599.299999999996,5
9804,1246,50,170,0,170,160,0,10,25,25,0,25,205,20,12119.04,18700.0,-6580.96,5
9805,1246,55,160,0,160,130,10,20,45,45,0,45,180,40,23111.100000000002,18275.0,4836.100000000001,5
9806,1246,85,160,0,160,160,0,0,45,45,0,45,240,35,18153.0,20825.0,-2671.999999999998,5
9807,1246,50,195,0,195,165,0,30,15,15,0,15,210,15,7507.080000000001,20825.0,-13317.919999999998,5
9808,1246,50,170,0,170,140,0,30,45,45,0,40,185,30,16594.74,18700.0,-2105.2599999999984,5
9809,1246,35,170,0,170,150,10,10,35,35,0,30,180,55,38925.00000000001,17425.0,21500.000000000007,5
9810,1246,105,125,0,125,110,0,15,70,70,0,65,210,50,29228.670000000002,19550.0,9678.670000000002,5
9811,1246,55,155,0,155,140,5,10,50,50,0,50,190,55,37046.63250000001,17850.0,19196.63250000001,5
9812,1246,95,140,0,140,140,0,0,40,40,0,40,230,25,15815.16,19975.0,-4159.839999999999,5
9813,1246,60,170,0,170,145,5,20,35,35,0,35,200,55,40013.6625,19550.0,20463.6625,5
9814,1246,65,165,0,165,145,5,15,45,45,0,45,205,15,9556.02,19550.0,-9993.98,5
9815,1246,75,175,0,175,120,15,40,35,35,0,35,190,25,13170.240000000002,21250.0,-8079.759999999998,5
9816,1246,90,155,0,155,105,15,35,55,55,0,50,190,45,28032.660000000003,20825.0,7207.660000000005,5
9817,1246,40,165,0,165,165,0,0,35,35,0,35,200,25,13032.720000000001,17425.0,-4392.279999999999,5
9818,1246,45,175,0,175,150,20,5,25,25,0,25,190,35,22837.500000000004,18700.0,4137.500000000005,5
9819,1246,55,165,0,165,130,20,15,50,50,0,50,180,85,57651.48000000002,18700.0,38951.48000000002,5
9820,1246,45,175,0,175,175,0,0,35,35,0,35,215,10,5224.32,18700.0,-13475.68,5
9821,1246,60,165,0,165,155,0,10,30,30,0,25,210,15,8670.42,19125.0,-10454.580000000002,5
9822,1246,105,135,0,135,135,0,0,35,35,0,35,235,35,21206.43,20400.0,806.4300000000003,5
9823,1246,60,155,0,155,150,0,5,45,45,0,40,205,50,37163.48625000001,18275.0,18888.48625000001,5
9824,1246,50,175,0,175,145,10,20,50,50,0,45,190,35,21732.66,19125.0,2607.6600000000008,5
9825,1246,75,165,0,165,165,0,0,35,35,0,35,235,25,14466.42,20400.0,-5933.58,5
9826,1246,115,130,0,130,120,0,10,55,55,0,55,230,30,17050.86,20825.0,-3774.14,5
9827,1246,50,175,0,175,150,15,10,40,40,0,40,195,50,28263.420000000006,19125.0,9138.420000000006,5
9828,1246,105,145,0,145,140,0,5,25,25,0,25,240,30,20401.020000000004,21250.0,-848.9799999999968,5
9829,1246,85,140,0,140,125,5,10,50,50,0,50,205,70,48801.94875000001,19125.0,29676.94875000001,5
9830,1246,45,185,0,185,125,30,30,40,40,0,40,165,55,40413.3525,19550.0,20863.3525,5
9831,1246,60,175,0,175,100,35,40,55,55,0,55,155,35,21382.29,19975.0,1407.2900000000027,5
9832,1246,35,180,0,180,140,20,20,30,30,0,30,170,15,8001.000000000002,18275.0,-10273.999999999998,5
9833,1246,70,160,0,160,160,0,0,40,40,0,35,225,5,2634.1200000000003,19550.0,-16915.88,5
9834,1246,50,170,0,170,150,0,20,35,35,0,35,195,30,17337.600000000002,18700.0,-1362.3999999999978,5
9835,1246,85,160,0,160,160,0,0,35,35,0,30,240,10,4916.88,20825.0,-15908.119999999999,5
9836,1246,95,135,0,135,90,40,5,60,60,0,60,180,40,22444.2,19550.0,2894.2000000000007,5
9837,1246,120,125,0,125,125,0,0,45,45,0,45,240,20,11908.980000000001,20825.0,-8916.019999999999,5
9838,1246,55,165,0,165,165,0,0,45,45,0,45,215,20,11765.160000000003,18700.0,-6934.8399999999965,5
9839,1246,50,180,0,180,130,30,20,45,45,0,45,175,35,20955.33,19550.0,1405.3300000000036,5
9840,1246,95,145,0,145,125,0,20,40,40,0,40,215,30,17857.08,20400.0,-2542.919999999997,5
9841,1246,55,165,0,165,130,10,25,45,45,0,45,180,70,47396.58750000001,18700.0,28696.587500000005,5
9842,1246,55,185,0,185,120,40,25,50,50,0,50,170,60,40526.505000000005,20400.0,20126.505,5
9843,1246,120,145,0,145,125,0,20,45,45,0,45,240,40,23575.32,22525.0,1050.3200000000015,5
9844,1246,75,145,0,145,130,0,15,50,50,0,50,200,55,33358.770000000004,18700.0,14658.770000000004,5
9845,1246,90,160,0,160,155,0,5,40,40,0,40,240,35,23165.190000000002,21250.0,1915.1900000000023,5
9846,1246,50,170,0,170,125,10,35,45,45,0,45,170,40,27259.74,18700.0,8559.740000000002,5
9847,1246,105,140,0,140,140,0,0,40,40,0,40,240,20,11547.18,20825.0,-9277.82,5
9848,1246,55,150,0,150,120,15,15,40,40,0,40,170,55,34077.33000000001,17425.0,16652.33000000001,5
9849,1246,70,165,0,165,150,0,15,30,30,0,30,215,25,13924.619999999999,19975.0,-6050.38,5
9850,1246,50,175,0,175,135,20,20,40,40,0,40,180,25,13840.380000000003,19125.0,-5284.619999999997,5
9851,1246,80,135,0,135,130,0,5,40,40,0,40,205,75,62829.82406250001,18275.0,44554.82406250001,5
9852,1246,45,175,0,175,155,0,20,20,20,0,20,195,5,2378.16,18700.0,-16321.84,5
9853,1246,60,170,0,170,165,0,5,35,35,0,35,220,40,24504.570000000003,19550.0,4954.570000000003,5
9854,1246,50,160,0,160,150,0,10,35,35,0,35,195,10,7246.980000000001,17850.0,-10603.019999999999,5
9855,1246,85,135,0,135,125,0,10,65,65,0,60,205,60,42002.46000000001,18700.0,23302.46000000001,5
9856,1246,70,135,0,135,115,5,15,65,65,0,65,180,80,50935.41,17425.0,33510.41,5
9857,1246,70,160,0,160,150,0,10,45,45,0,45,215,10,4856.400000000001,19550.0,-14693.599999999999,5
9858,1246,80,150,0,150,135,10,5,55,55,0,55,210,50,31394.25,19550.0,11844.250000000002,5
9859,1246,85,165,0,165,165,0,0,40,40,0,40,245,55,33687.81,21250.0,12437.81,5
9860,1246,55,195,0,195,165,0,30,30,30,0,30,215,30,19278.450000000004,21250.0,-1971.5499999999975,5
9861,1246,100,150,0,150,140,10,0,40,40,0,40,235,50,32623.4925,21250.0,11373.492500000002,5
9862,1246,50,180,0,180,180,0,0,20,20,0,20,225,30,20551.23,19550.0,1001.2300000000005,5
9863,1246,90,120,0,120,115,5,0,55,55,0,55,200,30,16245.54,17850.0,-1604.4599999999991,5
9864,1246,65,155,0,155,125,15,15,40,40,0,40,185,25,18464.445,18700.0,-235.55499999999938,5
9865,1246,90,135,0,135,135,0,0,50,50,0,50,220,35,20750.400000000005,19125.0,1625.4000000000042,5
9866,1246,65,150,0,150,145,5,0,55,55,0,55,205,55,32306.31000000001,18275.0,14031.310000000009,5
9867,1246,90,150,0,150,145,5,0,50,50,0,45,230,25,12821.400000000003,20400.0,-7578.599999999997,5
9868,1246,50,170,0,170,105,40,25,45,45,0,40,150,45,27662.94000000001,18700.0,8962.940000000008,5
9869,1246,60,155,0,155,150,0,5,55,55,0,55,205,30,17424.18,18275.0,-850.8199999999988,5
9870,1246,65,175,0,175,105,45,25,60,60,0,60,165,40,21553.74,20400.0,1153.7400000000025,5
9871,1246,95,170,0,170,140,0,30,30,30,0,25,230,25,12775.320000000002,22525.0,-9749.679999999998,5
9872,1246,60,160,0,160,125,20,15,55,55,0,50,180,50,31428.540000000008,18700.0,12728.540000000008,5
9873,1246,110,140,0,140,115,10,15,50,50,0,50,220,75,53138.632500000014,21250.0,31888.632500000014,5
9874,1246,50,150,0,150,125,20,5,45,45,0,45,170,70,50518.44000000001,17000.0,33518.44000000001,5
9875,1246,60,170,0,170,130,10,30,50,50,0,50,185,50,34615.15875,19550.0,15065.158750000006,5
9876,1246,60,170,0,170,135,25,10,50,50,0,50,190,50,30847.86,19550.0,11297.86,5
9877,1246,65,170,0,170,145,0,25,45,45,0,45,205,15,7507.080000000001,19975.0,-12467.919999999998,5
9878,1246,75,150,0,150,145,0,5,40,40,0,40,215,30,18778.95,19125.0,-346.0500000000002,5
9879,1246,65,160,0,160,135,0,25,35,35,0,30,195,20,11334.420000000002,19125.0,-7790.579999999998,5
9880,1246,40,185,0,185,170,15,0,30,30,0,30,205,45,33223.15125,19125.0,14098.15125,5
9881,1246,60,180,0,180,110,50,20,45,45,0,45,165,35,19045.620000000003,20400.0,-1354.3799999999965,5
9882,1246,110,155,0,155,120,0,35,45,45,0,45,225,10,4872.960000000001,22525.0,-17652.04,5
9883,1246,45,170,0,170,145,10,15,30,30,0,30,185,10,4869.000000000001,18275.0,-13406.0,5
9884,1246,60,155,0,155,140,0,15,40,40,0,40,195,20,9789.840000000002,18275.0,-8485.159999999998,5
9885,1246,45,180,0,180,175,0,5,25,25,0,25,215,30,19326.780000000002,19125.0,201.78000000000338,5
9886,1246,65,175,0,175,95,60,20,55,55,0,55,155,55,34982.46,20400.0,14582.460000000001,5
9887,1246,120,145,0,145,130,0,15,25,25,0,25,245,40,29223.450000000004,22525.0,6698.450000000003,5
9888,1246,50,180,0,180,155,15,10,40,40,0,40,200,40,25441.110000000004,19550.0,5891.110000000003,5
9889,1246,80,150,0,150,145,0,5,45,45,0,45,220,35,21659.04,19550.0,2109.04,5
9890,1246,125,135,0,135,120,15,0,45,45,0,45,240,35,19669.860000000004,22100.0,-2430.1399999999967,5
9891,1246,65,165,0,165,165,0,0,35,35,0,35,225,30,16388.100000000006,19550.0,-3161.899999999996,5
9892,1246,95,135,0,135,135,0,0,40,40,0,40,225,40,23512.68,19550.0,3962.6800000000003,5
9893,1246,40,195,0,195,145,25,25,35,35,0,35,180,30,17571.960000000003,19975.0,-2403.0399999999986,5
9894,1246,125,145,0,145,135,0,10,30,30,0,30,255,25,15101.460000000003,22950.0,-7848.539999999998,5
9895,1246,65,160,0,160,145,0,15,30,30,0,30,205,10,4862.52,19125.0,-14262.48,5
9896,1246,60,145,0,145,115,30,0,45,45,0,45,170,75,53905.56750000002,17425.0,36480.56750000002,5
9897,1246,65,170,0,170,115,20,35,55,55,0,55,175,65,43716.69000000001,19975.0,23741.69000000001,5
9898,1246,75,155,0,155,130,0,25,60,60,0,60,200,60,34694.82000000001,19550.0,15144.820000000009,5
9899,1246,80,160,0,160,150,0,10,40,40,0,35,225,20,11335.140000000001,20400.0,-9064.859999999999,5
9900,1246,60,160,0,160,155,0,5,35,35,0,35,210,20,13767.57,18700.0,-4932.429999999999,5
9901,1246,65,145,0,145,130,10,5,55,55,0,55,190,55,36058.365000000005,17850.0,18208.365000000005,5
9902,1246,70,145,0,145,120,15,10,60,60,0,60,185,40,21018.780000000002,18275.0,2743.7800000000016,5
9903,1246,90,155,0,155,135,10,10,45,45,0,45,220,35,23628.105000000003,20825.0,2803.105000000005,5
9904,1246,75,150,0,150,140,0,10,55,55,0,55,210,25,13250.7,19125.0,-5874.299999999998,5
9905,1246,45,155,0,155,145,0,10,35,35,0,35,185,15,8780.220000000001,17000.0,-8219.779999999999,5
9906,1246,75,155,0,155,145,0,10,35,35,0,35,215,40,25955.280000000006,19550.0,6405.280000000007,5
9907,1246,50,165,0,165,130,10,25,40,40,0,40,175,45,24531.03,18275.0,6256.030000000001,5
9908,1246,100,145,0,145,145,0,0,25,25,0,25,240,40,26135.730000000003,20825.0,5310.730000000003,5
9909,1246,80,170,0,170,160,0,10,30,30,0,30,235,20,11104.74,21250.0,-10145.26,5
9910,1246,45,170,0,170,150,5,15,40,40,0,40,190,50,32631.885000000002,18275.0,14356.885000000002,5
9911,1246,60,165,0,165,160,0,5,25,25,0,25,215,20,13200.66,19125.0,-5924.34,5
9912,1246,50,165,0,165,125,25,15,45,45,0,45,170,30,17398.440000000002,18275.0,-876.5599999999972,5
9913,1246,40,180,0,180,145,0,35,35,35,0,30,180,15,8494.74,18700.0,-10205.26,5
9914,1246,65,155,0,155,130,25,0,40,40,0,40,190,55,41014.01250000001,18700.0,22314.012500000008,5
9915,1246,45,175,0,175,140,15,20,40,40,0,35,180,20,9877.680000000002,18700.0,-8822.319999999998,5
9916,1246,65,175,0,175,120,30,25,40,40,0,40,180,50,30386.250000000007,20400.0,9986.25000000001,5
9917,1246,50,180,0,180,170,0,10,20,20,0,20,215,10,5268.240000000001,19550.0,-14281.759999999998,5
9918,1246,75,165,0,165,130,5,30,50,50,0,45,200,40,23299.920000000002,20400.0,2899.920000000002,5
9919,1246,120,155,0,155,145,0,10,35,35,0,35,260,10,4841.280000000001,23375.0,-18533.719999999998,5
9920,1246,70,145,0,145,125,15,5,50,50,0,50,190,60,37615.23,18275.0,19340.230000000007,5
9921,1246,80,155,0,155,150,0,5,40,40,0,40,225,30,15725.700000000004,19975.0,-4249.299999999996,5
9922,1246,120,130,0,130,130,0,0,60,60,0,60,245,45,26307.18,21250.0,5057.1799999999985,5
9923,1246,50,160,0,160,150,0,10,40,40,0,40,195,15,8163.720000000001,17850.0,-9686.279999999999,5
9924,1246,65,170,0,170,160,10,0,30,30,0,30,220,15,7852.68,19975.0,-12122.32,5
9925,1246,55,180,0,180,145,30,5,50,50,0,50,195,20,9745.920000000002,19975.0,-10229.079999999998,5
9926,1246,140,115,0,115,105,0,10,50,50,0,50,240,35,20570.580000000005,21675.0,-1104.4199999999955,5
9927,1246,75,180,0,180,120,55,5,40,40,0,35,190,25,15047.640000000001,21675.0,-6627.359999999999,5
9928,1246,50,175,0,175,165,0,10,35,35,0,35,210,20,10065.600000000002,19125.0,-9059.399999999998,5
9929,1246,75,155,0,155,155,0,0,50,50,0,50,225,25,12604.320000000003,19550.0,-6945.679999999998,5
9930,1246,30,195,0,195,175,5,15,20,20,0,20,200,15,9065.699999999999,19125.0,-10059.300000000001,5
9931,1246,70,155,0,155,140,0,15,45,45,0,45,205,30,16732.980000000003,19125.0,-2392.0199999999977,5
9932,1246,50,170,0,170,125,25,20,45,45,0,45,170,80,64514.554453125005,18700.0,45814.554453125005,5
9933,1246,70,140,0,140,130,0,10,50,50,0,50,195,35,20566.620000000003,17850.0,2716.6200000000026,5
9934,1246,60,170,0,170,150,5,15,30,30,0,25,205,25,15365.52,19550.0,-4184.479999999999,5
9935,1246,70,170,0,170,160,0,10,30,30,0,30,225,20,10316.880000000001,20400.0,-10083.119999999999,5
9936,1246,30,175,0,175,175,0,0,20,20,0,20,200,5,3072.9600000000005,17425.0,-14352.039999999999,5
9937,1246,65,155,0,155,145,5,5,45,45,0,45,205,20,11437.02,18700.0,-7262.98,5
9938,1246,75,155,0,155,145,0,10,40,40,0,40,215,55,40623.60375000001,19550.0,21073.603750000006,5
9939,1246,55,185,0,185,125,55,5,50,50,0,50,175,10,4872.960000000001,20400.0,-15527.039999999999,5
9940,1246,90,145,0,145,135,0,10,40,40,0,40,220,30,18384.390000000003,19975.0,-1590.609999999997,5
9941,1246,40,175,0,175,145,5,25,35,35,0,35,180,40,25788.285000000003,18275.0,7513.285000000005,5
9942,1246,45,175,0,175,165,5,5,25,25,0,25,205,10,4829.040000000001,18700.0,-13870.96,5
9943,1246,70,140,0,140,135,0,5,40,40,0,40,200,60,45313.2675,17850.0,27463.2675,5
9944,1246,40,155,0,155,150,0,5,20,20,0,20,185,20,16358.535000000002,16575.0,-216.46499999999833,5
9945,1246,85,145,0,145,145,0,0,40,40,0,40,225,25,13469.400000000003,19550.0,-6080.599999999997,5
9946,1246,95,135,0,135,135,0,0,45,45,0,40,225,35,22381.830000000005,19550.0,2831.8300000000045,5
9947,1246,115,150,0,150,150,0,0,35,35,0,35,260,30,15145.560000000001,22525.0,-7379.44,5
9948,1246,80,140,0,140,140,0,0,35,35,0,35,215,20,12072.600000000002,18700.0,-6627.399999999998,5
9949,1246,50,175,0,175,145,10,20,45,45,0,40,190,65,44995.725000000006,19125.0,25870.725000000002,5
9950,1246,80,135,0,135,120,15,0,50,50,0,50,195,30,18487.08,18275.0,212.0800000000031,5
9951,1246,90,135,0,135,120,0,15,70,70,0,70,205,60,37494.945,19125.0,18369.945000000003,5
9952,1246,50,175,0,175,150,15,10,35,35,0,35,195,25,13571.100000000002,19125.0,-5553.899999999999,5
9953,1246,75,155,0,155,125,10,20,50,50,0,50,195,50,28436.040000000008,19550.0,8886.040000000008,5
9954,1246,70,135,0,135,120,10,5,65,65,0,65,185,70,41514.390000000014,17425.0,24089.390000000014,5
9955,1246,70,180,0,180,125,15,40,50,50,0,50,190,35,20504.520000000004,21250.0,-745.4799999999977,5
9956,1246,75,145,0,145,130,0,15,35,35,0,35,200,25,14619.060000000001,18700.0,-4080.9399999999982,5
9957,1246,75,150,0,150,120,5,25,60,60,0,60,190,55,32194.710000000006,19125.0,13069.710000000005,5
9958,1246,85,160,0,160,145,0,15,30,30,0,30,225,20,11988.720000000001,20825.0,-8836.279999999999,5
9959,1246,65,150,0,150,145,0,5,45,45,0,45,205,40,21377.700000000004,18275.0,3102.7000000000044,5
9960,1246,60,170,0,170,135,15,20,40,40,0,40,190,50,35894.79,19550.0,16344.790000000003,5
9961,1246,110,140,0,140,140,0,0,40,40,0,40,245,60,48028.20468750001,21250.0,26778.20468750001,5
9962,1246,30,190,0,190,140,30,20,25,25,0,25,165,15,8668.980000000001,18700.0,-10031.019999999999,5
9963,1246,65,150,0,150,150,0,0,35,35,0,35,210,30,17542.440000000002,18275.0,-732.5599999999986,5
9964,1246,80,150,0,150,120,30,0,45,45,0,45,195,40,22406.039999999997,19550.0,2856.039999999998,5
9965,1246,80,165,0,165,165,0,0,30,30,0,30,240,15,7682.76,20825.0,-13142.24,5
9966,1246,60,170,0,170,160,0,10,45,45,0,45,215,20,11699.82,19550.0,-7850.18,5
9967,1246,60,160,0,160,145,5,10,40,40,0,40,200,40,29591.2575,18700.0,10891.257500000002,5
9968,1246,55,175,0,175,170,0,5,20,20,0,20,220,25,16100.91,19550.0,-3449.090000000001,5
9969,1246,55,175,0,175,170,5,0,35,35,0,35,220,20,10229.04,19550.0,-9320.96,5
9970,1246,75,170,0,170,155,0,15,25,25,0,25,225,15,8124.840000000002,20825.0,-12700.159999999998,5
9971,1246,45,200,0,200,110,75,15,40,40,0,40,150,30,18280.800000000003,20825.0,-2544.199999999996,5
9972,1246,50,175,0,175,130,15,30,50,50,0,45,175,35,20852.82,19125.0,1727.8200000000015,5
9973,1246,55,165,0,165,165,0,0,30,30,0,30,215,15,7945.920000000001,18700.0,-10754.079999999998,5
9974,1246,90,160,0,160,145,0,15,30,30,0,30,230,35,20249.640000000003,21250.0,-1000.3599999999983,5
9975,1246,70,160,0,160,145,0,15,50,50,0,50,210,30,18855.810000000005,19550.0,-694.1899999999964,5
9976,1246,40,210,0,210,140,25,45,35,35,0,35,175,0,0.0,21250.0,-21250.0,5
9977,1246,60,165,0,165,160,0,5,40,40,0,40,215,20,9884.880000000001,19125.0,-9240.119999999999,5
9978,1246,60,170,0,170,145,10,15,35,35,0,35,200,15,8538.66,19550.0,-11011.34,5
9979,1246,50,160,0,160,150,5,5,45,45,0,45,195,25,16110.360000000002,17850.0,-1739.6399999999971,5
9980,1246,70,150,0,150,105,20,25,65,65,0,65,170,45,25620.120000000003,18700.0,6920.120000000002,5
9981,1246,60,155,0,155,100,20,35,55,55,0,55,155,55,35968.545000000006,18275.0,17693.545000000006,5
9982,1246,80,150,0,150,130,5,15,45,45,0,45,205,35,20973.870000000003,19550.0,1423.8700000000017,5
9983,1246,40,180,0,180,135,20,25,35,35,0,35,170,20,10788.480000000001,18700.0,-7911.519999999999,5
9984,1246,65,170,0,170,150,15,5,45,45,0,45,210,40,26307.225000000002,19975.0,6332.225000000003,5
9985,1246,100,145,0,145,90,20,35,75,75,0,70,185,55,33255.630000000005,20825.0,12430.630000000005,5
9986,1246,65,165,0,165,145,10,10,55,55,0,55,205,35,18943.38,19550.0,-606.6200000000003,5
9987,1246,45,150,0,150,140,0,10,30,30,0,30,180,75,60985.181250000016,16575.0,44410.181250000016,5
9988,1246,80,140,0,140,135,0,5,50,50,0,50,210,45,26004.870000000003,18700.0,7304.870000000001,5
9989,1246,70,155,0,155,155,0,0,30,30,0,30,220,45,28966.95,19125.0,9841.95,5
9990,1246,50,170,0,170,150,0,20,45,45,0,45,195,20,10659.240000000002,18700.0,-8040.759999999998,5
9991,1246,65,155,0,155,145,0,10,30,30,0,30,205,35,25996.68,18700.0,7296.680000000001,5
9992,1246,50,175,0,175,140,15,20,45,45,0,45,185,40,23004.990000000005,19125.0,3879.990000000007,5
9993,1246,55,165,0,165,155,5,5,45,45,0,40,205,45,27485.460000000003,18700.0,8785.460000000003,5
9994,1246,85,155,0,155,125,15,15,40,40,0,40,205,15,9182.520000000002,20400.0,-11217.479999999998,5
9995,1246,45,190,0,190,140,15,35,40,40,0,40,180,35,20598.48,19975.0,623.4799999999996,5
9996,1246,65,145,0,145,125,15,5,55,55,0,55,185,45,26776.980000000003,17850.0,8926.980000000003,5
9997,1246,45,190,0,190,125,30,35,35,35,0,35,165,30,16330.500000000002,19975.0,-3644.499999999998,5
9998,1246,140,130,0,130,130,0,0,45,45,0,45,265,35,20448.54,22950.0,-2501.4599999999973,5
9999,1246,65,165,0,165,160,0,5,50,50,0,50,220,35,18717.66,19550.0,-832.3399999999992,5
10000,1246,140,120,0,120,110,0,10,50,50,0,50,245,35,20106.45,22100.0,-1993.549999999998,5
