simulation,trading_days,combine_subscriptions_purchased,monthly_rebills,paid_resets,reset_credits_earned,reset_credits_used,reset_credits_expired,reset_credits_remaining,combine_passes,xfa_accounts_earned,back2funded_reactivations,xfa_failures,accounts_blown,payouts,trader_payouts,account_costs,actual_net_pnl,active_parallel_accounts
1,1239,125,135,0,135,120,0,15,60,60,0,55,240,55,32069.789999999997,22100.0,9969.789999999997,5
2,1239,165,125,0,125,125,0,0,35,35,0,35,285,10,5399.64,24650.0,-19250.36,5
3,1239,135,115,0,115,115,0,0,50,50,0,50,245,55,30477.870000000003,21250.0,9227.870000000003,5
4,1239,75,150,0,150,135,10,5,50,50,0,50,205,50,30401.640000000003,19125.0,11276.640000000003,5
5,1239,150,110,0,110,110,0,0,60,60,0,60,255,40,21269.700000000004,22100.0,-830.2999999999975,5
6,1239,90,140,0,140,135,0,5,55,55,0,50,220,75,54629.353125000016,19550.0,35079.353125000016,5
7,1239,120,130,0,130,95,10,25,60,60,0,60,210,70,42561.72,21250.0,21311.720000000005,5
8,1239,140,135,0,135,135,0,0,40,40,0,40,270,30,16616.7,23375.0,-6758.299999999999,5
9,1239,145,125,0,125,115,0,10,45,45,0,45,255,35,20304.36,22950.0,-2645.6399999999985,5
10,1239,85,155,0,155,125,10,20,65,65,0,65,205,45,26537.940000000002,20400.0,6137.940000000003,5
11,1239,60,180,0,180,150,25,5,30,30,0,30,205,45,31340.025000000005,20400.0,10940.025000000005,5
12,1239,100,145,0,145,130,0,15,50,50,0,45,225,15,7287.4800000000005,20825.0,-13537.52,5
13,1239,120,120,0,120,100,20,0,70,70,0,70,215,35,19118.7,20400.0,-1281.2999999999988,5
14,1239,135,130,0,130,125,0,5,40,40,0,40,255,35,21994.47,22525.0,-530.5299999999988,5
15,1239,80,135,0,135,110,0,25,50,50,0,50,185,70,47259.225000000006,18275.0,28984.225000000006,5
16,1239,115,140,0,140,140,0,0,50,50,0,50,250,40,23947.829999999998,21675.0,2272.829999999999,5
17,1239,105,145,0,145,115,0,30,45,45,0,45,215,45,28469.97,21250.0,7219.970000000003,5
18,1239,80,165,0,165,160,0,5,35,35,0,35,235,25,15475.050000000001,20825.0,-5349.949999999999,5
19,1239,80,165,0,165,160,0,5,50,50,0,50,235,40,24870.15,20825.0,4045.1500000000033,5
20,1239,65,160,0,160,150,0,10,45,45,0,40,210,60,39420.247500000005,19125.0,20295.247500000005,5
21,1239,95,155,0,155,125,10,20,70,70,0,70,215,55,33441.75,21250.0,12191.750000000002,5
22,1239,125,135,0,135,130,0,5,50,50,0,50,250,25,14289.480000000003,22100.0,-7810.519999999997,5
23,1239,105,150,0,150,135,0,15,35,35,0,35,235,10,5223.960000000001,21675.0,-16451.039999999997,5
24,1239,105,145,0,145,120,0,25,50,50,0,50,220,45,30000.914999999994,21250.0,8750.914999999995,5
25,1239,95,155,0,155,135,0,20,50,50,0,50,225,15,7594.920000000001,21250.0,-13655.079999999998,5
26,1239,105,150,0,150,130,0,20,30,30,0,25,230,35,24716.340000000004,21675.0,3041.3400000000047,5
27,1239,95,150,0,150,130,0,20,60,60,0,60,220,45,26823.780000000002,20825.0,5998.780000000002,5
28,1239,145,130,0,130,120,0,10,50,50,0,50,260,40,23937.39,23375.0,562.3900000000003,5
29,1239,110,130,0,130,120,0,10,55,55,0,55,225,35,19184.58,20400.0,-1215.419999999997,5
30,1239,130,125,0,125,125,0,0,50,50,0,50,250,20,11018.880000000001,21675.0,-10656.119999999999,5
31,1239,75,165,0,165,140,0,25,50,50,0,50,210,20,11524.14,20400.0,-8875.86,5
32,1239,60,170,0,170,140,15,15,55,55,0,50,195,65,39104.909999999996,19550.0,19554.909999999996,5
33,1239,115,150,0,150,135,0,15,35,35,0,35,245,50,33376.14000000001,22525.0,10851.140000000005,5
34,1239,165,115,0,115,115,0,0,50,50,0,45,275,40,21643.020000000004,23800.0,-2156.979999999994,5
35,1239,125,135,0,135,135,0,0,35,35,0,35,255,40,25572.465000000004,22100.0,3472.465000000002,5
36,1239,105,145,0,145,130,0,15,50,50,0,50,230,40,22631.04,21250.0,1381.0400000000027,5
37,1239,130,130,0,130,100,0,30,60,60,0,55,225,30,21478.545,22100.0,-621.4550000000008,5
38,1239,80,155,0,155,150,5,0,50,50,0,50,225,20,11304.54,19975.0,-8670.46,5
39,1239,145,135,0,135,135,0,0,40,40,0,40,275,25,14201.820000000003,23800.0,-9598.179999999997,5
40,1239,130,125,0,125,125,0,0,55,55,0,55,250,50,29139.210000000003,21675.0,7464.210000000003,5
41,1239,105,135,0,135,130,0,5,50,50,0,45,230,45,27679.950000000004,20400.0,7279.9500000000035,5
42,1239,65,155,0,155,130,0,25,55,55,0,50,190,70,50106.45375000001,18700.0,31406.453750000008,5
43,1239,100,150,0,150,125,15,10,60,60,0,60,220,45,25396.920000000006,21250.0,4146.920000000005,5
44,1239,110,135,0,135,125,0,10,45,45,0,45,230,50,32152.275,20825.0,11327.275,5
45,1239,95,130,0,130,110,0,20,75,75,0,75,200,60,31652.28000000001,19125.0,12527.28000000001,5
46,1239,80,155,0,155,145,5,5,40,40,0,40,220,15,7507.080000000001,19975.0,-12467.919999999998,5
47,1239,90,160,0,160,135,0,25,35,35,0,35,220,40,24881.130000000005,21250.0,3631.130000000003,5
48,1239,125,140,0,140,130,0,10,45,45,0,45,250,35,20414.16,22525.0,-2110.8400000000006,5
49,1239,130,140,0,140,130,0,10,65,65,0,65,255,30,16375.140000000001,22950.0,-6574.859999999999,5
50,1239,125,120,0,120,110,0,10,60,60,0,60,230,65,45807.9975,20825.0,24982.9975,5
51,1239,95,140,0,140,140,0,0,35,35,0,35,230,25,14136.300000000001,19975.0,-5838.699999999999,5
52,1239,80,155,0,155,145,0,10,40,40,0,40,220,75,56483.069062500006,19975.0,36508.069062500006,5
53,1239,110,155,0,155,150,0,5,25,25,0,25,255,20,9833.760000000002,22525.0,-12691.239999999998,5
54,1239,130,130,0,130,130,0,0,55,55,0,55,255,40,21862.980000000003,22100.0,-237.0199999999977,5
55,1239,130,150,0,150,125,0,25,50,50,0,50,250,20,10009.440000000002,23800.0,-13790.559999999998,5
56,1239,105,140,0,140,105,0,35,55,55,0,55,205,65,45486.77625,20825.0,24661.776250000003,5
57,1239,120,150,0,150,145,0,5,25,25,0,25,260,25,13894.74,22950.0,-9055.26,5
58,1239,135,120,0,120,120,0,0,55,55,0,55,250,75,46469.51999999999,21675.0,24794.519999999993,5
59,1239,55,165,0,165,145,10,10,50,50,0,45,195,60,42639.615000000005,18700.0,23939.615000000005,5
60,1239,105,145,0,145,130,0,15,45,45,0,45,230,55,34132.770000000004,21250.0,12882.77,5
61,1239,85,145,0,145,140,0,5,55,55,0,55,220,75,49147.920000000006,19550.0,29597.920000000006,5
62,1239,130,135,0,135,135,0,0,35,35,0,35,260,65,43374.600000000006,22525.0,20849.60000000001,5
63,1239,75,180,0,180,180,0,0,40,40,0,40,250,25,14114.34,21675.0,-7560.66,5
64,1239,105,140,0,140,120,0,20,50,50,0,50,220,65,42913.3725,20825.0,22088.372499999998,5
65,1239,60,190,0,190,120,35,35,45,45,0,45,175,20,10228.680000000002,21250.0,-11021.319999999998,5
66,1239,115,125,0,125,105,0,20,50,50,0,50,215,40,22696.92,20400.0,2296.92,5
67,1239,65,160,0,160,120,25,15,55,55,0,55,180,75,58067.85656249999,19125.0,38942.85656249999,5
68,1239,125,145,0,145,140,0,5,50,50,0,50,260,25,14443.740000000002,22950.0,-8506.259999999998,5
69,1239,130,120,0,120,110,0,10,45,45,0,45,235,60,46033.380000000005,21250.0,24783.380000000005,5
70,1239,105,135,0,135,120,0,15,55,55,0,55,220,55,34440.524999999994,20400.0,14040.524999999998,5
71,1239,115,140,0,140,135,0,5,50,50,0,45,245,50,32157.540000000005,21675.0,10482.540000000005,5
72,1239,130,130,0,130,115,0,15,65,65,0,65,240,55,37137.8475,22100.0,15037.847500000007,5
73,1239,100,135,0,135,130,0,5,55,55,0,55,225,45,29808.54,19975.0,9833.540000000003,5
74,1239,75,155,0,155,135,0,20,40,40,0,40,205,55,32750.280000000002,19550.0,13200.280000000002,5
75,1239,170,110,0,110,110,0,0,50,50,0,45,275,70,45877.09500000001,23800.0,22077.09500000001,5
76,1239,120,150,0,150,145,0,5,40,40,0,40,260,20,10053.36,22950.0,-12896.639999999998,5
77,1239,75,150,0,150,120,0,30,50,50,0,50,190,75,54253.90125000001,19125.0,35128.90125000001,5
78,1239,125,125,0,125,110,0,15,60,60,0,55,230,50,26625.6,21250.0,5375.599999999999,5
79,1239,75,155,0,155,125,15,15,45,45,0,45,195,30,17889.210000000003,19550.0,-1660.7899999999972,5
80,1239,110,150,0,150,140,0,10,40,40,0,40,245,35,20062.800000000003,22100.0,-2037.199999999998,5
81,1239,125,145,0,145,145,0,0,25,25,0,25,265,25,17862.255,22950.0,-5087.745,5
82,1239,105,145,0,145,120,0,25,45,45,0,45,220,30,16616.700000000004,21250.0,-4633.299999999997,5
83,1239,135,140,0,140,125,0,15,40,40,0,40,255,40,24639.570000000003,23375.0,1264.5700000000033,5
84,1239,90,155,0,155,110,20,25,75,75,0,70,195,20,11194.740000000002,20825.0,-9630.259999999998,5
85,1239,150,120,0,120,100,0,20,65,65,0,65,245,70,42343.020000000004,22950.0,19393.020000000004,5
86,1239,150,135,0,135,115,0,20,55,55,0,50,260,25,12819.240000000002,24225.0,-11405.759999999998,5
87,1239,115,145,0,145,120,5,20,65,65,0,65,230,65,39939.34500000001,22100.0,17839.34500000001,5
88,1239,115,130,0,130,110,0,20,50,50,0,50,220,15,7375.3200000000015,20825.0,-13449.679999999998,5
89,1239,80,175,0,175,120,30,25,45,45,0,45,195,20,10843.560000000001,21675.0,-10831.439999999999,5
90,1239,140,120,0,120,120,0,0,65,65,0,65,255,35,19053.18,22100.0,-3046.819999999998,5
91,1239,155,140,0,140,130,0,10,25,25,0,25,280,10,5048.64,25075.0,-20026.36,5
92,1239,85,165,0,165,115,20,30,45,45,0,45,195,70,47654.37000000001,21250.0,26404.37000000001,5
93,1239,105,155,0,155,140,0,15,45,45,0,40,240,50,34481.7675,22100.0,12381.767500000002,5
94,1239,120,125,0,125,125,0,0,40,40,0,40,240,35,22115.25,20825.0,1290.250000000001,5
95,1239,90,155,0,155,150,0,5,35,35,0,35,235,20,11962.98,20825.0,-8862.02,5
96,1239,80,160,0,160,130,5,25,50,50,0,50,205,50,30895.470000000005,20400.0,10495.470000000005,5
97,1239,110,155,0,155,150,0,5,55,55,0,50,255,25,12555.720000000001,22525.0,-9969.279999999999,5
98,1239,75,160,0,160,125,10,25,50,50,0,50,195,30,16265.34,19975.0,-3709.659999999999,5
99,1239,85,140,0,140,135,0,5,50,50,0,50,215,65,48596.3128125,19125.0,29471.3128125,5
100,1239,100,150,0,150,140,0,10,55,55,0,55,235,45,27438.390000000003,21250.0,6188.390000000004,5
101,1239,50,175,0,175,150,10,15,40,40,0,40,195,50,31400.55,19125.0,12275.55,5
102,1239,85,160,0,160,150,0,10,30,30,0,30,230,10,5004.720000000001,20825.0,-15820.279999999999,5
103,1239,65,165,0,165,120,25,20,60,60,0,60,180,60,45078.401249999995,19550.0,25528.401249999995,5
104,1239,85,140,0,140,125,10,5,60,60,0,60,205,10,4872.960000000001,19125.0,-14252.039999999999,5
105,1239,145,135,0,135,120,0,15,55,55,0,55,260,40,22982.4,23800.0,-817.5999999999976,5
106,1239,50,180,0,180,155,5,20,35,35,0,35,200,30,17999.640000000003,19550.0,-1550.3599999999983,5
107,1239,120,150,0,150,150,0,0,50,50,0,50,265,20,10580.04,22950.0,-12369.96,5
108,1239,75,155,0,155,140,0,15,55,55,0,50,210,35,19623.420000000002,19550.0,73.42000000000326,5
109,1239,85,145,0,145,130,0,15,45,45,0,45,210,25,12907.080000000002,19550.0,-6642.919999999999,5
110,1239,150,110,0,110,85,0,25,50,50,0,50,230,40,26461.170000000002,22100.0,4361.170000000002,5
111,1239,45,165,0,165,140,0,25,40,40,0,40,180,55,35109.945,17850.0,17259.945,5
112,1239,85,130,0,130,125,0,5,50,50,0,50,205,100,70777.2375,18275.0,52502.2375,5
113,1239,75,150,0,150,140,0,10,50,50,0,50,210,40,21884.4,19125.0,2759.4000000000005,5
114,1239,130,130,0,130,90,15,25,60,60,0,60,215,80,53307.31500000001,22100.0,31207.31500000001,5
115,1239,130,135,0,135,130,0,5,35,35,0,35,255,20,10821.42,22525.0,-11703.58,5
116,1239,85,135,0,135,120,10,5,60,60,0,55,200,60,40614.345,18700.0,21914.344999999998,5
117,1239,150,105,0,105,105,0,0,55,55,0,55,250,50,29413.620000000003,21675.0,7738.620000000001,5
118,1239,60,180,0,180,145,5,30,40,40,0,40,200,30,15277.680000000002,20400.0,-5122.319999999998,5
119,1239,105,145,0,145,135,0,10,55,55,0,55,235,45,26757.900000000005,21250.0,5507.900000000004,5
120,1239,75,135,0,135,130,0,5,40,40,0,40,200,55,39839.80500000001,17850.0,21989.805000000008,5
121,1239,115,145,0,145,130,0,15,45,45,0,45,240,40,24244.29,22100.0,2144.290000000001,5
122,1239,150,130,0,130,95,0,35,35,35,0,35,240,40,25220.7,23800.0,1420.7000000000016,5
123,1239,90,145,0,145,140,5,0,50,50,0,50,225,20,13708.35,19975.0,-6266.65,5
124,1239,140,145,0,145,125,0,20,35,35,0,35,260,25,18164.205,24225.0,-6060.794999999998,5
125,1239,90,140,0,140,140,0,0,40,40,0,40,225,35,20084.4,19550.0,534.4000000000028,5
126,1239,100,130,0,130,130,0,0,65,65,0,65,225,50,33754.14000000001,19550.0,14204.140000000007,5
127,1239,125,145,0,145,135,0,10,55,55,0,55,255,45,25265.160000000003,22950.0,2315.1600000000053,5
128,1239,140,140,0,140,125,0,15,55,55,0,55,260,40,27734.512500000004,23800.0,3934.5125000000053,5
129,1239,80,170,0,170,170,0,0,30,30,0,30,245,40,27120.105000000003,21250.0,5870.105000000003,5
130,1239,75,170,0,170,100,35,35,60,60,0,60,170,75,51189.0525,20825.0,30364.052499999998,5
131,1239,120,135,0,135,95,5,35,55,55,0,55,210,45,29770.335000000006,21675.0,8095.335000000005,5
132,1239,90,165,0,165,165,0,0,15,15,0,15,250,10,4741.200000000001,21675.0,-16933.8,5
133,1239,130,140,0,140,140,0,0,35,35,0,35,265,40,24804.27,22950.0,1854.2700000000013,5
134,1239,85,135,0,135,135,0,0,55,55,0,50,215,25,14268.060000000001,18700.0,-4431.94,5
135,1239,135,140,0,140,120,0,20,50,50,0,50,250,30,15957.9,23375.0,-7417.1,5
136,1239,95,150,0,150,140,0,10,55,55,0,55,230,25,14048.460000000003,20825.0,-6776.539999999997,5
137,1239,95,140,0,140,105,25,10,70,70,0,70,195,40,25643.475000000002,19975.0,5668.475000000003,5
138,1239,135,150,0,150,145,0,5,45,45,0,45,275,35,17604.36,24225.0,-6620.6399999999985,5
139,1239,75,145,0,145,140,0,5,55,55,0,50,210,65,41376.600000000006,18700.0,22676.600000000006,5
140,1239,95,150,0,150,145,0,5,25,25,0,20,235,50,38583.787500000006,20825.0,17758.787500000002,5
141,1239,110,150,0,150,130,10,10,55,55,0,55,235,30,18449.550000000003,22100.0,-3650.4499999999985,5
142,1239,110,145,0,145,140,0,5,40,40,0,40,245,20,10229.04,21675.0,-11445.96,5
143,1239,105,155,0,155,145,0,10,50,50,0,50,245,30,14838.480000000001,22100.0,-7261.519999999999,5
144,1239,105,155,0,155,140,0,15,40,40,0,40,240,20,11524.14,22100.0,-10575.86,5
145,1239,90,165,0,165,135,0,30,40,40,0,40,220,15,7287.4800000000005,21675.0,-14387.52,5
146,1239,60,165,0,165,145,0,20,45,45,0,45,200,15,7682.76,19125.0,-11442.24,5
147,1239,145,135,0,135,125,0,10,35,35,0,35,265,15,9350.640000000001,23800.0,-14449.359999999997,5
148,1239,125,140,0,140,135,0,5,50,50,0,45,255,30,18855.81,22525.0,-3669.1899999999987,5
149,1239,95,145,0,145,135,0,10,40,40,0,40,225,25,12731.040000000003,20400.0,-7668.959999999997,5
150,1239,145,140,0,140,105,0,35,35,35,0,35,245,30,16748.460000000003,24225.0,-7476.539999999997,5
151,1239,100,150,0,150,110,20,20,70,70,0,70,205,45,27339.57,21250.0,6089.569999999999,5
152,1239,80,160,0,160,145,5,10,35,35,0,35,220,25,14531.220000000003,20400.0,-5868.779999999997,5
153,1239,125,145,0,145,105,10,30,55,55,0,55,225,80,52785.76500000002,22950.0,29835.76500000002,5
154,1239,80,170,0,170,165,0,5,45,45,0,45,240,25,16912.800000000003,21250.0,-4337.199999999998,5
155,1239,120,125,0,125,125,0,0,35,35,0,35,240,25,14114.340000000002,20825.0,-6710.659999999998,5
156,1239,125,115,0,115,110,0,5,45,45,0,45,230,60,37738.12500000001,20400.0,17338.125000000004,5
157,1239,90,155,0,155,150,0,5,45,45,0,45,235,65,45418.74750000001,20825.0,24593.74750000001,5
158,1239,80,155,0,155,150,0,5,30,30,0,30,225,10,4916.880000000001,19975.0,-15058.119999999999,5
159,1239,80,145,0,145,145,0,0,60,60,0,60,220,35,18679.86,19125.0,-445.13999999999896,5
160,1239,150,115,0,115,110,0,5,55,55,0,55,255,35,17780.040000000005,22525.0,-4744.959999999996,5
161,1239,105,160,0,160,130,0,30,50,50,0,50,230,45,24979.680000000008,22525.0,2454.6800000000076,5
162,1239,65,145,0,145,100,35,10,50,50,0,50,160,100,74562.94687500002,17850.0,56712.946875000016,5
163,1239,115,130,0,130,120,0,10,70,70,0,70,230,55,32750.190000000002,20825.0,11925.190000000002,5
164,1239,115,150,0,150,150,0,0,35,35,0,35,260,45,31345.29,22525.0,8820.29,5
165,1239,150,115,0,115,115,0,0,55,55,0,55,260,35,19404.18,22525.0,-3120.819999999999,5
166,1239,110,150,0,150,105,15,30,40,40,0,40,210,30,17702.910000000003,22100.0,-4397.089999999998,5
167,1239,95,130,0,130,120,10,0,60,60,0,60,210,55,36193.567500000005,19125.0,17068.56750000001,5
168,1239,55,170,0,170,145,0,25,45,45,0,40,195,40,25638.480000000003,19125.0,6513.480000000004,5
169,1239,95,150,0,150,115,5,30,55,55,0,50,205,50,29666.25,20825.0,8841.25,5
170,1239,105,130,0,130,105,0,25,55,55,0,55,205,70,48845.204999999994,19975.0,28870.204999999994,5
171,1239,105,135,0,135,135,0,0,55,55,0,55,235,85,65436.16781249999,20400.0,45036.16781249999,5
172,1239,120,130,0,130,125,0,5,55,55,0,55,240,20,9877.680000000002,21250.0,-11372.32,5
173,1239,120,135,0,135,120,0,15,60,60,0,60,235,55,35900.325,21675.0,14225.324999999997,5
174,1239,115,120,0,120,110,0,10,45,45,0,40,220,80,59964.665624999994,19975.0,39989.665624999994,5
175,1239,55,165,0,165,135,20,10,45,45,0,45,185,45,29402.64,18700.0,10702.640000000001,5
176,1239,105,150,0,150,135,0,15,35,35,0,35,235,35,22082.31,21675.0,407.3100000000022,5
177,1239,90,135,0,135,120,10,5,60,60,0,60,205,85,56555.8425,19125.0,37430.8425,5
178,1239,105,145,0,145,135,0,10,35,35,0,30,235,60,48566.04749999999,21250.0,27316.047499999993,5
179,1239,70,160,0,160,110,40,10,60,60,0,60,175,90,61737.901874999996,19550.0,42187.901874999996,5
180,1239,155,125,0,125,105,0,20,55,55,0,55,255,45,33537.363750000004,23800.0,9737.363750000004,5
181,1239,95,145,0,145,95,25,25,75,75,0,75,185,55,33891.93,20400.0,13491.930000000002,5
182,1239,95,150,0,150,145,0,5,60,60,0,60,235,85,58575.2625,20825.0,37750.2625,5
183,1239,125,130,0,130,120,0,10,50,50,0,50,240,55,37375.965000000004,21675.0,15700.965,5
184,1239,150,125,0,125,115,0,10,50,50,0,50,260,30,18416.52,23375.0,-4958.48,5
185,1239,75,170,0,170,150,0,20,30,30,0,30,220,20,10272.6,20825.0,-10552.4,5
186,1239,90,140,0,140,140,0,0,40,40,0,40,225,55,35877.600000000006,19550.0,16327.600000000006,5
187,1239,50,185,0,185,140,10,35,40,40,0,40,185,30,15409.079999999998,19975.0,-4565.920000000001,5
188,1239,70,160,0,160,135,20,5,55,55,0,50,200,70,44779.09500000001,19550.0,25229.09500000001,5
189,1239,115,165,0,165,145,0,20,30,30,0,30,255,35,21950.820000000003,23800.0,-1849.1799999999967,5
190,1239,120,135,0,135,115,0,20,65,65,0,65,230,65,41563.57500000001,21675.0,19888.57500000001,5
191,1239,95,150,0,150,130,0,20,55,55,0,55,220,55,36065.092500000006,20825.0,15240.092500000006,5
192,1239,115,130,0,130,130,0,0,35,35,0,30,240,15,7551.0,20825.0,-13274.0,5
193,1239,130,130,0,130,115,0,15,65,65,0,60,240,60,32706.360000000004,22100.0,10606.360000000004,5
194,1239,50,180,0,180,130,10,40,45,45,0,40,175,60,47224.89281250001,19550.0,27674.89281250001,5
195,1239,90,160,0,160,120,5,35,55,55,0,55,205,30,17077.5,21250.0,-4172.5,5
196,1239,135,125,0,125,125,0,0,45,45,0,45,255,25,13850.820000000002,22100.0,-8249.179999999998,5
197,1239,100,145,0,145,140,0,5,45,45,0,45,235,20,10799.460000000001,20825.0,-10025.539999999999,5
198,1239,115,140,0,140,120,0,20,30,30,0,30,230,15,10689.930000000002,21675.0,-10985.069999999998,5
199,1239,100,140,0,140,135,5,0,60,60,0,60,230,45,26494.65,20400.0,6094.6500000000015,5
200,1239,125,135,0,135,135,0,0,40,40,0,40,255,40,22971.15,22100.0,871.1500000000024,5
201,1239,105,150,0,150,145,0,5,45,45,0,45,245,30,18241.2,21675.0,-3433.799999999999,5
202,1239,70,155,0,155,115,15,25,50,50,0,50,180,60,47787.922968750005,19125.0,28662.92296875001,5
203,1239,80,155,0,155,130,0,25,55,55,0,55,205,30,20381.085000000003,19975.0,406.08500000000276,5
204,1239,65,165,0,165,150,0,15,40,40,0,40,210,35,22433.13,19550.0,2883.130000000001,5
205,1239,100,150,0,150,145,0,5,45,45,0,45,240,30,18339.75,21250.0,-2910.250000000001,5
206,1239,125,140,0,140,125,0,15,50,50,0,50,245,20,9833.760000000002,22525.0,-12691.239999999998,5
207,1239,80,170,0,170,170,0,0,30,30,0,30,245,15,8692.380000000001,21250.0,-12557.619999999997,5
208,1239,100,155,0,155,140,0,15,40,40,0,40,235,15,7989.480000000002,21675.0,-13685.519999999997,5
209,1239,110,125,0,125,120,0,5,50,50,0,50,225,65,41190.21000000001,19975.0,21215.210000000006,5
210,1239,115,150,0,150,115,0,35,40,40,0,40,225,20,9745.920000000002,22525.0,-12779.079999999998,5
211,1239,70,165,0,165,165,0,0,35,35,0,35,230,20,10404.36,19975.0,-9570.64,5
212,1239,125,130,0,130,130,0,0,50,50,0,50,250,40,25056.810000000005,21675.0,3381.810000000005,5
213,1239,130,145,0,145,140,0,5,35,35,0,35,265,20,10667.880000000003,23375.0,-12707.119999999997,5
214,1239,145,120,0,120,110,0,10,55,55,0,55,250,30,16923.780000000002,22525.0,-5601.219999999998,5
215,1239,60,180,0,180,145,5,30,45,45,0,45,200,45,31806.675,20400.0,11406.675,5
216,1239,100,140,0,140,135,0,5,40,40,0,35,230,40,27975.645,20400.0,7575.6449999999995,5
217,1239,125,140,0,140,140,0,0,40,40,0,40,260,30,14970.240000000002,22525.0,-7554.759999999998,5
218,1239,100,165,0,165,140,0,25,30,30,0,30,235,20,11721.78,22525.0,-10803.22,5
219,1239,95,170,0,170,150,0,20,20,20,0,20,240,15,8933.94,22525.0,-13591.06,5
220,1239,120,125,0,125,115,0,10,55,55,0,50,230,75,50646.015,20825.0,29821.015,5
221,1239,130,125,0,125,120,0,5,55,55,0,55,245,30,17714.160000000003,21675.0,-3960.8399999999983,5
222,1239,95,150,0,150,150,0,0,35,35,0,35,240,20,9745.920000000002,20825.0,-11079.079999999998,5
223,1239,140,135,0,135,125,0,10,40,40,0,40,260,25,18186.165,23375.0,-5188.834999999999,5
224,1239,135,140,0,140,140,0,0,35,35,0,35,270,25,15848.369999999999,23375.0,-7526.63,5
225,1239,65,145,0,145,130,0,15,40,40,0,40,190,100,73058.02875000001,17850.0,55208.02875000001,5
226,1239,105,145,0,145,135,0,10,35,35,0,35,235,45,29067.975000000002,21250.0,7817.975000000001,5
227,1239,55,165,0,165,145,0,20,45,45,0,45,195,20,10492.200000000003,18700.0,-8207.799999999997,5
228,1239,65,150,0,150,135,10,5,60,60,0,60,195,80,56012.1975,18275.0,37737.1975,5
229,1239,110,130,0,130,105,20,5,60,60,0,60,210,20,10623.960000000003,20400.0,-9776.039999999997,5
230,1239,90,145,0,145,120,0,25,55,55,0,55,205,25,12643.56,19975.0,-7331.4400000000005,5
231,1239,100,155,0,155,140,0,15,55,55,0,55,235,35,19909.08,21675.0,-1765.9199999999987,5
232,1239,115,160,0,160,100,20,40,40,40,0,40,210,30,17823.96,23375.0,-5551.040000000001,5
233,1239,160,120,0,120,110,0,10,50,50,0,50,265,95,65281.50000000001,23800.0,41481.50000000001,5
234,1239,90,155,0,155,155,0,0,40,40,0,40,240,50,29435.940000000006,20825.0,8610.940000000006,5
235,1239,125,130,0,130,125,0,5,40,40,0,35,245,25,14048.46,21675.0,-7626.54,5
236,1239,75,150,0,150,145,5,0,45,45,0,45,215,65,45086.44500000001,19125.0,25961.445000000003,5
237,1239,55,160,0,160,140,20,0,50,50,0,45,190,35,22301.910000000003,18275.0,4026.9100000000026,5
238,1239,105,140,0,140,140,0,0,50,50,0,50,240,35,19031.22,20825.0,-1793.7799999999993,5
239,1239,80,160,0,160,135,5,20,40,40,0,40,210,60,42359.26500000001,20400.0,21959.265000000007,5
240,1239,120,155,0,155,145,0,10,45,45,0,45,260,15,7726.680000000001,23375.0,-15648.32,5
241,1239,85,140,0,140,125,5,10,70,70,0,70,205,80,49388.850000000006,19125.0,30263.850000000002,5
242,1239,115,140,0,140,115,5,20,60,60,0,60,225,40,22169.880000000005,21675.0,494.88000000000284,5
243,1239,105,130,0,130,125,0,5,50,50,0,50,225,70,49069.29375000001,19975.0,29094.293750000015,5
244,1239,65,175,0,175,155,0,20,20,20,0,20,215,5,2414.5200000000004,20400.0,-17985.48,5
245,1239,105,135,0,135,125,0,10,50,50,0,50,225,65,42803.302500000005,20400.0,22403.30250000001,5
246,1239,85,145,0,145,125,0,20,50,50,0,50,205,5,2985.120000000001,19550.0,-16564.879999999997,5
247,1239,105,130,0,130,130,0,0,70,70,0,70,230,35,19008.9,19975.0,-966.0999999999967,5
248,1239,90,145,0,145,140,0,5,35,35,0,35,225,25,12204.36,19975.0,-7770.6399999999985,5
249,1239,115,150,0,150,145,0,5,40,40,0,40,255,25,12160.44,22525.0,-10364.56,5
250,1239,120,145,0,145,135,0,10,55,55,0,55,250,55,36108.94500000001,22525.0,13583.945000000003,5
251,1239,85,150,0,150,135,0,15,55,55,0,55,215,65,42125.9175,19975.0,22150.917500000003,5
252,1239,115,125,0,125,125,0,0,50,50,0,45,235,40,24628.41,20400.0,4228.409999999999,5
253,1239,70,165,0,165,155,0,10,45,45,0,45,220,40,22806.72,19975.0,2831.7200000000003,5
254,1239,105,135,0,135,125,0,10,55,55,0,55,225,60,39047.10750000001,20400.0,18647.107500000016,5
255,1239,105,125,0,125,110,10,5,55,55,0,55,210,40,23925.600000000006,19550.0,4375.600000000004,5
256,1239,85,160,0,160,155,0,5,25,25,0,25,235,15,7814.160000000001,20825.0,-13010.839999999998,5
257,1239,95,140,0,140,95,5,40,70,70,0,65,185,35,20040.840000000004,19975.0,65.84000000000287,5
258,1239,100,145,0,145,140,0,5,50,50,0,50,235,50,33512.9625,20825.0,12687.962500000003,5
259,1239,135,120,0,120,105,0,15,55,55,0,55,235,45,23969.700000000004,21675.0,2294.7000000000025,5
260,1239,140,135,0,135,85,20,30,65,65,0,60,220,30,16638.660000000003,23375.0,-6736.339999999998,5
261,1239,60,160,0,160,150,0,10,35,35,0,35,205,40,30588.930000000004,18700.0,11888.930000000004,5
262,1239,65,165,0,165,165,0,0,25,25,0,25,225,30,22619.79,19550.0,3069.7900000000027,5
263,1239,110,150,0,150,150,0,0,25,25,0,25,255,10,4565.52,22100.0,-17534.48,5
264,1239,105,145,0,145,135,0,10,40,40,0,40,235,30,17275.14,21250.0,-3974.8599999999988,5
265,1239,155,100,0,100,100,0,0,65,65,0,65,250,35,19667.340000000004,21675.0,-2007.6599999999962,5
266,1239,115,150,0,150,145,0,5,35,35,0,35,255,25,12643.560000000001,22525.0,-9881.439999999999,5
267,1239,110,125,0,125,115,0,10,55,55,0,55,220,60,34911.990000000005,19975.0,14936.990000000005,5
268,1239,85,165,0,165,155,0,10,30,30,0,30,235,10,6497.460000000001,21250.0,-14752.539999999999,5
269,1239,70,165,0,165,145,0,20,55,55,0,55,210,20,11590.020000000002,19975.0,-8384.979999999998,5
270,1239,110,140,0,140,140,0,0,65,65,0,60,245,25,13433.58,21250.0,-7816.42,5
271,1239,145,120,0,120,95,0,25,75,75,0,70,235,40,21819.059999999998,22525.0,-705.9400000000005,5
272,1239,70,165,0,165,140,0,25,50,50,0,45,205,35,20062.800000000003,19975.0,87.800000000002,5
273,1239,65,165,0,165,155,0,10,15,15,0,15,215,10,5224.32,19550.0,-14325.68,5
274,1239,145,130,0,130,125,0,5,30,30,0,30,265,35,23048.010000000002,23375.0,-326.98999999999614,5
275,1239,120,140,0,140,135,0,5,40,40,0,35,250,15,7331.4000000000015,22100.0,-14768.599999999999,5
276,1239,110,130,0,130,120,0,10,50,50,0,50,225,70,44537.62500000001,20400.0,24137.625000000007,5
277,1239,90,150,0,150,145,0,5,45,45,0,40,230,45,28887.210000000006,20400.0,8487.210000000005,5
278,1239,165,120,0,120,110,0,10,40,40,0,40,270,60,40053.825000000004,24225.0,15828.825000000006,5
279,1239,75,160,0,160,130,20,10,40,40,0,40,200,15,10470.330000000002,19975.0,-9504.669999999998,5
280,1239,170,120,0,120,110,0,10,55,55,0,55,275,45,29183.085000000006,24650.0,4533.0850000000055,5
281,1239,105,165,0,165,155,0,10,30,30,0,30,255,5,2326.6800000000003,22950.0,-20623.32,5
282,1239,100,140,0,140,125,0,15,45,45,0,40,220,60,39192.030000000006,20400.0,18792.03000000001,5
283,1239,115,130,0,130,130,0,0,65,65,0,65,240,70,42155.86500000001,20825.0,21330.865000000013,5
284,1239,130,140,0,140,125,0,15,45,45,0,45,250,50,31740.659999999996,22950.0,8790.659999999998,5
285,1239,50,150,0,150,140,10,0,45,45,0,45,185,50,30500.190000000002,17000.0,13500.190000000002,5
286,1239,90,170,0,170,160,0,10,45,45,0,45,245,30,16638.660000000003,22100.0,-5461.339999999998,5
287,1239,165,120,0,120,110,0,10,50,50,0,50,270,55,38572.6725,24225.0,14347.672500000004,5
288,1239,95,160,0,160,145,0,15,45,45,0,45,235,25,13828.860000000002,21675.0,-7846.139999999998,5
289,1239,70,160,0,160,150,5,5,45,45,0,45,215,55,32859.990000000005,19550.0,13309.990000000002,5
290,1239,95,150,0,150,140,5,5,35,35,0,35,230,40,25484.040000000005,20825.0,4659.0400000000045,5
291,1239,90,160,0,160,160,0,0,30,30,0,30,245,60,46515.57187500001,21250.0,25265.571875000005,5
292,1239,125,150,0,150,130,0,20,45,45,0,45,250,15,7199.640000000001,23375.0,-16175.359999999999,5
293,1239,115,125,0,125,125,0,0,45,45,0,45,235,50,37768.871250000004,20400.0,17368.871250000004,5
294,1239,120,145,0,145,130,0,15,50,50,0,50,245,40,24551.730000000007,22525.0,2026.7300000000068,5
295,1239,95,155,0,155,125,10,20,45,45,0,45,215,25,15584.850000000002,21250.0,-5665.149999999999,5
296,1239,170,115,0,115,110,0,5,35,35,0,35,275,30,17823.96,24225.0,-6401.040000000001,5
297,1239,100,135,0,135,110,15,10,50,50,0,50,205,90,61697.48625000001,19975.0,41722.48625000001,5
298,1239,60,165,0,165,120,15,30,50,50,0,50,175,25,18301.454999999998,19125.0,-823.5450000000014,5
299,1239,85,175,0,175,120,25,30,60,60,0,60,200,45,24804.54,22100.0,2704.540000000002,5
300,1239,105,125,0,125,80,20,25,70,70,0,65,180,80,57779.61749999999,19550.0,38229.61749999999,5
301,1239,70,150,0,150,145,5,0,45,45,0,45,210,40,25352.910000000003,18700.0,6652.910000000002,5
302,1239,150,130,0,130,80,0,50,70,70,0,70,225,70,51255.669375,23800.0,27455.669374999998,5
303,1239,140,150,0,150,105,10,35,45,45,0,45,240,10,4829.040000000001,24650.0,-19820.96,5
304,1239,70,160,0,160,135,0,25,50,50,0,45,200,55,38531.767499999994,19550.0,18981.767499999994,5
305,1239,105,170,0,170,160,0,10,25,25,0,25,260,25,15585.119999999999,23375.0,-7789.880000000001,5
306,1239,100,150,0,150,145,0,5,40,40,0,40,240,20,9921.600000000002,21250.0,-11328.399999999998,5
307,1239,85,165,0,165,125,5,35,65,65,0,65,205,50,31652.73000000001,21250.0,10402.73000000001,5
308,1239,75,170,0,170,140,0,30,45,45,0,45,210,45,27811.710000000006,20825.0,6986.710000000007,5
309,1239,100,165,0,165,155,0,10,50,50,0,50,250,45,28053.270000000004,22525.0,5528.270000000002,5
310,1239,95,150,0,150,145,0,5,35,35,0,35,235,30,17253.180000000004,20825.0,-3571.8199999999956,5
311,1239,130,135,0,135,115,0,20,50,50,0,45,240,75,49638.6675,22525.0,27113.667500000003,5
312,1239,70,140,0,140,135,0,5,55,55,0,55,200,60,38964.240000000005,17850.0,21114.240000000005,5
313,1239,115,140,0,140,140,0,0,30,30,0,30,250,40,26560.125000000007,21675.0,4885.125000000007,5
314,1239,115,155,0,155,145,0,10,40,40,0,40,255,35,20787.48,22950.0,-2162.5199999999995,5
315,1239,135,135,0,135,120,0,15,55,55,0,55,250,35,18921.420000000002,22950.0,-4028.579999999997,5
316,1239,110,150,0,150,125,0,25,65,65,0,65,230,40,25621.875000000004,22100.0,3521.8750000000045,5
317,1239,75,165,0,165,130,10,25,45,45,0,40,200,25,15145.920000000004,20400.0,-5254.079999999996,5
318,1239,95,145,0,145,125,0,20,50,50,0,50,215,50,30686.985000000008,20400.0,10286.985000000008,5
319,1239,75,130,0,130,125,0,5,60,60,0,60,195,35,19206.54,17425.0,1781.5400000000022,5
320,1239,90,120,0,120,115,0,5,75,75,0,70,200,95,64998.06750000002,17850.0,47148.06750000002,5
321,1239,140,140,0,140,130,0,10,55,55,0,55,265,35,23443.425000000007,23800.0,-356.57499999999345,5
322,1239,45,150,0,150,120,5,25,40,40,0,40,160,35,20830.500000000007,16575.0,4255.500000000006,5
323,1239,150,135,0,135,125,0,10,25,25,0,25,270,30,18888.21,24225.0,-5336.790000000001,5
324,1239,120,125,0,125,125,0,0,45,45,0,45,240,15,7989.840000000002,20825.0,-12835.159999999998,5
325,1239,55,175,0,175,160,0,15,20,20,0,20,210,25,18169.695,19550.0,-1380.3050000000007,5
326,1239,155,120,0,120,105,0,15,35,35,0,35,255,45,30538.935,23375.0,7163.935000000001,5
327,1239,80,155,0,155,150,0,5,40,40,0,40,225,30,19437.21,19975.0,-537.79,5
328,1239,70,160,0,160,125,30,5,50,50,0,50,190,35,23064.614999999998,19550.0,3514.614999999999,5
329,1239,105,150,0,150,150,0,0,45,45,0,45,250,45,30849.007500000007,21675.0,9174.007500000007,5
330,1239,90,150,0,150,105,5,40,55,55,0,55,190,55,42482.998125000006,20400.0,22082.998125000006,5
331,1239,125,125,0,125,115,0,10,55,55,0,55,235,85,60260.14125000001,21250.0,39010.14125000001,5
332,1239,80,160,0,160,145,0,15,45,45,0,45,220,40,21116.160000000003,20400.0,716.1600000000044,5
333,1239,120,140,0,140,140,0,0,40,40,0,40,255,30,15497.28,22100.0,-6602.719999999999,5
334,1239,165,105,0,105,95,0,10,55,55,0,55,255,100,71732.97,22950.0,48782.97,5
335,1239,65,170,0,170,160,10,0,30,30,0,30,220,15,7507.080000000001,19975.0,-12467.919999999998,5
336,1239,140,120,0,120,115,0,5,50,50,0,45,250,65,43904.0475,22100.0,21804.047499999997,5
337,1239,95,135,0,135,115,20,0,50,50,0,50,205,40,24847.560000000005,19550.0,5297.560000000003,5
338,1239,85,155,0,155,155,0,0,50,50,0,45,235,80,54100.417499999996,20400.0,33700.417499999996,5
339,1239,125,120,0,120,120,0,0,65,65,0,65,240,35,19579.860000000004,20825.0,-1245.1399999999967,5
340,1239,100,125,0,125,115,0,10,75,75,0,70,210,65,40037.4,19125.0,20912.4,5
341,1239,125,130,0,130,130,0,0,55,55,0,55,250,50,31345.379999999997,21675.0,9670.379999999996,5
342,1239,60,170,0,170,150,0,20,45,45,0,45,205,50,36548.246250000004,19550.0,16998.246250000004,5
343,1239,60,165,0,165,145,0,20,35,35,0,30,200,25,14004.54,19125.0,-5120.459999999998,5
344,1239,50,185,0,185,150,25,10,30,30,0,30,195,10,5048.64,19975.0,-14926.36,5
345,1239,70,160,0,160,155,0,5,35,35,0,30,220,60,40191.615000000005,19550.0,20641.615000000005,5
346,1239,105,145,0,145,120,0,25,55,55,0,55,220,60,35713.26,21250.0,14463.26,5
347,1239,100,155,0,155,145,0,10,35,35,0,30,240,10,4829.040000000001,21675.0,-16845.96,5
348,1239,85,175,0,175,125,10,40,20,20,0,20,205,25,17198.37,22100.0,-4901.63,5
349,1239,130,120,0,120,105,0,15,45,45,0,45,230,90,62814.29625,21250.0,41564.29625,5
350,1239,115,140,0,140,115,5,20,50,50,0,45,225,55,34851.802500000005,21675.0,13176.802500000003,5
351,1239,75,155,0,155,130,10,15,60,60,0,60,200,55,30993.840000000004,19550.0,11443.840000000004,5
352,1239,95,135,0,135,125,0,10,65,65,0,65,215,65,40279.32000000001,19550.0,20729.320000000007,5
353,1239,70,150,0,150,130,0,20,65,65,0,65,195,30,16770.420000000002,18700.0,-1929.5799999999986,5
354,1239,110,145,0,145,135,0,10,40,40,0,40,240,60,45330.42375,21675.0,23655.42375,5
355,1239,105,150,0,150,145,0,5,40,40,0,40,245,25,12951.000000000002,21675.0,-8723.999999999998,5
356,1239,60,165,0,165,160,0,5,35,35,0,35,215,30,16023.600000000002,19125.0,-3101.3999999999987,5
357,1239,115,140,0,140,110,0,30,55,55,0,55,220,55,33968.385,21675.0,12293.385000000002,5
358,1239,80,155,0,155,130,10,15,50,50,0,50,205,35,18811.260000000002,19975.0,-1163.739999999998,5
359,1239,135,140,0,140,130,0,10,35,35,0,35,260,25,12950.640000000001,23375.0,-10424.359999999999,5
360,1239,120,125,0,125,105,0,20,55,55,0,55,220,50,32925.15000000001,20825.0,12100.150000000009,5
361,1239,70,145,0,145,140,0,5,20,20,0,20,205,40,33868.85062500001,18275.0,15593.850625000005,5
362,1239,85,160,0,160,125,25,10,60,60,0,55,205,10,5048.64,20825.0,-15776.36,5
363,1239,80,170,0,170,165,0,5,45,45,0,45,240,5,2590.2000000000003,21250.0,-18659.8,5
364,1239,220,90,0,90,90,0,0,45,45,0,45,305,20,9877.68,26350.0,-16472.32,5
365,1239,120,135,0,135,125,0,10,40,40,0,40,240,35,21171.15,21675.0,-503.84999999999764,5
366,1239,105,115,0,115,110,5,0,60,60,0,60,210,40,23025.600000000006,18700.0,4325.600000000004,5
367,1239,145,140,0,140,125,0,15,35,35,0,35,265,20,10360.44,24225.0,-13864.56,5
368,1239,100,145,0,145,135,0,10,50,50,0,50,230,35,22477.230000000003,20825.0,1652.230000000004,5
369,1239,170,110,0,110,100,0,10,40,40,0,40,265,20,13817.520000000002,23800.0,-9982.479999999998,5
370,1239,185,130,0,130,130,0,0,35,35,0,35,310,15,7594.920000000002,26775.0,-19180.079999999998,5
371,1239,75,160,0,160,155,5,0,45,45,0,45,225,25,16177.770000000002,19975.0,-3797.2299999999973,5
372,1239,130,125,0,125,125,0,0,40,40,0,40,250,35,22049.37,21675.0,374.369999999999,5
373,1239,85,155,0,155,155,0,0,45,45,0,45,235,60,39226.18500000001,20400.0,18826.18500000001,5
374,1239,65,140,0,140,120,5,15,35,35,0,35,180,65,54110.75343750001,17425.0,36685.75343750001,5
375,1239,70,175,0,175,160,0,15,20,20,0,20,225,5,2502.36,20825.0,-18322.64,5
376,1239,90,160,0,160,135,0,25,35,35,0,35,220,35,22592.475,21250.0,1342.4749999999995,5
377,1239,105,145,0,145,140,0,5,45,45,0,45,240,30,19777.590000000004,21250.0,-1472.4099999999976,5
378,1239,55,180,0,180,140,35,5,45,45,0,45,190,65,39390.39000000001,19975.0,19415.390000000007,5
379,1239,140,125,0,125,115,0,10,60,60,0,60,250,20,10404.36,22525.0,-12120.64,5
380,1239,150,105,0,105,105,0,0,65,65,0,65,250,45,26943.48,21675.0,5268.48,5
381,1239,105,125,0,125,125,0,0,70,70,0,70,225,70,43955.91,19550.0,24405.910000000003,5
382,1239,160,125,0,125,115,0,10,40,40,0,40,270,10,5048.64,24225.0,-19176.36,5
383,1239,110,135,0,135,135,0,0,40,40,0,40,240,20,9789.840000000002,20825.0,-11035.159999999998,5
384,1239,125,135,0,135,135,0,0,40,40,0,40,255,35,18723.780000000002,22100.0,-3376.2199999999984,5
385,1239,120,130,0,130,120,0,10,55,55,0,55,235,50,29600.370000000003,21250.0,8350.370000000003,5
386,1239,95,150,0,150,110,5,35,70,70,0,70,200,95,60166.98000000001,20825.0,39341.98000000001,5
387,1239,80,160,0,160,130,0,30,35,35,0,35,205,25,15343.29,20400.0,-5056.709999999998,5
388,1239,75,160,0,160,110,25,25,50,50,0,50,180,65,47107.861875,19975.0,27132.861875,5
389,1239,125,145,0,145,130,0,15,45,45,0,45,250,30,18152.82,22950.0,-4797.1799999999985,5
390,1239,95,155,0,155,140,0,15,50,50,0,50,230,40,21599.46,21250.0,349.4599999999991,5
391,1239,110,120,0,120,110,0,10,50,50,0,50,215,70,50645.11500000001,19550.0,31095.115000000013,5
392,1239,110,145,0,145,125,0,20,55,55,0,55,230,25,12336.12,21675.0,-9338.88,5
393,1239,100,140,0,140,135,5,0,50,50,0,50,230,15,7550.640000000002,20400.0,-12849.359999999997,5
394,1239,130,140,0,140,120,0,20,60,60,0,60,245,45,25484.760000000006,22950.0,2534.7600000000057,5
395,1239,85,140,0,140,130,5,5,55,55,0,55,210,75,58483.37812499999,19125.0,39358.37812499999,5
396,1239,90,155,0,155,135,0,20,45,45,0,45,220,35,18526.140000000003,20825.0,-2298.8599999999974,5
397,1239,70,175,0,175,135,10,30,55,55,0,55,200,35,19360.620000000003,20825.0,-1464.3799999999965,5
398,1239,110,125,0,125,115,0,10,60,60,0,60,220,45,24057.54,19975.0,4082.539999999999,5
399,1239,85,155,0,155,155,0,0,40,40,0,35,235,20,9833.76,20400.0,-10566.239999999998,5
400,1239,85,160,0,160,155,0,5,35,35,0,35,235,20,10141.2,20825.0,-10683.8,5
401,1239,110,155,0,155,130,0,25,45,45,0,45,235,35,21193.469999999998,22525.0,-1331.5300000000025,5
402,1239,65,165,0,165,165,0,0,20,20,0,20,225,25,13345.740000000003,19550.0,-6204.259999999997,5
403,1239,65,155,0,155,135,0,20,45,45,0,45,195,50,27800.190000000002,18700.0,9100.190000000002,5
404,1239,140,135,0,135,135,0,0,40,40,0,40,270,35,20414.160000000003,23375.0,-2960.8399999999983,5
405,1239,100,150,0,150,145,5,0,30,30,0,30,240,0,0.0,21250.0,-21250.0,5
406,1239,165,120,0,120,120,0,0,45,45,0,45,280,30,18109.170000000006,24225.0,-6115.829999999996,5
407,1239,80,170,0,170,125,10,35,55,55,0,55,200,15,8824.140000000001,21250.0,-12425.859999999997,5
408,1239,105,145,0,145,140,0,5,40,40,0,40,240,25,12819.240000000002,21250.0,-8430.759999999998,5
409,1239,55,160,0,160,120,10,30,50,50,0,45,170,40,24814.89,18275.0,6539.89,5
410,1239,80,150,0,150,140,0,10,45,45,0,45,215,50,39618.29812500001,19550.0,20068.298125000005,5
411,1239,100,135,0,135,130,0,5,45,45,0,45,225,40,24935.625,19975.0,4960.625,5
412,1239,85,145,0,145,135,0,10,45,45,0,45,215,60,42968.38500000001,19550.0,23418.38500000001,5
413,1239,75,140,0,140,130,5,5,65,65,0,65,200,40,28022.737500000003,18275.0,9747.737500000003,5
414,1239,120,145,0,145,145,0,0,40,40,0,40,260,10,5268.240000000001,22525.0,-17256.76,5
415,1239,90,130,0,130,125,0,5,65,65,0,65,210,65,42158.497500000005,18700.0,23458.497500000005,5
416,1239,80,140,0,140,130,5,5,60,60,0,60,205,50,26055.18,18700.0,7355.18,5
417,1239,125,125,0,125,110,15,0,60,60,0,60,230,40,23574.690000000006,21250.0,2324.690000000005,5
418,1239,85,175,0,175,135,20,20,35,35,0,35,215,25,13916.7,22100.0,-8183.299999999999,5
419,1239,105,135,0,135,135,0,0,40,40,0,40,235,55,39434.535,20400.0,19034.535000000003,5
420,1239,60,140,0,140,125,5,10,55,55,0,55,180,60,37951.875,17000.0,20951.875,5
421,1239,135,120,0,120,110,0,10,60,60,0,55,240,45,29787.165000000005,21675.0,8112.1650000000045,5
422,1239,85,155,0,155,100,30,25,70,70,0,70,180,65,36909.810000000005,20400.0,16509.810000000005,5
423,1239,75,160,0,160,160,0,0,40,40,0,40,230,25,13126.320000000003,19975.0,-6848.679999999997,5
424,1239,115,140,0,140,135,0,5,60,60,0,55,245,35,20655.72,21675.0,-1019.2799999999988,5
425,1239,55,150,0,150,145,0,5,50,50,0,45,195,40,26022.105000000007,17425.0,8597.105000000007,5
426,1239,65,175,0,175,145,10,20,45,45,0,45,205,25,14882.400000000001,20400.0,-5517.599999999998,5
427,1239,130,135,0,135,135,0,0,40,40,0,40,260,20,10096.920000000002,22525.0,-12428.079999999998,5
428,1239,110,155,0,155,125,0,30,30,30,0,30,230,20,12160.62,22525.0,-10364.38,5
429,1239,110,135,0,135,130,0,5,30,30,0,30,235,50,32014.349999999995,20825.0,11189.349999999995,5
430,1239,105,135,0,135,135,0,0,50,50,0,50,235,40,23618.880000000005,20400.0,3218.8800000000037,5
431,1239,90,170,0,170,130,15,25,35,35,0,35,215,30,16813.800000000003,22100.0,-5286.199999999999,5
432,1239,90,165,0,165,155,0,10,25,25,0,25,240,20,13192.29,21675.0,-8482.71,5
433,1239,85,135,0,135,120,0,15,50,50,0,45,200,50,30000.015000000003,18700.0,11300.015000000003,5
434,1239,150,135,0,135,125,0,10,45,45,0,45,270,45,26187.12,24225.0,1962.12,5
435,1239,90,155,0,155,135,10,10,50,50,0,50,220,25,13894.740000000002,20825.0,-6930.259999999998,5
436,1239,100,130,0,130,125,0,5,55,55,0,55,220,50,31993.065000000002,19550.0,12443.065000000002,5
437,1239,65,155,0,155,135,5,15,45,45,0,45,195,55,36775.1475,18700.0,18075.1475,5
438,1239,70,165,0,165,130,20,15,55,55,0,55,195,55,33266.07,19975.0,13291.07,5
439,1239,75,155,0,155,150,0,5,30,30,0,30,220,15,11161.440000000002,19550.0,-8388.559999999998,5
440,1239,140,115,0,115,110,0,5,50,50,0,50,245,60,41140.979999999996,21675.0,19465.98,5
441,1239,120,150,0,150,145,0,5,40,40,0,40,260,10,5663.16,22950.0,-17286.84,5
442,1239,85,155,0,155,155,0,0,45,45,0,45,235,30,18954.27,20400.0,-1445.7299999999987,5
443,1239,120,125,0,125,120,0,5,50,50,0,45,235,35,18569.700000000004,20825.0,-2255.2999999999975,5
444,1239,75,140,0,140,125,5,10,65,65,0,65,195,85,55409.03999999999,18275.0,37134.03999999999,5
445,1239,120,125,0,125,125,0,0,50,50,0,50,240,25,15585.120000000004,20825.0,-5239.879999999996,5
446,1239,115,140,0,140,135,0,5,60,60,0,60,245,45,30711.757500000003,21675.0,9036.757500000003,5
447,1239,85,160,0,160,145,0,15,40,40,0,40,225,35,21972.510000000002,20825.0,1147.510000000002,5
448,1239,70,150,0,150,120,10,20,65,65,0,65,185,60,34868.25000000001,18700.0,16168.250000000007,5
449,1239,165,120,0,120,110,0,10,40,40,0,40,270,50,32536.575000000004,24225.0,8311.575000000003,5
450,1239,65,180,0,180,140,0,40,30,30,0,30,200,30,15957.900000000001,20825.0,-4867.0999999999985,5
451,1239,120,140,0,140,130,0,10,40,40,0,40,245,50,35011.192500000005,22100.0,12911.192500000001,5
452,1239,160,135,0,135,100,0,35,50,50,0,50,255,35,19141.02,25075.0,-5933.98,5
453,1239,140,130,0,130,115,0,15,55,55,0,55,250,40,23465.160000000003,22950.0,515.1600000000053,5
454,1239,115,145,0,145,145,0,0,35,35,0,35,255,35,22921.875,22100.0,821.875,5
455,1239,110,125,0,125,125,0,0,50,50,0,50,230,45,26976.690000000002,19975.0,7001.690000000003,5
456,1239,75,165,0,165,165,0,0,25,25,0,25,235,10,5048.64,20400.0,-15351.36,5
457,1239,110,160,0,160,135,0,25,45,45,0,45,240,15,8780.220000000001,22950.0,-14169.779999999999,5
458,1239,115,140,0,140,140,0,0,35,35,0,35,250,35,21138.570000000003,21675.0,-536.4299999999957,5
459,1239,85,145,0,145,130,0,15,55,55,0,55,210,45,24606.360000000004,19550.0,5056.360000000004,5
460,1239,60,165,0,165,145,0,20,30,30,0,30,200,40,23508.9,19125.0,4383.900000000003,5
461,1239,90,155,0,155,145,0,10,45,45,0,45,230,20,12138.480000000001,20825.0,-8686.519999999999,5
462,1239,125,135,0,135,130,0,5,55,55,0,50,250,50,30281.130000000005,22100.0,8181.130000000003,5
463,1239,110,130,0,130,115,0,15,50,50,0,50,220,30,18481.860000000004,20400.0,-1918.1399999999962,5
464,1239,80,135,0,135,125,5,5,50,50,0,45,200,50,37636.261875,18275.0,19361.261875,5
465,1239,130,125,0,125,105,0,20,60,60,0,60,230,35,20874.78,21675.0,-800.2199999999993,5
466,1239,95,155,0,155,130,15,10,45,45,0,45,220,35,19601.82,21250.0,-1648.1799999999998,5
467,1239,55,175,0,175,155,0,20,40,40,0,40,205,20,11568.060000000001,19550.0,-7981.94,5
468,1239,70,165,0,165,105,25,35,50,50,0,50,170,65,44449.56,19975.0,24474.56,5
469,1239,90,135,0,135,130,0,5,40,40,0,40,215,40,23651.190000000002,19125.0,4526.190000000001,5
470,1239,85,160,0,160,145,0,15,35,35,0,35,225,35,22082.31,20825.0,1257.3100000000022,5
471,1239,95,125,0,125,125,0,0,55,55,0,55,215,55,38759.40000000001,18700.0,20059.400000000005,5
472,1239,125,135,0,135,125,0,10,40,40,0,40,245,45,30341.115000000005,22100.0,8241.115000000005,5
473,1239,85,140,0,140,135,0,5,45,45,0,45,215,60,42224.3775,19125.0,23099.377500000002,5
474,1239,120,145,0,145,145,0,0,30,30,0,30,260,30,16111.620000000003,22525.0,-6413.379999999997,5
475,1239,120,140,0,140,130,0,10,30,30,0,30,245,20,12094.740000000002,22100.0,-10005.259999999998,5
476,1239,75,180,0,180,150,10,20,30,30,0,30,220,45,27888.57,21675.0,6213.57,5
477,1239,50,175,0,175,175,0,0,35,35,0,35,220,10,5136.4800000000005,19125.0,-13988.519999999999,5
478,1239,85,145,0,145,140,0,5,50,50,0,50,220,15,7506.720000000001,19550.0,-12043.279999999999,5
479,1239,105,135,0,135,115,15,5,65,65,0,65,215,55,30401.280000000006,20400.0,10001.280000000006,5
480,1239,180,125,0,125,125,0,0,40,40,0,40,300,40,23860.260000000002,25925.0,-2064.739999999997,5
481,1239,110,140,0,140,120,0,20,60,60,0,60,225,75,48494.475000000006,21250.0,27244.475000000002,5
482,1239,135,145,0,145,130,0,15,30,30,0,30,260,15,9745.920000000002,23800.0,-14054.079999999998,5
483,1239,90,155,0,155,140,0,15,50,50,0,50,225,30,17780.040000000005,20825.0,-3044.9599999999964,5
484,1239,130,130,0,130,125,0,5,55,55,0,55,250,35,20128.140000000003,22100.0,-1971.859999999997,5
485,1239,135,130,0,130,125,5,0,50,50,0,50,255,20,11436.300000000001,22525.0,-11088.699999999999,5
486,1239,60,165,0,165,135,5,25,45,45,0,45,190,60,45734.5575,19125.0,26609.557500000003,5
487,1239,95,145,0,145,140,0,5,45,45,0,40,230,40,23202.000000000004,20400.0,2802.0000000000027,5
488,1239,110,145,0,145,125,0,20,50,50,0,50,230,45,28777.54500000001,21675.0,7102.545000000009,5
489,1239,65,150,0,150,120,5,25,60,60,0,60,180,50,38464.891875,18275.0,20189.891874999998,5
490,1239,55,160,0,160,155,0,5,40,40,0,40,205,45,29616.975000000006,18275.0,11341.975000000006,5
491,1239,145,115,0,115,110,0,5,60,60,0,55,250,80,48817.84500000001,22100.0,26717.84500000001,5
492,1239,70,170,0,170,150,0,20,40,40,0,40,215,45,25747.920000000006,20400.0,5347.920000000004,5
493,1239,75,150,0,150,130,5,15,50,50,0,50,200,50,32015.07,19125.0,12890.07,5
494,1239,80,150,0,150,130,0,20,40,40,0,40,205,30,18811.89,19550.0,-738.1099999999992,5
495,1239,165,120,0,120,120,0,0,40,40,0,40,280,85,61350.87375000001,24225.0,37125.87375000001,5
496,1239,100,150,0,150,130,5,15,55,55,0,55,225,5,2590.2000000000003,21250.0,-18659.8,5
497,1239,85,150,0,150,125,0,25,50,50,0,45,205,40,23355.36,19975.0,3380.3600000000006,5
498,1239,90,135,0,135,130,0,5,65,65,0,65,215,50,28557.450000000008,19125.0,9432.450000000008,5
499,1239,65,160,0,160,150,0,10,45,45,0,45,210,25,14070.420000000002,19125.0,-5054.579999999998,5
500,1239,135,135,0,135,130,0,5,45,45,0,45,260,40,24408.9,22950.0,1458.9000000000033,5
501,1239,90,150,0,150,135,0,15,50,50,0,50,220,30,18416.610000000004,20400.0,-1983.3899999999971,5
502,1239,105,160,0,160,150,0,10,35,35,0,30,250,25,12819.24,22525.0,-9705.76,5
503,1239,155,135,0,135,135,0,0,60,60,0,60,285,50,30791.295000000006,24650.0,6141.295000000005,5
504,1239,115,160,0,160,140,0,20,40,40,0,40,250,55,33979.50000000001,23375.0,10604.500000000007,5
505,1239,115,130,0,130,130,0,0,50,50,0,50,240,45,30437.257500000007,20825.0,9612.257500000005,5
506,1239,105,135,0,135,115,0,20,45,45,0,40,215,50,29786.670000000006,20400.0,9386.670000000004,5
507,1239,70,145,0,145,135,0,10,55,55,0,55,200,45,28974.150000000005,18275.0,10699.150000000005,5
508,1239,95,150,0,150,140,0,10,30,30,0,30,230,15,8253.000000000002,20825.0,-12571.999999999998,5
509,1239,115,120,0,120,120,0,0,50,50,0,50,230,70,46348.560000000005,19975.0,26373.560000000005,5
510,1239,80,165,0,165,145,0,20,60,60,0,60,220,25,13741.02,20825.0,-7083.98,5
511,1239,120,135,0,135,120,0,15,40,40,0,40,235,70,53554.01625,21675.0,31879.016250000004,5
512,1239,65,175,0,175,160,0,15,25,25,0,25,220,25,18411.255,20400.0,-1988.744999999999,5
513,1239,95,145,0,145,115,5,25,50,50,0,50,205,60,37656.18000000001,20400.0,17256.180000000004,5
514,1239,50,190,0,190,150,20,20,45,45,0,45,195,25,12775.320000000002,20400.0,-7624.6799999999985,5
515,1239,75,150,0,150,135,0,15,50,50,0,50,205,80,54240.14250000001,19125.0,35115.14250000001,5
516,1239,50,175,0,175,125,30,20,45,45,0,45,170,45,29018.610000000004,19125.0,9893.610000000004,5
517,1239,70,150,0,150,150,0,0,45,45,0,45,215,35,26036.4375,18700.0,7336.437500000002,5
518,1239,95,150,0,150,150,0,0,45,45,0,45,240,35,19009.260000000002,20825.0,-1815.7399999999984,5
519,1239,85,140,0,140,110,10,20,50,50,0,50,190,55,34621.33500000001,19125.0,15496.335000000003,5
520,1239,155,125,0,125,115,0,10,45,45,0,45,265,45,27317.610000000004,23800.0,3517.610000000004,5
521,1239,115,145,0,145,135,0,10,35,35,0,30,245,25,15584.760000000004,22100.0,-6515.239999999996,5
522,1239,145,120,0,120,100,0,20,70,70,0,70,240,50,26318.700000000004,22525.0,3793.7000000000035,5
523,1239,85,155,0,155,150,0,5,30,30,0,30,230,20,13554.000000000004,20400.0,-6845.999999999996,5
524,1239,145,125,0,125,115,0,10,55,55,0,55,255,25,12863.16,22950.0,-10086.84,5
525,1239,90,150,0,150,140,0,10,70,70,0,70,225,45,26187.210000000006,20400.0,5787.210000000005,5
526,1239,170,120,0,120,105,0,15,65,65,0,60,270,45,23311.440000000002,24650.0,-1338.5599999999977,5
527,1239,100,140,0,140,120,0,20,40,40,0,40,215,65,45473.287500000006,20400.0,25073.287500000006,5
528,1239,115,120,0,120,110,0,10,65,65,0,65,220,70,41014.710000000014,19975.0,21039.710000000014,5
529,1239,170,135,0,135,130,0,5,30,30,0,30,295,15,8670.42,25925.0,-17254.58,5
530,1239,150,135,0,135,115,0,20,40,40,0,40,260,30,19195.65,24225.0,-5029.349999999999,5
531,1239,105,165,0,165,150,0,15,40,40,0,40,250,20,11568.060000000001,22950.0,-11381.939999999999,5
532,1239,100,140,0,140,135,0,5,50,50,0,50,230,60,43339.89375000001,20400.0,22939.89375000001,5
533,1239,90,165,0,165,150,0,15,45,45,0,45,235,25,14970.240000000002,21675.0,-6704.759999999998,5
534,1239,85,160,0,160,145,0,15,50,50,0,50,225,60,39006.1125,20825.0,18181.112500000003,5
535,1239,115,140,0,140,130,10,0,55,55,0,55,240,45,27876.960000000003,21675.0,6201.960000000004,5
536,1239,140,135,0,135,125,0,10,55,55,0,55,260,45,23838.3,23375.0,463.2999999999993,5
537,1239,85,155,0,155,145,0,10,55,55,0,50,225,80,52423.69500000001,20400.0,32023.695000000007,5
538,1239,115,140,0,140,140,0,0,40,40,0,40,250,30,16813.980000000003,21675.0,-4861.019999999999,5
539,1239,70,160,0,160,140,0,20,55,55,0,55,205,45,24540.479999999996,19550.0,4990.479999999998,5
540,1239,105,145,0,145,120,5,20,50,50,0,50,220,55,32234.490000000005,21250.0,10984.490000000005,5
541,1239,60,170,0,170,170,0,0,35,35,0,35,225,15,7682.76,19550.0,-11867.24,5
542,1239,100,135,0,135,135,0,0,50,50,0,50,230,40,24288.12,19975.0,4313.119999999999,5
543,1239,85,155,0,155,145,0,10,40,40,0,40,225,70,51381.067500000005,20400.0,30981.06750000001,5
544,1239,115,155,0,155,130,0,25,30,30,0,30,240,30,16857.900000000005,22950.0,-6092.099999999996,5
545,1239,60,170,0,170,140,15,15,45,45,0,45,195,35,20842.109999999997,19550.0,1292.1099999999979,5
546,1239,100,145,0,145,125,0,20,50,50,0,50,220,45,25594.560000000005,20825.0,4769.560000000006,5
547,1239,85,140,0,140,135,0,5,45,45,0,45,215,50,30444.930000000004,19125.0,11319.930000000004,5
548,1239,75,150,0,150,110,30,10,50,50,0,50,180,65,50242.98375,19125.0,31117.983750000003,5
549,1239,135,120,0,120,120,0,0,60,60,0,60,250,40,24178.230000000003,21675.0,2503.230000000003,5
550,1239,85,160,0,160,160,0,0,35,35,0,35,240,25,15321.330000000002,20825.0,-5503.669999999997,5
551,1239,110,140,0,140,140,0,0,40,40,0,40,245,25,12380.04,21250.0,-8869.96,5
552,1239,70,155,0,155,130,0,25,55,55,0,50,195,75,48115.44,19125.0,28990.44,5
553,1239,110,135,0,135,130,0,5,60,60,0,60,235,15,7507.080000000001,20825.0,-13317.919999999998,5
554,1239,200,105,0,105,105,0,0,35,35,0,35,300,40,28198.417500000003,25925.0,2273.417500000005,5
555,1239,165,120,0,120,120,0,0,45,45,0,45,280,30,16814.340000000004,24225.0,-7410.659999999998,5
556,1239,100,130,0,130,130,0,0,50,50,0,50,225,30,15782.220000000001,19550.0,-3767.779999999998,5
557,1239,80,145,0,145,125,0,20,50,50,0,50,200,65,39511.17,19125.0,20386.17,5
558,1239,55,165,0,165,165,0,0,45,45,0,40,215,20,9965.52,18700.0,-8734.48,5
559,1239,85,150,0,150,140,0,10,40,40,0,40,220,35,20172.600000000002,19975.0,197.60000000000218,5
560,1239,95,140,0,140,140,0,0,50,50,0,45,230,35,20721.6,19975.0,746.5999999999985,5
561,1239,85,170,0,170,165,0,5,40,40,0,40,245,30,16572.780000000002,21675.0,-5102.2199999999975,5
562,1239,135,145,0,145,145,0,0,30,30,0,30,275,15,7331.4000000000015,23800.0,-16468.6,5
563,1239,50,185,0,185,145,5,35,35,35,0,35,190,40,24968.970000000005,19975.0,4993.970000000004,5
564,1239,50,185,0,185,140,20,25,50,50,0,45,185,30,15321.240000000002,19975.0,-4653.7599999999975,5
565,1239,130,105,0,105,105,0,0,75,75,0,75,230,70,43182.31500000001,19975.0,23207.31500000001,5
566,1239,50,165,0,165,160,0,5,30,30,0,30,205,30,22323.510000000006,18275.0,4048.5100000000057,5
567,1239,110,140,0,140,130,0,10,55,55,0,55,235,30,16528.86,21250.0,-4721.139999999998,5
568,1239,95,140,0,140,130,0,10,50,50,0,50,220,60,35022.329999999994,19975.0,15047.329999999998,5
569,1239,70,140,0,140,140,0,0,50,50,0,50,205,40,21357.9,17850.0,3507.8999999999996,5
570,1239,110,140,0,140,140,0,0,45,45,0,45,245,50,31400.55,21250.0,10150.55,5
571,1239,170,110,0,110,95,0,15,50,50,0,50,260,40,21972.420000000002,23800.0,-1827.579999999998,5
572,1239,125,115,0,115,95,0,20,75,75,0,70,215,95,68919.85124999999,20400.0,48519.85124999999,5
573,1239,115,135,0,135,125,5,5,40,40,0,35,235,35,26038.485,21250.0,4788.485000000001,5
574,1239,90,155,0,155,135,0,20,45,45,0,45,220,35,18899.100000000002,20825.0,-1925.899999999997,5
575,1239,100,125,0,125,120,0,5,65,65,0,65,215,55,32771.880000000005,19125.0,13646.880000000005,5
576,1239,115,130,0,130,115,0,15,65,65,0,65,225,40,21379.86,20825.0,554.8599999999988,5
577,1239,105,125,0,125,115,0,10,65,65,0,65,215,55,33123.33,19550.0,13573.330000000002,5
578,1239,135,140,0,140,140,0,0,35,35,0,35,270,40,22565.16,23375.0,-809.8399999999992,5
579,1239,140,135,0,135,125,0,10,45,45,0,45,260,15,7331.4000000000015,23375.0,-16043.599999999999,5
580,1239,145,125,0,125,105,5,15,55,55,0,50,245,75,48982.815,22950.0,26032.815000000002,5
581,1239,150,130,0,130,95,0,35,50,50,0,50,240,45,23970.059999999998,23800.0,170.05999999999858,5
582,1239,100,150,0,150,130,0,20,60,60,0,55,225,60,34572.42,21250.0,13322.420000000002,5
583,1239,120,145,0,145,115,0,30,30,30,0,30,230,50,34325.302500000005,22525.0,11800.302500000002,5
584,1239,105,155,0,155,145,0,10,45,45,0,45,245,20,10097.28,22100.0,-12002.72,5
585,1239,125,140,0,140,140,0,0,50,50,0,50,260,25,12907.080000000002,22525.0,-9617.919999999998,5
586,1239,100,150,0,150,145,0,5,35,35,0,30,240,30,18120.15,21250.0,-3129.849999999999,5
587,1239,105,130,0,130,115,10,5,55,55,0,55,215,50,33370.2225,19975.0,13395.222500000003,5
588,1239,90,135,0,135,125,0,10,55,55,0,55,210,70,44889.30000000001,19125.0,25764.30000000001,5
589,1239,60,150,0,150,140,0,10,50,50,0,50,195,45,28677.960000000003,17850.0,10827.960000000003,5
590,1239,90,155,0,155,140,0,15,50,50,0,50,225,60,37656.450000000004,20825.0,16831.450000000004,5
591,1239,95,165,0,165,145,0,20,30,30,0,30,235,10,5004.720000000001,22100.0,-17095.28,5
592,1239,210,110,0,110,95,0,15,40,40,0,40,300,15,7638.840000000001,27200.0,-19561.16,5
593,1239,80,155,0,155,120,0,35,50,50,0,45,195,60,39467.475000000006,19975.0,19492.475000000006,5
594,1239,50,165,0,165,165,0,0,40,40,0,35,210,20,13532.67,18275.0,-4742.33,5
595,1239,60,160,0,160,105,20,35,50,50,0,50,160,75,48938.535,18700.0,30238.535000000003,5
596,1239,60,155,0,155,120,25,10,55,55,0,55,175,85,67800.95015625,18275.0,49525.95015624999,5
597,1239,135,140,0,140,135,0,5,35,35,0,35,265,30,16353.18,23375.0,-7021.82,5
598,1239,60,180,0,180,135,20,25,35,35,0,35,190,35,22499.550000000003,20400.0,2099.550000000004,5
599,1239,80,150,0,150,150,0,0,25,25,0,25,225,20,11414.34,19550.0,-8135.66,5
600,1239,105,155,0,155,140,0,15,50,50,0,50,240,20,10272.960000000001,22100.0,-11827.039999999999,5
601,1239,115,150,0,150,140,0,10,45,45,0,45,250,30,15453.360000000002,22525.0,-7071.639999999998,5
602,1239,135,125,0,125,105,0,20,40,40,0,40,235,35,20951.550000000003,22100.0,-1148.449999999998,5
603,1239,75,155,0,155,150,0,5,45,45,0,45,220,30,17187.120000000003,19550.0,-2362.879999999998,5
604,1239,120,140,0,140,130,0,10,35,35,0,35,245,20,9965.52,22100.0,-12134.48,5
605,1239,115,150,0,150,135,0,15,40,40,0,40,245,35,18987.3,22525.0,-3537.7,5
606,1239,140,145,0,145,125,0,20,25,25,0,25,260,10,4916.88,24225.0,-19308.12,5
607,1239,135,110,0,110,105,0,5,65,65,0,65,235,95,67243.629375,20825.0,46418.629375000004,5
608,1239,105,150,0,150,130,20,0,60,60,0,60,230,30,16375.140000000001,21675.0,-5299.859999999999,5
609,1239,90,145,0,145,135,0,10,60,60,0,60,220,70,44922.105,19975.0,24947.105000000003,5
610,1239,95,140,0,140,140,0,0,40,40,0,40,230,55,34111.17,19975.0,14136.170000000002,5
611,1239,135,125,0,125,125,0,0,50,50,0,50,255,20,10272.960000000001,22100.0,-11827.039999999999,5
612,1239,45,180,0,180,155,0,25,35,35,0,35,195,25,13038.480000000001,19125.0,-6086.519999999999,5
613,1239,85,160,0,160,120,10,30,75,75,0,70,200,40,22038.3,20825.0,1213.2999999999993,5
614,1239,85,155,0,155,135,0,20,35,35,0,35,215,35,28310.996250000004,20400.0,7910.996250000003,5
615,1239,95,150,0,150,150,0,0,45,45,0,45,240,35,20084.760000000002,20825.0,-740.2399999999989,5
616,1239,75,185,0,185,155,0,30,15,15,0,15,225,15,7463.16,22100.0,-14636.84,5
617,1239,100,160,0,160,140,0,20,40,40,0,40,235,20,10009.44,22100.0,-12090.560000000001,5
618,1239,115,125,0,125,125,0,0,50,50,0,50,235,70,49246.065,20400.0,28846.065,5
619,1239,50,175,0,175,160,0,15,45,45,0,45,205,15,7419.240000000001,19125.0,-11705.76,5
620,1239,70,170,0,170,145,5,20,45,45,0,45,210,60,37370.97,20400.0,16970.969999999998,5
621,1239,100,145,0,145,135,0,10,45,45,0,40,230,35,18899.100000000002,20825.0,-1925.899999999997,5
622,1239,75,155,0,155,145,0,10,40,40,0,40,215,60,44576.302500000005,19550.0,25026.3025,5
623,1239,75,150,0,150,115,30,5,65,65,0,60,185,55,36371.81250000001,19125.0,17246.812500000007,5
624,1239,95,150,0,150,140,0,10,55,55,0,55,230,45,27449.370000000003,20825.0,6624.3700000000035,5
625,1239,40,170,0,170,150,5,15,35,35,0,35,185,40,27877.23000000001,17850.0,10027.230000000009,5
626,1239,100,150,0,150,150,0,0,25,25,0,25,245,15,10492.290000000003,21250.0,-10757.709999999997,5
627,1239,140,110,0,110,110,0,0,70,70,0,65,245,60,41700.96000000001,21250.0,20450.960000000006,5
628,1239,65,155,0,155,135,15,5,40,40,0,40,195,30,17219.79,18700.0,-1480.2099999999973,5
629,1239,65,160,0,160,140,0,20,35,35,0,35,200,50,35378.6625,19125.0,16253.6625,5
630,1239,140,135,0,135,125,0,10,55,55,0,50,260,45,26132.31,23375.0,2757.310000000002,5
631,1239,140,105,0,105,100,0,5,60,60,0,60,235,65,52151.850000000006,20825.0,31326.850000000006,5
632,1239,150,125,0,125,120,0,5,55,55,0,55,265,50,30116.43,23375.0,6741.43,5
633,1239,95,150,0,150,135,0,15,35,35,0,35,225,35,22762.665,20825.0,1937.6650000000018,5
634,1239,80,150,0,150,150,0,0,55,55,0,55,225,55,32311.350000000002,19550.0,12761.350000000002,5
635,1239,95,145,0,145,130,0,15,55,55,0,55,220,40,28129.792500000003,20400.0,7729.792500000003,5
636,1239,75,135,0,135,120,5,10,65,65,0,65,190,85,59492.95875,17850.0,41642.95875,5
637,1239,70,160,0,160,155,0,5,30,30,0,30,220,20,10009.080000000002,19550.0,-9540.919999999998,5
638,1239,135,115,0,115,115,0,0,65,65,0,65,245,25,14268.060000000001,21250.0,-6981.94,5
639,1239,85,140,0,140,140,0,0,45,45,0,45,220,40,25177.230000000003,19125.0,6052.230000000004,5
640,1239,105,145,0,145,130,0,15,40,40,0,35,230,35,18833.58,21250.0,-2416.4199999999983,5
641,1239,70,165,0,165,155,5,5,35,35,0,35,220,10,4785.120000000001,19975.0,-15189.879999999997,5
642,1239,75,165,0,165,125,5,35,55,55,0,55,195,35,18964.800000000003,20400.0,-1435.1999999999953,5
643,1239,115,135,0,135,120,0,15,65,65,0,65,230,65,42090.48000000001,21250.0,20840.480000000007,5
644,1239,150,100,0,100,90,0,10,70,70,0,65,235,60,40866.12,21250.0,19616.120000000006,5
645,1239,75,155,0,155,155,0,0,60,60,0,60,225,85,59415.390000000014,19550.0,39865.390000000014,5
646,1239,80,155,0,155,150,0,5,35,35,0,35,225,25,12555.720000000003,19975.0,-7419.279999999997,5
647,1239,110,145,0,145,125,0,20,50,50,0,45,230,25,17472.870000000003,21675.0,-4202.129999999997,5
648,1239,75,165,0,165,125,0,40,45,45,0,45,195,20,10229.04,20400.0,-10170.96,5
649,1239,80,145,0,145,135,0,10,55,55,0,55,210,50,36384.918750000004,19125.0,17259.918750000004,5
650,1239,75,165,0,165,140,25,0,40,40,0,40,210,35,25531.357500000006,20400.0,5131.357500000004,5
651,1239,125,125,0,125,115,10,0,60,60,0,60,235,5,2634.1200000000003,21250.0,-18615.88,5
652,1239,90,165,0,165,160,0,5,25,25,0,25,245,40,26417.520000000004,21675.0,4742.520000000004,5
653,1239,135,130,0,130,115,0,15,50,50,0,50,245,60,40035.1275,22525.0,17510.1275,5
654,1239,140,135,0,135,125,0,10,35,35,0,35,260,15,7462.800000000001,23375.0,-15912.199999999997,5
655,1239,95,145,0,145,135,0,10,65,65,0,65,225,40,21511.620000000003,20400.0,1111.6200000000026,5
656,1239,85,150,0,150,140,0,10,50,50,0,50,220,65,43179.6375,19975.0,23204.637499999997,5
657,1239,120,130,0,130,125,0,5,45,45,0,45,240,25,12467.880000000001,21250.0,-8782.119999999999,5
658,1239,120,135,0,135,125,0,10,60,60,0,60,240,25,12775.320000000002,21675.0,-8899.679999999998,5
659,1239,95,135,0,135,125,0,10,60,60,0,60,215,35,18899.460000000003,19550.0,-650.5399999999986,5
660,1239,95,155,0,155,110,10,35,60,60,0,55,200,60,36569.97,21250.0,15319.970000000003,5
661,1239,110,125,0,125,110,15,0,65,65,0,65,215,60,39879.0225,19975.0,19904.022499999995,5
662,1239,65,150,0,150,140,0,10,40,40,0,40,200,45,31427.865,18275.0,13152.865000000002,5
663,1239,85,155,0,155,145,0,10,45,45,0,40,225,40,26022.285000000003,20400.0,5622.285000000002,5
664,1239,85,155,0,155,135,5,15,45,45,0,45,215,30,18043.020000000004,20400.0,-2356.9799999999964,5
665,1239,100,130,0,130,105,5,20,80,80,0,80,200,60,37513.305,19550.0,17963.305,5
666,1239,80,145,0,145,140,0,5,40,40,0,40,215,40,25341.39,19125.0,6216.390000000001,5
667,1239,70,145,0,145,145,0,0,45,45,0,45,210,50,31191.93000000001,18275.0,12916.930000000011,5
668,1239,80,160,0,160,150,0,10,60,60,0,55,225,65,42123.42,20400.0,21723.42,5
669,1239,115,135,0,135,130,0,5,50,50,0,50,240,30,20540.295000000002,21250.0,-709.704999999999,5
670,1239,120,130,0,130,130,0,0,45,45,0,45,245,40,27087.03,21250.0,5837.03,5
671,1239,100,130,0,130,110,0,20,60,60,0,60,205,80,57493.02375,19550.0,37943.02375,5
672,1239,80,155,0,155,145,5,5,30,30,0,30,220,30,15189.480000000003,19975.0,-4785.519999999997,5
673,1239,130,120,0,120,120,0,0,55,55,0,55,245,30,16770.06,21250.0,-4479.939999999999,5
674,1239,95,145,0,145,135,0,10,55,55,0,55,225,20,11392.380000000001,20400.0,-9007.619999999999,5
675,1239,70,170,0,170,125,10,35,50,50,0,50,190,55,40364.021250000005,20400.0,19964.021250000005,5
676,1239,110,160,0,160,120,5,35,55,55,0,55,225,35,18811.620000000003,22950.0,-4138.379999999997,5
677,1239,90,165,0,165,165,0,0,35,35,0,35,250,20,11721.78,21675.0,-9953.22,5
678,1239,50,165,0,165,160,0,5,40,40,0,40,205,30,16660.620000000003,18275.0,-1614.3799999999987,5
679,1239,100,150,0,150,95,45,10,55,55,0,55,190,85,59076.33750000001,21250.0,37826.33750000001,5
680,1239,105,135,0,135,135,0,0,50,50,0,50,235,60,39253.63500000001,20400.0,18853.63500000001,5
681,1239,120,145,0,145,140,0,5,40,40,0,40,255,15,8780.220000000001,22525.0,-13744.779999999999,5
682,1239,105,135,0,135,130,0,5,40,40,0,40,230,70,50823.69750000001,20400.0,30423.69750000001,5
683,1239,95,155,0,155,150,0,5,50,50,0,50,240,10,5180.400000000001,21250.0,-16069.6,5
684,1239,150,125,0,125,125,0,0,45,45,0,45,270,50,29995.65,23375.0,6620.650000000001,5
685,1239,65,165,0,165,155,5,5,50,50,0,50,215,50,32531.085000000006,19550.0,12981.085000000006,5
686,1239,105,150,0,150,115,0,35,50,50,0,50,215,35,21072.690000000002,21675.0,-602.3099999999977,5
687,1239,65,170,0,170,145,0,25,35,35,0,35,205,25,15760.53,19975.0,-4214.469999999999,5
688,1239,100,145,0,145,145,0,0,40,40,0,40,240,15,7419.240000000002,20825.0,-13405.759999999998,5
689,1239,80,165,0,165,130,0,35,50,50,0,50,205,10,5092.56,20825.0,-15732.439999999999,5
690,1239,80,150,0,150,120,0,30,60,60,0,55,195,40,21423.780000000002,19550.0,1873.7800000000016,5
691,1239,135,135,0,135,90,0,45,40,40,0,40,220,30,16792.02,22950.0,-6157.98,5
692,1239,85,170,0,170,135,15,20,50,50,0,50,215,20,10272.960000000001,21675.0,-11402.039999999999,5
693,1239,70,180,0,180,145,15,20,40,40,0,35,210,30,15672.600000000002,21250.0,-5577.399999999998,5
694,1239,80,160,0,160,160,0,0,45,45,0,45,235,25,15540.84,20400.0,-4859.16,5
695,1239,85,140,0,140,140,0,0,45,45,0,45,220,50,35110.215000000004,19125.0,15985.215000000004,5
696,1239,85,155,0,155,140,15,0,55,55,0,55,220,75,57414.64921875,20400.0,37014.64921875,5
697,1239,125,145,0,145,135,5,5,40,40,0,40,255,40,25698.734999999997,22950.0,2748.734999999997,5
698,1239,65,180,0,180,150,0,30,45,45,0,45,210,10,5004.72,20825.0,-15820.28,5
699,1239,95,150,0,150,140,0,10,45,45,0,45,230,35,22785.030000000002,20825.0,1960.0300000000016,5
700,1239,115,145,0,145,120,0,25,55,55,0,55,230,25,13258.08,22100.0,-8841.92,5
701,1239,75,175,0,175,165,0,10,35,35,0,35,235,25,13982.58,21250.0,-7267.42,5
702,1239,115,150,0,150,145,0,5,25,25,0,20,255,30,21171.644999999997,22525.0,-1353.3550000000014,5
703,1239,125,140,0,140,130,0,10,35,35,0,35,250,15,8999.820000000002,22525.0,-13525.18,5
704,1239,100,135,0,135,130,0,5,50,50,0,50,225,15,7551.0,19975.0,-12424.0,5
705,1239,75,150,0,150,135,10,5,55,55,0,55,205,60,36294.93,19125.0,17169.93,5
706,1239,110,160,0,160,135,0,25,35,35,0,35,240,20,11084.940000000002,22950.0,-11865.059999999998,5
707,1239,80,165,0,165,100,25,40,75,75,0,75,175,50,29172.420000000006,20825.0,8347.420000000006,5
708,1239,95,155,0,155,135,0,20,50,50,0,50,225,40,24332.13,21250.0,3082.130000000002,5
709,1239,75,160,0,160,140,10,10,45,45,0,40,210,30,18724.050000000003,19975.0,-1250.949999999998,5
710,1239,120,140,0,140,135,5,0,40,40,0,40,250,35,25029.022499999995,22100.0,2929.0224999999964,5
711,1239,110,145,0,145,140,0,5,40,40,0,40,245,35,19119.059999999998,21675.0,-2555.9400000000005,5
712,1239,135,120,0,120,105,0,15,60,60,0,60,235,50,31915.305000000004,21675.0,10240.305000000004,5
713,1239,105,150,0,150,120,0,30,55,55,0,55,220,25,12072.600000000002,21675.0,-9602.399999999998,5
714,1239,105,145,0,145,140,0,5,45,45,0,45,240,35,20611.170000000002,21250.0,-638.8299999999981,5
715,1239,155,110,0,110,95,0,15,75,75,0,75,245,60,33211.44,22525.0,10686.440000000002,5
716,1239,75,140,0,140,100,5,35,70,70,0,70,170,85,54667.935000000005,18275.0,36392.935000000005,5
717,1239,55,165,0,165,145,0,20,35,35,0,35,195,15,8297.28,18700.0,-10402.72,5
718,1239,130,155,0,155,105,15,35,50,50,0,50,230,30,14970.240000000002,24225.0,-9254.759999999998,5
719,1239,125,140,0,140,125,0,15,25,25,0,25,245,35,22521.510000000002,22525.0,-3.4899999999970532,5
720,1239,120,135,0,135,130,0,5,45,45,0,40,245,15,8165.520000000001,21675.0,-13509.48,5
721,1239,130,155,0,155,135,0,20,40,40,0,40,260,10,5224.32,24225.0,-19000.68,5
722,1239,95,165,0,165,150,0,15,40,40,0,40,240,45,29792.655000000006,22100.0,7692.655000000004,5
723,1239,110,130,0,130,115,5,10,60,60,0,60,220,35,19075.14,20400.0,-1324.860000000001,5
724,1239,55,165,0,165,160,0,5,45,45,0,45,210,40,24013.800000000007,18700.0,5313.800000000006,5
725,1239,65,155,0,155,110,25,20,50,50,0,45,170,50,33298.65000000001,18700.0,14598.650000000007,5
726,1239,95,155,0,155,155,0,0,25,25,0,25,245,15,7726.680000000001,21250.0,-13523.32,5
727,1239,50,185,0,185,140,0,45,30,30,0,30,185,60,42930.18000000001,19975.0,22955.180000000008,5
728,1239,110,155,0,155,90,35,30,80,80,0,80,195,75,43989.20999999999,22525.0,21464.209999999992,5
729,1239,100,155,0,155,145,0,10,40,40,0,40,240,35,22741.11,21675.0,1066.1099999999988,5
730,1239,80,165,0,165,135,30,0,50,50,0,50,210,30,16902.18,20825.0,-3922.8199999999993,5
731,1239,65,165,0,165,140,5,20,55,55,0,55,200,60,38732.22,19550.0,19182.22,5
732,1239,105,150,0,150,145,0,5,35,35,0,35,245,35,20897.010000000002,21675.0,-777.9899999999998,5
733,1239,95,155,0,155,135,0,20,45,45,0,45,225,45,30352.162500000006,21250.0,9102.162500000004,5
734,1239,130,145,0,145,125,0,20,30,30,0,30,250,30,18625.230000000003,23375.0,-4749.769999999999,5
735,1239,180,115,0,115,115,0,0,40,40,0,40,290,50,29852.64,25075.0,4777.640000000001,5
736,1239,65,165,0,165,140,5,20,50,50,0,50,200,25,14223.600000000002,19550.0,-5326.399999999999,5
737,1239,65,150,0,150,115,0,35,45,45,0,45,175,30,17164.98,18275.0,-1110.0199999999995,5
738,1239,155,140,0,140,135,0,5,30,30,0,30,285,25,12116.520000000002,25075.0,-12958.479999999998,5
739,1239,135,155,0,155,145,0,10,15,15,0,15,275,15,8890.02,24650.0,-15759.98,5
740,1239,115,145,0,145,130,0,15,30,30,0,30,240,15,8582.58,22100.0,-13517.42,5
741,1239,105,160,0,160,150,0,10,35,35,0,35,250,25,14772.780000000002,22525.0,-7752.2199999999975,5
742,1239,85,165,0,165,160,0,5,35,35,0,30,240,5,2370.6000000000004,21250.0,-18879.4,5
743,1239,50,160,0,160,135,10,15,40,40,0,40,180,25,18350.865000000005,17850.0,500.8650000000034,5
744,1239,80,150,0,150,140,0,10,45,45,0,45,215,50,34218.2475,19550.0,14668.247499999998,5
745,1239,110,130,0,130,120,0,10,55,55,0,55,225,45,27278.775,20400.0,6878.775000000001,5
746,1239,105,150,0,150,150,0,0,40,40,0,40,250,50,33540.70500000001,21675.0,11865.705000000007,5
747,1239,120,140,0,140,115,0,25,40,40,0,40,230,40,21226.14,22100.0,-873.8599999999997,5
748,1239,95,160,0,160,110,5,45,65,65,0,65,200,50,30478.410000000003,21675.0,8803.410000000003,5
749,1239,125,135,0,135,115,0,20,45,45,0,40,235,25,13455.54,22100.0,-8644.46,5
750,1239,65,150,0,150,150,0,0,50,50,0,45,210,25,12116.520000000002,18275.0,-6158.479999999998,5
751,1239,110,130,0,130,125,0,5,45,45,0,45,230,50,33540.479999999996,20400.0,13140.479999999998,5
752,1239,140,140,0,140,130,0,10,55,55,0,50,265,35,18833.580000000005,23800.0,-4966.419999999996,5
753,1239,170,120,0,120,115,0,5,30,30,0,30,280,65,45745.470000000016,24650.0,21095.470000000016,5
754,1239,85,150,0,150,100,15,35,60,60,0,60,180,35,19777.140000000003,19975.0,-197.85999999999603,5
755,1239,120,130,0,130,115,5,10,65,65,0,65,230,25,13675.14,21250.0,-7574.860000000001,5
756,1239,110,145,0,145,120,0,25,55,55,0,55,225,40,26170.875,21675.0,4495.875000000001,5
757,1239,70,170,0,170,130,15,25,45,45,0,45,195,25,13653.180000000002,20400.0,-6746.819999999998,5
758,1239,95,140,0,140,130,0,10,60,60,0,60,220,35,20128.68,19975.0,153.68000000000166,5
759,1239,95,155,0,155,150,0,5,30,30,0,30,240,40,27471.465000000004,21250.0,6221.465000000003,5
760,1239,125,140,0,140,135,0,5,35,35,0,35,255,5,2765.520000000001,22525.0,-19759.48,5
761,1239,70,160,0,160,135,5,20,50,50,0,50,200,45,24715.980000000003,19550.0,5165.980000000004,5
762,1239,80,125,0,125,120,0,5,60,60,0,60,195,65,41541.21,17425.0,24116.21,5
763,1239,110,160,0,160,155,0,5,35,35,0,35,260,25,13082.76,22950.0,-9867.24,5
764,1239,140,120,0,120,115,0,5,45,45,0,45,250,55,34922.97,22100.0,12822.970000000005,5
765,1239,55,170,0,170,130,30,10,50,50,0,45,180,35,21577.5,19125.0,2452.5,5
766,1239,100,150,0,150,140,0,10,55,55,0,55,235,40,23454.27,21250.0,2204.2700000000013,5
767,1239,70,145,0,145,125,10,10,60,60,0,55,190,45,27723.465,18275.0,9448.465,5
768,1239,140,135,0,135,115,0,20,65,65,0,60,250,65,38128.18500000001,23375.0,14753.185000000012,5
769,1239,80,155,0,155,140,0,15,35,35,0,35,215,20,12445.920000000002,19975.0,-7529.079999999999,5
770,1239,80,135,0,135,105,10,20,50,50,0,50,180,90,62064.18000000001,18275.0,43789.18000000001,5
771,1239,100,155,0,155,105,15,35,50,50,0,50,200,55,38257.2675,21675.0,16582.2675,5
772,1239,145,125,0,125,125,0,0,45,45,0,45,265,50,35680.995,22950.0,12730.995000000003,5
773,1239,140,135,0,135,125,0,10,35,35,0,35,260,20,10141.2,23375.0,-13233.8,5
774,1239,50,180,0,180,160,5,15,45,45,0,45,205,15,7682.76,19550.0,-11867.24,5
775,1239,80,165,0,165,150,0,15,45,45,0,45,225,15,8187.3,20825.0,-12637.7,5
776,1239,55,150,0,150,150,0,0,30,30,0,30,200,70,54503.302500000005,17425.0,37078.302500000005,5
777,1239,115,130,0,130,80,15,35,75,75,0,70,190,60,34396.380000000005,20825.0,13571.380000000005,5
778,1239,100,135,0,135,120,10,5,60,60,0,55,215,70,48074.8275,19975.0,28099.8275,5
779,1239,60,195,0,195,115,40,40,40,40,0,40,170,5,2326.6800000000003,21675.0,-19348.32,5
780,1239,85,135,0,135,125,10,0,50,50,0,50,205,45,25703.730000000003,18700.0,7003.730000000005,5
781,1239,90,155,0,155,140,0,15,40,40,0,40,225,35,20392.200000000004,20825.0,-432.79999999999745,5
782,1239,65,175,0,175,155,0,20,30,30,0,25,215,25,18861.075,20400.0,-1538.9249999999993,5
783,1239,85,140,0,140,120,10,10,50,50,0,50,200,65,41683.23000000001,19125.0,22558.23000000001,5
784,1239,145,135,0,135,120,0,15,50,50,0,50,260,45,26933.58,23800.0,3133.5800000000017,5
785,1239,55,165,0,165,125,5,35,45,45,0,45,175,40,23618.610000000004,18700.0,4918.610000000003,5
786,1239,145,115,0,115,115,0,0,55,55,0,55,255,50,30335.49000000001,22100.0,8235.490000000009,5
787,1239,70,170,0,170,145,0,25,45,45,0,40,210,45,27526.230000000003,20400.0,7126.230000000005,5
788,1239,90,125,0,125,110,10,5,65,65,0,60,195,50,30916.800000000003,18275.0,12641.800000000003,5
789,1239,130,120,0,120,120,0,0,40,40,0,35,245,55,34363.44,21250.0,13113.440000000006,5
790,1239,115,130,0,130,110,0,20,55,55,0,50,220,25,12906.720000000001,20825.0,-7918.28,5
791,1239,55,170,0,170,155,0,15,50,50,0,45,205,35,22554.45,19125.0,3429.4500000000016,5
792,1239,70,165,0,165,160,0,5,35,35,0,35,225,30,16902.18,19975.0,-3072.8199999999993,5
793,1239,140,140,0,140,120,0,20,45,45,0,45,255,25,13784.940000000002,23800.0,-10015.059999999998,5
794,1239,125,135,0,135,130,0,5,40,40,0,40,250,20,11326.5,22100.0,-10773.5,5
795,1239,115,130,0,130,130,0,0,40,40,0,40,240,25,15375.870000000003,20825.0,-5449.129999999997,5
796,1239,150,120,0,120,115,0,5,55,55,0,55,260,30,18526.41,22950.0,-4423.589999999999,5
797,1239,75,160,0,160,130,10,20,45,45,0,45,200,40,27811.845,19975.0,7836.845000000003,5
798,1239,100,145,0,145,140,0,5,35,35,0,35,235,25,15651.000000000002,20825.0,-5173.999999999998,5
799,1239,80,145,0,145,110,10,25,45,45,0,40,185,35,22432.680000000004,19125.0,3307.680000000005,5
800,1239,80,160,0,160,135,5,20,40,40,0,40,210,20,10053.36,20400.0,-10346.64,5
801,1239,145,105,0,105,105,0,0,55,55,0,55,245,80,65167.310390624996,21250.0,43917.310390624996,5
802,1239,80,140,0,140,130,0,10,30,30,0,30,205,25,15935.400000000005,18700.0,-2764.599999999996,5
803,1239,75,175,0,175,125,10,40,50,50,0,50,195,35,27158.6025,21250.0,5908.602500000002,5
804,1239,85,160,0,160,160,0,0,25,25,0,25,240,15,8758.26,20825.0,-12066.74,5
805,1239,90,165,0,165,125,10,30,50,50,0,50,210,25,14048.460000000003,21675.0,-7626.539999999997,5
806,1239,85,150,0,150,115,10,25,60,60,0,55,195,65,43006.545000000006,19975.0,23031.545000000006,5
807,1239,70,150,0,150,125,15,10,45,45,0,45,190,45,29172.285000000003,18700.0,10472.285000000002,5
808,1239,130,140,0,140,110,10,20,50,50,0,45,235,65,48410.71875000001,22950.0,25460.718750000007,5
809,1239,70,155,0,155,155,0,0,35,35,0,35,220,45,33359.40000000001,19125.0,14234.400000000005,5
810,1239,75,140,0,140,130,5,5,60,60,0,60,200,50,30281.130000000005,18275.0,12006.130000000003,5
811,1239,95,140,0,140,115,0,25,50,50,0,50,205,55,37033.537500000006,19975.0,17058.537500000002,5
812,1239,130,110,0,110,110,0,0,75,75,0,75,235,65,35230.68,20400.0,14830.680000000002,5
813,1239,90,130,0,130,125,0,5,60,60,0,55,210,70,45868.2975,18700.0,27168.2975,5
814,1239,95,160,0,160,160,0,0,35,35,0,35,250,45,28327.23,21675.0,6652.23,5
815,1239,85,160,0,160,110,15,35,60,60,0,60,190,50,29457.900000000005,20825.0,8632.900000000005,5
816,1239,165,130,0,130,115,0,15,35,35,0,35,275,40,28041.952500000003,25075.0,2966.952500000002,5
817,1239,115,155,0,155,135,0,20,60,60,0,55,245,45,26889.660000000003,22950.0,3939.6600000000035,5
818,1239,85,145,0,145,135,0,10,45,45,0,40,215,45,32961.420000000006,19550.0,13411.420000000007,5
819,1239,100,155,0,155,125,30,0,60,60,0,60,220,60,40759.6275,21675.0,19084.627500000002,5
820,1239,105,145,0,145,145,0,0,35,35,0,35,245,55,41277.915,21250.0,20027.915,5
821,1239,60,175,0,175,155,0,20,25,25,0,20,210,5,2326.6800000000003,19975.0,-17648.32,5
822,1239,125,135,0,135,125,0,10,50,50,0,50,245,10,5136.4800000000005,22100.0,-16963.519999999997,5
823,1239,115,140,0,140,140,0,0,30,30,0,30,250,75,54961.70625,21675.0,33286.70625,5
824,1239,115,140,0,140,135,0,5,40,40,0,40,245,30,16990.02,21675.0,-4684.979999999998,5
825,1239,140,125,0,125,120,0,5,40,40,0,40,255,10,4872.960000000001,22525.0,-17652.04,5
826,1239,85,160,0,160,130,5,25,30,30,0,30,210,20,14179.86,20825.0,-6645.139999999999,5
827,1239,85,170,0,170,130,5,35,45,45,0,40,210,15,7507.080000000001,21675.0,-14167.919999999998,5
828,1239,105,160,0,160,130,5,25,50,50,0,50,230,15,7770.6,22525.0,-14754.400000000001,5
829,1239,125,110,0,110,110,0,0,55,55,0,55,230,30,16792.02,19975.0,-3182.98,5
830,1239,100,135,0,135,130,5,0,30,30,0,30,225,55,45671.175,19975.0,25696.175000000003,5
831,1239,125,110,0,110,105,0,5,55,55,0,50,225,50,29533.770000000004,19975.0,9558.770000000004,5
832,1239,130,125,0,125,125,0,0,40,40,0,40,250,80,54857.22750000001,21675.0,33182.22750000001,5
833,1239,90,145,0,145,125,0,20,40,40,0,35,210,35,22773.15,19975.0,2798.1500000000005,5
834,1239,135,145,0,145,145,0,0,35,35,0,35,275,30,14926.32,23800.0,-8873.68,5
835,1239,120,125,0,125,120,5,0,75,75,0,70,235,45,30566.02500000001,20825.0,9741.025000000009,5
836,1239,85,165,0,165,145,0,20,45,45,0,40,225,20,11326.5,21250.0,-9923.5,5
837,1239,95,140,0,140,135,0,5,40,40,0,40,225,60,41294.565,19975.0,21319.565000000002,5
838,1239,105,150,0,150,150,0,0,35,35,0,35,250,15,8494.74,21675.0,-13180.259999999998,5
839,1239,140,135,0,135,135,0,0,40,40,0,40,270,10,5268.240000000001,23375.0,-18106.76,5
840,1239,120,145,0,145,125,0,20,40,40,0,40,240,25,16649.550000000003,22525.0,-5875.449999999996,5
841,1239,110,115,0,115,115,0,0,65,65,0,65,220,80,55141.27875000001,19125.0,36016.27875000001,5
842,1239,135,120,0,120,120,0,0,45,45,0,45,250,55,42134.27625,21675.0,20459.276250000003,5
843,1239,100,130,0,130,130,0,0,50,50,0,50,225,60,35340.39,19550.0,15790.390000000003,5
844,1239,85,160,0,160,100,20,40,55,55,0,50,180,30,16331.220000000003,20825.0,-4493.779999999997,5
845,1239,65,165,0,165,155,10,0,25,25,0,25,215,20,13104.45,19550.0,-6445.549999999998,5
846,1239,100,135,0,135,130,0,5,55,55,0,55,225,45,31158.630000000005,19975.0,11183.630000000003,5
847,1239,85,150,0,150,150,0,0,45,45,0,45,230,45,28387.755,19975.0,8412.755000000001,5
848,1239,70,150,0,150,140,0,10,45,45,0,45,205,60,40433.152500000004,18700.0,21733.152500000004,5
849,1239,90,145,0,145,125,5,15,45,45,0,45,210,55,37743.21000000001,19975.0,17768.210000000003,5
850,1239,80,150,0,150,145,0,5,35,35,0,35,220,55,38457.36,19550.0,18907.360000000004,5
851,1239,110,150,0,150,145,0,5,40,40,0,40,250,30,14882.4,22100.0,-7217.6,5
852,1239,105,135,0,135,120,0,15,50,50,0,50,220,70,46784.6775,20400.0,26384.677499999998,5
853,1239,95,130,0,130,105,10,15,60,60,0,60,195,30,16792.02,19125.0,-2332.98,5
854,1239,80,150,0,150,140,5,5,45,45,0,45,215,30,18767.610000000004,19550.0,-782.3899999999958,5
855,1239,80,160,0,160,120,5,35,45,45,0,40,195,35,21983.49,20400.0,1583.4900000000016,5
856,1239,140,135,0,135,135,0,0,30,30,0,30,270,15,7726.680000000001,23375.0,-15648.32,5
857,1239,95,150,0,150,140,0,10,35,35,0,35,230,5,2590.2000000000003,20825.0,-18234.8,5
858,1239,165,120,0,120,115,0,5,55,55,0,55,275,30,17626.32,24225.0,-6598.679999999999,5
859,1239,75,160,0,160,120,20,20,55,55,0,55,190,35,23295.195000000003,19975.0,3320.1950000000033,5
860,1239,110,130,0,130,125,0,5,60,60,0,55,230,40,23355.450000000004,20400.0,2955.4500000000053,5
861,1239,110,120,0,120,120,0,0,55,55,0,55,225,95,72003.3665625,19550.0,52453.3665625,5
862,1239,85,140,0,140,135,0,5,45,45,0,45,215,60,38402.55,19125.0,19277.550000000007,5
863,1239,80,135,0,135,125,0,10,60,60,0,60,200,45,26406.54,18275.0,8131.54,5
864,1239,80,165,0,165,145,0,20,45,45,0,45,220,45,30050.21250000001,20825.0,9225.212500000007,5
865,1239,125,150,0,150,125,0,25,40,40,0,40,245,40,23136.120000000006,23375.0,-238.87999999999465,5
866,1239,130,120,0,120,115,0,5,55,55,0,55,240,50,29073.330000000005,21250.0,7823.330000000005,5
867,1239,60,160,0,160,125,0,35,55,55,0,50,180,75,47193.66,18700.0,28493.66,5
868,1239,45,180,0,180,180,0,0,25,25,0,25,220,10,5004.3600000000015,19125.0,-14120.64,5
869,1239,85,150,0,150,135,0,15,55,55,0,55,215,60,36471.15,19975.0,16496.15,5
870,1239,70,160,0,160,140,0,20,40,40,0,40,205,35,23086.574999999997,19550.0,3536.574999999998,5
871,1239,95,155,0,155,155,0,0,35,35,0,35,245,30,16704.180000000004,21250.0,-4545.819999999996,5
872,1239,120,130,0,130,130,0,0,55,55,0,55,245,55,34939.755,21250.0,13689.754999999996,5
873,1239,145,130,0,130,110,0,20,45,45,0,45,250,40,24694.110000000004,23375.0,1319.1100000000051,5
874,1239,65,185,0,185,85,70,30,55,55,0,50,145,50,30961.350000000002,21250.0,9711.350000000002,5
875,1239,110,155,0,155,130,0,25,40,40,0,40,235,15,7814.52,22525.0,-14710.48,5
876,1239,115,150,0,150,150,0,0,40,40,0,40,260,35,21412.710000000003,22525.0,-1112.2899999999981,5
877,1239,100,145,0,145,125,0,20,60,60,0,55,220,45,28447.47,20825.0,7622.470000000003,5
878,1239,180,110,0,110,105,0,5,60,60,0,60,280,35,20458.08,24650.0,-4191.92,5
879,1239,160,130,0,130,125,0,5,35,35,0,30,280,40,24277.5,24650.0,-372.5,5
880,1239,100,145,0,145,140,0,5,25,25,0,25,235,35,22773.690000000002,20825.0,1948.6900000000014,5
881,1239,165,130,0,130,130,0,0,50,50,0,50,290,55,37618.2225,25075.0,12543.222500000002,5
882,1239,55,170,0,170,160,0,10,25,25,0,25,210,15,10755.810000000001,19125.0,-8369.189999999999,5
883,1239,130,145,0,145,110,10,25,55,55,0,55,235,70,43780.590000000004,23375.0,20405.590000000004,5
884,1239,95,140,0,140,130,0,10,65,65,0,65,220,50,31137.03,19975.0,11162.029999999999,5
885,1239,60,165,0,165,135,15,15,45,45,0,45,190,10,4872.960000000001,19125.0,-14252.039999999999,5
886,1239,120,130,0,130,120,0,10,55,55,0,55,235,65,39972.060000000005,21250.0,18722.060000000005,5
887,1239,95,145,0,145,145,0,0,45,45,0,45,235,35,20370.24,20400.0,-29.759999999998854,5
888,1239,95,160,0,160,160,0,0,35,35,0,35,250,25,14202.18,21675.0,-7472.82,5
889,1239,115,155,0,155,135,0,20,30,30,0,30,245,45,30945.082500000004,22950.0,7995.082500000003,5
890,1239,135,120,0,120,115,0,5,55,55,0,50,245,60,40526.01000000001,21675.0,18851.01000000001,5
891,1239,100,155,0,155,135,0,20,35,35,0,35,230,25,13279.86,21675.0,-8395.14,5
892,1239,100,145,0,145,125,0,20,70,70,0,65,220,55,29018.700000000004,20825.0,8193.700000000004,5
893,1239,80,160,0,160,160,0,0,25,25,0,25,235,35,22751.460000000006,20400.0,2351.4600000000064,5
894,1239,85,140,0,140,115,0,25,45,45,0,45,195,20,10711.080000000002,19125.0,-8413.919999999998,5
895,1239,120,165,0,165,125,5,35,55,55,0,55,240,15,7287.4800000000005,24225.0,-16937.52,5
896,1239,100,150,0,150,145,0,5,35,35,0,35,240,50,36591.8625,21250.0,15341.862500000007,5
897,1239,80,145,0,145,140,0,5,45,45,0,45,215,45,29978.28,19125.0,10853.279999999999,5
898,1239,130,125,0,125,120,5,0,45,45,0,45,245,45,28546.83,21675.0,6871.83,5
899,1239,130,130,0,130,115,0,15,60,60,0,60,240,45,23882.22,22100.0,1782.220000000002,5
900,1239,145,115,0,115,115,0,0,55,55,0,55,255,55,34472.7,22100.0,12372.7,5
901,1239,70,165,0,165,135,5,25,40,40,0,40,200,45,36144.5625,19975.0,16169.562500000002,5
902,1239,80,160,0,160,145,0,15,25,25,0,25,220,20,13027.59,20400.0,-7372.41,5
903,1239,75,145,0,145,135,0,10,45,45,0,40,205,35,20150.280000000002,18700.0,1450.2800000000025,5
904,1239,125,145,0,145,120,0,25,45,45,0,45,240,35,18394.56,22950.0,-4555.439999999999,5
905,1239,150,115,0,115,115,0,0,75,75,0,75,260,40,25781.130000000005,22525.0,3256.130000000003,5
906,1239,100,155,0,155,150,0,5,40,40,0,40,245,25,12994.560000000001,21675.0,-8680.439999999999,5
907,1239,100,150,0,150,145,0,5,40,40,0,40,240,75,46392.210000000014,21250.0,25142.210000000014,5
908,1239,95,130,0,130,120,0,10,55,55,0,55,210,35,18943.02,19125.0,-181.97999999999865,5
909,1239,125,125,0,125,120,0,5,50,50,0,50,240,50,34234.357500000006,21250.0,12984.357500000006,5
910,1239,120,155,0,155,110,15,30,45,45,0,40,225,35,23761.710000000003,23375.0,386.71000000000276,5
911,1239,75,155,0,155,135,20,0,65,65,0,65,205,35,19316.160000000003,19550.0,-233.8399999999956,5
912,1239,75,150,0,150,110,0,40,55,55,0,50,180,55,35800.785,19125.0,16675.785000000003,5
913,1239,75,170,0,170,165,0,5,40,40,0,40,235,25,13719.060000000001,20825.0,-7105.939999999999,5
914,1239,85,165,0,165,150,0,15,35,35,0,35,230,20,10975.140000000001,21250.0,-10274.859999999999,5
915,1239,95,150,0,150,140,0,10,50,50,0,50,230,45,25374.690000000006,20825.0,4549.690000000005,5
916,1239,120,135,0,135,115,0,20,60,60,0,60,230,40,23311.530000000006,21675.0,1636.530000000007,5
917,1239,165,115,0,115,100,0,15,60,60,0,60,260,45,28151.685,23800.0,4351.685000000002,5
918,1239,75,155,0,155,150,0,5,30,30,0,30,220,45,32932.78875000001,19550.0,13382.788750000003,5
919,1239,85,160,0,160,130,0,30,55,55,0,55,210,30,17911.530000000002,20825.0,-2913.4699999999975,5
920,1239,100,155,0,155,145,0,10,45,45,0,45,240,15,7463.16,21675.0,-14211.84,5
921,1239,70,155,0,155,140,0,15,60,60,0,60,205,45,26955.54,19125.0,7830.540000000001,5
922,1239,75,160,0,160,110,25,25,70,70,0,70,180,80,47040.03000000001,19975.0,27065.030000000013,5
923,1239,70,140,0,140,125,0,15,55,55,0,55,190,85,53904.825,17850.0,36054.825,5
924,1239,120,135,0,135,125,0,10,45,45,0,45,240,30,14926.32,21675.0,-6748.679999999999,5
925,1239,135,120,0,120,100,0,20,55,55,0,50,230,45,31790.205000000005,21675.0,10115.205000000005,5
926,1239,60,185,0,185,135,5,45,35,35,0,35,190,15,7594.920000000001,20825.0,-13230.079999999998,5
927,1239,55,180,0,180,155,0,25,35,35,0,35,205,20,10930.680000000002,19975.0,-9044.319999999998,5
928,1239,120,125,0,125,125,0,0,60,60,0,60,240,35,21094.65,20825.0,269.65000000000146,5
929,1239,75,165,0,165,145,0,20,45,45,0,45,215,50,34572.28500000001,20400.0,14172.28500000001,5
930,1239,125,145,0,145,140,0,5,30,30,0,30,260,15,9087.66,22950.0,-13862.34,5
931,1239,65,165,0,165,150,5,10,30,30,0,30,210,25,12336.12,19550.0,-7213.879999999999,5
932,1239,80,170,0,170,125,0,45,45,45,0,45,200,20,12599.640000000001,21250.0,-8650.359999999999,5
933,1239,65,170,0,170,145,25,0,30,30,0,30,205,40,30248.032500000005,19975.0,10273.032500000005,5
934,1239,115,155,0,155,150,0,5,45,45,0,45,260,40,23948.37,22950.0,998.3699999999999,5
935,1239,130,140,0,140,125,0,15,50,50,0,50,250,25,12863.160000000003,22950.0,-10086.839999999997,5
936,1239,125,155,0,155,120,0,35,35,35,0,35,240,65,49086.95625000001,23800.0,25286.95625000001,5
937,1239,65,165,0,165,160,0,5,50,50,0,50,220,25,12819.24,19550.0,-6730.76,5
938,1239,65,155,0,155,105,15,35,40,40,0,40,165,60,42962.44500000001,18700.0,24262.445000000007,5
939,1239,115,140,0,140,110,5,25,50,50,0,45,220,70,43132.68,21675.0,21457.68,5
940,1239,95,140,0,140,120,0,20,55,55,0,50,210,40,20896.920000000006,19975.0,921.9200000000046,5
941,1239,110,130,0,130,115,0,15,65,65,0,65,220,35,20414.16,20400.0,14.1599999999994,5
942,1239,85,135,0,135,135,0,0,55,55,0,55,215,45,25933.950000000004,18700.0,7233.950000000004,5
943,1239,120,140,0,140,140,0,0,40,40,0,35,255,30,16309.260000000002,22100.0,-5790.739999999998,5
944,1239,70,170,0,170,130,0,40,40,40,0,40,195,35,20315.07,20400.0,-84.92999999999938,5
945,1239,95,145,0,145,145,0,0,50,50,0,50,235,30,17977.410000000003,20400.0,-2422.589999999998,5
946,1239,90,160,0,160,155,0,5,25,25,0,25,240,10,5224.32,21250.0,-16025.68,5
947,1239,95,150,0,150,125,0,25,50,50,0,50,215,35,17867.88,20825.0,-2957.1199999999976,5
948,1239,115,135,0,135,135,0,0,45,45,0,45,245,15,9131.220000000001,21250.0,-12118.779999999999,5
949,1239,75,160,0,160,155,0,5,35,35,0,35,225,35,18635.940000000002,19975.0,-1339.0599999999995,5
950,1239,70,170,0,170,160,5,5,45,45,0,45,225,30,16748.460000000003,20400.0,-3651.5399999999977,5
951,1239,75,155,0,155,135,5,15,45,45,0,45,205,70,47018.205000000016,19550.0,27468.205000000016,5
952,1239,95,165,0,165,115,15,35,35,35,0,35,205,20,10097.280000000002,22100.0,-12002.72,5
953,1239,100,160,0,160,160,0,0,25,25,0,25,255,30,18021.06,22100.0,-4078.939999999998,5
954,1239,110,145,0,145,130,0,15,65,65,0,65,235,45,27965.430000000008,21675.0,6290.430000000006,5
955,1239,75,155,0,155,145,0,10,55,55,0,50,215,25,12467.880000000001,19550.0,-7082.12,5
956,1239,110,130,0,130,125,0,5,50,50,0,50,230,25,13960.260000000002,20400.0,-6439.739999999997,5
957,1239,55,160,0,160,150,10,0,50,50,0,50,200,55,33694.02000000001,18275.0,15419.02000000001,5
958,1239,65,145,0,145,145,0,0,45,45,0,45,205,45,28304.730000000003,17850.0,10454.730000000003,5
959,1239,85,145,0,145,130,0,15,50,50,0,50,210,55,31674.510000000006,19550.0,12124.510000000006,5
960,1239,80,175,0,175,175,0,0,15,15,0,15,250,20,11260.619999999999,21675.0,-10414.380000000001,5
961,1239,135,135,0,135,110,0,25,60,60,0,60,240,50,29227.23,22950.0,6277.23,5
962,1239,125,120,0,120,105,0,15,50,50,0,50,225,55,36448.672500000015,20825.0,15623.672500000011,5
963,1239,105,140,0,140,135,0,5,35,35,0,35,235,30,16440.660000000003,20825.0,-4384.339999999997,5
964,1239,90,155,0,155,105,40,10,50,50,0,45,190,60,38796.93,20825.0,17971.93,5
965,1239,160,130,0,130,110,0,20,60,60,0,60,265,15,7507.080000000001,24650.0,-17142.92,5
966,1239,110,145,0,145,125,0,20,50,50,0,50,230,20,10185.120000000003,21675.0,-11489.879999999997,5
967,1239,115,150,0,150,145,0,5,40,40,0,40,255,35,21270.329999999998,22525.0,-1254.670000000001,5
968,1239,60,165,0,165,140,10,15,35,35,0,35,195,40,28135.2825,19125.0,9010.282500000003,5
969,1239,95,155,0,155,150,0,5,35,35,0,35,240,40,22872.600000000002,21250.0,1622.6000000000022,5
970,1239,145,105,0,105,105,0,0,45,45,0,40,245,35,20699.280000000002,21250.0,-550.7199999999966,5
971,1239,100,145,0,145,120,10,15,50,50,0,50,215,65,39620.78999999999,20825.0,18795.789999999997,5
972,1239,75,170,0,170,140,0,30,50,50,0,50,210,50,27943.200000000004,20825.0,7118.200000000006,5
973,1239,80,165,0,165,150,0,15,35,35,0,30,225,25,12336.12,20825.0,-8488.88,5
974,1239,50,180,0,180,165,5,10,30,30,0,30,210,10,5882.4000000000015,19550.0,-13667.599999999999,5
975,1239,95,135,0,135,125,5,5,55,55,0,55,215,40,27795.375000000004,19550.0,8245.375000000004,5
976,1239,115,140,0,140,125,0,15,45,45,0,45,235,20,11502.180000000004,21675.0,-10172.819999999996,5
977,1239,110,125,0,125,120,0,5,55,55,0,55,225,40,25550.505000000005,19975.0,5575.505000000003,5
978,1239,95,120,0,120,115,0,5,70,70,0,70,205,75,51899.844375,18275.0,33624.844375,5
979,1239,55,170,0,170,165,0,5,35,35,0,30,215,30,18306.72,19125.0,-818.2799999999975,5
980,1239,60,175,0,175,165,0,10,40,40,0,40,220,10,5048.64,19975.0,-14926.36,5
981,1239,145,150,0,150,135,0,15,35,35,0,35,275,20,12094.560000000001,25075.0,-12980.439999999999,5
982,1239,55,175,0,175,130,30,15,50,50,0,50,180,65,44644.60125000001,19550.0,25094.601250000007,5
983,1239,100,155,0,155,125,0,30,45,45,0,45,220,50,33019.155000000006,21675.0,11344.155000000006,5
984,1239,105,140,0,140,135,0,5,40,40,0,40,235,35,20436.120000000003,20825.0,-388.8799999999992,5
985,1239,135,135,0,135,135,0,0,35,35,0,35,265,30,17209.260000000002,22950.0,-5740.739999999996,5
986,1239,130,115,0,115,105,0,10,60,60,0,60,230,65,39976.560000000005,20825.0,19151.560000000005,5
987,1239,105,140,0,140,130,0,10,55,55,0,55,230,45,25418.879999999997,20825.0,4593.879999999999,5
988,1239,100,155,0,155,145,0,10,45,45,0,45,240,65,43072.78500000001,21675.0,21397.78500000001,5
989,1239,100,125,0,125,110,10,5,60,60,0,60,205,80,47292.20999999999,19125.0,28167.209999999995,5
990,1239,120,140,0,140,110,0,30,45,45,0,45,225,35,22586.985000000004,22100.0,486.9850000000042,5
991,1239,90,135,0,135,115,0,20,50,50,0,45,200,50,30697.47,19125.0,11572.470000000003,5
992,1239,55,185,0,185,155,0,30,30,30,0,30,205,25,12643.560000000001,20400.0,-7756.439999999998,5
993,1239,60,170,0,170,165,0,5,30,30,0,30,220,30,19360.350000000002,19550.0,-189.6499999999969,5
994,1239,120,125,0,125,125,0,0,55,55,0,55,240,20,9702.000000000002,20825.0,-11122.999999999996,5
995,1239,105,155,0,155,150,0,5,50,50,0,45,250,15,7243.560000000001,22100.0,-14856.439999999999,5
996,1239,50,165,0,165,135,10,20,45,45,0,45,180,40,26428.140000000003,18275.0,8153.140000000003,5
997,1239,85,160,0,160,135,5,20,45,45,0,45,215,20,11414.340000000002,20825.0,-9410.659999999998,5
998,1239,115,130,0,130,115,10,5,60,60,0,60,225,35,20458.080000000005,20825.0,-366.9199999999955,5
999,1239,75,145,0,145,125,5,15,55,55,0,50,195,35,23816.340000000004,18700.0,5116.340000000005,5
1000,1239,95,150,0,150,145,0,5,35,35,0,35,235,25,12994.560000000001,20825.0,-7830.439999999999,5
1001,1239,100,135,0,135,135,0,0,25,25,0,25,230,30,17757.450000000004,19975.0,-2217.5499999999965,5
1002,1239,65,155,0,155,155,0,0,40,40,0,40,215,20,11019.060000000001,18700.0,-7680.939999999999,5
1003,1239,85,150,0,150,135,5,10,50,50,0,50,215,65,43714.485000000015,19975.0,23739.485000000015,5
1004,1239,80,150,0,150,150,0,0,45,45,0,45,225,40,24606.63,19550.0,5056.63,5
1005,1239,105,145,0,145,120,0,25,45,45,0,45,220,15,8802.18,21250.0,-12447.82,5
1006,1239,70,170,0,170,160,0,10,35,35,0,30,225,20,9921.600000000002,20400.0,-10478.399999999998,5
1007,1239,105,155,0,155,110,10,35,45,45,0,45,210,25,14816.34,22100.0,-7283.66,5
1008,1239,140,125,0,125,115,0,10,55,55,0,50,250,55,33606.18,22525.0,11081.18,5
1009,1239,155,135,0,135,115,0,20,40,40,0,40,265,35,19141.02,24650.0,-5508.98,5
1010,1239,85,155,0,155,145,0,10,40,40,0,40,225,30,18767.7,20400.0,-1632.299999999998,5
1011,1239,95,135,0,135,130,5,0,40,40,0,40,220,45,27569.790000000008,19550.0,8019.790000000007,5
1012,1239,80,135,0,135,135,0,0,50,50,0,50,210,60,43032.63375000001,18275.0,24757.633750000005,5
1013,1239,65,170,0,170,155,0,15,50,50,0,50,215,50,30357.585,19975.0,10382.585,5
1014,1239,130,150,0,150,125,0,25,40,40,0,40,250,25,14948.280000000002,23800.0,-8851.719999999998,5
1015,1239,115,135,0,135,130,0,5,45,45,0,45,240,40,22565.160000000003,21250.0,1315.1600000000053,5
1016,1239,115,150,0,150,120,5,25,60,60,0,60,230,40,24189.300000000003,22525.0,1664.300000000003,5
1017,1239,100,145,0,145,140,0,5,55,55,0,55,235,45,24233.58,20825.0,3408.5800000000017,5
1018,1239,105,125,0,125,105,15,5,65,65,0,65,205,100,79486.72734375001,19550.0,59936.72734375001,5
1019,1239,60,150,0,150,145,0,5,30,30,0,30,200,25,16352.820000000003,17850.0,-1497.1799999999962,5
1020,1239,80,145,0,145,145,0,0,65,65,0,65,220,60,37798.65,19125.0,18673.65,5
1021,1239,85,170,0,170,140,25,5,65,65,0,65,220,55,30774.96,21675.0,9099.960000000001,5
1022,1239,80,160,0,160,110,15,35,65,65,0,65,185,55,32365.8,20400.0,11965.8,5
1023,1239,85,165,0,165,140,0,25,30,30,0,30,220,20,9921.6,21250.0,-11328.4,5
1024,1239,105,160,0,160,150,0,10,35,35,0,35,250,25,12643.560000000001,22525.0,-9881.439999999999,5
1025,1239,200,95,0,95,95,0,0,65,65,0,65,290,30,15540.84,25075.0,-9534.16,5
1026,1239,115,135,0,135,135,0,0,50,50,0,50,245,30,18482.13,21250.0,-2767.869999999998,5
1027,1239,80,145,0,145,125,20,0,45,45,0,40,200,25,15014.160000000002,19125.0,-4110.839999999998,5
1028,1239,100,125,0,125,120,0,5,55,55,0,55,215,40,23025.96,19125.0,3900.96,5
1029,1239,135,145,0,145,140,0,5,35,35,0,35,270,40,27191.475,23800.0,3391.4750000000004,5
1030,1239,115,135,0,135,130,0,5,50,50,0,50,240,35,17340.840000000004,21250.0,-3909.159999999997,5
1031,1239,55,195,0,195,150,10,35,30,30,0,30,200,15,8802.18,21250.0,-12447.82,5
1032,1239,70,160,0,160,150,0,10,50,50,0,50,215,25,15123.690000000002,19550.0,-4426.309999999999,5
1033,1239,75,160,0,160,120,30,10,65,65,0,65,190,55,32574.510000000006,19975.0,12599.510000000006,5
1034,1239,55,170,0,170,145,0,25,45,45,0,45,195,35,23075.595,19125.0,3950.595000000003,5
1035,1239,70,170,0,170,120,35,15,55,55,0,55,185,35,18921.420000000002,20400.0,-1478.5799999999972,5
1036,1239,90,140,0,140,115,10,15,60,60,0,60,200,60,39762.90000000001,19550.0,20212.90000000001,5
1037,1239,90,120,0,120,120,0,0,60,60,0,60,205,105,79592.50687500002,17850.0,61742.50687500002,5
1038,1239,120,145,0,145,130,0,15,30,30,0,30,245,15,7550.640000000002,22525.0,-14974.359999999997,5
1039,1239,75,145,0,145,115,10,20,55,55,0,55,185,65,44867.0025,18700.0,26167.0025,5
1040,1239,105,170,0,170,125,0,45,50,50,0,50,225,35,21072.690000000002,23375.0,-2302.3099999999977,5
1041,1239,130,145,0,145,145,0,0,40,40,0,40,270,40,22971.15,23375.0,-403.84999999999764,5
1042,1239,140,135,0,135,130,0,5,30,30,0,30,265,35,23662.890000000003,23375.0,287.89000000000215,5
1043,1239,105,130,0,130,110,0,20,50,50,0,45,210,100,76977.89578125,19975.0,57002.89578125001,5
1044,1239,70,155,0,155,150,0,5,50,50,0,50,215,45,28019.700000000004,19125.0,8894.700000000003,5
1045,1239,100,170,0,170,140,0,30,40,40,0,40,235,35,20600.550000000003,22950.0,-2349.449999999997,5
1046,1239,100,130,0,130,120,0,10,50,50,0,45,215,45,29496.195000000003,19550.0,9946.195000000003,5
1047,1239,95,135,0,135,115,0,20,55,55,0,55,205,30,18043.29,19550.0,-1506.7099999999982,5
1048,1239,85,150,0,150,150,0,0,30,30,0,30,230,30,22770.967500000002,19975.0,2795.9675000000016,5
1049,1239,180,105,0,105,105,0,0,50,50,0,50,280,70,51516.84375000001,24225.0,27291.843750000007,5
1050,1239,80,155,0,155,140,0,15,55,55,0,50,215,35,20480.040000000005,19975.0,505.0400000000036,5
1051,1239,100,160,0,160,150,0,10,35,35,0,35,245,45,28217.430000000008,22100.0,6117.4300000000085,5
1052,1239,105,140,0,140,130,0,10,50,50,0,45,230,40,27893.722500000003,20825.0,7068.7225000000035,5
1053,1239,65,165,0,165,145,5,15,35,35,0,35,205,25,15661.710000000001,19550.0,-3888.2899999999995,5
1054,1239,110,150,0,150,125,5,20,35,35,0,35,230,45,28678.230000000003,22100.0,6578.230000000003,5
1055,1239,105,145,0,145,145,0,0,50,50,0,50,245,55,35275.005000000005,21250.0,14025.005000000005,5
1056,1239,80,160,0,160,140,0,20,45,45,0,40,215,40,24947.010000000002,20400.0,4547.01,5
1057,1239,105,145,0,145,130,0,15,40,40,0,40,230,50,34467.975,21250.0,13217.975000000002,5
1058,1239,130,110,0,110,105,0,5,70,70,0,70,230,85,52956.000000000015,20400.0,32556.000000000015,5
1059,1239,95,145,0,145,135,0,10,50,50,0,50,225,30,18976.050000000003,20400.0,-1423.9499999999975,5
1060,1239,100,170,0,170,150,0,20,35,35,0,35,245,30,18591.93,22950.0,-4358.069999999998,5
1061,1239,85,155,0,155,155,0,0,50,50,0,50,235,25,14311.980000000001,20400.0,-6088.019999999999,5
1062,1239,70,165,0,165,130,15,20,50,50,0,50,195,40,25890.75,19975.0,5915.749999999998,5
1063,1239,120,140,0,140,140,0,0,25,25,0,25,255,5,2546.28,22100.0,-19553.72,5
1064,1239,130,140,0,140,140,0,0,50,50,0,50,265,20,10360.800000000001,22950.0,-12589.199999999999,5
1065,1239,130,125,0,125,105,0,20,50,50,0,50,230,70,49893.48000000001,21675.0,28218.48000000001,5
1066,1239,135,140,0,140,135,0,5,30,30,0,30,265,10,5004.720000000001,23375.0,-18370.28,5
1067,1239,90,145,0,145,130,0,15,65,65,0,60,215,50,27350.46,19975.0,7375.459999999998,5
1068,1239,155,115,0,115,105,0,10,60,60,0,55,255,40,22982.4,22950.0,32.400000000002365,5
1069,1239,70,155,0,155,105,40,10,55,55,0,55,170,95,68120.75249999999,19125.0,48995.75249999999,5
1070,1239,55,180,0,180,180,0,0,30,30,0,30,230,20,11348.46,19975.0,-8626.54,5
1071,1239,80,185,0,185,145,0,40,60,60,0,60,220,20,10448.64,22525.0,-12076.36,5
1072,1239,65,170,0,170,150,0,20,40,40,0,40,210,35,17999.280000000002,19975.0,-1975.719999999999,5
1073,1239,115,130,0,130,130,0,0,45,45,0,45,240,55,35044.020000000004,20825.0,14219.02,5
1074,1239,80,145,0,145,145,0,0,40,40,0,40,220,30,20413.665000000005,19125.0,1288.6650000000054,5
1075,1239,125,140,0,140,125,0,15,35,35,0,35,245,30,18669.15,22525.0,-3855.849999999998,5
1076,1239,70,150,0,150,145,0,5,50,50,0,50,210,20,9965.52,18700.0,-8734.48,5
1077,1239,90,165,0,165,155,0,10,45,45,0,40,240,25,12863.160000000003,21675.0,-8811.839999999997,5
1078,1239,80,165,0,165,125,40,0,35,35,0,35,200,70,52160.54625000001,20825.0,31335.546250000007,5
1079,1239,95,145,0,145,110,5,30,50,50,0,50,200,65,44097.33375,20400.0,23697.333749999998,5
1080,1239,90,145,0,145,140,0,5,65,65,0,65,225,40,22082.22,19975.0,2107.220000000002,5
1081,1239,70,175,0,175,170,5,0,35,35,0,35,235,40,22499.28,20825.0,1674.2799999999988,5
1082,1239,90,135,0,135,125,5,5,50,50,0,50,210,35,24321.285000000007,19125.0,5196.285000000007,5
1083,1239,80,170,0,170,150,0,20,35,35,0,35,225,10,5048.64,21250.0,-16201.36,5
1084,1239,105,145,0,145,145,0,0,45,45,0,45,245,30,17670.239999999998,21250.0,-3579.760000000001,5
1085,1239,80,160,0,160,145,0,15,40,40,0,35,220,15,7199.64,20400.0,-13200.36,5
1086,1239,100,150,0,150,135,0,15,50,50,0,50,230,65,41530.18500000001,21250.0,20280.185000000012,5
1087,1239,155,120,0,120,120,0,0,65,65,0,65,270,40,20940.839999999997,23375.0,-2434.1600000000017,5
1088,1239,55,175,0,175,135,15,25,35,35,0,35,185,25,13082.400000000001,19550.0,-6467.599999999998,5
1089,1239,70,190,0,190,145,5,40,25,25,0,25,210,15,7594.920000000001,22100.0,-14505.079999999998,5
1090,1239,85,165,0,165,85,55,25,55,55,0,55,165,40,23991.93,21250.0,2741.930000000002,5
1091,1239,90,135,0,135,120,15,0,65,65,0,65,205,55,34517.385,19125.0,15392.385000000004,5
1092,1239,65,165,0,165,160,0,5,45,45,0,45,220,50,31422.510000000002,19550.0,11872.510000000002,5
1093,1239,150,115,0,115,115,0,0,55,55,0,55,260,55,33430.50000000001,22525.0,10905.500000000007,5
1094,1239,75,160,0,160,160,0,0,60,60,0,60,230,25,12204.36,19975.0,-7770.6399999999985,5
1095,1239,150,130,0,130,105,5,20,45,45,0,45,250,10,5311.800000000001,23800.0,-18488.2,5
1096,1239,185,95,0,95,85,0,10,70,70,0,70,265,75,46897.69500000001,23800.0,23097.695000000003,5
1097,1239,100,155,0,155,135,0,20,55,55,0,55,230,30,16616.7,21675.0,-5058.299999999999,5
1098,1239,135,140,0,140,110,0,30,65,65,0,60,240,50,29918.790000000005,23375.0,6543.790000000004,5
1099,1239,80,135,0,135,130,5,0,55,55,0,55,205,45,29369.565000000002,18275.0,11094.565000000002,5
1100,1239,90,140,0,140,140,0,0,35,35,0,35,225,15,10481.309999999998,19550.0,-9068.690000000002,5
1101,1239,130,130,0,130,130,0,0,55,55,0,55,255,20,10580.04,22100.0,-11519.96,5
1102,1239,70,140,0,140,130,0,10,55,55,0,55,195,40,23069.700000000004,17850.0,5219.700000000003,5
1103,1239,105,135,0,135,130,0,5,75,75,0,70,230,65,36042.93000000001,20400.0,15642.930000000006,5
1104,1239,75,150,0,150,145,0,5,45,45,0,45,215,40,24716.43,19125.0,5591.43,5
1105,1239,110,145,0,145,140,0,5,50,50,0,45,245,45,25374.96,21675.0,3699.960000000001,5
1106,1239,95,155,0,155,135,0,20,55,55,0,55,225,25,13828.860000000002,21250.0,-7421.139999999998,5
1107,1239,110,145,0,145,140,0,5,35,35,0,35,245,40,26345.835000000003,21675.0,4670.835000000002,5
1108,1239,50,165,0,165,145,10,10,45,45,0,45,190,70,41738.850000000006,18275.0,23463.850000000002,5
1109,1239,120,145,0,145,120,0,25,45,45,0,45,235,40,26889.525,22525.0,4364.525000000003,5
1110,1239,110,145,0,145,140,0,5,45,45,0,40,245,25,14245.740000000002,21675.0,-7429.259999999999,5
1111,1239,135,135,0,135,105,0,30,40,40,0,40,235,85,63232.03546875,22950.0,40282.03546875,5
1112,1239,140,140,0,140,140,0,0,35,35,0,35,275,20,11392.380000000001,23800.0,-12407.619999999999,5
1113,1239,125,125,0,125,115,0,10,65,65,0,60,235,60,38490.66,21250.0,17240.660000000003,5
1114,1239,100,135,0,135,115,0,20,55,55,0,50,210,30,18877.14,19975.0,-1097.8600000000006,5
1115,1239,140,120,0,120,120,0,0,50,50,0,50,255,50,31312.710000000003,22100.0,9212.710000000003,5
1116,1239,90,150,0,150,120,0,30,50,50,0,45,205,20,11413.980000000001,20400.0,-8986.019999999999,5
1117,1239,60,185,0,185,150,5,30,30,30,0,30,205,5,2546.28,20825.0,-18278.72,5
1118,1239,90,135,0,135,130,0,5,45,45,0,45,215,20,12292.200000000003,19125.0,-6832.799999999997,5
1119,1239,130,125,0,125,120,0,5,35,35,0,35,245,25,15727.59,21675.0,-5947.41,5
1120,1239,115,135,0,135,120,0,15,50,50,0,50,230,30,15935.760000000002,21250.0,-5314.239999999998,5
1121,1239,105,130,0,130,115,0,15,55,55,0,55,215,85,56078.05499999999,19975.0,36103.05499999999,5
1122,1239,95,130,0,130,130,0,0,55,55,0,55,220,60,45747.928125000006,19125.0,26622.928125000006,5
1123,1239,65,170,0,170,150,10,10,35,35,0,35,210,35,23004.270000000004,19975.0,3029.270000000006,5
1124,1239,125,120,0,120,110,0,10,60,60,0,60,230,70,44328.42000000001,20825.0,23503.420000000013,5
1125,1239,165,125,0,125,125,0,0,45,45,0,45,285,50,31718.970000000005,24650.0,7068.970000000004,5
1126,1239,115,135,0,135,130,0,5,50,50,0,50,240,35,22400.730000000003,21250.0,1150.7300000000032,5
1127,1239,80,145,0,145,140,0,5,40,40,0,40,215,55,36454.45500000001,19125.0,17329.45500000001,5
1128,1239,85,160,0,160,150,0,10,40,40,0,35,230,15,9416.52,20825.0,-11408.48,5
1129,1239,105,150,0,150,145,0,5,50,50,0,50,245,20,10229.040000000003,21675.0,-11445.959999999997,5
1130,1239,95,140,0,140,115,0,25,60,60,0,55,205,20,9701.640000000001,19975.0,-10273.359999999997,5
1131,1239,95,145,0,145,115,15,15,60,60,0,55,205,35,22740.300000000007,20400.0,2340.3000000000065,5
1132,1239,65,175,0,175,160,10,5,30,30,0,25,220,15,9043.740000000002,20400.0,-11356.259999999998,5
1133,1239,85,155,0,155,120,10,25,45,45,0,45,200,45,29995.785,20400.0,9595.785,5
1134,1239,75,180,0,180,120,20,40,45,45,0,45,190,40,20018.880000000005,21675.0,-1656.1199999999963,5
1135,1239,130,140,0,140,135,0,5,50,50,0,50,260,15,8450.820000000002,22950.0,-14499.179999999998,5
1136,1239,110,155,0,155,145,0,10,30,30,0,30,250,25,14706.720000000003,22525.0,-7818.279999999997,5
1137,1239,95,140,0,140,140,0,0,60,60,0,60,230,40,23761.350000000002,19975.0,3786.350000000002,5
1138,1239,50,190,0,190,110,35,45,40,40,0,40,155,60,37952.37,20400.0,17552.370000000006,5
1139,1239,175,130,0,130,130,0,0,30,30,0,30,300,10,4829.040000000001,25925.0,-21095.96,5
1140,1239,90,160,0,160,90,35,35,70,70,0,65,175,35,18547.56,21250.0,-2702.439999999999,5
1141,1239,110,135,0,135,120,0,15,60,60,0,60,225,40,21950.460000000003,20825.0,1125.4600000000028,5
1142,1239,85,145,0,145,135,5,5,55,55,0,55,215,45,25923.96,19550.0,6373.959999999997,5
1143,1239,105,145,0,145,145,0,0,45,45,0,45,245,40,23256.630000000005,21250.0,2006.6300000000047,5
1144,1239,135,125,0,125,120,0,5,55,55,0,55,250,35,17033.4,22100.0,-5066.5999999999985,5
1145,1239,95,140,0,140,140,0,0,45,45,0,45,230,35,18328.500000000004,19975.0,-1646.4999999999964,5
1146,1239,140,130,0,130,110,0,20,35,35,0,35,245,30,17340.84,22950.0,-5609.16,5
1147,1239,150,105,0,105,100,5,0,65,65,0,65,245,90,60116.895000000004,21675.0,38441.895000000004,5
1148,1239,130,135,0,135,125,0,10,45,45,0,45,250,50,32245.380000000005,22525.0,9720.380000000005,5
1149,1239,70,145,0,145,130,10,5,50,50,0,50,195,65,48394.40062500001,18275.0,30119.40062500001,5
1150,1239,100,140,0,140,140,0,0,30,30,0,30,235,45,31696.155000000006,20400.0,11296.155000000008,5
1151,1239,70,145,0,145,120,0,25,40,40,0,40,185,35,20457.72,18275.0,2182.7200000000016,5
1152,1239,120,140,0,140,140,0,0,40,40,0,40,255,50,32783.62500000001,22100.0,10683.625000000007,5
1153,1239,115,140,0,140,130,0,10,55,55,0,55,240,55,31345.38,21675.0,9670.380000000001,5
1154,1239,75,160,0,160,145,0,15,50,50,0,50,215,30,17121.420000000002,19975.0,-2853.579999999997,5
1155,1239,65,170,0,170,155,0,15,45,45,0,45,215,20,9833.760000000002,19975.0,-10141.239999999998,5
1156,1239,40,170,0,170,150,10,10,35,35,0,30,185,35,21050.640000000003,17850.0,3200.640000000003,5
1157,1239,70,155,0,155,155,0,0,30,30,0,30,220,10,5092.200000000002,19125.0,-14032.799999999997,5
1158,1239,100,155,0,155,145,0,10,40,40,0,40,240,25,14443.740000000002,21675.0,-7231.2599999999975,5
1159,1239,115,145,0,145,125,0,20,50,50,0,50,235,40,24321.42,22100.0,2221.4199999999983,5
1160,1239,80,150,0,150,125,15,10,55,55,0,55,200,45,27174.869999999995,19550.0,7624.869999999996,5
1161,1239,105,140,0,140,125,10,5,45,45,0,45,225,70,49213.26000000001,20825.0,28388.26000000001,5
1162,1239,105,140,0,140,115,5,20,40,40,0,40,215,75,57161.01375000002,20825.0,36336.01375000002,5
1163,1239,105,140,0,140,140,0,0,40,40,0,40,240,40,24562.080000000005,20825.0,3737.0800000000054,5
1164,1239,105,145,0,145,110,5,30,40,40,0,40,210,50,31586.850000000006,21250.0,10336.850000000004,5
1165,1239,70,165,0,165,150,0,15,30,30,0,30,215,45,30357.585000000003,19975.0,10382.585000000003,5
1166,1239,80,155,0,155,145,0,10,40,40,0,40,220,40,23289.84,19975.0,3314.8399999999992,5
1167,1239,85,165,0,165,140,0,25,40,40,0,40,220,35,22839.525,21250.0,1589.5250000000033,5
1168,1239,85,165,0,165,150,0,15,40,40,0,35,230,25,13675.140000000001,21250.0,-7574.859999999999,5
1169,1239,60,160,0,160,155,0,5,55,55,0,55,210,50,33815.205,18700.0,15115.205000000005,5
1170,1239,65,155,0,155,135,15,5,55,55,0,55,195,55,34309.17000000001,18700.0,15609.170000000013,5
1171,1239,110,130,0,130,115,5,10,60,60,0,55,220,25,12204.000000000004,20400.0,-8195.999999999996,5
1172,1239,115,115,0,115,95,0,20,40,40,0,35,205,75,56733.446250000015,19550.0,37183.446250000015,5
1173,1239,85,145,0,145,145,0,0,60,60,0,60,225,55,32881.95,19550.0,13331.949999999997,5
1174,1239,120,145,0,145,145,0,0,25,25,0,25,260,25,18125.775,22525.0,-4399.2249999999985,5
1175,1239,130,130,0,130,120,0,10,65,65,0,65,245,75,49729.52250000001,22100.0,27629.522500000003,5
1176,1239,70,170,0,170,155,0,15,20,20,0,20,220,10,5399.64,20400.0,-15000.36,5
1177,1239,90,145,0,145,125,0,20,45,45,0,45,210,40,23113.800000000007,19975.0,3138.8000000000056,5
1178,1239,70,170,0,170,160,0,10,40,40,0,40,225,25,14092.380000000003,20400.0,-6307.619999999997,5
1179,1239,65,155,0,155,140,0,15,45,45,0,45,200,45,33260.81625,18700.0,14560.816250000003,5
1180,1239,135,135,0,135,120,0,15,30,30,0,25,250,30,18613.890000000003,22950.0,-4336.109999999997,5
1181,1239,105,140,0,140,140,0,0,55,55,0,55,240,35,19404.180000000008,20825.0,-1420.8199999999943,5
1182,1239,80,150,0,150,130,0,20,50,50,0,50,205,60,43551.348750000005,19550.0,24001.348750000005,5
1183,1239,140,135,0,135,135,0,0,45,45,0,45,270,50,30028.590000000004,23375.0,6653.590000000004,5
1184,1239,65,170,0,170,155,0,15,45,45,0,40,215,30,16067.700000000003,19975.0,-3907.299999999998,5
1185,1239,125,145,0,145,135,0,10,45,45,0,45,255,45,27317.610000000004,22950.0,4367.610000000004,5
1186,1239,85,145,0,145,135,0,10,75,75,0,75,215,70,46524.64500000001,19550.0,26974.64500000001,5
1187,1239,105,140,0,140,135,0,5,60,60,0,60,235,35,20018.880000000005,20825.0,-806.1199999999963,5
1188,1239,145,130,0,130,125,0,5,30,30,0,30,265,30,20628.135000000002,23375.0,-2746.864999999998,5
1189,1239,90,160,0,160,135,0,25,60,60,0,60,220,35,22323.870000000003,21250.0,1073.8700000000017,5
1190,1239,85,150,0,150,140,0,10,45,45,0,45,220,45,29117.25,19975.0,9142.25,5
1191,1239,100,140,0,140,125,0,15,45,45,0,45,220,40,23881.680000000008,20400.0,3481.6800000000057,5
1192,1239,145,135,0,135,135,0,0,35,35,0,35,275,25,14268.060000000003,23800.0,-9531.939999999997,5
1193,1239,120,140,0,140,120,0,20,70,70,0,70,235,50,30346.65,22100.0,8246.65,5
1194,1239,110,155,0,155,145,0,10,40,40,0,40,250,15,7638.840000000001,22525.0,-14886.16,5
1195,1239,150,125,0,125,115,0,10,65,65,0,65,260,40,22082.579999999998,23375.0,-1292.420000000002,5
1196,1239,75,155,0,155,145,0,10,35,35,0,35,215,25,14486.940000000004,19550.0,-5063.059999999996,5
1197,1239,125,130,0,130,115,0,15,55,55,0,55,235,70,44472.06000000001,21675.0,22797.060000000012,5
1198,1239,100,140,0,140,130,0,10,55,55,0,55,225,30,15145.920000000002,20400.0,-5254.079999999999,5
1199,1239,85,165,0,165,140,0,25,60,60,0,60,220,30,16484.940000000002,21250.0,-4765.059999999999,5
1200,1239,130,130,0,130,130,0,0,55,55,0,55,255,65,41648.46750000001,22100.0,19548.467500000013,5
1201,1239,135,125,0,125,125,0,0,35,35,0,35,255,30,19991.295,22100.0,-2108.705,5
1202,1239,115,130,0,130,110,0,20,55,55,0,55,220,55,32497.11,20825.0,11672.110000000002,5
1203,1239,90,160,0,160,115,15,30,50,50,0,50,200,35,21358.17,21250.0,108.17000000000007,5
1204,1239,125,140,0,140,130,0,10,55,55,0,55,250,35,18306.72,22525.0,-4218.279999999997,5
1205,1239,120,140,0,140,115,0,25,35,35,0,35,230,40,22872.06,22100.0,772.0600000000013,5
1206,1239,125,140,0,140,100,0,40,55,55,0,55,220,95,65528.21250000001,22525.0,43003.21250000001,5
1207,1239,115,140,0,140,140,0,0,40,40,0,40,250,5,2458.44,21675.0,-19216.559999999998,5
1208,1239,85,135,0,135,135,0,0,45,45,0,45,215,55,37538.25750000001,18700.0,18838.257500000007,5
1209,1239,95,155,0,155,120,0,35,45,45,0,45,210,40,23267.610000000004,21250.0,2017.6100000000042,5
1210,1239,100,135,0,135,130,0,5,40,40,0,40,225,55,34901.19000000001,19975.0,14926.19000000001,5
1211,1239,110,135,0,135,130,0,5,45,45,0,45,235,40,23311.530000000006,20825.0,2486.530000000007,5
1212,1239,100,155,0,155,140,0,15,45,45,0,45,235,45,28612.710000000006,21675.0,6937.710000000006,5
1213,1239,80,165,0,165,150,0,15,45,45,0,45,225,55,37162.19250000001,20825.0,16337.19250000001,5
1214,1239,115,130,0,130,90,10,30,70,70,0,70,200,75,45865.619999999995,20825.0,25040.62,5
1215,1239,75,160,0,160,145,0,15,25,25,0,25,215,40,28414.935000000005,19975.0,8439.935000000005,5
1216,1239,105,145,0,145,120,15,10,35,35,0,35,220,55,42891.440625,21250.0,21641.440625000003,5
1217,1239,100,125,0,125,120,0,5,50,50,0,50,215,25,12994.2,19125.0,-6130.799999999999,5
1218,1239,95,155,0,155,120,0,35,40,40,0,40,210,35,20874.780000000006,21250.0,-375.2199999999948,5
1219,1239,70,155,0,155,140,0,15,45,45,0,45,205,25,16737.120000000003,19125.0,-2387.879999999998,5
1220,1239,100,135,0,135,130,0,5,70,70,0,70,225,55,34297.29,19975.0,14322.290000000003,5
1221,1239,160,120,0,120,115,0,5,40,40,0,40,270,30,16506.54,23800.0,-7293.459999999997,5
1222,1239,100,140,0,140,120,10,10,50,50,0,45,215,55,39541.2975,20400.0,19141.2975,5
1223,1239,85,140,0,140,140,0,0,55,55,0,55,220,45,28656.090000000004,19125.0,9531.090000000004,5
1224,1239,75,170,0,170,170,0,0,30,30,0,25,240,20,10229.04,20825.0,-10595.96,5
1225,1239,90,145,0,145,135,0,10,55,55,0,55,220,40,21686.940000000002,19975.0,1711.9400000000041,5
1226,1239,100,135,0,135,135,0,0,55,55,0,55,230,30,20984.985,19975.0,1009.9850000000015,5
1227,1239,90,160,0,160,155,0,5,30,30,0,30,240,25,14048.460000000003,21250.0,-7201.539999999997,5
1228,1239,125,140,0,140,125,0,15,35,35,0,35,245,20,10096.920000000002,22525.0,-12428.08,5
1229,1239,80,175,0,175,145,5,25,30,30,0,30,220,30,21171.644999999997,21675.0,-503.3550000000014,5
1230,1239,90,150,0,150,150,0,0,45,45,0,45,235,55,36745.245,20400.0,16345.245000000004,5
1231,1239,155,120,0,120,120,0,0,40,40,0,40,270,40,24321.42,23375.0,946.4199999999983,5
1232,1239,85,165,0,165,135,0,30,50,50,0,50,215,30,15760.26,21250.0,-5489.74,5
1233,1239,55,175,0,175,170,0,5,30,30,0,30,220,25,13675.14,19550.0,-5874.860000000001,5
1234,1239,125,120,0,120,115,0,5,40,40,0,40,235,60,43045.04250000001,20825.0,22220.04250000001,5
1235,1239,85,150,0,150,120,10,20,55,55,0,50,200,35,18394.380000000005,19975.0,-1580.6199999999967,5
1236,1239,120,125,0,125,125,0,0,75,75,0,70,240,50,29732.130000000005,20825.0,8907.130000000006,5
1237,1239,105,120,0,120,100,15,5,50,50,0,50,200,95,70119.12374999998,19125.0,50994.12374999999,5
1238,1239,110,130,0,130,120,0,10,60,60,0,60,225,30,16199.28,20400.0,-4200.719999999999,5
1239,1239,90,130,0,130,130,0,0,50,50,0,45,215,25,17033.670000000002,18700.0,-1666.329999999998,5
1240,1239,100,145,0,145,145,0,0,45,45,0,40,240,35,21291.93,20825.0,466.9300000000021,5
1241,1239,95,135,0,135,120,10,5,55,55,0,55,210,60,40949.235,19550.0,21399.235,5
1242,1239,60,165,0,165,145,0,20,45,45,0,45,200,35,18635.58,19125.0,-489.4200000000001,5
1243,1239,65,175,0,175,160,0,15,35,35,0,35,220,35,21621.420000000002,20400.0,1221.4200000000028,5
1244,1239,75,155,0,155,145,0,10,40,40,0,40,215,40,23596.380000000005,19550.0,4046.3800000000037,5
1245,1239,80,145,0,145,145,0,0,60,60,0,60,220,70,42233.22000000001,19125.0,23108.22000000001,5
1246,1239,60,170,0,170,150,0,20,30,30,0,30,205,50,35454.363750000004,19550.0,15904.363750000002,5
1247,1239,80,145,0,145,135,0,10,55,55,0,55,210,60,39275.122500000005,19125.0,20150.122500000005,5
1248,1239,65,180,0,180,140,0,40,20,20,0,20,200,10,5904.540000000001,20825.0,-14920.46,5
1249,1239,160,120,0,120,90,0,30,55,55,0,55,245,35,19250.460000000003,23800.0,-4549.539999999997,5
1250,1239,140,135,0,135,125,0,10,50,50,0,45,260,40,24870.15,23375.0,1495.1500000000033,5
1251,1239,140,130,0,130,125,0,5,50,50,0,50,260,35,19228.86,22950.0,-3721.1400000000003,5
1252,1239,120,120,0,120,100,15,5,65,65,0,65,215,70,42046.29000000001,20400.0,21646.290000000008,5
1253,1239,110,140,0,140,130,0,10,40,40,0,40,235,30,17625.960000000003,21250.0,-3624.0399999999977,5
1254,1239,60,160,0,160,115,20,25,45,45,0,45,170,70,43867.89,18700.0,25167.89,5
1255,1239,130,145,0,145,135,0,10,35,35,0,35,260,30,16835.940000000002,23375.0,-6539.059999999998,5
1256,1239,105,150,0,150,135,0,15,50,50,0,50,235,45,27899.010000000002,21675.0,6224.010000000003,5
1257,1239,110,150,0,150,115,0,35,50,50,0,50,220,30,18010.350000000002,22100.0,-4089.649999999999,5
1258,1239,80,145,0,145,135,0,10,55,55,0,50,210,55,37282.7925,19125.0,18157.792500000003,5
1259,1239,75,150,0,150,130,0,20,45,45,0,40,200,40,23245.560000000005,19125.0,4120.560000000005,5
1260,1239,95,145,0,145,140,0,5,45,45,0,45,230,25,14202.18,20400.0,-6197.82,5
1261,1239,150,115,0,115,110,0,5,65,65,0,65,255,35,17516.520000000004,22525.0,-5008.479999999998,5
1262,1239,60,165,0,165,160,5,0,25,25,0,25,215,30,18087.21,19125.0,-1037.79,5
1263,1239,85,150,0,150,135,0,15,45,45,0,45,215,45,29512.440000000006,19975.0,9537.440000000006,5
1264,1239,75,150,0,150,150,0,0,30,30,0,30,220,25,14465.34,19125.0,-4659.659999999999,5
1265,1239,110,160,0,160,150,0,10,20,20,0,20,255,20,11523.780000000002,22950.0,-11426.219999999998,5
1266,1239,115,135,0,135,135,0,0,40,40,0,40,245,25,13740.84,21250.0,-7509.16,5
1267,1239,70,170,0,170,130,10,30,60,60,0,60,195,45,25265.160000000003,20400.0,4865.160000000005,5
1268,1239,85,145,0,145,120,0,25,60,60,0,55,200,50,31433.220000000005,19550.0,11883.220000000005,5
1269,1239,100,145,0,145,120,15,10,55,55,0,55,215,55,33188.94,20825.0,12363.940000000002,5
1270,1239,110,150,0,150,140,0,10,25,25,0,25,245,35,29030.850000000006,22100.0,6930.850000000005,5
1271,1239,95,155,0,155,130,0,25,45,45,0,45,220,20,9921.6,21250.0,-11328.4,5
1272,1239,125,130,0,130,130,0,0,50,50,0,50,250,55,36506.497500000005,21675.0,14831.497500000005,5
1273,1239,90,160,0,160,160,0,0,30,30,0,30,245,20,11568.060000000001,21250.0,-9681.939999999999,5
1274,1239,115,140,0,140,125,0,15,45,45,0,45,235,25,14794.560000000001,21675.0,-6880.439999999999,5
1275,1239,110,135,0,135,105,20,10,40,40,0,40,210,60,45777.0965625,20825.0,24952.096562500003,5
1276,1239,95,145,0,145,140,0,5,60,60,0,60,230,55,35779.545,20400.0,15379.544999999998,5
1277,1239,65,180,0,180,145,5,30,40,40,0,40,205,35,19184.940000000002,20825.0,-1640.0599999999986,5
1278,1239,110,145,0,145,145,0,0,35,35,0,30,250,30,17933.76,21675.0,-3741.2400000000002,5
1279,1239,50,175,0,175,140,5,30,50,50,0,45,185,20,11853.540000000003,19125.0,-7271.459999999997,5
1280,1239,100,155,0,155,140,0,15,55,55,0,55,235,35,19579.860000000004,21675.0,-2095.1399999999967,5
1281,1239,85,140,0,140,120,10,10,55,55,0,50,200,85,59115.442500000005,19125.0,39990.442500000005,5
1282,1239,120,115,0,115,110,0,5,45,45,0,45,225,95,74881.1492578125,19975.0,54906.1492578125,5
1283,1239,150,115,0,115,95,0,20,50,50,0,50,240,50,29128.230000000003,22525.0,6603.230000000003,5
1284,1239,70,145,0,145,110,15,20,65,65,0,65,175,70,53475.48281250001,18275.0,35200.48281250001,5
1285,1239,80,170,0,170,135,0,35,30,30,0,30,210,35,24266.385000000006,21250.0,3016.3850000000048,5
1286,1239,75,155,0,155,145,0,10,60,60,0,60,215,40,23190.750000000004,19550.0,3640.7500000000027,5
1287,1239,170,110,0,110,105,0,5,50,50,0,45,270,65,51675.519375,23800.0,27875.519375000003,5
1288,1239,110,165,0,165,135,0,30,45,45,0,45,240,35,22543.47,23375.0,-831.5299999999979,5
1289,1239,120,135,0,135,110,0,25,55,55,0,50,225,20,10272.960000000001,21675.0,-11402.039999999999,5
1290,1239,65,175,0,175,120,40,15,60,60,0,60,180,40,23267.610000000004,20400.0,2867.610000000004,5
1291,1239,175,115,0,115,110,0,5,35,35,0,35,280,15,7814.520000000001,24650.0,-16835.479999999996,5
1292,1239,95,150,0,150,150,0,0,55,55,0,55,240,30,16177.500000000002,20825.0,-4647.499999999998,5
1293,1239,70,165,0,165,125,5,35,50,50,0,50,190,50,26867.160000000003,19975.0,6892.1600000000035,5
1294,1239,120,130,0,130,130,0,0,55,55,0,55,245,45,29357.73000000001,21250.0,8107.7300000000105,5
1295,1239,110,140,0,140,140,0,0,45,45,0,45,245,50,31015.89,21250.0,9765.89,5
1296,1239,90,140,0,140,120,0,20,75,75,0,70,205,45,23574.780000000006,19550.0,4024.780000000005,5
1297,1239,130,120,0,120,120,0,0,40,40,0,40,245,50,39560.54625,21250.0,18310.546250000003,5
1298,1239,60,165,0,165,155,5,5,50,50,0,50,210,30,16397.1,19125.0,-2727.8999999999996,5
1299,1239,120,115,0,115,110,0,5,60,60,0,60,225,70,44955.04500000001,19975.0,24980.04500000001,5
1300,1239,145,130,0,130,120,0,10,60,60,0,55,260,50,30017.610000000004,23375.0,6642.610000000004,5
1301,1239,150,140,0,140,115,0,25,40,40,0,40,260,35,18372.42,24650.0,-6277.58,5
1302,1239,95,155,0,155,155,0,0,50,50,0,50,245,35,19119.059999999998,21250.0,-2130.9400000000005,5
1303,1239,95,170,0,170,120,25,25,25,25,0,25,210,30,18680.13,22525.0,-3844.8699999999985,5
1304,1239,95,150,0,150,95,45,10,65,65,0,65,185,25,13828.860000000002,20825.0,-6996.139999999998,5
1305,1239,140,150,0,150,135,0,15,25,25,0,25,270,30,17780.04,24650.0,-6869.959999999999,5
1306,1239,85,145,0,145,130,0,15,60,60,0,60,210,30,18405.629999999997,19550.0,-1144.3700000000013,5
1307,1239,100,150,0,150,145,0,5,30,30,0,30,240,25,14596.920000000002,21250.0,-6653.079999999998,5
1308,1239,145,120,0,120,120,0,0,45,45,0,45,260,60,47246.1665625,22525.0,24721.166562500002,5
1309,1239,130,110,0,110,100,0,10,65,65,0,65,225,65,41035.950000000004,20400.0,20635.950000000004,5
1310,1239,160,115,0,115,115,0,0,55,55,0,55,270,55,37925.122500000005,23375.0,14550.122500000001,5
1311,1239,110,140,0,140,140,0,0,50,50,0,50,245,20,9789.840000000002,21250.0,-11460.159999999998,5
1312,1239,140,130,0,130,125,0,5,40,40,0,40,260,50,35517.498750000006,22950.0,12567.498750000004,5
1313,1239,65,140,0,140,140,0,0,40,40,0,40,200,75,53844.840000000004,17425.0,36419.840000000004,5
1314,1239,125,130,0,130,125,0,5,40,40,0,40,245,50,33123.6,21675.0,11448.600000000002,5
1315,1239,80,165,0,165,165,0,0,30,30,0,30,240,20,11414.340000000002,20825.0,-9410.659999999998,5
1316,1239,65,145,0,145,115,15,15,50,50,0,50,175,55,39732.361874999995,17850.0,21882.361874999995,5
1317,1239,150,120,0,120,115,0,5,45,45,0,40,260,25,13762.980000000003,22950.0,-9187.019999999997,5
1318,1239,140,150,0,150,140,0,10,45,45,0,45,275,20,10141.2,24650.0,-14508.8,5
1319,1239,100,130,0,130,120,0,10,40,40,0,35,215,40,24891.75,19550.0,5341.750000000002,5
1320,1239,80,145,0,145,145,0,0,45,45,0,45,220,25,13806.54,19125.0,-5318.46,5
1321,1239,90,155,0,155,130,15,10,45,45,0,45,215,55,34912.44,20825.0,14087.440000000006,5
1322,1239,105,125,0,125,125,0,0,50,50,0,50,225,85,57329.23500000001,19550.0,37779.23500000001,5
1323,1239,130,130,0,130,125,0,5,55,55,0,50,250,30,17999.640000000003,22100.0,-4100.359999999999,5
1324,1239,110,140,0,140,135,0,5,35,35,0,35,240,25,14575.140000000003,21250.0,-6674.859999999997,5
1325,1239,65,170,0,170,145,0,25,50,50,0,50,205,45,27767.79,19975.0,7792.79,5
1326,1239,125,165,0,165,160,0,5,25,25,0,25,280,5,2634.1200000000003,24650.0,-22015.879999999997,5
1327,1239,95,155,0,155,120,10,25,30,30,0,30,210,35,26340.772500000003,21250.0,5090.772500000003,5
1328,1239,110,130,0,130,100,0,30,60,60,0,60,205,85,56284.08750000001,20400.0,35884.08750000001,5
1329,1239,60,155,0,155,145,5,5,35,35,0,35,200,55,34511.53500000001,18275.0,16236.535000000007,5
1330,1239,90,140,0,140,120,0,20,35,35,0,35,205,25,13323.780000000002,19550.0,-6226.219999999998,5
1331,1239,140,125,0,125,120,0,5,45,45,0,45,255,95,69495.238125,22525.0,46970.238124999996,5
1332,1239,55,185,0,185,110,30,45,45,45,0,45,160,30,16550.46,20400.0,-3849.5399999999995,5
1333,1239,115,140,0,140,95,5,40,75,75,0,75,205,45,27427.410000000003,21675.0,5752.410000000004,5
1334,1239,55,165,0,165,160,0,5,40,40,0,40,210,35,19009.260000000002,18700.0,309.2600000000016,5
1335,1239,150,135,0,135,135,0,0,35,35,0,30,280,40,24035.400000000005,24225.0,-189.59999999999582,5
1336,1239,90,145,0,145,120,5,20,65,65,0,60,205,35,22488.57,19975.0,2513.5699999999997,5
1337,1239,75,165,0,165,130,0,35,50,50,0,50,200,25,16759.08,20400.0,-3640.9199999999964,5
1338,1239,110,145,0,145,130,0,15,50,50,0,50,235,15,7375.3200000000015,21675.0,-14299.679999999998,5
1339,1239,85,155,0,155,130,10,15,45,45,0,40,210,20,11414.340000000002,20400.0,-8985.659999999998,5
1340,1239,170,135,0,135,130,0,5,20,20,0,20,295,25,15804.720000000001,25925.0,-10120.279999999999,5
1341,1239,85,160,0,160,110,20,30,65,65,0,65,190,55,33705.270000000004,20825.0,12880.27,5
1342,1239,115,150,0,150,115,5,30,45,45,0,45,225,35,18921.060000000005,22525.0,-3603.9399999999955,5
1343,1239,135,130,0,130,100,0,30,30,30,0,30,230,15,8889.660000000002,22525.0,-13635.339999999998,5
1344,1239,130,140,0,140,130,0,10,40,40,0,40,255,30,18712.440000000002,22950.0,-4237.559999999999,5
1345,1239,80,150,0,150,125,10,15,55,55,0,55,200,85,55392.43500000001,19550.0,35842.43500000001,5
1346,1239,55,175,0,175,155,0,20,20,20,0,20,205,25,18153.225000000006,19550.0,-1396.7749999999955,5
1347,1239,90,150,0,150,130,5,15,40,40,0,40,215,80,61858.39218750001,20400.0,41458.39218750001,5
1348,1239,90,150,0,150,140,0,10,35,35,0,35,225,35,25654.882500000003,20400.0,5254.882500000003,5
1349,1239,110,145,0,145,125,0,20,50,50,0,50,230,25,14246.100000000002,21675.0,-7428.899999999999,5
1350,1239,80,130,0,130,115,0,15,70,70,0,65,190,90,59420.475,17850.0,41570.475,5
1351,1239,70,160,0,160,155,5,0,45,45,0,45,220,15,7682.76,19550.0,-11867.24,5
1352,1239,120,145,0,145,130,0,15,50,50,0,45,245,40,23289.570000000003,22525.0,764.5700000000033,5
1353,1239,115,150,0,150,140,0,10,55,55,0,55,250,40,24881.130000000005,22525.0,2356.130000000003,5
1354,1239,75,135,0,135,120,0,15,45,45,0,45,190,55,42620.62500000001,17850.0,24770.625000000007,5
1355,1239,90,160,0,160,150,0,10,50,50,0,50,235,45,25440.840000000004,21250.0,4190.840000000003,5
1356,1239,95,160,0,160,150,0,10,45,45,0,45,240,45,26099.28,21675.0,4424.279999999999,5
1357,1239,105,150,0,150,95,55,0,45,45,0,45,195,90,74984.7708984375,21675.0,53309.770898437506,5
1358,1239,95,145,0,145,125,15,5,60,60,0,60,215,40,24935.400000000005,20400.0,4535.400000000004,5
1359,1239,115,125,0,125,125,0,0,65,65,0,65,235,55,32837.850000000006,20400.0,12437.850000000002,5
1360,1239,135,125,0,125,85,5,35,55,55,0,55,215,70,43933.9725,22100.0,21833.9725,5
1361,1239,100,145,0,145,120,0,25,50,50,0,50,215,35,21072.15,20825.0,247.15000000000146,5
1362,1239,155,125,0,125,115,0,10,45,45,0,45,265,50,32667.975000000006,23800.0,8867.975000000006,5
1363,1239,110,145,0,145,140,0,5,40,40,0,40,245,15,8165.520000000001,21675.0,-13509.48,5
1364,1239,100,165,0,165,165,0,0,30,30,0,30,260,30,16814.340000000004,22525.0,-5710.659999999998,5
1365,1239,105,130,0,130,115,0,15,60,60,0,60,215,50,33043.927500000005,19975.0,13068.927500000005,5
1366,1239,80,170,0,170,135,0,35,40,40,0,40,210,25,13345.920000000002,21250.0,-7904.079999999999,5
1367,1239,85,145,0,145,140,0,5,45,45,0,45,220,55,36734.80500000001,19550.0,17184.805000000008,5
1368,1239,95,160,0,160,135,0,25,40,40,0,40,225,25,16682.49,21675.0,-4992.5099999999975,5
1369,1239,95,145,0,145,135,0,10,40,40,0,40,225,30,18043.56,20400.0,-2356.439999999998,5
1370,1239,170,120,0,120,95,5,20,60,60,0,60,260,40,22993.11,24650.0,-1656.8899999999985,5
1371,1239,120,120,0,120,115,0,5,50,50,0,50,230,55,32179.5,20400.0,11779.499999999998,5
1372,1239,75,150,0,150,150,0,0,55,55,0,55,220,25,15058.079999999998,19125.0,-4066.9200000000023,5
1373,1239,135,140,0,140,135,0,5,60,60,0,60,265,40,21819.060000000005,23375.0,-1555.939999999996,5
1374,1239,95,140,0,140,135,0,5,35,35,0,35,225,25,16440.93,19975.0,-3534.0699999999993,5
1375,1239,80,160,0,160,130,0,30,50,50,0,50,205,20,9789.840000000002,20400.0,-10610.159999999998,5
1376,1239,120,145,0,145,120,0,25,45,45,0,45,235,95,66414.1725,22525.0,43889.1725,5
1377,1239,140,130,0,130,125,0,5,40,40,0,40,260,15,7551.000000000002,22950.0,-15398.999999999998,5
1378,1239,110,165,0,165,160,0,5,35,35,0,35,265,15,7551.000000000002,23375.0,-15823.999999999998,5
1379,1239,60,160,0,160,125,15,20,55,55,0,55,180,40,20655.180000000004,18700.0,1955.1800000000048,5
1380,1239,100,150,0,150,135,0,15,50,50,0,50,230,65,42809.26500000001,21250.0,21559.265000000007,5
1381,1239,110,140,0,140,115,0,25,65,65,0,65,220,90,62087.512500000004,21250.0,40837.512500000004,5
1382,1239,75,155,0,155,125,10,20,45,45,0,45,195,65,40926.51,19550.0,21376.510000000002,5
1383,1239,85,160,0,160,150,0,10,45,45,0,45,230,45,26604.180000000008,20825.0,5779.180000000006,5
1384,1239,105,155,0,155,140,0,15,35,35,0,35,240,15,8472.78,22100.0,-13627.219999999998,5
1385,1239,85,160,0,160,155,0,5,40,40,0,40,235,25,14926.32,20825.0,-5898.679999999999,5
1386,1239,75,150,0,150,150,0,0,45,45,0,45,220,55,36590.76,19125.0,17465.760000000006,5
1387,1239,95,165,0,165,150,0,15,25,25,0,25,240,5,2414.5200000000004,22100.0,-19685.48,5
1388,1239,95,130,0,130,130,0,0,45,45,0,45,220,25,16276.23,19125.0,-2848.7699999999995,5
1389,1239,60,170,0,170,150,0,20,40,40,0,40,205,25,17187.390000000003,19550.0,-2362.6099999999974,5
1390,1239,110,135,0,135,125,5,5,55,55,0,50,230,65,45442.02375,20825.0,24617.02375,5
1391,1239,85,160,0,160,130,20,10,65,65,0,65,210,35,20369.880000000005,20825.0,-455.11999999999716,5
1392,1239,110,130,0,130,130,0,0,45,45,0,45,235,45,27964.890000000007,20400.0,7564.890000000005,5
1393,1239,140,145,0,145,140,0,5,10,10,0,10,275,15,10887.57,24225.0,-13337.43,5
1394,1239,115,170,0,170,105,40,25,60,60,0,60,215,30,15738.300000000001,24225.0,-8486.699999999999,5
1395,1239,95,160,0,160,140,0,20,40,40,0,40,230,45,26878.410000000003,21675.0,5203.4100000000035,5
1396,1239,65,160,0,160,135,0,25,50,50,0,50,195,45,28645.380000000005,19125.0,9520.380000000005,5
1397,1239,90,155,0,155,155,0,0,50,50,0,50,240,35,19053.18,20825.0,-1771.819999999998,5
1398,1239,115,140,0,140,120,5,15,75,75,0,70,230,55,33957.81000000001,21675.0,12282.810000000009,5
1399,1239,50,180,0,180,170,0,10,30,30,0,30,215,55,38352.87000000001,19550.0,18802.870000000006,5
1400,1239,120,135,0,135,130,0,5,55,55,0,55,245,65,40180.41,21675.0,18505.410000000003,5
1401,1239,115,135,0,135,125,0,10,50,50,0,50,235,70,48535.35750000001,21250.0,27285.35750000001,5
1402,1239,165,120,0,120,120,0,0,50,50,0,50,280,40,22938.480000000003,24225.0,-1286.519999999996,5
1403,1239,90,155,0,155,140,0,15,45,45,0,45,225,65,40795.020000000004,20825.0,19970.020000000004,5
1404,1239,70,180,0,180,135,0,45,30,30,0,30,200,30,23070.172500000004,21250.0,1820.1725000000033,5
1405,1239,90,140,0,140,135,0,5,60,60,0,60,220,45,26604.09,19550.0,7054.090000000001,5
1406,1239,85,150,0,150,110,20,20,60,60,0,60,190,50,33213.7575,19975.0,13238.757499999996,5
1407,1239,65,180,0,180,125,15,40,65,65,0,60,185,35,20831.130000000005,20825.0,6.130000000002838,5
1408,1239,105,145,0,145,135,0,10,45,45,0,45,235,50,32596.965000000004,21250.0,11346.965000000004,5
1409,1239,85,155,0,155,135,0,20,50,50,0,50,215,35,26431.3575,20400.0,6031.357499999999,5
1410,1239,130,125,0,125,125,0,0,65,65,0,65,250,55,31696.20000000001,21675.0,10021.200000000012,5
1411,1239,80,130,0,130,110,5,15,60,60,0,60,185,95,69794.24765625001,17850.0,51944.24765625001,5
1412,1239,50,190,0,190,135,20,35,35,35,0,35,180,30,17428.5,20400.0,-2971.4999999999986,5
1413,1239,95,130,0,130,130,0,0,45,45,0,45,220,120,93973.93031250003,19125.0,74848.93031250003,5
1414,1239,140,125,0,125,115,0,10,40,40,0,40,250,75,57502.729687499996,22525.0,34977.729687499996,5
1415,1239,60,165,0,165,160,0,5,20,20,0,20,215,20,12961.710000000001,19125.0,-6163.289999999999,5
1416,1239,95,135,0,135,135,0,0,60,60,0,60,225,30,18240.93,19550.0,-1309.0699999999993,5
1417,1239,130,145,0,145,145,0,0,35,35,0,35,270,45,30198.442500000012,23375.0,6823.44250000001,5
1418,1239,70,155,0,155,140,0,15,35,35,0,30,205,25,16232.310000000001,19125.0,-2892.689999999998,5
1419,1239,130,140,0,140,130,0,10,40,40,0,40,255,50,30555.090000000004,22950.0,7605.090000000005,5
1420,1239,90,140,0,140,135,0,5,40,40,0,40,220,40,27668.340000000007,19550.0,8118.340000000007,5
1421,1239,100,145,0,145,125,0,20,50,50,0,45,220,65,44631.2025,20825.0,23806.2025,5
1422,1239,110,115,0,115,115,0,0,55,55,0,55,220,45,29143.98000000001,19125.0,10018.98000000001,5
1423,1239,135,130,0,130,105,0,25,40,40,0,40,235,15,7331.040000000002,22525.0,-15193.959999999997,5
1424,1239,135,115,0,115,115,0,0,45,45,0,45,245,60,40213.372500000005,21250.0,18963.372500000005,5
1425,1239,125,150,0,150,135,0,15,25,25,0,25,255,35,24145.605000000003,23375.0,770.605000000005,5
1426,1239,135,120,0,120,70,20,30,65,65,0,65,200,35,16857.36,21675.0,-4817.639999999999,5
1427,1239,95,145,0,145,115,10,20,55,55,0,55,205,70,49826.643749999996,20400.0,29426.643749999996,5
1428,1239,90,155,0,155,125,0,30,45,45,0,45,210,30,16616.34,20825.0,-4208.66,5
1429,1239,105,140,0,140,115,10,15,60,60,0,55,215,65,40696.11,20825.0,19871.110000000004,5
1430,1239,95,155,0,155,130,25,0,45,45,0,45,220,30,18767.61,21250.0,-2482.389999999998,5
1431,1239,115,140,0,140,135,0,5,60,60,0,60,245,25,13279.86,21675.0,-8395.14,5
1432,1239,90,150,0,150,125,0,25,45,45,0,45,210,35,20029.590000000004,20400.0,-370.4099999999971,5
1433,1239,125,140,0,140,135,0,5,40,40,0,35,255,20,12094.560000000001,22525.0,-10430.439999999999,5
1434,1239,75,150,0,150,140,0,10,50,50,0,45,210,35,19250.82,19125.0,125.82000000000107,5
1435,1239,120,140,0,140,135,0,5,35,35,0,35,250,35,21643.02,22100.0,-456.97999999999865,5
1436,1239,110,150,0,150,140,0,10,45,45,0,45,245,15,7287.4800000000005,22100.0,-14812.52,5
1437,1239,185,120,0,120,120,0,0,45,45,0,45,300,40,25506.585,25925.0,-418.41499999999996,5
1438,1239,140,125,0,125,110,0,15,50,50,0,50,245,55,32991.840000000004,22525.0,10466.840000000007,5
1439,1239,80,145,0,145,120,5,20,50,50,0,45,195,50,30972.33,19125.0,11847.330000000002,5
1440,1239,90,160,0,160,155,0,5,25,25,0,25,240,0,0.0,21250.0,-21250.0,5
1441,1239,70,170,0,170,125,15,30,60,60,0,60,190,70,50130.29250000001,20400.0,29730.292500000014,5
1442,1239,115,125,0,125,115,0,10,55,55,0,55,225,70,48488.85000000001,20400.0,28088.850000000013,5
1443,1239,130,135,0,135,130,5,0,40,40,0,40,255,60,40437.990000000005,22525.0,17912.990000000005,5
1444,1239,100,130,0,130,130,0,0,60,60,0,60,225,35,27328.28625,19550.0,7778.286250000001,5
1445,1239,75,150,0,150,140,0,10,40,40,0,40,210,50,33123.33000000001,19125.0,13998.330000000009,5
1446,1239,75,160,0,160,105,55,0,70,70,0,70,175,55,31828.5,19975.0,11853.5,5
1447,1239,110,150,0,150,145,0,5,50,50,0,50,250,55,32289.390000000007,22100.0,10189.390000000007,5
1448,1239,85,145,0,145,140,0,5,35,35,0,35,220,15,8077.3200000000015,19550.0,-11472.679999999998,5
1449,1239,65,185,0,185,105,55,25,60,60,0,60,165,55,33189.479999999996,21250.0,11939.48,5
1450,1239,80,165,0,165,165,0,0,25,25,0,25,240,15,7814.160000000002,20825.0,-13010.839999999998,5
1451,1239,130,125,0,125,125,0,0,50,50,0,50,250,35,20633.760000000002,21675.0,-1041.239999999998,5
1452,1239,70,170,0,170,105,30,35,40,40,0,40,170,50,35742.58875,20400.0,15342.588750000004,5
1453,1239,140,135,0,135,130,0,5,50,50,0,50,265,45,29611.485000000008,23375.0,6236.485000000007,5
1454,1239,130,135,0,135,115,15,5,60,60,0,55,240,30,15409.440000000002,22525.0,-7115.559999999998,5
1455,1239,55,170,0,170,145,5,20,50,50,0,45,195,30,15057.720000000005,19125.0,-4067.279999999996,5
1456,1239,80,155,0,155,90,55,10,55,55,0,55,165,45,28173.689999999995,19975.0,8198.689999999997,5
1457,1239,95,150,0,150,105,20,25,40,40,0,40,195,90,66131.52750000001,20825.0,45306.52750000001,5
1458,1239,140,125,0,125,125,0,0,50,50,0,50,260,55,36866.092500000006,22525.0,14341.09250000001,5
1459,1239,115,145,0,145,130,0,15,55,55,0,55,240,40,23114.160000000003,22100.0,1014.1600000000017,5
1460,1239,120,130,0,130,115,0,15,60,60,0,60,230,20,11194.740000000002,21250.0,-10055.259999999998,5
1461,1239,70,150,0,150,140,10,0,50,50,0,50,205,75,55260.5175,18700.0,36560.5175,5
1462,1239,95,160,0,160,150,0,10,45,45,0,45,240,30,17516.520000000004,21675.0,-4158.479999999998,5
1463,1239,145,115,0,115,110,0,5,65,65,0,60,250,50,29271.15,22100.0,7171.150000000002,5
1464,1239,110,160,0,160,130,0,30,50,50,0,50,235,70,43983.855,22950.0,21033.855000000003,5
1465,1239,90,135,0,135,95,20,20,60,60,0,55,180,70,53917.73718750001,19125.0,34792.73718750001,5
1466,1239,70,160,0,160,145,5,10,45,45,0,45,210,30,19140.660000000003,19550.0,-409.3399999999974,5
1467,1239,160,135,0,135,130,0,5,30,30,0,30,285,10,5267.880000000001,25075.0,-19807.12,5
1468,1239,75,155,0,155,85,35,35,60,60,0,60,155,90,60144.12000000001,19550.0,40594.12000000001,5
1469,1239,90,150,0,150,125,5,20,45,45,0,45,210,40,27361.665,20400.0,6961.665000000003,5
1470,1239,60,175,0,175,170,0,5,20,20,0,20,225,5,2634.1200000000003,19975.0,-17340.88,5
1471,1239,50,180,0,180,135,35,10,45,45,0,40,180,20,9877.680000000002,19550.0,-9672.319999999998,5
1472,1239,195,100,0,100,85,0,15,60,60,0,60,275,50,34122.015,25075.0,9047.015000000001,5
1473,1239,115,125,0,125,120,0,5,50,50,0,50,230,45,33037.09875000001,20400.0,12637.098750000008,5
1474,1239,110,130,0,130,120,0,10,45,45,0,45,225,60,42430.5225,20400.0,22030.5225,5
1475,1239,45,175,0,175,155,10,10,20,20,0,20,195,0,0.0,18700.0,-18700.0,5
1476,1239,85,165,0,165,130,0,35,55,55,0,55,210,30,18548.370000000003,21250.0,-2701.629999999998,5
1477,1239,120,140,0,140,105,15,20,60,60,0,60,220,65,43313.78250000001,22100.0,21213.78250000001,5
1478,1239,85,150,0,150,140,0,10,45,45,0,40,220,55,35861.895,19975.0,15886.895,5
1479,1239,80,135,0,135,135,0,0,40,40,0,40,210,15,7638.480000000001,18275.0,-10636.519999999999,5
1480,1239,100,150,0,150,130,0,20,30,30,0,30,225,50,33331.6125,21250.0,12081.612500000007,5
1481,1239,90,160,0,160,150,0,10,30,30,0,30,235,15,8538.66,21250.0,-12711.34,5
1482,1239,60,165,0,165,155,0,10,40,40,0,40,210,30,16133.580000000002,19125.0,-2991.4199999999983,5
1483,1239,65,170,0,170,170,0,0,35,35,0,35,230,25,16243.650000000001,19975.0,-3731.3499999999976,5
1484,1239,95,165,0,165,145,0,20,30,30,0,30,235,25,15958.17,22100.0,-6141.83,5
1485,1239,80,165,0,165,155,0,10,45,45,0,45,230,55,32355.540000000005,20825.0,11530.540000000005,5
1486,1239,80,150,0,150,145,5,0,55,55,0,55,220,40,25265.070000000007,19550.0,5715.070000000005,5
1487,1239,70,145,0,145,90,30,25,60,60,0,55,155,85,58404.915,18275.0,40129.915,5
1488,1239,120,140,0,140,140,0,0,45,45,0,45,255,35,20502.000000000004,22100.0,-1597.9999999999973,5
1489,1239,70,170,0,170,135,0,35,50,50,0,50,200,30,17275.14,20400.0,-3124.8599999999988,5
1490,1239,95,135,0,135,115,0,20,65,65,0,65,205,60,36217.98000000001,19550.0,16667.980000000007,5
1491,1239,115,140,0,140,140,0,0,60,60,0,60,250,50,25199.28,21675.0,3524.279999999999,5
1492,1239,160,100,0,100,95,5,0,85,85,0,85,250,70,43473.060000000005,22100.0,21373.060000000005,5
1493,1239,120,130,0,130,100,0,30,45,45,0,40,215,85,58280.96250000001,21250.0,37030.96250000001,5
1494,1239,75,160,0,160,140,0,20,45,45,0,40,210,40,26395.83,19975.0,6420.830000000001,5
1495,1239,95,140,0,140,130,0,10,50,50,0,45,220,55,33243.840000000004,19975.0,13268.840000000004,5
1496,1239,75,170,0,170,170,0,0,30,30,0,30,240,5,2546.28,20825.0,-18278.72,5
1497,1239,120,135,0,135,130,0,5,40,40,0,35,245,35,22411.710000000003,21675.0,736.7100000000028,5
1498,1239,75,155,0,155,135,0,20,55,55,0,55,205,30,15102.000000000004,19550.0,-4447.999999999997,5
1499,1239,135,130,0,130,125,0,5,45,45,0,40,255,35,18635.940000000002,22525.0,-3889.0599999999995,5
1500,1239,80,150,0,150,140,0,10,40,40,0,40,215,45,27064.710000000006,19550.0,7514.710000000005,5
1501,1239,85,140,0,140,120,0,20,55,55,0,55,200,115,81203.91750000001,19125.0,62078.91750000001,5
1502,1239,100,150,0,150,135,0,15,45,45,0,45,230,65,41223.330000000016,21250.0,19973.330000000016,5
1503,1239,75,165,0,165,155,0,10,55,55,0,50,225,35,19294.38,20400.0,-1105.619999999999,5
1504,1239,60,180,0,180,150,15,15,35,35,0,35,205,35,22756.815000000002,20400.0,2356.8150000000014,5
1505,1239,60,175,0,175,160,0,15,25,25,0,25,215,10,4916.880000000001,19975.0,-15058.119999999999,5
1506,1239,100,145,0,145,130,0,15,45,45,0,45,225,20,12182.400000000001,20825.0,-8642.599999999999,5
1507,1239,70,160,0,160,150,0,10,50,50,0,45,215,40,23882.219999999998,19550.0,4332.2199999999975,5
1508,1239,50,160,0,160,145,10,5,45,45,0,45,190,40,23431.95,17850.0,5581.950000000002,5
1509,1239,85,145,0,145,135,0,10,50,50,0,50,215,25,13828.860000000002,19550.0,-5721.139999999998,5
1510,1239,80,160,0,160,140,0,20,60,60,0,60,215,40,24793.289999999997,20400.0,4393.289999999997,5
1511,1239,120,155,0,155,150,0,5,30,30,0,30,265,25,13653.180000000002,23375.0,-9721.819999999998,5
1512,1239,105,160,0,160,150,0,10,35,35,0,35,250,30,18625.23,22525.0,-3899.770000000001,5
1513,1239,50,175,0,175,155,5,15,45,45,0,45,200,70,46798.649999999994,19125.0,27673.649999999998,5
1514,1239,120,120,0,120,90,0,30,60,60,0,60,205,50,33189.0525,20400.0,12789.052499999998,5
1515,1239,150,120,0,120,120,0,0,20,20,0,20,265,25,13653.180000000002,22950.0,-9296.819999999998,5
1516,1239,135,125,0,125,120,0,5,35,35,0,35,250,35,26724.735,22100.0,4624.735000000001,5
1517,1239,160,115,0,115,115,0,0,60,60,0,60,270,35,19908.810000000005,23375.0,-3466.1899999999946,5
1518,1239,60,165,0,165,160,5,0,35,35,0,35,215,50,40044.459375,19125.0,20919.459375000002,5
1519,1239,70,160,0,160,155,0,5,35,35,0,30,220,45,28898.19,19550.0,9348.189999999999,5
1520,1239,155,110,0,110,100,10,0,50,50,0,50,250,40,25737.030000000006,22525.0,3212.0300000000043,5
1521,1239,110,135,0,135,120,10,5,60,60,0,55,225,65,46982.89125,20825.0,26157.89125,5
1522,1239,105,135,0,135,125,0,10,40,40,0,40,225,45,26515.98,20400.0,6115.98,5
1523,1239,60,155,0,155,125,0,30,40,40,0,35,180,70,50003.68500000001,18275.0,31728.685000000012,5
1524,1239,105,155,0,155,140,0,15,45,45,0,45,240,45,30607.447500000002,22100.0,8507.447500000002,5
1525,1239,105,125,0,125,125,0,0,60,60,0,60,225,40,22038.120000000003,19550.0,2488.1200000000035,5
1526,1239,100,140,0,140,135,0,5,30,30,0,30,230,35,24178.545000000006,20400.0,3778.5450000000037,5
1527,1239,50,160,0,160,140,5,15,45,45,0,45,185,40,22916.250000000004,17850.0,5066.250000000005,5
1528,1239,60,170,0,170,160,5,5,35,35,0,35,215,35,20260.440000000002,19550.0,710.4400000000032,5
1529,1239,125,125,0,125,105,0,20,60,60,0,60,225,60,41815.94625000001,21250.0,20565.946250000008,5
1530,1239,100,145,0,145,125,20,0,70,70,0,70,220,45,28305.405,20825.0,7480.405000000001,5
1531,1239,95,140,0,140,120,0,20,50,50,0,50,210,40,23365.710000000006,19975.0,3390.710000000008,5
1532,1239,115,130,0,130,120,0,10,60,60,0,60,230,35,18745.380000000005,20825.0,-2079.6199999999953,5
1533,1239,60,170,0,170,145,0,25,40,40,0,40,200,25,15607.080000000002,19550.0,-3942.919999999999,5
1534,1239,145,125,0,125,120,0,5,60,60,0,60,260,65,46564.27875000001,22950.0,23614.278750000012,5
1535,1239,105,145,0,145,115,0,30,40,40,0,35,215,10,4697.280000000001,21250.0,-16552.72,5
1536,1239,130,135,0,135,135,0,0,35,35,0,35,260,20,10053.36,22525.0,-12471.639999999998,5
1537,1239,105,130,0,130,95,35,0,70,70,0,70,195,40,24661.170000000002,19975.0,4686.170000000002,5
1538,1239,100,155,0,155,150,0,5,35,35,0,30,245,35,23531.130000000005,21675.0,1856.1300000000028,5
1539,1239,120,130,0,130,130,0,0,50,50,0,50,245,45,28963.800000000007,21250.0,7713.800000000006,5
1540,1239,65,150,0,150,120,5,25,55,55,0,55,180,60,39367.912500000006,18275.0,21092.912500000002,5
1541,1239,95,150,0,150,150,0,0,40,40,0,40,240,30,18658.170000000002,20825.0,-2166.8299999999977,5
1542,1239,85,155,0,155,145,5,5,35,35,0,35,225,55,37563.075000000004,20400.0,17163.075000000004,5
1543,1239,80,155,0,155,130,0,25,35,35,0,35,205,30,16265.339999999998,19975.0,-3709.660000000001,5
1544,1239,75,165,0,165,140,0,25,35,35,0,35,210,25,12423.960000000003,20400.0,-7976.039999999998,5
1545,1239,105,160,0,160,135,0,25,40,40,0,40,235,25,16078.95,22525.0,-6446.05,5
1546,1239,140,115,0,115,115,0,0,55,55,0,55,250,110,78390.03375000002,21675.0,56715.03375000002,5
1547,1239,125,130,0,130,125,0,5,50,50,0,50,245,70,45437.71500000001,21675.0,23762.715000000007,5
1548,1239,110,150,0,150,115,0,35,60,60,0,60,220,40,22301.640000000003,22100.0,201.64000000000215,5
1549,1239,110,135,0,135,120,0,15,50,50,0,50,225,45,26647.380000000005,20825.0,5822.380000000003,5
1550,1239,100,110,0,110,110,0,0,65,65,0,65,205,70,47500.83,17850.0,29650.830000000005,5
1551,1239,110,150,0,150,145,0,5,35,35,0,35,250,60,39856.99500000001,22100.0,17756.995000000006,5
1552,1239,80,160,0,160,125,5,30,55,55,0,55,200,100,68741.56125000001,20400.0,48341.56125000001,5
1553,1239,80,135,0,135,135,0,0,55,55,0,55,210,55,37206.31500000001,18275.0,18931.31500000001,5
1554,1239,60,160,0,160,155,0,5,50,50,0,50,210,40,24881.130000000005,18700.0,6181.130000000003,5
1555,1239,70,180,0,180,155,0,25,25,25,0,25,220,40,26735.940000000002,21250.0,5485.9400000000005,5
1556,1239,85,145,0,145,130,0,15,50,50,0,50,210,40,22938.210000000003,19550.0,3388.2100000000037,5
1557,1239,160,110,0,110,95,0,15,50,50,0,50,250,60,39107.317500000005,22950.0,16157.317500000005,5
1558,1239,110,135,0,135,135,0,0,35,35,0,35,240,15,8780.220000000001,20825.0,-12044.78,5
1559,1239,135,130,0,130,125,0,5,50,50,0,50,255,40,23004.36,22525.0,479.3600000000015,5
1560,1239,65,155,0,155,155,0,0,45,45,0,45,215,35,18701.820000000003,18700.0,1.8200000000024374,5
1561,1239,120,140,0,140,125,0,15,60,60,0,60,240,60,39955.545000000006,22100.0,17855.545000000006,5
1562,1239,55,165,0,165,155,0,10,35,35,0,35,205,35,21336.21,18700.0,2636.210000000001,5
1563,1239,60,170,0,170,120,10,40,45,45,0,40,175,35,21270.329999999998,19550.0,1720.329999999999,5
1564,1239,105,135,0,135,135,0,0,35,35,0,35,235,45,34311.487499999996,20400.0,13911.4875,5
1565,1239,140,125,0,125,125,0,0,50,50,0,50,260,35,20304.0,22525.0,-2220.999999999999,5
1566,1239,95,160,0,160,130,0,30,35,35,0,30,220,30,17033.58,21675.0,-4641.419999999998,5
1567,1239,95,145,0,145,145,0,0,45,45,0,45,235,45,31084.537500000002,20400.0,10684.537500000002,5
1568,1239,70,150,0,150,150,0,0,40,40,0,40,215,60,39033.765,18700.0,20333.765000000003,5
1569,1239,105,140,0,140,110,5,25,60,60,0,60,210,100,66752.14499999999,20825.0,45927.14499999999,5
1570,1239,95,155,0,155,135,0,20,55,55,0,55,225,20,11502.18,21250.0,-9747.82,5
1571,1239,90,160,0,160,130,0,30,50,50,0,50,215,35,19009.260000000002,21250.0,-2240.7399999999984,5
1572,1239,90,165,0,165,135,0,30,40,40,0,35,220,35,18745.74,21675.0,-2929.2599999999993,5
1573,1239,75,150,0,150,135,10,5,50,50,0,50,205,35,18196.74,19125.0,-928.259999999998,5
1574,1239,125,135,0,135,130,0,5,40,40,0,40,250,55,42483.740625000006,22100.0,20383.74062500001,5
1575,1239,115,140,0,140,125,0,15,45,45,0,45,235,40,26845.605,21675.0,5170.6050000000005,5
1576,1239,90,150,0,150,135,0,15,35,35,0,35,220,25,12599.640000000001,20400.0,-7800.359999999999,5
1577,1239,75,140,0,140,140,0,0,45,45,0,45,210,60,38753.64000000001,18275.0,20478.64000000001,5
1578,1239,55,175,0,175,155,0,20,45,45,0,45,205,40,24562.710000000003,19550.0,5012.710000000002,5
1579,1239,90,175,0,175,105,35,35,35,35,0,35,190,25,18004.995000000003,22525.0,-4520.004999999999,5
1580,1239,95,160,0,160,105,15,40,40,40,0,40,195,40,26132.309999999998,21675.0,4457.309999999998,5
1581,1239,160,130,0,130,130,0,0,50,50,0,50,285,50,30747.375,24650.0,6097.375000000002,5
1582,1239,45,165,0,165,140,5,20,40,40,0,40,180,35,18657.9,17850.0,807.9000000000019,5
1583,1239,125,120,0,120,110,5,5,55,55,0,55,230,35,21785.490000000005,20825.0,960.4900000000043,5
1584,1239,110,125,0,125,110,0,15,70,70,0,70,215,30,16594.200000000004,19975.0,-3380.799999999997,5
1585,1239,55,190,0,190,135,10,45,35,35,0,30,185,10,4916.88,20825.0,-15908.119999999999,5
1586,1239,70,155,0,155,150,0,5,55,55,0,55,215,35,23344.605000000003,19125.0,4219.605000000001,5
1587,1239,95,170,0,170,115,20,35,40,40,0,40,205,35,19162.620000000003,22525.0,-3362.3799999999983,5
1588,1239,110,140,0,140,130,0,10,60,60,0,60,235,30,17121.420000000002,21250.0,-4128.579999999997,5
1589,1239,90,170,0,170,160,0,10,25,25,0,25,245,20,11677.86,22100.0,-10422.14,5
1590,1239,110,150,0,150,150,0,0,50,50,0,50,255,40,24419.97,22100.0,2319.970000000003,5
1591,1239,105,145,0,145,145,0,0,35,35,0,35,245,35,18877.5,21250.0,-2372.5,5
1592,1239,110,140,0,140,140,0,0,45,45,0,45,245,50,32574.6,21250.0,11324.6,5
1593,1239,110,130,0,130,120,0,10,55,55,0,55,225,60,37206.27000000001,20400.0,16806.270000000008,5
1594,1239,105,145,0,145,140,0,5,40,40,0,40,240,50,34407.58500000001,21250.0,13157.585000000003,5
1595,1239,90,135,0,135,125,0,10,60,60,0,60,210,120,91834.666875,19125.0,72709.666875,5
1596,1239,105,135,0,135,130,0,5,65,65,0,60,230,65,41354.59500000001,20400.0,20954.59500000001,5
1597,1239,105,120,0,120,120,0,0,50,50,0,50,220,80,55177.60500000001,19125.0,36052.60500000001,5
1598,1239,105,145,0,145,120,25,0,60,60,0,60,220,25,12599.640000000001,21250.0,-8650.359999999999,5
1599,1239,105,160,0,160,160,0,0,25,25,0,25,260,30,20326.59,22525.0,-2198.409999999999,5
1600,1239,60,155,0,155,130,10,15,50,50,0,50,185,50,35362.575000000004,18275.0,17087.575000000004,5
1601,1239,130,140,0,140,125,0,15,40,40,0,40,250,25,12907.080000000002,22950.0,-10042.919999999998,5
1602,1239,90,135,0,135,125,0,10,55,55,0,55,210,90,69517.58203125,19125.0,50392.58203125,5
1603,1239,115,135,0,135,130,0,5,35,35,0,35,240,35,19777.320000000003,21250.0,-1472.6799999999957,5
1604,1239,80,150,0,150,145,0,5,60,60,0,60,220,60,40049.2125,19550.0,20499.212499999998,5
1605,1239,90,135,0,135,110,15,10,70,70,0,70,195,70,40718.34000000001,19125.0,21593.340000000007,5
1606,1239,60,180,0,180,130,20,30,40,40,0,40,185,20,10360.44,20400.0,-10039.56,5
1607,1239,125,135,0,135,115,0,20,50,50,0,50,235,40,23069.97,22100.0,969.970000000003,5
1608,1239,85,155,0,155,145,0,10,35,35,0,35,225,35,24024.825,20400.0,3624.8250000000007,5
1609,1239,75,170,0,170,150,5,15,35,35,0,35,220,40,26143.29,20825.0,5318.290000000002,5
1610,1239,60,180,0,180,150,0,30,40,40,0,40,205,50,32860.08,20400.0,12460.080000000002,5
1611,1239,110,155,0,155,110,20,25,45,45,0,45,215,30,17845.920000000002,22525.0,-4679.079999999996,5
1612,1239,115,150,0,150,130,0,20,50,50,0,50,240,25,15299.640000000003,22525.0,-7225.359999999996,5
1613,1239,110,140,0,140,140,0,0,35,35,0,30,245,45,31976.505,21250.0,10726.505000000001,5
1614,1239,90,140,0,140,140,0,0,60,60,0,60,225,45,25243.2,19550.0,5693.200000000002,5
1615,1239,85,145,0,145,130,0,15,60,60,0,55,210,25,13258.08,19550.0,-6291.92,5
1616,1239,85,155,0,155,135,0,20,70,70,0,70,215,45,23794.38,20400.0,3394.380000000001,5
1617,1239,70,155,0,155,155,0,0,30,30,0,30,220,25,13719.06,19125.0,-5405.9400000000005,5
1618,1239,75,145,0,145,135,0,10,50,50,0,50,205,50,29589.030000000006,18700.0,10889.030000000006,5
1619,1239,150,115,0,115,115,0,0,55,55,0,50,260,35,22148.190000000002,22525.0,-376.80999999999585,5
1620,1239,130,140,0,140,130,0,10,60,60,0,60,255,35,22433.670000000002,22950.0,-516.3299999999981,5
1621,1239,80,165,0,165,100,35,30,50,50,0,50,175,45,26954.910000000003,20825.0,6129.910000000004,5
1622,1239,145,130,0,130,125,0,5,35,35,0,35,265,30,17714.160000000003,23375.0,-5660.8399999999965,5
1623,1239,120,150,0,150,150,0,0,50,50,0,50,265,25,12599.640000000001,22950.0,-10350.359999999999,5
1624,1239,130,140,0,140,140,0,0,30,30,0,30,265,25,15881.309999999998,22950.0,-7068.690000000001,5
1625,1239,60,180,0,180,170,0,10,20,20,0,20,225,25,18169.695,20400.0,-2230.3050000000007,5
1626,1239,130,145,0,145,145,0,0,35,35,0,35,270,30,16660.620000000003,23375.0,-6714.379999999999,5
1627,1239,75,165,0,165,155,10,0,40,40,0,40,225,35,20545.56,20400.0,145.5600000000004,5
1628,1239,80,130,0,130,110,10,10,55,55,0,50,185,40,23004.0,17850.0,5154.000000000001,5
1629,1239,180,110,0,110,100,0,10,55,55,0,50,275,45,28518.84000000001,24650.0,3868.8400000000092,5
1630,1239,85,155,0,155,155,0,0,40,40,0,40,235,35,20787.12,20400.0,387.1199999999999,5
1631,1239,65,160,0,160,135,15,10,35,35,0,35,195,60,44696.655,19125.0,25571.655,5
1632,1239,90,125,0,125,125,0,0,40,40,0,40,210,60,43452.09000000001,18275.0,25177.090000000007,5
1633,1239,105,145,0,145,145,0,0,40,40,0,40,245,40,22828.68,21250.0,1578.6799999999994,5
1634,1239,105,160,0,160,120,0,40,45,45,0,45,220,60,40674.060000000005,22525.0,18149.060000000005,5
1635,1239,130,115,0,115,105,0,10,45,45,0,40,230,95,71603.05500000001,20825.0,50778.05500000001,5
1636,1239,100,150,0,150,135,0,15,60,60,0,60,230,40,19887.120000000003,21250.0,-1362.8799999999978,5
1637,1239,75,150,0,150,130,0,20,55,55,0,55,200,55,36761.71500000001,19125.0,17636.715000000007,5
1638,1239,120,120,0,120,105,0,15,55,55,0,55,220,60,43121.66625000002,20400.0,22721.666250000017,5
1639,1239,80,145,0,145,135,0,10,60,60,0,60,210,10,4872.960000000001,19125.0,-14252.039999999999,5
1640,1239,95,160,0,160,140,0,20,55,55,0,55,230,45,27822.690000000002,21675.0,6147.690000000002,5
1641,1239,145,125,0,125,120,0,5,50,50,0,50,260,45,28228.410000000003,22950.0,5278.4100000000035,5
1642,1239,90,140,0,140,140,0,0,60,60,0,60,225,25,12643.560000000001,19550.0,-6906.439999999998,5
1643,1239,80,150,0,150,135,0,15,50,50,0,50,210,25,15036.12,19550.0,-4513.879999999999,5
1644,1239,85,140,0,140,120,0,20,65,65,0,65,200,65,40695.93000000001,19125.0,21570.930000000008,5
1645,1239,125,155,0,155,145,0,10,45,45,0,45,265,25,13719.060000000001,23800.0,-10080.939999999999,5
1646,1239,120,115,0,115,110,0,5,70,70,0,70,225,50,29567.160000000003,19975.0,9592.160000000003,5
1647,1239,110,135,0,135,120,0,15,35,35,0,35,225,20,13389.930000000002,20825.0,-7435.069999999998,5
1648,1239,90,150,0,150,120,0,30,45,45,0,45,205,60,45262.4175,20400.0,24862.417500000003,5
1649,1239,95,155,0,155,125,15,15,60,60,0,55,215,40,21862.620000000003,21250.0,612.6200000000017,5
1650,1239,125,150,0,150,145,0,5,25,25,0,25,265,10,5267.880000000001,23375.0,-18107.12,5
1651,1239,105,145,0,145,135,0,10,25,25,0,25,235,20,14245.740000000002,21250.0,-7004.259999999999,5
1652,1239,175,125,0,125,105,0,20,35,35,0,35,275,5,2634.1200000000003,25500.0,-22865.879999999997,5
1653,1239,60,170,0,170,150,0,20,30,30,0,30,205,15,7814.160000000002,19550.0,-11735.839999999998,5
1654,1239,75,160,0,160,145,0,15,50,50,0,50,215,20,11260.62,19975.0,-8714.38,5
1655,1239,95,150,0,150,150,0,0,35,35,0,35,240,30,18811.62,20825.0,-2013.3799999999997,5
1656,1239,85,145,0,145,125,5,15,65,65,0,65,205,55,34089.57,19550.0,14539.57,5
1657,1239,100,140,0,140,135,0,5,30,30,0,25,230,35,21664.800000000003,20400.0,1264.8000000000047,5
1658,1239,85,165,0,165,165,0,0,10,10,0,10,245,20,13313.070000000003,21250.0,-7936.929999999998,5
1659,1239,65,180,0,180,155,25,0,45,45,0,45,215,30,14574.960000000001,20825.0,-6250.039999999999,5
1660,1239,115,125,0,125,125,0,0,65,65,0,65,235,50,32810.715,20400.0,12410.715,5
1661,1239,135,105,0,105,90,0,15,75,75,0,70,220,55,30598.74,20400.0,10198.740000000002,5
1662,1239,120,145,0,145,130,0,15,35,35,0,35,245,15,7243.560000000001,22525.0,-15281.439999999999,5
1663,1239,115,135,0,135,125,0,10,55,55,0,55,235,75,50727.75750000001,21250.0,29477.757500000007,5
1664,1239,130,155,0,155,140,0,15,35,35,0,35,265,40,24782.31,24225.0,557.3100000000022,5
1665,1239,120,140,0,140,140,0,0,40,40,0,40,255,25,11984.760000000002,22100.0,-10115.239999999998,5
1666,1239,80,160,0,160,125,10,25,60,60,0,60,200,35,17472.600000000002,20400.0,-2927.399999999998,5
1667,1239,55,160,0,160,155,0,5,45,45,0,45,205,45,30083.625,18275.0,11808.625000000002,5
1668,1239,90,155,0,155,140,0,15,40,40,0,40,225,35,19141.02,20825.0,-1683.979999999999,5
1669,1239,95,150,0,150,150,0,0,35,35,0,35,240,20,10009.440000000002,20825.0,-10815.559999999998,5
1670,1239,90,140,0,140,130,0,10,45,45,0,45,215,45,31531.590000000004,19550.0,11981.590000000006,5
1671,1239,115,130,0,130,110,0,20,55,55,0,55,220,35,18943.38,20825.0,-1881.619999999998,5
1672,1239,55,170,0,170,165,0,5,40,40,0,35,215,35,20369.700000000004,19125.0,1244.7000000000048,5
1673,1239,110,145,0,145,115,0,30,55,55,0,55,220,30,16001.820000000003,21675.0,-5673.179999999998,5
1674,1239,85,150,0,150,130,0,20,70,70,0,70,210,50,27504.0,19975.0,7529.000000000001,5
1675,1239,115,120,0,120,110,0,10,60,60,0,60,220,40,25012.530000000002,19975.0,5037.530000000002,5
1676,1239,105,145,0,145,145,0,0,75,75,0,75,245,25,13806.900000000003,21250.0,-7443.099999999997,5
1677,1239,100,130,0,130,130,0,0,60,60,0,60,225,90,61779.96,19550.0,42229.96,5
1678,1239,95,160,0,160,155,0,5,20,20,0,20,245,20,10009.44,21675.0,-11665.560000000001,5
1679,1239,80,145,0,145,100,20,25,70,70,0,65,175,35,19645.02,19125.0,520.0200000000018,5
1680,1239,95,140,0,140,110,5,25,75,75,0,75,200,60,33430.77000000001,19975.0,13455.770000000011,5
1681,1239,80,175,0,175,150,0,25,45,45,0,45,225,40,23662.890000000003,21675.0,1987.8900000000021,5
1682,1239,160,130,0,130,130,0,0,50,50,0,50,285,35,20589.840000000004,24650.0,-4060.159999999996,5
1683,1239,140,125,0,125,125,0,0,50,50,0,50,260,40,24299.190000000002,22525.0,1774.1900000000032,5
1684,1239,130,135,0,135,125,0,10,45,45,0,45,250,35,23778.315000000002,22525.0,1253.3150000000023,5
1685,1239,120,140,0,140,130,10,0,50,50,0,50,245,35,22301.910000000007,22100.0,201.91000000000713,5
1686,1239,145,105,0,105,105,0,0,80,80,0,75,245,60,31937.76000000001,21250.0,10687.760000000007,5
1687,1239,115,150,0,150,150,0,0,25,25,0,25,260,25,19003.5,22525.0,-3521.4999999999986,5
1688,1239,115,140,0,140,140,0,0,45,45,0,45,250,30,15365.52,21675.0,-6309.479999999999,5
1689,1239,105,150,0,150,130,0,20,40,40,0,40,230,15,8077.680000000001,21675.0,-13597.32,5
1690,1239,80,135,0,135,125,0,10,55,55,0,50,200,55,33847.65,18275.0,15572.650000000003,5
1691,1239,125,125,0,125,90,10,25,70,70,0,70,210,75,47578.320000000014,21250.0,26328.320000000014,5
1692,1239,150,130,0,130,125,0,5,25,25,0,25,270,30,21226.005,23800.0,-2573.995,5
1693,1239,105,130,0,130,120,5,5,70,70,0,65,220,55,32574.87000000001,19975.0,12599.87000000001,5
1694,1239,80,140,0,140,110,30,0,60,60,0,60,185,75,50938.897500000014,18700.0,32238.897500000014,5
1695,1239,165,135,0,135,120,0,15,30,30,0,30,280,20,12951.000000000002,25500.0,-12548.999999999998,5
1696,1239,150,125,0,125,125,0,0,40,40,0,40,270,35,20753.91,23375.0,-2621.0899999999992,5
1697,1239,120,150,0,150,125,0,25,45,45,0,45,240,25,13302.0,22950.0,-9648.0,5
1698,1239,110,150,0,150,140,0,10,40,40,0,40,245,65,49147.75125000001,22100.0,27047.75125000001,5
1699,1239,170,120,0,120,110,0,10,40,40,0,40,275,40,23498.19,24650.0,-1151.8100000000004,5
1700,1239,140,135,0,135,75,35,25,65,65,0,65,210,35,20984.580000000005,23375.0,-2390.4199999999946,5
1701,1239,105,140,0,140,140,0,0,45,45,0,40,240,50,36720.64125,20825.0,15895.641250000004,5
1702,1239,100,135,0,135,130,5,0,45,45,0,45,225,35,19535.940000000006,19975.0,-439.05999999999494,5
1703,1239,90,160,0,160,150,0,10,45,45,0,45,235,20,10053.36,21250.0,-11196.639999999998,5
1704,1239,60,165,0,165,150,0,15,50,50,0,50,205,40,23597.010000000006,19125.0,4472.010000000005,5
1705,1239,115,145,0,145,125,0,20,45,45,0,45,235,45,27679.949999999997,22100.0,5579.949999999999,5
1706,1239,80,140,0,140,130,0,10,45,45,0,45,205,45,29084.220000000005,18700.0,10384.220000000005,5
1707,1239,115,125,0,125,125,0,0,55,55,0,55,235,45,24781.680000000008,20400.0,4381.680000000006,5
1708,1239,110,130,0,130,110,0,20,55,55,0,55,215,65,48033.68625000001,20400.0,27633.68625000001,5
1709,1239,60,155,0,155,125,0,30,55,55,0,55,180,20,9921.6,18275.0,-8353.4,5
1710,1239,110,125,0,125,115,10,0,35,35,0,30,220,40,27196.605000000003,19975.0,7221.605000000004,5
1711,1239,90,130,0,130,105,25,0,65,65,0,65,190,60,38759.265,18700.0,20059.265,5
1712,1239,140,145,0,145,130,0,15,35,35,0,35,265,35,20458.08,24225.0,-3766.92,5
1713,1239,110,145,0,145,140,0,5,35,35,0,35,245,55,33255.0,21675.0,11580.0,5
1714,1239,80,150,0,150,135,5,10,55,55,0,50,210,45,25792.199999999997,19550.0,6242.199999999998,5
1715,1239,150,135,0,135,135,0,0,35,35,0,35,280,25,12599.640000000001,24225.0,-11625.359999999999,5
1716,1239,155,130,0,130,125,0,5,45,45,0,45,275,30,16792.380000000005,24225.0,-7432.619999999997,5
1717,1239,105,130,0,130,125,0,5,55,55,0,50,225,30,15716.160000000003,19975.0,-4258.839999999996,5
1718,1239,75,150,0,150,150,0,0,50,50,0,50,220,35,21698.010000000002,19125.0,2573.010000000004,5
1719,1239,65,165,0,165,150,0,15,35,35,0,35,210,30,18679.770000000004,19550.0,-870.2299999999968,5
1720,1239,95,145,0,145,135,0,10,45,45,0,45,225,25,14003.820000000003,20400.0,-6396.179999999997,5
1721,1239,110,125,0,125,85,10,30,65,65,0,60,190,70,48181.950000000004,19975.0,28206.950000000004,5
1722,1239,145,125,0,125,120,0,5,45,45,0,45,260,30,20194.2,22950.0,-2755.7999999999993,5
1723,1239,105,145,0,145,135,0,10,55,55,0,55,235,20,13565.61,21250.0,-7684.3899999999985,5
1724,1239,50,175,0,175,145,15,15,45,45,0,45,190,10,5268.240000000001,19125.0,-13856.759999999998,5
1725,1239,135,135,0,135,105,10,20,45,45,0,45,235,35,20842.11,22950.0,-2107.8899999999976,5
1726,1239,50,165,0,165,150,10,5,50,50,0,45,195,15,7551.0,18275.0,-10724.0,5
1727,1239,180,120,0,120,115,0,5,25,25,0,25,290,30,19503.0,25500.0,-5997.0,5
1728,1239,120,150,0,150,135,0,15,35,35,0,30,250,25,15705.630000000001,22950.0,-7244.369999999999,5
1729,1239,140,120,0,120,115,0,5,45,45,0,45,250,40,27020.925000000007,22100.0,4920.925000000007,5
1730,1239,135,135,0,135,125,0,10,40,40,0,40,255,35,19733.4,22950.0,-3216.5999999999985,5
1731,1239,95,185,0,185,135,5,45,35,35,0,35,225,15,7243.560000000001,23800.0,-16556.44,5
1732,1239,80,155,0,155,140,0,15,50,50,0,50,215,50,37712.435625000006,19975.0,17737.435625000002,5
1733,1239,95,135,0,135,135,0,0,50,50,0,50,225,70,46776.509999999995,19550.0,27226.51,5
1734,1239,120,130,0,130,120,0,10,45,45,0,45,235,40,24167.160000000003,21250.0,2917.1600000000035,5
1735,1239,65,160,0,160,135,10,15,40,40,0,40,195,65,45588.70125000001,19125.0,26463.701250000013,5
1736,1239,100,140,0,140,130,0,10,40,40,0,40,225,30,17253.0,20400.0,-3146.999999999998,5
1737,1239,75,150,0,150,150,0,0,40,40,0,40,220,35,17516.520000000004,19125.0,-1608.4799999999973,5
1738,1239,95,145,0,145,125,0,20,40,40,0,40,215,35,21193.11,20400.0,793.1100000000015,5
1739,1239,110,145,0,145,135,0,10,45,45,0,40,240,30,19843.11,21675.0,-1831.8899999999985,5
1740,1239,120,135,0,135,115,0,20,50,50,0,45,230,70,47106.1125,21675.0,25431.1125,5
1741,1239,110,160,0,160,130,0,30,35,35,0,35,235,10,5092.560000000001,22950.0,-17857.44,5
1742,1239,105,140,0,140,135,0,5,40,40,0,40,235,40,26856.090000000004,20825.0,6031.090000000004,5
1743,1239,70,155,0,155,125,15,15,40,40,0,40,190,50,37192.387500000004,19125.0,18067.387500000004,5
1744,1239,135,150,0,150,105,0,45,35,35,0,35,235,15,7858.080000000001,24225.0,-16366.92,5
1745,1239,75,155,0,155,150,0,5,35,35,0,35,220,20,11765.34,19550.0,-7784.659999999999,5
1746,1239,105,150,0,150,140,5,5,35,35,0,35,240,20,10975.140000000001,21675.0,-10699.859999999999,5
1747,1239,120,130,0,130,120,0,10,45,45,0,45,235,55,33891.57000000001,21250.0,12641.570000000007,5
1748,1239,105,145,0,145,140,0,5,55,55,0,55,240,35,22257.990000000005,21250.0,1007.9900000000043,5
1749,1239,60,155,0,155,110,20,25,50,50,0,50,165,95,65503.2375,18275.0,47228.2375,5
1750,1239,140,135,0,135,135,0,0,35,35,0,35,270,30,20490.885000000002,23375.0,-2884.114999999997,5
1751,1239,110,155,0,155,140,0,15,40,40,0,40,245,50,29688.210000000003,22525.0,7163.210000000004,5
1752,1239,50,175,0,175,150,10,15,45,45,0,45,195,40,23421.33,19125.0,4296.330000000003,5
1753,1239,110,155,0,155,145,0,10,40,40,0,35,250,35,20743.56,22525.0,-1781.4399999999978,5
1754,1239,100,160,0,160,155,0,5,35,35,0,35,250,25,16594.65,22100.0,-5505.3499999999985,5
1755,1239,90,160,0,160,140,5,15,50,50,0,50,225,25,13609.260000000002,21250.0,-7640.739999999998,5
1756,1239,105,120,0,120,110,0,10,70,70,0,65,210,25,14838.300000000001,19125.0,-4286.699999999999,5
1757,1239,140,130,0,130,120,0,10,45,45,0,45,255,30,18570.33,22950.0,-4379.669999999996,5
1758,1239,90,160,0,160,135,0,25,40,40,0,40,220,45,26955.540000000005,21250.0,5705.540000000005,5
1759,1239,135,130,0,130,115,0,15,30,30,0,30,245,30,18175.320000000003,22525.0,-4349.679999999997,5
1760,1239,60,165,0,165,145,5,15,55,55,0,55,200,45,25506.720000000005,19125.0,6381.720000000005,5
1761,1239,120,135,0,135,135,0,0,55,55,0,55,250,40,23706.81,21675.0,2031.8100000000004,5
1762,1239,115,130,0,130,130,0,0,50,50,0,50,240,75,53232.94125000001,20825.0,32407.94125000001,5
1763,1239,120,120,0,120,120,0,0,50,50,0,45,235,45,30749.827500000007,20400.0,10349.827500000007,5
1764,1239,65,140,0,140,135,0,5,50,50,0,50,195,35,20084.760000000002,17425.0,2659.760000000001,5
1765,1239,110,135,0,135,130,0,5,50,50,0,50,235,50,29830.949999999997,20825.0,9005.949999999997,5
1766,1239,95,150,0,150,140,0,10,30,30,0,30,230,30,21176.775,20825.0,351.77500000000236,5
1767,1239,95,160,0,160,150,0,10,20,20,0,20,240,35,22608.72,21675.0,933.720000000003,5
1768,1239,75,140,0,140,110,25,5,45,45,0,45,180,85,65933.78625000002,18275.0,47658.78625000002,5
1769,1239,90,145,0,145,130,0,15,45,45,0,45,215,40,22323.600000000002,19975.0,2348.6000000000013,5
1770,1239,75,160,0,160,150,0,10,50,50,0,50,220,20,10272.960000000001,19975.0,-9702.039999999999,5
1771,1239,110,140,0,140,135,0,5,45,45,0,45,240,35,19053.18,21250.0,-2196.819999999998,5
1772,1239,115,140,0,140,130,0,10,55,55,0,50,240,30,16309.259999999998,21675.0,-5365.740000000001,5
1773,1239,120,115,0,115,95,0,20,55,55,0,55,210,50,30126.645000000008,19975.0,10151.645000000008,5
1774,1239,55,160,0,160,150,0,10,50,50,0,50,200,50,31806.450000000004,18275.0,13531.450000000004,5
1775,1239,85,165,0,165,135,5,25,50,50,0,50,215,50,29501.82,21250.0,8251.819999999998,5
1776,1239,105,155,0,155,140,0,15,40,40,0,40,240,20,10360.800000000001,22100.0,-11739.199999999999,5
1777,1239,115,155,0,155,135,0,20,35,35,0,35,245,40,24255.54,22950.0,1305.5400000000009,5
1778,1239,90,155,0,155,135,0,20,60,60,0,60,220,25,12687.48,20825.0,-8137.5199999999995,5
1779,1239,120,145,0,145,125,0,20,35,35,0,35,240,40,24540.480000000003,22525.0,2015.4800000000023,5
1780,1239,140,135,0,135,135,0,0,30,30,0,30,270,25,14179.860000000004,23375.0,-9195.139999999996,5
1781,1239,90,180,0,180,145,10,25,25,25,0,25,230,25,15804.45,22950.0,-7145.549999999998,5
1782,1239,105,130,0,130,115,0,15,55,55,0,55,215,60,35230.590000000004,19975.0,15255.590000000002,5
1783,1239,50,180,0,180,150,10,20,35,35,0,35,195,10,6102.18,19550.0,-13447.82,5
1784,1239,80,165,0,165,150,0,15,45,45,0,40,225,25,13631.220000000001,20825.0,-7193.779999999999,5
1785,1239,80,150,0,150,150,0,0,40,40,0,40,225,45,26164.980000000003,19550.0,6614.980000000005,5
1786,1239,110,135,0,135,130,0,5,45,45,0,45,235,30,18394.920000000006,20825.0,-2430.079999999996,5
1787,1239,95,145,0,145,145,0,0,50,50,0,50,235,15,7594.920000000002,20400.0,-12805.079999999998,5
1788,1239,135,135,0,135,125,0,10,55,55,0,55,255,80,52656.72749999999,22950.0,29706.727499999997,5
1789,1239,145,145,0,145,145,0,0,35,35,0,35,285,20,10009.440000000002,24650.0,-14640.559999999998,5
1790,1239,55,160,0,160,140,0,20,35,35,0,35,190,30,17845.56,18275.0,-429.4399999999973,5
1791,1239,110,120,0,120,110,0,10,65,65,0,65,215,45,29270.88,19550.0,9720.880000000001,5
1792,1239,105,145,0,145,135,0,10,40,40,0,40,235,35,21105.27,21250.0,-144.72999999999956,5
1793,1239,125,130,0,130,120,5,5,60,60,0,60,240,60,38051.46,21675.0,16376.459999999997,5
1794,1239,95,145,0,145,140,0,5,45,45,0,40,230,50,31060.170000000002,20400.0,10660.170000000002,5
1795,1239,70,165,0,165,155,0,10,25,25,0,25,220,35,24408.765000000003,19975.0,4433.765000000003,5
1796,1239,85,155,0,155,150,0,5,35,35,0,35,230,40,26131.95,20400.0,5731.950000000002,5
1797,1239,125,140,0,140,135,0,5,45,45,0,45,255,35,18657.9,22525.0,-3867.099999999998,5
1798,1239,120,140,0,140,125,0,15,45,45,0,45,240,50,35293.78125,22100.0,13193.781250000002,5
1799,1239,130,105,0,105,105,0,0,75,75,0,75,230,30,17340.840000000004,19975.0,-2634.159999999997,5
1800,1239,105,135,0,135,125,0,10,50,50,0,50,225,40,25242.93,20400.0,4842.930000000001,5
1801,1239,135,140,0,140,135,0,5,40,40,0,35,265,45,29973.825,23375.0,6598.825000000002,5
1802,1239,85,180,0,180,150,0,30,35,35,0,35,230,20,10229.04,22525.0,-12295.96,5
1803,1239,85,140,0,140,130,10,0,60,60,0,60,210,20,9789.840000000002,19125.0,-9335.159999999998,5
1804,1239,130,120,0,120,105,10,5,65,65,0,65,230,40,21884.220000000005,21250.0,634.2200000000048,5
1805,1239,115,150,0,150,135,0,15,50,50,0,50,245,25,12907.080000000002,22525.0,-9617.919999999998,5
1806,1239,145,150,0,150,125,0,25,60,60,0,60,265,65,42107.08500000001,25075.0,17032.085000000006,5
1807,1239,90,160,0,160,115,25,20,65,65,0,65,200,40,22104.179999999997,21250.0,854.1799999999967,5
1808,1239,55,155,0,155,140,0,15,45,45,0,40,190,40,23113.89,17850.0,5263.890000000001,5
1809,1239,95,135,0,135,120,0,15,55,55,0,50,210,45,26867.43,19550.0,7317.429999999999,5
1810,1239,130,125,0,125,115,0,10,60,60,0,60,240,75,48038.53500000001,21675.0,26363.53500000001,5
1811,1239,60,170,0,170,145,15,10,40,40,0,40,200,15,7770.600000000002,19550.0,-11779.399999999998,5
1812,1239,65,160,0,160,145,0,15,55,55,0,50,205,35,22790.115000000005,19125.0,3665.1150000000052,5
1813,1239,100,135,0,135,125,10,0,65,65,0,65,220,55,31960.260000000002,19975.0,11985.260000000002,5
1814,1239,105,150,0,150,140,0,10,40,40,0,40,240,35,26902.800000000007,21675.0,5227.800000000007,5
1815,1239,125,145,0,145,115,0,30,35,35,0,35,235,25,13565.340000000004,22950.0,-9384.659999999996,5
1816,1239,90,145,0,145,140,0,5,50,50,0,50,225,35,19075.14,19975.0,-899.8599999999988,5
1817,1239,165,115,0,115,95,0,20,65,65,0,65,255,40,25221.51,23800.0,1421.5099999999984,5
1818,1239,100,140,0,140,135,0,5,55,55,0,55,230,40,23750.280000000006,20400.0,3350.280000000007,5
1819,1239,125,125,0,125,115,0,10,55,55,0,55,235,55,34863.255000000005,21250.0,13613.255000000005,5
1820,1239,60,170,0,170,155,10,5,35,35,0,35,210,15,7902.0,19550.0,-11648.0,5
1821,1239,90,130,0,130,105,25,0,60,60,0,60,190,75,53945.3475,18700.0,35245.3475,5
1822,1239,105,135,0,135,130,0,5,45,45,0,40,230,50,27525.96,20400.0,7125.96,5
1823,1239,90,150,0,150,150,0,0,40,40,0,40,235,60,43915.33125000002,20400.0,23515.331250000017,5
1824,1239,105,145,0,145,105,15,25,65,65,0,65,205,50,29205.090000000004,21250.0,7955.090000000005,5
1825,1239,110,145,0,145,120,0,25,55,55,0,55,225,50,31488.52500000001,21675.0,9813.525000000009,5
1826,1239,125,125,0,125,125,0,0,55,55,0,55,245,50,30292.11,21250.0,9042.110000000002,5
1827,1239,105,150,0,150,130,0,20,50,50,0,50,230,60,39577.0725,21675.0,17902.072500000002,5
1828,1239,55,165,0,165,165,0,0,35,35,0,35,215,30,18987.210000000003,18700.0,287.2100000000023,5
1829,1239,105,145,0,145,140,0,5,70,70,0,65,240,40,21401.820000000003,21250.0,151.82000000000244,5
1830,1239,120,145,0,145,125,0,20,40,40,0,40,240,0,0.0,22525.0,-22525.0,5
1831,1239,95,150,0,150,150,0,0,45,45,0,45,240,40,23091.840000000004,20825.0,2266.840000000002,5
1832,1239,80,140,0,140,120,15,5,55,55,0,55,195,130,98717.51671874999,18700.0,80017.51671874999,5
1833,1239,115,130,0,130,125,0,5,65,65,0,60,235,50,30160.08,20825.0,9335.080000000002,5
1834,1239,140,130,0,130,125,0,5,45,45,0,45,260,50,29435.940000000002,22950.0,6485.9400000000005,5
1835,1239,80,140,0,140,120,0,20,35,35,0,35,195,85,69892.7480859375,18700.0,51192.7480859375,5
1836,1239,120,125,0,125,125,0,0,45,45,0,45,240,45,27811.08,20825.0,6986.080000000002,5
1837,1239,75,165,0,165,140,0,25,45,45,0,45,210,25,14267.520000000002,20400.0,-6132.479999999998,5
1838,1239,115,140,0,140,130,5,5,40,40,0,40,240,0,0.0,21675.0,-21675.0,5
1839,1239,125,115,0,115,85,0,30,70,70,0,70,205,70,41618.25000000001,20400.0,21218.250000000007,5
1840,1239,45,175,0,175,165,0,10,35,35,0,35,205,30,20809.305000000004,18700.0,2109.305000000004,5
1841,1239,110,150,0,150,145,0,5,40,40,0,40,250,20,9658.080000000002,22100.0,-12441.92,5
1842,1239,50,175,0,175,160,0,15,45,45,0,45,205,40,20106.72,19125.0,981.7200000000003,5
1843,1239,125,125,0,125,95,0,30,65,65,0,60,215,55,34758.810000000005,21250.0,13508.810000000003,5
1844,1239,25,190,0,190,185,0,5,20,20,0,20,205,15,8780.220000000001,18275.0,-9494.779999999999,5
1845,1239,85,155,0,155,130,0,25,40,40,0,35,210,40,23157.720000000005,20400.0,2757.720000000004,5
1846,1239,45,175,0,175,135,20,20,40,40,0,35,175,25,13872.78,18700.0,-4827.219999999999,5
1847,1239,140,130,0,130,100,0,30,55,55,0,50,235,30,16243.380000000001,22950.0,-6706.619999999998,5
1848,1239,85,135,0,135,115,0,20,55,55,0,55,195,55,37988.257500000014,18700.0,19288.257500000014,5
1849,1239,130,125,0,125,110,0,15,65,65,0,65,235,40,21752.82,21675.0,77.82000000000153,5
1850,1239,105,140,0,140,130,0,10,65,65,0,65,230,35,19031.22,20825.0,-1793.7799999999993,5
1851,1239,95,145,0,145,130,0,15,55,55,0,55,220,10,5224.32,20400.0,-15175.68,5
1852,1239,80,165,0,165,155,0,10,45,45,0,45,230,15,7375.320000000001,20825.0,-13449.679999999998,5
1853,1239,45,180,0,180,155,5,20,40,40,0,40,195,35,18965.340000000004,19125.0,-159.65999999999667,5
1854,1239,125,155,0,155,150,0,5,20,20,0,15,270,20,11919.06,23800.0,-11880.94,5
1855,1239,65,150,0,150,145,0,5,50,50,0,50,205,100,70115.87250000001,18275.0,51840.87250000001,5
1856,1239,95,155,0,155,135,0,20,40,40,0,40,225,45,28140.480000000007,21250.0,6890.480000000007,5
1857,1239,125,135,0,135,135,0,0,40,40,0,40,255,40,27405.585,22100.0,5305.585000000001,5
1858,1239,90,150,0,150,130,5,15,55,55,0,55,215,40,21928.140000000003,20400.0,1528.140000000003,5
1859,1239,90,135,0,135,110,5,20,60,60,0,55,195,55,35318.52,19125.0,16193.519999999999,5
1860,1239,125,120,0,120,120,0,0,50,50,0,50,240,55,34594.29000000001,20825.0,13769.290000000005,5
1861,1239,110,150,0,150,150,0,0,45,45,0,45,255,40,29090.002500000006,22100.0,6990.002500000005,5
1862,1239,95,175,0,175,150,0,25,30,30,0,30,240,35,21314.25,22950.0,-1635.7499999999982,5
1863,1239,110,115,0,115,115,0,0,35,35,0,35,220,30,19688.940000000002,19125.0,563.9400000000023,5
1864,1239,45,195,0,195,140,10,45,25,25,0,25,180,20,10228.680000000002,20400.0,-10171.319999999998,5
1865,1239,75,165,0,165,120,10,35,60,60,0,60,190,65,41179.274999999994,20400.0,20779.274999999998,5
1866,1239,65,145,0,145,130,5,10,60,60,0,60,190,75,46733.04000000001,17850.0,28883.040000000008,5
1867,1239,105,160,0,160,155,0,5,35,35,0,35,255,20,13675.410000000002,22525.0,-8849.589999999998,5
1868,1239,125,125,0,125,120,0,5,50,50,0,50,240,60,39725.235,21250.0,18475.235,5
1869,1239,80,135,0,135,120,15,0,45,45,0,45,195,100,74502.82125000001,18275.0,56227.82125000001,5
1870,1239,100,140,0,140,140,0,0,50,50,0,50,235,40,23047.920000000006,20400.0,2647.9200000000037,5
1871,1239,95,135,0,135,130,0,5,60,60,0,60,220,40,27108.630000000005,19550.0,7558.630000000003,5
1872,1239,110,145,0,145,140,0,5,30,30,0,30,245,25,15233.76,21675.0,-6441.24,5
1873,1239,150,130,0,130,130,0,0,40,40,0,35,275,25,14882.400000000001,23800.0,-8917.599999999999,5
1874,1239,75,165,0,165,130,5,30,40,40,0,40,200,35,21401.820000000003,20400.0,1001.8200000000024,5
1875,1239,185,105,0,105,105,0,0,40,40,0,40,285,60,39319.042499999996,24650.0,14669.042499999996,5
1876,1239,95,140,0,140,110,25,5,75,75,0,75,200,35,17340.84,19975.0,-2634.1599999999994,5
1877,1239,120,130,0,130,130,0,0,45,45,0,45,245,35,23031.675,21250.0,1781.6750000000002,5
1878,1239,85,140,0,140,115,10,15,60,60,0,55,195,45,26055.000000000004,19125.0,6930.000000000005,5
1879,1239,135,145,0,145,145,0,0,40,40,0,40,275,20,9833.76,23800.0,-13966.239999999998,5
1880,1239,70,170,0,170,170,0,0,25,25,0,25,235,30,17780.04,20400.0,-2619.9599999999987,5
1881,1239,105,165,0,165,140,0,25,35,35,0,35,240,35,24277.364999999998,22950.0,1327.3649999999998,5
1882,1239,65,170,0,170,135,5,30,50,50,0,50,195,50,31301.460000000006,19975.0,11326.460000000006,5
1883,1239,55,175,0,175,160,0,15,35,35,0,35,210,25,12819.24,19550.0,-6730.76,5
1884,1239,130,120,0,120,120,0,0,65,65,0,65,245,25,12774.960000000003,21250.0,-8475.039999999997,5
1885,1239,70,180,0,180,165,0,15,45,45,0,45,230,25,13894.74,21250.0,-7355.26,5
1886,1239,55,160,0,160,150,0,10,45,45,0,45,200,25,12599.640000000001,18275.0,-5675.359999999999,5
1887,1239,85,140,0,140,100,40,0,60,60,0,60,180,60,35910.630000000005,19125.0,16785.63,5
1888,1239,85,150,0,150,135,0,15,40,40,0,40,215,25,17230.770000000004,19975.0,-2744.2299999999955,5
1889,1239,50,175,0,175,165,0,10,30,30,0,30,210,40,26905.995000000003,19125.0,7780.995000000003,5
1890,1239,145,125,0,125,95,0,30,45,45,0,40,235,55,38473.762500000004,22950.0,15523.762500000003,5
1891,1239,130,120,0,120,110,0,10,45,45,0,40,235,45,26856.450000000004,21250.0,5606.450000000004,5
1892,1239,75,155,0,155,100,35,20,50,50,0,50,170,60,35471.7,19550.0,15921.7,5
1893,1239,125,150,0,150,145,0,5,25,25,0,25,265,5,2590.2000000000003,23375.0,-20784.8,5
1894,1239,20,200,0,200,195,0,5,10,10,0,10,210,15,8472.78,18700.0,-10227.22,5
1895,1239,100,145,0,145,140,0,5,50,50,0,50,235,30,16331.220000000003,20825.0,-4493.779999999997,5
1896,1239,130,145,0,145,125,0,20,50,50,0,50,250,75,51688.406249999985,23375.0,28313.40624999999,5
1897,1239,120,145,0,145,120,0,25,40,40,0,40,235,20,9921.6,22525.0,-12603.4,5
1898,1239,75,160,0,160,150,0,10,35,35,0,35,220,25,13674.600000000002,19975.0,-6300.399999999998,5
1899,1239,130,135,0,135,135,0,0,45,45,0,40,260,15,7770.6,22525.0,-14754.400000000001,5
1900,1239,125,125,0,125,110,0,15,50,50,0,50,230,50,31169.520000000004,21250.0,9919.520000000002,5
1901,1239,105,135,0,135,120,0,15,65,65,0,65,220,30,15321.24,20400.0,-5078.76,5
1902,1239,55,170,0,170,155,10,5,45,45,0,45,205,15,7463.160000000002,19125.0,-11661.839999999997,5
1903,1239,165,115,0,115,115,0,0,50,50,0,50,275,50,29348.1,23800.0,5548.099999999999,5
1904,1239,75,160,0,160,135,10,15,60,60,0,60,205,45,27679.950000000004,19975.0,7704.9500000000035,5
1905,1239,120,130,0,130,130,0,0,55,55,0,55,245,10,4960.4400000000005,21250.0,-16289.56,5
1906,1239,125,140,0,140,125,5,10,65,65,0,65,245,55,35702.325,22525.0,13177.325,5
1907,1239,75,160,0,160,135,0,25,50,50,0,50,205,20,10316.880000000001,19975.0,-9658.119999999999,5
1908,1239,75,165,0,165,155,0,10,30,30,0,30,225,30,17099.280000000002,20400.0,-3300.719999999999,5
1909,1239,130,135,0,135,130,0,5,60,60,0,60,255,60,35121.42000000001,22525.0,12596.420000000013,5
1910,1239,115,130,0,130,130,0,0,35,35,0,35,240,35,20282.04,20825.0,-542.9599999999982,5
1911,1239,105,140,0,140,135,5,0,60,60,0,60,235,45,26395.29,20825.0,5570.29,5
1912,1239,105,150,0,150,125,0,25,45,45,0,45,225,40,28390.207499999997,21675.0,6715.207499999997,5
1913,1239,80,145,0,145,140,5,0,40,40,0,40,215,40,26802.089999999997,19125.0,7677.089999999998,5
1914,1239,95,150,0,150,150,0,0,30,30,0,30,240,0,0.0,20825.0,-20825.0,5
1915,1239,105,130,0,130,120,0,10,40,40,0,40,220,40,27953.572500000006,19975.0,7978.572500000005,5
1916,1239,140,115,0,115,110,0,5,55,55,0,55,245,30,15233.760000000002,21675.0,-6441.239999999998,5
1917,1239,75,130,0,130,130,0,0,40,40,0,40,200,85,72201.337734375,17425.0,54776.337734375,5
1918,1239,110,140,0,140,140,0,0,40,40,0,40,245,30,18175.32,21250.0,-3074.6799999999985,5
1919,1239,110,150,0,150,140,0,10,40,40,0,40,245,35,20545.560000000005,22100.0,-1554.439999999995,5
1920,1239,110,120,0,120,115,0,5,60,60,0,60,220,75,48143.115000000005,19550.0,28593.115000000005,5
1921,1239,155,130,0,130,125,0,5,45,45,0,45,275,20,10887.48,24225.0,-13337.52,5
1922,1239,85,155,0,155,140,0,15,35,35,0,30,220,50,36190.856250000004,20400.0,15790.856250000006,5
1923,1239,145,140,0,140,130,0,10,35,35,0,35,270,45,30621.51,24225.0,6396.509999999998,5
1924,1239,90,150,0,150,145,0,5,50,50,0,50,230,60,38193.57000000001,20400.0,17793.570000000007,5
1925,1239,90,140,0,140,140,0,0,65,65,0,65,225,45,23640.660000000007,19550.0,4090.660000000007,5
1926,1239,75,145,0,145,125,0,20,50,50,0,45,195,65,44935.6275,18700.0,26235.627500000002,5
1927,1239,105,155,0,155,145,0,10,35,35,0,35,245,35,20062.800000000003,22100.0,-2037.199999999998,5
1928,1239,85,145,0,145,145,0,0,45,45,0,45,225,30,16440.480000000003,19550.0,-3109.5199999999977,5
1929,1239,60,170,0,170,160,0,10,40,40,0,40,215,25,12775.320000000002,19550.0,-6774.6799999999985,5
1930,1239,125,130,0,130,130,0,0,30,30,0,30,250,30,17944.11,21675.0,-3730.8899999999994,5
1931,1239,75,150,0,150,135,0,15,50,50,0,50,205,45,31005.112500000003,19125.0,11880.112500000005,5
1932,1239,85,155,0,155,150,0,5,60,60,0,60,230,65,41354.68500000001,20400.0,20954.68500000001,5
1933,1239,110,130,0,130,115,5,10,65,65,0,65,220,65,37118.34000000001,20400.0,16718.340000000007,5
1934,1239,95,145,0,145,120,0,25,50,50,0,50,210,55,32003.640000000007,20400.0,11603.640000000005,5
1935,1239,110,155,0,155,155,0,0,35,35,0,30,260,35,19075.14,22525.0,-3449.8599999999988,5
1936,1239,135,135,0,135,125,0,10,45,45,0,45,255,40,22806.720000000005,22950.0,-143.2799999999952,5
1937,1239,115,135,0,135,130,0,5,65,65,0,65,240,55,34758.94500000001,21250.0,13508.945000000003,5
1938,1239,70,170,0,170,120,10,40,55,55,0,55,185,25,12511.44,20400.0,-7888.5599999999995,5
1939,1239,115,135,0,135,135,0,0,50,50,0,50,245,55,35724.780000000006,21250.0,14474.780000000006,5
1940,1239,85,175,0,175,125,25,25,70,70,0,70,205,30,15233.760000000002,22100.0,-6866.239999999998,5
1941,1239,95,140,0,140,140,0,0,40,40,0,40,230,55,45753.25921875001,19975.0,25778.25921875001,5
1942,1239,95,145,0,145,135,0,10,65,65,0,65,225,35,17955.360000000004,20400.0,-2444.639999999997,5
1943,1239,85,120,0,120,115,0,5,55,55,0,55,195,45,28480.50000000001,17425.0,11055.500000000011,5
1944,1239,80,140,0,140,135,0,5,50,50,0,50,210,60,38040.48,18700.0,19340.480000000003,5
1945,1239,80,155,0,155,150,0,5,40,40,0,40,225,65,43961.09625000002,19975.0,23986.096250000017,5
1946,1239,80,130,0,130,120,0,10,40,40,0,40,195,50,33241.027500000004,17850.0,15391.027500000004,5
1947,1239,65,165,0,165,110,15,40,50,50,0,50,170,15,7551.0,19550.0,-11999.0,5
1948,1239,105,150,0,150,140,5,5,55,55,0,55,240,40,23048.280000000006,21675.0,1373.2800000000043,5
1949,1239,110,135,0,135,135,0,0,40,40,0,40,240,20,9482.400000000001,20825.0,-11342.599999999999,5
1950,1239,90,155,0,155,130,0,25,55,55,0,55,215,55,33342.93000000001,20825.0,12517.930000000006,5
1951,1239,80,165,0,165,120,5,40,40,40,0,40,195,60,39796.60500000001,20825.0,18971.605000000014,5
1952,1239,90,150,0,150,140,0,10,50,50,0,50,225,35,21654.27,20400.0,1254.2700000000013,5
1953,1239,80,140,0,140,110,5,25,60,60,0,60,185,45,28573.875000000004,18700.0,9873.875000000004,5
1954,1239,85,170,0,170,155,0,15,40,40,0,35,235,35,18723.780000000002,21675.0,-2951.2199999999984,5
1955,1239,65,160,0,160,115,35,10,55,55,0,50,175,35,21851.730000000003,19125.0,2726.7300000000023,5
1956,1239,85,155,0,155,145,0,10,65,65,0,65,225,35,18263.16,20400.0,-2136.8399999999997,5
1957,1239,110,140,0,140,125,0,15,45,45,0,45,230,60,40946.01750000001,21250.0,19696.01750000001,5
1958,1239,80,165,0,165,135,0,30,50,50,0,50,210,50,25813.620000000006,20825.0,4988.620000000005,5
1959,1239,95,135,0,135,135,0,0,65,65,0,65,225,60,35044.29,19550.0,15494.29,5
1960,1239,90,155,0,155,155,0,0,45,45,0,45,240,30,19980.315000000002,20825.0,-844.6849999999995,5
1961,1239,105,140,0,140,140,0,0,40,40,0,40,240,45,29655.540000000008,20825.0,8830.54000000001,5
1962,1239,60,170,0,170,130,15,25,55,55,0,55,185,25,12862.800000000003,19550.0,-6687.199999999998,5
1963,1239,105,125,0,125,115,0,10,55,55,0,55,215,40,23025.96,19550.0,3475.96,5
1964,1239,105,140,0,140,135,0,5,55,55,0,50,235,55,42447.02625000001,20825.0,21622.02625000001,5
1965,1239,110,150,0,150,130,0,20,40,40,0,40,235,15,9877.680000000002,22100.0,-12222.32,5
1966,1239,75,170,0,170,160,0,10,55,55,0,55,230,35,20907.989999999998,20825.0,82.98999999999978,5
1967,1239,70,145,0,145,140,5,0,65,65,0,65,205,40,20150.64,18275.0,1875.6400000000008,5
1968,1239,140,110,0,110,110,0,0,30,30,0,30,245,60,47979.090000000004,21250.0,26729.090000000004,5
1969,1239,120,125,0,125,120,0,5,50,50,0,50,235,60,37063.530000000006,20825.0,16238.530000000006,5
1970,1239,120,150,0,150,125,0,25,30,30,0,30,240,25,14882.400000000001,22950.0,-8067.599999999998,5
1971,1239,70,155,0,155,135,0,20,35,35,0,35,200,65,47607.95249999999,19125.0,28482.952499999992,5
1972,1239,115,135,0,135,125,0,10,60,60,0,55,235,55,40328.86500000001,21250.0,19078.86500000001,5
1973,1239,90,155,0,155,140,0,15,45,45,0,45,225,20,11392.380000000001,20825.0,-9432.619999999999,5
1974,1239,75,155,0,155,120,30,5,65,65,0,65,190,55,36575.325000000004,19550.0,17025.325000000004,5
1975,1239,80,180,0,180,165,0,15,30,30,0,30,240,15,8846.100000000002,22100.0,-13253.899999999998,5
1976,1239,60,165,0,165,130,5,30,50,50,0,50,185,55,37936.305,19125.0,18811.304999999997,5
1977,1239,75,165,0,165,140,0,25,35,35,0,35,210,50,39333.1725,20400.0,18933.1725,5
1978,1239,100,145,0,145,120,0,25,55,55,0,55,215,25,13653.180000000002,20825.0,-7171.819999999998,5
1979,1239,100,155,0,155,130,0,25,50,50,0,50,225,25,14355.900000000001,21675.0,-7319.0999999999985,5
1980,1239,115,125,0,125,120,0,5,55,55,0,55,230,40,19887.120000000003,20400.0,-512.8799999999978,5
1981,1239,130,125,0,125,110,0,15,30,30,0,30,235,25,14092.020000000002,21675.0,-7582.979999999998,5
1982,1239,105,155,0,155,135,0,20,55,55,0,55,235,35,20458.08,22100.0,-1641.92,5
1983,1239,130,115,0,115,115,0,0,50,50,0,50,240,25,14509.080000000002,20825.0,-6315.919999999998,5
1984,1239,105,135,0,135,130,0,5,60,60,0,60,230,60,36339.39,20400.0,15939.39,5
1985,1239,105,125,0,125,105,0,20,75,75,0,75,205,55,31652.82000000001,19550.0,12102.82000000001,5
1986,1239,80,150,0,150,130,20,0,60,60,0,55,205,50,34317.067500000005,19550.0,14767.067500000003,5
1987,1239,80,155,0,155,145,0,10,45,45,0,45,220,55,43165.97156250001,19975.0,23190.97156250001,5
1988,1239,40,165,0,165,150,0,15,40,40,0,35,185,35,20391.660000000003,17425.0,2966.6600000000017,5
1989,1239,95,145,0,145,105,20,20,70,70,0,70,195,35,20282.04,20400.0,-117.96000000000049,5
1990,1239,115,140,0,140,125,0,15,50,50,0,50,235,70,45059.08500000001,21675.0,23384.085000000006,5
1991,1239,105,135,0,135,130,0,5,55,55,0,55,230,50,33902.64000000001,20400.0,13502.640000000007,5
1992,1239,90,135,0,135,115,5,15,75,75,0,75,200,45,27948.555,19125.0,8823.555,5
1993,1239,140,135,0,135,115,0,20,50,50,0,50,250,30,15672.600000000002,23375.0,-7702.399999999998,5
1994,1239,165,100,0,100,100,0,0,65,65,0,65,260,75,49674.06000000001,22525.0,27149.06000000001,5
1995,1239,70,165,0,165,155,0,10,40,40,0,40,220,15,7419.240000000002,19975.0,-12555.759999999998,5
1996,1239,65,165,0,165,145,0,20,50,50,0,50,205,40,21050.100000000002,19550.0,1500.1000000000022,5
1997,1239,60,155,0,155,150,0,5,45,45,0,45,205,45,27306.630000000005,18275.0,9031.630000000005,5
1998,1239,145,140,0,140,130,0,10,55,55,0,55,270,25,13455.54,24225.0,-10769.46,5
1999,1239,75,155,0,155,155,0,0,25,25,0,25,225,40,29359.215000000004,19550.0,9809.215000000004,5
2000,1239,45,170,0,170,140,0,30,40,40,0,35,180,60,42781.27500000001,18275.0,24506.275000000005,5
2001,1239,195,105,0,105,95,0,10,40,40,0,40,285,50,35719.065,25500.0,10219.065000000006,5
2002,1239,95,130,0,130,130,0,0,55,55,0,55,220,35,21160.53,19125.0,2035.5299999999988,5
2003,1239,65,145,0,145,140,0,5,30,30,0,30,200,70,50168.25000000001,17850.0,32318.250000000007,5
2004,1239,95,150,0,150,115,0,35,40,40,0,40,205,50,35472.20625,20825.0,14647.206250000003,5
2005,1239,135,135,0,135,125,0,10,50,50,0,50,255,25,13697.1,22950.0,-9252.9,5
2006,1239,110,145,0,145,130,0,15,50,50,0,50,235,45,25792.200000000004,21675.0,4117.200000000003,5
2007,1239,90,155,0,155,135,0,20,45,45,0,45,220,70,43868.02500000001,20825.0,23043.02500000001,5
2008,1239,60,165,0,165,160,0,5,35,35,0,35,215,45,28118.880000000005,19125.0,8993.880000000005,5
2009,1239,55,165,0,165,160,0,5,45,45,0,45,210,50,30763.62000000001,18700.0,12063.62000000001,5
2010,1239,85,145,0,145,130,0,15,55,55,0,50,210,55,34925.9175,19550.0,15375.9175,5
2011,1239,110,125,0,125,125,0,0,65,65,0,65,230,65,40004.81999999999,19975.0,20029.819999999996,5
2012,1239,100,145,0,145,140,0,5,45,45,0,45,235,50,32904.04500000001,20825.0,12079.04500000001,5
2013,1239,120,140,0,140,130,0,10,40,40,0,35,245,40,24584.580000000005,22100.0,2484.5800000000054,5
2014,1239,95,145,0,145,120,5,20,40,40,0,40,210,30,15365.16,20400.0,-5034.839999999999,5
2015,1239,80,160,0,160,145,0,15,50,50,0,50,220,15,7902.360000000001,20400.0,-12497.64,5
2016,1239,50,165,0,165,155,0,10,40,40,0,40,200,35,18570.06,18275.0,295.06000000000085,5
2017,1239,80,150,0,150,150,0,0,50,50,0,45,225,60,43530.9075,19550.0,23980.9075,5
2018,1239,105,150,0,150,150,0,0,45,45,0,45,250,20,10229.04,21675.0,-11445.96,5
2019,1239,130,135,0,135,130,0,5,55,55,0,50,255,100,67964.9625,22525.0,45439.9625,5
2020,1239,95,150,0,150,145,0,5,45,45,0,40,235,35,20282.13,20825.0,-542.8699999999981,5
2021,1239,95,135,0,135,130,0,5,50,50,0,50,220,40,22696.92,19550.0,3146.92,5
2022,1239,85,150,0,150,140,0,10,45,45,0,45,220,55,32036.849999999995,19975.0,12061.849999999995,5
2023,1239,90,155,0,155,145,0,10,40,40,0,40,230,35,19272.420000000006,20825.0,-1552.5799999999958,5
2024,1239,85,175,0,175,130,10,35,40,40,0,40,210,20,10492.560000000001,22100.0,-11607.439999999999,5
2025,1239,200,110,0,110,105,0,5,50,50,0,50,300,40,25276.41,26350.0,-1073.5899999999992,5
2026,1239,70,170,0,170,170,0,0,45,45,0,45,235,25,12819.240000000002,20400.0,-7580.759999999998,5
2027,1239,85,155,0,155,125,0,30,45,45,0,45,205,25,15563.16,20400.0,-4836.84,5
2028,1239,95,145,0,145,115,0,30,50,50,0,50,205,55,33178.41000000001,20400.0,12778.410000000007,5
2029,1239,75,150,0,150,100,25,25,60,60,0,60,170,55,36303.1875,19125.0,17178.187500000004,5
2030,1239,115,120,0,120,120,0,0,65,65,0,65,230,35,19294.380000000005,19975.0,-680.6199999999967,5
2031,1239,75,150,0,150,140,0,10,60,60,0,60,210,40,24738.39,19125.0,5613.389999999999,5
2032,1239,110,130,0,130,120,10,0,70,70,0,70,225,70,41322.15000000001,20400.0,20922.15000000001,5
2033,1239,65,160,0,160,155,0,5,35,35,0,35,215,25,14157.900000000001,19125.0,-4967.0999999999985,5
2034,1239,80,155,0,155,150,0,5,35,35,0,35,225,20,11809.260000000002,19975.0,-8165.739999999998,5
2035,1239,70,170,0,170,150,0,20,35,35,0,35,215,30,15014.16,20400.0,-5385.84,5
2036,1239,65,155,0,155,135,20,0,55,55,0,50,195,55,37859.44500000001,18700.0,19159.445000000007,5
2037,1239,90,145,0,145,130,10,5,50,50,0,50,215,60,34495.28999999999,19975.0,14520.289999999995,5
2038,1239,60,190,0,190,135,15,40,40,40,0,40,190,20,11326.5,21250.0,-9923.5,5
2039,1239,75,170,0,170,150,0,20,35,35,0,35,220,45,31178.4075,20825.0,10353.407500000003,5
2040,1239,95,145,0,145,145,0,0,55,55,0,55,235,45,25484.760000000006,20400.0,5084.760000000006,5
2041,1239,60,165,0,165,130,10,25,35,35,0,35,185,50,34884.94500000001,19125.0,15759.945000000007,5
2042,1239,95,145,0,145,125,0,20,40,40,0,40,215,40,24716.07,20400.0,4316.07,5
2043,1239,75,165,0,165,135,5,25,40,40,0,40,205,40,25769.97,20400.0,5369.970000000003,5
2044,1239,75,155,0,155,155,0,0,50,50,0,50,225,25,15716.610000000002,19550.0,-3833.389999999997,5
2045,1239,95,125,0,125,115,0,10,50,50,0,50,205,55,33386.490000000005,18700.0,14686.490000000003,5
2046,1239,50,170,0,170,165,0,5,35,35,0,35,210,25,12906.720000000001,18700.0,-5793.28,5
2047,1239,135,135,0,135,115,0,20,45,45,0,45,245,70,45388.125,22950.0,22438.125,5
2048,1239,95,160,0,160,150,0,10,35,35,0,35,240,15,7902.360000000001,21675.0,-13772.64,5
2049,1239,80,135,0,135,120,15,0,60,60,0,60,195,60,40667.16375000001,18275.0,22392.163750000007,5
2050,1239,95,145,0,145,140,0,5,60,60,0,55,230,25,11940.84,20400.0,-8459.16,5
2051,1239,95,140,0,140,130,0,10,60,60,0,60,220,55,35817.70500000001,19975.0,15842.705000000009,5
2052,1239,100,140,0,140,130,0,10,40,40,0,40,225,90,72691.19015625,20400.0,52291.19015625,5
2053,1239,105,135,0,135,110,0,25,60,60,0,60,210,65,42079.095000000016,20400.0,21679.095000000016,5
2054,1239,135,135,0,135,125,0,10,45,45,0,45,255,15,9131.580000000002,22950.0,-13818.419999999998,5
2055,1239,110,155,0,155,145,0,10,40,40,0,40,250,40,28508.6025,22525.0,5983.602500000002,5
2056,1239,120,135,0,135,110,10,15,55,55,0,55,225,55,37523.880000000005,21675.0,15848.880000000005,5
2057,1239,110,160,0,160,115,15,30,45,45,0,45,220,40,22894.56,22950.0,-55.43999999999869,5
2058,1239,70,150,0,150,125,10,15,65,65,0,65,190,50,32618.56500000001,18700.0,13918.565000000008,5
2059,1239,55,165,0,165,165,0,0,30,30,0,30,215,10,5487.4800000000005,18700.0,-13212.52,5
2060,1239,95,140,0,140,130,0,10,60,60,0,55,220,65,41014.485,19975.0,21039.485000000004,5
2061,1239,80,155,0,155,140,5,10,55,55,0,55,215,35,20414.16,19975.0,439.1599999999994,5
2062,1239,140,145,0,145,130,0,15,45,45,0,45,265,40,24606.900000000005,24225.0,381.9000000000051,5
2063,1239,125,135,0,135,130,0,5,40,40,0,40,250,50,37489.24125000001,22100.0,15389.241250000005,5
2064,1239,115,155,0,155,130,0,25,45,45,0,45,240,30,16506.9,22950.0,-6443.099999999997,5
2065,1239,70,160,0,160,125,15,20,60,60,0,60,190,30,16089.660000000002,19550.0,-3460.339999999999,5
2066,1239,105,155,0,155,140,0,15,55,55,0,55,240,40,24925.050000000003,22100.0,2825.050000000001,5
2067,1239,80,160,0,160,115,35,10,60,60,0,60,190,45,25945.38,20400.0,5545.38,5
2068,1239,135,125,0,125,120,0,5,60,60,0,60,250,15,7375.320000000001,22100.0,-14724.679999999998,5
2069,1239,125,140,0,140,130,0,10,40,40,0,40,250,25,15672.690000000002,22525.0,-6852.309999999998,5
2070,1239,100,130,0,130,125,0,5,45,45,0,45,220,45,28755.090000000004,19550.0,9205.090000000004,5
2071,1239,50,175,0,175,155,0,20,40,40,0,40,200,60,39072.105,19125.0,19947.105000000003,5
2072,1239,85,165,0,165,140,0,25,45,45,0,45,220,20,11590.020000000002,21250.0,-9659.979999999998,5
2073,1239,105,160,0,160,135,0,25,60,60,0,60,235,20,11568.060000000001,22525.0,-10956.939999999999,5
2074,1239,140,135,0,135,115,0,20,40,40,0,40,250,30,16287.300000000003,23375.0,-7087.699999999997,5
2075,1239,110,155,0,155,155,0,0,35,35,0,35,260,25,14487.3,22525.0,-8037.7,5
2076,1239,110,130,0,130,120,0,10,40,40,0,40,225,30,18306.180000000004,20400.0,-2093.819999999996,5
2077,1239,115,155,0,155,125,0,30,30,30,0,30,235,30,18778.59,22950.0,-4171.410000000001,5
2078,1239,115,145,0,145,125,0,20,45,45,0,40,235,30,20392.065000000002,22100.0,-1707.9349999999977,5
2079,1239,80,170,0,170,165,0,5,45,45,0,40,240,30,15233.76,21250.0,-6016.24,5
2080,1239,125,130,0,130,100,15,15,70,70,0,70,220,70,50080.47749999999,21675.0,28405.477499999997,5
2081,1239,115,150,0,150,150,0,0,55,55,0,55,260,45,25067.520000000004,22525.0,2542.520000000004,5
2082,1239,115,140,0,140,120,0,20,40,40,0,40,230,20,10492.200000000003,21675.0,-11182.799999999997,5
2083,1239,65,170,0,170,165,0,5,35,35,0,35,225,25,18131.04,19975.0,-1843.9599999999973,5
2084,1239,110,140,0,140,140,0,0,55,55,0,55,245,40,22696.92,21250.0,1446.92,5
2085,1239,110,140,0,140,140,0,0,40,40,0,40,245,15,7858.080000000001,21250.0,-13391.92,5
2086,1239,75,150,0,150,125,5,20,50,50,0,50,195,50,27635.760000000006,19125.0,8510.760000000006,5
2087,1239,70,150,0,150,110,10,30,70,70,0,65,175,50,27920.880000000005,18700.0,9220.880000000006,5
2088,1239,80,170,0,170,160,0,10,35,35,0,35,235,20,11875.140000000001,21250.0,-9374.859999999999,5
2089,1239,120,125,0,125,95,10,20,70,70,0,65,210,55,37035.92250000001,20825.0,16210.922500000006,5
2090,1239,115,125,0,125,125,0,0,40,40,0,40,235,40,27901.957499999997,20400.0,7501.957499999999,5
2091,1239,115,145,0,145,140,0,5,40,40,0,40,250,25,13806.900000000001,22100.0,-8293.099999999999,5
2092,1239,85,145,0,145,145,0,0,40,40,0,40,225,40,26729.955,19550.0,7179.955,5
2093,1239,120,145,0,145,100,10,35,60,60,0,60,215,55,34912.305,22525.0,12387.305,5
2094,1239,110,145,0,145,135,0,10,45,45,0,45,240,40,24474.870000000003,21675.0,2799.870000000001,5
2095,1239,95,145,0,145,120,15,10,55,55,0,55,210,25,14158.26,20400.0,-6241.74,5
2096,1239,80,175,0,175,115,15,45,55,55,0,55,190,30,17823.6,21675.0,-3851.400000000001,5
2097,1239,85,150,0,150,130,0,20,50,50,0,50,210,30,14750.640000000001,19975.0,-5224.359999999999,5
2098,1239,90,135,0,135,130,0,5,65,65,0,65,215,70,43297.47,19125.0,24172.47,5
2099,1239,115,135,0,135,130,0,5,45,45,0,45,240,45,27559.170000000006,21250.0,6309.170000000004,5
2100,1239,130,145,0,145,140,0,5,20,20,0,20,265,15,9043.74,23375.0,-14331.26,5
2101,1239,130,105,0,105,100,0,5,60,60,0,60,225,100,71336.816015625,19975.0,51361.816015625,5
2102,1239,110,150,0,150,135,0,15,40,40,0,40,240,25,14772.600000000002,22100.0,-7327.399999999998,5
2103,1239,90,135,0,135,115,0,20,60,60,0,60,200,50,31762.170000000006,19125.0,12637.170000000006,5
2104,1239,125,105,0,105,105,0,0,80,80,0,80,225,65,36876.69,19550.0,17326.690000000002,5
2105,1239,90,140,0,140,110,15,15,60,60,0,60,195,55,34352.55000000001,19550.0,14802.55000000001,5
2106,1239,85,170,0,170,135,0,35,50,50,0,50,215,40,23926.140000000007,21675.0,2251.140000000005,5
2107,1239,80,155,0,155,155,0,0,55,55,0,55,230,70,49385.05875,19975.0,29410.058749999997,5
2108,1239,65,170,0,170,130,35,5,60,60,0,60,190,50,32585.760000000006,19975.0,12610.760000000006,5
2109,1239,85,145,0,145,105,20,20,65,65,0,65,185,20,10272.960000000001,19550.0,-9277.039999999999,5
2110,1239,85,160,0,160,135,0,25,50,50,0,50,215,55,39233.981250000004,20825.0,18408.981250000004,5
2111,1239,100,135,0,135,130,0,5,45,45,0,45,225,30,17252.640000000003,19975.0,-2722.3599999999965,5
2112,1239,95,140,0,140,135,0,5,45,45,0,45,225,15,7989.84,19975.0,-11985.16,5
2113,1239,95,150,0,150,130,0,20,35,35,0,30,220,50,32903.73,20825.0,12078.730000000005,5
2114,1239,125,145,0,145,145,0,0,55,55,0,55,265,10,5180.400000000001,22950.0,-17769.6,5
2115,1239,85,150,0,150,120,0,30,45,45,0,45,200,65,45237.57750000001,19975.0,25262.577500000007,5
2116,1239,135,140,0,140,135,0,5,25,25,0,20,265,5,2634.1200000000003,23375.0,-20740.879999999997,5
2117,1239,170,105,0,105,105,0,0,40,40,0,40,270,65,49691.73375,23375.0,26316.733750000003,5
2118,1239,65,170,0,170,145,0,25,55,55,0,50,205,75,53740.86750000001,19975.0,33765.86750000001,5
2119,1239,120,140,0,140,110,25,5,50,50,0,50,225,45,27119.61,22100.0,5019.610000000002,5
2120,1239,85,175,0,175,145,0,30,25,25,0,25,225,5,2370.6000000000004,22100.0,-19729.4,5
2121,1239,55,165,0,165,145,0,20,50,50,0,50,195,35,23020.695,18700.0,4320.695000000001,5
2122,1239,135,120,0,120,115,0,5,55,55,0,55,245,85,63082.78031250002,21675.0,41407.78031250002,5
2123,1239,90,150,0,150,150,0,0,35,35,0,35,235,20,11436.300000000001,20400.0,-8963.699999999999,5
2124,1239,100,160,0,160,150,0,10,40,40,0,40,245,35,20853.36,22100.0,-1246.6399999999976,5
2125,1239,130,140,0,140,130,0,10,35,35,0,35,255,15,7814.520000000001,22950.0,-15135.479999999998,5
2126,1239,115,125,0,125,115,0,10,60,60,0,60,225,40,21138.3,20400.0,738.2999999999993,5
2127,1239,110,160,0,160,145,0,15,45,45,0,40,250,20,11611.980000000001,22950.0,-11338.019999999999,5
2128,1239,115,145,0,145,115,5,25,60,60,0,60,225,55,31938.300000000003,22100.0,9838.300000000003,5
2129,1239,115,150,0,150,145,0,5,30,30,0,30,255,25,13675.140000000001,22525.0,-8849.859999999999,5
2130,1239,140,130,0,130,130,0,0,35,35,0,30,265,15,7507.080000000001,22950.0,-15442.919999999998,5
2131,1239,185,115,0,115,105,0,10,35,35,0,30,285,20,9833.760000000002,25500.0,-15666.239999999998,5
2132,1239,130,150,0,150,130,0,20,35,35,0,35,255,10,6453.540000000001,23800.0,-17346.46,5
2133,1239,70,155,0,155,150,5,0,35,35,0,35,215,35,24738.525000000005,19125.0,5613.525000000004,5
2134,1239,55,190,0,190,155,0,35,35,35,0,35,205,15,7331.4000000000015,20825.0,-13493.599999999999,5
2135,1239,115,155,0,155,155,0,0,15,15,0,15,265,45,35402.911875,22950.0,12452.911874999994,5
2136,1239,100,170,0,170,110,15,45,40,40,0,40,205,40,26823.780000000002,22950.0,3873.7800000000016,5
2137,1239,95,150,0,150,110,10,30,60,60,0,60,200,50,31784.310000000005,20825.0,10959.310000000005,5
2138,1239,110,135,0,135,125,0,10,50,50,0,45,230,55,33408.810000000005,20825.0,12583.810000000003,5
2139,1239,70,155,0,155,150,0,5,50,50,0,50,215,50,29600.370000000003,19125.0,10475.370000000003,5
2140,1239,90,145,0,145,95,30,20,60,60,0,60,180,55,34725.51,19975.0,14750.510000000004,5
2141,1239,80,135,0,135,130,0,5,50,50,0,50,205,35,20106.72,18275.0,1831.7200000000025,5
2142,1239,135,130,0,130,125,0,5,45,45,0,45,255,30,18043.29,22525.0,-4481.709999999998,5
2143,1239,110,145,0,145,120,0,25,60,60,0,55,225,40,21159.9,21675.0,-515.0999999999976,5
2144,1239,95,140,0,140,130,0,10,50,50,0,45,220,55,35384.31000000001,19975.0,15409.310000000009,5
2145,1239,85,130,0,130,105,10,15,50,50,0,50,185,110,83513.67679687502,18275.0,65238.67679687502,5
2146,1239,130,125,0,125,110,0,15,50,50,0,45,235,70,52987.75875,21675.0,31312.75875,5
2147,1239,115,130,0,130,110,0,20,55,55,0,55,220,55,33649.83000000001,20825.0,12824.830000000005,5
2148,1239,150,125,0,125,120,0,5,35,35,0,30,265,10,5004.720000000001,23375.0,-18370.28,5
2149,1239,60,160,0,160,155,0,5,45,45,0,45,210,40,22696.92,18700.0,3996.92,5
2150,1239,90,160,0,160,155,0,5,45,45,0,45,240,50,31257.809999999998,21250.0,10007.81,5
2151,1239,130,135,0,135,125,0,10,55,55,0,55,250,40,23903.910000000003,22525.0,1378.9100000000053,5
2152,1239,145,135,0,135,120,0,15,35,35,0,35,260,25,13806.900000000001,23800.0,-9993.099999999999,5
2153,1239,100,155,0,155,155,0,0,20,20,0,20,250,15,7287.4800000000005,21675.0,-14387.52,5
2154,1239,120,160,0,160,150,0,10,30,30,0,30,265,15,8890.02,23800.0,-14909.98,5
2155,1239,155,125,0,125,120,0,5,60,60,0,55,270,30,15892.020000000002,23800.0,-7907.979999999998,5
2156,1239,155,110,0,110,85,0,25,60,60,0,60,235,40,20764.800000000003,22525.0,-1760.1999999999953,5
2157,1239,80,145,0,145,135,0,10,55,55,0,55,210,40,22916.52,19125.0,3791.5200000000004,5
2158,1239,110,150,0,150,140,0,10,30,30,0,30,245,20,10140.840000000002,22100.0,-11959.159999999996,5
2159,1239,90,135,0,135,130,0,5,65,65,0,65,215,50,32004.18000000001,19125.0,12879.180000000011,5
2160,1239,125,145,0,145,120,0,25,65,65,0,65,240,55,31312.710000000006,22950.0,8362.710000000006,5
2161,1239,105,145,0,145,140,0,5,40,40,0,40,240,40,23662.620000000003,21250.0,2412.6200000000017,5
2162,1239,60,145,0,145,125,0,20,50,50,0,50,180,70,50522.0625,17425.0,33097.0625,5
2163,1239,70,165,0,165,160,0,5,30,30,0,30,225,25,14048.46,19975.0,-5926.54,5
2164,1239,150,125,0,125,125,0,0,45,45,0,45,270,25,14026.5,23375.0,-9348.5,5
2165,1239,115,150,0,150,120,5,25,55,55,0,55,230,30,18328.5,22525.0,-4196.499999999998,5
2166,1239,135,115,0,115,115,0,0,50,50,0,50,245,45,25506.18,21250.0,4256.179999999999,5
2167,1239,120,120,0,120,110,0,10,60,60,0,60,225,30,16792.020000000004,20400.0,-3607.9799999999977,5
2168,1239,105,125,0,125,115,10,0,70,70,0,70,215,90,63074.94750000001,19550.0,43524.94750000001,5
2169,1239,130,135,0,135,135,0,0,35,35,0,35,260,40,24452.910000000003,22525.0,1927.9100000000017,5
2170,1239,75,155,0,155,135,0,20,45,45,0,45,205,30,16067.700000000003,19550.0,-3482.299999999998,5
2171,1239,75,150,0,150,140,0,10,65,65,0,65,210,20,11546.100000000002,19125.0,-7578.899999999999,5
2172,1239,100,140,0,140,135,0,5,60,60,0,60,230,50,32514.614999999998,20400.0,12114.614999999998,5
2173,1239,155,115,0,115,110,0,5,50,50,0,50,260,50,32947.785,22950.0,9997.785000000003,5
2174,1239,55,180,0,180,130,15,35,30,30,0,30,180,60,49596.575625000005,19975.0,29621.575625000005,5
2175,1239,70,170,0,170,120,10,40,45,45,0,45,185,50,32223.240000000005,20400.0,11823.240000000005,5
2176,1239,125,125,0,125,120,0,5,50,50,0,45,240,35,20776.230000000003,21250.0,-473.769999999995,5
2177,1239,125,120,0,120,110,0,10,60,60,0,60,230,85,59719.61250000001,20825.0,38894.61250000001,5
2178,1239,80,160,0,160,135,15,10,45,45,0,45,210,50,30423.870000000003,20400.0,10023.870000000003,5
2179,1239,85,150,0,150,150,0,0,40,40,0,40,230,35,20523.690000000002,19975.0,548.6900000000014,5
2180,1239,90,160,0,160,145,0,15,50,50,0,50,230,30,16594.74,21250.0,-4655.259999999998,5
2181,1239,110,135,0,135,130,0,5,60,60,0,60,235,25,12511.800000000003,20825.0,-8313.199999999997,5
2182,1239,80,150,0,150,105,5,40,50,50,0,45,180,50,34072.245,19550.0,14522.245000000003,5
2183,1239,125,150,0,150,135,0,15,40,40,0,40,255,35,20907.989999999998,23375.0,-2467.01,5
2184,1239,45,170,0,170,170,0,0,30,30,0,30,210,25,15936.210000000003,18275.0,-2338.789999999997,5
2185,1239,115,155,0,155,145,0,10,40,40,0,40,255,20,11348.46,22950.0,-11601.54,5
2186,1239,85,160,0,160,120,0,40,40,40,0,40,200,70,45624.28500000001,20825.0,24799.28500000001,5
2187,1239,85,160,0,160,125,10,25,55,55,0,55,205,35,26647.852500000005,20825.0,5822.852500000004,5
2188,1239,135,110,0,110,85,0,25,60,60,0,60,215,45,25967.250000000004,20825.0,5142.250000000004,5
2189,1239,145,125,0,125,110,0,15,60,60,0,60,250,35,24749.640000000003,22950.0,1799.640000000004,5
2190,1239,130,130,0,130,125,0,5,45,45,0,40,250,30,19854.090000000004,22100.0,-2245.9099999999967,5
2191,1239,75,165,0,165,165,0,0,50,50,0,50,235,20,10141.2,20400.0,-10258.8,5
2192,1239,55,170,0,170,160,0,10,35,35,0,30,210,25,15321.6,19125.0,-3803.399999999999,5
2193,1239,125,130,0,130,105,5,20,50,50,0,50,225,50,35313.165,21675.0,13638.164999999999,5
2194,1239,100,150,0,150,130,0,20,50,50,0,50,225,45,25978.590000000004,21250.0,4728.590000000004,5
2195,1239,75,155,0,155,140,0,15,45,45,0,40,210,30,16287.300000000003,19550.0,-3262.6999999999975,5
2196,1239,135,135,0,135,135,0,0,40,40,0,40,265,60,38567.52000000001,22950.0,15617.520000000008,5
2197,1239,105,155,0,155,125,5,25,35,35,0,35,225,35,22872.510000000002,22100.0,772.510000000002,5
2198,1239,85,145,0,145,135,0,10,50,50,0,50,215,80,60041.787187500006,19550.0,40491.787187500006,5
2199,1239,90,155,0,155,150,0,5,35,35,0,35,235,55,44039.7140625,20825.0,23214.714062500007,5
2200,1239,50,185,0,185,160,25,0,30,30,0,30,205,20,13785.210000000003,19975.0,-6189.789999999998,5
2201,1239,80,160,0,160,140,5,15,55,55,0,55,215,20,10009.440000000002,20400.0,-10390.559999999998,5
2202,1239,95,155,0,155,155,0,0,35,35,0,30,245,15,7287.4800000000005,21250.0,-13962.52,5
2203,1239,125,115,0,115,110,0,5,60,60,0,60,230,60,37711.350000000006,20400.0,17311.350000000002,5
2204,1239,70,170,0,170,135,0,35,50,50,0,45,200,35,21127.590000000004,20400.0,727.5900000000047,5
2205,1239,75,160,0,160,130,5,25,35,35,0,35,200,45,27811.170000000002,19975.0,7836.170000000002,5
2206,1239,140,135,0,135,105,0,30,55,55,0,55,240,40,22740.839999999997,23375.0,-634.1600000000017,5
2207,1239,95,165,0,165,150,0,15,25,25,0,25,240,35,23201.910000000003,22100.0,1101.9100000000026,5
2208,1239,85,160,0,160,150,0,10,45,45,0,40,230,20,11809.619999999999,20825.0,-9015.380000000001,5
2209,1239,105,150,0,150,150,0,0,30,30,0,30,250,20,11392.380000000001,21675.0,-10282.619999999999,5
2210,1239,110,155,0,155,120,0,35,40,40,0,40,225,35,20523.960000000003,22525.0,-2001.0399999999981,5
2211,1239,110,145,0,145,145,0,0,50,50,0,50,250,35,19492.020000000004,21675.0,-2182.9799999999977,5
2212,1239,120,145,0,145,145,0,0,45,45,0,45,260,15,7375.3200000000015,22525.0,-15149.679999999998,5
2213,1239,85,165,0,165,150,0,15,35,35,0,30,230,15,7375.3200000000015,21250.0,-13874.679999999998,5
2214,1239,110,145,0,145,135,0,10,40,40,0,35,240,40,24145.650000000005,21675.0,2470.650000000005,5
2215,1239,135,135,0,135,135,0,0,45,45,0,45,265,45,26801.550000000007,22950.0,3851.5500000000065,5
2216,1239,145,130,0,130,130,0,0,60,60,0,55,270,40,27904.7025,23375.0,4529.7024999999985,5
2217,1239,85,170,0,170,160,0,10,45,45,0,40,240,25,12731.400000000001,21675.0,-8943.599999999999,5
2218,1239,85,155,0,155,135,0,20,50,50,0,50,215,20,12358.08,20400.0,-8041.92,5
2219,1239,125,145,0,145,140,0,5,35,35,0,35,260,30,21149.324999999997,22950.0,-1800.675000000001,5
2220,1239,145,135,0,135,130,0,5,30,30,0,30,270,5,2546.28,23800.0,-21253.719999999998,5
2221,1239,95,135,0,135,125,0,10,50,50,0,50,215,65,45547.96500000001,19550.0,25997.96500000001,5
2222,1239,70,175,0,175,130,5,40,30,30,0,25,195,35,21972.510000000006,20825.0,1147.5100000000066,5
2223,1239,70,155,0,155,140,0,15,55,55,0,55,205,45,23772.420000000002,19125.0,4647.420000000002,5
2224,1239,75,160,0,160,120,15,25,55,55,0,55,190,50,30335.67,19975.0,10360.67,5
2225,1239,100,150,0,150,145,0,5,40,40,0,40,240,40,26384.490000000005,21250.0,5134.490000000005,5
2226,1239,120,155,0,155,135,0,20,30,30,0,30,250,20,9921.6,23375.0,-13453.4,5
2227,1239,105,165,0,165,125,10,30,50,50,0,50,225,20,10975.140000000003,22950.0,-11974.859999999997,5
2228,1239,60,155,0,155,150,5,0,35,35,0,35,205,30,17384.760000000002,18275.0,-890.2399999999989,5
2229,1239,75,160,0,160,160,0,0,50,50,0,50,230,35,17165.16,19975.0,-2809.8399999999992,5
2230,1239,85,130,0,130,120,5,5,60,60,0,60,200,105,74390.62500000001,18275.0,56115.625000000015,5
2231,1239,100,155,0,155,125,20,10,70,70,0,70,220,30,16924.14,21675.0,-4750.860000000001,5
2232,1239,115,155,0,155,145,0,10,45,45,0,45,255,15,7682.76,22950.0,-15267.24,5
2233,1239,75,160,0,160,145,0,15,55,55,0,55,215,60,37623.24,19975.0,17648.24,5
2234,1239,95,150,0,150,135,5,10,40,40,0,40,225,30,23618.812500000004,20825.0,2793.8125000000036,5
2235,1239,140,110,0,110,110,0,0,60,60,0,60,245,50,34188.052500000005,21250.0,12938.052500000003,5
2236,1239,105,145,0,145,135,0,10,50,50,0,50,235,50,32558.535000000007,21250.0,11308.535000000007,5
2237,1239,125,135,0,135,135,0,0,45,45,0,45,255,40,24365.070000000007,22100.0,2265.070000000005,5
2238,1239,100,140,0,140,130,0,10,60,60,0,60,225,45,25309.08,20400.0,4909.080000000004,5
2239,1239,85,165,0,165,140,0,25,40,40,0,40,220,35,19426.500000000004,21250.0,-1823.4999999999968,5
2240,1239,55,175,0,175,145,0,30,50,50,0,45,195,30,15277.680000000002,19550.0,-4272.319999999998,5
2241,1239,65,170,0,170,155,0,15,35,35,0,35,215,30,18921.690000000002,19975.0,-1053.309999999999,5
2242,1239,130,150,0,150,145,0,5,25,25,0,25,270,10,6365.700000000002,23800.0,-17434.3,5
2243,1239,75,150,0,150,130,5,15,50,50,0,50,200,25,12555.720000000003,19125.0,-6569.279999999997,5
2244,1239,65,150,0,150,125,0,25,45,45,0,45,185,40,26658.450000000004,18275.0,8383.450000000003,5
2245,1239,145,120,0,120,120,0,0,50,50,0,50,260,55,32223.510000000002,22525.0,9698.510000000002,5
2246,1239,95,155,0,155,130,0,25,55,55,0,55,220,70,47199.645000000004,21250.0,25949.645,5
2247,1239,135,140,0,140,135,0,5,35,35,0,35,265,30,21225.960000000006,23375.0,-2149.0399999999954,5
2248,1239,60,155,0,155,150,5,0,50,50,0,50,205,70,49065.26625,18275.0,30790.266250000004,5
2249,1239,110,145,0,145,135,0,10,30,30,0,25,240,30,19382.58,21675.0,-2292.4199999999973,5
2250,1239,125,145,0,145,115,10,20,60,60,0,55,235,30,17472.33,22950.0,-5477.669999999998,5
2251,1239,50,170,0,170,165,0,5,30,30,0,30,210,20,13543.65,18700.0,-5156.35,5
2252,1239,85,155,0,155,120,10,25,45,45,0,45,200,35,22323.24,20400.0,1923.2400000000007,5
2253,1239,80,160,0,160,155,0,5,40,40,0,40,230,15,7726.680000000001,20400.0,-12673.32,5
2254,1239,120,145,0,145,100,15,30,60,60,0,55,215,70,42320.78999999999,22525.0,19795.789999999997,5
2255,1239,80,150,0,150,145,0,5,40,40,0,40,220,55,33441.75,19550.0,13891.750000000002,5
2256,1239,90,125,0,125,120,0,5,75,75,0,75,205,65,42501.825,18275.0,24226.824999999997,5
2257,1239,95,140,0,140,130,0,10,60,60,0,60,220,40,23201.640000000003,19975.0,3226.640000000002,5
2258,1239,155,150,0,150,120,0,30,20,20,0,20,270,5,2502.36,25925.0,-23422.64,5
2259,1239,100,150,0,150,130,0,20,45,45,0,45,225,40,23256.270000000004,21250.0,2006.270000000004,5
2260,1239,85,135,0,135,120,0,15,60,60,0,60,200,70,46598.467500000006,18700.0,27898.467500000006,5
2261,1239,110,130,0,130,120,0,10,60,60,0,60,225,20,9877.680000000002,20400.0,-10522.32,5
2262,1239,115,125,0,125,125,0,0,55,55,0,55,235,30,16462.980000000003,20400.0,-3937.0199999999977,5
2263,1239,65,160,0,160,150,0,10,50,50,0,50,210,45,25813.620000000003,19125.0,6688.620000000001,5
2264,1239,120,135,0,135,135,0,0,40,40,0,40,250,20,10316.880000000001,21675.0,-11358.119999999999,5
2265,1239,120,135,0,135,115,0,20,70,70,0,70,230,55,32629.409999999996,21675.0,10954.409999999998,5
2266,1239,115,140,0,140,135,0,5,35,35,0,30,245,25,15244.470000000001,21675.0,-6430.529999999999,5
2267,1239,120,140,0,140,125,0,15,50,50,0,45,240,30,15935.940000000006,22100.0,-6164.059999999995,5
2268,1239,90,145,0,145,135,0,10,50,50,0,50,220,35,18811.62,19975.0,-1163.3799999999997,5
2269,1239,100,150,0,150,145,0,5,40,40,0,40,240,10,4872.960000000001,21250.0,-16377.039999999999,5
2270,1239,70,160,0,160,145,5,10,55,55,0,50,210,45,27548.190000000002,19550.0,7998.190000000004,5
2271,1239,110,155,0,155,140,0,15,40,40,0,40,245,20,9965.52,22525.0,-12559.48,5
2272,1239,105,160,0,160,155,0,5,20,20,0,15,255,15,9021.78,22525.0,-13503.220000000001,5
2273,1239,140,115,0,115,115,0,0,65,65,0,65,250,35,19953.0,21675.0,-1721.9999999999982,5
2274,1239,115,135,0,135,135,0,0,40,40,0,40,245,55,36015.6825,21250.0,14765.682500000003,5
2275,1239,110,120,0,120,120,0,0,40,40,0,40,225,60,40813.83000000001,19550.0,21263.83000000001,5
2276,1239,100,140,0,140,125,0,15,50,50,0,50,220,35,17516.52,20400.0,-2883.4799999999996,5
2277,1239,70,160,0,160,145,0,15,50,50,0,45,210,25,12907.080000000002,19550.0,-6642.919999999999,5
2278,1239,125,135,0,135,110,0,25,60,60,0,60,230,45,24101.460000000003,22100.0,2001.4600000000019,5
2279,1239,70,170,0,170,165,0,5,20,20,0,20,230,25,16956.81,20400.0,-3443.1899999999996,5
2280,1239,100,140,0,140,120,5,15,70,70,0,70,215,60,40817.27250000001,20400.0,20417.272500000006,5
2281,1239,75,165,0,165,130,0,35,60,60,0,55,200,80,53877.735,20400.0,33477.735,5
2282,1239,150,140,0,140,120,0,20,40,40,0,40,265,5,2590.2000000000003,24650.0,-22059.8,5
2283,1239,90,150,0,150,150,0,0,50,50,0,50,235,50,34330.86000000001,20400.0,13930.860000000008,5
2284,1239,85,140,0,140,115,0,25,45,45,0,45,195,55,33781.14000000001,19125.0,14656.140000000005,5
2285,1239,70,165,0,165,165,0,0,45,45,0,45,230,30,16528.86,19975.0,-3446.139999999998,5
2286,1239,90,150,0,150,140,10,0,40,40,0,40,225,50,29084.31,20400.0,8684.310000000001,5
2287,1239,125,140,0,140,140,0,0,35,35,0,35,260,50,33030.315,22525.0,10505.315,5
2288,1239,90,155,0,155,155,0,0,35,35,0,35,240,30,15848.100000000002,20825.0,-4976.899999999998,5
2289,1239,155,130,0,130,125,0,5,30,30,0,30,275,20,11546.100000000002,24225.0,-12678.899999999998,5
2290,1239,70,165,0,165,135,10,20,60,60,0,60,200,50,26406.540000000005,19975.0,6431.5400000000045,5
2291,1239,95,150,0,150,135,0,15,40,40,0,40,225,35,19008.9,20825.0,-1816.0999999999967,5
2292,1239,95,150,0,150,130,0,20,60,60,0,55,220,45,24123.780000000002,20825.0,3298.7800000000016,5
2293,1239,65,175,0,175,125,10,40,50,50,0,50,185,50,34613.5275,20400.0,14213.5275,5
2294,1239,70,170,0,170,145,0,25,40,40,0,40,210,20,11480.220000000001,20400.0,-8919.779999999999,5
2295,1239,110,150,0,150,150,0,0,35,35,0,35,255,20,11919.060000000001,22100.0,-10180.939999999999,5
2296,1239,135,140,0,140,130,0,10,35,35,0,35,260,25,12643.56,23375.0,-10731.44,5
2297,1239,60,180,0,180,165,0,15,15,15,0,15,220,5,3029.0400000000004,20400.0,-17370.96,5
2298,1239,145,130,0,130,120,0,10,45,45,0,45,260,25,12774.960000000001,23375.0,-10600.039999999999,5
2299,1239,90,140,0,140,135,0,5,40,40,0,40,220,50,30335.940000000006,19550.0,10785.940000000006,5
2300,1239,105,130,0,130,115,0,15,55,55,0,55,215,60,36382.95,19975.0,16407.949999999997,5
2301,1239,110,125,0,125,120,0,5,75,75,0,75,225,55,36487.28250000001,19975.0,16512.282500000005,5
2302,1239,160,115,0,115,115,0,0,55,55,0,50,270,35,20040.84,23375.0,-3334.1599999999994,5
2303,1239,75,150,0,150,140,0,10,40,40,0,40,210,35,24573.825,19125.0,5448.825000000002,5
2304,1239,95,140,0,140,90,35,15,65,65,0,65,180,75,51358.5675,19975.0,31383.567499999997,5
2305,1239,105,135,0,135,130,0,5,50,50,0,50,230,60,40564.665,20400.0,20164.665,5
2306,1239,115,130,0,130,130,0,0,55,55,0,50,240,25,13938.660000000002,20825.0,-6886.339999999998,5
2307,1239,75,150,0,150,140,0,10,60,60,0,60,210,45,23684.58,19125.0,4559.580000000001,5
2308,1239,70,155,0,155,135,0,20,45,45,0,45,200,35,19491.840000000004,19125.0,366.84000000000196,5
2309,1239,65,145,0,145,105,35,5,55,55,0,50,165,40,23661.900000000005,17850.0,5811.900000000005,5
2310,1239,90,150,0,150,145,0,5,50,50,0,50,230,50,32530.725000000002,20400.0,12130.725000000002,5
2311,1239,75,175,0,175,115,35,25,55,55,0,55,185,30,17538.480000000003,21250.0,-3711.519999999998,5
2312,1239,70,160,0,160,160,0,0,30,30,0,30,225,10,5355.720000000001,19550.0,-14194.279999999999,5
2313,1239,120,140,0,140,105,0,35,55,55,0,55,220,50,31674.239999999998,22100.0,9574.24,5
2314,1239,65,155,0,155,140,0,15,60,60,0,60,200,30,16111.620000000003,18700.0,-2588.3799999999974,5
2315,1239,55,165,0,165,140,5,20,45,45,0,45,190,25,13741.020000000004,18700.0,-4958.979999999997,5
2316,1239,85,140,0,140,120,0,20,65,65,0,65,200,55,30335.4,19125.0,11210.4,5
2317,1239,55,180,0,180,160,0,20,15,15,0,15,210,5,2414.5200000000004,19975.0,-17560.48,5
2318,1239,95,150,0,150,140,5,5,55,55,0,55,230,40,22784.760000000002,20825.0,1959.7600000000011,5
2319,1239,80,165,0,165,145,0,20,45,45,0,45,220,25,18048.915,20825.0,-2776.0850000000005,5
2320,1239,50,180,0,180,140,40,0,45,45,0,45,185,55,35329.905,19550.0,15779.904999999999,5
2321,1239,100,140,0,140,115,25,0,65,65,0,65,210,55,34895.655000000006,20400.0,14495.655000000006,5
2322,1239,140,135,0,135,135,0,0,40,40,0,40,270,50,34080.997500000005,23375.0,10705.997500000003,5
2323,1239,85,165,0,165,155,0,10,20,20,0,20,235,25,16847.010000000002,21250.0,-4402.99,5
2324,1239,95,145,0,145,145,0,0,45,45,0,45,235,20,9833.760000000002,20400.0,-10566.239999999998,5
2325,1239,90,125,0,125,115,0,10,55,55,0,55,200,90,70452.95765625002,18275.0,52177.957656250015,5
2326,1239,120,125,0,125,105,0,20,50,50,0,50,220,45,29501.685,20825.0,8676.685000000001,5
2327,1239,110,135,0,135,130,0,5,60,60,0,55,235,45,28140.300000000007,20825.0,7315.300000000007,5
2328,1239,160,130,0,130,125,0,5,40,40,0,40,280,35,25018.042500000007,24650.0,368.04250000000593,5
2329,1239,110,125,0,125,120,0,5,55,55,0,55,225,75,58562.682187500024,19975.0,38587.682187500024,5
2330,1239,185,95,0,95,95,0,0,70,70,0,70,275,55,32476.049999999996,23800.0,8676.049999999996,5
2331,1239,70,145,0,145,140,0,5,45,45,0,45,205,40,24616.980000000003,18275.0,6341.980000000003,5
2332,1239,120,125,0,125,110,0,15,50,50,0,50,225,35,20326.320000000003,20825.0,-498.6799999999971,5
2333,1239,110,145,0,145,145,0,0,45,45,0,45,250,45,27405.449999999997,21675.0,5730.449999999996,5
2334,1239,85,135,0,135,110,0,25,65,65,0,65,190,60,39829.05,18700.0,21129.050000000007,5
2335,1239,90,160,0,160,130,0,30,45,45,0,45,215,20,10360.800000000001,21250.0,-10889.199999999999,5
2336,1239,145,140,0,140,140,0,0,40,40,0,40,280,20,11150.820000000003,24225.0,-13074.179999999997,5
2337,1239,85,140,0,140,110,10,20,60,60,0,60,190,65,40015.30500000001,19125.0,20890.305000000008,5
2338,1239,80,160,0,160,140,5,15,40,40,0,40,215,25,14377.86,20400.0,-6022.139999999999,5
2339,1239,120,135,0,135,130,5,0,60,60,0,60,245,60,38622.42,21675.0,16947.420000000002,5
2340,1239,150,95,0,95,95,0,0,70,70,0,70,240,75,49157.955,20825.0,28332.955,5
2341,1239,115,145,0,145,90,20,35,65,65,0,60,200,75,46359.00000000001,22100.0,24259.000000000007,5
2342,1239,95,110,0,110,105,0,5,70,70,0,70,195,120,88849.96031250001,17425.0,71424.96031250001,5
2343,1239,95,140,0,140,130,0,10,60,60,0,60,220,65,44627.11875,19975.0,24652.11875,5
2344,1239,95,140,0,140,140,0,0,40,40,0,40,230,20,10228.680000000002,19975.0,-9746.319999999998,5
2345,1239,135,100,0,100,100,0,0,60,60,0,60,230,50,39095.22375000001,19975.0,19120.22375000001,5
2346,1239,60,170,0,170,165,0,5,20,20,0,20,220,15,9131.580000000002,19550.0,-10418.419999999998,5
2347,1239,130,115,0,115,115,0,0,45,45,0,45,240,95,64501.78500000002,20825.0,43676.78500000002,5
2348,1239,95,155,0,155,140,0,15,45,45,0,45,230,30,17999.64,21250.0,-3250.3600000000006,5
2349,1239,70,165,0,165,125,0,40,45,45,0,45,190,35,22148.19,19975.0,2173.1899999999996,5
2350,1239,110,140,0,140,135,0,5,50,50,0,50,240,60,37656.450000000004,21250.0,16406.450000000004,5
2351,1239,115,130,0,130,130,0,0,55,55,0,55,240,45,30791.362500000003,20825.0,9966.362500000005,5
2352,1239,130,125,0,125,125,0,0,45,45,0,45,250,45,29100.555000000004,21675.0,7425.555000000004,5
2353,1239,100,125,0,125,95,0,30,60,60,0,60,190,85,55210.40999999999,19125.0,36085.40999999999,5
2354,1239,125,125,0,125,120,0,5,50,50,0,50,240,25,14816.52,21250.0,-6433.48,5
2355,1239,75,180,0,180,165,0,15,25,25,0,25,235,5,2590.2000000000003,21675.0,-19084.8,5
2356,1239,100,150,0,150,135,0,15,30,30,0,30,230,30,16374.780000000002,21250.0,-4875.2199999999975,5
2357,1239,155,115,0,115,100,0,15,55,55,0,55,250,50,32771.92500000001,22950.0,9821.92500000001,5
2358,1239,50,150,0,150,125,5,20,45,45,0,45,170,40,24057.36,17000.0,7057.359999999999,5
2359,1239,60,160,0,160,135,10,15,45,45,0,45,190,40,24079.860000000004,18700.0,5379.860000000003,5
2360,1239,95,130,0,130,115,0,15,50,50,0,50,205,35,20040.480000000003,19125.0,915.4800000000023,5
2361,1239,105,130,0,130,105,0,25,55,55,0,50,205,40,24869.880000000005,19975.0,4894.880000000003,5
2362,1239,120,145,0,145,130,0,15,50,50,0,50,245,30,18317.79,22525.0,-4207.21,5
2363,1239,125,130,0,130,125,0,5,55,55,0,55,245,65,43715.115000000005,21675.0,22040.115000000005,5
2364,1239,95,145,0,145,145,0,0,40,40,0,40,235,25,14048.460000000003,20400.0,-6351.539999999997,5
2365,1239,95,135,0,135,125,0,10,50,50,0,45,215,35,21291.480000000007,19550.0,1741.480000000006,5
2366,1239,190,130,0,130,125,0,5,30,30,0,25,310,10,5048.64,27200.0,-22151.36,5
2367,1239,80,150,0,150,145,0,5,40,40,0,40,220,70,49306.28624999999,19550.0,29756.286249999994,5
2368,1239,160,105,0,105,105,0,0,85,85,0,85,260,55,32003.910000000003,22525.0,9478.910000000005,5
2369,1239,120,120,0,120,120,0,0,65,65,0,65,235,85,55534.4775,20400.0,35134.4775,5
2370,1239,85,140,0,140,125,5,10,55,55,0,55,205,15,7814.52,19125.0,-11310.48,5
2371,1239,125,120,0,120,110,0,10,70,70,0,70,230,45,25726.320000000007,20825.0,4901.320000000005,5
2372,1239,85,145,0,145,135,0,10,40,40,0,40,215,30,16045.740000000002,19550.0,-3504.2599999999993,5
2373,1239,65,150,0,150,125,0,25,50,50,0,50,185,85,63893.205,18275.0,45618.205,5
2374,1239,115,150,0,150,150,0,0,30,30,0,30,260,15,7638.840000000001,22525.0,-14886.16,5
2375,1239,120,145,0,145,145,0,0,25,25,0,25,260,20,11721.420000000002,22525.0,-10803.579999999998,5
2376,1239,110,140,0,140,135,0,5,40,40,0,40,240,65,43171.60500000001,21250.0,21921.60500000001,5
2377,1239,100,155,0,155,140,0,15,35,35,0,30,235,20,13356.990000000002,21675.0,-8318.009999999998,5
2378,1239,150,130,0,130,125,0,5,45,45,0,45,270,60,36075.87,23800.0,12275.869999999999,5
2379,1239,50,180,0,180,170,0,10,35,35,0,35,215,15,9043.74,19550.0,-10506.26,5
2380,1239,75,145,0,145,130,0,15,60,60,0,60,200,70,44781.637500000004,18700.0,26081.637500000004,5
2381,1239,110,140,0,140,130,0,10,35,35,0,30,235,20,11150.820000000002,21250.0,-10099.179999999998,5
2382,1239,90,140,0,140,135,0,5,40,40,0,40,220,50,37148.40000000001,19550.0,17598.40000000001,5
2383,1239,105,145,0,145,130,0,15,50,50,0,50,230,55,33628.41,21250.0,12378.410000000003,5
2384,1239,130,145,0,145,135,0,10,45,45,0,45,260,70,47484.585000000014,23375.0,24109.585000000014,5
2385,1239,80,155,0,155,140,0,15,50,50,0,50,215,45,32656.916250000002,19975.0,12681.916250000004,5
2386,1239,70,175,0,175,175,0,0,25,25,0,25,240,15,9065.699999999999,20825.0,-11759.300000000001,5
2387,1239,75,150,0,150,90,30,30,65,65,0,65,160,55,32398.92,19125.0,13273.919999999998,5
2388,1239,105,135,0,135,105,0,30,70,70,0,70,205,85,57323.97000000001,20400.0,36923.97000000001,5
2389,1239,90,155,0,155,140,0,15,45,45,0,45,225,35,21182.49,20825.0,357.4900000000025,5
2390,1239,160,120,0,120,120,0,0,50,50,0,50,275,20,11392.380000000001,23800.0,-12407.619999999999,5
2391,1239,110,145,0,145,125,0,20,55,55,0,55,230,20,11326.5,21675.0,-10348.5,5
2392,1239,110,160,0,160,145,0,15,30,30,0,30,250,15,9219.420000000002,22950.0,-13730.58,5
2393,1239,130,135,0,135,130,5,0,45,45,0,45,255,40,22477.140000000003,22525.0,-47.859999999996035,5
2394,1239,150,140,0,140,140,0,0,35,35,0,35,285,40,21621.420000000002,24650.0,-3028.579999999997,5
2395,1239,130,145,0,145,145,0,0,40,40,0,40,270,15,7419.240000000001,23375.0,-15955.76,5
2396,1239,110,140,0,140,135,0,5,40,40,0,40,240,20,10931.040000000003,21250.0,-10318.959999999997,5
2397,1239,75,170,0,170,160,0,10,35,35,0,35,230,25,12819.24,20825.0,-8005.76,5
2398,1239,80,135,0,135,135,0,0,45,45,0,45,210,50,33276.96,18275.0,15001.96,5
2399,1239,135,145,0,145,140,0,5,30,30,0,30,270,25,14114.34,23800.0,-9685.66,5
2400,1239,85,145,0,145,125,0,20,35,35,0,35,205,45,30994.155000000006,19550.0,11444.155000000006,5
2401,1239,110,150,0,150,145,0,5,30,30,0,30,250,25,15661.710000000001,22100.0,-6438.289999999999,5
2402,1239,65,140,0,140,135,0,5,45,45,0,45,195,80,63493.95093749999,17425.0,46068.95093749999,5
2403,1239,85,140,0,140,125,5,10,45,45,0,45,205,30,19535.490000000005,19125.0,410.49000000000433,5
2404,1239,115,145,0,145,135,0,10,60,60,0,60,245,55,30774.600000000006,22100.0,8674.600000000006,5
2405,1239,130,125,0,125,125,0,0,55,55,0,55,250,25,13367.7,21675.0,-8307.3,5
2406,1239,105,150,0,150,135,0,15,50,50,0,50,235,35,21182.49,21675.0,-492.5099999999975,5
2407,1239,95,135,0,135,115,10,10,70,70,0,65,205,55,36437.94000000001,19550.0,16887.94000000001,5
2408,1239,170,105,0,105,105,0,0,50,50,0,50,270,30,16111.620000000003,23375.0,-7263.379999999997,5
2409,1239,65,180,0,180,125,15,40,60,60,0,60,185,55,34078.590000000004,20825.0,13253.590000000004,5
2410,1239,115,150,0,150,135,0,15,45,45,0,45,245,45,26933.580000000005,22525.0,4408.580000000006,5
2411,1239,100,140,0,140,110,15,15,40,40,0,40,205,40,25748.010000000002,20400.0,5348.010000000004,5
2412,1239,110,135,0,135,120,15,0,55,55,0,55,225,45,26186.850000000006,20825.0,5361.850000000004,5
2413,1239,160,100,0,100,100,0,0,55,55,0,55,255,50,31740.390000000003,22100.0,9640.390000000003,5
2414,1239,90,150,0,150,130,0,20,35,35,0,35,215,55,38670.75000000001,20400.0,18270.750000000007,5
2415,1239,70,155,0,155,130,5,20,55,55,0,55,195,35,18657.9,19125.0,-467.0999999999981,5
2416,1239,85,155,0,155,125,10,20,55,55,0,55,205,65,43330.86,20400.0,22930.86,5
2417,1239,85,155,0,155,145,0,10,40,40,0,40,225,40,28524.735000000004,20400.0,8124.735000000005,5
2418,1239,135,140,0,140,140,0,0,50,50,0,45,270,30,16331.220000000003,23375.0,-7043.779999999997,5
2419,1239,115,160,0,160,155,0,5,25,25,0,25,265,15,8911.980000000001,23375.0,-14463.019999999999,5
2420,1239,80,160,0,160,145,10,5,45,45,0,45,220,50,31415.94000000001,20400.0,11015.94000000001,5
2421,1239,95,155,0,155,135,0,20,50,50,0,50,225,25,12819.24,21250.0,-8430.76,5
2422,1239,90,155,0,155,155,0,0,45,45,0,45,240,40,21511.620000000003,20825.0,686.6200000000026,5
2423,1239,105,115,0,115,90,15,10,60,60,0,60,190,90,59688.225000000006,18700.0,40988.225000000006,5
2424,1239,155,110,0,110,105,0,5,70,70,0,70,255,45,24913.800000000003,22525.0,2388.800000000001,5
2425,1239,115,125,0,125,125,0,0,60,60,0,60,235,50,28294.020000000004,20400.0,7894.020000000005,5
2426,1239,75,145,0,145,125,0,20,55,55,0,55,195,30,17450.64,18700.0,-1249.3599999999992,5
2427,1239,60,175,0,175,140,0,35,55,55,0,55,195,45,27405.45,19975.0,7430.450000000001,5
2428,1239,125,140,0,140,125,0,15,30,30,0,25,245,15,7945.920000000001,22525.0,-14579.079999999998,5
2429,1239,120,145,0,145,140,0,5,50,50,0,50,255,20,10404.36,22525.0,-12120.64,5
2430,1239,80,155,0,155,140,0,15,50,50,0,45,215,40,23399.640000000003,19975.0,3424.640000000004,5
2431,1239,80,165,0,165,155,0,10,40,40,0,40,230,35,18943.38,20825.0,-1881.6200000000003,5
2432,1239,95,165,0,165,95,40,30,50,50,0,50,185,55,34538.850000000006,22100.0,12438.850000000006,5
2433,1239,80,155,0,155,150,0,5,50,50,0,50,225,20,13170.600000000002,19975.0,-6804.399999999998,5
2434,1239,95,150,0,150,135,15,0,55,55,0,55,225,70,46085.17500000001,20825.0,25260.17500000001,5
2435,1239,85,160,0,160,160,0,0,35,35,0,35,240,25,12819.240000000002,20825.0,-8005.759999999998,5
2436,1239,80,165,0,165,110,20,35,55,55,0,55,185,75,54240.27750000002,20825.0,33415.27750000002,5
2437,1239,90,135,0,135,105,15,15,60,60,0,60,190,50,31493.295000000002,19125.0,12368.295000000002,5
2438,1239,95,155,0,155,75,55,25,70,70,0,70,165,85,52615.12500000001,21250.0,31365.125000000007,5
2439,1239,120,145,0,145,125,0,20,60,60,0,60,240,20,10316.880000000001,22525.0,-12208.119999999999,5
2440,1239,120,135,0,135,100,0,35,60,60,0,60,215,30,16111.620000000003,21675.0,-5563.379999999997,5
2441,1239,170,110,0,110,105,0,5,60,60,0,60,270,30,19700.73,23800.0,-4099.270000000001,5
2442,1239,110,140,0,140,140,0,0,50,50,0,45,245,20,10053.36,21250.0,-11196.639999999998,5
2443,1239,105,145,0,145,115,0,30,40,40,0,40,215,55,36613.170000000006,21250.0,15363.170000000006,5
2444,1239,145,125,0,125,100,5,20,45,45,0,45,240,40,28096.852500000005,22950.0,5146.8525000000045,5
2445,1239,140,105,0,105,105,0,0,60,60,0,60,240,70,47670.8625,20825.0,26845.862500000003,5
2446,1239,50,170,0,170,150,0,20,40,40,0,40,195,50,30620.430000000008,18700.0,11920.430000000006,5
2447,1239,75,150,0,150,145,0,5,40,40,0,35,215,35,19118.34,19125.0,-6.6599999999994,5
2448,1239,35,180,0,180,175,0,5,20,20,0,20,205,25,17812.845,18275.0,-462.1549999999979,5
2449,1239,155,120,0,120,105,0,15,40,40,0,40,255,15,7243.560000000001,23375.0,-16131.439999999999,5
2450,1239,165,100,0,100,95,0,5,60,60,0,60,255,45,23991.660000000003,22525.0,1466.6600000000017,5
2451,1239,110,130,0,130,130,0,0,55,55,0,55,235,55,37200.645,20400.0,16800.645,5
2452,1239,85,130,0,130,120,0,10,50,50,0,50,200,90,73266.90064453126,18275.0,54991.90064453126,5
2453,1239,130,130,0,130,115,0,15,60,60,0,60,240,45,23706.54,22100.0,1606.54,5
2454,1239,105,150,0,150,145,0,5,40,40,0,40,245,25,14026.5,21675.0,-7648.499999999999,5
2455,1239,90,145,0,145,145,0,0,35,35,0,35,230,45,28639.395,19975.0,8664.395,5
2456,1239,65,160,0,160,155,0,5,30,30,0,25,215,25,14684.939999999999,19125.0,-4440.060000000001,5
2457,1239,125,135,0,135,125,10,0,40,40,0,40,245,35,21094.65,22100.0,-1005.3499999999985,5
2458,1239,70,165,0,165,125,20,20,40,40,0,40,190,70,47163.3525,19975.0,27188.3525,5
2459,1239,110,155,0,155,145,0,10,50,50,0,50,250,30,15145.920000000004,22525.0,-7379.079999999996,5
2460,1239,110,145,0,145,140,0,5,55,55,0,55,245,60,32574.600000000006,21675.0,10899.600000000006,5
2461,1239,100,135,0,135,135,0,0,50,50,0,50,230,70,42688.21500000001,19975.0,22713.21500000001,5
2462,1239,95,160,0,160,145,0,15,45,45,0,45,235,30,17011.620000000003,21675.0,-4663.379999999997,5
2463,1239,125,150,0,150,125,0,25,50,50,0,50,245,50,28305.27,23375.0,4930.27,5
2464,1239,110,125,0,125,120,5,0,55,55,0,55,225,75,51427.5975,19975.0,31452.597500000003,5
2465,1239,90,160,0,160,130,20,10,55,55,0,55,215,65,40410.945,21250.0,19160.945,5
2466,1239,40,195,0,195,165,0,30,30,30,0,30,200,35,24145.110000000004,19975.0,4170.110000000004,5
2467,1239,80,145,0,145,140,5,0,35,35,0,35,215,50,32640.885000000002,19125.0,13515.885000000002,5
2468,1239,70,155,0,155,150,0,5,45,45,0,45,215,30,15540.840000000004,19125.0,-3584.159999999997,5
2469,1239,80,155,0,155,145,0,10,45,45,0,45,220,35,21445.65,19975.0,1470.6500000000005,5
2470,1239,75,175,0,175,170,0,5,20,20,0,20,240,15,7726.68,21250.0,-13523.32,5
2471,1239,105,150,0,150,90,30,30,60,60,0,60,190,75,47292.48,21675.0,25617.480000000003,5
2472,1239,75,160,0,160,160,0,0,35,35,0,35,230,50,33145.425,19975.0,13170.425000000005,5
2473,1239,145,135,0,135,135,0,0,35,35,0,35,275,15,9087.66,23800.0,-14712.34,5
2474,1239,150,125,0,125,120,0,5,35,35,0,35,265,25,15058.08,23375.0,-8316.92,5
2475,1239,60,155,0,155,140,0,15,35,35,0,35,195,65,46400.917499999996,18275.0,28125.917499999996,5
2476,1239,40,185,0,185,160,0,25,25,25,0,25,195,25,14487.3,19125.0,-4637.7,5
2477,1239,55,145,0,145,135,5,5,50,50,0,50,185,70,46501.92,17000.0,29501.92,5
2478,1239,90,145,0,145,145,0,0,45,45,0,45,230,55,33627.78,19975.0,13652.780000000002,5
2479,1239,130,140,0,140,135,0,5,30,30,0,30,260,20,12336.12,22950.0,-10613.88,5
2480,1239,95,150,0,150,115,5,30,50,50,0,50,205,70,47940.30000000002,20825.0,27115.300000000017,5
2481,1239,120,140,0,140,130,0,10,45,45,0,45,245,45,26175.870000000003,22100.0,4075.8700000000044,5
2482,1239,75,170,0,170,150,0,20,30,30,0,30,220,30,20474.415,20825.0,-350.5849999999987,5
2483,1239,120,145,0,145,140,0,5,50,50,0,50,255,20,10316.880000000001,22525.0,-12208.119999999999,5
2484,1239,105,135,0,135,135,0,0,45,45,0,45,235,75,62543.5284375,20400.0,42143.5284375,5
2485,1239,70,145,0,145,95,25,25,60,60,0,60,160,80,52702.965000000004,18275.0,34427.965000000004,5
2486,1239,145,125,0,125,115,0,10,45,45,0,45,255,30,16616.7,22950.0,-6333.299999999999,5
2487,1239,145,130,0,130,130,0,0,45,45,0,45,270,25,14004.54,23375.0,-9370.46,5
2488,1239,155,135,0,135,135,0,0,35,35,0,35,285,15,7463.16,24650.0,-17186.84,5
2489,1239,110,145,0,145,120,0,25,55,55,0,50,225,60,35559.990000000005,21675.0,13884.990000000002,5
2490,1239,110,135,0,135,130,0,5,75,75,0,75,235,85,49970.61000000001,20825.0,29145.610000000008,5
2491,1239,100,140,0,140,125,0,15,50,50,0,50,220,65,44864.257500000014,20400.0,24464.257500000014,5
2492,1239,140,130,0,130,125,0,5,50,50,0,50,260,35,19118.7,22950.0,-3831.299999999999,5
2493,1239,95,170,0,170,130,0,40,40,40,0,40,220,20,10887.48,22525.0,-11637.52,5
2494,1239,65,160,0,160,145,15,0,45,45,0,45,205,30,16089.660000000002,19125.0,-3035.339999999999,5
2495,1239,100,150,0,150,115,35,0,65,65,0,65,210,20,9833.76,21250.0,-11416.239999999998,5
2496,1239,100,145,0,145,130,0,15,55,55,0,55,225,35,23124.645,20825.0,2299.6450000000004,5
2497,1239,115,145,0,145,110,0,35,65,65,0,65,220,60,34769.79,22100.0,12669.789999999997,5
2498,1239,50,165,0,165,155,0,10,35,35,0,30,200,35,21094.020000000004,18275.0,2819.020000000005,5
2499,1239,65,160,0,160,125,10,25,45,45,0,45,185,30,18526.41,19125.0,-598.5899999999992,5
2500,1239,130,150,0,150,130,0,20,40,40,0,35,255,10,4916.880000000001,23800.0,-18883.12,5
2501,1239,60,170,0,170,165,0,5,50,50,0,50,220,45,26351.910000000003,19550.0,6801.910000000003,5
2502,1239,115,135,0,135,125,5,5,70,70,0,70,235,35,22301.370000000003,21250.0,1051.3700000000017,5
2503,1239,105,150,0,150,140,0,10,50,50,0,50,240,40,22872.600000000002,21675.0,1197.6000000000022,5
2504,1239,60,170,0,170,130,10,30,45,45,0,45,185,40,27888.345000000005,19550.0,8338.345000000005,5
2505,1239,60,165,0,165,155,0,10,40,40,0,40,210,20,10404.36,19125.0,-8720.64,5
2506,1239,150,130,0,130,120,0,10,35,35,0,35,265,30,20007.54,23800.0,-3792.4599999999987,5
2507,1239,110,140,0,140,125,5,10,55,55,0,55,230,30,16901.640000000003,21250.0,-4348.359999999998,5
2508,1239,45,200,0,200,135,20,45,35,35,0,30,175,30,20293.245000000003,20825.0,-531.7549999999983,5
2509,1239,90,140,0,140,130,0,10,55,55,0,55,215,60,45648.9225,19550.0,26098.9225,5
2510,1239,105,165,0,165,155,0,10,35,35,0,35,255,10,5180.400000000001,22950.0,-17769.6,5
2511,1239,135,130,0,130,130,0,0,60,60,0,60,260,50,27306.54,22525.0,4781.54,5
2512,1239,80,130,0,130,110,0,20,55,55,0,50,185,55,37631.4075,17850.0,19781.407500000005,5
2513,1239,105,145,0,145,140,0,5,35,35,0,30,240,30,17318.879999999997,21250.0,-3931.120000000001,5
2514,1239,60,165,0,165,135,10,20,50,50,0,50,190,70,44564.58,19125.0,25439.580000000005,5
2515,1239,40,180,0,180,145,10,25,35,35,0,30,180,20,12116.160000000002,18700.0,-6583.839999999998,5
2516,1239,75,140,0,140,125,0,15,55,55,0,55,195,65,44952.35625000001,18275.0,26677.35625000001,5
2517,1239,115,130,0,130,130,0,0,40,40,0,40,240,30,18767.97,20825.0,-2057.0299999999975,5
2518,1239,65,165,0,165,150,0,15,30,30,0,30,210,30,17889.84,19550.0,-1660.1599999999985,5
2519,1239,80,190,0,190,145,10,35,35,35,0,35,220,40,25012.890000000003,22950.0,2062.890000000002,5
2520,1239,120,130,0,130,125,0,5,70,70,0,70,240,35,19711.620000000003,21250.0,-1538.3799999999974,5
2521,1239,85,155,0,155,140,0,15,50,50,0,50,220,50,33090.525,20400.0,12690.525000000001,5
2522,1239,100,145,0,145,115,10,20,50,50,0,50,210,30,16594.739999999998,20825.0,-4230.26,5
2523,1239,90,165,0,165,160,0,5,25,25,0,25,245,20,12116.7,21675.0,-9558.3,5
2524,1239,140,125,0,125,120,0,5,60,60,0,60,255,45,25880.040000000005,22525.0,3355.0400000000036,5
2525,1239,120,160,0,160,115,10,35,45,45,0,45,230,25,13697.100000000002,23800.0,-10102.899999999998,5
2526,1239,75,145,0,145,140,5,0,60,60,0,60,210,40,22126.14,18700.0,3426.1400000000003,5
2527,1239,160,100,0,100,100,0,0,60,60,0,60,255,20,12160.080000000002,22100.0,-9939.919999999998,5
2528,1239,135,140,0,140,135,0,5,45,45,0,45,265,40,21357.900000000005,23375.0,-2017.0999999999958,5
2529,1239,115,155,0,155,145,0,10,30,30,0,30,255,20,13510.71,22950.0,-9439.29,5
2530,1239,65,165,0,165,165,0,0,35,35,0,35,225,30,21072.465000000004,19550.0,1522.465000000002,5
2531,1239,100,145,0,145,125,20,0,50,50,0,50,220,50,31400.280000000006,20825.0,10575.280000000006,5
2532,1239,95,145,0,145,115,15,15,65,65,0,65,205,30,15321.240000000002,20400.0,-5078.7599999999975,5
2533,1239,125,130,0,130,115,0,15,40,40,0,40,235,35,22515.615,21675.0,840.6150000000025,5
2534,1239,115,145,0,145,135,0,10,35,35,0,35,245,25,13784.940000000002,22100.0,-8315.059999999998,5
2535,1239,75,165,0,165,150,0,15,45,45,0,45,220,35,19382.58,20400.0,-1017.4199999999973,5
2536,1239,130,135,0,135,135,0,0,50,50,0,50,260,45,29183.265,22525.0,6658.265000000001,5
2537,1239,50,175,0,175,150,10,15,35,35,0,35,195,25,13960.62,19125.0,-5164.379999999999,5
2538,1239,100,150,0,150,115,0,35,60,60,0,60,210,25,14202.18,21250.0,-7047.82,5
2539,1239,130,140,0,140,115,0,25,70,70,0,65,240,55,30555.360000000004,22950.0,7605.360000000005,5
2540,1239,80,145,0,145,115,0,30,45,45,0,45,190,55,43540.49250000001,19125.0,24415.492500000008,5
2541,1239,110,145,0,145,135,0,10,30,30,0,30,240,35,25028.955,21675.0,3353.955000000001,5
2542,1239,80,145,0,145,145,0,0,40,40,0,40,220,55,36382.95000000001,19125.0,17257.95000000001,5
2543,1239,100,140,0,140,115,0,25,60,60,0,60,210,40,23201.730000000003,20400.0,2801.7300000000023,5
2544,1239,90,150,0,150,150,0,0,35,35,0,35,235,45,26340.660000000003,20400.0,5940.660000000003,5
2545,1239,85,140,0,140,135,0,5,55,55,0,55,215,40,21972.780000000002,19125.0,2847.7800000000025,5
2546,1239,95,135,0,135,125,0,10,55,55,0,50,215,60,35395.29000000001,19550.0,15845.290000000008,5
2547,1239,120,120,0,120,115,0,5,65,65,0,65,230,70,46669.567500000005,20400.0,26269.567500000005,5
2548,1239,75,160,0,160,150,0,10,35,35,0,35,220,20,11677.86,19975.0,-8297.14,5
2549,1239,65,160,0,160,120,5,35,60,60,0,60,180,65,39082.950000000004,19125.0,19957.950000000004,5
2550,1239,110,125,0,125,125,0,0,50,50,0,50,230,105,79212.20203125,19975.0,59237.202031249995,5
2551,1239,155,130,0,130,120,0,10,35,35,0,35,270,20,10667.880000000001,24225.0,-13557.119999999999,5
2552,1239,100,140,0,140,130,0,10,50,50,0,50,225,40,28261.170000000002,20400.0,7861.170000000002,5
2553,1239,105,155,0,155,140,0,15,45,45,0,45,240,20,9921.600000000002,22100.0,-12178.399999999998,5
2554,1239,115,145,0,145,145,0,0,40,40,0,40,255,55,34385.76,22100.0,12285.76,5
2555,1239,140,135,0,135,115,0,20,60,60,0,55,250,35,17735.760000000002,23375.0,-5639.239999999998,5
2556,1239,50,165,0,165,160,0,5,35,35,0,35,205,30,21785.85,18275.0,3510.8500000000004,5
2557,1239,50,155,0,155,155,0,0,35,35,0,35,200,55,34593.39000000001,17425.0,17168.390000000007,5
2558,1239,115,130,0,130,100,10,20,40,40,0,40,210,60,41607.045000000006,20825.0,20782.045000000006,5
2559,1239,145,115,0,115,100,15,0,65,65,0,60,240,55,41110.4925,22100.0,19010.4925,5
2560,1239,85,155,0,155,130,0,25,60,60,0,60,210,40,21599.460000000003,20400.0,1199.4600000000037,5
2561,1239,75,160,0,160,150,0,10,30,30,0,30,220,20,11677.500000000002,19975.0,-8297.499999999998,5
2562,1239,65,155,0,155,135,10,10,50,50,0,50,195,45,31724.122500000005,18700.0,13024.122500000003,5
2563,1239,135,120,0,120,115,0,5,40,40,0,40,245,30,19689.75,21675.0,-1985.2499999999986,5
2564,1239,60,175,0,175,150,0,25,40,40,0,40,205,55,39457.69875000001,19975.0,19482.69875000001,5
2565,1239,150,135,0,135,105,0,30,50,50,0,50,250,30,18394.380000000005,24225.0,-5830.619999999997,5
2566,1239,125,145,0,145,120,0,25,40,40,0,40,240,25,13565.34,22950.0,-9384.66,5
2567,1239,110,140,0,140,100,10,30,30,30,0,30,205,70,53534.908125000016,21250.0,32284.90812500002,5
2568,1239,105,135,0,135,135,0,0,60,60,0,60,235,100,67643.37,20400.0,47243.369999999995,5
2569,1239,85,150,0,150,135,0,15,35,35,0,35,215,40,30264.356250000004,19975.0,10289.356250000004,5
2570,1239,105,135,0,135,130,0,5,50,50,0,45,230,50,33068.6325,20400.0,12668.6325,5
2571,1239,110,145,0,145,125,0,20,50,50,0,45,230,30,17362.800000000003,21675.0,-4312.199999999998,5
2572,1239,70,160,0,160,155,0,5,50,50,0,50,220,25,12599.640000000001,19550.0,-6950.359999999999,5
2573,1239,75,155,0,155,120,10,25,60,60,0,60,190,60,35296.83,19550.0,15746.83,5
2574,1239,65,160,0,160,145,0,15,50,50,0,50,205,55,36180.315,19125.0,17055.315000000002,5
2575,1239,65,165,0,165,155,0,10,50,50,0,45,215,25,13258.08,19550.0,-6291.92,5
2576,1239,75,155,0,155,140,0,15,40,40,0,40,210,55,40282.2675,19550.0,20732.2675,5
2577,1239,105,150,0,150,140,0,10,45,45,0,45,240,35,17560.440000000002,21675.0,-4114.559999999997,5
2578,1239,60,160,0,160,155,0,5,40,40,0,40,210,15,7989.480000000003,18700.0,-10710.519999999997,5
2579,1239,75,135,0,135,120,10,5,60,60,0,60,190,80,54392.43375,17850.0,36542.43375,5
2580,1239,120,135,0,135,135,0,0,40,40,0,40,250,10,5180.400000000001,21675.0,-16494.6,5
2581,1239,120,140,0,140,135,0,5,55,55,0,55,250,90,66890.64375,22100.0,44790.64375,5
2582,1239,115,140,0,140,135,0,5,40,40,0,40,245,35,20392.200000000004,21675.0,-1282.7999999999975,5
2583,1239,130,135,0,135,125,0,10,45,45,0,45,250,55,34330.50000000001,22525.0,11805.500000000007,5
2584,1239,75,175,0,175,165,0,10,15,15,0,15,235,25,20757.217500000002,21250.0,-492.78249999999844,5
2585,1239,115,130,0,130,120,0,10,45,45,0,45,230,30,16001.820000000003,20825.0,-4823.179999999998,5
2586,1239,60,190,0,190,125,20,45,40,40,0,40,180,5,2370.6000000000004,21250.0,-18879.4,5
2587,1239,105,145,0,145,130,0,15,40,40,0,40,230,30,18635.580000000005,21250.0,-2614.4199999999955,5
2588,1239,90,140,0,140,120,0,20,45,45,0,45,205,35,22170.15,19550.0,2620.1500000000033,5
2589,1239,85,150,0,150,140,0,10,60,60,0,60,220,45,27647.010000000006,19975.0,7672.010000000005,5
2590,1239,135,125,0,125,110,0,15,60,60,0,60,240,40,21313.980000000003,22100.0,-786.0199999999986,5
2591,1239,125,135,0,135,115,0,20,50,50,0,50,235,30,18668.79,22100.0,-3431.2099999999987,5
2592,1239,80,155,0,155,120,15,20,50,50,0,50,195,40,22301.640000000003,19975.0,2326.640000000002,5
2593,1239,125,140,0,140,115,0,25,40,40,0,35,235,25,14925.960000000005,22525.0,-7599.039999999995,5
2594,1239,85,155,0,155,135,15,5,55,55,0,55,215,30,18713.070000000003,20400.0,-1686.9299999999976,5
2595,1239,60,155,0,155,140,0,15,45,45,0,45,195,40,23026.320000000007,18275.0,4751.320000000005,5
2596,1239,50,175,0,175,160,0,15,35,35,0,35,205,25,15573.869999999999,19125.0,-3551.1300000000006,5
2597,1239,130,125,0,125,115,0,10,55,55,0,55,240,40,25857.945000000003,21675.0,4182.945000000004,5
2598,1239,110,130,0,130,125,0,5,50,50,0,50,230,65,42550.65000000001,20400.0,22150.650000000005,5
2599,1239,110,165,0,165,85,45,35,75,75,0,75,190,50,28053.0,23375.0,4678.000000000002,5
2600,1239,100,150,0,150,145,5,0,45,45,0,45,240,50,29874.870000000003,21250.0,8624.87,5
2601,1239,85,155,0,155,115,20,20,70,70,0,70,195,80,52599.645000000004,20400.0,32199.645,5
2602,1239,85,135,0,135,125,5,5,60,60,0,60,205,50,32673.285000000003,18700.0,13973.285000000005,5
2603,1239,75,150,0,150,140,0,10,45,45,0,45,210,40,29427.637500000004,19125.0,10302.637500000004,5
2604,1239,120,155,0,155,145,0,10,30,30,0,25,260,15,7682.76,23375.0,-15692.24,5
2605,1239,115,150,0,150,140,0,10,50,50,0,50,250,35,18350.64,22525.0,-4174.359999999999,5
2606,1239,115,150,0,150,135,0,15,40,40,0,40,245,20,10843.56,22525.0,-11681.44,5
2607,1239,65,175,0,175,145,0,30,35,35,0,35,205,25,14048.460000000003,20400.0,-6351.539999999997,5
2608,1239,140,115,0,115,110,0,5,40,40,0,40,245,35,18174.780000000002,21675.0,-3500.219999999997,5
2609,1239,140,125,0,125,120,0,5,35,35,0,35,255,55,36709.6275,22525.0,14184.627500000002,5
2610,1239,90,130,0,130,130,0,0,50,50,0,50,215,60,38622.01500000001,18700.0,19922.015000000007,5
2611,1239,80,160,0,160,135,0,25,50,50,0,50,210,35,19645.56,20400.0,-754.4399999999973,5
2612,1239,65,160,0,160,125,10,25,35,35,0,35,185,55,37562.49,19125.0,18437.489999999998,5
2613,1239,150,110,0,110,95,0,15,55,55,0,55,240,45,25264.530000000006,22100.0,3164.5300000000043,5
2614,1239,100,165,0,165,135,0,30,35,35,0,35,230,40,22631.04,22525.0,106.04000000000269,5
2615,1239,120,130,0,130,125,0,5,50,50,0,50,240,40,24606.360000000004,21250.0,3356.360000000004,5
2616,1239,55,155,0,155,150,5,0,50,50,0,45,200,35,20370.240000000005,17850.0,2520.2400000000034,5
2617,1239,150,130,0,130,120,0,10,45,45,0,45,265,40,23838.3,23800.0,38.29999999999927,5
2618,1239,140,125,0,125,120,0,5,45,45,0,45,255,60,38984.265,22525.0,16459.265,5
2619,1239,100,155,0,155,130,0,25,35,35,0,35,225,15,9131.580000000002,21675.0,-12543.419999999998,5
2620,1239,135,140,0,140,130,0,10,65,65,0,65,260,35,19382.58,23375.0,-3992.4199999999996,5
2621,1239,85,145,0,145,140,0,5,40,40,0,40,220,50,31773.06000000001,19550.0,12223.060000000009,5
2622,1239,95,155,0,155,150,0,5,35,35,0,35,240,25,16386.39,21250.0,-4863.609999999999,5
2623,1239,120,150,0,150,115,5,30,45,45,0,45,230,40,24123.510000000002,22950.0,1173.5100000000011,5
2624,1239,130,150,0,150,140,0,10,50,50,0,45,265,15,7287.4800000000005,23800.0,-16512.52,5
2625,1239,105,145,0,145,135,10,0,50,50,0,50,235,65,40004.82000000001,21250.0,18754.820000000003,5
2626,1239,80,155,0,155,140,0,15,35,35,0,35,215,45,30920.377500000002,19975.0,10945.377500000004,5
2627,1239,70,170,0,170,130,20,20,60,60,0,60,195,45,24013.980000000003,20400.0,3613.9800000000014,5
2628,1239,95,170,0,170,130,15,25,40,40,0,40,220,10,5180.400000000001,22525.0,-17344.6,5
2629,1239,125,135,0,135,125,0,10,60,60,0,60,245,45,25660.440000000002,22100.0,3560.4400000000032,5
2630,1239,115,125,0,125,120,0,5,50,50,0,50,230,65,51748.048125,20400.0,31348.048125000005,5
2631,1239,105,135,0,135,125,0,10,40,40,0,40,225,55,35784.17999999999,20400.0,15384.179999999997,5
2632,1239,95,160,0,160,120,15,25,55,55,0,55,210,60,43072.85250000001,21675.0,21397.852500000008,5
2633,1239,115,135,0,135,125,0,10,50,50,0,50,235,5,2370.6000000000004,21250.0,-18879.4,5
2634,1239,85,150,0,150,140,0,10,45,45,0,45,220,40,26005.815,19975.0,6030.814999999998,5
2635,1239,95,130,0,130,120,0,10,50,50,0,50,210,75,49822.31250000001,19125.0,30697.312500000007,5
2636,1239,105,150,0,150,140,0,10,40,40,0,40,240,25,13587.3,21675.0,-8087.7,5
2637,1239,55,165,0,165,150,0,15,35,35,0,35,200,15,10733.850000000002,18700.0,-7966.149999999998,5
2638,1239,85,140,0,140,125,0,15,50,50,0,50,205,55,38464.00875000001,19125.0,19339.008750000008,5
2639,1239,70,135,0,135,125,5,5,40,40,0,40,190,70,52210.395000000004,17425.0,34785.395000000004,5
2640,1239,65,145,0,145,145,0,0,45,45,0,45,205,40,24200.010000000002,17850.0,6350.010000000002,5
2641,1239,140,120,0,120,115,0,5,55,55,0,55,250,20,11326.5,22100.0,-10773.5,5
2642,1239,75,145,0,145,140,0,5,50,50,0,50,210,55,36021.24,18700.0,17321.239999999998,5
2643,1239,105,145,0,145,125,15,5,40,40,0,40,225,80,62116.61062500002,21250.0,40866.61062500002,5
2644,1239,120,110,0,110,110,0,0,70,70,0,70,225,55,35044.425,19550.0,15494.425000000001,5
2645,1239,125,135,0,135,120,0,15,50,50,0,50,240,80,64050.56226562499,22100.0,41950.56226562499,5
2646,1239,75,150,0,150,135,10,5,50,50,0,50,205,55,36931.815,19125.0,17806.815000000006,5
2647,1239,110,140,0,140,140,0,0,50,50,0,50,245,45,27602.46,21250.0,6352.460000000001,5
2648,1239,95,150,0,150,85,25,40,60,60,0,55,175,95,68802.08625000001,20825.0,47977.08625,5
2649,1239,65,185,0,185,160,0,25,20,20,0,20,220,15,7419.240000000001,21250.0,-13830.76,5
2650,1239,125,130,0,130,120,0,10,40,40,0,40,240,80,60702.93562500001,21675.0,39027.93562500001,5
2651,1239,90,140,0,140,120,10,10,60,60,0,60,205,55,32903.73,19550.0,13353.73,5
2652,1239,115,140,0,140,140,0,0,40,40,0,40,250,40,24145.740000000005,21675.0,2470.7400000000052,5
2653,1239,160,115,0,115,115,0,0,40,40,0,40,270,30,18405.630000000005,23375.0,-4969.369999999997,5
2654,1239,100,155,0,155,145,0,10,40,40,0,40,240,25,14311.980000000001,21675.0,-7363.019999999999,5
2655,1239,150,115,0,115,110,0,5,65,65,0,60,255,55,31279.680000000004,22525.0,8754.680000000004,5
2656,1239,75,155,0,155,145,0,10,40,40,0,40,215,50,35280.02250000001,19550.0,15730.02250000001,5
2657,1239,120,165,0,165,105,5,55,45,45,0,45,220,45,26209.079999999998,24225.0,1984.079999999999,5
2658,1239,85,145,0,145,145,0,0,65,65,0,65,225,50,35217.4275,19550.0,15667.427499999998,5
2659,1239,80,140,0,140,140,0,0,45,45,0,45,215,30,18076.23,18700.0,-623.7700000000018,5
2660,1239,100,145,0,145,135,0,10,45,45,0,45,230,70,50654.0475,20825.0,29829.047499999997,5
2661,1239,130,140,0,140,115,0,25,55,55,0,55,240,30,17955.72,22950.0,-4994.279999999999,5
2662,1239,95,135,0,135,105,5,25,65,65,0,65,195,70,46337.512500000004,19550.0,26787.512500000004,5
2663,1239,135,140,0,140,115,0,25,25,25,0,25,245,20,10448.279999999999,23375.0,-12926.720000000001,5
2664,1239,75,170,0,170,145,0,25,45,45,0,40,215,30,16484.940000000002,20825.0,-4340.059999999999,5
2665,1239,95,145,0,145,95,5,45,75,75,0,75,185,90,64039.89375000002,20400.0,43639.89375000002,5
2666,1239,135,135,0,135,135,0,0,45,45,0,45,265,60,37239.119999999995,22950.0,14289.119999999999,5
2667,1239,100,150,0,150,125,0,25,45,45,0,45,220,65,49493.224687500006,21250.0,28243.224687500006,5
2668,1239,60,180,0,180,155,0,25,30,30,0,30,210,15,8758.26,20400.0,-11641.74,5
2669,1239,95,135,0,135,135,0,0,55,55,0,55,225,60,40213.575,19550.0,20663.575,5
2670,1239,75,160,0,160,160,0,0,30,30,0,30,230,30,20249.730000000003,19975.0,274.73000000000184,5
2671,1239,90,130,0,130,130,0,0,60,60,0,60,215,70,47512.3725,18700.0,28812.3725,5
2672,1239,85,135,0,135,130,0,5,50,50,0,50,210,55,36679.14000000001,18700.0,17979.140000000007,5
2673,1239,95,150,0,150,150,0,0,40,40,0,40,240,30,16462.98,20825.0,-4362.02,5
2674,1239,65,175,0,175,155,15,5,35,35,0,35,215,20,11106.540000000003,20400.0,-9293.459999999997,5
2675,1239,65,160,0,160,155,0,5,25,25,0,25,215,20,13027.59,19125.0,-6097.41,5
2676,1239,85,150,0,150,125,0,25,60,60,0,60,205,45,24057.540000000005,19975.0,4082.5400000000036,5
2677,1239,70,165,0,165,155,10,0,35,35,0,35,220,20,9877.680000000002,19975.0,-10097.319999999998,5
2678,1239,105,130,0,130,115,0,15,70,70,0,70,215,65,46673.825625,19975.0,26698.825624999998,5
2679,1239,65,160,0,160,160,0,0,50,50,0,50,220,50,35603.64000000001,19125.0,16478.640000000007,5
2680,1239,110,135,0,135,125,0,10,45,45,0,45,230,15,8516.52,20825.0,-12308.48,5
2681,1239,115,140,0,140,130,10,0,55,55,0,55,240,60,39505.905,21675.0,17830.905000000002,5
2682,1239,125,125,0,125,125,0,0,50,50,0,45,245,45,25242.84,21250.0,3992.840000000001,5
2683,1239,120,145,0,145,135,0,10,50,50,0,50,250,35,17692.2,22525.0,-4832.799999999999,5
2684,1239,120,130,0,130,125,0,5,35,35,0,35,240,30,20436.03,21250.0,-813.9699999999993,5
2685,1239,140,130,0,130,125,0,5,45,45,0,45,260,50,39048.96375,22950.0,16098.963750000003,5
2686,1239,135,130,0,130,100,10,20,55,55,0,55,230,40,24420.15,22525.0,1895.1500000000033,5
2687,1239,60,165,0,165,135,25,5,55,55,0,55,190,30,16638.660000000003,19125.0,-2486.339999999998,5
2688,1239,115,120,0,120,115,5,0,65,65,0,65,225,50,32096.655000000006,19975.0,12121.655000000006,5
2689,1239,50,180,0,180,145,20,15,40,40,0,40,190,40,23564.07,19550.0,4014.0700000000015,5
2690,1239,75,150,0,150,145,0,5,40,40,0,40,215,15,7682.76,19125.0,-11442.24,5
2691,1239,110,135,0,135,125,0,10,50,50,0,45,230,65,43873.38,20825.0,23048.379999999997,5
2692,1239,105,115,0,115,95,0,20,65,65,0,65,195,55,37765.485,18700.0,19065.485000000004,5
2693,1239,70,155,0,155,150,0,5,40,40,0,40,215,20,10316.880000000001,19125.0,-8808.119999999999,5
2694,1239,60,185,0,185,175,5,5,30,30,0,30,230,10,6541.380000000001,20825.0,-14283.619999999999,5
2695,1239,115,140,0,140,90,40,10,80,80,0,80,200,50,29040.300000000007,21675.0,7365.300000000007,5
2696,1239,95,150,0,150,145,5,0,50,50,0,50,235,35,22181.130000000005,20825.0,1356.1300000000028,5
2697,1239,95,145,0,145,140,0,5,35,35,0,35,230,45,27832.860000000004,20400.0,7432.860000000005,5
2698,1239,110,150,0,150,135,0,15,50,50,0,50,240,20,9789.840000000002,22100.0,-12310.159999999998,5
2699,1239,85,135,0,135,130,5,0,45,45,0,45,210,30,16748.100000000002,18700.0,-1951.8999999999983,5
2700,1239,230,100,0,100,95,0,5,60,60,0,60,320,65,37458.810000000005,28050.0,9408.810000000003,5
2701,1239,160,130,0,130,120,0,10,20,20,0,20,275,15,8999.820000000002,24650.0,-15650.18,5
2702,1239,115,120,0,120,120,0,0,60,60,0,60,230,70,46173.35250000001,19975.0,26198.352500000008,5
2703,1239,110,150,0,150,125,0,25,40,40,0,40,230,50,33309.990000000005,22100.0,11209.990000000002,5
2704,1239,40,170,0,170,170,0,0,35,35,0,35,205,45,31312.845,17850.0,13462.845000000001,5
2705,1239,80,155,0,155,135,5,15,70,70,0,70,210,65,35450.280000000006,19975.0,15475.280000000006,5
2706,1239,155,130,0,130,130,0,0,45,45,0,45,280,30,16177.5,24225.0,-8047.5,5
2707,1239,95,170,0,170,130,10,30,30,30,0,30,220,15,8604.36,22525.0,-13920.64,5
2708,1239,85,150,0,150,130,0,20,50,50,0,50,210,60,39544.11000000001,19975.0,19569.110000000008,5
2709,1239,105,130,0,130,100,15,15,70,70,0,70,200,45,23376.78,19975.0,3401.779999999999,5
2710,1239,160,130,0,130,115,0,15,50,50,0,50,270,15,7155.720000000001,24650.0,-17494.28,5
2711,1239,75,165,0,165,130,5,30,45,45,0,45,200,60,42230.44125,20400.0,21830.441250000003,5
2712,1239,90,150,0,150,120,5,25,55,55,0,55,205,40,23574.780000000006,20400.0,3174.780000000005,5
2713,1239,100,155,0,155,155,0,0,45,45,0,45,250,30,16638.660000000003,21675.0,-5036.339999999998,5
2714,1239,95,140,0,140,140,0,0,40,40,0,40,230,35,22203.090000000004,19975.0,2228.090000000002,5
2715,1239,90,145,0,145,140,0,5,45,45,0,45,225,50,32124.825000000004,19975.0,12149.825000000004,5
2716,1239,65,170,0,170,165,0,5,30,30,0,30,225,45,29902.455000000005,19975.0,9927.455000000005,5
2717,1239,160,105,0,105,95,0,10,60,60,0,60,250,70,42122.925,22525.0,19597.925000000003,5
2718,1239,70,150,0,150,120,0,30,55,55,0,55,185,55,31477.14,18700.0,12777.14,5
2719,1239,65,155,0,155,140,0,15,45,45,0,45,200,25,13125.780000000002,18700.0,-5574.2199999999975,5
2720,1239,110,140,0,140,140,0,0,55,55,0,55,245,30,15541.2,21250.0,-5708.799999999999,5
2721,1239,100,150,0,150,115,5,30,60,60,0,55,210,50,31861.440000000006,21250.0,10611.440000000006,5
2722,1239,125,150,0,150,120,0,30,50,50,0,50,240,35,18482.04,23375.0,-4892.959999999998,5
2723,1239,80,130,0,130,115,15,0,70,70,0,65,190,45,32039.437500000007,17850.0,14189.437500000007,5
2724,1239,105,160,0,160,130,0,30,45,45,0,45,230,35,20458.080000000005,22525.0,-2066.9199999999955,5
2725,1239,105,125,0,125,105,15,5,50,50,0,50,205,50,35859.90375,19550.0,16309.903749999998,5
2726,1239,155,105,0,105,95,0,10,55,55,0,55,245,65,48324.037500000006,22100.0,26224.037500000006,5
2727,1239,100,140,0,140,135,0,5,50,50,0,50,230,55,35987.80500000001,20400.0,15587.805000000008,5
2728,1239,90,145,0,145,140,0,5,55,55,0,55,225,20,11260.619999999999,19975.0,-8714.380000000001,5
2729,1239,110,140,0,140,135,0,5,30,30,0,25,240,30,18701.820000000003,21250.0,-2548.1799999999976,5
2730,1239,85,160,0,160,110,15,35,70,70,0,70,190,85,52176.78000000001,20825.0,31351.780000000017,5
2731,1239,90,155,0,155,145,0,10,45,45,0,45,230,30,16550.820000000003,20825.0,-4274.179999999997,5
2732,1239,145,135,0,135,130,0,5,50,50,0,50,270,40,23926.140000000007,23800.0,126.14000000000487,5
2733,1239,115,140,0,140,135,0,5,40,40,0,40,245,5,2634.1200000000003,21675.0,-19040.88,5
2734,1239,170,115,0,115,105,0,10,60,60,0,55,270,15,7551.0,24225.0,-16674.0,5
2735,1239,90,140,0,140,130,0,10,65,65,0,65,215,35,20480.04,19550.0,930.039999999999,5
2736,1239,100,155,0,155,140,0,15,40,40,0,35,235,30,19470.15,21675.0,-2204.849999999999,5
2737,1239,155,125,0,125,110,0,15,55,55,0,55,260,45,28601.280000000006,23800.0,4801.280000000006,5
2738,1239,100,160,0,160,160,0,0,35,35,0,35,255,25,12994.92,22100.0,-9105.08,5
2739,1239,135,110,0,110,95,0,15,60,60,0,60,225,20,10053.36,20825.0,-10771.639999999998,5
2740,1239,145,100,0,100,100,0,0,65,65,0,65,240,25,13543.02,20825.0,-7281.979999999999,5
2741,1239,80,140,0,140,110,20,10,60,60,0,60,185,50,34020.6075,18700.0,15320.607500000002,5
2742,1239,135,120,0,120,95,0,25,70,70,0,70,225,65,47180.2725,21675.0,25505.2725,5
2743,1239,140,125,0,125,125,0,0,55,55,0,55,260,30,17823.960000000003,22525.0,-4701.039999999995,5
2744,1239,100,140,0,140,140,0,0,45,45,0,45,235,15,7463.16,20400.0,-12936.84,5
2745,1239,105,130,0,130,130,0,0,45,45,0,45,230,55,36635.51250000001,19975.0,16660.512500000008,5
2746,1239,45,170,0,170,170,0,0,35,35,0,35,210,35,19162.440000000002,18275.0,887.4400000000037,5
2747,1239,60,145,0,145,115,0,30,55,55,0,50,170,90,69064.80750000001,17425.0,51639.80750000001,5
2748,1239,120,125,0,125,100,0,25,70,70,0,70,215,85,54250.425,20825.0,33425.425,5
2749,1239,120,120,0,120,120,0,0,40,40,0,40,235,45,27997.65,20400.0,7597.650000000003,5
2750,1239,145,130,0,130,115,0,15,35,35,0,35,255,35,21072.420000000006,23375.0,-2302.5799999999936,5
2751,1239,120,135,0,135,100,10,25,60,60,0,60,215,55,32498.010000000002,21675.0,10823.010000000004,5
2752,1239,70,160,0,160,145,0,15,50,50,0,45,210,25,13521.42,19550.0,-6028.58,5
2753,1239,90,145,0,145,140,0,5,35,35,0,35,225,20,11787.3,19975.0,-8187.7,5
2754,1239,110,140,0,140,90,10,40,55,55,0,55,195,25,13477.500000000002,21250.0,-7772.499999999998,5
2755,1239,135,120,0,120,110,5,5,65,65,0,65,240,65,39104.73000000001,21675.0,17429.73000000001,5
2756,1239,155,135,0,135,120,0,15,40,40,0,40,270,25,14026.5,24650.0,-10623.5,5
2757,1239,75,160,0,160,135,0,25,40,40,0,40,205,30,17208.9,19975.0,-2766.099999999999,5
2758,1239,150,125,0,125,115,0,10,45,45,0,45,260,55,32640.39,23375.0,9265.389999999998,5
2759,1239,70,170,0,170,130,10,30,45,45,0,40,195,65,47786.579999999994,20400.0,27386.579999999994,5
2760,1239,110,165,0,165,105,30,30,55,55,0,55,210,50,33858.855,23375.0,10483.855000000003,5
2761,1239,130,130,0,130,130,0,0,35,35,0,35,255,20,11743.2,22100.0,-10356.8,5
2762,1239,100,145,0,145,135,0,10,45,45,0,45,230,80,60136.68375000001,20825.0,39311.68375000001,5
2763,1239,80,170,0,170,135,10,25,35,35,0,35,210,40,26659.125,21250.0,5409.124999999999,5
2764,1239,125,135,0,135,125,0,10,60,60,0,55,245,35,17033.4,22100.0,-5066.5999999999985,5
2765,1239,60,190,0,190,105,40,45,45,45,0,45,160,30,15013.800000000001,21250.0,-6236.199999999999,5
2766,1239,155,130,0,130,130,0,0,40,40,0,40,280,30,15409.080000000004,24225.0,-8815.919999999996,5
2767,1239,135,135,0,135,125,5,5,55,55,0,55,255,50,28009.08,22950.0,5059.080000000004,5
2768,1239,75,145,0,145,125,0,20,55,55,0,50,195,90,62926.76250000001,18700.0,44226.76250000001,5
2769,1239,140,125,0,125,125,0,0,35,35,0,35,260,45,37391.279062500005,22525.0,14866.279062500002,5
2770,1239,95,150,0,150,130,5,15,50,50,0,50,220,25,12687.48,20825.0,-8137.5199999999995,5
2771,1239,110,150,0,150,145,0,5,40,40,0,40,250,15,7594.920000000002,22100.0,-14505.079999999998,5
2772,1239,50,170,0,170,150,0,20,40,40,0,40,195,25,15518.970000000001,18700.0,-3181.0299999999984,5
2773,1239,115,105,0,105,105,0,0,65,65,0,65,215,90,57510.09000000001,18700.0,38810.09000000001,5
2774,1239,110,145,0,145,120,15,10,50,50,0,50,225,45,25353.000000000007,21675.0,3678.0000000000064,5
2775,1239,130,135,0,135,130,0,5,55,55,0,55,255,40,25803.045000000002,22525.0,3278.045000000002,5
2776,1239,180,120,0,120,110,0,10,55,55,0,55,285,50,28206.72,25500.0,2706.7200000000003,5
2777,1239,130,125,0,125,125,0,0,60,60,0,60,250,60,38160.63000000001,21675.0,16485.630000000012,5
2778,1239,120,135,0,135,135,0,0,50,50,0,50,250,35,23520.15,21675.0,1845.1500000000033,5
2779,1239,45,175,0,175,140,0,35,40,40,0,40,180,35,21961.53,18700.0,3261.529999999998,5
2780,1239,90,140,0,140,135,0,5,65,65,0,60,220,60,35779.23,19550.0,16229.230000000003,5
2781,1239,100,135,0,135,125,0,10,55,55,0,55,220,65,41744.475000000006,19975.0,21769.475000000002,5
2782,1239,115,145,0,145,130,0,15,40,40,0,40,240,20,10272.600000000002,22100.0,-11827.399999999998,5
2783,1239,105,130,0,130,120,0,10,45,45,0,45,220,80,58081.31999999999,19975.0,38106.31999999999,5
2784,1239,125,155,0,155,140,0,15,35,35,0,35,260,10,5268.240000000001,23800.0,-18531.76,5
2785,1239,190,110,0,110,110,0,0,25,25,0,25,295,30,18108.810000000005,25500.0,-7391.189999999997,5
2786,1239,100,135,0,135,125,0,10,70,70,0,70,220,20,12160.62,19975.0,-7814.379999999999,5
2787,1239,70,165,0,165,125,5,35,50,50,0,50,190,25,14772.600000000002,19975.0,-5202.399999999998,5
2788,1239,110,145,0,145,145,0,0,40,40,0,40,250,30,18460.170000000002,21675.0,-3214.829999999997,5
2789,1239,85,155,0,155,145,0,10,25,25,0,25,225,35,22367.790000000005,20400.0,1967.7900000000045,5
2790,1239,100,135,0,135,125,0,10,45,45,0,45,220,55,39796.582500000004,19975.0,19821.582500000004,5
2791,1239,65,145,0,145,130,0,15,35,35,0,35,190,85,64298.171250000014,17850.0,46448.171250000014,5
2792,1239,120,140,0,140,125,0,15,30,30,0,30,240,50,33469.335,22100.0,11369.335000000001,5
2793,1239,75,145,0,145,145,0,0,50,50,0,50,215,65,44976.91500000001,18700.0,26276.915000000008,5
2794,1239,45,180,0,180,160,0,20,35,35,0,30,200,30,18570.330000000005,19125.0,-554.6699999999942,5
2795,1239,100,165,0,165,155,0,10,25,25,0,25,250,10,4916.88,22525.0,-17608.12,5
2796,1239,80,145,0,145,140,0,5,45,45,0,45,215,20,10272.6,19125.0,-8852.4,5
2797,1239,105,150,0,150,105,15,30,65,65,0,65,205,45,25155.36,21675.0,3480.3600000000006,5
2798,1239,95,110,0,110,105,5,0,55,55,0,55,195,85,60252.35062500001,17425.0,42827.35062500001,5
2799,1239,110,130,0,130,120,10,0,60,60,0,55,225,55,32157.000000000007,20400.0,11757.000000000007,5
2800,1239,110,120,0,120,115,0,5,65,65,0,60,220,55,32717.070000000003,19550.0,13167.070000000003,5
2801,1239,115,145,0,145,120,0,25,40,40,0,40,230,30,16243.020000000004,22100.0,-5856.979999999996,5
2802,1239,70,165,0,165,150,5,10,30,30,0,30,215,20,10009.440000000002,19975.0,-9965.559999999998,5
2803,1239,85,145,0,145,120,0,25,55,55,0,55,200,70,46699.83000000001,19550.0,27149.83000000001,5
2804,1239,115,155,0,155,145,0,10,40,40,0,40,255,30,18186.03,22950.0,-4763.969999999999,5
2805,1239,150,120,0,120,120,0,0,45,45,0,45,265,35,22992.885000000002,22950.0,42.88500000000113,5
2806,1239,105,155,0,155,145,0,10,60,60,0,60,245,60,38303.865,22100.0,16203.865000000002,5
2807,1239,105,145,0,145,140,0,5,50,50,0,50,240,30,15102.0,21250.0,-6148.0,5
2808,1239,95,165,0,165,165,0,0,20,20,0,20,255,5,2502.36,22100.0,-19597.64,5
2809,1239,105,130,0,130,125,0,5,40,40,0,40,225,45,33039.84375,19975.0,13064.84375,5
2810,1239,100,130,0,130,115,0,15,50,50,0,50,210,65,46515.93750000001,19550.0,26965.937500000007,5
2811,1239,85,175,0,175,145,5,25,40,40,0,40,225,25,12160.44,22100.0,-9939.56,5
2812,1239,105,140,0,140,115,0,25,45,45,0,45,215,55,33639.39,20825.0,12814.390000000003,5
2813,1239,115,140,0,140,130,0,10,40,40,0,40,240,35,20545.56,21675.0,-1129.4399999999996,5
2814,1239,75,155,0,155,140,5,10,55,55,0,55,210,35,21116.52,19550.0,1566.5200000000004,5
2815,1239,90,160,0,160,140,0,20,55,55,0,55,225,45,22916.16,21250.0,1666.1599999999999,5
2816,1239,100,155,0,155,125,0,30,50,50,0,45,220,20,10053.36,21675.0,-11621.639999999998,5
2817,1239,70,160,0,160,160,0,0,25,25,0,25,225,0,0.0,19550.0,-19550.0,5
2818,1239,75,170,0,170,165,0,5,35,35,0,35,235,40,23772.420000000002,20825.0,2947.420000000002,5
2819,1239,95,160,0,160,155,0,5,25,25,0,25,245,35,25792.132500000003,21675.0,4117.132500000002,5
2820,1239,80,145,0,145,125,0,20,60,60,0,60,200,90,62875.18124999999,19125.0,43750.18124999999,5
2821,1239,125,140,0,140,130,0,10,40,40,0,40,250,50,34517.655000000006,22525.0,11992.655000000004,5
2822,1239,75,175,0,175,135,20,20,50,50,0,50,205,10,5136.4800000000005,21250.0,-16113.519999999999,5
2823,1239,135,145,0,145,140,0,5,30,30,0,30,270,5,3029.0400000000004,23800.0,-20770.96,5
2824,1239,85,155,0,155,140,0,15,35,35,0,35,220,20,9921.6,20400.0,-10478.4,5
2825,1239,100,145,0,145,140,0,5,50,50,0,45,235,25,13806.54,20825.0,-7018.46,5
2826,1239,105,145,0,145,135,0,10,50,50,0,50,235,45,25089.480000000003,21250.0,3839.480000000003,5
2827,1239,175,120,0,120,120,0,0,35,35,0,35,290,20,10492.2,25075.0,-14582.8,5
2828,1239,55,180,0,180,175,0,5,35,35,0,30,225,30,18065.520000000004,19975.0,-1909.4799999999964,5
2829,1239,85,145,0,145,140,0,5,50,50,0,50,220,40,23124.870000000003,19550.0,3574.870000000001,5
2830,1239,95,145,0,145,105,10,30,70,70,0,70,195,70,42529.41,20400.0,22129.410000000007,5
2831,1239,110,135,0,135,110,0,25,55,55,0,55,215,60,36920.79000000001,20825.0,16095.790000000006,5
2832,1239,105,145,0,145,125,0,20,50,50,0,50,225,50,28799.100000000002,21250.0,7549.100000000003,5
2833,1239,155,130,0,130,120,0,10,55,55,0,55,270,25,12380.04,24225.0,-11844.96,5
2834,1239,85,140,0,140,100,0,40,65,65,0,65,180,65,47210.287500000006,19125.0,28085.287500000006,5
2835,1239,120,130,0,130,130,0,0,50,50,0,50,245,45,28425.69,21250.0,7175.69,5
2836,1239,90,145,0,145,135,5,5,55,55,0,55,220,45,27591.840000000007,19975.0,7616.8400000000065,5
2837,1239,95,135,0,135,125,0,10,45,45,0,45,215,60,38673.967500000006,19550.0,19123.967500000006,5
2838,1239,60,160,0,160,145,0,15,45,45,0,45,200,30,15409.440000000002,18700.0,-3290.559999999998,5
2839,1239,110,145,0,145,105,10,30,50,50,0,50,210,60,34945.38000000001,21675.0,13270.380000000008,5
2840,1239,100,140,0,140,125,0,15,40,40,0,40,220,20,12775.320000000002,20400.0,-7624.6799999999985,5
2841,1239,135,135,0,135,135,0,0,50,50,0,50,265,35,17604.36,22950.0,-5345.640000000001,5
2842,1239,70,160,0,160,160,0,0,40,40,0,40,225,25,12906.720000000003,19550.0,-6643.279999999997,5
2843,1239,90,170,0,170,130,0,40,35,35,0,35,215,25,12380.04,22100.0,-9719.96,5
2844,1239,50,170,0,170,145,15,10,45,45,0,45,190,50,34881.637500000004,18700.0,16181.6375,5
2845,1239,130,150,0,150,140,0,10,30,30,0,30,265,25,13170.240000000002,23800.0,-10629.759999999998,5
2846,1239,115,125,0,125,115,0,10,65,65,0,65,225,40,21204.18,20400.0,804.1800000000012,5
2847,1239,60,165,0,165,150,0,15,40,40,0,40,205,50,34242.93000000001,19125.0,15117.930000000006,5
2848,1239,105,125,0,125,115,5,5,80,80,0,80,215,50,28952.730000000003,19550.0,9402.730000000001,5
2849,1239,165,120,0,120,120,0,0,40,40,0,40,280,25,12292.2,24225.0,-11932.8,5
2850,1239,60,150,0,150,125,0,25,45,45,0,45,180,70,48531.09375,17850.0,30681.09375,5
2851,1239,85,150,0,150,150,0,0,50,50,0,50,230,40,23498.19,19975.0,3523.1899999999996,5
2852,1239,100,165,0,165,135,0,30,50,50,0,50,230,30,15145.920000000002,22525.0,-7379.079999999999,5
2853,1239,45,180,0,180,165,0,15,35,35,0,35,205,40,24321.15,19125.0,5196.150000000002,5
2854,1239,90,160,0,160,95,35,30,55,55,0,55,180,60,38581.17750000001,21250.0,17331.177500000013,5
2855,1239,130,150,0,150,145,0,5,40,40,0,40,270,40,25078.77,23800.0,1278.7699999999995,5
2856,1239,135,135,0,135,85,25,25,75,75,0,70,215,45,26746.83,22950.0,3796.83,5
2857,1239,70,160,0,160,155,0,5,35,35,0,35,220,60,44609.715,19550.0,25059.714999999997,5
2858,1239,80,145,0,145,110,0,35,60,60,0,60,185,40,22740.570000000003,19125.0,3615.5700000000024,5
2859,1239,125,145,0,145,145,0,0,30,30,0,30,265,30,17538.120000000003,22950.0,-5411.879999999999,5
2860,1239,150,115,0,115,115,0,0,50,50,0,50,260,50,30533.040000000008,22525.0,8008.04000000001,5
2861,1239,100,155,0,155,150,0,5,30,30,0,30,245,35,20326.320000000003,21675.0,-1348.679999999997,5
2862,1239,75,150,0,150,140,0,10,55,55,0,55,210,90,60573.10500000001,19125.0,41448.10500000001,5
2863,1239,90,160,0,160,135,0,25,55,55,0,55,220,35,18811.620000000003,21250.0,-2438.3799999999974,5
2864,1239,100,145,0,145,135,0,10,60,60,0,60,230,80,52758.855,20825.0,31933.855000000003,5
2865,1239,90,140,0,140,135,0,5,55,55,0,55,220,45,29573.055000000004,19550.0,10023.055000000004,5
2866,1239,115,155,0,155,140,0,15,25,25,0,25,250,20,11765.7,22950.0,-11184.3,5
2867,1239,120,110,0,110,105,0,5,65,65,0,65,220,55,32596.559999999998,19550.0,13046.56,5
2868,1239,100,120,0,120,115,5,0,80,80,0,75,210,50,31246.605000000003,18700.0,12546.605000000003,5
2869,1239,65,150,0,150,140,0,10,45,45,0,40,200,40,25243.065000000002,18275.0,6968.065000000001,5
2870,1239,90,135,0,135,120,0,15,60,60,0,60,205,90,58970.115000000005,19125.0,39845.115000000005,5
2871,1239,80,150,0,150,145,0,5,45,45,0,40,220,35,21028.680000000004,19550.0,1478.680000000004,5
2872,1239,105,135,0,135,135,0,0,55,55,0,55,235,55,32267.430000000004,20400.0,11867.430000000004,5
2873,1239,70,160,0,160,145,0,15,25,25,0,25,210,15,9613.800000000003,19550.0,-9936.199999999997,5
2874,1239,80,155,0,155,155,0,0,55,55,0,55,230,45,27328.590000000004,19975.0,7353.590000000004,5
2875,1239,160,135,0,135,130,0,5,45,45,0,45,285,10,5180.400000000001,25075.0,-19894.6,5
2876,1239,120,125,0,125,110,0,15,65,65,0,60,225,50,28809.99,20825.0,7984.9900000000025,5
2877,1239,160,130,0,130,125,0,5,40,40,0,40,280,15,7507.080000000001,24650.0,-17142.92,5
2878,1239,60,170,0,170,140,0,30,30,30,0,30,195,45,32763.971250000002,19550.0,13213.971250000004,5
2879,1239,80,155,0,155,150,0,5,40,40,0,40,225,20,10360.800000000001,19975.0,-9614.199999999999,5
2880,1239,115,145,0,145,145,0,0,55,55,0,55,255,40,22960.440000000002,22100.0,860.4400000000032,5
2881,1239,155,130,0,130,100,0,30,60,60,0,60,250,55,32596.830000000005,24225.0,8371.830000000005,5
2882,1239,80,165,0,165,160,0,5,50,50,0,50,235,30,20397.555,20825.0,-427.4449999999979,5
2883,1239,135,115,0,115,105,0,10,50,50,0,50,235,75,50328.348750000005,21250.0,29078.348750000005,5
2884,1239,130,115,0,115,115,0,0,50,50,0,50,240,50,39551.29875,20825.0,18726.298750000005,5
2885,1239,80,170,0,170,130,5,35,40,40,0,40,205,20,10053.36,21250.0,-11196.64,5
2886,1239,80,150,0,150,110,25,15,60,60,0,60,185,60,37963.48499999999,19550.0,18413.484999999997,5
2887,1239,125,150,0,150,145,0,5,35,35,0,35,265,30,16528.86,23375.0,-6846.139999999998,5
2888,1239,85,160,0,160,145,0,15,45,45,0,40,225,10,5048.64,20825.0,-15776.36,5
2889,1239,105,130,0,130,125,0,5,55,55,0,55,225,65,41069.250000000015,19975.0,21094.25000000001,5
2890,1239,65,175,0,175,150,15,10,55,55,0,55,210,45,24453.179999999997,20400.0,4053.1799999999976,5
2891,1239,130,130,0,130,130,0,0,50,50,0,50,255,45,23311.440000000002,22100.0,1211.4400000000023,5
2892,1239,95,150,0,150,140,0,10,40,40,0,40,230,40,20282.04,20825.0,-542.9599999999982,5
2893,1239,85,165,0,165,125,0,40,45,45,0,45,205,35,22126.230000000003,21250.0,876.230000000005,5
2894,1239,105,130,0,130,130,0,0,35,35,0,35,230,40,27300.915,19975.0,7325.915,5
2895,1239,120,145,0,145,145,0,0,35,35,0,35,260,20,11172.78,22525.0,-11352.22,5
2896,1239,145,125,0,125,120,0,5,45,45,0,45,260,35,20808.9,22950.0,-2141.0999999999967,5
2897,1239,125,130,0,130,125,0,5,45,45,0,45,245,50,30204.270000000004,21675.0,8529.270000000006,5
2898,1239,70,160,0,160,145,0,15,50,50,0,50,210,65,41179.68,19550.0,21629.68,5
2899,1239,105,140,0,140,105,15,20,50,50,0,50,205,60,36497.83500000001,20825.0,15672.835000000005,5
2900,1239,105,150,0,150,140,0,10,40,40,0,35,240,15,7726.680000000001,21675.0,-13948.32,5
2901,1239,75,160,0,160,135,0,25,50,50,0,50,205,45,26022.510000000002,19975.0,6047.510000000002,5
2902,1239,115,115,0,115,110,0,5,75,75,0,75,220,70,41382.315,19550.0,21832.315,5
2903,1239,130,135,0,135,135,0,0,45,45,0,45,260,55,34923.645000000004,22525.0,12398.645000000006,5
2904,1239,75,165,0,165,150,10,5,40,40,0,40,220,25,18438.705,20400.0,-1961.2949999999978,5
2905,1239,110,135,0,135,135,0,0,50,50,0,50,240,65,39862.62,20825.0,19037.620000000003,5
2906,1239,160,120,0,120,120,0,0,55,55,0,55,275,20,10097.280000000002,23800.0,-13702.72,5
2907,1239,105,140,0,140,125,0,15,45,45,0,45,225,40,25001.910000000003,20825.0,4176.910000000003,5
2908,1239,115,125,0,125,120,0,5,50,50,0,50,230,60,38632.99500000001,20400.0,18232.99500000001,5
2909,1239,55,170,0,170,150,5,15,35,35,0,30,200,15,7155.3600000000015,19125.0,-11969.64,5
2910,1239,130,125,0,125,125,0,0,40,40,0,40,250,60,39697.785,21675.0,18022.785000000003,5
2911,1239,95,115,0,115,100,5,10,60,60,0,60,190,115,87341.42812500002,17850.0,69491.42812500002,5
2912,1239,155,125,0,125,120,0,5,50,50,0,50,270,30,16287.300000000003,23800.0,-7512.699999999997,5
2913,1239,90,145,0,145,145,0,0,35,35,0,35,230,45,29896.605,19975.0,9921.605,5
2914,1239,65,175,0,175,145,15,15,45,45,0,45,205,20,10821.42,20400.0,-9578.58,5
2915,1239,85,150,0,150,140,0,10,40,40,0,40,220,10,5224.32,19975.0,-14750.68,5
2916,1239,55,165,0,165,135,0,30,45,45,0,45,185,20,10448.280000000002,18700.0,-8251.719999999998,5
2917,1239,70,165,0,165,145,0,20,50,50,0,50,210,25,13214.160000000002,19975.0,-6760.839999999998,5
2918,1239,75,165,0,165,110,15,40,40,40,0,40,180,45,29797.672500000004,20400.0,9397.672500000004,5
2919,1239,95,150,0,150,150,0,0,35,35,0,35,240,65,47528.549999999996,20825.0,26703.549999999996,5
2920,1239,155,120,0,120,120,0,0,40,40,0,40,270,30,18186.03,23375.0,-5188.969999999999,5
2921,1239,105,140,0,140,105,0,35,85,85,0,85,205,65,36558.450000000004,20825.0,15733.450000000003,5
2922,1239,150,125,0,125,120,0,5,35,35,0,35,265,35,22741.110000000008,23375.0,-633.8899999999921,5
2923,1239,105,150,0,150,135,0,15,50,50,0,50,235,45,27515.249999999996,21675.0,5840.249999999996,5
2924,1239,105,135,0,135,115,15,5,60,60,0,60,215,55,31806.000000000004,20400.0,11406.000000000004,5
2925,1239,110,145,0,145,135,0,10,40,40,0,40,240,30,16879.68,21675.0,-4795.32,5
2926,1239,110,150,0,150,150,0,0,50,50,0,50,255,25,12687.48,22100.0,-9412.52,5
2927,1239,110,145,0,145,140,0,5,50,50,0,50,245,15,7155.720000000001,21675.0,-14519.279999999999,5
2928,1239,70,165,0,165,160,0,5,40,40,0,40,225,20,11084.940000000002,19975.0,-8890.059999999998,5
2929,1239,110,130,0,130,120,0,10,50,50,0,50,225,45,26889.390000000003,20400.0,6489.390000000003,5
2930,1239,110,135,0,135,110,0,25,55,55,0,50,215,60,37765.89,20825.0,16940.89,5
2931,1239,110,130,0,130,125,5,0,40,40,0,40,230,70,53391.37921875,20400.0,32991.37921875,5
2932,1239,115,150,0,150,135,0,15,40,40,0,35,245,30,18064.980000000003,22525.0,-4460.019999999997,5
2933,1239,125,140,0,140,120,0,20,50,50,0,50,240,35,20062.800000000003,22525.0,-2462.199999999998,5
2934,1239,90,145,0,145,130,0,15,50,50,0,50,215,15,7419.240000000001,19975.0,-12555.76,5
2935,1239,50,185,0,185,150,5,30,35,35,0,30,195,55,40760.364375000005,19975.0,20785.364375000005,5
2936,1239,90,170,0,170,140,0,30,35,35,0,35,225,20,11590.020000000002,22100.0,-10509.979999999998,5
2937,1239,90,140,0,140,135,0,5,50,50,0,50,220,70,44647.74000000001,19550.0,25097.740000000013,5
2938,1239,80,155,0,155,145,0,10,25,25,0,25,220,10,4872.960000000001,19975.0,-15102.039999999999,5
2939,1239,80,145,0,145,120,5,20,50,50,0,50,195,40,24365.07,19125.0,5240.070000000001,5
2940,1239,70,170,0,170,130,15,25,45,45,0,45,195,35,23619.105,20400.0,3219.1049999999996,5
2941,1239,105,150,0,150,140,0,10,25,25,0,25,240,25,16528.77,21675.0,-5146.229999999998,5
2942,1239,125,165,0,165,125,10,30,45,45,0,45,245,20,11457.900000000001,24650.0,-13192.099999999999,5
2943,1239,105,140,0,140,135,0,5,55,55,0,55,235,25,12687.48,20825.0,-8137.5199999999995,5
2944,1239,135,130,0,130,125,0,5,50,50,0,50,255,35,20545.920000000002,22525.0,-1979.079999999999,5
2945,1239,70,155,0,155,110,25,20,60,60,0,60,175,65,41420.6325,19125.0,22295.6325,5
2946,1239,80,160,0,160,115,0,45,40,40,0,40,190,60,40081.41,20400.0,19681.410000000003,5
2947,1239,50,170,0,170,135,15,20,45,45,0,40,180,60,42400.17,18700.0,23700.17,5
2948,1239,130,140,0,140,140,0,0,50,50,0,50,265,45,26198.190000000002,22950.0,3248.190000000004,5
2949,1239,105,155,0,155,150,0,5,30,30,0,30,250,5,2502.36,22100.0,-19597.64,5
2950,1239,100,140,0,140,130,0,10,60,60,0,60,225,45,23574.779999999995,20400.0,3174.779999999996,5
2951,1239,115,130,0,130,110,0,20,55,55,0,55,220,65,44647.245,20825.0,23822.245000000003,5
2952,1239,85,150,0,150,130,5,15,45,45,0,45,210,75,52450.3575,19975.0,32475.3575,5
2953,1239,125,130,0,130,120,0,10,55,55,0,55,240,40,23772.420000000006,21675.0,2097.4200000000064,5
2954,1239,120,150,0,150,140,0,10,45,45,0,40,255,45,27284.670000000002,22950.0,4334.670000000001,5
2955,1239,80,150,0,150,110,10,30,60,60,0,60,185,50,32091.660000000007,19550.0,12541.660000000007,5
2956,1239,45,175,0,175,125,15,35,45,45,0,40,165,60,39313.26000000001,18700.0,20613.26000000001,5
2957,1239,115,145,0,145,140,0,5,45,45,0,45,250,35,20370.24,22100.0,-1729.7599999999989,5
2958,1239,120,145,0,145,135,0,10,35,35,0,35,250,20,10316.52,22525.0,-12208.48,5
2959,1239,110,130,0,130,105,15,10,60,60,0,60,210,65,46797.975000000006,20400.0,26397.975000000006,5
2960,1239,110,130,0,130,125,0,5,60,60,0,60,230,55,29523.420000000006,20400.0,9123.420000000006,5
2961,1239,70,150,0,150,135,5,10,40,40,0,40,200,50,36679.027500000004,18700.0,17979.027500000004,5
2962,1239,80,150,0,150,90,25,35,55,55,0,55,165,50,27394.199999999997,19550.0,7844.199999999996,5
2963,1239,135,135,0,135,115,0,20,40,40,0,40,245,70,48688.098750000005,22950.0,25738.09875000001,5
2964,1239,95,135,0,135,130,0,5,50,50,0,50,220,80,52582.905,19550.0,33032.905,5
2965,1239,85,145,0,145,120,0,25,50,50,0,50,200,60,40026.91500000001,19550.0,20476.915000000008,5
2966,1239,120,125,0,125,100,10,15,75,75,0,70,215,75,47314.530000000006,20825.0,26489.530000000006,5
2967,1239,85,155,0,155,150,0,5,45,45,0,45,230,20,10053.360000000002,20400.0,-10346.639999999998,5
2968,1239,65,155,0,155,130,10,15,60,60,0,60,190,85,57376.05750000001,18700.0,38676.05750000001,5
2969,1239,95,155,0,155,155,0,0,30,30,0,30,245,15,7155.720000000001,21250.0,-14094.279999999999,5
2970,1239,75,170,0,170,170,0,0,25,25,0,25,240,10,5092.560000000001,20825.0,-15732.439999999999,5
2971,1239,80,145,0,145,135,0,10,50,50,0,45,210,60,46549.884375,19125.0,27424.884375,5
2972,1239,160,120,0,120,120,0,0,35,35,0,35,275,20,11633.580000000002,23800.0,-12166.419999999998,5
2973,1239,90,145,0,145,130,5,10,65,65,0,60,215,50,31038.210000000003,19975.0,11063.210000000003,5
2974,1239,100,130,0,130,125,0,5,70,70,0,70,220,70,50149.2375,19550.0,30599.2375,5
2975,1239,80,165,0,165,135,5,25,45,45,0,40,210,10,6321.780000000001,20825.0,-14503.22,5
2976,1239,65,145,0,145,140,5,0,60,60,0,60,200,55,40507.12125,17850.0,22657.12125,5
2977,1239,70,155,0,155,145,5,5,35,35,0,35,210,100,83488.95210937501,19125.0,64363.95210937501,5
2978,1239,125,110,0,110,105,0,5,55,55,0,55,225,70,52789.545000000006,19975.0,32814.545000000006,5
2979,1239,155,120,0,120,105,0,15,60,60,0,60,255,35,20721.600000000002,23375.0,-2653.399999999997,5
2980,1239,155,125,0,125,120,0,5,60,60,0,60,270,45,25396.92,23800.0,1596.92,5
2981,1239,120,145,0,145,140,0,5,35,35,0,35,255,15,7419.240000000001,22525.0,-15105.76,5
2982,1239,80,150,0,150,150,0,0,40,40,0,40,225,40,23410.350000000006,19550.0,3860.3500000000076,5
2983,1239,150,125,0,125,120,0,5,40,40,0,35,265,45,28360.170000000002,23375.0,4985.170000000003,5
2984,1239,60,180,0,180,130,5,45,50,50,0,50,185,55,35143.24500000001,20400.0,14743.245000000006,5
2985,1239,40,185,0,185,170,0,15,35,35,0,35,205,45,24957.720000000005,19125.0,5832.720000000004,5
2986,1239,115,150,0,150,145,0,5,40,40,0,40,255,15,8648.460000000001,22525.0,-13876.54,5
2987,1239,105,140,0,140,130,0,10,55,55,0,55,230,40,30389.253750000007,20825.0,9564.253750000007,5
2988,1239,70,160,0,160,145,5,10,45,45,0,45,210,50,34659.85500000001,19550.0,15109.85500000001,5
2989,1239,120,135,0,135,130,0,5,55,55,0,50,245,30,17340.84,21675.0,-4334.16,5
2990,1239,115,150,0,150,145,0,5,55,55,0,55,255,55,32026.140000000007,22525.0,9501.140000000005,5
2991,1239,70,160,0,160,135,0,25,40,40,0,40,200,40,26505.405000000006,19550.0,6955.405000000005,5
2992,1239,110,145,0,145,145,0,0,45,45,0,45,250,15,7375.320000000001,21675.0,-14299.679999999998,5
2993,1239,60,155,0,155,145,0,10,55,55,0,55,200,30,17516.52,18275.0,-758.4799999999996,5
2994,1239,85,150,0,150,140,0,10,45,45,0,45,220,30,15628.500000000004,19975.0,-4346.499999999996,5
2995,1239,85,160,0,160,125,20,15,60,60,0,60,205,65,43583.35500000001,20825.0,22758.35500000001,5
2996,1239,190,125,0,125,125,0,0,35,35,0,35,310,15,9021.78,26775.0,-17753.22,5
2997,1239,125,130,0,130,115,0,15,60,60,0,60,235,45,28535.580000000005,21675.0,6860.5800000000045,5
2998,1239,70,175,0,175,175,0,0,35,35,0,35,240,30,15497.280000000002,20825.0,-5327.7199999999975,5
2999,1239,60,150,0,150,125,10,15,50,50,0,50,180,50,32420.880000000005,17850.0,14570.880000000006,5
3000,1239,100,140,0,140,130,0,10,45,45,0,45,225,40,24804.270000000004,20400.0,4404.270000000006,5
3001,1239,115,140,0,140,125,0,15,40,40,0,40,235,20,10184.760000000002,21675.0,-11490.239999999998,5
3002,1239,160,120,0,120,100,0,20,55,55,0,50,255,75,57275.85093750001,23800.0,33475.85093750001,5
3003,1239,80,170,0,170,120,15,35,45,45,0,40,195,20,12094.560000000001,21250.0,-9155.439999999999,5
3004,1239,70,160,0,160,145,5,10,45,45,0,45,210,15,7594.920000000001,19550.0,-11955.079999999998,5
3005,1239,85,155,0,155,155,0,0,40,40,0,40,235,15,7463.160000000002,20400.0,-12936.839999999997,5
3006,1239,95,160,0,160,150,0,10,45,45,0,45,240,35,19097.1,21675.0,-2577.8999999999996,5
3007,1239,115,145,0,145,120,0,25,50,50,0,50,230,40,24727.41,22100.0,2627.41,5
3008,1239,75,150,0,150,120,5,25,50,50,0,50,190,50,33067.912500000006,19125.0,13942.912500000002,5
3009,1239,115,140,0,140,140,0,0,40,40,0,35,250,20,9965.52,21675.0,-11709.48,5
3010,1239,80,150,0,150,140,0,10,35,35,0,35,215,25,15211.800000000003,19550.0,-4338.199999999997,5
3011,1239,75,165,0,165,110,35,20,60,60,0,55,180,45,28146.195000000003,20400.0,7746.195000000002,5
3012,1239,90,145,0,145,145,0,0,40,40,0,40,230,30,18328.77,19975.0,-1646.2299999999982,5
3013,1239,80,155,0,155,140,0,15,65,65,0,65,215,45,25616.52,19975.0,5641.52,5
3014,1239,70,150,0,150,135,0,15,40,40,0,35,200,75,59216.641875000016,18700.0,40516.641875000016,5
3015,1239,100,150,0,150,110,15,25,55,55,0,55,205,30,17252.820000000003,21250.0,-3997.179999999996,5
3016,1239,115,135,0,135,110,0,25,55,55,0,50,220,50,27898.65,21250.0,6648.650000000002,5
3017,1239,150,110,0,110,95,0,15,60,60,0,60,240,85,54152.100000000006,22100.0,32052.10000000001,5
3018,1239,105,115,0,115,110,0,5,55,55,0,55,210,75,57677.622187500005,18700.0,38977.622187500005,5
3019,1239,145,135,0,135,120,0,15,55,55,0,55,260,45,27240.750000000004,23800.0,3440.7500000000027,5
3020,1239,170,105,0,105,100,0,5,40,40,0,40,265,35,20326.320000000003,23375.0,-3048.679999999997,5
3021,1239,80,140,0,140,135,0,5,35,35,0,35,210,35,23750.190000000006,18700.0,5050.190000000007,5
3022,1239,85,160,0,160,100,30,30,65,65,0,65,180,55,32684.400000000005,20825.0,11859.400000000005,5
3023,1239,80,145,0,145,120,0,25,55,55,0,55,195,25,14618.880000000001,19125.0,-4506.119999999999,5
3024,1239,105,135,0,135,115,5,15,55,55,0,50,215,35,19711.080000000005,20400.0,-688.919999999996,5
3025,1239,65,175,0,175,165,0,10,35,35,0,30,225,25,14399.82,20400.0,-6000.18,5
3026,1239,170,130,0,130,130,0,0,45,45,0,45,295,40,25397.190000000006,25500.0,-102.80999999999494,5
3027,1239,125,155,0,155,145,0,10,45,45,0,45,265,45,24584.580000000005,23800.0,784.5800000000054,5
3028,1239,135,120,0,120,115,0,5,45,45,0,45,245,40,24639.570000000003,21675.0,2964.5700000000033,5
3029,1239,65,165,0,165,160,0,5,35,35,0,35,220,30,18328.500000000004,19550.0,-1221.4999999999964,5
3030,1239,120,130,0,130,105,10,15,65,65,0,65,220,40,22037.940000000002,21250.0,787.9400000000032,5
3031,1239,135,115,0,115,115,0,0,55,55,0,55,245,25,12599.640000000001,21250.0,-8650.359999999999,5
3032,1239,85,145,0,145,105,15,25,75,75,0,75,185,55,36629.865000000005,19550.0,17079.865000000005,5
3033,1239,85,150,0,150,130,0,20,45,45,0,45,210,50,32903.91000000001,19975.0,12928.91000000001,5
3034,1239,80,155,0,155,115,30,10,55,55,0,50,190,35,22466.25,19975.0,2491.25,5
3035,1239,120,125,0,125,120,0,5,60,60,0,60,235,35,20194.56,20825.0,-630.4399999999987,5
3036,1239,70,160,0,160,150,0,10,45,45,0,40,215,15,7858.4400000000005,19550.0,-11691.56,5
3037,1239,140,110,0,110,110,0,0,75,75,0,75,245,65,42090.075,21250.0,20840.074999999997,5
3038,1239,110,160,0,160,135,0,25,50,50,0,50,240,25,13126.32,22950.0,-9823.68,5
3039,1239,120,145,0,145,135,5,5,40,40,0,40,250,35,18460.260000000002,22525.0,-4064.7399999999993,5
3040,1239,110,145,0,145,145,0,0,45,45,0,45,250,45,29767.477500000005,21675.0,8092.4775000000045,5
3041,1239,80,150,0,150,140,0,10,35,35,0,35,215,45,27964.710000000006,19550.0,8414.710000000005,5
3042,1239,100,150,0,150,145,0,5,40,40,0,40,240,20,11524.14,21250.0,-9725.86,5
3043,1239,90,160,0,160,145,0,15,50,50,0,50,230,20,11611.98,21250.0,-9638.02,5
3044,1239,80,160,0,160,145,5,10,45,45,0,40,220,55,34769.97,20400.0,14369.970000000003,5
3045,1239,90,150,0,150,130,0,20,40,40,0,40,215,25,13631.220000000003,20400.0,-6768.779999999997,5
3046,1239,175,110,0,110,100,5,5,55,55,0,55,270,60,35043.93000000001,24225.0,10818.93000000001,5
3047,1239,75,170,0,170,170,0,0,30,30,0,30,240,15,7551.000000000002,20825.0,-13273.999999999998,5
3048,1239,90,170,0,170,115,25,30,40,40,0,40,200,40,24947.010000000002,22100.0,2847.01,5
3049,1239,75,180,0,180,150,0,30,45,45,0,40,220,45,26033.760000000002,21675.0,4358.760000000002,5
3050,1239,155,110,0,110,110,0,0,45,45,0,40,260,50,33907.905,22525.0,11382.905,5
3051,1239,85,155,0,155,130,0,25,60,60,0,60,210,40,21248.100000000006,20400.0,848.100000000004,5
3052,1239,100,140,0,140,125,0,15,45,45,0,45,220,60,41388.075,20400.0,20988.074999999997,5
3053,1239,90,155,0,155,130,0,25,50,50,0,50,215,55,35186.76000000001,20825.0,14361.76000000001,5
3054,1239,130,125,0,125,120,0,5,50,50,0,45,245,50,34391.1825,21675.0,12716.182499999999,5
3055,1239,45,165,0,165,140,5,20,35,35,0,35,180,55,40238.3475,17850.0,22388.347500000003,5
3056,1239,145,115,0,115,100,0,15,50,50,0,45,240,35,21588.210000000003,22100.0,-511.7899999999963,5
3057,1239,55,155,0,155,130,20,5,45,45,0,40,180,40,24913.710000000006,17850.0,7063.7100000000055,5
3058,1239,60,165,0,165,160,0,5,45,45,0,45,215,25,14794.740000000002,19125.0,-4330.259999999998,5
3059,1239,75,155,0,155,140,0,15,55,55,0,50,210,55,37639.845,19550.0,18089.845,5
3060,1239,120,145,0,145,130,0,15,40,40,0,40,245,60,43289.3475,22525.0,20764.347500000003,5
3061,1239,80,135,0,135,115,5,15,45,45,0,45,190,95,71296.83984375,18275.0,53021.83984375,5
3062,1239,95,160,0,160,110,20,30,50,50,0,50,200,50,31784.31,21675.0,10109.310000000001,5
3063,1239,110,140,0,140,125,0,15,45,45,0,40,230,40,24321.420000000002,21250.0,3071.420000000003,5
3064,1239,140,135,0,135,135,0,0,30,30,0,30,270,25,16078.95,23375.0,-7296.05,5
3065,1239,100,150,0,150,105,10,35,60,60,0,60,200,40,24321.06,21250.0,3071.060000000002,5
3066,1239,125,135,0,135,135,0,0,35,35,0,35,255,55,38715.6825,22100.0,16615.682500000003,5
3067,1239,115,135,0,135,130,0,5,50,50,0,50,240,30,16309.259999999998,21250.0,-4940.740000000001,5
3068,1239,105,150,0,150,150,0,0,25,25,0,25,250,15,8780.220000000001,21675.0,-12894.779999999999,5
3069,1239,100,150,0,150,145,0,5,25,25,0,25,240,30,17845.920000000002,21250.0,-3404.0799999999967,5
3070,1239,85,160,0,160,125,10,25,35,35,0,35,205,45,28074.825,20825.0,7249.825000000001,5
3071,1239,60,160,0,160,115,10,35,35,35,0,35,170,70,49531.455,18700.0,30831.455000000005,5
3072,1239,55,190,0,190,155,0,35,40,40,0,40,205,25,12687.48,20825.0,-8137.5199999999995,5
3073,1239,110,140,0,140,140,0,0,35,35,0,35,245,20,10360.44,21250.0,-10889.56,5
3074,1239,115,135,0,135,135,0,0,40,40,0,40,245,20,11150.820000000002,21250.0,-10099.179999999998,5
3075,1239,130,130,0,130,100,0,30,60,60,0,55,225,55,38118.67875,22100.0,16018.67875,5
3076,1239,95,135,0,135,125,0,10,65,65,0,65,215,80,52313.89500000001,19550.0,32763.89500000001,5
3077,1239,55,180,0,180,150,5,25,35,35,0,35,200,40,28135.2825,19975.0,8160.282500000003,5
3078,1239,135,130,0,130,130,0,0,35,35,0,35,260,55,36717.795,22525.0,14192.794999999996,5
3079,1239,105,130,0,130,120,10,0,50,50,0,50,220,50,33583.725000000006,19975.0,13608.72500000001,5
3080,1239,85,150,0,150,125,0,25,40,40,0,40,205,45,33798.53250000001,19975.0,13823.532500000005,5
3081,1239,105,145,0,145,145,0,0,40,40,0,40,245,30,19118.790000000005,21250.0,-2131.2099999999964,5
3082,1239,140,110,0,110,95,0,15,55,55,0,50,230,65,44016.5025,21250.0,22766.502500000006,5
3083,1239,150,115,0,115,110,0,5,65,65,0,60,255,80,59241.94312499999,22525.0,36716.94312499999,5
3084,1239,80,165,0,165,160,0,5,30,30,0,30,235,15,7507.080000000001,20825.0,-13317.919999999998,5
3085,1239,115,130,0,130,120,0,10,40,40,0,40,230,40,28541.0025,20825.0,7716.0025,5
3086,1239,55,160,0,160,135,15,10,55,55,0,50,185,70,46348.76250000001,18275.0,28073.76250000001,5
3087,1239,115,145,0,145,145,0,0,30,30,0,30,255,25,15749.55,22100.0,-6350.450000000001,5
3088,1239,90,160,0,160,145,0,15,45,45,0,45,230,55,36427.365000000005,21250.0,15177.365000000005,5
3089,1239,100,140,0,140,130,0,10,35,35,0,35,225,25,13872.780000000002,20400.0,-6527.2199999999975,5
3090,1239,115,145,0,145,130,0,15,35,35,0,35,240,15,8121.6,22100.0,-13978.4,5
3091,1239,105,150,0,150,150,0,0,40,40,0,40,250,40,31208.63625000001,21675.0,9533.636250000009,5
3092,1239,95,140,0,140,130,0,10,55,55,0,55,220,55,34956.58500000001,19975.0,14981.58500000001,5
3093,1239,85,145,0,145,125,5,15,50,50,0,50,205,35,19075.14,19550.0,-474.85999999999876,5
3094,1239,65,175,0,175,160,0,15,55,55,0,55,220,20,10141.2,20400.0,-10258.800000000001,5
3095,1239,85,155,0,155,140,0,15,35,35,0,35,220,15,8758.26,20400.0,-11641.74,5
3096,1239,220,105,0,105,100,0,5,60,60,0,60,315,35,19031.22,27625.0,-8593.779999999999,5
3097,1239,70,155,0,155,140,0,15,50,50,0,45,205,55,33155.865000000005,19125.0,14030.865000000009,5
3098,1239,105,130,0,130,120,0,10,65,65,0,65,220,35,18877.500000000004,19975.0,-1097.4999999999977,5
3099,1239,55,190,0,190,155,0,35,30,30,0,30,205,30,19700.73,20825.0,-1124.269999999999,5
3100,1239,155,130,0,130,130,0,0,35,35,0,35,280,40,29441.0025,24225.0,5216.0025,5
3101,1239,75,160,0,160,155,0,5,10,10,0,10,225,5,2502.36,19975.0,-17472.64,5
3102,1239,115,135,0,135,135,0,0,45,45,0,40,245,25,18548.505,21250.0,-2701.4949999999976,5
3103,1239,65,175,0,175,170,0,5,45,45,0,45,230,20,9921.600000000002,20400.0,-10478.399999999998,5
3104,1239,150,110,0,110,110,0,0,55,55,0,50,255,75,45415.08000000001,22100.0,23315.08000000001,5
3105,1239,100,145,0,145,140,0,5,35,35,0,35,235,20,11457.900000000001,20825.0,-9367.099999999999,5
3106,1239,55,165,0,165,145,0,20,50,50,0,45,195,35,19799.460000000003,18700.0,1099.4600000000037,5
3107,1239,170,115,0,115,105,0,10,50,50,0,45,270,15,8077.680000000001,24225.0,-16147.32,5
3108,1239,135,110,0,110,100,0,10,50,50,0,50,230,80,56099.86312500001,20825.0,35274.86312500001,5
3109,1239,115,145,0,145,125,0,20,45,45,0,45,235,55,35285.310000000005,22100.0,13185.310000000005,5
3110,1239,80,160,0,160,105,20,35,60,60,0,60,180,80,57678.744374999995,20400.0,37278.744374999995,5
3111,1239,95,145,0,145,140,0,5,40,40,0,35,230,40,25287.390000000007,20400.0,4887.390000000005,5
3112,1239,130,130,0,130,125,0,5,30,30,0,30,250,50,31751.370000000003,22100.0,9651.370000000003,5
3113,1239,115,135,0,135,130,0,5,60,60,0,60,240,35,17999.640000000003,21250.0,-3250.3599999999983,5
3114,1239,75,175,0,175,150,10,15,25,25,0,25,220,10,6453.540000000001,21250.0,-14796.46,5
3115,1239,85,155,0,155,155,0,0,20,20,0,20,235,25,17428.950000000004,20400.0,-2971.0499999999956,5
3116,1239,100,140,0,140,140,0,0,55,55,0,55,235,25,13741.020000000004,20400.0,-6658.979999999997,5
3117,1239,95,145,0,145,120,0,25,50,50,0,50,210,70,49885.7175,20400.0,29485.7175,5
3118,1239,145,120,0,120,110,0,10,45,45,0,45,250,10,5223.960000000002,22525.0,-17301.039999999997,5
3119,1239,90,145,0,145,130,0,15,45,45,0,45,215,30,15848.100000000004,19975.0,-4126.899999999996,5
3120,1239,130,120,0,120,120,0,0,60,60,0,60,245,20,10579.68,21250.0,-10670.32,5
3121,1239,150,115,0,115,115,0,0,50,50,0,50,260,15,7507.080000000001,22525.0,-15017.919999999998,5
3122,1239,110,135,0,135,135,0,0,35,35,0,35,240,50,33013.350000000006,20825.0,12188.350000000006,5
3123,1239,70,170,0,170,145,15,10,30,30,0,30,210,10,4609.4400000000005,20400.0,-15790.560000000001,5
3124,1239,140,135,0,135,130,0,5,45,45,0,45,265,50,28074.96,23375.0,4699.960000000001,5
3125,1239,95,155,0,155,155,0,0,50,50,0,50,245,55,30379.680000000008,21250.0,9129.680000000008,5
3126,1239,100,155,0,155,155,0,0,20,20,0,20,250,15,10832.67,21675.0,-10842.33,5
3127,1239,125,130,0,130,115,0,15,55,55,0,50,235,35,20150.64,21675.0,-1524.3599999999992,5
3128,1239,95,150,0,150,140,5,5,40,40,0,40,230,20,13356.990000000002,20825.0,-7468.009999999999,5
3129,1239,110,150,0,150,140,0,10,30,30,0,25,245,20,10492.200000000003,22100.0,-11607.799999999997,5
3130,1239,145,135,0,135,135,0,0,55,55,0,55,275,20,10843.380000000001,23800.0,-12956.619999999999,5
3131,1239,140,125,0,125,125,0,0,55,55,0,55,260,45,30423.330000000005,22525.0,7898.330000000005,5
3132,1239,105,110,0,110,95,10,5,55,55,0,55,195,60,38808.1125,18275.0,20533.112500000003,5
3133,1239,180,110,0,110,100,0,10,70,70,0,70,275,50,27943.200000000004,24650.0,3293.200000000006,5
3134,1239,90,150,0,150,125,0,25,60,60,0,60,210,30,16967.7,20400.0,-3432.3,5
3135,1239,165,115,0,115,95,0,20,60,60,0,60,255,40,22411.440000000002,23800.0,-1388.5599999999977,5
3136,1239,95,150,0,150,120,5,25,65,65,0,60,210,35,18592.02,20825.0,-2232.98,5
3137,1239,95,135,0,135,120,0,15,55,55,0,55,210,55,36594.3375,19550.0,17044.3375,5
3138,1239,90,135,0,135,120,0,15,75,75,0,70,205,55,31323.420000000006,19125.0,12198.420000000006,5
3139,1239,105,140,0,140,135,0,5,35,35,0,35,235,30,16221.420000000002,20825.0,-4603.579999999997,5
3140,1239,125,140,0,140,100,5,35,50,50,0,50,220,30,16506.9,22525.0,-6018.099999999999,5
3141,1239,155,115,0,115,110,0,5,45,45,0,40,260,85,67251.5971875,22950.0,44301.5971875,5
3142,1239,130,120,0,120,110,0,10,60,60,0,60,235,35,20545.920000000002,21250.0,-704.079999999999,5
3143,1239,95,150,0,150,130,5,15,45,45,0,45,220,10,4785.120000000001,20825.0,-16039.879999999997,5
3144,1239,115,125,0,125,125,0,0,55,55,0,55,235,55,35785.035,20400.0,15385.035000000007,5
3145,1239,100,150,0,150,140,0,10,55,55,0,50,235,55,36970.40250000001,21250.0,15720.40250000001,5
3146,1239,60,160,0,160,150,0,10,55,55,0,55,205,40,21643.38,18700.0,2943.380000000002,5
3147,1239,160,135,0,135,130,0,5,45,45,0,45,285,20,10492.2,25075.0,-14582.8,5
3148,1239,105,125,0,125,125,0,0,60,60,0,60,225,75,50609.340000000004,19550.0,31059.340000000004,5
3149,1239,95,160,0,160,150,0,10,35,35,0,35,240,10,5180.400000000001,21675.0,-16494.6,5
3150,1239,100,130,0,130,105,0,25,75,75,0,75,200,50,26450.100000000002,19550.0,6900.100000000002,5
3151,1239,80,160,0,160,155,0,5,45,45,0,45,230,40,22828.140000000003,20400.0,2428.140000000003,5
3152,1239,60,160,0,160,110,25,25,45,45,0,40,165,65,45768.138750000006,18700.0,27068.138750000006,5
3153,1239,75,140,0,140,105,5,30,65,65,0,65,175,35,18591.480000000003,18275.0,316.48000000000366,5
3154,1239,130,135,0,135,130,0,5,40,40,0,40,255,15,8955.900000000001,22525.0,-13569.099999999999,5
3155,1239,85,170,0,170,130,5,35,40,40,0,40,210,45,31734.945,21675.0,10059.944999999998,5
3156,1239,105,130,0,130,120,0,10,70,70,0,65,220,75,44032.86000000001,19975.0,24057.860000000008,5
3157,1239,95,150,0,150,115,5,30,70,70,0,65,205,35,21424.050000000007,20825.0,599.0500000000065,5
3158,1239,90,160,0,160,140,0,20,45,45,0,40,225,50,31400.550000000003,21250.0,10150.550000000003,5
3159,1239,60,160,0,160,145,10,5,45,45,0,45,200,45,28766.160000000003,18700.0,10066.160000000003,5
3160,1239,50,170,0,170,155,0,15,35,35,0,35,200,25,13697.100000000002,18700.0,-5002.899999999998,5
3161,1239,100,160,0,160,150,0,10,45,45,0,40,245,30,15014.160000000002,22100.0,-7085.839999999998,5
3162,1239,80,160,0,160,150,5,5,55,55,0,50,225,25,14026.14,20400.0,-6373.86,5
3163,1239,155,110,0,110,110,0,0,60,60,0,60,260,45,28321.515000000003,22525.0,5796.515000000004,5
3164,1239,75,165,0,165,145,0,20,50,50,0,50,215,30,18833.760000000002,20400.0,-1566.239999999998,5
3165,1239,155,135,0,135,110,0,25,55,55,0,55,260,35,20194.560000000005,24650.0,-4455.439999999997,5
3166,1239,185,95,0,95,95,0,0,80,80,0,80,275,70,38962.26000000001,23800.0,15162.260000000006,5
3167,1239,105,150,0,150,145,0,5,30,30,0,30,245,20,10229.04,21675.0,-11445.96,5
3168,1239,135,130,0,130,130,0,0,55,55,0,55,260,55,32695.650000000005,22525.0,10170.650000000005,5
3169,1239,135,125,0,125,105,0,20,60,60,0,60,235,55,33737.94,22100.0,11637.939999999999,5
3170,1239,105,135,0,135,135,0,0,50,50,0,50,235,35,20150.640000000003,20400.0,-249.35999999999694,5
3171,1239,65,185,0,185,135,0,50,40,40,0,40,195,35,23602.635000000006,21250.0,2352.6350000000048,5
3172,1239,120,135,0,135,130,0,5,50,50,0,50,245,35,18130.86,21675.0,-3544.1399999999976,5
3173,1239,90,135,0,135,105,15,15,60,60,0,60,190,65,40235.40000000001,19125.0,21110.40000000001,5
3174,1239,130,125,0,125,115,0,10,65,65,0,60,240,30,16243.200000000004,21675.0,-5431.799999999996,5
3175,1239,80,155,0,155,125,0,30,50,50,0,50,200,25,13850.82,19975.0,-6124.180000000001,5
3176,1239,90,135,0,135,110,0,25,50,50,0,50,195,65,44015.94000000001,19125.0,24890.94000000001,5
3177,1239,75,170,0,170,155,0,15,40,40,0,40,225,25,15014.160000000002,20825.0,-5810.839999999998,5
3178,1239,110,160,0,160,140,0,20,35,35,0,35,245,15,7858.4400000000005,22950.0,-15091.56,5
3179,1239,100,130,0,130,130,0,0,50,50,0,50,225,40,24540.75,19550.0,4990.749999999998,5
3180,1239,85,155,0,155,125,0,30,55,55,0,55,205,25,13828.860000000002,20400.0,-6571.139999999998,5
3181,1239,125,125,0,125,115,0,10,45,45,0,45,235,30,23256.405,21250.0,2006.4049999999997,5
3182,1239,155,125,0,125,115,0,10,55,55,0,50,265,30,17055.540000000005,23800.0,-6744.459999999997,5
3183,1239,90,145,0,145,140,0,5,50,50,0,50,225,60,36580.545000000006,19975.0,16605.545000000006,5
3184,1239,80,155,0,155,155,0,0,30,30,0,30,230,20,10536.12,19975.0,-9438.88,5
3185,1239,145,115,0,115,105,0,10,50,50,0,50,245,70,49097.8125,22100.0,26997.8125,5
3186,1239,105,125,0,125,125,0,0,55,55,0,55,225,65,49081.905000000006,19550.0,29531.905000000006,5
3187,1239,75,180,0,180,140,5,35,40,40,0,40,210,20,11721.78,21675.0,-9953.22,5
3188,1239,150,125,0,125,125,0,0,45,45,0,45,270,30,19656.81,23375.0,-3718.1899999999973,5
3189,1239,125,140,0,140,140,0,0,25,25,0,25,260,55,39390.052500000005,22525.0,16865.052500000005,5
3190,1239,130,125,0,125,110,5,10,50,50,0,50,235,40,27756.54,21675.0,6081.54,5
3191,1239,80,155,0,155,150,0,5,25,25,0,25,225,5,2546.28,19975.0,-17428.72,5
3192,1239,110,140,0,140,125,0,15,30,30,0,30,230,50,37209.25125000001,21250.0,15959.251250000007,5
3193,1239,75,180,0,180,140,0,40,50,50,0,50,210,30,16946.100000000002,21675.0,-4728.899999999999,5
3194,1239,95,135,0,135,115,5,15,55,55,0,55,205,85,54458.86500000001,19550.0,34908.86500000001,5
3195,1239,65,150,0,150,145,0,5,30,30,0,30,205,70,48707.82,18275.0,30432.82,5
3196,1239,150,125,0,125,125,0,0,40,40,0,40,270,20,11875.140000000001,23375.0,-11499.859999999999,5
3197,1239,90,180,0,180,120,20,40,30,30,0,30,205,30,19700.73,22950.0,-3249.269999999999,5
3198,1239,140,125,0,125,125,0,0,60,60,0,60,260,55,32267.160000000003,22525.0,9742.160000000003,5
3199,1239,125,145,0,145,125,0,20,35,35,0,30,245,40,28250.505000000005,22950.0,5300.505000000003,5
3200,1239,180,95,0,95,90,0,5,55,55,0,50,265,70,51983.79750000001,23375.0,28608.797500000008,5
3201,1239,75,165,0,165,165,0,0,20,20,0,20,235,5,2985.120000000001,20400.0,-17414.879999999997,5
3202,1239,80,165,0,165,150,0,15,45,45,0,45,225,30,15760.44,20825.0,-5064.5599999999995,5
3203,1239,100,145,0,145,110,5,30,70,70,0,70,205,65,44895.58875000001,20825.0,24070.588750000006,5
3204,1239,95,145,0,145,140,0,5,50,50,0,50,230,45,27383.490000000005,20400.0,6983.490000000006,5
3205,1239,130,120,0,120,115,0,5,50,50,0,45,240,40,27032.265000000003,21250.0,5782.265000000002,5
3206,1239,105,125,0,125,125,0,0,60,60,0,55,225,55,31959.9,19550.0,12409.900000000001,5
3207,1239,95,140,0,140,115,5,20,65,65,0,65,205,50,30423.510000000006,19975.0,10448.510000000006,5
3208,1239,125,130,0,130,105,0,25,70,70,0,70,225,50,29150.460000000003,21675.0,7475.460000000003,5
3209,1239,110,130,0,130,110,0,20,55,55,0,50,215,50,31883.04,20400.0,11483.04,5
3210,1239,105,130,0,130,130,0,0,40,40,0,40,230,35,20896.920000000006,19975.0,921.9200000000046,5
3211,1239,90,165,0,165,160,0,5,45,45,0,45,245,35,23476.365,21675.0,1801.3650000000007,5
3212,1239,80,165,0,165,130,10,25,55,55,0,55,205,55,31037.940000000002,20825.0,10212.940000000002,5
3213,1239,145,130,0,130,125,0,5,45,45,0,45,265,30,18218.970000000005,23375.0,-5156.029999999996,5
3214,1239,145,130,0,130,120,0,10,55,55,0,55,260,25,12863.160000000003,23375.0,-10511.839999999997,5
3215,1239,90,150,0,150,130,0,20,35,35,0,35,215,45,31257.000000000007,20400.0,10857.000000000007,5
3216,1239,115,135,0,135,120,5,10,45,45,0,45,230,30,16747.560000000005,21250.0,-4502.439999999997,5
3217,1239,100,125,0,125,115,5,5,70,70,0,65,210,105,78073.29,19125.0,58948.28999999999,5
3218,1239,100,140,0,140,135,0,5,60,60,0,60,230,80,52791.435,20400.0,32391.435,5
3219,1239,105,150,0,150,150,0,0,40,40,0,40,250,30,19601.910000000003,21675.0,-2073.0899999999974,5
3220,1239,115,130,0,130,130,0,0,60,60,0,60,240,60,40202.595,20825.0,19377.595,5
3221,1239,110,130,0,130,115,0,15,50,50,0,50,220,65,46715.000625000015,20400.0,26315.00062500001,5
3222,1239,115,155,0,155,155,0,0,35,35,0,35,265,20,11590.020000000002,22950.0,-11359.979999999998,5
3223,1239,90,145,0,145,140,5,0,40,40,0,40,225,50,34341.975000000006,19975.0,14366.975000000006,5
3224,1239,70,155,0,155,135,0,20,55,55,0,50,200,50,30225.870000000003,19125.0,11100.870000000004,5
3225,1239,115,135,0,135,125,0,10,50,50,0,50,235,35,19316.7,21250.0,-1933.2999999999993,5
3226,1239,75,145,0,145,125,0,20,45,45,0,45,195,20,10975.140000000001,18700.0,-7724.859999999999,5
3227,1239,90,145,0,145,145,0,0,40,40,0,40,230,30,16616.7,19975.0,-3358.2999999999993,5
3228,1239,85,150,0,150,130,0,20,70,70,0,70,210,45,24145.380000000005,19975.0,4170.380000000005,5
3229,1239,115,135,0,135,105,20,10,75,75,0,75,215,55,33161.535,21250.0,11911.535000000003,5
3230,1239,85,155,0,155,145,0,10,65,65,0,65,225,45,23180.040000000005,20400.0,2780.0400000000036,5
3231,1239,95,145,0,145,115,5,25,60,60,0,60,205,30,14926.32,20400.0,-5473.679999999999,5
3232,1239,105,135,0,135,125,0,10,70,70,0,70,225,85,50530.59000000001,20400.0,30130.59000000001,5
3233,1239,70,155,0,155,155,0,0,35,35,0,35,220,15,8209.44,19125.0,-10915.560000000001,5
3234,1239,125,155,0,155,110,0,45,40,40,0,40,230,25,15980.130000000001,23800.0,-7819.869999999999,5
3235,1239,85,160,0,160,150,0,10,30,30,0,30,230,20,11150.820000000002,20825.0,-9674.179999999998,5
3236,1239,100,150,0,150,135,0,15,55,55,0,50,230,30,16243.380000000001,21250.0,-5006.619999999998,5
3237,1239,110,140,0,140,140,0,0,40,40,0,35,245,20,11106.900000000003,21250.0,-10143.099999999997,5
3238,1239,100,160,0,160,120,10,30,40,40,0,40,215,20,10448.280000000002,22100.0,-11651.719999999998,5
3239,1239,120,140,0,140,115,0,25,50,50,0,45,230,45,30516.660000000007,22100.0,8416.660000000007,5
3240,1239,70,150,0,150,130,10,10,50,50,0,50,195,50,34512.075,18700.0,15812.075,5
3241,1239,85,165,0,165,165,0,0,45,45,0,45,245,20,11677.86,21250.0,-9572.14,5
3242,1239,150,95,0,95,90,0,5,70,70,0,70,235,100,66924.6075,20825.0,46099.60749999999,5
3243,1239,85,140,0,140,135,0,5,30,30,0,30,215,20,11370.420000000002,19125.0,-7754.579999999998,5
3244,1239,90,160,0,160,135,25,0,45,45,0,40,220,35,19404.180000000004,21250.0,-1845.8199999999965,5
3245,1239,90,145,0,145,125,0,20,45,45,0,40,210,35,19755.36,19975.0,-219.63999999999942,5
3246,1239,55,175,0,175,155,0,20,45,45,0,40,205,20,9877.680000000002,19550.0,-9672.319999999998,5
3247,1239,100,130,0,130,100,20,10,70,70,0,70,195,55,35801.23500000001,19550.0,16251.235000000006,5
3248,1239,90,165,0,165,130,0,35,40,40,0,40,215,40,25770.149999999998,21675.0,4095.1499999999987,5
3249,1239,120,120,0,120,115,0,5,55,55,0,55,230,75,49005.04500000002,20400.0,28605.04500000002,5
3250,1239,90,155,0,155,130,0,25,45,45,0,45,215,55,33474.69,20825.0,12649.690000000006,5
3251,1239,110,140,0,140,130,0,10,40,40,0,35,235,25,15595.830000000002,21250.0,-5654.169999999999,5
3252,1239,110,140,0,140,135,0,5,45,45,0,45,240,55,38257.2675,21250.0,17007.2675,5
3253,1239,95,135,0,135,135,0,0,55,55,0,55,225,45,27405.45,19550.0,7855.450000000001,5
3254,1239,55,185,0,185,135,15,35,45,45,0,45,185,40,21687.300000000003,20400.0,1287.3000000000047,5
3255,1239,60,170,0,170,160,0,10,40,40,0,40,215,40,23278.590000000004,19550.0,3728.590000000004,5
3256,1239,120,150,0,150,150,0,0,25,25,0,25,265,5,2502.36,22950.0,-20447.64,5
3257,1239,145,120,0,120,115,0,5,55,55,0,55,255,30,17516.52,22525.0,-5008.48,5
3258,1239,110,130,0,130,110,0,20,60,60,0,60,215,60,37447.740000000005,20400.0,17047.740000000005,5
3259,1239,80,140,0,140,110,5,25,65,65,0,65,185,60,34341.39000000001,18700.0,15641.390000000007,5
3260,1239,115,130,0,130,110,0,20,50,50,0,45,220,40,24189.660000000003,20825.0,3364.6600000000035,5
3261,1239,130,125,0,125,120,0,5,55,55,0,55,245,60,34462.350000000006,21675.0,12787.350000000006,5
3262,1239,120,120,0,120,120,0,0,50,50,0,50,235,35,21774.780000000006,20400.0,1374.7800000000052,5
3263,1239,155,125,0,125,90,0,35,65,65,0,65,240,60,37988.2575,23800.0,14188.2575,5
3264,1239,55,155,0,155,140,15,0,40,40,0,40,190,55,39533.06250000001,17850.0,21683.062500000007,5
3265,1239,105,130,0,130,115,0,15,60,60,0,55,215,40,23673.510000000002,19975.0,3698.510000000001,5
3266,1239,95,145,0,145,140,0,5,40,40,0,40,230,25,13894.740000000002,20400.0,-6505.259999999998,5
3267,1239,65,165,0,165,165,0,0,30,30,0,30,225,15,8911.980000000001,19550.0,-10638.019999999999,5
3268,1239,80,145,0,145,130,0,15,30,30,0,25,205,15,8890.02,19125.0,-10234.98,5
3269,1239,75,150,0,150,145,0,5,50,50,0,50,215,45,29688.480000000003,19125.0,10563.480000000003,5
3270,1239,115,120,0,120,115,0,5,45,45,0,45,225,90,68107.47890625,19975.0,48132.478906250006,5
3271,1239,130,110,0,110,110,0,0,70,70,0,70,235,35,19228.86,20400.0,-1171.1400000000003,5
3272,1239,120,130,0,130,115,0,15,50,50,0,45,230,45,27174.870000000006,21250.0,5924.870000000005,5
3273,1239,75,160,0,160,140,0,20,30,30,0,30,210,30,18965.34,19975.0,-1009.659999999999,5
3274,1239,90,135,0,135,125,0,10,50,50,0,45,210,50,31828.140000000007,19125.0,12703.140000000007,5
3275,1239,105,145,0,145,135,0,10,55,55,0,55,235,45,26011.53,21250.0,4761.529999999998,5
3276,1239,90,155,0,155,155,0,0,40,40,0,40,240,35,21412.530000000002,20825.0,587.5300000000016,5
3277,1239,155,130,0,130,120,0,10,45,45,0,45,270,40,22301.370000000006,24225.0,-1923.6299999999937,5
3278,1239,60,160,0,160,150,0,10,35,35,0,35,205,35,21291.120000000003,18700.0,2591.120000000001,5
3279,1239,110,135,0,135,130,0,5,45,45,0,45,235,45,25813.620000000006,20825.0,4988.620000000005,5
3280,1239,95,150,0,150,120,10,20,85,85,0,85,210,60,35834.490000000005,20825.0,15009.490000000005,5
3281,1239,70,155,0,155,145,0,10,60,60,0,60,210,40,22367.700000000004,19125.0,3242.7000000000044,5
3282,1239,130,135,0,135,120,0,15,55,55,0,55,245,40,23114.160000000003,22525.0,589.1600000000017,5
3283,1239,100,140,0,140,110,15,15,70,70,0,70,205,70,45800.235,20400.0,25400.235,5
3284,1239,100,140,0,140,140,0,0,35,35,0,35,235,20,10053.36,20400.0,-10346.64,5
3285,1239,150,125,0,125,110,0,15,45,45,0,40,255,0,0.0,23375.0,-23375.0,5
3286,1239,135,130,0,130,125,0,5,40,40,0,40,255,45,30736.215000000004,22525.0,8211.215000000002,5
3287,1239,110,125,0,125,120,0,5,60,60,0,60,225,65,43802.955,19975.0,23827.955,5
3288,1239,50,180,0,180,130,10,40,40,40,0,40,175,25,12731.400000000001,19550.0,-6818.5999999999985,5
3289,1239,135,120,0,120,115,0,5,55,55,0,55,245,55,36550.4175,21675.0,14875.417500000003,5
3290,1239,130,130,0,130,125,0,5,45,45,0,45,250,25,13806.900000000001,22100.0,-8293.099999999999,5
3291,1239,70,165,0,165,135,0,30,40,40,0,40,200,25,13543.380000000001,19975.0,-6431.619999999998,5
3292,1239,115,125,0,125,105,5,15,55,55,0,50,215,25,14728.320000000003,20400.0,-5671.679999999997,5
3293,1239,45,175,0,175,160,0,15,40,40,0,40,200,20,11655.54,18700.0,-7044.459999999999,5
3294,1239,95,130,0,130,125,0,5,50,50,0,50,215,50,29961.63000000001,19125.0,10836.630000000008,5
3295,1239,120,135,0,135,135,0,0,60,60,0,60,250,65,41146.740000000005,21675.0,19471.74000000001,5
3296,1239,90,145,0,145,145,0,0,30,30,0,30,230,30,16265.34,19975.0,-3709.659999999999,5
3297,1239,125,135,0,135,130,5,0,50,50,0,50,250,35,19140.48,22100.0,-2959.52,5
3298,1239,145,130,0,130,115,0,15,45,45,0,45,255,60,41805.135,23375.0,18430.135000000002,5
3299,1239,125,125,0,125,125,0,0,50,50,0,50,245,55,33804.090000000004,21250.0,12554.09,5
3300,1239,75,165,0,165,165,0,0,35,35,0,35,235,30,15585.120000000003,20400.0,-4814.879999999998,5
3301,1239,95,155,0,155,140,0,15,40,40,0,40,230,45,30831.840000000004,21250.0,9581.840000000002,5
3302,1239,80,150,0,150,135,0,15,60,60,0,60,210,40,22784.580000000005,19550.0,3234.5800000000054,5
3303,1239,75,145,0,145,105,25,15,65,65,0,65,175,35,22598.37,18700.0,3898.37,5
3304,1239,55,170,0,170,140,0,30,30,30,0,30,190,35,20951.909999999996,19125.0,1826.909999999998,5
3305,1239,130,120,0,120,110,0,10,55,55,0,50,235,75,57397.516875,21250.0,36147.516875,5
3306,1239,80,155,0,155,150,0,5,35,35,0,35,225,30,19162.890000000003,19975.0,-812.1099999999979,5
3307,1239,70,150,0,150,95,15,40,65,65,0,65,160,80,50873.377499999995,18700.0,32173.377499999995,5
3308,1239,85,170,0,170,150,0,20,35,35,0,35,230,10,4872.960000000001,21675.0,-16802.04,5
3309,1239,90,170,0,170,140,0,30,40,40,0,40,225,25,12336.12,22100.0,-9763.88,5
3310,1239,75,155,0,155,135,10,10,40,40,0,40,205,65,44746.69500000001,19550.0,25196.695000000007,5
3311,1239,80,160,0,160,150,0,10,35,35,0,35,225,40,22806.72,20400.0,2406.7200000000003,5
3312,1239,120,140,0,140,130,5,5,50,50,0,45,245,35,22708.17,22100.0,608.1700000000001,5
3313,1239,150,120,0,120,120,0,0,50,50,0,45,265,50,37991.475000000006,22950.0,15041.47500000001,5
3314,1239,125,150,0,150,150,0,0,35,35,0,35,270,10,4829.040000000001,23375.0,-18545.96,5
3315,1239,155,125,0,125,110,0,15,45,45,0,45,260,30,16506.9,23800.0,-7293.099999999997,5
3316,1239,80,160,0,160,155,0,5,40,40,0,40,230,30,15584.760000000004,20400.0,-4815.239999999996,5
3317,1239,45,175,0,175,105,35,35,40,40,0,40,145,35,19886.760000000002,18700.0,1186.7600000000016,5
3318,1239,105,135,0,135,125,0,10,45,45,0,45,225,45,26076.960000000003,20400.0,5676.960000000004,5
3319,1239,70,160,0,160,130,25,5,50,50,0,50,195,35,20808.899999999998,19550.0,1258.8999999999987,5
3320,1239,110,150,0,150,140,0,10,35,35,0,35,245,25,12467.880000000003,22100.0,-9632.119999999997,5
3321,1239,120,150,0,150,135,0,15,45,45,0,45,250,55,37448.0325,22950.0,14498.032500000005,5
3322,1239,80,165,0,165,155,0,10,35,35,0,30,230,20,13455.810000000001,20825.0,-7369.189999999999,5
3323,1239,105,150,0,150,135,0,15,40,40,0,35,235,35,20436.120000000003,21675.0,-1238.8799999999992,5
3324,1239,90,150,0,150,120,0,30,50,50,0,50,205,40,22718.880000000005,20400.0,2318.8800000000037,5
3325,1239,110,150,0,150,140,0,10,35,35,0,30,245,45,32665.2975,22100.0,10565.2975,5
3326,1239,120,140,0,140,130,0,10,50,50,0,50,245,40,21555.18,22100.0,-544.8199999999997,5
3327,1239,75,155,0,155,155,0,0,45,45,0,45,225,35,18723.780000000002,19550.0,-826.2199999999984,5
3328,1239,80,150,0,150,115,10,25,55,55,0,55,190,30,18152.64,19550.0,-1397.3599999999988,5
3329,1239,70,165,0,165,140,0,25,45,45,0,45,205,30,18065.16,19975.0,-1909.8399999999992,5
3330,1239,110,130,0,130,100,5,25,55,55,0,55,205,70,45821.43000000001,20400.0,25421.430000000008,5
3331,1239,80,165,0,165,150,10,5,55,55,0,55,225,40,23355.450000000004,20825.0,2530.4500000000053,5
3332,1239,105,120,0,120,120,0,0,60,60,0,60,220,85,54865.53,19125.0,35740.53,5
3333,1239,120,125,0,125,115,0,10,55,55,0,55,230,35,18921.06,20825.0,-1903.9399999999978,5
3334,1239,120,135,0,135,130,0,5,45,45,0,45,245,40,21511.260000000002,21675.0,-163.73999999999796,5
3335,1239,65,160,0,160,140,0,20,55,55,0,55,200,35,18986.940000000002,19125.0,-138.05999999999585,5
3336,1239,130,135,0,135,110,0,25,60,60,0,60,235,60,32409.63,22525.0,9884.630000000001,5
3337,1239,125,135,0,135,125,0,10,45,45,0,45,245,35,20853.090000000004,22100.0,-1246.909999999998,5
3338,1239,165,135,0,135,130,0,5,35,35,0,35,290,60,43243.04250000001,25500.0,17743.04250000001,5
3339,1239,165,135,0,135,125,0,10,35,35,0,35,285,20,11568.060000000001,25500.0,-13931.939999999999,5
3340,1239,135,135,0,135,135,0,0,45,45,0,45,265,40,27888.210000000003,22950.0,4938.210000000004,5
3341,1239,110,160,0,160,100,15,45,50,50,0,50,205,35,17823.960000000003,22950.0,-5126.039999999998,5
3342,1239,130,120,0,120,95,0,25,70,70,0,70,220,60,34989.39000000001,21250.0,13739.390000000007,5
3343,1239,110,145,0,145,140,0,5,45,45,0,45,245,35,22768.155000000002,21675.0,1093.1550000000016,5
3344,1239,110,130,0,130,120,0,10,60,60,0,55,225,35,19031.22,20400.0,-1368.7799999999993,5
3345,1239,60,160,0,160,125,35,0,55,55,0,55,180,80,53361.72,18700.0,34661.72,5
3346,1239,130,135,0,135,135,0,0,40,40,0,40,260,5,2546.28,22525.0,-19978.72,5
3347,1239,80,190,0,190,160,5,25,35,35,0,35,235,25,15694.920000000002,22950.0,-7255.079999999998,5
3348,1239,70,140,0,140,120,0,20,50,50,0,50,185,35,18964.980000000003,17850.0,1114.980000000005,5
3349,1239,110,120,0,120,120,0,0,55,55,0,55,225,75,49284.405000000006,19550.0,29734.405000000006,5
3350,1239,125,130,0,130,125,0,5,35,35,0,35,245,35,24222.645000000004,21675.0,2547.6450000000023,5
3351,1239,95,150,0,150,150,0,0,30,30,0,30,240,50,31235.58000000001,20825.0,10410.580000000009,5
3352,1239,95,160,0,160,160,0,0,30,30,0,30,250,30,17999.370000000003,21675.0,-3675.6299999999965,5
3353,1239,55,165,0,165,130,25,10,50,50,0,45,180,55,34780.68000000001,18700.0,16080.680000000008,5
3354,1239,95,140,0,140,100,25,15,75,75,0,75,190,95,67061.9165625,19975.0,47086.9165625,5
3355,1239,90,160,0,160,115,35,10,55,55,0,55,200,60,36964.89,21250.0,15714.89,5
3356,1239,70,155,0,155,150,5,0,60,60,0,60,215,25,12292.200000000003,19125.0,-6832.799999999997,5
3357,1239,75,165,0,165,150,0,15,40,40,0,35,220,65,43269.885,20400.0,22869.885000000002,5
3358,1239,110,145,0,145,145,0,0,35,35,0,35,250,20,9658.080000000002,21675.0,-12016.92,5
3359,1239,135,135,0,135,120,0,15,70,70,0,70,250,55,29216.34,22950.0,6266.34,5
3360,1239,155,120,0,120,115,0,5,50,50,0,50,265,30,18702.090000000004,23375.0,-4672.909999999997,5
3361,1239,75,165,0,165,125,5,35,45,45,0,45,195,35,19776.780000000002,20400.0,-623.2199999999966,5
3362,1239,45,165,0,165,140,0,25,40,40,0,40,180,45,28359.9,17850.0,10509.900000000001,5
3363,1239,95,165,0,165,160,0,5,30,30,0,30,250,35,21841.020000000004,22100.0,-258.97999999999683,5
3364,1239,45,170,0,170,160,0,10,40,40,0,40,200,55,33013.8,18275.0,14738.800000000007,5
3365,1239,140,135,0,135,130,0,5,45,45,0,45,265,45,26922.329999999998,23375.0,3547.329999999997,5
3366,1239,130,140,0,140,130,0,10,45,45,0,40,255,10,5004.720000000001,22950.0,-17945.28,5
3367,1239,95,130,0,130,130,0,0,65,65,0,65,220,60,38281.41,19125.0,19156.410000000003,5
3368,1239,65,145,0,145,135,0,10,65,65,0,60,195,50,27745.56,17850.0,9895.560000000001,5
3369,1239,110,145,0,145,140,0,5,55,55,0,55,245,50,28601.640000000003,21675.0,6926.640000000002,5
3370,1239,75,165,0,165,135,25,5,50,50,0,45,205,40,25232.489999999998,20400.0,4832.489999999998,5
3371,1239,95,155,0,155,155,0,0,35,35,0,35,245,20,11084.940000000002,21250.0,-10165.059999999998,5
3372,1239,120,125,0,125,120,0,5,50,50,0,50,235,40,24792.930000000008,20825.0,3967.9300000000057,5
3373,1239,95,155,0,155,100,20,35,65,65,0,60,190,70,46897.830000000016,21250.0,25647.830000000013,5
3374,1239,95,140,0,140,120,10,10,55,55,0,50,210,70,46930.07250000001,19975.0,26955.072500000006,5
3375,1239,75,160,0,160,160,0,0,45,45,0,45,230,20,11765.7,19975.0,-8209.3,5
3376,1239,70,155,0,155,150,0,5,40,40,0,40,215,25,15848.370000000003,19125.0,-3276.629999999998,5
3377,1239,90,160,0,160,120,15,25,65,65,0,60,205,50,27569.880000000005,21250.0,6319.880000000003,5
3378,1239,120,145,0,145,115,10,20,65,65,0,65,230,30,16221.420000000002,22525.0,-6303.579999999997,5
3379,1239,80,160,0,160,135,10,15,45,45,0,45,210,50,32981.130000000005,20400.0,12581.130000000003,5
3380,1239,70,155,0,155,125,5,25,65,65,0,65,190,45,28804.455,19125.0,9679.455000000002,5
3381,1239,55,185,0,185,175,0,10,25,25,0,25,225,25,15080.04,20400.0,-5319.959999999999,5
3382,1239,110,160,0,160,120,25,15,35,35,0,35,225,50,32915.25,22950.0,9965.25,5
3383,1239,60,155,0,155,150,0,5,40,40,0,40,205,35,21862.260000000006,18275.0,3587.2600000000057,5
3384,1239,170,110,0,110,105,0,5,50,50,0,45,270,40,24716.340000000004,23800.0,916.3400000000047,5
3385,1239,100,150,0,150,140,5,5,45,45,0,45,235,30,16243.380000000001,21250.0,-5006.619999999998,5
3386,1239,85,145,0,145,145,0,0,60,60,0,60,225,25,12511.440000000002,19550.0,-7038.559999999998,5
3387,1239,100,155,0,155,155,0,0,40,40,0,40,250,25,15826.41,21675.0,-5848.589999999999,5
3388,1239,50,165,0,165,150,0,15,45,45,0,40,195,40,23256.270000000004,18275.0,4981.270000000004,5
3389,1239,85,155,0,155,150,0,5,40,40,0,40,230,30,19733.670000000006,20400.0,-666.3299999999958,5
3390,1239,65,170,0,170,155,0,15,25,25,0,25,215,20,13565.61,19975.0,-6409.3899999999985,5
3391,1239,95,155,0,155,115,0,40,50,50,0,50,205,80,53705.17125000002,21250.0,32455.17125000002,5
3392,1239,110,150,0,150,150,0,0,40,40,0,40,255,30,18833.85,22100.0,-3266.15,5
3393,1239,90,140,0,140,125,0,15,45,45,0,45,210,25,12028.680000000002,19550.0,-7521.319999999998,5
3394,1239,100,125,0,125,125,0,0,40,40,0,40,220,35,21280.950000000004,19125.0,2155.9500000000025,5
3395,1239,70,165,0,165,165,0,0,35,35,0,35,230,10,4741.200000000001,19975.0,-15233.8,5
3396,1239,105,150,0,150,140,0,10,40,40,0,40,240,40,22345.560000000005,21675.0,670.560000000005,5
3397,1239,95,150,0,150,135,0,15,50,50,0,50,225,60,32969.880000000005,20825.0,12144.880000000008,5
3398,1239,125,125,0,125,120,0,5,65,65,0,65,240,55,36844.200000000004,21250.0,15594.200000000004,5
3399,1239,135,130,0,130,125,5,0,45,45,0,45,255,20,10448.64,22525.0,-12076.36,5
3400,1239,105,150,0,150,140,0,10,45,45,0,45,240,25,13784.940000000002,21675.0,-7890.059999999999,5
3401,1239,105,155,0,155,140,0,15,35,35,0,35,240,50,33019.2225,22100.0,10919.222500000005,5
3402,1239,75,165,0,165,155,5,5,45,45,0,40,225,40,25868.97,20400.0,5468.969999999999,5
3403,1239,65,155,0,155,145,5,5,50,50,0,50,205,20,11106.900000000003,18700.0,-7593.099999999997,5
3404,1239,135,120,0,120,110,0,10,40,40,0,40,240,60,38644.020000000004,21675.0,16969.020000000004,5
3405,1239,85,165,0,165,155,0,10,30,30,0,30,235,10,5180.400000000001,21250.0,-16069.6,5
3406,1239,140,140,0,140,140,0,0,45,45,0,45,275,30,15541.2,23800.0,-8258.8,5
3407,1239,100,135,0,135,135,0,0,35,35,0,30,230,15,8868.060000000001,19975.0,-11106.939999999999,5
3408,1239,105,145,0,145,145,0,0,55,55,0,55,245,25,13872.780000000002,21250.0,-7377.2199999999975,5
3409,1239,100,155,0,155,130,0,25,60,60,0,60,225,35,20084.760000000002,21675.0,-1590.2399999999966,5
3410,1239,195,110,0,110,110,0,0,40,40,0,40,300,35,21006.810000000005,25925.0,-4918.189999999995,5
3411,1239,120,135,0,135,130,0,5,45,45,0,45,245,55,37293.975000000006,21675.0,15618.975000000006,5
3412,1239,100,140,0,140,140,0,0,45,45,0,45,235,60,38638.48500000001,20400.0,18238.485000000004,5
3413,1239,95,150,0,150,135,0,15,35,35,0,35,225,25,15793.47,20825.0,-5031.530000000001,5
3414,1239,100,155,0,155,120,0,35,35,35,0,35,215,45,30752.865,21675.0,9077.865000000002,5
3415,1239,85,165,0,165,160,0,5,35,35,0,30,240,40,25045.560000000005,21250.0,3795.560000000005,5
3416,1239,100,150,0,150,125,5,20,55,55,0,55,220,60,35515.62,21250.0,14265.620000000003,5
3417,1239,125,140,0,140,125,0,15,45,45,0,45,245,25,14202.18,22525.0,-8322.82,5
3418,1239,120,145,0,145,105,0,40,40,40,0,40,220,60,41129.775,22525.0,18604.775,5
3419,1239,95,150,0,150,130,0,20,40,40,0,40,220,10,4960.8,20825.0,-15864.2,5
3420,1239,90,155,0,155,150,0,5,45,45,0,45,235,15,7902.360000000001,20825.0,-12922.64,5
3421,1239,100,135,0,135,130,0,5,40,40,0,40,225,50,36333.9,19975.0,16358.900000000003,5
3422,1239,130,130,0,130,130,0,0,65,65,0,65,255,30,15277.68,22100.0,-6822.32,5
3423,1239,90,140,0,140,140,0,0,50,50,0,50,225,25,14135.760000000002,19550.0,-5414.239999999998,5
3424,1239,90,145,0,145,135,0,10,40,40,0,40,220,55,33979.50000000001,19975.0,14004.500000000007,5
3425,1239,80,170,0,170,130,0,40,65,65,0,65,205,35,21424.050000000003,21250.0,174.050000000002,5
3426,1239,115,135,0,135,130,5,0,45,45,0,45,240,65,45685.08000000001,21250.0,24435.08000000001,5
3427,1239,90,160,0,160,155,0,5,40,40,0,40,240,35,23190.885,21250.0,1940.8849999999984,5
3428,1239,135,140,0,140,105,10,25,65,65,0,65,235,65,41267.25,23375.0,17892.250000000004,5
3429,1239,75,140,0,140,140,0,0,60,60,0,60,210,30,18361.71,18275.0,86.71000000000049,5
3430,1239,80,160,0,160,145,0,15,40,40,0,40,220,30,17736.120000000003,20400.0,-2663.879999999997,5
3431,1239,135,130,0,130,125,0,5,35,35,0,35,255,40,27487.935,22525.0,4962.935000000002,5
3432,1239,95,140,0,140,125,10,5,55,55,0,55,215,55,32376.87000000001,19975.0,12401.870000000008,5
3433,1239,100,145,0,145,130,0,15,55,55,0,50,225,45,30127.184999999998,20825.0,9302.185,5
3434,1239,110,155,0,155,140,0,15,40,40,0,35,245,45,30368.632500000007,22525.0,7843.632500000008,5
3435,1239,145,125,0,125,120,0,5,45,45,0,45,260,55,41089.80375000001,22950.0,18139.80375000001,5
3436,1239,75,160,0,160,140,5,15,40,40,0,35,210,10,5487.4800000000005,19975.0,-14487.52,5
3437,1239,105,130,0,130,105,0,25,65,65,0,65,205,90,59562.99000000002,19975.0,39587.99000000002,5
3438,1239,155,120,0,120,105,0,15,55,55,0,55,255,65,40361.535,23375.0,16986.535000000003,5
3439,1239,55,185,0,185,155,15,15,45,45,0,45,205,30,17648.28,20400.0,-2751.7200000000003,5
3440,1239,90,155,0,155,135,0,20,50,50,0,50,220,50,31981.679999999997,20825.0,11156.679999999997,5
3441,1239,70,170,0,170,145,0,25,50,50,0,50,210,30,16023.780000000002,20400.0,-4376.219999999998,5
3442,1239,110,150,0,150,135,0,15,30,30,0,30,240,40,30324.78,22100.0,8224.78,5
3443,1239,75,150,0,150,130,5,15,50,50,0,50,200,60,37918.89000000001,19125.0,18793.890000000007,5
3444,1239,90,150,0,150,135,0,15,50,50,0,50,220,45,26889.570000000003,20400.0,6489.570000000003,5
3445,1239,105,145,0,145,135,0,10,35,35,0,35,235,30,18262.89,21250.0,-2987.11,5
3446,1239,130,130,0,130,130,0,0,30,30,0,30,255,35,20282.040000000005,22100.0,-1817.959999999996,5
3447,1239,115,145,0,145,140,0,5,50,50,0,50,250,15,7243.560000000001,22100.0,-14856.439999999999,5
3448,1239,70,160,0,160,140,10,10,55,55,0,55,205,50,26604.18,19550.0,7054.180000000001,5
3449,1239,145,105,0,105,105,0,0,60,60,0,60,245,60,35779.05,21250.0,14529.050000000003,5
3450,1239,90,155,0,155,145,0,10,30,30,0,30,230,35,28361.778750000005,20825.0,7536.778750000003,5
3451,1239,85,150,0,150,120,5,25,55,55,0,55,200,35,20458.08,19975.0,483.0799999999999,5
3452,1239,75,175,0,175,175,0,0,25,25,0,25,245,5,2458.44,21250.0,-18791.559999999998,5
3453,1239,135,140,0,140,140,0,0,25,25,0,25,270,45,36589.438125,23375.0,13214.438125,5
3454,1239,100,125,0,125,125,0,0,70,70,0,70,220,55,38319.975000000006,19125.0,19194.975000000006,5
3455,1239,90,150,0,150,125,5,20,55,55,0,55,210,40,23333.4,20400.0,2933.4000000000015,5
3456,1239,115,150,0,150,140,0,10,30,30,0,30,250,25,15541.2,22525.0,-6983.799999999999,5
3457,1239,60,140,0,140,115,15,10,60,60,0,55,170,70,45070.064999999995,17000.0,28070.064999999995,5
3458,1239,105,155,0,155,140,5,10,35,35,0,35,240,45,30818.745000000003,22100.0,8718.745000000003,5
3459,1239,130,115,0,115,115,0,0,55,55,0,55,240,75,49191.20999999999,20825.0,28366.209999999992,5
3460,1239,170,100,0,100,95,0,5,30,30,0,30,260,35,23524.875,22950.0,574.8750000000018,5
3461,1239,95,145,0,145,135,0,10,65,65,0,65,225,60,39796.67250000001,20400.0,19396.672500000008,5
3462,1239,90,145,0,145,125,0,20,45,45,0,45,210,40,22609.079999999998,19975.0,2634.079999999999,5
3463,1239,70,165,0,165,150,0,15,35,35,0,35,215,10,5707.080000000001,19975.0,-14267.919999999998,5
3464,1239,105,125,0,125,120,0,5,50,50,0,45,220,70,48924.83250000001,19550.0,29374.83250000001,5
3465,1239,75,155,0,155,140,0,15,40,40,0,40,210,35,19842.84,19550.0,292.84000000000106,5
3466,1239,100,130,0,130,110,0,20,70,70,0,70,205,45,31696.65000000001,19550.0,12146.650000000009,5
3467,1239,65,165,0,165,150,15,0,35,35,0,35,210,70,47262.307499999995,19550.0,27712.307499999995,5
3468,1239,115,145,0,145,125,0,20,40,40,0,40,235,10,5224.32,22100.0,-16875.68,5
3469,1239,95,145,0,145,145,0,0,45,45,0,45,235,50,32947.92,20400.0,12547.919999999998,5
3470,1239,80,180,0,180,145,0,35,40,40,0,35,220,35,17472.6,22100.0,-4627.4,5
3471,1239,130,145,0,145,140,0,5,35,35,0,35,265,10,5048.64,23375.0,-18326.36,5
3472,1239,120,130,0,130,105,10,15,45,45,0,40,220,45,28557.989999999998,21250.0,7307.99,5
3473,1239,155,125,0,125,125,0,0,45,45,0,45,275,30,14970.240000000003,23800.0,-8829.759999999997,5
3474,1239,75,170,0,170,125,25,20,35,35,0,35,195,30,17472.600000000002,20825.0,-3352.399999999998,5
3475,1239,165,125,0,125,120,0,5,50,50,0,50,280,15,7858.4400000000005,24650.0,-16791.559999999998,5
3476,1239,60,170,0,170,160,5,5,40,40,0,40,215,40,25742.655,19550.0,6192.655,5
3477,1239,80,165,0,165,160,0,5,25,25,0,25,235,30,23528.227499999997,20825.0,2703.227499999998,5
3478,1239,95,125,0,125,120,0,5,65,65,0,65,210,55,33244.020000000004,18700.0,14544.020000000004,5
3479,1239,150,115,0,115,105,0,10,45,45,0,45,250,40,29265.885000000002,22525.0,6740.885000000003,5
3480,1239,75,165,0,165,165,0,0,50,50,0,50,235,60,38479.95000000001,20400.0,18079.95000000001,5
3481,1239,110,150,0,150,125,0,25,45,45,0,45,230,35,18394.380000000005,22100.0,-3705.6199999999967,5
3482,1239,120,125,0,125,115,0,10,60,60,0,60,230,75,47929.14000000001,20825.0,27104.140000000007,5
3483,1239,60,175,0,175,175,0,0,35,35,0,35,230,25,12599.28,19975.0,-7375.719999999999,5
3484,1239,70,150,0,150,85,45,20,55,55,0,55,150,40,23519.79,18700.0,4819.790000000003,5
3485,1239,95,125,0,125,115,0,10,55,55,0,50,205,60,45880.039687500015,18700.0,27180.03968750001,5
3486,1239,70,165,0,165,155,0,10,40,40,0,40,220,40,27553.342500000002,19975.0,7578.342500000003,5
3487,1239,75,170,0,170,145,10,15,45,45,0,45,215,35,19821.24,20825.0,-1003.7599999999975,5
3488,1239,95,155,0,155,145,0,10,45,45,0,40,235,40,21774.239999999998,21250.0,524.2399999999998,5
3489,1239,115,135,0,135,125,0,10,55,55,0,55,235,35,19382.04,21250.0,-1867.9599999999982,5
3490,1239,85,135,0,135,120,0,15,60,60,0,60,200,50,26033.040000000005,18700.0,7333.040000000005,5
3491,1239,115,135,0,135,115,10,10,70,70,0,70,225,35,19865.16,21250.0,-1384.8399999999992,5
3492,1239,90,155,0,155,155,0,0,30,30,0,30,240,15,9109.619999999999,20825.0,-11715.380000000001,5
3493,1239,70,165,0,165,160,0,5,40,40,0,40,225,10,5487.4800000000005,19975.0,-14487.52,5
3494,1239,165,125,0,125,120,0,5,35,35,0,35,280,20,11414.340000000002,24650.0,-13235.659999999998,5
3495,1239,100,150,0,150,135,0,15,50,50,0,50,230,20,11655.900000000001,21250.0,-9594.099999999999,5
3496,1239,90,155,0,155,125,15,15,60,60,0,60,210,45,25331.04,20825.0,4506.040000000003,5
3497,1239,80,155,0,155,120,25,10,50,50,0,50,195,75,52059.723750000005,19975.0,32084.723750000005,5
3498,1239,115,130,0,130,130,0,0,45,45,0,45,240,35,22400.73,20825.0,1575.7299999999987,5
3499,1239,45,185,0,185,165,10,10,35,35,0,30,205,25,14114.340000000002,19550.0,-5435.659999999998,5
3500,1239,165,125,0,125,115,0,10,30,30,0,30,275,25,16177.770000000002,24650.0,-8472.229999999998,5
3501,1239,100,135,0,135,130,5,0,50,50,0,50,225,50,35901.79875000001,19975.0,15926.798750000007,5
3502,1239,110,155,0,155,130,0,25,30,30,0,30,235,5,2634.1200000000003,22525.0,-19890.88,5
3503,1239,55,175,0,175,160,0,15,25,25,0,25,210,10,4916.880000000001,19550.0,-14633.119999999999,5
3504,1239,135,145,0,145,130,0,15,50,50,0,50,260,25,12863.16,23800.0,-10936.84,5
3505,1239,70,140,0,140,135,5,0,60,60,0,60,200,40,26154.045000000006,17850.0,8304.045000000006,5
3506,1239,60,160,0,160,135,15,10,55,55,0,55,190,75,52865.6175,18700.0,34165.6175,5
3507,1239,65,175,0,175,145,0,30,40,40,0,40,205,45,28514.025,20400.0,8114.0250000000015,5
3508,1239,80,165,0,165,150,0,15,30,30,0,30,225,25,15211.800000000003,20825.0,-5613.199999999997,5
3509,1239,75,135,0,135,130,0,5,65,65,0,65,200,60,44273.744999999995,17850.0,26423.745,5
3510,1239,110,140,0,140,130,5,5,50,50,0,50,235,30,15321.24,21250.0,-5928.76,5
3511,1239,130,135,0,135,130,0,5,50,50,0,50,255,45,26988.030000000002,22525.0,4463.030000000003,5
3512,1239,110,145,0,145,125,5,15,60,60,0,60,230,40,20062.800000000003,21675.0,-1612.199999999998,5
3513,1239,125,130,0,130,130,0,0,50,50,0,50,250,45,24518.339999999997,21675.0,2843.3399999999983,5
3514,1239,95,170,0,170,150,0,20,25,25,0,25,240,10,5224.32,22525.0,-17300.68,5
3515,1239,95,145,0,145,140,0,5,45,45,0,45,230,55,35705.1375,20400.0,15305.1375,5
3516,1239,130,140,0,140,135,0,5,35,35,0,35,260,50,31603.274999999998,22950.0,8653.274999999998,5
3517,1239,70,150,0,150,135,0,15,65,65,0,60,200,80,54481.545000000006,18700.0,35781.545000000006,5
3518,1239,100,140,0,140,140,0,0,45,45,0,45,235,65,43484.175,20400.0,23084.175000000003,5
3519,1239,80,130,0,130,125,0,5,50,50,0,50,200,60,41535.98999999999,17850.0,23685.98999999999,5
3520,1239,95,155,0,155,145,0,10,55,55,0,50,235,30,14662.800000000003,21250.0,-6587.199999999998,5
3521,1239,75,165,0,165,150,5,10,35,35,0,30,220,15,7770.6,20400.0,-12629.400000000001,5
3522,1239,115,140,0,140,95,5,40,55,55,0,55,205,30,16265.34,21675.0,-5409.659999999999,5
3523,1239,75,150,0,150,150,0,0,35,35,0,35,220,30,18855.180000000004,19125.0,-269.81999999999744,5
3524,1239,120,140,0,140,125,0,15,75,75,0,70,240,50,28360.440000000002,22100.0,6260.440000000003,5
3525,1239,170,130,0,130,125,0,5,50,50,0,50,290,45,26933.580000000005,25500.0,1433.5800000000063,5
3526,1239,90,150,0,150,150,0,0,40,40,0,40,235,40,27306.765000000007,20400.0,6906.765000000005,5
3527,1239,60,180,0,180,140,20,20,50,50,0,50,195,50,32218.155000000002,20400.0,11818.155000000002,5
3528,1239,65,150,0,150,100,25,25,60,60,0,60,160,50,31838.850000000002,18275.0,13563.850000000002,5
3529,1239,125,115,0,115,100,10,5,70,70,0,70,220,50,33414.165,20400.0,13014.165000000003,5
3530,1239,135,125,0,125,125,0,0,60,60,0,60,255,40,22872.600000000002,22100.0,772.6000000000022,5
3531,1239,80,145,0,145,125,0,20,40,40,0,40,200,35,21960.99,19125.0,2835.9900000000016,5
3532,1239,120,140,0,140,120,0,20,40,40,0,40,235,40,26724.870000000003,22100.0,4624.870000000001,5
3533,1239,95,140,0,140,115,5,20,50,50,0,50,205,30,16111.080000000002,19975.0,-3863.9199999999983,5
3534,1239,80,160,0,160,155,0,5,55,55,0,55,230,35,17384.760000000002,20400.0,-3015.2399999999966,5
3535,1239,110,135,0,135,100,10,25,80,80,0,80,205,90,54503.46000000001,20825.0,33678.46000000001,5
3536,1239,120,135,0,135,130,0,5,45,45,0,45,245,15,8911.980000000001,21675.0,-12763.019999999999,5
3537,1239,155,115,0,115,90,10,15,65,65,0,65,240,95,65769.53625,22950.0,42819.53625000001,5
3538,1239,80,155,0,155,155,0,0,50,50,0,50,230,40,21401.82,19975.0,1426.819999999998,5
3539,1239,90,160,0,160,100,40,20,75,75,0,75,185,50,27086.940000000002,21250.0,5836.940000000004,5
3540,1239,115,140,0,140,110,15,15,60,60,0,60,220,35,16857.72,21675.0,-4817.279999999999,5
3541,1239,90,160,0,160,145,0,15,50,50,0,50,230,30,16155.360000000002,21250.0,-5094.639999999998,5
3542,1239,75,165,0,165,150,0,15,30,30,0,25,220,15,9745.560000000003,20400.0,-10654.439999999997,5
3543,1239,125,130,0,130,120,0,10,35,35,0,35,240,80,55628.100000000006,21675.0,33953.100000000006,5
3544,1239,125,140,0,140,105,5,30,50,50,0,45,225,30,18427.23,22525.0,-4097.77,5
3545,1239,145,125,0,125,115,0,10,50,50,0,50,255,35,20150.640000000003,22950.0,-2799.359999999997,5
3546,1239,125,125,0,125,110,0,15,65,65,0,60,230,60,36075.87,21250.0,14825.870000000004,5
3547,1239,75,170,0,170,160,0,10,45,45,0,45,230,20,10141.2,20825.0,-10683.8,5
3548,1239,125,150,0,150,140,0,10,50,50,0,45,260,25,12160.44,23375.0,-11214.56,5
3549,1239,85,160,0,160,145,0,15,35,35,0,35,225,15,7594.920000000001,20825.0,-13230.079999999998,5
3550,1239,115,150,0,150,140,0,10,25,25,0,25,250,20,11216.7,22525.0,-11308.3,5
3551,1239,70,155,0,155,150,0,5,45,45,0,40,215,35,19053.18,19125.0,-71.81999999999789,5
3552,1239,155,130,0,130,125,0,5,55,55,0,55,275,45,25748.010000000002,24225.0,1523.0100000000039,5
3553,1239,100,135,0,135,110,5,20,75,75,0,75,205,60,35790.39000000001,19975.0,15815.390000000007,5
3554,1239,145,130,0,130,125,0,5,50,50,0,50,265,40,21555.54,23375.0,-1819.4599999999991,5
3555,1239,165,110,0,110,110,0,0,55,55,0,55,270,30,16637.940000000002,23375.0,-6737.059999999997,5
3556,1239,95,145,0,145,145,0,0,40,40,0,40,235,35,18854.640000000003,20400.0,-1545.3599999999983,5
3557,1239,65,150,0,150,135,10,5,50,50,0,50,195,20,10316.520000000002,18275.0,-7958.479999999998,5
3558,1239,150,120,0,120,115,0,5,60,60,0,60,260,30,18613.980000000003,22950.0,-4336.019999999997,5
3559,1239,115,130,0,130,130,0,0,50,50,0,50,240,30,17582.400000000005,20825.0,-3242.5999999999954,5
3560,1239,55,165,0,165,155,0,10,35,35,0,35,205,40,23509.170000000006,18700.0,4809.170000000004,5
3561,1239,105,155,0,155,120,25,10,60,60,0,60,220,40,25814.025,22100.0,3714.0250000000015,5
3562,1239,85,165,0,165,150,0,15,40,40,0,40,230,30,17867.88,21250.0,-3382.1199999999976,5
3563,1239,125,140,0,140,125,0,15,40,40,0,40,245,15,7726.680000000001,22525.0,-14798.32,5
3564,1239,65,145,0,145,145,0,0,45,45,0,40,205,15,9021.240000000002,17850.0,-8828.759999999998,5
3565,1239,110,140,0,140,140,0,0,45,45,0,45,245,45,27855.63,21250.0,6605.630000000001,5
3566,1239,145,125,0,125,120,0,5,40,40,0,40,260,40,21313.980000000003,22950.0,-1636.0199999999986,5
3567,1239,180,105,0,105,95,0,10,50,50,0,50,270,60,36943.020000000004,24225.0,12718.020000000006,5
3568,1239,140,130,0,130,120,0,10,45,45,0,45,255,30,18361.71,22950.0,-4588.289999999999,5
3569,1239,65,165,0,165,165,0,0,40,40,0,40,225,35,18482.4,19550.0,-1067.5999999999976,5
3570,1239,105,160,0,160,130,0,30,40,40,0,40,230,25,21237.592500000006,22525.0,-1287.4074999999948,5
3571,1239,95,145,0,145,145,0,0,45,45,0,45,235,30,17955.72,20400.0,-2444.279999999999,5
3572,1239,95,140,0,140,130,0,10,45,45,0,45,220,65,47613.9375,19975.0,27638.9375,5
3573,1239,45,180,0,180,150,15,15,40,40,0,40,190,20,10009.44,19125.0,-9115.56,5
3574,1239,100,140,0,140,130,0,10,50,50,0,50,225,35,22257.989999999998,20400.0,1857.9899999999998,5
3575,1239,185,110,0,110,95,0,15,60,60,0,60,275,50,28689.300000000003,25075.0,3614.300000000003,5
3576,1239,95,160,0,160,140,0,20,30,30,0,30,230,35,22828.950000000004,21675.0,1153.9500000000044,5
3577,1239,100,150,0,150,135,0,15,50,50,0,50,230,25,12994.560000000001,21250.0,-8255.439999999999,5
3578,1239,95,135,0,135,130,5,0,65,65,0,65,220,40,25221.149999999998,19550.0,5671.149999999998,5
3579,1239,75,155,0,155,140,0,15,30,30,0,30,210,25,16199.730000000001,19550.0,-3350.269999999998,5
3580,1239,60,165,0,165,155,0,10,30,30,0,30,210,30,23064.6825,19125.0,3939.682499999999,5
3581,1239,75,145,0,145,135,0,10,45,45,0,40,205,50,33419.61,18700.0,14719.610000000002,5
3582,1239,190,100,0,100,100,0,0,60,60,0,60,285,40,20062.800000000003,24650.0,-4587.199999999998,5
3583,1239,95,160,0,160,145,0,15,35,35,0,35,235,25,14092.380000000003,21675.0,-7582.619999999997,5
3584,1239,120,120,0,120,120,0,0,45,45,0,45,235,40,26586.720000000005,20400.0,6186.720000000005,5
3585,1239,140,115,0,115,115,0,0,45,45,0,45,250,40,22784.760000000002,21675.0,1109.7600000000011,5
3586,1239,65,145,0,145,145,0,0,50,50,0,50,205,25,12906.720000000001,17850.0,-4943.28,5
3587,1239,125,135,0,135,135,0,0,30,30,0,30,255,55,40630.646250000005,22100.0,18530.646250000005,5
3588,1239,105,155,0,155,140,0,15,25,25,0,25,240,20,11436.300000000001,22100.0,-10663.699999999999,5
3589,1239,90,145,0,145,130,0,15,40,40,0,40,215,40,25769.700000000004,19975.0,5794.700000000003,5
3590,1239,90,145,0,145,140,0,5,40,40,0,40,225,65,53700.6009375,19975.0,33725.6009375,5
3591,1239,100,145,0,145,140,0,5,45,45,0,45,235,20,11370.420000000002,20825.0,-9454.579999999998,5
3592,1239,120,135,0,135,130,0,5,55,55,0,55,245,40,21072.420000000002,21675.0,-602.5799999999981,5
3593,1239,110,150,0,150,125,0,25,55,55,0,50,230,35,20457.720000000005,22100.0,-1642.279999999996,5
3594,1239,115,140,0,140,125,0,15,35,35,0,35,235,35,24195.015000000003,21675.0,2520.015000000003,5
3595,1239,120,130,0,130,120,0,10,45,45,0,45,235,20,9877.320000000002,21250.0,-11372.679999999998,5
3596,1239,120,150,0,150,125,0,25,35,35,0,35,240,20,11655.900000000001,22950.0,-11294.099999999999,5
3597,1239,105,135,0,135,135,0,0,55,55,0,55,235,5,2590.2000000000003,20400.0,-17809.8,5
3598,1239,120,125,0,125,120,5,0,55,55,0,55,235,60,34747.020000000004,20825.0,13922.020000000002,5
3599,1239,45,185,0,185,110,50,25,45,45,0,40,150,35,18592.02,19550.0,-957.98,5
3600,1239,125,150,0,150,125,0,25,50,50,0,50,245,40,22982.4,23375.0,-392.59999999999764,5
3601,1239,115,150,0,150,140,0,10,60,60,0,60,250,40,21643.38,22525.0,-881.6199999999981,5
3602,1239,115,165,0,165,165,0,0,20,20,0,20,275,25,17582.670000000002,23800.0,-6217.329999999997,5
3603,1239,150,130,0,130,130,0,0,55,55,0,50,275,45,24386.58,23800.0,586.5800000000036,5
3604,1239,130,135,0,135,135,0,0,30,30,0,30,260,40,26460.810000000005,22525.0,3935.810000000006,5
3605,1239,50,175,0,175,165,0,10,40,40,0,40,210,20,9877.680000000002,19125.0,-9247.319999999998,5
3606,1239,70,160,0,160,120,20,20,65,65,0,65,185,30,15277.680000000002,19550.0,-4272.319999999998,5
3607,1239,130,150,0,150,135,0,15,15,15,0,15,260,15,8670.42,23800.0,-15129.580000000002,5
3608,1239,75,165,0,165,140,10,15,50,50,0,45,210,55,34396.740000000005,20400.0,13996.740000000005,5
3609,1239,130,130,0,130,120,0,10,50,50,0,50,245,40,30994.526250000003,22100.0,8894.526250000003,5
3610,1239,80,175,0,175,125,20,30,65,65,0,65,200,50,30160.079999999998,21675.0,8485.079999999998,5
3611,1239,115,155,0,155,105,30,20,60,60,0,60,215,60,38644.244999999995,22950.0,15694.244999999995,5
3612,1239,70,155,0,155,150,5,0,50,50,0,50,215,50,29611.260000000006,19125.0,10486.260000000006,5
3613,1239,90,150,0,150,130,20,0,60,60,0,60,215,55,31389.300000000007,20400.0,10989.300000000007,5
3614,1239,80,165,0,165,160,0,5,35,35,0,35,235,25,14355.36,20825.0,-6469.639999999999,5
3615,1239,75,150,0,150,130,0,20,60,60,0,60,200,50,31252.45500000001,19125.0,12127.455000000009,5
3616,1239,130,145,0,145,140,0,5,45,45,0,45,265,50,28118.880000000005,23375.0,4743.880000000004,5
3617,1239,90,135,0,135,135,0,0,50,50,0,50,220,45,28382.265000000007,19125.0,9257.265000000007,5
3618,1239,95,150,0,150,150,0,0,40,40,0,40,240,10,5180.400000000001,20825.0,-15644.6,5
3619,1239,65,185,0,185,135,25,25,55,55,0,55,195,35,17955.72,21250.0,-3294.279999999999,5
3620,1239,105,140,0,140,120,0,20,55,55,0,55,220,75,54053.34750000002,20825.0,33228.34750000002,5
3621,1239,135,125,0,125,125,0,0,55,55,0,55,255,25,12116.160000000002,22100.0,-9983.839999999998,5
3622,1239,120,140,0,140,130,0,10,45,45,0,45,245,30,16506.9,22100.0,-5593.099999999997,5
3623,1239,110,140,0,140,140,0,0,30,30,0,30,245,35,24523.74,21250.0,3273.7400000000025,5
3624,1239,100,145,0,145,130,0,15,60,60,0,60,225,50,30379.32,20825.0,9554.319999999998,5
3625,1239,60,175,0,175,140,5,30,30,30,0,30,195,30,17714.16,19975.0,-2260.8400000000006,5
3626,1239,115,145,0,145,140,0,5,50,50,0,50,250,10,4872.960000000001,22100.0,-17227.04,5
3627,1239,110,145,0,145,125,0,20,45,45,0,45,230,20,10009.440000000002,21675.0,-11665.559999999998,5
3628,1239,130,140,0,140,135,0,5,45,45,0,45,260,35,19009.260000000002,22950.0,-3940.7399999999984,5
3629,1239,105,150,0,150,135,0,15,50,50,0,50,235,20,12588.39,21675.0,-9086.61,5
3630,1239,145,140,0,140,100,15,25,55,55,0,55,240,35,18416.340000000004,24225.0,-5808.659999999998,5
3631,1239,70,145,0,145,130,10,5,60,60,0,60,195,10,4916.880000000001,18275.0,-13358.119999999999,5
3632,1239,125,140,0,140,135,0,5,50,50,0,50,255,35,21775.14,22525.0,-749.8599999999988,5
3633,1239,145,135,0,135,120,0,15,40,40,0,40,260,55,35718.479999999996,23800.0,11918.48,5
3634,1239,105,130,0,130,130,0,0,30,30,0,30,230,45,31916.272500000006,19975.0,11941.272500000005,5
3635,1239,105,135,0,135,125,0,10,65,65,0,65,225,70,47797.69499999999,20400.0,27397.694999999992,5
3636,1239,100,155,0,155,155,0,0,30,30,0,30,250,35,22203.090000000004,21675.0,528.090000000002,5
3637,1239,85,170,0,170,120,25,25,50,50,0,50,200,20,11787.3,21675.0,-9887.7,5
3638,1239,120,150,0,150,115,0,35,50,50,0,45,230,25,16232.67,22950.0,-6717.33,5
3639,1239,145,125,0,125,125,0,0,30,30,0,30,265,10,4829.040000000001,22950.0,-18120.96,5
3640,1239,80,150,0,150,135,5,10,45,45,0,40,210,80,58531.1625,19550.0,38981.1625,5
3641,1239,145,130,0,130,105,0,25,55,55,0,55,245,35,21259.35,23375.0,-2115.6500000000005,5
3642,1239,115,125,0,125,95,10,20,55,55,0,55,205,95,66630.17250000002,20400.0,46230.172500000015,5
3643,1239,115,150,0,150,145,0,5,45,45,0,45,255,20,10448.64,22525.0,-12076.36,5
3644,1239,150,115,0,115,115,0,0,55,55,0,55,260,20,10009.440000000002,22525.0,-12515.559999999998,5
3645,1239,95,150,0,150,120,0,30,50,50,0,45,210,40,25094.835000000003,20825.0,4269.835000000003,5
3646,1239,160,120,0,120,120,0,0,70,70,0,70,275,55,29018.700000000004,23800.0,5218.7000000000035,5
3647,1239,110,140,0,140,140,0,0,35,35,0,35,245,15,8253.000000000002,21250.0,-12996.999999999998,5
3648,1239,120,135,0,135,130,0,5,35,35,0,35,245,35,20182.950000000004,21675.0,-1492.049999999997,5
3649,1239,85,150,0,150,135,0,15,40,40,0,35,215,25,14092.380000000001,19975.0,-5882.619999999999,5
3650,1239,60,165,0,165,165,0,0,30,30,0,30,220,20,11480.22,19125.0,-7644.780000000001,5
3651,1239,120,135,0,135,110,0,25,65,65,0,65,225,60,37963.35,21675.0,16288.35,5
3652,1239,135,135,0,135,130,0,5,50,50,0,45,260,95,68387.82750000001,22950.0,45437.827500000014,5
3653,1239,60,160,0,160,115,25,20,40,40,0,40,170,45,34610.27625000001,18700.0,15910.276250000006,5
3654,1239,85,135,0,135,135,0,0,60,60,0,60,215,65,40531.86000000001,18700.0,21831.860000000008,5
3655,1239,125,135,0,135,100,0,35,55,55,0,55,220,35,17867.520000000004,22100.0,-4232.479999999996,5
3656,1239,100,145,0,145,110,5,30,50,50,0,50,205,35,23558.175000000003,20825.0,2733.175000000001,5
3657,1239,130,155,0,155,150,0,5,45,45,0,45,275,25,14004.54,24225.0,-10220.46,5
3658,1239,70,165,0,165,130,0,35,45,45,0,45,195,30,19064.07,19975.0,-910.9299999999985,5
3659,1239,75,165,0,165,165,0,0,35,35,0,30,235,40,23838.300000000003,20400.0,3438.300000000004,5
3660,1239,100,150,0,150,140,0,10,45,45,0,45,235,65,46158.28875,21250.0,24908.28875,5
3661,1239,80,145,0,145,135,5,5,50,50,0,50,210,40,28906.2675,19125.0,9781.267500000004,5
3662,1239,110,155,0,155,135,0,20,35,35,0,35,240,15,10876.59,22525.0,-11648.41,5
3663,1239,145,120,0,120,120,0,0,60,60,0,60,260,15,8121.6,22525.0,-14403.4,5
3664,1239,65,170,0,170,160,10,0,40,40,0,40,220,20,10931.040000000003,19975.0,-9043.959999999997,5
3665,1239,125,135,0,135,125,0,10,55,55,0,55,245,50,33738.412500000006,22100.0,11638.412500000004,5
3666,1239,90,150,0,150,130,0,20,50,50,0,50,215,40,25100.730000000003,20400.0,4700.730000000003,5
3667,1239,55,190,0,190,170,0,20,30,30,0,30,220,30,16550.82,20825.0,-4274.1799999999985,5
3668,1239,50,185,0,185,130,25,30,35,35,0,35,175,30,19459.17,19975.0,-515.8300000000008,5
3669,1239,90,130,0,130,125,0,5,65,65,0,65,210,75,52892.88750000001,18700.0,34192.88750000001,5
3670,1239,115,130,0,130,130,0,0,50,50,0,50,240,25,15826.410000000003,20825.0,-4998.5899999999965,5
3671,1239,120,130,0,130,125,5,0,65,65,0,65,240,70,45163.44000000001,21250.0,23913.44000000001,5
3672,1239,80,145,0,145,135,0,10,65,65,0,60,210,40,21357.9,19125.0,2232.8999999999996,5
3673,1239,80,155,0,155,130,10,15,55,55,0,55,205,50,32980.86,19975.0,13005.860000000002,5
3674,1239,170,120,0,120,120,0,0,40,40,0,40,285,20,13269.15,24650.0,-11380.85,5
3675,1239,140,115,0,115,110,0,5,45,45,0,45,245,45,31432.99500000001,21675.0,9757.99500000001,5
3676,1239,100,125,0,125,125,0,0,55,55,0,55,220,65,42073.582500000004,19125.0,22948.582500000004,5
3677,1239,85,150,0,150,150,0,0,35,35,0,35,230,30,18076.230000000003,19975.0,-1898.7699999999973,5
3678,1239,90,165,0,165,160,0,5,25,25,0,25,245,20,13477.770000000002,21675.0,-8197.229999999998,5
3679,1239,110,155,0,155,140,0,15,55,55,0,50,245,25,15903.270000000002,22525.0,-6621.729999999998,5
3680,1239,55,165,0,165,160,0,5,50,50,0,50,210,15,7945.920000000001,18700.0,-10754.079999999998,5
3681,1239,100,160,0,160,150,0,10,25,25,0,25,245,5,2634.1200000000003,22100.0,-19465.88,5
3682,1239,120,130,0,130,100,0,30,65,65,0,65,215,45,30662.347500000003,21250.0,9412.347500000005,5
3683,1239,130,115,0,115,115,0,0,55,55,0,55,240,65,44892.84374999999,20825.0,24067.843749999993,5
3684,1239,120,155,0,155,135,0,20,45,45,0,45,250,20,10404.720000000001,23375.0,-12970.279999999999,5
3685,1239,85,155,0,155,140,0,15,50,50,0,45,220,35,20556.63,20400.0,156.6300000000001,5
3686,1239,125,125,0,125,115,0,10,60,60,0,60,235,45,22762.260000000002,21250.0,1512.2600000000011,5
3687,1239,80,155,0,155,145,0,10,45,45,0,45,220,65,46990.82250000001,19975.0,27015.822500000013,5
3688,1239,150,130,0,130,110,0,20,45,45,0,45,255,25,13389.660000000002,23800.0,-10410.339999999998,5
3689,1239,85,155,0,155,130,0,25,50,50,0,50,210,50,27635.760000000006,20400.0,7235.760000000005,5
3690,1239,140,130,0,130,130,0,0,70,70,0,70,265,50,28448.280000000006,22950.0,5498.280000000004,5
3691,1239,65,160,0,160,150,5,5,55,55,0,55,210,40,23267.88,19125.0,4142.88,5
3692,1239,75,165,0,165,155,0,10,35,35,0,35,225,35,19974.960000000003,20400.0,-425.0399999999968,5
3693,1239,70,165,0,165,145,15,5,50,50,0,50,210,30,18449.550000000003,19975.0,-1525.4499999999962,5
3694,1239,110,155,0,155,155,0,0,40,40,0,40,260,25,12643.560000000001,22525.0,-9881.439999999999,5
3695,1239,85,150,0,150,140,0,10,45,45,0,45,220,25,12687.48,19975.0,-7287.5199999999995,5
3696,1239,105,155,0,155,140,0,15,45,45,0,45,240,35,20721.240000000005,22100.0,-1378.759999999993,5
3697,1239,90,155,0,155,145,0,10,45,45,0,45,230,10,5487.4800000000005,20825.0,-15337.52,5
3698,1239,140,140,0,140,140,0,0,45,45,0,45,275,30,20666.565000000006,23800.0,-3133.434999999995,5
3699,1239,135,150,0,150,145,0,5,55,55,0,55,275,35,17560.440000000002,24225.0,-6664.559999999997,5
3700,1239,65,150,0,150,135,5,10,45,45,0,45,195,45,31351.005,18275.0,13076.005000000001,5
3701,1239,85,165,0,165,165,0,0,35,35,0,35,245,25,13631.220000000001,21250.0,-7618.779999999999,5
3702,1239,105,155,0,155,135,0,20,30,30,0,30,235,5,2546.28,22100.0,-19553.72,5
3703,1239,70,165,0,165,125,15,25,65,65,0,65,190,30,14970.240000000002,19975.0,-5004.759999999998,5
3704,1239,110,140,0,140,125,0,15,55,55,0,55,230,45,27855.270000000004,21250.0,6605.270000000005,5
3705,1239,150,135,0,135,135,0,0,25,25,0,25,280,25,14948.280000000002,24225.0,-9276.719999999998,5
3706,1239,95,160,0,160,150,0,10,25,25,0,25,240,5,2765.520000000001,21675.0,-18909.48,5
3707,1239,100,135,0,135,135,0,0,50,50,0,50,230,45,27087.030000000006,19975.0,7112.030000000004,5
3708,1239,100,120,0,120,120,0,0,55,55,0,55,215,85,60501.10500000001,18700.0,41801.10500000001,5
3709,1239,105,145,0,145,135,0,10,60,60,0,55,235,45,26582.22,21250.0,5332.220000000002,5
3710,1239,165,110,0,110,90,0,20,50,50,0,50,250,65,43878.91500000001,23375.0,20503.915000000008,5
3711,1239,85,155,0,155,115,25,15,40,40,0,40,195,45,36360.916874999995,20400.0,15960.916874999999,5
3712,1239,80,155,0,155,140,5,10,70,70,0,70,215,40,20326.320000000003,19975.0,351.3200000000029,5
3713,1239,110,150,0,150,145,0,5,45,45,0,45,250,35,19031.22,22100.0,-3068.779999999997,5
3714,1239,130,145,0,145,140,0,5,35,35,0,35,265,10,4960.8,23375.0,-18414.2,5
3715,1239,85,150,0,150,135,10,5,50,50,0,50,215,55,32761.530000000002,19975.0,12786.530000000002,5
3716,1239,85,160,0,160,150,0,10,55,55,0,55,230,35,18131.399999999998,20825.0,-2693.6000000000013,5
3717,1239,105,150,0,150,135,0,15,35,35,0,35,235,20,10953.180000000002,21675.0,-10721.819999999998,5
3718,1239,65,155,0,155,125,10,20,60,60,0,60,185,60,37195.29,18700.0,18495.29,5
3719,1239,95,145,0,145,140,0,5,55,55,0,55,230,55,34956.36000000001,20400.0,14556.360000000008,5
3720,1239,55,175,0,175,140,0,35,50,50,0,45,190,15,7638.84,19550.0,-11911.16,5
3721,1239,95,150,0,150,140,10,0,50,50,0,50,230,60,39406.814999999995,20825.0,18581.814999999995,5
3722,1239,80,140,0,140,135,0,5,55,55,0,50,210,65,37557.36,18700.0,18857.36,5
3723,1239,150,135,0,135,130,0,5,35,35,0,35,275,25,12731.400000000001,24225.0,-11493.599999999999,5
3724,1239,135,140,0,140,130,0,10,35,35,0,35,260,35,21862.980000000003,23375.0,-1512.0199999999977,5
3725,1239,95,135,0,135,120,15,0,45,45,0,45,210,70,51287.71500000001,19550.0,31737.715000000007,5
3726,1239,100,145,0,145,125,0,20,55,55,0,50,220,80,54410.332500000004,20825.0,33585.332500000004,5
3727,1239,115,145,0,145,115,0,30,50,50,0,50,225,35,24507.450000000008,22100.0,2407.450000000008,5
3728,1239,95,145,0,145,145,0,0,40,40,0,40,235,40,28683.742500000004,20400.0,8283.742500000004,5
3729,1239,105,140,0,140,135,5,0,40,40,0,40,235,60,41148.72,20825.0,20323.72,5
3730,1239,85,160,0,160,120,10,30,50,50,0,50,200,20,9789.840000000002,20825.0,-11035.159999999998,5
3731,1239,65,160,0,160,160,0,0,40,40,0,40,220,50,36602.64,19125.0,17477.64,5
3732,1239,95,155,0,155,155,0,0,55,55,0,55,245,50,27767.520000000004,21250.0,6517.520000000004,5
3733,1239,115,150,0,150,135,0,15,50,50,0,50,245,40,23333.22,22525.0,808.2200000000012,5
3734,1239,85,155,0,155,145,0,10,50,50,0,50,225,50,34572.35250000001,20400.0,14172.352500000006,5
3735,1239,145,130,0,130,110,0,20,65,65,0,65,250,75,46172.880000000005,23375.0,22797.880000000005,5
3736,1239,110,160,0,160,160,0,0,45,45,0,45,265,60,38358.810000000005,22950.0,15408.810000000009,5
3737,1239,145,120,0,120,110,0,10,60,60,0,55,250,50,31400.280000000002,22525.0,8875.280000000002,5
3738,1239,95,150,0,150,140,0,10,25,25,0,25,230,25,15738.57,20825.0,-5086.43,5
3739,1239,105,145,0,145,130,5,10,65,65,0,65,230,35,18306.72,21250.0,-2943.2799999999997,5
3740,1239,110,135,0,135,135,0,0,50,50,0,50,240,45,27964.8,20825.0,7139.8,5
3741,1239,100,130,0,130,125,0,5,40,40,0,40,220,100,79868.24437500001,19550.0,60318.244375,5
3742,1239,105,140,0,140,140,0,0,45,45,0,45,240,45,26406.270000000004,20825.0,5581.270000000004,5
3743,1239,100,140,0,140,140,0,0,55,55,0,55,235,30,15716.160000000003,20400.0,-4683.839999999996,5
3744,1239,55,170,0,170,120,25,25,50,50,0,50,170,70,50250.06000000001,19125.0,31125.060000000012,5
3745,1239,80,150,0,150,145,0,5,30,30,0,30,220,30,15540.840000000004,19550.0,-4009.159999999997,5
3746,1239,115,140,0,140,125,0,15,40,40,0,40,235,45,27130.680000000008,21675.0,5455.680000000007,5
3747,1239,85,140,0,140,135,0,5,75,75,0,75,215,30,19316.340000000004,19125.0,191.34000000000242,5
3748,1239,105,145,0,145,135,0,10,55,55,0,55,235,70,46996.51500000001,21250.0,25746.515000000007,5
3749,1239,75,160,0,160,120,15,25,65,65,0,65,190,35,18635.940000000002,19975.0,-1339.0599999999972,5
3750,1239,100,140,0,140,130,0,10,60,60,0,60,225,55,32157.630000000005,20400.0,11757.630000000005,5
3751,1239,140,120,0,120,120,0,0,65,65,0,65,255,35,17955.360000000004,22100.0,-4144.639999999995,5
3752,1239,140,120,0,120,100,0,20,55,55,0,55,235,20,10097.28,22100.0,-12002.72,5
3753,1239,105,135,0,135,135,0,0,45,45,0,45,235,65,48095.448749999996,20400.0,27695.448749999996,5
3754,1239,70,160,0,160,145,10,5,50,50,0,50,210,30,17736.120000000003,19550.0,-1813.8799999999992,5
3755,1239,65,165,0,165,140,0,25,50,50,0,50,200,40,25775.594999999998,19550.0,6225.594999999998,5
3756,1239,130,135,0,135,100,5,30,55,55,0,50,225,50,28053.000000000007,22525.0,5528.000000000006,5
3757,1239,45,175,0,175,145,20,10,40,40,0,40,185,30,15825.780000000002,18700.0,-2874.219999999998,5
3758,1239,75,150,0,150,150,0,0,40,40,0,40,220,50,35258.26500000001,19125.0,16133.265000000007,5
3759,1239,130,115,0,115,110,0,5,65,65,0,65,235,90,72433.7071875,20825.0,51608.707187500004,5
3760,1239,105,155,0,155,155,0,0,35,35,0,35,255,25,14597.1,22100.0,-7502.9,5
3761,1239,120,145,0,145,130,0,15,35,35,0,35,245,25,16649.280000000002,22525.0,-5875.719999999997,5
3762,1239,60,165,0,165,160,0,5,35,35,0,30,215,40,33085.479375,19125.0,13960.479375000004,5
3763,1239,90,150,0,150,150,0,0,40,40,0,35,235,50,30873.510000000002,20400.0,10473.510000000002,5
3764,1239,110,135,0,135,135,0,0,40,40,0,40,240,45,26560.260000000002,20825.0,5735.260000000003,5
3765,1239,60,150,0,150,130,5,15,60,60,0,55,185,40,21248.100000000006,17850.0,3398.100000000004,5
3766,1239,150,125,0,125,120,0,5,50,50,0,45,265,20,11392.380000000001,23375.0,-11982.619999999999,5
3767,1239,85,150,0,150,145,0,5,55,55,0,50,225,35,18174.960000000003,19975.0,-1800.0399999999968,5
3768,1239,85,170,0,170,170,0,0,25,25,0,25,250,15,7551.0,21675.0,-14124.0,5
3769,1239,70,155,0,155,130,0,25,60,60,0,60,195,60,38150.145000000004,19125.0,19025.145000000008,5
3770,1239,115,140,0,140,115,0,25,55,55,0,55,225,65,43401.91500000001,21675.0,21726.915000000008,5
3771,1239,90,150,0,150,150,0,0,55,55,0,55,235,30,16923.780000000002,20400.0,-3476.2199999999984,5
3772,1239,85,155,0,155,150,0,5,35,35,0,35,230,25,16111.890000000001,20400.0,-4288.109999999999,5
3773,1239,70,160,0,160,115,25,20,50,50,0,50,180,10,4653.360000000001,19550.0,-14896.64,5
3774,1239,130,140,0,140,130,0,10,20,20,0,20,255,25,16276.23,22950.0,-6673.7699999999995,5
3775,1239,80,145,0,145,125,0,20,50,50,0,50,200,80,60340.224375,19125.0,41215.224375,5
3776,1239,35,190,0,190,150,10,30,30,30,0,30,180,30,17165.340000000004,19125.0,-1959.6599999999967,5
3777,1239,85,165,0,165,105,25,35,45,45,0,45,185,60,38457.09000000001,21250.0,17207.09000000001,5
3778,1239,105,160,0,160,140,0,20,35,35,0,35,240,25,13170.240000000003,22525.0,-9354.759999999997,5
3779,1239,125,140,0,140,125,0,15,65,65,0,65,245,40,27405.585000000006,22525.0,4880.5850000000055,5
3780,1239,125,145,0,145,115,0,30,40,40,0,40,235,60,38818.98000000001,22950.0,15868.98000000001,5
3781,1239,105,140,0,140,125,5,10,65,65,0,65,225,45,25396.560000000005,20825.0,4571.560000000004,5
3782,1239,110,140,0,140,130,0,10,25,25,0,25,235,25,15979.770000000004,21250.0,-5270.229999999997,5
3783,1239,110,130,0,130,115,0,15,50,50,0,50,220,35,18723.420000000002,20400.0,-1676.5799999999967,5
3784,1239,90,160,0,160,120,0,40,40,40,0,40,205,35,21841.020000000004,21250.0,591.0200000000032,5
3785,1239,175,125,0,125,110,0,15,55,55,0,55,280,50,31981.590000000004,25500.0,6481.590000000006,5
3786,1239,215,90,0,90,85,0,5,50,50,0,50,295,60,37261.305,25925.0,11336.304999999997,5
3787,1239,140,130,0,130,130,0,0,40,40,0,40,265,30,18636.210000000003,22950.0,-4313.789999999997,5
3788,1239,105,130,0,130,110,0,20,50,50,0,50,210,65,44790.075000000004,19975.0,24815.075000000004,5
3789,1239,100,145,0,145,145,0,0,40,40,0,40,240,20,11216.7,20825.0,-9608.3,5
3790,1239,110,135,0,135,125,0,10,40,40,0,35,230,15,7814.160000000001,20825.0,-13010.839999999998,5
3791,1239,85,130,0,130,115,5,10,60,60,0,55,195,100,69374.62125000001,18275.0,51099.62125000001,5
3792,1239,115,160,0,160,135,0,25,30,30,0,30,245,15,8626.5,23375.0,-14748.5,5
3793,1239,75,170,0,170,125,10,35,40,40,0,35,195,30,16945.56,20825.0,-3879.4399999999996,5
3794,1239,115,130,0,130,130,0,0,40,40,0,40,240,45,27284.670000000006,20825.0,6459.6700000000055,5
3795,1239,110,150,0,150,140,0,10,30,30,0,30,245,10,5004.72,22100.0,-17095.28,5
3796,1239,95,150,0,150,140,0,10,35,35,0,35,230,25,12292.2,20825.0,-8532.8,5
3797,1239,65,180,0,180,155,0,25,40,40,0,40,215,35,23322.645000000004,20825.0,2497.6450000000023,5
3798,1239,45,175,0,175,135,30,10,40,40,0,40,175,40,25665.795000000002,18700.0,6965.795000000003,5
3799,1239,55,170,0,170,140,25,5,45,45,0,45,190,55,36240.075,19125.0,17115.074999999997,5
3800,1239,85,150,0,150,140,0,10,40,40,0,40,220,25,12511.440000000002,19975.0,-7463.559999999998,5
3801,1239,85,160,0,160,155,0,5,45,45,0,45,235,15,7770.600000000002,20825.0,-13054.399999999998,5
3802,1239,35,165,0,165,160,0,5,35,35,0,30,190,60,39840.030000000006,17000.0,22840.030000000006,5
3803,1239,95,145,0,145,120,0,25,60,60,0,60,210,50,27306.360000000004,20400.0,6906.360000000004,5
3804,1239,120,150,0,150,145,0,5,20,20,0,20,260,25,13653.180000000002,22950.0,-9296.819999999998,5
3805,1239,65,165,0,165,120,25,20,55,55,0,55,180,40,24540.750000000007,19550.0,4990.750000000007,5
3806,1239,80,150,0,150,140,0,10,45,45,0,40,215,60,39006.18000000001,19550.0,19456.180000000004,5
3807,1239,115,160,0,160,125,0,35,50,50,0,50,235,35,19865.34,23375.0,-3509.659999999999,5
3808,1239,100,155,0,155,145,0,10,45,45,0,45,240,45,27361.530000000002,21675.0,5686.5300000000025,5
3809,1239,70,155,0,155,135,0,20,45,45,0,45,200,70,45399.10500000002,19125.0,26274.105000000018,5
3810,1239,115,125,0,125,100,20,5,55,55,0,55,210,50,35856.045000000006,20400.0,15456.04500000001,5
3811,1239,120,165,0,165,140,0,25,35,35,0,35,255,25,13938.660000000002,24225.0,-10286.339999999998,5
3812,1239,85,160,0,160,160,0,0,25,25,0,20,240,30,18021.600000000002,20825.0,-2803.399999999999,5
3813,1239,95,150,0,150,140,0,10,30,30,0,30,230,25,14179.860000000004,20825.0,-6645.139999999997,5
3814,1239,45,190,0,190,180,0,10,20,20,0,20,220,0,0.0,19975.0,-19975.0,5
3815,1239,150,130,0,130,130,0,0,50,50,0,50,275,55,36070.515,23800.0,12270.515,5
3816,1239,55,160,0,160,115,15,30,50,50,0,45,165,55,38545.13250000001,18275.0,20270.132500000007,5
3817,1239,105,160,0,160,145,0,15,40,40,0,40,245,50,29633.31,22525.0,7108.310000000001,5
3818,1239,140,105,0,105,105,0,0,40,40,0,40,240,45,30225.8925,20825.0,9400.8925,5
3819,1239,105,145,0,145,140,0,5,60,60,0,60,240,35,18657.720000000005,21250.0,-2592.279999999996,5
3820,1239,90,145,0,145,110,0,35,70,70,0,65,195,115,88430.090625,19975.0,68455.090625,5
3821,1239,150,110,0,110,105,0,5,65,65,0,65,250,50,26779.32,22100.0,4679.319999999998,5
3822,1239,90,145,0,145,145,0,0,45,45,0,45,230,55,35186.35500000001,19975.0,15211.355000000007,5
3823,1239,155,135,0,135,130,0,5,45,45,0,40,280,55,32399.19,24650.0,7749.189999999999,5
3824,1239,115,130,0,130,120,0,10,40,40,0,40,230,30,17801.460000000003,20825.0,-3023.539999999996,5
3825,1239,75,150,0,150,150,0,0,40,40,0,35,220,30,15365.160000000003,19125.0,-3759.839999999997,5
3826,1239,140,135,0,135,115,0,20,60,60,0,60,250,45,23904.18,23375.0,529.1800000000012,5
3827,1239,155,120,0,120,120,0,0,70,70,0,65,270,65,41333.265,23375.0,17958.265,5
3828,1239,145,145,0,145,140,0,5,35,35,0,35,280,20,11655.9,24650.0,-12994.1,5
3829,1239,55,165,0,165,125,20,20,50,50,0,50,175,20,10360.440000000002,18700.0,-8339.559999999998,5
3830,1239,90,155,0,155,145,0,10,30,30,0,30,230,35,20128.68,20825.0,-696.3199999999983,5
3831,1239,120,140,0,140,125,0,15,55,55,0,55,240,40,23695.470000000005,22100.0,1595.4700000000048,5
3832,1239,90,165,0,165,160,0,5,35,35,0,35,245,15,8933.94,21675.0,-12741.06,5
3833,1239,125,145,0,145,140,0,5,30,30,0,30,260,20,9833.76,22950.0,-13116.239999999998,5
3834,1239,70,165,0,165,130,5,30,50,50,0,45,195,30,18965.61,19975.0,-1009.3899999999985,5
3835,1239,105,155,0,155,125,0,30,55,55,0,55,225,40,24189.660000000003,22100.0,2089.6600000000035,5
3836,1239,125,135,0,135,130,0,5,55,55,0,55,250,65,45203.56875000001,22100.0,23103.568750000013,5
3837,1239,120,135,0,135,135,0,0,35,35,0,35,250,45,28370.79,21675.0,6695.790000000002,5
3838,1239,120,140,0,140,125,0,15,40,40,0,40,240,10,5092.560000000001,22100.0,-17007.44,5
3839,1239,90,155,0,155,125,0,30,45,45,0,45,210,75,49646.56500000001,20825.0,28821.56500000001,5
3840,1239,90,180,0,180,140,0,40,30,30,0,30,225,15,7814.52,22950.0,-15135.48,5
3841,1239,80,160,0,160,150,0,10,50,50,0,50,225,15,7814.520000000001,20400.0,-12585.479999999998,5
3842,1239,90,130,0,130,130,0,0,55,55,0,55,215,30,16945.74,18700.0,-1754.259999999997,5
3843,1239,75,165,0,165,160,0,5,60,60,0,60,230,30,17296.92,20400.0,-3103.08,5
3844,1239,145,130,0,130,120,0,10,40,40,0,40,260,15,7989.840000000002,23375.0,-15385.159999999998,5
3845,1239,95,155,0,155,135,5,15,35,35,0,35,225,10,5136.4800000000005,21250.0,-16113.519999999999,5
3846,1239,110,145,0,145,145,0,0,35,35,0,35,250,20,10184.760000000002,21675.0,-11490.239999999998,5
3847,1239,110,155,0,155,150,0,5,45,45,0,45,255,20,13708.35,22525.0,-8816.65,5
3848,1239,95,140,0,140,125,0,15,55,55,0,55,215,95,69496.20000000001,19975.0,49521.20000000001,5
3849,1239,100,160,0,160,125,5,30,50,50,0,50,220,35,20743.56,22100.0,-1356.4399999999978,5
3850,1239,130,120,0,120,105,0,15,70,70,0,70,230,55,29830.680000000008,21250.0,8580.680000000008,5
3851,1239,65,160,0,160,145,10,5,40,40,0,40,205,35,19184.4,19125.0,59.400000000000546,5
3852,1239,150,120,0,120,115,0,5,45,45,0,40,260,30,18416.250000000004,22950.0,-4533.749999999998,5
3853,1239,140,120,0,120,110,0,10,65,65,0,60,245,35,21039.750000000004,22100.0,-1060.2499999999964,5
3854,1239,75,160,0,160,140,10,10,30,30,0,30,210,35,22927.23,19975.0,2952.2299999999996,5
3855,1239,140,115,0,115,110,0,5,70,70,0,70,245,25,12818.880000000001,21675.0,-8856.119999999999,5
3856,1239,85,145,0,145,145,0,0,60,60,0,60,225,35,18789.66,19550.0,-760.3399999999988,5
3857,1239,110,155,0,155,155,0,0,30,30,0,30,260,5,2634.1200000000003,22525.0,-19890.88,5
3858,1239,135,130,0,130,100,0,30,50,50,0,50,230,30,22214.205,22525.0,-310.79499999999825,5
3859,1239,100,135,0,135,120,0,15,55,55,0,55,215,80,54316.799999999996,19975.0,34341.799999999996,5
3860,1239,115,140,0,140,140,0,0,50,50,0,50,250,40,21555.54,21675.0,-119.45999999999913,5
3861,1239,120,120,0,120,120,0,0,65,65,0,60,235,70,46628.68500000001,20400.0,26228.685000000012,5
3862,1239,115,150,0,150,145,0,5,30,30,0,30,255,5,2326.6800000000003,22525.0,-20198.32,5
3863,1239,40,165,0,165,150,0,15,30,30,0,25,185,40,29819.655000000013,17425.0,12394.655000000012,5
3864,1239,135,140,0,140,140,0,0,30,30,0,30,270,0,0.0,23375.0,-23375.0,5
3865,1239,110,150,0,150,150,0,0,45,45,0,45,255,30,16902.18,22100.0,-5197.82,5
3866,1239,55,165,0,165,150,0,15,35,35,0,35,200,30,18734.67,18700.0,34.66999999999871,5
3867,1239,110,130,0,130,115,10,5,45,45,0,40,220,85,58613.715000000004,20400.0,38213.715000000004,5
3868,1239,80,180,0,180,160,0,20,30,30,0,30,235,0,0.0,22100.0,-22100.0,5
3869,1239,130,145,0,145,140,0,5,30,30,0,30,265,35,21181.86,23375.0,-2193.1399999999985,5
3870,1239,60,185,0,185,150,10,25,35,35,0,35,205,20,11546.100000000002,20825.0,-9278.899999999998,5
3871,1239,90,130,0,130,125,0,5,55,55,0,55,210,80,58358.632500000014,18700.0,39658.632500000014,5
3872,1239,85,155,0,155,125,0,30,45,45,0,40,205,25,13719.060000000001,20400.0,-6680.939999999999,5
3873,1239,105,155,0,155,135,0,20,35,35,0,35,235,35,21796.83,22100.0,-303.1700000000001,5
3874,1239,65,180,0,180,130,30,20,55,55,0,55,190,55,32465.07,20825.0,11640.07,5
3875,1239,75,160,0,160,155,0,5,40,40,0,40,225,35,22049.370000000003,19975.0,2074.3700000000035,5
3876,1239,85,160,0,160,160,0,0,55,55,0,55,240,45,28086.21,20825.0,7261.210000000001,5
3877,1239,70,160,0,160,145,0,15,50,50,0,50,210,60,37052.55,19550.0,17502.550000000003,5
3878,1239,80,160,0,160,155,0,5,30,30,0,30,230,20,11216.7,20400.0,-9183.3,5
3879,1239,110,150,0,150,145,0,5,55,55,0,55,250,45,25715.07,22100.0,3615.0700000000006,5
3880,1239,80,170,0,170,160,0,10,40,40,0,40,235,25,13433.580000000002,21250.0,-7816.419999999998,5
3881,1239,115,135,0,135,120,5,10,60,60,0,60,230,55,34177.32000000001,21250.0,12927.320000000009,5
3882,1239,75,155,0,155,120,35,0,60,60,0,55,190,35,18086.760000000002,19550.0,-1463.2399999999961,5
3883,1239,90,170,0,170,140,0,30,30,30,0,30,225,25,13894.74,22100.0,-8205.26,5
3884,1239,100,135,0,135,135,0,0,60,60,0,60,230,45,28316.250000000004,19975.0,8341.250000000004,5
3885,1239,120,140,0,140,125,0,15,45,45,0,40,240,15,8077.3200000000015,22100.0,-14022.679999999998,5
3886,1239,90,135,0,135,135,0,0,45,45,0,45,220,55,33430.41,19125.0,14305.410000000002,5
3887,1239,75,140,0,140,130,5,5,55,55,0,55,200,60,37151.19,18275.0,18876.190000000006,5
3888,1239,135,135,0,135,115,0,20,55,55,0,55,245,25,12467.880000000001,22950.0,-10482.119999999999,5
3889,1239,105,145,0,145,125,5,15,55,55,0,55,225,30,18416.520000000004,21250.0,-2833.4799999999973,5
3890,1239,110,140,0,140,140,0,0,40,40,0,40,245,30,18877.770000000004,21250.0,-2372.2299999999973,5
3891,1239,75,165,0,165,145,0,20,50,50,0,50,215,25,13784.940000000002,20400.0,-6615.059999999999,5
3892,1239,130,145,0,145,135,0,10,45,45,0,45,260,35,19601.640000000003,23375.0,-3773.359999999998,5
3893,1239,115,150,0,150,140,0,10,35,35,0,35,250,25,13872.780000000002,22525.0,-8652.219999999998,5
3894,1239,110,145,0,145,115,0,30,45,45,0,45,220,45,27372.510000000002,21675.0,5697.510000000002,5
3895,1239,90,150,0,150,110,15,25,50,50,0,50,195,45,31356.225000000006,20400.0,10956.225000000004,5
3896,1239,70,160,0,160,130,25,5,55,55,0,55,195,30,16638.660000000003,19550.0,-2911.339999999998,5
3897,1239,115,135,0,135,115,0,20,65,65,0,65,225,50,28184.220000000005,21250.0,6934.220000000005,5
3898,1239,135,145,0,145,115,0,30,35,35,0,35,245,30,18021.600000000002,23800.0,-5778.4,5
3899,1239,180,100,0,100,95,0,5,60,60,0,60,270,45,25089.480000000003,23800.0,1289.4800000000032,5
3900,1239,115,135,0,135,135,0,0,30,30,0,30,245,25,15277.68,21250.0,-5972.32,5
3901,1239,85,155,0,155,150,0,5,40,40,0,40,230,50,29205.27000000001,20400.0,8805.27000000001,5
3902,1239,80,180,0,180,150,0,30,35,35,0,35,225,20,9745.920000000002,22100.0,-12354.079999999998,5
3903,1239,160,115,0,115,115,0,0,55,55,0,55,270,35,19382.22,23375.0,-3992.78,5
3904,1239,155,130,0,130,120,0,10,50,50,0,50,270,75,59104.930781250005,24225.0,34879.930781250005,5
3905,1239,70,160,0,160,135,20,5,60,60,0,60,200,40,20106.72,19550.0,556.7200000000025,5
3906,1239,135,130,0,130,130,0,0,50,50,0,50,260,55,38141.707500000004,22525.0,15616.707500000002,5
3907,1239,80,150,0,150,130,0,20,65,65,0,65,205,40,27811.485,19550.0,8261.485000000002,5
3908,1239,90,145,0,145,145,0,0,40,40,0,40,230,50,31609.170000000006,19975.0,11634.170000000004,5
3909,1239,95,160,0,160,155,0,5,30,30,0,30,245,5,2546.28,21675.0,-19128.72,5
3910,1239,80,160,0,160,100,35,25,65,65,0,65,175,70,42948.69750000002,20400.0,22548.697500000017,5
3911,1239,90,155,0,155,150,0,5,45,45,0,45,235,25,13872.780000000002,20825.0,-6952.2199999999975,5
3912,1239,105,135,0,135,130,0,5,60,60,0,60,230,50,27218.700000000008,20400.0,6818.700000000008,5
3913,1239,90,120,0,120,115,0,5,70,70,0,70,200,45,26340.660000000007,17850.0,8490.660000000007,5
3914,1239,130,140,0,140,125,0,15,30,30,0,30,250,15,7682.76,22950.0,-15267.24,5
3915,1239,125,155,0,155,115,0,40,50,50,0,45,235,30,16133.580000000002,23800.0,-7666.419999999998,5
3916,1239,60,170,0,170,160,0,10,40,40,0,40,215,40,23267.880000000005,19550.0,3717.8800000000047,5
3917,1239,110,130,0,130,125,0,5,40,40,0,40,230,35,20611.440000000002,20400.0,211.44000000000233,5
3918,1239,80,155,0,155,150,0,5,35,35,0,35,225,15,7067.880000000001,19975.0,-12907.119999999999,5
3919,1239,60,180,0,180,150,10,20,45,45,0,45,205,25,14092.380000000003,20400.0,-6307.619999999997,5
3920,1239,55,185,0,185,165,0,20,40,40,0,40,215,25,13894.74,20400.0,-6505.26,5
3921,1239,100,140,0,140,115,15,10,60,60,0,60,210,30,15870.060000000001,20400.0,-4529.939999999999,5
3922,1239,85,150,0,150,150,0,0,45,45,0,45,230,25,14992.2,19975.0,-4982.799999999999,5
3923,1239,130,135,0,135,135,0,0,35,35,0,35,260,35,20644.47,22525.0,-1880.5299999999988,5
3924,1239,135,140,0,140,125,0,15,40,40,0,40,255,40,23519.79,23375.0,144.7900000000027,5
3925,1239,75,155,0,155,145,0,10,55,55,0,55,215,45,23530.86,19550.0,3980.8600000000024,5
3926,1239,65,160,0,160,150,0,10,45,45,0,45,210,30,17669.700000000004,19125.0,-1455.2999999999975,5
3927,1239,100,150,0,150,140,10,0,45,45,0,45,235,40,24222.33,21250.0,2972.3300000000017,5
3928,1239,125,140,0,140,130,0,10,40,40,0,40,250,20,11809.620000000003,22525.0,-10715.379999999997,5
3929,1239,105,150,0,150,115,20,15,55,55,0,55,215,30,17889.84,21675.0,-3785.1600000000008,5
3930,1239,110,150,0,150,140,0,10,50,50,0,50,245,30,16726.5,22100.0,-5373.499999999999,5
3931,1239,130,130,0,130,130,0,0,65,65,0,65,255,45,23355.180000000004,22100.0,1255.1800000000048,5
3932,1239,125,130,0,130,130,0,0,40,40,0,40,250,45,31394.722500000007,21675.0,9719.722500000007,5
3933,1239,110,115,0,115,110,0,5,65,65,0,65,215,35,20567.340000000004,19125.0,1442.3400000000038,5
3934,1239,65,155,0,155,110,15,30,60,60,0,55,170,30,16199.100000000002,18700.0,-2500.899999999997,5
3935,1239,120,135,0,135,120,0,15,60,60,0,60,235,35,23388.525000000005,21675.0,1713.5250000000042,5
3936,1239,145,120,0,120,120,0,0,45,45,0,45,260,40,23114.160000000003,22525.0,589.1600000000017,5
3937,1239,140,140,0,140,120,0,20,40,40,0,40,255,25,13631.220000000001,23800.0,-10168.779999999999,5
3938,1239,90,150,0,150,145,0,5,50,50,0,50,230,55,36350.505000000005,20400.0,15950.505000000003,5
3939,1239,95,155,0,155,150,0,5,35,35,0,30,240,30,20381.085,21250.0,-868.9149999999995,5
3940,1239,100,130,0,130,125,0,5,60,60,0,55,220,60,37184.445,19550.0,17634.445,5
3941,1239,90,135,0,135,110,5,20,65,65,0,65,195,80,62140.980937500004,19125.0,43015.980937500004,5
3942,1239,80,165,0,165,145,0,20,45,45,0,40,220,30,16243.380000000001,20825.0,-4581.619999999998,5
3943,1239,70,180,0,180,145,0,35,30,30,0,30,210,25,12643.560000000001,21250.0,-8606.439999999999,5
3944,1239,110,160,0,160,155,0,5,30,30,0,30,260,10,5860.62,22950.0,-17089.38,5
3945,1239,80,150,0,150,145,0,5,40,40,0,40,220,20,11831.040000000003,19550.0,-7718.959999999997,5
3946,1239,195,105,0,105,95,0,10,60,60,0,60,285,50,30478.410000000003,25500.0,4978.4100000000035,5
3947,1239,100,150,0,150,135,0,15,30,30,0,30,230,50,39217.511249999996,21250.0,17967.511249999996,5
3948,1239,90,165,0,165,150,0,15,25,25,0,25,235,10,4960.8,21675.0,-16714.2,5
3949,1239,60,170,0,170,160,5,5,35,35,0,35,215,10,5048.64,19550.0,-14501.36,5
3950,1239,170,115,0,115,105,0,10,40,40,0,40,270,30,15826.140000000003,24225.0,-8398.859999999997,5
3951,1239,65,155,0,155,145,0,10,40,40,0,40,205,10,5136.4800000000005,18700.0,-13563.519999999999,5
3952,1239,95,120,0,120,115,5,0,65,65,0,65,205,55,34775.05500000001,18275.0,16500.055000000008,5
3953,1239,105,145,0,145,125,5,15,50,50,0,50,225,30,15672.960000000001,21250.0,-5577.039999999999,5
3954,1239,65,175,0,175,120,20,35,40,40,0,40,180,65,47775.65625,20400.0,27375.65625,5
3955,1239,90,160,0,160,145,0,15,40,40,0,40,230,30,16726.5,21250.0,-4523.499999999999,5
3956,1239,95,150,0,150,150,0,0,45,45,0,45,240,20,11326.32,20825.0,-9498.68,5
3957,1239,110,155,0,155,115,5,35,60,60,0,60,220,40,24365.250000000007,22525.0,1840.2500000000055,5
3958,1239,70,170,0,170,135,0,35,55,55,0,55,200,70,46381.500000000015,20400.0,25981.500000000015,5
3959,1239,100,145,0,145,125,0,20,40,40,0,40,220,60,42984.854999999996,20825.0,22159.854999999996,5
3960,1239,75,180,0,180,130,5,45,35,35,0,35,200,25,14202.18,21675.0,-7472.82,5
3961,1239,105,160,0,160,155,0,5,30,30,0,30,255,10,6431.58,22525.0,-16093.420000000002,5
3962,1239,115,130,0,130,115,0,15,55,55,0,55,225,70,48950.14500000001,20825.0,28125.14500000001,5
3963,1239,75,155,0,155,155,0,0,65,65,0,65,225,65,38468.43,19550.0,18918.43,5
3964,1239,125,135,0,135,115,0,20,40,40,0,35,235,15,7551.0,22100.0,-14549.0,5
3965,1239,55,160,0,160,140,5,15,50,50,0,50,190,50,32015.160000000003,18275.0,13740.160000000005,5
3966,1239,80,160,0,160,105,35,20,45,45,0,40,180,30,20814.795,20400.0,414.79499999999916,5
3967,1239,100,155,0,155,155,0,0,25,25,0,25,250,20,11458.26,21675.0,-10216.74,5
3968,1239,55,160,0,160,135,5,20,40,40,0,40,185,30,16374.600000000006,18275.0,-1900.399999999995,5
3969,1239,95,175,0,175,170,0,5,25,25,0,25,260,5,2634.1200000000003,22950.0,-20315.88,5
3970,1239,140,140,0,140,120,0,20,40,40,0,35,255,65,53291.89125,23800.0,29491.89125,5
3971,1239,90,155,0,155,115,10,30,45,45,0,45,200,40,21643.020000000004,20825.0,818.0200000000059,5
3972,1239,105,145,0,145,125,0,20,30,30,0,30,225,20,12247.740000000003,21250.0,-9002.259999999997,5
3973,1239,130,120,0,120,120,0,0,70,70,0,70,245,40,21709.260000000002,21250.0,459.26000000000386,5
3974,1239,120,150,0,150,145,0,5,40,40,0,35,260,20,10185.12,22950.0,-12764.879999999997,5
3975,1239,130,155,0,155,150,0,5,30,30,0,30,275,15,7551.0,24225.0,-16674.0,5
3976,1239,120,135,0,135,125,0,10,45,45,0,45,240,60,34242.75000000001,21675.0,12567.750000000005,5
3977,1239,155,110,0,110,110,0,0,40,40,0,40,260,50,36039.88125000001,22525.0,13514.881250000013,5
3978,1239,130,130,0,130,125,0,5,40,40,0,40,250,30,16748.1,22100.0,-5351.900000000001,5
3979,1239,50,175,0,175,125,35,15,45,45,0,45,170,70,47034.405000000006,19125.0,27909.405000000006,5
3980,1239,90,145,0,145,130,10,5,45,45,0,45,215,30,18899.100000000002,19975.0,-1075.899999999997,5
3981,1239,80,130,0,130,125,0,5,75,75,0,70,200,20,10997.1,17850.0,-6852.9,5
3982,1239,80,155,0,155,145,0,10,55,55,0,50,220,20,11655.900000000001,19975.0,-8319.099999999999,5
3983,1239,80,145,0,145,130,0,15,50,50,0,50,205,50,28074.600000000006,19125.0,8949.600000000006,5
3984,1239,85,180,0,180,145,0,35,35,35,0,35,225,15,7682.76,22525.0,-14842.24,5
3985,1239,70,175,0,175,120,15,40,45,45,0,45,185,40,24035.670000000006,20825.0,3210.6700000000046,5
3986,1239,105,155,0,155,155,0,0,25,25,0,25,255,25,14904.36,22100.0,-7195.6399999999985,5
3987,1239,125,150,0,150,125,0,25,50,50,0,50,245,45,24453.180000000008,23375.0,1078.1800000000067,5
3988,1239,95,130,0,130,120,5,5,70,70,0,70,210,35,17911.800000000003,19125.0,-1213.199999999997,5
3989,1239,125,135,0,135,120,0,15,70,70,0,70,240,50,29677.230000000003,22100.0,7577.230000000004,5
3990,1239,130,120,0,120,115,0,5,45,45,0,45,240,20,12182.400000000001,21250.0,-9067.599999999999,5
3991,1239,80,170,0,170,135,0,35,45,45,0,40,210,50,31872.285000000003,21250.0,10622.285000000002,5
3992,1239,100,145,0,145,135,0,10,40,40,0,40,230,35,20370.240000000005,20825.0,-454.7599999999966,5
3993,1239,145,120,0,120,115,0,5,45,45,0,45,255,40,22631.04,22525.0,106.04000000000269,5
3994,1239,180,120,0,120,110,0,10,45,45,0,45,285,30,18394.560000000005,25500.0,-7105.439999999997,5
3995,1239,115,135,0,135,115,20,0,60,60,0,60,225,75,47995.155,21250.0,26745.154999999995,5
3996,1239,75,160,0,160,135,20,5,45,45,0,45,205,70,44856.09,19975.0,24881.089999999997,5
3997,1239,95,155,0,155,135,0,20,45,45,0,45,225,60,43238.52000000002,21250.0,21988.52000000002,5
3998,1239,120,140,0,140,140,0,0,50,50,0,50,255,25,13806.900000000001,22100.0,-8293.099999999999,5
3999,1239,90,140,0,140,130,0,10,40,40,0,35,215,35,19294.020000000004,19550.0,-255.97999999999502,5
4000,1239,65,180,0,180,145,0,35,45,45,0,45,205,35,23553.090000000004,20825.0,2728.090000000002,5
4001,1239,165,120,0,120,110,0,10,45,45,0,45,270,55,34637.94,24225.0,10412.940000000002,5
4002,1239,80,150,0,150,100,25,25,70,70,0,70,175,50,27986.760000000002,19550.0,8436.760000000004,5
4003,1239,100,145,0,145,135,0,10,65,65,0,65,230,55,31850.460000000003,20825.0,11025.460000000003,5
4004,1239,105,150,0,150,125,25,0,50,50,0,50,225,40,21226.14,21675.0,-448.8599999999997,5
4005,1239,65,160,0,160,150,5,5,50,50,0,50,210,30,15979.86,19125.0,-3145.139999999999,5
4006,1239,90,145,0,145,135,0,10,60,60,0,60,220,60,38435.4,19975.0,18460.4,5
4007,1239,110,145,0,145,145,0,0,45,45,0,45,250,30,16792.38,21675.0,-4882.619999999999,5
4008,1239,140,120,0,120,110,0,10,50,50,0,50,245,45,23574.78,22100.0,1474.7800000000007,5
4009,1239,140,120,0,120,115,0,5,55,55,0,55,250,35,20260.440000000002,22100.0,-1839.5599999999968,5
4010,1239,115,130,0,130,125,0,5,60,60,0,55,235,65,37908.72,20825.0,17083.72,5
4011,1239,75,165,0,165,150,0,15,35,35,0,35,220,20,11699.460000000001,20400.0,-8700.539999999999,5
4012,1239,65,165,0,165,155,10,0,45,45,0,45,215,30,18581.309999999998,19550.0,-968.6900000000014,5
4013,1239,135,135,0,135,115,0,20,45,45,0,45,245,20,9965.52,22950.0,-12984.48,5
4014,1239,80,170,0,170,170,0,0,30,30,0,30,245,20,10141.2,21250.0,-11108.8,5
4015,1239,115,165,0,165,100,20,45,45,45,0,45,210,40,23596.92,23800.0,-203.07999999999993,5
4016,1239,95,140,0,140,135,0,5,60,60,0,60,225,50,28579.770000000008,19975.0,8604.770000000008,5
4017,1239,110,135,0,135,120,0,15,45,45,0,45,225,15,8077.68,20825.0,-12747.32,5
4018,1239,155,135,0,135,120,0,15,40,40,0,40,270,40,22740.840000000004,24650.0,-1909.1599999999971,5
4019,1239,120,150,0,150,150,0,0,25,25,0,25,265,5,2238.8400000000006,22950.0,-20711.16,5
4020,1239,100,140,0,140,125,0,15,55,55,0,50,220,30,17538.48,20400.0,-2861.5200000000004,5
4021,1239,85,180,0,180,110,35,35,60,60,0,60,190,85,62135.87625,22525.0,39610.87625,5
4022,1239,105,135,0,135,135,0,0,60,60,0,55,235,35,18262.800000000003,20400.0,-2137.199999999998,5
4023,1239,65,145,0,145,135,0,10,35,35,0,35,195,45,29226.96,17850.0,11376.96,5
4024,1239,140,130,0,130,125,0,5,50,50,0,50,260,25,15255.720000000001,22950.0,-7694.279999999999,5
4025,1239,60,165,0,165,165,0,0,30,30,0,25,220,15,9153.54,19125.0,-9971.46,5
4026,1239,145,125,0,125,125,0,0,55,55,0,55,265,55,35406.63000000001,22950.0,12456.630000000008,5
4027,1239,90,145,0,145,110,15,20,45,45,0,45,195,85,60561.7875,19975.0,40586.7875,5
4028,1239,85,145,0,145,140,0,5,65,65,0,65,220,45,23728.500000000004,19550.0,4178.500000000004,5
4029,1239,140,135,0,135,115,5,15,50,50,0,50,250,35,24387.3,23375.0,1012.3000000000002,5
4030,1239,75,160,0,160,115,15,30,55,55,0,55,185,35,17560.440000000002,19975.0,-2414.5599999999968,5
4031,1239,90,160,0,160,140,0,20,45,45,0,45,225,40,22674.96,21250.0,1424.960000000001,5
4032,1239,135,145,0,145,135,0,10,40,40,0,40,265,35,21204.450000000004,23800.0,-2595.549999999994,5
4033,1239,110,145,0,145,115,0,30,65,65,0,65,220,25,13916.7,21675.0,-7758.299999999999,5
4034,1239,70,150,0,150,145,0,5,35,35,0,35,210,25,13916.340000000002,18700.0,-4783.659999999998,5
4035,1239,60,150,0,150,145,0,5,45,45,0,45,200,25,13038.480000000001,17850.0,-4811.519999999999,5
4036,1239,95,145,0,145,145,0,0,50,50,0,50,235,45,26713.979999999996,20400.0,6313.979999999997,5
4037,1239,75,175,0,175,115,25,35,50,50,0,50,185,55,39851.302500000005,21250.0,18601.302500000005,5
4038,1239,70,135,0,135,135,0,0,45,45,0,40,200,90,73938.47097656252,17425.0,56513.47097656252,5
4039,1239,120,120,0,120,120,0,0,45,45,0,45,235,25,15716.34,20400.0,-4683.66,5
4040,1239,115,145,0,145,145,0,0,40,40,0,40,255,25,12555.36,22100.0,-9544.64,5
4041,1239,85,155,0,155,145,0,10,55,55,0,55,225,50,27767.520000000004,20400.0,7367.520000000004,5
4042,1239,65,150,0,150,125,5,20,50,50,0,50,185,55,36646.11,18275.0,18371.110000000004,5
4043,1239,65,160,0,160,135,0,25,45,45,0,45,195,65,43089.39,19125.0,23964.390000000003,5
4044,1239,115,120,0,120,110,5,5,65,65,0,60,220,60,41741.37000000001,19975.0,21766.370000000006,5
4045,1239,120,135,0,135,125,0,10,35,35,0,35,240,25,13762.980000000003,21675.0,-7912.019999999998,5
4046,1239,65,145,0,145,110,5,30,45,45,0,45,170,75,53630.19000000001,17850.0,35780.19000000001,5
4047,1239,70,165,0,165,125,25,15,50,50,0,50,190,40,24211.260000000002,19975.0,4236.260000000002,5
4048,1239,130,150,0,150,140,0,10,25,25,0,25,265,25,15497.28,23800.0,-8302.72,5
4049,1239,85,135,0,135,135,0,0,45,45,0,40,215,65,41277.69000000001,18700.0,22577.69000000001,5
4050,1239,90,150,0,150,125,15,10,60,60,0,60,210,45,28349.19,20400.0,7949.189999999999,5
4051,1239,95,145,0,145,135,0,10,60,60,0,60,225,45,24935.580000000005,20400.0,4535.5800000000045,5
4052,1239,65,160,0,160,150,0,10,30,30,0,30,210,15,8604.54,19125.0,-10520.46,5
4053,1239,95,150,0,150,145,0,5,25,25,0,25,235,35,23596.785000000003,20825.0,2771.7850000000044,5
4054,1239,115,135,0,135,115,5,15,45,45,0,45,225,20,9965.52,21250.0,-11284.48,5
4055,1239,110,125,0,125,125,0,0,55,55,0,50,230,25,15102.0,19975.0,-4873.0,5
4056,1239,90,150,0,150,145,0,5,40,40,0,40,230,50,33705.17999999999,20400.0,13305.179999999997,5
4057,1239,95,160,0,160,160,0,0,45,45,0,45,250,25,12863.160000000003,21675.0,-8811.839999999997,5
4058,1239,105,160,0,160,140,0,20,45,45,0,45,240,45,27833.670000000002,22525.0,5308.670000000002,5
4059,1239,85,135,0,135,130,0,5,55,55,0,55,210,50,32327.955,18700.0,13627.955000000002,5
4060,1239,90,160,0,160,135,0,25,35,35,0,35,220,10,5268.240000000001,21250.0,-15981.759999999998,5
4061,1239,65,185,0,185,130,20,35,45,45,0,45,190,15,7638.84,21250.0,-13611.16,5
4062,1239,50,180,0,180,155,0,25,35,35,0,30,200,40,24815.25,19550.0,5265.250000000001,5
4063,1239,60,180,0,180,140,0,40,45,45,0,40,195,25,16912.800000000003,20400.0,-3487.199999999998,5
4064,1239,55,180,0,180,180,0,0,40,40,0,40,230,15,7770.600000000002,19975.0,-12204.399999999998,5
4065,1239,135,135,0,135,110,0,25,40,40,0,40,240,45,29166.795000000002,22950.0,6216.795000000002,5
4066,1239,160,120,0,120,110,0,10,35,35,0,35,265,35,23135.850000000006,23800.0,-664.1499999999951,5
4067,1239,75,150,0,150,95,30,25,55,55,0,55,165,45,25330.680000000008,19125.0,6205.680000000007,5
4068,1239,95,130,0,130,125,0,5,55,55,0,55,215,30,16177.5,19125.0,-2947.5,5
4069,1239,100,155,0,155,150,0,5,35,35,0,35,245,5,2502.36,21675.0,-19172.64,5
4070,1239,110,155,0,155,135,0,20,30,30,0,30,240,55,41608.715625000004,22525.0,19083.715625000004,5
4071,1239,125,165,0,165,120,0,45,30,30,0,30,240,40,26264.07,24650.0,1614.0700000000015,5
4072,1239,85,160,0,160,155,0,5,45,45,0,45,235,40,22016.34,20825.0,1191.3400000000001,5
4073,1239,75,170,0,170,155,0,15,35,35,0,30,225,30,16726.5,20825.0,-4098.499999999999,5
4074,1239,85,135,0,135,125,0,10,65,65,0,65,205,80,50167.979999999996,18700.0,31467.979999999996,5
4075,1239,155,135,0,135,135,0,0,25,25,0,25,285,10,5268.240000000001,24650.0,-19381.76,5
4076,1239,100,150,0,150,140,0,10,40,40,0,40,235,30,17889.84,21250.0,-3360.1599999999985,5
4077,1239,195,115,0,115,115,0,0,55,55,0,55,305,65,43725.55500000001,26350.0,17375.555000000004,5
4078,1239,145,115,0,115,105,0,10,70,70,0,70,245,35,18174.600000000002,22100.0,-3925.3999999999974,5
4079,1239,75,155,0,155,125,15,15,60,60,0,60,195,60,41239.57500000001,19550.0,21689.57500000001,5
4080,1239,85,150,0,150,115,0,35,45,45,0,45,195,35,21972.510000000002,19975.0,1997.510000000002,5
4081,1239,65,155,0,155,155,0,0,35,35,0,35,215,45,29666.16000000001,18700.0,10966.160000000009,5
4082,1239,110,135,0,135,120,0,15,45,45,0,45,225,40,21555.18,20825.0,730.1800000000003,5
4083,1239,110,155,0,155,110,10,35,45,45,0,45,215,15,7507.080000000001,22525.0,-15017.919999999998,5
4084,1239,80,145,0,145,135,5,5,40,40,0,40,210,20,13466.43,19125.0,-5658.57,5
4085,1239,70,150,0,150,145,0,5,50,50,0,50,210,55,39453.58125,18700.0,20753.581250000003,5
4086,1239,90,135,0,135,130,5,0,60,60,0,60,215,50,28272.24,19125.0,9147.240000000002,5
4087,1239,55,185,0,185,100,60,25,50,50,0,50,150,80,62382.940312499995,20400.0,41982.940312499995,5
4088,1239,95,145,0,145,130,0,15,60,60,0,55,220,80,54794.227500000015,20400.0,34394.227500000015,5
4089,1239,100,160,0,160,155,0,5,35,35,0,35,250,35,21116.610000000004,22100.0,-983.3899999999949,5
4090,1239,95,160,0,160,145,0,15,45,45,0,45,235,55,31367.610000000004,21675.0,9692.610000000004,5
4091,1239,95,155,0,155,135,0,20,40,40,0,40,225,25,13741.02,21250.0,-7508.98,5
4092,1239,90,145,0,145,140,0,5,45,45,0,40,225,20,10864.980000000003,19975.0,-9110.019999999997,5
4093,1239,135,125,0,125,100,0,25,40,40,0,40,230,25,12731.040000000003,22100.0,-9368.959999999997,5
4094,1239,55,185,0,185,145,10,30,25,25,0,25,195,10,5443.560000000001,20400.0,-14956.439999999999,5
4095,1239,80,170,0,170,120,15,35,40,40,0,40,195,50,30972.06,21250.0,9722.060000000001,5
4096,1239,145,125,0,125,115,0,10,45,45,0,45,255,10,5224.32,22950.0,-17725.68,5
4097,1239,105,145,0,145,130,15,0,55,55,0,55,230,25,13565.340000000004,21250.0,-7684.659999999996,5
4098,1239,120,140,0,140,135,0,5,35,35,0,35,250,15,8736.300000000001,22100.0,-13363.699999999999,5
4099,1239,65,150,0,150,145,0,5,45,45,0,45,205,55,34319.79000000001,18275.0,16044.790000000008,5
4100,1239,95,150,0,150,135,0,15,45,45,0,45,225,30,18646.83,20825.0,-2178.17,5
4101,1239,105,155,0,155,145,0,10,50,50,0,50,245,70,48080.08125000002,22100.0,25980.08125000002,5
4102,1239,80,150,0,150,125,5,20,50,50,0,50,200,40,25396.380000000005,19550.0,5846.380000000004,5
4103,1239,55,165,0,165,140,0,25,50,50,0,50,190,70,47797.582500000004,18700.0,29097.582500000008,5
4104,1239,110,125,0,125,100,0,25,80,80,0,80,205,50,28777.140000000003,19975.0,8802.140000000003,5
4105,1239,115,140,0,140,130,0,10,45,45,0,45,240,60,34374.240000000005,21675.0,12699.240000000005,5
4106,1239,60,160,0,160,160,0,0,25,25,0,25,215,35,21028.410000000003,18700.0,2328.4100000000035,5
4107,1239,60,170,0,170,155,0,15,30,30,0,30,210,15,10492.290000000003,19550.0,-9057.709999999997,5
4108,1239,45,165,0,165,150,0,15,45,45,0,40,190,25,14618.88,17850.0,-3231.120000000001,5
4109,1239,75,160,0,160,125,0,35,40,40,0,40,195,35,20962.620000000006,19975.0,987.6200000000063,5
4110,1239,105,130,0,130,130,0,0,55,55,0,55,230,55,33211.17000000001,19975.0,13236.170000000011,5
4111,1239,85,165,0,165,160,0,5,35,35,0,35,240,40,22784.760000000002,21250.0,1534.7600000000011,5
4112,1239,60,175,0,175,145,0,30,30,30,0,30,200,25,14838.480000000001,19975.0,-5136.519999999999,5
4113,1239,85,140,0,140,135,0,5,40,40,0,40,215,35,22082.310000000005,19125.0,2957.3100000000068,5
4114,1239,75,145,0,145,120,5,20,50,50,0,50,190,60,44520.91875000002,18700.0,25820.91875000002,5
4115,1239,150,120,0,120,120,0,0,50,50,0,50,265,35,19031.22,22950.0,-3918.7799999999993,5
4116,1239,110,135,0,135,135,0,0,50,50,0,50,240,20,11545.560000000001,20825.0,-9279.439999999999,5
4117,1239,115,135,0,135,115,0,20,75,75,0,70,225,65,38292.88500000001,21250.0,17042.885000000006,5
4118,1239,85,145,0,145,135,0,10,65,65,0,65,215,80,49344.75000000002,19550.0,29794.750000000022,5
4119,1239,95,150,0,150,140,0,10,50,50,0,50,230,45,24628.320000000003,20825.0,3803.3200000000033,5
4120,1239,60,175,0,175,135,10,30,50,50,0,45,190,40,24441.840000000004,19975.0,4466.840000000002,5
4121,1239,70,170,0,170,135,0,35,45,45,0,45,200,35,22510.53,20400.0,2110.529999999999,5
4122,1239,120,130,0,130,130,0,0,30,30,0,30,245,20,10975.140000000001,21250.0,-10274.859999999999,5
4123,1239,80,160,0,160,140,10,10,45,45,0,45,215,15,7287.4800000000005,20400.0,-13112.52,5
4124,1239,90,140,0,140,95,0,45,65,65,0,65,180,85,62497.839375,19550.0,42947.839375,5
4125,1239,100,140,0,140,130,0,10,50,50,0,50,225,40,24507.810000000005,20400.0,4107.810000000004,5
4126,1239,130,130,0,130,120,0,10,65,65,0,60,245,40,23069.97,22100.0,969.970000000003,5
4127,1239,65,170,0,170,155,0,15,25,25,0,25,215,30,17691.840000000004,19975.0,-2283.1599999999958,5
4128,1239,115,140,0,140,125,0,15,60,60,0,60,235,50,28162.800000000007,21675.0,6487.800000000007,5
4129,1239,80,155,0,155,130,25,0,50,50,0,50,205,45,31775.737500000003,19975.0,11800.737500000005,5
4130,1239,90,160,0,160,145,10,5,55,55,0,55,230,25,12292.2,21250.0,-8957.8,5
4131,1239,80,150,0,150,140,0,10,40,40,0,40,215,30,14969.880000000001,19550.0,-4580.119999999999,5
4132,1239,105,145,0,145,140,0,5,35,35,0,35,240,30,20820.285000000003,21250.0,-429.7149999999965,5
4133,1239,110,140,0,140,140,0,0,50,50,0,50,245,55,37947.082500000004,21250.0,16697.0825,5
4134,1239,70,175,0,175,155,0,20,55,55,0,55,220,35,17823.960000000003,20825.0,-3001.039999999998,5
4135,1239,85,150,0,150,100,20,30,65,65,0,65,180,50,28623.420000000002,19975.0,8648.420000000002,5
4136,1239,125,125,0,125,125,0,0,60,60,0,60,245,35,20436.120000000003,21250.0,-813.8799999999992,5
4137,1239,65,155,0,155,130,0,25,50,50,0,50,190,60,45768.060000000005,18700.0,27068.060000000005,5
4138,1239,120,140,0,140,135,0,5,45,45,0,45,250,30,14970.240000000002,22100.0,-7129.759999999998,5
4139,1239,80,145,0,145,135,10,0,45,45,0,45,210,65,46431.05625,19125.0,27306.05625,5
4140,1239,85,150,0,150,150,0,0,45,45,0,45,230,55,33771.149999999994,19975.0,13796.149999999998,5
4141,1239,180,120,0,120,110,0,10,55,55,0,50,285,25,13916.7,25500.0,-11583.3,5
4142,1239,115,130,0,130,130,0,0,45,45,0,45,240,45,26230.410000000007,20825.0,5405.410000000006,5
4143,1239,120,135,0,135,125,0,10,60,60,0,60,240,45,26231.039999999997,21675.0,4556.039999999998,5
4144,1239,85,150,0,150,150,0,0,35,35,0,35,230,10,5707.080000000001,19975.0,-14267.919999999998,5
4145,1239,125,135,0,135,130,0,5,35,35,0,35,250,20,11721.420000000002,22100.0,-10378.579999999998,5
4146,1239,65,145,0,145,140,0,5,45,45,0,45,200,45,28041.75,17850.0,10191.750000000002,5
4147,1239,105,140,0,140,130,0,10,40,40,0,40,230,50,34588.665,20825.0,13763.665,5
4148,1239,125,135,0,135,130,0,5,55,55,0,55,250,30,15189.840000000002,22100.0,-6910.159999999998,5
4149,1239,45,175,0,175,175,0,0,15,15,0,15,215,0,0.0,18700.0,-18700.0,5
4150,1239,95,135,0,135,130,0,5,40,40,0,40,220,35,20654.820000000003,19550.0,1104.8200000000043,5
4151,1239,85,160,0,160,145,0,15,45,45,0,45,225,20,11502.18,20825.0,-9322.82,5
4152,1239,85,170,0,170,160,0,10,40,40,0,40,240,35,20787.48,21675.0,-887.5199999999995,5
4153,1239,90,155,0,155,125,0,30,45,45,0,45,210,30,20562.255,20825.0,-262.7449999999999,5
4154,1239,120,130,0,130,120,0,10,50,50,0,50,235,55,34912.53,21250.0,13662.529999999997,5
4155,1239,70,150,0,150,145,0,5,55,55,0,55,210,35,18943.38,18700.0,243.38000000000193,5
4156,1239,165,130,0,130,125,0,5,50,50,0,50,285,60,38699.145000000004,25075.0,13624.145000000004,5
4157,1239,125,135,0,135,100,0,35,45,45,0,45,220,30,15145.560000000003,22100.0,-6954.439999999997,5
4158,1239,95,140,0,140,125,0,15,55,55,0,50,215,25,13411.62,19975.0,-6563.379999999999,5
4159,1239,120,150,0,150,135,0,15,35,35,0,35,250,10,5180.400000000001,22950.0,-17769.6,5
4160,1239,120,140,0,140,125,0,15,50,50,0,45,240,35,21116.34,22100.0,-983.6599999999999,5
4161,1239,65,155,0,155,145,0,10,60,60,0,60,205,20,11084.940000000002,18700.0,-7615.059999999999,5
4162,1239,115,135,0,135,135,0,0,65,65,0,65,245,65,41610.57750000001,21250.0,20360.577500000007,5
4163,1239,145,130,0,130,125,0,5,45,45,0,45,265,35,20809.170000000006,23375.0,-2565.8299999999963,5
4164,1239,115,130,0,130,130,0,0,40,40,0,40,240,60,42356.4075,20825.0,21531.407500000005,5
4165,1239,130,130,0,130,130,0,0,65,65,0,65,255,45,23618.520000000004,22100.0,1518.5200000000032,5
4166,1239,130,130,0,130,130,0,0,55,55,0,55,255,30,15760.260000000002,22100.0,-6339.739999999997,5
4167,1239,100,155,0,155,155,0,0,40,40,0,35,250,25,16078.590000000002,21675.0,-5596.409999999998,5
4168,1239,130,125,0,125,115,0,10,65,65,0,65,240,40,23508.809999999998,21675.0,1833.8099999999986,5
4169,1239,85,170,0,170,140,0,30,45,45,0,45,220,25,12248.280000000002,21675.0,-9426.719999999998,5
4170,1239,150,120,0,120,120,0,0,50,50,0,50,265,25,13038.840000000002,22950.0,-9911.159999999998,5
4171,1239,90,130,0,130,130,0,0,40,40,0,40,215,95,74078.92968750001,18700.0,55378.929687500015,5
4172,1239,135,120,0,120,100,0,20,40,40,0,40,230,60,42540.39000000001,21675.0,20865.390000000007,5
4173,1239,140,135,0,135,135,0,0,40,40,0,40,270,40,24562.620000000003,23375.0,1187.6200000000017,5
4174,1239,70,160,0,160,155,5,0,45,45,0,45,220,15,7331.4000000000015,19550.0,-12218.599999999999,5
4175,1239,90,140,0,140,125,0,15,60,60,0,60,210,70,44548.965,19550.0,24998.964999999997,5
4176,1239,70,165,0,165,120,25,20,50,50,0,50,185,20,10140.840000000002,19975.0,-9834.159999999998,5
4177,1239,125,155,0,155,145,0,10,30,30,0,30,265,20,13335.029999999999,23800.0,-10464.970000000001,5
4178,1239,95,135,0,135,120,0,15,65,65,0,60,210,50,29710.17,19550.0,10160.169999999998,5
4179,1239,70,165,0,165,155,5,5,45,45,0,45,220,50,31444.2,19975.0,11469.2,5
4180,1239,100,135,0,135,135,0,0,45,45,0,45,230,60,41201.5725,19975.0,21226.572500000002,5
4181,1239,120,135,0,135,125,0,10,50,50,0,50,240,50,28360.08,21675.0,6685.080000000003,5
4182,1239,70,140,0,140,135,0,5,65,65,0,65,200,45,25660.079999999998,17850.0,7810.079999999998,5
4183,1239,110,135,0,135,130,0,5,55,55,0,55,235,45,25243.2,20825.0,4418.200000000002,5
4184,1239,90,145,0,145,125,0,20,45,45,0,45,210,45,27437.58000000001,19975.0,7462.580000000007,5
4185,1239,125,140,0,140,115,5,20,60,60,0,60,235,65,45147.29625,22525.0,22622.29625,5
4186,1239,110,135,0,135,120,0,15,65,65,0,60,225,50,30659.535,20825.0,9834.535,5
4187,1239,85,175,0,175,170,0,5,30,30,0,30,250,10,5619.240000000001,22100.0,-16480.760000000002,5
4188,1239,75,150,0,150,120,25,5,55,55,0,55,190,55,34045.380000000005,19125.0,14920.380000000005,5
4189,1239,100,160,0,160,130,0,30,40,40,0,40,225,15,7463.160000000002,22100.0,-14636.839999999997,5
4190,1239,90,155,0,155,115,5,35,55,55,0,55,200,45,27581.130000000005,20825.0,6756.130000000003,5
4191,1239,100,165,0,165,125,5,35,40,40,0,35,220,35,28772.156250000007,22525.0,6247.156250000007,5
4192,1239,55,180,0,180,135,20,25,40,40,0,40,185,25,16100.91,19975.0,-3874.090000000001,5
4193,1239,95,145,0,145,140,0,5,55,55,0,55,230,50,31806.540000000005,20400.0,11406.540000000005,5
4194,1239,80,150,0,150,140,0,10,45,45,0,45,215,60,38248.649999999994,19550.0,18698.649999999998,5
4195,1239,95,150,0,150,115,5,30,50,50,0,50,205,25,12731.040000000003,20825.0,-8093.959999999997,5
4196,1239,165,130,0,130,115,0,15,35,35,0,35,275,35,24145.740000000005,25075.0,-929.2599999999948,5
4197,1239,85,135,0,135,125,0,10,65,65,0,65,205,75,56653.77375000002,18700.0,37953.77375000002,5
4198,1239,105,145,0,145,140,0,5,40,40,0,40,240,30,17691.840000000004,21250.0,-3558.159999999998,5
4199,1239,110,130,0,130,120,0,10,45,45,0,45,225,45,29413.845,20400.0,9013.845000000001,5
4200,1239,110,120,0,120,115,0,5,40,40,0,40,220,60,41486.355,19550.0,21936.355000000003,5
4201,1239,85,170,0,170,125,0,45,30,30,0,30,205,30,18822.51,21675.0,-2852.4900000000002,5
4202,1239,90,150,0,150,125,0,25,50,50,0,50,210,35,19118.7,20400.0,-1281.2999999999988,5
4203,1239,60,155,0,155,150,5,0,45,45,0,45,205,35,22312.89,18275.0,4037.8899999999976,5
4204,1239,100,140,0,140,110,10,20,40,40,0,40,205,55,39554.91,20400.0,19154.91,5
4205,1239,130,125,0,125,125,0,0,65,65,0,65,250,70,44383.85999999999,21675.0,22708.859999999993,5
4206,1239,85,150,0,150,140,0,10,45,45,0,45,220,35,18767.7,19975.0,-1207.299999999998,5
4207,1239,90,155,0,155,155,0,0,40,40,0,40,240,45,29682.855,20825.0,8857.855,5
4208,1239,110,140,0,140,130,0,10,50,50,0,45,235,45,26230.770000000004,21250.0,4980.770000000002,5
4209,1239,75,165,0,165,135,0,30,35,35,0,35,205,20,10360.44,20400.0,-10039.56,5
4210,1239,80,165,0,165,145,0,20,45,45,0,45,220,35,20282.22,20825.0,-542.7799999999979,5
4211,1239,95,145,0,145,140,0,5,35,35,0,35,230,60,46571.23968750001,20400.0,26171.239687500012,5
4212,1239,85,150,0,150,125,20,5,60,60,0,60,205,25,14816.520000000002,19975.0,-5158.479999999998,5
4213,1239,90,155,0,155,150,0,5,50,50,0,45,235,20,9965.52,20825.0,-10859.48,5
4214,1239,100,160,0,160,100,10,50,55,55,0,50,195,35,20644.47,22100.0,-1455.5299999999988,5
4215,1239,155,125,0,125,120,0,5,60,60,0,60,270,60,36536.76000000001,23800.0,12736.76000000001,5
4216,1239,75,155,0,155,125,0,30,35,35,0,35,195,30,16791.840000000004,19550.0,-2758.159999999998,5
4217,1239,75,160,0,160,155,0,5,25,25,0,25,225,10,5092.560000000001,19975.0,-14882.439999999999,5
4218,1239,145,150,0,150,125,0,25,35,35,0,35,265,65,48555.669375,25075.0,23480.669374999998,5
4219,1239,105,160,0,160,145,0,15,40,40,0,35,245,30,18767.610000000004,22525.0,-3757.389999999996,5
4220,1239,110,140,0,140,115,5,20,55,55,0,50,220,30,16946.100000000002,21250.0,-4303.899999999999,5
4221,1239,95,155,0,155,140,0,15,45,45,0,40,230,45,25396.560000000005,21250.0,4146.560000000004,5
4222,1239,95,145,0,145,145,0,0,40,40,0,40,235,25,13038.480000000001,20400.0,-7361.519999999999,5
4223,1239,80,165,0,165,160,0,5,35,35,0,35,235,30,16814.340000000004,20825.0,-4010.659999999998,5
4224,1239,65,170,0,170,170,0,0,25,25,0,25,230,20,13313.070000000003,19975.0,-6661.929999999998,5
4225,1239,55,180,0,180,130,10,40,50,50,0,50,180,40,21862.620000000003,19975.0,1887.6200000000017,5
4226,1239,55,155,0,155,155,0,0,40,40,0,40,205,25,15123.960000000003,17850.0,-2726.039999999998,5
4227,1239,105,165,0,165,135,5,25,50,50,0,50,235,45,27482.310000000005,22950.0,4532.310000000007,5
4228,1239,120,140,0,140,135,0,5,60,60,0,60,250,45,26187.12,22100.0,4087.12,5
4229,1239,145,125,0,125,120,0,5,45,45,0,45,260,70,46881.225000000006,22950.0,23931.225000000006,5
4230,1239,125,125,0,125,105,0,20,60,60,0,55,225,60,36031.950000000004,21250.0,14781.95,5
4231,1239,95,150,0,150,150,0,0,40,40,0,40,240,25,13762.98,20825.0,-7062.02,5
4232,1239,90,165,0,165,140,0,25,60,60,0,60,225,30,16682.58,21675.0,-4992.42,5
4233,1239,85,165,0,165,140,10,15,40,40,0,40,220,25,13258.080000000002,21250.0,-7991.919999999998,5
4234,1239,155,120,0,120,110,0,10,55,55,0,55,260,45,24804.000000000007,23375.0,1429.0000000000055,5
4235,1239,135,110,0,110,100,0,10,50,50,0,50,230,100,72080.5725,20825.0,51255.57249999999,5
4236,1239,160,115,0,115,95,0,20,50,50,0,45,250,40,23640.570000000007,23375.0,265.570000000007,5
4237,1239,60,150,0,150,125,15,10,50,50,0,50,180,65,51823.70015624999,17850.0,33973.70015624999,5
4238,1239,105,145,0,145,115,0,30,45,45,0,45,215,55,43829.437500000015,21250.0,22579.437500000015,5
4239,1239,105,165,0,165,145,0,20,25,25,0,25,245,40,26735.309999999998,22950.0,3785.3099999999995,5
4240,1239,120,150,0,150,140,0,10,30,30,0,25,255,45,32890.24125,22950.0,9940.24125,5
4241,1239,65,160,0,160,155,0,5,35,35,0,35,215,20,12050.820000000002,19125.0,-7074.1799999999985,5
4242,1239,75,160,0,160,150,0,10,50,50,0,50,220,55,36899.0325,19975.0,16924.0325,5
4243,1239,95,150,0,150,150,0,0,35,35,0,35,240,25,15815.43,20825.0,-5009.569999999999,5
4244,1239,70,155,0,155,150,0,5,20,20,0,20,215,30,20260.350000000002,19125.0,1135.350000000003,5
4245,1239,105,140,0,140,130,0,10,60,60,0,60,230,60,36130.68,20825.0,15305.680000000002,5
4246,1239,130,130,0,130,130,0,0,40,40,0,40,255,5,2370.6000000000004,22100.0,-19729.4,5
4247,1239,115,130,0,130,115,0,15,60,60,0,55,225,90,63280.642499999994,20825.0,42455.642499999994,5
4248,1239,165,120,0,120,120,0,0,40,40,0,40,280,20,11546.100000000002,24225.0,-12678.899999999998,5
4249,1239,110,145,0,145,135,0,10,35,35,0,35,240,20,12577.320000000002,21675.0,-9097.679999999998,5
4250,1239,150,145,0,145,130,0,15,40,40,0,40,275,35,22060.620000000003,25075.0,-3014.3799999999965,5
4251,1239,100,155,0,155,130,0,25,50,50,0,50,225,45,26197.829999999998,21675.0,4522.829999999999,5
4252,1239,130,135,0,135,125,0,10,40,40,0,40,250,5,2370.6000000000004,22525.0,-20154.4,5
4253,1239,100,155,0,155,140,0,15,40,40,0,35,235,35,24365.205000000005,21675.0,2690.2050000000054,5
4254,1239,105,135,0,135,110,0,25,75,75,0,75,210,85,52758.09000000001,20400.0,32358.09000000001,5
4255,1239,100,150,0,150,145,0,5,20,20,0,20,240,20,14004.45,21250.0,-7245.549999999998,5
4256,1239,130,135,0,135,105,0,30,50,50,0,50,230,30,16726.500000000004,22525.0,-5798.499999999996,5
4257,1239,70,155,0,155,140,5,10,45,45,0,45,205,55,34165.89,19125.0,15040.89,5
4258,1239,100,140,0,140,130,0,10,35,35,0,35,225,40,24496.470000000005,20400.0,4096.470000000004,5
4259,1239,100,145,0,145,120,0,25,45,45,0,45,215,50,32816.16,20825.0,11991.16,5
4260,1239,115,145,0,145,135,0,10,35,35,0,35,245,30,18614.25,22100.0,-3485.749999999998,5
4261,1239,75,145,0,145,120,5,20,55,55,0,55,190,55,36695.7225,18700.0,17995.722500000007,5
4262,1239,110,150,0,150,140,0,10,30,30,0,30,245,15,9043.74,22100.0,-13056.26,5
4263,1239,80,140,0,140,130,5,5,55,55,0,55,205,55,38040.412500000006,18700.0,19340.412500000006,5
4264,1239,65,155,0,155,155,0,0,50,50,0,50,215,55,31258.08000000001,18700.0,12558.080000000009,5
4265,1239,105,160,0,160,150,0,10,30,30,0,30,250,35,20458.08,22525.0,-2066.919999999998,5
4266,1239,155,115,0,115,115,0,0,40,40,0,40,265,30,16396.380000000005,22950.0,-6553.619999999996,5
4267,1239,130,130,0,130,120,0,10,55,55,0,50,245,25,14224.140000000003,22100.0,-7875.859999999998,5
4268,1239,115,140,0,140,135,0,5,55,55,0,55,245,50,29150.460000000006,21675.0,7475.460000000007,5
4269,1239,135,115,0,115,115,0,0,60,60,0,60,245,45,26033.22,21250.0,4783.220000000001,5
4270,1239,90,155,0,155,135,0,20,30,30,0,30,220,15,7418.880000000001,20825.0,-13406.119999999999,5
4271,1239,60,155,0,155,150,5,0,25,25,0,25,205,45,34949.300625,18275.0,16674.300625,5
4272,1239,110,145,0,145,140,0,5,40,40,0,40,245,20,10667.520000000002,21675.0,-11007.479999999998,5
4273,1239,125,135,0,135,130,0,5,50,50,0,50,250,45,24387.300000000003,22100.0,2287.3000000000047,5
4274,1239,70,160,0,160,155,0,5,50,50,0,50,220,45,29644.2,19550.0,10094.2,5
4275,1239,105,150,0,150,140,0,10,40,40,0,40,240,30,14970.240000000003,21675.0,-6704.759999999997,5
4276,1239,125,140,0,140,120,0,20,65,65,0,65,240,30,15102.000000000004,22525.0,-7422.999999999997,5
4277,1239,120,130,0,130,110,5,15,40,40,0,40,225,45,31727.733750000007,21250.0,10477.733750000007,5
4278,1239,85,130,0,130,120,0,10,55,55,0,55,200,65,42397.065,18275.0,24122.065000000002,5
4279,1239,125,130,0,130,115,0,15,60,60,0,60,235,55,31718.700000000004,21675.0,10043.700000000004,5
4280,1239,80,150,0,150,135,0,15,35,35,0,35,210,35,28310.996250000004,19550.0,8760.996250000004,5
4281,1239,120,125,0,125,115,0,10,60,60,0,60,230,45,31101.547500000008,20825.0,10276.547500000006,5
4282,1239,100,140,0,140,125,0,15,60,60,0,60,220,40,22894.2,20400.0,2494.2000000000007,5
4283,1239,100,145,0,145,145,0,0,35,35,0,35,240,25,13850.820000000002,20825.0,-6974.1799999999985,5
4284,1239,140,135,0,135,115,0,20,50,50,0,45,250,25,14026.5,23375.0,-9348.5,5
4285,1239,125,135,0,135,130,0,5,25,25,0,25,250,10,4872.600000000001,22100.0,-17227.399999999998,5
4286,1239,130,150,0,150,135,0,15,30,30,0,30,260,20,11041.02,23800.0,-12758.98,5
4287,1239,105,160,0,160,155,0,5,35,35,0,35,255,25,13719.060000000001,22525.0,-8805.939999999999,5
4288,1239,85,135,0,135,135,0,0,60,60,0,60,215,50,27218.520000000004,18700.0,8518.520000000004,5
4289,1239,135,115,0,115,105,0,10,60,60,0,60,235,55,33013.530000000006,21250.0,11763.530000000006,5
4290,1239,175,115,0,115,105,0,10,40,40,0,40,275,35,22719.150000000005,24650.0,-1930.8499999999958,5
4291,1239,155,125,0,125,110,0,15,30,30,0,30,260,30,17692.2,23800.0,-6107.799999999999,5
4292,1239,85,155,0,155,135,0,20,40,40,0,40,215,25,15595.830000000002,20400.0,-4804.169999999999,5
4293,1239,95,160,0,160,125,0,35,50,50,0,50,215,35,22773.645000000004,21675.0,1098.645000000006,5
4294,1239,100,135,0,135,135,0,0,55,55,0,55,230,40,26856.72,19975.0,6881.72,5
4295,1239,105,150,0,150,145,0,5,35,35,0,35,245,20,11458.26,21675.0,-10216.74,5
4296,1239,105,155,0,155,105,15,35,50,50,0,50,205,15,8911.980000000001,22100.0,-13188.019999999999,5
4297,1239,140,110,0,110,100,0,10,65,65,0,60,235,80,51501.37500000001,21250.0,30251.375000000007,5
4298,1239,105,140,0,140,130,5,5,75,75,0,75,230,45,23860.26,20825.0,3035.2599999999984,5
4299,1239,70,170,0,170,160,0,10,40,40,0,40,225,15,7463.16,20400.0,-12936.84,5
4300,1239,170,120,0,120,110,0,10,45,45,0,45,275,45,29183.040000000005,24650.0,4533.040000000005,5
4301,1239,110,140,0,140,120,0,20,45,45,0,45,225,75,51130.979999999996,21250.0,29880.98,5
4302,1239,65,160,0,160,135,20,5,40,40,0,40,195,50,30006.090000000004,19125.0,10881.090000000004,5
4303,1239,80,150,0,150,140,0,10,35,35,0,35,215,10,5092.56,19550.0,-14457.439999999999,5
4304,1239,125,145,0,145,145,0,0,35,35,0,35,265,25,12731.400000000001,22950.0,-10218.599999999999,5
4305,1239,65,155,0,155,155,0,0,45,45,0,40,215,25,15738.57,18700.0,-2961.4300000000003,5
4306,1239,75,155,0,155,110,20,25,65,65,0,60,180,85,57946.74750000001,19550.0,38396.74750000001,5
4307,1239,95,155,0,155,150,0,5,45,45,0,45,240,60,44614.096875,21250.0,23364.096875000003,5
4308,1239,95,145,0,145,115,0,30,65,65,0,65,205,25,14443.380000000001,20400.0,-5956.619999999998,5
4309,1239,135,120,0,120,105,0,15,40,40,0,40,235,25,13367.7,21675.0,-8307.3,5
4310,1239,130,125,0,125,110,0,15,55,55,0,55,235,30,15848.100000000002,21675.0,-5826.899999999998,5
4311,1239,85,150,0,150,150,0,0,40,40,0,40,230,35,19667.340000000004,19975.0,-307.6599999999962,5
4312,1239,135,135,0,135,125,0,10,45,45,0,45,255,30,14838.480000000001,22950.0,-8111.519999999999,5
4313,1239,100,135,0,135,135,0,0,40,40,0,40,230,80,56387.610000000015,19975.0,36412.610000000015,5
4314,1239,30,180,0,180,160,10,10,25,25,0,25,185,25,14860.44,17850.0,-2989.559999999999,5
4315,1239,75,170,0,170,155,0,15,35,35,0,35,225,15,7594.920000000001,20825.0,-13230.079999999998,5
4316,1239,140,125,0,125,125,0,0,40,40,0,40,260,80,61316.223750000005,22525.0,38791.223750000005,5
4317,1239,65,170,0,170,105,35,30,55,55,0,55,165,40,23553.0,19975.0,3578.000000000002,5
4318,1239,90,155,0,155,155,0,0,35,35,0,35,240,15,7814.160000000002,20825.0,-13010.839999999998,5
4319,1239,80,145,0,145,145,0,0,35,35,0,35,220,45,26538.030000000002,19125.0,7413.030000000003,5
4320,1239,90,145,0,145,120,0,25,60,60,0,60,205,50,29281.590000000004,19975.0,9306.590000000006,5
4321,1239,155,125,0,125,120,0,5,45,45,0,45,270,20,11084.939999999999,23800.0,-12715.060000000001,5
4322,1239,55,180,0,180,125,15,40,45,45,0,45,175,30,16221.420000000002,19975.0,-3753.579999999997,5
4323,1239,75,135,0,135,125,0,10,60,60,0,60,195,50,33660.990000000005,17850.0,15810.990000000002,5
4324,1239,175,105,0,105,105,0,0,55,55,0,55,275,35,19184.940000000002,23800.0,-4615.059999999999,5
4325,1239,130,135,0,135,125,0,10,50,50,0,50,250,75,50711.3325,22525.0,28186.332499999997,5
4326,1239,150,125,0,125,110,0,15,70,70,0,70,255,60,32860.08,23375.0,9485.080000000002,5
4327,1239,95,155,0,155,120,10,25,50,50,0,50,210,15,8868.060000000001,21250.0,-12381.939999999999,5
4328,1239,120,110,0,110,100,0,10,50,50,0,45,215,55,33550.47,19550.0,14000.470000000001,5
4329,1239,90,165,0,165,155,0,10,35,35,0,35,240,25,12819.24,21675.0,-8855.76,5
4330,1239,85,165,0,165,155,0,10,40,40,0,40,235,20,13192.290000000003,21250.0,-8057.709999999997,5
4331,1239,90,150,0,150,130,5,15,55,55,0,55,215,65,45657.09,20400.0,25257.089999999997,5
4332,1239,85,130,0,130,130,0,0,45,45,0,45,210,70,50765.625,18275.0,32490.625,5
4333,1239,110,165,0,165,130,5,30,45,45,0,45,235,10,5180.400000000001,23375.0,-18194.6,5
4334,1239,120,130,0,130,130,0,0,50,50,0,50,245,30,16023.780000000004,21250.0,-5226.219999999996,5
4335,1239,60,160,0,160,145,0,15,35,35,0,35,200,50,31938.210000000006,18700.0,13238.210000000008,5
4336,1239,60,175,0,175,145,5,25,35,35,0,35,200,35,22609.08,19975.0,2634.0800000000036,5
4337,1239,165,110,0,110,110,0,0,50,50,0,50,270,60,40103.55,23375.0,16728.550000000003,5
4338,1239,100,145,0,145,145,0,0,35,35,0,35,240,15,7199.64,20825.0,-13625.36,5
4339,1239,85,145,0,145,145,0,0,35,35,0,35,225,50,31103.820000000007,19550.0,11553.820000000005,5
4340,1239,85,175,0,175,160,0,15,30,30,0,25,240,25,16440.930000000004,22100.0,-5659.069999999997,5
4341,1239,140,135,0,135,120,0,15,45,45,0,45,255,30,16660.620000000003,23375.0,-6714.379999999999,5
4342,1239,80,155,0,155,140,0,15,45,45,0,45,215,30,19854.45,19975.0,-120.54999999999836,5
4343,1239,100,145,0,145,135,5,5,65,65,0,65,230,45,28030.950000000008,20825.0,7205.950000000007,5
4344,1239,75,150,0,150,135,0,15,45,45,0,45,205,30,20205.450000000004,19125.0,1080.450000000003,5
4345,1239,65,175,0,175,145,0,30,50,50,0,50,205,25,14224.140000000003,20400.0,-6175.859999999998,5
4346,1239,90,165,0,165,145,0,20,30,30,0,30,230,15,9131.580000000002,21675.0,-12543.419999999998,5
4347,1239,70,160,0,160,120,0,40,40,40,0,40,185,35,21006.540000000005,19550.0,1456.5400000000045,5
4348,1239,85,135,0,135,125,0,10,65,65,0,65,205,60,38199.060000000005,18700.0,19499.060000000005,5
4349,1239,105,140,0,140,130,0,10,50,50,0,45,230,45,27953.820000000007,20825.0,7128.820000000005,5
4350,1239,125,120,0,120,115,0,5,60,60,0,60,235,50,26077.140000000003,20825.0,5252.140000000004,5
4351,1239,65,160,0,160,145,0,15,50,50,0,50,205,65,47030.675625,19125.0,27905.675625000003,5
4352,1239,155,130,0,130,120,0,10,45,45,0,45,270,45,27504.27,24225.0,3279.2700000000013,5
4353,1239,100,140,0,140,140,0,0,50,50,0,45,235,30,16287.3,20400.0,-4112.7,5
4354,1239,120,140,0,140,130,0,10,50,50,0,50,245,35,18723.780000000002,22100.0,-3376.2199999999984,5
4355,1239,90,145,0,145,145,0,0,25,25,0,25,230,55,46657.89140625,19975.0,26682.89140625,5
4356,1239,95,140,0,140,140,0,0,50,50,0,50,230,45,24101.280000000006,19975.0,4126.280000000006,5
4357,1239,105,140,0,140,120,0,20,70,70,0,70,220,40,21994.74,20825.0,1169.7400000000016,5
4358,1239,110,150,0,150,145,0,5,40,40,0,35,250,10,5224.32,22100.0,-16875.68,5
4359,1239,110,130,0,130,130,0,0,50,50,0,50,235,50,34067.07000000001,20400.0,13667.070000000003,5
4360,1239,95,150,0,150,120,0,30,40,40,0,35,210,55,40389.10312500001,20825.0,19564.103125000005,5
4361,1239,130,135,0,135,130,0,5,40,40,0,40,255,20,12577.68,22525.0,-9947.32,5
4362,1239,85,150,0,150,135,0,15,30,30,0,30,215,20,11743.380000000001,19975.0,-8231.619999999999,5
4363,1239,110,150,0,150,135,0,15,40,40,0,40,240,35,20040.84,22100.0,-2059.1599999999994,5
4364,1239,140,120,0,120,110,0,10,50,50,0,50,245,65,49339.00687500001,22100.0,27239.006875000006,5
4365,1239,90,135,0,135,125,0,10,55,55,0,55,210,85,63958.84875,19125.0,44833.84875,5
4366,1239,125,150,0,150,140,0,10,45,45,0,45,260,30,21698.145000000004,23375.0,-1676.854999999996,5
4367,1239,135,140,0,140,135,0,5,40,40,0,40,265,10,6365.700000000001,23375.0,-17009.3,5
4368,1239,85,145,0,145,115,10,20,60,60,0,60,195,30,17143.2,19550.0,-2406.7999999999984,5
4369,1239,85,150,0,150,150,0,0,55,55,0,55,230,35,17823.600000000002,19975.0,-2151.3999999999987,5
4370,1239,75,165,0,165,140,0,25,45,45,0,45,210,30,15848.100000000002,20400.0,-4551.899999999998,5
4371,1239,90,150,0,150,145,5,0,50,50,0,50,230,25,12423.960000000003,20400.0,-7976.039999999998,5
4372,1239,100,150,0,150,125,20,5,60,60,0,60,220,40,22652.640000000007,21250.0,1402.6400000000058,5
4373,1239,85,150,0,150,150,0,0,25,25,0,25,230,25,16199.1,19975.0,-3775.899999999999,5
4374,1239,95,155,0,155,145,0,10,35,35,0,35,235,25,15299.28,21250.0,-5950.719999999999,5
4375,1239,85,165,0,165,130,10,25,60,60,0,60,210,50,28425.780000000006,21250.0,7175.780000000004,5
4376,1239,75,180,0,180,140,0,40,30,30,0,30,210,25,16155.810000000001,21675.0,-5519.189999999999,5
4377,1239,95,170,0,170,115,20,35,65,65,0,65,205,75,46656.405000000006,22525.0,24131.405000000006,5
4378,1239,70,160,0,160,135,0,25,50,50,0,50,200,25,15870.330000000002,19550.0,-3679.6699999999987,5
4379,1239,125,145,0,145,140,0,5,45,45,0,45,260,50,32459.715,22950.0,9509.715,5
4380,1239,100,140,0,140,130,0,10,60,60,0,55,225,35,19360.620000000003,20400.0,-1039.3799999999965,5
4381,1239,70,160,0,160,145,0,15,45,45,0,45,210,60,38912.895,19550.0,19362.894999999997,5
4382,1239,80,165,0,165,110,20,35,45,45,0,45,185,45,25550.280000000002,20825.0,4725.2800000000025,5
4383,1239,105,130,0,130,125,0,5,45,45,0,40,225,20,9570.240000000002,19975.0,-10404.759999999998,5
4384,1239,70,160,0,160,150,10,0,45,45,0,45,215,45,24255.18,19550.0,4705.18,5
4385,1239,100,165,0,165,155,0,10,40,40,0,40,250,40,23772.420000000002,22525.0,1247.420000000002,5
4386,1239,90,140,0,140,140,0,0,45,45,0,45,225,45,25879.500000000004,19550.0,6329.500000000003,5
4387,1239,125,115,0,115,105,0,10,45,45,0,45,225,50,31849.96500000001,20400.0,11449.965000000011,5
4388,1239,125,150,0,150,115,5,30,70,70,0,70,235,45,25989.840000000004,23375.0,2614.840000000004,5
4389,1239,145,130,0,130,125,0,5,45,45,0,45,265,20,10536.12,23375.0,-12838.88,5
4390,1239,125,135,0,135,130,0,5,35,35,0,35,250,70,47248.424999999996,22100.0,25148.424999999996,5
4391,1239,105,145,0,145,140,0,5,40,40,0,40,240,60,44257.747500000005,21250.0,23007.747500000005,5
4392,1239,130,145,0,145,130,0,15,30,30,0,30,255,25,16067.700000000003,23375.0,-7307.299999999997,5
4393,1239,50,175,0,175,165,0,10,35,35,0,30,210,45,33628.646250000005,19125.0,14503.646250000005,5
4394,1239,90,150,0,150,145,0,5,35,35,0,35,230,45,31466.092500000006,20400.0,11066.092500000004,5
4395,1239,95,150,0,150,130,0,20,40,40,0,40,220,65,47449.00125,20825.0,26624.00125,5
4396,1239,100,160,0,160,145,0,15,25,25,0,25,240,15,7551.000000000002,22100.0,-14548.999999999998,5
4397,1239,95,155,0,155,155,0,0,35,35,0,35,245,20,10316.52,21250.0,-10933.48,5
4398,1239,80,160,0,160,135,0,25,40,40,0,40,210,20,9877.68,20400.0,-10522.32,5
4399,1239,140,120,0,120,120,0,0,55,55,0,55,255,30,16375.140000000001,22100.0,-5724.859999999999,5
4400,1239,105,150,0,150,140,0,10,50,50,0,50,240,30,18317.79,21675.0,-3357.21,5
4401,1239,75,155,0,155,120,5,30,50,50,0,50,190,30,17143.38,19550.0,-2406.6200000000003,5
4402,1239,70,170,0,170,145,5,20,55,55,0,55,210,70,42847.829999999994,20400.0,22447.829999999994,5
4403,1239,75,165,0,165,155,0,10,40,40,0,40,225,25,13214.160000000003,20400.0,-7185.8399999999965,5
4404,1239,120,135,0,135,130,0,5,60,60,0,55,245,55,36646.56,21675.0,14971.56,5
4405,1239,105,125,0,125,120,0,5,50,50,0,50,220,55,35680.725000000006,19550.0,16130.725000000002,5
4406,1239,65,150,0,150,110,15,25,50,50,0,50,170,50,31849.74,18275.0,13574.740000000002,5
4407,1239,70,165,0,165,125,15,25,35,35,0,35,190,15,8121.6,19975.0,-11853.4,5
4408,1239,145,115,0,115,115,0,0,50,50,0,50,255,20,11436.300000000001,22100.0,-10663.699999999999,5
4409,1239,70,165,0,165,135,10,20,55,55,0,55,200,60,37898.01,19975.0,17923.010000000002,5
4410,1239,130,145,0,145,140,0,5,55,55,0,55,265,30,16967.7,23375.0,-6407.3,5
4411,1239,130,150,0,150,115,0,35,50,50,0,50,240,35,20501.64,23800.0,-3298.3600000000024,5
4412,1239,110,135,0,135,120,10,5,45,45,0,45,225,55,35778.69,20825.0,14953.690000000006,5
4413,1239,90,140,0,140,135,0,5,65,65,0,65,220,60,33650.28,19550.0,14100.280000000002,5
4414,1239,70,190,0,190,135,10,45,50,50,0,50,200,45,24013.620000000003,22100.0,1913.6200000000008,5
4415,1239,90,155,0,155,110,15,30,65,65,0,65,195,60,37162.485,20825.0,16337.485,5
4416,1239,85,160,0,160,155,0,5,35,35,0,35,235,20,15870.465000000004,20825.0,-4954.534999999996,5
4417,1239,160,115,0,115,110,0,5,60,60,0,60,265,75,58445.18296875001,23375.0,35070.18296875001,5
4418,1239,95,150,0,150,135,0,15,60,60,0,55,225,20,10053.36,20825.0,-10771.639999999998,5
4419,1239,80,145,0,145,80,60,5,75,75,0,75,155,60,36360.94500000001,19125.0,17235.945000000007,5
4420,1239,95,135,0,135,115,0,20,60,60,0,55,205,80,58180.539375000015,19550.0,38630.539375000015,5
4421,1239,100,135,0,135,125,5,5,55,55,0,55,220,35,19404.540000000005,19975.0,-570.459999999996,5
4422,1239,100,135,0,135,130,0,5,45,45,0,45,225,40,26499.735000000004,19975.0,6524.735000000005,5
4423,1239,65,160,0,160,115,5,40,60,60,0,60,175,85,56119.23000000002,19125.0,36994.23000000002,5
4424,1239,110,150,0,150,110,0,40,50,50,0,45,215,15,7858.4400000000005,22100.0,-14241.56,5
4425,1239,95,130,0,130,115,10,5,60,60,0,60,205,75,56885.47875000001,19125.0,37760.47875000001,5
4426,1239,120,150,0,150,145,0,5,40,40,0,40,260,40,21994.740000000005,22950.0,-955.2599999999939,5
4427,1239,100,160,0,160,155,0,5,25,25,0,25,250,0,0.0,22100.0,-22100.0,5
4428,1239,80,150,0,150,140,10,0,35,35,0,35,215,35,19799.280000000002,19550.0,249.28000000000338,5
4429,1239,135,130,0,130,130,0,0,45,45,0,45,260,50,32969.4525,22525.0,10444.452500000003,5
4430,1239,115,155,0,155,150,0,5,30,30,0,30,260,50,33354.045,22950.0,10404.045000000002,5
4431,1239,110,145,0,145,120,0,25,55,55,0,55,225,40,21950.820000000003,21675.0,275.82000000000335,5
4432,1239,70,150,0,150,135,0,15,40,40,0,40,200,15,8121.6,18700.0,-10578.4,5
4433,1239,140,110,0,110,100,0,10,70,70,0,70,235,50,29249.01,21250.0,7999.009999999998,5
4434,1239,100,135,0,135,110,5,20,60,60,0,60,205,55,38575.18125000001,19975.0,18600.181250000005,5
4435,1239,125,135,0,135,135,0,0,45,45,0,45,255,15,7594.920000000001,22100.0,-14505.079999999998,5
4436,1239,130,130,0,130,125,0,5,45,45,0,40,250,10,6519.42,22100.0,-15580.58,5
4437,1239,80,140,0,140,135,5,0,40,40,0,40,210,15,7506.720000000003,18700.0,-11193.279999999997,5
4438,1239,130,140,0,140,105,5,30,50,50,0,50,230,35,18701.820000000003,22950.0,-4248.179999999998,5
4439,1239,110,120,0,120,105,0,15,65,65,0,65,210,40,21050.100000000002,19550.0,1500.1000000000022,5
4440,1239,90,130,0,130,130,0,0,40,40,0,40,215,45,29128.140000000003,18700.0,10428.140000000003,5
4441,1239,130,135,0,135,125,0,10,35,35,0,35,250,30,20808.585000000003,22525.0,-1716.4149999999972,5
4442,1239,85,135,0,135,120,10,5,70,70,0,70,200,60,35427.69000000001,18700.0,16727.690000000006,5
4443,1239,50,175,0,175,165,0,10,30,30,0,30,210,30,20019.150000000005,19125.0,894.1500000000042,5
4444,1239,40,175,0,175,170,0,5,35,35,0,35,205,20,15530.085000000003,18275.0,-2744.9149999999963,5
4445,1239,115,145,0,145,125,0,20,50,50,0,50,235,35,19141.02,22100.0,-2958.979999999999,5
4446,1239,70,165,0,165,155,0,10,45,45,0,45,220,10,5092.56,19975.0,-14882.439999999999,5
4447,1239,105,130,0,130,130,0,0,50,50,0,50,230,40,21862.620000000003,19975.0,1887.6200000000017,5
4448,1239,105,140,0,140,100,10,30,60,60,0,60,200,65,41867.707500000004,20825.0,21042.707500000004,5
4449,1239,135,110,0,110,100,0,10,65,65,0,65,230,80,54344.520000000004,20825.0,33519.520000000004,5
4450,1239,70,160,0,160,130,5,25,40,40,0,40,195,60,41805.135,19550.0,22255.135000000002,5
4451,1239,95,140,0,140,135,0,5,75,75,0,75,225,65,36394.56000000001,19975.0,16419.560000000012,5
4452,1239,70,150,0,150,110,25,15,60,60,0,60,175,40,22257.540000000005,18700.0,3557.5400000000036,5
4453,1239,75,160,0,160,155,0,5,35,35,0,35,225,35,20458.08,19975.0,483.0800000000022,5
4454,1239,115,145,0,145,130,0,15,40,40,0,40,240,50,30807.63000000001,22100.0,8707.630000000008,5
4455,1239,95,115,0,115,100,10,5,70,70,0,70,190,75,51292.98000000002,17850.0,33442.98000000002,5
4456,1239,125,140,0,140,105,5,30,70,70,0,65,225,30,16528.86,22525.0,-5996.139999999998,5
4457,1239,85,160,0,160,110,20,30,55,55,0,50,190,25,13323.780000000002,20825.0,-7501.219999999998,5
4458,1239,95,165,0,165,125,0,40,45,45,0,45,215,30,17714.160000000003,22100.0,-4385.839999999998,5
4459,1239,65,170,0,170,145,0,25,35,35,0,35,205,40,28332.585000000003,19975.0,8357.585000000003,5
4460,1239,125,130,0,130,130,0,0,45,45,0,45,250,40,24628.59,21675.0,2953.5899999999992,5
4461,1239,105,135,0,135,135,0,0,60,60,0,60,235,30,16221.42,20400.0,-4178.58,5
4462,1239,60,165,0,165,145,0,20,40,40,0,40,200,55,36174.55500000001,19125.0,17049.555000000004,5
4463,1239,115,145,0,145,110,5,30,55,55,0,55,220,40,25539.570000000003,22100.0,3439.5700000000033,5
4464,1239,125,130,0,130,125,0,5,50,50,0,50,245,40,27383.625000000007,21675.0,5708.625000000006,5
4465,1239,65,160,0,160,150,0,10,35,35,0,35,210,30,19514.07,19125.0,389.0700000000015,5
4466,1239,65,155,0,155,140,0,15,35,35,0,35,200,25,14486.760000000004,18700.0,-4213.239999999996,5
4467,1239,110,145,0,145,145,0,0,45,45,0,45,250,5,2941.2000000000007,21675.0,-18733.8,5
4468,1239,115,135,0,135,125,0,10,55,55,0,50,235,60,38216.025,21250.0,16966.025000000005,5
4469,1239,80,160,0,160,150,0,10,45,45,0,45,225,15,7463.160000000002,20400.0,-12936.839999999997,5
4470,1239,75,165,0,165,165,0,0,35,35,0,35,235,10,6190.02,20400.0,-14209.98,5
4471,1239,95,145,0,145,120,0,25,45,45,0,45,210,55,31432.680000000004,20400.0,11032.680000000004,5
4472,1239,65,155,0,155,125,25,5,60,60,0,60,185,25,14223.780000000002,18700.0,-4476.219999999998,5
4473,1239,100,130,0,130,130,0,0,45,45,0,45,225,65,44422.425,19550.0,24872.425000000003,5
4474,1239,135,125,0,125,125,0,0,45,45,0,45,255,65,44625.645000000004,22100.0,22525.645000000004,5
4475,1239,80,145,0,145,140,0,5,45,45,0,45,215,15,7463.16,19125.0,-11661.84,5
4476,1239,115,140,0,140,125,0,15,45,45,0,45,235,60,42515.61750000001,21675.0,20840.617500000008,5
4477,1239,85,155,0,155,155,0,0,30,30,0,30,235,35,27943.2,20400.0,7543.200000000002,5
4478,1239,100,165,0,165,150,0,15,40,40,0,40,245,15,7770.6,22525.0,-14754.400000000001,5
4479,1239,120,115,0,115,100,0,15,80,80,0,75,215,65,39247.65,19975.0,19272.65,5
4480,1239,65,160,0,160,150,0,10,25,25,0,25,210,20,10316.880000000001,19125.0,-8808.119999999999,5
4481,1239,90,140,0,140,140,0,0,50,50,0,50,225,25,13521.42,19550.0,-6028.58,5
4482,1239,135,125,0,125,115,0,10,50,50,0,50,245,55,38111.985,22100.0,16011.985000000004,5
4483,1239,125,140,0,140,130,0,10,55,55,0,50,250,35,19184.940000000002,22525.0,-3340.0599999999986,5
4484,1239,105,145,0,145,125,0,20,50,50,0,50,225,50,31038.21,21250.0,9788.21,5
4485,1239,185,115,0,115,105,0,10,35,35,0,35,285,45,30615.435,25500.0,5115.435000000002,5
4486,1239,80,155,0,155,150,5,0,55,55,0,50,225,25,12599.640000000001,19975.0,-7375.359999999999,5
4487,1239,135,130,0,130,125,0,5,50,50,0,50,255,30,17736.120000000003,22525.0,-4788.879999999999,5
4488,1239,110,115,0,115,100,5,10,70,70,0,70,205,70,45811.012500000004,19125.0,26686.012500000004,5
4489,1239,65,155,0,155,130,0,25,55,55,0,55,190,45,27778.050000000003,18700.0,9078.050000000003,5
4490,1239,70,160,0,160,120,15,25,50,50,0,50,185,55,30927.960000000003,19550.0,11377.960000000003,5
4491,1239,105,145,0,145,130,0,15,50,50,0,50,230,35,25438.027499999997,21250.0,4188.027499999998,5
4492,1239,110,150,0,150,125,0,25,40,40,0,40,230,30,17955.720000000005,22100.0,-4144.279999999997,5
4493,1239,70,170,0,170,145,0,25,55,55,0,55,210,25,12643.560000000001,20400.0,-7756.439999999998,5
4494,1239,70,170,0,170,160,10,0,35,35,0,35,225,20,11216.34,20400.0,-9183.66,5
4495,1239,85,160,0,160,150,0,10,45,45,0,40,230,40,22740.840000000004,20825.0,1915.8400000000029,5
4496,1239,75,165,0,165,155,5,5,40,40,0,40,225,30,17867.88,20400.0,-2532.1199999999976,5
4497,1239,110,130,0,130,130,0,0,60,60,0,60,235,85,61371.4725,20400.0,40971.4725,5
4498,1239,75,165,0,165,150,0,15,35,35,0,35,220,45,30708.81000000001,20400.0,10308.810000000009,5
4499,1239,75,160,0,160,140,5,15,40,40,0,40,210,30,14882.400000000001,19975.0,-5092.599999999998,5
4500,1239,110,155,0,155,140,0,15,35,35,0,35,245,25,12687.480000000003,22525.0,-9837.519999999997,5
4501,1239,100,155,0,155,110,20,25,55,55,0,55,205,40,24881.129999999997,21675.0,3206.1299999999983,5
4502,1239,80,140,0,140,130,10,0,70,70,0,70,205,75,45947.925,18700.0,27247.925000000003,5
4503,1239,130,130,0,130,120,0,10,75,75,0,70,245,55,31367.340000000007,22100.0,9267.340000000007,5
4504,1239,60,190,0,190,145,15,30,35,35,0,35,200,25,14509.259999999998,21250.0,-6740.740000000001,5
4505,1239,55,165,0,165,160,0,5,20,20,0,20,210,20,13653.450000000003,18700.0,-5046.549999999997,5
4506,1239,100,130,0,130,130,0,0,40,40,0,40,225,50,33293.025,19550.0,13743.025000000001,5
4507,1239,120,145,0,145,125,0,20,40,40,0,40,240,45,30357.652500000004,22525.0,7832.652500000004,5
4508,1239,115,145,0,145,130,0,15,50,50,0,50,240,25,12863.16,22100.0,-9236.84,5
4509,1239,90,135,0,135,115,5,15,55,55,0,50,200,60,42773.41125,19125.0,23648.411249999997,5
4510,1239,95,140,0,140,130,0,10,40,40,0,40,220,50,33655.5225,19975.0,13680.522499999997,5
4511,1239,90,145,0,145,100,15,30,60,60,0,55,185,75,52843.07250000001,19975.0,32868.07250000001,5
4512,1239,115,130,0,130,130,0,0,35,35,0,35,240,70,52149.29625000001,20825.0,31324.296250000007,5
4513,1239,80,160,0,160,130,15,15,45,45,0,45,205,20,11370.420000000002,20400.0,-9029.579999999998,5
4514,1239,105,145,0,145,130,0,15,35,35,0,30,230,15,8341.02,21250.0,-12908.98,5
4515,1239,90,145,0,145,140,0,5,40,40,0,40,225,45,28601.100000000002,19975.0,8626.100000000002,5
4516,1239,135,120,0,120,120,0,0,45,45,0,45,250,35,20721.24,21675.0,-953.7599999999975,5
4517,1239,90,160,0,160,115,5,40,60,60,0,55,200,55,30796.920000000006,21250.0,9546.920000000006,5
4518,1239,130,130,0,130,125,0,5,55,55,0,55,250,85,61530.77249999999,22100.0,39430.77249999999,5
4519,1239,120,165,0,165,145,0,20,30,30,0,30,260,40,29117.655000000006,24225.0,4892.655000000004,5
4520,1239,135,140,0,140,110,10,20,50,50,0,50,240,50,32519.745000000003,23375.0,9144.745000000003,5
4521,1239,65,195,0,195,140,15,40,20,20,0,15,200,20,11743.74,22100.0,-10356.26,5
4522,1239,85,155,0,155,105,25,25,55,55,0,55,185,70,46639.10250000001,20400.0,26239.102500000008,5
4523,1239,75,170,0,170,140,0,30,50,50,0,45,210,15,7507.080000000001,20825.0,-13317.919999999998,5
4524,1239,205,90,0,90,90,0,0,65,65,0,65,290,65,39170.78999999999,25075.0,14095.789999999997,5
4525,1239,90,140,0,140,105,15,20,65,65,0,65,190,60,42474.37500000001,19550.0,22924.375000000007,5
4526,1239,80,175,0,175,175,0,0,25,25,0,25,250,10,5180.400000000001,21675.0,-16494.6,5
4527,1239,100,120,0,120,110,0,10,55,55,0,55,205,80,66140.68500000001,18700.0,47440.68500000001,5
4528,1239,155,120,0,120,105,0,15,50,50,0,50,255,35,17472.239999999998,23375.0,-5902.76,5
4529,1239,85,150,0,150,150,0,0,35,35,0,35,230,25,17939.114999999998,19975.0,-2035.8850000000007,5
4530,1239,135,130,0,130,115,0,15,55,55,0,50,245,20,10229.040000000003,22525.0,-12295.959999999997,5
4531,1239,95,150,0,150,125,0,25,35,35,0,35,215,35,21884.130000000005,20825.0,1059.1300000000047,5
4532,1239,55,150,0,150,145,5,0,45,45,0,45,195,25,15584.850000000002,17425.0,-1840.1499999999987,5
4533,1239,70,160,0,160,155,0,5,15,15,0,15,220,30,18438.300000000003,19550.0,-1111.6999999999962,5
4534,1239,70,165,0,165,145,0,20,35,35,0,35,210,30,19063.89,19975.0,-911.1099999999988,5
4535,1239,85,140,0,140,140,0,0,45,45,0,45,220,35,21127.230000000003,19125.0,2002.230000000004,5
4536,1239,170,100,0,100,100,0,0,70,70,0,70,265,60,38221.2225,22950.0,15271.222500000003,5
4537,1239,65,170,0,170,130,25,15,50,50,0,50,190,45,29425.230000000003,19975.0,9450.230000000001,5
4538,1239,95,140,0,140,135,0,5,50,50,0,45,225,80,62157.25406250001,19975.0,42182.25406250001,5
4539,1239,115,140,0,140,130,0,10,40,40,0,35,240,35,20260.440000000002,21675.0,-1414.559999999999,5
4540,1239,140,125,0,125,110,0,15,50,50,0,50,245,35,18262.800000000003,22525.0,-4262.199999999995,5
4541,1239,90,140,0,140,115,0,25,65,65,0,65,200,30,15935.94,19550.0,-3614.0599999999995,5
4542,1239,100,150,0,150,145,0,5,65,65,0,65,240,35,22653.270000000004,21250.0,1403.2700000000023,5
4543,1239,95,145,0,145,135,0,10,50,50,0,50,225,35,22713.254999999997,20400.0,2313.254999999999,5
4544,1239,80,165,0,165,120,20,25,55,55,0,55,195,30,22227.4575,20825.0,1402.4575000000004,5
4545,1239,100,135,0,135,100,5,30,70,70,0,70,195,85,54964.53000000001,19975.0,34989.53000000001,5
4546,1239,45,175,0,175,155,5,15,35,35,0,35,195,25,14224.140000000003,18700.0,-4475.859999999998,5
4547,1239,115,150,0,150,145,0,5,50,50,0,45,255,55,34418.43,22525.0,11893.430000000004,5
4548,1239,85,175,0,175,165,0,10,20,20,0,20,245,0,0.0,22100.0,-22100.0,5
4549,1239,110,125,0,125,110,10,5,65,65,0,60,215,70,44450.100000000006,19975.0,24475.100000000002,5
4550,1239,85,135,0,135,130,0,5,50,50,0,45,210,65,51421.536562500005,18700.0,32721.536562500005,5
4551,1239,75,155,0,155,155,0,0,50,50,0,50,225,45,29194.65,19550.0,9644.650000000001,5
4552,1239,115,140,0,140,140,0,0,40,40,0,40,250,30,15892.020000000002,21675.0,-5782.979999999998,5
4553,1239,65,155,0,155,135,0,20,60,60,0,55,195,45,24760.26,18700.0,6060.259999999998,5
4554,1239,60,170,0,170,155,0,15,25,25,0,25,210,50,33946.965,19550.0,14396.965,5
4555,1239,125,150,0,150,135,0,15,30,30,0,30,255,30,17417.43,23375.0,-5957.569999999998,5
4556,1239,95,145,0,145,140,0,5,40,40,0,40,230,45,31203.045000000002,20400.0,10803.045000000002,5
4557,1239,85,155,0,155,145,0,10,25,25,0,25,225,15,9372.78,20400.0,-11027.22,5
4558,1239,80,150,0,150,145,0,5,50,50,0,45,220,55,39513.97125,19550.0,19963.97125,5
4559,1239,80,145,0,145,125,0,20,55,55,0,50,200,35,19272.060000000005,19125.0,147.06000000000358,5
4560,1239,125,155,0,155,125,0,30,40,40,0,40,245,40,22301.640000000003,23800.0,-1498.3599999999979,5
4561,1239,90,160,0,160,150,0,10,35,35,0,35,235,25,15431.130000000003,21250.0,-5818.869999999997,5
4562,1239,120,135,0,135,120,0,15,55,55,0,55,235,50,29874.420000000006,21675.0,8199.420000000006,5
4563,1239,125,135,0,135,135,0,0,40,40,0,40,255,15,8472.78,22100.0,-13627.219999999998,5
4564,1239,80,150,0,150,140,0,10,35,35,0,35,215,20,10053.36,19550.0,-9496.64,5
4565,1239,75,180,0,180,140,15,25,50,50,0,45,210,35,20754.27,21675.0,-920.7299999999987,5
4566,1239,75,145,0,145,120,5,20,65,65,0,60,190,55,40126.106250000004,18700.0,21426.106250000004,5
4567,1239,120,140,0,140,135,0,5,45,45,0,45,250,55,33370.51500000001,22100.0,11270.51500000001,5
4568,1239,100,135,0,135,135,0,0,55,55,0,55,230,70,53177.04562499999,19975.0,33202.04562499999,5
4569,1239,80,160,0,160,130,0,30,45,45,0,45,205,15,7287.4800000000005,20400.0,-13112.52,5
4570,1239,70,160,0,160,155,0,5,40,40,0,40,220,50,32525.054999999997,19550.0,12975.054999999997,5
4571,1239,65,170,0,170,130,15,25,50,50,0,50,190,50,29435.4,19975.0,9460.4,5
4572,1239,110,135,0,135,120,0,15,65,65,0,60,225,75,51259.426875000005,20825.0,30434.42687500001,5
4573,1239,75,165,0,165,90,45,30,70,70,0,70,160,70,48404.137500000004,20400.0,28004.137500000004,5
4574,1239,110,125,0,125,120,0,5,70,70,0,65,225,70,43692.52500000001,19975.0,23717.525000000005,5
4575,1239,90,145,0,145,130,0,15,45,45,0,45,215,45,30171.06,19975.0,10196.060000000001,5
4576,1239,100,150,0,150,150,0,0,40,40,0,40,245,30,20710.485,21250.0,-539.5150000000012,5
4577,1239,80,145,0,145,140,0,5,45,45,0,45,215,70,48911.40000000001,19125.0,29786.400000000012,5
4578,1239,45,170,0,170,140,0,30,20,20,0,20,180,60,53590.61355468751,18275.0,35315.61355468751,5
4579,1239,90,160,0,160,155,0,5,35,35,0,35,240,15,9065.699999999999,21250.0,-12184.300000000001,5
4580,1239,90,150,0,150,135,0,15,45,45,0,45,220,30,17143.200000000004,20400.0,-3256.799999999996,5
4581,1239,75,155,0,155,135,0,20,40,40,0,40,205,80,58223.75625000002,19550.0,38673.75625000002,5
4582,1239,100,155,0,155,150,0,5,45,45,0,45,245,20,11304.54,21675.0,-10370.46,5
4583,1239,85,135,0,135,105,10,20,45,45,0,45,185,90,65117.63250000001,18700.0,46417.63250000001,5
4584,1239,120,145,0,145,145,0,0,30,30,0,30,260,25,12818.880000000001,22525.0,-9706.119999999999,5
4585,1239,65,165,0,165,150,5,10,45,45,0,45,210,60,42469.2225,19550.0,22919.222500000003,5
4586,1239,90,120,0,120,105,0,15,60,60,0,60,190,100,72000.2925,17850.0,54150.292499999996,5
4587,1239,90,145,0,145,145,0,0,55,55,0,55,230,60,46764.264375,19975.0,26789.264375000002,5
4588,1239,120,140,0,140,130,0,10,50,50,0,50,245,50,28799.100000000006,22100.0,6699.100000000008,5
4589,1239,125,140,0,140,135,0,5,30,30,0,30,255,25,14048.460000000003,22525.0,-8476.539999999997,5
4590,1239,55,165,0,165,140,0,25,40,40,0,40,190,20,10185.120000000003,18700.0,-8514.879999999997,5
4591,1239,130,120,0,120,110,10,0,70,70,0,70,235,50,27438.12,21250.0,6188.119999999999,5
4592,1239,70,145,0,145,135,5,5,55,55,0,55,200,70,48895.11,18275.0,30620.110000000004,5
4593,1239,80,155,0,155,120,5,30,45,45,0,40,195,25,18125.774999999998,19975.0,-1849.2250000000013,5
4594,1239,75,170,0,170,115,10,45,45,45,0,45,185,55,32431.770000000004,20825.0,11606.770000000006,5
4595,1239,100,150,0,150,140,0,10,55,55,0,50,235,75,47753.640000000014,21250.0,26503.640000000014,5
4596,1239,60,165,0,165,150,0,15,45,45,0,45,205,25,13302.000000000004,19125.0,-5822.999999999997,5
4597,1239,115,150,0,150,145,0,5,35,35,0,30,255,20,10404.36,22525.0,-12120.64,5
4598,1239,75,160,0,160,155,5,0,30,30,0,30,225,10,5268.240000000001,19975.0,-14706.759999999998,5
4599,1239,120,140,0,140,135,0,5,50,50,0,45,250,25,12555.720000000001,22100.0,-9544.279999999999,5
4600,1239,145,130,0,130,110,0,20,70,70,0,65,250,25,13872.780000000002,23375.0,-9502.219999999998,5
4601,1239,105,140,0,140,105,10,25,50,50,0,50,205,65,42814.530000000006,20825.0,21989.530000000006,5
4602,1239,60,185,0,185,130,15,40,45,45,0,45,185,20,11611.980000000001,20825.0,-9213.019999999999,5
4603,1239,95,130,0,130,120,0,10,65,65,0,65,210,50,29238.300000000003,19125.0,10113.300000000003,5
4604,1239,85,150,0,150,145,0,5,60,60,0,55,225,75,50848.740000000005,19975.0,30873.740000000005,5
4605,1239,100,130,0,130,120,0,10,50,50,0,50,215,60,40257.270000000004,19550.0,20707.270000000004,5
4606,1239,145,145,0,145,135,0,10,30,30,0,30,275,40,24826.23,24650.0,176.23000000000047,5
4607,1239,145,125,0,125,125,0,0,50,50,0,45,265,25,13872.780000000002,22950.0,-9077.219999999998,5
4608,1239,120,140,0,140,135,0,5,40,40,0,40,250,20,11282.580000000002,22100.0,-10817.419999999998,5
4609,1239,55,160,0,160,155,5,0,35,35,0,35,205,50,37933.57125,18275.0,19658.57125,5
4610,1239,115,155,0,155,145,0,10,35,35,0,30,255,10,5136.4800000000005,22950.0,-17813.519999999997,5
4611,1239,80,145,0,145,130,0,15,45,45,0,45,205,55,36404.93250000001,19125.0,17279.93250000001,5
4612,1239,135,145,0,145,145,0,0,30,30,0,30,275,10,5180.400000000001,23800.0,-18619.6,5
4613,1239,115,150,0,150,145,0,5,25,25,0,25,255,5,2502.36,22525.0,-20022.64,5
4614,1239,135,110,0,110,105,0,5,65,65,0,65,235,55,36780.8175,20825.0,15955.817499999997,5
4615,1239,75,160,0,160,155,0,5,45,45,0,45,225,15,7287.4800000000005,19975.0,-12687.52,5
4616,1239,50,180,0,180,165,0,15,40,40,0,40,210,30,16682.58,19550.0,-2867.4199999999996,5
4617,1239,80,155,0,155,150,0,5,50,50,0,50,225,50,36970.67249999999,19975.0,16995.672499999997,5
4618,1239,110,135,0,135,135,0,0,55,55,0,55,240,60,38260.26,20825.0,17435.260000000002,5
4619,1239,140,140,0,140,135,0,5,55,55,0,55,270,50,29413.89,23800.0,5613.890000000001,5
4620,1239,95,145,0,145,135,0,10,50,50,0,45,225,35,18613.980000000003,20400.0,-1786.0199999999963,5
4621,1239,155,120,0,120,115,0,5,50,50,0,45,265,40,27295.560000000005,23375.0,3920.560000000005,5
4622,1239,75,160,0,160,145,0,15,30,30,0,30,215,70,49970.250000000015,19975.0,29995.250000000015,5
4623,1239,105,140,0,140,135,0,5,35,35,0,35,235,15,9438.660000000002,20825.0,-11386.34,5
4624,1239,120,145,0,145,135,0,10,50,50,0,50,250,35,21182.49,22525.0,-1342.5099999999975,5
4625,1239,95,140,0,140,135,0,5,45,45,0,45,225,65,45788.74312500001,19975.0,25813.743125000008,5
4626,1239,60,140,0,140,140,0,0,50,50,0,50,195,50,34918.2225,17000.0,17918.222500000003,5
4627,1239,115,140,0,140,100,10,30,65,65,0,65,210,45,27811.44,21675.0,6136.439999999998,5
4628,1239,105,140,0,140,125,0,15,45,45,0,45,225,20,10536.12,20825.0,-10288.88,5
4629,1239,135,135,0,135,135,0,0,50,50,0,50,265,30,16814.34,22950.0,-6135.66,5
4630,1239,105,150,0,150,145,0,5,60,60,0,60,245,45,26692.020000000004,21675.0,5017.020000000002,5
4631,1239,70,135,0,135,105,20,10,55,55,0,55,170,65,45080.57250000001,17425.0,27655.57250000001,5
4632,1239,100,145,0,145,145,0,0,35,35,0,35,240,20,11238.66,20825.0,-9586.34,5
4633,1239,105,155,0,155,135,0,20,35,35,0,35,235,30,18219.24,22100.0,-3880.759999999998,5
4634,1239,60,175,0,175,105,55,15,55,55,0,55,160,55,31125.780000000006,19975.0,11150.780000000004,5
4635,1239,95,150,0,150,145,0,5,40,40,0,40,235,30,17626.32,20825.0,-3198.6799999999994,5
4636,1239,65,175,0,175,160,0,15,35,35,0,35,220,20,10097.28,20400.0,-10302.72,5
4637,1239,80,165,0,165,165,0,0,30,30,0,30,240,15,7858.080000000001,20825.0,-12966.92,5
4638,1239,95,155,0,155,145,0,10,30,30,0,30,235,5,2458.44,21250.0,-18791.559999999998,5
4639,1239,120,125,0,125,110,0,15,60,60,0,60,225,45,27591.480000000007,20825.0,6766.480000000006,5
4640,1239,105,140,0,140,105,15,20,85,85,0,85,205,45,25133.4,20825.0,4308.4000000000015,5
4641,1239,95,130,0,130,130,0,0,50,50,0,50,220,50,28579.500000000007,19125.0,9454.500000000007,5
4642,1239,90,135,0,135,125,0,10,50,50,0,50,210,35,18833.220000000005,19125.0,-291.77999999999656,5
4643,1239,135,140,0,140,135,0,5,20,20,0,20,265,15,7858.080000000001,23375.0,-15516.92,5
4644,1239,55,180,0,180,150,0,30,40,40,0,35,200,25,13850.820000000002,19975.0,-6124.1799999999985,5
4645,1239,60,150,0,150,125,5,20,55,55,0,50,180,60,39269.475000000006,17850.0,21419.475000000006,5
4646,1239,85,150,0,150,120,30,0,40,40,0,40,200,65,46545.66,19975.0,26570.660000000007,5
4647,1239,125,140,0,140,110,15,15,50,50,0,50,230,65,50177.82375000001,22525.0,27652.823750000007,5
4648,1239,95,140,0,140,135,0,5,50,50,0,50,225,30,18460.530000000002,19975.0,-1514.469999999999,5
4649,1239,115,130,0,130,105,5,20,60,60,0,60,215,60,35581.41,20825.0,14756.41,5
4650,1239,110,130,0,130,105,0,25,70,70,0,70,210,45,24123.780000000006,20400.0,3723.780000000006,5
4651,1239,105,145,0,145,145,0,0,35,35,0,35,245,15,7858.080000000001,21250.0,-13391.92,5
4652,1239,90,150,0,150,130,0,20,55,55,0,50,215,35,22247.010000000002,20400.0,1847.0100000000002,5
4653,1239,90,165,0,165,165,0,0,45,45,0,45,250,30,15277.68,21675.0,-6397.32,5
4654,1239,165,110,0,110,110,0,0,60,60,0,60,270,55,29852.64,23375.0,6477.640000000001,5
4655,1239,100,140,0,140,110,0,30,60,60,0,55,205,35,21390.750000000004,20400.0,990.7500000000027,5
4656,1239,85,140,0,140,140,0,0,50,50,0,50,220,50,29874.510000000006,19125.0,10749.510000000006,5
4657,1239,120,130,0,130,125,0,5,45,45,0,45,240,70,46688.67000000001,21250.0,25438.670000000013,5
4658,1239,100,140,0,140,135,0,5,45,45,0,45,230,30,17867.61,20400.0,-2532.389999999998,5
4659,1239,50,180,0,180,170,0,10,30,30,0,30,215,15,8802.18,19550.0,-10747.820000000002,5
4660,1239,40,175,0,175,155,15,5,35,35,0,35,190,40,25485.030000000002,18275.0,7210.030000000002,5
4661,1239,75,150,0,150,140,5,5,50,50,0,50,210,40,26835.030000000002,19125.0,7710.030000000002,5
4662,1239,60,160,0,160,140,10,10,40,40,0,40,195,40,29936.32875,18700.0,11236.328750000002,5
4663,1239,100,170,0,170,145,0,25,30,30,0,30,240,15,8955.900000000001,22950.0,-13994.099999999999,5
4664,1239,65,155,0,155,140,0,15,50,50,0,50,200,25,13609.260000000002,18700.0,-5090.739999999998,5
4665,1239,100,135,0,135,135,0,0,35,35,0,30,230,15,8560.62,19975.0,-11414.38,5
4666,1239,130,120,0,120,90,15,15,70,70,0,70,215,80,53098.425,21250.0,31848.425000000007,5
4667,1239,160,125,0,125,120,0,5,40,40,0,40,275,65,44954.77500000001,24225.0,20729.77500000001,5
4668,1239,115,155,0,155,150,0,5,45,45,0,45,260,25,15936.210000000001,22950.0,-7013.789999999999,5
4669,1239,80,150,0,150,135,0,15,45,45,0,45,210,55,32640.480000000003,19550.0,13090.480000000003,5
4670,1239,135,140,0,140,130,0,10,35,35,0,35,260,10,5355.720000000001,23375.0,-18019.28,5
4671,1239,110,140,0,140,130,0,10,55,55,0,55,235,50,34522.875,21250.0,13272.875000000004,5
4672,1239,85,130,0,130,125,5,0,50,50,0,50,205,50,34352.3925,18275.0,16077.392500000005,5
4673,1239,110,140,0,140,135,0,5,55,55,0,55,240,35,18745.74,21250.0,-2504.259999999997,5
4674,1239,95,165,0,165,165,0,0,20,20,0,20,255,25,15925.23,22100.0,-6174.77,5
4675,1239,155,130,0,130,115,0,15,45,45,0,45,265,55,36471.015000000014,24225.0,12246.01500000001,5
4676,1239,55,165,0,165,150,0,15,35,35,0,35,200,25,16308.900000000003,18700.0,-2391.0999999999967,5
4677,1239,120,155,0,155,145,0,10,25,25,0,25,260,20,12138.48,23375.0,-11236.52,5
4678,1239,95,160,0,160,120,25,15,35,35,0,35,210,30,17955.719999999998,21675.0,-3719.280000000001,5
4679,1239,120,135,0,135,90,20,25,60,60,0,60,205,55,39574.2375,21675.0,17899.237500000003,5
4680,1239,130,140,0,140,135,0,5,45,45,0,40,260,40,25330.950000000008,22950.0,2380.950000000007,5
4681,1239,85,160,0,160,140,0,20,45,45,0,45,220,50,29512.530000000002,20825.0,8687.530000000002,5
4682,1239,150,115,0,115,105,5,5,65,65,0,65,250,30,17867.61,22525.0,-4657.389999999998,5
4683,1239,120,125,0,125,110,0,15,50,50,0,45,225,60,40918.8375,20825.0,20093.837500000005,5
4684,1239,85,155,0,155,130,0,25,60,60,0,55,210,60,35735.76000000001,20400.0,15335.76000000001,5
4685,1239,80,150,0,150,150,0,0,45,45,0,45,225,85,61058.8996875,19550.0,41508.8996875,5
4686,1239,90,150,0,150,120,0,30,40,40,0,40,205,55,39116.25000000001,20400.0,18716.250000000007,5
4687,1239,90,165,0,165,145,0,20,30,30,0,30,230,25,13762.980000000003,21675.0,-7912.019999999998,5
4688,1239,35,180,0,180,155,0,25,30,30,0,30,185,20,11502.18,18275.0,-6772.82,5
4689,1239,105,150,0,150,150,0,0,40,40,0,40,250,35,23042.655,21675.0,1367.6549999999997,5
4690,1239,110,140,0,140,105,25,10,70,70,0,70,210,25,14246.100000000002,21250.0,-7003.899999999999,5
4691,1239,100,135,0,135,130,5,0,45,45,0,45,225,55,36372.465000000004,19975.0,16397.465000000007,5
4692,1239,70,170,0,170,140,0,30,40,40,0,35,205,30,18581.31,20400.0,-1818.6899999999991,5
4693,1239,105,145,0,145,125,0,20,65,65,0,65,225,20,9921.6,21250.0,-11328.4,5
4694,1239,125,140,0,140,140,0,0,40,40,0,40,260,30,16857.900000000005,22525.0,-5667.099999999996,5
4695,1239,60,160,0,160,145,0,15,45,45,0,40,200,45,33479.887500000004,18700.0,14779.887500000004,5
4696,1239,85,130,0,130,120,5,5,60,60,0,60,200,40,25023.060000000005,18275.0,6748.060000000005,5
4697,1239,125,130,0,130,130,0,0,40,40,0,40,250,30,18866.160000000003,21675.0,-2808.839999999998,5
4698,1239,120,130,0,130,125,0,5,60,60,0,60,240,50,33271.87500000001,21250.0,12021.87500000001,5
4699,1239,160,120,0,120,120,0,0,50,50,0,50,275,65,41637.667499999996,23800.0,17837.667499999996,5
4700,1239,95,150,0,150,135,5,10,65,65,0,65,225,50,30105.450000000004,20825.0,9280.450000000004,5
4701,1239,120,140,0,140,125,0,15,30,30,0,30,240,15,8889.660000000002,22100.0,-13210.339999999998,5
4702,1239,85,165,0,165,150,0,15,35,35,0,35,230,5,2765.520000000001,21250.0,-18484.48,5
4703,1239,70,165,0,165,155,0,10,20,20,0,20,220,20,11414.340000000002,19975.0,-8560.659999999998,5
4704,1239,105,140,0,140,140,0,0,35,35,0,35,240,70,53308.52015625001,20825.0,32483.520156250008,5
4705,1239,150,125,0,125,120,0,5,55,55,0,50,265,25,12599.640000000001,23375.0,-10775.359999999999,5
4706,1239,65,165,0,165,150,0,15,40,40,0,40,210,10,4609.4400000000005,19550.0,-14940.560000000001,5
4707,1239,140,110,0,110,105,0,5,55,55,0,55,240,75,53249.05125000001,21250.0,31999.05125000001,5
4708,1239,130,115,0,115,115,0,0,70,70,0,70,240,35,20534.670000000002,20825.0,-290.329999999999,5
4709,1239,140,135,0,135,130,0,5,35,35,0,35,265,40,23454.27,23375.0,79.27000000000135,5
4710,1239,105,140,0,140,135,0,5,55,55,0,50,235,50,28776.96,20825.0,7951.959999999999,5
4711,1239,75,175,0,175,135,5,35,50,50,0,50,205,35,20238.480000000003,21250.0,-1011.5199999999959,5
4712,1239,105,140,0,140,120,0,20,65,65,0,65,220,60,37623.51,20825.0,16798.510000000002,5
4713,1239,110,135,0,135,130,0,5,40,40,0,35,235,20,11348.100000000002,20825.0,-9476.899999999998,5
4714,1239,85,165,0,165,155,5,5,35,35,0,35,235,25,12555.720000000001,21250.0,-8694.279999999999,5
4715,1239,90,175,0,175,165,0,10,20,20,0,20,250,30,21890.295000000006,22525.0,-634.7049999999945,5
4716,1239,130,140,0,140,130,0,10,45,45,0,45,255,35,22115.25,22950.0,-834.7499999999991,5
4717,1239,95,145,0,145,140,0,5,60,60,0,60,230,65,47155.92749999999,20400.0,26755.92749999999,5
4718,1239,90,155,0,155,150,0,5,45,45,0,45,235,25,14092.380000000001,20825.0,-6732.619999999999,5
4719,1239,70,170,0,170,155,15,0,40,40,0,40,220,15,7551.0,20400.0,-12849.0,5
4720,1239,110,150,0,150,130,0,20,35,35,0,35,235,30,16572.78,22100.0,-5527.219999999999,5
4721,1239,110,145,0,145,140,0,5,20,20,0,20,245,15,9570.240000000002,21675.0,-12104.759999999997,5
4722,1239,110,125,0,125,120,0,5,65,65,0,65,225,65,42698.925,19975.0,22723.925,5
4723,1239,120,130,0,130,110,0,20,70,70,0,65,225,75,52030.06875,21250.0,30780.06875,5
4724,1239,110,135,0,135,120,0,15,55,55,0,55,225,50,31290.39,20825.0,10465.389999999998,5
4725,1239,80,140,0,140,135,0,5,50,50,0,50,210,50,29413.35000000001,18700.0,10713.35000000001,5
4726,1239,130,130,0,130,115,0,15,55,55,0,55,240,70,55428.246562500004,22100.0,33328.246562500004,5
4727,1239,80,145,0,145,120,0,25,55,55,0,55,195,50,29479.050000000007,19125.0,10354.050000000007,5
4728,1239,125,140,0,140,100,5,35,70,70,0,70,220,35,19513.800000000003,22525.0,-3011.199999999999,5
4729,1239,85,150,0,150,130,0,20,65,65,0,65,210,60,40016.115,19975.0,20041.114999999998,5
4730,1239,120,125,0,125,125,0,0,55,55,0,55,240,30,16506.9,20825.0,-4318.099999999999,5
4731,1239,110,160,0,160,140,0,20,40,40,0,40,245,60,40883.49000000001,22950.0,17933.490000000013,5
4732,1239,115,135,0,135,130,0,5,50,50,0,50,240,30,14970.240000000002,21250.0,-6279.759999999998,5
4733,1239,125,140,0,140,120,0,20,40,40,0,40,240,15,8890.02,22525.0,-13634.98,5
4734,1239,75,160,0,160,155,0,5,45,45,0,45,225,25,14816.52,19975.0,-5158.48,5
4735,1239,100,135,0,135,125,0,10,50,50,0,50,220,45,30242.36250000001,19975.0,10267.362500000008,5
4736,1239,65,180,0,180,150,5,25,40,40,0,35,210,20,11084.940000000002,20825.0,-9740.059999999998,5
4737,1239,70,170,0,170,150,10,10,55,55,0,55,215,30,18416.610000000004,20400.0,-1983.3899999999971,5
4738,1239,55,175,0,175,150,0,25,40,40,0,40,200,25,12643.560000000001,19550.0,-6906.439999999998,5
4739,1239,115,145,0,145,135,0,10,55,55,0,55,245,55,30555.36,22100.0,8455.36,5
4740,1239,95,140,0,140,135,5,0,50,50,0,50,225,55,37253.137500000004,19975.0,17278.137500000004,5
4741,1239,150,115,0,115,110,0,5,40,40,0,40,255,40,26384.490000000005,22525.0,3859.4900000000052,5
4742,1239,35,195,0,195,145,15,35,35,35,0,30,175,15,7770.6,19550.0,-11779.400000000001,5
4743,1239,95,150,0,150,145,0,5,25,25,0,25,235,55,39360.217500000006,20825.0,18535.217500000006,5
4744,1239,115,135,0,135,135,0,0,45,45,0,45,245,35,22334.850000000002,21250.0,1084.8500000000013,5
4745,1239,130,125,0,125,115,0,10,55,55,0,55,240,50,30511.170000000002,21675.0,8836.170000000002,5
4746,1239,90,160,0,160,110,25,25,50,50,0,45,195,45,26977.5,21250.0,5727.5,5
4747,1239,105,135,0,135,135,0,0,45,45,0,45,235,15,7199.64,20400.0,-13200.36,5
4748,1239,135,120,0,120,120,0,0,55,55,0,55,250,60,40794.97500000001,21675.0,19119.975000000013,5
4749,1239,135,130,0,130,130,0,0,45,45,0,45,260,40,24123.240000000005,22525.0,1598.2400000000052,5
4750,1239,105,135,0,135,130,0,5,55,55,0,55,230,45,24584.4,20400.0,4184.400000000001,5
4751,1239,105,130,0,130,130,0,0,55,55,0,55,230,80,60672.8109375,19975.0,40697.8109375,5
4752,1239,135,135,0,135,110,0,25,60,60,0,60,240,55,31938.3,22950.0,8988.3,5
4753,1239,120,135,0,135,135,0,0,60,60,0,55,250,30,16858.260000000002,21675.0,-4816.739999999998,5
4754,1239,65,165,0,165,155,0,10,35,35,0,35,215,30,16770.420000000002,19550.0,-2779.5799999999986,5
4755,1239,140,135,0,135,125,0,10,45,45,0,45,260,45,28579.770000000008,23375.0,5204.770000000008,5
4756,1239,135,130,0,130,125,0,5,70,70,0,70,255,50,27021.420000000002,22525.0,4496.420000000003,5
4757,1239,120,150,0,150,125,0,25,45,45,0,45,240,30,20880.675000000007,22950.0,-2069.3249999999944,5
4758,1239,75,165,0,165,140,25,0,40,40,0,40,210,35,21511.350000000002,20400.0,1111.3500000000022,5
4759,1239,95,150,0,150,135,0,15,40,40,0,40,225,35,19075.14,20825.0,-1749.8599999999988,5
4760,1239,85,150,0,150,140,5,5,55,55,0,55,220,55,39170.84625000002,19975.0,19195.846250000013,5
4761,1239,105,150,0,150,140,0,10,50,50,0,50,240,20,10623.960000000003,21675.0,-11051.039999999997,5
4762,1239,115,140,0,140,140,0,0,45,45,0,45,250,35,18965.34,21675.0,-2709.659999999999,5
4763,1239,60,170,0,170,150,0,20,45,45,0,45,205,40,24913.980000000003,19550.0,5363.980000000001,5
4764,1239,105,165,0,165,140,20,5,50,50,0,50,240,15,7551.000000000002,22950.0,-15398.999999999998,5
4765,1239,140,125,0,125,120,0,5,35,35,0,35,255,50,33523.965,22525.0,10998.964999999998,5
4766,1239,90,155,0,155,130,0,25,60,60,0,60,215,30,16638.66,20825.0,-4186.34,5
4767,1239,140,135,0,135,130,0,5,40,40,0,40,265,40,23421.6,23375.0,46.599999999998545,5
4768,1239,80,165,0,165,155,0,10,25,25,0,25,230,15,7375.3200000000015,20825.0,-13449.679999999998,5
4769,1239,105,140,0,140,120,0,20,65,65,0,60,220,15,8165.520000000001,20825.0,-12659.48,5
4770,1239,90,155,0,155,150,0,5,45,45,0,45,235,20,11370.420000000002,20825.0,-9454.579999999998,5
4771,1239,115,145,0,145,140,0,5,35,35,0,35,250,35,20480.04,22100.0,-1619.960000000001,5
4772,1239,95,150,0,150,145,0,5,40,40,0,40,235,70,53701.780781249996,20825.0,32876.780781249996,5
4773,1239,105,150,0,150,135,0,15,35,35,0,35,235,40,23509.440000000002,21675.0,1834.4400000000041,5
4774,1239,140,135,0,135,110,0,25,55,55,0,55,245,35,21324.870000000003,23375.0,-2050.129999999999,5
4775,1239,70,175,0,175,150,20,5,45,45,0,40,215,30,16353.18,20825.0,-4471.82,5
4776,1239,55,160,0,160,155,0,5,40,40,0,40,205,50,30664.890000000007,18275.0,12389.890000000005,5
4777,1239,95,145,0,145,135,0,10,55,55,0,55,225,50,32376.87,20400.0,11976.869999999999,5
4778,1239,125,140,0,140,130,0,10,45,45,0,45,250,70,55176.39281250001,22525.0,32651.39281250001,5
4779,1239,80,135,0,135,125,0,10,55,55,0,55,200,45,25023.600000000002,18275.0,6748.600000000001,5
4780,1239,125,130,0,130,115,0,15,80,80,0,80,235,75,45876.96000000001,21675.0,24201.960000000006,5
4781,1239,110,125,0,125,125,0,0,50,50,0,50,230,40,23552.460000000006,19975.0,3577.4600000000055,5
4782,1239,95,135,0,135,120,15,0,65,65,0,60,210,115,91223.1590625,19550.0,71673.1590625,5
4783,1239,155,130,0,130,110,0,20,55,55,0,55,260,45,29523.645,24225.0,5298.645000000001,5
4784,1239,95,145,0,145,130,10,5,45,45,0,45,220,35,19447.740000000005,20400.0,-952.2599999999966,5
4785,1239,100,160,0,160,135,0,25,35,35,0,35,230,40,24957.989999999998,22100.0,2857.99,5
4786,1239,85,145,0,145,100,25,20,70,70,0,70,180,55,33660.990000000005,19550.0,14110.990000000002,5
4787,1239,70,150,0,150,115,30,5,60,60,0,60,180,25,13477.500000000002,18700.0,-5222.499999999998,5
4788,1239,130,150,0,150,125,0,25,35,35,0,35,250,50,34078.2525,23800.0,10278.252500000002,5
4789,1239,120,140,0,140,140,0,0,40,40,0,40,255,25,14575.140000000003,22100.0,-7524.859999999997,5
4790,1239,135,120,0,120,100,0,20,65,65,0,65,230,65,46909.209375000006,21675.0,25234.20937500001,5
4791,1239,125,150,0,150,130,0,20,55,55,0,55,250,40,25846.830000000005,23375.0,2471.8300000000045,5
4792,1239,90,130,0,130,130,0,0,60,60,0,55,215,40,22916.52,18700.0,4216.52,5
4793,1239,130,140,0,140,115,0,25,55,55,0,55,240,20,13675.410000000002,22950.0,-9274.589999999998,5
4794,1239,130,135,0,135,130,0,5,55,55,0,55,255,30,15145.920000000002,22525.0,-7379.079999999999,5
4795,1239,70,160,0,160,120,15,25,45,45,0,45,185,60,41415.412500000006,19550.0,21865.412500000002,5
4796,1239,150,140,0,140,120,0,20,35,35,0,35,265,30,18361.710000000003,24650.0,-6288.289999999997,5
4797,1239,100,155,0,155,110,20,25,55,55,0,55,205,45,25309.08,21675.0,3634.0800000000036,5
4798,1239,95,150,0,150,130,0,20,45,45,0,40,220,20,11874.960000000001,20825.0,-8950.039999999999,5
4799,1239,125,130,0,130,115,0,15,50,50,0,50,235,35,22037.94,21675.0,362.9399999999987,5
4800,1239,90,140,0,140,125,0,15,50,50,0,50,210,40,28547.032500000005,19550.0,8997.032500000005,5
4801,1239,90,150,0,150,150,0,0,40,40,0,40,235,30,17955.450000000004,20400.0,-2444.549999999997,5
4802,1239,85,145,0,145,140,0,5,55,55,0,55,220,45,30950.21250000001,19550.0,11400.212500000007,5
4803,1239,120,135,0,135,130,0,5,45,45,0,40,245,55,37294.065,21675.0,15619.065000000006,5
4804,1239,160,105,0,105,105,0,0,65,65,0,60,260,55,30829.589999999997,22525.0,8304.589999999998,5
4805,1239,100,135,0,135,125,0,10,45,45,0,45,220,40,25396.559999999998,19975.0,5421.5599999999995,5
4806,1239,160,120,0,120,110,0,10,50,50,0,50,265,75,53274.24000000002,23800.0,29474.24000000002,5
4807,1239,60,180,0,180,155,0,25,40,40,0,40,210,35,21950.820000000003,20400.0,1550.8200000000033,5
4808,1239,110,140,0,140,140,0,0,35,35,0,35,245,35,19711.440000000002,21250.0,-1538.5599999999977,5
4809,1239,100,130,0,130,100,10,20,80,80,0,80,195,140,101044.35562500004,19550.0,81494.35562500004,5
4810,1239,80,170,0,170,150,0,20,30,30,0,30,225,30,21023.415,21250.0,-226.58500000000004,5
4811,1239,75,160,0,160,140,0,20,50,50,0,50,210,25,12555.720000000001,19975.0,-7419.279999999999,5
4812,1239,100,150,0,150,135,0,15,55,55,0,55,230,50,31532.04,21250.0,10282.04,5
4813,1239,50,170,0,170,170,0,0,30,30,0,30,215,20,11589.660000000003,18700.0,-7110.3399999999965,5
4814,1239,120,125,0,125,105,0,20,60,60,0,60,220,55,36997.69500000001,20825.0,16172.695000000003,5
4815,1239,75,160,0,160,125,10,25,45,45,0,45,195,25,13213.800000000001,19975.0,-6761.199999999999,5
4816,1239,105,135,0,135,130,0,5,45,45,0,45,230,60,38951.46000000001,20400.0,18551.460000000006,5
4817,1239,100,135,0,135,135,0,0,50,50,0,50,230,45,30050.460000000003,19975.0,10075.460000000003,5
4818,1239,60,150,0,150,110,20,20,35,35,0,35,165,80,70341.71646972655,17850.0,52491.71646972656,5
4819,1239,100,145,0,145,135,0,10,55,55,0,50,230,50,29106.540000000005,20825.0,8281.540000000005,5
4820,1239,135,140,0,140,135,0,5,45,45,0,45,265,10,4829.040000000001,23375.0,-18545.96,5
4821,1239,110,120,0,120,110,0,10,55,55,0,55,215,55,36942.795,19550.0,17392.795000000002,5
4822,1239,65,165,0,165,150,0,15,50,50,0,50,210,40,23552.64,19550.0,4002.6400000000012,5
4823,1239,75,150,0,150,140,0,10,50,50,0,50,210,50,32799.195,19125.0,13674.195,5
4824,1239,120,145,0,145,145,0,0,45,45,0,45,260,30,17297.100000000002,22525.0,-5227.899999999998,5
4825,1239,60,165,0,165,110,30,25,55,55,0,50,165,60,36942.52500000001,19125.0,17817.525000000005,5
4826,1239,120,120,0,120,95,0,25,85,85,0,85,210,75,43835.49,20400.0,23435.489999999998,5
4827,1239,110,140,0,140,140,0,0,45,45,0,45,245,45,31476.98250000001,21250.0,10226.98250000001,5
4828,1239,85,160,0,160,140,0,20,45,45,0,45,220,15,8714.34,20825.0,-12110.66,5
4829,1239,110,130,0,130,105,0,25,55,55,0,55,210,45,25945.380000000005,20400.0,5545.380000000005,5
4830,1239,75,140,0,140,115,10,15,60,60,0,60,185,75,51435.54000000001,18275.0,33160.54000000001,5
4831,1239,110,160,0,160,120,0,40,50,50,0,50,225,35,21577.500000000004,22950.0,-1372.4999999999955,5
4832,1239,80,145,0,145,130,5,10,55,55,0,50,205,50,37230.85125,19125.0,18105.85125,5
4833,1239,85,125,0,125,120,0,5,60,60,0,60,200,105,74694.96562500001,17850.0,56844.965625000004,5
4834,1239,65,155,0,155,140,0,15,35,35,0,35,200,20,11260.62,18700.0,-7439.379999999999,5
4835,1239,120,145,0,145,120,0,25,50,50,0,50,235,50,29666.250000000004,22525.0,7141.250000000005,5
4836,1239,165,125,0,125,125,0,0,50,50,0,50,285,30,15058.08,24650.0,-9591.92,5
4837,1239,70,160,0,160,155,0,5,35,35,0,35,220,30,20139.525,19550.0,589.525000000001,5
4838,1239,100,135,0,135,120,15,0,35,35,0,35,215,30,16901.100000000002,19975.0,-3073.8999999999965,5
4839,1239,85,145,0,145,95,20,30,60,60,0,60,175,105,73553.49000000003,19550.0,54003.49000000003,5
4840,1239,130,135,0,135,135,0,0,40,40,0,40,260,35,21511.260000000002,22525.0,-1013.739999999998,5
4841,1239,90,150,0,150,125,0,25,40,40,0,35,210,30,14882.04,20400.0,-5517.959999999998,5
4842,1239,135,150,0,150,145,0,5,40,40,0,40,275,25,15881.310000000001,24225.0,-8343.689999999999,5
4843,1239,80,160,0,160,155,0,5,35,35,0,35,230,35,20743.29,20400.0,343.2900000000018,5
4844,1239,100,150,0,150,130,0,20,40,40,0,40,225,30,18679.860000000004,21250.0,-2570.1399999999967,5
4845,1239,135,130,0,130,105,0,25,55,55,0,55,235,40,21511.260000000002,22525.0,-1013.739999999998,5
4846,1239,120,140,0,140,140,0,0,30,30,0,30,255,50,33683.085,22100.0,11583.085000000001,5
4847,1239,120,145,0,145,125,0,20,50,50,0,50,240,45,26845.380000000005,22525.0,4320.380000000005,5
4848,1239,210,115,0,115,110,0,5,40,40,0,40,315,15,8494.74,27625.0,-19130.26,5
4849,1239,110,135,0,135,135,0,0,35,35,0,30,240,30,17209.08,20825.0,-3615.9199999999987,5
4850,1239,130,135,0,135,130,0,5,30,30,0,30,255,25,13499.46,22525.0,-9025.54,5
4851,1239,100,130,0,130,125,0,5,55,55,0,55,220,45,27196.47,19550.0,7646.469999999999,5
4852,1239,90,150,0,150,120,0,30,45,45,0,45,205,30,17966.43,20400.0,-2433.5699999999997,5
4853,1239,125,140,0,140,135,0,5,40,40,0,40,255,50,32135.94000000001,22525.0,9610.94000000001,5
4854,1239,135,125,0,125,125,0,0,45,45,0,45,255,50,31982.085000000006,22100.0,9882.085000000006,5
4855,1239,85,160,0,160,115,35,10,65,65,0,65,195,40,27976.07250000001,20825.0,7151.072500000009,5
4856,1239,90,150,0,150,135,0,15,45,45,0,45,220,40,24409.26,20400.0,4009.2599999999993,5
4857,1239,85,170,0,170,150,0,20,40,40,0,40,230,25,14136.300000000001,21675.0,-7538.699999999999,5
4858,1239,95,150,0,150,150,0,0,40,40,0,40,240,50,33112.62000000001,20825.0,12287.620000000006,5
4859,1239,65,175,0,175,140,0,35,45,45,0,45,200,15,7419.240000000001,20400.0,-12980.76,5
4860,1239,90,150,0,150,135,0,15,45,45,0,40,220,10,5311.800000000001,20400.0,-15088.199999999999,5
4861,1239,90,155,0,155,145,0,10,45,45,0,45,230,45,25583.31,20825.0,4758.310000000001,5
4862,1239,85,150,0,150,130,0,20,50,50,0,50,210,80,55853.43750000001,19975.0,35878.43750000001,5
4863,1239,90,140,0,140,140,0,0,60,60,0,60,225,25,13543.38,19550.0,-6006.620000000001,5
4864,1239,85,145,0,145,130,0,15,55,55,0,50,210,45,29270.609999999997,19550.0,9720.609999999997,5
4865,1239,85,165,0,165,165,0,0,30,30,0,30,245,25,15014.160000000002,21250.0,-6235.839999999998,5
4866,1239,145,130,0,130,125,0,5,55,55,0,55,265,55,36663.165,23375.0,13288.165000000005,5
4867,1239,110,135,0,135,130,0,5,55,55,0,50,235,45,26801.370000000006,20825.0,5976.370000000006,5
4868,1239,165,110,0,110,110,0,0,55,55,0,55,270,30,15365.16,23375.0,-8009.839999999999,5
4869,1239,90,145,0,145,125,10,10,60,60,0,55,210,45,27504.27,19975.0,7529.270000000001,5
4870,1239,140,125,0,125,110,0,15,55,55,0,50,245,55,39853.89000000001,22525.0,17328.890000000007,5
4871,1239,155,115,0,115,95,0,20,50,50,0,45,245,35,19732.500000000007,22950.0,-3217.499999999993,5
4872,1239,50,175,0,175,130,20,25,40,40,0,40,175,40,26933.220000000005,19125.0,7808.220000000006,5
4873,1239,85,155,0,155,140,10,5,50,50,0,50,220,30,14750.640000000001,20400.0,-5649.359999999999,5
4874,1239,65,165,0,165,155,0,10,40,40,0,40,215,30,18592.020000000004,19550.0,-957.9799999999977,5
4875,1239,125,135,0,135,130,0,5,55,55,0,50,250,60,38249.37,22100.0,16149.370000000003,5
4876,1239,155,130,0,130,130,0,0,50,50,0,50,280,45,29578.68,24225.0,5353.679999999999,5
4877,1239,80,135,0,135,130,0,5,50,50,0,50,205,70,51581.35125,18275.0,33306.35125,5
4878,1239,150,130,0,130,130,0,0,25,25,0,25,275,20,11260.62,23800.0,-12539.38,5
4879,1239,150,130,0,130,125,0,5,40,40,0,40,270,35,19097.1,23800.0,-4702.9,5
4880,1239,135,135,0,135,110,0,25,55,55,0,50,240,50,29413.350000000006,22950.0,6463.350000000005,5
4881,1239,95,160,0,160,150,0,10,40,40,0,40,240,40,27010.440000000002,21675.0,5335.440000000003,5
4882,1239,65,150,0,150,130,5,15,50,50,0,50,190,25,13741.02,18275.0,-4533.98,5
4883,1239,55,175,0,175,155,10,10,35,35,0,35,205,20,11655.900000000001,19550.0,-7894.0999999999985,5
4884,1239,105,165,0,165,130,0,35,45,45,0,45,230,35,18306.360000000004,22950.0,-4643.639999999996,5
4885,1239,65,165,0,165,135,20,10,55,55,0,55,195,40,21182.22,19550.0,1632.220000000002,5
4886,1239,55,170,0,170,150,0,20,50,50,0,45,200,30,19711.710000000003,19125.0,586.7100000000028,5
4887,1239,105,140,0,140,140,0,0,55,55,0,55,240,30,16353.180000000002,20825.0,-4471.819999999998,5
4888,1239,105,140,0,140,135,0,5,40,40,0,40,235,25,13784.940000000002,20825.0,-7040.059999999999,5
4889,1239,160,115,0,115,90,0,25,55,55,0,55,245,75,44757.27,23375.0,21382.269999999997,5
4890,1239,135,130,0,130,125,0,5,70,70,0,70,255,60,32969.880000000005,22525.0,10444.880000000003,5
4891,1239,145,105,0,105,100,0,5,70,70,0,70,240,95,66362.69250000002,21250.0,45112.69250000002,5
4892,1239,145,125,0,125,125,0,0,60,60,0,60,265,50,34912.7325,22950.0,11962.732500000002,5
4893,1239,85,145,0,145,140,0,5,50,50,0,50,220,45,28019.790000000008,19550.0,8469.790000000008,5
4894,1239,140,135,0,135,135,0,0,30,30,0,30,270,15,7814.52,23375.0,-15560.48,5
4895,1239,145,150,0,150,145,0,5,25,25,0,25,285,15,8890.02,25075.0,-16184.98,5
4896,1239,115,135,0,135,135,0,0,55,55,0,55,245,25,12555.720000000001,21250.0,-8694.279999999999,5
4897,1239,65,185,0,185,130,15,40,45,45,0,45,190,35,21050.730000000003,21250.0,-199.2699999999968,5
4898,1239,150,140,0,140,135,0,5,35,35,0,35,280,65,48181.91625000001,24650.0,23531.916250000013,5
4899,1239,135,115,0,115,100,0,15,70,70,0,70,230,70,45865.91250000001,21250.0,24615.912500000013,5
4900,1239,95,150,0,150,135,0,15,60,60,0,60,225,45,26516.34,20825.0,5691.34,5
4901,1239,105,135,0,135,110,10,15,50,50,0,50,210,75,48247.155,20400.0,27847.155000000002,5
4902,1239,85,155,0,155,140,0,15,45,45,0,45,220,15,9702.000000000002,20400.0,-10697.999999999996,5
4903,1239,100,135,0,135,120,0,15,70,70,0,70,215,100,77907.21539062502,19975.0,57932.21539062502,5
4904,1239,85,155,0,155,135,20,0,60,60,0,60,215,40,21445.740000000005,20400.0,1045.7400000000052,5
4905,1239,85,160,0,160,160,0,0,20,20,0,20,240,5,2546.28,20825.0,-18278.72,5
4906,1239,100,135,0,135,135,0,0,55,55,0,55,230,50,30280.770000000008,19975.0,10305.770000000008,5
4907,1239,65,160,0,160,115,20,25,55,55,0,55,175,45,28787.850000000002,19125.0,9662.850000000002,5
4908,1239,110,155,0,155,140,0,15,45,45,0,45,245,15,7375.320000000001,22525.0,-15149.679999999998,5
4909,1239,85,160,0,160,135,0,25,45,45,0,45,215,30,15672.600000000002,20825.0,-5152.399999999998,5
4910,1239,105,140,0,140,135,0,5,60,60,0,60,235,40,22148.100000000006,20825.0,1323.100000000004,5
4911,1239,90,140,0,140,65,50,25,80,80,0,80,150,60,33298.920000000006,19550.0,13748.920000000007,5
4912,1239,60,185,0,185,130,45,10,55,55,0,55,185,25,12467.880000000001,20825.0,-8357.119999999999,5
4913,1239,40,175,0,175,155,0,20,35,35,0,35,190,40,25780.679999999997,18275.0,7505.679999999998,5
4914,1239,120,130,0,130,125,0,5,45,45,0,45,240,30,16594.38,21250.0,-4655.619999999999,5
4915,1239,85,160,0,160,140,0,20,40,40,0,40,220,20,10097.28,20825.0,-10727.72,5
4916,1239,85,125,0,125,110,0,15,60,60,0,60,190,25,15650.460000000001,17850.0,-2199.5399999999995,5
4917,1239,125,150,0,150,140,0,10,45,45,0,45,260,70,52303.11750000001,23375.0,28928.117500000008,5
4918,1239,120,150,0,150,100,20,30,50,50,0,50,215,30,18745.74,22950.0,-4204.259999999997,5
4919,1239,55,175,0,175,155,0,20,45,45,0,40,205,10,5092.56,19550.0,-14457.439999999999,5
4920,1239,115,120,0,120,120,0,0,65,65,0,65,230,65,40432.365000000005,19975.0,20457.365000000005,5
4921,1239,45,185,0,185,170,0,15,30,30,0,30,210,30,18109.44,19550.0,-1440.5600000000004,5
4922,1239,105,140,0,140,135,0,5,45,45,0,45,235,55,37247.64750000001,20825.0,16422.647500000003,5
4923,1239,70,155,0,155,155,0,0,45,45,0,45,220,55,34670.61000000001,19125.0,15545.610000000011,5
4924,1239,155,130,0,130,130,0,0,50,50,0,50,280,25,12643.560000000001,24225.0,-11581.439999999999,5
4925,1239,120,140,0,140,135,0,5,45,45,0,45,250,45,28991.115000000005,22100.0,6891.115000000004,5
4926,1239,100,145,0,145,105,0,40,45,45,0,45,200,20,11062.800000000003,20825.0,-9762.199999999997,5
4927,1239,115,140,0,140,100,10,30,80,80,0,75,210,75,46250.01,21675.0,24575.010000000002,5
4928,1239,75,150,0,150,145,0,5,35,35,0,35,215,25,15584.580000000002,19125.0,-3540.419999999999,5
4929,1239,60,185,0,185,145,5,35,40,40,0,40,200,35,20436.120000000003,20825.0,-388.8799999999992,5
4930,1239,120,125,0,125,105,0,20,60,60,0,55,220,70,44866.935000000005,20825.0,24041.935000000005,5
4931,1239,70,155,0,155,150,0,5,40,40,0,40,215,35,21675.87,19125.0,2550.87,5
4932,1239,90,140,0,140,125,0,15,55,55,0,55,210,20,9965.52,19550.0,-9584.48,5
4933,1239,75,160,0,160,150,0,10,45,45,0,45,220,10,5311.800000000001,19975.0,-14663.199999999999,5
4934,1239,75,155,0,155,135,0,20,40,40,0,40,205,40,22740.660000000003,19550.0,3190.6600000000026,5
4935,1239,90,160,0,160,145,0,15,35,35,0,35,230,15,10492.290000000003,21250.0,-10757.709999999997,5
4936,1239,65,165,0,165,120,0,45,50,50,0,50,180,65,43893.337500000016,19550.0,24343.337500000016,5
4937,1239,85,155,0,155,150,0,5,40,40,0,40,230,20,10229.040000000003,20400.0,-10170.959999999997,5
4938,1239,115,135,0,135,130,0,5,45,45,0,45,240,40,22653.0,21250.0,1403.0000000000018,5
4939,1239,145,140,0,140,125,0,15,55,55,0,55,265,35,19382.58,24225.0,-4842.42,5
4940,1239,120,145,0,145,125,0,20,35,35,0,35,240,40,31252.19625,22525.0,8727.19625,5
4941,1239,100,150,0,150,140,0,10,40,40,0,35,235,35,21313.710000000006,21250.0,63.71000000000549,5
4942,1239,80,160,0,160,140,15,5,50,50,0,50,215,15,7419.240000000001,20400.0,-12980.76,5
4943,1239,75,165,0,165,155,0,10,25,25,0,25,225,20,11326.5,20400.0,-9073.5,5
4944,1239,85,160,0,160,140,5,15,45,45,0,45,220,60,36504.090000000004,20825.0,15679.09,5
4945,1239,115,150,0,150,120,5,25,50,50,0,50,230,25,12423.960000000003,22525.0,-10101.039999999997,5
4946,1239,130,140,0,140,135,0,5,35,35,0,35,260,45,30025.5075,22950.0,7075.507499999999,5
4947,1239,145,140,0,140,135,0,5,25,25,0,25,275,5,2282.76,24225.0,-21942.24,5
4948,1239,75,135,0,135,135,0,0,45,45,0,45,205,55,34769.25000000001,17850.0,16919.250000000007,5
4949,1239,110,130,0,130,120,0,10,40,40,0,35,225,75,55003.325625000005,20400.0,34603.325625000005,5
4950,1239,140,110,0,110,110,0,0,75,75,0,75,245,25,15562.890000000003,21250.0,-5687.109999999998,5
4951,1239,70,165,0,165,165,0,0,30,30,0,30,230,25,18224.595,19975.0,-1750.4049999999984,5
4952,1239,125,145,0,145,145,0,0,30,30,0,30,265,20,10229.04,22950.0,-12720.96,5
4953,1239,80,125,0,125,125,0,0,50,50,0,50,200,90,70089.26484375002,17425.0,52664.26484375002,5
4954,1239,75,160,0,160,145,0,15,40,40,0,40,215,30,15584.760000000004,19975.0,-4390.239999999996,5
4955,1239,100,145,0,145,140,0,5,45,45,0,45,235,15,8275.140000000001,20825.0,-12549.859999999999,5
4956,1239,70,185,0,185,160,0,25,20,20,0,20,225,25,15573.869999999999,21675.0,-6101.130000000001,5
4957,1239,110,150,0,150,150,0,0,45,45,0,45,255,35,20128.68,22100.0,-1971.3199999999983,5
4958,1239,100,140,0,140,140,0,0,55,55,0,55,235,55,33408.72,20400.0,13008.720000000003,5
4959,1239,95,165,0,165,155,0,10,30,30,0,30,245,35,21643.38,22100.0,-456.6199999999981,5
4960,1239,125,135,0,135,130,0,5,35,35,0,35,250,45,28107.540000000005,22100.0,6007.540000000004,5
4961,1239,65,170,0,170,135,5,30,50,50,0,50,195,50,34407.585000000014,19975.0,14432.585000000014,5
4962,1239,85,140,0,140,105,5,30,60,60,0,60,185,35,20611.08,19125.0,1486.0800000000017,5
4963,1239,80,165,0,165,120,15,30,65,65,0,60,195,70,48840.2775,20825.0,28015.277499999993,5
4964,1239,80,135,0,135,115,0,20,65,65,0,65,190,55,35532.495,18275.0,17257.495000000003,5
4965,1239,60,155,0,155,125,0,30,60,60,0,55,180,65,45225.528750000005,18275.0,26950.528750000005,5
4966,1239,95,135,0,135,135,0,0,55,55,0,50,225,85,60013.192500000005,19550.0,40463.192500000005,5
4967,1239,115,150,0,150,115,5,30,40,40,0,40,225,30,18207.989999999998,22525.0,-4317.01,5
4968,1239,70,160,0,160,160,0,0,40,40,0,40,225,60,45627.5025,19550.0,26077.502500000002,5
4969,1239,75,145,0,145,145,0,0,60,60,0,60,215,35,19821.24,18700.0,1121.2400000000002,5
4970,1239,110,130,0,130,115,0,15,55,55,0,55,220,20,11567.7,20400.0,-8832.3,5
4971,1239,145,135,0,135,135,0,0,35,35,0,35,275,15,7419.240000000001,23800.0,-16380.76,5
4972,1239,60,170,0,170,140,20,10,40,40,0,40,195,40,24145.200000000004,19550.0,4595.200000000004,5
4973,1239,80,145,0,145,140,5,0,65,65,0,65,215,55,32003.550000000003,19125.0,12878.550000000005,5
4974,1239,85,155,0,155,150,0,5,30,30,0,25,230,30,22685.805,20400.0,2285.8050000000003,5
4975,1239,75,150,0,150,135,0,15,50,50,0,50,205,20,11655.900000000001,19125.0,-7469.0999999999985,5
4976,1239,120,125,0,125,100,5,20,70,70,0,70,215,50,34350.0075,20825.0,13525.007500000002,5
4977,1239,80,165,0,165,135,0,30,45,45,0,45,210,20,11414.340000000002,20825.0,-9410.659999999998,5
4978,1239,60,165,0,165,110,40,15,55,55,0,55,165,50,29303.640000000007,19125.0,10178.640000000005,5
4979,1239,145,155,0,155,120,15,20,40,40,0,40,260,30,17867.88,25500.0,-7632.119999999997,5
4980,1239,90,150,0,150,140,5,5,60,60,0,60,225,60,36811.26000000001,20400.0,16411.260000000006,5
4981,1239,105,130,0,130,130,0,0,40,40,0,40,230,35,19996.920000000006,19975.0,21.92000000000462,5
4982,1239,155,140,0,140,135,0,5,35,35,0,30,285,60,41838.41250000001,25075.0,16763.412500000013,5
4983,1239,95,130,0,130,125,5,0,50,50,0,50,215,100,81521.64439453126,19125.0,62396.64439453126,5
4984,1239,90,130,0,130,110,15,5,65,65,0,65,195,85,56456.549999999996,18700.0,37756.549999999996,5
4985,1239,75,160,0,160,155,0,5,50,50,0,50,225,30,16287.300000000003,19975.0,-3687.6999999999975,5
4986,1239,80,155,0,155,130,0,25,45,45,0,45,205,30,19162.890000000003,19975.0,-812.1099999999979,5
4987,1239,60,160,0,160,145,0,15,40,40,0,35,200,25,15453.090000000002,18700.0,-3246.909999999998,5
4988,1239,55,170,0,170,155,0,15,35,35,0,35,205,20,11458.26,19125.0,-7666.74,5
4989,1239,65,155,0,155,125,20,10,50,50,0,50,185,35,23388.39,18700.0,4688.389999999999,5
4990,1239,115,160,0,160,155,0,5,20,20,0,15,265,15,9065.699999999999,23375.0,-14309.300000000001,5
4991,1239,105,135,0,135,105,15,15,60,60,0,55,205,30,17186.760000000002,20400.0,-3213.239999999996,5
4992,1239,110,135,0,135,125,0,10,60,60,0,55,230,45,25769.97,20825.0,4944.970000000003,5
4993,1239,135,140,0,140,135,0,5,45,45,0,45,265,30,17670.24,23375.0,-5704.759999999998,5
4994,1239,145,135,0,135,130,0,5,45,45,0,45,270,20,10185.120000000003,23800.0,-13614.879999999997,5
4995,1239,115,155,0,155,155,0,0,35,35,0,35,265,25,17352.090000000004,22950.0,-5597.909999999997,5
4996,1239,65,175,0,175,135,10,30,50,50,0,50,195,40,24650.550000000003,20400.0,4250.550000000003,5
4997,1239,155,125,0,125,125,0,0,30,30,0,30,275,0,0.0,23800.0,-23800.0,5
4998,1239,135,125,0,125,110,0,15,55,55,0,50,240,50,31421.97,22100.0,9321.970000000001,5
4999,1239,130,145,0,145,145,0,0,35,35,0,35,270,15,7594.920000000001,23375.0,-15780.079999999998,5
5000,1239,120,135,0,135,125,0,10,50,50,0,50,240,25,12511.800000000003,21675.0,-9163.199999999997,5
5001,1239,115,150,0,150,140,0,10,35,35,0,35,250,35,22872.465000000004,22525.0,347.46500000000196,5
5002,1239,130,140,0,140,135,0,5,20,20,0,20,260,5,2414.5200000000004,22950.0,-20535.479999999996,5
5003,1239,145,140,0,140,115,0,25,35,35,0,35,255,15,7726.680000000001,24225.0,-16498.32,5
5004,1239,145,115,0,115,110,0,5,60,60,0,60,250,35,16945.56,22100.0,-5154.439999999997,5
5005,1239,90,145,0,145,140,0,5,40,40,0,40,225,55,35867.159999999996,19975.0,15892.16,5
5006,1239,70,170,0,170,150,5,15,45,45,0,45,215,30,16462.800000000003,20400.0,-3937.199999999998,5
5007,1239,105,160,0,160,145,0,15,25,25,0,25,245,20,11084.940000000002,22525.0,-11440.059999999998,5
5008,1239,135,140,0,140,125,0,15,40,40,0,40,255,25,12687.48,23375.0,-10687.52,5
5009,1239,80,160,0,160,160,0,0,35,35,0,35,235,35,24310.44,20400.0,3910.4399999999987,5
5010,1239,95,145,0,145,145,0,0,50,50,0,50,235,60,39665.115000000005,20400.0,19265.115000000005,5
5011,1239,140,125,0,125,120,0,5,50,50,0,50,255,45,28272.33,22525.0,5747.330000000002,5
5012,1239,95,160,0,160,140,0,20,50,50,0,45,230,25,12643.560000000001,21675.0,-9031.439999999999,5
5013,1239,130,130,0,130,120,0,10,70,70,0,70,245,60,39407.085,22100.0,17307.085000000003,5
5014,1239,120,120,0,120,120,0,0,65,65,0,65,235,60,37134.675,20400.0,16734.675000000007,5
5015,1239,120,140,0,140,135,0,5,35,35,0,35,250,20,10997.100000000002,22100.0,-11102.899999999998,5
5016,1239,120,140,0,140,140,0,0,40,40,0,40,255,75,60302.79000000001,22100.0,38202.79000000001,5
5017,1239,80,160,0,160,155,0,5,35,35,0,35,230,25,14113.44,20400.0,-6286.5599999999995,5
5018,1239,55,170,0,170,150,5,15,35,35,0,35,200,35,18306.54,19125.0,-818.4599999999978,5
5019,1239,50,175,0,175,125,25,25,30,30,0,30,170,55,40715.3475,19125.0,21590.347500000007,5
5020,1239,95,145,0,145,145,0,0,35,35,0,35,235,65,48982.826250000006,20400.0,28582.826250000006,5
5021,1239,125,155,0,155,135,0,20,35,35,0,35,255,25,15826.41,23800.0,-7973.589999999999,5
5022,1239,165,130,0,130,115,0,15,45,45,0,45,275,25,14070.420000000002,25075.0,-11004.579999999998,5
5023,1239,80,155,0,155,140,0,15,50,50,0,50,215,20,10053.000000000002,19975.0,-9921.999999999998,5
5024,1239,85,155,0,155,145,0,10,40,40,0,40,225,15,7638.480000000001,20400.0,-12761.519999999999,5
5025,1239,95,150,0,150,150,0,0,40,40,0,40,240,30,18043.56,20825.0,-2781.44,5
5026,1239,100,140,0,140,110,0,30,55,55,0,55,205,70,50280.8625,20400.0,29880.862500000003,5
5027,1239,90,150,0,150,145,0,5,60,60,0,60,230,80,52901.19,20400.0,32501.190000000006,5
5028,1239,95,130,0,130,125,0,5,50,50,0,50,215,35,17647.920000000002,19125.0,-1477.0799999999986,5
5029,1239,90,165,0,165,105,25,35,55,55,0,55,190,40,23838.57,21675.0,2163.5699999999997,5
5030,1239,65,130,0,130,115,10,5,55,55,0,55,175,60,40361.6025,16575.0,23786.602500000005,5
5031,1239,85,175,0,175,150,0,25,30,30,0,30,230,10,5224.32,22100.0,-16875.68,5
5032,1239,85,155,0,155,130,0,25,55,55,0,55,210,55,34665.255000000005,20400.0,14265.255000000001,5
5033,1239,145,120,0,120,115,0,5,55,55,0,55,255,60,40220.268749999996,22525.0,17695.268749999996,5
5034,1239,50,175,0,175,130,25,20,40,40,0,40,175,55,37371.1725,19125.0,18246.1725,5
5035,1239,110,150,0,150,115,10,25,55,55,0,55,220,35,23443.425000000003,22100.0,1343.425000000002,5
5036,1239,120,130,0,130,125,0,5,50,50,0,45,240,30,19579.95,21250.0,-1670.0499999999988,5
5037,1239,70,160,0,160,110,20,30,60,60,0,55,175,60,38951.28000000001,19550.0,19401.280000000013,5
5038,1239,90,170,0,170,170,0,0,20,20,0,20,255,20,11633.94,22100.0,-10466.06,5
5039,1239,105,155,0,155,130,0,25,25,25,0,25,230,45,31016.115000000005,22100.0,8916.115000000005,5
5040,1239,85,160,0,160,130,5,25,65,65,0,65,210,70,39686.58,20825.0,18861.579999999998,5
5041,1239,110,170,0,170,160,0,10,25,25,0,25,265,0,0.0,23800.0,-23800.0,5
5042,1239,50,170,0,170,140,10,20,40,40,0,40,185,45,28744.47,18700.0,10044.470000000001,5
5043,1239,135,135,0,135,130,0,5,65,65,0,65,260,90,61459.301250000004,22950.0,38509.301250000004,5
5044,1239,65,155,0,155,145,0,10,55,55,0,55,205,45,28903.275,18700.0,10203.275000000003,5
5045,1239,140,115,0,115,115,0,0,50,50,0,50,250,55,34011.72000000001,21675.0,12336.720000000008,5
5046,1239,120,150,0,150,135,0,15,30,30,0,30,250,40,27180.494999999995,22950.0,4230.494999999996,5
5047,1239,95,145,0,145,135,0,10,30,30,0,30,225,65,45440.43750000001,20400.0,25040.437500000007,5
5048,1239,80,170,0,170,170,0,0,40,40,0,40,245,25,12336.12,21250.0,-8913.88,5
5049,1239,115,140,0,140,140,0,0,40,40,0,40,250,30,15540.84,21675.0,-6134.16,5
5050,1239,80,150,0,150,135,15,0,45,45,0,45,210,35,20611.440000000002,19550.0,1061.4400000000023,5
5051,1239,100,160,0,160,155,0,5,30,30,0,30,250,10,6343.74,22100.0,-15756.26,5
5052,1239,95,165,0,165,165,0,0,25,25,0,25,255,20,13258.170000000002,22100.0,-8841.829999999998,5
5053,1239,70,165,0,165,95,45,25,60,60,0,60,160,60,34890.03,19975.0,14915.030000000002,5
5054,1239,90,145,0,145,120,0,25,45,45,0,40,205,40,24134.670000000002,19975.0,4159.670000000001,5
5055,1239,100,150,0,150,140,0,10,50,50,0,50,235,55,35911.44000000001,21250.0,14661.440000000006,5
5056,1239,130,140,0,140,120,0,20,45,45,0,45,245,20,10184.760000000002,22950.0,-12765.239999999998,5
5057,1239,100,130,0,130,130,0,0,65,65,0,65,225,40,25715.205000000005,19550.0,6165.205000000005,5
5058,1239,85,155,0,155,145,0,10,25,25,0,20,225,35,24760.260000000002,20400.0,4360.260000000003,5
5059,1239,160,120,0,120,100,0,20,45,45,0,45,255,60,42375.51,23800.0,18575.510000000002,5
5060,1239,70,155,0,155,130,15,10,45,45,0,40,195,55,37946.902500000004,19125.0,18821.902500000004,5
5061,1239,80,150,0,150,140,0,10,50,50,0,50,215,45,25045.560000000005,19550.0,5495.560000000005,5
5062,1239,90,150,0,150,145,0,5,55,55,0,50,230,40,21687.3,20400.0,1287.3000000000002,5
5063,1239,85,170,0,170,150,0,20,45,45,0,45,230,50,30259.170000000006,21675.0,8584.170000000004,5
5064,1239,95,150,0,150,140,0,10,50,50,0,50,230,25,14048.460000000003,20825.0,-6776.539999999997,5
5065,1239,155,115,0,115,100,0,15,40,40,0,40,250,50,31444.470000000005,22950.0,8494.470000000005,5
5066,1239,110,125,0,125,120,0,5,65,65,0,65,225,75,49648.30875,19975.0,29673.308749999997,5
5067,1239,75,175,0,175,150,0,25,45,45,0,40,220,40,28006.267499999998,21250.0,6756.267499999999,5
5068,1239,85,165,0,165,145,0,20,45,45,0,45,225,25,13082.400000000001,21250.0,-8167.599999999998,5
5069,1239,65,150,0,150,140,0,10,40,40,0,40,200,45,32069.632500000003,18275.0,13794.632500000003,5
5070,1239,60,165,0,165,160,0,5,45,45,0,45,215,30,17780.04,19125.0,-1344.960000000001,5
5071,1239,110,145,0,145,140,0,5,40,40,0,40,245,15,7989.840000000002,21675.0,-13685.159999999998,5
5072,1239,100,135,0,135,135,0,0,40,40,0,40,230,55,36270.4275,19975.0,16295.427500000002,5
5073,1239,90,145,0,145,110,20,15,65,65,0,60,195,45,22521.239999999998,19975.0,2546.239999999998,5
5074,1239,75,165,0,165,100,20,45,65,65,0,60,170,60,35768.43,20400.0,15368.430000000004,5
5075,1239,95,145,0,145,140,0,5,40,40,0,40,230,25,14662.800000000003,20400.0,-5737.199999999998,5
5076,1239,135,115,0,115,115,0,0,55,55,0,55,245,110,83235.97406250001,21250.0,61985.97406250001,5
5077,1239,160,125,0,125,110,0,15,45,45,0,40,265,35,19096.74,24225.0,-5128.259999999998,5
5078,1239,105,140,0,140,135,0,5,50,50,0,50,235,15,7331.4000000000015,20825.0,-13493.599999999999,5
5079,1239,100,135,0,135,115,0,20,65,65,0,65,210,40,22575.870000000003,19975.0,2600.8700000000044,5
5080,1239,60,165,0,165,160,0,5,35,35,0,35,215,30,18493.47,19125.0,-631.5300000000002,5
5081,1239,120,140,0,140,130,0,10,60,60,0,60,245,50,28733.4,22100.0,6633.4000000000015,5
5082,1239,80,175,0,175,125,15,35,45,45,0,45,200,35,21138.570000000003,21675.0,-536.4299999999957,5
5083,1239,80,160,0,160,160,0,0,25,25,0,25,235,10,5004.72,20400.0,-15395.28,5
5084,1239,105,145,0,145,85,15,45,55,55,0,50,185,55,35131.86,21250.0,13881.86,5
5085,1239,110,140,0,140,130,5,5,55,55,0,55,235,60,39126.96,21250.0,17876.96,5
5086,1239,90,165,0,165,140,0,25,30,30,0,30,225,25,16002.090000000004,21675.0,-5672.909999999997,5
5087,1239,140,125,0,125,115,0,10,60,60,0,60,250,15,7814.520000000001,22525.0,-14710.479999999998,5
5088,1239,115,145,0,145,145,0,0,50,50,0,50,255,40,22894.56,22100.0,794.5600000000013,5
5089,1239,135,135,0,135,135,0,0,40,40,0,40,265,10,4916.880000000001,22950.0,-18033.12,5
5090,1239,105,130,0,130,115,15,0,55,55,0,55,215,40,21972.24,19975.0,1997.2400000000016,5
5091,1239,95,155,0,155,145,0,10,30,30,0,30,235,30,16001.82,21250.0,-5248.18,5
5092,1239,80,155,0,155,145,5,5,50,50,0,50,220,65,40378.545000000006,19975.0,20403.545000000006,5
5093,1239,130,140,0,140,120,0,20,30,30,0,30,245,25,16199.730000000001,22950.0,-6750.269999999999,5
5094,1239,165,115,0,115,105,0,10,35,35,0,35,265,30,21368.879999999997,23800.0,-2431.120000000001,5
5095,1239,130,140,0,140,140,0,0,40,40,0,40,265,15,7682.76,22950.0,-15267.24,5
5096,1239,85,130,0,130,120,0,10,50,50,0,50,200,50,33795.6975,18275.0,15520.697500000002,5
5097,1239,95,145,0,145,125,0,20,45,45,0,40,215,30,16023.780000000002,20400.0,-4376.219999999998,5
5098,1239,95,160,0,160,130,0,30,50,50,0,50,220,40,22960.08,21675.0,1285.0800000000027,5
5099,1239,165,120,0,120,115,0,5,45,45,0,45,275,15,7682.76,24225.0,-16542.239999999998,5
5100,1239,130,115,0,115,115,0,0,45,45,0,45,240,60,40756.41,20825.0,19931.410000000003,5
5101,1239,150,135,0,135,105,0,30,45,45,0,45,250,30,16616.7,24225.0,-7608.299999999999,5
5102,1239,70,165,0,165,145,0,20,45,45,0,45,210,20,11216.7,19975.0,-8758.3,5
5103,1239,75,140,0,140,140,0,0,55,55,0,55,210,50,33573.645000000004,18275.0,15298.645,5
5104,1239,55,165,0,165,160,0,5,40,40,0,40,210,15,7638.840000000001,18700.0,-11061.16,5
5105,1239,95,160,0,160,140,15,5,45,45,0,40,230,35,20194.560000000005,21675.0,-1480.4399999999964,5
5106,1239,120,125,0,125,120,0,5,45,45,0,40,235,20,11392.380000000001,20825.0,-9432.619999999999,5
5107,1239,145,140,0,140,130,10,0,45,45,0,45,270,35,18833.58,24225.0,-5391.419999999998,5
5108,1239,145,135,0,135,135,0,0,35,35,0,35,275,25,13170.240000000002,23800.0,-10629.759999999998,5
5109,1239,70,170,0,170,135,5,30,60,60,0,60,200,15,7507.080000000001,20400.0,-12892.919999999998,5
5110,1239,130,140,0,140,120,0,20,45,45,0,45,245,50,33381.495,22950.0,10431.494999999999,5
5111,1239,70,175,0,175,140,5,30,55,55,0,55,205,30,15014.160000000002,20825.0,-5810.839999999998,5
5112,1239,95,145,0,145,115,30,0,55,55,0,55,205,70,46974.55500000001,20400.0,26574.555000000008,5
5113,1239,100,155,0,155,150,0,5,55,55,0,55,245,35,19316.700000000004,21675.0,-2358.299999999997,5
5114,1239,85,165,0,165,145,0,20,30,30,0,30,225,25,15848.100000000002,21250.0,-5401.899999999998,5
5115,1239,70,165,0,165,145,5,15,50,50,0,50,210,35,19535.940000000002,19975.0,-439.0599999999972,5
5116,1239,55,175,0,175,160,0,15,40,40,0,35,210,45,29337.165,19550.0,9787.165,5
5117,1239,60,160,0,160,160,0,0,45,45,0,45,215,10,4960.8,18700.0,-13739.2,5
5118,1239,75,160,0,160,140,0,20,45,45,0,45,210,35,20765.52,19975.0,790.5200000000013,5
5119,1239,65,180,0,180,110,50,20,55,55,0,55,170,55,37892.385,20825.0,17067.385000000002,5
5120,1239,90,160,0,160,145,0,15,50,50,0,50,230,25,12643.560000000001,21250.0,-8606.439999999999,5
5121,1239,160,95,0,95,90,0,5,75,75,0,75,245,55,29676.96,21675.0,8001.959999999999,5
5122,1239,110,150,0,150,120,15,15,45,45,0,45,225,20,11326.500000000004,22100.0,-10773.499999999996,5
5123,1239,90,145,0,145,115,15,15,70,70,0,70,200,95,65681.8425,19975.0,45706.8425,5
5124,1239,70,165,0,165,135,0,30,50,50,0,45,200,40,22894.56,19975.0,2919.5600000000013,5
5125,1239,135,120,0,120,120,0,0,50,50,0,50,250,50,32662.485000000008,21675.0,10987.485000000006,5
5126,1239,80,155,0,155,155,0,0,55,55,0,50,230,40,24760.350000000002,19975.0,4785.350000000003,5
5127,1239,95,165,0,165,165,0,0,25,25,0,25,255,25,14135.94,22100.0,-7964.0599999999995,5
5128,1239,90,140,0,140,135,0,5,60,60,0,60,220,50,30511.170000000002,19550.0,10961.170000000002,5
5129,1239,90,145,0,145,135,0,10,70,70,0,70,220,55,30401.64,19975.0,10426.639999999998,5
5130,1239,105,150,0,150,135,0,15,50,50,0,50,235,30,16660.620000000003,21675.0,-5014.3799999999965,5
5131,1239,110,145,0,145,140,0,5,50,50,0,50,245,50,29732.13,21675.0,8057.130000000002,5
5132,1239,140,130,0,130,125,0,5,40,40,0,40,260,20,10141.2,22950.0,-12808.8,5
5133,1239,65,165,0,165,140,0,25,55,55,0,55,200,25,12380.04,19550.0,-7169.959999999999,5
5134,1239,120,125,0,125,125,0,0,35,35,0,35,240,50,32662.71,20825.0,11837.709999999997,5
5135,1239,100,150,0,150,145,0,5,30,30,0,30,240,55,41629.6575,21250.0,20379.6575,5
5136,1239,115,150,0,150,140,0,10,35,35,0,35,250,25,15123.960000000003,22525.0,-7401.039999999998,5
5137,1239,80,170,0,170,130,20,20,40,40,0,40,205,55,43446.64781250001,21250.0,22196.647812500007,5
5138,1239,65,175,0,175,160,0,15,45,45,0,45,220,45,28535.85,20400.0,8135.85,5
5139,1239,120,135,0,135,135,0,0,25,25,0,25,250,35,24139.440000000002,21675.0,2464.440000000004,5
5140,1239,165,140,0,140,135,0,5,40,40,0,35,295,20,10097.28,25925.0,-15827.72,5
5141,1239,90,135,0,135,115,10,10,40,40,0,40,200,75,52620.975000000006,19125.0,33495.975000000006,5
5142,1239,65,160,0,160,130,15,15,60,60,0,60,190,35,17516.520000000004,19125.0,-1608.4799999999973,5
5143,1239,90,160,0,160,145,0,15,50,50,0,50,230,35,23772.690000000002,21250.0,2522.6900000000023,5
5144,1239,110,140,0,140,120,0,20,45,45,0,40,225,25,14333.580000000002,21250.0,-6916.419999999998,5
5145,1239,85,155,0,155,120,25,10,50,50,0,50,200,45,26472.33,20400.0,6072.330000000002,5
5146,1239,75,150,0,150,135,0,15,60,60,0,60,205,40,21598.920000000002,19125.0,2473.920000000003,5
5147,1239,85,165,0,165,165,0,0,30,30,0,30,245,45,29490.839999999997,21250.0,8240.839999999998,5
5148,1239,155,130,0,130,125,0,5,45,45,0,45,275,40,23025.780000000006,24225.0,-1199.2199999999957,5
5149,1239,55,165,0,165,135,15,15,50,50,0,50,185,60,40361.805,18700.0,21661.805,5
5150,1239,105,145,0,145,135,0,10,40,40,0,40,235,60,40976.685000000005,21250.0,19726.685000000005,5
5151,1239,95,130,0,130,115,15,0,75,75,0,75,205,65,38018.25,19125.0,18893.250000000004,5
5152,1239,70,160,0,160,150,0,10,60,60,0,55,215,30,16594.74,19550.0,-2955.2599999999984,5
5153,1239,130,115,0,115,110,0,5,60,60,0,60,235,75,47819.07000000001,20825.0,26994.07000000001,5
5154,1239,100,125,0,125,120,0,5,55,55,0,50,215,60,43486.582500000004,19125.0,24361.582500000004,5
5155,1239,75,175,0,175,155,0,20,35,35,0,35,225,20,10141.2,21250.0,-11108.8,5
5156,1239,70,165,0,165,160,0,5,30,30,0,30,225,25,12687.48,19975.0,-7287.5199999999995,5
5157,1239,80,170,0,170,135,0,35,45,45,0,45,210,25,14772.78,21250.0,-6477.219999999999,5
5158,1239,120,130,0,130,110,5,15,45,45,0,45,225,50,31636.215000000004,21250.0,10386.215000000002,5
5159,1239,125,130,0,130,125,0,5,35,35,0,35,245,35,21994.470000000005,21675.0,319.4700000000057,5
5160,1239,115,130,0,130,120,0,10,45,45,0,45,230,50,34560.9,20825.0,13735.900000000001,5
5161,1239,70,145,0,145,120,10,15,55,55,0,50,185,75,45646.11000000001,18275.0,27371.110000000008,5
5162,1239,140,140,0,140,110,5,25,50,50,0,50,245,40,25468.155000000006,23800.0,1668.155000000006,5
5163,1239,90,155,0,155,145,0,10,50,50,0,45,230,25,15518.970000000001,20825.0,-5306.029999999999,5
5164,1239,95,150,0,150,145,0,5,55,55,0,55,235,40,25550.370000000003,20825.0,4725.370000000003,5
5165,1239,80,160,0,160,145,5,10,40,40,0,40,220,25,12687.48,20400.0,-7712.5199999999995,5
5166,1239,165,120,0,120,95,20,5,70,70,0,70,255,75,48297.105,24225.0,24072.105000000003,5
5167,1239,105,145,0,145,145,0,0,55,55,0,55,245,40,21775.14,21250.0,525.1400000000012,5
5168,1239,120,140,0,140,140,0,0,40,40,0,40,255,30,16594.74,22100.0,-5505.259999999998,5
5169,1239,115,135,0,135,130,0,5,50,50,0,50,240,65,43495.380000000005,21250.0,22245.380000000005,5
5170,1239,90,140,0,140,140,0,0,50,50,0,50,225,30,16747.740000000005,19550.0,-2802.2599999999966,5
5171,1239,120,145,0,145,145,0,0,40,40,0,40,260,25,14399.460000000001,22525.0,-8125.539999999999,5
5172,1239,105,140,0,140,140,0,0,50,50,0,45,240,55,36152.865000000005,20825.0,15327.865000000005,5
5173,1239,125,145,0,145,135,0,10,45,45,0,45,255,10,4829.040000000001,22950.0,-18120.96,5
5174,1239,135,140,0,140,130,0,10,40,40,0,40,260,15,7638.84,23375.0,-15736.16,5
5175,1239,100,130,0,130,125,0,5,60,60,0,60,220,65,43460.49375000001,19550.0,23910.493750000005,5
5176,1239,125,125,0,125,125,0,0,40,40,0,40,245,25,15277.68,21250.0,-5972.32,5
5177,1239,90,150,0,150,140,0,10,45,45,0,45,225,35,19272.420000000002,20400.0,-1127.579999999998,5
5178,1239,85,155,0,155,155,0,0,40,40,0,40,235,25,18724.185,20400.0,-1675.8149999999978,5
5179,1239,120,115,0,115,115,0,0,55,55,0,55,230,25,12731.040000000003,19975.0,-7243.959999999997,5
5180,1239,110,140,0,140,135,0,5,40,40,0,40,240,40,25144.29,21250.0,3894.290000000001,5
5181,1239,65,160,0,160,145,0,15,40,40,0,35,205,25,12818.880000000005,19125.0,-6306.119999999996,5
5182,1239,95,150,0,150,135,0,15,45,45,0,45,225,30,16880.22,20825.0,-3944.7799999999984,5
5183,1239,125,120,0,120,105,10,5,60,60,0,55,225,40,25221.15000000001,20825.0,4396.150000000007,5
5184,1239,80,165,0,165,145,0,20,45,45,0,45,220,25,12687.48,20825.0,-8137.5199999999995,5
5185,1239,60,185,0,185,150,0,35,40,40,0,40,205,20,11590.020000000002,20825.0,-9234.979999999998,5
5186,1239,105,135,0,135,135,0,0,55,55,0,55,235,35,20392.200000000004,20400.0,-7.799999999997453,5
5187,1239,110,140,0,140,125,0,15,60,60,0,60,230,20,10316.880000000001,21250.0,-10933.119999999999,5
5188,1239,55,180,0,180,155,0,25,50,50,0,45,205,40,23377.320000000007,19975.0,3402.320000000009,5
5189,1239,110,105,0,105,100,5,0,50,50,0,50,205,140,111939.72750000004,18275.0,93664.72750000004,5
5190,1239,70,170,0,170,150,0,20,45,45,0,45,215,30,16682.58,20400.0,-3717.4199999999973,5
5191,1239,95,155,0,155,145,0,10,25,25,0,25,235,20,11941.020000000004,21250.0,-9308.979999999996,5
5192,1239,110,145,0,145,130,0,15,50,50,0,45,235,20,11304.54,21675.0,-10370.46,5
5193,1239,145,150,0,150,140,0,10,20,20,0,20,280,15,8802.18,25075.0,-16272.82,5
5194,1239,130,130,0,130,130,0,0,40,40,0,40,255,65,42748.740000000005,22100.0,20648.740000000005,5
5195,1239,65,160,0,160,155,0,5,45,45,0,45,215,25,14245.740000000002,19125.0,-4879.259999999999,5
5196,1239,70,175,0,175,150,0,25,30,30,0,30,215,25,14706.900000000003,20825.0,-6118.099999999997,5
5197,1239,115,150,0,150,145,0,5,30,30,0,30,255,30,17604.36,22525.0,-4920.6399999999985,5
5198,1239,85,145,0,145,135,0,10,45,45,0,45,215,30,20304.000000000007,19550.0,754.0000000000055,5
5199,1239,100,125,0,125,110,10,5,50,50,0,50,205,35,19623.420000000002,19125.0,498.42000000000326,5
5200,1239,100,155,0,155,115,10,30,65,65,0,65,210,40,21379.500000000004,21675.0,-295.49999999999727,5
5201,1239,110,145,0,145,140,0,5,45,45,0,45,245,20,11458.26,21675.0,-10216.74,5
5202,1239,45,185,0,185,170,0,15,40,40,0,35,210,15,7375.3200000000015,19550.0,-12174.679999999998,5
5203,1239,100,140,0,140,130,0,10,60,60,0,60,225,60,38506.702500000014,20400.0,18106.70250000001,5
5204,1239,80,175,0,175,125,25,25,60,60,0,55,200,35,23190.885000000002,21675.0,1515.885000000003,5
5205,1239,95,140,0,140,125,15,0,55,55,0,55,215,65,36788.94000000001,19975.0,16813.940000000006,5
5206,1239,125,135,0,135,130,0,5,35,35,0,35,250,20,9965.52,22100.0,-12134.48,5
5207,1239,150,140,0,140,130,0,10,40,40,0,40,275,20,11590.020000000002,24650.0,-13059.979999999998,5
5208,1239,80,150,0,150,140,0,10,50,50,0,50,215,40,25659.810000000005,19550.0,6109.810000000007,5
5209,1239,110,135,0,135,125,0,10,55,55,0,55,230,55,38416.1175,20825.0,17591.1175,5
5210,1239,75,170,0,170,105,50,15,65,65,0,65,175,50,26735.940000000006,20825.0,5910.940000000005,5
5211,1239,105,150,0,150,110,10,30,60,60,0,60,210,60,42953.208750000005,21675.0,21278.208750000005,5
5212,1239,110,125,0,125,120,0,5,75,75,0,75,225,85,51682.6125,19975.0,31707.612500000003,5
5213,1239,120,125,0,125,125,0,0,55,55,0,50,240,40,20370.24,20825.0,-454.75999999999885,5
5214,1239,80,170,0,170,130,5,35,50,50,0,50,205,30,16989.480000000003,21250.0,-4260.519999999997,5
5215,1239,150,130,0,130,125,0,5,45,45,0,45,270,45,36583.58812500001,23800.0,12783.588125000006,5
5216,1239,105,160,0,160,150,0,10,40,40,0,40,250,30,16419.06,22525.0,-6105.939999999999,5
5217,1239,140,135,0,135,110,0,25,45,45,0,45,245,45,27416.43,23375.0,4041.4300000000003,5
5218,1239,135,120,0,120,110,0,10,55,55,0,55,240,55,34286.4,21675.0,12611.400000000003,5
5219,1239,90,140,0,140,130,0,10,60,60,0,55,215,30,15584.760000000002,19550.0,-3965.239999999999,5
5220,1239,105,145,0,145,120,10,15,70,70,0,70,220,40,21665.34,21250.0,415.34000000000106,5
5221,1239,165,110,0,110,105,0,5,40,40,0,40,265,30,15628.500000000004,23375.0,-7746.499999999996,5
5222,1239,100,140,0,140,140,0,0,55,55,0,55,235,35,19645.38,20400.0,-754.6199999999999,5
5223,1239,180,120,0,120,115,0,5,40,40,0,40,290,45,29347.83,25500.0,3847.8300000000036,5
5224,1239,95,145,0,145,145,0,0,60,60,0,60,235,45,24167.700000000004,20400.0,3767.7000000000044,5
5225,1239,90,140,0,140,130,5,5,55,55,0,55,215,40,22916.520000000004,19550.0,3366.520000000005,5
5226,1239,85,145,0,145,135,0,10,45,45,0,45,215,20,12467.700000000003,19550.0,-7082.299999999997,5
5227,1239,125,150,0,150,150,0,0,35,35,0,35,270,45,33045.33375,23375.0,9670.33375,5
5228,1239,55,170,0,170,160,0,10,35,35,0,35,210,35,18855.540000000005,19125.0,-269.45999999999685,5
5229,1239,90,135,0,135,135,0,0,55,55,0,55,220,60,38353.27500000001,19125.0,19228.27500000001,5
5230,1239,70,165,0,165,155,0,10,45,45,0,45,220,40,23070.239999999998,19975.0,3095.239999999999,5
5231,1239,70,160,0,160,130,5,25,60,60,0,60,195,45,27152.550000000003,19550.0,7602.550000000001,5
5232,1239,100,140,0,140,115,0,25,55,55,0,55,210,30,16462.98,20400.0,-3937.02,5
5233,1239,115,135,0,135,130,0,5,70,70,0,70,240,20,9965.52,21250.0,-11284.48,5
5234,1239,45,180,0,180,165,0,15,30,30,0,25,205,15,9043.74,19125.0,-10081.26,5
5235,1239,110,150,0,150,120,30,0,35,35,0,35,225,35,25657.627500000002,22100.0,3557.6275000000032,5
5236,1239,105,155,0,155,135,0,20,45,45,0,45,235,35,20106.72,22100.0,-1993.2799999999975,5
5237,1239,105,135,0,135,125,5,5,65,65,0,65,225,35,22334.49,20400.0,1934.4900000000007,5
5238,1239,145,135,0,135,95,20,20,50,50,0,50,235,35,21149.55,23800.0,-2650.4500000000007,5
5239,1239,70,130,0,130,115,5,10,50,50,0,50,180,95,68699.33999999998,17000.0,51699.33999999998,5
5240,1239,105,140,0,140,100,10,30,70,70,0,70,200,90,59313.12750000001,20825.0,38488.12750000001,5
5241,1239,125,125,0,125,120,0,5,50,50,0,50,240,60,45635.872500000005,21250.0,24385.872500000005,5
5242,1239,125,155,0,155,150,0,5,20,20,0,20,270,25,15969.150000000001,23800.0,-7830.8499999999985,5
5243,1239,135,135,0,135,130,0,5,45,45,0,45,260,50,34396.875,22950.0,11446.875,5
5244,1239,105,145,0,145,145,0,0,60,60,0,60,245,50,29940.750000000004,21250.0,8690.750000000004,5
5245,1239,140,135,0,135,135,0,0,40,40,0,40,270,15,7638.84,23375.0,-15736.16,5
5246,1239,100,130,0,130,105,0,25,80,80,0,75,200,60,34615.8,19550.0,15065.8,5
5247,1239,90,130,0,130,120,0,10,75,75,0,70,205,55,38457.85500000001,18700.0,19757.855000000014,5
5248,1239,90,145,0,145,140,0,5,45,45,0,40,225,45,32377.072500000013,19975.0,12402.072500000013,5
5249,1239,195,90,0,90,85,0,5,65,65,0,65,275,35,17604.360000000004,24225.0,-6620.639999999996,5
5250,1239,80,165,0,165,150,0,15,45,45,0,40,225,40,24683.13,20825.0,3858.130000000001,5
5251,1239,60,170,0,170,140,10,20,45,45,0,45,195,40,23970.059999999998,19550.0,4420.059999999999,5
5252,1239,145,135,0,135,130,0,5,35,35,0,35,270,20,11084.940000000002,23800.0,-12715.059999999998,5
5253,1239,115,135,0,135,135,0,0,50,50,0,50,245,30,17768.79,21250.0,-3481.2099999999987,5
5254,1239,105,145,0,145,140,0,5,40,40,0,40,240,55,34237.39500000001,21250.0,12987.395000000011,5
5255,1239,100,150,0,150,135,0,15,40,40,0,40,230,45,26779.590000000004,21250.0,5529.590000000003,5
5256,1239,90,150,0,150,135,0,15,50,50,0,50,220,55,36684.92249999999,20400.0,16284.922499999993,5
5257,1239,55,160,0,160,145,0,15,40,40,0,40,195,50,28107.629999999997,18275.0,9832.63,5
5258,1239,135,140,0,140,120,0,20,45,45,0,45,250,45,29792.655,23375.0,6417.655,5
5259,1239,150,115,0,115,100,0,15,50,50,0,50,245,70,45986.12999999999,22525.0,23461.129999999994,5
5260,1239,150,115,0,115,105,0,10,65,65,0,65,250,60,35372.97,22525.0,12847.970000000005,5
5261,1239,50,170,0,170,150,5,15,35,35,0,35,195,20,10491.840000000002,18700.0,-8208.159999999998,5
5262,1239,70,165,0,165,155,0,10,25,25,0,25,220,25,13521.420000000002,19975.0,-6453.579999999997,5
5263,1239,60,160,0,160,150,0,10,50,50,0,50,205,40,20370.24,18700.0,1670.2400000000011,5
5264,1239,80,145,0,145,130,10,5,50,50,0,50,205,65,39773.97000000001,19125.0,20648.97000000001,5
5265,1239,95,145,0,145,145,0,0,40,40,0,40,235,65,45841.47750000001,20400.0,25441.477500000008,5
5266,1239,140,120,0,120,120,0,0,45,45,0,45,255,55,35932.725,22100.0,13832.725,5
5267,1239,70,165,0,165,155,0,10,35,35,0,35,220,35,20699.370000000003,19975.0,724.3700000000035,5
5268,1239,130,115,0,115,115,0,0,50,50,0,50,240,50,30659.175,20825.0,9834.175,5
5269,1239,110,155,0,155,150,0,5,20,20,0,15,255,45,31202.775000000005,22525.0,8677.775000000005,5
5270,1239,60,155,0,155,135,5,15,35,35,0,35,190,55,38803.25250000001,18275.0,20528.25250000001,5
5271,1239,75,160,0,160,125,5,30,55,55,0,55,195,40,21928.500000000004,19975.0,1953.5000000000036,5
5272,1239,105,125,0,125,100,0,25,70,70,0,70,200,55,32343.930000000008,19550.0,12793.93000000001,5
5273,1239,85,150,0,150,135,0,15,50,50,0,50,215,30,16419.060000000005,19975.0,-3555.939999999996,5
5274,1239,125,140,0,140,140,0,0,40,40,0,40,260,20,9702.0,22525.0,-12823.0,5
5275,1239,65,160,0,160,155,0,5,45,45,0,40,215,45,29029.590000000004,19125.0,9904.590000000004,5
5276,1239,100,140,0,140,140,0,0,45,45,0,45,235,40,25857.540000000005,20400.0,5457.540000000004,5
5277,1239,135,130,0,130,125,0,5,65,65,0,65,255,55,33408.94500000001,22525.0,10883.945000000003,5
5278,1239,120,135,0,135,120,0,15,55,55,0,55,235,45,23640.660000000007,21675.0,1965.6600000000071,5
5279,1239,85,155,0,155,115,20,20,55,55,0,55,195,30,19184.850000000002,20400.0,-1215.1499999999987,5
5280,1239,110,140,0,140,125,0,15,55,55,0,55,230,40,20896.740000000005,21250.0,-353.25999999999567,5
5281,1239,95,145,0,145,125,0,20,50,50,0,45,215,55,37592.6175,20400.0,17192.6175,5
5282,1239,140,125,0,125,120,0,5,50,50,0,50,255,40,23026.320000000007,22525.0,501.32000000000517,5
5283,1239,55,165,0,165,150,0,15,35,35,0,35,200,15,7199.64,18700.0,-11500.36,5
5284,1239,85,145,0,145,140,0,5,50,50,0,50,220,20,13313.070000000003,19550.0,-6236.929999999998,5
5285,1239,90,135,0,135,125,0,10,55,55,0,55,210,60,45482.684062500004,19125.0,26357.684062500004,5
5286,1239,120,125,0,125,120,0,5,60,60,0,60,235,30,18581.31,20825.0,-2243.689999999999,5
5287,1239,85,145,0,145,140,0,5,45,45,0,45,220,10,5048.280000000001,19550.0,-14501.720000000001,5
5288,1239,65,160,0,160,150,5,5,40,40,0,40,210,35,21544.47,19125.0,2419.470000000001,5
5289,1239,80,145,0,145,140,0,5,40,40,0,40,215,45,29995.38,19125.0,10870.380000000001,5
5290,1239,115,140,0,140,130,0,10,60,60,0,60,240,50,32761.260000000002,21675.0,11086.260000000002,5
5291,1239,75,165,0,165,140,0,25,55,55,0,55,210,20,9833.76,20400.0,-10566.239999999998,5
5292,1239,110,160,0,160,120,5,35,45,45,0,45,225,20,13126.41,22950.0,-9823.59,5
5293,1239,110,130,0,130,130,0,0,55,55,0,55,235,55,33090.3,20400.0,12690.300000000007,5
5294,1239,85,155,0,155,140,0,15,40,40,0,40,220,60,38929.86,20400.0,18529.860000000004,5
5295,1239,110,145,0,145,140,0,5,55,55,0,55,245,75,52522.65000000001,21675.0,30847.650000000012,5
5296,1239,90,145,0,145,125,0,20,55,55,0,50,210,40,21292.020000000004,19975.0,1317.0200000000023,5
5297,1239,65,170,0,170,140,0,30,45,45,0,45,200,45,27998.37,19975.0,8023.37,5
5298,1239,60,170,0,170,140,0,30,35,35,0,35,195,25,12731.040000000003,19550.0,-6818.959999999997,5
5299,1239,50,180,0,180,155,10,15,45,45,0,40,200,20,10272.960000000001,19550.0,-9277.039999999999,5
5300,1239,50,175,0,175,165,5,5,25,25,0,25,210,35,24238.935,19125.0,5113.935000000001,5
5301,1239,80,175,0,175,150,5,20,35,35,0,35,225,25,14948.280000000002,21675.0,-6726.7199999999975,5
5302,1239,105,150,0,150,130,0,20,40,40,0,40,230,45,35539.47562499999,21675.0,13864.475624999995,5
5303,1239,95,170,0,170,160,0,10,35,35,0,35,250,30,16704.54,22525.0,-5820.459999999998,5
5304,1239,135,140,0,140,115,0,25,35,35,0,35,245,20,10997.1,23375.0,-12377.9,5
5305,1239,135,140,0,140,115,0,25,45,45,0,45,245,30,18010.350000000002,23375.0,-5364.649999999997,5
5306,1239,115,155,0,155,140,0,15,40,40,0,40,250,35,18570.060000000005,22950.0,-4379.939999999997,5
5307,1239,110,145,0,145,135,0,10,40,40,0,35,240,35,20479.68,21675.0,-1195.3199999999993,5
5308,1239,115,120,0,120,110,0,10,50,50,0,50,220,55,41596.003125,19975.0,21621.003125000007,5
5309,1239,130,140,0,140,110,0,30,40,40,0,40,235,15,7507.080000000001,22950.0,-15442.919999999998,5
5310,1239,70,150,0,150,145,5,0,45,45,0,45,210,20,10009.440000000002,18700.0,-8690.559999999998,5
5311,1239,140,120,0,120,120,0,0,50,50,0,50,255,65,42057.270000000004,22100.0,19957.270000000008,5
5312,1239,60,175,0,175,150,25,0,55,55,0,55,205,45,27526.230000000003,19975.0,7551.230000000005,5
5313,1239,110,140,0,140,135,0,5,35,35,0,35,240,45,31932.585000000006,21250.0,10682.585000000008,5
5314,1239,155,110,0,110,105,0,5,50,50,0,45,255,60,36558.585,22525.0,14033.585,5
5315,1239,95,145,0,145,145,0,0,40,40,0,40,235,25,12555.720000000001,20400.0,-7844.279999999999,5
5316,1239,85,155,0,155,145,10,0,35,35,0,35,225,20,13532.67,20400.0,-6867.33,5
5317,1239,85,145,0,145,130,15,0,55,55,0,55,210,60,46337.416874999995,19550.0,26787.416875,5
5318,1239,130,130,0,130,125,0,5,40,40,0,35,250,30,17516.520000000004,22100.0,-4583.479999999998,5
5319,1239,95,145,0,145,115,10,20,60,60,0,60,205,40,22477.140000000003,20400.0,2077.140000000004,5
5320,1239,140,145,0,145,135,0,10,35,35,0,35,270,25,18597.915,24225.0,-5627.084999999999,5
5321,1239,125,130,0,130,125,0,5,50,50,0,45,245,15,7155.720000000001,21675.0,-14519.279999999999,5
5322,1239,80,160,0,160,155,0,5,40,40,0,40,230,35,21862.710000000003,20400.0,1462.7100000000019,5
5323,1239,100,170,0,170,160,0,10,30,30,0,30,255,15,7507.080000000001,22950.0,-15442.919999999998,5
5324,1239,80,155,0,155,140,0,15,30,30,0,30,215,40,23377.140000000003,19975.0,3402.140000000004,5
5325,1239,130,125,0,125,120,0,5,60,60,0,60,245,75,47147.287500000006,21675.0,25472.287500000002,5
5326,1239,80,155,0,155,145,0,10,50,50,0,50,220,55,35044.425,19975.0,15069.425000000007,5
5327,1239,145,130,0,130,130,0,0,35,35,0,35,270,20,10185.120000000003,23375.0,-13189.879999999997,5
5328,1239,120,145,0,145,125,0,20,45,45,0,45,240,45,29660.895000000004,22525.0,7135.895000000005,5
5329,1239,120,120,0,120,120,0,0,65,65,0,65,235,70,46227.60000000001,20400.0,25827.600000000013,5
5330,1239,60,175,0,175,130,25,20,55,55,0,55,185,50,31553.73,19975.0,11578.73,5
5331,1239,110,150,0,150,135,0,15,45,45,0,45,240,20,10141.2,22100.0,-11958.8,5
5332,1239,80,150,0,150,135,0,15,60,60,0,60,210,140,101352.15,19550.0,81802.15,5
5333,1239,115,105,0,105,70,15,20,80,80,0,80,180,125,91917.1575,18700.0,73217.1575,5
5334,1239,90,145,0,145,130,5,10,55,55,0,55,215,75,48456.11250000001,19975.0,28481.11250000001,5
5335,1239,135,140,0,140,140,0,0,30,30,0,30,270,20,11502.180000000004,23375.0,-11872.819999999996,5
5336,1239,65,185,0,185,130,20,35,50,50,0,50,190,65,41058.630000000005,21250.0,19808.630000000005,5
5337,1239,70,180,0,180,110,40,30,50,50,0,50,175,20,10229.04,21250.0,-11020.96,5
5338,1239,115,130,0,130,125,0,5,40,40,0,40,235,45,31833.495000000003,20825.0,11008.495000000003,5
5339,1239,85,150,0,150,120,10,20,60,60,0,60,200,50,26142.660000000003,19975.0,6167.660000000005,5
5340,1239,80,135,0,135,120,5,10,55,55,0,55,195,65,42134.03999999999,18275.0,23859.039999999994,5
5341,1239,145,145,0,145,130,0,15,35,35,0,35,270,15,7638.840000000001,24650.0,-17011.16,5
5342,1239,120,120,0,120,115,0,5,70,70,0,65,230,40,21511.620000000003,20400.0,1111.6200000000026,5
5343,1239,140,125,0,125,120,0,5,40,40,0,40,255,55,37343.18250000001,22525.0,14818.182500000012,5
5344,1239,80,170,0,170,160,0,10,30,30,0,30,235,20,11721.78,21250.0,-9528.22,5
5345,1239,90,135,0,135,135,0,0,55,55,0,55,220,40,28132.537500000002,19125.0,9007.537500000002,5
5346,1239,100,145,0,145,130,5,10,50,50,0,50,225,65,49454.957812500004,20825.0,28629.957812500004,5
5347,1239,95,155,0,155,85,30,40,70,70,0,70,175,55,30840.300000000007,21250.0,9590.300000000007,5
5348,1239,125,140,0,140,135,0,5,40,40,0,40,255,10,5355.720000000001,22525.0,-17169.28,5
5349,1239,80,160,0,160,145,0,15,40,40,0,40,220,50,32514.614999999998,20400.0,12114.614999999998,5
5350,1239,170,115,0,115,115,0,0,55,55,0,55,280,35,17736.120000000003,24225.0,-6488.879999999997,5
5351,1239,145,115,0,115,90,15,10,60,60,0,60,230,55,38548.2375,22100.0,16448.237500000003,5
5352,1239,160,115,0,115,110,0,5,55,55,0,55,265,40,24431.22,23375.0,1056.220000000003,5
5353,1239,70,160,0,160,160,0,0,30,30,0,30,225,25,12160.44,19550.0,-7389.5599999999995,5
5354,1239,100,140,0,140,100,20,20,65,65,0,65,195,55,32485.950000000004,20400.0,12085.950000000003,5
5355,1239,160,120,0,120,120,0,0,45,45,0,45,275,35,18745.74,23800.0,-5054.259999999999,5
5356,1239,90,135,0,135,135,0,0,55,55,0,55,220,25,14048.460000000003,19125.0,-5076.539999999997,5
5357,1239,140,110,0,110,110,0,0,55,55,0,55,245,25,12511.800000000001,21250.0,-8738.199999999999,5
5358,1239,100,150,0,150,150,0,0,45,45,0,45,245,5,2634.1200000000003,21250.0,-18615.88,5
5359,1239,105,140,0,140,135,0,5,50,50,0,50,235,40,22499.28,20825.0,1674.2799999999988,5
5360,1239,70,170,0,170,120,20,30,50,50,0,50,185,40,22784.4,20400.0,2384.4000000000005,5
5361,1239,120,140,0,140,135,0,5,40,40,0,40,250,35,20106.72,22100.0,-1993.2799999999975,5
5362,1239,90,145,0,145,130,5,10,70,70,0,70,215,40,19755.360000000004,19975.0,-219.63999999999714,5
5363,1239,75,170,0,170,115,35,20,60,60,0,60,185,75,50656.634999999995,20825.0,29831.634999999995,5
5364,1239,100,135,0,135,115,0,20,40,40,0,35,210,55,40365.8775,19975.0,20390.877500000006,5
5365,1239,75,160,0,160,145,0,15,45,45,0,40,215,60,42705.02250000001,19975.0,22730.022500000006,5
5366,1239,120,145,0,145,130,0,15,55,55,0,55,245,40,26527.589999999997,22525.0,4002.5899999999956,5
5367,1239,135,140,0,140,140,0,0,35,35,0,35,270,20,10097.28,23375.0,-13277.72,5
5368,1239,50,160,0,160,160,0,0,35,35,0,35,205,15,8560.62,17850.0,-9289.38,5
5369,1239,55,195,0,195,160,5,30,45,45,0,45,210,30,16726.5,21250.0,-4523.499999999999,5
5370,1239,75,155,0,155,145,0,10,50,50,0,50,215,30,16638.660000000003,19550.0,-2911.339999999998,5
5371,1239,45,170,0,170,135,20,15,40,40,0,40,175,40,29852.606250000008,18275.0,11577.606250000008,5
5372,1239,90,160,0,160,160,0,0,50,50,0,45,245,45,28151.730000000007,21250.0,6901.730000000007,5
5373,1239,110,150,0,150,130,0,20,40,40,0,40,235,45,28437.03,22100.0,6337.03,5
5374,1239,115,140,0,140,120,0,20,50,50,0,50,230,25,13389.480000000003,21675.0,-8285.519999999997,5
5375,1239,130,145,0,145,140,0,5,30,30,0,25,265,15,7770.6,23375.0,-15604.400000000001,5
5376,1239,95,130,0,130,125,0,5,60,60,0,55,215,55,38819.30625,19125.0,19694.306250000005,5
5377,1239,105,135,0,135,130,0,5,60,60,0,60,230,40,22806.72,20400.0,2406.7200000000003,5
5378,1239,65,150,0,150,135,0,15,55,55,0,55,195,35,20940.300000000003,18275.0,2665.300000000002,5
5379,1239,115,140,0,140,125,5,10,50,50,0,50,235,45,28695.195000000003,21675.0,7020.195000000003,5
5380,1239,65,165,0,165,150,5,10,40,40,0,40,210,45,24101.820000000003,19550.0,4551.820000000002,5
5381,1239,160,130,0,130,125,0,5,55,55,0,55,280,30,16506.9,24650.0,-8143.099999999999,5
5382,1239,120,140,0,140,115,0,25,40,40,0,40,230,25,16440.930000000004,22100.0,-5659.069999999997,5
5383,1239,95,155,0,155,105,20,30,45,45,0,45,195,55,36004.27500000001,21250.0,14754.275000000007,5
5384,1239,115,130,0,130,125,0,5,55,55,0,55,235,75,47671.24500000002,20825.0,26846.245000000017,5
5385,1239,105,145,0,145,120,25,0,75,75,0,75,220,45,26351.910000000003,21250.0,5101.910000000003,5
5386,1239,105,155,0,155,125,0,30,50,50,0,50,225,45,26428.500000000004,22100.0,4328.500000000004,5
5387,1239,80,150,0,150,145,0,5,50,50,0,50,220,50,31093.110000000008,19550.0,11543.110000000006,5
5388,1239,95,145,0,145,145,0,0,35,35,0,35,235,45,30072.420000000002,20400.0,9672.420000000002,5
5389,1239,100,155,0,155,150,0,5,35,35,0,35,245,10,5048.64,21675.0,-16626.36,5
5390,1239,55,175,0,175,165,0,10,30,30,0,30,215,55,37003.3425,19550.0,17453.3425,5
5391,1239,45,200,0,200,155,25,20,35,35,0,30,195,20,9965.52,20825.0,-10859.48,5
5392,1239,110,140,0,140,125,0,15,40,40,0,40,230,10,6036.3,21250.0,-15213.699999999999,5
5393,1239,60,175,0,175,160,5,10,35,35,0,30,215,35,21017.79,19975.0,1042.79,5
5394,1239,130,125,0,125,125,0,0,65,65,0,65,250,65,42529.14000000001,21675.0,20854.140000000007,5
5395,1239,85,150,0,150,125,0,25,45,45,0,45,205,30,20688.525,19975.0,713.5249999999996,5
5396,1239,75,150,0,150,120,20,10,65,65,0,65,190,30,15979.860000000004,19125.0,-3145.1399999999967,5
5397,1239,85,145,0,145,100,25,20,70,70,0,70,180,65,39675.87,19550.0,20125.87,5
5398,1239,80,160,0,160,150,0,10,35,35,0,35,225,50,33172.942500000005,20400.0,12772.942500000005,5
5399,1239,35,190,0,190,180,0,10,25,25,0,25,210,20,10360.800000000001,19125.0,-8764.199999999999,5
5400,1239,80,160,0,160,160,0,0,50,50,0,50,235,45,25001.280000000002,20400.0,4601.280000000002,5
5401,1239,70,150,0,150,145,0,5,50,50,0,45,210,30,17670.24,18700.0,-1029.7599999999989,5
5402,1239,135,135,0,135,105,0,30,50,50,0,45,235,35,21621.33,22950.0,-1328.6699999999973,5
5403,1239,90,160,0,160,125,0,35,60,60,0,60,210,50,30072.510000000002,21250.0,8822.510000000002,5
5404,1239,70,150,0,150,115,15,20,60,60,0,55,180,45,25747.560000000005,18700.0,7047.560000000003,5
5405,1239,90,135,0,135,135,0,0,55,55,0,55,220,90,61434.405000000006,19125.0,42309.405000000006,5
5406,1239,80,155,0,155,155,0,0,40,40,0,40,230,40,22257.72,19975.0,2282.7199999999993,5
5407,1239,150,115,0,115,110,0,5,45,45,0,45,255,40,23662.890000000007,22525.0,1137.8900000000067,5
5408,1239,85,165,0,165,135,0,30,30,30,0,30,215,30,20402.910000000003,21250.0,-847.0899999999983,5
5409,1239,95,165,0,165,140,5,20,30,30,0,30,230,35,21116.34,22100.0,-983.6599999999999,5
5410,1239,85,130,0,130,120,0,10,55,55,0,55,200,65,44553.87000000001,18275.0,26278.870000000006,5
5411,1239,165,120,0,120,105,0,15,40,40,0,35,265,25,15793.47,24225.0,-8431.53,5
5412,1239,110,135,0,135,105,0,30,50,50,0,50,210,55,36278.77500000001,20825.0,15453.775000000005,5
5413,1239,80,150,0,150,125,0,25,45,45,0,45,200,45,24803.64,19550.0,5253.64,5
5414,1239,110,115,0,115,110,0,5,60,60,0,60,215,80,52878.6,19125.0,33753.6,5
5415,1239,115,160,0,160,150,0,10,30,30,0,25,260,20,12819.240000000002,23375.0,-10555.759999999998,5
5416,1239,130,140,0,140,105,0,35,55,55,0,55,230,50,34467.705,22950.0,11517.705000000002,5
5417,1239,115,125,0,125,125,0,0,55,55,0,50,235,35,21818.790000000005,20400.0,1418.7900000000036,5
5418,1239,100,150,0,150,140,0,10,40,40,0,40,235,30,15102.000000000004,21250.0,-6147.999999999997,5
5419,1239,70,160,0,160,125,10,25,50,50,0,50,190,10,5619.240000000001,19550.0,-13930.76,5
5420,1239,95,160,0,160,155,0,5,40,40,0,40,245,20,10185.120000000003,21675.0,-11489.879999999997,5
5421,1239,85,150,0,150,125,0,25,65,65,0,60,205,65,44477.51625000001,19975.0,24502.516250000008,5
5422,1239,90,155,0,155,150,5,0,45,45,0,45,235,75,54371.711250000015,20825.0,33546.711250000015,5
5423,1239,140,135,0,135,120,0,15,45,45,0,45,255,35,19097.100000000002,23375.0,-4277.899999999998,5
5424,1239,135,140,0,140,140,0,0,35,35,0,35,270,25,13784.940000000002,23375.0,-9590.059999999998,5
5425,1239,80,155,0,155,135,0,20,50,50,0,50,210,50,33521.557499999995,19975.0,13546.557499999999,5
5426,1239,100,145,0,145,145,0,0,45,45,0,45,240,40,26472.825000000004,20825.0,5647.825000000003,5
5427,1239,100,145,0,145,145,0,0,45,45,0,45,240,25,15211.62,20825.0,-5613.379999999999,5
5428,1239,85,150,0,150,115,10,25,55,55,0,55,195,25,18394.785000000003,19975.0,-1580.2149999999983,5
5429,1239,60,165,0,165,120,25,20,55,55,0,55,175,40,22411.440000000002,19125.0,3286.4400000000023,5
5430,1239,90,155,0,155,150,0,5,30,30,0,30,235,40,29523.915,20825.0,8698.915,5
5431,1239,75,155,0,155,155,0,0,35,35,0,35,225,20,11655.900000000001,19550.0,-7894.0999999999985,5
5432,1239,85,165,0,165,140,5,20,50,50,0,50,220,60,33979.5,21250.0,12729.500000000004,5
5433,1239,70,175,0,175,135,0,40,30,30,0,25,200,20,10448.280000000002,20825.0,-10376.719999999998,5
5434,1239,95,150,0,150,150,0,0,45,45,0,40,240,35,19074.78,20825.0,-1750.2199999999993,5
5435,1239,100,150,0,150,150,0,0,45,45,0,40,245,25,15925.23,21250.0,-5324.77,5
5436,1239,105,145,0,145,145,0,0,30,30,0,30,245,20,12951.000000000002,21250.0,-8298.999999999998,5
5437,1239,85,170,0,170,150,0,20,40,40,0,40,230,15,9570.240000000002,21675.0,-12104.759999999998,5
5438,1239,50,165,0,165,130,5,30,50,50,0,45,175,50,33062.310000000005,18275.0,14787.310000000007,5
5439,1239,60,165,0,165,155,5,5,40,40,0,40,210,30,15277.680000000002,19125.0,-3847.3199999999974,5
5440,1239,85,145,0,145,130,0,15,55,55,0,55,210,60,35011.350000000006,19550.0,15461.350000000002,5
5441,1239,105,130,0,130,130,0,0,50,50,0,50,230,45,26230.770000000004,19975.0,6255.770000000002,5
5442,1239,205,110,0,110,110,0,0,45,45,0,45,310,10,5136.4800000000005,26775.0,-21638.519999999997,5
5443,1239,100,135,0,135,125,0,10,55,55,0,55,220,45,26669.340000000007,19975.0,6694.3400000000065,5
5444,1239,65,165,0,165,135,0,30,40,40,0,40,195,45,30536.0775,19550.0,10986.077500000001,5
5445,1239,185,125,0,125,125,0,0,45,45,0,45,305,25,12292.200000000003,26350.0,-14057.799999999997,5
5446,1239,90,145,0,145,115,5,25,50,50,0,50,200,70,46529.66250000001,19975.0,26554.662500000013,5
5447,1239,100,160,0,160,125,5,30,55,55,0,50,220,45,27591.75,22100.0,5491.750000000002,5
5448,1239,100,155,0,155,150,0,5,40,40,0,40,245,20,12555.720000000001,21675.0,-9119.279999999999,5
5449,1239,80,155,0,155,140,0,15,45,45,0,45,215,65,43247.99250000001,19975.0,23272.992500000008,5
5450,1239,90,135,0,135,135,0,0,50,50,0,50,220,25,12907.080000000004,19125.0,-6217.919999999996,5
5451,1239,80,145,0,145,135,0,10,55,55,0,55,210,50,31037.94000000001,19125.0,11912.940000000008,5
5452,1239,95,130,0,130,130,0,0,60,60,0,60,220,45,29336.985000000004,19125.0,10211.985000000004,5
5453,1239,90,120,0,120,120,0,0,60,60,0,55,205,40,25495.605000000003,17850.0,7645.605000000005,5
5454,1239,75,155,0,155,145,0,10,50,50,0,50,215,40,21182.22,19550.0,1632.220000000002,5
5455,1239,125,135,0,135,130,0,5,55,55,0,55,250,40,24650.550000000003,22100.0,2550.550000000003,5
5456,1239,130,130,0,130,130,0,0,45,45,0,45,255,20,10404.36,22100.0,-11695.64,5
5457,1239,120,125,0,125,125,0,0,45,45,0,45,240,45,28074.420000000006,20825.0,7249.420000000005,5
5458,1239,110,165,0,165,115,35,15,55,55,0,55,220,35,21006.81,23375.0,-2368.1899999999996,5
5459,1239,95,145,0,145,145,0,0,50,50,0,50,235,30,16264.980000000003,20400.0,-4135.019999999997,5
5460,1239,125,140,0,140,125,0,15,65,65,0,60,245,70,46853.774999999994,22525.0,24328.774999999994,5
5461,1239,95,140,0,140,135,0,5,45,45,0,45,225,35,21917.61,19975.0,1942.6099999999997,5
5462,1239,105,145,0,145,120,0,25,55,55,0,55,220,25,14355.54,21250.0,-6894.459999999999,5
5463,1239,50,160,0,160,130,10,20,40,40,0,35,175,55,39827.91375,17850.0,21977.913750000003,5
5464,1239,80,155,0,155,145,0,10,45,45,0,45,220,35,20874.780000000006,19975.0,899.7800000000052,5
5465,1239,65,165,0,165,150,0,15,25,25,0,20,210,40,27495.697500000002,19550.0,7945.697500000001,5
5466,1239,75,145,0,145,140,0,5,50,50,0,50,210,65,46251.348750000005,18700.0,27551.348750000005,5
5467,1239,85,155,0,155,150,0,5,45,45,0,45,230,35,19097.100000000002,20400.0,-1302.8999999999974,5
5468,1239,125,135,0,135,130,0,5,50,50,0,50,250,75,49366.845,22100.0,27266.845,5
5469,1239,125,140,0,140,125,0,15,40,40,0,40,245,50,32256.72,22525.0,9731.720000000001,5
5470,1239,120,155,0,155,130,0,25,45,45,0,40,245,25,12072.600000000002,23375.0,-11302.399999999998,5
5471,1239,65,145,0,145,135,0,10,55,55,0,55,195,65,39972.149999999994,17850.0,22122.149999999994,5
5472,1239,75,140,0,140,125,0,15,40,40,0,40,195,90,66173.81062500001,18275.0,47898.810625000006,5
5473,1239,60,170,0,170,150,0,20,40,40,0,40,205,30,19009.170000000006,19550.0,-540.8299999999963,5
5474,1239,115,135,0,135,120,0,15,50,50,0,50,230,40,21423.420000000002,21250.0,173.42000000000098,5
5475,1239,130,125,0,125,120,0,5,55,55,0,55,245,45,26077.32,21675.0,4402.32,5
5476,1239,100,145,0,145,130,0,15,65,65,0,60,225,40,23136.120000000006,20825.0,2311.1200000000053,5
5477,1239,60,155,0,155,135,0,20,50,50,0,50,190,55,35011.08000000001,18275.0,16736.080000000005,5
5478,1239,105,150,0,150,135,0,15,60,60,0,60,235,35,19382.58,21675.0,-2292.4199999999996,5
5479,1239,115,130,0,130,130,0,0,50,50,0,50,240,40,22586.76,20825.0,1761.7599999999993,5
5480,1239,140,135,0,135,135,0,0,55,55,0,55,270,45,25814.160000000003,23375.0,2439.1600000000017,5
5481,1239,100,150,0,150,145,0,5,45,45,0,45,240,40,25374.870000000006,21250.0,4124.870000000005,5
5482,1239,55,180,0,180,150,15,15,45,45,0,45,200,45,25407.630000000005,19975.0,5432.630000000004,5
5483,1239,80,165,0,165,135,5,25,30,30,0,30,210,35,23646.195000000003,20825.0,2821.1950000000024,5
5484,1239,120,125,0,125,125,0,0,50,50,0,50,240,50,31169.969999999998,20825.0,10344.969999999998,5
5485,1239,95,145,0,145,135,0,10,45,45,0,45,225,30,17670.24,20400.0,-2729.759999999999,5
5486,1239,105,150,0,150,140,0,10,45,45,0,45,240,25,13719.06,21675.0,-7955.9400000000005,5
5487,1239,95,165,0,165,160,0,5,25,25,0,25,250,15,7507.080000000001,22100.0,-14592.919999999998,5
5488,1239,65,160,0,160,115,5,40,50,50,0,50,175,25,13959.720000000005,19125.0,-5165.279999999995,5
5489,1239,75,165,0,165,90,65,10,60,60,0,60,160,75,47050.51500000001,20400.0,26650.515000000007,5
5490,1239,140,140,0,140,130,0,10,40,40,0,40,265,30,16682.58,23800.0,-7117.42,5
5491,1239,115,130,0,130,130,0,0,35,35,0,35,240,20,11414.340000000002,20825.0,-9410.659999999998,5
5492,1239,55,165,0,165,115,20,30,45,45,0,45,165,55,34626.825,18700.0,15926.824999999999,5
5493,1239,115,150,0,150,140,0,10,40,40,0,40,250,40,24782.31,22525.0,2257.310000000002,5
5494,1239,100,160,0,160,145,0,15,30,30,0,25,240,10,6168.06,22100.0,-15931.939999999999,5
5495,1239,150,145,0,145,145,0,0,35,35,0,35,290,25,15936.210000000003,25075.0,-9138.789999999997,5
5496,1239,105,120,0,120,115,0,5,50,50,0,50,215,55,38503.08000000001,19125.0,19378.08000000001,5
5497,1239,135,110,0,110,110,0,0,50,50,0,50,240,70,47912.71500000001,20825.0,27087.715000000007,5
5498,1239,110,135,0,135,135,0,0,25,25,0,25,240,60,43895.576250000006,20825.0,23070.576250000006,5
5499,1239,130,140,0,140,105,5,30,35,35,0,35,230,25,13258.080000000002,22950.0,-9691.919999999998,5
5500,1239,100,130,0,130,130,0,0,50,50,0,45,225,45,26801.550000000007,19550.0,7251.550000000007,5
5501,1239,135,115,0,115,100,0,15,60,60,0,60,230,65,39247.47,21250.0,17997.47,5
5502,1239,95,155,0,155,150,0,5,45,45,0,45,240,30,15233.76,21250.0,-6016.24,5
5503,1239,120,130,0,130,125,0,5,55,55,0,55,240,60,34045.38000000001,21250.0,12795.380000000008,5
5504,1239,85,160,0,160,160,0,0,40,40,0,40,240,50,35074.3275,20825.0,14249.3275,5
5505,1239,80,185,0,185,170,0,15,30,30,0,30,245,30,16660.620000000003,22525.0,-5864.3799999999965,5
5506,1239,105,135,0,135,125,0,10,55,55,0,55,225,85,57466.485,20400.0,37066.485,5
5507,1239,135,125,0,125,115,0,10,45,45,0,45,245,35,19579.860000000004,22100.0,-2520.1399999999967,5
5508,1239,145,130,0,130,130,0,0,35,35,0,35,270,20,13345.740000000002,23375.0,-10029.259999999998,5
5509,1239,70,160,0,160,150,0,10,40,40,0,40,215,30,19393.290000000005,19550.0,-156.70999999999594,5
5510,1239,115,130,0,130,125,0,5,65,65,0,65,235,50,27789.120000000003,20825.0,6964.120000000003,5
5511,1239,70,170,0,170,160,0,10,40,40,0,40,225,30,15277.320000000002,20400.0,-5122.6799999999985,5
5512,1239,70,160,0,160,125,5,30,55,55,0,55,190,55,34604.73000000001,19550.0,15054.730000000009,5
5513,1239,105,140,0,140,125,5,10,55,55,0,55,225,60,35631.315,20825.0,14806.314999999999,5
5514,1239,165,135,0,135,120,0,15,40,40,0,40,280,10,5048.64,25500.0,-20451.36,5
5515,1239,85,160,0,160,125,0,35,50,50,0,50,205,20,11502.18,20825.0,-9322.82,5
5516,1239,60,180,0,180,145,20,15,50,50,0,50,200,15,7594.920000000001,20400.0,-12805.079999999998,5
5517,1239,65,180,0,180,130,20,30,50,50,0,50,190,20,10141.2,20825.0,-10683.800000000001,5
5518,1239,80,160,0,160,150,0,10,45,45,0,45,225,30,18197.280000000002,20400.0,-2202.719999999997,5
5519,1239,175,105,0,105,105,0,0,40,40,0,40,275,45,28052.19000000001,23800.0,4252.19000000001,5
5520,1239,90,165,0,165,110,25,30,65,65,0,65,195,55,34896.195,21675.0,13221.195000000003,5
5521,1239,90,145,0,145,105,5,35,60,60,0,55,190,45,28359.945000000003,19975.0,8384.945000000003,5
5522,1239,125,145,0,145,145,0,0,35,35,0,35,265,25,12994.560000000001,22950.0,-9955.439999999999,5
5523,1239,105,135,0,135,120,0,15,45,45,0,45,220,60,38259.36,20400.0,17859.36,5
5524,1239,105,150,0,150,120,15,15,50,50,0,50,220,20,12116.52,21675.0,-9558.48,5
5525,1239,120,110,0,110,105,0,5,45,45,0,45,220,135,108063.3962109375,19550.0,88513.3962109375,5
5526,1239,135,140,0,140,120,0,20,45,45,0,45,250,65,47801.480625000004,23375.0,24426.480625000004,5
5527,1239,70,165,0,165,125,20,20,55,55,0,55,190,35,19250.1,19975.0,-724.9000000000001,5
5528,1239,145,140,0,140,140,0,0,40,40,0,40,280,25,13631.220000000001,24225.0,-10593.779999999999,5
5529,1239,70,160,0,160,115,35,10,60,60,0,60,180,60,38792.475000000006,19550.0,19242.47500000001,5
5530,1239,90,140,0,140,135,0,5,50,50,0,50,220,55,32837.850000000006,19550.0,13287.850000000002,5
5531,1239,115,135,0,135,135,0,0,35,35,0,35,245,30,16287.300000000003,21250.0,-4962.699999999997,5
5532,1239,80,155,0,155,140,0,15,40,40,0,40,215,50,33442.020000000004,19975.0,13467.020000000002,5
5533,1239,180,115,0,115,110,0,5,35,35,0,35,285,15,8604.54,25075.0,-16470.46,5
5534,1239,80,145,0,145,135,0,10,50,50,0,50,210,40,23531.130000000005,19125.0,4406.130000000003,5
5535,1239,115,135,0,135,135,0,0,65,65,0,60,245,25,12775.320000000002,21250.0,-8474.679999999998,5
5536,1239,100,140,0,140,120,10,10,55,55,0,55,215,30,15804.36,20400.0,-4595.6399999999985,5
5537,1239,180,135,0,135,125,0,10,25,25,0,25,300,10,5004.720000000001,26775.0,-21770.28,5
5538,1239,100,130,0,130,130,0,0,65,65,0,65,225,80,52220.835000000014,19550.0,32670.835000000014,5
5539,1239,65,160,0,160,130,5,25,45,45,0,45,190,45,26055.18,19125.0,6930.18,5
5540,1239,60,170,0,170,160,0,10,30,30,0,30,215,30,19162.620000000003,19550.0,-387.3799999999983,5
5541,1239,120,130,0,130,130,0,0,55,55,0,55,245,45,26274.960000000006,21250.0,5024.9600000000055,5
5542,1239,155,135,0,135,120,0,15,40,40,0,40,270,35,18987.3,24650.0,-5662.7,5
5543,1239,105,150,0,150,140,10,0,35,35,0,35,240,25,12731.400000000001,21675.0,-8943.599999999999,5
5544,1239,70,155,0,155,150,0,5,35,35,0,35,215,35,23410.350000000002,19125.0,4285.350000000003,5
5545,1239,110,135,0,135,120,0,15,50,50,0,50,225,30,17384.4,20825.0,-3440.599999999997,5
5546,1239,110,140,0,140,130,0,10,50,50,0,50,235,50,33189.03,21250.0,11939.030000000002,5
5547,1239,95,165,0,165,125,5,35,45,45,0,45,215,40,26922.600000000002,22100.0,4822.600000000002,5
5548,1239,85,125,0,125,125,0,0,60,60,0,60,205,65,41151.46500000001,17850.0,23301.465000000007,5
5549,1239,190,95,0,95,90,0,5,50,50,0,45,275,50,31992.57,24225.0,7767.570000000001,5
5550,1239,65,170,0,170,110,35,25,60,60,0,60,170,20,15151.275000000001,19975.0,-4823.724999999999,5
5551,1239,65,190,0,190,155,0,35,30,30,0,30,215,15,7682.76,21675.0,-13992.24,5
5552,1239,120,140,0,140,135,0,5,40,40,0,40,250,40,28168.155000000002,22100.0,6068.155000000002,5
5553,1239,55,175,0,175,130,10,35,45,45,0,45,180,55,37173.33,19550.0,17623.33,5
5554,1239,105,130,0,130,130,0,0,60,60,0,60,230,50,28425.780000000006,19975.0,8450.780000000004,5
5555,1239,85,150,0,150,135,0,15,55,55,0,55,215,50,31729.68,19975.0,11754.679999999998,5
5556,1239,70,160,0,160,120,15,25,55,55,0,50,185,80,60023.12062500002,19550.0,40473.12062500002,5
5557,1239,120,145,0,145,120,15,10,50,50,0,50,235,35,19184.94,22525.0,-3340.060000000001,5
5558,1239,75,145,0,145,105,10,30,60,60,0,55,175,95,67754.37375000001,18700.0,49054.37375000001,5
5559,1239,55,155,0,155,130,10,15,50,50,0,50,180,40,25418.340000000007,17850.0,7568.340000000007,5
5560,1239,70,160,0,160,145,0,15,40,40,0,40,210,35,18570.06,19550.0,-979.9399999999991,5
5561,1239,85,165,0,165,130,0,35,55,55,0,55,210,10,5268.240000000001,21250.0,-15981.759999999998,5
5562,1239,120,150,0,150,145,0,5,50,50,0,50,260,30,16309.260000000002,22950.0,-6640.739999999998,5
5563,1239,105,130,0,130,130,0,0,50,50,0,50,230,80,50628.60000000001,19975.0,30653.600000000013,5
5564,1239,115,140,0,140,140,0,0,45,45,0,45,250,60,41688.30375000001,21675.0,20013.303750000006,5
5565,1239,85,175,0,175,170,0,5,20,20,0,20,250,10,5268.240000000001,22100.0,-16831.76,5
5566,1239,70,145,0,145,120,25,0,45,45,0,45,185,70,50895.33750000001,18275.0,32620.337500000005,5
5567,1239,70,165,0,165,160,0,5,35,35,0,35,225,20,11546.100000000002,19975.0,-8428.899999999998,5
5568,1239,100,150,0,150,135,0,15,65,65,0,65,230,55,30247.920000000006,21250.0,8997.920000000004,5
5569,1239,55,170,0,170,145,5,20,45,45,0,45,195,45,28480.950000000004,19125.0,9355.950000000003,5
5570,1239,40,165,0,165,165,0,0,20,20,0,20,200,20,10974.600000000002,17425.0,-6450.399999999998,5
5571,1239,65,165,0,165,150,10,5,50,50,0,50,210,20,10009.44,19550.0,-9540.56,5
5572,1239,105,140,0,140,130,10,0,75,75,0,75,230,45,23136.120000000003,20825.0,2311.120000000001,5
5573,1239,85,165,0,165,145,0,20,45,45,0,45,225,60,37733.310000000005,21250.0,16483.310000000005,5
5574,1239,105,165,0,165,155,0,10,15,15,0,15,255,10,6585.300000000001,22950.0,-16364.699999999997,5
5575,1239,75,140,0,140,135,0,5,50,50,0,50,205,50,34012.3725,18275.0,15737.372500000001,5
5576,1239,55,165,0,165,155,0,10,30,30,0,30,205,35,24793.425000000003,18700.0,6093.425000000002,5
5577,1239,140,130,0,130,120,0,10,55,55,0,55,255,35,20348.280000000002,22950.0,-2601.719999999998,5
5578,1239,130,155,0,155,105,5,45,50,50,0,50,230,40,25111.710000000003,24225.0,886.7100000000028,5
5579,1239,115,145,0,145,130,0,15,30,30,0,30,240,30,17680.95,22100.0,-4419.049999999999,5
5580,1239,155,120,0,120,115,0,5,40,40,0,40,265,50,38516.70375,23375.0,15141.70375,5
5581,1239,110,155,0,155,120,20,15,70,70,0,70,225,55,33902.91,22525.0,11377.910000000002,5
5582,1239,95,155,0,155,140,0,15,45,45,0,45,230,25,13938.660000000002,21250.0,-7311.339999999998,5
5583,1239,85,145,0,145,120,5,20,65,65,0,65,200,20,12588.390000000001,19550.0,-6961.609999999999,5
5584,1239,90,165,0,165,135,10,20,65,65,0,65,220,35,21094.56,21675.0,-580.4399999999987,5
5585,1239,105,145,0,145,135,0,10,55,55,0,50,235,55,33573.51,21250.0,12323.510000000002,5
5586,1239,80,165,0,165,155,0,10,40,40,0,40,230,45,26955.270000000004,20825.0,6130.270000000005,5
5587,1239,105,130,0,130,105,10,15,60,60,0,60,205,80,50815.10250000001,19975.0,30840.10250000001,5
5588,1239,115,135,0,135,130,0,5,25,25,0,25,240,40,31411.057500000003,21250.0,10161.057500000003,5
5589,1239,50,165,0,165,150,0,15,45,45,0,45,195,75,54772.44750000001,18275.0,36497.44750000001,5
5590,1239,120,140,0,140,120,20,0,55,55,0,55,235,45,26856.360000000004,22100.0,4756.360000000004,5
5591,1239,150,125,0,125,120,0,5,60,60,0,55,265,50,31257.81000000001,23375.0,7882.810000000009,5
5592,1239,75,165,0,165,160,5,0,45,45,0,45,230,25,14136.300000000003,20400.0,-6263.699999999997,5
5593,1239,105,135,0,135,110,0,25,65,65,0,65,210,35,20984.760000000002,20400.0,584.7600000000011,5
5594,1239,60,180,0,180,145,0,35,40,40,0,40,200,30,17977.68,20400.0,-2422.3199999999997,5
5595,1239,125,115,0,115,90,0,25,60,60,0,55,210,70,46952.1,20400.0,26552.1,5
5596,1239,65,165,0,165,135,10,20,50,50,0,50,195,45,26406.54,19550.0,6856.54,5
5597,1239,95,170,0,170,140,0,30,45,45,0,45,230,30,15014.16,22525.0,-7510.84,5
5598,1239,75,160,0,160,115,10,35,65,65,0,65,185,40,22367.520000000004,19975.0,2392.520000000004,5
5599,1239,50,180,0,180,140,35,5,30,30,0,30,185,30,23997.285000000007,19550.0,4447.285000000006,5
5600,1239,85,165,0,165,160,0,5,35,35,0,35,240,15,7507.080000000001,21250.0,-13742.919999999998,5
5601,1239,105,125,0,125,125,0,0,40,40,0,40,225,100,83310.07289062502,19550.0,63760.072890625015,5
5602,1239,80,155,0,155,155,0,0,45,45,0,45,230,65,48162.70125,19975.0,28187.70125,5
5603,1239,130,125,0,125,115,0,10,55,55,0,55,240,60,35933.04,21675.0,14258.04,5
5604,1239,65,155,0,155,155,0,0,40,40,0,40,215,45,28941.480000000003,18700.0,10241.480000000001,5
5605,1239,55,160,0,160,150,0,10,45,45,0,45,200,30,18558.99,18275.0,283.99000000000115,5
5606,1239,125,135,0,135,135,0,0,50,50,0,50,255,55,33320.97000000001,22100.0,11220.970000000007,5
5607,1239,145,135,0,135,100,0,35,50,50,0,50,240,50,32816.025,23800.0,9016.025000000005,5
5608,1239,80,155,0,155,130,5,20,55,55,0,55,205,15,7243.560000000001,19975.0,-12731.439999999999,5
5609,1239,90,145,0,145,140,0,5,50,50,0,50,225,40,25188.165000000005,19975.0,5213.165000000004,5
5610,1239,95,150,0,150,120,5,25,45,45,0,45,210,45,27152.910000000007,20825.0,6327.910000000006,5
5611,1239,55,175,0,175,145,0,30,35,35,0,35,195,35,21643.38,19550.0,2093.380000000002,5
5612,1239,100,140,0,140,135,0,5,50,50,0,50,230,25,13850.82,20400.0,-6549.180000000001,5
5613,1239,95,150,0,150,130,0,20,45,45,0,45,220,25,13850.820000000002,20825.0,-6974.1799999999985,5
5614,1239,95,145,0,145,140,0,5,55,55,0,55,230,25,12687.120000000003,20400.0,-7712.879999999997,5
5615,1239,105,140,0,140,140,0,0,45,45,0,45,240,50,34034.80500000001,20825.0,13209.805000000006,5
5616,1239,130,145,0,145,145,0,0,45,45,0,45,270,25,13741.020000000004,23375.0,-9633.979999999996,5
5617,1239,60,155,0,155,150,0,5,35,35,0,35,205,60,44099.735625,18275.0,25824.735625,5
5618,1239,110,130,0,130,115,0,15,40,40,0,40,220,30,19963.620000000003,20400.0,-436.3799999999992,5
5619,1239,80,155,0,155,115,5,35,50,50,0,50,190,40,25319.79,19975.0,5344.790000000003,5
5620,1239,60,175,0,175,155,0,20,35,35,0,35,210,25,12336.12,19975.0,-7638.879999999999,5
5621,1239,100,140,0,140,130,0,10,40,40,0,35,225,55,41117.34375,20400.0,20717.34375,5
5622,1239,105,150,0,150,135,5,10,45,45,0,45,235,35,20458.08,21675.0,-1216.9199999999978,5
5623,1239,115,170,0,170,135,10,25,30,30,0,30,245,25,15036.12,24225.0,-9188.88,5
5624,1239,85,165,0,165,155,0,10,30,30,0,25,235,55,35801.64,21250.0,14551.640000000003,5
5625,1239,150,140,0,140,135,0,5,35,35,0,35,280,25,12687.480000000003,24650.0,-11962.519999999997,5
5626,1239,90,150,0,150,145,0,5,45,45,0,45,230,35,19272.240000000005,20400.0,-1127.7599999999961,5
5627,1239,80,150,0,150,145,0,5,40,40,0,35,220,40,26977.36500000001,19550.0,7427.365000000009,5
5628,1239,85,150,0,150,140,0,10,45,45,0,40,220,60,35965.530000000006,19975.0,15990.530000000002,5
5629,1239,90,145,0,145,125,0,20,55,55,0,55,210,40,22345.56,19975.0,2370.5600000000004,5
5630,1239,165,120,0,120,110,0,10,55,55,0,55,270,45,25550.640000000003,24225.0,1325.640000000003,5
5631,1239,90,160,0,160,130,0,30,45,45,0,45,215,45,29276.595,21250.0,8026.595000000002,5
5632,1239,75,175,0,175,155,0,20,30,30,0,30,225,25,12380.04,21250.0,-8869.96,5
5633,1239,120,155,0,155,140,0,15,30,30,0,30,255,15,8341.02,23375.0,-15033.98,5
5634,1239,115,140,0,140,140,0,0,35,35,0,35,250,50,33661.26,21675.0,11986.260000000002,5
5635,1239,135,115,0,115,110,0,5,45,45,0,40,240,45,27899.28,21250.0,6649.279999999999,5
5636,1239,115,140,0,140,130,0,10,55,55,0,55,240,35,19382.58,21675.0,-2292.4199999999996,5
5637,1239,120,120,0,120,120,0,0,70,70,0,65,235,55,30643.200000000004,20400.0,10243.200000000006,5
5638,1239,60,165,0,165,135,0,30,45,45,0,45,190,45,27328.320000000003,19125.0,8203.320000000003,5
5639,1239,80,160,0,160,140,0,20,40,40,0,40,215,35,20326.32,20400.0,-73.67999999999938,5
5640,1239,85,175,0,175,160,0,15,25,25,0,25,240,10,5487.4800000000005,22100.0,-16612.52,5
5641,1239,85,155,0,155,155,0,0,25,25,0,25,235,30,21418.155000000002,20400.0,1018.1550000000016,5
5642,1239,80,160,0,160,155,0,5,40,40,0,40,230,10,5268.240000000001,20400.0,-15131.759999999998,5
5643,1239,95,155,0,155,145,5,5,40,40,0,40,235,35,20084.760000000002,21250.0,-1165.2399999999989,5
5644,1239,125,145,0,145,125,0,20,35,35,0,35,245,25,12555.720000000001,22950.0,-10394.279999999999,5
5645,1239,75,160,0,160,140,0,20,35,35,0,35,210,30,19075.14,19975.0,-899.860000000001,5
5646,1239,85,155,0,155,130,10,15,60,60,0,60,210,10,5136.4800000000005,20400.0,-15263.519999999999,5
5647,1239,135,130,0,130,125,0,5,35,35,0,35,255,65,51664.06968750001,22525.0,29139.069687500007,5
5648,1239,115,140,0,140,135,5,0,65,65,0,65,245,50,28656.630000000005,21675.0,6981.630000000005,5
5649,1239,160,105,0,105,105,0,0,45,45,0,45,260,50,33353.91,22525.0,10828.910000000005,5
5650,1239,70,160,0,160,145,0,15,35,35,0,30,210,90,64013.84999999999,19550.0,44463.84999999999,5
5651,1239,125,130,0,130,120,0,10,45,45,0,45,240,50,36588.8475,21675.0,14913.847500000002,5
5652,1239,80,145,0,145,125,0,20,50,50,0,50,200,30,16638.66,19125.0,-2486.34,5
5653,1239,85,155,0,155,145,0,10,45,45,0,45,225,35,23958.945000000003,20400.0,3558.9450000000033,5
5654,1239,85,165,0,165,135,0,30,30,30,0,30,215,10,4872.960000000001,21250.0,-16377.039999999999,5
5655,1239,75,165,0,165,115,15,35,60,60,0,55,185,35,19404.540000000005,20400.0,-995.459999999996,5
5656,1239,85,165,0,165,165,0,0,30,30,0,30,245,25,13894.740000000002,21250.0,-7355.259999999998,5
5657,1239,150,135,0,135,130,0,5,30,30,0,30,275,15,7726.68,24225.0,-16498.32,5
5658,1239,140,130,0,130,120,0,10,60,60,0,60,255,65,38051.73000000001,22950.0,15101.730000000007,5
5659,1239,140,135,0,135,135,0,0,35,35,0,35,270,45,27185.85,23375.0,3810.8500000000004,5
5660,1239,100,150,0,150,115,5,30,55,55,0,50,210,30,15057.720000000001,21250.0,-6192.279999999999,5
5661,1239,75,160,0,160,130,0,30,45,45,0,45,200,35,22323.870000000003,19975.0,2348.8700000000017,5
5662,1239,80,155,0,155,130,0,25,30,30,0,30,205,55,41150.8125,19975.0,21175.8125,5
5663,1239,90,160,0,160,105,25,30,50,50,0,50,190,40,23673.870000000006,21250.0,2423.8700000000063,5
5664,1239,120,120,0,120,105,0,15,50,50,0,50,220,60,47700.79312500002,20400.0,27300.79312500002,5
5665,1239,95,165,0,165,135,0,30,45,45,0,45,225,20,11853.540000000003,22100.0,-10246.459999999997,5
5666,1239,110,145,0,145,130,0,15,50,50,0,45,235,25,12643.560000000001,21675.0,-9031.439999999999,5
5667,1239,150,140,0,140,130,0,10,30,30,0,25,275,20,10536.12,24650.0,-14113.88,5
5668,1239,120,125,0,125,120,0,5,55,55,0,55,235,95,68354.08312500002,20825.0,47529.08312500003,5
5669,1239,85,140,0,140,130,0,10,60,60,0,55,210,5,2590.2000000000003,19125.0,-16534.8,5
5670,1239,125,135,0,135,135,0,0,50,50,0,50,255,55,32519.97,22100.0,10419.970000000003,5
5671,1239,80,155,0,155,135,15,5,45,45,0,45,210,45,25023.600000000002,19975.0,5048.600000000001,5
5672,1239,130,125,0,125,125,0,0,50,50,0,50,250,50,29632.95,21675.0,7957.950000000001,5
5673,1239,50,160,0,160,155,0,5,45,45,0,45,200,40,26297.010000000002,17850.0,8447.01,5
5674,1239,35,185,0,185,160,10,15,15,15,0,15,190,10,5443.560000000001,18700.0,-13256.439999999999,5
5675,1239,145,115,0,115,110,0,5,55,55,0,50,250,45,31257.472500000003,22100.0,9157.472500000003,5
5676,1239,160,115,0,115,115,0,0,60,60,0,60,270,40,24749.370000000003,23375.0,1374.3700000000035,5
5677,1239,75,150,0,150,135,0,15,55,55,0,50,205,30,16287.300000000003,19125.0,-2837.6999999999975,5
5678,1239,145,145,0,145,140,0,5,40,40,0,40,280,10,6453.540000000001,24650.0,-18196.46,5
5679,1239,110,125,0,125,100,0,25,50,50,0,50,205,120,89537.61375000002,19975.0,69562.61375000002,5
5680,1239,45,185,0,185,135,20,30,40,40,0,40,175,20,12467.880000000001,19550.0,-7082.12,5
5681,1239,80,165,0,165,155,0,10,40,40,0,40,230,20,11414.340000000002,20825.0,-9410.659999999998,5
5682,1239,90,130,0,130,115,0,15,65,65,0,65,200,65,40520.520000000004,18700.0,21820.52,5
5683,1239,75,155,0,155,135,0,20,65,65,0,60,205,65,42123.55500000001,19550.0,22573.555000000008,5
5684,1239,60,165,0,165,165,0,0,35,35,0,35,220,65,44315.2575,19125.0,25190.2575,5
5685,1239,85,165,0,165,155,0,10,40,40,0,40,235,25,14070.419999999998,21250.0,-7179.580000000001,5
5686,1239,90,160,0,160,100,40,20,55,55,0,55,185,35,21116.520000000004,21250.0,-133.47999999999502,5
5687,1239,115,145,0,145,125,0,20,45,45,0,45,235,25,12028.680000000002,22100.0,-10071.319999999998,5
5688,1239,140,140,0,140,140,0,0,25,25,0,25,275,20,12072.780000000002,23800.0,-11727.219999999998,5
5689,1239,120,130,0,130,100,0,30,70,70,0,70,215,90,54558.36,21250.0,33308.36,5
5690,1239,120,135,0,135,130,0,5,15,15,0,15,245,35,25851.80250000001,21675.0,4176.802500000008,5
5691,1239,125,145,0,145,130,0,15,25,25,0,25,250,25,13719.060000000001,22950.0,-9230.939999999999,5
5692,1239,75,150,0,150,140,0,10,45,45,0,45,210,45,31323.825000000004,19125.0,12198.825000000006,5
5693,1239,60,170,0,170,135,0,35,30,30,0,30,190,20,11238.660000000002,19550.0,-8311.339999999998,5
5694,1239,95,155,0,155,150,0,5,40,40,0,40,240,35,23311.665,21250.0,2061.6650000000027,5
5695,1239,105,155,0,155,135,0,20,50,50,0,50,235,55,36965.11500000001,22100.0,14865.115000000009,5
5696,1239,85,170,0,170,120,10,40,55,55,0,55,200,50,30576.96,21675.0,8901.96,5
5697,1239,110,130,0,130,110,5,15,45,45,0,45,215,80,57891.74625000001,20400.0,37491.74625000001,5
5698,1239,120,105,0,105,105,0,0,70,70,0,70,220,80,51935.13000000002,19125.0,32810.13000000002,5
5699,1239,125,130,0,130,120,0,10,45,45,0,45,240,50,33238.39500000001,21675.0,11563.39500000001,5
5700,1239,100,160,0,160,105,25,30,45,45,0,45,200,30,17933.760000000002,22100.0,-4166.239999999998,5
5701,1239,50,165,0,165,150,5,10,40,40,0,40,195,45,33274.2375,18275.0,14999.237500000003,5
5702,1239,95,130,0,130,130,0,0,45,45,0,40,220,45,30933.495000000003,19125.0,11808.495000000003,5
5703,1239,95,125,0,125,125,0,0,55,55,0,50,215,45,25374.420000000006,18700.0,6674.420000000005,5
5704,1239,85,170,0,170,145,0,25,35,35,0,35,225,40,20457.540000000005,21675.0,-1217.4599999999964,5
5705,1239,115,140,0,140,130,5,5,60,60,0,60,240,45,26253.0,21675.0,4578.000000000002,5
5706,1239,95,155,0,155,115,5,35,55,55,0,50,205,80,55055.17125,21250.0,33805.17125,5
5707,1239,130,135,0,135,120,0,15,55,55,0,55,245,65,47040.57,22525.0,24515.57,5
5708,1239,75,150,0,150,145,5,0,45,45,0,45,215,45,26142.660000000003,19125.0,7017.660000000005,5
5709,1239,120,135,0,135,120,0,15,45,45,0,45,235,40,23025.780000000006,21675.0,1350.7800000000043,5
5710,1239,55,175,0,175,145,15,15,35,35,0,35,195,50,33562.66499999999,19550.0,14012.664999999997,5
5711,1239,85,165,0,165,155,0,10,30,30,0,30,235,50,32651.190000000006,21250.0,11401.190000000006,5
5712,1239,150,135,0,135,120,0,15,55,55,0,55,265,40,23421.600000000006,24225.0,-803.3999999999924,5
5713,1239,105,130,0,130,115,0,15,55,55,0,55,215,20,10009.44,19975.0,-9965.56,5
5714,1239,130,140,0,140,135,0,5,45,45,0,45,260,30,17845.920000000002,22950.0,-5104.079999999999,5
5715,1239,50,160,0,160,120,15,25,45,45,0,45,165,95,71241.204375,17850.0,53391.20437500001,5
5716,1239,90,150,0,150,140,0,10,30,30,0,30,225,25,12643.200000000004,20400.0,-7756.799999999996,5
5717,1239,155,110,0,110,110,0,0,75,75,0,70,260,60,34879.590000000004,22525.0,12354.590000000004,5
5718,1239,105,120,0,120,105,10,5,70,70,0,70,205,45,27767.52,19125.0,8642.52,5
5719,1239,95,150,0,150,110,5,35,70,70,0,70,200,55,32333.22,20825.0,11508.220000000001,5
5720,1239,110,160,0,160,150,0,10,40,40,0,40,255,15,7507.080000000001,22950.0,-15442.919999999998,5
5721,1239,100,150,0,150,140,0,10,35,35,0,35,235,20,10053.36,21250.0,-11196.64,5
5722,1239,60,175,0,175,145,0,30,40,40,0,40,200,35,26540.460000000003,19975.0,6565.460000000003,5
5723,1239,120,145,0,145,145,0,0,45,45,0,45,260,45,27789.750000000004,22525.0,5264.750000000004,5
5724,1239,115,140,0,140,140,0,0,60,60,0,60,250,25,12819.24,21675.0,-8855.76,5
5725,1239,65,160,0,160,135,0,25,50,50,0,50,195,55,36936.92250000001,19125.0,17811.922500000004,5
5726,1239,110,135,0,135,130,0,5,55,55,0,55,235,20,10667.880000000003,20825.0,-10157.119999999997,5
5727,1239,95,120,0,120,115,5,0,55,55,0,55,205,100,73634.84718750001,18275.0,55359.84718750001,5
5728,1239,115,130,0,130,125,0,5,45,45,0,45,235,40,22235.760000000006,20825.0,1410.7600000000048,5
5729,1239,85,155,0,155,120,10,25,50,50,0,45,200,60,39648.375,20400.0,19248.375,5
5730,1239,85,150,0,150,125,0,25,55,55,0,50,205,35,19074.78,19975.0,-900.2199999999993,5
5731,1239,100,145,0,145,125,0,20,40,40,0,40,220,20,12929.04,20825.0,-7895.96,5
5732,1239,100,150,0,150,130,0,20,50,50,0,50,225,40,21862.620000000003,21250.0,612.6200000000017,5
5733,1239,70,165,0,165,165,0,0,30,30,0,30,230,50,32870.925,19975.0,12895.925000000007,5
5734,1239,120,140,0,140,75,20,45,65,65,0,65,190,60,39598.425,22100.0,17498.425000000003,5
5735,1239,105,150,0,150,115,0,35,75,75,0,70,215,45,23772.420000000002,21675.0,2097.420000000002,5
5736,1239,90,150,0,150,125,10,15,55,55,0,50,210,20,9921.600000000002,20400.0,-10478.399999999998,5
5737,1239,110,135,0,135,125,0,10,55,55,0,50,230,20,11809.620000000003,20825.0,-9015.379999999997,5
5738,1239,70,150,0,150,145,5,0,55,55,0,55,210,70,44208.000000000015,18700.0,25508.00000000001,5
5739,1239,50,180,0,180,150,5,25,35,35,0,35,195,20,11721.420000000002,19550.0,-7828.579999999997,5
5740,1239,65,170,0,170,135,0,35,45,45,0,45,195,65,39094.020000000004,19975.0,19119.02,5
5741,1239,115,130,0,130,105,0,25,60,60,0,55,215,55,33957.270000000004,20825.0,13132.270000000004,5
5742,1239,100,140,0,140,125,10,5,45,45,0,40,220,35,23349.735,20400.0,2949.7350000000006,5
5743,1239,120,145,0,145,140,0,5,40,40,0,40,255,30,21286.575000000004,22525.0,-1238.4249999999975,5
5744,1239,155,105,0,105,100,0,5,55,55,0,55,250,40,25769.745000000003,22100.0,3669.7450000000026,5
5745,1239,85,165,0,165,150,0,15,30,30,0,30,230,20,11655.900000000001,21250.0,-9594.099999999999,5
5746,1239,100,140,0,140,125,0,15,40,40,0,40,220,30,17604.000000000004,20400.0,-2795.999999999997,5
5747,1239,165,125,0,125,120,0,5,25,25,0,25,280,25,13565.340000000004,24650.0,-11084.659999999996,5
5748,1239,60,165,0,165,150,0,15,40,40,0,35,205,35,19733.4,19125.0,608.4000000000015,5
5749,1239,80,150,0,150,110,10,30,60,60,0,60,185,45,25945.290000000005,19550.0,6395.2900000000045,5
5750,1239,125,125,0,125,125,0,0,65,65,0,65,245,50,31093.109999999997,21250.0,9843.109999999997,5
5751,1239,100,145,0,145,140,0,5,45,45,0,45,235,25,12775.320000000002,20825.0,-8049.6799999999985,5
5752,1239,120,145,0,145,130,0,15,40,40,0,40,245,85,60506.52750000001,22525.0,37981.52750000001,5
5753,1239,70,170,0,170,170,0,0,45,45,0,45,235,15,7638.840000000001,20400.0,-12761.16,5
5754,1239,165,120,0,120,115,0,5,35,35,0,35,275,30,17955.72,24225.0,-6269.279999999999,5
5755,1239,115,125,0,125,125,0,0,55,55,0,55,235,60,39889.66499999999,20400.0,19489.664999999994,5
5756,1239,110,140,0,140,135,0,5,50,50,0,50,240,40,24661.530000000002,21250.0,3411.5300000000025,5
5757,1239,175,125,0,125,95,0,30,45,45,0,45,265,45,24869.880000000005,25500.0,-630.1199999999972,5
5758,1239,75,160,0,160,145,15,0,35,35,0,35,215,30,15913.980000000003,19975.0,-4061.0199999999963,5
5759,1239,125,120,0,120,100,0,20,60,60,0,60,220,25,14180.220000000001,20825.0,-6644.779999999999,5
5760,1239,70,165,0,165,160,0,5,45,45,0,40,225,50,33227.505000000005,19975.0,13252.505000000005,5
5761,1239,80,130,0,130,120,5,5,40,40,0,40,195,35,21829.410000000003,17850.0,3979.4100000000026,5
5762,1239,110,130,0,130,120,0,10,60,60,0,60,225,30,18822.87,20400.0,-1577.1299999999997,5
5763,1239,105,160,0,160,150,0,10,30,30,0,30,250,30,18965.34,22525.0,-3559.659999999999,5
5764,1239,80,145,0,145,130,0,15,55,55,0,55,205,10,5180.400000000001,19125.0,-13944.6,5
5765,1239,100,150,0,150,130,0,20,50,50,0,50,225,50,29062.620000000003,21250.0,7812.620000000002,5
5766,1239,130,140,0,140,135,0,5,50,50,0,50,260,20,10448.279999999999,22950.0,-12501.720000000001,5
5767,1239,125,150,0,150,150,0,0,45,45,0,45,270,25,15343.56,23375.0,-8031.4400000000005,5
5768,1239,125,120,0,120,115,5,0,35,35,0,35,235,65,46281.982500000006,20825.0,25456.982500000006,5
5769,1239,100,140,0,140,125,0,15,55,55,0,55,220,25,14575.140000000001,20400.0,-5824.859999999999,5
5770,1239,105,140,0,140,140,0,0,35,35,0,35,240,10,5048.64,20825.0,-15776.36,5
5771,1239,180,115,0,115,100,0,15,35,35,0,30,275,55,35362.305,25075.0,10287.305,5
5772,1239,75,150,0,150,135,0,15,55,55,0,55,205,65,37798.380000000005,19125.0,18673.380000000005,5
5773,1239,100,150,0,150,140,0,10,45,45,0,45,235,40,25989.570000000003,21250.0,4739.570000000003,5
5774,1239,120,145,0,145,125,0,20,55,55,0,50,240,45,23399.100000000002,22525.0,874.1000000000031,5
5775,1239,120,135,0,135,120,10,5,40,40,0,40,235,50,31762.530000000002,21675.0,10087.530000000002,5
5776,1239,110,160,0,160,155,0,5,35,35,0,35,260,25,13170.240000000002,22950.0,-9779.759999999998,5
5777,1239,75,150,0,150,125,0,25,50,50,0,50,195,40,23574.600000000006,19125.0,4449.600000000005,5
5778,1239,105,140,0,140,130,0,10,50,50,0,45,230,30,18416.52,20825.0,-2408.4799999999996,5
5779,1239,80,145,0,145,125,0,20,45,45,0,45,200,50,34714.53,19125.0,15589.529999999999,5
5780,1239,120,115,0,115,115,0,0,50,50,0,50,230,55,35438.94,19975.0,15463.940000000002,5
5781,1239,150,120,0,120,120,0,0,65,65,0,60,265,40,26450.505000000005,22950.0,3500.505000000003,5
5782,1239,105,150,0,150,140,0,10,50,50,0,50,240,45,26384.58,21675.0,4709.580000000001,5
5783,1239,150,135,0,135,125,0,10,25,25,0,25,270,35,22191.57,24225.0,-2033.4299999999985,5
5784,1239,65,165,0,165,135,0,30,65,65,0,60,195,25,15321.330000000002,19550.0,-4228.669999999997,5
5785,1239,75,170,0,170,140,10,20,45,45,0,45,210,50,32404.81500000001,20825.0,11579.815000000008,5
5786,1239,100,140,0,140,135,0,5,60,60,0,60,230,40,25989.570000000003,20400.0,5589.570000000003,5
5787,1239,85,155,0,155,155,0,0,55,55,0,55,235,25,12643.560000000001,20400.0,-7756.439999999998,5
5788,1239,90,140,0,140,120,0,20,65,65,0,60,205,80,53943.75,19550.0,34393.75,5
5789,1239,45,170,0,170,165,0,5,35,35,0,30,205,45,28261.350000000006,18275.0,9986.350000000006,5
5790,1239,105,150,0,150,150,0,0,50,50,0,50,250,25,12423.960000000003,21675.0,-9251.039999999997,5
5791,1239,130,120,0,120,100,0,20,60,60,0,55,225,20,9965.52,21250.0,-11284.48,5
5792,1239,110,135,0,135,135,0,0,55,55,0,55,240,40,21335.940000000006,20825.0,510.94000000000506,5
5793,1239,65,145,0,145,140,0,5,55,55,0,55,200,30,16638.300000000003,17850.0,-1211.6999999999985,5
5794,1239,155,115,0,115,90,0,25,65,65,0,65,240,50,30138.030000000006,22950.0,7188.030000000008,5
5795,1239,110,135,0,135,110,0,25,45,45,0,45,215,40,24562.710000000006,20825.0,3737.7100000000064,5
5796,1239,145,135,0,135,110,0,25,45,45,0,45,250,15,8955.900000000001,23800.0,-14844.099999999999,5
5797,1239,70,160,0,160,120,25,15,60,60,0,60,185,40,25890.525,19550.0,6340.525000000002,5
5798,1239,125,145,0,145,140,0,5,50,50,0,50,260,40,22960.440000000002,22950.0,10.440000000003238,5
5799,1239,95,145,0,145,140,5,0,50,50,0,50,230,5,2370.6000000000004,20400.0,-18029.4,5
5800,1239,90,150,0,150,140,0,10,40,40,0,40,225,25,13806.900000000001,20400.0,-6593.099999999999,5
5801,1239,120,145,0,145,125,0,20,30,30,0,30,240,60,45613.676250000004,22525.0,23088.676250000008,5
5802,1239,90,160,0,160,150,0,10,25,25,0,20,235,15,8736.300000000001,21250.0,-12513.699999999999,5
5803,1239,125,145,0,145,125,0,20,45,45,0,40,245,25,14311.980000000001,22950.0,-8638.019999999999,5
5804,1239,70,160,0,160,160,0,0,40,40,0,40,225,25,12160.44,19550.0,-7389.5599999999995,5
5805,1239,85,155,0,155,145,0,10,45,45,0,45,225,50,33090.93000000001,20400.0,12690.930000000008,5
5806,1239,100,135,0,135,130,0,5,65,65,0,60,225,75,49394.39625,19975.0,29419.396249999998,5
5807,1239,120,120,0,120,100,0,20,60,60,0,60,215,40,20698.380000000005,20400.0,298.3800000000065,5
5808,1239,55,165,0,165,155,0,10,35,35,0,35,205,30,20381.085,18700.0,1681.0850000000005,5
5809,1239,125,135,0,135,125,0,10,45,45,0,45,245,60,38874.42000000001,22100.0,16774.42000000001,5
5810,1239,75,185,0,185,155,0,30,20,20,0,20,225,25,13960.260000000002,22100.0,-8139.739999999997,5
5811,1239,85,165,0,165,140,0,25,35,35,0,35,220,50,33266.205,21250.0,12016.205000000005,5
5812,1239,115,140,0,140,140,0,0,50,50,0,50,250,35,22532.49,21675.0,857.4900000000025,5
5813,1239,100,135,0,135,135,0,0,55,55,0,55,230,45,28371.15,19975.0,8396.150000000001,5
5814,1239,70,160,0,160,145,10,5,40,40,0,40,210,30,16704.180000000004,19550.0,-2845.8199999999965,5
5815,1239,65,145,0,145,130,0,15,65,65,0,60,190,35,19799.280000000002,17850.0,1949.280000000001,5
5816,1239,125,130,0,130,120,0,10,60,60,0,60,240,40,26088.390000000003,21675.0,4413.390000000004,5
5817,1239,75,160,0,160,120,10,30,70,70,0,70,190,80,54580.52250000001,19975.0,34605.52250000001,5
5818,1239,85,150,0,150,140,0,10,50,50,0,50,220,35,19623.780000000002,19975.0,-351.21999999999616,5
5819,1239,80,150,0,150,120,0,30,65,65,0,65,195,40,22257.54,19550.0,2707.539999999999,5
5820,1239,90,150,0,150,140,0,10,30,30,0,30,225,40,26604.45,20400.0,6204.450000000002,5
5821,1239,125,140,0,140,120,0,20,40,40,0,40,240,35,21456.63,22525.0,-1068.37,5
5822,1239,85,150,0,150,140,0,10,30,30,0,30,220,45,30654.045000000002,19975.0,10679.045000000002,5
5823,1239,110,120,0,120,120,0,0,60,60,0,60,225,55,34056.0,19550.0,14506.000000000004,5
5824,1239,100,150,0,150,145,0,5,45,45,0,45,240,25,16825.230000000003,21250.0,-4424.769999999999,5
5825,1239,90,145,0,145,100,25,20,70,70,0,70,185,50,30763.71000000001,19975.0,10788.71000000001,5
5826,1239,135,125,0,125,125,0,0,40,40,0,35,255,10,5048.64,22100.0,-17051.36,5
5827,1239,105,145,0,145,120,0,25,55,55,0,50,220,45,27559.17,21250.0,6309.169999999999,5
5828,1239,110,155,0,155,155,0,0,35,35,0,35,260,25,14180.220000000001,22525.0,-8344.779999999999,5
5829,1239,65,145,0,145,135,0,10,50,50,0,45,195,80,56860.318125000005,17850.0,39010.318125000005,5
5830,1239,115,155,0,155,140,0,15,50,50,0,50,250,25,15914.25,22950.0,-7035.75,5
5831,1239,170,115,0,115,115,0,0,40,40,0,40,280,55,36026.325000000004,24225.0,11801.325000000006,5
5832,1239,85,135,0,135,130,0,5,55,55,0,55,210,55,37354.365000000005,18700.0,18654.365,5
5833,1239,55,150,0,150,130,10,10,45,45,0,45,180,55,36613.55250000001,17425.0,19188.55250000001,5
5834,1239,90,155,0,155,125,20,10,65,65,0,65,210,80,51896.385,20825.0,31071.385000000002,5
5835,1239,170,115,0,115,95,0,20,55,55,0,55,260,60,37831.86,24225.0,13606.86,5
5836,1239,90,155,0,155,145,0,10,45,45,0,45,230,25,17197.920000000002,20825.0,-3627.0799999999986,5
5837,1239,155,120,0,120,110,0,10,50,50,0,50,260,50,30840.570000000003,23375.0,7465.570000000002,5
5838,1239,70,165,0,165,155,0,10,25,25,0,25,220,15,8648.460000000001,19975.0,-11326.54,5
5839,1239,50,170,0,170,160,0,10,45,45,0,45,205,65,44560.035,18700.0,25860.035000000007,5
5840,1239,135,115,0,115,115,0,0,55,55,0,55,245,70,45382.32000000002,21250.0,24132.320000000018,5
5841,1239,115,130,0,130,130,0,0,45,45,0,45,240,35,23454.09,20825.0,2629.090000000001,5
5842,1239,95,130,0,130,120,0,10,50,50,0,50,210,55,42980.58562500001,19125.0,23855.585625000003,5
5843,1239,150,115,0,115,115,0,0,40,40,0,40,260,45,29819.61,22525.0,7294.610000000002,5
5844,1239,75,150,0,150,140,0,10,45,45,0,40,210,35,18503.820000000003,19125.0,-621.1799999999971,5
5845,1239,115,120,0,120,115,0,5,40,40,0,40,225,55,38591.25750000001,19975.0,18616.25750000001,5
5846,1239,105,145,0,145,135,0,10,50,50,0,50,235,35,21006.540000000005,21250.0,-243.4599999999955,5
5847,1239,70,155,0,155,145,0,10,55,55,0,55,210,25,12511.800000000001,19125.0,-6613.199999999999,5
5848,1239,165,100,0,100,100,0,0,55,55,0,55,260,35,19250.280000000006,22525.0,-3274.7199999999953,5
5849,1239,90,145,0,145,145,0,0,45,45,0,45,230,40,21270.060000000005,19975.0,1295.0600000000031,5
5850,1239,105,165,0,165,110,25,30,70,70,0,70,210,65,40542.57000000001,22950.0,17592.570000000007,5
5851,1239,50,180,0,180,180,0,0,35,35,0,35,225,35,21324.870000000003,19550.0,1774.8700000000008,5
5852,1239,105,135,0,135,115,5,15,65,65,0,65,215,65,39510.765000000014,20400.0,19110.76500000001,5
5853,1239,60,170,0,170,150,10,10,45,45,0,45,205,20,11458.260000000002,19550.0,-8091.739999999998,5
5854,1239,105,120,0,120,120,0,0,60,60,0,60,220,25,13345.560000000003,19125.0,-5779.439999999997,5
5855,1239,100,140,0,140,125,0,15,70,70,0,70,220,65,42337.1025,20400.0,21937.1025,5
5856,1239,90,130,0,130,130,0,0,50,50,0,50,215,50,32656.995000000006,18700.0,13956.995000000006,5
5857,1239,65,165,0,165,165,0,0,40,40,0,40,225,25,16056.990000000002,19550.0,-3493.0099999999993,5
5858,1239,80,165,0,165,140,0,25,40,40,0,40,215,40,23333.4,20825.0,2508.4000000000015,5
5859,1239,65,170,0,170,150,0,20,40,40,0,35,210,20,11172.78,19975.0,-8802.22,5
5860,1239,55,170,0,170,165,0,5,30,30,0,30,215,25,13938.66,19125.0,-5186.34,5
5861,1239,160,125,0,125,110,0,15,75,75,0,70,265,50,25199.280000000002,24225.0,974.2800000000034,5
5862,1239,105,140,0,140,135,0,5,50,50,0,50,235,20,10053.0,20825.0,-10771.999999999998,5
5863,1239,70,165,0,165,120,15,30,40,40,0,35,185,45,29633.310000000012,19975.0,9658.31000000001,5
5864,1239,105,125,0,125,125,0,0,65,65,0,65,225,55,30709.08,19550.0,11159.080000000004,5
5865,1239,90,160,0,160,150,0,10,45,45,0,45,235,40,24782.31,21250.0,3532.310000000002,5
5866,1239,70,170,0,170,160,0,10,30,30,0,30,225,30,19942.29,20400.0,-457.7099999999996,5
5867,1239,135,110,0,110,110,0,0,70,70,0,70,240,50,27218.340000000007,20825.0,6393.340000000007,5
5868,1239,120,125,0,125,125,0,0,35,35,0,35,240,70,48905.75250000001,20825.0,28080.75250000001,5
5869,1239,85,160,0,160,140,5,15,60,60,0,60,220,40,24013.980000000003,20825.0,3188.9800000000014,5
5870,1239,130,135,0,135,135,0,0,40,40,0,40,260,20,11743.74,22525.0,-10781.26,5
5871,1239,105,145,0,145,140,0,5,50,50,0,50,240,35,19426.5,21250.0,-1823.499999999999,5
5872,1239,80,140,0,140,135,0,5,50,50,0,50,210,65,45791.37000000001,18700.0,27091.370000000006,5
5873,1239,90,160,0,160,150,0,10,45,45,0,45,235,35,18723.780000000002,21250.0,-2526.219999999996,5
5874,1239,145,115,0,115,110,0,5,50,50,0,50,250,10,5136.4800000000005,22100.0,-16963.519999999997,5
5875,1239,110,145,0,145,135,0,10,40,40,0,40,240,35,18811.62,21675.0,-2863.3799999999997,5
5876,1239,100,155,0,155,150,0,5,25,25,0,25,245,5,2502.36,21675.0,-19172.64,5
5877,1239,75,150,0,150,135,0,15,40,40,0,40,205,45,28596.375000000007,19125.0,9471.375000000007,5
5878,1239,155,130,0,130,130,0,0,40,40,0,40,280,15,7419.240000000001,24225.0,-16805.760000000002,5
5879,1239,130,135,0,135,125,0,10,45,45,0,45,250,25,13982.58,22525.0,-8542.42,5
5880,1239,135,115,0,115,115,0,0,50,50,0,50,245,35,26615.295000000002,21250.0,5365.295000000001,5
5881,1239,120,155,0,155,135,0,20,35,35,0,30,250,20,10536.12,23375.0,-12838.88,5
5882,1239,95,160,0,160,110,5,45,55,55,0,55,200,55,32805.450000000004,21675.0,11130.450000000004,5
5883,1239,60,190,0,190,160,0,30,25,25,0,25,215,15,7770.240000000002,21250.0,-13479.759999999998,5
5884,1239,115,145,0,145,110,5,30,60,60,0,60,220,50,28228.68,22100.0,6128.679999999999,5
5885,1239,135,130,0,130,115,0,15,55,55,0,55,245,30,15716.52,22525.0,-6808.48,5
5886,1239,130,130,0,130,120,0,10,40,40,0,40,245,30,16550.820000000003,22100.0,-5549.179999999997,5
5887,1239,125,150,0,150,150,0,0,55,55,0,55,270,40,23443.56,23375.0,68.56000000000222,5
5888,1239,75,145,0,145,130,0,15,55,55,0,55,200,65,40784.310000000005,18700.0,22084.310000000005,5
5889,1239,65,165,0,165,165,0,0,35,35,0,35,225,60,39928.365000000005,19550.0,20378.365000000005,5
5890,1239,105,140,0,140,110,5,25,50,50,0,50,210,35,20567.340000000004,20825.0,-257.6599999999962,5
5891,1239,140,140,0,140,120,0,20,45,45,0,45,255,15,7902.0,23800.0,-15898.0,5
5892,1239,80,150,0,150,125,10,15,75,75,0,75,200,45,24365.34,19550.0,4815.340000000001,5
5893,1239,85,155,0,155,140,0,15,45,45,0,45,220,35,20589.300000000003,20400.0,189.3000000000029,5
5894,1239,110,145,0,145,125,0,20,45,45,0,45,230,60,37173.465000000004,21675.0,15498.465000000006,5
5895,1239,60,180,0,180,140,30,10,45,45,0,45,195,75,53702.46,20400.0,33302.46,5
5896,1239,110,120,0,120,115,0,5,65,65,0,65,220,35,18526.320000000003,19550.0,-1023.6799999999971,5
5897,1239,80,135,0,135,110,15,10,70,70,0,70,185,45,24035.580000000005,18275.0,5760.5800000000045,5
5898,1239,65,155,0,155,140,5,10,55,55,0,55,200,65,44274.622500000005,18700.0,25574.622500000005,5
5899,1239,110,135,0,135,110,15,10,65,65,0,65,215,40,20918.700000000004,20825.0,93.70000000000346,5
5900,1239,65,165,0,165,140,0,25,35,35,0,35,200,20,11194.740000000002,19550.0,-8355.259999999998,5
5901,1239,105,165,0,165,130,0,35,35,35,0,35,230,40,26253.225000000002,22950.0,3303.225000000002,5
5902,1239,115,130,0,130,125,0,5,55,55,0,55,235,25,13740.84,20825.0,-7084.16,5
5903,1239,90,165,0,165,155,5,5,45,45,0,45,240,50,30576.96,21675.0,8901.96,5
5904,1239,55,180,0,180,155,0,25,30,30,0,30,205,30,18021.33,19975.0,-1953.6699999999973,5
5905,1239,80,160,0,160,150,0,10,45,45,0,40,225,5,2546.28,20400.0,-17853.72,5
5906,1239,100,135,0,135,130,0,5,55,55,0,55,225,45,23267.34,19975.0,3292.3399999999992,5
5907,1239,90,165,0,165,155,0,10,50,50,0,50,240,50,30955.995000000003,21675.0,9280.995000000003,5
5908,1239,150,125,0,125,120,0,5,40,40,0,40,265,55,36223.965,23375.0,12848.964999999998,5
5909,1239,130,130,0,130,125,0,5,55,55,0,50,250,50,28491.660000000003,22100.0,6391.660000000002,5
5910,1239,90,155,0,155,135,20,0,30,30,0,30,220,15,8165.520000000001,20825.0,-12659.48,5
5911,1239,100,140,0,140,140,0,0,45,45,0,45,235,35,21489.660000000003,20400.0,1089.6600000000035,5
5912,1239,135,140,0,140,130,0,10,35,35,0,35,260,30,18021.33,23375.0,-5353.669999999997,5
5913,1239,70,155,0,155,140,0,15,30,30,0,30,205,35,21643.290000000008,19125.0,2518.2900000000063,5
5914,1239,95,155,0,155,150,0,5,30,30,0,30,240,15,8670.42,21250.0,-12579.580000000002,5
5915,1239,70,160,0,160,145,0,15,50,50,0,50,210,50,30906.45,19550.0,11356.45,5
5916,1239,125,125,0,125,100,0,25,75,75,0,75,220,5,2458.44,21250.0,-18791.559999999998,5
5917,1239,95,140,0,140,130,5,5,55,55,0,55,220,70,44383.86,19975.0,24408.860000000004,5
5918,1239,95,170,0,170,170,0,0,20,20,0,20,260,20,11392.380000000001,22525.0,-11132.619999999999,5
5919,1239,125,130,0,130,130,0,0,50,50,0,50,250,20,9570.240000000002,21675.0,-12104.759999999998,5
5920,1239,95,165,0,165,130,0,35,50,50,0,50,220,55,32728.320000000007,22100.0,10628.320000000007,5
5921,1239,35,200,0,200,190,0,10,20,20,0,20,220,10,4916.880000000001,19975.0,-15058.119999999999,5
5922,1239,125,140,0,140,140,0,0,40,40,0,40,260,50,28404.360000000008,22525.0,5879.360000000006,5
5923,1239,120,150,0,150,95,20,35,65,65,0,60,210,25,12204.36,22950.0,-10745.64,5
5924,1239,85,155,0,155,115,0,40,55,55,0,50,195,70,48121.2,20400.0,27721.199999999997,5
5925,1239,135,140,0,140,140,0,0,40,40,0,40,270,55,34347.195,23375.0,10972.194999999996,5
5926,1239,105,150,0,150,110,5,35,50,50,0,50,210,20,10009.44,21675.0,-11665.560000000001,5
5927,1239,75,160,0,160,155,5,0,35,35,0,35,225,20,11787.66,19975.0,-8187.339999999999,5
5928,1239,105,145,0,145,145,0,0,40,40,0,40,245,35,23487.345000000005,21250.0,2237.345000000005,5
5929,1239,90,135,0,135,110,5,20,40,40,0,40,195,90,68144.45625,19125.0,49019.45625,5
5930,1239,125,135,0,135,130,0,5,40,40,0,40,250,10,4829.040000000001,22100.0,-17270.96,5
5931,1239,80,165,0,165,160,0,5,55,55,0,50,235,20,10536.12,20825.0,-10288.88,5
5932,1239,120,125,0,125,120,0,5,55,55,0,55,235,50,30785.67,20825.0,9960.67,5
5933,1239,140,130,0,130,130,0,0,25,25,0,25,265,15,9153.000000000002,22950.0,-13796.999999999998,5
5934,1239,80,155,0,155,140,0,15,50,50,0,45,215,80,60315.058125,19975.0,40340.058125,5
5935,1239,105,160,0,160,155,0,5,40,40,0,40,255,25,12775.320000000002,22525.0,-9749.679999999998,5
5936,1239,55,180,0,180,175,0,5,20,20,0,20,225,20,10580.04,19975.0,-9394.96,5
5937,1239,105,155,0,155,150,0,5,45,45,0,45,250,40,21643.38,22100.0,-456.6199999999981,5
5938,1239,60,165,0,165,135,0,30,45,45,0,45,190,30,18724.050000000003,19125.0,-400.949999999998,5
5939,1239,85,150,0,150,145,0,5,60,60,0,60,225,40,21467.700000000004,19975.0,1492.7000000000044,5
5940,1239,110,135,0,135,120,0,15,60,60,0,60,225,65,42386.94,20825.0,21561.940000000002,5
5941,1239,90,140,0,140,135,0,5,45,45,0,45,220,50,30489.21,19550.0,10939.21,5
5942,1239,95,150,0,150,145,0,5,40,40,0,40,235,70,50985.652500000004,20825.0,30160.652500000004,5
5943,1239,130,130,0,130,130,0,0,50,50,0,50,255,35,20018.880000000005,22100.0,-2081.1199999999963,5
5944,1239,140,125,0,125,115,0,10,45,45,0,45,250,10,5092.560000000001,22525.0,-17432.44,5
5945,1239,75,170,0,170,145,0,25,45,45,0,45,215,50,36814.207500000004,20825.0,15989.207500000002,5
5946,1239,85,155,0,155,150,5,0,35,35,0,35,230,25,13301.82,20400.0,-7098.18,5
5947,1239,105,135,0,135,135,0,0,45,45,0,45,235,55,39883.82625,20400.0,19483.82625,5
5948,1239,95,145,0,145,130,5,10,60,60,0,60,220,60,41731.0875,20400.0,21331.0875,5
5949,1239,95,145,0,145,140,0,5,30,30,0,30,230,55,38660.58000000001,20400.0,18260.58000000001,5
5950,1239,120,135,0,135,125,0,10,30,30,0,30,240,40,26746.785000000003,21675.0,5071.785000000004,5
5951,1239,95,140,0,140,110,5,25,65,65,0,65,200,65,44044.11000000001,19975.0,24069.110000000008,5
5952,1239,130,135,0,135,130,0,5,45,45,0,45,255,45,33117.88500000001,22525.0,10592.885000000006,5
5953,1239,135,125,0,125,120,0,5,60,60,0,60,250,70,41508.450000000004,22100.0,19408.450000000004,5
5954,1239,110,145,0,145,125,0,20,60,60,0,60,230,55,32925.96,21675.0,11250.96,5
5955,1239,90,160,0,160,120,0,40,55,55,0,55,205,40,24321.06,21250.0,3071.060000000002,5
5956,1239,85,140,0,140,130,5,5,65,65,0,65,210,85,54360.630000000005,19125.0,35235.630000000005,5
5957,1239,85,150,0,150,120,25,5,50,50,0,50,200,25,14048.460000000003,19975.0,-5926.539999999997,5
5958,1239,95,160,0,160,155,0,5,30,30,0,30,245,25,13938.66,21675.0,-7736.34,5
5959,1239,130,140,0,140,140,0,0,40,40,0,40,265,20,13302.090000000004,22950.0,-9647.909999999996,5
5960,1239,125,105,0,105,80,5,20,70,70,0,70,200,110,78724.51875,19550.0,59174.518749999996,5
5961,1239,70,165,0,165,150,0,15,50,50,0,50,215,55,33244.11,19975.0,13269.11,5
5962,1239,125,135,0,135,130,0,5,60,60,0,60,250,25,14487.300000000003,22100.0,-7612.699999999997,5
5963,1239,120,135,0,135,135,0,0,50,50,0,50,250,40,24430.950000000004,21675.0,2755.9500000000025,5
5964,1239,95,145,0,145,120,10,15,40,40,0,40,210,35,22027.41,20400.0,1627.4099999999999,5
5965,1239,125,130,0,130,130,0,0,65,65,0,60,250,30,15672.600000000002,21675.0,-6002.399999999998,5
5966,1239,115,120,0,120,110,0,10,70,70,0,70,220,80,59936.174999999996,19975.0,39961.174999999996,5
5967,1239,55,180,0,180,135,25,20,40,40,0,40,185,30,17845.92,19975.0,-2129.0800000000013,5
5968,1239,130,130,0,130,110,0,20,40,40,0,40,235,30,16462.620000000003,22100.0,-5637.379999999998,5
5969,1239,90,150,0,150,150,0,0,35,35,0,35,235,25,14092.020000000002,20400.0,-6307.979999999998,5
5970,1239,75,165,0,165,130,25,10,45,45,0,45,200,25,13741.020000000004,20400.0,-6658.979999999997,5
5971,1239,125,130,0,130,110,0,20,70,70,0,65,230,55,32925.69,21675.0,11250.690000000004,5
5972,1239,150,110,0,110,100,0,10,70,70,0,70,245,20,10053.36,22100.0,-12046.64,5
5973,1239,180,110,0,110,105,0,5,40,40,0,40,280,30,20172.510000000002,24650.0,-4477.489999999998,5
5974,1239,100,130,0,130,115,15,0,65,65,0,65,210,45,28843.290000000008,19550.0,9293.290000000006,5
5975,1239,125,130,0,130,130,0,0,60,60,0,60,250,35,20062.800000000003,21675.0,-1612.199999999998,5
5976,1239,155,110,0,110,105,0,5,70,70,0,70,255,50,31866.795000000002,22525.0,9341.795000000002,5
5977,1239,90,155,0,155,135,0,20,35,35,0,35,220,10,5048.64,20825.0,-15776.36,5
5978,1239,120,140,0,140,135,0,5,45,45,0,45,250,35,22257.990000000005,22100.0,157.99000000000433,5
5979,1239,100,135,0,135,125,0,10,45,45,0,45,220,35,17340.84,19975.0,-2634.1599999999994,5
5980,1239,160,115,0,115,115,0,0,55,55,0,55,270,55,32453.730000000003,23375.0,9078.730000000005,5
5981,1239,65,165,0,165,155,0,10,30,30,0,30,215,25,13148.100000000002,19550.0,-6401.899999999998,5
5982,1239,85,130,0,130,110,10,10,55,55,0,55,190,35,22883.445,18275.0,4608.4450000000015,5
5983,1239,120,130,0,130,130,0,0,45,45,0,45,245,35,20765.52,21250.0,-484.47999999999865,5
5984,1239,130,130,0,130,120,0,10,30,30,0,30,245,40,22893.930000000004,22100.0,793.9300000000048,5
5985,1239,90,160,0,160,145,0,15,35,35,0,30,230,20,11480.22,21250.0,-9769.78,5
5986,1239,90,140,0,140,115,0,25,40,40,0,40,200,40,28302.030000000006,19550.0,8752.030000000004,5
5987,1239,50,175,0,175,155,15,5,40,40,0,40,200,50,33071.3775,19125.0,13946.377500000002,5
5988,1239,80,155,0,155,150,0,5,45,45,0,45,225,50,33301.9575,19975.0,13326.957499999993,5
5989,1239,100,130,0,130,130,0,0,25,25,0,25,225,25,17120.700000000004,19550.0,-2429.299999999996,5
5990,1239,110,135,0,135,120,0,15,55,55,0,50,225,35,21171.510000000002,20825.0,346.51000000000295,5
5991,1239,60,175,0,175,130,20,25,35,35,0,35,185,15,8780.220000000001,19975.0,-11194.779999999999,5
5992,1239,105,130,0,130,130,0,0,40,40,0,40,230,30,19041.39,19975.0,-933.6099999999988,5
5993,1239,95,125,0,125,125,0,0,55,55,0,55,215,50,33968.63250000001,18700.0,15268.632500000003,5
5994,1239,60,155,0,155,150,0,5,45,45,0,45,205,50,34234.717500000006,18275.0,15959.717500000006,5
5995,1239,110,150,0,150,145,0,5,30,30,0,30,250,30,18833.850000000002,22100.0,-3266.149999999998,5
5996,1239,55,185,0,185,155,0,30,15,15,0,15,205,5,2238.8400000000006,20400.0,-18161.16,5
5997,1239,105,135,0,135,130,5,0,55,55,0,55,230,40,25945.650000000005,20400.0,5545.650000000005,5
5998,1239,120,135,0,135,125,0,10,60,60,0,55,240,90,59546.475,21675.0,37871.475,5
5999,1239,90,150,0,150,135,0,15,55,55,0,55,220,40,26275.050000000003,20400.0,5875.050000000001,5
6000,1239,75,155,0,155,150,5,0,30,30,0,30,220,20,13214.250000000002,19550.0,-6335.749999999998,5
6001,1239,60,165,0,165,145,0,20,35,35,0,35,200,75,50837.490000000005,19125.0,31712.490000000005,5
6002,1239,85,155,0,155,135,0,20,45,45,0,40,215,15,7682.76,20400.0,-12717.24,5
6003,1239,100,145,0,145,130,0,15,55,55,0,55,225,45,24869.880000000005,20825.0,4044.880000000003,5
6004,1239,90,150,0,150,145,0,5,45,45,0,45,230,30,17933.760000000002,20400.0,-2466.239999999998,5
6005,1239,135,100,0,100,95,0,5,65,65,0,65,225,80,53375.37750000002,19975.0,33400.37750000002,5
6006,1239,90,150,0,150,115,30,5,55,55,0,55,200,55,37274.737499999996,20400.0,16874.737499999996,5
6007,1239,50,165,0,165,145,0,20,45,45,0,40,190,25,12774.960000000001,18275.0,-5500.039999999999,5
6008,1239,120,140,0,140,135,0,5,45,45,0,45,250,45,25989.3,22100.0,3889.2999999999984,5
6009,1239,150,115,0,115,110,0,5,65,65,0,60,255,50,29501.460000000006,22525.0,6976.460000000006,5
6010,1239,75,175,0,175,125,10,40,50,50,0,50,195,45,23948.100000000006,21250.0,2698.100000000004,5
6011,1239,85,155,0,155,135,0,20,50,50,0,50,215,70,50752.36125,20400.0,30352.36125,5
6012,1239,75,160,0,160,140,0,20,45,45,0,45,210,40,28448.280000000006,19975.0,8473.280000000004,5
6013,1239,130,130,0,130,125,0,5,50,50,0,45,250,45,23992.020000000004,22100.0,1892.0200000000023,5
6014,1239,95,155,0,155,150,0,5,40,40,0,40,240,5,2634.1200000000003,21250.0,-18615.88,5
6015,1239,95,150,0,150,135,0,15,45,45,0,45,225,40,24364.98,20825.0,3539.9800000000005,5
6016,1239,85,145,0,145,135,0,10,50,50,0,50,215,55,32332.950000000004,19550.0,12782.950000000004,5
6017,1239,75,150,0,150,140,0,10,55,55,0,55,210,50,27767.520000000004,19125.0,8642.520000000004,5
6018,1239,105,155,0,155,140,0,15,40,40,0,35,240,20,9658.080000000002,22100.0,-12441.92,5
6019,1239,120,130,0,130,120,0,10,65,65,0,65,235,50,25989.300000000007,21250.0,4739.3000000000075,5
6020,1239,70,155,0,155,150,0,5,45,45,0,45,215,40,20589.300000000003,19125.0,1464.300000000003,5
6021,1239,145,110,0,110,100,0,10,45,45,0,45,240,50,34547.287500000006,21675.0,12872.287500000002,5
6022,1239,50,175,0,175,160,0,15,45,45,0,45,205,45,24847.920000000006,19125.0,5722.920000000004,5
6023,1239,100,140,0,140,130,10,0,55,55,0,55,225,55,35779.545000000006,20400.0,15379.545000000007,5
6024,1239,100,150,0,150,140,10,0,60,60,0,60,235,25,14268.060000000001,21250.0,-6981.94,5
6025,1239,55,160,0,160,145,0,15,45,45,0,45,195,40,22191.840000000004,18275.0,3916.840000000002,5
6026,1239,100,140,0,140,135,0,5,50,50,0,45,230,40,21203.820000000007,20400.0,803.8200000000052,5
6027,1239,90,145,0,145,140,0,5,40,40,0,40,225,60,41146.335,19975.0,21171.335,5
6028,1239,120,125,0,125,125,0,0,50,50,0,50,240,35,20106.45,20825.0,-718.5500000000002,5
6029,1239,75,155,0,155,140,0,15,65,65,0,65,210,35,20358.99,19550.0,808.9900000000011,5
6030,1239,115,130,0,130,125,0,5,50,50,0,50,235,45,24321.06,20825.0,3496.060000000002,5
6031,1239,95,145,0,145,145,0,0,45,45,0,45,235,55,32410.170000000006,20400.0,12010.170000000007,5
6032,1239,90,155,0,155,130,0,25,35,35,0,35,215,45,30730.972500000007,20825.0,9905.972500000007,5
6033,1239,85,145,0,145,135,0,10,50,50,0,50,215,35,23179.770000000004,19550.0,3629.770000000003,5
6034,1239,55,160,0,160,130,10,20,50,50,0,50,180,40,23739.390000000003,18275.0,5464.390000000003,5
6035,1239,100,140,0,140,120,5,15,65,65,0,65,215,55,32333.22000000001,20400.0,11933.22000000001,5
6036,1239,85,120,0,120,115,5,0,75,75,0,75,195,60,35844.93000000001,17425.0,18419.930000000008,5
6037,1239,55,165,0,165,165,0,0,30,30,0,30,215,55,40219.13250000001,18700.0,21519.132500000007,5
6038,1239,85,155,0,155,125,10,20,55,55,0,55,205,45,27010.17,20400.0,6610.169999999998,5
6039,1239,135,135,0,135,135,0,0,35,35,0,35,265,40,25704.225000000006,22950.0,2754.225000000006,5
6040,1239,110,135,0,135,130,0,5,45,45,0,45,235,25,15058.080000000005,20825.0,-5766.9199999999955,5
6041,1239,55,170,0,170,155,5,10,45,45,0,40,205,75,56486.40187500001,19125.0,37361.40187500001,5
6042,1239,75,145,0,145,120,20,5,65,65,0,65,190,55,30533.04,18700.0,11833.04,5
6043,1239,70,160,0,160,145,0,15,35,35,0,35,210,25,15672.960000000003,19550.0,-3877.0399999999972,5
6044,1239,85,155,0,155,145,0,10,60,60,0,60,225,95,68209.23375000001,20400.0,47809.233750000014,5
6045,1239,65,145,0,145,130,15,0,55,55,0,55,190,70,44723.970000000016,17850.0,26873.970000000016,5
6046,1239,95,160,0,160,150,0,10,55,55,0,50,240,25,15672.960000000003,21675.0,-6002.039999999997,5
6047,1239,65,175,0,175,155,0,20,35,35,0,35,215,20,11721.420000000002,20400.0,-8678.579999999998,5
6048,1239,100,145,0,145,125,0,20,50,50,0,50,220,45,25462.800000000003,20825.0,4637.800000000002,5
6049,1239,80,185,0,185,120,35,30,40,40,0,35,195,15,7551.0,22525.0,-14974.0,5
6050,1239,75,165,0,165,150,0,15,55,55,0,55,220,75,51787.395000000004,20400.0,31387.395000000004,5
6051,1239,100,140,0,140,125,5,10,50,50,0,50,220,65,46008.45,20400.0,25608.449999999993,5
6052,1239,85,160,0,160,140,10,10,50,50,0,45,220,50,29501.820000000003,20825.0,8676.820000000003,5
6053,1239,75,150,0,150,135,5,10,65,65,0,65,205,60,38402.82000000001,19125.0,19277.820000000007,5
6054,1239,85,135,0,135,125,0,10,45,45,0,45,205,35,20633.4,18700.0,1933.4000000000015,5
6055,1239,110,150,0,150,145,0,5,35,35,0,35,250,30,17582.4,22100.0,-4517.599999999998,5
6056,1239,170,130,0,130,125,0,5,25,25,0,25,290,25,15650.640000000001,25500.0,-9849.359999999999,5
6057,1239,65,170,0,170,170,0,0,35,35,0,35,230,20,10448.64,19975.0,-9526.36,5
6058,1239,150,120,0,120,120,0,0,65,65,0,65,265,35,18965.34,22950.0,-3984.659999999999,5
6059,1239,85,145,0,145,140,0,5,65,65,0,65,220,50,28875.69,19550.0,9325.689999999999,5
6060,1239,60,165,0,165,145,0,20,45,45,0,45,200,25,12380.04,19125.0,-6744.959999999999,5
6061,1239,70,160,0,160,130,10,20,45,45,0,45,195,65,42244.20000000001,19550.0,22694.20000000001,5
6062,1239,160,135,0,135,120,0,15,30,30,0,30,275,15,7287.4800000000005,25075.0,-17787.52,5
6063,1239,75,150,0,150,145,0,5,45,45,0,40,215,35,23684.265000000007,19125.0,4559.265000000005,5
6064,1239,100,145,0,145,105,15,25,80,80,0,80,200,80,48697.605,20825.0,27872.605000000003,5
6065,1239,65,155,0,155,130,15,10,60,60,0,60,190,40,23739.75,18700.0,5039.749999999999,5
6066,1239,115,130,0,130,115,0,15,40,40,0,35,225,50,28930.68,20825.0,8105.680000000002,5
6067,1239,100,140,0,140,130,0,10,50,50,0,50,225,70,45525.735,20400.0,25125.735000000004,5
6068,1239,105,135,0,135,130,0,5,60,60,0,55,230,50,28952.550000000003,20400.0,8552.550000000001,5
6069,1239,100,140,0,140,110,0,30,65,65,0,65,205,75,50055.5475,20400.0,29655.5475,5
6070,1239,110,150,0,150,135,0,15,40,40,0,35,240,55,38836.125,22100.0,16736.125,5
6071,1239,80,165,0,165,120,25,20,70,70,0,70,195,55,32322.33,20825.0,11497.330000000002,5
6072,1239,80,155,0,155,155,0,0,50,50,0,50,230,35,22521.510000000002,19975.0,2546.510000000003,5
6073,1239,60,160,0,160,125,10,25,50,50,0,50,180,25,13916.7,18700.0,-4783.299999999999,5
6074,1239,90,155,0,155,130,0,25,70,70,0,65,215,40,22641.75,20825.0,1816.7500000000018,5
6075,1239,105,135,0,135,125,0,10,70,70,0,70,225,45,25133.4,20400.0,4733.4000000000015,5
6076,1239,85,150,0,150,140,0,10,40,40,0,35,220,20,9965.52,19975.0,-10009.48,5
6077,1239,100,120,0,120,100,5,15,65,65,0,65,195,65,41195.475000000006,18700.0,22495.475000000006,5
6078,1239,60,155,0,155,140,5,10,55,55,0,55,195,45,26143.02,18275.0,7868.020000000001,5
6079,1239,60,170,0,170,135,25,10,45,45,0,45,190,35,20940.930000000004,19550.0,1390.930000000003,5
6080,1239,60,180,0,180,115,20,45,40,40,0,40,170,15,7243.560000000001,20400.0,-13156.439999999999,5
6081,1239,100,140,0,140,130,0,10,40,40,0,40,225,35,19535.400000000005,20400.0,-864.5999999999958,5
6082,1239,110,165,0,165,125,5,35,40,40,0,35,230,35,21116.52,23375.0,-2258.4799999999996,5
6083,1239,80,140,0,140,115,5,20,60,60,0,60,190,40,22367.160000000003,18700.0,3667.1600000000035,5
6084,1239,80,150,0,150,150,0,0,35,35,0,35,225,45,33217.90875000001,19550.0,13667.90875000001,5
6085,1239,95,140,0,140,115,5,20,55,55,0,55,205,70,51306.85125,19975.0,31331.85125,5
6086,1239,120,130,0,130,115,0,15,40,40,0,40,230,40,26796.195,21250.0,5546.194999999998,5
6087,1239,105,140,0,140,135,0,5,60,60,0,55,235,30,16309.260000000002,20825.0,-4515.739999999998,5
6088,1239,145,95,0,95,95,0,0,75,75,0,75,235,135,98713.77750000003,20400.0,78313.77750000003,5
6089,1239,80,145,0,145,110,0,35,60,60,0,60,185,40,22323.24,19125.0,3198.2400000000007,5
6090,1239,80,155,0,155,145,5,5,50,50,0,50,220,40,24354.09,19975.0,4379.090000000001,5
6091,1239,70,170,0,170,160,0,10,20,20,0,20,225,5,2590.2000000000003,20400.0,-17809.8,5
6092,1239,70,165,0,165,145,0,20,50,50,0,50,210,25,12863.160000000003,19975.0,-7111.839999999997,5
6093,1239,100,145,0,145,140,0,5,25,25,0,25,235,15,8933.94,20825.0,-11891.06,5
6094,1239,105,125,0,125,95,5,25,60,60,0,55,195,50,31257.270000000008,19550.0,11707.270000000008,5
6095,1239,60,175,0,175,145,15,15,50,50,0,50,200,40,23267.88,19975.0,3292.88,5
6096,1239,100,140,0,140,140,0,0,45,45,0,45,235,35,23465.385000000006,20400.0,3065.3850000000057,5
6097,1239,125,130,0,130,120,0,10,50,50,0,50,240,35,20523.600000000006,21675.0,-1151.3999999999942,5
6098,1239,100,145,0,145,135,0,10,45,45,0,45,230,35,21149.55,20825.0,324.5499999999993,5
6099,1239,130,130,0,130,125,0,5,60,60,0,60,250,50,30083.13,22100.0,7983.130000000001,5
6100,1239,65,170,0,170,125,30,15,55,55,0,55,185,65,39390.21000000001,19975.0,19415.210000000006,5
6101,1239,90,165,0,165,155,0,10,30,30,0,30,240,20,10141.2,21675.0,-11533.8,5
6102,1239,75,145,0,145,130,0,15,60,60,0,60,200,30,20836.755000000005,18700.0,2136.755000000003,5
6103,1239,60,170,0,170,140,10,20,45,45,0,40,195,50,32577.2775,19550.0,13027.2775,5
6104,1239,120,130,0,130,120,0,10,40,40,0,40,235,30,19623.870000000003,21250.0,-1626.129999999996,5
6105,1239,150,135,0,135,135,0,0,45,45,0,45,280,15,10766.79,24225.0,-13458.21,5
6106,1239,80,175,0,175,135,0,40,40,40,0,40,210,20,9394.560000000001,21675.0,-12280.439999999999,5
6107,1239,105,145,0,145,145,0,0,30,30,0,30,245,70,55133.285625000004,21250.0,33883.285625000004,5
6108,1239,55,170,0,170,160,5,5,50,50,0,50,210,50,28557.54,19125.0,9432.539999999999,5
6109,1239,60,155,0,155,145,0,10,35,35,0,35,200,35,18262.620000000003,18275.0,-12.379999999996016,5
6110,1239,130,145,0,145,130,0,15,25,25,0,25,255,40,24134.490000000005,23375.0,759.4900000000052,5
6111,1239,100,145,0,145,130,0,15,65,65,0,60,225,45,27591.750000000007,20825.0,6766.750000000006,5
6112,1239,65,160,0,160,145,0,15,35,35,0,35,205,30,17670.24,19125.0,-1454.7599999999989,5
6113,1239,90,155,0,155,155,0,0,30,30,0,30,240,0,0.0,20825.0,-20825.0,5
6114,1239,95,160,0,160,105,25,30,70,70,0,70,195,50,32388.345,21675.0,10713.345,5
6115,1239,120,125,0,125,95,10,20,50,50,0,50,210,80,57820.2525,20825.0,36995.2525,5
6116,1239,120,155,0,155,140,0,15,40,40,0,40,255,40,24014.25,23375.0,639.2500000000018,5
6117,1239,135,110,0,110,90,0,20,70,70,0,70,220,75,49289.625000000015,20825.0,28464.625000000015,5
6118,1239,115,135,0,135,135,0,0,40,40,0,40,245,55,35307.810000000005,21250.0,14057.810000000005,5
6119,1239,120,135,0,135,130,0,5,45,45,0,45,245,30,16660.620000000003,21675.0,-5014.379999999999,5
6120,1239,110,150,0,150,140,0,10,35,35,0,35,245,10,4829.040000000001,22100.0,-17270.96,5
6121,1239,170,100,0,100,100,0,0,75,75,0,75,265,50,30730.949999999997,22950.0,7780.949999999998,5
6122,1239,70,170,0,170,140,5,25,50,50,0,50,205,45,27349.920000000002,20400.0,6949.920000000002,5
6123,1239,75,165,0,165,150,0,15,30,30,0,30,220,30,18306.810000000005,20400.0,-2093.189999999995,5
6124,1239,115,140,0,140,130,0,10,45,45,0,45,240,55,36712.3725,21675.0,15037.372500000001,5
6125,1239,115,150,0,150,140,0,10,40,40,0,40,250,25,12643.56,22525.0,-9881.44,5
6126,1239,65,160,0,160,140,0,20,50,50,0,50,200,55,32376.960000000006,19125.0,13251.960000000008,5
6127,1239,60,190,0,190,130,25,35,35,35,0,30,185,25,12819.24,21250.0,-8430.76,5
6128,1239,75,155,0,155,155,0,0,40,40,0,40,225,25,14180.220000000001,19550.0,-5369.779999999999,5
6129,1239,105,145,0,145,140,0,5,40,40,0,40,240,40,26582.22,21250.0,5332.220000000002,5
6130,1239,85,140,0,140,135,5,0,55,55,0,55,215,65,41914.53000000001,19125.0,22789.530000000013,5
6131,1239,95,145,0,145,130,0,15,60,60,0,60,220,70,43396.56000000001,20400.0,22996.56000000001,5
6132,1239,140,120,0,120,120,0,0,40,40,0,40,255,85,60619.16250000002,22100.0,38519.16250000002,5
6133,1239,75,135,0,135,130,0,5,65,65,0,65,200,75,49031.82000000001,17850.0,31181.820000000007,5
6134,1239,90,140,0,140,140,0,0,60,60,0,60,225,70,42331.14000000001,19550.0,22781.140000000007,5
6135,1239,180,115,0,115,110,0,5,60,60,0,60,285,40,22521.24,25075.0,-2553.7599999999975,5
6136,1239,135,140,0,140,120,0,20,45,45,0,45,250,35,20458.08,23375.0,-2916.919999999998,5
6137,1239,95,145,0,145,125,5,15,50,50,0,50,215,105,75502.56937500004,20400.0,55102.56937500003,5
6138,1239,120,155,0,155,140,0,15,30,30,0,30,255,10,4785.120000000001,23375.0,-18589.879999999997,5
6139,1239,170,105,0,105,95,0,10,55,55,0,50,260,65,43181.7525,23375.0,19806.752500000002,5
6140,1239,100,150,0,150,135,0,15,40,40,0,40,230,60,42007.99500000001,21250.0,20757.99500000001,5
6141,1239,110,140,0,140,140,0,0,40,40,0,40,245,30,16286.940000000004,21250.0,-4963.059999999996,5
6142,1239,100,165,0,165,155,0,10,50,50,0,50,250,35,17560.440000000002,22525.0,-4964.5599999999995,5
6143,1239,80,160,0,160,155,0,5,35,35,0,35,230,25,16660.260000000002,20400.0,-3739.739999999997,5
6144,1239,115,145,0,145,145,0,0,30,30,0,30,255,30,18120.15,22100.0,-3979.849999999999,5
6145,1239,45,165,0,165,145,5,15,40,40,0,35,185,60,46805.93718750001,17850.0,28955.937187500003,5
6146,1239,100,130,0,130,130,0,0,65,65,0,60,225,50,31290.75,19550.0,11740.749999999998,5
6147,1239,85,130,0,130,125,0,5,50,50,0,50,205,50,31849.830000000005,18275.0,13574.830000000005,5
6148,1239,95,150,0,150,120,5,25,65,65,0,65,210,70,41936.40000000001,20825.0,21111.400000000012,5
6149,1239,100,150,0,150,130,0,20,55,55,0,55,225,65,42425.3025,21250.0,21175.302499999998,5
6150,1239,120,130,0,130,130,0,0,60,60,0,60,245,65,43549.875,21250.0,22299.875,5
6151,1239,85,145,0,145,145,0,0,45,45,0,45,225,70,48406.6125,19550.0,28856.612500000003,5
6152,1239,85,155,0,155,145,0,10,45,45,0,40,225,15,7814.52,20400.0,-12585.48,5
6153,1239,90,160,0,160,155,0,5,35,35,0,35,240,30,19887.39,21250.0,-1362.6099999999997,5
6154,1239,150,125,0,125,125,0,0,45,45,0,45,270,45,24101.820000000003,23375.0,726.8200000000024,5
6155,1239,160,130,0,130,120,0,10,50,50,0,50,275,50,34385.76,24650.0,9735.76,5
6156,1239,70,155,0,155,150,0,5,55,55,0,55,215,40,25857.585000000003,19125.0,6732.585000000004,5
6157,1239,95,150,0,150,150,0,0,40,40,0,40,240,30,17758.08,20825.0,-3066.92,5
6158,1239,65,160,0,160,145,5,10,45,45,0,45,205,25,15211.440000000002,19125.0,-3913.5599999999977,5
6159,1239,60,175,0,175,155,0,20,25,25,0,25,210,15,7287.480000000001,19975.0,-12687.52,5
6160,1239,90,160,0,160,140,0,20,35,35,0,35,225,15,7463.160000000002,21250.0,-13786.839999999997,5
6161,1239,90,140,0,140,140,0,0,65,65,0,60,225,65,41250.91500000001,19550.0,21700.915000000005,5
6162,1239,80,150,0,150,140,0,10,45,45,0,40,215,45,27317.61,19550.0,7767.61,5
6163,1239,100,130,0,130,130,0,0,60,60,0,60,225,45,28283.445,19550.0,8733.445000000002,5
6164,1239,140,125,0,125,125,0,0,50,50,0,50,260,25,13082.400000000001,22525.0,-9442.599999999999,5
6165,1239,120,145,0,145,145,0,0,25,25,0,25,260,30,20902.635000000002,22525.0,-1622.3649999999998,5
6166,1239,70,165,0,165,145,0,20,50,50,0,50,210,20,11546.100000000002,19975.0,-8428.899999999998,5
6167,1239,120,145,0,145,125,0,20,50,50,0,50,240,25,15947.19,22525.0,-6577.8099999999995,5
6168,1239,90,145,0,145,140,0,5,30,30,0,30,225,30,18504.180000000004,19975.0,-1470.8199999999965,5
6169,1239,100,145,0,145,135,0,10,65,65,0,65,230,10,5092.560000000001,20825.0,-15732.439999999999,5
6170,1239,105,140,0,140,135,0,5,50,50,0,50,235,60,36805.27500000001,20825.0,15980.275000000005,5
6171,1239,100,160,0,160,160,0,0,20,20,0,20,255,30,21429.0,22100.0,-670.9999999999991,5
6172,1239,50,170,0,170,170,0,0,35,35,0,35,215,20,9833.76,18700.0,-8866.24,5
6173,1239,70,150,0,150,150,0,0,45,45,0,45,215,65,50979.12187500001,18700.0,32279.12187500001,5
6174,1239,140,120,0,120,90,25,5,70,70,0,70,225,25,15233.760000000002,22100.0,-6866.239999999998,5
6175,1239,75,170,0,170,140,0,30,50,50,0,50,210,30,16594.74,20825.0,-4230.259999999998,5
6176,1239,100,135,0,135,135,0,0,35,35,0,35,230,90,79051.3505859375,19975.0,59076.3505859375,5
6177,1239,120,140,0,140,130,0,10,60,60,0,60,245,40,21467.520000000004,22100.0,-632.4799999999959,5
6178,1239,85,150,0,150,110,35,5,55,55,0,50,190,50,34717.4775,19975.0,14742.4775,5
6179,1239,85,140,0,140,135,0,5,45,45,0,40,215,25,13872.780000000002,19125.0,-5252.2199999999975,5
6180,1239,155,150,0,150,115,0,35,50,50,0,50,265,50,32607.945000000007,25925.0,6682.945000000009,5
6181,1239,190,105,0,105,100,0,5,35,35,0,35,285,25,14026.140000000003,25075.0,-11048.859999999997,5
6182,1239,85,160,0,160,135,5,20,45,45,0,45,215,20,10009.44,20825.0,-10815.560000000001,5
6183,1239,70,155,0,155,140,10,5,60,60,0,60,205,75,47031.63750000001,19125.0,27906.637500000015,5
6184,1239,195,105,0,105,95,0,10,35,35,0,35,285,30,20062.710000000003,25500.0,-5437.289999999998,5
6185,1239,115,125,0,125,105,0,20,60,60,0,55,215,75,53822.745,20400.0,33422.745,5
6186,1239,110,145,0,145,140,0,5,40,40,0,40,245,50,30653.730000000003,21675.0,8978.730000000005,5
6187,1239,90,155,0,155,125,0,30,35,35,0,35,210,15,7155.720000000001,20825.0,-13669.279999999999,5
6188,1239,145,115,0,115,115,0,0,55,55,0,55,255,40,23443.2,22100.0,1343.2000000000016,5
6189,1239,135,140,0,140,140,0,0,35,35,0,35,270,35,24507.810000000005,23375.0,1132.810000000004,5
6190,1239,90,135,0,135,130,0,5,55,55,0,55,215,70,47325.55500000001,19125.0,28200.555000000004,5
6191,1239,80,155,0,155,135,0,20,40,40,0,40,210,35,20611.530000000002,19975.0,636.5300000000025,5
6192,1239,130,125,0,125,125,0,0,65,65,0,65,250,55,29106.540000000005,21675.0,7431.5400000000045,5
6193,1239,65,155,0,155,145,0,10,45,45,0,40,205,30,18855.180000000004,18700.0,155.18000000000256,5
6194,1239,110,145,0,145,115,0,30,70,70,0,70,220,75,46689.210000000014,21675.0,25014.210000000014,5
6195,1239,70,135,0,135,130,5,0,50,50,0,50,195,40,23223.420000000006,17425.0,5798.4200000000055,5
6196,1239,75,150,0,150,150,0,0,45,45,0,45,220,25,14487.300000000003,19125.0,-4637.699999999997,5
6197,1239,105,145,0,145,130,0,15,40,40,0,40,230,15,7682.76,21250.0,-13567.24,5
6198,1239,110,135,0,135,135,0,0,40,40,0,40,240,15,10656.990000000002,20825.0,-10168.009999999998,5
6199,1239,90,145,0,145,110,20,15,55,55,0,55,195,60,41464.34999999999,19975.0,21489.349999999995,5
6200,1239,175,125,0,125,120,0,5,45,45,0,40,290,25,13741.020000000004,25500.0,-11758.979999999996,5
6201,1239,115,150,0,150,145,0,5,35,35,0,35,255,20,10492.560000000001,22525.0,-12032.439999999999,5
6202,1239,100,145,0,145,145,0,0,45,45,0,45,240,20,10053.36,20825.0,-10771.639999999998,5
6203,1239,65,200,0,200,130,35,35,40,40,0,40,190,5,2590.2000000000003,22525.0,-19934.8,5
6204,1239,125,145,0,145,145,0,0,45,45,0,45,265,20,9789.84,22950.0,-13160.16,5
6205,1239,95,155,0,155,120,5,30,60,60,0,60,210,35,20940.930000000004,21250.0,-309.069999999997,5
6206,1239,180,115,0,115,85,10,20,60,60,0,60,260,40,22653.0,25075.0,-2421.999999999998,5
6207,1239,130,95,0,95,95,0,0,65,65,0,65,220,55,32892.30000000001,19125.0,13767.30000000001,5
6208,1239,125,145,0,145,135,0,10,45,45,0,45,255,35,18482.22,22950.0,-4467.780000000001,5
6209,1239,130,140,0,140,120,0,20,35,35,0,35,245,20,10053.36,22950.0,-12896.639999999998,5
6210,1239,95,155,0,155,150,0,5,40,40,0,35,240,40,24101.730000000003,21250.0,2851.7300000000023,5
6211,1239,110,150,0,150,145,0,5,40,40,0,40,250,25,18954.405000000002,22100.0,-3145.5949999999984,5
6212,1239,90,135,0,135,130,5,0,45,45,0,45,215,70,55777.19062500001,19125.0,36652.19062500001,5
6213,1239,75,135,0,135,130,5,0,55,55,0,55,200,30,16067.340000000002,17850.0,-1782.6599999999985,5
6214,1239,100,120,0,120,115,0,5,65,65,0,60,210,95,63749.38500000001,18700.0,45049.38500000001,5
6215,1239,110,135,0,135,130,0,5,35,35,0,35,235,20,12160.440000000002,20825.0,-8664.559999999998,5
6216,1239,110,135,0,135,125,0,10,65,65,0,60,230,15,7594.920000000001,20825.0,-13230.079999999998,5
6217,1239,80,165,0,165,135,20,10,60,60,0,55,210,65,39708.9,20825.0,18883.9,5
6218,1239,160,115,0,115,115,0,0,60,60,0,60,270,70,53687.6971875,23375.0,30312.697187499998,5
6219,1239,65,165,0,165,135,20,10,45,45,0,45,195,40,24584.580000000005,19550.0,5034.580000000005,5
6220,1239,100,160,0,160,145,10,5,45,45,0,45,240,35,20633.76,22100.0,-1466.2400000000025,5
6221,1239,185,105,0,105,100,0,5,40,40,0,35,280,50,39577.80937500001,24650.0,14927.809375000012,5
6222,1239,90,150,0,150,130,0,20,40,40,0,40,215,20,9921.6,20400.0,-10478.4,5
6223,1239,130,150,0,150,130,0,20,50,50,0,50,255,35,18394.559999999998,23800.0,-5405.4400000000005,5
6224,1239,100,130,0,130,130,0,0,60,60,0,60,225,60,37184.31,19550.0,17634.31,5
6225,1239,125,140,0,140,140,0,0,50,50,0,50,260,45,25001.640000000003,22525.0,2476.640000000002,5
6226,1239,125,145,0,145,140,0,5,45,45,0,45,260,45,26055.36,22950.0,3105.3600000000006,5
6227,1239,95,150,0,150,120,0,30,65,65,0,60,210,50,29446.65,20825.0,8621.65,5
6228,1239,130,140,0,140,130,0,10,45,45,0,45,255,40,23849.55,22950.0,899.5499999999993,5
6229,1239,115,140,0,140,140,0,0,40,40,0,40,250,25,19239.705,21675.0,-2435.2949999999964,5
6230,1239,105,145,0,145,125,0,20,55,55,0,55,225,40,21182.22,21250.0,-67.77999999999793,5
6231,1239,80,155,0,155,125,0,30,55,55,0,55,200,75,52360.4925,19975.0,32385.4925,5
6232,1239,95,160,0,160,140,0,20,45,45,0,45,230,20,9921.6,21675.0,-11753.4,5
6233,1239,105,155,0,155,125,15,15,65,65,0,65,225,20,10009.440000000002,22100.0,-12090.559999999998,5
6234,1239,100,140,0,140,125,0,15,50,50,0,50,220,20,9921.6,20400.0,-10478.4,5
6235,1239,100,155,0,155,125,0,30,50,50,0,50,220,40,23859.360000000008,21675.0,2184.360000000006,5
6236,1239,100,140,0,140,130,10,0,40,40,0,40,225,30,19382.31,20400.0,-1017.6899999999978,5
6237,1239,85,140,0,140,115,0,25,70,70,0,70,195,25,13455.54,19125.0,-5669.459999999999,5
6238,1239,120,170,0,170,150,0,20,30,30,0,30,265,20,11677.86,24650.0,-12972.14,5
6239,1239,105,135,0,135,115,0,20,40,40,0,40,215,45,30972.105000000003,20400.0,10572.105000000001,5
6240,1239,105,155,0,155,155,0,0,35,35,0,35,255,20,10316.880000000001,22100.0,-11783.119999999999,5
6241,1239,100,145,0,145,115,0,30,75,75,0,75,210,75,42441.57000000001,20825.0,21616.57000000001,5
6242,1239,60,165,0,165,145,10,10,45,45,0,45,200,30,16704.18,19125.0,-2420.819999999999,5
6243,1239,185,125,0,125,125,0,0,40,40,0,40,305,25,16210.71,26350.0,-10139.29,5
6244,1239,155,130,0,130,130,0,0,40,40,0,40,280,20,11502.18,24225.0,-12722.82,5
6245,1239,90,150,0,150,145,0,5,55,55,0,55,230,80,56204.955000000016,20400.0,35804.955000000016,5
6246,1239,120,120,0,120,115,0,5,55,55,0,55,230,50,32733.54,20400.0,12333.540000000003,5
6247,1239,115,150,0,150,135,0,15,55,55,0,55,245,20,10448.280000000002,22525.0,-12076.719999999998,5
6248,1239,60,160,0,160,160,0,0,35,35,0,35,215,20,11282.58,18700.0,-7417.42,5
6249,1239,130,125,0,125,110,5,10,45,45,0,45,235,35,26999.3925,21675.0,5324.392500000004,5
6250,1239,85,150,0,150,140,0,10,35,35,0,35,220,40,32874.474375000005,19975.0,12899.474375000005,5
6251,1239,95,145,0,145,110,0,35,55,55,0,55,200,35,25259.6025,20400.0,4859.602500000001,5
6252,1239,135,145,0,145,135,0,10,45,45,0,40,265,30,16441.020000000004,23800.0,-7358.979999999997,5
6253,1239,120,135,0,135,115,0,20,45,45,0,45,230,70,46689.075000000004,21675.0,25014.075000000004,5
6254,1239,100,120,0,120,115,5,0,55,55,0,55,210,40,23695.47,18700.0,4995.47,5
6255,1239,105,120,0,120,105,0,15,55,55,0,55,205,85,63853.20843749999,19125.0,44728.20843749999,5
6256,1239,150,125,0,125,120,0,5,55,55,0,55,265,10,5048.64,23375.0,-18326.36,5
6257,1239,105,160,0,160,145,0,15,35,35,0,30,245,25,13543.38,22525.0,-8981.62,5
6258,1239,125,140,0,140,130,0,10,30,30,0,30,250,20,11194.560000000001,22525.0,-11330.439999999999,5
6259,1239,135,140,0,140,130,0,10,50,50,0,50,260,30,18702.090000000004,23375.0,-4672.909999999997,5
6260,1239,60,170,0,170,125,25,20,55,55,0,55,180,50,28009.08,19550.0,8459.080000000004,5
6261,1239,185,115,0,115,115,0,0,50,50,0,50,295,40,23970.33,25500.0,-1529.6699999999964,5
6262,1239,80,170,0,170,165,0,5,30,30,0,30,240,25,14224.140000000003,21250.0,-7025.859999999998,5
6263,1239,115,125,0,125,115,0,10,55,55,0,55,225,40,24979.950000000004,20400.0,4579.9500000000035,5
6264,1239,95,160,0,160,150,0,10,50,50,0,50,240,40,24014.25,21675.0,2339.250000000002,5
6265,1239,115,145,0,145,125,0,20,50,50,0,50,235,15,7682.76,22100.0,-14417.24,5
6266,1239,75,160,0,160,145,0,15,55,55,0,55,215,50,32415.322500000006,19975.0,12440.322500000006,5
6267,1239,95,145,0,145,145,0,0,35,35,0,35,235,35,20238.480000000003,20400.0,-161.51999999999816,5
6268,1239,110,140,0,140,130,0,10,45,45,0,45,235,30,18745.38,21250.0,-2504.6199999999976,5
6269,1239,115,140,0,140,120,0,20,50,50,0,50,230,25,13367.7,21675.0,-8307.3,5
6270,1239,135,135,0,135,135,0,0,45,45,0,45,265,25,15057.720000000001,22950.0,-7892.279999999999,5
6271,1239,100,135,0,135,135,0,0,45,45,0,45,230,30,15628.68,19975.0,-4346.320000000001,5
6272,1239,80,155,0,155,135,0,20,45,45,0,40,210,40,33390.534375,19975.0,13415.534375000003,5
6273,1239,65,170,0,170,170,0,0,15,15,0,15,230,15,8077.68,19975.0,-11897.32,5
6274,1239,105,175,0,175,140,0,35,45,45,0,45,240,45,25814.160000000003,23800.0,2014.1600000000017,5
6275,1239,95,160,0,160,130,0,30,50,50,0,45,220,45,25199.28,21675.0,3524.279999999999,5
6276,1239,110,135,0,135,130,0,5,50,50,0,50,235,60,38830.365000000005,20825.0,18005.365000000005,5
6277,1239,105,145,0,145,135,0,10,40,40,0,40,235,50,34671.1725,21250.0,13421.172500000002,5
6278,1239,235,90,0,90,75,0,15,35,35,0,35,305,35,21763.800000000007,27625.0,-5861.199999999994,5
6279,1239,70,155,0,155,100,20,35,55,55,0,55,165,35,20676.780000000002,19125.0,1551.7800000000034,5
6280,1239,95,145,0,145,110,5,30,60,60,0,60,200,60,39368.16,20400.0,18968.160000000003,5
6281,1239,70,175,0,175,160,0,15,30,30,0,30,225,10,5048.64,20825.0,-15776.36,5
6282,1239,85,160,0,160,145,0,15,35,35,0,35,225,35,20304.36,20825.0,-520.6399999999985,5
6283,1239,90,150,0,150,130,10,10,60,60,0,60,215,55,31674.78,20400.0,11274.78,5
6284,1239,75,160,0,160,140,5,15,50,50,0,50,210,70,45602.595,19975.0,25627.595,5
6285,1239,55,165,0,165,165,0,0,40,40,0,35,215,55,34265.25,18700.0,15565.25,5
6286,1239,95,150,0,150,150,0,0,50,50,0,50,240,45,28036.395000000004,20825.0,7211.395000000002,5
6287,1239,115,150,0,150,135,0,15,30,30,0,30,245,25,13784.940000000002,22525.0,-8740.059999999998,5
6288,1239,105,150,0,150,145,0,5,65,65,0,65,245,65,39193.11,21675.0,17518.109999999997,5
6289,1239,85,160,0,160,140,0,20,40,40,0,40,220,10,6080.22,20825.0,-14744.78,5
6290,1239,80,155,0,155,135,5,15,45,45,0,45,210,55,40946.05125000001,19975.0,20971.05125000001,5
6291,1239,135,145,0,145,145,0,0,30,30,0,30,275,20,11546.100000000002,23800.0,-12253.899999999998,5
6292,1239,120,135,0,135,125,5,5,40,40,0,40,240,30,16352.820000000002,21675.0,-5322.1799999999985,5
6293,1239,85,170,0,170,170,0,0,25,25,0,25,250,20,9965.52,21675.0,-11709.48,5
6294,1239,100,140,0,140,120,0,20,70,70,0,70,215,50,28162.620000000006,20400.0,7762.620000000006,5
6295,1239,115,150,0,150,150,0,0,55,55,0,55,260,20,10316.880000000001,22525.0,-12208.119999999999,5
6296,1239,130,135,0,135,120,0,15,55,55,0,55,245,45,30906.652500000004,22525.0,8381.652500000004,5
6297,1239,135,130,0,130,110,0,20,55,55,0,55,240,30,16550.820000000003,22525.0,-5974.179999999997,5
6298,1239,135,140,0,140,130,0,10,40,40,0,40,260,35,20809.170000000006,23375.0,-2565.8299999999963,5
6299,1239,120,140,0,140,120,10,10,55,55,0,55,235,35,18723.420000000002,22100.0,-3376.5799999999967,5
6300,1239,105,145,0,145,125,0,20,55,55,0,50,225,30,21775.140000000007,21250.0,525.1400000000058,5
6301,1239,90,130,0,130,120,0,10,50,50,0,50,205,50,32305.635,18700.0,13605.634999999998,5
6302,1239,70,180,0,180,180,0,0,30,30,0,30,245,15,10580.130000000001,21250.0,-10669.869999999999,5
6303,1239,70,175,0,175,130,10,35,45,45,0,45,195,30,17406.54,20825.0,-3418.4599999999978,5
6304,1239,90,140,0,140,115,5,20,55,55,0,50,200,70,46705.545,19550.0,27155.545000000002,5
6305,1239,125,130,0,130,115,0,15,50,50,0,50,235,55,34166.07000000001,21675.0,12491.070000000003,5
6306,1239,85,135,0,135,125,0,10,60,60,0,60,205,25,15233.580000000002,18700.0,-3466.4199999999983,5
6307,1239,140,130,0,130,125,0,5,50,50,0,45,260,45,24650.460000000003,22950.0,1700.4600000000028,5
6308,1239,110,140,0,140,130,0,10,30,30,0,30,235,25,16166.43,21250.0,-5083.57,5
6309,1239,65,160,0,160,150,0,10,40,40,0,40,210,45,27350.550000000003,19125.0,8225.550000000003,5
6310,1239,150,125,0,125,115,0,10,40,40,0,40,260,35,20743.020000000004,23375.0,-2631.979999999994,5
6311,1239,140,130,0,130,110,15,5,55,55,0,55,245,50,30406.995000000003,22950.0,7456.995000000002,5
6312,1239,100,140,0,140,130,0,10,60,60,0,60,225,40,24025.230000000003,20400.0,3625.2300000000014,5
6313,1239,170,140,0,140,140,0,0,40,40,0,40,305,30,16287.300000000003,26350.0,-10062.699999999997,5
6314,1239,140,115,0,115,115,0,0,50,50,0,50,250,50,29281.950000000004,21675.0,7606.950000000006,5
6315,1239,155,125,0,125,115,0,10,60,60,0,60,265,60,37623.51000000001,23800.0,13823.510000000006,5
6316,1239,110,145,0,145,115,15,15,40,40,0,40,220,60,37875.42000000001,21675.0,16200.420000000013,5
6317,1239,85,160,0,160,140,0,20,55,55,0,55,220,55,30467.520000000004,20825.0,9642.520000000004,5
6318,1239,105,145,0,145,115,5,25,60,60,0,55,215,80,57733.07625000001,21250.0,36483.07625000001,5
6319,1239,165,130,0,130,125,0,5,35,35,0,35,285,20,11019.060000000001,25075.0,-14055.939999999999,5
6320,1239,120,145,0,145,120,0,25,65,65,0,65,235,30,16375.140000000001,22525.0,-6149.859999999999,5
6321,1239,90,165,0,165,160,0,5,30,30,0,30,245,5,2502.36,21675.0,-19172.64,5
6322,1239,155,120,0,120,115,0,5,60,60,0,60,265,40,21884.940000000002,23375.0,-1490.0599999999986,5
6323,1239,75,170,0,170,140,0,30,40,40,0,40,210,30,14970.240000000002,20825.0,-5854.759999999998,5
6324,1239,100,150,0,150,120,5,25,45,45,0,40,215,35,22455.63,21250.0,1205.630000000001,5
6325,1239,85,150,0,150,135,0,15,45,45,0,45,215,25,14113.980000000001,19975.0,-5861.019999999999,5
6326,1239,150,115,0,115,110,0,5,70,70,0,65,255,40,23816.61,22525.0,1291.6100000000006,5
6327,1239,100,125,0,125,125,0,0,55,55,0,55,220,50,28886.94,19125.0,9761.939999999999,5
6328,1239,80,160,0,160,130,20,10,55,55,0,50,205,85,56040.255000000005,20400.0,35640.255000000005,5
6329,1239,120,140,0,140,120,0,20,60,60,0,55,235,30,16814.340000000004,22100.0,-5285.659999999998,5
6330,1239,70,155,0,155,150,0,5,35,35,0,35,215,20,12313.800000000003,19125.0,-6811.199999999997,5
6331,1239,145,135,0,135,120,0,15,40,40,0,40,260,25,17297.190000000002,23800.0,-6502.809999999998,5
6332,1239,95,150,0,150,120,10,20,55,55,0,55,210,65,43155.135,20825.0,22330.135000000002,5
6333,1239,125,125,0,125,125,0,0,60,60,0,60,245,45,25868.79,21250.0,4618.789999999999,5
6334,1239,80,140,0,140,140,0,0,45,45,0,40,215,50,30049.560000000005,18700.0,11349.560000000005,5
6335,1239,130,140,0,140,135,0,5,40,40,0,40,260,30,19492.020000000004,22950.0,-3457.9799999999977,5
6336,1239,70,160,0,160,145,0,15,35,35,0,35,210,65,47627.85937500001,19550.0,28077.859375000007,5
6337,1239,70,175,0,175,145,30,0,25,25,0,25,210,25,13631.220000000001,20825.0,-7193.779999999999,5
6338,1239,80,160,0,160,135,0,25,45,45,0,45,210,25,14465.34,20400.0,-5934.659999999999,5
6339,1239,175,120,0,120,110,0,10,40,40,0,40,280,20,10360.44,25075.0,-14714.56,5
6340,1239,90,140,0,140,125,0,15,60,60,0,60,210,50,28173.509999999995,19550.0,8623.509999999997,5
6341,1239,70,160,0,160,145,0,15,45,45,0,45,210,25,14377.5,19550.0,-5172.5,5
6342,1239,110,135,0,135,135,0,0,35,35,0,35,240,40,27685.215000000007,20825.0,6860.215000000007,5
6343,1239,50,175,0,175,165,5,5,30,30,0,30,210,40,32958.196875,19125.0,13833.196874999998,5
6344,1239,90,150,0,150,130,20,0,40,40,0,40,215,50,35079.817500000005,20400.0,14679.817500000008,5
6345,1239,140,135,0,135,130,0,5,60,60,0,55,265,60,34912.530000000006,23375.0,11537.530000000006,5
6346,1239,90,160,0,160,125,0,35,65,65,0,65,210,50,26472.420000000002,21250.0,5222.420000000002,5
6347,1239,120,155,0,155,130,0,25,35,35,0,35,245,40,26242.245000000003,23375.0,2867.2450000000026,5
6348,1239,95,155,0,155,145,0,10,40,40,0,40,235,35,21511.620000000003,21250.0,261.6200000000026,5
6349,1239,120,140,0,140,140,0,0,30,30,0,30,255,25,14992.2,22100.0,-7107.799999999999,5
6350,1239,100,145,0,145,140,0,5,55,55,0,55,235,40,25221.510000000002,20825.0,4396.510000000003,5
6351,1239,170,115,0,115,105,0,10,55,55,0,55,270,60,34286.670000000006,24225.0,10061.670000000004,5
6352,1239,95,140,0,140,120,0,20,55,55,0,55,210,35,20841.75,19975.0,866.7500000000018,5
6353,1239,75,155,0,155,155,0,0,40,40,0,40,225,40,25813.710000000006,19550.0,6263.7100000000055,5
6354,1239,140,130,0,130,95,15,20,50,50,0,50,230,45,29348.100000000006,22950.0,6398.100000000004,5
6355,1239,95,140,0,140,120,0,20,65,65,0,65,210,65,44872.695000000014,19975.0,24897.695000000014,5
6356,1239,85,145,0,145,125,0,20,45,45,0,45,205,60,38150.28,19550.0,18600.280000000002,5
6357,1239,100,160,0,160,155,0,5,30,30,0,25,250,45,32223.352500000005,22100.0,10123.352500000005,5
6358,1239,80,150,0,150,130,0,20,55,55,0,55,205,50,30445.290000000005,19550.0,10895.290000000005,5
6359,1239,120,150,0,150,140,0,10,40,40,0,40,255,20,11809.619999999999,22950.0,-11140.380000000001,5
6360,1239,100,160,0,160,135,10,15,45,45,0,45,230,25,12555.720000000001,22100.0,-9544.279999999999,5
6361,1239,80,145,0,145,135,5,5,45,45,0,45,210,35,21379.770000000004,19125.0,2254.770000000003,5
6362,1239,140,115,0,115,100,0,15,65,65,0,65,235,55,39574.5975,21675.0,17899.5975,5
6363,1239,90,155,0,155,135,0,20,35,35,0,35,220,35,22707.540000000005,20825.0,1882.5400000000036,5
6364,1239,70,155,0,155,135,0,20,50,50,0,50,200,35,21357.900000000005,19125.0,2232.900000000004,5
6365,1239,115,145,0,145,105,20,20,40,40,0,40,215,40,21203.640000000007,22100.0,-896.3599999999951,5
6366,1239,135,110,0,110,110,0,0,70,70,0,70,240,80,58975.216875,20825.0,38150.216875,5
6367,1239,105,135,0,135,135,0,0,40,40,0,40,235,40,24650.550000000003,20400.0,4250.550000000003,5
6368,1239,115,135,0,135,105,0,30,45,45,0,45,215,80,59535.236250000016,21250.0,38285.236250000016,5
6369,1239,155,130,0,130,125,0,5,40,40,0,40,275,25,14464.980000000003,24225.0,-9760.019999999997,5
6370,1239,90,145,0,145,135,0,10,40,40,0,40,220,60,38754.045000000006,19975.0,18779.045000000006,5
6371,1239,150,115,0,115,115,0,0,45,45,0,45,260,30,19623.870000000003,22525.0,-2901.129999999996,5
6372,1239,135,120,0,120,105,0,15,60,60,0,60,235,40,24990.93,21675.0,3315.9299999999985,5
6373,1239,120,130,0,130,115,0,15,65,65,0,60,230,35,17340.84,21250.0,-3909.1599999999994,5
6374,1239,95,125,0,125,125,0,0,55,55,0,55,215,100,72048.01359375005,18700.0,53348.01359375004,5
6375,1239,100,145,0,145,145,0,0,45,45,0,45,240,20,10229.04,20825.0,-10595.96,5
6376,1239,70,140,0,140,120,5,15,65,65,0,60,185,45,24518.160000000003,17850.0,6668.160000000003,5
6377,1239,130,130,0,130,115,0,15,50,50,0,50,240,45,25418.880000000005,22100.0,3318.8800000000037,5
6378,1239,65,165,0,165,130,10,25,45,45,0,45,190,15,8890.02,19550.0,-10659.98,5
6379,1239,95,145,0,145,140,0,5,35,35,0,35,230,60,44210.8125,20400.0,23810.8125,5
6380,1239,75,160,0,160,155,0,5,30,30,0,30,225,35,21533.58,19975.0,1558.5800000000017,5
6381,1239,160,125,0,125,120,0,5,40,40,0,40,275,25,13894.74,24225.0,-10330.26,5
6382,1239,100,140,0,140,130,0,10,60,60,0,60,225,45,23399.100000000002,20400.0,2999.100000000003,5
6383,1239,90,150,0,150,140,0,10,55,55,0,50,225,45,25616.52,20400.0,5216.52,5
6384,1239,110,160,0,160,140,10,10,30,30,0,30,245,30,16660.620000000003,22950.0,-6289.379999999999,5
6385,1239,80,150,0,150,150,0,0,35,35,0,35,225,25,14575.140000000001,19550.0,-4974.859999999999,5
6386,1239,95,135,0,135,135,0,0,45,45,0,45,225,40,22641.75,19550.0,3091.750000000002,5
6387,1239,85,160,0,160,135,5,20,30,30,0,30,215,10,6585.300000000001,20825.0,-14239.699999999997,5
6388,1239,135,125,0,125,120,0,5,50,50,0,50,250,60,42167.30625,22100.0,20067.30625,5
6389,1239,80,180,0,180,120,20,40,35,35,0,35,195,20,10053.36,22100.0,-12046.639999999998,5
6390,1239,120,145,0,145,125,0,20,45,45,0,45,240,35,20567.88,22525.0,-1957.12,5
6391,1239,90,155,0,155,130,0,25,50,50,0,50,215,50,30884.22,20825.0,10059.220000000001,5
6392,1239,105,130,0,130,105,5,20,55,55,0,55,205,70,47512.1025,19975.0,27537.1025,5
6393,1239,115,150,0,150,120,5,25,55,55,0,55,230,35,19645.74,22525.0,-2879.2599999999993,5
6394,1239,100,140,0,140,140,0,0,35,35,0,35,235,20,9833.76,20400.0,-10566.239999999998,5
6395,1239,95,145,0,145,115,0,30,50,50,0,50,205,45,29671.875,20400.0,9271.875,5
6396,1239,95,165,0,165,125,20,20,45,45,0,45,215,20,11216.7,22100.0,-10883.3,5
6397,1239,90,155,0,155,135,5,15,55,55,0,55,220,60,49226.662968749995,20825.0,28401.662968749995,5
6398,1239,120,135,0,135,135,0,0,55,55,0,55,250,20,11546.100000000002,21675.0,-10128.899999999998,5
6399,1239,60,190,0,190,155,5,30,40,40,0,40,210,20,11216.7,21250.0,-10033.3,5
6400,1239,130,130,0,130,120,0,10,45,45,0,45,245,20,10141.2,22100.0,-11958.8,5
6401,1239,140,120,0,120,110,0,10,55,55,0,55,245,90,66406.14,22100.0,44306.14,5
6402,1239,90,160,0,160,135,0,25,50,50,0,50,220,15,7551.0,21250.0,-13699.0,5
6403,1239,85,150,0,150,135,0,15,60,60,0,60,215,15,7770.6,19975.0,-12204.400000000001,5
6404,1239,110,145,0,145,115,10,20,65,65,0,65,220,65,43177.095,21675.0,21502.095,5
6405,1239,110,140,0,140,110,5,25,55,55,0,55,215,65,44076.91500000001,21250.0,22826.915000000008,5
6406,1239,85,140,0,140,125,0,15,45,45,0,45,205,60,41003.594999999994,19125.0,21878.594999999994,5
6407,1239,130,150,0,150,145,0,5,25,25,0,25,270,35,23619.105000000003,23800.0,-180.8949999999959,5
6408,1239,100,145,0,145,135,0,10,55,55,0,50,230,45,26516.34,20825.0,5691.34,5
6409,1239,125,150,0,150,145,0,5,30,30,0,30,265,35,22247.010000000002,23375.0,-1127.9899999999998,5
6410,1239,140,125,0,125,120,0,5,40,40,0,35,255,20,11282.580000000002,22525.0,-11242.419999999998,5
6411,1239,90,145,0,145,95,40,10,60,60,0,60,180,80,55729.18125000002,19975.0,35754.18125000002,5
6412,1239,100,140,0,140,115,0,25,55,55,0,50,210,50,32399.19000000001,20400.0,11999.190000000008,5
6413,1239,110,160,0,160,140,5,15,20,20,0,20,245,15,7550.640000000001,22950.0,-15399.359999999999,5
6414,1239,100,155,0,155,135,10,10,40,40,0,40,230,30,18087.48,21675.0,-3587.5199999999995,5
6415,1239,60,170,0,170,140,0,30,40,40,0,40,195,45,29172.420000000002,19550.0,9622.420000000002,5
6416,1239,95,140,0,140,130,0,10,55,55,0,50,220,35,18416.340000000004,19975.0,-1558.6599999999976,5
6417,1239,55,190,0,190,170,0,20,40,40,0,40,220,25,14048.46,20825.0,-6776.54,5
6418,1239,80,160,0,160,120,20,20,45,45,0,40,195,40,27602.550000000003,20400.0,7202.550000000001,5
6419,1239,110,145,0,145,145,0,0,35,35,0,35,250,50,34951.1625,21675.0,13276.1625,5
6420,1239,100,140,0,140,130,0,10,50,50,0,50,225,40,27196.965000000004,20400.0,6796.965000000005,5
6421,1239,140,130,0,130,115,0,15,50,50,0,50,250,50,29874.510000000002,22950.0,6924.51,5
6422,1239,110,165,0,165,160,0,5,35,35,0,35,265,35,20436.120000000003,23375.0,-2938.879999999999,5
6423,1239,65,175,0,175,135,5,35,40,40,0,40,195,40,25545.015000000003,20400.0,5145.015000000003,5
6424,1239,155,115,0,115,100,0,15,40,40,0,40,250,45,30269.925000000003,22950.0,7319.925000000003,5
6425,1239,105,150,0,150,140,10,0,70,70,0,70,240,55,28843.02,21675.0,7168.020000000001,5
6426,1239,135,140,0,140,100,10,30,50,50,0,50,230,10,4872.960000000001,23375.0,-18502.04,5
6427,1239,75,165,0,165,155,0,10,35,35,0,35,225,45,30898.4175,20400.0,10498.4175,5
6428,1239,165,120,0,120,110,0,10,50,50,0,50,270,50,29721.15000000001,24225.0,5496.150000000007,5
6429,1239,140,145,0,145,125,0,20,65,65,0,65,260,40,23322.510000000002,24225.0,-902.489999999998,5
6430,1239,175,135,0,135,115,0,20,25,25,0,25,285,25,15782.490000000002,26350.0,-10567.509999999998,5
6431,1239,100,160,0,160,140,0,20,40,40,0,40,235,40,28557.675,22100.0,6457.674999999999,5
6432,1239,90,135,0,135,130,0,5,55,55,0,50,215,80,56177.3025,19125.0,37052.3025,5
6433,1239,105,145,0,145,145,0,0,35,35,0,35,245,35,28580.006250000006,21250.0,7330.006250000006,5
6434,1239,90,150,0,150,135,0,15,50,50,0,50,220,40,24463.890000000007,20400.0,4063.890000000006,5
6435,1239,80,150,0,150,135,15,0,50,50,0,50,210,45,26340.300000000003,19550.0,6790.300000000002,5
6436,1239,70,155,0,155,125,10,20,65,65,0,65,190,40,22455.36,19125.0,3330.3600000000006,5
6437,1239,65,145,0,145,135,0,10,40,40,0,40,195,30,15584.400000000003,17850.0,-2265.599999999997,5
6438,1239,95,150,0,150,120,0,30,60,60,0,60,210,45,26999.190000000002,20825.0,6174.190000000003,5
6439,1239,80,170,0,170,150,0,20,40,40,0,40,225,25,13850.820000000002,21250.0,-7399.1799999999985,5
6440,1239,90,140,0,140,130,0,10,45,45,0,45,215,15,7419.240000000001,19550.0,-12130.76,5
6441,1239,45,175,0,175,160,0,15,25,25,0,25,200,20,11370.420000000002,18700.0,-7329.579999999998,5
6442,1239,75,160,0,160,145,0,15,45,45,0,45,215,15,7638.840000000001,19975.0,-12336.16,5
6443,1239,65,155,0,155,145,10,0,45,45,0,45,205,60,42221.66625000001,18700.0,23521.66625000001,5
6444,1239,80,175,0,175,165,0,10,30,30,0,30,240,30,16528.86,21675.0,-5146.14,5
6445,1239,110,155,0,155,135,0,20,45,45,0,40,240,20,11062.980000000003,22525.0,-11462.019999999997,5
6446,1239,115,135,0,135,115,0,20,65,65,0,65,225,45,26121.06,21250.0,4871.060000000002,5
6447,1239,145,110,0,110,100,0,10,70,70,0,65,240,55,37096.38,21675.0,15421.38,5
6448,1239,95,125,0,125,125,0,0,50,50,0,50,215,80,56311.672500000015,18700.0,37611.672500000015,5
6449,1239,70,150,0,150,135,10,5,50,50,0,50,200,60,34440.3,18700.0,15740.300000000007,5
6450,1239,90,145,0,145,140,0,5,55,55,0,55,225,55,32838.12,19975.0,12863.120000000003,5
6451,1239,135,125,0,125,115,0,10,65,65,0,65,245,55,31037.94,22100.0,8937.939999999999,5
6452,1239,160,140,0,140,125,0,15,40,40,0,40,280,25,12907.080000000002,25500.0,-12592.919999999998,5
6453,1239,115,145,0,145,135,0,10,40,40,0,40,245,25,14114.34,22100.0,-7985.66,5
6454,1239,55,160,0,160,150,0,10,45,45,0,45,200,45,25331.04,18275.0,7056.040000000003,5
6455,1239,70,150,0,150,150,0,0,40,40,0,40,215,60,38446.605,18700.0,19746.605000000003,5
6456,1239,105,145,0,145,145,0,0,50,50,0,50,245,45,29561.535,21250.0,8311.535,5
6457,1239,100,155,0,155,135,0,20,40,40,0,40,230,30,16506.9,21675.0,-5168.099999999999,5
6458,1239,140,115,0,115,90,0,25,75,75,0,75,225,60,36964.71000000001,21675.0,15289.710000000005,5
6459,1239,65,155,0,155,135,10,10,55,55,0,55,195,40,23618.61,18700.0,4918.609999999999,5
6460,1239,115,140,0,140,140,0,0,35,35,0,35,250,30,18142.11,21675.0,-3532.8899999999976,5
6461,1239,60,170,0,170,140,15,15,50,50,0,50,195,35,19228.500000000004,19550.0,-321.49999999999636,5
6462,1239,95,145,0,145,135,0,10,50,50,0,50,225,70,47391.52500000001,20400.0,26991.52500000001,5
6463,1239,100,125,0,125,120,0,5,50,50,0,50,215,40,25132.86,19125.0,6007.860000000001,5
6464,1239,180,125,0,125,125,0,0,35,35,0,35,300,30,16506.54,25925.0,-9418.459999999997,5
6465,1239,80,140,0,140,85,25,30,75,75,0,75,160,45,25505.820000000007,18700.0,6805.820000000008,5
6466,1239,105,140,0,140,140,0,0,45,45,0,40,240,30,18658.17,20825.0,-2166.83,5
6467,1239,90,150,0,150,145,0,5,40,40,0,35,230,20,10492.2,20400.0,-9907.8,5
6468,1239,160,95,0,95,95,0,0,75,75,0,70,250,60,38632.7925,21675.0,16957.792500000003,5
6469,1239,130,140,0,140,140,0,0,40,40,0,40,265,25,14245.740000000002,22950.0,-8704.259999999998,5
6470,1239,105,120,0,120,120,0,0,55,55,0,55,220,35,21478.590000000004,19125.0,2353.590000000004,5
6471,1239,100,140,0,140,135,0,5,45,45,0,45,230,20,11304.54,20400.0,-9095.46,5
6472,1239,105,160,0,160,150,0,10,50,50,0,45,250,50,31339.934999999998,22525.0,8814.934999999996,5
6473,1239,95,150,0,150,150,0,0,25,25,0,25,240,30,19283.49,20825.0,-1541.5099999999984,5
6474,1239,60,180,0,180,145,0,35,40,40,0,35,200,20,9745.920000000002,20400.0,-10654.079999999998,5
6475,1239,145,120,0,120,120,0,0,50,50,0,50,260,45,26867.430000000008,22525.0,4342.4300000000085,5
6476,1239,65,125,0,125,125,0,0,50,50,0,45,185,95,68320.82812500001,16150.0,52170.828125000015,5
6477,1239,140,135,0,135,130,0,5,70,70,0,70,265,55,33837.030000000006,23375.0,10462.030000000004,5
6478,1239,115,140,0,140,140,0,0,55,55,0,55,250,40,22389.300000000003,21675.0,714.3000000000029,5
6479,1239,80,150,0,150,145,0,5,40,40,0,40,220,30,18075.870000000003,19550.0,-1474.1299999999978,5
6480,1239,145,125,0,125,105,0,20,45,45,0,45,245,25,15277.680000000002,22950.0,-7672.319999999998,5
6481,1239,110,140,0,140,140,0,0,65,65,0,65,245,50,26362.620000000003,21250.0,5112.620000000002,5
6482,1239,135,145,0,145,135,0,10,35,35,0,35,265,45,31186.574999999997,23800.0,7386.574999999998,5
6483,1239,85,165,0,165,160,0,5,35,35,0,35,240,20,9789.840000000002,21250.0,-11460.159999999998,5
6484,1239,105,150,0,150,150,0,0,35,35,0,35,250,30,16089.660000000002,21675.0,-5585.339999999998,5
6485,1239,115,140,0,140,120,5,15,60,60,0,60,230,35,17780.040000000005,21675.0,-3894.9599999999964,5
6486,1239,155,120,0,120,115,0,5,50,50,0,50,265,55,35187.030000000006,23375.0,11812.030000000004,5
6487,1239,135,125,0,125,115,0,10,60,60,0,60,245,35,19140.660000000003,22100.0,-2959.3399999999974,5
6488,1239,90,145,0,145,140,0,5,65,65,0,65,225,40,23366.43,19975.0,3391.4300000000003,5
6489,1239,85,150,0,150,140,0,10,40,40,0,40,220,40,23267.250000000004,19975.0,3292.2500000000036,5
6490,1239,110,135,0,135,135,0,0,45,45,0,45,240,60,40268.475000000006,20825.0,19443.475000000002,5
6491,1239,100,155,0,155,130,5,20,50,50,0,45,225,15,7551.000000000002,21675.0,-14123.999999999998,5
6492,1239,85,155,0,155,150,0,5,35,35,0,35,230,25,14487.3,20400.0,-5912.7,5
6493,1239,135,120,0,120,105,0,15,70,70,0,70,235,45,24891.840000000004,21675.0,3216.840000000002,5
6494,1239,115,145,0,145,140,0,5,50,50,0,50,250,35,20040.84,22100.0,-2059.1599999999994,5
6495,1239,95,140,0,140,130,0,10,60,60,0,60,220,50,34177.185000000005,19975.0,14202.185000000005,5
6496,1239,85,155,0,155,150,0,5,55,55,0,55,230,35,18811.62,20400.0,-1588.3799999999997,5
6497,1239,95,155,0,155,155,0,0,25,25,0,25,245,30,17955.450000000004,21250.0,-3294.549999999997,5
6498,1239,110,150,0,150,150,0,0,30,30,0,30,255,40,25704.225000000006,22100.0,3604.225000000006,5
6499,1239,110,135,0,135,135,0,0,50,50,0,50,240,30,17538.210000000003,20825.0,-3286.7899999999963,5
6500,1239,115,135,0,135,115,0,20,50,50,0,45,225,50,29622.33,21250.0,8372.330000000002,5
6501,1239,75,145,0,145,105,15,25,45,45,0,45,175,105,80229.3676171875,18700.0,61529.36761718749,5
6502,1239,70,170,0,170,145,0,25,45,45,0,40,210,25,14026.140000000003,20400.0,-6373.859999999997,5
6503,1239,100,145,0,145,140,5,0,50,50,0,50,235,55,38682.54000000001,20825.0,17857.540000000008,5
6504,1239,130,130,0,130,125,0,5,45,45,0,45,250,40,28963.732500000002,22100.0,6863.732500000001,5
6505,1239,90,145,0,145,125,0,20,70,70,0,70,210,60,36031.77000000001,19975.0,16056.770000000011,5
6506,1239,60,155,0,155,140,0,15,45,45,0,40,195,65,42314.76000000001,18275.0,24039.760000000006,5
6507,1239,95,140,0,140,140,0,0,45,45,0,45,230,55,41530.48312500001,19975.0,21555.48312500001,5
6508,1239,55,175,0,175,140,10,25,45,45,0,45,190,20,11326.5,19550.0,-8223.5,5
6509,1239,160,110,0,110,90,0,20,60,60,0,55,245,70,51982.970625,22950.0,29032.970624999998,5
6510,1239,155,120,0,120,115,0,5,65,65,0,65,265,55,31982.219999999998,23375.0,8607.219999999998,5
6511,1239,85,125,0,125,115,10,0,70,70,0,70,195,70,47056.905000000006,17850.0,29206.905000000006,5
6512,1239,80,150,0,150,125,5,20,65,65,0,65,200,65,37941.39000000001,19550.0,18391.390000000007,5
6513,1239,75,155,0,155,105,10,40,65,65,0,60,175,50,32124.420000000006,19550.0,12574.420000000006,5
6514,1239,75,150,0,150,145,0,5,35,35,0,30,215,45,29951.460000000006,19125.0,10826.460000000006,5
6515,1239,45,185,0,185,135,20,30,35,35,0,35,175,35,21928.590000000004,19550.0,2378.590000000004,5
6516,1239,95,145,0,145,125,0,20,45,45,0,45,215,35,17296.92,20400.0,-3103.08,5
6517,1239,75,165,0,165,155,0,10,30,30,0,30,225,15,7463.16,20400.0,-12936.84,5
6518,1239,70,150,0,150,135,0,15,50,50,0,50,200,40,24650.55,18700.0,5950.549999999998,5
6519,1239,100,150,0,150,140,0,10,55,55,0,55,235,25,14750.640000000003,21250.0,-6499.359999999997,5
6520,1239,90,145,0,145,145,0,0,45,45,0,45,230,20,10909.259999999998,19975.0,-9065.740000000002,5
6521,1239,90,145,0,145,145,0,0,45,45,0,45,230,50,30039.570000000007,19975.0,10064.570000000007,5
6522,1239,75,160,0,160,140,0,20,55,55,0,50,210,35,18438.300000000003,19975.0,-1536.6999999999985,5
6523,1239,75,165,0,165,140,0,25,45,45,0,45,210,40,26823.645,20400.0,6423.645000000001,5
6524,1239,85,180,0,180,100,45,35,65,65,0,65,180,65,42573.6,22525.0,20048.6,5
6525,1239,150,115,0,115,105,0,10,50,50,0,45,250,60,39236.35500000001,22525.0,16711.355000000007,5
6526,1239,135,135,0,135,100,5,30,45,45,0,45,230,35,21160.530000000002,22950.0,-1789.4699999999966,5
6527,1239,95,140,0,140,130,0,10,40,40,0,40,220,40,26142.750000000007,19975.0,6167.7500000000055,5
6528,1239,80,135,0,135,125,0,10,50,50,0,50,200,45,30220.335000000006,18275.0,11945.335000000005,5
6529,1239,100,155,0,155,155,0,0,25,25,0,25,250,20,13752.27,21675.0,-7922.73,5
6530,1239,105,160,0,160,160,0,0,30,30,0,30,260,15,7770.6,22525.0,-14754.400000000001,5
6531,1239,105,140,0,140,140,0,0,55,55,0,55,240,45,29633.445,20825.0,8808.445000000002,5
6532,1239,80,155,0,155,155,0,0,45,45,0,45,230,25,13609.260000000002,19975.0,-6365.739999999998,5
6533,1239,60,170,0,170,110,40,20,55,55,0,50,165,75,49163.51250000001,19550.0,29613.512500000015,5
6534,1239,70,145,0,145,130,0,15,40,40,0,35,195,40,28142.82,18275.0,9867.820000000002,5
6535,1239,145,125,0,125,115,0,10,45,45,0,45,255,50,29830.680000000008,22950.0,6880.680000000007,5
6536,1239,110,160,0,160,140,0,20,25,25,0,25,245,15,8714.34,22950.0,-14235.659999999998,5
6537,1239,125,120,0,120,120,0,0,50,50,0,50,240,75,52099.92,20825.0,31274.920000000002,5
6538,1239,90,155,0,155,135,5,15,45,45,0,45,220,40,25111.710000000003,20825.0,4286.710000000003,5
6539,1239,135,130,0,130,130,0,0,40,40,0,40,260,55,35252.82000000001,22525.0,12727.820000000007,5
6540,1239,50,175,0,175,165,0,10,30,30,0,30,210,25,16243.650000000001,19125.0,-2881.3499999999976,5
6541,1239,75,170,0,170,140,0,30,35,35,0,35,210,35,22082.58,20825.0,1257.5800000000027,5
6542,1239,145,130,0,130,120,0,10,45,45,0,45,260,15,7858.080000000002,23375.0,-15516.919999999998,5
6543,1239,95,155,0,155,155,0,0,40,40,0,35,245,10,5267.880000000001,21250.0,-15982.119999999999,5
6544,1239,95,130,0,130,120,10,0,50,50,0,50,210,60,40706.64000000001,19125.0,21581.640000000007,5
6545,1239,85,160,0,160,120,10,30,30,30,0,30,200,45,27504.000000000007,20825.0,6679.0000000000055,5
6546,1239,85,160,0,160,115,15,30,65,65,0,65,195,45,22740.839999999997,20825.0,1915.8399999999983,5
6547,1239,145,150,0,150,150,0,0,30,30,0,30,290,15,7594.920000000001,25075.0,-17480.079999999998,5
6548,1239,105,165,0,165,145,0,20,30,30,0,25,245,10,4829.040000000001,22950.0,-18120.96,5
6549,1239,150,145,0,145,145,0,0,30,30,0,30,290,10,5092.56,25075.0,-19982.44,5
6550,1239,90,155,0,155,150,5,0,50,50,0,50,235,20,10448.280000000002,20825.0,-10376.719999999998,5
6551,1239,115,140,0,140,130,0,10,45,45,0,40,240,30,18603.27,21675.0,-3071.73,5
6552,1239,155,130,0,130,110,0,20,30,30,0,30,260,25,16298.189999999999,24225.0,-7926.81,5
6553,1239,115,130,0,130,120,0,10,60,60,0,60,230,60,38583.2025,20825.0,17758.202500000003,5
6554,1239,125,140,0,140,125,0,15,55,55,0,55,245,45,24343.379999999997,22525.0,1818.3799999999974,5
6555,1239,65,165,0,165,150,10,5,55,55,0,55,210,40,22016.34,19550.0,2466.34,5
6556,1239,140,135,0,135,130,0,5,45,45,0,40,265,30,16594.74,23375.0,-6780.259999999998,5
6557,1239,65,165,0,165,155,0,10,50,50,0,45,215,25,12336.12,19550.0,-7213.879999999999,5
6558,1239,135,135,0,135,135,0,0,40,40,0,40,265,40,24628.320000000003,22950.0,1678.3200000000033,5
6559,1239,75,170,0,170,160,0,10,40,40,0,40,230,25,12994.92,20825.0,-7830.08,5
6560,1239,110,145,0,145,100,20,25,70,70,0,70,205,60,39138.345000000016,21675.0,17463.345000000012,5
6561,1239,105,135,0,135,130,0,5,50,50,0,50,230,65,42738.03,20400.0,22338.03,5
6562,1239,75,170,0,170,155,0,15,35,35,0,35,225,20,10272.960000000003,20825.0,-10552.039999999997,5
6563,1239,100,160,0,160,125,5,30,50,50,0,50,220,45,25550.640000000003,22100.0,3450.640000000003,5
6564,1239,80,135,0,135,110,0,25,60,60,0,60,185,35,20106.360000000004,18275.0,1831.3600000000042,5
6565,1239,110,160,0,160,125,0,35,40,40,0,40,230,35,27847.091250000005,22950.0,4897.091250000003,5
6566,1239,110,140,0,140,135,0,5,50,50,0,45,240,65,47995.6978125,21250.0,26745.697812500002,5
6567,1239,95,140,0,140,125,5,10,60,60,0,60,215,55,34248.37500000001,19975.0,14273.375000000005,5
6568,1239,105,155,0,155,120,10,25,45,45,0,45,220,25,17077.590000000004,22100.0,-5022.409999999995,5
6569,1239,100,130,0,130,120,0,10,45,45,0,45,215,45,29583.495000000006,19550.0,10033.495000000006,5
6570,1239,155,110,0,110,95,0,15,70,70,0,70,245,60,40378.545000000006,22525.0,17853.545000000006,5
6571,1239,95,150,0,150,130,0,20,45,45,0,45,220,30,17011.620000000003,20825.0,-3813.3799999999974,5
6572,1239,75,150,0,150,150,0,0,40,40,0,40,220,50,32689.755,19125.0,13564.755000000001,5
6573,1239,85,155,0,155,125,0,30,50,50,0,50,205,25,14113.980000000001,20400.0,-6286.019999999999,5
6574,1239,125,130,0,130,130,0,0,40,40,0,40,250,20,11590.02,21675.0,-10084.98,5
6575,1239,135,125,0,125,100,0,25,35,35,0,35,230,65,47739.71250000001,22100.0,25639.712500000005,5
6576,1239,100,145,0,145,120,0,25,40,40,0,40,215,25,14026.14,20825.0,-6798.86,5
6577,1239,105,130,0,130,120,0,10,55,55,0,55,220,55,33990.345,19975.0,14015.345000000001,5
6578,1239,60,155,0,155,150,5,0,50,50,0,45,205,35,22104.27,18275.0,3829.2700000000013,5
6579,1239,80,155,0,155,155,0,0,55,55,0,55,230,25,12643.560000000001,19975.0,-7331.439999999998,5
6580,1239,175,105,0,105,100,0,5,45,45,0,45,270,45,31548.442500000012,23800.0,7748.44250000001,5
6581,1239,125,140,0,140,120,0,20,40,40,0,40,240,45,27877.185000000005,22525.0,5352.185000000004,5
6582,1239,110,145,0,145,145,0,0,30,30,0,30,250,40,25989.300000000003,21675.0,4314.300000000003,5
6583,1239,110,140,0,140,125,0,15,55,55,0,55,230,70,52485.42375,21250.0,31235.42375,5
6584,1239,90,155,0,155,130,0,25,45,45,0,45,215,40,23004.36,20825.0,2179.3600000000015,5
6585,1239,85,160,0,160,150,0,10,25,25,0,25,230,5,2546.28,20825.0,-18278.72,5
6586,1239,95,160,0,160,135,0,25,50,50,0,50,225,40,22433.4,21675.0,758.4000000000015,5
6587,1239,115,135,0,135,135,0,0,50,50,0,50,245,20,10360.800000000001,21250.0,-10889.199999999999,5
6588,1239,100,145,0,145,135,0,10,35,35,0,35,230,25,14091.840000000002,20825.0,-6733.159999999998,5
6589,1239,85,170,0,170,115,15,40,50,50,0,50,195,50,30094.470000000005,21675.0,8419.470000000005,5
6590,1239,110,140,0,140,140,0,0,35,35,0,35,245,35,20260.440000000002,21250.0,-989.559999999999,5
6591,1239,90,155,0,155,140,0,15,55,55,0,55,225,60,34155.45,20825.0,13330.45,5
6592,1239,95,160,0,160,140,0,20,50,50,0,50,230,50,29468.610000000004,21675.0,7793.610000000003,5
6593,1239,120,130,0,130,130,0,0,40,40,0,40,245,40,29133.922500000004,21250.0,7883.922500000003,5
6594,1239,165,125,0,125,120,0,5,45,45,0,45,280,60,42858.33750000001,24650.0,18208.33750000001,5
6595,1239,145,115,0,115,115,0,0,60,60,0,60,255,45,26604.18,22100.0,4504.180000000001,5
6596,1239,105,140,0,140,130,0,10,45,45,0,40,230,50,33782.265,20825.0,12957.265000000003,5
6597,1239,90,140,0,140,130,0,10,55,55,0,55,215,60,41524.965000000004,19550.0,21974.965000000004,5
6598,1239,90,165,0,165,160,0,5,30,30,0,30,245,5,2546.28,21675.0,-19128.72,5
6599,1239,75,160,0,160,150,0,10,25,25,0,20,220,25,17626.185,19975.0,-2348.8149999999996,5
6600,1239,95,165,0,165,120,20,25,45,45,0,45,210,20,10667.880000000001,22100.0,-11432.119999999999,5
6601,1239,60,160,0,160,130,5,25,50,50,0,50,185,45,29940.525,18700.0,11240.525000000001,5
6602,1239,115,130,0,130,120,0,10,40,40,0,40,230,70,48252.35249999999,20825.0,27427.352499999997,5
6603,1239,125,140,0,140,135,0,5,40,40,0,40,255,30,17494.200000000004,22525.0,-5030.799999999997,5
6604,1239,75,165,0,165,120,20,25,60,60,0,60,190,45,24891.840000000004,20400.0,4491.840000000002,5
6605,1239,95,140,0,140,120,0,20,55,55,0,55,210,50,31521.059999999998,19975.0,11546.059999999998,5
6606,1239,145,130,0,130,110,0,20,60,60,0,60,250,65,44834.13000000001,23375.0,21459.130000000012,5
6607,1239,170,115,0,115,110,5,0,55,55,0,55,275,50,30116.025000000005,24225.0,5891.025000000004,5
6608,1239,100,145,0,145,120,0,25,45,45,0,45,215,30,15782.220000000001,20825.0,-5042.779999999998,5
6609,1239,120,150,0,150,120,10,20,25,25,0,25,235,15,7155.3600000000015,22950.0,-15794.64,5
6610,1239,110,150,0,150,140,0,10,40,40,0,40,245,20,11458.260000000002,22100.0,-10641.739999999998,5
6611,1239,115,135,0,135,110,0,25,65,65,0,65,220,70,46683.45,21250.0,25433.449999999993,5
6612,1239,175,130,0,130,130,0,0,35,35,0,35,300,10,4872.960000000001,25925.0,-21052.039999999997,5
6613,1239,55,155,0,155,110,20,25,50,50,0,45,160,95,69277.24125,17850.0,51427.24125000001,5
6614,1239,90,135,0,135,125,0,10,55,55,0,55,210,70,47432.317500000005,19125.0,28307.31750000001,5
6615,1239,65,170,0,170,165,0,5,20,20,0,20,225,30,18087.48,19975.0,-1887.5199999999995,5
6616,1239,145,120,0,120,120,0,0,45,45,0,45,260,30,18811.890000000003,22525.0,-3713.109999999997,5
6617,1239,90,145,0,145,120,5,20,65,65,0,65,205,25,12599.28,19975.0,-7375.719999999999,5
6618,1239,95,150,0,150,130,20,0,55,55,0,55,220,40,22762.800000000003,20825.0,1937.800000000002,5
6619,1239,60,165,0,165,155,0,10,35,35,0,35,210,15,7375.320000000001,19125.0,-11749.679999999998,5
6620,1239,110,140,0,140,140,0,0,55,55,0,55,245,45,29342.475000000006,21250.0,8092.475000000004,5
6621,1239,110,155,0,155,135,0,20,40,40,0,40,240,35,20940.930000000004,22525.0,-1584.069999999997,5
6622,1239,90,135,0,135,125,0,10,80,80,0,80,210,55,35175.96,19125.0,16050.96,5
6623,1239,65,170,0,170,170,0,0,35,35,0,35,230,40,25616.250000000007,19975.0,5641.250000000009,5
6624,1239,100,150,0,150,140,0,10,35,35,0,35,235,30,19963.845000000005,21250.0,-1286.1549999999966,5
6625,1239,100,145,0,145,130,0,15,55,55,0,55,225,35,18679.860000000004,20825.0,-2145.1399999999967,5
6626,1239,135,140,0,140,130,0,10,35,35,0,35,260,20,10404.36,23375.0,-12970.64,5
6627,1239,185,95,0,95,90,0,5,55,55,0,55,270,35,21665.07,23800.0,-2134.9299999999994,5
6628,1239,110,115,0,115,100,0,15,45,45,0,45,205,65,44715.5775,19125.0,25590.5775,5
6629,1239,70,180,0,180,115,55,10,60,60,0,60,180,70,47051.55,21250.0,25801.550000000007,5
6630,1239,140,125,0,125,120,0,5,55,55,0,50,255,25,15167.880000000001,22525.0,-7357.12,5
6631,1239,105,150,0,150,150,0,0,35,35,0,35,250,10,5048.64,21675.0,-16626.36,5
6632,1239,95,160,0,160,115,10,35,55,55,0,55,205,40,23114.160000000003,21675.0,1439.1600000000017,5
6633,1239,80,165,0,165,125,15,25,55,55,0,55,200,60,41267.45250000001,20825.0,20442.452500000007,5
6634,1239,70,160,0,160,155,0,5,55,55,0,55,220,50,35934.738750000004,19550.0,16384.738750000004,5
6635,1239,90,155,0,155,145,0,10,25,25,0,25,230,20,10909.259999999998,20825.0,-9915.740000000002,5
6636,1239,80,165,0,165,130,0,35,40,40,0,40,205,20,10009.44,20825.0,-10815.560000000001,5
6637,1239,165,120,0,120,115,0,5,40,40,0,40,275,40,27882.742500000004,24225.0,3657.742500000004,5
6638,1239,105,120,0,120,115,0,5,55,55,0,55,215,65,45424.18125,19125.0,26299.18125,5
6639,1239,95,140,0,140,140,0,0,35,35,0,35,230,35,23783.670000000002,19975.0,3808.670000000002,5
6640,1239,150,110,0,110,105,0,5,65,65,0,65,250,30,16309.259999999998,22100.0,-5790.740000000001,5
6641,1239,95,155,0,155,150,0,5,20,20,0,20,240,10,5048.64,21250.0,-16201.36,5
6642,1239,130,115,0,115,110,0,5,65,65,0,65,235,45,29326.185000000005,20825.0,8501.185000000005,5
6643,1239,110,150,0,150,150,0,0,55,55,0,55,255,55,30862.800000000007,22100.0,8762.800000000007,5
6644,1239,85,150,0,150,145,0,5,60,60,0,60,225,55,30204.0,19975.0,10229.0,5
6645,1239,90,165,0,165,125,10,30,50,50,0,50,210,45,27152.910000000007,21675.0,5477.910000000006,5
6646,1239,100,145,0,145,135,5,5,70,70,0,70,230,45,28590.750000000004,20825.0,7765.750000000003,5
6647,1239,105,140,0,140,135,0,5,45,45,0,45,235,55,32179.230000000003,20825.0,11354.230000000003,5
6648,1239,105,150,0,150,135,15,0,45,45,0,45,235,25,12511.800000000003,21675.0,-9163.199999999997,5
6649,1239,90,135,0,135,130,0,5,65,65,0,60,215,25,12292.2,19125.0,-6832.799999999999,5
6650,1239,125,135,0,135,125,0,10,55,55,0,55,245,35,20304.360000000004,22100.0,-1795.6399999999962,5
6651,1239,85,160,0,160,140,10,10,50,50,0,45,220,20,10316.520000000002,20825.0,-10508.479999999998,5
6652,1239,110,130,0,130,105,10,15,50,50,0,50,210,50,28974.42000000001,20400.0,8574.42000000001,5
6653,1239,105,135,0,135,135,0,0,45,45,0,45,235,50,32283.495000000003,20400.0,11883.495000000003,5
6654,1239,120,150,0,150,130,0,20,50,50,0,45,245,15,7638.84,22950.0,-15311.16,5
6655,1239,75,165,0,165,145,0,20,55,55,0,55,215,55,32552.910000000007,20400.0,12152.910000000007,5
6656,1239,115,150,0,150,130,0,20,50,50,0,50,240,45,25209.99,22525.0,2684.9900000000025,5
6657,1239,105,155,0,155,120,5,30,60,60,0,55,220,50,29117.250000000004,22100.0,7017.250000000004,5
6658,1239,125,110,0,110,105,0,5,40,40,0,40,225,80,57082.47750000001,19975.0,37107.47750000001,5
6659,1239,90,180,0,180,135,10,35,45,45,0,45,220,35,20172.600000000006,22950.0,-2777.3999999999955,5
6660,1239,60,145,0,145,110,15,20,60,60,0,55,165,40,22893.660000000003,17425.0,5468.660000000004,5
6661,1239,80,150,0,150,105,5,40,40,40,0,40,180,55,37205.68500000001,19550.0,17655.685000000012,5
6662,1239,55,160,0,160,150,0,10,30,30,0,30,200,65,53403.07218750001,18275.0,35128.07218750001,5
6663,1239,60,160,0,160,160,0,0,35,35,0,35,215,60,45951.31125,18700.0,27251.31125,5
6664,1239,65,160,0,160,155,0,5,35,35,0,35,215,30,16814.340000000004,19125.0,-2310.659999999998,5
6665,1239,75,160,0,160,155,0,5,40,40,0,40,225,35,21215.43,19975.0,1240.4300000000012,5
6666,1239,110,140,0,140,115,0,25,45,45,0,45,220,55,36591.592500000006,21250.0,15341.592500000006,5
6667,1239,115,140,0,140,90,15,35,55,55,0,55,200,40,22323.06,21675.0,648.0600000000004,5
6668,1239,200,95,0,95,90,0,5,35,35,0,35,285,90,71182.43279296876,25075.0,46107.43279296876,5
6669,1239,90,155,0,155,120,10,25,70,70,0,70,205,35,18943.38,20825.0,-1881.619999999998,5
6670,1239,65,145,0,145,135,0,10,40,40,0,35,195,55,40460.27625,17850.0,22610.276250000003,5
6671,1239,85,155,0,155,140,0,15,35,35,0,35,220,25,13279.86,20400.0,-7120.139999999999,5
6672,1239,170,135,0,135,125,0,10,30,30,0,25,290,20,12314.160000000002,25925.0,-13610.839999999998,5
6673,1239,60,170,0,170,155,0,15,40,40,0,35,210,45,27372.510000000002,19550.0,7822.510000000002,5
6674,1239,80,135,0,135,120,0,15,60,60,0,60,195,70,47934.675,18275.0,29659.675000000007,5
6675,1239,130,130,0,130,110,0,20,55,55,0,55,235,65,42054.7275,22100.0,19954.7275,5
6676,1239,150,95,0,95,95,0,0,55,55,0,55,240,50,26888.940000000002,20825.0,6063.940000000002,5
6677,1239,110,145,0,145,145,0,0,50,50,0,50,250,65,43928.685000000005,21675.0,22253.685000000005,5
6678,1239,65,150,0,150,150,0,0,55,55,0,55,210,40,24672.780000000002,18275.0,6397.7800000000025,5
6679,1239,80,155,0,155,150,0,5,50,50,0,50,225,35,18767.7,19975.0,-1207.3000000000002,5
6680,1239,120,120,0,120,120,0,0,55,55,0,55,235,45,24211.260000000002,20400.0,3811.260000000002,5
6681,1239,115,145,0,145,145,0,0,45,45,0,45,255,35,22987.754999999997,22100.0,887.7549999999974,5
6682,1239,95,145,0,145,135,0,10,40,40,0,40,225,30,17933.760000000002,20400.0,-2466.239999999998,5
6683,1239,110,145,0,145,100,0,45,45,45,0,45,205,35,23394.015,21675.0,1719.0149999999994,5
6684,1239,75,160,0,160,135,5,20,55,55,0,55,205,45,26560.170000000002,19975.0,6585.170000000003,5
6685,1239,90,145,0,145,145,0,0,35,35,0,35,230,10,4916.88,19975.0,-15058.119999999999,5
6686,1239,95,140,0,140,140,0,0,55,55,0,55,230,35,20820.15,19975.0,845.1500000000033,5
6687,1239,85,150,0,150,135,0,15,45,45,0,45,215,45,31575.892500000005,19975.0,11600.892500000005,5
6688,1239,85,140,0,140,130,0,10,60,60,0,60,210,65,37403.37,19125.0,18278.370000000003,5
6689,1239,115,145,0,145,135,0,10,40,40,0,40,245,40,24738.39,22100.0,2638.3899999999994,5
6690,1239,95,135,0,135,135,0,0,40,40,0,40,225,65,47678.641875,19550.0,28128.641875,5
6691,1239,110,135,0,135,125,0,10,60,60,0,60,230,50,28886.58,20825.0,8061.580000000004,5
6692,1239,90,140,0,140,125,0,15,70,70,0,70,210,30,17626.32,19550.0,-1923.6799999999994,5
6693,1239,70,140,0,140,125,5,10,60,60,0,60,190,35,18064.98,17850.0,214.98000000000047,5
6694,1239,100,155,0,155,115,35,5,60,60,0,60,210,45,25802.910000000003,21675.0,4127.910000000002,5
6695,1239,115,135,0,135,135,0,0,55,55,0,55,245,35,20611.8,21250.0,-638.2000000000016,5
6696,1239,125,130,0,130,120,0,10,55,55,0,55,240,60,39985.177500000005,21675.0,18310.17750000001,5
6697,1239,70,155,0,155,140,0,15,40,40,0,40,205,30,16045.740000000002,19125.0,-3079.2599999999993,5
6698,1239,130,125,0,125,120,0,5,40,40,0,40,245,45,30379.230000000003,21675.0,8704.230000000003,5
6699,1239,90,125,0,125,115,10,0,70,70,0,70,200,100,74551.34812500002,18275.0,56276.34812500002,5
6700,1239,70,160,0,160,140,0,20,40,40,0,40,205,75,59760.175781250015,19550.0,40210.175781250015,5
6701,1239,75,135,0,135,115,5,15,50,50,0,45,185,10,5136.4800000000005,17850.0,-12713.519999999999,5
6702,1239,160,100,0,100,90,0,10,65,65,0,60,245,35,22378.770000000004,22100.0,278.7700000000041,5
6703,1239,70,140,0,140,130,0,10,55,55,0,55,195,65,46832.65874999999,17850.0,28982.65874999999,5
6704,1239,50,185,0,185,175,0,10,30,30,0,30,220,10,4960.8,19975.0,-15014.2,5
6705,1239,145,130,0,130,125,0,5,40,40,0,40,265,25,14245.740000000002,23375.0,-9129.259999999998,5
6706,1239,95,165,0,165,160,0,5,40,40,0,40,250,25,12555.720000000001,22100.0,-9544.279999999999,5
6707,1239,95,135,0,135,110,0,25,55,55,0,50,200,95,75069.8834765625,19550.0,55519.8834765625,5
6708,1239,130,130,0,130,130,0,0,55,55,0,55,255,35,20019.059999999998,22100.0,-2080.9400000000005,5
6709,1239,100,145,0,145,145,0,0,50,50,0,50,240,50,34512.165000000015,20825.0,13687.165000000014,5
6710,1239,100,150,0,150,140,0,10,35,35,0,35,235,20,10360.44,21250.0,-10889.56,5
6711,1239,110,125,0,125,125,0,0,50,50,0,50,230,40,24079.500000000004,19975.0,4104.500000000003,5
6712,1239,95,150,0,150,130,0,20,50,50,0,50,220,45,29337.030000000006,20825.0,8512.030000000004,5
6713,1239,100,140,0,140,135,0,5,40,40,0,40,230,30,15760.080000000002,20400.0,-4639.919999999997,5
6714,1239,110,140,0,140,125,5,10,55,55,0,55,230,45,26823.420000000006,21250.0,5573.4200000000055,5
6715,1239,75,155,0,155,140,0,15,60,60,0,60,210,15,9021.78,19550.0,-10528.220000000001,5
6716,1239,160,120,0,120,120,0,0,50,50,0,50,275,40,23498.190000000002,23800.0,-301.80999999999585,5
6717,1239,70,165,0,165,155,0,10,55,55,0,55,220,35,19053.18,19975.0,-921.8199999999979,5
6718,1239,90,150,0,150,140,0,10,55,55,0,55,225,20,11326.5,20400.0,-9073.5,5
6719,1239,75,160,0,160,145,0,15,50,50,0,50,215,55,35263.89,19975.0,15288.890000000001,5
6720,1239,120,140,0,140,125,0,15,50,50,0,50,240,45,29249.550000000003,22100.0,7149.550000000004,5
6721,1239,110,145,0,145,95,20,30,60,60,0,60,200,55,39389.07375000001,21675.0,17714.073750000007,5
6722,1239,145,125,0,125,115,10,0,50,50,0,50,255,50,31367.070000000003,22950.0,8417.070000000003,5
6723,1239,90,145,0,145,145,0,0,60,60,0,55,230,50,38923.666874999995,19975.0,18948.666875,5
6724,1239,115,135,0,135,95,15,25,60,60,0,60,205,45,31181.219999999998,21250.0,9931.219999999998,5
6725,1239,95,160,0,160,135,0,25,30,30,0,30,225,15,7551.000000000002,21675.0,-14123.999999999998,5
6726,1239,55,165,0,165,150,0,15,50,50,0,45,200,20,11150.820000000002,18700.0,-7549.1799999999985,5
6727,1239,105,145,0,145,125,0,20,60,60,0,60,225,80,49487.220000000016,21250.0,28237.220000000016,5
6728,1239,100,150,0,150,145,0,5,40,40,0,40,240,10,5180.400000000001,21250.0,-16069.6,5
6729,1239,130,165,0,165,160,0,5,35,35,0,35,285,25,14136.300000000001,25075.0,-10938.699999999999,5
6730,1239,90,155,0,155,140,5,10,40,40,0,40,225,10,5268.240000000001,20825.0,-15556.759999999998,5
6731,1239,105,135,0,135,125,0,10,40,40,0,40,225,35,20896.92,20400.0,496.9200000000001,5
6732,1239,90,155,0,155,135,0,20,50,50,0,50,220,50,34122.375,20825.0,13297.375000000002,5
6733,1239,105,145,0,145,130,0,15,35,35,0,35,230,30,16462.980000000003,21250.0,-4787.019999999998,5
6734,1239,130,130,0,130,115,0,15,65,65,0,65,240,65,40784.40000000001,22100.0,18684.400000000005,5
6735,1239,60,160,0,160,155,0,5,60,60,0,55,210,35,18526.140000000003,18700.0,-173.8599999999974,5
6736,1239,90,140,0,140,120,0,20,55,55,0,55,205,35,21160.440000000002,19550.0,1610.4400000000032,5
6737,1239,120,130,0,130,95,0,35,35,35,0,35,210,70,49742.0775,21250.0,28492.077499999996,5
6738,1239,150,125,0,125,120,0,5,50,50,0,50,265,70,48391.47000000001,23375.0,25016.47000000001,5
6739,1239,130,125,0,125,110,0,15,60,60,0,60,235,45,25407.630000000005,21675.0,3732.6300000000037,5
6740,1239,75,140,0,140,135,0,5,45,45,0,45,205,50,33265.530000000006,18275.0,14990.530000000002,5
6741,1239,140,135,0,135,135,0,0,45,45,0,45,270,25,12906.720000000003,23375.0,-10468.279999999997,5
6742,1239,80,145,0,145,115,15,15,75,75,0,70,190,65,37370.97,19125.0,18245.97,5
6743,1239,115,145,0,145,120,0,25,35,35,0,35,230,40,25780.949999999997,22100.0,3680.949999999998,5
6744,1239,95,150,0,150,100,10,40,55,55,0,50,190,50,26581.5,20825.0,5756.500000000001,5
6745,1239,125,125,0,125,115,0,10,50,50,0,50,235,50,29940.750000000004,21250.0,8690.750000000004,5
6746,1239,65,165,0,165,120,10,35,50,50,0,50,180,30,16111.620000000003,19550.0,-3438.3799999999974,5
6747,1239,140,125,0,125,125,0,0,55,55,0,50,260,25,12511.800000000001,22525.0,-10013.199999999999,5
6748,1239,85,130,0,130,130,0,0,50,50,0,50,210,75,48795.57000000001,18275.0,30520.570000000007,5
6749,1239,70,145,0,145,130,0,15,60,60,0,55,195,65,38687.670000000006,18275.0,20412.670000000006,5
6750,1239,75,170,0,170,105,30,35,65,65,0,60,175,30,19151.64,20825.0,-1673.3600000000001,5
6751,1239,90,120,0,120,110,0,10,50,50,0,50,195,135,103112.8875,17850.0,85262.8875,5
6752,1239,90,155,0,155,140,0,15,55,55,0,55,225,20,10843.2,20825.0,-9981.8,5
6753,1239,105,140,0,140,135,0,5,40,40,0,40,235,30,16287.300000000003,20825.0,-4537.699999999997,5
6754,1239,85,150,0,150,150,0,0,25,25,0,25,230,65,46766.002499999995,19975.0,26791.002499999995,5
6755,1239,130,120,0,120,120,0,0,35,35,0,30,245,50,33879.96,21250.0,12629.960000000001,5
6756,1239,60,185,0,185,125,15,45,40,40,0,35,180,25,12160.44,20825.0,-8664.56,5
6757,1239,95,150,0,150,150,0,0,45,45,0,45,240,50,35494.33500000001,20825.0,14669.335000000006,5
6758,1239,110,155,0,155,155,0,0,35,35,0,35,260,20,11414.340000000002,22525.0,-11110.659999999998,5
6759,1239,180,115,0,115,115,0,0,30,30,0,30,290,40,27295.785000000003,25075.0,2220.7850000000053,5
6760,1239,75,165,0,165,150,10,5,40,40,0,40,220,55,38935.08000000001,20400.0,18535.08000000001,5
6761,1239,125,140,0,140,135,0,5,35,35,0,35,255,25,15969.149999999998,22525.0,-6555.850000000002,5
6762,1239,80,165,0,165,160,0,5,40,40,0,40,235,25,12380.04,20825.0,-8444.96,5
6763,1239,165,120,0,120,110,0,10,45,45,0,45,270,20,10009.44,24225.0,-14215.560000000001,5
6764,1239,85,150,0,150,145,0,5,60,60,0,60,225,15,9219.420000000002,19975.0,-10755.58,5
6765,1239,130,125,0,125,125,0,0,50,50,0,50,250,30,17802.0,21675.0,-3872.9999999999995,5
6766,1239,90,160,0,160,150,0,10,25,25,0,20,235,45,33112.58625000001,21250.0,11862.586250000004,5
6767,1239,105,155,0,155,155,0,0,30,30,0,30,255,15,8890.02,22100.0,-13209.98,5
6768,1239,180,95,0,95,90,0,5,75,75,0,70,265,40,21972.24,23375.0,-1402.7599999999984,5
6769,1239,75,145,0,145,145,0,0,45,45,0,40,215,65,48678.238124999996,18700.0,29978.238124999996,5
6770,1239,90,155,0,155,150,0,5,50,50,0,50,235,45,27679.950000000004,20825.0,6854.9500000000035,5
6771,1239,125,140,0,140,115,0,25,50,50,0,50,235,60,44340.63750000001,22525.0,21815.63750000001,5
6772,1239,120,135,0,135,115,0,20,35,35,0,35,230,35,20786.940000000002,21675.0,-888.0599999999959,5
6773,1239,75,170,0,170,130,0,40,50,50,0,50,200,20,9745.920000000002,20825.0,-11079.079999999998,5
6774,1239,140,135,0,135,125,0,10,40,40,0,40,260,55,34363.665,23375.0,10988.665,5
6775,1239,95,140,0,140,110,5,25,60,60,0,60,200,85,59441.16374999999,19975.0,39466.16374999999,5
6776,1239,90,160,0,160,145,0,15,30,30,0,30,230,15,9306.720000000003,21250.0,-11943.279999999997,5
6777,1239,105,155,0,155,155,0,0,30,30,0,30,255,15,9504.36,22100.0,-12595.64,5
6778,1239,90,150,0,150,150,0,0,40,40,0,40,235,25,15014.160000000002,20400.0,-5385.839999999998,5
6779,1239,90,150,0,150,130,5,15,60,60,0,60,215,20,10272.960000000001,20400.0,-10127.039999999999,5
6780,1239,95,150,0,150,135,0,15,60,60,0,60,225,40,23640.930000000004,20825.0,2815.930000000003,5
6781,1239,145,130,0,130,115,0,15,55,55,0,55,255,10,5048.64,23375.0,-18326.36,5
6782,1239,120,135,0,135,130,5,0,50,50,0,50,245,70,44356.34250000001,21675.0,22681.34250000001,5
6783,1239,65,165,0,165,155,0,10,35,35,0,30,215,30,16353.18,19550.0,-3196.82,5
6784,1239,110,135,0,135,135,0,0,45,45,0,40,240,30,16990.02,20825.0,-3834.9800000000005,5
6785,1239,110,150,0,150,150,0,0,25,25,0,25,255,25,17253.270000000004,22100.0,-4846.729999999998,5
6786,1239,60,150,0,150,125,5,20,40,40,0,40,180,60,43260.37875000001,17850.0,25410.37875000001,5
6787,1239,125,120,0,120,110,0,10,60,60,0,60,230,55,31147.74000000001,20825.0,10322.740000000009,5
6788,1239,95,145,0,145,135,0,10,50,50,0,50,225,50,34007.085,20400.0,13607.085000000003,5
6789,1239,150,135,0,135,110,0,25,40,40,0,40,255,40,26198.190000000002,24225.0,1973.1900000000041,5
6790,1239,145,135,0,135,135,0,0,40,40,0,40,275,35,22378.77,23800.0,-1421.2300000000005,5
6791,1239,55,165,0,165,160,0,5,30,30,0,30,210,15,8758.26,18700.0,-9941.74,5
6792,1239,80,155,0,155,130,0,25,60,60,0,60,205,60,37173.33,19975.0,17198.330000000005,5
6793,1239,55,160,0,160,160,0,0,50,50,0,50,210,45,24189.120000000003,18275.0,5914.120000000003,5
6794,1239,120,120,0,120,120,0,0,60,60,0,60,235,60,38128.185000000005,20400.0,17728.185000000005,5
6795,1239,70,140,0,140,135,0,5,55,55,0,55,200,40,24409.26,17850.0,6559.259999999999,5
6796,1239,90,150,0,150,145,0,5,50,50,0,45,230,45,27570.15000000001,20400.0,7170.150000000008,5
6797,1239,110,135,0,135,125,0,10,55,55,0,50,230,35,21434.49,20825.0,609.4900000000007,5
6798,1239,60,150,0,150,145,0,5,25,25,0,25,200,40,30362.512500000004,17850.0,12512.512500000003,5
6799,1239,115,145,0,145,145,0,0,50,50,0,50,255,65,42469.22250000002,22100.0,20369.222500000014,5
6800,1239,65,165,0,165,155,0,10,40,40,0,40,215,40,21445.740000000005,19550.0,1895.7400000000052,5
6801,1239,125,135,0,135,125,0,10,40,40,0,40,245,55,38509.537500000006,22100.0,16409.537500000006,5
6802,1239,70,160,0,160,125,10,25,65,65,0,65,190,50,25879.500000000004,19550.0,6329.500000000003,5
6803,1239,120,135,0,135,135,0,0,40,40,0,40,250,50,30335.670000000006,21675.0,8660.670000000006,5
6804,1239,85,155,0,155,150,0,5,25,25,0,25,230,35,22192.11,20400.0,1792.1100000000024,5
6805,1239,80,160,0,160,135,0,25,40,40,0,40,210,30,17055.54,20400.0,-3344.459999999999,5
6806,1239,110,120,0,120,120,0,0,75,75,0,75,225,50,27438.120000000003,19550.0,7888.1200000000035,5
6807,1239,120,120,0,120,120,0,0,60,60,0,60,235,75,49064.53500000002,20400.0,28664.535000000014,5
6808,1239,45,160,0,160,150,5,5,40,40,0,40,190,50,36292.9275,17425.0,18867.9275,5
6809,1239,80,150,0,150,145,0,5,45,45,0,45,220,40,22608.72,19550.0,3058.720000000003,5
6810,1239,65,170,0,170,125,10,35,40,40,0,40,185,45,31213.755,19975.0,11238.755000000001,5
6811,1239,80,155,0,155,105,40,10,50,50,0,50,180,45,26099.370000000003,19975.0,6124.3700000000035,5
6812,1239,130,135,0,135,135,0,0,50,50,0,45,260,20,11611.980000000001,22525.0,-10913.019999999999,5
6813,1239,105,140,0,140,135,0,5,55,55,0,50,235,50,33287.76,20825.0,12462.760000000002,5
6814,1239,105,145,0,145,135,0,10,40,40,0,40,235,25,13806.900000000001,21250.0,-7443.099999999999,5
6815,1239,50,180,0,180,135,40,5,45,45,0,45,180,20,10185.12,19550.0,-9364.88,5
6816,1239,80,165,0,165,150,0,15,60,60,0,55,225,25,12687.480000000003,20825.0,-8137.519999999997,5
6817,1239,100,150,0,150,150,0,0,45,45,0,40,245,35,22477.590000000004,21250.0,1227.5900000000047,5
6818,1239,90,135,0,135,115,0,20,75,75,0,75,200,80,53914.80375,19125.0,34789.80375,5
6819,1239,95,155,0,155,125,0,30,50,50,0,50,215,60,36843.84,21250.0,15593.84,5
6820,1239,60,165,0,165,160,0,5,35,35,0,35,215,55,36789.435000000005,19125.0,17664.435000000005,5
6821,1239,140,120,0,120,110,0,10,60,60,0,60,245,50,38509.49812500001,22100.0,16409.49812500001,5
6822,1239,180,110,0,110,105,0,5,50,50,0,50,280,20,11721.78,24650.0,-12928.22,5
6823,1239,90,155,0,155,145,0,10,35,35,0,35,230,40,23926.14,20825.0,3101.1400000000003,5
6824,1239,115,130,0,130,115,0,15,60,60,0,60,225,105,73804.96125000002,20825.0,52979.96125000002,5
6825,1239,130,130,0,130,130,0,0,40,40,0,40,255,40,27415.98,22100.0,5315.98,5
6826,1239,60,165,0,165,145,0,20,40,40,0,40,200,35,18635.940000000002,19125.0,-489.0599999999995,5
6827,1239,120,120,0,120,115,5,0,65,65,0,65,230,30,16616.34,20400.0,-3783.66,5
6828,1239,100,150,0,150,140,0,10,35,35,0,35,235,20,11216.7,21250.0,-10033.3,5
6829,1239,100,155,0,155,130,5,20,45,45,0,45,225,35,23432.445000000007,21675.0,1757.445000000007,5
6830,1239,80,175,0,175,145,5,25,35,35,0,35,220,30,14662.8,21675.0,-7012.200000000001,5
6831,1239,70,175,0,175,95,55,25,60,60,0,55,160,60,37162.35,20825.0,16337.350000000002,5
6832,1239,90,175,0,175,150,0,25,40,40,0,40,235,30,16572.78,22525.0,-5952.219999999999,5
6833,1239,70,150,0,150,130,0,20,40,40,0,35,195,40,23969.79,18700.0,5269.790000000003,5
6834,1239,100,155,0,155,150,0,5,35,35,0,35,245,25,13850.820000000002,21675.0,-7824.1799999999985,5
6835,1239,90,140,0,140,130,0,10,60,60,0,60,215,50,30829.590000000004,19550.0,11279.590000000004,5
6836,1239,100,150,0,150,130,0,20,50,50,0,50,225,45,27416.43,21250.0,6166.43,5
6837,1239,80,160,0,160,155,0,5,45,45,0,45,230,35,19360.62,20400.0,-1039.380000000001,5
6838,1239,110,140,0,140,135,0,5,55,55,0,55,240,60,34308.90000000001,21250.0,13058.900000000009,5
6839,1239,65,160,0,160,150,0,10,45,45,0,45,210,30,16155.54,19125.0,-2969.459999999999,5
6840,1239,60,190,0,190,120,35,35,45,45,0,45,175,30,17055.36,21250.0,-4194.639999999999,5
6841,1239,105,145,0,145,135,10,0,55,55,0,55,235,30,16462.980000000003,21250.0,-4787.019999999998,5
6842,1239,140,125,0,125,115,0,10,50,50,0,50,250,15,7463.16,22525.0,-15061.84,5
6843,1239,90,155,0,155,145,0,10,40,40,0,40,230,40,26099.370000000003,20825.0,5274.3700000000035,5
6844,1239,95,170,0,170,150,0,20,30,30,0,25,240,40,27825.097500000003,22525.0,5300.097500000002,5
6845,1239,90,140,0,140,130,5,5,65,65,0,65,215,25,12994.560000000003,19550.0,-6555.439999999997,5
6846,1239,45,180,0,180,150,5,25,40,40,0,40,190,60,44359.75125000001,19125.0,25234.75125000001,5
6847,1239,155,145,0,145,125,0,20,30,30,0,30,275,25,14026.5,25500.0,-11473.5,5
6848,1239,55,155,0,155,130,0,25,50,50,0,45,180,25,14443.200000000004,17850.0,-3406.799999999996,5
6849,1239,155,120,0,120,110,0,10,45,45,0,40,260,40,24649.920000000006,23375.0,1274.9200000000064,5
6850,1239,75,135,0,135,130,0,5,50,50,0,50,200,55,36283.995,17850.0,18433.995000000003,5
6851,1239,100,140,0,140,135,0,5,60,60,0,60,230,55,34654.634999999995,20400.0,14254.634999999998,5
6852,1239,120,145,0,145,135,0,10,35,35,0,35,250,15,7594.920000000001,22525.0,-14930.079999999998,5
6853,1239,55,165,0,165,140,5,20,40,40,0,40,190,65,52209.372656250016,18700.0,33509.372656250016,5
6854,1239,95,150,0,150,145,0,5,45,45,0,45,235,40,22806.72,20825.0,1981.7200000000003,5
6855,1239,130,120,0,120,120,0,0,50,50,0,45,245,45,31068.067499999997,21250.0,9818.067499999997,5
6856,1239,70,160,0,160,160,0,0,40,40,0,40,225,30,18504.45,19550.0,-1045.5499999999984,5
6857,1239,120,135,0,135,135,0,0,45,45,0,45,250,45,27756.450000000004,21675.0,6081.450000000004,5
6858,1239,90,160,0,160,135,5,20,60,60,0,60,220,55,30028.320000000003,21250.0,8778.320000000003,5
6859,1239,130,145,0,145,145,0,0,45,45,0,45,270,45,26670.060000000005,23375.0,3295.060000000003,5
6860,1239,75,160,0,160,145,0,15,40,40,0,40,215,45,31883.332500000004,19975.0,11908.332500000006,5
6861,1239,90,140,0,140,125,0,15,45,45,0,45,210,35,18262.620000000003,19550.0,-1287.379999999996,5
6862,1239,95,130,0,130,130,0,0,65,65,0,65,220,40,20676.960000000003,19125.0,1551.9600000000037,5
6863,1239,115,135,0,135,135,0,0,45,45,0,45,245,40,24002.910000000003,21250.0,2752.9100000000017,5
6864,1239,90,155,0,155,145,0,10,40,40,0,40,230,35,23174.415,20825.0,2349.414999999999,5
6865,1239,55,155,0,155,150,0,5,40,40,0,40,200,55,39050.41500000001,17850.0,21200.415000000008,5
6866,1239,85,150,0,150,145,0,5,45,45,0,45,225,60,45672.44062500001,19975.0,25697.44062500001,5
6867,1239,120,140,0,140,110,0,30,65,65,0,65,225,35,18745.74,22100.0,-3354.259999999997,5
6868,1239,160,120,0,120,115,0,5,55,55,0,55,270,30,18328.770000000004,23800.0,-5471.229999999996,5
6869,1239,85,150,0,150,125,5,20,50,50,0,50,205,65,43418.452500000014,19975.0,23443.452500000014,5
6870,1239,100,160,0,160,160,0,0,35,35,0,35,255,15,9109.619999999999,22100.0,-12990.380000000001,5
6871,1239,70,150,0,150,135,0,15,55,55,0,55,200,60,40559.06250000001,18700.0,21859.062500000007,5
6872,1239,125,145,0,145,135,0,10,20,20,0,20,255,10,5136.120000000001,22950.0,-17813.879999999997,5
6873,1239,85,160,0,160,135,0,25,40,40,0,40,215,35,20633.49,20825.0,-191.5099999999984,5
6874,1239,85,160,0,160,150,0,10,35,35,0,35,230,15,9087.66,20825.0,-11737.34,5
6875,1239,125,140,0,140,110,0,30,65,65,0,65,230,60,40092.93000000001,22525.0,17567.930000000008,5
6876,1239,75,160,0,160,115,10,35,55,55,0,55,185,45,32014.44,19975.0,12039.439999999999,5
6877,1239,110,160,0,160,120,5,35,45,45,0,45,225,15,7682.76,22950.0,-15267.24,5
6878,1239,80,155,0,155,145,0,10,55,55,0,50,220,40,22784.760000000006,19975.0,2809.7600000000057,5
6879,1239,140,105,0,105,100,0,5,45,45,0,45,235,60,47279.60015625,20825.0,26454.60015625,5
6880,1239,80,160,0,160,130,20,10,70,70,0,70,205,30,16792.379999999997,20400.0,-3607.6200000000017,5
6881,1239,100,160,0,160,110,25,25,45,45,0,45,205,35,23152.095,22100.0,1052.0949999999993,5
6882,1239,175,110,0,110,85,0,25,40,40,0,40,255,70,48955.63500000001,24225.0,24730.63500000001,5
6883,1239,90,155,0,155,140,0,15,40,40,0,40,225,30,16858.260000000002,20825.0,-3966.7399999999975,5
6884,1239,150,125,0,125,125,0,0,35,35,0,35,270,20,10997.1,23375.0,-12377.9,5
6885,1239,95,140,0,140,130,10,0,60,60,0,60,220,50,34111.395000000004,19975.0,14136.395000000008,5
6886,1239,125,145,0,145,145,0,0,35,35,0,35,265,25,14860.080000000002,22950.0,-8089.919999999997,5
6887,1239,90,160,0,160,150,0,10,35,35,0,35,235,15,7375.3200000000015,21250.0,-13874.679999999998,5
6888,1239,60,160,0,160,130,5,25,50,50,0,45,185,45,25901.280000000002,18700.0,7201.280000000002,5
6889,1239,155,110,0,110,105,0,5,50,50,0,50,255,75,50077.36125,22525.0,27552.36125,5
6890,1239,75,155,0,155,145,0,10,40,40,0,40,215,10,6387.66,19550.0,-13162.34,5
6891,1239,75,150,0,150,130,0,20,50,50,0,50,200,25,12731.400000000001,19125.0,-6393.5999999999985,5
6892,1239,85,160,0,160,135,0,25,30,30,0,30,215,40,28392.975000000002,20825.0,7567.975000000001,5
6893,1239,120,140,0,140,125,15,0,55,55,0,55,240,55,32618.430000000008,22100.0,10518.430000000008,5
6894,1239,85,145,0,145,135,0,10,40,40,0,40,215,35,23607.765,19550.0,4057.7649999999994,5
6895,1239,90,145,0,145,125,0,20,65,65,0,60,210,60,34835.58,19975.0,14860.58,5
6896,1239,90,145,0,145,145,0,0,40,40,0,40,230,30,18372.42,19975.0,-1602.5800000000004,5
6897,1239,125,135,0,135,130,0,5,45,45,0,45,250,30,16287.3,22100.0,-5812.7,5
6898,1239,75,165,0,165,150,0,15,50,50,0,45,220,30,18087.48,20400.0,-2312.5199999999995,5
6899,1239,150,135,0,135,120,0,15,40,40,0,40,265,35,19579.860000000004,24225.0,-4645.139999999997,5
6900,1239,70,165,0,165,165,0,0,50,50,0,50,230,15,8824.140000000003,19975.0,-11150.859999999997,5
6901,1239,125,145,0,145,130,0,15,40,40,0,40,250,20,10009.44,22950.0,-12940.560000000001,5
6902,1239,170,130,0,130,120,0,10,40,40,0,40,285,30,15497.280000000002,25500.0,-10002.719999999998,5
6903,1239,70,170,0,170,165,0,5,25,25,0,25,230,30,18460.08,20400.0,-1939.9199999999973,5
6904,1239,80,145,0,145,100,10,35,70,70,0,65,175,80,46930.77000000001,19125.0,27805.77000000001,5
6905,1239,70,175,0,175,100,40,35,55,55,0,55,165,40,19974.960000000003,20825.0,-850.0399999999968,5
6906,1239,135,135,0,135,130,0,5,35,35,0,35,260,40,26450.730000000003,22950.0,3500.730000000003,5
6907,1239,90,165,0,165,160,0,5,45,45,0,45,245,30,15979.86,21675.0,-5695.139999999999,5
6908,1239,70,165,0,165,150,0,15,40,40,0,35,215,40,27109.26,19975.0,7134.259999999999,5
6909,1239,95,160,0,160,120,0,40,45,45,0,40,210,30,16353.180000000002,21675.0,-5321.819999999998,5
6910,1239,140,125,0,125,110,0,15,50,50,0,45,245,15,7331.4000000000015,22525.0,-15193.599999999999,5
6911,1239,80,175,0,175,85,50,40,50,50,0,50,160,50,29402.370000000006,21675.0,7727.370000000005,5
6912,1239,60,185,0,185,105,50,30,55,55,0,55,160,15,7375.3200000000015,20825.0,-13449.679999999998,5
6913,1239,75,145,0,145,130,15,0,45,45,0,45,200,75,52818.57000000001,18700.0,34118.57000000001,5
6914,1239,80,165,0,165,140,0,25,30,30,0,25,215,0,0.0,20825.0,-20825.0,5
6915,1239,65,175,0,175,140,10,25,35,35,0,35,200,25,12863.160000000003,20400.0,-7536.839999999997,5
6916,1239,125,130,0,130,110,15,5,75,75,0,75,230,50,29392.020000000004,21675.0,7717.020000000002,5
6917,1239,120,135,0,135,135,0,0,45,45,0,45,250,35,23657.175000000003,21675.0,1982.175000000002,5
6918,1239,110,125,0,125,110,0,15,60,60,0,60,215,35,19886.760000000002,19975.0,-88.23999999999842,5
6919,1239,65,170,0,170,130,0,40,30,30,0,25,190,45,36358.858125000006,19975.0,16383.858125000006,5
6920,1239,85,155,0,155,135,0,20,35,35,0,35,215,35,23882.085000000006,20400.0,3482.0850000000064,5
6921,1239,45,170,0,170,170,0,0,35,35,0,35,210,10,4740.840000000002,18275.0,-13534.159999999996,5
6922,1239,65,160,0,160,160,0,0,35,35,0,35,220,20,13258.170000000002,19125.0,-5866.829999999998,5
6923,1239,135,150,0,150,140,0,10,40,40,0,35,270,10,5268.240000000001,24225.0,-18956.76,5
6924,1239,95,140,0,140,140,0,0,40,40,0,40,230,40,24936.03,19975.0,4961.030000000001,5
6925,1239,135,125,0,125,120,0,5,35,35,0,35,250,20,9877.68,22100.0,-12222.32,5
6926,1239,105,135,0,135,135,0,0,45,45,0,45,235,45,29051.910000000007,20400.0,8651.910000000007,5
6927,1239,115,155,0,155,145,0,10,35,35,0,35,255,55,43905.740625,22950.0,20955.740625,5
6928,1239,105,130,0,130,125,0,5,45,45,0,45,225,50,37160.67375,19975.0,17185.67375,5
6929,1239,80,145,0,145,120,20,5,70,70,0,70,195,25,12774.960000000001,19125.0,-6350.039999999999,5
6930,1239,105,150,0,150,135,0,15,45,45,0,40,235,20,9833.76,21675.0,-11841.239999999998,5
6931,1239,125,140,0,140,110,10,20,55,55,0,55,230,40,23113.800000000003,22525.0,588.8000000000011,5
6932,1239,115,130,0,130,105,0,25,70,70,0,70,215,50,27833.040000000005,20825.0,7008.040000000005,5
6933,1239,75,145,0,145,135,10,0,50,50,0,50,205,70,54154.5075,18700.0,35454.5075,5
6934,1239,60,155,0,155,125,15,15,60,60,0,55,180,60,35472.24000000001,18275.0,17197.240000000013,5
6935,1239,265,95,0,95,95,0,0,25,25,0,25,355,10,4960.8,30600.0,-25639.2,5
6936,1239,150,135,0,135,120,0,15,45,45,0,45,265,20,11502.18,24225.0,-12722.82,5
6937,1239,80,150,0,150,135,5,10,60,60,0,60,210,35,19821.420000000002,19550.0,271.4200000000005,5
6938,1239,165,120,0,120,120,0,0,35,35,0,35,280,25,13960.26,24225.0,-10264.74,5
6939,1239,105,145,0,145,135,0,10,60,60,0,60,235,55,33469.335,21250.0,12219.335000000001,5
6940,1239,120,135,0,135,130,0,5,55,55,0,55,245,25,14092.380000000001,21675.0,-7582.619999999999,5
6941,1239,80,185,0,185,115,20,50,45,45,0,45,190,30,16616.7,22525.0,-5908.299999999999,5
6942,1239,150,130,0,130,110,0,20,55,55,0,55,255,60,45213.87937500002,23800.0,21413.879375000015,5
6943,1239,90,130,0,130,120,10,0,70,70,0,70,205,20,10053.36,18700.0,-8646.64,5
6944,1239,90,145,0,145,140,5,0,55,55,0,55,225,45,29117.385000000002,19975.0,9142.385000000004,5
6945,1239,80,145,0,145,130,0,15,45,45,0,45,205,55,34714.8,19125.0,15589.800000000005,5
6946,1239,100,130,0,130,115,0,15,50,50,0,50,210,50,31773.33,19550.0,12223.330000000002,5
6947,1239,125,120,0,120,110,0,10,70,70,0,70,230,65,40806.00000000001,20825.0,19981.000000000007,5
6948,1239,130,130,0,130,125,0,5,35,35,0,35,250,45,29621.63250000001,22100.0,7521.63250000001,5
6949,1239,90,145,0,145,135,0,10,40,40,0,40,220,75,55328.470312499994,19975.0,35353.470312499994,5
6950,1239,40,180,0,180,155,0,25,35,35,0,35,190,20,11502.18,18700.0,-7197.82,5
6951,1239,55,170,0,170,135,20,15,45,45,0,45,185,30,19700.730000000003,19125.0,575.7300000000032,5
6952,1239,135,125,0,125,105,0,20,65,65,0,65,235,40,23267.610000000004,22100.0,1167.6100000000042,5
6953,1239,100,150,0,150,130,0,20,60,60,0,60,225,50,31049.190000000002,21250.0,9799.190000000002,5
6954,1239,85,160,0,160,135,0,25,30,30,0,30,215,50,36728.505000000005,20825.0,15903.505000000005,5
6955,1239,70,170,0,170,170,0,0,20,20,0,20,235,20,11326.5,20400.0,-9073.5,5
6956,1239,90,160,0,160,155,0,5,45,45,0,45,240,50,37729.42875,21250.0,16479.428750000003,5
6957,1239,145,140,0,140,140,0,0,40,40,0,40,280,30,16462.980000000003,24225.0,-7762.019999999998,5
6958,1239,115,130,0,130,125,0,5,70,70,0,70,235,30,16550.46,20825.0,-4274.539999999999,5
6959,1239,105,130,0,130,120,0,10,50,50,0,50,220,50,28623.059999999998,19975.0,8648.059999999996,5
6960,1239,75,145,0,145,135,5,5,55,55,0,50,205,75,52412.7825,18700.0,33712.7825,5
6961,1239,40,180,0,180,175,5,0,30,30,0,30,210,25,15233.76,18700.0,-3466.2400000000002,5
6962,1239,105,120,0,120,105,0,15,70,70,0,70,205,70,42858.54,19125.0,23733.54,5
6963,1239,65,165,0,165,120,20,25,60,60,0,60,180,40,23838.570000000003,19550.0,4288.570000000004,5
6964,1239,85,155,0,155,145,0,10,45,45,0,45,225,30,17648.280000000002,20400.0,-2751.719999999998,5
6965,1239,135,120,0,120,105,0,15,50,50,0,45,235,45,29073.330000000005,21675.0,7398.330000000005,5
6966,1239,170,105,0,105,95,0,10,60,60,0,60,260,55,32487.030000000006,23375.0,9112.030000000004,5
6967,1239,90,145,0,145,120,0,25,60,60,0,60,205,95,64910.9925,19975.0,44935.9925,5
6968,1239,85,160,0,160,135,0,25,35,35,0,35,215,35,28101.003750000003,20825.0,7276.003750000004,5
6969,1239,110,150,0,150,130,5,15,45,45,0,40,235,25,14904.36,22100.0,-7195.6399999999985,5
6970,1239,80,140,0,140,115,10,15,65,65,0,65,190,70,47819.52000000001,18700.0,29119.52000000001,5
6971,1239,140,120,0,120,115,0,5,60,60,0,60,250,85,51068.070000000014,22100.0,28968.070000000014,5
6972,1239,110,150,0,150,140,0,10,30,30,0,25,245,35,22334.85,22100.0,234.84999999999673,5
6973,1239,115,140,0,140,135,0,5,45,45,0,45,245,35,19075.14,21675.0,-2599.8599999999988,5
6974,1239,70,165,0,165,140,0,25,55,55,0,55,205,35,17823.960000000003,19975.0,-2151.039999999998,5
6975,1239,115,140,0,140,125,0,15,40,40,0,40,235,40,24507.360000000008,21675.0,2832.360000000008,5
6976,1239,115,125,0,125,105,0,20,70,70,0,70,215,50,29721.15000000001,20400.0,9321.150000000007,5
6977,1239,95,140,0,140,140,0,0,40,40,0,40,230,15,8033.760000000001,19975.0,-11941.239999999998,5
6978,1239,120,125,0,125,125,0,0,60,60,0,60,240,55,36970.33500000001,20825.0,16145.335000000005,5
6979,1239,90,155,0,155,135,0,20,50,50,0,50,220,55,30269.880000000005,20825.0,9444.880000000003,5
6980,1239,95,150,0,150,135,5,10,60,60,0,55,225,55,31410.9,20825.0,10585.900000000001,5
6981,1239,115,135,0,135,135,0,0,35,35,0,30,245,40,28955.497500000005,21250.0,7705.497500000006,5
6982,1239,95,165,0,165,155,0,10,40,40,0,40,245,30,18691.11,22100.0,-3408.8900000000012,5
6983,1239,105,155,0,155,130,0,25,70,70,0,70,230,55,29852.820000000007,22100.0,7752.820000000006,5
6984,1239,115,145,0,145,140,0,5,50,50,0,50,250,45,29573.055000000004,22100.0,7473.055000000004,5
6985,1239,65,155,0,155,150,0,5,50,50,0,50,210,30,16506.540000000005,18700.0,-2193.4599999999955,5
6986,1239,120,130,0,130,125,0,5,50,50,0,50,240,40,23442.84,21250.0,2192.840000000001,5
6987,1239,85,155,0,155,150,0,5,55,55,0,55,230,60,36086.850000000006,20400.0,15686.850000000004,5
6988,1239,100,120,0,120,100,0,20,80,80,0,80,195,100,70520.89218750002,18700.0,51820.89218750002,5
6989,1239,135,120,0,120,115,0,5,80,80,0,80,245,30,15585.120000000003,21675.0,-6089.879999999998,5
6990,1239,130,140,0,140,120,0,20,65,65,0,60,245,25,12819.240000000002,22950.0,-10130.759999999998,5
6991,1239,105,150,0,150,145,0,5,40,40,0,40,245,25,12775.320000000002,21675.0,-8899.679999999998,5
6992,1239,90,140,0,140,130,0,10,50,50,0,50,215,55,33485.04000000001,19550.0,13935.040000000008,5
6993,1239,110,155,0,155,120,10,25,40,40,0,40,225,40,23498.190000000002,22525.0,973.1900000000041,5
6994,1239,65,155,0,155,150,0,5,45,45,0,40,210,25,12862.800000000003,18700.0,-5837.199999999998,5
6995,1239,85,165,0,165,150,5,10,45,45,0,45,230,45,28678.36500000001,21250.0,7428.365000000008,5
6996,1239,110,140,0,140,130,0,10,45,45,0,45,235,25,14092.380000000001,21250.0,-7157.619999999999,5
6997,1239,95,155,0,155,125,15,15,55,55,0,55,215,40,25067.700000000004,21250.0,3817.7000000000044,5
6998,1239,130,130,0,130,120,0,10,55,55,0,55,245,85,58877.3025,22100.0,36777.3025,5
6999,1239,85,150,0,150,150,0,0,35,35,0,35,230,5,2370.6000000000004,19975.0,-17604.4,5
7000,1239,95,135,0,135,130,5,0,55,55,0,55,220,35,20567.880000000005,19550.0,1017.8800000000047,5
7001,1239,45,200,0,200,150,25,25,40,40,0,40,190,45,29935.395000000008,20825.0,9110.395000000008,5
7002,1239,95,160,0,160,160,0,0,40,40,0,40,250,30,14750.640000000003,21675.0,-6924.359999999997,5
7003,1239,135,130,0,130,130,0,0,40,40,0,40,260,30,16133.580000000002,22525.0,-6391.419999999998,5
7004,1239,80,140,0,140,115,5,20,60,60,0,60,190,50,29643.930000000004,18700.0,10943.930000000004,5
7005,1239,135,135,0,135,100,10,25,65,65,0,65,230,25,14224.140000000003,22950.0,-8725.859999999997,5
7006,1239,75,160,0,160,145,0,15,55,55,0,55,215,60,36811.125,19975.0,16836.125,5
7007,1239,85,140,0,140,140,0,0,45,45,0,45,220,45,28689.34500000001,19125.0,9564.345000000008,5
7008,1239,95,145,0,145,125,0,20,50,50,0,45,215,95,66819.52687500004,20400.0,46419.52687500004,5
7009,1239,80,145,0,145,135,0,10,35,35,0,35,210,60,42122.677500000005,19125.0,22997.67750000001,5
7010,1239,95,140,0,140,135,0,5,45,45,0,45,225,35,22389.750000000004,19975.0,2414.7500000000036,5
7011,1239,65,175,0,175,160,0,15,45,45,0,45,220,30,16726.5,20400.0,-3673.499999999999,5
7012,1239,85,155,0,155,135,5,15,40,40,0,40,215,25,13740.660000000003,20400.0,-6659.339999999997,5
7013,1239,155,100,0,100,100,0,0,50,50,0,50,250,50,27240.480000000003,21675.0,5565.480000000002,5
7014,1239,75,145,0,145,115,20,10,60,60,0,60,185,80,56579.07375000001,18700.0,37879.07375000001,5
7015,1239,75,160,0,160,130,10,20,50,50,0,50,200,25,16440.930000000004,19975.0,-3534.069999999997,5
7016,1239,105,135,0,135,130,0,5,45,45,0,45,230,35,19359.900000000005,20400.0,-1040.0999999999954,5
7017,1239,75,185,0,185,95,45,45,45,45,0,45,165,25,14157.900000000001,22100.0,-7942.0999999999985,5
7018,1239,90,165,0,165,140,0,25,40,40,0,40,225,45,31449.825,21675.0,9774.825,5
7019,1239,95,135,0,135,120,5,10,60,60,0,60,210,35,18350.460000000003,19550.0,-1199.5399999999972,5
7020,1239,65,175,0,175,130,25,20,45,45,0,45,190,30,19020.15,20400.0,-1379.849999999999,5
7021,1239,120,135,0,135,130,0,5,40,40,0,40,245,30,16967.7,21675.0,-4707.3,5
7022,1239,120,140,0,140,110,0,30,45,45,0,45,225,75,51910.7175,22100.0,29810.7175,5
7023,1239,60,160,0,160,110,15,35,50,50,0,50,165,30,16133.580000000002,18700.0,-2566.4199999999983,5
7024,1239,85,150,0,150,150,0,0,25,25,0,25,230,15,9680.04,19975.0,-10294.96,5
7025,1239,130,115,0,115,105,0,10,55,55,0,55,230,25,12379.680000000004,20825.0,-8445.319999999996,5
7026,1239,55,155,0,155,140,10,5,40,40,0,40,190,65,41848.47000000001,17850.0,23998.47000000001,5
7027,1239,145,130,0,130,120,0,10,25,25,0,25,260,45,29666.250000000004,23375.0,6291.250000000005,5
7028,1239,105,145,0,145,140,0,5,35,35,0,35,240,35,20216.52,21250.0,-1033.4799999999996,5
7029,1239,105,155,0,155,90,40,25,70,70,0,65,190,65,36514.530000000006,22100.0,14414.530000000004,5
7030,1239,155,110,0,110,110,0,0,75,75,0,75,260,50,28448.010000000002,22525.0,5923.010000000004,5
7031,1239,60,175,0,175,175,0,0,30,30,0,30,230,30,17692.200000000004,19975.0,-2282.7999999999975,5
7032,1239,115,135,0,135,110,5,20,50,50,0,50,220,45,25067.520000000004,21250.0,3817.520000000004,5
7033,1239,100,155,0,155,140,0,15,45,45,0,45,235,35,24804.045000000002,21675.0,3129.045000000001,5
7034,1239,90,135,0,135,125,0,10,60,60,0,60,210,45,28305.180000000004,19125.0,9180.180000000004,5
7035,1239,75,155,0,155,135,0,20,40,40,0,40,205,50,29358.810000000005,19550.0,9808.810000000003,5
7036,1239,40,180,0,180,140,5,35,30,30,0,25,175,60,44702.640000000014,18700.0,26002.64000000001,5
7037,1239,75,160,0,160,130,10,20,50,50,0,45,200,45,26472.33,19975.0,6497.330000000002,5
7038,1239,60,170,0,170,140,10,20,45,45,0,45,195,10,5443.560000000001,19550.0,-14106.439999999999,5
7039,1239,100,145,0,145,145,0,0,50,50,0,50,240,25,14004.54,20825.0,-6820.459999999998,5
7040,1239,80,175,0,175,135,20,20,45,45,0,40,210,15,8626.5,21675.0,-13048.5,5
7041,1239,110,150,0,150,145,0,5,40,40,0,40,250,40,22367.520000000004,22100.0,267.5200000000041,5
7042,1239,105,150,0,150,150,0,0,25,25,0,25,250,20,10053.36,21675.0,-11621.639999999998,5
7043,1239,100,135,0,135,125,0,10,45,45,0,45,220,35,22158.810000000005,19975.0,2183.810000000003,5
7044,1239,185,105,0,105,95,0,10,50,50,0,50,275,30,18229.590000000004,24650.0,-6420.409999999997,5
7045,1239,115,140,0,140,135,0,5,40,40,0,40,245,40,25402.275000000005,21675.0,3727.275000000004,5
7046,1239,70,160,0,160,150,0,10,50,50,0,50,215,45,30475.3275,19550.0,10925.3275,5
7047,1239,85,155,0,155,155,0,0,55,55,0,55,235,50,29863.260000000002,20400.0,9463.26,5
7048,1239,100,135,0,135,130,0,5,45,45,0,45,225,55,41275.192500000005,19975.0,21300.192500000005,5
7049,1239,120,140,0,140,140,0,0,60,60,0,60,255,50,36196.85250000001,22100.0,14096.852500000005,5
7050,1239,155,120,0,120,120,0,0,40,40,0,40,270,35,20326.32,23375.0,-3048.6799999999994,5
7051,1239,45,180,0,180,130,5,45,40,40,0,40,170,35,19864.800000000003,19125.0,739.8000000000025,5
7052,1239,90,150,0,150,115,10,25,65,65,0,65,200,35,17472.600000000002,20400.0,-2927.399999999998,5
7053,1239,70,170,0,170,115,20,35,55,55,0,50,180,50,36566.92125000001,20400.0,16166.921250000005,5
7054,1239,90,145,0,145,140,0,5,45,45,0,45,225,35,18592.020000000004,19975.0,-1382.9799999999977,5
7055,1239,105,135,0,135,130,0,5,45,45,0,40,230,50,32651.370000000006,20400.0,12251.370000000006,5
7056,1239,65,160,0,160,155,0,5,30,30,0,30,215,45,28337.58,19125.0,9212.580000000002,5
7057,1239,120,140,0,140,135,0,5,45,45,0,45,250,40,23586.03,22100.0,1486.0300000000007,5
7058,1239,85,160,0,160,130,0,30,50,50,0,45,210,35,18087.12,20825.0,-2737.88,5
7059,1239,90,140,0,140,140,0,0,45,45,0,40,225,45,26274.780000000006,19550.0,6724.780000000005,5
7060,1239,85,155,0,155,155,0,0,45,45,0,45,235,25,12907.080000000002,20400.0,-7492.919999999999,5
7061,1239,90,140,0,140,135,0,5,60,60,0,55,220,75,47892.69000000001,19550.0,28342.69000000001,5
7062,1239,75,165,0,165,165,0,0,45,45,0,45,235,25,13784.940000000004,20400.0,-6615.059999999996,5
7063,1239,145,135,0,135,130,0,5,30,30,0,30,270,10,5180.040000000001,23800.0,-18619.96,5
7064,1239,125,145,0,145,120,0,25,50,50,0,50,240,15,7463.16,22950.0,-15486.84,5
7065,1239,85,155,0,155,150,0,5,35,35,0,35,230,45,26801.550000000007,20400.0,6401.550000000007,5
7066,1239,80,165,0,165,165,0,0,20,20,0,20,240,30,23352.9075,20825.0,2527.907500000001,5
7067,1239,80,155,0,155,150,0,5,40,40,0,40,225,50,29314.89,19975.0,9339.89,5
7068,1239,80,145,0,145,135,0,10,50,50,0,50,210,60,38780.954999999994,19125.0,19655.954999999994,5
7069,1239,90,160,0,160,145,0,15,40,40,0,40,230,25,14114.340000000002,21250.0,-7135.659999999998,5
7070,1239,110,120,0,120,120,0,0,50,50,0,50,225,65,39620.700000000004,19550.0,20070.700000000004,5
7071,1239,105,145,0,145,135,0,10,65,65,0,65,235,65,39708.36,21250.0,18458.359999999997,5
7072,1239,110,145,0,145,125,0,20,50,50,0,50,230,20,10009.44,21675.0,-11665.560000000001,5
7073,1239,110,115,0,115,110,0,5,55,55,0,55,215,85,59419.76624999999,19125.0,40294.76624999999,5
7074,1239,95,165,0,165,140,0,25,35,35,0,35,230,5,2546.28,22100.0,-19553.72,5
7075,1239,60,180,0,180,180,0,0,25,25,0,25,235,25,15453.360000000002,20400.0,-4946.639999999998,5
7076,1239,105,135,0,135,100,35,0,55,55,0,55,200,80,54546.39,20400.0,34146.39,5
7077,1239,100,145,0,145,140,0,5,40,40,0,40,235,45,26625.870000000003,20825.0,5800.870000000004,5
7078,1239,90,145,0,145,145,0,0,40,40,0,40,230,65,46140.345,19975.0,26165.344999999998,5
7079,1239,65,155,0,155,145,0,10,50,50,0,50,205,60,39028.409999999996,18700.0,20328.41,5
7080,1239,85,150,0,150,140,0,10,60,60,0,55,220,40,20018.879999999997,19975.0,43.8799999999992,5
7081,1239,95,150,0,150,150,0,0,50,50,0,50,240,15,7682.76,20825.0,-13142.24,5
7082,1239,45,185,0,185,170,0,15,20,20,0,20,210,20,11546.100000000002,19550.0,-8003.899999999999,5
7083,1239,90,155,0,155,115,20,20,65,65,0,60,200,70,44938.6425,20825.0,24113.642500000005,5
7084,1239,80,150,0,150,120,0,30,40,40,0,40,195,25,14487.300000000003,19550.0,-5062.699999999997,5
7085,1239,125,125,0,125,125,0,0,30,30,0,30,245,25,15035.760000000002,21250.0,-6214.239999999998,5
7086,1239,90,160,0,160,160,0,0,40,40,0,40,245,30,16045.740000000002,21250.0,-5204.259999999999,5
7087,1239,110,140,0,140,135,0,5,60,60,0,60,240,20,10097.28,21250.0,-11152.72,5
7088,1239,75,165,0,165,155,5,5,30,30,0,30,225,10,6365.700000000001,20400.0,-14034.3,5
7089,1239,60,175,0,175,135,5,35,45,45,0,45,190,35,20084.760000000002,19975.0,109.76000000000113,5
7090,1239,120,125,0,125,125,0,0,60,60,0,60,240,50,31367.340000000004,20825.0,10542.340000000004,5
7091,1239,80,135,0,135,135,0,0,50,50,0,50,210,70,47720.16000000002,18275.0,29445.160000000014,5
7092,1239,65,165,0,165,150,0,15,40,40,0,40,210,30,20019.15,19550.0,469.1500000000019,5
7093,1239,145,120,0,120,105,0,15,35,35,0,35,245,30,18141.480000000003,22525.0,-4383.519999999997,5
7094,1239,130,130,0,130,125,0,5,35,35,0,35,250,25,14267.7,22100.0,-7832.3,5
7095,1239,135,130,0,130,130,0,0,60,60,0,60,260,20,11699.82,22525.0,-10825.18,5
7096,1239,115,135,0,135,100,35,0,55,55,0,55,210,80,50930.955,21250.0,29680.955,5
7097,1239,55,180,0,180,120,25,35,45,45,0,45,170,40,25862.895000000008,19975.0,5887.895000000008,5
7098,1239,95,165,0,165,105,20,40,60,60,0,55,195,45,25440.839999999997,22100.0,3340.8399999999983,5
7099,1239,140,120,0,120,120,0,0,50,50,0,50,255,50,29534.490000000005,22100.0,7434.490000000005,5
7100,1239,155,110,0,110,105,0,5,55,55,0,55,255,30,16353.180000000002,22525.0,-6171.819999999998,5
7101,1239,95,145,0,145,140,0,5,45,45,0,40,230,65,43789.027500000004,20400.0,23389.027500000004,5
7102,1239,115,140,0,140,140,0,0,35,35,0,35,250,25,14750.640000000001,21675.0,-6924.359999999999,5
7103,1239,85,155,0,155,125,15,15,35,35,0,35,205,70,57763.4315625,20400.0,37363.4315625,5
7104,1239,65,165,0,165,150,0,15,40,40,0,35,210,55,34813.62,19550.0,15263.620000000006,5
7105,1239,60,170,0,170,135,0,35,50,50,0,50,190,45,27493.290000000008,19550.0,7943.290000000006,5
7106,1239,80,155,0,155,120,10,25,50,50,0,50,195,45,28239.120000000006,19975.0,8264.120000000006,5
7107,1239,75,155,0,155,140,0,15,50,50,0,50,210,15,7551.0,19550.0,-11999.0,5
7108,1239,105,160,0,160,120,10,30,35,35,0,35,220,15,7507.080000000001,22525.0,-15017.919999999998,5
7109,1239,75,145,0,145,140,0,5,25,25,0,25,210,10,4916.88,18700.0,-13783.119999999999,5
7110,1239,110,140,0,140,140,0,0,50,50,0,50,245,60,38347.920000000006,21250.0,17097.92000000001,5
7111,1239,60,185,0,185,165,0,20,30,30,0,30,220,15,7770.6,20825.0,-13054.400000000001,5
7112,1239,135,120,0,120,120,0,0,45,45,0,45,250,45,25144.11,21675.0,3469.1100000000006,5
7113,1239,145,120,0,120,100,0,20,50,50,0,50,240,45,30643.110000000008,22525.0,8118.110000000006,5
7114,1239,135,120,0,120,115,0,5,55,55,0,55,245,45,24804.180000000008,21675.0,3129.1800000000057,5
7115,1239,70,155,0,155,135,20,0,60,60,0,60,200,25,13323.780000000002,19125.0,-5801.219999999998,5
7116,1239,100,155,0,155,155,0,0,40,40,0,35,250,15,7419.240000000001,21675.0,-14255.76,5
7117,1239,125,140,0,140,100,5,35,45,45,0,40,220,45,28864.845000000005,22525.0,6339.845000000005,5
7118,1239,90,155,0,155,140,0,15,40,40,0,35,225,50,36141.68250000001,20825.0,15316.682500000006,5
7119,1239,85,165,0,165,125,10,30,50,50,0,50,205,25,13762.98,21250.0,-7487.02,5
7120,1239,100,135,0,135,135,0,0,40,40,0,40,230,40,25122.69,19975.0,5147.689999999998,5
7121,1239,135,125,0,125,110,0,15,55,55,0,50,240,40,24529.770000000004,22100.0,2429.770000000003,5
7122,1239,95,145,0,145,145,0,0,40,40,0,40,235,20,11084.939999999999,20400.0,-9315.060000000001,5
7123,1239,75,155,0,155,145,0,10,45,45,0,40,215,50,31444.200000000004,19550.0,11894.200000000004,5
7124,1239,130,110,0,110,105,0,5,60,60,0,60,230,95,68579.26875000002,20400.0,48179.26875000001,5
7125,1239,105,135,0,135,120,0,15,50,50,0,50,220,25,12291.840000000002,20400.0,-8108.159999999998,5
7126,1239,160,115,0,115,95,0,20,60,60,0,60,250,50,29721.06,23375.0,6346.060000000002,5
7127,1239,55,170,0,170,135,0,35,40,40,0,40,185,25,14772.600000000002,19125.0,-4352.399999999998,5
7128,1239,105,165,0,165,145,0,20,40,40,0,35,245,25,15365.52,22950.0,-7584.479999999999,5
7129,1239,95,135,0,135,120,0,15,70,70,0,70,210,45,23882.22,19550.0,4332.220000000002,5
7130,1239,110,150,0,150,145,0,5,40,40,0,40,250,25,13038.840000000002,22100.0,-9061.159999999998,5
7131,1239,130,130,0,130,125,0,5,55,55,0,55,250,30,17253.0,22100.0,-4846.999999999998,5
7132,1239,125,135,0,135,105,30,0,65,65,0,65,225,55,30949.560000000005,22100.0,8849.560000000005,5
7133,1239,95,170,0,170,150,0,20,30,30,0,30,240,10,4609.4400000000005,22525.0,-17915.56,5
7134,1239,180,120,0,120,120,0,0,35,35,0,35,295,25,14509.080000000002,25500.0,-10990.919999999998,5
7135,1239,100,140,0,140,140,0,0,55,55,0,55,235,50,26186.58,20400.0,5786.580000000004,5
7136,1239,110,125,0,125,105,15,5,55,55,0,55,210,55,40457.4075,19975.0,20482.407500000005,5
7137,1239,165,120,0,120,120,0,0,50,50,0,50,280,65,38808.81000000001,24225.0,14583.810000000012,5
7138,1239,75,170,0,170,125,5,40,30,30,0,25,195,55,35943.77250000001,20825.0,15118.772500000005,5
7139,1239,65,160,0,160,150,0,10,50,50,0,50,210,20,13521.690000000002,19125.0,-5603.309999999997,5
7140,1239,135,140,0,140,140,0,0,30,30,0,30,270,15,8955.9,23375.0,-14419.099999999999,5
7141,1239,105,110,0,110,105,0,5,65,65,0,65,205,115,79383.69,18275.0,61108.69,5
7142,1239,95,150,0,150,150,0,0,30,30,0,30,240,45,27262.620000000003,20825.0,6437.620000000002,5
7143,1239,95,140,0,140,135,0,5,55,55,0,55,225,60,36899.01000000001,19975.0,16924.01000000001,5
7144,1239,105,155,0,155,150,0,5,30,30,0,30,250,35,20194.56,22100.0,-1905.4399999999987,5
7145,1239,90,150,0,150,110,10,30,65,65,0,65,195,50,27657.720000000005,20400.0,7257.720000000004,5
7146,1239,80,150,0,150,150,0,0,55,55,0,55,225,50,28831.950000000004,19550.0,9281.950000000006,5
7147,1239,60,170,0,170,150,0,20,45,45,0,45,205,30,16879.86,19550.0,-2670.1400000000012,5
7148,1239,125,140,0,140,125,0,15,50,50,0,50,245,40,24683.49,22525.0,2158.4900000000016,5
7149,1239,95,140,0,140,120,0,20,55,55,0,50,210,25,12116.52,19975.0,-7858.48,5
7150,1239,80,155,0,155,130,0,25,55,55,0,55,205,35,18021.06,19975.0,-1953.94,5
7151,1239,100,145,0,145,140,0,5,35,35,0,35,235,25,15913.980000000001,20825.0,-4911.019999999999,5
7152,1239,100,140,0,140,140,0,0,60,60,0,60,235,55,32530.950000000004,20400.0,12130.950000000003,5
7153,1239,140,130,0,130,110,0,20,45,45,0,45,245,25,17230.86,22950.0,-5719.139999999998,5
7154,1239,115,150,0,150,130,0,20,45,45,0,45,240,10,4653.360000000001,22525.0,-17871.64,5
7155,1239,150,125,0,125,110,0,15,45,45,0,45,255,25,14443.380000000001,23375.0,-8931.619999999999,5
7156,1239,130,125,0,125,110,0,15,55,55,0,50,235,45,32033.947500000002,21675.0,10358.947500000004,5
7157,1239,85,150,0,150,145,0,5,35,35,0,35,225,55,35318.385,19975.0,15343.385000000002,5
7158,1239,100,140,0,140,125,0,15,55,55,0,55,220,50,34709.60250000001,20400.0,14309.602500000005,5
7159,1239,75,155,0,155,125,5,25,55,55,0,55,195,65,40844.655,19550.0,21294.655000000002,5
7160,1239,125,135,0,135,135,0,0,35,35,0,35,255,45,26998.920000000002,22100.0,4898.920000000003,5
7161,1239,85,160,0,160,85,45,30,75,75,0,75,165,70,39796.470000000016,20825.0,18971.470000000012,5
7162,1239,100,160,0,160,155,0,5,40,40,0,35,250,35,20962.890000000003,22100.0,-1137.1099999999979,5
7163,1239,115,135,0,135,135,0,0,50,50,0,50,245,45,26603.820000000007,21250.0,5353.820000000005,5
7164,1239,110,125,0,125,95,0,30,60,60,0,60,200,85,60611.062500000015,19975.0,40636.062500000015,5
7165,1239,120,140,0,140,140,0,0,40,40,0,40,255,45,29918.925000000003,22100.0,7818.925000000004,5
7166,1239,100,155,0,155,145,0,10,45,45,0,45,240,15,9153.54,21675.0,-12521.46,5
7167,1239,135,125,0,125,120,0,5,35,35,0,35,250,50,29501.190000000006,22100.0,7401.190000000006,5
7168,1239,60,175,0,175,160,15,0,50,50,0,50,215,35,19140.84,19975.0,-834.1599999999994,5
7169,1239,110,155,0,155,120,0,35,45,45,0,45,225,30,15233.760000000002,22525.0,-7291.239999999998,5
7170,1239,120,150,0,150,120,0,30,60,60,0,55,235,40,24848.460000000006,22950.0,1898.4600000000046,5
7171,1239,120,135,0,135,120,0,15,45,45,0,45,235,40,29883.307500000006,21675.0,8208.307500000006,5
7172,1239,105,150,0,150,105,10,35,50,50,0,50,205,55,40255.121250000004,21675.0,18580.121250000004,5
7173,1239,155,130,0,130,125,0,5,55,55,0,55,275,35,18987.3,24225.0,-5237.7,5
7174,1239,100,140,0,140,110,5,25,60,60,0,55,205,40,22630.5,20400.0,2230.500000000002,5
7175,1239,110,150,0,150,125,5,20,55,55,0,55,230,45,25331.040000000008,22100.0,3231.0400000000072,5
7176,1239,100,150,0,150,95,35,20,60,60,0,60,190,50,33512.985,21250.0,12262.984999999999,5
7177,1239,105,140,0,140,125,0,15,60,60,0,60,225,50,28491.840000000004,20825.0,7666.840000000002,5
7178,1239,110,155,0,155,155,0,0,20,20,0,20,260,5,2634.1200000000003,22525.0,-19890.88,5
7179,1239,120,135,0,135,120,0,15,50,50,0,50,235,55,36141.66,21675.0,14466.660000000002,5
7180,1239,130,145,0,145,125,0,20,45,45,0,45,250,25,13302.000000000004,23375.0,-10072.999999999996,5
7181,1239,140,120,0,120,115,0,5,55,55,0,55,250,45,27745.830000000005,22100.0,5645.830000000005,5
7182,1239,105,130,0,130,130,0,0,50,50,0,50,230,60,40345.11,19975.0,20370.110000000004,5
7183,1239,60,150,0,150,145,5,0,45,45,0,45,200,70,46206.09000000001,17850.0,28356.09000000001,5
7184,1239,90,135,0,135,135,0,0,55,55,0,55,220,40,20457.36,19125.0,1332.360000000001,5
7185,1239,70,140,0,140,135,0,5,35,35,0,35,200,35,19601.460000000003,17850.0,1751.4600000000041,5
7186,1239,90,150,0,150,125,0,25,55,55,0,55,210,110,81178.71187500002,20400.0,60778.71187500002,5
7187,1239,135,145,0,145,130,0,15,40,40,0,40,260,60,39423.69,23800.0,15623.690000000006,5
7188,1239,90,155,0,155,150,0,5,50,50,0,45,235,45,28118.879999999997,20825.0,7293.879999999999,5
7189,1239,95,140,0,140,115,0,25,70,70,0,65,205,70,47027.373750000006,19975.0,27052.373750000006,5
7190,1239,135,140,0,140,120,0,20,50,50,0,50,250,60,39824.122500000005,23375.0,16449.12250000001,5
7191,1239,85,140,0,140,140,0,0,45,45,0,40,220,40,24101.550000000007,19125.0,4976.550000000007,5
7192,1239,95,165,0,165,135,0,30,40,40,0,40,225,30,17922.510000000002,22100.0,-4177.489999999998,5
7193,1239,65,180,0,180,105,30,45,35,35,0,35,165,80,58482.36000000001,20825.0,37657.36000000001,5
7194,1239,90,170,0,170,150,0,20,20,20,0,15,235,20,13455.810000000001,22100.0,-8644.189999999999,5
7195,1239,120,125,0,125,115,0,10,40,40,0,35,230,45,27405.090000000004,20825.0,6580.090000000005,5
7196,1239,110,115,0,115,115,0,0,70,70,0,70,220,65,42715.575,19125.0,23590.574999999997,5
7197,1239,40,175,0,175,155,0,20,35,35,0,30,190,30,16616.700000000004,18275.0,-1658.299999999997,5
7198,1239,110,155,0,155,150,5,0,40,40,0,40,255,25,12380.04,22525.0,-10144.96,5
7199,1239,100,155,0,155,155,0,0,35,35,0,35,250,20,11458.260000000002,21675.0,-10216.739999999998,5
7200,1239,80,135,0,135,125,0,10,45,45,0,45,200,60,37749.01500000001,18275.0,19474.015000000003,5
7201,1239,100,145,0,145,140,0,5,35,35,0,35,235,25,13301.640000000003,20825.0,-7523.359999999998,5
7202,1239,90,160,0,160,150,10,0,50,50,0,50,235,40,25023.870000000003,21250.0,3773.8700000000017,5
7203,1239,85,165,0,165,145,5,15,25,25,0,25,225,20,14026.41,21250.0,-7223.589999999999,5
7204,1239,95,145,0,145,140,0,5,50,50,0,50,230,35,22532.49,20400.0,2132.4900000000025,5
7205,1239,145,130,0,130,130,0,0,60,60,0,60,270,20,10580.040000000005,23375.0,-12794.959999999995,5
7206,1239,80,150,0,150,120,5,25,60,60,0,60,195,75,46239.03,19550.0,26689.030000000002,5
7207,1239,120,130,0,130,130,0,0,50,50,0,50,245,30,16111.62,21250.0,-5138.379999999999,5
7208,1239,85,165,0,165,150,0,15,25,25,0,25,230,25,12643.560000000001,21250.0,-8606.439999999999,5
7209,1239,80,155,0,155,110,30,15,45,45,0,45,185,50,31839.480000000003,19975.0,11864.480000000003,5
7210,1239,80,140,0,140,130,10,0,60,60,0,60,205,30,16660.62,18700.0,-2039.380000000001,5
7211,1239,80,130,0,130,130,0,0,60,60,0,60,205,60,39034.10250000001,17850.0,21184.102500000008,5
7212,1239,110,145,0,145,125,0,20,55,55,0,55,230,35,19206.9,21675.0,-2468.0999999999995,5
7213,1239,130,120,0,120,100,0,20,65,65,0,65,225,55,38051.426250000004,21250.0,16801.426250000004,5
7214,1239,150,145,0,145,130,0,15,40,40,0,40,275,30,16243.380000000001,25075.0,-8831.619999999999,5
7215,1239,95,145,0,145,135,0,10,30,30,0,30,225,35,21423.780000000002,20400.0,1023.7800000000016,5
7216,1239,90,155,0,155,145,0,10,60,60,0,60,230,45,26033.49,20825.0,5208.490000000002,5
7217,1239,115,135,0,135,120,0,15,45,45,0,45,230,30,16331.220000000003,21250.0,-4918.779999999997,5
7218,1239,140,120,0,120,110,0,10,70,70,0,70,245,80,51737.71500000001,22100.0,29637.715000000007,5
7219,1239,165,115,0,115,110,0,5,25,25,0,20,270,30,20331.675000000003,23800.0,-3468.3249999999953,5
7220,1239,130,140,0,140,135,0,5,45,45,0,40,260,25,13082.76,22950.0,-9867.24,5
7221,1239,115,150,0,150,150,0,0,55,55,0,55,260,50,29841.93,22525.0,7316.930000000002,5
7222,1239,80,165,0,165,145,5,15,35,35,0,35,220,15,7551.000000000002,20825.0,-13273.999999999998,5
7223,1239,115,145,0,145,135,5,5,40,40,0,40,245,30,16155.54,22100.0,-5944.459999999999,5
7224,1239,150,125,0,125,115,5,5,65,65,0,65,260,40,23158.08,23375.0,-216.92000000000007,5
7225,1239,120,140,0,140,115,0,25,45,45,0,45,230,55,33200.19,22100.0,11100.190000000002,5
7226,1239,90,145,0,145,130,0,15,45,45,0,40,215,80,65977.18558593752,19975.0,46002.185585937514,5
7227,1239,80,145,0,145,145,0,0,35,35,0,35,220,15,7682.4000000000015,19125.0,-11442.599999999999,5
7228,1239,105,165,0,165,140,0,25,30,30,0,30,240,35,23223.825,22950.0,273.82500000000164,5
7229,1239,115,130,0,130,110,10,10,45,45,0,45,220,35,19447.740000000005,20825.0,-1377.2599999999966,5
7230,1239,90,140,0,140,140,0,0,60,60,0,60,225,45,25682.130000000005,19550.0,6132.1300000000065,5
7231,1239,160,120,0,120,120,0,0,50,50,0,50,275,70,46612.350000000006,23800.0,22812.350000000006,5
7232,1239,85,150,0,150,110,15,25,50,50,0,50,190,15,7770.600000000002,19975.0,-12204.399999999998,5
7233,1239,130,140,0,140,130,0,10,45,45,0,45,255,40,27613.665000000005,22950.0,4663.665000000005,5
7234,1239,165,130,0,130,110,0,20,65,65,0,60,270,60,37919.97,25075.0,12844.970000000003,5
7235,1239,45,155,0,155,125,0,30,40,40,0,40,165,35,25199.01000000001,17000.0,8199.010000000007,5
7236,1239,70,170,0,170,135,0,35,40,40,0,35,200,50,31718.43,20400.0,11318.429999999998,5
7237,1239,145,130,0,130,120,0,10,55,55,0,50,260,55,32388.21,23375.0,9013.21,5
7238,1239,105,160,0,160,155,0,5,25,25,0,25,255,20,12994.920000000002,22525.0,-9530.079999999998,5
7239,1239,65,160,0,160,145,5,10,40,40,0,40,205,25,12467.880000000003,19125.0,-6657.119999999997,5
7240,1239,100,155,0,155,130,5,20,55,55,0,55,225,45,26296.740000000005,21675.0,4621.740000000004,5
7241,1239,105,145,0,145,125,0,20,55,55,0,55,225,40,24233.58,21250.0,2983.5800000000017,5
7242,1239,105,150,0,150,150,0,0,45,45,0,45,250,15,7507.080000000001,21675.0,-14167.919999999998,5
7243,1239,105,135,0,135,135,0,0,50,50,0,50,235,65,41871.149999999994,20400.0,21471.149999999998,5
7244,1239,105,145,0,145,140,0,5,45,45,0,45,240,55,39149.19,21250.0,17899.190000000002,5
7245,1239,80,160,0,160,140,5,15,40,40,0,40,215,50,31981.950000000004,20400.0,11581.950000000006,5
7246,1239,135,140,0,140,135,0,5,25,25,0,25,265,30,16660.620000000003,23375.0,-6714.379999999999,5
7247,1239,80,160,0,160,155,0,5,35,35,0,35,230,20,10316.880000000001,20400.0,-10083.119999999999,5
7248,1239,135,135,0,135,120,0,15,45,45,0,40,250,45,28529.955,22950.0,5579.955,5
7249,1239,105,145,0,145,145,0,0,35,35,0,35,245,15,7419.240000000001,21250.0,-13830.76,5
7250,1239,175,120,0,120,115,0,5,55,55,0,55,285,45,24474.6,25075.0,-600.3999999999996,5
7251,1239,100,155,0,155,145,0,10,30,30,0,30,240,20,11260.62,21675.0,-10414.38,5
7252,1239,95,150,0,150,150,0,0,35,35,0,35,240,10,4872.960000000001,20825.0,-15952.039999999999,5
7253,1239,140,130,0,130,125,0,5,50,50,0,45,260,35,22214.07,22950.0,-735.9299999999985,5
7254,1239,85,165,0,165,100,30,35,65,65,0,65,180,60,38007.18000000001,21250.0,16757.180000000008,5
7255,1239,95,150,0,150,130,0,20,35,35,0,30,220,25,15497.28,20825.0,-5327.719999999999,5
7256,1239,85,150,0,150,110,15,25,65,65,0,65,190,65,41519.565,19975.0,21544.565000000002,5
7257,1239,140,135,0,135,130,0,5,35,35,0,35,265,35,22554.449999999997,23375.0,-820.5500000000029,5
7258,1239,95,140,0,140,125,10,5,55,55,0,55,215,75,55858.96125000001,19975.0,35883.96125000001,5
7259,1239,100,135,0,135,120,5,10,55,55,0,55,215,55,34967.16,19975.0,14992.160000000003,5
7260,1239,115,125,0,125,105,0,20,65,65,0,65,215,90,65467.552500000005,20400.0,45067.552500000005,5
7261,1239,85,165,0,165,160,0,5,30,30,0,25,240,25,12643.560000000001,21250.0,-8606.439999999999,5
7262,1239,105,155,0,155,120,0,35,50,50,0,50,220,35,20326.320000000003,22100.0,-1773.679999999997,5
7263,1239,90,140,0,140,120,5,15,60,60,0,60,205,60,37156.635,19550.0,17606.635000000002,5
7264,1239,60,175,0,175,140,20,15,30,30,0,30,195,50,33425.415,19975.0,13450.415000000003,5
7265,1239,75,160,0,160,155,0,5,55,55,0,55,225,60,41009.62500000001,19975.0,21034.625000000007,5
7266,1239,75,165,0,165,135,5,25,30,30,0,30,205,15,7682.4000000000015,20400.0,-12717.599999999999,5
7267,1239,100,150,0,150,150,0,0,55,55,0,50,245,35,22126.230000000003,21250.0,876.230000000005,5
7268,1239,90,150,0,150,140,0,10,45,45,0,45,225,30,19250.460000000003,20400.0,-1149.5399999999972,5
7269,1239,110,150,0,150,105,10,35,50,50,0,45,210,35,20479.410000000003,22100.0,-1620.5899999999974,5
7270,1239,140,100,0,100,70,15,15,70,70,0,70,205,120,94722.84843750001,20400.0,74322.84843750001,5
7271,1239,95,160,0,160,110,20,30,70,70,0,65,200,35,18350.640000000003,21675.0,-3324.359999999997,5
7272,1239,110,125,0,125,125,0,0,40,40,0,40,230,45,36087.06937500001,19975.0,16112.069375000006,5
7273,1239,65,160,0,160,150,10,0,40,40,0,40,210,50,31850.325000000004,19125.0,12725.325000000003,5
7274,1239,85,145,0,145,145,0,0,40,40,0,40,225,25,13214.160000000003,19550.0,-6335.8399999999965,5
7275,1239,70,155,0,155,140,0,15,55,55,0,55,205,45,29627.955,19125.0,10502.955000000002,5
7276,1239,80,165,0,165,165,0,0,30,30,0,30,240,15,7331.4000000000015,20825.0,-13493.599999999999,5
7277,1239,115,155,0,155,155,0,0,30,30,0,30,265,15,7858.080000000001,22950.0,-15091.92,5
7278,1239,65,165,0,165,160,0,5,40,40,0,40,220,20,9965.52,19550.0,-9584.48,5
7279,1239,150,110,0,110,100,0,10,70,70,0,70,245,55,31344.840000000004,22100.0,9244.840000000004,5
7280,1239,125,145,0,145,145,0,0,40,40,0,40,265,15,8648.460000000001,22950.0,-14301.54,5
7281,1239,145,130,0,130,130,0,0,45,45,0,45,270,25,14333.580000000002,23375.0,-9041.419999999998,5
7282,1239,75,150,0,150,145,0,5,45,45,0,45,215,40,22762.800000000003,19125.0,3637.800000000002,5
7283,1239,90,160,0,160,145,0,15,40,40,0,40,230,15,7594.920000000001,21250.0,-13655.079999999998,5
7284,1239,75,140,0,140,125,5,10,50,50,0,50,195,55,32969.61000000001,18275.0,14694.610000000008,5
7285,1239,130,120,0,120,120,0,0,70,70,0,70,245,35,20611.8,21250.0,-638.2000000000016,5
7286,1239,170,115,0,115,110,0,5,50,50,0,50,275,30,15628.680000000002,24225.0,-8596.319999999998,5
7287,1239,115,145,0,145,135,0,10,40,40,0,40,245,60,37502.73,22100.0,15402.730000000001,5
7288,1239,80,150,0,150,125,0,25,55,55,0,55,200,45,29446.785000000003,19550.0,9896.785000000003,5
7289,1239,85,155,0,155,140,0,15,35,35,0,35,220,25,14706.900000000001,20400.0,-5693.099999999999,5
7290,1239,95,150,0,150,125,0,25,40,40,0,40,215,30,23994.54,20825.0,3169.540000000002,5
7291,1239,90,135,0,135,120,0,15,65,65,0,65,205,100,65456.48250000001,19125.0,46331.48250000001,5
7292,1239,85,165,0,165,155,0,10,35,35,0,35,235,30,16375.140000000003,21250.0,-4874.859999999997,5
7293,1239,80,165,0,165,155,10,0,45,45,0,45,230,35,18306.72,20825.0,-2518.2799999999975,5
7294,1239,95,150,0,150,120,5,25,65,65,0,65,210,40,21731.22,20825.0,906.220000000003,5
7295,1239,95,140,0,140,130,0,10,55,55,0,50,220,70,45920.880000000005,19975.0,25945.880000000005,5
7296,1239,90,155,0,155,130,0,25,50,50,0,45,215,25,15793.47,20825.0,-5031.530000000001,5
7297,1239,105,135,0,135,130,0,5,40,40,0,40,230,25,13916.7,20400.0,-6483.299999999999,5
7298,1239,105,155,0,155,125,0,30,55,55,0,55,225,70,47775.87000000001,22100.0,25675.870000000014,5
7299,1239,160,130,0,130,110,0,20,50,50,0,50,265,20,11326.5,24650.0,-13323.5,5
7300,1239,115,125,0,125,120,0,5,45,45,0,45,230,45,27855.36,20400.0,7455.360000000001,5
7301,1239,145,125,0,125,120,0,5,50,50,0,50,260,15,8933.400000000001,22950.0,-14016.599999999999,5
7302,1239,115,155,0,155,135,0,20,65,65,0,65,245,45,24343.380000000005,22950.0,1393.3800000000065,5
7303,1239,60,175,0,175,150,15,10,35,35,0,35,205,20,10053.36,19975.0,-9921.64,5
7304,1239,70,175,0,175,175,0,0,40,40,0,40,240,25,12819.240000000002,20825.0,-8005.759999999998,5
7305,1239,80,145,0,145,105,25,15,55,55,0,55,180,95,67618.665,19125.0,48493.66499999999,5
7306,1239,140,125,0,125,115,5,5,65,65,0,65,250,35,18921.420000000002,22525.0,-3603.5799999999995,5
7307,1239,45,195,0,195,150,15,30,35,35,0,35,190,25,12292.2,20400.0,-8107.799999999999,5
7308,1239,115,140,0,140,115,15,10,65,65,0,65,225,45,22565.16,21675.0,890.1600000000008,5
7309,1239,100,135,0,135,130,0,5,60,60,0,60,225,90,63434.66625000001,19975.0,43459.66625000001,5
7310,1239,155,130,0,130,125,0,5,35,35,0,35,275,50,36317.3625,24225.0,12092.362500000003,5
7311,1239,85,145,0,145,105,0,40,55,55,0,55,185,70,44219.655,19550.0,24669.655000000002,5
7312,1239,90,155,0,155,125,0,30,50,50,0,50,210,30,18032.31,20825.0,-2792.689999999998,5
7313,1239,125,130,0,130,120,0,10,20,20,0,20,240,25,14552.820000000002,21675.0,-7122.1799999999985,5
7314,1239,90,145,0,145,130,10,5,50,50,0,50,215,35,22203.090000000004,19975.0,2228.090000000002,5
7315,1239,75,190,0,190,140,10,40,20,20,0,15,210,15,7682.76,22525.0,-14842.24,5
7316,1239,110,155,0,155,135,0,20,40,40,0,40,240,5,2634.1200000000003,22525.0,-19890.88,5
7317,1239,90,160,0,160,160,0,0,35,35,0,35,245,40,24903.089999999997,21250.0,3653.0899999999974,5
7318,1239,130,130,0,130,120,0,10,60,60,0,60,245,40,20150.280000000002,22100.0,-1949.7199999999975,5
7319,1239,115,150,0,150,105,5,40,70,70,0,65,215,40,22170.060000000005,22525.0,-354.93999999999687,5
7320,1239,80,160,0,160,130,10,20,50,50,0,50,205,40,24496.739999999998,20400.0,4096.74,5
7321,1239,130,155,0,155,155,0,0,35,35,0,35,280,10,5004.720000000001,24225.0,-19220.28,5
7322,1239,85,155,0,155,140,0,15,30,30,0,30,220,40,27657.629999999997,20400.0,7257.629999999999,5
7323,1239,70,145,0,145,135,5,5,45,45,0,45,200,45,26076.780000000002,18275.0,7801.780000000003,5
7324,1239,75,155,0,155,150,0,5,40,40,0,40,220,15,9328.86,19550.0,-10221.14,5
7325,1239,95,160,0,160,140,0,20,40,40,0,35,230,45,30456.13500000001,21675.0,8781.13500000001,5
7326,1239,130,130,0,130,130,0,0,50,50,0,50,255,45,24145.380000000005,22100.0,2045.3800000000047,5
7327,1239,120,135,0,135,125,0,10,40,40,0,40,240,35,23103.090000000004,21675.0,1428.090000000002,5
7328,1239,135,115,0,115,115,0,0,60,60,0,60,245,70,43813.035,21250.0,22563.035,5
7329,1239,95,150,0,150,115,15,20,60,60,0,60,205,40,21489.300000000003,20825.0,664.3000000000029,5
7330,1239,160,125,0,125,125,0,0,50,50,0,50,280,65,40466.25,24225.0,16241.25,5
7331,1239,90,155,0,155,150,0,5,35,35,0,35,235,30,17648.280000000006,20825.0,-3176.7199999999957,5
7332,1239,75,160,0,160,140,0,20,55,55,0,50,210,65,46519.959375,19975.0,26544.959375,5
7333,1239,75,155,0,155,150,0,5,55,55,0,55,220,35,21467.970000000005,19550.0,1917.9700000000048,5
7334,1239,120,140,0,140,135,0,5,50,50,0,50,250,45,27822.285000000007,22100.0,5722.285000000006,5
7335,1239,125,120,0,120,120,0,0,40,40,0,40,240,75,58643.960625,20825.0,37818.960625,5
7336,1239,205,115,0,115,90,0,25,40,40,0,35,290,65,45092.295000000006,27200.0,17892.295000000006,5
7337,1239,135,145,0,145,140,0,5,45,45,0,45,270,25,13894.740000000002,23800.0,-9905.259999999998,5
7338,1239,100,150,0,150,110,20,20,70,70,0,70,205,65,36800.01000000001,21250.0,15550.010000000006,5
7339,1239,150,135,0,135,130,0,5,45,45,0,45,275,40,27630.315000000002,24225.0,3405.3150000000005,5
7340,1239,100,125,0,125,115,0,10,45,45,0,45,210,20,10887.120000000003,19125.0,-8237.879999999997,5
7341,1239,120,140,0,140,135,0,5,50,50,0,45,250,60,38095.29000000001,22100.0,15995.290000000005,5
7342,1239,95,140,0,140,135,0,5,55,55,0,55,225,35,20040.84,19975.0,65.8400000000006,5
7343,1239,100,165,0,165,135,0,30,30,30,0,30,230,10,5004.720000000001,22525.0,-17520.28,5
7344,1239,115,145,0,145,115,25,5,65,65,0,65,225,50,31109.715,22100.0,9009.715,5
7345,1239,110,145,0,145,145,0,0,45,45,0,45,250,40,23662.799999999996,21675.0,1987.7999999999975,5
7346,1239,90,130,0,130,130,0,0,65,65,0,60,215,50,31938.300000000003,18700.0,13238.300000000003,5
7347,1239,60,155,0,155,140,0,15,45,45,0,45,195,60,39192.840000000004,18275.0,20917.84,5
7348,1239,140,110,0,110,110,0,0,60,60,0,60,245,60,35230.590000000004,21250.0,13980.590000000002,5
7349,1239,110,120,0,120,120,0,0,90,90,0,90,225,30,16265.34,19550.0,-3284.659999999999,5
7350,1239,120,145,0,145,140,0,5,40,40,0,40,255,35,19492.020000000004,22525.0,-3032.9799999999955,5
7351,1239,100,140,0,140,140,0,0,40,40,0,40,235,65,44323.74000000002,20400.0,23923.740000000016,5
7352,1239,70,155,0,155,120,5,30,60,60,0,60,185,45,25089.120000000003,19125.0,5964.120000000003,5
7353,1239,80,155,0,155,145,0,10,45,45,0,45,220,40,24683.49,19975.0,4708.490000000002,5
7354,1239,85,145,0,145,145,0,0,40,40,0,40,225,25,13960.62,19550.0,-5589.379999999999,5
7355,1239,120,135,0,135,125,0,10,45,45,0,40,240,60,40413.79125,21675.0,18738.791250000002,5
7356,1239,75,150,0,150,140,0,10,50,50,0,50,210,90,71749.86187500002,19125.0,52624.86187500002,5
7357,1239,60,160,0,160,150,5,5,50,50,0,45,205,45,29424.825000000004,18700.0,10724.825000000004,5
7358,1239,90,150,0,150,150,0,0,50,50,0,50,235,50,31180.950000000004,20400.0,10780.950000000003,5
7359,1239,90,135,0,135,135,0,0,35,35,0,35,220,65,50141.750625,19125.0,31016.750625000004,5
7360,1239,95,145,0,145,130,0,15,50,50,0,50,220,60,36964.845,20400.0,16564.845,5
7361,1239,130,120,0,120,100,10,10,80,80,0,80,225,50,29128.230000000003,21250.0,7878.230000000003,5
7362,1239,115,145,0,145,130,5,10,50,50,0,50,240,60,38260.08,22100.0,16160.080000000002,5
7363,1239,80,145,0,145,125,5,15,60,60,0,60,200,35,19053.18,19125.0,-71.81999999999789,5
7364,1239,95,130,0,130,125,0,5,50,50,0,50,215,40,26143.065000000006,19125.0,7018.065000000006,5
7365,1239,105,145,0,145,115,5,25,60,60,0,55,215,45,24013.620000000003,21250.0,2763.620000000001,5
7366,1239,120,140,0,140,120,0,20,35,35,0,35,235,40,25594.47,22100.0,3494.470000000001,5
7367,1239,80,150,0,150,135,0,15,50,50,0,50,210,35,20567.880000000005,19550.0,1017.8800000000047,5
7368,1239,80,145,0,145,135,0,10,55,55,0,50,210,35,20106.72,19125.0,981.7200000000025,5
7369,1239,110,140,0,140,135,0,5,60,60,0,60,240,30,18295.829999999998,21250.0,-2954.1700000000014,5
7370,1239,150,135,0,135,130,0,5,40,40,0,40,275,50,33134.58,24225.0,8909.580000000005,5
7371,1239,145,130,0,130,125,0,5,55,55,0,55,265,60,43298.80875,23375.0,19923.808749999997,5
7372,1239,140,140,0,140,130,0,10,55,55,0,55,265,20,11282.580000000002,23800.0,-12517.419999999998,5
7373,1239,85,150,0,150,130,0,20,60,60,0,60,210,35,19755.360000000004,19975.0,-219.63999999999487,5
7374,1239,95,145,0,145,120,0,25,40,40,0,40,210,20,10009.44,20400.0,-10390.560000000001,5
7375,1239,90,150,0,150,145,0,5,50,50,0,50,230,25,12907.080000000002,20400.0,-7492.919999999999,5
7376,1239,95,135,0,135,130,0,5,40,40,0,40,220,15,7419.240000000001,19550.0,-12130.76,5
7377,1239,90,155,0,155,145,0,10,30,30,0,30,230,45,30939.524999999998,20825.0,10114.524999999998,5
7378,1239,95,145,0,145,135,0,10,50,50,0,50,225,35,18811.620000000003,20400.0,-1588.3799999999974,5
7379,1239,145,140,0,140,125,0,15,50,50,0,50,265,20,10229.04,24225.0,-13995.96,5
7380,1239,105,160,0,160,145,0,15,55,55,0,55,245,30,16265.34,22525.0,-6259.659999999999,5
7381,1239,140,115,0,115,110,0,5,45,45,0,45,245,60,37013.895000000004,21675.0,15338.895000000008,5
7382,1239,65,180,0,180,160,0,20,35,35,0,35,220,35,21500.91,20825.0,675.909999999999,5
7383,1239,135,120,0,120,110,0,10,60,60,0,60,240,45,27504.270000000004,21675.0,5829.270000000006,5
7384,1239,115,125,0,125,110,0,15,50,50,0,45,220,55,35526.780000000006,20400.0,15126.780000000002,5
7385,1239,80,170,0,170,155,0,15,35,35,0,35,230,20,11743.38,21250.0,-9506.62,5
7386,1239,135,115,0,115,105,0,10,50,50,0,45,235,50,32509.125000000004,21250.0,11259.125000000004,5
7387,1239,105,140,0,140,130,0,10,50,50,0,50,230,45,29534.31,20825.0,8709.310000000001,5
7388,1239,155,145,0,145,105,0,40,40,40,0,40,255,30,17472.600000000002,25500.0,-8027.399999999998,5
7389,1239,110,135,0,135,135,0,0,40,40,0,35,240,35,20929.949999999997,20825.0,104.94999999999891,5
7390,1239,80,170,0,170,145,0,25,35,35,0,35,220,15,7726.68,21250.0,-13523.32,5
7391,1239,60,180,0,180,140,10,30,40,40,0,40,195,10,5048.64,20400.0,-15351.36,5
7392,1239,105,155,0,155,130,20,5,45,45,0,45,230,35,19579.860000000004,22100.0,-2520.1399999999967,5
7393,1239,70,155,0,155,155,0,0,40,40,0,40,220,25,13631.220000000001,19125.0,-5493.779999999999,5
7394,1239,120,130,0,130,120,0,10,70,70,0,70,235,60,34791.30000000001,21250.0,13541.30000000001,5
7395,1239,135,125,0,125,120,0,5,60,60,0,60,250,50,30204.27,22100.0,8104.270000000001,5
7396,1239,90,155,0,155,145,5,5,50,50,0,50,230,25,12687.120000000003,20825.0,-8137.879999999997,5
7397,1239,90,155,0,155,145,0,10,50,50,0,50,230,30,18109.440000000002,20825.0,-2715.559999999998,5
7398,1239,150,130,0,130,125,0,5,40,40,0,35,270,15,7682.76,23800.0,-16117.24,5
7399,1239,145,135,0,135,120,0,15,40,40,0,35,260,35,21983.49,23800.0,-1816.5099999999984,5
7400,1239,120,150,0,150,135,0,15,35,35,0,35,250,45,32816.295,22950.0,9866.295,5
7401,1239,105,140,0,140,140,0,0,50,50,0,50,240,45,27921.105000000007,20825.0,7096.105000000007,5
7402,1239,65,145,0,145,125,10,10,60,60,0,60,185,65,41425.87500000001,17850.0,23575.875000000007,5
7403,1239,100,130,0,130,115,15,0,60,60,0,60,210,40,21774.780000000006,19550.0,2224.780000000005,5
7404,1239,95,140,0,140,135,0,5,50,50,0,45,225,30,17274.600000000002,19975.0,-2700.3999999999974,5
7405,1239,55,165,0,165,165,0,0,35,35,0,35,215,20,10141.2,18700.0,-8558.8,5
7406,1239,115,115,0,115,110,0,5,75,75,0,70,220,40,23091.840000000004,19550.0,3541.840000000002,5
7407,1239,115,150,0,150,145,0,5,45,45,0,45,255,35,23668.515,22525.0,1143.5149999999976,5
7408,1239,60,170,0,170,130,20,20,55,55,0,55,185,35,20567.520000000004,19550.0,1017.5200000000041,5
7409,1239,85,140,0,140,125,0,15,50,50,0,50,205,60,41393.0925,19125.0,22268.092500000002,5
7410,1239,125,115,0,115,115,0,0,55,55,0,55,235,50,29205.000000000007,20400.0,8805.00000000001,5
7411,1239,90,140,0,140,120,0,20,65,65,0,60,205,60,36075.87,19550.0,16525.870000000003,5
7412,1239,120,135,0,135,120,0,15,50,50,0,50,235,30,17077.500000000004,21675.0,-4597.499999999998,5
7413,1239,115,155,0,155,155,0,0,25,25,0,25,265,15,7551.0,22950.0,-15399.0,5
7414,1239,95,130,0,130,125,0,5,40,40,0,40,215,45,29523.059999999998,19125.0,10398.059999999996,5
7415,1239,60,160,0,160,155,0,5,35,35,0,30,210,65,45596.745,18700.0,26896.745000000003,5
7416,1239,85,150,0,150,135,5,10,40,40,0,40,215,40,26867.340000000004,19975.0,6892.340000000004,5
7417,1239,130,125,0,125,125,0,0,50,50,0,50,250,20,11194.740000000002,21675.0,-10480.259999999998,5
7418,1239,160,115,0,115,105,0,10,50,50,0,50,260,55,32827.05,23375.0,9452.050000000003,5
7419,1239,80,155,0,155,125,0,30,55,55,0,55,200,45,26691.75,19975.0,6716.750000000002,5
7420,1239,85,140,0,140,110,0,30,40,40,0,40,190,25,16287.210000000003,19125.0,-2837.7899999999977,5
7421,1239,160,115,0,115,110,0,5,45,45,0,45,265,65,42233.22000000001,23375.0,18858.22000000001,5
7422,1239,75,155,0,155,150,0,5,40,40,0,40,220,50,36940.24125000001,19550.0,17390.241250000003,5
7423,1239,90,105,0,105,100,5,0,50,50,0,50,185,90,61735.52250000001,16575.0,45160.52250000001,5
7424,1239,95,155,0,155,130,0,25,60,60,0,60,220,60,40581.74250000001,21250.0,19331.742500000004,5
7425,1239,80,170,0,170,145,0,25,40,40,0,40,220,25,13960.62,21250.0,-7289.379999999999,5
7426,1239,100,145,0,145,135,0,10,40,40,0,40,230,20,9965.52,20825.0,-10859.48,5
7427,1239,70,135,0,135,125,0,10,65,65,0,65,190,80,51176.193750000006,17425.0,33751.193750000006,5
7428,1239,90,160,0,160,95,40,25,60,60,0,55,180,60,33167.16,21250.0,11917.160000000003,5
7429,1239,120,130,0,130,130,0,0,55,55,0,55,245,55,33375.87,21250.0,12125.870000000004,5
7430,1239,90,150,0,150,130,0,20,50,50,0,50,215,30,16770.420000000002,20400.0,-3629.5799999999986,5
7431,1239,125,120,0,120,105,15,0,60,60,0,60,225,75,52797.85875,20825.0,31972.858749999996,5
7432,1239,160,115,0,115,115,0,0,45,45,0,45,270,40,26927.955,23375.0,3552.9550000000017,5
7433,1239,130,145,0,145,125,0,20,50,50,0,50,250,50,29567.430000000008,23375.0,6192.4300000000085,5
7434,1239,90,145,0,145,135,0,10,30,30,0,30,220,30,18021.33,19975.0,-1953.6699999999973,5
7435,1239,110,145,0,145,130,0,15,45,45,0,45,235,25,14048.460000000003,21675.0,-7626.539999999997,5
7436,1239,95,135,0,135,135,0,0,55,55,0,55,225,20,10053.36,19550.0,-9496.64,5
7437,1239,150,140,0,140,115,0,25,65,65,0,60,260,45,24541.020000000008,24650.0,-108.97999999999229,5
7438,1239,85,155,0,155,150,0,5,35,35,0,35,230,40,28198.417500000003,20400.0,7798.417500000005,5
7439,1239,90,165,0,165,135,5,25,50,50,0,50,220,25,12423.960000000003,21675.0,-9251.039999999997,5
7440,1239,110,135,0,135,130,0,5,45,45,0,45,235,65,46120.77000000001,20825.0,25295.77000000001,5
7441,1239,110,130,0,130,105,5,20,65,65,0,60,210,40,25912.485,20400.0,5512.4850000000015,5
7442,1239,70,165,0,165,140,0,25,40,40,0,40,205,20,10141.2,19975.0,-9833.8,5
7443,1239,80,145,0,145,130,0,15,50,50,0,50,205,85,64063.11656250003,19125.0,44938.11656250003,5
7444,1239,175,120,0,120,110,0,10,45,45,0,45,280,35,18570.060000000005,25075.0,-6504.939999999997,5
7445,1239,160,130,0,130,130,0,0,30,30,0,30,285,30,19920.329999999998,24650.0,-4729.670000000001,5
7446,1239,90,160,0,160,140,0,20,40,40,0,40,225,25,13916.700000000003,21250.0,-7333.299999999997,5
7447,1239,115,155,0,155,125,0,30,35,35,0,35,235,20,10623.960000000003,22950.0,-12326.039999999997,5
7448,1239,70,150,0,150,135,0,15,45,45,0,45,200,25,12731.400000000003,18700.0,-5968.599999999997,5
7449,1239,110,135,0,135,120,0,15,55,55,0,55,225,50,38721.20625000001,20825.0,17896.20625000001,5
7450,1239,130,125,0,125,105,0,20,50,50,0,50,230,25,12511.800000000001,21675.0,-9163.199999999999,5
7451,1239,90,155,0,155,140,5,10,55,55,0,55,225,30,16441.02,20825.0,-4383.98,5
7452,1239,85,140,0,140,135,0,5,50,50,0,50,215,80,54086.490000000005,19125.0,34961.490000000005,5
7453,1239,55,175,0,175,125,30,20,45,45,0,45,175,50,36562.80375000001,19550.0,17012.803750000006,5
7454,1239,165,125,0,125,110,0,15,40,40,0,40,270,40,27207.945,24650.0,2557.9449999999997,5
7455,1239,130,110,0,110,110,0,0,60,60,0,60,235,60,35032.770000000004,20400.0,14632.77,5
7456,1239,85,155,0,155,145,0,10,35,35,0,35,225,20,11897.100000000002,20400.0,-8502.899999999998,5
7457,1239,120,130,0,130,125,0,5,50,50,0,50,240,45,27262.710000000006,21250.0,6012.710000000006,5
7458,1239,95,130,0,130,125,0,5,60,60,0,60,215,70,40948.83,19125.0,21823.829999999998,5
7459,1239,105,155,0,155,145,0,10,10,10,0,10,245,0,0.0,22100.0,-22100.0,5
7460,1239,75,170,0,170,155,0,15,40,40,0,40,225,45,25550.640000000003,20825.0,4725.640000000003,5
7461,1239,100,135,0,135,120,0,15,80,80,0,80,215,55,32443.110000000008,19975.0,12468.110000000006,5
7462,1239,105,165,0,165,145,0,20,35,35,0,35,245,30,18241.2,22950.0,-4708.799999999999,5
7463,1239,70,170,0,170,155,0,15,45,45,0,45,220,25,12511.800000000001,20400.0,-7888.199999999999,5
7464,1239,95,125,0,125,120,0,5,65,65,0,65,210,60,38830.43250000001,18700.0,20130.432500000006,5
7465,1239,90,170,0,170,165,0,5,40,40,0,40,250,25,14092.380000000001,22100.0,-8007.619999999999,5
7466,1239,90,145,0,145,145,0,0,60,60,0,60,230,35,18877.500000000004,19975.0,-1097.4999999999977,5
7467,1239,100,130,0,130,120,5,5,65,65,0,65,215,50,32338.575000000004,19550.0,12788.575000000004,5
7468,1239,65,170,0,170,145,0,25,45,45,0,45,205,30,16331.220000000001,19975.0,-3643.7799999999993,5
7469,1239,100,145,0,145,145,0,0,35,35,0,35,240,40,24496.83,20825.0,3671.83,5
7470,1239,125,130,0,130,110,0,20,55,55,0,55,230,65,46926.365625000006,21675.0,25251.365625000006,5
7471,1239,120,140,0,140,130,0,10,50,50,0,45,245,55,32596.559999999998,22100.0,10496.56,5
7472,1239,110,130,0,130,120,0,10,65,65,0,65,225,35,18570.060000000005,20400.0,-1829.9399999999969,5
7473,1239,130,125,0,125,125,0,0,40,40,0,40,250,20,10140.840000000002,21675.0,-11534.159999999996,5
7474,1239,75,155,0,155,140,0,15,50,50,0,50,210,25,12555.36,19550.0,-6994.639999999999,5
7475,1239,80,170,0,170,140,0,30,40,40,0,40,215,40,29205.135000000006,21250.0,7955.135000000005,5
7476,1239,55,175,0,175,155,0,20,45,45,0,45,205,40,25144.65,19550.0,5594.6500000000015,5
7477,1239,150,125,0,125,115,0,10,40,40,0,40,260,45,27548.100000000006,23375.0,4173.100000000004,5
7478,1239,90,155,0,155,155,0,0,45,45,0,45,240,60,38534.5125,20825.0,17709.5125,5
7479,1239,70,175,0,175,130,5,40,40,40,0,40,195,20,10448.280000000002,20825.0,-10376.719999999998,5
7480,1239,85,145,0,145,115,10,20,55,55,0,55,195,15,9043.74,19550.0,-10506.26,5
7481,1239,85,155,0,155,155,0,0,35,35,0,35,235,50,31499.37000000001,20400.0,11099.370000000008,5
7482,1239,135,125,0,125,125,0,0,60,60,0,60,255,55,35274.51,22100.0,13174.51,5
7483,1239,50,175,0,175,165,5,5,30,30,0,30,210,35,22773.510000000002,19125.0,3648.510000000001,5
7484,1239,100,145,0,145,130,0,15,30,30,0,30,225,35,24156.450000000004,20825.0,3331.4500000000044,5
7485,1239,155,120,0,120,95,5,20,50,50,0,50,245,70,45700.83,23375.0,22325.830000000005,5
7486,1239,65,180,0,180,155,15,10,35,35,0,30,215,20,11216.7,20825.0,-9608.3,5
7487,1239,120,140,0,140,125,0,15,65,65,0,65,240,45,28426.185000000005,22100.0,6326.185000000005,5
7488,1239,115,135,0,135,125,0,10,55,55,0,55,235,50,27899.280000000002,21250.0,6649.280000000003,5
7489,1239,115,155,0,155,150,0,5,25,25,0,25,260,25,18224.595,22950.0,-4725.404999999999,5
7490,1239,115,140,0,140,115,0,25,60,60,0,60,225,40,22938.120000000003,21675.0,1263.1200000000035,5
7491,1239,50,175,0,175,150,0,25,40,40,0,40,195,25,14311.620000000003,19125.0,-4813.379999999997,5
7492,1239,120,165,0,165,120,0,45,40,40,0,40,235,15,7551.000000000002,24225.0,-16674.0,5
7493,1239,80,165,0,165,150,0,15,40,40,0,40,225,20,11765.7,20825.0,-9059.3,5
7494,1239,65,160,0,160,135,0,25,50,50,0,50,195,50,33584.692500000005,19125.0,14459.692500000005,5
7495,1239,135,130,0,130,120,0,10,55,55,0,55,250,60,39620.6325,22525.0,17095.6325,5
7496,1239,155,135,0,135,90,10,35,50,50,0,50,240,35,22005.45,24650.0,-2644.5499999999993,5
7497,1239,95,125,0,125,110,0,15,60,60,0,60,200,45,28052.28,18700.0,9352.28,5
7498,1239,115,145,0,145,130,0,15,50,50,0,50,240,55,35559.945,22100.0,13459.945000000003,5
7499,1239,60,165,0,165,140,5,20,50,50,0,45,195,20,10448.280000000002,19125.0,-8676.719999999998,5
7500,1239,80,145,0,145,120,0,25,50,50,0,50,195,45,29320.515000000007,19125.0,10195.515000000005,5
7501,1239,100,140,0,140,125,0,15,50,50,0,50,220,55,34852.275,20400.0,14452.275000000005,5
7502,1239,125,135,0,135,120,0,15,55,55,0,55,240,40,24364.98,22100.0,2264.9800000000005,5
7503,1239,65,160,0,160,135,0,25,55,55,0,55,195,75,50757.451875,19125.0,31632.451875,5
7504,1239,65,175,0,175,150,20,5,50,50,0,50,210,20,10053.36,20400.0,-10346.639999999998,5
7505,1239,105,135,0,135,130,0,5,55,55,0,55,230,50,30829.725,20400.0,10429.724999999999,5
7506,1239,145,115,0,115,110,0,5,60,60,0,55,250,50,29358.809999999998,22100.0,7258.809999999999,5
7507,1239,140,110,0,110,105,0,5,70,70,0,70,240,85,55930.28625,21250.0,34680.28625,5
7508,1239,120,125,0,125,125,0,0,60,60,0,60,240,35,20391.93,20825.0,-433.0699999999979,5
7509,1239,95,150,0,150,140,0,10,50,50,0,50,230,40,22784.220000000005,20825.0,1959.2200000000048,5
7510,1239,105,145,0,145,135,0,10,55,55,0,55,235,60,33693.93,21250.0,12443.93,5
7511,1239,80,160,0,160,115,20,25,60,60,0,60,190,60,40477.09500000001,20400.0,20077.09500000001,5
7512,1239,70,155,0,155,140,15,0,55,55,0,55,205,45,26560.26,19125.0,7435.259999999998,5
7513,1239,100,180,0,180,110,35,35,45,45,0,45,205,35,19382.58,23800.0,-4417.419999999997,5
7514,1239,80,175,0,175,155,0,20,30,30,0,30,230,20,12907.080000000002,21675.0,-8767.919999999998,5
7515,1239,85,170,0,170,150,5,15,35,35,0,35,230,20,11633.940000000002,21675.0,-10041.059999999998,5
7516,1239,130,125,0,125,120,0,5,60,60,0,60,245,35,22323.870000000003,21675.0,648.8700000000017,5
7517,1239,85,145,0,145,140,0,5,25,25,0,25,220,30,19469.970000000005,19550.0,-80.02999999999474,5
7518,1239,90,145,0,145,125,0,20,55,55,0,55,210,65,41250.91500000001,19975.0,21275.915000000005,5
7519,1239,70,165,0,165,155,10,0,50,50,0,50,220,30,15145.920000000004,19975.0,-4829.079999999996,5
7520,1239,90,160,0,160,160,0,0,40,40,0,40,245,5,2590.2000000000003,21250.0,-18659.8,5
7521,1239,75,150,0,150,135,0,15,40,40,0,40,205,35,21193.11,19125.0,2068.1100000000015,5
7522,1239,125,130,0,130,120,0,10,65,65,0,65,240,30,18372.690000000002,21675.0,-3302.3099999999977,5
7523,1239,120,145,0,145,130,15,0,55,55,0,55,245,25,14268.060000000003,22525.0,-8256.939999999997,5
7524,1239,75,175,0,175,135,10,30,45,45,0,40,205,40,27026.775,21250.0,5776.775000000002,5
7525,1239,90,145,0,145,140,0,5,45,45,0,45,225,25,12511.800000000001,19975.0,-7463.199999999999,5
7526,1239,85,185,0,185,130,15,40,30,30,0,30,210,15,7463.16,22950.0,-15486.84,5
7527,1239,60,160,0,160,135,5,20,55,55,0,55,190,50,30758.355000000003,18700.0,12058.355000000001,5
7528,1239,155,105,0,105,105,0,0,50,50,0,50,255,40,26022.06,22100.0,3922.0600000000013,5
7529,1239,130,125,0,125,120,0,5,55,55,0,50,245,25,16144.47,21675.0,-5530.530000000001,5
7530,1239,110,120,0,120,110,0,10,55,55,0,50,215,75,52897.6265625,19550.0,33347.6265625,5
7531,1239,55,175,0,175,145,5,25,35,35,0,35,195,35,20633.22,19550.0,1083.2200000000012,5
7532,1239,175,105,0,105,105,0,0,30,30,0,30,275,30,17516.160000000003,23800.0,-6283.839999999996,5
7533,1239,85,155,0,155,150,0,5,60,60,0,60,230,60,37930.68000000001,20400.0,17530.68000000001,5
7534,1239,90,155,0,155,140,10,5,55,55,0,55,225,55,31301.460000000003,20825.0,10476.460000000003,5
7535,1239,75,145,0,145,145,0,0,50,50,0,50,215,30,19854.45,18700.0,1154.4499999999994,5
7536,1239,75,180,0,180,145,0,35,25,25,0,25,215,35,20194.559999999998,21675.0,-1480.440000000001,5
7537,1239,80,160,0,160,115,10,35,65,65,0,60,190,20,10272.960000000001,20400.0,-10127.039999999999,5
7538,1239,115,135,0,135,120,0,15,50,50,0,50,230,45,26296.739999999998,21250.0,5046.74,5
7539,1239,105,145,0,145,135,0,10,35,35,0,35,235,65,45944.17875000001,21250.0,24694.17875000001,5
7540,1239,65,170,0,170,155,5,10,35,35,0,35,215,10,5268.240000000001,19975.0,-14706.759999999998,5
7541,1239,110,145,0,145,140,0,5,40,40,0,40,245,20,10843.2,21675.0,-10831.8,5
7542,1239,125,160,0,160,140,0,20,45,45,0,45,260,20,10316.880000000001,24225.0,-13908.119999999999,5
7543,1239,75,155,0,155,130,0,25,50,50,0,50,200,45,28294.290000000005,19550.0,8744.290000000005,5
7544,1239,70,170,0,170,165,0,5,35,35,0,35,230,20,10448.64,20400.0,-9951.36,5
7545,1239,80,135,0,135,130,5,0,50,50,0,50,205,120,89784.08437500002,18275.0,71509.08437500002,5
7546,1239,85,150,0,150,140,0,10,35,35,0,35,220,55,33737.85,19975.0,13762.849999999999,5
7547,1239,60,165,0,165,160,0,5,25,25,0,25,215,20,13433.850000000002,19125.0,-5691.149999999998,5
7548,1239,125,130,0,130,125,0,5,65,65,0,65,245,45,29205.225000000006,21675.0,7530.225000000005,5
7549,1239,115,140,0,140,105,0,35,40,40,0,35,215,35,23135.670000000006,21675.0,1460.6700000000046,5
7550,1239,75,155,0,155,125,5,25,55,55,0,55,195,70,48568.5675,19550.0,29018.567499999997,5
7551,1239,95,155,0,155,150,0,5,15,15,0,15,240,15,9087.66,21250.0,-12162.34,5
7552,1239,85,145,0,145,115,0,30,40,40,0,40,195,75,57482.19843750002,19550.0,37932.19843750002,5
7553,1239,90,140,0,140,140,0,0,60,60,0,60,225,60,41953.005000000005,19550.0,22403.005000000005,5
7554,1239,60,170,0,170,170,0,0,40,40,0,40,225,20,10053.36,19550.0,-9496.64,5
7555,1239,105,130,0,130,110,15,5,65,65,0,65,210,45,22827.960000000003,19975.0,2852.9600000000028,5
7556,1239,90,150,0,150,140,0,10,35,35,0,35,225,35,18855.180000000004,20400.0,-1544.8199999999974,5
7557,1239,80,165,0,165,160,0,5,45,45,0,45,235,25,15957.810000000005,20825.0,-4867.189999999996,5
7558,1239,95,165,0,165,150,0,15,30,30,0,30,240,35,20436.120000000003,22100.0,-1663.8799999999992,5
7559,1239,95,170,0,170,135,0,35,45,45,0,45,225,35,21072.690000000002,22525.0,-1452.3099999999977,5
7560,1239,145,115,0,115,105,0,10,45,45,0,45,245,65,51937.9396875,22100.0,29837.939687500002,5
7561,1239,110,140,0,140,135,0,5,50,50,0,50,240,55,36511.9875,21250.0,15261.987500000005,5
7562,1239,145,125,0,125,120,0,5,55,55,0,55,260,35,19250.46,22950.0,-3699.5399999999995,5
7563,1239,80,175,0,175,150,0,25,25,25,0,25,225,35,20084.760000000002,21675.0,-1590.2399999999966,5
7564,1239,90,160,0,160,150,0,10,45,45,0,45,235,25,14311.980000000003,21250.0,-6938.019999999997,5
7565,1239,150,135,0,135,125,0,10,50,50,0,50,270,30,19162.890000000003,24225.0,-5062.109999999998,5
7566,1239,135,125,0,125,110,0,15,60,60,0,60,240,75,45229.05,22100.0,23129.050000000007,5
7567,1239,150,140,0,140,120,0,20,40,40,0,40,265,30,20446.965000000004,24650.0,-4203.034999999995,5
7568,1239,125,125,0,125,105,10,10,80,80,0,80,225,40,21731.22,21250.0,481.220000000003,5
7569,1239,140,125,0,125,115,0,10,45,45,0,45,250,20,11326.5,22525.0,-11198.5,5
7570,1239,85,155,0,155,145,0,10,55,55,0,55,225,55,33331.950000000004,20400.0,12931.95,5
7571,1239,70,155,0,155,155,0,0,50,50,0,50,220,35,21072.690000000002,19125.0,1947.6900000000023,5
7572,1239,90,160,0,160,150,0,10,30,30,0,30,235,40,29133.922500000008,21250.0,7883.922500000008,5
7573,1239,100,140,0,140,140,0,0,50,50,0,50,235,60,39675.3525,20400.0,19275.352500000005,5
7574,1239,145,145,0,145,135,0,10,25,25,0,25,275,20,11633.94,24650.0,-13016.06,5
7575,1239,75,145,0,145,140,0,5,50,50,0,45,210,20,11677.86,18700.0,-7022.139999999999,5
7576,1239,95,135,0,135,135,0,0,55,55,0,55,225,60,35669.79000000001,19550.0,16119.790000000012,5
7577,1239,90,140,0,140,140,0,0,25,25,0,25,225,10,4960.8,19550.0,-14589.2,5
7578,1239,90,140,0,140,130,0,10,35,35,0,35,215,35,23228.955000000005,19550.0,3678.9550000000054,5
7579,1239,70,155,0,155,155,0,0,40,40,0,40,220,25,16024.050000000003,19125.0,-3100.949999999998,5
7580,1239,105,135,0,135,130,0,5,50,50,0,50,230,25,12555.360000000002,20400.0,-7844.639999999998,5
7581,1239,120,140,0,140,140,0,0,55,55,0,55,255,30,16528.86,22100.0,-5571.14,5
7582,1239,100,125,0,125,105,0,20,50,50,0,50,200,80,59705.955,19125.0,40580.955,5
7583,1239,120,140,0,140,140,0,0,50,50,0,50,255,20,10141.2,22100.0,-11958.8,5
7584,1239,90,150,0,150,145,0,5,25,25,0,25,230,25,17340.570000000003,20400.0,-3059.4299999999976,5
7585,1239,125,140,0,140,135,0,5,20,20,0,20,255,15,8890.02,22525.0,-13634.98,5
7586,1239,110,135,0,135,115,0,20,55,55,0,55,220,25,13323.420000000002,20825.0,-7501.579999999999,5
7587,1239,100,150,0,150,135,0,15,60,60,0,60,230,55,36778.455,21250.0,15528.455000000004,5
7588,1239,110,150,0,150,135,0,15,50,50,0,50,240,40,25122.33,22100.0,3022.3300000000017,5
7589,1239,120,135,0,135,100,0,35,50,50,0,50,215,60,38221.51500000001,21675.0,16546.515000000007,5
7590,1239,95,130,0,130,115,0,15,45,45,0,45,205,30,18196.920000000002,19125.0,-928.0799999999977,5
7591,1239,115,110,0,110,105,0,5,55,55,0,55,215,75,46808.55,19125.0,27683.550000000003,5
7592,1239,125,140,0,140,135,0,5,30,30,0,30,255,15,8340.840000000002,22525.0,-14184.159999999996,5
7593,1239,75,140,0,140,140,0,0,55,55,0,55,210,50,28338.120000000003,18275.0,10063.120000000003,5
7594,1239,150,120,0,120,105,0,15,45,45,0,40,250,20,11041.02,22950.0,-11908.98,5
7595,1239,60,160,0,160,155,0,5,40,40,0,40,210,15,8802.18,18700.0,-9897.82,5
7596,1239,90,145,0,145,125,0,20,55,55,0,55,210,70,51027.0975,19975.0,31052.0975,5
7597,1239,110,145,0,145,115,0,30,50,50,0,50,220,25,13872.780000000002,21675.0,-7802.2199999999975,5
7598,1239,75,160,0,160,145,0,15,20,20,0,20,215,20,14344.560000000001,19975.0,-5630.439999999999,5
7599,1239,75,155,0,155,120,10,25,60,60,0,55,190,65,44302.14,19550.0,24752.14,5
7600,1239,130,155,0,155,150,0,5,20,20,0,20,275,5,2634.1200000000003,24225.0,-21590.879999999997,5
7601,1239,130,130,0,130,125,0,5,40,40,0,40,250,45,29929.545,22100.0,7829.544999999998,5
7602,1239,100,155,0,155,135,0,20,60,60,0,60,230,25,15475.050000000003,21675.0,-6199.949999999997,5
7603,1239,50,180,0,180,170,0,10,45,45,0,45,215,25,12423.960000000003,19550.0,-7126.039999999998,5
7604,1239,145,130,0,130,125,0,5,40,40,0,40,265,30,19404.270000000004,23375.0,-3970.7299999999964,5
7605,1239,55,180,0,180,155,5,20,20,20,0,20,205,25,13675.140000000001,19975.0,-6299.859999999999,5
7606,1239,105,145,0,145,130,0,15,30,30,0,30,230,25,17637.57,21250.0,-3612.4299999999994,5
7607,1239,120,140,0,140,140,0,0,25,25,0,25,255,45,30132.495,22100.0,8032.494999999999,5
7608,1239,80,155,0,155,145,0,10,50,50,0,50,220,70,45283.905000000006,19975.0,25308.905000000006,5
7609,1239,145,120,0,120,100,0,20,60,60,0,60,240,60,39664.912500000006,22525.0,17139.912500000006,5
7610,1239,105,140,0,140,120,10,10,55,55,0,55,220,35,19272.420000000006,20825.0,-1552.5799999999958,5
7611,1239,75,160,0,160,140,0,20,45,45,0,40,210,40,22411.440000000002,19975.0,2436.4400000000023,5
7612,1239,110,145,0,145,145,0,0,35,35,0,35,250,60,40153.185000000005,21675.0,18478.185000000005,5
7613,1239,115,155,0,155,125,5,25,65,65,0,65,235,60,35966.07000000001,22950.0,13016.070000000003,5
7614,1239,100,135,0,135,130,0,5,40,40,0,40,225,85,69725.773125,19975.0,49750.773125000014,5
7615,1239,160,135,0,135,115,0,20,35,35,0,30,270,10,5136.4800000000005,25075.0,-19938.519999999997,5
7616,1239,130,125,0,125,125,0,0,60,60,0,60,250,85,49652.09999999999,21675.0,27977.09999999999,5
7617,1239,80,165,0,165,160,0,5,35,35,0,30,235,25,16067.970000000003,20825.0,-4757.029999999997,5
7618,1239,115,130,0,130,110,0,20,65,65,0,60,220,65,48213.410625,20825.0,27388.410624999997,5
7619,1239,95,150,0,150,150,0,0,50,50,0,50,240,45,26538.300000000003,20825.0,5713.300000000004,5
7620,1239,100,150,0,150,140,0,10,35,35,0,35,235,30,18460.530000000002,21250.0,-2789.469999999999,5
7621,1239,90,145,0,145,145,0,0,35,35,0,35,230,20,10272.600000000002,19975.0,-9702.399999999998,5
7622,1239,115,135,0,135,130,0,5,45,45,0,45,240,55,38001.735,21250.0,16751.735000000004,5
7623,1239,125,135,0,135,125,0,10,55,55,0,55,245,70,51105.380625,22100.0,29005.380624999998,5
7624,1239,120,140,0,140,125,0,15,45,45,0,45,240,40,25089.750000000004,22100.0,2989.7500000000036,5
7625,1239,85,135,0,135,110,0,25,35,35,0,35,190,55,43172.55562500001,18700.0,24472.555625000005,5
7626,1239,60,160,0,160,115,15,30,50,50,0,50,170,55,36174.55500000001,18700.0,17474.555000000004,5
7627,1239,70,160,0,160,140,0,20,45,45,0,45,205,40,21906.540000000005,19550.0,2356.5400000000045,5
7628,1239,70,160,0,160,145,0,15,45,45,0,40,210,40,23848.56,19550.0,4298.560000000002,5
7629,1239,70,165,0,165,120,15,30,45,45,0,45,185,40,22345.200000000004,19975.0,2370.2000000000044,5
7630,1239,110,145,0,145,135,0,10,40,40,0,35,240,20,9877.68,21675.0,-11797.32,5
7631,1239,145,125,0,125,110,0,15,45,45,0,45,250,85,61994.11500000001,22950.0,39044.11500000001,5
7632,1239,105,140,0,140,115,0,25,60,60,0,60,215,35,19711.260000000002,20825.0,-1113.739999999998,5
7633,1239,150,115,0,115,100,0,15,60,60,0,60,245,40,21159.54,22525.0,-1365.4599999999982,5
7634,1239,110,135,0,135,115,20,0,45,45,0,45,220,20,11414.340000000002,20825.0,-9410.659999999998,5
7635,1239,125,135,0,135,135,0,0,45,45,0,45,255,55,39418.13250000001,22100.0,17318.132500000007,5
7636,1239,105,130,0,130,125,0,5,35,35,0,35,225,65,44383.680000000015,19975.0,24408.680000000015,5
7637,1239,100,150,0,150,140,0,10,25,25,0,25,235,30,19041.93,21250.0,-2208.069999999998,5
7638,1239,100,160,0,160,125,5,30,60,60,0,60,220,25,14048.460000000003,22100.0,-8051.539999999997,5
7639,1239,135,145,0,145,105,10,30,35,35,0,35,235,70,51037.9425,23800.0,27237.942499999997,5
7640,1239,100,145,0,145,125,0,20,55,55,0,55,220,40,23926.140000000007,20825.0,3101.140000000005,5
7641,1239,70,170,0,170,160,0,10,30,30,0,30,225,15,7770.6,20400.0,-12629.400000000001,5
7642,1239,100,155,0,155,135,0,20,35,35,0,35,230,30,17736.12,21675.0,-3938.8800000000015,5
7643,1239,125,125,0,125,95,0,30,55,55,0,50,215,100,68820.03,21250.0,47570.030000000006,5
7644,1239,90,160,0,160,120,10,30,45,45,0,40,205,45,24913.440000000006,21250.0,3663.440000000005,5
7645,1239,120,130,0,130,130,0,0,50,50,0,50,245,30,15804.359999999999,21250.0,-5445.640000000001,5
7646,1239,100,155,0,155,140,0,15,40,40,0,40,235,15,7770.600000000002,21675.0,-13904.399999999998,5
7647,1239,55,160,0,160,130,0,30,40,40,0,35,180,30,16638.3,18275.0,-1636.7000000000007,5
7648,1239,65,165,0,165,165,0,0,40,40,0,40,225,25,13762.98,19550.0,-5787.02,5
7649,1239,100,140,0,140,125,0,15,55,55,0,55,220,35,19271.880000000005,20400.0,-1128.1199999999967,5
7650,1239,115,145,0,145,140,0,5,40,40,0,40,250,45,28426.05,22100.0,6326.05,5
7651,1239,90,145,0,145,135,10,0,55,55,0,55,220,65,42759.854999999996,19975.0,22784.854999999996,5
7652,1239,120,150,0,150,135,0,15,30,30,0,30,250,10,4960.8,22950.0,-17989.2,5
7653,1239,85,170,0,170,115,10,45,25,25,0,25,195,5,2897.2800000000007,21675.0,-18777.72,5
7654,1239,100,155,0,155,155,0,0,35,35,0,35,250,40,25045.470000000005,21675.0,3370.470000000005,5
7655,1239,125,125,0,125,120,0,5,55,55,0,50,240,40,26636.985000000004,21250.0,5386.985000000004,5
7656,1239,105,125,0,125,125,0,0,60,60,0,60,225,55,33222.15000000001,19550.0,13672.15000000001,5
7657,1239,80,160,0,160,155,0,5,30,30,0,30,230,30,17077.5,20400.0,-3322.5,5
7658,1239,55,175,0,175,145,30,0,40,40,0,40,195,45,30203.999999999996,19550.0,10653.999999999996,5
7659,1239,110,145,0,145,135,0,10,45,45,0,45,240,20,11194.740000000002,21675.0,-10480.259999999998,5
7660,1239,60,190,0,190,145,5,40,25,25,0,25,200,45,32915.115000000005,21250.0,11665.115000000005,5
7661,1239,95,140,0,140,120,0,20,50,50,0,50,210,40,24562.710000000003,19975.0,4587.710000000002,5
7662,1239,85,160,0,160,150,0,10,50,50,0,50,230,20,13719.330000000002,20825.0,-7105.669999999998,5
7663,1239,110,140,0,140,130,0,10,45,45,0,45,235,45,25133.400000000005,21250.0,3883.400000000006,5
7664,1239,120,130,0,130,125,0,5,45,45,0,45,240,65,43752.645000000004,21250.0,22502.645000000004,5
7665,1239,65,150,0,150,145,0,5,45,45,0,45,205,50,28579.5,18275.0,10304.499999999998,5
7666,1239,75,155,0,155,130,10,15,50,50,0,50,200,50,31894.379999999997,19550.0,12344.379999999997,5
7667,1239,70,165,0,165,155,0,10,35,35,0,35,220,55,41354.983125000006,19975.0,21379.983125000006,5
7668,1239,115,130,0,130,130,0,0,55,55,0,55,240,60,39209.355,20825.0,18384.355000000003,5
7669,1239,75,160,0,160,140,5,15,35,35,0,35,210,25,14201.820000000003,19975.0,-5773.179999999998,5
7670,1239,115,145,0,145,145,0,0,20,20,0,15,255,35,24486.120000000006,22100.0,2386.1200000000053,5
7671,1239,95,170,0,170,125,0,45,55,55,0,50,215,35,17999.640000000003,22525.0,-4525.359999999999,5
7672,1239,100,155,0,155,135,10,10,60,60,0,60,230,55,31718.700000000004,21675.0,10043.700000000004,5
7673,1239,120,120,0,120,105,0,15,75,75,0,75,220,70,46291.11750000001,20400.0,25891.117500000008,5
7674,1239,125,125,0,125,115,0,10,50,50,0,50,235,30,15145.560000000003,21250.0,-6104.439999999997,5
7675,1239,95,140,0,140,140,0,0,35,35,0,35,230,45,24386.760000000002,19975.0,4411.760000000004,5
7676,1239,140,120,0,120,120,0,0,50,50,0,50,255,50,31762.485000000008,22100.0,9662.485000000006,5
7677,1239,110,155,0,155,155,0,0,30,30,0,30,260,25,12950.640000000003,22525.0,-9574.359999999997,5
7678,1239,95,130,0,130,120,5,5,45,45,0,40,210,40,26899.83,19125.0,7774.830000000002,5
7679,1239,65,170,0,170,150,0,20,35,35,0,35,210,45,31137.165000000005,19975.0,11162.165000000005,5
7680,1239,125,140,0,140,120,0,20,45,45,0,45,240,30,16726.5,22525.0,-5798.499999999999,5
7681,1239,160,110,0,110,110,0,0,40,40,0,40,265,50,36190.80000000001,22950.0,13240.800000000008,5
7682,1239,85,150,0,150,140,0,10,45,45,0,45,220,30,17362.440000000002,19975.0,-2612.5599999999986,5
7683,1239,115,150,0,150,135,0,15,50,50,0,45,245,30,15672.600000000002,22525.0,-6852.399999999998,5
7684,1239,190,125,0,125,115,0,10,40,40,0,40,300,25,15255.720000000001,26775.0,-11519.279999999999,5
7685,1239,55,165,0,165,160,0,5,25,25,0,25,210,35,20259.9,18700.0,1559.9000000000024,5
7686,1239,150,135,0,135,115,0,20,50,50,0,50,260,50,33913.755000000005,24225.0,9688.755000000001,5
7687,1239,110,145,0,145,145,0,0,40,40,0,40,250,40,21731.22,21675.0,56.22000000000298,5
7688,1239,110,135,0,135,125,5,5,60,60,0,60,230,45,27559.170000000006,20825.0,6734.170000000004,5
7689,1239,100,130,0,130,130,0,0,60,60,0,60,225,65,44362.53000000001,19550.0,24812.530000000013,5
7690,1239,130,140,0,140,135,0,5,45,45,0,45,260,35,22202.46,22950.0,-747.539999999999,5
7691,1239,65,175,0,175,155,0,20,40,40,0,40,215,50,36945.967500000006,20400.0,16545.967500000006,5
7692,1239,70,160,0,160,145,0,15,55,55,0,55,210,45,26691.75,19550.0,7141.750000000002,5
7693,1239,70,155,0,155,155,0,0,45,45,0,45,220,30,16462.980000000003,19125.0,-2662.0199999999977,5
7694,1239,85,140,0,140,110,15,15,70,70,0,70,190,45,27701.550000000007,19125.0,8576.550000000007,5
7695,1239,130,145,0,145,115,0,30,40,40,0,40,240,40,22828.680000000004,23375.0,-546.3199999999961,5
7696,1239,145,135,0,135,135,0,0,35,35,0,35,275,35,19294.739999999998,23800.0,-4505.26,5
7697,1239,95,145,0,145,130,10,5,40,40,0,40,220,35,24612.255,20400.0,4212.255,5
7698,1239,60,155,0,155,155,0,0,55,55,0,55,210,45,27547.65,18275.0,9272.650000000003,5
7699,1239,95,150,0,150,135,0,15,35,35,0,35,225,30,17274.600000000002,20825.0,-3550.3999999999974,5
7700,1239,105,140,0,140,125,5,10,45,45,0,45,225,50,34468.0425,20825.0,13643.042500000001,5
7701,1239,125,125,0,125,115,0,10,30,30,0,30,235,65,50144.8190625,21250.0,28894.8190625,5
7702,1239,70,170,0,170,140,10,20,55,55,0,55,205,45,25528.68,20400.0,5128.679999999999,5
7703,1239,85,155,0,155,145,0,10,45,45,0,45,225,25,13938.66,20400.0,-6461.34,5
7704,1239,85,150,0,150,135,0,15,35,35,0,35,215,40,26143.11,19975.0,6168.1100000000015,5
7705,1239,150,115,0,115,115,0,0,60,60,0,60,260,45,25780.950000000004,22525.0,3255.9500000000025,5
7706,1239,115,140,0,140,130,0,10,35,35,0,35,240,60,46654.19437500001,21675.0,24979.194375000006,5
7707,1239,110,150,0,150,135,0,15,30,30,0,30,240,10,5224.32,22100.0,-16875.68,5
7708,1239,115,160,0,160,150,0,10,45,45,0,45,260,25,12731.400000000001,23375.0,-10643.599999999999,5
7709,1239,70,140,0,140,135,0,5,50,50,0,50,200,45,34985.67187500001,17850.0,17135.671875000007,5
7710,1239,175,115,0,115,110,0,5,60,60,0,60,280,30,15189.840000000002,24650.0,-9460.159999999998,5
7711,1239,65,160,0,160,150,0,10,35,35,0,35,210,25,13762.980000000003,19125.0,-5362.019999999998,5
7712,1239,115,145,0,145,140,0,5,60,60,0,55,250,45,30423.532500000005,22100.0,8323.532500000005,5
7713,1239,115,135,0,135,135,0,0,45,45,0,45,245,35,20391.93,21250.0,-858.0700000000002,5
7714,1239,50,165,0,165,125,15,25,50,50,0,45,170,60,41352.20437500001,18275.0,23077.20437500001,5
7715,1239,75,160,0,160,150,10,0,40,40,0,40,220,50,30313.440000000006,19975.0,10338.440000000006,5
7716,1239,105,130,0,130,105,15,10,65,65,0,65,205,45,27503.64,19975.0,7528.64,5
7717,1239,115,130,0,130,120,0,10,55,55,0,50,230,45,24781.68,20825.0,3956.680000000001,5
7718,1239,80,160,0,160,145,0,15,45,45,0,45,220,45,26867.610000000004,20400.0,6467.610000000004,5
7719,1239,115,140,0,140,125,0,15,50,50,0,50,235,25,12467.880000000003,21675.0,-9207.119999999997,5
7720,1239,95,160,0,160,130,0,30,40,40,0,40,220,20,10097.28,21675.0,-11577.72,5
7721,1239,75,155,0,155,125,0,30,55,55,0,55,195,55,35038.935,19550.0,15488.935000000001,5
7722,1239,140,135,0,135,120,0,15,30,30,0,25,255,5,2634.1200000000003,23375.0,-20740.879999999997,5
7723,1239,70,155,0,155,125,10,20,50,50,0,50,190,30,17274.780000000002,19125.0,-1850.219999999997,5
7724,1239,55,170,0,170,125,20,25,50,50,0,50,175,30,16836.300000000003,19125.0,-2288.699999999999,5
7725,1239,80,165,0,165,130,0,35,55,55,0,55,205,45,24079.500000000004,20825.0,3254.5000000000027,5
7726,1239,105,125,0,125,120,0,5,65,65,0,65,220,85,52659.40500000001,19550.0,33109.40500000001,5
7727,1239,80,145,0,145,130,5,10,40,40,0,40,205,10,4916.520000000001,19125.0,-14208.48,5
7728,1239,80,155,0,155,145,5,5,50,50,0,50,220,70,44471.92500000001,19975.0,24496.92500000001,5
7729,1239,100,130,0,130,130,0,0,45,45,0,45,225,55,38514.75750000001,19550.0,18964.757500000007,5
7730,1239,110,140,0,140,140,0,0,65,65,0,65,245,40,25067.790000000005,21250.0,3817.7900000000045,5
7731,1239,130,145,0,145,145,0,0,35,35,0,35,270,25,14114.34,23375.0,-9260.66,5
7732,1239,75,165,0,165,140,0,25,50,50,0,50,210,60,37732.68000000001,20400.0,17332.680000000008,5
7733,1239,95,140,0,140,140,0,0,25,25,0,20,230,15,8780.220000000001,19975.0,-11194.779999999999,5
7734,1239,80,155,0,155,125,5,25,50,50,0,50,200,20,12050.820000000002,19975.0,-7924.1799999999985,5
7735,1239,60,185,0,185,135,15,35,25,25,0,25,190,20,11326.5,20825.0,-9498.5,5
7736,1239,95,140,0,140,135,0,5,40,40,0,40,225,60,38962.30500000001,19975.0,18987.305000000008,5
7737,1239,110,145,0,145,130,0,15,45,45,0,40,235,50,38133.793125000004,21675.0,16458.793125000007,5
7738,1239,115,115,0,115,115,0,0,55,55,0,55,225,35,20753.909999999996,19550.0,1203.9099999999962,5
7739,1239,110,140,0,140,140,0,0,40,40,0,40,245,60,45540.93375,21250.0,24290.933749999997,5
7740,1239,120,140,0,140,130,0,10,30,30,0,30,245,30,19579.950000000004,22100.0,-2520.0499999999943,5
7741,1239,115,150,0,150,135,0,15,45,45,0,45,245,65,40356.09,22525.0,17831.09,5
7742,1239,70,165,0,165,155,0,10,35,35,0,35,220,10,4916.880000000001,19975.0,-15058.119999999999,5
7743,1239,110,140,0,140,130,5,5,50,50,0,45,235,25,13258.08,21250.0,-7991.92,5
7744,1239,80,145,0,145,115,0,30,60,60,0,60,190,40,26022.645000000004,19125.0,6897.645000000002,5
7745,1239,125,135,0,135,135,0,0,50,50,0,50,255,70,46869.795000000006,22100.0,24769.795000000006,5
7746,1239,130,135,0,135,135,0,0,30,30,0,30,260,45,32267.475000000006,22525.0,9742.475000000004,5
7747,1239,100,135,0,135,135,0,0,65,65,0,65,230,60,39448.0575,19975.0,19473.057500000003,5
7748,1239,105,135,0,135,100,5,30,60,60,0,55,200,70,39247.380000000005,20400.0,18847.380000000005,5
7749,1239,55,165,0,165,160,0,5,30,30,0,30,210,40,24771.329999999998,18700.0,6071.329999999998,5
7750,1239,90,145,0,145,135,5,5,50,50,0,50,220,50,29874.150000000005,19975.0,9899.150000000005,5
7751,1239,80,160,0,160,140,0,20,30,30,0,30,215,15,7725.960000000003,20400.0,-12674.039999999997,5
7752,1239,95,140,0,140,130,0,10,35,35,0,30,220,35,22444.020000000004,19975.0,2469.020000000005,5
7753,1239,185,105,0,105,105,0,0,50,50,0,50,285,50,31674.645,24650.0,7024.645,5
7754,1239,185,115,0,115,110,0,5,25,25,0,25,290,25,17714.025,25500.0,-7785.9749999999985,5
7755,1239,105,140,0,140,130,10,0,30,30,0,30,230,30,20221.875,20825.0,-603.125,5
7756,1239,50,160,0,160,150,0,10,40,40,0,40,195,30,16528.5,17850.0,-1321.4999999999986,5
7757,1239,60,165,0,165,155,0,10,40,40,0,40,210,25,14158.26,19125.0,-4966.74,5
7758,1239,165,100,0,100,100,0,0,70,70,0,70,260,70,47879.77500000001,22525.0,25354.77500000001,5
7759,1239,160,100,0,100,85,0,15,85,85,0,85,240,70,44126.59500000001,22100.0,22026.59500000001,5
7760,1239,105,140,0,140,140,0,0,45,45,0,45,240,40,25325.415,20825.0,4500.415000000003,5
7761,1239,120,150,0,150,130,0,20,25,25,0,20,245,15,7770.6,22950.0,-15179.400000000001,5
7762,1239,125,125,0,125,100,0,25,65,65,0,65,220,45,26471.97000000001,21250.0,5221.97000000001,5
7763,1239,75,160,0,160,130,5,25,50,50,0,50,200,25,13784.940000000002,19975.0,-6190.059999999999,5
7764,1239,75,165,0,165,150,0,15,30,30,0,30,220,15,8692.380000000001,20400.0,-11707.619999999997,5
7765,1239,135,100,0,100,100,0,0,65,65,0,65,230,90,59979.19500000001,19975.0,40004.19500000001,5
7766,1239,65,150,0,150,140,0,10,40,40,0,35,200,45,29205.225,18275.0,10930.225,5
7767,1239,90,150,0,150,150,0,0,30,30,0,30,235,20,10097.28,20400.0,-10302.72,5
7768,1239,70,160,0,160,155,0,5,30,30,0,30,220,30,17648.280000000006,19550.0,-1901.7199999999957,5
7769,1239,105,145,0,145,140,0,5,45,45,0,40,240,20,10404.36,21250.0,-10845.64,5
7770,1239,115,130,0,130,130,0,0,60,60,0,60,240,50,26143.02,20825.0,5318.020000000001,5
7771,1239,85,165,0,165,145,0,20,40,40,0,40,225,40,27523.1475,21250.0,6273.1475,5
7772,1239,110,150,0,150,130,0,20,35,35,0,35,235,55,42238.395000000004,22100.0,20138.395,5
7773,1239,80,160,0,160,155,0,5,35,35,0,35,230,35,20897.010000000006,20400.0,497.01000000000477,5
7774,1239,90,155,0,155,135,0,20,25,25,0,20,220,10,5092.560000000001,20825.0,-15732.439999999999,5
7775,1239,80,150,0,150,150,0,0,55,55,0,50,225,30,15584.760000000002,19550.0,-3965.239999999999,5
7776,1239,95,145,0,145,135,0,10,45,45,0,45,225,35,18701.820000000003,20400.0,-1698.1799999999976,5
7777,1239,80,160,0,160,160,0,0,60,60,0,60,235,45,23136.120000000006,20400.0,2736.1200000000053,5
7778,1239,55,185,0,185,140,20,25,40,40,0,40,190,30,14443.2,20400.0,-5956.799999999998,5
7779,1239,90,135,0,135,110,20,5,65,65,0,65,195,95,65569.42125,19125.0,46444.42125000001,5
7780,1239,85,160,0,160,150,10,0,45,45,0,45,230,15,8121.600000000002,20825.0,-12703.399999999998,5
7781,1239,105,135,0,135,135,0,0,50,50,0,50,235,40,26916.615000000005,20400.0,6516.615000000006,5
7782,1239,95,130,0,130,120,0,10,65,65,0,65,210,40,22433.22,19125.0,3308.220000000001,5
7783,1239,100,145,0,145,130,0,15,60,60,0,60,225,50,29721.15000000001,20825.0,8896.150000000007,5
7784,1239,125,115,0,115,110,0,5,60,60,0,60,230,50,28140.120000000006,20400.0,7740.120000000006,5
7785,1239,80,160,0,160,150,0,10,55,55,0,55,225,65,39604.45500000001,20400.0,19204.45500000001,5
7786,1239,140,130,0,130,130,0,0,60,60,0,60,265,40,22938.480000000003,22950.0,-11.519999999995889,5
7787,1239,55,170,0,170,140,0,30,55,55,0,50,190,15,8802.18,19125.0,-10322.82,5
7788,1239,140,125,0,125,110,0,15,60,60,0,60,245,75,49246.065,22525.0,26721.065,5
7789,1239,145,140,0,140,135,0,5,50,50,0,50,275,30,18811.620000000003,24225.0,-5413.379999999997,5
7790,1239,45,205,0,205,155,5,45,20,20,0,20,195,15,8933.94,21250.0,-12316.06,5
7791,1239,85,145,0,145,145,0,0,45,45,0,45,225,60,39041.79750000001,19550.0,19491.797500000008,5
7792,1239,115,155,0,155,150,0,5,35,35,0,30,260,20,11524.14,22950.0,-11425.86,5
7793,1239,160,105,0,105,95,0,10,60,60,0,60,250,40,22104.0,22525.0,-420.9999999999991,5
7794,1239,115,145,0,145,135,0,10,35,35,0,30,245,25,13784.940000000002,22100.0,-8315.059999999998,5
7795,1239,130,140,0,140,130,0,10,40,40,0,40,255,45,29523.645,22950.0,6573.645000000001,5
7796,1239,170,110,0,110,85,0,25,40,40,0,40,250,40,21620.52,23800.0,-2179.4799999999987,5
7797,1239,45,175,0,175,145,10,20,40,40,0,40,185,55,39206.7675,18700.0,20506.767500000005,5
7798,1239,120,135,0,135,125,0,10,50,50,0,50,240,10,4872.960000000001,21675.0,-16802.04,5
7799,1239,110,135,0,135,135,0,0,40,40,0,35,240,10,4741.200000000001,20825.0,-16083.8,5
7800,1239,95,125,0,125,125,0,0,60,60,0,60,215,40,22015.98,18700.0,3315.9799999999996,5
7801,1239,120,145,0,145,140,0,5,50,50,0,50,255,30,15321.6,22525.0,-7203.4,5
7802,1239,125,150,0,150,150,0,0,35,35,0,35,270,20,9482.400000000001,23375.0,-13892.599999999999,5
7803,1239,110,120,0,120,120,0,0,45,45,0,45,225,25,17856.63,19550.0,-1693.3699999999976,5
7804,1239,130,140,0,140,120,0,20,40,40,0,40,245,40,20808.36,22950.0,-2141.6399999999976,5
7805,1239,80,135,0,135,115,5,15,75,75,0,70,190,50,29677.23000000001,18275.0,11402.230000000009,5
7806,1239,125,130,0,130,130,0,0,60,60,0,60,250,45,28085.670000000006,21675.0,6410.670000000005,5
7807,1239,80,140,0,140,120,5,15,65,65,0,65,195,80,48323.88,18700.0,29623.879999999997,5
7808,1239,95,150,0,150,130,0,20,55,55,0,55,220,40,22762.800000000003,20825.0,1937.800000000002,5
7809,1239,140,125,0,125,125,0,0,50,50,0,50,260,35,23361.075,22525.0,836.0750000000007,5
7810,1239,90,130,0,130,120,0,10,60,60,0,55,205,60,35680.59,18700.0,16980.589999999997,5
7811,1239,70,155,0,155,130,5,20,55,55,0,55,195,55,29150.460000000003,19125.0,10025.460000000003,5
7812,1239,60,175,0,175,155,0,20,30,30,0,30,210,20,10360.800000000001,19975.0,-9614.199999999999,5
7813,1239,130,140,0,140,125,0,15,55,55,0,55,250,50,33227.775,22950.0,10277.775000000001,5
7814,1239,100,135,0,135,130,0,5,60,60,0,60,225,25,12862.800000000003,19975.0,-7112.199999999998,5
7815,1239,60,160,0,160,100,20,40,45,45,0,45,155,70,51155.3475,18700.0,32455.347500000007,5
7816,1239,125,135,0,135,125,0,10,55,55,0,55,245,30,16901.820000000003,22100.0,-5198.179999999998,5
7817,1239,105,140,0,140,135,0,5,55,55,0,50,235,35,24925.185000000005,20825.0,4100.185000000006,5
7818,1239,90,155,0,155,155,0,0,40,40,0,40,240,40,21204.18,20825.0,379.1800000000012,5
7819,1239,175,105,0,105,100,0,5,55,55,0,55,270,50,28469.880000000005,23800.0,4669.880000000003,5
7820,1239,120,140,0,140,125,0,15,35,35,0,35,240,40,28022.377500000002,22100.0,5922.377500000002,5
7821,1239,75,150,0,150,150,0,0,55,55,0,55,220,30,14750.640000000003,19125.0,-4374.359999999997,5
7822,1239,125,140,0,140,105,0,35,60,60,0,60,225,55,34901.685000000005,22525.0,12376.685000000007,5
7823,1239,160,105,0,105,105,0,0,60,60,0,60,260,15,7989.840000000002,22525.0,-14535.159999999998,5
7824,1239,85,160,0,160,145,0,15,35,35,0,35,225,20,11875.140000000001,20825.0,-8949.859999999999,5
7825,1239,110,135,0,135,125,5,5,60,60,0,60,230,75,55861.543125,20825.0,35036.543125,5
7826,1239,110,150,0,150,130,0,20,50,50,0,50,235,35,20984.850000000002,22100.0,-1115.1499999999987,5
7827,1239,80,145,0,145,145,0,0,55,55,0,55,220,10,4829.040000000001,19125.0,-14295.96,5
7828,1239,105,140,0,140,130,0,10,45,45,0,45,230,35,18877.140000000003,20825.0,-1947.859999999996,5
7829,1239,185,130,0,130,110,0,20,35,35,0,35,290,25,14290.02,26775.0,-12484.98,5
7830,1239,55,160,0,160,140,0,20,35,35,0,35,190,10,5136.4800000000005,18275.0,-13138.519999999999,5
7831,1239,75,150,0,150,130,5,15,60,60,0,60,200,45,27207.809999999998,19125.0,8082.8099999999995,5
7832,1239,160,140,0,140,110,0,30,35,35,0,35,265,30,16287.300000000003,25500.0,-9212.699999999997,5
7833,1239,155,115,0,115,100,0,15,55,55,0,55,250,30,20315.070000000003,22950.0,-2634.929999999997,5
7834,1239,70,160,0,160,150,0,10,40,40,0,35,215,55,44194.1203125,19550.0,24644.1203125,5
7835,1239,60,170,0,170,150,0,20,35,35,0,35,205,50,34698.465000000004,19550.0,15148.465000000006,5
7836,1239,70,155,0,155,130,15,10,50,50,0,50,195,40,25769.700000000008,19125.0,6644.700000000007,5
7837,1239,75,155,0,155,130,0,25,40,40,0,40,200,125,108243.12796874998,19550.0,88693.12796874998,5
7838,1239,80,150,0,150,135,0,15,55,55,0,55,210,50,31817.385000000002,19550.0,12267.385000000004,5
7839,1239,110,120,0,120,115,0,5,60,60,0,60,220,50,32807.8575,19550.0,13257.8575,5
7840,1239,105,130,0,130,130,0,0,45,45,0,45,230,65,51127.524843750005,19975.0,31152.524843750005,5
7841,1239,85,145,0,145,100,15,30,70,70,0,65,180,60,39061.12500000001,19550.0,19511.125000000007,5
7842,1239,100,140,0,140,135,0,5,55,55,0,50,230,55,36479.0475,20400.0,16079.0475,5
7843,1239,75,165,0,165,160,0,5,35,35,0,35,230,20,11699.82,20400.0,-8700.18,5
7844,1239,150,120,0,120,120,0,0,50,50,0,50,265,45,28162.665000000008,22950.0,5212.665000000006,5
7845,1239,90,155,0,155,145,0,10,60,60,0,55,230,85,56227.75875,20825.0,35402.75875,5
7846,1239,50,170,0,170,140,0,30,45,45,0,40,185,10,5180.040000000001,18700.0,-13519.96,5
7847,1239,125,145,0,145,130,0,15,35,35,0,35,250,45,28349.190000000002,22950.0,5399.190000000003,5
7848,1239,105,130,0,130,120,5,5,50,50,0,50,220,65,49361.473125000004,19975.0,29386.473125000004,5
7849,1239,100,130,0,130,130,0,0,70,70,0,70,225,75,46996.380000000005,19550.0,27446.38000000001,5
7850,1239,85,130,0,130,105,0,25,75,75,0,70,185,50,28316.160000000003,18275.0,10041.160000000003,5
7851,1239,65,170,0,170,125,25,20,40,40,0,35,185,25,13872.060000000003,19975.0,-6102.939999999997,5
7852,1239,90,160,0,160,125,0,35,55,55,0,55,210,55,35307.94500000001,21250.0,14057.945000000003,5
7853,1239,120,155,0,155,150,0,5,20,20,0,15,265,25,13828.860000000002,23375.0,-9546.139999999998,5
7854,1239,75,170,0,170,145,0,25,50,50,0,50,215,30,17384.58,20825.0,-3440.419999999997,5
7855,1239,125,115,0,115,110,0,5,35,35,0,35,230,80,58240.226250000014,20400.0,37840.226250000014,5
7856,1239,165,135,0,135,135,0,0,25,25,0,25,295,10,5004.720000000001,25500.0,-20495.28,5
7857,1239,90,130,0,130,130,0,0,40,40,0,40,215,50,32991.705,18700.0,14291.705000000002,5
7858,1239,105,150,0,150,145,0,5,30,30,0,30,245,25,14772.6,21675.0,-6902.4,5
7859,1239,135,140,0,140,140,0,0,25,25,0,25,270,15,7551.000000000002,23375.0,-15823.999999999998,5
7860,1239,120,140,0,140,135,0,5,40,40,0,40,250,15,9702.000000000004,22100.0,-12397.999999999996,5
7861,1239,125,140,0,140,140,0,0,45,45,0,45,260,20,12226.32,22525.0,-10298.68,5
7862,1239,115,130,0,130,120,10,0,55,55,0,55,230,40,21687.300000000003,20825.0,862.3000000000047,5
7863,1239,100,145,0,145,115,0,30,50,50,0,50,210,55,37392.93,20825.0,16567.93,5
7864,1239,85,135,0,135,115,5,15,50,50,0,50,195,70,48504.673125000016,18700.0,29804.673125000016,5
7865,1239,170,130,0,130,110,0,20,45,45,0,40,275,25,15409.440000000002,25500.0,-10090.559999999998,5
7866,1239,90,125,0,125,125,0,0,55,55,0,55,210,55,39445.998750000006,18275.0,21170.998750000002,5
7867,1239,80,155,0,155,140,0,15,40,40,0,40,215,30,14794.560000000001,19975.0,-5180.439999999999,5
7868,1239,150,150,0,150,130,0,20,45,45,0,45,275,35,19097.1,25500.0,-6402.9,5
7869,1239,125,135,0,135,135,0,0,40,40,0,40,255,20,10097.28,22100.0,-12002.72,5
7870,1239,105,170,0,170,125,20,25,40,40,0,40,225,30,17538.480000000003,23375.0,-5836.519999999999,5
7871,1239,150,125,0,125,110,0,15,55,55,0,55,255,50,31499.100000000006,23375.0,8124.100000000008,5
7872,1239,75,155,0,155,135,10,10,50,50,0,45,205,80,59357.8125,19550.0,39807.8125,5
7873,1239,85,165,0,165,140,0,25,25,25,0,25,220,25,15431.130000000001,21250.0,-5818.869999999999,5
7874,1239,80,155,0,155,140,0,15,55,55,0,50,215,50,26472.420000000002,19975.0,6497.420000000002,5
7875,1239,125,140,0,140,130,0,10,45,45,0,45,250,50,34723.32750000001,22525.0,12198.327500000005,5
7876,1239,120,140,0,140,130,0,10,50,50,0,45,245,50,32333.310000000005,22100.0,10233.310000000005,5
7877,1239,95,175,0,175,130,20,25,45,45,0,45,220,20,11150.820000000003,22950.0,-11799.179999999997,5
7878,1239,80,155,0,155,135,0,20,35,35,0,35,210,30,18043.02,19975.0,-1931.9799999999987,5
7879,1239,90,150,0,150,120,10,20,60,60,0,60,205,45,31389.772500000006,20400.0,10989.772500000008,5
7880,1239,45,160,0,160,135,10,15,40,40,0,40,175,85,68571.22500000002,17425.0,51146.22500000002,5
7881,1239,140,140,0,140,140,0,0,35,35,0,35,275,5,2502.36,23800.0,-21297.64,5
7882,1239,65,150,0,150,150,0,0,40,40,0,40,210,45,32261.670000000006,18275.0,13986.670000000004,5
7883,1239,150,130,0,130,105,0,25,50,50,0,50,250,35,20326.32,23800.0,-3473.6799999999994,5
7884,1239,110,125,0,125,115,0,10,55,55,0,55,220,40,24825.69000000001,19975.0,4850.690000000009,5
7885,1239,105,145,0,145,135,0,10,35,35,0,35,235,15,8824.140000000001,21250.0,-12425.859999999997,5
7886,1239,85,160,0,160,145,0,15,25,25,0,25,225,25,18268.155000000002,20825.0,-2556.844999999996,5
7887,1239,85,165,0,165,150,0,15,30,30,0,30,230,20,10667.880000000003,21250.0,-10582.119999999997,5
7888,1239,145,125,0,125,125,0,0,40,40,0,40,265,50,30862.799999999996,22950.0,7912.799999999997,5
7889,1239,95,140,0,140,105,20,15,50,50,0,50,195,55,36580.32,19975.0,16605.32,5
7890,1239,105,140,0,140,120,0,20,70,70,0,70,220,45,25221.239999999998,20825.0,4396.239999999998,5
7891,1239,110,140,0,140,125,0,15,55,55,0,50,230,30,16901.640000000003,21250.0,-4348.359999999998,5
7892,1239,130,145,0,145,120,0,25,50,50,0,50,245,40,26121.33,23375.0,2746.3300000000027,5
7893,1239,130,130,0,130,115,0,15,45,45,0,40,240,25,13630.860000000002,22100.0,-8469.139999999998,5
7894,1239,85,175,0,175,155,10,10,40,40,0,40,235,20,11655.900000000001,22100.0,-10444.099999999999,5
7895,1239,95,125,0,125,120,0,5,50,50,0,50,210,50,30774.420000000006,18700.0,12074.420000000006,5
7896,1239,70,160,0,160,150,0,10,30,30,0,30,215,70,52825.80375000001,19550.0,33275.80375000001,5
7897,1239,140,120,0,120,120,0,0,45,45,0,45,255,60,39321.7875,22100.0,17221.7875,5
7898,1239,65,140,0,140,105,25,10,60,60,0,60,165,95,76423.21312500001,17425.0,58998.213125,5
7899,1239,65,160,0,160,135,5,20,45,45,0,40,195,60,40882.950000000004,19125.0,21757.950000000004,5
7900,1239,90,155,0,155,135,0,20,65,65,0,65,220,55,35801.64,20825.0,14976.640000000003,5
7901,1239,105,155,0,155,145,0,10,55,55,0,55,245,30,18899.730000000003,22100.0,-3200.269999999996,5
7902,1239,125,130,0,130,90,0,40,55,55,0,55,210,75,48705.21000000001,21675.0,27030.210000000006,5
7903,1239,80,160,0,160,150,5,5,40,40,0,40,225,25,14816.520000000002,20400.0,-5583.479999999998,5
7904,1239,85,160,0,160,150,0,10,35,35,0,35,230,20,9921.6,20825.0,-10903.4,5
7905,1239,85,160,0,160,150,0,10,50,50,0,45,230,45,27647.010000000006,20825.0,6822.010000000005,5
7906,1239,135,125,0,125,115,0,10,75,75,0,75,245,70,51628.185000000005,22100.0,29528.185000000005,5
7907,1239,105,145,0,145,130,0,15,40,40,0,40,230,35,19579.68,21250.0,-1670.3199999999993,5
7908,1239,70,165,0,165,150,0,15,50,50,0,50,215,30,15014.160000000002,19975.0,-4960.839999999998,5
7909,1239,60,160,0,160,135,10,15,50,50,0,50,190,55,35197.47,18700.0,16497.47,5
7910,1239,110,140,0,140,115,0,25,65,65,0,65,220,85,52319.51999999999,21250.0,31069.519999999993,5
7911,1239,200,100,0,100,100,0,0,45,45,0,45,295,45,29073.33,25500.0,3573.330000000001,5
7912,1239,155,115,0,115,115,0,0,60,60,0,60,265,65,39950.325,22950.0,17000.324999999997,5
7913,1239,105,160,0,160,140,0,20,40,40,0,40,240,25,13367.7,22525.0,-9157.3,5
7914,1239,100,155,0,155,145,0,10,35,35,0,35,240,35,23366.565000000006,21675.0,1691.565000000005,5
7915,1239,105,150,0,150,145,0,5,35,35,0,35,245,15,7463.16,21675.0,-14211.84,5
7916,1239,125,125,0,125,125,0,0,55,55,0,55,245,45,28777.410000000003,21250.0,7527.410000000004,5
7917,1239,75,150,0,150,135,0,15,60,60,0,55,205,75,48681.045000000006,19125.0,29556.045000000006,5
7918,1239,130,145,0,145,120,0,25,45,45,0,40,245,45,25177.320000000003,23375.0,1802.3200000000043,5
7919,1239,85,160,0,160,135,10,15,65,65,0,60,215,40,21335.940000000002,20825.0,510.9400000000005,5
7920,1239,80,155,0,155,150,0,5,45,45,0,45,225,60,39099.55500000001,19975.0,19124.555000000008,5
7921,1239,50,190,0,190,125,30,35,45,45,0,45,170,20,11589.660000000002,20400.0,-8810.339999999998,5
7922,1239,95,140,0,140,120,10,10,50,50,0,45,210,60,36887.76000000001,19975.0,16912.76000000001,5
7923,1239,115,120,0,120,105,0,15,65,65,0,65,215,60,38973.01500000001,19975.0,18998.01500000001,5
7924,1239,145,125,0,125,125,0,0,40,40,0,40,265,15,7243.560000000001,22950.0,-15706.439999999999,5
7925,1239,100,150,0,150,130,0,20,40,40,0,40,225,15,7814.160000000001,21250.0,-13435.839999999998,5
7926,1239,100,140,0,140,105,0,35,55,55,0,50,200,40,22993.11,20400.0,2593.1100000000015,5
7927,1239,100,130,0,130,120,0,10,50,50,0,50,215,65,46497.948749999996,19550.0,26947.948749999996,5
7928,1239,150,110,0,110,100,5,5,40,40,0,40,245,75,56974.08375,22100.0,34874.08375,5
7929,1239,135,140,0,140,110,0,30,40,40,0,40,240,55,37618.2225,23375.0,14243.222500000002,5
7930,1239,55,150,0,150,150,0,0,35,35,0,35,200,60,43055.775,17425.0,25630.775,5
7931,1239,50,170,0,170,165,0,5,30,30,0,30,210,25,13411.62,18700.0,-5288.379999999999,5
7932,1239,145,130,0,130,125,0,5,30,30,0,30,265,40,25605.27,23375.0,2230.2700000000004,5
7933,1239,60,170,0,170,145,15,10,55,55,0,55,200,35,16989.48,19550.0,-2560.519999999999,5
7934,1239,120,125,0,125,125,0,0,50,50,0,50,240,25,13872.78,20825.0,-6952.219999999999,5
7935,1239,130,130,0,130,120,0,10,50,50,0,50,245,25,15409.439999999999,22100.0,-6690.56,5
7936,1239,85,155,0,155,155,0,0,35,35,0,35,235,40,25988.985,20400.0,5588.985000000002,5
7937,1239,55,160,0,160,150,0,10,50,50,0,50,200,35,20414.160000000003,18275.0,2139.160000000004,5
7938,1239,115,145,0,145,145,0,0,50,50,0,50,255,25,12204.36,22100.0,-9895.64,5
7939,1239,80,145,0,145,120,0,25,55,55,0,55,195,35,21522.510000000002,19125.0,2397.510000000002,5
7940,1239,70,160,0,160,155,0,5,50,50,0,50,220,55,33013.71,19550.0,13463.710000000001,5
7941,1239,155,125,0,125,110,0,15,55,55,0,55,260,40,22894.56,23800.0,-905.4399999999987,5
7942,1239,105,155,0,155,145,0,10,15,15,0,15,245,5,2502.36,22100.0,-19597.64,5
7943,1239,110,140,0,140,130,0,10,35,35,0,35,235,45,28711.53,21250.0,7461.529999999998,5
7944,1239,85,170,0,170,130,10,30,45,45,0,45,210,25,14882.400000000001,21675.0,-6792.599999999998,5
7945,1239,95,135,0,135,115,0,20,60,60,0,60,205,90,59628.735000000015,19550.0,40078.735000000015,5
7946,1239,105,160,0,160,130,0,30,35,35,0,30,230,25,12555.720000000001,22525.0,-9969.279999999999,5
7947,1239,80,150,0,150,150,0,0,35,35,0,35,225,20,11304.000000000004,19550.0,-8245.999999999996,5
7948,1239,145,140,0,140,120,0,20,35,35,0,35,260,30,20721.465000000004,24225.0,-3503.534999999997,5
7949,1239,145,140,0,140,125,0,15,50,50,0,50,265,35,18043.56,24225.0,-6181.439999999998,5
7950,1239,90,145,0,145,140,0,5,50,50,0,45,225,45,28327.410000000003,19975.0,8352.410000000003,5
7951,1239,95,160,0,160,135,0,25,40,40,0,40,225,25,15738.570000000002,21675.0,-5936.4299999999985,5
7952,1239,60,165,0,165,140,0,25,35,35,0,35,195,20,11041.02,19125.0,-8083.98,5
7953,1239,70,150,0,150,110,20,20,50,50,0,50,175,75,52977.89250000001,18700.0,34277.89250000001,5
7954,1239,75,175,0,175,130,40,5,45,45,0,45,200,25,14026.5,21250.0,-7223.499999999999,5
7955,1239,70,150,0,150,145,0,5,50,50,0,45,210,30,16287.300000000003,18700.0,-2412.6999999999975,5
7956,1239,75,135,0,135,120,0,15,55,55,0,55,190,70,50212.23750000001,17850.0,32362.23750000001,5
7957,1239,125,135,0,135,135,0,0,65,65,0,65,255,70,43423.87500000001,22100.0,21323.875000000007,5
7958,1239,80,145,0,145,120,0,25,50,50,0,50,195,35,21050.460000000003,19125.0,1925.4600000000028,5
7959,1239,45,180,0,180,165,0,15,40,40,0,35,205,25,13719.06,19125.0,-5405.9400000000005,5
7960,1239,90,150,0,150,135,10,5,70,70,0,70,220,55,33057.99,20400.0,12657.99,5
7961,1239,135,115,0,115,115,0,0,50,50,0,45,245,30,18482.04,21250.0,-2767.959999999998,5
7962,1239,130,140,0,140,110,0,30,50,50,0,50,235,50,33743.83500000001,22950.0,10793.835000000003,5
7963,1239,135,145,0,145,115,0,30,35,35,0,35,245,45,28206.450000000004,23800.0,4406.450000000004,5
7964,1239,110,140,0,140,135,0,5,45,45,0,45,240,20,11084.940000000002,21250.0,-10165.059999999998,5
7965,1239,130,100,0,100,100,0,0,60,60,0,60,225,55,35779.32000000001,19550.0,16229.320000000007,5
7966,1239,90,155,0,155,110,5,40,60,60,0,60,195,55,31301.370000000003,20825.0,10476.370000000003,5
7967,1239,105,140,0,140,130,0,10,50,50,0,50,230,75,47687.985,20825.0,26862.985,5
7968,1239,55,165,0,165,155,0,10,40,40,0,40,205,60,42189.03000000001,18700.0,23489.030000000013,5
7969,1239,160,100,0,100,100,0,0,70,70,0,65,255,55,33672.33,22100.0,11572.330000000002,5
7970,1239,45,165,0,165,160,0,5,40,40,0,40,200,25,13170.240000000003,17850.0,-4679.759999999997,5
7971,1239,100,140,0,140,125,0,15,45,45,0,45,220,25,12116.520000000002,20400.0,-8283.479999999998,5
7972,1239,145,125,0,125,120,0,5,50,50,0,50,260,25,12423.960000000003,22950.0,-10526.039999999997,5
7973,1239,125,120,0,120,115,0,5,80,80,0,80,235,70,42353.64000000001,20825.0,21528.640000000007,5
7974,1239,70,155,0,155,130,0,25,45,45,0,40,195,50,31279.140000000007,19125.0,12154.140000000007,5
7975,1239,115,110,0,110,105,0,5,50,50,0,50,215,40,28480.815000000002,19125.0,9355.815000000002,5
7976,1239,110,135,0,135,110,10,15,45,45,0,45,215,45,30982.972500000003,20825.0,10157.972500000005,5
7977,1239,105,135,0,135,135,0,0,70,70,0,70,235,60,36778.590000000004,20400.0,16378.590000000004,5
7978,1239,125,130,0,130,120,0,10,35,35,0,35,240,65,50274.19687499999,21675.0,28599.196874999987,5
7979,1239,130,135,0,135,105,0,30,45,45,0,40,230,50,29852.91000000001,22525.0,7327.910000000011,5
7980,1239,140,115,0,115,105,0,10,65,65,0,65,240,95,67383.36000000002,21675.0,45708.360000000015,5
7981,1239,60,170,0,170,145,0,25,40,40,0,40,200,25,13806.900000000001,19550.0,-5743.099999999999,5
7982,1239,130,115,0,115,105,0,10,50,50,0,45,230,35,20896.200000000004,20825.0,71.20000000000346,5
7983,1239,75,160,0,160,125,20,15,65,65,0,65,195,35,19206.9,19975.0,-768.0999999999972,5
7984,1239,160,120,0,120,110,0,10,40,40,0,40,265,40,25929.314999999995,23800.0,2129.314999999997,5
7985,1239,100,155,0,155,125,5,25,65,65,0,65,220,50,31257.809999999998,21675.0,9582.81,5
7986,1239,115,130,0,130,120,0,10,45,45,0,45,230,55,42896.6184375,20825.0,22071.6184375,5
7987,1239,105,140,0,140,135,0,5,45,45,0,45,235,55,34912.17,20825.0,14087.170000000002,5
7988,1239,100,145,0,145,120,0,25,55,55,0,55,215,45,30686.850000000006,20825.0,9861.850000000004,5
7989,1239,110,135,0,135,135,0,0,40,40,0,40,240,75,56384.465625000004,20825.0,35559.465625000004,5
7990,1239,85,155,0,155,140,10,5,55,55,0,55,220,30,15672.420000000002,20400.0,-4727.579999999998,5
7991,1239,95,140,0,140,140,0,0,45,45,0,45,230,65,51092.043750000004,19975.0,31117.043750000004,5
7992,1239,105,145,0,145,145,0,0,30,30,0,30,245,30,17164.8,21250.0,-4085.2,5
7993,1239,110,135,0,135,120,0,15,60,60,0,55,225,50,29918.699999999997,20825.0,9093.699999999999,5
7994,1239,110,120,0,120,115,0,5,50,50,0,45,220,70,50167.23750000001,19550.0,30617.23750000001,5
7995,1239,70,170,0,170,125,5,40,55,55,0,55,190,25,12819.24,20400.0,-7580.76,5
7996,1239,100,135,0,135,135,0,0,40,40,0,40,230,25,12423.96,19975.0,-7551.040000000001,5
7997,1239,105,160,0,160,110,40,10,60,60,0,60,210,40,23092.199999999997,22525.0,567.199999999998,5
7998,1239,110,130,0,130,120,0,10,75,75,0,75,225,75,49268.3625,20400.0,28868.362500000003,5
7999,1239,75,150,0,150,115,5,30,65,65,0,65,185,30,17011.440000000002,19125.0,-2113.5599999999977,5
8000,1239,125,135,0,135,135,0,0,40,40,0,35,255,5,2546.28,22100.0,-19553.72,5
8001,1239,130,145,0,145,145,0,0,30,30,0,30,270,25,13828.860000000002,23375.0,-9546.139999999998,5
8002,1239,135,150,0,150,135,0,15,30,30,0,30,265,20,11238.660000000002,24225.0,-12986.339999999998,5
8003,1239,110,175,0,175,150,0,25,20,20,0,20,255,5,2634.1200000000003,24225.0,-21590.879999999997,5
8004,1239,85,170,0,170,140,0,30,45,45,0,45,220,35,24255.405,21675.0,2580.4050000000007,5
8005,1239,135,135,0,135,120,0,15,45,45,0,45,250,30,18328.77,22950.0,-4621.229999999998,5
8006,1239,110,135,0,135,115,15,5,50,50,0,50,220,80,57916.6875,20825.0,37091.6875,5
8007,1239,150,105,0,105,100,0,5,50,50,0,50,245,35,21895.200000000004,21675.0,220.20000000000437,5
8008,1239,75,140,0,140,120,10,10,65,65,0,65,190,55,33167.25,18275.0,14892.250000000004,5
8009,1239,110,135,0,135,125,0,10,65,65,0,65,230,105,71910.98437500003,20825.0,51085.98437500003,5
8010,1239,185,120,0,120,120,0,0,35,35,0,35,300,25,13872.780000000002,25925.0,-12052.219999999998,5
8011,1239,140,130,0,130,125,0,5,25,25,0,25,260,20,11546.100000000002,22950.0,-11403.899999999998,5
8012,1239,115,130,0,130,120,0,10,60,60,0,60,230,65,42156.36,20825.0,21331.360000000004,5
8013,1239,70,170,0,170,155,0,15,40,40,0,40,220,40,26406.810000000005,20400.0,6006.810000000005,5
8014,1239,100,155,0,155,140,0,15,35,35,0,35,235,35,22104.27,21675.0,429.27000000000135,5
8015,1239,70,160,0,160,155,0,5,40,40,0,40,220,40,24299.460000000006,19550.0,4749.460000000008,5
8016,1239,100,140,0,140,125,5,10,65,65,0,65,220,50,26933.04,20400.0,6533.040000000001,5
8017,1239,105,145,0,145,125,0,20,50,50,0,50,225,20,10448.64,21250.0,-10801.36,5
8018,1239,75,170,0,170,170,0,0,20,20,0,20,240,5,2634.1200000000003,20825.0,-18190.88,5
8019,1239,115,155,0,155,140,0,15,35,35,0,35,250,25,15936.210000000003,22950.0,-7013.789999999997,5
8020,1239,100,145,0,145,130,0,15,50,50,0,50,225,40,24276.96,20825.0,3451.959999999999,5
8021,1239,65,165,0,165,135,20,10,45,45,0,45,195,45,27811.080000000005,19550.0,8261.080000000005,5
8022,1239,90,135,0,135,130,0,5,55,55,0,55,215,30,19283.670000000002,19125.0,158.6700000000019,5
8023,1239,125,120,0,120,120,0,0,50,50,0,50,240,40,24266.25,20825.0,3441.25,5
8024,1239,65,165,0,165,160,0,5,45,45,0,45,220,70,46057.725,19550.0,26507.725,5
8025,1239,65,150,0,150,120,0,30,50,50,0,45,180,35,19403.820000000003,18275.0,1128.820000000003,5
8026,1239,115,145,0,145,135,0,10,35,35,0,30,245,35,22137.21,22100.0,37.210000000000036,5
8027,1239,65,155,0,155,125,10,20,55,55,0,55,185,45,28765.89,18700.0,10065.89,5
8028,1239,140,130,0,130,125,0,5,55,55,0,55,260,35,17077.320000000003,22950.0,-5872.6799999999985,5
8029,1239,140,120,0,120,120,0,0,45,45,0,45,255,20,10448.280000000002,22100.0,-11651.719999999998,5
8030,1239,85,165,0,165,160,0,5,30,30,0,30,240,35,20699.370000000003,21250.0,-550.6299999999965,5
8031,1239,100,145,0,145,125,20,0,50,50,0,50,220,50,31554.000000000007,20825.0,10729.000000000005,5
8032,1239,120,150,0,150,140,0,10,50,50,0,50,255,15,7814.520000000001,22950.0,-15135.479999999998,5
8033,1239,125,125,0,125,125,0,0,50,50,0,50,245,50,36075.735,21250.0,14825.735000000004,5
8034,1239,110,135,0,135,125,0,10,45,45,0,45,230,55,37823.3775,20825.0,16998.377500000006,5
8035,1239,105,135,0,135,135,0,0,30,30,0,30,235,30,17966.430000000004,20400.0,-2433.5699999999974,5
8036,1239,165,130,0,130,125,0,5,55,55,0,55,285,20,10009.440000000002,25075.0,-15065.559999999998,5
8037,1239,110,160,0,160,135,0,25,40,40,0,40,240,45,32382.765000000003,22950.0,9432.765000000003,5
8038,1239,185,90,0,90,90,0,0,65,65,0,65,270,35,20369.700000000004,23375.0,-3005.299999999995,5
8039,1239,100,130,0,130,125,0,5,50,50,0,45,220,35,20611.440000000002,19550.0,1061.4400000000023,5
8040,1239,120,125,0,125,125,0,0,45,45,0,45,240,35,17911.440000000002,20825.0,-2913.5599999999977,5
8041,1239,70,165,0,165,145,0,20,60,60,0,60,210,30,15145.920000000002,19975.0,-4829.079999999999,5
8042,1239,130,140,0,140,125,0,15,45,45,0,40,250,35,23448.915,22950.0,498.9150000000018,5
8043,1239,110,145,0,145,140,0,5,50,50,0,50,245,35,20589.840000000004,21675.0,-1085.1599999999962,5
8044,1239,145,135,0,135,130,0,5,35,35,0,35,270,40,24848.190000000002,23800.0,1048.1900000000041,5
8045,1239,85,145,0,145,130,0,15,60,60,0,60,210,40,20809.08,19550.0,1259.0800000000036,5
8046,1239,140,125,0,125,120,0,5,55,55,0,55,255,10,5136.4800000000005,22525.0,-17388.519999999997,5
8047,1239,105,150,0,150,130,0,20,45,45,0,45,230,30,16594.74,21675.0,-5080.259999999998,5
8048,1239,110,145,0,145,145,0,0,45,45,0,45,250,15,9087.66,21675.0,-12587.34,5
8049,1239,95,150,0,150,150,0,0,60,60,0,60,240,25,13038.840000000002,20825.0,-7786.159999999998,5
8050,1239,80,140,0,140,135,0,5,55,55,0,50,210,30,16111.620000000003,18700.0,-2588.3799999999974,5
8051,1239,55,180,0,180,160,5,15,35,35,0,35,210,15,7463.16,19975.0,-12511.84,5
8052,1239,160,105,0,105,105,0,0,70,70,0,70,260,55,40355.9325,22525.0,17830.932500000003,5
8053,1239,180,130,0,130,115,0,15,45,45,0,45,290,45,25682.4,26350.0,-667.5999999999976,5
8054,1239,100,140,0,140,135,0,5,50,50,0,50,230,65,48516.553125000006,20400.0,28116.55312500001,5
8055,1239,115,155,0,155,145,0,10,45,45,0,45,255,20,10272.960000000001,22950.0,-12677.039999999999,5
8056,1239,95,160,0,160,130,10,20,50,50,0,50,220,35,21347.190000000002,21675.0,-327.8099999999995,5
8057,1239,70,165,0,165,135,5,25,45,45,0,45,200,40,24507.809999999998,19975.0,4532.8099999999995,5
8058,1239,60,170,0,170,165,0,5,45,45,0,45,220,65,42463.66499999999,19550.0,22913.664999999994,5
8059,1239,70,165,0,165,155,0,10,45,45,0,45,220,25,13126.32,19975.0,-6848.679999999999,5
8060,1239,110,140,0,140,130,0,10,45,45,0,45,235,75,49185.92250000001,21250.0,27935.922500000008,5
8061,1239,95,160,0,160,140,0,20,50,50,0,50,230,50,29435.94000000001,21675.0,7760.94000000001,5
8062,1239,145,140,0,140,110,0,30,40,40,0,40,250,30,17911.530000000002,24225.0,-6313.4699999999975,5
8063,1239,105,150,0,150,150,0,0,40,40,0,40,250,25,15255.720000000001,21675.0,-6419.279999999999,5
8064,1239,105,140,0,140,135,0,5,50,50,0,50,235,40,21467.700000000004,20825.0,642.7000000000044,5
8065,1239,85,150,0,150,100,20,30,70,70,0,65,180,50,27964.620000000003,19975.0,7989.620000000004,5
8066,1239,155,120,0,120,115,0,5,60,60,0,60,265,45,24452.820000000007,23375.0,1077.820000000006,5
8067,1239,90,130,0,130,100,20,10,70,70,0,65,185,85,48905.37,18700.0,30205.370000000003,5
8068,1239,60,175,0,175,155,0,20,40,40,0,35,210,20,11282.580000000002,19975.0,-8692.419999999998,5
8069,1239,90,150,0,150,135,10,5,40,40,0,40,220,35,20721.060000000005,20400.0,321.06000000000677,5
8070,1239,90,140,0,140,140,0,0,40,40,0,40,225,30,19239.57,19550.0,-310.4299999999989,5
8071,1239,100,160,0,160,160,0,0,30,30,0,30,255,15,8077.680000000001,22100.0,-14022.32,5
8072,1239,40,175,0,175,150,0,25,40,40,0,35,185,45,27339.570000000003,18275.0,9064.570000000003,5
8073,1239,75,160,0,160,140,0,20,45,45,0,45,210,25,14004.54,19975.0,-5970.459999999998,5
8074,1239,115,150,0,150,130,0,20,50,50,0,50,240,50,29633.310000000005,22525.0,7108.310000000006,5
8075,1239,100,150,0,150,150,0,0,35,35,0,35,245,35,20370.240000000005,21250.0,-879.7599999999966,5
8076,1239,50,165,0,165,155,0,10,30,30,0,30,200,55,38125.50750000001,18275.0,19850.507500000003,5
8077,1239,90,135,0,135,130,0,5,50,50,0,50,215,25,16122.87,19125.0,-3002.1299999999997,5
8078,1239,140,140,0,140,115,0,25,55,55,0,55,250,20,10009.440000000002,23800.0,-13790.559999999998,5
8079,1239,65,155,0,155,135,5,15,55,55,0,55,195,60,40764.96,18700.0,22064.96,5
8080,1239,70,160,0,160,125,10,25,60,60,0,55,190,35,20084.760000000002,19550.0,534.7600000000011,5
8081,1239,115,125,0,125,125,0,0,60,60,0,60,235,60,35988.03,20400.0,15588.029999999999,5
8082,1239,65,170,0,170,140,0,30,40,40,0,40,200,60,41198.55750000001,19975.0,21223.557500000006,5
8083,1239,85,160,0,160,135,20,5,50,50,0,50,215,45,29567.385,20825.0,8742.384999999998,5
8084,1239,70,160,0,160,135,0,25,45,45,0,45,200,25,13104.18,19550.0,-6445.819999999999,5
8085,1239,65,165,0,165,140,5,20,30,30,0,30,200,15,8977.86,19550.0,-10572.14,5
8086,1239,140,135,0,135,135,0,0,50,50,0,50,270,30,18811.89,23375.0,-4563.109999999999,5
8087,1239,140,135,0,135,120,0,15,40,40,0,40,255,20,10448.64,23375.0,-12926.36,5
8088,1239,65,165,0,165,150,0,15,40,40,0,35,210,15,8692.380000000001,19550.0,-10857.619999999999,5
8089,1239,65,155,0,155,145,0,10,45,45,0,45,205,50,34484.5125,18700.0,15784.512499999997,5
8090,1239,100,140,0,140,130,5,5,60,60,0,60,225,35,20348.280000000002,20400.0,-51.71999999999798,5
8091,1239,75,150,0,150,105,25,20,65,65,0,65,175,90,59096.47499999999,19125.0,39971.47499999999,5
8092,1239,110,150,0,150,145,0,5,40,40,0,40,250,40,24156.450000000004,22100.0,2056.4500000000044,5
8093,1239,125,145,0,145,145,0,0,30,30,0,30,265,30,19733.67,22950.0,-3216.3300000000004,5
8094,1239,105,145,0,145,120,0,25,40,40,0,40,220,10,4872.960000000001,21250.0,-16377.039999999999,5
8095,1239,215,105,0,105,105,0,0,35,35,0,35,315,15,10426.41,27200.0,-16773.59,5
8096,1239,105,150,0,150,150,0,0,50,50,0,50,250,40,27290.295000000002,21675.0,5615.295000000001,5
8097,1239,110,145,0,145,120,0,25,50,50,0,50,225,45,28650.735000000004,21675.0,6975.735000000004,5
8098,1239,100,155,0,155,85,35,35,65,65,0,65,180,55,28974.78,21675.0,7299.780000000001,5
8099,1239,90,155,0,155,115,10,30,65,65,0,65,200,50,30648.555000000008,20825.0,9823.555000000006,5
8100,1239,145,115,0,115,115,0,0,55,55,0,55,255,75,52528.05000000001,22100.0,30428.05000000001,5
8101,1239,135,135,0,135,120,0,15,40,40,0,40,250,30,17428.680000000004,22950.0,-5521.319999999996,5
8102,1239,145,120,0,120,120,0,0,50,50,0,50,260,50,32026.005000000005,22525.0,9501.005000000005,5
8103,1239,75,165,0,165,160,0,5,30,30,0,30,230,20,10053.36,20400.0,-10346.639999999998,5
8104,1239,35,175,0,175,160,0,15,30,30,0,25,190,25,14113.980000000001,17850.0,-3736.0199999999986,5
8105,1239,120,135,0,135,120,0,15,55,55,0,55,235,55,37359.76500000001,21675.0,15684.765000000007,5
8106,1239,90,160,0,160,135,5,20,40,40,0,40,220,55,34594.24500000001,21250.0,13344.24500000001,5
8107,1239,175,100,0,100,100,0,0,60,60,0,60,270,60,38237.98499999999,23375.0,14862.984999999993,5
8108,1239,135,140,0,140,140,0,0,40,40,0,40,270,20,11611.980000000001,23375.0,-11763.019999999999,5
8109,1239,50,180,0,180,125,30,25,50,50,0,45,170,25,12423.96,19550.0,-7126.040000000001,5
8110,1239,100,135,0,135,120,0,15,60,60,0,60,215,60,42208.177500000005,19975.0,22233.1775,5
8111,1239,95,145,0,145,140,0,5,30,30,0,30,230,35,22542.84,20400.0,2142.840000000001,5
8112,1239,110,150,0,150,140,0,10,40,40,0,40,245,5,2326.6800000000003,22100.0,-19773.32,5
8113,1239,70,165,0,165,145,0,20,50,50,0,50,210,40,24925.050000000003,19975.0,4950.050000000001,5
8114,1239,65,165,0,165,155,0,10,60,60,0,60,215,30,16484.940000000002,19550.0,-3065.0599999999986,5
8115,1239,60,170,0,170,140,0,30,50,50,0,50,195,55,36822.37500000001,19550.0,17272.375000000007,5
8116,1239,100,130,0,130,120,0,10,40,40,0,40,215,45,28975.050000000003,19550.0,9425.050000000001,5
8117,1239,70,180,0,180,150,10,20,35,35,0,35,215,20,10492.560000000001,21250.0,-10757.439999999999,5
8118,1239,95,155,0,155,140,0,15,60,60,0,60,230,20,10316.880000000001,21250.0,-10933.119999999999,5
8119,1239,60,175,0,175,175,0,0,30,30,0,30,230,40,26730.315000000006,19975.0,6755.315000000005,5
8120,1239,75,175,0,175,135,10,30,50,50,0,50,205,50,31883.265,21250.0,10633.265000000001,5
8121,1239,70,145,0,145,145,0,0,45,45,0,45,210,70,50868.855,18275.0,32593.855000000003,5
8122,1239,180,100,0,100,100,0,0,70,70,0,70,275,30,15847.920000000002,23800.0,-7952.079999999998,5
8123,1239,70,150,0,150,140,0,10,35,35,0,30,205,35,22631.04,18700.0,3931.0400000000027,5
8124,1239,110,140,0,140,135,0,5,55,55,0,55,240,50,34895.925,21250.0,13645.925000000007,5
8125,1239,80,170,0,170,140,0,30,50,50,0,45,215,30,16462.980000000003,21250.0,-4787.019999999998,5
8126,1239,155,130,0,130,115,0,15,50,50,0,45,265,35,20754.27,24225.0,-3470.7299999999987,5
8127,1239,75,165,0,165,115,15,35,60,60,0,60,185,40,24914.07,20400.0,4514.0700000000015,5
8128,1239,90,135,0,135,115,10,10,60,60,0,60,200,65,43988.69250000002,19125.0,24863.692500000016,5
8129,1239,75,155,0,155,155,0,0,45,45,0,45,225,50,32552.572499999995,19550.0,13002.572499999997,5
8130,1239,60,170,0,170,100,45,25,40,40,0,40,155,60,46182.470625000016,19550.0,26632.470625000016,5
8131,1239,80,145,0,145,115,5,25,60,60,0,55,190,35,22093.289999999997,19125.0,2968.2899999999972,5
8132,1239,100,135,0,135,115,10,10,60,60,0,60,210,40,29287.575,19975.0,9312.575,5
8133,1239,80,140,0,140,135,5,0,60,60,0,60,210,25,15014.160000000002,18700.0,-3685.8399999999983,5
8134,1239,155,105,0,105,105,0,0,45,45,0,45,255,100,73161.19124999999,22100.0,51061.19124999999,5
8135,1239,70,155,0,155,135,0,20,35,35,0,35,200,25,17631.675000000003,19125.0,-1493.3249999999975,5
8136,1239,80,160,0,160,155,0,5,45,45,0,45,230,25,12511.800000000001,20400.0,-7888.199999999999,5
8137,1239,80,170,0,170,160,0,10,15,15,0,15,235,5,2590.2000000000003,21250.0,-18659.8,5
8138,1239,80,155,0,155,80,40,35,65,65,0,65,155,55,33655.635,19975.0,13680.635000000002,5
8139,1239,140,125,0,125,125,0,0,60,60,0,60,260,15,7507.080000000001,22525.0,-15017.919999999998,5
8140,1239,115,125,0,125,115,0,10,55,55,0,55,225,65,45683.40375,20400.0,25283.403749999998,5
8141,1239,135,125,0,125,95,0,30,45,45,0,40,225,70,54376.858125000006,22100.0,32276.858125000006,5
8142,1239,160,125,0,125,110,0,15,50,50,0,45,265,50,29238.3,24225.0,5013.299999999999,5
8143,1239,105,150,0,150,110,5,35,60,60,0,60,210,30,17626.32,21675.0,-4048.6799999999994,5
8144,1239,85,170,0,170,145,0,25,55,55,0,50,225,20,11633.940000000002,21675.0,-10041.059999999998,5
8145,1239,65,155,0,155,150,0,5,55,55,0,55,210,60,40257.495,18700.0,21557.495000000003,5
8146,1239,110,150,0,150,145,0,5,50,50,0,50,250,25,15145.920000000002,22100.0,-6954.079999999999,5
8147,1239,115,145,0,145,135,0,10,60,60,0,55,245,25,14092.380000000003,22100.0,-8007.619999999997,5
8148,1239,95,150,0,150,125,15,10,35,35,0,35,215,50,38901.706875,20825.0,18076.706875,5
8149,1239,105,135,0,135,125,0,10,50,50,0,45,225,40,22762.440000000002,20400.0,2362.4400000000014,5
8150,1239,80,175,0,175,145,0,30,40,40,0,40,220,10,6190.02,21675.0,-15484.98,5
8151,1239,55,170,0,170,145,5,20,50,50,0,45,195,30,20019.15,19125.0,894.1500000000019,5
8152,1239,75,145,0,145,135,0,10,50,50,0,50,205,55,32706.000000000004,18700.0,14006.000000000004,5
8153,1239,150,105,0,105,105,0,0,55,55,0,55,250,60,38259.36,21675.0,16584.36,5
8154,1239,135,120,0,120,110,10,0,60,60,0,60,240,35,18394.2,21675.0,-3280.7999999999993,5
8155,1239,105,130,0,130,90,10,30,65,65,0,65,190,80,54673.515,19975.0,34698.515,5
8156,1239,135,115,0,115,115,0,0,55,55,0,55,245,60,37788.21000000001,21250.0,16538.210000000003,5
8157,1239,90,155,0,155,155,0,0,50,50,0,50,240,40,21687.300000000003,20825.0,862.3000000000047,5
8158,1239,140,135,0,135,120,0,15,50,50,0,50,255,35,20260.440000000002,23375.0,-3114.5599999999968,5
8159,1239,90,155,0,155,130,10,15,55,55,0,55,215,55,39704.748750000006,20825.0,18879.748750000002,5
8160,1239,65,165,0,165,130,0,35,45,45,0,40,190,75,59499.942890624996,19550.0,39949.942890624996,5
8161,1239,100,140,0,140,135,0,5,50,50,0,50,230,50,29391.659999999996,20400.0,8991.659999999996,5
8162,1239,165,130,0,130,130,0,0,50,50,0,50,290,50,34117.155,25075.0,9042.155000000002,5
8163,1239,75,155,0,155,125,25,5,55,55,0,50,195,45,25989.210000000003,19550.0,6439.210000000003,5
8164,1239,60,155,0,155,150,0,5,45,45,0,45,205,20,10492.2,18275.0,-7782.799999999999,5
8165,1239,105,145,0,145,120,0,25,35,35,0,35,220,45,29095.560000000005,21250.0,7845.560000000005,5
8166,1239,120,140,0,140,135,5,0,45,45,0,45,250,20,9745.920000000002,22100.0,-12354.079999999998,5
8167,1239,140,135,0,135,135,0,0,40,40,0,40,270,25,12423.960000000003,23375.0,-10951.039999999997,5
8168,1239,120,135,0,135,115,0,20,70,70,0,70,230,45,29726.77500000001,21675.0,8051.775000000007,5
8169,1239,160,135,0,135,130,0,5,65,65,0,60,285,30,15058.080000000002,25075.0,-10016.919999999998,5
8170,1239,95,135,0,135,135,0,0,55,55,0,55,225,45,27065.070000000007,19550.0,7515.070000000005,5
8171,1239,110,130,0,130,120,0,10,60,60,0,60,225,45,24298.920000000002,20400.0,3898.920000000003,5
8172,1239,100,145,0,145,140,0,5,55,55,0,50,235,30,18833.850000000002,20825.0,-1991.1499999999978,5
8173,1239,105,145,0,145,145,0,0,30,30,0,30,245,40,26746.65,21250.0,5496.65,5
8174,1239,80,140,0,140,125,5,10,60,60,0,55,200,55,32794.200000000004,18700.0,14094.200000000004,5
8175,1239,125,130,0,130,100,10,20,45,45,0,45,220,30,19536.03,21675.0,-2138.9699999999993,5
8176,1239,80,145,0,145,115,5,25,50,50,0,50,190,45,31210.807500000006,19125.0,12085.807500000006,5
8177,1239,105,135,0,135,130,0,5,45,45,0,45,230,65,45758.891250000015,20400.0,25358.891250000015,5
8178,1239,100,135,0,135,135,0,0,80,80,0,75,230,70,43089.12,19975.0,23114.120000000003,5
8179,1239,70,155,0,155,150,0,5,40,40,0,40,215,35,20732.31,19125.0,1607.3100000000022,5
8180,1239,125,125,0,125,120,0,5,45,45,0,45,240,45,26274.960000000006,21250.0,5024.9600000000055,5
8181,1239,115,115,0,115,110,0,5,60,60,0,60,220,65,48548.536875,19550.0,28998.536874999998,5
8182,1239,125,140,0,140,130,0,10,55,55,0,55,250,45,26252.82,22525.0,3727.8200000000015,5
8183,1239,120,130,0,130,130,0,0,35,35,0,35,245,40,25220.88,21250.0,3970.880000000002,5
8184,1239,90,135,0,135,125,0,10,60,60,0,60,210,65,39620.52000000002,19125.0,20495.520000000015,5
8185,1239,55,195,0,195,170,5,20,25,25,0,25,220,0,0.0,21250.0,-21250.0,5
8186,1239,80,150,0,150,150,0,0,40,40,0,40,225,45,32739.43500000001,19550.0,13189.435000000009,5
8187,1239,95,150,0,150,145,0,5,35,35,0,35,235,10,4872.960000000001,20825.0,-15952.039999999999,5
8188,1239,85,165,0,165,145,0,20,50,50,0,50,225,25,14794.740000000002,21250.0,-6455.259999999998,5
8189,1239,105,140,0,140,125,5,10,60,60,0,60,225,45,28063.620000000006,20825.0,7238.620000000005,5
8190,1239,80,150,0,150,140,0,10,35,35,0,30,215,30,16638.3,19550.0,-2911.7000000000007,5
8191,1239,90,150,0,150,150,0,0,40,40,0,40,235,25,13960.62,20400.0,-6439.379999999999,5
8192,1239,210,110,0,110,105,0,5,30,30,0,30,310,30,18734.670000000002,27200.0,-8465.329999999998,5
8193,1239,65,160,0,160,140,5,15,45,45,0,40,200,20,11370.420000000002,19125.0,-7754.579999999998,5
8194,1239,120,135,0,135,125,0,10,60,60,0,60,240,20,11458.260000000002,21675.0,-10216.739999999998,5
8195,1239,110,130,0,130,115,0,15,60,60,0,60,220,75,51254.729999999996,20400.0,30854.73,5
8196,1239,95,165,0,165,130,0,35,45,45,0,45,220,20,10185.120000000003,22100.0,-11914.879999999997,5
8197,1239,120,140,0,140,120,0,20,55,55,0,55,235,45,25418.610000000004,22100.0,3318.6100000000033,5
8198,1239,85,145,0,145,140,0,5,50,50,0,50,220,60,38479.05,19550.0,18929.050000000007,5
8199,1239,100,150,0,150,145,0,5,30,30,0,30,240,10,5487.4800000000005,21250.0,-15762.52,5
8200,1239,115,135,0,135,125,0,10,40,40,0,35,235,15,8670.42,21250.0,-12579.580000000002,5
8201,1239,55,190,0,190,155,10,25,25,25,0,25,205,20,10009.44,20825.0,-10815.560000000001,5
8202,1239,105,130,0,130,110,0,20,55,55,0,55,210,75,54549.773437500015,19975.0,34574.773437500015,5
8203,1239,75,165,0,165,165,0,0,30,30,0,30,235,10,4829.040000000001,20400.0,-15570.96,5
8204,1239,100,140,0,140,125,0,15,50,50,0,45,220,65,39105.0,20400.0,18705.0,5
8205,1239,90,160,0,160,150,0,10,40,40,0,40,235,20,10272.960000000001,21250.0,-10977.039999999999,5
8206,1239,55,155,0,155,140,5,10,45,45,0,45,190,50,38405.26125000001,17850.0,20555.261250000007,5
8207,1239,160,130,0,130,130,0,0,20,20,0,20,285,10,4741.200000000001,24650.0,-19908.8,5
8208,1239,110,125,0,125,120,0,5,55,55,0,50,225,70,51357.38062500001,19975.0,31382.380625000013,5
8209,1239,100,120,0,120,120,0,0,55,55,0,55,215,65,45031.815,18700.0,26331.815000000006,5
8210,1239,120,130,0,130,130,0,0,40,40,0,40,245,25,15375.600000000004,21250.0,-5874.399999999996,5
8211,1239,70,140,0,140,110,5,25,55,55,0,55,175,110,81785.4975,17850.0,63935.4975,5
8212,1239,80,175,0,175,100,40,35,55,55,0,50,175,35,18657.72,21675.0,-3017.2799999999984,5
8213,1239,80,165,0,165,115,15,35,55,55,0,50,190,45,30840.705,20825.0,10015.705000000002,5
8214,1239,50,185,0,185,160,10,15,40,40,0,40,205,30,16638.660000000003,19975.0,-3336.339999999998,5
8215,1239,135,125,0,125,110,0,15,40,40,0,35,240,30,16045.740000000002,22100.0,-6054.259999999999,5
8216,1239,115,160,0,160,150,0,10,35,35,0,35,260,15,7682.76,23375.0,-15692.24,5
8217,1239,105,160,0,160,110,35,15,40,40,0,40,210,55,37337.670000000006,22525.0,14812.670000000007,5
8218,1239,75,155,0,155,150,5,0,45,45,0,45,220,10,5180.400000000001,19550.0,-14369.6,5
8219,1239,95,125,0,125,125,0,0,50,50,0,50,215,50,32431.770000000004,18700.0,13731.770000000006,5
8220,1239,105,170,0,170,160,0,10,35,35,0,35,260,5,2634.1200000000003,23375.0,-20740.879999999997,5
8221,1239,85,150,0,150,145,0,5,45,45,0,40,225,35,22521.15,19975.0,2546.1500000000024,5
8222,1239,90,140,0,140,140,0,0,45,45,0,45,225,60,39467.340000000004,19550.0,19917.340000000004,5
8223,1239,120,140,0,140,110,0,30,55,55,0,50,225,45,27734.130000000005,22100.0,5634.130000000005,5
8224,1239,150,120,0,120,120,0,0,30,30,0,30,265,55,41373.675,22950.0,18423.675000000003,5
8225,1239,130,125,0,125,115,5,5,60,60,0,60,240,95,59919.79500000001,21675.0,38244.79500000001,5
8226,1239,50,170,0,170,155,0,15,40,40,0,35,200,40,28415.2725,18700.0,9715.272500000001,5
8227,1239,145,125,0,125,120,0,5,45,45,0,45,260,60,38227.41,22950.0,15277.410000000003,5
8228,1239,90,140,0,140,110,25,5,65,65,0,65,195,60,40690.44000000001,19550.0,21140.44000000001,5
8229,1239,90,145,0,145,130,0,15,65,65,0,60,215,60,37019.745,19975.0,17044.745000000003,5
8230,1239,75,175,0,175,160,0,15,45,45,0,40,230,25,13982.58,21250.0,-7267.42,5
8231,1239,130,135,0,135,130,0,5,35,35,0,35,255,20,10492.200000000003,22525.0,-12032.799999999997,5
8232,1239,90,150,0,150,140,0,10,75,75,0,70,225,40,21401.820000000003,20400.0,1001.8200000000024,5
8233,1239,65,170,0,170,140,0,30,40,40,0,40,200,25,15826.140000000003,19975.0,-4148.859999999997,5
8234,1239,95,145,0,145,145,0,0,50,50,0,50,235,50,30950.370000000006,20400.0,10550.370000000006,5
8235,1239,80,150,0,150,145,0,5,45,45,0,45,220,35,23042.655000000006,19550.0,3492.6550000000043,5
8236,1239,110,150,0,150,150,0,0,30,30,0,30,255,15,7594.920000000001,22100.0,-14505.079999999998,5
8237,1239,65,165,0,165,145,0,20,40,40,0,40,205,25,12643.560000000001,19550.0,-6906.439999999998,5
8238,1239,125,115,0,115,85,0,30,55,55,0,50,205,60,41497.155,20400.0,21097.155000000002,5
8239,1239,70,160,0,160,120,25,15,40,40,0,40,185,30,18504.18,19550.0,-1045.8199999999988,5
8240,1239,115,140,0,140,135,0,5,45,45,0,45,245,20,11128.86,21675.0,-10546.14,5
8241,1239,85,145,0,145,140,5,0,40,40,0,40,220,30,17516.520000000004,19550.0,-2033.4799999999973,5
8242,1239,120,115,0,115,90,15,10,70,70,0,70,205,80,52543.98000000001,19975.0,32568.98000000001,5
8243,1239,55,180,0,180,140,5,35,30,30,0,30,190,70,53782.0565625,19975.0,33807.0565625,5
8244,1239,125,140,0,140,115,0,25,45,45,0,40,235,35,25421.19750000001,22525.0,2896.1975000000075,5
8245,1239,110,145,0,145,135,0,10,40,40,0,40,240,20,9658.080000000002,21675.0,-12016.92,5
8246,1239,110,145,0,145,120,20,5,60,60,0,60,225,100,70941.83625000002,21675.0,49266.83625000002,5
8247,1239,80,175,0,175,150,0,25,25,25,0,25,225,10,5707.080000000001,21675.0,-15967.919999999998,5
8248,1239,65,155,0,155,130,0,25,50,50,0,45,190,40,25566.975000000002,18700.0,6866.975000000002,5
8249,1239,95,150,0,150,145,0,5,40,40,0,40,235,15,7507.080000000001,20825.0,-13317.919999999998,5
8250,1239,135,125,0,125,115,10,0,50,50,0,50,245,45,26757.900000000005,22100.0,4657.900000000004,5
8251,1239,80,140,0,140,125,5,10,50,50,0,50,200,35,19491.480000000003,18700.0,791.4800000000037,5
8252,1239,130,135,0,135,135,0,0,25,25,0,25,260,35,23503.454999999998,22525.0,978.454999999999,5
8253,1239,90,160,0,160,145,0,15,40,40,0,40,230,35,24486.120000000003,21250.0,3236.120000000001,5
8254,1239,150,160,0,160,135,0,25,10,10,0,10,280,10,6321.780000000001,26350.0,-20028.219999999998,5
8255,1239,80,160,0,160,135,5,20,55,55,0,55,210,60,40781.26125,20400.0,20381.261250000003,5
8256,1239,100,150,0,150,150,0,0,45,45,0,45,245,40,24617.610000000004,21250.0,3367.610000000004,5
8257,1239,120,130,0,130,130,0,0,55,55,0,55,245,45,29298.555,21250.0,8048.555000000001,5
8258,1239,100,145,0,145,125,10,10,55,55,0,55,220,55,33650.19000000001,20825.0,12825.190000000006,5
8259,1239,125,130,0,130,130,0,0,35,35,0,30,250,45,35712.41062500001,21675.0,14037.410625000011,5
8260,1239,140,130,0,130,125,0,5,50,50,0,50,260,55,33694.29,22950.0,10744.29,5
8261,1239,130,140,0,140,135,0,5,25,25,0,25,260,60,49534.07765625001,22950.0,26584.07765625001,5
8262,1239,65,175,0,175,140,15,20,40,40,0,40,200,25,14201.820000000003,20400.0,-6198.179999999998,5
8263,1239,130,140,0,140,140,0,0,25,25,0,25,265,15,8670.42,22950.0,-14279.580000000002,5
8264,1239,155,120,0,120,115,0,5,60,60,0,60,265,40,21160.260000000002,23375.0,-2214.739999999997,5
8265,1239,95,155,0,155,125,5,25,45,45,0,45,215,35,22795.380000000005,21250.0,1545.3800000000047,5
8266,1239,90,155,0,155,140,0,15,40,40,0,40,225,20,11216.7,20825.0,-9608.3,5
8267,1239,70,150,0,150,150,0,0,55,55,0,55,215,70,51218.611874999995,18700.0,32518.611874999995,5
8268,1239,85,160,0,160,130,0,30,40,40,0,40,210,20,9921.6,20825.0,-10903.4,5
8269,1239,20,215,0,215,165,0,50,20,20,0,15,180,25,16045.920000000002,19975.0,-3929.079999999999,5
8270,1239,105,150,0,150,135,0,15,40,40,0,40,235,25,16462.620000000003,21675.0,-5212.379999999998,5
8271,1239,115,110,0,110,110,0,0,70,70,0,70,220,60,39445.42500000001,19125.0,20320.42500000001,5
8272,1239,170,110,0,110,100,0,10,55,55,0,55,265,45,30511.440000000006,23800.0,6711.440000000007,5
8273,1239,90,145,0,145,145,0,0,45,45,0,45,230,35,22257.629999999997,19975.0,2282.629999999999,5
8274,1239,100,150,0,150,130,0,20,25,25,0,20,225,30,18669.15,21250.0,-2580.849999999998,5
8275,1239,75,145,0,145,135,0,10,55,55,0,55,205,55,37057.905,18700.0,18357.905,5
8276,1239,95,145,0,145,130,0,15,40,40,0,40,220,30,14794.560000000003,20400.0,-5605.439999999997,5
8277,1239,120,140,0,140,135,0,5,40,40,0,40,250,20,9526.320000000002,22100.0,-12573.68,5
8278,1239,130,145,0,145,125,0,20,50,50,0,50,250,55,35560.08000000001,23375.0,12185.080000000007,5
8279,1239,70,180,0,180,150,0,30,30,30,0,30,215,50,34007.354999999996,21250.0,12757.354999999998,5
8280,1239,100,145,0,145,140,0,5,55,55,0,55,235,35,20216.520000000004,20825.0,-608.4799999999973,5
8281,1239,80,145,0,145,110,30,5,45,45,0,45,185,70,45684.405,19125.0,26559.405,5
8282,1239,95,165,0,165,135,0,30,35,35,0,35,225,45,28864.890000000007,22100.0,6764.890000000005,5
8283,1239,55,165,0,165,135,30,0,45,45,0,45,185,50,30137.40000000001,18700.0,11437.400000000007,5
8284,1239,70,160,0,160,155,0,5,55,55,0,55,220,40,22587.12,19550.0,3037.12,5
8285,1239,70,165,0,165,115,30,20,60,60,0,60,180,95,66162.17250000003,19975.0,46187.17250000002,5
8286,1239,110,145,0,145,140,0,5,35,35,0,35,245,15,7770.240000000002,21675.0,-13904.759999999998,5
8287,1239,125,140,0,140,125,0,15,40,40,0,40,245,35,22389.750000000004,22525.0,-135.24999999999636,5
8288,1239,85,140,0,140,135,0,5,45,45,0,40,215,25,12687.120000000003,19125.0,-6437.879999999997,5
8289,1239,95,135,0,135,105,15,15,75,75,0,75,195,90,55304.865,19550.0,35754.865,5
8290,1239,135,110,0,110,95,10,5,65,65,0,65,225,120,86527.78875,20825.0,65702.78875,5
8291,1239,100,150,0,150,145,0,5,55,55,0,55,240,50,32624.415,21250.0,11374.414999999999,5
8292,1239,65,160,0,160,145,10,5,40,40,0,40,205,50,32129.955,19125.0,13004.955,5
8293,1239,120,140,0,140,140,0,0,45,45,0,45,255,20,10843.560000000001,22100.0,-11256.439999999999,5
8294,1239,110,145,0,145,140,0,5,45,45,0,45,245,45,24079.86,21675.0,2404.8599999999988,5
8295,1239,95,165,0,165,135,0,30,45,45,0,40,225,20,11370.420000000002,22100.0,-10729.579999999998,5
8296,1239,105,160,0,160,155,0,5,20,20,0,20,255,25,15036.120000000003,22525.0,-7488.879999999997,5
8297,1239,90,150,0,150,90,30,30,70,70,0,70,175,85,53175.19500000001,20400.0,32775.19500000001,5
8298,1239,110,135,0,135,100,10,25,65,65,0,65,205,105,72012.15281250002,20825.0,51187.15281250002,5
8299,1239,80,130,0,130,105,0,25,70,70,0,70,180,60,32991.48,17850.0,15141.480000000001,5
8300,1239,125,135,0,135,135,0,0,60,60,0,60,255,50,27679.680000000004,22100.0,5579.680000000003,5
8301,1239,55,180,0,180,140,5,35,35,35,0,35,190,50,34100.415,19975.0,14125.415000000003,5
8302,1239,115,125,0,125,125,0,0,40,40,0,40,235,40,25676.415,20400.0,5276.415000000002,5
8303,1239,125,140,0,140,120,5,15,55,55,0,55,240,35,22126.230000000003,22525.0,-398.769999999995,5
8304,1239,115,130,0,130,125,0,5,55,55,0,55,235,65,41728.27500000001,20825.0,20903.275000000012,5
8305,1239,115,135,0,135,120,0,15,55,55,0,55,230,55,37472.7375,21250.0,16222.737500000003,5
8306,1239,100,150,0,150,115,5,30,60,60,0,55,210,60,37194.93,21250.0,15944.93,5
8307,1239,85,135,0,135,125,0,10,75,75,0,70,205,85,54536.310000000005,18700.0,35836.310000000005,5
8308,1239,145,140,0,140,115,0,25,35,35,0,35,255,20,10229.040000000003,24225.0,-13995.959999999997,5
8309,1239,175,110,0,110,95,0,15,55,55,0,50,265,20,11721.78,24225.0,-12503.22,5
8310,1239,105,135,0,135,125,0,10,55,55,0,55,225,35,19053.18,20400.0,-1346.819999999998,5
8311,1239,110,135,0,135,115,0,20,75,75,0,75,220,50,27877.320000000003,20825.0,7052.320000000004,5
8312,1239,60,170,0,170,130,20,20,40,40,0,40,185,40,29037.847500000003,19550.0,9487.847500000003,5
8313,1239,80,160,0,160,155,0,5,30,30,0,30,230,45,33957.74250000001,20400.0,13557.742500000004,5
8314,1239,100,145,0,145,145,0,0,55,55,0,55,240,25,12599.640000000001,20825.0,-8225.359999999999,5
8315,1239,135,105,0,105,105,0,0,55,55,0,55,235,35,18394.02,20400.0,-2005.9799999999996,5
8316,1239,120,145,0,145,130,0,15,45,45,0,45,245,25,15595.830000000004,22525.0,-6929.169999999996,5
8317,1239,65,160,0,160,145,0,15,55,55,0,55,205,40,22850.640000000003,19125.0,3725.640000000003,5
8318,1239,95,140,0,140,130,0,10,70,70,0,70,220,45,26955.54,19975.0,6980.540000000001,5
8319,1239,55,155,0,155,135,10,10,45,45,0,45,185,50,33666.705,17850.0,15816.705000000002,5
8320,1239,125,150,0,150,135,0,15,30,30,0,30,255,25,17220.329999999998,23375.0,-6154.670000000001,5
8321,1239,85,145,0,145,120,15,10,55,55,0,55,200,80,55597.888125,19550.0,36047.888125,5
8322,1239,140,135,0,135,135,0,0,35,35,0,35,270,30,16572.780000000002,23375.0,-6802.2199999999975,5
8323,1239,150,125,0,125,115,0,10,60,60,0,60,260,20,10096.920000000002,23375.0,-13278.079999999998,5
8324,1239,70,165,0,165,130,30,5,60,60,0,60,195,30,18065.520000000004,19975.0,-1909.4799999999964,5
8325,1239,100,150,0,150,145,0,5,55,55,0,55,240,50,29819.340000000007,21250.0,8569.340000000007,5
8326,1239,120,135,0,135,135,0,0,55,55,0,55,250,10,5004.720000000001,21675.0,-16670.28,5
8327,1239,125,135,0,135,110,0,25,55,55,0,50,230,45,27021.15,22100.0,4921.150000000002,5
8328,1239,85,140,0,140,95,30,15,65,65,0,65,175,80,51879.91500000001,19125.0,32754.915000000008,5
8329,1239,95,140,0,140,125,0,15,50,50,0,50,215,35,19009.260000000002,19975.0,-965.7399999999984,5
8330,1239,110,155,0,155,140,0,15,45,45,0,45,245,35,18965.34,22525.0,-3559.659999999999,5
8331,1239,165,120,0,120,115,0,5,35,35,0,35,275,40,24770.79,24225.0,545.7900000000018,5
8332,1239,65,165,0,165,140,0,25,50,50,0,50,200,50,33872.91750000001,19550.0,14322.917500000007,5
8333,1239,140,150,0,150,140,0,10,30,30,0,30,275,25,14091.840000000002,24650.0,-10558.159999999998,5
8334,1239,95,145,0,145,130,5,10,60,60,0,60,220,50,31015.890000000007,20400.0,10615.890000000009,5
8335,1239,95,130,0,130,125,0,5,55,55,0,55,215,65,41706.17999999999,19125.0,22581.179999999993,5
8336,1239,85,160,0,160,110,15,35,70,70,0,70,190,60,36284.759999999995,20825.0,15459.759999999997,5
8337,1239,60,165,0,165,120,20,25,55,55,0,55,175,25,18399.600000000002,19125.0,-725.3999999999974,5
8338,1239,100,135,0,135,130,0,5,60,60,0,60,225,35,19667.7,19975.0,-307.2999999999979,5
8339,1239,105,145,0,145,140,0,5,55,55,0,55,240,25,12248.279999999999,21250.0,-9001.720000000001,5
8340,1239,80,145,0,145,125,0,20,70,70,0,65,200,50,29764.800000000003,19125.0,10639.800000000005,5
8341,1239,145,130,0,130,130,0,0,40,40,0,40,270,80,62161.58250000001,23375.0,38786.58250000001,5
8342,1239,55,160,0,160,115,25,20,50,50,0,50,165,35,18986.760000000002,18275.0,711.7600000000016,5
8343,1239,80,155,0,155,130,0,25,50,50,0,50,205,50,30396.015000000007,19975.0,10421.015000000007,5
8344,1239,50,185,0,185,155,10,20,45,45,0,45,200,20,11546.100000000002,19975.0,-8428.899999999998,5
8345,1239,75,175,0,175,150,0,25,35,35,0,35,220,15,10986.390000000001,21250.0,-10263.609999999999,5
8346,1239,105,130,0,130,120,0,10,55,55,0,55,220,25,11940.84,19975.0,-8034.16,5
8347,1239,100,150,0,150,120,0,30,55,55,0,55,215,65,40608.58500000001,21250.0,19358.585000000003,5
8348,1239,70,155,0,155,120,10,25,55,55,0,55,185,50,27394.2,19125.0,8269.2,5
8349,1239,85,155,0,155,135,0,20,70,70,0,70,215,40,21753.18,20400.0,1353.180000000002,5
8350,1239,85,145,0,145,140,0,5,45,45,0,45,220,55,33715.62000000001,19550.0,14165.620000000008,5
8351,1239,115,160,0,160,150,0,10,35,35,0,35,260,30,17802.0,23375.0,-5573.0,5
8352,1239,115,140,0,140,135,0,5,50,50,0,50,245,45,28557.809999999998,21675.0,6882.8099999999995,5
8353,1239,115,150,0,150,145,0,5,45,45,0,40,255,30,20183.850000000002,22525.0,-2341.149999999998,5
8354,1239,70,160,0,160,110,25,25,70,70,0,65,175,35,20480.04,19550.0,930.039999999999,5
8355,1239,50,175,0,175,170,0,5,40,40,0,40,215,15,7463.16,19125.0,-11661.84,5
8356,1239,130,135,0,135,130,0,5,45,45,0,45,255,35,18438.300000000003,22525.0,-4086.6999999999985,5
8357,1239,80,145,0,145,115,20,10,45,45,0,40,190,90,73529.88029296875,19125.0,54404.88029296875,5
8358,1239,70,150,0,150,145,0,5,40,40,0,40,210,45,31932.585000000003,18700.0,13232.585000000003,5
8359,1239,120,125,0,125,125,0,0,40,40,0,40,240,30,16023.780000000004,20825.0,-4801.219999999996,5
8360,1239,95,150,0,150,135,15,0,60,60,0,60,225,55,35242.06500000001,20825.0,14417.065000000006,5
8361,1239,60,170,0,170,155,0,15,40,40,0,40,210,20,9833.760000000002,19550.0,-9716.239999999998,5
8362,1239,65,155,0,155,115,25,15,60,60,0,60,175,60,41003.505000000005,18700.0,22303.505000000005,5
8363,1239,125,120,0,120,105,0,15,50,50,0,50,225,50,28557.000000000004,20825.0,7732.000000000003,5
8364,1239,50,180,0,180,135,10,35,35,35,0,35,180,50,29193.84000000001,19550.0,9643.84000000001,5
8365,1239,120,135,0,135,135,0,0,50,50,0,50,250,65,41936.76,21675.0,20261.760000000002,5
8366,1239,100,155,0,155,90,30,35,60,60,0,60,185,15,7638.84,21675.0,-14036.16,5
8367,1239,115,135,0,135,135,0,0,45,45,0,45,245,40,24013.890000000007,21250.0,2763.890000000006,5
8368,1239,85,140,0,140,130,0,10,50,50,0,50,210,50,31443.750000000004,19125.0,12318.750000000004,5
8369,1239,65,160,0,160,130,30,0,50,50,0,50,190,40,24134.310000000005,19125.0,5009.310000000005,5
8370,1239,110,135,0,135,130,0,5,40,40,0,40,235,15,8714.34,20825.0,-12110.66,5
8371,1239,85,155,0,155,145,5,5,50,50,0,50,225,45,22696.559999999998,20400.0,2296.5599999999995,5
8372,1239,120,130,0,130,100,0,30,55,55,0,55,215,70,46891.575000000004,21250.0,25641.575000000004,5
8373,1239,100,155,0,155,150,0,5,40,40,0,35,245,25,15541.2,21675.0,-6133.799999999999,5
8374,1239,80,140,0,140,130,0,10,55,55,0,55,205,15,7638.84,18700.0,-11061.16,5
8375,1239,100,135,0,135,120,5,10,60,60,0,60,215,25,13894.74,19975.0,-6080.26,5
8376,1239,120,135,0,135,135,0,0,35,35,0,35,250,40,29137.533750000002,21675.0,7462.533750000002,5
8377,1239,140,100,0,100,100,0,0,65,65,0,65,235,40,21620.88,20400.0,1220.880000000002,5
8378,1239,55,175,0,175,165,0,10,15,15,0,15,215,5,2634.1200000000003,19550.0,-16915.88,5
8379,1239,95,165,0,165,145,0,20,40,40,0,35,235,20,11282.400000000001,22100.0,-10817.599999999999,5
8380,1239,120,125,0,125,125,0,0,50,50,0,50,240,50,34007.08500000001,20825.0,13182.085000000006,5
8381,1239,80,155,0,155,145,0,10,50,50,0,50,220,25,12555.720000000001,19975.0,-7419.279999999999,5
8382,1239,95,145,0,145,145,0,0,35,35,0,35,235,35,21917.61,20400.0,1517.6099999999997,5
8383,1239,90,160,0,160,155,0,5,30,30,0,30,240,20,11589.480000000003,21250.0,-9660.519999999997,5
8384,1239,110,155,0,155,135,0,20,40,40,0,35,240,35,20589.84,22525.0,-1935.1600000000008,5
8385,1239,75,155,0,155,140,0,15,50,50,0,50,210,20,10229.040000000003,19550.0,-9320.959999999997,5
8386,1239,90,155,0,155,125,0,30,50,50,0,50,210,25,13938.66,20825.0,-6886.34,5
8387,1239,90,160,0,160,130,10,20,45,45,0,40,215,20,10097.28,21250.0,-11152.72,5
8388,1239,60,165,0,165,135,5,25,45,45,0,45,190,20,11655.54,19125.0,-7469.459999999999,5
8389,1239,110,150,0,150,150,0,0,35,35,0,35,255,20,11721.78,22100.0,-10378.22,5
8390,1239,85,150,0,150,150,0,0,50,50,0,50,230,45,28305.18,19975.0,8330.18,5
8391,1239,115,135,0,135,120,10,5,50,50,0,50,230,45,25506.180000000004,21250.0,4256.180000000004,5
8392,1239,105,135,0,135,115,5,15,55,55,0,55,215,70,48422.205,20400.0,28022.205,5
8393,1239,105,145,0,145,135,0,10,55,55,0,50,235,40,25512.075000000004,21250.0,4262.075000000004,5
8394,1239,110,150,0,150,115,10,25,55,55,0,55,220,60,37327.185,22100.0,15227.185,5
8395,1239,60,165,0,165,150,10,5,30,30,0,30,205,60,49446.5034375,19125.0,30321.503437500003,5
8396,1239,70,150,0,150,115,35,0,60,60,0,60,180,40,27509.535,18700.0,8809.535,5
8397,1239,65,180,0,180,135,10,35,35,35,0,35,195,25,14750.640000000001,20825.0,-6074.359999999999,5
8398,1239,100,130,0,130,125,0,5,60,60,0,60,220,55,31894.02,19550.0,12344.02,5
8399,1239,140,140,0,140,120,0,20,45,45,0,45,255,65,47261.14875,23800.0,23461.14875,5
8400,1239,90,140,0,140,120,0,20,45,45,0,45,205,25,14947.740000000003,19550.0,-4602.259999999997,5
8401,1239,55,175,0,175,150,0,25,40,40,0,40,200,55,36844.2,19550.0,17294.2,5
8402,1239,130,140,0,140,130,0,10,50,50,0,50,255,5,2458.44,22950.0,-20491.559999999998,5
8403,1239,80,175,0,175,140,20,15,45,45,0,45,215,50,29018.699999999997,21675.0,7343.699999999999,5
8404,1239,95,135,0,135,95,20,20,80,80,0,75,185,70,43693.020000000004,19550.0,24143.020000000004,5
8405,1239,105,130,0,130,105,0,25,55,55,0,55,205,55,34319.79,19975.0,14344.790000000003,5
8406,1239,60,180,0,180,130,5,45,40,40,0,40,185,40,22696.560000000005,20400.0,2296.560000000004,5
8407,1239,140,115,0,115,115,0,0,65,65,0,65,250,70,42452.82000000001,21675.0,20777.82000000001,5
8408,1239,115,145,0,145,110,5,30,65,65,0,60,220,50,31257.270000000004,22100.0,9157.270000000004,5
8409,1239,110,145,0,145,125,0,20,40,40,0,35,230,65,47687.73750000001,21675.0,26012.73750000001,5
8410,1239,115,125,0,125,115,0,10,40,40,0,35,225,30,17033.580000000005,20400.0,-3366.419999999996,5
8411,1239,60,165,0,165,145,10,10,50,50,0,50,200,40,22740.479999999996,19125.0,3615.4799999999977,5
8412,1239,75,155,0,155,120,30,5,60,60,0,60,190,35,19360.260000000002,19550.0,-189.73999999999705,5
8413,1239,85,155,0,155,125,5,25,50,50,0,50,205,65,37864.530000000006,20400.0,17464.530000000006,5
8414,1239,90,145,0,145,135,0,10,40,40,0,40,220,40,26670.059999999998,19975.0,6695.059999999999,5
8415,1239,170,110,0,110,100,0,10,50,50,0,50,265,50,30093.75,23800.0,6293.75,5
8416,1239,125,120,0,120,95,0,25,60,60,0,60,215,50,28645.020000000004,20825.0,7820.020000000004,5
8417,1239,140,120,0,120,110,0,10,50,50,0,50,245,55,32311.260000000006,22100.0,10211.260000000006,5
8418,1239,95,155,0,155,145,0,10,55,55,0,50,235,50,27789.480000000007,21250.0,6539.480000000008,5
8419,1239,120,115,0,115,115,0,0,65,65,0,65,230,90,61143.30000000001,19975.0,41168.30000000001,5
8420,1239,120,130,0,130,125,0,5,50,50,0,50,240,55,33386.850000000006,21250.0,12136.850000000004,5
8421,1239,115,145,0,145,115,0,30,50,50,0,50,225,50,31411.530000000006,22100.0,9311.530000000006,5
8422,1239,90,165,0,165,130,0,35,30,30,0,30,215,35,24211.485,21675.0,2536.4850000000024,5
8423,1239,55,190,0,190,165,15,10,25,25,0,25,215,15,7770.600000000002,20825.0,-13054.399999999998,5
8424,1239,90,150,0,150,125,0,25,45,45,0,45,210,65,41969.43000000001,20400.0,21569.43000000001,5
8425,1239,100,155,0,155,140,0,15,35,35,0,35,235,35,24688.575,21675.0,3013.5750000000007,5
8426,1239,70,165,0,165,165,0,0,30,30,0,30,230,40,27814.1175,19975.0,7839.117500000002,5
8427,1239,130,125,0,125,95,5,25,70,70,0,70,220,85,53241.2325,21675.0,31566.2325,5
8428,1239,120,145,0,145,145,0,0,35,35,0,35,260,40,27652.635000000002,22525.0,5127.635,5
8429,1239,140,110,0,110,105,0,5,60,60,0,60,240,30,18043.29,21250.0,-3206.709999999998,5
8430,1239,125,135,0,135,105,0,30,40,40,0,40,225,50,33090.21000000001,22100.0,10990.210000000006,5
8431,1239,100,145,0,145,135,0,10,30,30,0,30,230,40,33227.893125,20825.0,12402.893125,5
8432,1239,120,140,0,140,135,0,5,35,35,0,35,250,35,24826.365,22100.0,2726.3650000000007,5
8433,1239,90,140,0,140,110,25,5,50,50,0,50,195,15,7814.160000000002,19550.0,-11735.839999999998,5
8434,1239,110,150,0,150,145,0,5,30,30,0,30,250,10,4829.040000000001,22100.0,-17270.96,5
8435,1239,85,160,0,160,145,0,15,30,30,0,30,225,25,14135.94,20825.0,-6689.0599999999995,5
8436,1239,120,120,0,120,115,0,5,55,55,0,50,230,45,28568.520000000004,20400.0,8168.520000000003,5
8437,1239,130,105,0,105,100,0,5,60,60,0,60,225,60,38280.69000000002,19975.0,18305.690000000013,5
8438,1239,120,135,0,135,135,0,0,35,35,0,30,250,40,24332.13,21675.0,2657.130000000002,5
8439,1239,110,120,0,120,120,0,0,65,65,0,65,225,45,25616.16,19550.0,6066.16,5
8440,1239,140,125,0,125,115,0,10,65,65,0,65,250,20,10009.44,22525.0,-12515.560000000001,5
8441,1239,80,140,0,140,140,0,0,70,70,0,70,215,40,23487.210000000006,18700.0,4787.210000000005,5
8442,1239,85,145,0,145,140,5,0,45,45,0,45,220,55,39045.94875000001,19550.0,19495.94875000001,5
8443,1239,135,135,0,135,125,0,10,50,50,0,50,255,25,12423.96,22950.0,-10526.04,5
8444,1239,80,140,0,140,95,15,30,50,50,0,50,170,60,41134.9725,18700.0,22434.972500000003,5
8445,1239,90,150,0,150,140,0,10,40,40,0,40,225,45,30160.079999999998,20400.0,9760.079999999998,5
8446,1239,115,130,0,130,130,0,0,50,50,0,45,240,25,16199.730000000001,20825.0,-4625.269999999999,5
8447,1239,55,175,0,175,175,0,0,30,30,0,30,225,40,27284.805000000008,19550.0,7734.805000000006,5
8448,1239,135,145,0,145,135,0,10,50,50,0,50,265,25,12643.56,23800.0,-11156.44,5
8449,1239,80,155,0,155,115,15,25,50,50,0,50,190,45,26263.53,19975.0,6288.530000000001,5
8450,1239,100,125,0,125,120,0,5,50,50,0,50,215,45,27481.140000000007,19125.0,8356.140000000005,5
8451,1239,60,170,0,170,160,5,5,50,50,0,50,215,30,18306.81,19550.0,-1243.1899999999996,5
8452,1239,100,135,0,135,130,0,5,50,50,0,50,225,65,40762.17000000001,19975.0,20787.17000000001,5
8453,1239,110,150,0,150,150,0,0,25,25,0,25,255,25,13675.140000000001,22100.0,-8424.859999999999,5
8454,1239,85,145,0,145,130,0,15,45,45,0,40,210,65,44801.59500000001,19550.0,25251.59500000001,5
8455,1239,75,155,0,155,130,20,5,45,45,0,45,200,20,11062.980000000003,19550.0,-8487.019999999997,5
8456,1239,55,195,0,195,155,15,25,30,30,0,30,205,10,5224.32,21250.0,-16025.68,5
8457,1239,100,140,0,140,125,0,15,45,45,0,45,220,65,43758.495,20400.0,23358.495000000003,5
8458,1239,110,135,0,135,135,0,0,40,40,0,40,240,25,15167.520000000002,20825.0,-5657.479999999998,5
8459,1239,40,185,0,185,165,20,0,20,20,0,20,200,10,5092.560000000001,19125.0,-14032.439999999999,5
8460,1239,50,170,0,170,170,0,0,20,20,0,20,215,45,34155.146250000005,18700.0,15455.146250000002,5
8461,1239,95,125,0,125,125,0,0,65,65,0,65,215,115,82338.08062500002,18700.0,63638.08062500002,5
8462,1239,85,175,0,175,125,5,45,45,45,0,45,205,40,24749.370000000003,22100.0,2649.3700000000035,5
8463,1239,120,120,0,120,105,0,15,45,45,0,45,220,45,31158.18,20400.0,10758.180000000002,5
8464,1239,70,155,0,155,155,0,0,35,35,0,35,220,25,13170.240000000002,19125.0,-5954.759999999998,5
8465,1239,65,170,0,170,150,5,15,25,25,0,25,210,15,7551.0,19975.0,-12424.0,5
8466,1239,70,155,0,155,135,0,20,60,60,0,60,200,65,39483.675,19125.0,20358.675000000003,5
8467,1239,90,150,0,150,150,0,0,45,45,0,45,235,30,16243.380000000001,20400.0,-4156.619999999998,5
8468,1239,135,130,0,130,120,0,10,55,55,0,55,250,10,5092.560000000001,22525.0,-17432.44,5
8469,1239,120,140,0,140,140,0,0,30,30,0,30,255,50,38202.41812500001,22100.0,16102.418125000007,5
8470,1239,140,145,0,145,130,0,15,20,20,0,20,265,20,11348.46,24225.0,-12876.54,5
8471,1239,135,140,0,140,115,0,25,35,35,0,35,245,40,24804.27,23375.0,1429.2700000000013,5
8472,1239,115,145,0,145,145,0,0,45,45,0,45,255,20,9877.680000000002,22100.0,-12222.32,5
8473,1239,125,135,0,135,125,0,10,20,20,0,20,245,30,19129.77,22100.0,-2970.229999999999,5
8474,1239,80,150,0,150,140,5,5,35,35,0,35,215,40,26455.815000000002,19550.0,6905.815000000002,5
8475,1239,110,135,0,135,130,0,5,55,55,0,55,235,25,14048.460000000003,20825.0,-6776.539999999997,5
8476,1239,95,145,0,145,140,5,0,50,50,0,50,230,40,21203.820000000007,20400.0,803.8200000000052,5
8477,1239,155,130,0,130,130,0,0,30,30,0,30,280,20,14333.580000000002,24225.0,-9891.419999999998,5
8478,1239,95,150,0,150,125,10,15,65,65,0,65,215,35,19711.440000000002,20825.0,-1113.5599999999977,5
8479,1239,75,160,0,160,120,15,25,50,50,0,50,190,35,18965.34,19975.0,-1009.659999999999,5
8480,1239,95,155,0,155,150,0,5,40,40,0,40,240,45,31329.315000000006,21250.0,10079.315000000006,5
8481,1239,75,155,0,155,125,0,30,30,30,0,30,195,35,20216.52,19550.0,666.5200000000004,5
8482,1239,95,165,0,165,140,0,25,60,60,0,60,230,25,12907.080000000002,22100.0,-9192.919999999998,5
8483,1239,90,150,0,150,135,0,15,45,45,0,45,220,25,13170.240000000002,20400.0,-7229.759999999998,5
8484,1239,80,165,0,165,125,0,40,55,55,0,55,200,45,26472.330000000005,20825.0,5647.330000000006,5
8485,1239,115,130,0,130,115,15,0,40,40,0,40,225,55,40070.27250000001,20825.0,19245.27250000001,5
8486,1239,60,175,0,175,160,0,15,30,30,0,30,215,30,19228.320000000003,19975.0,-746.6799999999967,5
8487,1239,150,125,0,125,120,0,5,50,50,0,50,265,55,32848.83,23375.0,9473.829999999998,5
8488,1239,100,135,0,135,125,0,10,40,40,0,40,220,55,38048.6475,19975.0,18073.6475,5
8489,1239,30,200,0,200,145,30,25,25,25,0,25,170,35,22817.43,19550.0,3267.4299999999994,5
8490,1239,30,200,0,200,180,0,20,20,20,0,20,205,25,16287.57,19550.0,-3262.4299999999994,5
8491,1239,105,130,0,130,115,0,15,55,55,0,55,215,40,22740.300000000003,19975.0,2765.300000000002,5
8492,1239,80,175,0,175,135,5,35,60,60,0,60,210,55,32026.14,21675.0,10351.14,5
8493,1239,55,175,0,175,145,25,5,40,40,0,40,195,40,22938.480000000003,19550.0,3388.480000000004,5
8494,1239,75,155,0,155,155,0,0,35,35,0,30,225,15,9394.560000000001,19550.0,-10155.439999999999,5
8495,1239,75,165,0,165,160,0,5,40,40,0,40,230,40,24782.31,20400.0,4382.310000000002,5
8496,1239,55,165,0,165,160,0,5,40,40,0,40,210,20,10009.44,18700.0,-8690.56,5
8497,1239,155,145,0,145,145,0,0,30,30,0,30,295,25,18219.105000000003,25500.0,-7280.894999999999,5
8498,1239,160,100,0,100,90,0,10,65,65,0,65,245,55,33606.18000000001,22100.0,11506.180000000008,5
8499,1239,50,175,0,175,165,10,0,35,35,0,35,210,25,12160.44,19125.0,-6964.5599999999995,5
8500,1239,90,130,0,130,115,0,15,65,65,0,65,200,40,29749.668750000004,18700.0,11049.668750000004,5
8501,1239,135,140,0,140,125,0,15,45,45,0,45,255,35,17823.96,23375.0,-5551.040000000001,5
8502,1239,85,140,0,140,120,0,20,60,60,0,60,200,70,41892.21000000001,19125.0,22767.210000000006,5
8503,1239,70,145,0,145,125,0,20,50,50,0,50,190,50,34037.0775,18275.0,15762.0775,5
8504,1239,90,150,0,150,140,0,10,70,70,0,70,225,35,19031.22,20400.0,-1368.7799999999993,5
8505,1239,160,115,0,115,115,0,0,50,50,0,50,270,30,16287.300000000003,23375.0,-7087.699999999997,5
8506,1239,110,145,0,145,110,15,20,55,55,0,55,215,45,26428.320000000003,21675.0,4753.320000000003,5
8507,1239,120,140,0,140,125,0,15,50,50,0,50,240,30,15189.840000000002,22100.0,-6910.159999999998,5
8508,1239,100,145,0,145,115,20,10,65,65,0,65,210,50,28184.22,20825.0,7359.22,5
8509,1239,65,165,0,165,155,0,10,35,35,0,35,215,25,14136.300000000001,19550.0,-5413.699999999999,5
8510,1239,120,140,0,140,135,0,5,45,45,0,45,250,30,15145.920000000002,22100.0,-6954.079999999999,5
8511,1239,145,110,0,110,110,0,0,60,60,0,55,250,55,39176.145000000004,21675.0,17501.145000000004,5
8512,1239,95,145,0,145,145,0,0,45,45,0,45,235,30,15233.400000000001,20400.0,-5166.5999999999985,5
8513,1239,85,155,0,155,150,0,5,30,30,0,30,230,25,16517.520000000004,20400.0,-3882.479999999996,5
8514,1239,90,135,0,135,135,0,0,40,40,0,40,220,60,48599.413593749996,19125.0,29474.413593749996,5
8515,1239,120,125,0,125,115,0,10,60,60,0,60,230,75,52329.9375,20825.0,31504.937499999996,5
8516,1239,65,165,0,165,130,0,35,50,50,0,50,190,50,32344.065000000006,19550.0,12794.065000000006,5
8517,1239,95,155,0,155,135,5,15,35,35,0,35,225,50,30324.510000000006,21250.0,9074.510000000006,5
8518,1239,100,145,0,145,140,0,5,45,45,0,45,235,25,13982.58,20825.0,-6842.42,5
8519,1239,115,145,0,145,145,0,0,25,25,0,20,255,15,7858.4400000000005,22100.0,-14241.56,5
8520,1239,80,170,0,170,165,0,5,30,30,0,30,240,5,2590.2000000000003,21250.0,-18659.8,5
8521,1239,155,130,0,130,130,0,0,40,40,0,40,280,30,16287.300000000003,24225.0,-7937.699999999997,5
8522,1239,105,140,0,140,130,0,10,30,30,0,30,230,25,15957.9,20825.0,-4867.1,5
8523,1239,80,170,0,170,155,0,15,40,40,0,35,230,15,8626.5,21250.0,-12623.5,5
8524,1239,65,165,0,165,160,0,5,25,25,0,25,220,15,8033.760000000001,19550.0,-11516.239999999998,5
8525,1239,130,150,0,150,145,0,5,45,45,0,45,270,30,18109.440000000002,23800.0,-5690.559999999998,5
8526,1239,105,150,0,150,150,0,0,25,25,0,25,250,45,31751.572500000002,21675.0,10076.572500000002,5
8527,1239,130,135,0,135,135,0,0,35,35,0,35,260,30,18416.61,22525.0,-4108.389999999999,5
8528,1239,100,160,0,160,160,0,0,30,30,0,30,255,20,9965.52,22100.0,-12134.48,5
8529,1239,215,100,0,100,95,0,5,55,55,0,55,305,45,27888.570000000003,26775.0,1113.5700000000043,5
8530,1239,70,155,0,155,150,5,0,50,50,0,50,215,25,16298.189999999999,19125.0,-2826.8100000000004,5
8531,1239,100,150,0,150,150,0,0,20,20,0,20,245,60,46556.8284375,21250.0,25306.8284375,5
8532,1239,75,155,0,155,115,0,40,35,35,0,35,185,25,16748.19,19550.0,-2801.8100000000004,5
8533,1239,125,120,0,120,120,0,0,65,65,0,65,240,50,29578.410000000003,20825.0,8753.410000000003,5
8534,1239,85,150,0,150,125,10,15,50,50,0,45,205,15,7507.080000000001,19975.0,-12467.919999999998,5
8535,1239,85,160,0,160,120,15,25,55,55,0,55,200,35,18131.4,20825.0,-2693.599999999999,5
8536,1239,135,135,0,135,130,0,5,65,65,0,65,260,45,25594.2,22950.0,2644.2000000000007,5
8537,1239,155,145,0,145,135,0,10,40,40,0,40,285,40,21841.019999999997,25500.0,-3658.9800000000014,5
8538,1239,150,120,0,120,120,0,0,35,35,0,35,265,40,26735.940000000006,22950.0,3785.940000000005,5
8539,1239,70,165,0,165,155,5,5,40,40,0,40,220,45,29485.215000000004,19975.0,9510.215000000004,5
8540,1239,70,165,0,165,160,0,5,25,25,0,25,225,15,8209.440000000002,19975.0,-11765.559999999998,5
8541,1239,65,170,0,170,140,30,0,50,50,0,50,200,35,20282.4,19975.0,307.4000000000001,5
8542,1239,100,150,0,150,135,0,15,40,40,0,40,230,40,24925.050000000003,21250.0,3675.050000000001,5
8543,1239,95,155,0,155,155,0,0,50,50,0,50,245,45,27416.16,21250.0,6166.16,5
8544,1239,85,150,0,150,145,0,5,55,55,0,55,225,50,29150.460000000003,19975.0,9175.460000000003,5
8545,1239,95,155,0,155,155,0,0,45,45,0,45,245,25,12731.400000000003,21250.0,-8518.599999999997,5
8546,1239,150,110,0,110,110,0,0,40,40,0,40,255,75,54537.37875,22100.0,32437.378750000007,5
8547,1239,95,150,0,150,135,0,15,45,45,0,45,225,30,18317.79,20825.0,-2507.21,5
8548,1239,105,150,0,150,150,0,0,40,40,0,40,250,35,20216.52,21675.0,-1458.4799999999996,5
8549,1239,125,150,0,150,125,0,25,30,30,0,30,245,60,47193.6571875,23375.0,23818.6571875,5
8550,1239,90,145,0,145,115,0,30,75,75,0,70,200,45,27569.79,19975.0,7594.790000000003,5
8551,1239,70,150,0,150,145,0,5,45,45,0,45,210,30,16133.580000000002,18700.0,-2566.4199999999983,5
8552,1239,120,135,0,135,130,0,5,65,65,0,65,245,35,22170.15,21675.0,495.1500000000033,5
8553,1239,135,140,0,140,140,0,0,30,30,0,30,270,15,9482.400000000001,23375.0,-13892.599999999999,5
8554,1239,40,180,0,180,175,0,5,25,25,0,20,210,25,16923.870000000003,18700.0,-1776.1299999999983,5
8555,1239,140,140,0,140,135,0,5,45,45,0,45,270,60,42241.42125,23800.0,18441.421250000003,5
8556,1239,105,135,0,135,125,0,10,45,45,0,45,225,65,45509.83875000001,20400.0,25109.83875000001,5
8557,1239,90,140,0,140,135,5,0,40,40,0,40,220,30,18383.67,19550.0,-1166.3300000000004,5
8558,1239,110,130,0,130,120,0,10,55,55,0,55,225,50,34457.265,20400.0,14057.265000000003,5
8559,1239,160,130,0,130,100,0,30,50,50,0,50,255,20,9965.52,24650.0,-14684.48,5
8560,1239,80,160,0,160,140,5,15,50,50,0,50,215,35,20787.120000000003,20400.0,387.12000000000444,5
8561,1239,105,135,0,135,110,0,25,65,65,0,65,210,105,68640.03000000001,20400.0,48240.03000000001,5
8562,1239,60,175,0,175,165,0,10,45,45,0,45,220,50,32914.979999999996,19975.0,12939.979999999996,5
8563,1239,75,145,0,145,130,0,15,60,60,0,60,200,55,39571.56,18700.0,20871.559999999994,5
8564,1239,80,145,0,145,145,0,0,35,35,0,35,220,30,19459.17,19125.0,334.16999999999916,5
8565,1239,75,140,0,140,135,0,5,40,40,0,40,205,45,33194.6325,18275.0,14919.632500000003,5
8566,1239,105,130,0,130,115,15,0,60,60,0,60,215,90,63612.88875000003,19975.0,43637.88875000003,5
8567,1239,155,120,0,120,115,0,5,50,50,0,45,265,25,12907.080000000002,23375.0,-10467.919999999998,5
8568,1239,80,170,0,170,150,10,10,50,50,0,50,225,35,17780.04,21250.0,-3469.9599999999987,5
8569,1239,75,150,0,150,145,0,5,45,45,0,45,215,35,17384.760000000002,19125.0,-1740.2399999999989,5
8570,1239,95,155,0,155,155,0,0,40,40,0,40,245,25,14553.18,21250.0,-6696.82,5
8571,1239,80,150,0,150,140,0,10,55,55,0,55,215,30,15189.840000000002,19550.0,-4360.159999999998,5
8572,1239,100,145,0,145,130,0,15,55,55,0,50,225,50,31225.005000000012,20825.0,10400.00500000001,5
8573,1239,145,130,0,130,130,0,0,55,55,0,55,270,30,16660.620000000003,23375.0,-6714.379999999999,5
8574,1239,80,150,0,150,150,0,0,45,45,0,45,225,55,34995.015,19550.0,15445.015,5
8575,1239,95,155,0,155,155,0,0,45,45,0,45,245,40,24804.269999999997,21250.0,3554.269999999997,5
8576,1239,75,155,0,155,155,0,0,40,40,0,40,225,15,10997.37,19550.0,-8552.63,5
8577,1239,135,115,0,115,110,0,5,35,35,0,35,240,40,23969.61,21250.0,2719.6100000000024,5
8578,1239,125,150,0,150,135,0,15,50,50,0,50,255,30,17077.860000000004,23375.0,-6297.139999999998,5
8579,1239,140,125,0,125,100,0,25,60,60,0,60,235,30,18548.370000000003,22525.0,-3976.629999999998,5
8580,1239,55,160,0,160,120,10,30,45,45,0,40,170,50,30927.870000000003,18275.0,12652.870000000003,5
8581,1239,100,150,0,150,145,0,5,40,40,0,35,240,20,10536.12,21250.0,-10713.88,5
8582,1239,135,135,0,135,120,0,15,40,40,0,40,250,30,18548.010000000002,22950.0,-4401.989999999998,5
8583,1239,130,130,0,130,120,0,10,65,65,0,60,245,50,32289.525,22100.0,10189.525000000003,5
8584,1239,135,135,0,135,135,0,0,45,45,0,45,265,65,43176.869999999995,22950.0,20226.87,5
8585,1239,95,165,0,165,140,15,10,40,40,0,40,230,10,4872.960000000001,22100.0,-17227.04,5
8586,1239,90,130,0,130,120,0,10,60,60,0,60,205,100,70247.35125,18700.0,51547.35125000001,5
8587,1239,115,140,0,140,140,0,0,30,30,0,30,250,35,20875.050000000007,21675.0,-799.9499999999944,5
8588,1239,65,180,0,180,150,0,30,30,30,0,30,210,5,2238.8400000000006,20825.0,-18586.16,5
8589,1239,85,140,0,140,95,10,35,60,60,0,60,175,75,51314.76000000001,19125.0,32189.760000000006,5
8590,1239,130,140,0,140,135,0,5,45,45,0,45,260,30,15233.760000000002,22950.0,-7716.239999999998,5
8591,1239,135,115,0,115,110,0,5,70,70,0,70,240,45,26691.75,21250.0,5441.750000000002,5
8592,1239,95,145,0,145,135,0,10,45,45,0,45,225,30,17098.74,20400.0,-3301.2599999999975,5
8593,1239,100,150,0,150,145,0,5,35,35,0,35,240,20,10184.760000000002,21250.0,-11065.239999999998,5
8594,1239,85,160,0,160,130,20,10,70,70,0,70,210,45,25111.620000000003,20825.0,4286.620000000003,5
8595,1239,85,150,0,150,125,0,25,50,50,0,50,205,75,55630.420312500006,19975.0,35655.420312500006,5
8596,1239,70,160,0,160,140,0,20,40,40,0,35,205,25,13697.100000000002,19550.0,-5852.899999999998,5
8597,1239,70,150,0,150,140,10,0,55,55,0,55,205,45,24013.980000000003,18700.0,5313.980000000001,5
8598,1239,130,145,0,145,140,0,5,30,30,0,25,265,40,28398.802500000005,23375.0,5023.802500000006,5
8599,1239,85,155,0,155,145,0,10,35,35,0,35,225,5,2590.2000000000003,20400.0,-17809.8,5
8600,1239,100,155,0,155,125,0,30,45,45,0,45,220,25,14092.380000000003,21675.0,-7582.619999999997,5
8601,1239,95,130,0,130,125,0,5,55,55,0,55,215,45,27613.799999999996,19125.0,8488.799999999996,5
8602,1239,85,150,0,150,130,5,15,55,55,0,55,210,70,48566.18250000001,19975.0,28591.182500000014,5
8603,1239,145,120,0,120,120,0,0,50,50,0,50,260,40,22806.360000000004,22525.0,281.3600000000042,5
8604,1239,110,150,0,150,135,0,15,45,45,0,45,240,25,13938.66,22100.0,-8161.34,5
8605,1239,105,155,0,155,130,0,25,35,35,0,35,230,60,40959.85500000001,22100.0,18859.85500000001,5
8606,1239,50,185,0,185,145,25,15,45,45,0,45,190,30,18339.75,19975.0,-1635.2499999999986,5
8607,1239,130,140,0,140,115,0,25,55,55,0,55,240,55,34352.685000000005,22950.0,11402.685000000005,5
8608,1239,110,145,0,145,125,15,5,55,55,0,55,230,35,18416.34,21675.0,-3258.66,5
8609,1239,70,180,0,180,140,10,30,50,50,0,50,205,20,9965.52,21250.0,-11284.48,5
8610,1239,170,110,0,110,105,0,5,70,70,0,65,270,50,29984.31000000001,23800.0,6184.3100000000095,5
8611,1239,70,165,0,165,135,25,5,45,45,0,45,200,50,29249.01000000001,19975.0,9274.010000000007,5
8612,1239,135,135,0,135,130,0,5,45,45,0,45,260,65,40959.54000000001,22950.0,18009.54000000001,5
8613,1239,90,125,0,125,125,0,0,70,70,0,65,210,70,42287.985,18275.0,24012.985,5
8614,1239,105,160,0,160,135,0,25,35,35,0,35,235,15,7507.080000000001,22525.0,-15017.919999999998,5
8615,1239,155,130,0,130,130,0,0,40,40,0,40,280,50,32881.41,24225.0,8656.41,5
8616,1239,130,150,0,150,145,0,5,40,40,0,40,270,20,10492.200000000003,23800.0,-13307.799999999997,5
8617,1239,115,135,0,135,135,0,0,50,50,0,50,245,50,30093.840000000004,21250.0,8843.840000000004,5
8618,1239,150,125,0,125,120,0,5,45,45,0,40,265,55,39891.40875000001,23375.0,16516.40875000001,5
8619,1239,60,160,0,160,145,0,15,50,50,0,50,200,40,24342.84,18700.0,5642.840000000001,5
8620,1239,135,120,0,120,120,0,0,50,50,0,50,250,70,51839.11125,21675.0,30164.111250000005,5
8621,1239,125,130,0,130,125,5,0,55,55,0,55,245,65,46259.85375,21675.0,24584.853750000002,5
8622,1239,90,155,0,155,130,0,25,60,60,0,55,215,65,40981.905,20825.0,20156.905,5
8623,1239,75,160,0,160,135,20,5,45,45,0,45,205,65,43132.9725,19975.0,23157.972500000003,5
8624,1239,85,150,0,150,115,35,0,55,55,0,55,195,50,30071.880000000005,19975.0,10096.880000000005,5
8625,1239,95,150,0,150,120,0,30,45,45,0,45,210,25,13741.02,20825.0,-7083.98,5
8626,1239,110,140,0,140,130,0,10,45,45,0,45,235,80,57142.935000000005,21250.0,35892.935000000005,5
8627,1239,120,155,0,155,95,25,35,70,70,0,70,210,40,21731.22,23375.0,-1643.779999999997,5
8628,1239,65,175,0,175,140,0,35,30,30,0,30,200,20,10843.380000000001,20400.0,-9556.619999999999,5
8629,1239,90,140,0,140,140,0,0,60,60,0,60,225,45,24804.000000000007,19550.0,5254.0000000000055,5
8630,1239,70,165,0,165,160,0,5,35,35,0,35,225,40,28019.992500000004,19975.0,8044.992500000003,5
8631,1239,95,155,0,155,135,0,20,50,50,0,50,225,50,30149.37,21250.0,8899.369999999999,5
8632,1239,105,150,0,150,120,10,20,65,65,0,65,220,60,34670.97,21675.0,12995.970000000001,5
8633,1239,70,140,0,140,130,0,10,55,55,0,55,195,55,36328.05,17850.0,18478.050000000003,5
8634,1239,125,125,0,125,120,0,5,50,50,0,50,240,55,35823.51,21250.0,14573.510000000002,5
8635,1239,85,165,0,165,155,0,10,35,35,0,35,235,35,20940.660000000003,21250.0,-309.3399999999974,5
8636,1239,110,140,0,140,130,0,10,35,35,0,35,235,25,14509.080000000002,21250.0,-6740.919999999998,5
8637,1239,80,160,0,160,130,5,25,45,45,0,45,205,20,11523.600000000002,20400.0,-8876.399999999998,5
8638,1239,85,150,0,150,145,5,0,50,50,0,50,225,45,28865.250000000007,19975.0,8890.250000000005,5
8639,1239,130,130,0,130,125,5,0,35,35,0,35,250,15,8955.360000000002,22100.0,-13144.64,5
8640,1239,80,150,0,150,150,0,0,50,50,0,50,225,10,4829.040000000001,19550.0,-14720.96,5
8641,1239,185,90,0,90,85,0,5,55,55,0,55,265,45,28206.45,23375.0,4831.45,5
8642,1239,110,145,0,145,145,0,0,40,40,0,40,250,25,12775.320000000002,21675.0,-8899.679999999998,5
8643,1239,130,140,0,140,135,0,5,35,35,0,35,260,35,19645.56,22950.0,-3304.4399999999996,5
8644,1239,130,145,0,145,130,0,15,45,45,0,45,255,40,23256.629999999997,23375.0,-118.37000000000444,5
8645,1239,90,165,0,165,150,0,15,40,40,0,40,235,25,12599.640000000001,21675.0,-9075.359999999999,5
8646,1239,75,135,0,135,110,15,10,75,75,0,70,180,95,57620.61000000002,17850.0,39770.61000000002,5
8647,1239,45,205,0,205,145,20,40,30,30,0,30,185,30,17988.39,21250.0,-3261.6100000000006,5
8648,1239,115,145,0,145,110,0,35,55,55,0,50,220,60,45212.85,22100.0,23112.85,5
8649,1239,135,130,0,130,115,0,15,45,45,0,45,245,45,26099.100000000002,22525.0,3574.100000000003,5
8650,1239,80,155,0,155,150,0,5,30,30,0,30,225,25,13762.98,19975.0,-6212.02,5
8651,1239,90,135,0,135,100,15,20,50,50,0,50,185,60,45237.52125000002,19125.0,26112.52125000002,5
8652,1239,115,140,0,140,120,0,20,50,50,0,45,230,70,48044.475000000006,21675.0,26369.475000000002,5
8653,1239,75,155,0,155,150,0,5,35,35,0,35,220,65,48899.32875,19550.0,29349.328750000004,5
8654,1239,120,140,0,140,130,0,10,50,50,0,50,245,45,26208.540000000008,22100.0,4108.540000000007,5
8655,1239,60,180,0,180,120,40,20,55,55,0,55,175,70,45350.055,20400.0,24950.055,5
8656,1239,80,150,0,150,150,0,0,35,35,0,35,225,60,46581.95250000001,19550.0,27031.952500000007,5
8657,1239,145,130,0,130,120,0,10,35,35,0,30,260,45,28107.630000000005,23375.0,4732.630000000004,5
8658,1239,165,115,0,115,115,0,0,45,45,0,45,275,65,45229.545000000006,23800.0,21429.545000000006,5
8659,1239,120,120,0,120,120,0,0,60,60,0,60,235,50,32673.060000000005,20400.0,12273.060000000005,5
8660,1239,80,160,0,160,150,0,10,25,25,0,25,225,20,11590.020000000002,20400.0,-8809.979999999998,5
8661,1239,90,140,0,140,135,0,5,40,40,0,40,220,65,51578.700468749994,19550.0,32028.700468749994,5
8662,1239,90,140,0,140,125,10,5,60,60,0,60,210,30,16506.9,19550.0,-3043.099999999997,5
8663,1239,110,130,0,130,115,0,15,50,50,0,50,220,35,19074.420000000002,20400.0,-1325.5799999999977,5
8664,1239,50,175,0,175,145,0,30,40,40,0,35,190,55,33880.32,19125.0,14755.319999999996,5
8665,1239,130,130,0,130,125,5,0,50,50,0,50,250,80,53383.736250000016,22100.0,31283.73625000002,5
8666,1239,110,150,0,150,140,5,5,40,40,0,40,245,30,17143.38,22100.0,-4956.619999999998,5
8667,1239,180,120,0,120,115,0,5,40,40,0,40,290,15,7682.76,25500.0,-17817.239999999998,5
8668,1239,150,120,0,120,110,0,10,70,70,0,70,255,75,47476.68750000001,22950.0,24526.687500000007,5
8669,1239,75,145,0,145,140,0,5,70,70,0,70,210,30,15102.0,18700.0,-3597.9999999999995,5
8670,1239,100,130,0,130,125,0,5,65,65,0,65,220,70,50877.39375,19550.0,31327.393750000003,5
8671,1239,120,155,0,155,130,0,25,40,40,0,40,245,30,16704.54,23375.0,-6670.459999999998,5
8672,1239,95,140,0,140,125,10,5,65,65,0,65,215,45,26021.97,19975.0,6046.970000000001,5
8673,1239,55,180,0,180,180,0,0,20,20,0,20,230,25,15497.28,19975.0,-4477.719999999999,5
8674,1239,85,135,0,135,135,0,0,45,45,0,45,215,50,30697.83000000001,18700.0,11997.830000000009,5
8675,1239,130,130,0,130,125,0,5,55,55,0,55,250,25,13609.260000000002,22100.0,-8490.739999999998,5
8676,1239,105,150,0,150,120,0,30,70,70,0,65,220,40,22016.7,21675.0,341.7000000000007,5
8677,1239,95,140,0,140,110,25,5,50,50,0,50,200,40,24869.880000000005,19975.0,4894.880000000003,5
8678,1239,85,165,0,165,130,0,35,60,60,0,60,210,50,29523.780000000006,21250.0,8273.780000000006,5
8679,1239,110,125,0,125,125,0,0,50,50,0,50,230,80,58649.501249999994,19975.0,38674.501249999994,5
8680,1239,90,160,0,160,160,0,0,50,50,0,50,245,50,34792.155,21250.0,13542.155000000002,5
8681,1239,145,120,0,120,115,0,5,65,65,0,65,255,55,35801.28000000001,22525.0,13276.28000000001,5
8682,1239,80,155,0,155,130,0,25,45,45,0,45,205,60,40042.62000000001,19975.0,20067.62000000001,5
8683,1239,195,120,0,120,120,0,0,30,30,0,30,310,15,7507.080000000001,26775.0,-19267.92,5
8684,1239,140,150,0,150,135,0,15,40,40,0,40,270,25,12687.48,24650.0,-11962.52,5
8685,1239,85,150,0,150,135,5,10,45,45,0,40,215,40,24419.969999999998,19975.0,4444.969999999998,5
8686,1239,75,185,0,185,125,35,25,45,45,0,40,195,25,13389.840000000002,22100.0,-8710.159999999998,5
8687,1239,85,165,0,165,165,0,0,45,45,0,45,245,20,9965.52,21250.0,-11284.48,5
8688,1239,60,165,0,165,135,5,25,45,45,0,45,190,50,31553.910000000003,19125.0,12428.910000000005,5
8689,1239,100,155,0,155,150,0,5,40,40,0,40,245,5,2458.44,21675.0,-19216.559999999998,5
8690,1239,130,110,0,110,110,0,0,40,40,0,40,235,40,27288.945000000007,20400.0,6888.945000000008,5
8691,1239,130,150,0,150,150,0,0,25,25,0,20,275,15,9416.52,23800.0,-14383.48,5
8692,1239,190,100,0,100,90,0,10,45,45,0,45,275,80,60852.8925,24650.0,36202.8925,5
8693,1239,85,155,0,155,130,0,25,45,45,0,45,210,25,13916.700000000003,20400.0,-6483.299999999997,5
8694,1239,110,145,0,145,145,0,0,45,45,0,45,250,40,22872.600000000002,21675.0,1197.6000000000022,5
8695,1239,100,145,0,145,140,0,5,35,35,0,35,235,35,19953.0,20825.0,-871.9999999999982,5
8696,1239,110,145,0,145,125,0,20,50,50,0,50,230,30,17055.54,21675.0,-4619.459999999999,5
8697,1239,70,150,0,150,140,5,5,60,60,0,55,205,50,27152.82,18700.0,8452.820000000002,5
8698,1239,130,150,0,150,135,0,15,25,25,0,25,260,15,7462.800000000002,23800.0,-16337.199999999997,5
8699,1239,90,150,0,150,150,0,0,30,30,0,30,235,30,23232.127500000002,20400.0,2832.1275000000014,5
8700,1239,80,165,0,165,140,5,20,40,40,0,40,215,25,12687.48,20825.0,-8137.5199999999995,5
8701,1239,80,135,0,135,115,0,20,50,50,0,50,190,50,34133.355,18275.0,15858.355000000007,5
8702,1239,65,175,0,175,125,15,35,55,55,0,55,185,20,13367.970000000003,20400.0,-7032.029999999997,5
8703,1239,90,155,0,155,130,0,25,60,60,0,55,215,60,36064.8,20825.0,15239.800000000005,5
8704,1239,75,135,0,135,135,0,0,50,50,0,45,205,35,19272.420000000006,17850.0,1422.4200000000042,5
8705,1239,120,135,0,135,125,0,10,50,50,0,50,240,45,29287.575,21675.0,7612.575000000002,5
8706,1239,115,155,0,155,140,0,15,35,35,0,30,250,20,10009.440000000002,22950.0,-12940.559999999998,5
8707,1239,130,145,0,145,140,0,5,35,35,0,30,265,35,19887.120000000003,23375.0,-3487.8799999999956,5
8708,1239,80,155,0,155,150,0,5,40,40,0,40,225,25,14224.14,19975.0,-5750.860000000001,5
8709,1239,95,145,0,145,140,0,5,55,55,0,55,230,45,25770.240000000005,20400.0,5370.240000000003,5
8710,1239,110,160,0,160,160,0,0,30,30,0,30,265,15,7419.240000000001,22950.0,-15530.76,5
8711,1239,75,170,0,170,160,0,10,30,30,0,30,230,25,17626.185000000005,20825.0,-3198.814999999995,5
8712,1239,80,160,0,160,155,0,5,30,30,0,30,230,15,8824.140000000001,20400.0,-11575.859999999997,5
8713,1239,80,140,0,140,135,5,0,65,65,0,65,210,35,18131.04,18700.0,-568.9599999999996,5
8714,1239,80,155,0,155,135,0,20,30,30,0,30,210,35,21511.620000000003,19975.0,1536.6200000000026,5
8715,1239,130,140,0,140,125,0,15,55,55,0,55,250,50,29545.740000000005,22950.0,6595.740000000005,5
8716,1239,130,130,0,130,130,0,0,55,55,0,55,255,20,11677.86,22100.0,-10422.14,5
8717,1239,105,145,0,145,120,0,25,40,40,0,40,220,35,22553.415000000005,21250.0,1303.4150000000045,5
8718,1239,115,140,0,140,140,0,0,45,45,0,45,250,35,19075.14,21675.0,-2599.860000000001,5
8719,1239,105,165,0,165,150,0,15,50,50,0,50,250,30,15672.960000000001,22950.0,-7277.039999999999,5
8720,1239,100,145,0,145,140,0,5,40,40,0,40,235,55,33277.05,20825.0,12452.050000000003,5
8721,1239,140,150,0,150,140,0,10,40,40,0,40,275,25,12467.880000000001,24650.0,-12182.119999999999,5
8722,1239,90,150,0,150,135,0,15,45,45,0,45,220,30,18679.86,20400.0,-1720.139999999999,5
8723,1239,135,130,0,130,130,0,0,25,25,0,25,260,40,29598.693750000006,22525.0,7073.693750000007,5
8724,1239,115,150,0,150,135,0,15,40,40,0,35,245,50,32596.492500000008,22525.0,10071.492500000008,5
8725,1239,65,160,0,160,150,0,10,50,50,0,45,210,20,11348.460000000003,19125.0,-7776.539999999997,5
8726,1239,105,150,0,150,140,0,10,25,25,0,25,240,35,24908.175000000003,21675.0,3233.175000000001,5
8727,1239,120,130,0,130,105,0,25,70,70,0,70,220,75,48104.729999999996,21250.0,26854.73,5
8728,1239,135,150,0,150,140,0,10,25,25,0,25,270,5,2458.44,24225.0,-21766.559999999998,5
8729,1239,85,135,0,135,115,10,10,75,75,0,75,195,60,34967.07000000001,18700.0,16267.070000000003,5
8730,1239,115,150,0,150,140,0,10,40,40,0,40,250,25,14246.100000000002,22525.0,-8278.899999999998,5
8731,1239,60,180,0,180,170,0,10,35,35,0,35,225,15,7726.680000000001,20400.0,-12673.32,5
8732,1239,100,140,0,140,125,5,10,50,50,0,50,220,50,28414.440000000002,20400.0,8014.440000000004,5
8733,1239,65,175,0,175,140,20,15,45,45,0,45,200,45,26955.54,20400.0,6555.540000000001,5
8734,1239,80,155,0,155,140,0,15,55,55,0,50,215,45,24321.42,19975.0,4346.419999999998,5
8735,1239,135,140,0,140,105,0,35,40,40,0,40,235,30,16418.700000000004,23375.0,-6956.2999999999965,5
8736,1239,130,135,0,135,135,0,0,55,55,0,55,260,45,24233.58,22525.0,1708.5800000000017,5
8737,1239,100,145,0,145,135,0,10,40,40,0,40,230,45,29369.925000000003,20825.0,8544.925000000003,5
8738,1239,85,145,0,145,140,0,5,35,35,0,35,220,60,44026.666875,19550.0,24476.666875000003,5
8739,1239,75,180,0,180,130,20,30,40,40,0,40,200,15,7463.16,21675.0,-14211.84,5
8740,1239,85,160,0,160,150,0,10,50,50,0,50,230,40,23399.28,20825.0,2574.279999999999,5
8741,1239,90,130,0,130,130,0,0,40,40,0,40,215,65,51985.904062500005,18700.0,33285.904062500005,5
8742,1239,120,150,0,150,150,0,0,35,35,0,35,265,20,11304.54,22950.0,-11645.46,5
8743,1239,90,150,0,150,125,10,15,55,55,0,55,210,35,19272.780000000006,20400.0,-1127.2199999999953,5
8744,1239,65,160,0,160,135,10,15,60,60,0,60,195,30,18460.530000000002,19125.0,-664.4699999999989,5
8745,1239,85,145,0,145,135,0,10,55,55,0,55,215,45,27899.19,19550.0,8349.189999999999,5
8746,1239,90,175,0,175,165,0,10,30,30,0,30,250,25,12687.48,22525.0,-9837.52,5
8747,1239,105,140,0,140,135,0,5,40,40,0,40,235,40,23662.530000000002,20825.0,2837.5300000000016,5
8748,1239,130,135,0,135,120,0,15,45,45,0,45,245,35,25215.682500000003,22525.0,2690.6825000000026,5
8749,1239,120,160,0,160,155,0,5,30,30,0,30,270,20,10536.480000000001,23800.0,-13263.519999999999,5
8750,1239,90,140,0,140,135,0,5,55,55,0,55,220,65,42386.670000000006,19550.0,22836.670000000006,5
8751,1239,90,145,0,145,130,10,5,65,65,0,60,215,65,46354.2525,19975.0,26379.252500000002,5
8752,1239,120,135,0,135,130,0,5,55,55,0,50,245,45,28695.195000000003,21675.0,7020.195000000003,5
8753,1239,195,135,0,135,135,0,0,20,20,0,15,325,15,7770.6,28050.0,-20279.4,5
8754,1239,70,150,0,150,145,0,5,55,55,0,50,210,20,9921.240000000002,18700.0,-8778.759999999998,5
8755,1239,135,130,0,130,130,0,0,40,40,0,40,260,30,18065.16,22525.0,-4459.839999999999,5
8756,1239,115,145,0,145,140,0,5,45,45,0,45,250,20,10755.720000000001,22100.0,-11344.279999999999,5
8757,1239,145,115,0,115,115,0,0,65,65,0,65,255,75,52654.41,22100.0,30554.410000000007,5
8758,1239,130,145,0,145,135,0,10,40,40,0,40,260,40,24167.610000000004,23375.0,792.6100000000042,5
8759,1239,130,120,0,120,105,0,15,60,60,0,60,230,10,5136.120000000001,21250.0,-16113.88,5
8760,1239,140,130,0,130,125,0,5,45,45,0,45,260,70,51080.29875000001,22950.0,28130.29875000001,5
8761,1239,70,160,0,160,150,0,10,55,55,0,55,215,35,17033.4,19550.0,-2516.5999999999985,5
8762,1239,155,115,0,115,115,0,0,70,70,0,70,265,50,28513.89,22950.0,5563.890000000001,5
8763,1239,70,155,0,155,140,15,0,55,55,0,55,205,85,62385.485624999994,19125.0,43260.485624999994,5
8764,1239,120,130,0,130,130,0,0,55,55,0,50,245,35,19272.240000000005,21250.0,-1977.7599999999961,5
8765,1239,60,175,0,175,125,5,45,45,45,0,45,180,20,10228.68,19975.0,-9746.32,5
8766,1239,120,150,0,150,140,0,10,15,15,0,15,255,15,10503.270000000002,22950.0,-12446.729999999998,5
8767,1239,145,135,0,135,125,0,10,55,55,0,55,265,40,20194.56,23800.0,-3605.4399999999987,5
8768,1239,80,145,0,145,120,15,10,45,45,0,45,195,35,24683.625,19125.0,5558.625000000002,5
8769,1239,130,150,0,150,115,30,5,50,50,0,50,240,15,9153.54,23800.0,-14646.46,5
8770,1239,160,120,0,120,115,0,5,40,40,0,40,270,35,21478.41,23800.0,-2321.590000000001,5
8771,1239,75,155,0,155,135,5,15,50,50,0,45,205,90,62718.277500000004,19550.0,43168.277500000004,5
8772,1239,80,145,0,145,135,0,10,45,45,0,45,210,80,65526.60375,19125.0,46401.60375,5
8773,1239,80,165,0,165,135,10,20,55,55,0,55,210,40,23355.450000000004,20825.0,2530.4500000000053,5
8774,1239,120,120,0,120,115,0,5,60,60,0,60,230,45,27887.67,20400.0,7487.669999999998,5
8775,1239,95,140,0,140,130,0,10,60,60,0,60,220,30,20628.135000000002,19975.0,653.135000000002,5
8776,1239,100,140,0,140,105,5,30,75,75,0,70,200,60,34199.100000000006,20400.0,13799.100000000002,5
8777,1239,85,165,0,165,145,0,20,30,30,0,30,225,35,24036.345,21250.0,2786.345000000001,5
8778,1239,95,165,0,165,130,0,35,35,35,0,35,220,40,25813.890000000007,22100.0,3713.890000000006,5
8779,1239,80,165,0,165,150,0,15,30,30,0,30,225,45,30105.585,20825.0,9280.585000000001,5
8780,1239,135,135,0,135,110,20,5,60,60,0,55,240,45,29589.525,22950.0,6639.525000000003,5
8781,1239,75,165,0,165,140,0,25,35,35,0,35,210,50,33403.455,20400.0,13003.454999999998,5
8782,1239,90,160,0,160,140,0,20,40,40,0,40,225,50,32135.805000000004,21250.0,10885.805000000004,5
8783,1239,80,150,0,150,145,0,5,30,30,0,30,220,5,2414.5200000000004,19550.0,-17135.48,5
8784,1239,70,150,0,150,140,0,10,55,55,0,55,205,80,52500.28500000001,18700.0,33800.28500000001,5
8785,1239,65,165,0,165,155,0,10,45,45,0,45,215,40,23267.520000000004,19550.0,3717.520000000004,5
8786,1239,80,145,0,145,140,0,5,45,45,0,45,215,45,29254.275,19125.0,10129.275000000001,5
8787,1239,125,140,0,140,130,0,10,45,45,0,45,250,55,32958.63,22525.0,10433.629999999997,5
8788,1239,105,145,0,145,115,0,30,55,55,0,50,215,80,53230.09500000001,21250.0,31980.09500000001,5
8789,1239,65,160,0,160,150,0,10,35,35,0,35,210,15,7462.800000000002,19125.0,-11662.199999999997,5
8790,1239,125,130,0,130,115,0,15,55,55,0,55,235,50,31959.990000000005,21675.0,10284.990000000007,5
8791,1239,115,140,0,140,115,0,25,55,55,0,55,225,75,51172.31250000001,21675.0,29497.312500000007,5
8792,1239,135,130,0,130,130,0,0,55,55,0,55,260,40,24343.38,22525.0,1818.380000000002,5
8793,1239,115,125,0,125,120,0,5,50,50,0,50,230,45,24386.94,20400.0,3986.9399999999996,5
8794,1239,115,145,0,145,140,0,5,40,40,0,40,250,40,25353.270000000004,22100.0,3253.2700000000023,5
8795,1239,80,155,0,155,125,0,30,50,50,0,50,200,45,26362.440000000002,19975.0,6387.440000000001,5
8796,1239,95,155,0,155,150,0,5,35,35,0,30,240,20,12094.74,21250.0,-9155.26,5
8797,1239,85,160,0,160,140,0,20,40,40,0,40,220,35,18130.680000000004,20825.0,-2694.3199999999956,5
8798,1239,85,145,0,145,135,0,10,55,55,0,50,215,35,23185.395000000004,19550.0,3635.395000000003,5
8799,1239,95,145,0,145,145,0,0,50,50,0,50,235,40,22784.760000000002,20400.0,2384.760000000001,5
8800,1239,105,150,0,150,125,5,20,55,55,0,55,225,20,10316.880000000001,21675.0,-11358.119999999999,5
8801,1239,150,120,0,120,105,0,15,65,65,0,65,250,55,30884.400000000005,22950.0,7934.400000000005,5
8802,1239,95,135,0,135,115,0,20,70,70,0,70,205,60,35965.62000000001,19550.0,16415.62000000001,5
8803,1239,140,130,0,130,120,0,10,40,40,0,40,255,30,15145.200000000004,22950.0,-7804.799999999996,5
8804,1239,90,155,0,155,120,20,15,60,60,0,60,205,30,15277.680000000002,20825.0,-5547.319999999998,5
8805,1239,95,140,0,140,120,15,5,65,65,0,65,210,55,32442.75,19975.0,12467.75,5
8806,1239,130,125,0,125,120,0,5,55,55,0,55,245,70,45495.37125000001,21675.0,23820.371250000007,5
8807,1239,80,155,0,155,135,0,20,55,55,0,50,210,35,18328.5,19975.0,-1646.4999999999986,5
8808,1239,150,145,0,145,110,5,30,60,60,0,60,255,35,18460.260000000002,25075.0,-6614.74,5
8809,1239,65,155,0,155,140,0,15,45,45,0,40,200,35,21226.140000000007,18700.0,2526.140000000005,5
8810,1239,100,145,0,145,140,0,5,35,35,0,35,235,20,11458.26,20825.0,-9366.74,5
8811,1239,95,145,0,145,140,5,0,50,50,0,50,230,30,18328.77,20400.0,-2071.229999999998,5
8812,1239,140,130,0,130,115,0,15,55,55,0,55,250,35,18613.980000000003,22950.0,-4336.019999999997,5
8813,1239,75,170,0,170,140,0,30,40,40,0,40,210,15,7858.4400000000005,20825.0,-12966.56,5
8814,1239,95,170,0,170,150,0,20,25,25,0,25,240,25,15957.900000000005,22525.0,-6567.099999999996,5
8815,1239,80,145,0,145,120,5,20,60,60,0,60,195,35,18701.460000000003,19125.0,-423.53999999999814,5
8816,1239,75,140,0,140,120,0,20,65,65,0,65,190,50,30884.490000000005,18275.0,12609.490000000005,5
8817,1239,125,130,0,130,130,0,0,45,45,0,40,250,50,33365.159999999996,21675.0,11690.159999999996,5
8818,1239,85,145,0,145,145,0,0,45,45,0,40,225,30,15716.340000000002,19550.0,-3833.6599999999976,5
8819,1239,70,160,0,160,140,0,20,35,35,0,35,205,30,19876.41,19550.0,326.41000000000076,5
8820,1239,95,160,0,160,150,0,10,25,25,0,25,240,10,5048.64,21675.0,-16626.36,5
8821,1239,105,140,0,140,140,0,0,55,55,0,55,240,30,15014.160000000002,20825.0,-5810.839999999998,5
8822,1239,45,190,0,190,185,0,5,35,35,0,35,225,30,16946.100000000002,19975.0,-3028.8999999999987,5
8823,1239,85,165,0,165,160,0,5,25,25,0,25,240,5,3072.9600000000005,21250.0,-18177.04,5
8824,1239,130,125,0,125,105,0,20,55,55,0,55,230,20,10053.36,21675.0,-11621.639999999998,5
8825,1239,80,160,0,160,130,0,30,55,55,0,55,205,25,14575.140000000003,20400.0,-5824.859999999997,5
8826,1239,45,180,0,180,165,0,15,35,35,0,35,205,35,19426.14,19125.0,301.1400000000003,5
8827,1239,55,180,0,180,130,25,25,45,45,0,45,180,65,44724.262500000004,19975.0,24749.262500000004,5
8828,1239,60,160,0,160,130,5,25,45,45,0,45,185,70,46387.12500000001,18700.0,27687.125000000007,5
8829,1239,110,135,0,135,105,5,25,60,60,0,55,210,55,33606.450000000004,20825.0,12781.450000000004,5
8830,1239,125,140,0,140,140,0,0,30,30,0,30,260,30,18010.350000000002,22525.0,-4514.65,5
8831,1239,50,190,0,190,155,0,35,30,30,0,30,200,15,7594.920000000001,20400.0,-12805.079999999998,5
8832,1239,80,150,0,150,135,15,0,55,55,0,55,210,65,38172.240000000005,19550.0,18622.24,5
8833,1239,95,120,0,120,105,5,10,60,60,0,60,195,65,52217.715937500005,18275.0,33942.715937500005,5
8834,1239,95,140,0,140,135,0,5,40,40,0,40,225,25,13389.660000000003,19975.0,-6585.3399999999965,5
8835,1239,100,135,0,135,125,5,5,60,60,0,55,220,50,36050.028750000005,19975.0,16075.028750000005,5
8836,1239,90,145,0,145,140,0,5,50,50,0,50,225,30,15957.900000000001,19975.0,-4017.099999999998,5
8837,1239,110,135,0,135,125,0,10,50,50,0,50,230,25,13982.04,20825.0,-6842.959999999998,5
8838,1239,65,180,0,180,150,0,30,30,30,0,30,210,25,14026.5,20825.0,-6798.499999999999,5
8839,1239,80,140,0,140,135,5,0,40,40,0,40,210,50,41394.25968750001,18700.0,22694.25968750001,5
8840,1239,85,165,0,165,125,5,35,60,60,0,60,205,65,39621.060000000005,21250.0,18371.06,5
8841,1239,135,145,0,145,120,0,25,45,45,0,45,250,35,19338.66,23800.0,-4461.34,5
8842,1239,120,140,0,140,130,0,10,55,55,0,55,245,25,15541.2,22100.0,-6558.799999999999,5
8843,1239,170,120,0,120,120,0,0,50,50,0,50,285,65,42622.875,24650.0,17972.875000000004,5
8844,1239,55,165,0,165,105,40,20,45,45,0,45,155,60,36777.509999999995,18700.0,18077.51,5
8845,1239,65,160,0,160,130,0,30,40,40,0,35,190,25,14465.160000000003,19125.0,-4659.8399999999965,5
8846,1239,110,140,0,140,140,0,0,35,35,0,35,245,35,20436.120000000003,21250.0,-813.8799999999992,5
8847,1239,130,150,0,150,140,0,10,50,50,0,50,265,40,23026.320000000007,23800.0,-773.6799999999948,5
8848,1239,105,155,0,155,155,0,0,25,25,0,25,255,15,9592.2,22100.0,-12507.8,5
8849,1239,95,165,0,165,90,50,25,65,65,0,65,180,55,32388.21,22100.0,10288.21,5
8850,1239,110,145,0,145,130,0,15,40,40,0,40,235,25,13982.580000000002,21675.0,-7692.419999999997,5
8851,1239,80,155,0,155,145,0,10,45,45,0,45,220,70,45454.16250000002,19975.0,25479.16250000002,5
8852,1239,125,130,0,130,115,0,15,45,45,0,45,235,15,7638.84,21675.0,-14036.16,5
8853,1239,120,135,0,135,130,0,5,45,45,0,45,245,40,27201.915000000008,21675.0,5526.915000000008,5
8854,1239,95,140,0,140,140,0,0,40,40,0,40,230,35,22400.370000000003,19975.0,2425.3700000000026,5
8855,1239,115,130,0,130,120,0,10,55,55,0,55,230,55,35055.18000000001,20825.0,14230.18000000001,5
8856,1239,95,135,0,135,120,10,5,60,60,0,60,210,65,49432.83750000001,19550.0,29882.837500000005,5
8857,1239,120,140,0,140,100,5,35,60,60,0,60,215,70,46870.245,22100.0,24770.245000000003,5
8858,1239,110,155,0,155,145,0,10,60,60,0,55,250,40,23849.190000000002,22525.0,1324.1900000000032,5
8859,1239,135,130,0,130,115,0,15,55,55,0,55,245,35,19645.74,22525.0,-2879.259999999997,5
8860,1239,145,135,0,135,125,0,10,45,45,0,40,265,45,30986.2575,23800.0,7186.2575000000015,5
8861,1239,125,140,0,140,130,0,10,40,40,0,40,250,30,16243.38,22525.0,-6281.620000000001,5
8862,1239,135,135,0,135,125,0,10,40,40,0,40,255,40,22872.600000000002,22950.0,-77.39999999999782,5
8863,1239,65,185,0,185,140,0,45,45,45,0,45,200,30,18746.010000000002,21250.0,-2503.9899999999966,5
8864,1239,75,165,0,165,110,20,35,40,40,0,40,180,60,40976.4825,20400.0,20576.482500000002,5
8865,1239,75,170,0,170,155,15,0,40,40,0,40,225,30,17340.84,20825.0,-3484.1599999999994,5
8866,1239,120,130,0,130,125,0,5,60,60,0,55,240,40,22543.2,21250.0,1293.2000000000016,5
8867,1239,60,160,0,160,145,0,15,45,45,0,45,200,40,23662.440000000006,18700.0,4962.440000000006,5
8868,1239,70,160,0,160,130,5,25,60,60,0,60,195,40,22082.22,19550.0,2532.220000000002,5
8869,1239,90,160,0,160,160,0,0,30,30,0,30,245,5,2414.5200000000004,21250.0,-18835.48,5
8870,1239,85,160,0,160,155,0,5,35,35,0,35,235,25,12599.640000000001,20825.0,-8225.359999999999,5
8871,1239,90,160,0,160,145,0,15,35,35,0,35,230,20,11282.580000000002,21250.0,-9967.419999999998,5
8872,1239,95,135,0,135,125,0,10,40,40,0,40,215,50,31948.920000000006,19550.0,12398.920000000007,5
8873,1239,100,140,0,140,130,0,10,40,40,0,40,225,55,38929.23000000001,20400.0,18529.230000000007,5
8874,1239,115,135,0,135,130,0,5,40,40,0,40,240,45,31800.9825,21250.0,10550.9825,5
8875,1239,100,135,0,135,135,0,0,50,50,0,50,230,80,58108.837500000016,19975.0,38133.837500000016,5
8876,1239,130,120,0,120,105,0,15,50,50,0,50,230,70,47094.48,21250.0,25844.480000000003,5
8877,1239,70,175,0,175,175,0,0,20,20,0,20,240,10,5136.4800000000005,20825.0,-15688.519999999999,5
8878,1239,140,120,0,120,100,5,15,45,45,0,45,235,65,45878.107500000006,22100.0,23778.107500000006,5
8879,1239,75,155,0,155,135,0,20,50,50,0,50,205,35,21028.500000000004,19550.0,1478.5000000000036,5
8880,1239,105,160,0,160,155,0,5,25,25,0,25,255,25,15760.53,22525.0,-6764.469999999999,5
8881,1239,45,165,0,165,150,0,15,30,30,0,30,190,45,30928.680000000004,17850.0,13078.680000000004,5
8882,1239,65,165,0,165,165,0,0,30,30,0,30,225,10,5004.720000000001,19550.0,-14545.279999999999,5
8883,1239,125,125,0,125,125,0,0,55,55,0,55,245,40,24101.730000000007,21250.0,2851.730000000007,5
8884,1239,105,160,0,160,155,0,5,45,45,0,45,255,20,11611.980000000001,22525.0,-10913.019999999999,5
8885,1239,60,165,0,165,150,5,10,35,35,0,35,205,25,15760.530000000002,19125.0,-3364.4699999999966,5
8886,1239,80,150,0,150,125,10,15,55,55,0,55,200,60,38852.325,19550.0,19302.325,5
8887,1239,75,175,0,175,160,0,15,30,30,0,30,230,30,18229.95,21250.0,-3020.049999999999,5
8888,1239,95,125,0,125,100,10,15,50,50,0,50,190,80,60677.08875,18700.0,41977.08875,5
8889,1239,90,150,0,150,130,0,20,35,35,0,35,215,40,25863.434999999998,20400.0,5463.4349999999995,5
8890,1239,105,140,0,140,140,0,0,55,55,0,50,240,45,27372.510000000002,20825.0,6547.510000000002,5
8891,1239,85,150,0,150,145,0,5,40,40,0,40,225,30,15409.080000000002,19975.0,-4565.919999999998,5
8892,1239,100,140,0,140,125,0,15,40,40,0,40,220,45,27493.29,20400.0,7093.290000000002,5
8893,1239,145,135,0,135,135,0,0,55,55,0,55,275,45,25133.58,23800.0,1333.5800000000017,5
8894,1239,105,160,0,160,135,5,20,45,45,0,45,235,40,23311.800000000003,22525.0,786.8000000000029,5
8895,1239,90,165,0,165,130,0,35,40,40,0,40,215,40,23531.130000000005,21675.0,1856.1300000000028,5
8896,1239,50,175,0,175,155,0,20,40,40,0,40,200,15,7594.920000000001,19125.0,-11530.079999999998,5
8897,1239,75,160,0,160,155,5,0,35,35,0,35,225,20,13653.450000000003,19975.0,-6321.549999999997,5
8898,1239,80,150,0,150,135,0,15,45,45,0,45,210,55,37019.880000000005,19550.0,17469.88000000001,5
8899,1239,90,165,0,165,125,10,30,35,35,0,35,210,25,15672.960000000003,21675.0,-6002.039999999997,5
8900,1239,145,125,0,125,115,10,0,60,60,0,60,255,70,47507.08500000001,22950.0,24557.085000000006,5
8901,1239,120,135,0,135,125,0,10,30,30,0,30,240,25,13872.240000000002,21675.0,-7802.759999999998,5
8902,1239,70,155,0,155,155,0,0,40,40,0,40,220,35,21203.820000000007,19125.0,2078.820000000005,5
8903,1239,135,140,0,140,120,10,10,45,45,0,45,250,85,62473.325625,23375.0,39098.325625,5
8904,1239,140,140,0,140,130,0,10,30,30,0,30,265,45,32498.055000000004,23800.0,8698.055000000004,5
8905,1239,135,140,0,140,125,5,10,45,45,0,45,255,30,18065.520000000004,23375.0,-5309.479999999996,5
8906,1239,100,140,0,140,100,30,10,60,60,0,60,195,65,39993.39000000001,20400.0,19593.390000000007,5
8907,1239,95,140,0,140,140,0,0,40,40,0,40,230,30,18174.96,19975.0,-1800.039999999999,5
8908,1239,145,135,0,135,130,0,5,50,50,0,50,270,45,28469.97,23800.0,4669.970000000003,5
8909,1239,80,150,0,150,135,0,15,65,65,0,65,210,40,22521.24,19550.0,2971.2400000000025,5
8910,1239,55,165,0,165,155,0,10,35,35,0,30,205,20,13291.11,18700.0,-5408.889999999999,5
8911,1239,95,120,0,120,115,5,0,70,70,0,70,205,25,12950.640000000001,18275.0,-5324.359999999999,5
8912,1239,75,150,0,150,145,0,5,60,60,0,55,215,55,33507.630000000005,19125.0,14382.630000000008,5
8913,1239,120,120,0,120,105,0,15,50,50,0,50,220,80,54774.281250000015,20400.0,34374.281250000015,5
8914,1239,150,125,0,125,125,0,0,35,35,0,30,270,40,30458.700000000004,23375.0,7083.7000000000035,5
8915,1239,65,160,0,160,135,5,20,45,45,0,45,195,20,11128.86,19125.0,-7996.14,5
8916,1239,65,160,0,160,140,5,15,55,55,0,55,200,55,37168.0425,19125.0,18043.042500000007,5
8917,1239,115,140,0,140,135,0,5,50,50,0,45,245,40,24441.93,21675.0,2766.930000000002,5
8918,1239,140,115,0,115,100,0,15,65,65,0,60,235,60,39138.07500000001,21675.0,17463.075000000008,5
8919,1239,165,110,0,110,100,0,10,55,55,0,55,260,55,36778.365000000005,23375.0,13403.365000000003,5
8920,1239,90,155,0,155,150,0,5,50,50,0,50,235,40,26110.485,20825.0,5285.484999999999,5
8921,1239,105,125,0,125,125,0,0,55,55,0,55,225,30,19547.010000000002,19550.0,-2.989999999997508,5
8922,1239,100,145,0,145,135,0,10,50,50,0,50,230,50,30994.290000000005,20825.0,10169.290000000005,5
8923,1239,65,175,0,175,130,20,25,50,50,0,50,190,45,28777.41,20400.0,8377.41,5
8924,1239,120,140,0,140,105,0,35,60,60,0,60,220,45,25902.000000000004,22100.0,3802.0000000000027,5
8925,1239,85,150,0,150,145,0,5,40,40,0,40,225,25,12994.920000000002,19975.0,-6980.079999999998,5
8926,1239,50,170,0,170,145,0,25,30,30,0,30,190,45,28216.530000000006,18700.0,9516.530000000006,5
8927,1239,75,160,0,160,155,0,5,45,45,0,45,225,20,12094.560000000001,19975.0,-7880.439999999999,5
8928,1239,50,185,0,185,180,0,5,35,35,0,35,225,20,10185.120000000003,19975.0,-9789.879999999997,5
8929,1239,135,145,0,145,140,0,5,25,25,0,25,270,15,7594.560000000001,23800.0,-16205.439999999999,5
8930,1239,75,150,0,150,145,0,5,55,55,0,55,215,45,24211.62,19125.0,5086.619999999998,5
8931,1239,135,125,0,125,100,5,20,50,50,0,50,230,60,37326.51000000001,22100.0,15226.510000000007,5
8932,1239,95,160,0,160,140,0,20,40,40,0,40,230,40,25287.390000000007,21675.0,3612.390000000005,5
8933,1239,120,135,0,135,125,0,10,60,60,0,60,240,25,13960.260000000002,21675.0,-7714.739999999997,5
8934,1239,80,175,0,175,155,0,20,20,20,0,20,230,5,2634.1200000000003,21675.0,-19040.88,5
8935,1239,105,135,0,135,135,0,0,65,65,0,65,235,35,17691.840000000004,20400.0,-2708.1599999999958,5
8936,1239,165,120,0,120,115,0,5,50,50,0,50,275,40,24914.070000000007,24225.0,689.0700000000061,5
8937,1239,100,130,0,130,125,0,5,45,45,0,40,220,70,49314.75749999999,19550.0,29764.757499999996,5
8938,1239,105,145,0,145,145,0,0,60,60,0,60,245,25,12380.04,21250.0,-8869.96,5
8939,1239,50,155,0,155,140,5,10,40,40,0,40,185,40,24299.190000000002,17425.0,6874.190000000003,5
8940,1239,130,155,0,155,145,0,10,25,25,0,25,270,15,7945.920000000001,24225.0,-16279.079999999998,5
8941,1239,100,150,0,150,135,0,15,45,45,0,45,230,20,10272.600000000002,21250.0,-10977.399999999998,5
8942,1239,60,160,0,160,140,0,20,45,45,0,40,195,20,11918.880000000001,18700.0,-6781.119999999999,5
8943,1239,125,135,0,135,120,0,15,50,50,0,50,240,60,41333.13000000001,22100.0,19233.130000000012,5
8944,1239,125,135,0,135,135,0,0,40,40,0,40,255,25,14355.54,22100.0,-7744.459999999999,5
8945,1239,105,140,0,140,135,0,5,50,50,0,50,235,35,22910.895,20825.0,2085.8950000000004,5
8946,1239,135,140,0,140,135,0,5,50,50,0,50,265,40,23223.690000000002,23375.0,-151.30999999999858,5
8947,1239,70,165,0,165,150,0,15,45,45,0,45,215,50,31751.640000000003,19975.0,11776.640000000003,5
8948,1239,105,140,0,140,135,0,5,65,65,0,60,235,55,32135.940000000002,20825.0,11310.94,5
8949,1239,110,135,0,135,130,0,5,35,35,0,35,235,30,18218.97,20825.0,-2606.0299999999984,5
8950,1239,130,130,0,130,100,5,25,75,75,0,70,225,65,40542.840000000004,22100.0,18442.84,5
8951,1239,105,130,0,130,130,0,0,55,55,0,55,230,65,45802.54125,19975.0,25827.541250000002,5
8952,1239,100,160,0,160,135,0,25,50,50,0,50,230,25,13587.3,22100.0,-8512.7,5
8953,1239,80,145,0,145,140,0,5,45,45,0,45,215,40,21226.140000000007,19125.0,2101.140000000005,5
8954,1239,95,140,0,140,135,0,5,55,55,0,55,225,20,9877.680000000002,19975.0,-10097.319999999998,5
8955,1239,140,125,0,125,105,0,20,80,80,0,75,240,20,10492.200000000003,22525.0,-12032.799999999997,5
8956,1239,90,155,0,155,120,0,35,40,40,0,40,205,70,51189.693750000006,20825.0,30364.693750000006,5
8957,1239,65,155,0,155,135,10,10,35,35,0,35,195,50,34324.83,18700.0,15624.830000000002,5
8958,1239,80,135,0,135,110,10,15,55,55,0,55,185,40,27690.660000000003,18275.0,9415.660000000003,5
8959,1239,120,135,0,135,135,0,0,40,40,0,40,250,40,23838.3,21675.0,2163.2999999999993,5
8960,1239,100,135,0,135,130,0,5,55,55,0,55,225,50,27130.32,19975.0,7155.3200000000015,5
8961,1239,110,150,0,150,145,0,5,45,45,0,45,250,20,10404.36,22100.0,-11695.64,5
8962,1239,65,165,0,165,160,0,5,40,40,0,40,220,60,39966.5025,19550.0,20416.502500000006,5
8963,1239,120,155,0,155,130,0,25,35,35,0,30,245,20,12643.560000000001,23375.0,-10731.439999999999,5
8964,1239,110,150,0,150,135,0,15,50,50,0,50,240,20,9833.76,22100.0,-12266.239999999998,5
8965,1239,130,125,0,125,125,0,0,55,55,0,55,250,35,19404.18,21675.0,-2270.819999999999,5
8966,1239,85,170,0,170,135,0,35,40,40,0,40,215,50,30215.249999999996,21675.0,8540.249999999996,5
8967,1239,75,155,0,155,150,0,5,40,40,0,40,220,15,7902.360000000001,19550.0,-11647.64,5
8968,1239,115,155,0,155,130,0,25,45,45,0,45,240,20,10953.18,22950.0,-11996.82,5
8969,1239,85,160,0,160,145,0,15,40,40,0,35,225,30,16419.059999999998,20825.0,-4405.9400000000005,5
8970,1239,60,160,0,160,105,25,30,50,50,0,45,160,60,38292.21000000001,18700.0,19592.210000000006,5
8971,1239,90,155,0,155,145,0,10,50,50,0,45,230,35,18877.500000000004,20825.0,-1947.4999999999977,5
8972,1239,125,125,0,125,125,0,0,55,55,0,50,245,40,22784.760000000006,21250.0,1534.7600000000057,5
8973,1239,85,165,0,165,115,15,35,60,60,0,60,195,30,20688.525000000005,21250.0,-561.4749999999958,5
8974,1239,115,135,0,135,120,0,15,65,65,0,65,230,45,25725.96,21250.0,4475.96,5
8975,1239,95,145,0,145,145,0,0,45,45,0,45,235,60,44051.22562500001,20400.0,23651.225625000006,5
8976,1239,65,165,0,165,130,15,20,35,35,0,35,190,40,24310.170000000002,19550.0,4760.170000000003,5
8977,1239,50,175,0,175,120,25,30,35,35,0,30,165,35,22093.289999999997,19125.0,2968.2899999999972,5
8978,1239,165,120,0,120,120,0,0,55,55,0,55,280,10,5136.4800000000005,24225.0,-19088.519999999997,5
8979,1239,85,155,0,155,125,0,30,45,45,0,45,205,25,13762.980000000003,20400.0,-6637.019999999998,5
8980,1239,120,135,0,135,110,0,25,60,60,0,60,225,60,37557.630000000005,21675.0,15882.630000000005,5
8981,1239,95,155,0,155,130,0,25,50,50,0,50,220,15,7067.880000000001,21250.0,-14182.119999999999,5
8982,1239,70,165,0,165,155,0,10,25,25,0,25,220,20,12841.2,19975.0,-7133.799999999999,5
8983,1239,130,120,0,120,115,0,5,50,50,0,50,240,65,45196.402500000004,21250.0,23946.402500000004,5
8984,1239,105,140,0,140,120,0,20,55,55,0,55,220,45,25309.08,20825.0,4484.080000000004,5
8985,1239,60,165,0,165,140,0,25,50,50,0,45,195,30,20897.145,19125.0,1772.1450000000004,5
8986,1239,65,165,0,165,105,10,50,55,55,0,55,165,45,26439.390000000003,19550.0,6889.390000000003,5
8987,1239,65,165,0,165,130,0,35,50,50,0,50,190,35,21862.980000000003,19550.0,2312.9800000000023,5
8988,1239,110,145,0,145,145,0,0,30,30,0,30,250,25,16495.83,21675.0,-5179.169999999999,5
8989,1239,75,170,0,170,125,0,45,35,35,0,35,195,25,12467.880000000003,20825.0,-8357.119999999997,5
8990,1239,80,170,0,170,140,0,30,60,60,0,55,215,40,21577.500000000004,21250.0,327.50000000000455,5
8991,1239,60,160,0,160,135,10,15,45,45,0,45,190,40,22367.520000000004,18700.0,3667.520000000004,5
8992,1239,120,140,0,140,135,0,5,30,30,0,25,250,15,7814.520000000001,22100.0,-14285.479999999998,5
8993,1239,50,145,0,145,145,0,0,30,30,0,30,190,90,70397.488125,16575.0,53822.48812500001,5
8994,1239,115,150,0,150,120,0,30,45,45,0,45,230,5,2414.5200000000004,22525.0,-20110.48,5
8995,1239,75,175,0,175,125,20,30,45,45,0,45,195,40,23805.27,21250.0,2555.2700000000004,5
8996,1239,105,125,0,125,120,0,5,55,55,0,55,220,45,29369.43,19550.0,9819.430000000002,5
8997,1239,110,145,0,145,135,0,10,50,50,0,50,240,30,18657.9,21675.0,-3017.099999999998,5
8998,1239,120,120,0,120,105,0,15,75,75,0,70,220,40,19974.960000000003,20400.0,-425.0399999999968,5
8999,1239,130,130,0,130,120,0,10,45,45,0,45,245,70,45371.92500000001,22100.0,23271.92500000001,5
9000,1239,80,150,0,150,150,0,0,45,45,0,45,225,50,31279.500000000004,19550.0,11729.500000000004,5
9001,1239,100,150,0,150,135,0,15,40,40,0,40,230,20,10229.04,21250.0,-11020.96,5
9002,1239,150,120,0,120,110,0,10,55,55,0,55,255,80,51551.05500000001,22950.0,28601.055000000008,5
9003,1239,130,115,0,115,105,10,0,60,60,0,60,230,45,24627.960000000003,20825.0,3802.9600000000028,5
9004,1239,100,135,0,135,135,0,0,50,50,0,50,230,50,36943.29000000001,19975.0,16968.290000000008,5
9005,1239,110,135,0,135,130,0,5,50,50,0,50,235,55,34906.815,20825.0,14081.815000000002,5
9006,1239,80,145,0,145,130,0,15,55,55,0,55,205,60,42666.705,19125.0,23541.705,5
9007,1239,110,125,0,125,110,0,15,55,55,0,55,215,45,28118.790000000005,19975.0,8143.790000000004,5
9008,1239,140,130,0,130,130,0,0,35,35,0,35,265,35,20194.020000000004,22950.0,-2755.9799999999973,5
9009,1239,130,125,0,125,110,0,15,50,50,0,45,235,85,61673.287500000006,21675.0,39998.287500000006,5
9010,1239,140,140,0,140,135,0,5,45,45,0,45,270,30,18603.27,23800.0,-5196.73,5
9011,1239,80,145,0,145,120,0,25,55,55,0,55,195,75,46030.41,19125.0,26905.410000000003,5
9012,1239,75,150,0,150,145,0,5,45,45,0,45,215,30,19843.47,19125.0,718.4700000000021,5
9013,1239,155,125,0,125,115,0,10,40,40,0,40,265,35,21665.25,23800.0,-2134.749999999999,5
9014,1239,75,155,0,155,105,15,35,60,60,0,55,175,55,32091.750000000007,19550.0,12541.750000000007,5
9015,1239,70,165,0,165,160,0,5,30,30,0,30,225,20,10975.140000000001,19975.0,-8999.859999999999,5
9016,1239,70,160,0,160,160,0,0,40,40,0,40,225,15,8780.220000000001,19550.0,-10769.779999999999,5
9017,1239,135,125,0,125,125,0,0,55,55,0,55,255,40,24475.139999999996,22100.0,2375.1399999999967,5
9018,1239,80,160,0,160,155,0,5,30,30,0,30,230,20,10799.28,20400.0,-9600.72,5
9019,1239,120,145,0,145,130,0,15,25,25,0,25,245,40,26417.520000000004,22525.0,3892.520000000004,5
9020,1239,105,145,0,145,140,0,5,40,40,0,40,240,20,11062.980000000003,21250.0,-10187.019999999997,5
9021,1239,110,145,0,145,140,0,5,35,35,0,35,245,20,10448.280000000002,21675.0,-11226.719999999998,5
9022,1239,150,120,0,120,95,0,25,45,45,0,45,240,45,26625.600000000006,22950.0,3675.600000000004,5
9023,1239,70,165,0,165,150,0,15,50,50,0,50,215,45,29320.515000000007,19975.0,9345.515000000005,5
9024,1239,110,135,0,135,135,0,0,60,60,0,60,240,50,32003.910000000003,20825.0,11178.910000000005,5
9025,1239,145,115,0,115,110,0,5,50,50,0,50,250,60,40399.965000000004,22100.0,18299.965000000004,5
9026,1239,50,165,0,165,145,0,20,40,40,0,40,190,25,15629.040000000003,18275.0,-2645.9599999999978,5
9027,1239,130,145,0,145,140,0,5,55,55,0,50,265,30,18537.390000000003,23375.0,-4837.609999999997,5
9028,1239,105,125,0,125,110,0,15,70,70,0,70,210,20,10229.04,19550.0,-9320.96,5
9029,1239,120,125,0,125,125,0,0,55,55,0,55,240,60,35993.295000000006,20825.0,15168.295000000002,5
9030,1239,100,135,0,135,135,0,0,30,30,0,30,230,55,39929.83875,19975.0,19954.838750000003,5
9031,1239,115,150,0,150,145,0,5,40,40,0,40,255,20,9965.52,22525.0,-12559.48,5
9032,1239,105,150,0,150,130,0,20,50,50,0,45,230,40,24936.030000000006,21675.0,3261.030000000005,5
9033,1239,130,115,0,115,115,0,0,45,45,0,45,240,55,38789.52750000001,20825.0,17964.527500000007,5
9034,1239,95,140,0,140,120,0,20,45,45,0,45,210,65,42847.83,19975.0,22872.83,5
9035,1239,145,130,0,130,110,0,20,45,45,0,45,250,45,30401.640000000003,23375.0,7026.640000000002,5
9036,1239,125,135,0,135,110,15,10,50,50,0,50,230,50,28053.000000000007,22100.0,5953.000000000006,5
9037,1239,60,170,0,170,160,0,10,45,45,0,45,215,35,21204.45,19550.0,1654.4500000000016,5
9038,1239,135,130,0,130,115,0,15,55,55,0,50,245,35,19075.14,22525.0,-3449.8599999999988,5
9039,1239,55,170,0,170,160,0,10,45,45,0,40,210,25,13302.0,19125.0,-5823.0,5
9040,1239,105,145,0,145,135,10,0,65,65,0,65,235,45,22872.6,21250.0,1622.5999999999976,5
9041,1239,90,160,0,160,120,10,30,40,40,0,40,205,20,9921.600000000002,21250.0,-11328.399999999998,5
9042,1239,125,145,0,145,130,0,15,30,30,0,30,250,10,4872.960000000001,22950.0,-18077.04,5
9043,1239,50,180,0,180,175,5,0,30,30,0,30,220,30,16858.260000000002,19550.0,-2691.7399999999975,5
9044,1239,110,125,0,125,125,0,0,50,50,0,45,230,50,32355.27,19975.0,12380.27,5
9045,1239,80,155,0,155,155,0,0,35,35,0,35,230,5,2590.2000000000003,19975.0,-17384.8,5
9046,1239,105,140,0,140,140,0,0,35,35,0,35,240,25,13719.060000000001,20825.0,-7105.939999999999,5
9047,1239,100,140,0,140,140,0,0,45,45,0,45,235,30,16638.660000000003,20400.0,-3761.339999999998,5
9048,1239,115,150,0,150,130,0,20,50,50,0,50,240,35,19777.500000000004,22525.0,-2747.4999999999977,5
9049,1239,200,120,0,120,100,0,20,60,60,0,60,295,30,15409.439999999999,27200.0,-11790.560000000001,5
9050,1239,120,125,0,125,120,0,5,45,45,0,45,235,25,14333.58,20825.0,-6491.42,5
9051,1239,105,150,0,150,130,0,20,55,55,0,55,230,25,12336.12,21675.0,-9338.88,5
9052,1239,80,135,0,135,125,0,10,60,60,0,60,200,65,38599.785,18275.0,20324.785000000003,5
9053,1239,120,140,0,140,135,0,5,50,50,0,45,250,20,10799.640000000001,22100.0,-11300.359999999999,5
9054,1239,135,130,0,130,125,0,5,50,50,0,50,255,80,55987.470000000016,22525.0,33462.470000000016,5
9055,1239,80,140,0,140,125,10,5,60,60,0,60,200,45,25945.380000000005,18700.0,7245.380000000005,5
9056,1239,165,105,0,105,105,0,0,70,70,0,70,265,30,16375.140000000001,22950.0,-6574.859999999999,5
9057,1239,115,135,0,135,130,0,5,60,60,0,60,240,50,27306.36,21250.0,6056.36,5
9058,1239,105,145,0,145,130,0,15,55,55,0,55,230,60,37535.670000000006,21250.0,16285.670000000006,5
9059,1239,75,150,0,150,130,10,10,50,50,0,50,200,45,27087.03,19125.0,7962.03,5
9060,1239,85,155,0,155,140,0,15,50,50,0,50,220,45,24716.340000000004,20400.0,4316.340000000005,5
9061,1239,70,175,0,175,80,65,30,55,55,0,55,145,75,48077.77500000002,20825.0,27252.77500000002,5
9062,1239,115,135,0,135,125,0,10,55,55,0,55,235,45,24957.720000000005,21250.0,3707.720000000004,5
9063,1239,110,140,0,140,135,0,5,40,40,0,40,240,40,24485.85,21250.0,3235.8500000000004,5
9064,1239,70,155,0,155,135,0,20,40,40,0,40,200,25,13631.220000000001,19125.0,-5493.779999999999,5
9065,1239,80,165,0,165,145,5,15,35,35,0,35,220,25,12862.8,20825.0,-7962.200000000001,5
9066,1239,125,145,0,145,145,0,0,25,25,0,25,265,30,21500.64,22950.0,-1449.3600000000015,5
9067,1239,95,150,0,150,150,0,0,40,40,0,40,240,40,25775.595,20825.0,4950.595000000003,5
9068,1239,125,135,0,135,130,5,0,60,60,0,60,250,35,19536.300000000003,22100.0,-2563.699999999999,5
9069,1239,105,130,0,130,130,0,0,30,30,0,30,230,85,65644.41375,19975.0,45669.413750000014,5
9070,1239,50,160,0,160,120,10,30,45,45,0,45,165,30,16704.18,17850.0,-1145.820000000001,5
9071,1239,100,150,0,150,150,0,0,25,25,0,20,245,40,33512.686875,21250.0,12262.686875,5
9072,1239,70,165,0,165,150,0,15,40,40,0,40,215,15,9241.02,19975.0,-10733.98,5
9073,1239,125,120,0,120,115,0,5,50,50,0,50,235,25,12599.640000000003,20825.0,-8225.359999999997,5
9074,1239,65,185,0,185,130,25,30,50,50,0,50,190,30,21533.625,21250.0,283.6250000000018,5
9075,1239,75,170,0,170,90,25,55,55,55,0,55,160,50,28984.86,20825.0,8159.859999999999,5
9076,1239,70,160,0,160,135,5,20,50,50,0,50,200,60,38018.43000000001,19550.0,18468.430000000008,5
9077,1239,115,160,0,160,135,0,25,45,45,0,45,245,40,22916.52,23375.0,-458.47999999999956,5
9078,1239,115,150,0,150,130,0,20,30,30,0,30,240,15,7902.000000000002,22525.0,-14622.999999999996,5
9079,1239,150,120,0,120,110,0,10,55,55,0,55,255,25,15738.570000000003,22950.0,-7211.429999999996,5
9080,1239,90,155,0,155,155,0,0,50,50,0,50,240,20,11765.7,20825.0,-9059.3,5
9081,1239,170,115,0,115,115,0,0,55,55,0,55,280,35,19513.800000000003,24225.0,-4711.199999999999,5
9082,1239,125,145,0,145,110,0,35,60,60,0,60,230,30,18515.43,22950.0,-4434.569999999999,5
9083,1239,160,105,0,105,90,15,0,60,60,0,60,245,70,46024.515000000014,22525.0,23499.51500000001,5
9084,1239,80,145,0,145,135,0,10,60,60,0,55,210,70,40827.689999999995,19125.0,21702.69,5
9085,1239,90,150,0,150,135,0,15,50,50,0,50,220,35,18460.260000000002,20400.0,-1939.7399999999993,5
9086,1239,120,145,0,145,140,0,5,35,35,0,35,255,25,13345.560000000003,22525.0,-9179.439999999997,5
9087,1239,75,160,0,160,130,0,30,55,55,0,55,200,80,56427.0975,19975.0,36452.0975,5
9088,1239,125,125,0,125,125,0,0,60,60,0,55,245,40,21511.620000000003,21250.0,261.6200000000026,5
9089,1239,105,140,0,140,135,0,5,55,55,0,55,235,65,43873.51500000001,20825.0,23048.515000000007,5
9090,1239,95,160,0,160,160,0,0,40,40,0,40,250,30,16792.38,21675.0,-4882.619999999999,5
9091,1239,55,175,0,175,115,30,30,55,55,0,50,165,70,50152.05000000001,19550.0,30602.05000000001,5
9092,1239,70,145,0,145,120,5,20,45,45,0,45,185,50,34242.884999999995,18275.0,15967.884999999997,5
9093,1239,85,160,0,160,150,0,10,30,30,0,30,230,25,16660.530000000002,20825.0,-4164.469999999997,5
9094,1239,125,145,0,145,135,0,10,40,40,0,35,255,20,10316.880000000001,22950.0,-12633.119999999999,5
9095,1239,90,165,0,165,110,30,25,60,60,0,60,195,45,24452.820000000007,21675.0,2777.820000000006,5
9096,1239,80,150,0,150,145,0,5,40,40,0,40,220,20,10316.52,19550.0,-9233.48,5
9097,1239,60,165,0,165,110,30,25,50,50,0,45,165,40,27032.265000000003,19125.0,7907.265000000002,5
9098,1239,125,145,0,145,140,0,5,35,35,0,35,260,20,9658.080000000002,22950.0,-13291.92,5
9099,1239,155,120,0,120,110,0,10,55,55,0,55,260,35,20677.320000000003,23375.0,-2697.6799999999957,5
9100,1239,120,160,0,160,145,0,15,40,40,0,40,260,30,14926.32,23800.0,-8873.68,5
9101,1239,100,165,0,165,135,0,30,40,40,0,35,230,15,7726.680000000001,22525.0,-14798.32,5
9102,1239,90,140,0,140,125,0,15,50,50,0,50,210,30,16901.64,19550.0,-2648.36,5
9103,1239,70,145,0,145,145,0,0,50,50,0,50,210,85,56928.46500000001,18275.0,38653.46500000001,5
9104,1239,125,120,0,120,115,0,5,55,55,0,55,235,60,37721.43,20825.0,16896.43,5
9105,1239,100,140,0,140,140,0,0,35,35,0,35,235,10,4916.88,20400.0,-15483.119999999999,5
9106,1239,155,105,0,105,100,0,5,35,35,0,35,250,25,17812.620000000003,22100.0,-4287.379999999998,5
9107,1239,135,130,0,130,100,10,20,70,70,0,70,230,30,16287.300000000003,22525.0,-6237.699999999997,5
9108,1239,85,135,0,135,130,0,5,50,50,0,45,210,25,15464.070000000002,18700.0,-3235.9299999999985,5
9109,1239,85,165,0,165,140,20,5,40,40,0,40,220,15,7726.680000000001,21250.0,-13523.32,5
9110,1239,100,150,0,150,150,0,0,40,40,0,40,245,15,7199.64,21250.0,-14050.36,5
9111,1239,95,150,0,150,105,20,25,55,55,0,55,195,40,25396.92,20825.0,4571.92,5
9112,1239,65,165,0,165,165,0,0,25,25,0,25,225,15,8077.680000000001,19550.0,-11472.32,5
9113,1239,100,140,0,140,120,0,20,65,65,0,60,215,80,53164.215000000004,20400.0,32764.215000000004,5
9114,1239,95,150,0,150,130,0,20,50,50,0,50,220,30,20018.790000000005,20825.0,-806.2099999999964,5
9115,1239,80,150,0,150,145,0,5,45,45,0,40,220,20,11897.1,19550.0,-7652.9,5
9116,1239,90,145,0,145,130,0,15,65,65,0,65,215,65,40751.189999999995,19975.0,20776.189999999995,5
9117,1239,110,135,0,135,135,0,0,50,50,0,50,240,75,57203.713125,20825.0,36378.713125,5
9118,1239,110,120,0,120,100,5,15,55,55,0,55,205,75,49470.41250000001,19550.0,29920.412500000013,5
9119,1239,90,170,0,170,110,30,30,45,45,0,45,195,15,7858.4400000000005,22100.0,-14241.56,5
9120,1239,160,115,0,115,115,0,0,55,55,0,50,270,30,17757.81,23375.0,-5617.189999999999,5
9121,1239,125,150,0,150,135,0,15,35,35,0,35,255,30,14355.36,23375.0,-9019.64,5
9122,1239,85,150,0,150,120,30,0,65,65,0,65,200,55,32377.140000000003,19975.0,12402.140000000003,5
9123,1239,90,155,0,155,135,0,20,60,60,0,60,220,55,34484.49000000001,20825.0,13659.490000000009,5
9124,1239,100,145,0,145,135,0,10,45,45,0,40,230,40,30165.536250000005,20825.0,9340.536250000005,5
9125,1239,105,125,0,125,120,0,5,50,50,0,50,220,45,30368.565000000002,19550.0,10818.565000000002,5
9126,1239,95,155,0,155,150,0,5,40,40,0,40,240,10,6541.380000000001,21250.0,-14708.619999999999,5
9127,1239,70,160,0,160,145,5,10,50,50,0,45,210,40,23443.2,19550.0,3893.2000000000016,5
9128,1239,120,130,0,130,120,0,10,40,40,0,35,235,50,30807.000000000007,21250.0,9557.000000000007,5
9129,1239,140,130,0,130,130,0,0,40,40,0,40,265,40,22345.740000000005,22950.0,-604.2599999999948,5
9130,1239,105,140,0,140,125,0,15,50,50,0,45,225,40,25330.68,20825.0,4505.680000000002,5
9131,1239,135,115,0,115,115,0,0,45,45,0,45,245,65,47816.83125,21250.0,26566.831250000003,5
9132,1239,135,125,0,125,120,0,5,65,65,0,65,250,50,28689.3,22100.0,6589.299999999998,5
9133,1239,90,160,0,160,140,0,20,35,35,0,35,225,25,13960.260000000002,21250.0,-7289.739999999997,5
9134,1239,130,115,0,115,105,0,10,65,65,0,65,230,60,40180.63500000001,20825.0,19355.635000000006,5
9135,1239,80,165,0,165,100,20,45,50,50,0,50,175,65,46208.67750000001,20825.0,25383.677500000013,5
9136,1239,75,165,0,165,105,25,35,50,50,0,45,175,50,32036.760000000002,20400.0,11636.760000000004,5
9137,1239,170,115,0,115,110,0,5,45,45,0,45,275,20,9658.080000000002,24225.0,-14566.919999999998,5
9138,1239,80,150,0,150,145,0,5,45,45,0,40,220,35,19426.140000000003,19550.0,-123.8599999999974,5
9139,1239,105,150,0,150,125,25,0,40,40,0,40,225,40,26620.515000000007,21675.0,4945.515000000005,5
9140,1239,95,145,0,145,140,0,5,50,50,0,50,230,30,14970.240000000002,20400.0,-5429.759999999998,5
9141,1239,130,145,0,145,140,0,5,45,45,0,45,265,30,15277.68,23375.0,-8097.32,5
9142,1239,95,130,0,130,115,0,15,60,60,0,60,205,85,63006.823125,19125.0,43881.823125,5
9143,1239,120,130,0,130,120,5,5,55,55,0,55,235,35,23058.585000000003,21250.0,1808.5850000000028,5
9144,1239,115,145,0,145,140,0,5,30,30,0,30,250,25,14136.300000000001,22100.0,-7963.699999999999,5
9145,1239,125,135,0,135,110,10,15,60,60,0,55,230,25,12380.04,22100.0,-9719.96,5
9146,1239,100,135,0,135,110,5,20,70,70,0,70,205,65,37776.96000000001,19975.0,17801.960000000006,5
9147,1239,110,145,0,145,140,0,5,30,30,0,30,245,25,13784.940000000004,21675.0,-7890.059999999996,5
9148,1239,80,165,0,165,140,0,25,50,50,0,50,215,35,19250.82,20825.0,-1574.179999999999,5
9149,1239,95,160,0,160,160,0,0,35,35,0,35,250,20,10009.44,21675.0,-11665.560000000001,5
9150,1239,50,185,0,185,120,20,45,40,40,0,40,165,25,12555.720000000001,19975.0,-7419.279999999999,5
9151,1239,95,165,0,165,100,30,35,55,55,0,55,190,45,26176.230000000003,22100.0,4076.230000000005,5
9152,1239,85,150,0,150,150,0,0,45,45,0,45,230,30,16946.100000000002,19975.0,-3028.8999999999965,5
9153,1239,105,140,0,140,115,0,25,50,50,0,50,215,40,24562.440000000006,20825.0,3737.440000000006,5
9154,1239,70,165,0,165,130,0,35,40,40,0,40,195,45,32146.695000000007,19975.0,12171.695000000009,5
9155,1239,125,125,0,125,110,0,15,65,65,0,65,230,65,41025.285,21250.0,19775.285000000003,5
9156,1239,130,135,0,135,130,0,5,50,50,0,50,255,45,26933.579999999998,22525.0,4408.579999999997,5
9157,1239,80,150,0,150,150,0,0,50,50,0,45,225,50,28184.220000000005,19550.0,8634.220000000005,5
9158,1239,65,150,0,150,140,0,10,45,45,0,40,200,25,13850.82,18275.0,-4424.180000000001,5
9159,1239,55,165,0,165,145,0,20,40,40,0,40,195,65,40739.939999999995,18700.0,22039.939999999995,5
9160,1239,140,155,0,155,100,30,25,55,55,0,55,235,30,16199.460000000001,25075.0,-8875.539999999999,5
9161,1239,115,150,0,150,135,0,15,20,20,0,20,245,20,11414.340000000002,22525.0,-11110.659999999998,5
9162,1239,125,130,0,130,130,0,0,45,45,0,45,250,60,37892.295000000006,21675.0,16217.29500000001,5
9163,1239,90,155,0,155,150,0,5,35,35,0,35,235,40,24562.710000000006,20825.0,3737.7100000000064,5
9164,1239,100,120,0,120,120,0,0,65,65,0,65,215,60,41069.340000000004,18700.0,22369.340000000004,5
9165,1239,125,140,0,140,130,0,10,50,50,0,50,250,50,32937.21,22525.0,10412.21,5
9166,1239,85,145,0,145,145,0,0,65,65,0,60,225,40,21884.940000000002,19550.0,2334.9400000000014,5
9167,1239,45,185,0,185,160,15,10,30,30,0,25,200,30,17955.72,19550.0,-1594.2799999999988,5
9168,1239,95,150,0,150,125,10,15,65,65,0,65,215,30,15145.920000000004,20825.0,-5679.079999999996,5
9169,1239,90,155,0,155,145,5,5,45,45,0,45,230,50,29655.54,20825.0,8830.54,5
9170,1239,60,170,0,170,140,0,30,45,45,0,45,195,40,22609.08,19550.0,3059.0800000000036,5
9171,1239,95,140,0,140,140,0,0,30,30,0,30,230,25,17121.510000000002,19975.0,-2853.489999999997,5
9172,1239,75,160,0,160,115,25,20,55,55,0,55,185,30,18811.530000000002,19975.0,-1163.4699999999975,5
9173,1239,115,130,0,130,100,0,30,40,40,0,40,210,40,24485.490000000005,20825.0,3660.4900000000043,5
9174,1239,105,125,0,125,120,0,5,45,45,0,45,220,80,56113.858125000006,19550.0,36563.858125000006,5
9175,1239,170,125,0,125,125,0,0,40,40,0,40,290,30,16441.02,25075.0,-8633.98,5
9176,1239,55,135,0,135,130,0,5,40,40,0,40,180,75,54141.25499999999,16150.0,37991.25499999999,5
9177,1239,80,135,0,135,135,0,0,50,50,0,50,210,30,16462.620000000003,18275.0,-1812.3799999999983,5
9178,1239,60,165,0,165,125,15,25,45,45,0,40,180,40,24869.520000000004,19125.0,5744.520000000002,5
9179,1239,145,135,0,135,135,0,0,50,50,0,50,275,25,12687.48,23800.0,-11112.52,5
9180,1239,75,165,0,165,110,30,25,50,50,0,45,180,55,38128.185000000005,20400.0,17728.185000000005,5
9181,1239,75,165,0,165,125,5,35,45,45,0,45,195,25,16199.730000000001,20400.0,-4200.269999999999,5
9182,1239,110,145,0,145,110,5,30,45,45,0,45,215,50,30170.969999999998,21675.0,8495.969999999998,5
9183,1239,145,135,0,135,110,0,25,35,35,0,35,250,40,22499.28,23800.0,-1300.7200000000012,5
9184,1239,115,140,0,140,140,0,0,45,45,0,45,250,40,21357.900000000005,21675.0,-317.0999999999958,5
9185,1239,80,170,0,170,130,10,30,30,30,0,30,205,25,13872.78,21250.0,-7377.219999999999,5
9186,1239,75,155,0,155,125,0,30,55,55,0,55,195,45,27130.5,19550.0,7580.500000000002,5
9187,1239,110,145,0,145,125,0,20,55,55,0,55,230,45,30832.537500000006,21675.0,9157.537500000008,5
9188,1239,55,160,0,160,155,0,5,40,40,0,35,205,75,56682.281250000015,18275.0,38407.281250000015,5
9189,1239,180,115,0,115,115,0,0,50,50,0,50,290,10,5092.560000000001,25075.0,-19982.44,5
9190,1239,70,160,0,160,145,15,0,55,55,0,55,210,30,16309.260000000002,19550.0,-3240.7399999999984,5
9191,1239,55,180,0,180,165,0,15,40,40,0,40,215,50,31060.350000000006,19975.0,11085.350000000008,5
9192,1239,80,170,0,170,130,15,25,50,50,0,50,205,25,12423.960000000003,21250.0,-8826.039999999997,5
9193,1239,135,140,0,140,140,0,0,30,30,0,30,270,20,10843.56,23375.0,-12531.44,5
9194,1239,125,125,0,125,125,0,0,60,60,0,60,245,70,45344.83500000001,21250.0,24094.835000000003,5
9195,1239,80,155,0,155,145,0,10,40,40,0,40,220,40,26856.585000000006,19975.0,6881.585000000005,5
9196,1239,90,155,0,155,125,0,30,60,60,0,60,210,35,18921.420000000002,20825.0,-1903.5799999999972,5
9197,1239,105,135,0,135,135,0,0,60,60,0,60,235,35,20743.29,20400.0,343.2900000000018,5
9198,1239,115,135,0,135,120,0,15,40,40,0,40,230,30,21434.760000000006,21250.0,184.76000000000568,5
9199,1239,105,135,0,135,115,0,20,40,40,0,35,215,35,22806.270000000004,20400.0,2406.270000000004,5
9200,1239,105,125,0,125,115,0,10,55,55,0,55,215,30,16023.780000000002,19550.0,-3526.2199999999984,5
9201,1239,120,125,0,125,115,0,10,40,40,0,40,230,35,24949.057500000003,20825.0,4124.0575000000035,5
9202,1239,100,140,0,140,130,0,10,65,65,0,65,225,65,45201.892499999994,20400.0,24801.892499999994,5
9203,1239,130,130,0,130,130,0,0,65,65,0,65,255,55,32991.840000000004,22100.0,10891.840000000002,5
9204,1239,90,155,0,155,125,5,25,55,55,0,50,210,65,37250.100000000006,20825.0,16425.100000000006,5
9205,1239,110,150,0,150,145,0,5,55,55,0,55,250,20,11633.940000000002,22100.0,-10466.059999999998,5
9206,1239,105,145,0,145,145,0,0,45,45,0,45,245,55,36742.41,21250.0,15492.410000000003,5
9207,1239,80,175,0,175,135,0,40,35,35,0,35,210,60,41344.0425,21675.0,19669.042500000003,5
9208,1239,130,130,0,130,105,5,20,60,60,0,60,230,20,10536.480000000001,22100.0,-11563.519999999999,5
9209,1239,70,180,0,180,145,20,15,35,35,0,35,210,20,10053.36,21250.0,-11196.64,5
9210,1239,125,120,0,120,110,0,10,50,50,0,50,230,35,20896.380000000005,20825.0,71.38000000000375,5
9211,1239,95,165,0,165,125,30,10,45,45,0,45,215,35,20062.260000000002,22100.0,-2037.7399999999966,5
9212,1239,100,150,0,150,145,0,5,40,40,0,40,240,15,8604.54,21250.0,-12645.46,5
9213,1239,95,145,0,145,115,25,5,60,60,0,60,205,25,14399.460000000003,20400.0,-6000.539999999996,5
9214,1239,100,125,0,125,115,0,10,60,60,0,55,210,55,39175.83000000001,19125.0,20050.83000000001,5
9215,1239,75,160,0,160,150,0,10,45,45,0,45,220,55,36437.850000000006,19975.0,16462.850000000006,5
9216,1239,100,150,0,150,140,0,10,45,45,0,45,235,25,12643.560000000001,21250.0,-8606.439999999999,5
9217,1239,80,145,0,145,140,0,5,50,50,0,50,215,25,16243.650000000001,19125.0,-2881.3499999999976,5
9218,1239,105,140,0,140,130,5,5,60,60,0,60,230,50,29929.409999999996,20825.0,9104.409999999998,5
9219,1239,110,160,0,160,115,5,40,55,55,0,55,220,75,54992.053125000006,22950.0,32042.053125000002,5
9220,1239,70,165,0,165,160,0,5,35,35,0,35,225,40,25122.33,19975.0,5147.330000000002,5
9221,1239,100,150,0,150,140,0,10,55,55,0,55,235,85,59140.53,21250.0,37890.53,5
9222,1239,115,135,0,135,125,0,10,45,45,0,45,235,60,34528.23,21250.0,13278.230000000003,5
9223,1239,80,135,0,135,105,20,10,60,60,0,60,180,45,29380.680000000008,18275.0,11105.680000000008,5
9224,1239,110,135,0,135,130,0,5,40,40,0,35,235,15,7814.520000000001,20825.0,-13010.479999999998,5
9225,1239,75,160,0,160,135,15,10,45,45,0,40,205,40,24562.710000000006,19975.0,4587.710000000006,5
9226,1239,75,175,0,175,165,0,10,35,35,0,35,235,25,14926.320000000003,21250.0,-6323.679999999997,5
9227,1239,145,125,0,125,120,0,5,50,50,0,50,260,50,28316.16,22950.0,5366.16,5
9228,1239,60,150,0,150,145,0,5,40,40,0,40,200,70,48535.391250000015,17850.0,30685.39125000001,5
9229,1239,100,140,0,140,125,0,15,35,35,0,35,220,40,27429.817500000005,20400.0,7029.817500000004,5
9230,1239,150,125,0,125,105,0,20,55,55,0,55,250,15,8868.060000000001,23375.0,-14506.939999999999,5
9231,1239,80,160,0,160,130,10,20,45,45,0,45,205,80,57081.560625,20400.0,36681.560625,5
9232,1239,50,170,0,170,140,15,15,35,35,0,30,185,25,16594.020000000004,18700.0,-2105.9799999999973,5
9233,1239,80,170,0,170,145,0,25,35,35,0,35,220,30,17253.18,21250.0,-3996.819999999998,5
9234,1239,65,160,0,160,155,0,5,25,25,0,25,215,15,8077.680000000001,19125.0,-11047.32,5
9235,1239,75,140,0,140,140,0,0,55,55,0,50,210,35,21588.210000000003,18275.0,3313.2100000000037,5
9236,1239,115,130,0,130,125,0,5,50,50,0,50,235,60,40548.105,20825.0,19723.105000000003,5
9237,1239,120,145,0,145,145,0,0,20,20,0,20,260,35,22652.730000000003,22525.0,127.73000000000138,5
9238,1239,55,155,0,155,150,0,5,40,40,0,40,200,35,19930.68,17850.0,2080.680000000002,5
9239,1239,85,160,0,160,135,0,25,40,40,0,40,215,25,16363.710000000001,20825.0,-4461.289999999999,5
9240,1239,130,140,0,140,115,0,25,45,45,0,45,240,25,13938.660000000002,22950.0,-9011.339999999998,5
9241,1239,90,145,0,145,145,0,0,45,45,0,40,230,30,18536.760000000002,19975.0,-1438.2399999999984,5
9242,1239,70,155,0,155,140,0,15,55,55,0,55,205,30,16572.78,19125.0,-2552.22,5
9243,1239,95,145,0,145,135,0,10,50,50,0,50,225,25,16627.59,20400.0,-3772.41,5
9244,1239,100,160,0,160,140,5,15,45,45,0,45,235,25,15584.580000000004,22100.0,-6515.419999999996,5
9245,1239,120,150,0,150,140,0,10,35,35,0,35,255,15,8977.5,22950.0,-13972.5,5
9246,1239,60,160,0,160,140,0,20,50,50,0,50,195,35,20523.600000000002,18700.0,1823.6000000000013,5
9247,1239,90,170,0,170,155,0,15,20,20,0,20,240,5,2590.2000000000003,22100.0,-19509.8,5
9248,1239,105,160,0,160,140,0,20,40,40,0,40,240,20,10009.44,22525.0,-12515.560000000001,5
9249,1239,110,135,0,135,135,0,0,50,50,0,50,240,40,22521.420000000002,20825.0,1696.4200000000028,5
9250,1239,140,125,0,125,125,0,0,60,60,0,60,260,45,25682.130000000005,22525.0,3157.1300000000065,5
9251,1239,70,175,0,175,150,25,0,35,35,0,35,215,30,18614.250000000004,20825.0,-2210.749999999996,5
9252,1239,70,165,0,165,125,15,25,65,65,0,65,190,30,16638.660000000003,19975.0,-3336.339999999998,5
9253,1239,95,145,0,145,140,0,5,35,35,0,35,230,35,19865.16,20400.0,-534.8399999999992,5
9254,1239,110,150,0,150,140,0,10,25,25,0,25,245,25,15595.830000000002,22100.0,-6504.169999999999,5
9255,1239,80,145,0,145,135,0,10,45,45,0,40,210,45,30621.24,19125.0,11496.240000000002,5
9256,1239,80,160,0,160,160,0,0,35,35,0,35,235,25,16056.990000000002,20400.0,-4343.009999999999,5
9257,1239,140,120,0,120,120,0,0,50,50,0,50,255,50,33770.78999999999,22100.0,11670.789999999997,5
9258,1239,130,115,0,115,105,0,10,65,65,0,65,230,70,41245.29000000001,20825.0,20420.290000000005,5
9259,1239,70,160,0,160,145,15,0,45,45,0,45,210,30,15848.280000000002,19550.0,-3701.719999999998,5
9260,1239,85,165,0,165,155,0,10,25,25,0,25,235,30,22663.71,21250.0,1413.710000000001,5
9261,1239,130,130,0,130,125,0,5,50,50,0,50,250,35,18877.140000000003,22100.0,-3222.859999999996,5
9262,1239,110,135,0,135,135,0,0,55,55,0,55,240,40,22433.400000000005,20825.0,1608.400000000006,5
9263,1239,130,120,0,120,100,0,20,50,50,0,50,225,75,46743.479999999996,21250.0,25493.48,5
9264,1239,85,160,0,160,150,0,10,40,40,0,40,230,35,22565.43,20825.0,1740.4300000000012,5
9265,1239,95,165,0,165,140,0,25,50,50,0,50,230,20,10053.36,22100.0,-12046.639999999998,5
9266,1239,110,140,0,140,130,0,10,45,45,0,45,235,20,10360.8,21250.0,-10889.2,5
9267,1239,125,140,0,140,130,0,10,55,55,0,55,250,40,27175.140000000007,22525.0,4650.140000000006,5
9268,1239,115,160,0,160,150,0,10,20,20,0,20,260,5,2546.28,23375.0,-20828.719999999998,5
9269,1239,110,145,0,145,130,0,15,55,55,0,55,235,40,21884.58,21675.0,209.58000000000084,5
9270,1239,60,185,0,185,175,0,10,30,30,0,30,230,15,8999.820000000002,20825.0,-11825.18,5
9271,1239,60,170,0,170,160,0,10,30,30,0,25,215,30,18394.290000000005,19550.0,-1155.7099999999969,5
9272,1239,110,135,0,135,135,0,0,40,40,0,40,240,55,34154.91,20825.0,13329.910000000003,5
9273,1239,120,140,0,140,135,0,5,45,45,0,45,250,45,28711.260000000006,22100.0,6611.260000000007,5
9274,1239,120,125,0,125,100,0,25,60,60,0,60,215,35,22543.47,20825.0,1718.470000000002,5
9275,1239,110,125,0,125,120,0,5,65,65,0,65,225,85,62127.28125000001,19975.0,42152.28125000001,5
9276,1239,90,145,0,145,145,0,0,45,45,0,45,230,40,25188.57,19975.0,5213.57,5
9277,1239,75,150,0,150,150,0,0,40,40,0,40,220,45,24540.660000000003,19125.0,5415.660000000003,5
9278,1239,100,165,0,165,135,0,30,35,35,0,35,230,45,29062.890000000007,22525.0,6537.890000000007,5
9279,1239,100,140,0,140,130,0,10,60,60,0,55,225,40,20369.880000000005,20400.0,-30.11999999999489,5
9280,1239,140,120,0,120,75,10,35,50,50,0,50,210,50,36123.06375000001,22100.0,14023.06375000001,5
9281,1239,120,135,0,135,100,0,35,60,60,0,60,215,40,30014.7075,21675.0,8339.7075,5
9282,1239,175,115,0,115,115,0,0,50,50,0,50,285,85,58295.564999999995,24650.0,33645.564999999995,5
9283,1239,45,180,0,180,160,5,15,40,40,0,40,200,35,19184.940000000002,19125.0,59.94000000000369,5
9284,1239,75,160,0,160,145,0,15,45,45,0,45,215,40,21555.54,19975.0,1580.5400000000009,5
9285,1239,30,175,0,175,165,0,10,30,30,0,25,190,15,8692.2,17425.0,-8732.8,5
9286,1239,165,115,0,115,115,0,0,60,60,0,60,275,35,18701.640000000003,23800.0,-5098.359999999998,5
9287,1239,75,175,0,175,110,10,55,55,55,0,55,180,45,27087.030000000006,21250.0,5837.030000000004,5
9288,1239,125,140,0,140,135,0,5,40,40,0,40,255,20,10316.880000000001,22525.0,-12208.119999999999,5
9289,1239,105,130,0,130,130,0,0,50,50,0,50,230,25,14333.580000000002,19975.0,-5641.419999999998,5
9290,1239,65,165,0,165,160,0,5,45,45,0,40,220,20,10141.2,19550.0,-9408.8,5
9291,1239,90,150,0,150,130,0,20,35,35,0,35,215,60,40756.005000000005,20400.0,20356.005000000005,5
9292,1239,95,145,0,145,135,0,10,50,50,0,50,225,15,7551.0,20400.0,-12849.0,5
9293,1239,75,160,0,160,150,5,5,60,60,0,60,220,30,16550.82,19975.0,-3424.179999999999,5
9294,1239,100,150,0,150,135,5,10,65,65,0,65,230,45,24167.700000000004,21250.0,2917.7000000000044,5
9295,1239,115,150,0,150,135,0,15,35,35,0,35,245,20,9965.52,22525.0,-12559.48,5
9296,1239,45,200,0,200,140,15,45,40,40,0,40,180,30,15826.140000000003,20825.0,-4998.859999999997,5
9297,1239,80,165,0,165,160,0,5,50,50,0,45,235,40,28239.660000000003,20825.0,7414.6600000000035,5
9298,1239,150,115,0,115,100,0,15,65,65,0,65,245,60,37507.814999999995,22525.0,14982.814999999995,5
9299,1239,95,170,0,170,140,5,25,40,40,0,40,230,40,27690.570000000007,22525.0,5165.570000000007,5
9300,1239,130,135,0,135,130,0,5,45,45,0,45,255,35,19469.880000000005,22525.0,-3055.119999999997,5
9301,1239,80,155,0,155,145,10,0,50,50,0,50,220,40,26538.57,19975.0,6563.57,5
9302,1239,50,160,0,160,140,15,5,45,45,0,45,185,40,27972.9675,17850.0,10122.967499999999,5
9303,1239,105,155,0,155,135,0,20,40,40,0,40,235,35,19909.08,22100.0,-2190.9199999999964,5
9304,1239,95,145,0,145,135,0,10,30,30,0,25,225,40,24891.75,20400.0,4491.750000000002,5
9305,1239,125,125,0,125,110,0,15,70,70,0,70,230,45,24540.660000000003,21250.0,3290.6600000000026,5
9306,1239,140,150,0,150,125,0,25,30,30,0,30,260,25,13784.940000000002,24650.0,-10865.059999999998,5
9307,1239,140,120,0,120,120,0,0,35,35,0,35,255,30,22120.380000000005,22100.0,20.380000000004657,5
9308,1239,140,125,0,125,120,0,5,70,70,0,70,255,30,18219.240000000005,22525.0,-4305.759999999996,5
9309,1239,65,170,0,170,155,0,15,50,50,0,50,215,50,31982.08500000001,19975.0,12007.08500000001,5
9310,1239,110,150,0,150,110,0,40,55,55,0,55,215,60,40674.73500000001,22100.0,18574.735000000004,5
9311,1239,105,150,0,150,140,0,10,45,45,0,40,240,10,5004.720000000001,21675.0,-16670.28,5
9312,1239,75,160,0,160,105,25,30,50,50,0,45,175,35,22608.990000000005,19975.0,2633.9900000000034,5
9313,1239,105,120,0,120,105,0,15,50,50,0,45,205,75,56963.87718750001,19125.0,37838.87718750001,5
9314,1239,135,130,0,130,125,0,5,45,45,0,45,255,40,26494.425000000003,22525.0,3969.425000000001,5
9315,1239,75,160,0,160,130,15,15,60,60,0,60,200,30,15277.680000000002,19975.0,-4697.319999999998,5
9316,1239,145,125,0,125,105,0,20,50,50,0,45,245,55,36770.0175,22950.0,13820.017500000004,5
9317,1239,135,135,0,135,130,0,5,30,30,0,30,260,30,18284.850000000002,22950.0,-4665.149999999999,5
9318,1239,125,135,0,135,135,0,0,45,45,0,40,255,20,11590.020000000002,22100.0,-10509.979999999998,5
9319,1239,75,165,0,165,150,0,15,45,45,0,45,220,40,21819.059999999998,20400.0,1419.0599999999995,5
9320,1239,80,140,0,140,140,0,0,35,35,0,35,215,30,23012.5275,18700.0,4312.527500000001,5
9321,1239,85,150,0,150,120,0,30,35,35,0,35,200,25,14640.84,19975.0,-5334.16,5
9322,1239,110,140,0,140,140,0,0,45,45,0,45,245,35,17296.920000000002,21250.0,-3953.0799999999977,5
9323,1239,110,135,0,135,130,0,5,55,55,0,55,235,35,21489.660000000003,20825.0,664.6600000000035,5
9324,1239,120,135,0,135,130,0,5,45,45,0,45,245,35,22921.875000000004,21675.0,1246.8750000000045,5
9325,1239,120,150,0,150,130,0,20,50,50,0,45,245,60,48534.31125,22950.0,25584.31125,5
9326,1239,115,145,0,145,145,0,0,55,55,0,55,255,30,16946.100000000002,22100.0,-5153.899999999999,5
9327,1239,80,155,0,155,150,0,5,50,50,0,50,225,30,15716.520000000002,19975.0,-4258.479999999998,5
9328,1239,60,170,0,170,155,0,15,35,35,0,35,210,35,19184.940000000002,19550.0,-365.0599999999963,5
9329,1239,135,135,0,135,130,0,5,35,35,0,35,260,30,16550.460000000003,22950.0,-6399.539999999997,5
9330,1239,85,140,0,140,125,0,15,60,60,0,60,205,45,27591.480000000003,19125.0,8466.480000000001,5
9331,1239,95,160,0,160,130,0,30,40,40,0,35,220,50,35774.325,21675.0,14099.324999999999,5
9332,1239,70,170,0,170,150,0,20,35,35,0,35,215,35,21094.290000000005,20400.0,694.2900000000054,5
9333,1239,85,155,0,155,145,0,10,35,35,0,35,225,55,39099.7125,20400.0,18699.7125,5
9334,1239,70,160,0,160,140,10,10,55,55,0,55,205,40,25747.785000000003,19550.0,6197.7850000000035,5
9335,1239,80,160,0,160,100,45,15,50,50,0,50,175,55,36355.365,20400.0,15955.364999999998,5
9336,1239,95,140,0,140,130,10,0,50,50,0,50,220,50,32947.785,19975.0,12972.785000000003,5
9337,1239,105,145,0,145,130,0,15,50,50,0,50,230,25,14070.060000000001,21250.0,-7179.939999999999,5
9338,1239,65,175,0,175,160,15,0,50,50,0,50,220,25,12643.560000000001,20400.0,-7756.439999999998,5
9339,1239,105,135,0,135,100,20,15,55,55,0,55,200,55,36777.91500000001,20400.0,16377.915000000008,5
9340,1239,145,135,0,135,130,0,5,20,20,0,20,270,30,17516.52,23800.0,-6283.48,5
9341,1239,105,155,0,155,110,15,30,45,45,0,45,210,50,37050.04125,22100.0,14950.041250000004,5
9342,1239,115,140,0,140,125,0,15,55,55,0,55,235,35,19184.940000000002,21675.0,-2490.0599999999986,5
9343,1239,80,135,0,135,115,0,20,60,60,0,55,190,65,43118.70750000001,18275.0,24843.70750000001,5
9344,1239,95,155,0,155,145,5,5,45,45,0,45,235,25,14311.980000000003,21250.0,-6938.019999999997,5
9345,1239,70,175,0,175,160,0,15,25,25,0,25,225,25,12862.800000000003,20825.0,-7962.199999999998,5
9346,1239,145,110,0,110,105,0,5,50,50,0,50,245,80,54695.340000000004,21675.0,33020.340000000004,5
9347,1239,125,150,0,150,130,0,20,25,25,0,25,250,20,10580.04,23375.0,-12794.96,5
9348,1239,150,115,0,115,115,0,0,55,55,0,55,260,35,17735.760000000002,22525.0,-4789.239999999998,5
9349,1239,65,175,0,175,125,10,40,50,50,0,50,185,55,33507.63,20400.0,13107.63,5
9350,1239,145,135,0,135,135,0,0,30,30,0,30,275,25,18070.875,23800.0,-5729.124999999999,5
9351,1239,105,145,0,145,130,5,10,40,40,0,40,230,20,10492.560000000001,21250.0,-10757.439999999999,5
9352,1239,130,135,0,135,120,0,15,60,60,0,60,245,40,24540.750000000004,22525.0,2015.7500000000027,5
9353,1239,100,145,0,145,135,0,10,50,50,0,50,230,45,26186.940000000002,20825.0,5361.940000000004,5
9354,1239,145,155,0,155,130,0,25,35,35,0,35,270,0,0.0,25500.0,-25500.0,5
9355,1239,70,160,0,160,155,0,5,40,40,0,40,220,15,7770.6,19550.0,-11779.400000000001,5
9356,1239,50,175,0,175,125,25,25,45,45,0,45,170,90,65475.58500000001,19125.0,46350.58500000001,5
9357,1239,95,135,0,135,110,10,15,60,60,0,55,200,65,42518.43000000001,19550.0,22968.430000000008,5
9358,1239,60,175,0,175,120,15,40,50,50,0,50,175,30,19360.620000000003,19975.0,-614.3799999999965,5
9359,1239,45,185,0,185,170,0,15,30,30,0,30,210,35,23772.690000000002,19550.0,4222.690000000002,5
9360,1239,130,135,0,135,135,0,0,35,35,0,35,260,35,21302.910000000003,22525.0,-1222.0899999999983,5
9361,1239,135,115,0,115,110,0,5,50,50,0,45,240,60,36855.04500000001,21250.0,15605.04500000001,5
9362,1239,100,120,0,120,105,0,15,50,50,0,50,200,90,67225.50843750002,18700.0,48525.50843750002,5
9363,1239,70,140,0,140,125,5,10,60,60,0,60,190,55,30203.100000000006,17850.0,12353.100000000004,5
9364,1239,145,120,0,120,120,0,0,60,60,0,60,260,45,26845.74,22525.0,4320.740000000001,5
9365,1239,90,155,0,155,140,0,15,40,40,0,40,225,45,27065.340000000004,20825.0,6240.340000000006,5
9366,1239,135,140,0,140,140,0,0,50,50,0,50,270,30,16594.74,23375.0,-6780.259999999998,5
9367,1239,60,165,0,165,155,0,10,40,40,0,40,210,45,31521.195000000003,19125.0,12396.195000000003,5
9368,1239,85,140,0,140,135,0,5,55,55,0,55,215,40,23004.360000000008,19125.0,3879.360000000006,5
9369,1239,70,165,0,165,130,0,35,40,40,0,35,195,30,18241.2,19975.0,-1733.7999999999988,5
9370,1239,65,175,0,175,160,0,15,40,40,0,40,220,30,16879.860000000004,20400.0,-3520.1399999999967,5
9371,1239,90,165,0,165,155,0,10,25,25,0,20,240,15,9767.880000000001,21675.0,-11907.119999999999,5
9372,1239,110,125,0,125,125,0,0,60,60,0,60,230,90,62857.51031250001,19975.0,42882.51031250001,5
9373,1239,140,110,0,110,110,0,0,70,70,0,70,245,105,63305.91,21250.0,42055.91,5
9374,1239,95,150,0,150,120,0,30,55,55,0,55,210,45,25045.560000000005,20825.0,4220.560000000005,5
9375,1239,75,145,0,145,135,0,10,55,55,0,50,205,35,17384.4,18700.0,-1315.5999999999972,5
9376,1239,100,150,0,150,125,5,20,45,45,0,45,220,40,24035.85,21250.0,2785.8500000000004,5
9377,1239,155,110,0,110,105,0,5,60,60,0,60,255,45,25462.799999999996,22525.0,2937.7999999999975,5
9378,1239,110,140,0,140,115,25,0,50,50,0,45,220,65,49076.4825,21250.0,27826.482500000002,5
9379,1239,120,140,0,140,120,0,20,60,60,0,55,235,25,14048.460000000003,22100.0,-8051.539999999997,5
9380,1239,80,160,0,160,160,0,0,50,50,0,50,235,20,10009.44,20400.0,-10390.560000000001,5
9381,1239,95,140,0,140,115,0,25,55,55,0,55,205,40,23881.680000000008,19975.0,3906.6800000000057,5
9382,1239,130,115,0,115,110,0,5,45,45,0,45,235,45,28953.090000000004,20825.0,8128.090000000002,5
9383,1239,95,160,0,160,140,0,20,50,50,0,50,230,35,21072.690000000002,21675.0,-602.3099999999977,5
9384,1239,125,125,0,125,125,0,0,50,50,0,50,245,30,15672.600000000002,21250.0,-5577.399999999998,5
9385,1239,85,160,0,160,135,0,25,30,30,0,30,215,30,19898.37,20825.0,-926.6300000000001,5
9386,1239,90,150,0,150,130,0,20,50,50,0,50,215,45,23706.180000000004,20400.0,3306.180000000004,5
9387,1239,90,150,0,150,110,5,35,70,70,0,65,195,45,26625.780000000006,20400.0,6225.780000000004,5
9388,1239,85,155,0,155,135,0,20,60,60,0,60,215,50,30500.190000000002,20400.0,10100.190000000002,5
9389,1239,55,155,0,155,150,5,0,35,35,0,35,200,40,23870.97,17850.0,6020.970000000002,5
9390,1239,160,115,0,115,110,0,5,55,55,0,55,265,35,18877.500000000004,23375.0,-4497.499999999998,5
9391,1239,160,115,0,115,115,0,0,60,60,0,60,270,30,15541.2,23375.0,-7833.799999999999,5
9392,1239,70,165,0,165,140,0,25,35,35,0,35,205,25,13916.7,19975.0,-6058.299999999999,5
9393,1239,95,145,0,145,145,0,0,35,35,0,35,235,35,24145.605,20400.0,3745.6050000000005,5
9394,1239,110,135,0,135,135,0,0,50,50,0,50,240,20,9833.76,20825.0,-10991.239999999998,5
9395,1239,55,155,0,155,125,5,25,45,45,0,45,175,100,76022.96625000001,17850.0,58172.96625000002,5
9396,1239,85,170,0,170,165,0,5,30,30,0,30,245,5,2546.28,21675.0,-19128.72,5
9397,1239,95,160,0,160,145,0,15,50,50,0,45,235,25,12555.720000000001,21675.0,-9119.279999999999,5
9398,1239,115,135,0,135,115,0,20,60,60,0,60,225,60,34528.14,21250.0,13278.140000000003,5
9399,1239,65,170,0,170,155,0,15,40,40,0,40,215,20,11326.5,19975.0,-8648.5,5
9400,1239,115,120,0,120,120,0,0,45,45,0,45,230,45,27262.440000000002,19975.0,7287.440000000001,5
9401,1239,150,115,0,115,110,0,5,75,75,0,70,255,75,49526.325000000004,22525.0,27001.325000000004,5
9402,1239,95,160,0,160,155,0,5,50,50,0,50,245,35,22894.83,21675.0,1219.8300000000017,5
9403,1239,85,145,0,145,145,0,0,40,40,0,40,225,15,10656.990000000002,19550.0,-8893.009999999998,5
9404,1239,100,150,0,150,125,0,25,40,40,0,40,220,70,49110.99187500001,21250.0,27860.991875000007,5
9405,1239,110,140,0,140,130,0,10,60,60,0,60,235,50,29765.34,21250.0,8515.34,5
9406,1239,125,140,0,140,120,0,20,50,50,0,50,240,35,20545.920000000006,22525.0,-1979.0799999999945,5
9407,1239,70,160,0,160,155,0,5,40,40,0,40,220,40,25006.995000000003,19550.0,5456.995000000002,5
9408,1239,125,135,0,135,125,0,10,40,40,0,40,245,50,33584.62500000001,22100.0,11484.625000000005,5
9409,1239,85,145,0,145,130,0,15,60,60,0,60,210,20,11062.980000000003,19550.0,-8487.019999999997,5
9410,1239,55,200,0,200,160,0,40,35,35,0,35,210,15,8955.900000000001,21675.0,-12719.099999999999,5
9411,1239,75,165,0,165,150,0,15,30,30,0,30,220,15,8648.460000000003,20400.0,-11751.539999999997,5
9412,1239,140,140,0,140,135,0,5,40,40,0,40,270,25,15991.11,23800.0,-7808.889999999999,5
9413,1239,165,110,0,110,110,0,0,60,60,0,60,270,55,36794.92500000001,23375.0,13419.925000000007,5
9414,1239,95,135,0,135,125,0,10,45,45,0,45,215,90,69016.9190625,19550.0,49466.919062500005,5
9415,1239,125,140,0,140,115,0,25,40,40,0,40,235,15,7682.4000000000015,22525.0,-14842.599999999999,5
9416,1239,125,135,0,135,135,0,0,35,35,0,35,255,35,24485.985000000004,22100.0,2385.985000000005,5
9417,1239,105,145,0,145,130,0,15,45,45,0,40,230,35,20545.920000000002,21250.0,-704.079999999999,5
9418,1239,70,170,0,170,165,0,5,35,35,0,35,230,15,7726.680000000001,20400.0,-12673.32,5
9419,1239,60,185,0,185,140,25,20,50,50,0,50,195,40,19974.960000000003,20825.0,-850.0399999999968,5
9420,1239,125,135,0,135,120,5,10,55,55,0,55,240,40,21643.38,22100.0,-456.6199999999981,5
9421,1239,65,175,0,175,125,5,45,40,40,0,40,185,55,36992.475,20400.0,16592.475,5
9422,1239,145,145,0,145,110,0,35,45,45,0,45,250,40,27196.83000000001,24650.0,2546.830000000009,5
9423,1239,75,165,0,165,135,0,30,50,50,0,50,205,35,20853.090000000004,20400.0,453.09000000000196,5
9424,1239,105,155,0,155,120,25,10,45,45,0,45,220,30,15848.280000000002,22100.0,-6251.7199999999975,5
9425,1239,115,150,0,150,115,5,30,45,45,0,45,225,20,10185.12,22525.0,-12339.879999999997,5
9426,1239,140,120,0,120,100,0,20,45,45,0,45,235,40,23947.740000000005,22100.0,1847.7400000000034,5
9427,1239,110,135,0,135,100,10,25,60,60,0,60,205,60,34001.100000000006,20825.0,13176.100000000006,5
9428,1239,110,145,0,145,140,0,5,45,45,0,40,245,45,31225.14,21675.0,9550.140000000001,5
9429,1239,105,155,0,155,140,0,15,30,30,0,30,240,25,16089.660000000003,22100.0,-6010.3399999999965,5
9430,1239,105,145,0,145,115,20,10,50,50,0,50,215,40,23464.98,21250.0,2214.9800000000005,5
9431,1239,80,150,0,150,110,30,10,55,55,0,55,185,75,48757.725000000006,19550.0,29207.72500000001,5
9432,1239,75,170,0,170,170,0,0,45,45,0,45,240,25,12775.320000000002,20825.0,-8049.6799999999985,5
9433,1239,80,155,0,155,155,0,0,50,50,0,50,230,30,20457.810000000005,19975.0,482.81000000000404,5
9434,1239,80,130,0,130,115,5,10,55,55,0,55,190,80,52112.90249999999,17850.0,34262.90249999999,5
9435,1239,110,135,0,135,125,0,10,50,50,0,50,230,50,31762.485000000008,20825.0,10937.485000000006,5
9436,1239,125,145,0,145,140,0,5,35,35,0,35,260,35,20721.6,22950.0,-2228.4000000000015,5
9437,1239,95,145,0,145,135,5,5,45,45,0,45,225,40,22455.36,20400.0,2055.3600000000006,5
9438,1239,100,155,0,155,145,0,10,45,45,0,45,240,50,32036.985000000004,21675.0,10361.985000000004,5
9439,1239,95,170,0,170,155,0,15,35,35,0,35,245,25,14706.900000000003,22525.0,-7818.099999999997,5
9440,1239,125,145,0,145,135,0,10,50,50,0,50,255,30,16660.620000000003,22950.0,-6289.379999999999,5
9441,1239,80,150,0,150,140,0,10,45,45,0,45,215,35,20831.130000000005,19550.0,1281.1300000000028,5
9442,1239,110,130,0,130,125,0,5,55,55,0,55,230,55,35752.095,20400.0,15352.095000000005,5
9443,1239,135,130,0,130,120,0,10,45,45,0,45,250,15,8714.34,22525.0,-13810.66,5
9444,1239,110,145,0,145,135,0,10,55,55,0,55,240,60,33210.9,21675.0,11535.900000000001,5
9445,1239,80,150,0,150,140,5,5,45,45,0,45,215,30,14662.800000000003,19550.0,-4887.199999999998,5
9446,1239,100,135,0,135,135,0,0,55,55,0,55,230,35,20348.280000000006,19975.0,373.2800000000043,5
9447,1239,75,155,0,155,135,5,15,50,50,0,50,205,55,35510.535,19550.0,15960.535000000003,5
9448,1239,135,130,0,130,115,0,15,55,55,0,55,245,50,29918.790000000008,22525.0,7393.790000000008,5
9449,1239,75,160,0,160,135,0,25,50,50,0,50,205,25,14246.100000000002,19975.0,-5728.899999999999,5
9450,1239,90,155,0,155,155,0,0,25,25,0,25,240,15,8450.82,20825.0,-12374.18,5
9451,1239,90,125,0,125,115,0,10,75,75,0,70,200,50,36849.8925,18275.0,18574.892500000005,5
9452,1239,115,145,0,145,125,0,20,65,65,0,60,235,15,7902.000000000002,22100.0,-14197.999999999996,5
9453,1239,130,120,0,120,115,0,5,55,55,0,55,240,45,23860.26,21250.0,2610.2599999999984,5
9454,1239,140,120,0,120,120,0,0,70,70,0,70,255,50,26120.879999999997,22100.0,4020.8799999999974,5
9455,1239,65,160,0,160,150,5,5,45,45,0,45,210,45,26735.940000000002,19125.0,7610.9400000000005,5
9456,1239,80,145,0,145,140,0,5,60,60,0,60,215,90,61313.54625000001,19125.0,42188.54625000001,5
9457,1239,150,130,0,130,110,0,20,50,50,0,50,255,40,23234.310000000005,23800.0,-565.689999999995,5
9458,1239,145,120,0,120,105,0,15,80,80,0,80,245,45,22916.52,22525.0,391.52000000000044,5
9459,1239,95,130,0,130,115,0,15,60,60,0,60,205,75,49026.735,19125.0,29901.735,5
9460,1239,85,155,0,155,135,0,20,55,55,0,55,215,45,27526.230000000003,20400.0,7126.230000000005,5
9461,1239,50,155,0,155,155,0,0,45,45,0,45,200,45,25418.520000000004,17425.0,7993.520000000003,5
9462,1239,135,110,0,110,100,0,10,45,45,0,40,230,85,67880.51437500001,20825.0,47055.51437500001,5
9463,1239,65,175,0,175,175,0,0,35,35,0,35,235,40,26889.930000000004,20400.0,6489.930000000004,5
9464,1239,85,155,0,155,155,0,0,40,40,0,40,235,10,5224.32,20400.0,-15175.68,5
9465,1239,115,140,0,140,135,0,5,45,45,0,45,245,40,22850.280000000002,21675.0,1175.2800000000025,5
9466,1239,110,135,0,135,125,0,10,45,45,0,45,230,70,51895.40906250001,20825.0,31070.40906250001,5
9467,1239,85,150,0,150,135,0,15,60,60,0,60,215,55,33518.61000000001,19975.0,13543.610000000008,5
9468,1239,80,165,0,165,125,0,40,35,35,0,35,200,25,13455.54,20825.0,-7369.459999999999,5
9469,1239,140,125,0,125,115,0,10,60,60,0,60,250,70,45163.39500000001,22525.0,22638.39500000001,5
9470,1239,100,150,0,150,135,0,15,50,50,0,50,230,30,18131.4,21250.0,-3118.5999999999967,5
9471,1239,125,130,0,130,130,0,0,50,50,0,45,250,50,30137.76,21675.0,8462.759999999998,5
9472,1239,135,140,0,140,110,0,30,60,60,0,60,240,35,19821.420000000002,23375.0,-3553.5799999999995,5
9473,1239,45,160,0,160,150,5,5,40,40,0,40,190,50,31268.430000000008,17425.0,13843.430000000008,5
9474,1239,60,160,0,160,160,0,0,45,45,0,45,215,30,15102.0,18700.0,-3597.9999999999995,5
9475,1239,125,120,0,120,105,0,15,55,55,0,55,225,40,20698.74,20825.0,-126.25999999999749,5
9476,1239,110,120,0,120,120,0,0,50,50,0,50,225,55,35746.244999999995,19550.0,16196.244999999999,5
9477,1239,75,165,0,165,155,0,10,45,45,0,40,225,15,7814.52,20400.0,-12585.48,5
9478,1239,105,150,0,150,150,0,0,40,40,0,40,250,20,13488.75,21675.0,-8186.25,5
9479,1239,80,165,0,165,135,0,30,40,40,0,40,210,40,24277.23,20825.0,3452.2299999999996,5
9480,1239,95,170,0,170,170,0,0,25,25,0,25,260,15,7814.52,22525.0,-14710.48,5
9481,1239,110,115,0,115,110,0,5,55,55,0,50,215,60,41144.70375000001,19125.0,22019.703750000008,5
9482,1239,50,165,0,165,150,0,15,35,35,0,35,195,30,17274.780000000002,18275.0,-1000.2199999999971,5
9483,1239,95,135,0,135,130,0,5,45,45,0,45,220,60,42773.59125000001,19550.0,23223.59125000001,5
9484,1239,120,150,0,150,140,0,10,30,30,0,30,255,25,14333.400000000001,22950.0,-8616.599999999999,5
9485,1239,105,140,0,140,135,0,5,40,40,0,40,235,40,27207.472500000003,20825.0,6382.4725000000035,5
9486,1239,145,130,0,130,130,0,0,20,20,0,20,270,35,22674.600000000006,23375.0,-700.3999999999951,5
9487,1239,180,120,0,120,120,0,0,45,45,0,45,295,25,14092.380000000003,25500.0,-11407.619999999997,5
9488,1239,180,130,0,130,125,0,5,25,25,0,25,300,15,9219.420000000002,26350.0,-17130.58,5
9489,1239,105,145,0,145,125,0,20,45,45,0,45,225,50,32651.325,21250.0,11401.325,5
9490,1239,70,170,0,170,170,0,0,30,30,0,30,235,30,20030.13,20400.0,-369.8699999999985,5
9491,1239,85,160,0,160,130,25,5,50,50,0,50,210,50,30203.999999999996,20825.0,9378.999999999996,5
9492,1239,95,155,0,155,135,0,20,45,45,0,45,225,25,13389.840000000002,21250.0,-7860.159999999998,5
9493,1239,105,135,0,135,130,0,5,45,45,0,45,230,60,40816.799999999996,20400.0,20416.8,5
9494,1239,100,155,0,155,115,15,25,60,60,0,55,210,20,10185.12,21675.0,-11489.879999999997,5
9495,1239,90,140,0,140,135,0,5,60,60,0,60,220,50,30226.229999999996,19550.0,10676.229999999996,5
9496,1239,95,140,0,140,140,0,0,45,45,0,45,230,25,14574.600000000002,19975.0,-5400.399999999998,5
9497,1239,135,145,0,145,125,0,20,45,45,0,45,255,40,26110.125000000004,23800.0,2310.1250000000027,5
9498,1239,100,120,0,120,120,0,0,65,65,0,65,215,60,41459.09625000001,18700.0,22759.09625000001,5
9499,1239,75,140,0,140,140,0,0,50,50,0,50,210,55,33233.130000000005,18275.0,14958.130000000001,5
9500,1239,60,160,0,160,130,10,20,40,40,0,40,185,50,34374.91500000001,18700.0,15674.91500000001,5
9501,1239,90,160,0,160,125,5,30,50,50,0,50,210,10,6102.0,21250.0,-15148.0,5
9502,1239,95,135,0,135,130,0,5,50,50,0,50,220,45,27986.940000000002,19550.0,8436.940000000004,5
9503,1239,120,130,0,130,90,10,30,80,80,0,80,205,80,52944.68250000001,21250.0,31694.68250000001,5
9504,1239,100,150,0,150,120,0,30,40,40,0,40,215,55,39689.65125000001,21250.0,18439.651250000006,5
9505,1239,70,160,0,160,125,15,20,55,55,0,55,190,55,32760.990000000005,19550.0,13210.990000000005,5
9506,1239,140,125,0,125,125,0,0,70,70,0,70,260,70,41025.95999999999,22525.0,18500.959999999995,5
9507,1239,80,140,0,140,115,0,25,50,50,0,50,190,55,36240.435000000005,18700.0,17540.435,5
9508,1239,105,140,0,140,140,0,0,40,40,0,40,240,35,22301.910000000003,20825.0,1476.9100000000026,5
9509,1239,130,135,0,135,125,0,10,45,45,0,45,250,35,18460.260000000002,22525.0,-4064.739999999997,5
9510,1239,85,150,0,150,130,10,10,65,65,0,65,210,50,30829.590000000004,19975.0,10854.590000000004,5
9511,1239,100,140,0,140,135,0,5,45,45,0,45,230,40,22674.6,20400.0,2274.6000000000004,5
9512,1239,90,140,0,140,125,15,0,70,70,0,70,210,70,47748.24000000002,19550.0,28198.240000000023,5
9513,1239,70,155,0,155,125,5,25,50,50,0,50,190,70,48226.93874999999,19125.0,29101.93874999999,5
9514,1239,95,140,0,140,135,5,0,50,50,0,50,225,45,27207.810000000005,19975.0,7232.810000000004,5
9515,1239,115,135,0,135,130,0,5,55,55,0,55,240,45,25089.480000000003,21250.0,3839.480000000003,5
9516,1239,80,135,0,135,130,0,5,55,55,0,55,205,45,29237.58000000001,18275.0,10962.580000000007,5
9517,1239,95,145,0,145,140,0,5,35,35,0,35,230,30,16484.58,20400.0,-3915.419999999997,5
9518,1239,135,140,0,140,120,0,20,50,50,0,50,250,55,33848.01,23375.0,10473.010000000004,5
9519,1239,155,130,0,130,95,5,30,55,55,0,55,245,55,33749.19,24225.0,9524.189999999999,5
9520,1239,85,135,0,135,115,0,20,80,80,0,80,195,65,38325.51000000001,18700.0,19625.510000000013,5
9521,1239,140,145,0,145,120,0,25,35,35,0,35,255,30,17582.4,24225.0,-6642.599999999998,5
9522,1239,100,130,0,130,125,5,0,65,65,0,65,220,65,39334.59000000001,19550.0,19784.590000000007,5
9523,1239,125,140,0,140,125,0,15,45,45,0,45,245,25,15617.79,22525.0,-6907.21,5
9524,1239,125,130,0,130,125,0,5,50,50,0,50,245,55,31960.26,21675.0,10285.259999999998,5
9525,1239,120,130,0,130,120,0,10,50,50,0,45,235,30,15189.840000000002,21250.0,-6060.159999999998,5
9526,1239,85,160,0,160,160,0,0,55,55,0,55,240,10,5004.720000000001,20825.0,-15820.279999999999,5
9527,1239,155,120,0,120,120,0,0,45,45,0,45,270,50,28996.739999999998,23375.0,5621.74,5
9528,1239,140,145,0,145,105,5,35,55,55,0,55,240,45,31641.840000000004,24225.0,7416.840000000002,5
9529,1239,110,140,0,140,125,0,15,65,65,0,65,230,30,18351.000000000004,21250.0,-2898.9999999999964,5
9530,1239,110,125,0,125,120,0,5,55,55,0,55,225,45,28678.36500000001,19975.0,8703.365000000009,5
9531,1239,110,125,0,125,115,0,10,50,50,0,50,220,75,48807.18000000001,19975.0,28832.180000000008,5
9532,1239,135,130,0,130,130,0,0,35,35,0,35,260,50,31948.785000000007,22525.0,9423.785000000007,5
9533,1239,120,130,0,130,130,0,0,40,40,0,40,245,40,21116.340000000004,21250.0,-133.6599999999953,5
9534,1239,90,150,0,150,150,0,0,30,30,0,25,235,45,33826.05,20400.0,13426.050000000005,5
9535,1239,105,155,0,155,155,0,0,55,55,0,55,255,20,10097.28,22100.0,-12002.72,5
9536,1239,60,160,0,160,150,0,10,50,50,0,45,205,45,31916.475,18700.0,13216.475,5
9537,1239,105,145,0,145,145,0,0,40,40,0,40,245,45,25956.630000000005,21250.0,4706.630000000005,5
9538,1239,90,150,0,150,150,0,0,60,60,0,60,235,45,27921.510000000002,20400.0,7521.510000000003,5
9539,1239,80,155,0,155,105,25,25,60,60,0,60,180,85,56070.517499999994,19975.0,36095.517499999994,5
9540,1239,140,125,0,125,120,0,5,35,35,0,35,255,15,8253.180000000002,22525.0,-14271.819999999998,5
9541,1239,105,120,0,120,120,0,0,55,55,0,50,220,55,34522.51500000001,19125.0,15397.515000000007,5
9542,1239,115,130,0,130,115,15,0,70,70,0,70,225,35,17692.200000000004,20825.0,-3132.7999999999975,5
9543,1239,105,140,0,140,125,0,15,55,55,0,55,225,55,33523.875,20825.0,12698.874999999998,5
9544,1239,135,130,0,130,125,0,5,30,30,0,30,255,55,42721.6275,22525.0,20196.627500000002,5
9545,1239,125,135,0,135,130,0,5,55,55,0,55,250,35,19272.780000000002,22100.0,-2827.2199999999975,5
9546,1239,90,140,0,140,120,0,20,45,45,0,45,205,45,30379.680000000004,19550.0,10829.680000000004,5
9547,1239,55,175,0,175,135,20,20,50,50,0,50,185,50,32355.270000000004,19550.0,12805.270000000004,5
9548,1239,45,170,0,170,165,0,5,30,30,0,30,205,25,14180.220000000001,18275.0,-4094.7799999999984,5
9549,1239,150,125,0,125,110,0,15,65,65,0,60,255,45,24892.020000000004,23375.0,1517.0200000000023,5
9550,1239,65,180,0,180,160,5,15,35,35,0,35,220,15,9021.78,20825.0,-11803.220000000001,5
9551,1239,95,150,0,150,150,0,0,50,50,0,50,240,35,19141.020000000004,20825.0,-1683.9799999999968,5
9552,1239,105,125,0,125,120,0,5,55,55,0,55,220,95,65055.53250000001,19550.0,45505.53250000001,5
9553,1239,75,165,0,165,140,0,25,55,55,0,55,210,40,26516.61,20400.0,6116.610000000001,5
9554,1239,105,150,0,150,150,0,0,35,35,0,35,250,45,26538.3,21675.0,4863.299999999999,5
9555,1239,80,165,0,165,145,0,20,40,40,0,40,220,15,7682.76,20825.0,-13142.24,5
9556,1239,90,155,0,155,140,0,15,40,40,0,40,225,50,38984.45625000001,20825.0,18159.456250000007,5
9557,1239,130,125,0,125,125,0,0,45,45,0,45,250,45,30741.525000000005,21675.0,9066.525000000005,5
9558,1239,105,165,0,165,160,0,5,30,30,0,30,260,25,13960.62,22950.0,-8989.38,5
9559,1239,120,140,0,140,140,0,0,35,35,0,35,255,10,6409.620000000001,22100.0,-15690.380000000001,5
9560,1239,85,150,0,150,150,0,0,35,35,0,35,230,35,20655.72,19975.0,680.7200000000012,5
9561,1239,95,150,0,150,140,5,5,50,50,0,50,230,65,47372.428125000006,20825.0,26547.428125000006,5
9562,1239,145,125,0,125,125,0,0,45,45,0,45,265,45,29654.864999999998,22950.0,6704.865,5
9563,1239,95,165,0,165,155,0,10,20,20,0,20,245,15,8933.94,22100.0,-13166.06,5
9564,1239,75,170,0,170,170,0,0,35,35,0,35,240,35,21873.690000000002,20825.0,1048.6900000000014,5
9565,1239,70,165,0,165,145,0,20,45,45,0,45,210,35,20875.32,19975.0,900.3200000000015,5
9566,1239,105,155,0,155,145,0,10,50,50,0,50,245,30,15057.720000000001,22100.0,-7042.279999999999,5
9567,1239,80,155,0,155,150,0,5,40,40,0,40,225,20,10843.380000000001,19975.0,-9131.619999999999,5
9568,1239,65,160,0,160,145,0,15,55,55,0,55,205,40,22784.220000000005,19125.0,3659.220000000005,5
9569,1239,90,140,0,140,135,0,5,30,30,0,30,220,55,40565.00250000001,19550.0,21015.00250000001,5
9570,1239,85,160,0,160,155,0,5,40,40,0,40,235,45,29309.175,20825.0,8484.175,5
9571,1239,120,125,0,125,95,0,30,65,65,0,60,210,100,69593.94000000002,20825.0,48768.94000000001,5
9572,1239,75,160,0,160,145,0,15,45,45,0,45,215,20,9921.6,19975.0,-10053.4,5
9573,1239,60,170,0,170,145,5,20,40,40,0,40,200,20,10360.440000000002,19550.0,-9189.559999999998,5
9574,1239,75,175,0,175,130,5,40,40,40,0,40,200,35,22658.355000000003,21250.0,1408.3550000000014,5
9575,1239,100,160,0,160,135,20,5,50,50,0,50,230,25,12643.56,22100.0,-9456.44,5
9576,1239,65,140,0,140,110,5,25,60,60,0,60,170,75,48862.03500000002,17425.0,31437.035000000014,5
9577,1239,80,150,0,150,130,0,20,35,35,0,30,205,65,46131.001875,19550.0,26581.001875,5
9578,1239,105,145,0,145,140,0,5,50,50,0,50,240,20,11765.7,21250.0,-9484.3,5
9579,1239,160,135,0,135,120,0,15,40,40,0,40,275,10,5136.4800000000005,25075.0,-19938.519999999997,5
9580,1239,70,155,0,155,150,0,5,30,30,0,30,215,25,17966.43,19125.0,-1158.5699999999997,5
9581,1239,65,145,0,145,145,0,0,45,45,0,40,205,75,53443.30499999999,17850.0,35593.30499999999,5
9582,1239,105,120,0,120,110,10,0,60,60,0,60,210,55,33824.880000000005,19125.0,14699.880000000008,5
9583,1239,100,140,0,140,130,0,10,40,40,0,35,225,70,47166.2325,20400.0,26766.2325,5
9584,1239,45,160,0,160,160,0,0,40,40,0,40,200,15,7419.240000000001,17425.0,-10005.759999999998,5
9585,1239,85,155,0,155,135,10,10,55,55,0,55,215,45,27789.750000000004,20400.0,7389.750000000004,5
9586,1239,80,150,0,150,140,0,10,50,50,0,50,215,55,33496.65000000001,19550.0,13946.650000000009,5
9587,1239,65,160,0,160,155,0,5,35,35,0,35,215,25,14553.000000000002,19125.0,-4571.999999999998,5
9588,1239,85,160,0,160,135,0,25,45,45,0,45,215,35,21050.100000000002,20825.0,225.10000000000218,5
9589,1239,120,125,0,125,125,0,0,45,45,0,45,240,20,11304.54,20825.0,-9520.46,5
9590,1239,80,150,0,150,135,0,15,60,60,0,60,210,30,18504.180000000004,19550.0,-1045.8199999999965,5
9591,1239,65,170,0,170,145,5,20,40,40,0,40,205,35,21160.260000000002,19975.0,1185.260000000003,5
9592,1239,50,190,0,190,180,0,10,15,15,0,15,225,0,0.0,20400.0,-20400.0,5
9593,1239,130,135,0,135,115,0,20,45,45,0,40,240,20,11414.34,22525.0,-11110.66,5
9594,1239,110,135,0,135,135,0,0,40,40,0,40,240,40,26911.350000000002,20825.0,6086.350000000002,5
9595,1239,100,150,0,150,150,0,0,40,40,0,40,245,45,27536.850000000006,21250.0,6286.850000000004,5
9596,1239,155,120,0,120,120,0,0,55,55,0,55,270,50,31751.640000000007,23375.0,8376.640000000007,5
9597,1239,90,155,0,155,140,5,10,45,45,0,45,225,15,10448.370000000003,20825.0,-10376.629999999997,5
9598,1239,135,130,0,130,130,0,0,60,60,0,60,260,40,20325.960000000003,22525.0,-2199.0399999999977,5
9599,1239,90,125,0,125,125,0,0,65,65,0,65,210,65,44977.938750000016,18275.0,26702.938750000012,5
9600,1239,80,160,0,160,120,10,30,55,55,0,55,195,50,28425.69,20400.0,8025.69,5
9601,1239,125,150,0,150,145,0,5,25,25,0,25,265,20,10097.28,23375.0,-13277.72,5
9602,1239,80,135,0,135,120,15,0,65,65,0,60,195,55,30642.48,18275.0,12367.48,5
9603,1239,120,135,0,135,135,0,0,50,50,0,50,250,30,15277.680000000002,21675.0,-6397.319999999998,5
9604,1239,115,140,0,140,140,0,0,50,50,0,50,250,30,15145.920000000004,21675.0,-6529.079999999996,5
9605,1239,55,170,0,170,160,0,10,35,35,0,35,210,25,13960.62,19125.0,-5164.379999999999,5
9606,1239,75,155,0,155,150,0,5,40,40,0,40,220,10,5268.240000000001,19550.0,-14281.759999999998,5
9607,1239,90,145,0,145,130,0,15,15,15,0,15,215,35,25300.057500000003,19975.0,5325.057500000003,5
9608,1239,100,160,0,160,125,0,35,35,35,0,35,220,20,9833.76,22100.0,-12266.239999999998,5
9609,1239,80,140,0,140,140,0,0,40,40,0,40,215,45,27657.63000000001,18700.0,8957.630000000008,5
9610,1239,115,135,0,135,125,0,10,50,50,0,50,235,60,39513.57750000001,21250.0,18263.577500000007,5
9611,1239,65,175,0,175,125,35,15,55,55,0,55,185,40,28706.242500000004,20400.0,8306.242500000004,5
9612,1239,65,170,0,170,115,15,40,60,60,0,55,175,25,14070.420000000002,19975.0,-5904.579999999998,5
9613,1239,145,125,0,125,115,0,10,40,40,0,40,255,35,22334.850000000002,22950.0,-615.1499999999987,5
9614,1239,115,130,0,130,105,15,10,55,55,0,55,215,35,21763.89,20825.0,938.8900000000012,5
9615,1239,115,135,0,135,135,0,0,45,45,0,40,245,65,46553.29875,21250.0,25303.29875,5
9616,1239,165,115,0,115,115,0,0,40,40,0,40,275,40,22301.460000000003,23800.0,-1498.5399999999981,5
9617,1239,70,170,0,170,165,0,5,20,20,0,20,230,30,20748.914999999997,20400.0,348.91499999999724,5
9618,1239,85,150,0,150,135,0,15,65,65,0,65,215,80,57686.715000000004,19975.0,37711.715000000004,5
9619,1239,80,155,0,155,135,0,20,50,50,0,50,210,45,30601.957499999997,19975.0,10626.957499999999,5
9620,1239,115,150,0,150,145,0,5,30,30,0,30,255,40,25374.330000000005,22525.0,2849.3300000000045,5
9621,1239,85,145,0,145,140,0,5,45,45,0,45,220,70,45328.095,19550.0,25778.095,5
9622,1239,100,145,0,145,140,0,5,35,35,0,35,235,35,21335.85,20825.0,510.85000000000036,5
9623,1239,125,140,0,140,120,0,20,50,50,0,50,240,5,2282.76,22525.0,-20242.239999999998,5
9624,1239,165,110,0,110,105,0,5,55,55,0,55,265,35,20414.160000000003,23375.0,-2960.8399999999983,5
9625,1239,55,170,0,170,140,0,30,40,40,0,40,190,35,19228.500000000004,19125.0,103.50000000000364,5
9626,1239,85,170,0,170,155,0,15,45,45,0,45,235,45,24935.760000000002,21675.0,3260.76,5
9627,1239,70,160,0,160,130,0,30,30,30,0,30,195,15,9526.320000000003,19550.0,-10023.679999999997,5
9628,1239,100,150,0,150,145,0,5,60,60,0,60,240,50,26779.860000000004,21250.0,5529.860000000003,5
9629,1239,160,100,0,100,100,0,0,55,55,0,55,255,60,38539.575,22100.0,16439.574999999997,5
9630,1239,125,115,0,115,110,5,0,60,60,0,60,230,65,45218.0025,20400.0,24818.002500000002,5
9631,1239,110,160,0,160,90,45,25,65,65,0,65,195,60,34813.71000000001,22950.0,11863.710000000006,5
9632,1239,60,170,0,170,145,10,15,50,50,0,50,200,30,17867.88,19550.0,-1682.1199999999976,5
9633,1239,70,175,0,175,145,0,30,35,35,0,35,210,20,11370.420000000002,20825.0,-9454.579999999998,5
9634,1239,95,150,0,150,150,0,0,40,40,0,40,240,35,21171.15000000001,20825.0,346.1500000000069,5
9635,1239,100,160,0,160,160,0,0,30,30,0,30,255,10,5443.560000000001,22100.0,-16656.44,5
9636,1239,60,170,0,170,155,5,10,45,45,0,40,210,45,25726.320000000007,19550.0,6176.320000000005,5
9637,1239,120,130,0,130,115,0,15,55,55,0,50,230,65,41025.600000000006,21250.0,19775.600000000006,5
9638,1239,115,145,0,145,140,0,5,55,55,0,50,250,25,14004.54,22100.0,-8095.459999999998,5
9639,1239,85,145,0,145,140,0,5,45,45,0,40,220,30,19008.810000000005,19550.0,-541.1899999999969,5
9640,1239,100,135,0,135,130,0,5,55,55,0,55,225,5,2546.28,19975.0,-17428.72,5
9641,1239,105,135,0,135,125,0,10,35,35,0,35,225,75,53949.948750000025,20400.0,33549.948750000025,5
9642,1239,150,140,0,140,135,0,5,40,40,0,40,280,40,25287.390000000007,24650.0,637.3900000000049,5
9643,1239,130,115,0,115,110,5,0,75,75,0,75,235,40,24914.07,20825.0,4089.0700000000015,5
9644,1239,120,125,0,125,125,0,0,55,55,0,55,240,50,33134.49,20825.0,12309.490000000002,5
9645,1239,100,145,0,145,110,10,25,60,60,0,60,205,30,16594.739999999998,20825.0,-4230.26,5
9646,1239,130,145,0,145,145,0,0,45,45,0,45,270,60,38457.58500000001,23375.0,15082.585000000008,5
9647,1239,95,155,0,155,145,0,10,30,30,0,25,235,15,8714.34,21250.0,-12535.66,5
9648,1239,170,140,0,140,115,0,25,45,45,0,40,280,35,21950.550000000003,26350.0,-4399.449999999997,5
9649,1239,125,145,0,145,145,0,0,30,30,0,25,265,20,10272.600000000002,22950.0,-12677.399999999998,5
9650,1239,100,155,0,155,130,0,25,50,50,0,45,225,15,7726.68,21675.0,-13948.32,5
9651,1239,70,170,0,170,140,25,5,40,40,0,40,205,45,27306.63,20400.0,6906.63,5
9652,1239,75,145,0,145,135,10,0,50,50,0,50,205,45,29562.075,18700.0,10862.075,5
9653,1239,110,135,0,135,125,10,0,50,50,0,50,230,75,49213.17000000001,20825.0,28388.17000000001,5
9654,1239,80,155,0,155,120,0,35,50,50,0,50,195,10,5268.240000000001,19975.0,-14706.759999999998,5
9655,1239,45,175,0,175,165,0,10,30,30,0,25,205,15,7551.000000000002,18700.0,-11148.999999999998,5
9656,1239,120,135,0,135,110,0,25,65,65,0,65,225,65,40471.33500000001,21675.0,18796.335000000006,5
9657,1239,80,150,0,150,135,0,15,60,60,0,60,210,60,41382.38250000001,19550.0,21832.382500000003,5
9658,1239,120,130,0,130,130,0,0,45,45,0,45,245,35,21621.33000000001,21250.0,371.3300000000072,5
9659,1239,40,185,0,185,185,0,0,35,35,0,35,220,10,4741.200000000001,19125.0,-14383.8,5
9660,1239,70,170,0,170,130,25,15,50,50,0,50,195,35,20611.530000000002,20400.0,211.53000000000247,5
9661,1239,100,145,0,145,145,0,0,40,40,0,40,240,35,24370.200000000004,20825.0,3545.2000000000044,5
9662,1239,45,180,0,180,165,10,5,35,35,0,35,205,30,16111.620000000003,19125.0,-3013.3799999999974,5
9663,1239,95,150,0,150,115,15,20,55,55,0,55,205,40,22653.0,20825.0,1828.0000000000018,5
9664,1239,120,125,0,125,100,0,25,70,70,0,70,215,50,28162.440000000006,20825.0,7337.440000000006,5
9665,1239,70,150,0,150,135,0,15,50,50,0,50,200,50,31959.765000000003,18700.0,13259.765000000003,5
9666,1239,105,140,0,140,140,0,0,45,45,0,45,240,40,24859.170000000006,20825.0,4034.1700000000037,5
9667,1239,110,135,0,135,120,5,10,50,50,0,50,225,60,46561.28906250001,20825.0,25736.289062500007,5
9668,1239,95,155,0,155,140,0,15,45,45,0,45,230,20,13170.600000000002,21250.0,-8079.399999999998,5
9669,1239,135,135,0,135,115,5,15,55,55,0,55,245,30,18394.65,22950.0,-4555.3499999999985,5
9670,1239,85,165,0,165,145,0,20,35,35,0,35,225,35,21072.690000000002,21250.0,-177.30999999999767,5
9671,1239,110,155,0,155,130,5,20,55,55,0,55,235,60,37272.285,22525.0,14747.285000000002,5
9672,1239,110,160,0,160,140,0,20,40,40,0,40,245,15,7770.6,22950.0,-15179.400000000001,5
9673,1239,75,140,0,140,140,0,0,50,50,0,45,210,90,64205.46000000001,18275.0,45930.46000000001,5
9674,1239,115,135,0,135,125,0,10,55,55,0,55,235,35,19601.820000000003,21250.0,-1648.1799999999976,5
9675,1239,70,145,0,145,145,0,0,50,50,0,50,210,55,33540.3,18275.0,15265.300000000007,5
9676,1239,135,120,0,120,120,0,0,60,60,0,55,250,45,25045.56,21675.0,3370.5600000000004,5
9677,1239,100,140,0,140,130,0,10,50,50,0,45,225,35,22521.510000000002,20400.0,2121.510000000003,5
9678,1239,100,155,0,155,145,0,10,30,30,0,30,240,20,11568.060000000001,21675.0,-10106.939999999999,5
9679,1239,95,135,0,135,115,10,10,60,60,0,55,205,35,18613.440000000002,19550.0,-936.5599999999972,5
9680,1239,110,140,0,140,125,0,15,65,65,0,65,230,35,19404.180000000004,21250.0,-1845.8199999999965,5
9681,1239,145,115,0,115,105,0,10,40,40,0,40,245,70,48751.96500000001,22100.0,26651.96500000001,5
9682,1239,95,150,0,150,145,0,5,35,35,0,35,235,25,13762.980000000003,20825.0,-7062.019999999998,5
9683,1239,75,165,0,165,145,5,15,45,45,0,45,215,30,16572.78,20400.0,-3827.22,5
9684,1239,60,160,0,160,155,0,5,35,35,0,35,210,55,34484.31000000001,18700.0,15784.310000000009,5
9685,1239,130,140,0,140,140,0,0,40,40,0,40,265,25,13850.820000000002,22950.0,-9099.179999999998,5
9686,1239,90,145,0,145,140,5,0,55,55,0,55,225,10,4872.960000000001,19975.0,-15102.039999999999,5
9687,1239,105,145,0,145,130,0,15,60,60,0,55,230,35,18921.420000000002,21250.0,-2328.579999999997,5
9688,1239,80,160,0,160,145,10,5,55,55,0,50,220,40,23476.23,20400.0,3076.2300000000005,5
9689,1239,135,135,0,135,125,0,10,45,45,0,40,255,30,16067.700000000003,22950.0,-6882.299999999997,5
9690,1239,185,125,0,125,110,0,15,45,45,0,45,290,15,7243.560000000001,26350.0,-19106.44,5
9691,1239,100,160,0,160,160,0,0,35,35,0,35,255,30,17297.100000000002,22100.0,-4802.899999999998,5
9692,1239,100,125,0,125,120,0,5,65,65,0,65,215,90,60551.28,19125.0,41426.28,5
9693,1239,85,140,0,140,125,0,15,65,65,0,65,205,55,32969.610000000015,19125.0,13844.610000000011,5
9694,1239,125,135,0,135,105,5,25,65,65,0,65,225,20,10009.44,22100.0,-12090.560000000001,5
9695,1239,120,125,0,125,115,0,10,65,65,0,65,230,35,20062.800000000003,20825.0,-762.1999999999957,5
9696,1239,110,150,0,150,145,0,5,30,30,0,30,250,20,11370.420000000002,22100.0,-10729.579999999998,5
9697,1239,75,150,0,150,150,0,0,40,40,0,40,220,30,16638.300000000003,19125.0,-2486.6999999999985,5
9698,1239,95,160,0,160,140,0,20,55,55,0,50,230,15,7682.76,21675.0,-13992.24,5
9699,1239,70,165,0,165,145,15,5,45,45,0,45,210,40,25912.305,19975.0,5937.305000000001,5
9700,1239,95,135,0,135,110,0,25,65,65,0,65,200,105,72640.839375,19550.0,53090.839374999996,5
9701,1239,145,125,0,125,110,0,15,50,50,0,50,250,60,39533.22,22950.0,16583.22,5
9702,1239,130,145,0,145,145,0,0,30,30,0,25,270,15,10898.55,23375.0,-12476.45,5
9703,1239,105,150,0,150,140,0,10,50,50,0,50,240,45,28579.769999999997,21675.0,6904.769999999999,5
9704,1239,110,140,0,140,125,0,15,50,50,0,50,230,50,31861.305000000008,21250.0,10611.305000000008,5
9705,1239,145,120,0,120,105,0,15,55,55,0,55,245,70,45646.11,22525.0,23121.11,5
9706,1239,120,120,0,120,120,0,0,50,50,0,50,235,60,42605.64,20400.0,22205.640000000003,5
9707,1239,140,120,0,120,110,0,10,50,50,0,50,245,65,41991.12000000001,22100.0,19891.12000000001,5
9708,1239,95,145,0,145,135,10,0,65,65,0,65,225,40,23223.600000000002,20400.0,2823.6000000000013,5
9709,1239,110,140,0,140,120,0,20,50,50,0,50,225,25,16550.730000000003,21250.0,-4699.269999999997,5
9710,1239,125,120,0,120,115,0,5,85,85,0,85,235,85,55381.99500000001,20825.0,34556.99500000001,5
9711,1239,100,140,0,140,135,5,0,45,45,0,45,230,45,25286.760000000002,20400.0,4886.760000000004,5
9712,1239,150,130,0,130,120,0,10,50,50,0,45,265,30,16682.58,23800.0,-7117.419999999997,5
9713,1239,165,110,0,110,105,0,5,45,45,0,45,265,50,34501.185000000005,23375.0,11126.185000000005,5
9714,1239,80,160,0,160,160,0,0,45,45,0,45,235,25,12863.160000000003,20400.0,-7536.839999999997,5
9715,1239,115,145,0,145,135,0,10,35,35,0,35,245,55,40131.59625000001,22100.0,18031.596250000006,5
9716,1239,55,185,0,185,125,35,25,50,50,0,50,175,40,24892.11,20400.0,4492.110000000002,5
9717,1239,120,140,0,140,125,0,15,30,30,0,30,240,35,19952.820000000003,22100.0,-2147.179999999996,5
9718,1239,130,160,0,160,130,0,30,25,25,0,25,255,35,23553.225000000002,24650.0,-1096.7749999999978,5
9719,1239,35,195,0,195,155,15,25,35,35,0,30,185,15,8999.820000000002,19550.0,-10550.18,5
9720,1239,110,135,0,135,105,25,5,70,70,0,70,210,70,43879.05,20825.0,23054.050000000007,5
9721,1239,115,125,0,125,125,0,0,55,55,0,55,235,55,32300.010000000002,20400.0,11900.010000000002,5
9722,1239,110,135,0,135,130,0,5,60,60,0,60,235,40,21379.86,20825.0,554.8599999999988,5
9723,1239,50,160,0,160,120,30,10,45,45,0,45,165,55,35230.590000000004,17850.0,17380.590000000007,5
9724,1239,100,165,0,165,140,0,25,40,40,0,40,235,15,7638.84,22525.0,-14886.16,5
9725,1239,90,170,0,170,130,0,40,40,40,0,40,215,25,13741.020000000004,22100.0,-8358.979999999996,5
9726,1239,85,165,0,165,155,0,10,35,35,0,35,235,20,11633.940000000002,21250.0,-9616.059999999998,5
9727,1239,90,130,0,130,130,0,0,50,50,0,50,215,45,29885.085000000006,18700.0,11185.085000000008,5
9728,1239,75,140,0,140,140,0,0,50,50,0,50,210,75,51326.10000000001,18275.0,33051.10000000001,5
9729,1239,95,135,0,135,115,0,20,50,50,0,50,205,40,24288.21,19550.0,4738.209999999999,5
9730,1239,75,165,0,165,135,0,30,30,30,0,30,205,25,13631.220000000001,20400.0,-6768.779999999999,5
9731,1239,80,170,0,170,130,0,40,30,30,0,30,205,5,2502.36,21250.0,-18747.64,5
9732,1239,75,165,0,165,160,0,5,40,40,0,40,230,35,21094.38,20400.0,694.380000000001,5
9733,1239,70,160,0,160,155,0,5,35,35,0,35,220,30,19481.13,19550.0,-68.86999999999944,5
9734,1239,130,135,0,135,130,0,5,60,60,0,60,255,35,17472.600000000002,22525.0,-5052.399999999998,5
9735,1239,120,150,0,150,130,0,20,40,40,0,35,245,15,8714.34,22950.0,-14235.659999999998,5
9736,1239,50,165,0,165,150,0,15,35,35,0,35,195,25,13235.940000000002,18275.0,-5039.059999999998,5
9737,1239,70,175,0,175,130,5,40,30,30,0,30,195,15,7726.3200000000015,20825.0,-13098.68,5
9738,1239,100,150,0,150,135,0,15,55,55,0,55,230,35,17604.36,21250.0,-3645.6399999999985,5
9739,1239,140,145,0,145,120,5,20,60,60,0,60,255,45,27219.059999999998,24225.0,2994.0599999999995,5
9740,1239,110,115,0,115,115,0,0,50,50,0,50,220,70,47799.38250000001,19125.0,28674.38250000001,5
9741,1239,85,155,0,155,155,0,0,40,40,0,40,235,35,19931.04,20400.0,-468.9599999999973,5
9742,1239,55,180,0,180,160,0,20,20,20,0,20,210,20,12028.680000000002,19975.0,-7946.319999999998,5
9743,1239,55,175,0,175,165,0,10,45,45,0,45,215,30,18603.27,19550.0,-946.73,5
9744,1239,165,125,0,125,125,0,0,40,40,0,35,285,30,18855.180000000004,24650.0,-5794.819999999998,5
9745,1239,130,140,0,140,130,0,10,30,30,0,30,255,45,33200.3925,22950.0,10250.392500000002,5
9746,1239,90,150,0,150,150,0,0,30,30,0,30,235,20,9833.76,20400.0,-10566.239999999998,5
9747,1239,105,145,0,145,125,0,20,55,55,0,55,225,45,29775.825000000004,21250.0,8525.825000000004,5
9748,1239,95,145,0,145,135,5,5,50,50,0,50,225,60,34308.9,20400.0,13908.900000000003,5
9749,1239,55,140,0,140,140,0,0,50,50,0,50,190,55,37645.33500000001,16575.0,21070.335000000006,5
9750,1239,105,145,0,145,140,0,5,50,50,0,50,240,20,11568.060000000001,21250.0,-9681.939999999999,5
9751,1239,140,120,0,120,120,0,0,35,35,0,35,255,70,54194.4759375,22100.0,32094.4759375,5
9752,1239,115,155,0,155,125,0,30,55,55,0,55,235,40,22982.4,22950.0,32.400000000002365,5
9753,1239,110,145,0,145,140,0,5,35,35,0,35,245,35,22192.11,21675.0,517.1100000000024,5
9754,1239,80,145,0,145,145,0,0,45,45,0,45,220,35,19821.24,19125.0,696.2400000000002,5
9755,1239,110,150,0,150,145,0,5,45,45,0,45,250,15,7463.160000000002,22100.0,-14636.839999999997,5
9756,1239,140,125,0,125,125,0,0,60,60,0,60,260,35,19228.86,22525.0,-3296.139999999998,5
9757,1239,75,150,0,150,130,0,20,45,45,0,45,200,35,22268.97,19125.0,3143.9699999999993,5
9758,1239,100,155,0,155,150,0,5,45,45,0,45,245,35,17779.680000000004,21675.0,-3895.319999999997,5
9759,1239,75,155,0,155,130,10,15,65,65,0,65,200,50,34445.7225,19550.0,14895.722500000002,5
9760,1239,95,150,0,150,130,20,0,45,45,0,45,220,25,14201.820000000003,20825.0,-6623.179999999998,5
9761,1239,105,150,0,150,150,0,0,35,35,0,35,250,35,20172.600000000002,21675.0,-1502.3999999999978,5
9762,1239,70,160,0,160,120,0,40,60,60,0,55,185,60,43500.853125,19550.0,23950.853125,5
9763,1239,100,150,0,150,125,0,25,60,60,0,60,220,50,34127.865000000005,21250.0,12877.865000000002,5
9764,1239,80,155,0,155,130,0,25,60,60,0,55,205,30,17494.56,19975.0,-2480.4399999999987,5
9765,1239,65,160,0,160,145,0,15,35,35,0,35,205,45,30074.917500000003,19125.0,10949.917500000001,5
9766,1239,105,170,0,170,130,20,20,45,45,0,45,230,35,20128.68,23375.0,-3246.3199999999983,5
9767,1239,75,145,0,145,145,0,0,35,35,0,35,215,35,22202.460000000006,18700.0,3502.4600000000055,5
9768,1239,100,125,0,125,115,0,10,65,65,0,65,210,40,23201.460000000003,19125.0,4076.460000000002,5
9769,1239,50,180,0,180,175,0,5,35,35,0,30,220,30,18218.970000000005,19550.0,-1331.029999999996,5
9770,1239,145,130,0,130,130,0,0,65,65,0,65,270,50,29710.170000000002,23375.0,6335.170000000003,5
9771,1239,85,150,0,150,140,5,5,45,45,0,45,220,35,18723.780000000002,19975.0,-1251.2199999999984,5
9772,1239,65,150,0,150,145,0,5,40,40,0,40,205,25,16704.27,18275.0,-1570.7299999999987,5
9773,1239,105,140,0,140,140,0,0,35,35,0,35,240,30,16923.600000000002,20825.0,-3901.3999999999987,5
9774,1239,100,155,0,155,120,10,25,50,50,0,50,215,40,24046.650000000005,21675.0,2371.650000000004,5
9775,1239,100,135,0,135,130,5,0,60,60,0,55,225,75,48263.60250000001,19975.0,28288.602500000008,5
9776,1239,95,160,0,160,120,10,30,40,40,0,40,210,45,31954.7025,21675.0,10279.7025,5
9777,1239,135,130,0,130,120,0,10,40,40,0,35,250,30,19876.410000000003,22525.0,-2648.589999999997,5
9778,1239,100,145,0,145,105,10,30,60,60,0,60,200,60,41021.80875,20825.0,20196.80875,5
9779,1239,205,105,0,105,105,0,0,50,50,0,50,305,50,31806.540000000005,26350.0,5456.5400000000045,5
9780,1239,75,180,0,180,170,0,10,30,30,0,30,240,25,14224.140000000003,21675.0,-7450.859999999998,5
9781,1239,110,165,0,165,150,0,15,40,40,0,40,255,10,4829.040000000001,23375.0,-18545.96,5
9782,1239,125,120,0,120,105,0,15,65,65,0,65,225,70,41881.50000000001,20825.0,21056.500000000007,5
9783,1239,100,145,0,145,145,0,0,60,60,0,55,240,30,18043.290000000005,20825.0,-2781.709999999996,5
9784,1239,85,145,0,145,135,0,10,50,50,0,50,215,35,23502.780000000006,19550.0,3952.780000000007,5
9785,1239,115,140,0,140,125,0,15,30,30,0,30,235,60,43612.380000000005,21675.0,21937.380000000005,5
9786,1239,165,120,0,120,120,0,0,65,65,0,65,280,45,25023.600000000006,24225.0,798.6000000000058,5
9787,1239,85,155,0,155,105,15,35,60,60,0,55,185,80,51309.40500000001,20400.0,30909.405000000013,5
9788,1239,100,140,0,140,125,0,15,40,40,0,40,220,60,41467.47750000001,20400.0,21067.477500000005,5
9789,1239,100,140,0,140,140,0,0,35,35,0,35,235,50,36146.56500000001,20400.0,15746.56500000001,5
9790,1239,110,155,0,155,150,0,5,45,45,0,40,255,45,32168.812500000004,22525.0,9643.812500000004,5
9791,1239,140,125,0,125,115,0,10,65,65,0,60,250,50,30390.93,22525.0,7865.9299999999985,5
9792,1239,95,145,0,145,135,0,10,60,60,0,60,225,30,16594.74,20400.0,-3805.2599999999984,5
9793,1239,125,150,0,150,125,0,25,40,40,0,40,245,30,16550.82,23375.0,-6824.1799999999985,5
9794,1239,115,140,0,140,130,0,10,40,40,0,40,240,55,36152.19,21675.0,14477.190000000006,5
9795,1239,105,160,0,160,145,0,15,45,45,0,40,245,20,11084.939999999999,22525.0,-11440.060000000001,5
9796,1239,70,135,0,135,135,0,0,60,60,0,60,200,50,28711.260000000002,17425.0,11286.260000000002,5
9797,1239,90,155,0,155,150,0,5,50,50,0,50,235,55,35055.27000000001,20825.0,14230.27000000001,5
9798,1239,95,150,0,150,135,0,15,55,55,0,55,225,20,11897.100000000002,20825.0,-8927.899999999998,5
9799,1239,135,130,0,130,125,0,5,45,45,0,40,255,5,2634.1200000000003,22525.0,-19890.88,5
9800,1239,150,140,0,140,135,0,5,50,50,0,45,280,35,20655.72,24650.0,-3994.279999999999,5
9801,1239,105,150,0,150,135,0,15,45,45,0,45,235,35,21061.71,21675.0,-613.2900000000018,5
9802,1239,80,155,0,155,155,0,0,35,35,0,35,230,15,7638.4800000000005,19975.0,-12336.52,5
9803,1239,60,155,0,155,135,0,20,50,50,0,50,190,30,15804.36,18275.0,-2470.6399999999985,5
9804,1239,75,155,0,155,145,0,10,50,50,0,45,215,10,5487.4800000000005,19550.0,-14062.52,5
9805,1239,115,140,0,140,125,0,15,50,50,0,50,235,30,17867.88,21675.0,-3807.12,5
9806,1239,75,155,0,155,120,5,30,50,50,0,50,190,35,22845.015,19550.0,3295.0149999999985,5
9807,1239,70,145,0,145,135,0,10,50,50,0,50,200,80,52050.104999999996,18275.0,33775.104999999996,5
9808,1239,115,145,0,145,140,0,5,50,50,0,50,250,25,13345.920000000002,22100.0,-8754.079999999998,5
9809,1239,95,145,0,145,140,5,0,45,45,0,45,230,35,23481.855,20400.0,3081.8550000000005,5
9810,1239,125,125,0,125,120,0,5,55,55,0,55,240,40,25934.805,21250.0,4684.805000000001,5
9811,1239,75,160,0,160,125,0,35,55,55,0,50,195,35,19272.420000000006,19975.0,-702.5799999999958,5
9812,1239,85,150,0,150,140,0,10,60,60,0,60,220,35,18679.86,19975.0,-1295.139999999999,5
9813,1239,80,155,0,155,155,0,0,50,50,0,45,230,40,28568.992500000004,19975.0,8593.992500000004,5
9814,1239,105,165,0,165,120,15,30,40,40,0,40,220,30,16902.180000000004,22950.0,-6047.819999999997,5
9815,1239,55,175,0,175,150,10,15,40,40,0,40,200,15,8121.6,19550.0,-11428.4,5
9816,1239,145,130,0,130,120,0,10,40,40,0,40,260,30,15365.16,23375.0,-8009.839999999999,5
9817,1239,155,130,0,130,115,0,15,50,50,0,50,265,40,22521.24,24225.0,-1703.7599999999975,5
9818,1239,55,170,0,170,120,35,15,50,50,0,50,170,30,18042.93,19125.0,-1082.0699999999988,5
9819,1239,105,140,0,140,140,0,0,35,35,0,30,240,15,7594.920000000001,20825.0,-13230.079999999998,5
9820,1239,95,155,0,155,115,5,35,40,40,0,40,205,45,26428.5,21250.0,5178.499999999999,5
9821,1239,105,145,0,145,125,0,20,50,50,0,50,225,40,23970.240000000005,21250.0,2720.2400000000034,5
9822,1239,105,160,0,160,155,0,5,30,30,0,30,255,25,14026.5,22525.0,-8498.5,5
9823,1239,80,155,0,155,145,0,10,30,30,0,30,220,20,11721.420000000002,19975.0,-8253.579999999998,5
9824,1239,60,165,0,165,150,0,15,35,35,0,35,205,50,30697.83,19125.0,11572.830000000004,5
9825,1239,85,140,0,140,125,10,5,50,50,0,50,205,50,35287.89750000001,19125.0,16162.897500000008,5
9826,1239,80,155,0,155,125,5,25,55,55,0,50,200,50,36640.912500000006,19975.0,16665.912500000006,5
9827,1239,100,130,0,130,130,0,0,50,50,0,50,225,15,7462.800000000002,19550.0,-12087.199999999997,5
9828,1239,75,155,0,155,130,0,25,50,50,0,50,200,65,42233.085,19550.0,22683.085,5
9829,1239,100,155,0,155,120,0,35,55,55,0,55,215,25,14114.34,21675.0,-7560.66,5
9830,1239,70,150,0,150,135,5,10,65,65,0,65,200,25,12292.200000000003,18700.0,-6407.799999999997,5
9831,1239,120,135,0,135,135,0,0,60,60,0,60,250,55,32256.450000000004,21675.0,10581.450000000004,5
9832,1239,175,110,0,110,105,0,5,50,50,0,50,275,35,18679.86,24225.0,-5545.139999999999,5
9833,1239,105,130,0,130,130,0,0,60,60,0,60,230,25,12116.52,19975.0,-7858.48,5
9834,1239,100,135,0,135,115,0,20,45,45,0,45,210,45,26143.020000000004,19975.0,6168.020000000006,5
9835,1239,95,135,0,135,100,35,0,70,70,0,70,190,75,51300.92250000001,19550.0,31750.922500000008,5
9836,1239,85,170,0,170,150,0,20,35,35,0,35,230,20,13543.650000000001,21675.0,-8131.349999999998,5
9837,1239,135,145,0,145,110,0,35,45,45,0,45,240,50,34363.7325,23800.0,10563.732500000002,5
9838,1239,105,135,0,135,125,0,10,50,50,0,50,225,65,43022.880000000005,20400.0,22622.880000000005,5
9839,1239,145,125,0,125,115,0,10,60,60,0,60,255,50,28085.67,22950.0,5135.67,5
9840,1239,50,190,0,190,160,0,30,25,25,0,25,205,15,7858.080000000001,20400.0,-12541.92,5
9841,1239,55,175,0,175,145,10,20,45,45,0,45,195,25,13806.900000000001,19550.0,-5743.099999999999,5
9842,1239,120,135,0,135,135,0,0,45,45,0,45,250,40,23091.570000000007,21675.0,1416.570000000006,5
9843,1239,130,120,0,120,100,0,20,60,60,0,60,225,25,13784.940000000002,21250.0,-7465.059999999999,5
9844,1239,135,125,0,125,120,0,5,50,50,0,45,250,80,56574.92249999999,22100.0,34474.92249999999,5
9845,1239,155,115,0,115,115,0,0,45,45,0,45,265,40,22543.2,22950.0,-406.79999999999836,5
9846,1239,110,130,0,130,130,0,0,65,65,0,65,235,40,24365.34,20400.0,3965.340000000001,5
9847,1239,160,135,0,135,130,0,5,70,70,0,70,285,50,27130.859999999997,25075.0,2055.859999999998,5
9848,1239,95,145,0,145,90,25,30,60,60,0,55,180,25,14531.220000000001,20400.0,-5868.779999999999,5
9849,1239,60,190,0,190,125,20,45,50,50,0,50,180,30,17999.640000000003,21250.0,-3250.3599999999983,5
9850,1239,85,155,0,155,150,0,5,40,40,0,40,230,40,29054.160000000003,20400.0,8654.160000000002,5
9851,1239,95,145,0,145,135,0,10,65,65,0,60,225,40,24244.47,20400.0,3844.470000000001,5
9852,1239,80,150,0,150,130,0,20,55,55,0,55,205,50,34899.873750000006,19550.0,15349.873750000006,5
9853,1239,110,135,0,135,135,0,0,55,55,0,55,240,45,30895.3125,20825.0,10070.3125,5
9854,1239,90,150,0,150,150,0,0,40,40,0,35,235,10,5136.4800000000005,20400.0,-15263.519999999999,5
9855,1239,85,130,0,130,125,0,5,55,55,0,55,205,25,13521.420000000002,18275.0,-4753.579999999997,5
9856,1239,120,130,0,130,120,5,5,55,55,0,55,235,20,10316.52,21250.0,-10933.48,5
9857,1239,115,140,0,140,140,0,0,40,40,0,40,250,10,5136.4800000000005,21675.0,-16538.519999999997,5
9858,1239,120,145,0,145,140,0,5,30,30,0,30,255,25,13587.3,22525.0,-8937.7,5
9859,1239,70,150,0,150,140,0,10,45,45,0,40,205,40,25572.24,18700.0,6872.240000000002,5
9860,1239,100,155,0,155,145,0,10,45,45,0,45,240,30,15804.360000000004,21675.0,-5870.639999999996,5
9861,1239,65,180,0,180,155,0,25,35,35,0,35,215,25,12511.800000000003,20825.0,-8313.199999999997,5
9862,1239,90,140,0,140,125,5,10,60,60,0,60,210,45,27064.98,19550.0,7514.9800000000005,5
9863,1239,65,160,0,160,140,10,10,40,40,0,40,200,40,25067.790000000005,19125.0,5942.7900000000045,5
9864,1239,70,165,0,165,140,0,25,45,45,0,45,205,45,25287.120000000003,19975.0,5312.120000000004,5
9865,1239,75,165,0,165,155,0,10,50,50,0,50,225,20,11392.380000000001,20400.0,-9007.619999999999,5
9866,1239,95,155,0,155,115,15,25,55,55,0,55,205,70,45056.317500000005,21250.0,23806.317500000005,5
9867,1239,100,155,0,155,150,0,5,35,35,0,35,245,40,24200.37,21675.0,2525.369999999998,5
9868,1239,85,145,0,145,125,0,20,45,45,0,45,205,20,10228.680000000002,19550.0,-9321.319999999998,5
9869,1239,105,140,0,140,110,0,30,55,55,0,55,210,55,34352.55,20825.0,13527.550000000007,5
9870,1239,85,150,0,150,140,0,10,40,40,0,40,220,20,11062.620000000003,19975.0,-8912.379999999997,5
9871,1239,125,145,0,145,145,0,0,35,35,0,35,265,30,17933.400000000005,22950.0,-5016.599999999994,5
9872,1239,115,165,0,165,155,0,10,35,35,0,30,265,10,5224.32,23800.0,-18575.68,5
9873,1239,70,150,0,150,135,0,15,45,45,0,45,200,65,48020.062500000015,18700.0,29320.062500000015,5
9874,1239,75,150,0,150,110,35,5,65,65,0,65,180,40,25539.120000000003,19125.0,6414.120000000003,5
9875,1239,65,170,0,170,140,10,20,45,45,0,45,200,60,42595.52625,19975.0,22620.526250000003,5
9876,1239,120,135,0,135,130,0,5,40,40,0,40,245,45,31831.177500000005,21675.0,10156.177500000003,5
9877,1239,170,120,0,120,120,0,0,50,50,0,45,285,25,12819.24,24650.0,-11830.76,5
9878,1239,95,160,0,160,145,0,15,55,55,0,55,235,30,14443.2,21675.0,-7231.799999999998,5
9879,1239,100,160,0,160,140,0,20,25,25,0,25,235,25,15167.610000000002,22100.0,-6932.389999999998,5
9880,1239,45,180,0,180,175,0,5,40,40,0,40,215,40,22696.920000000006,19125.0,3571.9200000000046,5
9881,1239,110,140,0,140,140,0,0,45,45,0,45,245,35,21006.81,21250.0,-243.1899999999996,5
9882,1239,125,140,0,140,135,0,5,35,35,0,35,255,10,5224.32,22525.0,-17300.68,5
9883,1239,140,120,0,120,120,0,0,65,65,0,65,255,75,49762.395000000004,22100.0,27662.395000000004,5
9884,1239,75,165,0,165,155,0,10,40,40,0,40,225,10,5268.240000000001,20400.0,-15131.759999999998,5
9885,1239,130,105,0,105,90,0,15,75,75,0,75,215,35,22948.965000000004,19975.0,2973.965000000003,5
9886,1239,135,120,0,120,120,0,0,35,35,0,35,250,10,6541.380000000001,21675.0,-15133.619999999999,5
9887,1239,65,165,0,165,160,0,5,25,25,0,25,220,10,5004.72,19550.0,-14545.28,5
9888,1239,110,150,0,150,125,5,20,45,45,0,45,230,25,12950.640000000003,22100.0,-9149.359999999997,5
9889,1239,100,150,0,150,150,0,0,40,40,0,40,245,30,23138.797500000004,21250.0,1888.7975000000051,5
9890,1239,75,145,0,145,105,25,15,65,65,0,65,175,65,38764.44,18700.0,20064.440000000002,5
9891,1239,100,155,0,155,135,0,20,50,50,0,45,230,35,21017.79,21675.0,-657.21,5
9892,1239,85,140,0,140,140,0,0,60,60,0,60,220,45,24035.940000000002,19125.0,4910.9400000000005,5
9893,1239,125,140,0,140,135,0,5,45,45,0,45,255,60,41921.62875,22525.0,19396.62875,5
9894,1239,130,145,0,145,145,0,0,25,25,0,25,270,30,20320.695,23375.0,-3054.3050000000017,5
9895,1239,85,160,0,160,145,0,15,55,55,0,55,225,40,21819.060000000005,20825.0,994.060000000004,5
9896,1239,95,135,0,135,110,10,15,70,70,0,70,200,60,39513.577500000014,19550.0,19963.57750000001,5
9897,1239,100,160,0,160,145,0,15,40,40,0,40,240,20,13543.650000000001,22100.0,-8556.349999999999,5
9898,1239,80,150,0,150,140,0,10,45,45,0,45,215,45,25331.04,19550.0,5781.040000000003,5
9899,1239,95,135,0,135,125,5,5,65,65,0,65,215,55,28886.940000000002,19550.0,9336.940000000004,5
9900,1239,60,165,0,165,150,5,10,40,40,0,40,205,20,12248.100000000004,19125.0,-6876.899999999996,5
9901,1239,105,165,0,165,130,0,35,30,30,0,25,230,40,29325.915000000005,22950.0,6375.9150000000045,5
9902,1239,55,150,0,150,135,5,10,50,50,0,50,185,65,41678.325000000004,17425.0,24253.325000000004,5
9903,1239,120,135,0,135,130,0,5,45,45,0,45,245,50,34722.967500000006,21675.0,13047.967500000004,5
9904,1239,135,105,0,105,95,0,10,80,80,0,75,225,85,53636.310000000005,20400.0,33236.310000000005,5
9905,1239,100,145,0,145,140,0,5,25,25,0,25,235,30,19514.07,20825.0,-1310.9300000000007,5
9906,1239,120,135,0,135,115,0,20,45,45,0,40,230,15,8033.760000000002,21675.0,-13641.239999999998,5
9907,1239,140,120,0,120,105,0,15,65,65,0,65,240,30,15540.840000000004,22100.0,-6559.159999999997,5
9908,1239,70,150,0,150,145,0,5,40,40,0,40,210,30,19974.690000000002,18700.0,1274.6900000000005,5
9909,1239,70,145,0,145,140,0,5,45,45,0,45,205,60,39941.65125,18275.0,21666.651250000003,5
9910,1239,110,135,0,135,130,0,5,55,55,0,55,235,65,43105.185,20825.0,22280.185,5
9911,1239,105,130,0,130,125,0,5,65,65,0,65,225,45,26439.750000000004,19975.0,6464.750000000004,5
9912,1239,110,140,0,140,125,0,15,55,55,0,55,230,35,20040.840000000004,21250.0,-1209.1599999999971,5
9913,1239,45,185,0,185,175,0,10,30,30,0,30,215,45,27108.990000000005,19550.0,7558.990000000003,5
9914,1239,155,120,0,120,105,5,10,70,70,0,70,255,35,22609.350000000006,23375.0,-765.649999999996,5
9915,1239,60,160,0,160,105,40,15,55,55,0,50,160,50,33277.095,18700.0,14577.095,5
9916,1239,120,145,0,145,115,0,30,70,70,0,70,230,30,15541.200000000004,22525.0,-6983.7999999999965,5
9917,1239,60,165,0,165,130,20,15,50,50,0,50,185,55,38558.54250000001,19125.0,19433.542500000007,5
9918,1239,135,140,0,140,115,0,25,50,50,0,50,245,55,36918.247500000005,23375.0,13543.247500000001,5
9919,1239,130,120,0,120,120,0,0,60,60,0,60,245,85,55051.96500000002,21250.0,33801.96500000002,5
9920,1239,60,165,0,165,155,0,10,45,45,0,45,210,30,15409.080000000002,19125.0,-3715.9199999999987,5
9921,1239,75,150,0,150,145,0,5,45,45,0,45,215,65,47281.6575,19125.0,28156.6575,5
9922,1239,105,165,0,165,150,0,15,35,35,0,30,250,20,11128.860000000002,22950.0,-11821.139999999998,5
9923,1239,155,115,0,115,110,5,0,50,50,0,50,260,35,21160.53,22950.0,-1789.4700000000012,5
9924,1239,60,170,0,170,130,20,20,50,50,0,50,185,40,22916.52,19550.0,3366.5200000000004,5
9925,1239,65,175,0,175,160,5,10,30,30,0,30,220,30,18702.090000000004,20400.0,-1697.9099999999971,5
9926,1239,65,170,0,170,165,0,5,25,25,0,25,225,15,7770.6,19975.0,-12204.400000000001,5
9927,1239,65,170,0,170,165,5,0,20,20,0,20,225,25,17396.01,19975.0,-2578.990000000001,5
9928,1239,95,155,0,155,155,0,0,40,40,0,40,245,40,24189.390000000003,21250.0,2939.390000000003,5
9929,1239,70,170,0,170,130,10,30,45,45,0,45,195,25,13587.3,20400.0,-6812.7,5
9930,1239,95,125,0,125,125,0,0,50,50,0,50,215,30,19667.79,18700.0,967.79,5
9931,1239,110,140,0,140,125,10,5,75,75,0,75,230,55,31993.110000000008,21250.0,10743.110000000006,5
9932,1239,125,140,0,140,135,0,5,55,55,0,50,255,35,19316.7,22525.0,-3208.2999999999993,5
9933,1239,60,170,0,170,150,0,20,45,45,0,45,205,35,19119.059999999998,19550.0,-430.9400000000005,5
9934,1239,110,125,0,125,125,0,0,45,45,0,45,230,60,41631.840000000004,19975.0,21656.840000000004,5
9935,1239,155,115,0,115,115,0,0,45,45,0,45,265,55,35071.515,22950.0,12121.515,5
9936,1239,125,145,0,145,130,0,15,45,45,0,45,250,35,18306.54,22950.0,-4643.459999999997,5
9937,1239,85,170,0,170,145,0,25,30,30,0,30,225,25,13565.34,21675.0,-8109.659999999999,5
9938,1239,115,145,0,145,140,0,5,50,50,0,50,250,25,13806.900000000003,22100.0,-8293.099999999997,5
9939,1239,100,140,0,140,120,0,20,55,55,0,55,215,55,38292.795,20400.0,17892.795000000002,5
9940,1239,110,155,0,155,145,0,10,30,30,0,25,250,25,17774.415,22525.0,-4750.584999999999,5
9941,1239,150,125,0,125,120,0,5,50,50,0,50,265,40,22499.28,23375.0,-875.7200000000012,5
9942,1239,110,130,0,130,120,0,10,70,70,0,70,225,60,34945.2,20400.0,14545.199999999995,5
9943,1239,55,170,0,170,130,15,25,50,50,0,45,180,50,34638.232500000006,19125.0,15513.232500000004,5
9944,1239,95,150,0,150,130,0,20,40,40,0,40,220,40,21730.86,20825.0,905.8600000000024,5
9945,1239,75,160,0,160,155,5,0,25,25,0,25,225,15,7682.76,19975.0,-12292.24,5
9946,1239,90,155,0,155,140,0,15,45,45,0,45,225,25,12599.640000000001,20825.0,-8225.359999999999,5
9947,1239,80,155,0,155,140,10,5,65,65,0,65,215,50,27745.02,19975.0,7770.0199999999995,5
9948,1239,110,140,0,140,135,0,5,60,60,0,60,240,60,37996.56,21250.0,16746.559999999998,5
9949,1239,120,135,0,135,135,0,0,50,50,0,50,250,45,27032.13,21675.0,5357.130000000002,5
9950,1239,135,145,0,145,135,0,10,55,55,0,55,265,55,31762.350000000006,23800.0,7962.350000000006,5
9951,1239,90,145,0,145,120,0,25,70,70,0,70,205,90,60375.735000000015,19975.0,40400.735000000015,5
9952,1239,110,130,0,130,130,0,0,60,60,0,60,235,60,38150.28,20400.0,17750.280000000002,5
9953,1239,100,160,0,160,115,35,10,60,60,0,60,210,40,23004.360000000008,22100.0,904.360000000006,5
9954,1239,110,140,0,140,140,0,0,50,50,0,50,245,40,22521.24,21250.0,1271.2400000000025,5
9955,1239,150,130,0,130,120,0,10,50,50,0,50,265,45,25111.440000000002,23800.0,1311.4400000000023,5
9956,1239,70,155,0,155,135,0,20,40,40,0,40,200,60,41126.94000000002,19125.0,22001.940000000013,5
9957,1239,140,135,0,135,125,0,10,40,40,0,35,260,35,23898.555,23375.0,523.5550000000012,5
9958,1239,55,170,0,170,155,0,15,50,50,0,50,205,15,7638.84,19125.0,-11486.16,5
9959,1239,90,145,0,145,145,0,0,50,50,0,50,230,55,36224.235,19975.0,16249.235000000004,5
9960,1239,120,140,0,140,135,0,5,35,35,0,35,250,20,10316.880000000001,22100.0,-11783.119999999999,5
9961,1239,90,135,0,135,115,0,20,60,60,0,60,200,75,49147.515,19125.0,30022.515000000003,5
9962,1239,110,150,0,150,135,5,10,55,55,0,55,240,35,20523.960000000003,22100.0,-1576.0399999999981,5
9963,1239,80,160,0,160,140,0,20,55,55,0,55,215,30,14882.400000000001,20400.0,-5517.599999999998,5
9964,1239,105,140,0,140,130,0,10,55,55,0,55,230,45,25835.850000000006,20825.0,5010.850000000005,5
9965,1239,65,150,0,150,140,0,10,50,50,0,50,200,65,42748.875,18275.0,24473.875,5
9966,1239,130,120,0,120,110,0,10,60,60,0,60,235,60,38956.52250000001,21250.0,17706.522500000006,5
9967,1239,85,150,0,150,130,0,20,60,60,0,60,210,65,47258.05500000001,19975.0,27283.055000000004,5
9968,1239,115,130,0,130,130,0,0,35,35,0,35,240,50,32793.57,20825.0,11968.57,5
9969,1239,160,120,0,120,120,0,0,55,55,0,55,275,25,16067.700000000003,23800.0,-7732.299999999997,5
9970,1239,130,115,0,115,110,0,5,60,60,0,60,235,90,59848.425000000025,20825.0,39023.425000000025,5
9971,1239,110,120,0,120,115,0,5,40,40,0,40,220,65,51216.36890625002,19550.0,31666.36890625002,5
9972,1239,95,140,0,140,140,0,0,30,30,0,30,230,35,23487.210000000006,19975.0,3512.2100000000046,5
9973,1239,100,150,0,150,130,0,20,60,60,0,55,225,40,19974.960000000003,21250.0,-1275.0399999999968,5
9974,1239,75,150,0,150,140,10,0,55,55,0,55,210,25,13192.020000000002,19125.0,-5932.979999999998,5
9975,1239,80,155,0,155,140,5,10,40,40,0,40,215,15,7726.680000000001,19975.0,-12248.32,5
9976,1239,100,155,0,155,135,0,20,50,50,0,50,230,50,27833.4,21675.0,6158.4000000000015,5
9977,1239,130,135,0,135,130,0,5,40,40,0,40,255,25,13960.620000000003,22525.0,-8564.379999999997,5
9978,1239,110,140,0,140,130,0,10,40,40,0,40,235,50,34478.865,21250.0,13228.864999999996,5
9979,1239,75,155,0,155,120,20,15,40,40,0,40,190,80,57724.481250000026,19550.0,38174.481250000026,5
9980,1239,105,160,0,160,105,30,25,35,35,0,35,205,35,22444.29,22525.0,-80.70999999999913,5
9981,1239,100,145,0,145,125,20,0,65,65,0,65,220,40,22455.36,20825.0,1630.3600000000006,5
9982,1239,80,160,0,160,145,5,10,40,40,0,40,220,35,21401.820000000003,20400.0,1001.8200000000024,5
9983,1239,80,145,0,145,120,0,25,70,70,0,65,195,60,36053.55,19125.0,16928.55,5
9984,1239,105,130,0,130,125,0,5,65,65,0,65,225,65,37096.200000000004,19975.0,17121.200000000004,5
9985,1239,155,115,0,115,115,0,0,45,45,0,45,265,65,39928.23,22950.0,16978.230000000003,5
9986,1239,135,155,0,155,110,0,45,50,50,0,45,240,35,19974.960000000003,24650.0,-4675.039999999997,5
9987,1239,65,145,0,145,135,0,10,45,45,0,45,195,30,16242.840000000004,17850.0,-1607.1599999999967,5
9988,1239,110,140,0,140,135,0,5,45,45,0,45,240,40,25824.870000000006,21250.0,4574.870000000005,5
9989,1239,115,135,0,135,135,0,0,30,30,0,30,245,45,27218.520000000004,21250.0,5968.520000000003,5
9990,1239,85,140,0,140,130,0,10,45,45,0,45,210,60,40166.2575,19125.0,21041.2575,5
9991,1239,130,135,0,135,130,0,5,40,40,0,40,255,30,20984.760000000002,22525.0,-1540.2399999999989,5
9992,1239,125,115,0,115,85,30,0,80,80,0,75,205,85,52788.30750000001,20400.0,32388.30750000001,5
9993,1239,105,145,0,145,130,0,15,50,50,0,50,230,60,36306.450000000004,21250.0,15056.450000000004,5
9994,1239,105,145,0,145,145,0,0,50,50,0,50,245,40,20545.920000000002,21250.0,-704.079999999999,5
9995,1239,75,150,0,150,135,0,15,55,55,0,50,205,50,32316.975000000002,19125.0,13191.975000000002,5
9996,1239,120,125,0,125,120,0,5,60,60,0,60,235,30,15365.52,20825.0,-5459.479999999999,5
9997,1239,80,170,0,170,145,5,20,35,35,0,35,220,25,14180.220000000001,21250.0,-7069.779999999999,5
9998,1239,85,160,0,160,110,15,35,65,65,0,65,190,65,38962.530000000006,20825.0,18137.530000000006,5
9999,1239,60,145,0,145,115,5,25,55,55,0,55,170,60,43825.595625,17425.0,26400.595625000005,5
10000,1239,80,145,0,145,120,10,15,65,65,0,60,195,40,19447.920000000002,19125.0,322.92000000000144,5
