simulation,trading_days,combine_subscriptions_purchased,monthly_rebills,paid_resets,reset_credits_earned,reset_credits_used,reset_credits_expired,reset_credits_remaining,combine_passes,xfa_accounts_earned,back2funded_reactivations,xfa_failures,accounts_blown,payouts,trader_payouts,account_costs,actual_net_pnl,active_parallel_accounts
1,2485,175,300,0,300,225,60,15,120,120,0,115,395,100,62770.56750000002,40375.0,22395.567500000016,5
2,2485,235,280,0,280,280,0,0,70,70,0,70,510,40,23026.68,43775.0,-20748.32,5
3,2485,195,265,0,265,260,5,0,105,105,0,105,450,85,50359.859999999986,39100.0,11259.85999999999,5
4,2485,130,310,0,310,295,10,5,90,90,0,90,420,90,54899.19000000002,37400.0,17499.190000000017,5
5,2485,180,285,0,285,255,30,0,100,100,0,100,430,60,32119.380000000005,39525.0,-7405.619999999994,5
6,2485,165,290,0,290,285,0,5,95,95,0,90,445,125,86033.50312500002,38675.0,47358.503125000025,5
7,2485,140,320,0,320,240,55,25,105,105,0,105,375,90,52746.84000000001,39100.0,13646.840000000011,5
8,2485,165,335,0,335,290,45,0,55,55,0,55,450,75,53614.068750000006,42500.0,11114.068750000006,5
9,2485,190,295,0,295,255,30,10,105,105,0,105,440,85,49367.16000000001,41225.0,8142.160000000013,5
10,2485,145,305,0,305,270,15,20,125,125,0,125,410,80,44606.70000000001,38250.0,6356.70000000001,5
11,2485,120,350,0,350,320,25,5,65,65,0,65,435,80,54037.215,39950.0,14087.214999999997,5
12,2485,135,320,0,320,305,0,15,100,100,0,95,435,45,24780.420000000006,38675.0,-13894.579999999996,5
13,2485,155,310,0,310,235,75,0,105,105,0,105,385,95,62873.94375000002,39525.0,23348.943750000017,5
14,2485,165,305,0,305,265,35,5,75,75,0,75,425,70,45587.115000000005,39950.0,5637.115000000003,5
15,2485,150,270,0,270,220,25,25,105,105,0,105,365,100,67819.45500000003,35700.0,32119.455000000024,5
16,2485,175,290,0,290,280,10,0,90,90,0,90,450,60,33720.75,39525.0,-5804.249999999997,5
17,2485,155,295,0,295,245,20,30,100,100,0,100,395,95,57658.95000000001,38250.0,19408.95000000001,5
18,2485,110,345,0,345,330,10,5,65,65,0,65,435,50,31597.92,38675.0,-7077.080000000001,5
19,2485,90,355,0,355,350,0,5,80,80,0,80,435,50,30250.710000000006,37825.0,-7574.289999999992,5
20,2485,160,300,0,300,290,0,10,80,80,0,75,445,85,53190.427500000005,39100.0,14090.427500000005,5
21,2485,130,310,0,310,280,10,20,120,120,0,120,405,80,45710.19,37400.0,8310.190000000002,5
22,2485,170,305,0,305,275,25,5,90,90,0,90,440,40,23003.82,40375.0,-17371.18,5
23,2485,155,315,0,315,275,25,15,85,85,0,85,425,40,19875.240000000005,39950.0,-20074.759999999995,5
24,2485,180,295,0,295,270,0,25,90,90,0,90,445,85,59052.48468750001,40375.0,18677.484687500008,5
25,2485,155,305,0,305,285,0,20,100,100,0,100,435,75,54740.53125,39100.0,15640.531250000004,5
26,2485,115,350,0,350,325,5,20,60,60,0,55,435,55,34762.50000000001,39525.0,-4762.499999999995,5
27,2485,140,320,0,320,280,20,20,90,90,0,90,415,75,49959.562500000015,39100.0,10859.562500000011,5
28,2485,200,295,0,295,265,20,10,85,85,0,85,460,60,38453.94000000001,42075.0,-3621.059999999993,5
29,2485,165,270,0,270,245,15,10,125,125,0,125,405,110,69128.865,36975.0,32153.865000000005,5
30,2485,210,275,0,275,265,10,0,100,100,0,100,470,65,37853.01,41225.0,-3371.989999999996,5
31,2485,115,325,0,325,300,0,25,85,85,0,85,410,60,37082.07,37400.0,-317.9300000000012,5
32,2485,125,315,0,315,230,70,15,105,105,0,100,350,105,64931.04000000001,37400.0,27531.04000000001,5
33,2485,210,305,0,305,290,0,15,65,65,0,65,495,70,48211.11,43775.0,4436.109999999999,5
34,2485,260,255,0,255,255,0,0,90,90,0,85,510,95,54397.8,43775.0,10622.800000000007,5
35,2485,165,290,0,290,275,15,0,85,85,0,85,435,110,74068.24500000002,38675.0,35393.245000000024,5
36,2485,140,320,0,320,260,45,15,100,100,0,100,395,80,43940.700000000004,39100.0,4840.700000000006,5
37,2485,175,315,0,315,270,15,30,95,95,0,90,440,50,31880.025,41650.0,-9769.974999999999,5
38,2485,140,295,0,295,285,10,0,100,100,0,100,420,60,36743.94000000001,36975.0,-231.05999999999312,5
39,2485,220,280,0,280,280,0,0,85,85,0,85,495,55,33093.54,42500.0,-9406.459999999997,5
40,2485,210,260,0,260,260,0,0,115,115,0,115,465,80,48243.6,39950.0,8293.599999999997,5
41,2485,190,305,0,305,290,10,5,75,75,0,70,475,70,40198.59000000001,42075.0,-1876.4099999999917,5
42,2485,120,315,0,315,285,5,25,105,105,0,100,400,120,84153.40875,36975.0,47178.40875,5
43,2485,135,325,0,325,295,20,10,85,85,0,85,425,60,36361.89,39100.0,-2738.109999999997,5
44,2485,175,290,0,290,280,0,10,75,75,0,75,450,75,49658.085,39525.0,10133.085000000001,5
45,2485,200,255,0,255,220,15,20,145,145,0,145,415,100,56171.340000000026,38675.0,17496.340000000026,5
46,2485,160,310,0,310,295,10,5,80,80,0,80,450,50,27810.36,39950.0,-12139.64,5
47,2485,125,325,0,325,280,20,25,80,80,0,80,400,85,51557.22000000001,38250.0,13307.220000000007,5
48,2485,140,315,0,315,305,0,10,70,70,0,70,440,60,36173.61,38675.0,-2501.3900000000012,5
49,2485,185,310,0,310,260,40,10,125,125,0,125,440,50,27030.060000000005,42075.0,-15044.939999999997,5
50,2485,175,285,0,285,275,0,10,95,95,0,95,445,80,53789.5575,39100.0,14689.5575,5
51,2485,205,280,0,280,280,0,0,65,65,0,65,480,40,23146.019999999997,41225.0,-18078.980000000003,5
52,2485,180,305,0,305,290,5,10,80,80,0,80,465,100,69904.0490625,41225.0,28679.0490625,5
53,2485,150,315,0,315,305,5,5,60,60,0,60,450,65,44988.896250000005,39525.0,5463.896250000007,5
54,2485,200,295,0,295,255,40,0,120,120,0,120,450,100,56534.58000000002,42075.0,14459.580000000024,5
55,2485,225,295,0,295,270,0,25,95,95,0,95,490,55,28689.300000000007,44200.0,-15510.699999999993,5
56,2485,225,270,0,270,235,0,35,100,100,0,100,455,125,88326.48375000001,42075.0,46251.48375000001,5
57,2485,180,315,0,315,305,5,5,65,65,0,65,480,55,30204.0,42075.0,-11871.0,5
58,2485,195,295,0,295,295,0,0,85,85,0,85,485,95,58805.64,41650.0,17155.640000000003,5
59,2485,130,330,0,330,310,10,10,70,70,0,65,435,80,57069.90000000001,39100.0,17969.90000000001,5
60,2485,150,310,0,310,275,20,15,85,85,0,85,420,90,55088.19,39100.0,15988.190000000004,5
61,2485,165,295,0,295,290,0,5,95,95,0,95,450,115,72531.36,39100.0,33431.36,5
62,2485,135,320,0,320,300,20,0,70,70,0,70,430,85,54751.50000000001,38675.0,16076.500000000005,5
63,2485,90,395,0,395,330,65,0,85,85,0,85,415,50,27021.420000000002,41225.0,-14203.579999999998,5
64,2485,110,345,0,345,310,15,20,70,70,0,70,415,75,49865.8725,38675.0,11190.872499999996,5
65,2485,85,380,0,380,250,95,35,80,80,0,80,330,65,39281.31000000001,39525.0,-243.68999999998778,5
66,2485,140,310,0,310,250,40,20,85,85,0,85,385,50,27522.0,38250.0,-10728.000000000002,5
67,2485,110,340,0,340,245,80,15,95,95,0,95,350,145,107562.22031250005,38250.0,69312.22031250005,5
68,2485,150,320,0,320,315,0,5,90,90,0,90,460,30,16858.260000000002,39950.0,-23091.739999999998,5
69,2485,235,255,0,255,245,0,10,90,90,0,90,475,100,72042.75000000001,41650.0,30392.750000000015,5
70,2485,160,295,0,295,260,20,15,105,105,0,105,415,100,61548.34500000001,38675.0,22873.34500000001,5
71,2485,125,340,0,340,335,0,5,75,75,0,70,455,65,40871.880000000005,39525.0,1346.8800000000056,5
72,2485,155,315,0,315,280,20,15,120,120,0,120,430,100,62976.4875,39950.0,23026.487500000003,5
73,2485,150,290,0,290,275,10,5,110,110,0,110,420,90,59323.95000000001,37400.0,21923.95000000001,5
74,2485,120,315,0,315,285,10,20,95,95,0,95,400,85,51538.77000000001,36975.0,14563.770000000013,5
75,2485,240,270,0,270,270,0,0,75,75,0,70,505,90,55805.535000000025,43350.0,12455.535000000027,5
76,2485,270,260,0,260,255,0,5,75,75,0,75,520,50,28466.640000000007,45050.0,-16583.359999999993,5
77,2485,215,275,0,275,245,0,30,90,90,0,90,455,100,67792.7475,41650.0,26142.747500000005,5
78,2485,135,320,0,320,285,20,15,95,95,0,90,415,75,40198.5,38675.0,1523.499999999999,5
79,2485,110,315,0,315,250,50,15,105,105,0,105,355,70,42903.630000000005,36125.0,6778.630000000003,5
80,2485,160,335,0,335,310,15,10,65,65,0,65,465,55,32552.64,42075.0,-9522.359999999999,5
81,2485,150,330,0,330,275,55,0,70,70,0,70,420,60,38222.775,40800.0,-2577.2249999999985,5
82,2485,215,285,0,285,260,0,25,95,95,0,95,470,55,29304.18,42500.0,-13195.82,5
83,2485,175,310,0,310,290,5,15,90,90,0,90,460,70,41748.21,41225.0,523.2099999999991,5
84,2485,150,320,0,320,275,20,25,115,115,0,110,420,45,24401.699999999997,39950.0,-15548.300000000003,5
85,2485,195,290,0,290,245,25,20,100,100,0,100,435,95,58707.81000000001,41225.0,17482.81000000001,5
86,2485,185,300,0,300,270,10,20,90,90,0,85,450,75,46359.67500000002,41225.0,5134.675000000016,5
87,2485,155,305,0,305,280,5,20,100,100,0,100,430,70,42390.94500000001,39100.0,3290.9450000000106,5
88,2485,175,285,0,285,265,0,20,80,80,0,80,435,65,41750.61750000001,39100.0,2650.6175000000076,5
89,2485,115,330,0,330,275,30,25,85,85,0,85,385,40,24343.29,37825.0,-13481.71,5
90,2485,190,280,0,280,270,10,0,100,100,0,100,455,80,47443.500000000015,39950.0,7493.500000000013,5
91,2485,210,295,0,295,280,5,10,70,70,0,70,485,60,37496.61,42925.0,-5428.389999999999,5
92,2485,185,310,0,310,260,20,30,90,90,0,90,440,115,76143.375,42075.0,34068.37500000001,5
93,2485,170,315,0,315,300,0,15,75,75,0,70,465,75,49375.6875,41225.0,8150.687500000004,5
94,2485,145,290,0,290,260,30,0,85,85,0,85,400,50,29399.850000000006,36975.0,-7575.149999999994,5
95,2485,215,280,0,280,275,0,5,85,85,0,85,485,65,42655.83750000001,42075.0,580.8375000000069,5
96,2485,110,335,0,335,250,60,25,100,100,0,100,355,85,50942.25,37825.0,13117.250000000004,5
97,2485,160,320,0,320,315,0,5,95,95,0,90,470,50,25381.08,40800.0,-15418.919999999998,5
98,2485,135,285,0,285,240,20,25,105,105,0,105,370,95,58335.75000000001,35700.0,22635.750000000007,5
99,2485,195,265,0,265,260,0,5,105,105,0,105,450,85,58601.79281250002,39100.0,19501.792812500018,5
100,2485,160,300,0,300,290,0,10,95,95,0,95,445,75,47625.255000000005,39100.0,8525.255000000006,5
101,2485,105,340,0,340,310,15,15,70,70,0,70,410,65,40114.89,37825.0,2289.8900000000003,5
102,2485,155,315,0,315,305,0,10,65,65,0,65,455,45,29335.590000000007,39950.0,-10614.409999999993,5
103,2485,130,325,0,325,265,40,20,115,115,0,115,390,95,66221.92125,38675.0,27546.921249999996,5
104,2485,115,335,0,335,270,60,5,90,90,0,90,380,10,4872.960000000001,38250.0,-33377.03999999999,5
105,2485,210,280,0,280,260,5,15,115,115,0,115,465,95,53955.54000000001,41650.0,12305.54000000001,5
106,2485,75,355,0,355,325,10,20,65,65,0,65,395,45,25242.48,36550.0,-11307.52,5
107,2485,190,310,0,310,310,0,0,100,100,0,100,495,55,29556.900000000005,42500.0,-12943.099999999995,5
108,2485,220,265,0,265,250,0,15,115,115,0,110,465,100,61336.53000000001,41225.0,20111.530000000013,5
109,2485,85,360,0,360,325,20,15,75,75,0,75,405,45,23590.44,37825.0,-14234.560000000001,5
110,2485,195,280,0,280,235,20,25,85,85,0,85,425,80,50627.43000000001,40375.0,10252.430000000004,5
111,2485,120,305,0,305,280,0,25,75,75,0,75,395,80,50573.655000000006,36125.0,14448.655000000008,5
112,2485,135,290,0,290,275,10,5,110,110,0,110,405,135,87067.32749999998,36125.0,50942.32749999999,5
113,2485,190,270,0,270,260,0,10,100,100,0,100,445,80,46459.44,39100.0,7359.440000000004,5
114,2485,265,255,0,255,205,25,25,105,105,0,105,465,140,93760.0875,44200.0,49560.087499999994,5
115,2485,215,280,0,280,275,0,5,75,75,0,75,485,65,40501.75500000001,42075.0,-1573.244999999988,5
116,2485,165,285,0,285,265,15,5,100,100,0,95,425,90,59151.735000000015,38250.0,20901.735000000015,5
117,2485,265,235,0,235,235,0,0,85,85,0,85,495,55,31915.980000000003,42500.0,-10584.019999999997,5
118,2485,110,335,0,335,295,10,30,80,80,0,80,400,65,33810.479999999996,37825.0,-4014.5200000000023,5
119,2485,200,280,0,280,270,0,10,100,100,0,100,465,95,60845.242500000015,40800.0,20045.242500000015,5
120,2485,135,295,0,295,235,55,5,105,105,0,105,365,100,66594.19500000002,36550.0,30044.195000000018,5
121,2485,175,305,0,305,290,0,15,95,95,0,95,460,65,38190.15,40800.0,-2609.8500000000013,5
122,2485,190,285,0,285,250,0,35,65,65,0,65,435,70,42217.560000000005,40375.0,1842.5600000000031,5
123,2485,160,310,0,310,305,5,0,90,90,0,90,460,45,26997.75,39950.0,-12952.25,5
124,2485,235,295,0,295,260,15,20,75,75,0,75,490,45,28379.925000000003,45050.0,-16670.074999999997,5
125,2485,135,300,0,300,300,0,0,75,75,0,75,430,70,44165.115,36975.0,7190.114999999996,5
126,2485,110,335,0,335,305,30,0,95,95,0,95,410,55,36300.420000000006,37825.0,-1524.5799999999963,5
127,2485,230,290,0,290,280,0,10,95,95,0,95,505,65,35318.520000000004,44200.0,-8881.479999999996,5
128,2485,165,320,0,320,260,45,15,100,100,0,100,420,100,62361.02250000001,41225.0,21136.022500000006,5
129,2485,160,315,0,315,315,0,0,70,70,0,70,470,55,34951.54500000001,40375.0,-5423.45499999999,5
130,2485,125,340,0,340,235,70,35,115,115,0,115,355,90,60880.3425,39525.0,21355.3425,5
131,2485,170,295,0,295,255,5,35,100,100,0,100,420,95,67758.48000000001,39525.0,28233.48000000001,5
132,2485,200,315,0,315,310,5,0,45,45,0,45,505,20,9777.960000000001,43775.0,-33997.03999999999,5
133,2485,170,320,0,320,320,0,0,70,70,0,70,485,60,38556.54000000001,41650.0,-3093.4599999999955,5
134,2485,140,300,0,300,285,15,0,100,100,0,95,420,40,23660.280000000006,37400.0,-13739.719999999994,5
135,2485,190,290,0,290,265,5,20,95,95,0,95,450,80,48952.89000000001,40800.0,8152.890000000007,5
136,2485,135,310,0,310,285,15,10,105,105,0,105,415,90,53690.850000000006,37825.0,15865.85000000001,5
137,2485,145,310,0,310,260,40,10,110,110,0,110,400,60,35372.115000000005,38675.0,-3302.8849999999966,5
138,2485,160,335,0,335,295,35,5,90,90,0,90,450,60,31491.539999999994,42075.0,-10583.460000000005,5
139,2485,125,300,0,300,295,0,5,110,110,0,105,415,135,93566.85468750003,36125.0,57441.85468750003,5
140,2485,100,345,0,345,325,15,5,45,45,0,40,420,70,50969.947499999995,37825.0,13144.947499999998,5
141,2485,165,290,0,290,270,10,10,95,95,0,95,430,85,52696.53000000001,38675.0,14021.530000000012,5
142,2485,205,285,0,285,260,20,5,85,85,0,85,460,75,46489.59000000001,41650.0,4839.590000000007,5
143,2485,155,320,0,320,300,10,10,100,100,0,100,450,50,24883.2,40375.0,-15491.8,5
144,2485,210,285,0,285,270,0,15,95,95,0,95,475,40,21627.18,42075.0,-20447.82,5
145,2485,190,295,0,295,260,5,30,80,80,0,80,445,40,21476.340000000004,41225.0,-19748.659999999996,5
146,2485,115,310,0,310,285,5,20,100,100,0,100,395,55,31900.500000000007,36125.0,-4224.499999999994,5
147,2485,250,285,0,285,265,10,10,85,85,0,85,510,55,33852.240000000005,45475.0,-11622.759999999998,5
148,2485,180,300,0,300,275,20,5,95,95,0,90,450,60,38029.86000000001,40800.0,-2770.139999999992,5
149,2485,155,290,0,290,280,0,10,75,75,0,75,430,75,49441.71375000001,37825.0,11616.713750000008,5
150,2485,150,330,0,330,290,5,35,65,65,0,65,435,55,31235.58,40800.0,-9564.42,5
151,2485,185,310,0,310,255,35,20,105,105,0,105,435,85,49841.73000000002,42075.0,7766.730000000016,5
152,2485,145,315,0,315,300,5,10,70,70,0,70,440,40,22410.9,39100.0,-16689.1,5
153,2485,205,295,0,295,250,15,30,95,95,0,95,450,120,77385.78000000003,42500.0,34885.78000000002,5
154,2485,105,320,0,320,315,0,5,90,90,0,90,415,95,66332.50875000001,36125.0,30207.508750000015,5
155,2485,150,285,0,285,285,0,0,85,85,0,85,430,40,22762.800000000003,36975.0,-14212.199999999997,5
156,2485,175,285,0,285,270,10,5,80,80,0,80,440,105,67186.035,39100.0,28086.035000000003,5
157,2485,155,305,0,305,300,0,5,85,85,0,85,450,90,58530.66750000002,39100.0,19430.667500000018,5
158,2485,150,310,0,310,305,0,5,60,60,0,60,450,45,25362.629999999997,39100.0,-13737.37,5
159,2485,115,330,0,330,305,20,5,90,90,0,90,415,45,25089.480000000003,37825.0,-12735.519999999997,5
160,2485,190,285,0,285,250,30,5,90,90,0,90,435,80,48515.895000000004,40375.0,8140.895,5
161,2485,130,340,0,340,280,30,30,100,100,0,100,405,85,47948.04000000001,39950.0,7998.04000000001,5
162,2485,105,320,0,320,270,40,10,85,85,0,85,370,120,84440.26687500002,36125.0,48315.266875000016,5
163,2485,200,270,0,270,255,5,10,125,125,0,125,450,115,70334.055,39950.0,30384.05499999999,5
164,2485,160,325,0,325,290,35,0,90,90,0,90,445,105,72721.755,41225.0,31496.755000000005,5
165,2485,170,295,0,295,295,0,0,90,90,0,90,460,50,26836.020000000004,39525.0,-12688.979999999996,5
166,2485,130,320,0,320,275,15,30,60,60,0,60,400,40,23695.29,38250.0,-14554.71,5
167,2485,145,265,0,265,255,10,0,125,125,0,125,395,105,70257.03750000002,34850.0,35407.03750000001,5
168,2485,115,325,0,325,270,25,30,100,100,0,95,380,85,53563.95000000001,37400.0,16163.950000000013,5
169,2485,165,310,0,310,275,5,30,95,95,0,90,435,115,73373.31000000001,40375.0,32998.31000000001,5
170,2485,165,295,0,295,270,0,25,95,95,0,95,430,100,65256.16500000002,39100.0,26156.16500000002,5
171,2485,130,295,0,295,275,20,0,105,105,0,105,400,130,94294.39781250001,36125.0,58169.397812500014,5
172,2485,170,300,0,300,290,5,5,90,90,0,90,455,25,12109.32,39950.0,-27840.68,5
173,2485,185,295,0,295,270,10,15,100,100,0,100,450,90,56866.814999999995,40800.0,16066.814999999997,5
174,2485,170,285,0,285,230,45,10,90,90,0,85,395,115,81949.41562499998,38675.0,43274.41562499998,5
175,2485,140,305,0,305,260,35,10,110,110,0,110,395,125,82403.03250000003,37825.0,44578.03250000003,5
176,2485,155,315,0,315,300,0,15,80,80,0,80,450,60,36196.65,39950.0,-3753.3500000000004,5
177,2485,120,315,0,315,275,35,5,105,105,0,105,390,145,99454.42125000003,36975.0,62479.42125000003,5
178,2485,140,310,0,310,285,15,10,70,70,0,65,420,110,86043.42000000001,38250.0,47793.420000000006,5
179,2485,130,295,0,295,245,40,10,105,105,0,105,370,165,114015.34687500002,36125.0,77890.34687500002,5
180,2485,240,265,0,265,235,10,20,110,110,0,110,470,75,49486.623750000006,42925.0,6561.623750000008,5
181,2485,130,325,0,325,265,35,25,115,115,0,115,390,85,50043.869999999995,38675.0,11368.869999999997,5
182,2485,155,300,0,300,255,40,5,115,115,0,115,405,140,97884.60750000001,38675.0,59209.60750000002,5
183,2485,130,315,0,315,285,20,10,90,90,0,90,410,80,50554.305000000015,37825.0,12729.305000000013,5
184,2485,215,275,0,275,240,25,10,105,105,0,105,450,55,32355.180000000008,41650.0,-9294.81999999999,5
185,2485,120,320,0,320,280,20,20,85,85,0,85,395,45,23706.180000000004,37400.0,-13693.819999999996,5
186,2485,130,320,0,320,320,0,0,65,65,0,65,445,65,41145.84000000001,38250.0,2895.8400000000074,5
187,2485,95,355,0,355,285,35,35,70,70,0,70,375,50,24540.840000000004,38250.0,-13709.159999999996,5
188,2485,135,325,0,325,290,30,5,100,100,0,95,420,120,73896.52500000002,39100.0,34796.52500000003,5
189,2485,120,350,0,350,300,30,20,65,65,0,65,415,85,57477.712499999994,39950.0,17527.712499999998,5
190,2485,245,275,0,275,255,0,20,75,75,0,75,495,80,53010.58500000002,44200.0,8810.58500000002,5
191,2485,110,320,0,320,300,0,20,90,90,0,90,405,100,64061.4825,36550.0,27511.482500000002,5
192,2485,210,265,0,265,250,15,0,85,85,0,80,455,60,33842.52,40375.0,-6532.4800000000005,5
193,2485,195,290,0,290,255,20,15,120,120,0,115,445,115,67042.39500000002,41225.0,25817.395000000015,5
194,2485,95,360,0,360,275,45,40,95,95,0,90,365,125,90717.4378125,38675.0,52042.43781249999,5
195,2485,135,320,0,320,255,30,35,110,110,0,110,385,65,35976.600000000006,38675.0,-2698.399999999997,5
196,2485,195,265,0,265,260,5,0,90,90,0,90,450,65,40090.635,39100.0,990.635000000002,5
197,2485,150,290,0,290,275,10,5,100,100,0,100,420,80,50809.63500000001,37400.0,13409.635000000007,5
198,2485,165,305,0,305,280,5,20,50,50,0,50,440,30,21503.700000000004,39950.0,-18446.299999999996,5
199,2485,160,290,0,290,285,5,0,105,105,0,105,440,100,65109.52125,38250.0,26859.521249999998,5
200,2485,220,260,0,260,260,0,0,80,80,0,80,475,85,51370.74000000001,40800.0,10570.740000000014,5
201,2485,150,305,0,305,275,25,5,90,90,0,90,420,95,64015.35187500001,38675.0,25340.351875000008,5
202,2485,115,325,0,325,240,60,25,90,90,0,90,350,90,70375.11046875002,37400.0,32975.11046875002,5
203,2485,140,300,0,300,270,5,25,110,110,0,110,405,90,61667.06625,37400.0,24267.066250000007,5
204,2485,100,330,0,330,305,5,20,95,95,0,95,400,70,39973.41,36550.0,3423.4100000000035,5
205,2485,135,335,0,335,300,30,5,70,70,0,70,430,65,40929.66000000001,39950.0,979.6600000000126,5
206,2485,170,320,0,320,270,35,15,85,85,0,85,435,30,15058.080000000002,41650.0,-26591.92,5
207,2485,130,340,0,340,340,0,0,70,70,0,70,465,35,22312.89,39950.0,-17637.11,5
208,2485,150,315,0,315,290,10,15,90,90,0,90,435,35,17879.040000000005,39525.0,-21645.959999999995,5
209,2485,190,260,0,260,220,35,5,125,125,0,125,405,160,111830.61375000003,38250.0,73580.61375000003,5
210,2485,155,290,0,290,250,5,35,90,90,0,90,400,45,23481.540000000005,37825.0,-14343.459999999995,5
211,2485,110,345,0,345,335,10,0,70,70,0,70,440,45,22639.320000000003,38675.0,-16035.679999999997,5
212,2485,205,275,0,275,275,0,0,85,85,0,85,475,85,60281.21250000001,40800.0,19481.21250000001,5
213,2485,160,320,0,320,310,5,5,70,70,0,70,465,75,45160.47,40800.0,4360.470000000005,5
214,2485,220,280,0,280,270,0,10,90,90,0,90,485,50,30020.22000000001,42500.0,-12479.779999999992,5
215,2485,165,325,0,325,290,5,30,95,95,0,95,450,80,54391.455,41650.0,12741.455000000005,5
216,2485,130,300,0,300,290,5,5,75,75,0,70,415,85,57668.31,36550.0,21118.31,5
217,2485,160,330,0,330,310,20,0,80,80,0,80,465,60,32964.12,41650.0,-8685.879999999997,5
218,2485,165,325,0,325,285,15,25,70,70,0,70,445,35,20809.440000000002,41650.0,-20840.559999999998,5
219,2485,160,315,0,315,295,0,20,70,70,0,70,450,55,29521.800000000007,40375.0,-10853.199999999993,5
220,2485,165,295,0,295,280,5,10,90,90,0,85,440,100,67022.235,39100.0,27922.235,5
221,2485,155,310,0,310,240,65,5,105,105,0,105,390,90,56820.46500000001,39525.0,17295.46500000001,5
222,2485,130,320,0,320,290,30,0,85,85,0,85,415,65,41506.515,38250.0,3256.5149999999994,5
223,2485,200,280,0,280,270,0,10,85,85,0,85,465,55,36965.115,40800.0,-3834.8849999999993,5
224,2485,225,295,0,295,275,20,0,80,80,0,80,495,70,46565.865000000005,44200.0,2365.8650000000034,5
225,2485,135,305,0,305,290,0,15,65,65,0,65,420,125,87346.42875000002,37400.0,49946.428750000014,5
226,2485,100,335,0,335,325,0,10,55,55,0,55,420,55,34034.175,36975.0,-2940.825,5
227,2485,165,315,0,315,290,5,20,80,80,0,80,450,45,23136.480000000007,40800.0,-17663.519999999993,5
228,2485,165,285,0,285,270,10,5,125,125,0,125,430,125,86200.56000000003,38250.0,47950.56000000003,5
229,2485,125,310,0,310,270,35,5,95,95,0,95,390,65,40087.530000000006,36975.0,3112.530000000006,5
230,2485,145,295,0,295,265,5,25,95,95,0,95,405,75,45912.825000000004,37400.0,8512.825000000003,5
231,2485,170,300,0,300,285,0,15,100,100,0,100,450,55,31323.420000000002,39950.0,-8626.579999999998,5
232,2485,165,310,0,310,250,20,40,80,80,0,80,410,125,90275.02875000003,40375.0,49900.02875000002,5
233,2485,180,300,0,300,265,25,10,85,85,0,85,440,95,65281.50000000001,40800.0,24481.500000000007,5
234,2485,160,305,0,305,305,0,0,70,70,0,70,460,70,41376.96000000001,39525.0,1851.9600000000082,5
235,2485,155,310,0,310,290,15,5,75,75,0,70,440,65,41132.385,39525.0,1607.3850000000039,5
236,2485,125,305,0,305,295,10,0,90,90,0,90,415,85,55096.24500000002,36550.0,18546.245000000017,5
237,2485,130,310,0,310,290,20,0,95,95,0,90,415,80,46415.970000000016,37400.0,9015.970000000016,5
238,2485,170,320,0,320,320,0,0,80,80,0,80,485,55,29708.459999999995,41650.0,-11941.540000000005,5
239,2485,175,290,0,290,265,5,20,70,70,0,70,435,75,51179.62500000001,39525.0,11654.625000000005,5
240,2485,170,325,0,325,285,30,10,80,80,0,80,450,25,12701.880000000001,42075.0,-29373.12,5
241,2485,145,295,0,295,275,10,10,115,115,0,115,415,120,71868.69000000002,37400.0,34468.69000000002,5
242,2485,215,270,0,270,240,10,20,115,115,0,115,450,80,46645.560000000005,41225.0,5420.560000000005,5
243,2485,155,300,0,300,285,10,5,90,90,0,90,435,105,68155.59375000001,38675.0,29480.593750000015,5
244,2485,100,350,0,350,325,5,20,55,55,0,55,420,15,7111.800000000001,38250.0,-31138.199999999997,5
245,2485,160,290,0,290,270,10,10,100,100,0,100,425,105,67921.1325,38250.0,29671.132500000003,5
246,2485,115,320,0,320,300,0,20,100,100,0,100,410,35,18767.340000000004,36975.0,-18207.659999999996,5
247,2485,130,295,0,295,295,0,0,90,90,0,90,420,105,76889.14769531251,36125.0,40764.14769531251,5
248,2485,150,300,0,300,285,10,5,90,90,0,90,430,65,33904.98,38250.0,-4345.019999999995,5
249,2485,175,300,0,300,275,20,5,90,90,0,90,445,90,56687.11875000001,40375.0,16312.118750000009,5
250,2485,150,310,0,310,295,5,10,90,90,0,90,440,95,60548.71500000002,39100.0,21448.71500000002,5
251,2485,100,330,0,330,310,5,15,90,90,0,90,405,90,57425.5575,36550.0,20875.557500000003,5
252,2485,170,285,0,285,285,0,0,95,95,0,90,450,75,45489.06000000001,38675.0,6814.060000000009,5
253,2485,130,325,0,325,315,0,10,80,80,0,80,440,60,36128.34000000001,38675.0,-2546.6599999999926,5
254,2485,135,320,0,320,310,0,10,90,90,0,90,440,90,56381.467500000006,38675.0,17706.467500000006,5
255,2485,135,300,0,300,260,35,5,110,110,0,110,390,85,53299.98,36975.0,16324.980000000005,5
256,2485,90,355,0,355,350,0,5,45,45,0,45,435,35,19354.5,37825.0,-18470.5,5
257,2485,125,305,0,305,250,15,40,105,105,0,100,370,85,56988.8325,36550.0,20438.832499999997,5
258,2485,150,300,0,300,295,0,5,95,95,0,95,440,80,51556.5225,38250.0,13306.522500000001,5
259,2485,190,250,0,250,230,5,15,110,110,0,110,415,120,75549.69,37400.0,38149.69,5
260,2485,155,315,0,315,255,30,30,95,95,0,90,405,60,33700.32,39950.0,-6249.6799999999985,5
261,2485,85,340,0,340,320,10,10,70,70,0,70,400,60,39813.57000000001,36125.0,3688.5700000000043,5
262,2485,130,330,0,330,330,0,0,65,65,0,65,455,55,35460.990000000005,39100.0,-3639.009999999994,5
263,2485,180,315,0,315,300,15,0,60,60,0,60,475,55,32218.829999999998,42075.0,-9856.170000000002,5
264,2485,165,315,0,315,300,5,10,80,80,0,80,460,45,25261.020000000004,40800.0,-15538.979999999996,5
265,2485,185,275,0,275,260,15,0,110,110,0,110,440,70,38052.36000000001,39100.0,-1047.6399999999921,5
266,2485,140,330,0,330,315,10,5,80,80,0,80,450,50,25850.160000000003,39950.0,-14099.839999999995,5
267,2485,170,290,0,290,275,5,10,110,110,0,110,440,110,64921.23,39100.0,25821.230000000003,5
268,2485,115,330,0,330,315,5,10,80,80,0,80,425,35,23993.460000000006,37825.0,-13831.539999999995,5
269,2485,150,300,0,300,255,25,20,125,125,0,125,400,90,51721.56,38250.0,13471.56,5
270,2485,130,310,0,310,290,20,0,100,100,0,95,415,85,58056.12000000001,37400.0,20656.12000000001,5
271,2485,160,310,0,310,280,5,25,110,110,0,105,435,50,26802.54,39950.0,-13147.460000000001,5
272,2485,145,310,0,310,270,15,25,90,90,0,85,410,75,45006.57,38675.0,6331.5700000000015,5
273,2485,120,330,0,330,320,0,10,45,45,0,45,435,50,31353.749999999996,38250.0,-6896.250000000005,5
274,2485,245,270,0,270,265,0,5,65,65,0,65,505,85,59308.863750000004,43775.0,15533.86375,5
275,2485,170,295,0,295,265,25,5,80,80,0,75,430,60,38156.535,39525.0,-1368.4649999999965,5
276,2485,160,290,0,290,245,35,10,95,95,0,95,400,135,89671.47750000004,38250.0,51421.47750000004,5
277,2485,140,315,0,315,285,25,5,100,100,0,95,420,95,57663.99000000001,38675.0,18988.990000000013,5
278,2485,225,275,0,275,260,5,10,80,80,0,80,480,75,47538.58500000002,42500.0,5038.585000000021,5
279,2485,150,305,0,305,255,40,10,95,95,0,95,400,65,44043.052500000005,38675.0,5368.052500000003,5
280,2485,215,290,0,290,280,0,10,85,85,0,85,490,60,39796.155000000006,42925.0,-3128.8449999999966,5
281,2485,170,325,0,325,300,15,10,75,75,0,75,465,30,16132.860000000002,42075.0,-25942.14,5
282,2485,185,270,0,270,255,0,15,80,80,0,75,435,105,70353.85500000001,38675.0,31678.85500000001,5
283,2485,185,285,0,285,285,0,0,105,105,0,105,465,100,60638.715000000004,39950.0,20688.715000000004,5
284,2485,215,280,0,280,265,0,15,95,95,0,95,475,70,44387.37000000001,42075.0,2312.37000000001,5
285,2485,100,305,0,305,290,15,0,90,90,0,90,385,95,56366.73000000002,34425.0,21941.730000000018,5
286,2485,150,325,0,325,315,0,10,75,75,0,75,460,90,58514.22,40375.0,18139.220000000005,5
287,2485,255,260,0,260,220,30,10,100,100,0,100,470,90,60589.9125,43775.0,16814.9125,5
288,2485,155,305,0,305,290,0,15,80,80,0,80,440,85,55487.72250000002,39100.0,16387.722500000018,5
289,2485,105,320,0,320,315,0,5,85,85,0,85,415,95,60649.74000000001,36125.0,24524.740000000013,5
290,2485,180,315,0,315,300,10,5,65,65,0,65,475,80,58607.37000000002,42075.0,16532.370000000017,5
291,2485,135,340,0,340,315,25,0,75,75,0,75,445,80,58944.21187499999,40375.0,18569.211874999994,5
292,2485,195,295,0,295,250,25,20,110,110,0,110,440,45,23941.980000000003,41650.0,-17708.019999999997,5
293,2485,145,295,0,295,295,0,0,95,95,0,95,435,85,58834.271250000005,37400.0,21434.27125,5
294,2485,185,315,0,315,245,55,15,110,110,0,110,425,85,50413.41000000001,42500.0,7913.410000000013,5
295,2485,150,315,0,315,260,35,20,85,85,0,85,405,75,55870.3884375,39525.0,16345.388437499996,5
296,2485,230,250,0,250,245,0,5,80,80,0,80,470,80,56656.209375000006,40800.0,15856.209375000008,5
297,2485,140,290,0,290,260,20,10,80,80,0,80,395,135,99232.86937500002,36550.0,62682.869375000024,5
298,2485,150,305,0,305,250,25,30,105,105,0,105,395,50,32508.765000000003,38675.0,-6166.234999999997,5
299,2485,180,325,0,325,260,35,30,105,105,0,105,435,60,34095.6,42925.0,-8829.400000000001,5
300,2485,195,255,0,255,205,25,25,120,120,0,115,395,165,113497.62749999997,38250.0,75247.62749999997,5
301,2485,125,310,0,310,285,25,0,85,85,0,85,405,75,48157.380000000005,36975.0,11182.380000000003,5
302,2485,175,315,0,315,265,0,50,95,95,0,95,435,75,53845.869375,41650.0,12195.869375000002,5
303,2485,150,330,0,330,260,35,35,90,90,0,90,405,30,17691.840000000004,40800.0,-23108.159999999996,5
304,2485,130,335,0,335,285,25,25,95,95,0,90,410,80,52206.9075,39525.0,12681.907499999998,5
305,2485,180,330,0,330,290,30,10,65,65,0,65,465,55,34192.89,43350.0,-9157.109999999997,5
306,2485,140,340,0,340,325,10,5,75,75,0,75,460,35,17253.0,40800.0,-23547.0,5
307,2485,130,315,0,315,250,30,35,120,120,0,120,375,145,98924.78250000002,37825.0,61099.782500000016,5
308,2485,105,340,0,340,295,15,30,90,90,0,90,395,95,60057.134999999995,37825.0,22232.135,5
309,2485,155,320,0,320,310,0,10,80,80,0,80,460,90,57642.03,40375.0,17267.029999999995,5
310,2485,120,325,0,325,275,45,5,85,85,0,85,390,60,33935.58,37825.0,-3889.42,5
311,2485,200,270,0,270,245,5,20,95,95,0,90,440,115,77134.4325,39950.0,37184.432499999995,5
312,2485,105,315,0,315,300,10,5,85,85,0,85,400,85,52788.780000000006,35700.0,17088.780000000006,5
313,2485,190,285,0,285,285,0,0,85,85,0,85,470,65,41931.5625,40375.0,1556.5625,5
314,2485,155,315,0,315,305,0,10,90,90,0,90,455,75,42401.16000000001,39950.0,2451.160000000009,5
315,2485,190,295,0,295,245,35,15,110,110,0,110,430,105,69415.08750000002,41225.0,28190.087500000016,5
316,2485,175,300,0,300,275,0,25,100,100,0,100,445,70,46765.21500000001,40375.0,6390.215000000007,5
317,2485,95,340,0,340,275,40,25,80,80,0,75,365,50,28773.90000000001,36975.0,-8201.099999999991,5
318,2485,140,310,0,310,290,0,20,90,90,0,90,425,75,44607.64500000001,38250.0,6357.645000000011,5
319,2485,120,305,0,305,260,40,5,110,110,0,110,375,80,48160.26000000001,36125.0,12035.260000000007,5
320,2485,140,285,0,285,280,0,5,115,115,0,110,415,135,89265.03750000002,36125.0,53140.03750000002,5
321,2485,170,305,0,305,295,0,10,85,85,0,85,460,45,29984.805000000008,40375.0,-10390.194999999994,5
322,2485,80,340,0,340,265,50,25,65,65,0,65,340,55,31185.900000000005,35700.0,-4514.099999999994,5
323,2485,165,320,0,320,310,0,10,55,55,0,55,470,30,17318.880000000005,41225.0,-23906.119999999995,5
324,2485,170,285,0,285,275,10,0,80,80,0,80,440,30,15571.440000000002,38675.0,-23103.559999999998,5
325,2485,135,345,0,345,330,0,15,50,50,0,50,460,45,28668.375,40800.0,-12131.625,5
326,2485,235,270,0,270,255,0,15,75,75,0,75,485,65,42160.635,42925.0,-764.364999999998,5
327,2485,175,295,0,295,285,5,5,90,90,0,90,455,70,42739.83000000001,39950.0,2789.830000000011,5
328,2485,120,325,0,325,290,30,5,90,90,0,90,405,80,50087.925,37825.0,12262.925000000005,5
329,2485,145,315,0,315,315,0,0,80,80,0,80,455,60,38312.1675,39100.0,-787.832499999995,5
330,2485,115,325,0,325,280,5,40,75,75,0,75,390,65,47663.39812499999,37400.0,10263.398124999994,5
331,2485,170,290,0,290,280,0,10,105,105,0,105,445,130,86047.84125000004,39100.0,46947.84125000004,5
332,2485,170,320,0,320,305,0,15,80,80,0,80,470,70,37959.66,41650.0,-3690.3399999999965,5
333,2485,155,310,0,310,310,0,0,75,75,0,75,460,85,56033.55000000002,39525.0,16508.550000000014,5
334,2485,230,270,0,270,260,0,10,100,100,0,100,485,145,97337.61000000002,42500.0,54837.61000000002,5
335,2485,140,335,0,335,325,10,0,60,60,0,60,460,45,25945.65,40375.0,-14429.349999999999,5
336,2485,175,280,0,280,265,10,5,95,95,0,90,435,85,55252.50750000001,38675.0,16577.50750000001,5
337,2485,115,320,0,320,260,60,0,80,80,0,80,370,65,41257.62000000002,36975.0,4282.620000000015,5
338,2485,130,315,0,315,305,10,0,95,95,0,90,430,120,78309.24750000001,37825.0,40484.24750000001,5
339,2485,170,275,0,275,260,15,0,110,110,0,110,425,65,34872.66000000001,37825.0,-2952.33999999999,5
340,2485,190,280,0,280,270,0,10,115,115,0,110,455,90,52673.04000000001,39950.0,12723.04000000001,5
341,2485,195,270,0,270,270,0,0,95,95,0,95,460,85,55463.535,39525.0,15938.535000000002,5
342,2485,125,330,0,330,275,30,25,95,95,0,95,395,100,67183.21125000002,38675.0,28508.211250000022,5
343,2485,130,315,0,315,295,0,20,85,85,0,80,420,60,35062.740000000005,37825.0,-2762.2599999999966,5
344,2485,95,350,0,350,305,35,10,75,75,0,75,395,30,18746.010000000002,37825.0,-19078.989999999998,5
345,2485,90,350,0,350,345,0,5,75,75,0,70,430,85,55131.84000000001,37400.0,17731.84000000001,5
346,2485,165,295,0,295,270,0,25,105,105,0,105,430,105,65356.11000000001,39100.0,26256.110000000008,5
347,2485,190,305,0,305,295,0,10,75,75,0,70,480,20,11414.340000000002,42075.0,-30660.659999999996,5
348,2485,120,355,0,355,270,45,40,70,70,0,70,385,45,27339.57,40375.0,-13035.43,5
349,2485,185,265,0,265,250,0,15,95,95,0,95,430,135,89872.61625,38250.0,51622.61625000001,5
350,2485,150,315,0,315,290,5,20,80,80,0,75,435,80,49544.66250000001,39525.0,10019.662500000013,5
351,2485,110,335,0,335,310,10,15,80,80,0,80,415,70,39776.04000000001,37825.0,1951.0400000000072,5
352,2485,140,290,0,290,260,20,10,105,105,0,105,395,95,62561.47500000002,36550.0,26011.47500000002,5
353,2485,125,325,0,325,245,60,20,120,120,0,120,365,75,45659.250000000015,38250.0,7409.250000000011,5
354,2485,145,330,0,330,320,0,10,65,65,0,65,460,70,50159.46375,40375.0,9784.463750000004,5
355,2485,185,300,0,300,295,0,5,85,85,0,85,475,45,23503.320000000003,41225.0,-17721.679999999997,5
356,2485,105,335,0,335,325,0,10,75,75,0,75,425,55,29878.56,37400.0,-7521.439999999998,5
357,2485,160,315,0,315,265,20,30,95,95,0,95,420,85,51883.17750000001,40375.0,11508.17750000001,5
358,2485,115,330,0,330,305,10,15,80,80,0,80,415,60,34136.64000000001,37825.0,-3688.3599999999933,5
359,2485,185,305,0,305,285,10,10,85,85,0,85,465,45,23091.840000000004,41650.0,-18558.159999999996,5
360,2485,150,310,0,310,285,5,20,85,85,0,85,430,70,43910.37000000001,39100.0,4810.370000000012,5
361,2485,105,315,0,315,295,15,5,60,60,0,60,395,65,50658.440625,35700.0,14958.440625000003,5
362,2485,170,305,0,305,260,35,10,105,105,0,100,425,20,9834.12,40375.0,-30540.879999999997,5
363,2485,130,340,0,340,305,30,5,90,90,0,90,430,80,51881.01750000001,39950.0,11931.017500000007,5
364,2485,250,255,0,255,250,5,0,85,85,0,85,495,55,33309.54,42925.0,-9615.46,5
365,2485,195,280,0,280,270,0,10,90,90,0,90,460,75,45520.020000000004,40375.0,5145.020000000004,5
366,2485,160,265,0,265,255,10,0,105,105,0,105,410,75,45686.79,36125.0,9561.79,5
367,2485,235,290,0,290,270,5,15,80,80,0,80,500,25,12950.640000000001,44625.0,-31674.359999999997,5
368,2485,155,305,0,305,285,10,10,95,95,0,95,435,60,34616.07000000001,39100.0,-4483.929999999996,5
369,2485,190,290,0,290,255,25,10,85,85,0,85,440,60,41513.805,40800.0,713.8050000000021,5
370,2485,195,320,0,320,320,0,0,50,50,0,50,510,25,13828.860000000002,43775.0,-29946.139999999996,5
371,2485,155,300,0,300,295,5,0,80,80,0,80,445,85,66608.2659375,38675.0,27933.2659375,5
372,2485,170,295,0,295,275,20,0,85,85,0,85,440,90,56149.29,39525.0,16624.29,5
373,2485,160,315,0,315,315,0,0,85,85,0,85,470,75,46557.585,40375.0,6182.584999999999,5
374,2485,135,300,0,300,280,5,15,70,70,0,70,410,70,56700.95343750001,36975.0,19725.95343750001,5
375,2485,105,345,0,345,295,35,15,70,70,0,70,395,40,25468.29,38250.0,-12781.71,5
376,2485,110,335,0,335,280,30,25,80,80,0,80,385,75,47119.27500000001,37825.0,9294.275000000007,5
377,2485,175,295,0,295,280,10,5,95,95,0,95,450,50,29551.950000000004,39950.0,-10398.049999999994,5
378,2485,160,315,0,315,270,40,5,85,85,0,85,425,100,57568.500000000015,40375.0,17193.500000000015,5
379,2485,155,310,0,310,275,25,10,105,105,0,105,425,80,51589.46250000001,39525.0,12064.462500000009,5
380,2485,285,245,0,245,245,0,0,115,115,0,115,525,85,50574.24,45050.0,5524.24,5
381,2485,145,305,0,305,285,20,0,105,105,0,105,425,80,48838.23000000001,38250.0,10588.230000000012,5
382,2485,195,300,0,300,280,10,10,90,90,0,90,470,40,21809.340000000004,42075.0,-20265.659999999996,5
383,2485,170,285,0,285,285,0,0,65,65,0,65,450,50,27286.560000000005,38675.0,-11388.439999999995,5
384,2485,180,280,0,280,245,35,0,85,85,0,85,420,135,98573.50054687503,39100.0,59473.50054687504,5
385,2485,170,295,0,295,270,15,10,100,100,0,100,435,60,34561.17,39525.0,-4963.829999999998,5
386,2485,135,300,0,300,260,5,35,120,120,0,120,390,125,77879.34000000003,36975.0,40904.34000000002,5
387,2485,125,325,0,325,290,5,30,70,70,0,70,410,45,26561.43,38250.0,-11688.57,5
388,2485,130,330,0,330,280,25,25,80,80,0,80,405,80,54702.781875,39100.0,15602.781875,5
389,2485,195,295,0,295,280,0,15,90,90,0,90,470,50,28566.900000000005,41650.0,-13083.099999999995,5
390,2485,115,315,0,315,290,10,15,90,90,0,90,400,75,43416.090000000004,36550.0,6866.090000000004,5
391,2485,155,280,0,280,260,10,10,100,100,0,100,410,115,75878.77500000001,36975.0,38903.775000000016,5
392,2485,145,315,0,315,260,35,20,100,100,0,100,400,65,37014.075000000004,39100.0,-2085.9249999999975,5
393,2485,145,300,0,300,285,15,0,90,90,0,90,425,50,27947.160000000003,37825.0,-9877.839999999997,5
394,2485,160,310,0,310,280,10,20,110,110,0,110,435,95,54885.95999999999,39950.0,14935.959999999995,5
395,2485,110,325,0,325,315,5,5,80,80,0,80,420,85,63648.298124999994,36975.0,26673.298124999994,5
396,2485,140,315,0,315,255,40,20,100,100,0,100,390,80,43601.58,38675.0,4926.580000000004,5
397,2485,120,335,0,335,295,10,30,90,90,0,90,410,60,35904.69,38675.0,-2770.3099999999995,5
398,2485,155,285,0,285,270,5,10,110,110,0,110,420,90,55138.995,37400.0,17738.995000000003,5
399,2485,115,330,0,330,300,30,0,100,100,0,95,410,70,38662.74000000001,37825.0,837.7400000000125,5
400,2485,100,340,0,340,325,10,5,75,75,0,75,420,50,26550.36,37400.0,-10849.64,5
401,2485,155,310,0,310,285,0,25,85,85,0,85,435,90,55899.36000000001,39525.0,16374.360000000006,5
402,2485,110,335,0,335,335,0,0,60,60,0,60,440,45,23497.020000000004,37825.0,-14327.979999999998,5
403,2485,150,305,0,305,230,55,20,80,80,0,80,375,100,63650.925,38675.0,24975.925000000007,5
404,2485,175,310,0,310,290,20,0,80,80,0,80,460,45,25287.12,41225.0,-15937.880000000001,5
405,2485,185,300,0,300,295,5,0,75,75,0,75,475,80,60184.465312500004,41225.0,18959.465312500004,5
406,2485,225,300,0,300,300,0,0,60,60,0,60,520,40,23219.73,44625.0,-21405.27,5
407,2485,220,280,0,280,235,10,35,100,100,0,100,450,35,20359.08,42500.0,-22140.92,5
408,2485,125,345,0,345,275,65,5,75,75,0,75,395,60,36756.225000000006,39950.0,-3193.774999999996,5
409,2485,110,340,0,340,270,40,30,80,80,0,75,375,80,51068.767499999994,38250.0,12818.767499999994,5
410,2485,200,290,0,290,280,0,10,70,70,0,70,475,60,44454.53812500001,41650.0,2804.538125000008,5
411,2485,145,300,0,300,285,10,5,80,80,0,80,425,75,46391.53500000001,37825.0,8566.535000000013,5
412,2485,150,300,0,300,290,0,10,90,90,0,90,435,90,61493.895000000004,38250.0,23243.895000000004,5
413,2485,155,275,0,275,250,20,5,100,100,0,100,400,50,33115.29750000001,36550.0,-3434.702499999994,5
414,2485,165,320,0,320,320,0,0,65,65,0,65,480,20,9790.920000000002,41225.0,-31434.079999999998,5
415,2485,130,295,0,295,285,5,5,115,115,0,115,410,100,62747.4375,36125.0,26622.437499999996,5
416,2485,115,300,0,300,290,5,5,90,90,0,90,400,75,41354.280000000006,35275.0,6079.280000000008,5
417,2485,160,295,0,295,275,20,0,100,100,0,100,430,55,31762.530000000002,38675.0,-6912.469999999998,5
418,2485,115,360,0,360,300,40,20,80,80,0,80,410,100,66816.63000000002,40375.0,26441.630000000012,5
419,2485,175,305,0,305,305,0,0,55,55,0,55,475,65,44219.655,40800.0,3419.6550000000025,5
420,2485,95,315,0,315,260,45,10,90,90,0,90,350,85,53436.82500000002,34850.0,18586.82500000002,5
421,2485,205,280,0,280,235,35,10,120,120,0,115,435,90,54868.905000000006,41225.0,13643.905000000004,5
422,2485,95,355,0,355,290,40,25,85,85,0,85,380,70,39192.57000000001,38250.0,942.5700000000052,5
423,2485,160,305,0,305,295,10,0,90,90,0,90,450,60,32377.140000000003,39525.0,-7147.859999999996,5
424,2485,170,315,0,315,310,0,5,85,85,0,80,475,60,34523.100000000006,41225.0,-6701.899999999996,5
425,2485,195,270,0,270,240,20,10,95,95,0,90,430,75,49344.75,39525.0,9819.750000000004,5
426,2485,120,340,0,340,280,40,20,90,90,0,90,395,35,19931.04,39100.0,-19168.96,5
427,2485,195,275,0,275,255,20,0,100,100,0,100,445,85,51231.330000000016,39950.0,11281.330000000016,5
428,2485,200,310,0,310,280,0,30,65,65,0,65,475,30,18270.540000000005,43350.0,-25079.46,5
429,2485,150,300,0,300,285,10,5,85,85,0,85,430,80,48179.07,38250.0,9929.070000000002,5
430,2485,195,300,0,300,275,25,0,80,80,0,80,465,40,23815.440000000002,42075.0,-18259.559999999998,5
431,2485,150,325,0,325,280,20,25,70,70,0,70,425,40,21903.480000000003,40375.0,-18471.519999999997,5
432,2485,170,325,0,325,310,5,10,60,60,0,60,475,80,52307.775,42075.0,10232.775000000001,5
433,2485,120,300,0,300,265,20,15,95,95,0,90,380,95,56759.44500000001,35700.0,21059.445000000007,5
434,2485,225,295,0,295,285,0,10,75,75,0,75,505,65,37690.560000000005,44200.0,-6509.439999999995,5
435,2485,155,295,0,295,270,15,10,115,115,0,115,420,95,56873.07000000001,38250.0,18623.070000000007,5
436,2485,125,320,0,320,300,15,5,95,95,0,95,420,75,44439.345,37825.0,6614.345000000003,5
437,2485,140,310,0,310,275,20,15,85,85,0,85,410,90,55895.46750000001,38250.0,17645.467500000013,5
438,2485,190,295,0,295,260,20,15,105,105,0,105,445,100,59129.009999999995,41225.0,17904.01,5
439,2485,110,315,0,315,310,0,5,75,75,0,75,415,85,58119.57000000002,36125.0,21994.57000000002,5
440,2485,195,285,0,285,280,0,5,90,90,0,90,470,70,46022.94,40800.0,5222.939999999999,5
441,2485,165,325,0,325,320,0,5,75,75,0,75,480,40,22987.260000000006,41650.0,-18662.739999999994,5
442,2485,175,305,0,305,280,25,0,85,85,0,85,450,65,41382.81,40800.0,582.8099999999995,5
443,2485,165,290,0,290,265,20,5,105,105,0,100,425,70,36406.62,38675.0,-2268.3799999999974,5
444,2485,160,285,0,285,265,10,10,90,90,0,90,420,105,64724.040000000015,37825.0,26899.040000000015,5
445,2485,165,280,0,280,270,10,0,95,95,0,95,430,55,32165.640000000014,37825.0,-5659.359999999988,5
446,2485,140,290,0,290,280,5,5,115,115,0,115,415,90,61861.41,36550.0,25311.410000000003,5
447,2485,100,350,0,350,285,50,15,80,80,0,80,380,70,45100.619999999995,38250.0,6850.619999999999,5
448,2485,130,300,0,300,235,45,20,125,125,0,125,360,90,51569.55000000001,36550.0,15019.550000000008,5
449,2485,225,265,0,265,255,0,10,95,95,0,95,475,115,77144.31,41650.0,35494.31,5
450,2485,130,330,0,330,290,0,40,75,75,0,75,415,65,36310.14,39100.0,-2789.8599999999988,5
451,2485,155,315,0,315,305,0,10,90,90,0,90,455,70,45722.9925,39950.0,5772.9925,5
452,2485,215,300,0,300,265,0,35,85,85,0,85,475,65,37116.53999999999,43775.0,-6658.460000000005,5
453,2485,225,285,0,285,245,25,15,115,115,0,115,465,110,67611.33,43350.0,24261.329999999998,5
454,2485,150,320,0,320,320,0,0,70,70,0,70,465,65,39432.015,39950.0,-517.9850000000033,5
455,2485,125,315,0,315,275,40,0,85,85,0,85,395,70,41917.41,37400.0,4517.41,5
456,2485,105,325,0,325,320,5,0,55,55,0,55,420,50,32407.785000000003,36550.0,-4142.2149999999965,5
457,2485,170,305,0,305,270,10,25,95,95,0,95,435,60,36168.3,40375.0,-4206.699999999996,5
458,2485,180,300,0,300,295,5,0,60,60,0,60,470,40,25001.910000000007,40800.0,-15798.089999999993,5
459,2485,120,325,0,325,295,15,15,110,110,0,110,410,70,37337.76,37825.0,-487.23999999999705,5
460,2485,120,330,0,330,310,0,20,55,55,0,55,425,40,23508.9,38250.0,-14741.099999999997,5
461,2485,100,340,0,340,310,20,10,80,80,0,80,405,70,43510.41,37400.0,6110.410000000002,5
462,2485,175,310,0,310,280,25,5,95,95,0,90,450,80,48822.25500000001,41225.0,7597.255000000014,5
463,2485,140,300,0,300,285,0,15,95,95,0,95,420,55,32740.380000000005,37400.0,-4659.619999999995,5
464,2485,160,295,0,295,280,10,5,85,85,0,80,435,85,59948.79187500001,38675.0,21273.791875000006,5
465,2485,165,320,0,320,290,10,20,80,80,0,80,450,40,23333.22,41225.0,-17891.78,5
466,2485,125,325,0,325,275,40,10,95,95,0,95,395,70,44072.1,38250.0,5822.1,5
467,2485,110,335,0,335,290,25,20,85,85,0,85,395,90,54727.740000000005,37825.0,16902.740000000005,5
468,2485,140,315,0,315,260,20,35,120,120,0,120,395,125,78363.18000000002,38675.0,39688.18000000002,5
469,2485,165,305,0,305,300,0,5,65,65,0,65,460,55,31158.270000000004,39950.0,-8791.729999999998,5
470,2485,100,350,0,350,300,35,15,85,85,0,85,395,50,29677.230000000003,38250.0,-8572.769999999997,5
471,2485,100,345,0,345,275,70,0,80,80,0,80,370,65,44247.60000000002,37825.0,6422.60000000002,5
472,2485,185,290,0,290,275,5,10,75,75,0,75,455,85,57001.77000000002,40375.0,16626.770000000015,5
473,2485,150,295,0,295,290,0,5,80,80,0,80,435,80,54142.3575,37825.0,16317.357499999998,5
474,2485,155,315,0,315,280,35,0,85,85,0,85,430,110,71726.54625000001,39950.0,31776.54625000001,5
475,2485,180,290,0,290,275,5,10,75,75,0,75,450,75,48334.14,39950.0,8384.139999999998,5
476,2485,145,340,0,340,310,10,20,65,65,0,65,450,55,32849.01,41225.0,-8375.989999999998,5
477,2485,95,355,0,355,315,30,10,85,85,0,85,405,55,34023.689999999995,38250.0,-4226.310000000003,5
478,2485,170,275,0,275,270,0,5,95,95,0,95,435,95,71344.5120703125,37825.0,33519.51207031249,5
479,2485,180,280,0,280,255,20,5,125,125,0,125,430,100,54430.020000000004,39100.0,15330.020000000004,5
480,2485,245,280,0,280,280,0,0,85,85,0,85,520,65,40092.75000000001,44625.0,-4532.2499999999945,5
481,2485,150,330,0,330,280,30,20,85,85,0,85,425,95,61346.38500000002,40800.0,20546.385000000017,5
482,2485,235,285,0,285,270,0,15,75,75,0,75,500,70,45364.05,44200.0,1164.0500000000065,5
483,2485,105,340,0,340,325,0,15,65,65,0,65,425,50,33236.77500000001,37825.0,-4588.224999999993,5
484,2485,175,305,0,305,260,40,5,95,95,0,95,430,60,35094.24,40800.0,-5705.76,5
485,2485,175,310,0,310,270,40,0,85,85,0,85,440,55,37005.14250000001,41225.0,-4219.857499999994,5
486,2485,85,340,0,340,290,25,25,80,80,0,80,370,95,64568.857500000006,36125.0,28443.857500000006,5
487,2485,180,290,0,290,265,20,5,95,95,0,90,440,70,43813.71,39950.0,3863.710000000001,5
488,2485,190,275,0,275,255,0,20,100,100,0,100,440,95,58632.57000000001,39525.0,19107.570000000007,5
489,2485,115,325,0,325,275,25,25,100,100,0,100,385,95,64242.69187500001,37400.0,26842.69187500001,5
490,2485,150,305,0,305,300,0,5,75,75,0,75,445,65,39699.13500000001,38675.0,1024.1350000000057,5
491,2485,190,290,0,290,280,5,5,105,105,0,100,465,105,61382.205000000016,40800.0,20582.205000000013,5
492,2485,110,340,0,340,300,20,20,60,60,0,60,405,50,28513.440000000006,38250.0,-9736.559999999994,5
493,2485,135,300,0,300,245,40,15,90,90,0,90,375,120,83939.58000000002,36975.0,46964.58000000002,5
494,2485,130,305,0,305,280,5,20,95,95,0,95,405,80,50067.630000000005,36975.0,13092.630000000008,5
495,2485,260,275,0,275,270,5,0,60,60,0,60,525,85,60087.30750000001,45475.0,14612.307500000006,5
496,2485,170,305,0,305,285,5,15,85,85,0,85,450,30,16872.66,40375.0,-23502.34,5
497,2485,155,310,0,310,285,0,25,85,85,0,80,435,70,41628.51000000001,39525.0,2103.5100000000057,5
498,2485,135,285,0,285,260,20,5,115,115,0,115,390,115,74224.98000000001,35700.0,38524.98000000001,5
499,2485,85,345,0,345,335,0,10,70,70,0,70,415,45,26231.4,36550.0,-10318.599999999997,5
500,2485,200,310,0,310,300,5,5,75,75,0,75,495,55,32135.58000000001,43350.0,-11214.419999999991,5
501,2485,120,325,0,325,305,5,15,85,85,0,85,420,50,28513.89,37825.0,-9311.109999999999,5
502,2485,130,330,0,330,285,35,10,85,85,0,80,410,90,58510.642500000016,39100.0,19410.642500000013,5
503,2485,195,320,0,320,305,15,0,90,90,0,90,495,60,36108.495,43775.0,-7666.504999999997,5
504,2485,190,315,0,315,295,0,20,70,70,0,70,480,95,58124.97000000002,42925.0,15199.970000000021,5
505,2485,180,295,0,295,250,45,0,110,110,0,110,425,110,73339.8975,40375.0,32964.89750000001,5
506,2485,160,280,0,280,240,20,20,100,100,0,95,395,115,73743.14250000003,37400.0,36343.14250000003,5
507,2485,125,315,0,315,295,10,10,90,90,0,90,415,65,38862.990000000005,37400.0,1462.9900000000089,5
508,2485,135,310,0,310,300,0,10,75,75,0,75,430,30,16184.880000000001,37825.0,-21640.119999999995,5
509,2485,175,285,0,285,285,0,0,80,80,0,80,455,90,60918.435,39100.0,21818.434999999998,5
510,2485,130,340,0,340,290,30,20,100,100,0,100,415,100,70036.39125000002,39950.0,30086.391250000015,5
511,2485,145,310,0,310,270,25,15,65,65,0,65,410,70,53554.01625,38675.0,14879.016250000004,5
512,2485,125,340,0,340,310,15,15,65,65,0,65,430,35,24641.775,39525.0,-14883.224999999999,5
513,2485,135,315,0,315,275,15,25,90,90,0,90,405,95,60853.770000000004,38250.0,22603.770000000004,5
514,2485,110,340,0,340,275,45,20,85,85,0,85,380,70,39988.71,38250.0,1738.710000000001,5
515,2485,125,315,0,315,290,10,15,85,85,0,85,410,95,62010.38250000001,37400.0,24610.382500000007,5
516,2485,120,350,0,350,300,30,20,65,65,0,65,415,65,42097.95000000001,39950.0,2147.95000000001,5
517,2485,105,325,0,325,310,15,0,75,75,0,75,410,80,56296.77750000001,36550.0,19746.777500000007,5
518,2485,150,305,0,305,295,10,0,90,90,0,90,440,75,41446.44000000001,38675.0,2771.4400000000114,5
519,2485,110,325,0,325,240,65,20,90,90,0,90,345,90,53261.59500000001,36975.0,16286.595000000007,5
520,2485,200,290,0,290,245,35,10,105,105,0,105,440,110,69716.96999999999,41650.0,28066.969999999994,5
521,2485,155,310,0,310,290,10,10,80,80,0,75,440,85,54198.899999999994,39525.0,14673.899999999994,5
522,2485,185,290,0,290,265,5,20,115,115,0,115,445,90,54431.66250000001,40375.0,14056.662500000011,5
523,2485,150,305,0,305,290,10,5,70,70,0,70,435,95,67799.74500000002,38675.0,29124.74500000002,5
524,2485,175,300,0,300,285,5,10,110,110,0,110,455,40,19645.2,40375.0,-20729.799999999996,5
525,2485,110,350,0,350,300,40,10,95,95,0,95,405,65,36083.97,39100.0,-3016.0300000000007,5
526,2485,260,255,0,255,230,10,15,110,110,0,105,485,100,60628.92750000002,43775.0,16853.92750000002,5
527,2485,165,290,0,290,205,65,20,105,105,0,105,365,155,103174.5375,38675.0,64499.537500000006,5
528,2485,150,295,0,295,280,5,10,105,105,0,105,425,85,48829.23000000002,37825.0,11004.230000000016,5
529,2485,225,300,0,300,265,30,5,80,80,0,80,485,60,38747.520000000004,44625.0,-5877.479999999996,5
530,2485,200,300,0,300,270,10,20,75,75,0,75,465,50,30131.550000000003,42500.0,-12368.449999999997,5
531,2485,130,335,0,335,305,15,15,80,80,0,80,430,55,32201.460000000006,39525.0,-7323.539999999994,5
532,2485,100,355,0,355,315,35,5,65,65,0,65,410,85,59969.86874999999,38675.0,21294.868749999987,5
533,2485,115,360,0,360,295,50,15,85,85,0,85,405,45,28524.15,40375.0,-11850.85,5
534,2485,165,325,0,325,310,0,15,85,85,0,85,470,85,51718.792499999996,41650.0,10068.7925,5
535,2485,200,290,0,290,260,30,0,115,115,0,115,455,75,45283.67999999999,41650.0,3633.679999999995,5
536,2485,175,310,0,310,290,10,10,95,95,0,95,460,80,46571.94000000002,41225.0,5346.940000000013,5
537,2485,115,330,0,330,320,0,10,85,85,0,80,430,110,70152.61499999999,37825.0,32327.614999999998,5
538,2485,150,300,0,300,290,10,0,85,85,0,85,435,80,50343.66000000002,38250.0,12093.660000000018,5
539,2485,110,325,0,325,295,10,20,105,105,0,105,400,80,43950.42,36975.0,6975.419999999995,5
540,2485,150,315,0,315,250,45,20,105,105,0,105,395,65,38775.87,39525.0,-749.1299999999956,5
541,2485,95,345,0,345,345,0,0,65,65,0,65,435,70,48260.22750000001,37400.0,10860.22750000001,5
542,2485,125,315,0,315,300,15,0,95,95,0,95,420,85,56135.7675,37400.0,18735.7675,5
543,2485,80,380,0,380,330,40,10,55,55,0,55,405,70,50064.00750000001,39100.0,10964.007500000007,5
544,2485,140,330,0,330,285,20,25,75,75,0,75,420,80,49863.5325,39950.0,9913.532500000001,5
545,2485,90,345,0,345,295,35,15,80,80,0,80,380,60,36719.64,36975.0,-255.36000000000058,5
546,2485,150,315,0,315,295,0,20,80,80,0,80,440,60,33486.840000000004,39525.0,-6038.1599999999935,5
547,2485,180,275,0,275,270,0,5,80,80,0,80,445,75,43047.09000000001,38675.0,4372.090000000007,5
548,2485,135,320,0,320,280,30,10,110,110,0,110,410,95,65652.42375,38675.0,26977.423749999998,5
549,2485,210,280,0,280,280,0,0,95,95,0,95,485,90,60741.787500000006,41650.0,19091.78750000001,5
550,2485,155,315,0,315,315,0,0,75,75,0,75,465,45,25556.489999999998,39950.0,-14393.510000000002,5
551,2485,205,285,0,285,285,0,0,80,80,0,80,485,65,38998.30500000001,41650.0,-2651.694999999995,5
552,2485,115,320,0,320,295,0,25,75,75,0,70,405,100,65017.35000000002,36975.0,28042.350000000024,5
553,2485,165,300,0,300,290,5,5,100,100,0,100,450,40,19931.04,39525.0,-19593.96,5
554,2485,270,250,0,250,240,10,0,80,80,0,80,505,90,59837.0175,44200.0,15637.017500000002,5
555,2485,225,300,0,300,300,0,0,70,70,0,70,520,60,34811.82000000001,44625.0,-9813.179999999993,5
556,2485,120,300,0,300,295,5,0,95,95,0,95,410,85,53990.25749999999,35700.0,18290.25749999999,5
557,2485,160,300,0,300,235,45,20,100,100,0,100,390,155,98579.88000000003,39100.0,59479.880000000034,5
558,2485,90,350,0,350,285,55,10,90,90,0,85,370,40,21080.340000000004,37400.0,-16319.659999999994,5
559,2485,145,320,0,320,310,0,10,60,60,0,60,450,55,33957.81,39525.0,-5567.1900000000005,5
560,2485,135,325,0,325,320,5,0,75,75,0,70,450,75,44014.770000000004,39100.0,4914.770000000008,5
561,2485,105,350,0,350,305,40,5,80,80,0,80,405,75,46679.130000000005,38675.0,8004.130000000005,5
562,2485,185,315,0,315,270,45,0,85,85,0,85,450,75,47604.39749999999,42500.0,5104.3974999999955,5
563,2485,95,330,0,330,280,15,35,85,85,0,85,370,95,58707.63,36125.0,22582.629999999997,5
564,2485,165,310,0,310,280,5,25,100,100,0,95,440,55,29050.38,40375.0,-11324.619999999999,5
565,2485,180,280,0,280,275,5,0,100,100,0,100,450,80,48626.23500000001,39100.0,9526.235000000006,5
566,2485,90,345,0,345,325,15,5,55,55,0,55,410,65,48213.472499999996,36975.0,11238.472499999998,5
567,2485,120,345,0,345,300,35,10,70,70,0,70,415,55,32783.04000000001,39525.0,-6741.95999999999,5
568,2485,150,290,0,290,275,5,10,95,95,0,95,420,120,76912.35750000001,37400.0,39512.35750000001,5
569,2485,110,315,0,315,300,15,0,100,100,0,100,405,70,36588.78,36125.0,463.78000000000156,5
570,2485,150,300,0,300,300,0,0,80,80,0,80,445,80,50458.05,38250.0,12208.050000000003,5
571,2485,215,260,0,260,240,5,15,105,105,0,105,450,80,48302.64,40375.0,7927.640000000001,5
572,2485,190,275,0,275,255,0,20,115,115,0,110,440,135,100288.93500000004,39525.0,60763.93500000004,5
573,2485,200,270,0,270,255,10,5,90,90,0,85,450,75,51789.375,39950.0,11839.375,5
574,2485,145,315,0,315,295,0,20,85,85,0,85,435,55,28944.540000000008,39100.0,-10155.459999999994,5
575,2485,170,285,0,285,270,10,5,115,115,0,115,435,95,56682.09,38675.0,18007.089999999997,5
576,2485,155,285,0,285,270,0,15,115,115,0,115,420,105,61321.86000000001,37400.0,23921.860000000008,5
577,2485,145,300,0,300,290,0,10,95,95,0,95,430,85,50188.05,37825.0,12363.050000000003,5
578,2485,245,275,0,275,275,0,0,95,95,0,95,515,90,51073.83,44200.0,6873.829999999998,5
579,2485,175,295,0,295,240,45,10,85,85,0,85,410,65,43809.705,39950.0,3859.7050000000036,5
580,2485,165,305,0,305,280,10,15,90,90,0,85,440,125,81554.08500000002,39950.0,41604.085000000014,5
581,2485,195,285,0,285,215,35,35,115,115,0,115,405,90,49677.479999999996,40800.0,8877.479999999996,5
582,2485,140,330,0,330,310,0,20,95,95,0,90,445,75,42130.62000000001,39950.0,2180.620000000008,5
583,2485,190,305,0,305,265,10,30,65,65,0,65,450,95,68865.37875,42075.0,26790.37875000001,5
584,2485,165,310,0,310,295,5,10,75,75,0,75,455,60,38562.93000000001,40375.0,-1812.0699999999943,5
585,2485,225,295,0,295,275,20,0,85,85,0,85,495,50,26033.400000000005,44200.0,-18166.599999999995,5
586,2485,180,295,0,295,290,0,5,70,70,0,65,465,55,34261.74,40375.0,-6113.26,5
587,2485,110,315,0,315,285,25,5,85,85,0,85,390,70,45357.68250000001,36125.0,9232.68250000001,5
588,2485,130,315,0,315,280,25,10,90,90,0,90,405,105,65147.94000000002,37825.0,27322.940000000017,5
589,2485,140,320,0,320,280,30,10,95,95,0,95,415,55,34933.86,39100.0,-4166.14,5
590,2485,155,310,0,310,295,0,15,100,100,0,100,445,100,59240.79000000001,39525.0,19715.790000000008,5
591,2485,165,310,0,310,290,0,20,80,80,0,80,450,45,23272.920000000006,40375.0,-17102.079999999994,5
592,2485,290,245,0,245,225,5,15,80,80,0,80,510,85,60653.43000000001,45475.0,15178.430000000008,5
593,2485,115,330,0,330,285,10,35,85,85,0,80,395,95,57795.97500000002,37825.0,19970.975000000017,5
594,2485,105,330,0,330,285,45,0,105,105,0,100,385,45,28120.950000000004,36975.0,-8854.049999999997,5
595,2485,135,305,0,305,230,40,35,95,95,0,95,360,105,68614.56,37400.0,31214.56,5
596,2485,90,350,0,350,270,70,10,85,85,0,85,355,110,81670.49015625,37400.0,44270.49015625001,5
597,2485,165,325,0,325,300,20,5,70,70,0,70,460,45,24592.5,41650.0,-17057.5,5
598,2485,85,355,0,355,305,25,25,80,80,0,80,385,50,29992.230000000003,37400.0,-7407.769999999996,5
599,2485,80,365,0,365,335,30,0,55,55,0,55,410,30,16419.06,37825.0,-21405.940000000002,5
600,2485,195,295,0,295,280,0,15,95,95,0,95,470,75,50298.27750000001,41650.0,8648.277500000013,5
601,2485,170,295,0,295,275,10,10,105,105,0,105,440,80,45970.38000000001,39525.0,6445.380000000014,5
602,2485,230,285,0,285,250,15,20,90,90,0,90,475,75,44113.950000000004,43775.0,338.95000000000437,5
603,2485,140,315,0,315,305,5,5,90,90,0,90,440,65,36363.060000000005,38675.0,-2311.939999999995,5
604,2485,175,290,0,290,280,0,10,80,80,0,80,450,50,26922.420000000002,39525.0,-12602.579999999998,5
605,2485,185,300,0,300,270,15,15,100,100,0,100,450,115,71128.17000000001,41225.0,29903.17000000001,5
606,2485,235,305,0,305,285,0,20,60,60,0,60,515,40,20966.219999999998,45900.0,-24933.780000000002,5
607,2485,190,270,0,270,265,0,5,100,100,0,100,450,110,75764.64937500001,39100.0,36664.64937500001,5
608,2485,155,310,0,310,290,20,0,90,90,0,90,440,40,21774.78,39525.0,-17750.22,5
609,2485,120,320,0,320,300,10,10,85,85,0,85,415,75,47556.22500000001,37400.0,10156.225000000013,5
610,2485,165,295,0,295,295,0,0,75,75,0,75,455,95,59443.56000000001,39100.0,20343.560000000016,5
611,2485,215,280,0,280,280,0,0,80,80,0,80,490,40,20782.260000000002,42075.0,-21292.739999999998,5
612,2485,120,330,0,330,305,0,25,70,70,0,70,420,30,15304.680000000004,38250.0,-22945.319999999996,5
613,2485,140,325,0,325,260,35,30,120,120,0,115,395,50,26955.180000000008,39525.0,-12569.81999999999,5
614,2485,135,315,0,315,290,5,20,70,70,0,70,420,50,35599.19625,38250.0,-2650.80375,5
615,2485,155,315,0,315,300,15,0,85,85,0,85,450,55,31842.720000000005,39950.0,-8107.279999999996,5
616,2485,135,325,0,325,295,0,30,75,75,0,75,425,95,61275.10500000001,39100.0,22175.10500000001,5
617,2485,120,330,0,330,305,5,20,80,80,0,80,420,60,34419.87000000001,38250.0,-3830.12999999999,5
618,2485,195,265,0,265,260,5,0,115,115,0,115,450,70,44073.54000000001,39100.0,4973.540000000012,5
619,2485,175,310,0,310,285,0,25,90,90,0,90,455,75,48326.76,41225.0,7101.760000000004,5
620,2485,140,335,0,335,290,25,20,75,75,0,75,425,85,51095.790000000015,40375.0,10720.790000000015,5
621,2485,215,265,0,265,255,0,10,90,90,0,85,465,100,62164.350000000006,40800.0,21364.350000000006,5
622,2485,130,325,0,325,290,25,10,80,80,0,80,415,85,58087.46250000001,38675.0,19412.46250000001,5
623,2485,145,290,0,290,260,25,5,115,115,0,110,400,80,52174.912500000006,36975.0,15199.91250000001,5
624,2485,185,295,0,295,275,10,10,90,90,0,90,455,35,18921.420000000002,40800.0,-21878.579999999998,5
625,2485,125,310,0,310,290,5,15,85,85,0,85,410,85,54746.37000000001,36975.0,17771.370000000006,5
626,2485,220,290,0,290,290,0,0,80,80,0,80,505,40,23223.690000000002,43350.0,-20126.309999999998,5
627,2485,185,285,0,285,280,5,0,105,105,0,100,460,90,56882.52,39950.0,16932.519999999997,5
628,2485,85,315,0,315,285,25,5,70,70,0,70,365,60,32945.85,34000.0,-1054.1499999999996,5
629,2485,110,335,0,335,295,20,20,75,75,0,75,400,75,48559.905000000006,37825.0,10734.905000000008,5
630,2485,185,310,0,310,300,0,10,75,75,0,70,480,55,31421.790000000005,42075.0,-10653.209999999995,5
631,2485,225,250,0,250,245,0,5,105,105,0,105,465,130,98816.55750000004,40375.0,58441.55750000004,5
632,2485,260,255,0,255,245,5,5,105,105,0,105,500,95,55575.44999999999,43775.0,11800.449999999992,5
633,2485,175,275,0,275,255,5,15,90,90,0,90,425,85,55497.015000000014,38250.0,17247.01500000001,5
634,2485,140,310,0,310,310,0,0,90,90,0,90,445,85,50480.91000000001,38250.0,12230.910000000013,5
635,2485,175,310,0,310,255,40,15,95,95,0,95,425,60,39704.332500000004,41225.0,-1520.667499999995,5
636,2485,125,315,0,315,270,35,10,95,95,0,95,390,105,73559.77875,37400.0,36159.77875,5
637,2485,125,315,0,315,300,10,5,70,70,0,70,420,60,33550.74000000001,37400.0,-3849.25999999999,5
638,2485,200,260,0,260,260,0,0,105,105,0,105,455,75,46041.93,39100.0,6941.930000000002,5
639,2485,140,290,0,290,285,5,0,90,90,0,90,420,100,63741.87000000002,36550.0,27191.870000000017,5
640,2485,175,295,0,295,270,10,15,100,100,0,95,440,85,46934.46000000001,39950.0,6984.460000000008,5
641,2485,105,365,0,365,260,100,5,75,75,0,75,360,35,20040.480000000003,39950.0,-19909.519999999997,5
642,2485,155,315,0,315,275,5,35,90,90,0,90,425,70,38515.86,39950.0,-1434.1399999999976,5
643,2485,185,290,0,290,275,0,15,110,110,0,110,455,80,49948.920000000006,40375.0,9573.920000000007,5
644,2485,200,275,0,275,265,0,10,90,90,0,85,460,75,49589.280000000006,40375.0,9214.280000000008,5
645,2485,155,300,0,300,265,35,0,120,120,0,120,415,130,85424.94,38675.0,46749.94,5
646,2485,140,330,0,330,325,0,5,55,55,0,55,460,45,23882.219999999998,39950.0,-16067.780000000002,5
647,2485,165,295,0,295,265,10,20,110,110,0,105,425,45,27526.230000000003,39100.0,-11573.769999999995,5
648,2485,135,325,0,325,285,0,40,65,65,0,65,415,40,21387.24,39100.0,-17712.76,5
649,2485,165,295,0,295,285,0,10,95,95,0,95,445,85,60923.86875000001,39100.0,21823.86875000001,5
650,2485,140,320,0,320,270,50,0,105,105,0,105,405,60,38005.717500000006,39100.0,-1094.2824999999948,5
651,2485,165,300,0,300,270,30,0,105,105,0,105,430,35,20328.840000000004,39525.0,-19196.159999999996,5
652,2485,160,290,0,290,285,0,5,95,95,0,95,440,125,85128.94546875003,38250.0,46878.945468750026,5
653,2485,195,310,0,310,235,60,15,105,105,0,105,425,125,79646.64750000002,42925.0,36721.64750000002,5
654,2485,185,295,0,295,275,10,10,85,85,0,85,455,60,34941.060000000005,40800.0,-5858.939999999993,5
655,2485,165,300,0,300,290,0,10,110,110,0,110,450,65,37440.630000000005,39525.0,-2084.3699999999944,5
656,2485,125,320,0,320,310,0,10,85,85,0,85,430,80,51037.71750000001,37825.0,13212.717500000017,5
657,2485,170,310,0,310,305,0,5,65,65,0,65,470,50,30577.050000000003,40800.0,-10222.949999999997,5
658,2485,145,320,0,320,305,5,10,100,100,0,100,445,55,28172.88,39525.0,-11352.119999999999,5
659,2485,140,315,0,315,255,50,10,120,120,0,120,390,80,43552.259999999995,38675.0,4877.259999999997,5
660,2485,170,315,0,315,240,40,35,125,125,0,120,405,105,62593.65000000001,41225.0,21368.65000000001,5
661,2485,160,290,0,290,250,40,0,110,110,0,110,405,100,66542.8275,38250.0,28292.827500000003,5
662,2485,150,305,0,305,270,25,10,90,90,0,90,415,80,53028.045,38675.0,14353.045000000002,5
663,2485,150,310,0,310,300,0,10,90,90,0,85,445,70,42084.22500000001,39100.0,2984.225000000015,5
664,2485,130,325,0,325,290,20,15,110,110,0,110,415,75,42031.8,38675.0,3356.800000000003,5
665,2485,135,310,0,310,285,5,20,100,100,0,100,415,80,49651.785,37825.0,11826.785,5
666,2485,175,295,0,295,290,0,5,80,80,0,80,460,75,45934.29000000002,39950.0,5984.290000000019,5
667,2485,120,300,0,300,240,60,0,105,105,0,105,355,105,67551.93000000002,35700.0,31851.930000000022,5
668,2485,155,320,0,320,310,0,10,95,95,0,90,460,105,67803.57,40375.0,27428.570000000007,5
669,2485,190,285,0,285,280,0,5,100,100,0,100,465,65,41802.795000000006,40375.0,1427.7950000000055,5
670,2485,155,305,0,305,280,25,0,85,85,0,85,430,65,39804.39000000001,39100.0,704.3900000000076,5
671,2485,150,310,0,310,275,15,20,100,100,0,100,420,125,87258.22875000004,39100.0,48158.22875000004,5
672,2485,90,340,0,340,315,20,5,70,70,0,70,400,55,29592.54,36550.0,-6957.460000000001,5
673,2485,195,275,0,275,275,0,0,100,100,0,100,465,55,30953.520000000004,39950.0,-8996.479999999996,5
674,2485,140,315,0,315,290,15,10,100,100,0,100,425,75,46985.80500000001,38675.0,8310.80500000001,5
675,2485,85,360,0,360,295,30,35,75,75,0,75,375,95,69665.38875,37825.0,31840.388750000002,5
676,2485,160,325,0,325,275,15,35,110,110,0,110,430,80,46068.57,41225.0,4843.57,5
677,2485,195,315,0,315,315,0,0,65,65,0,65,505,55,29513.160000000003,43350.0,-13836.839999999997,5
678,2485,95,350,0,350,285,55,10,90,90,0,90,375,65,40205.925,37825.0,2380.9250000000065,5
679,2485,155,280,0,280,220,50,10,115,115,0,115,370,145,97633.50750000004,36975.0,60658.507500000036,5
680,2485,120,310,0,310,295,15,0,70,70,0,70,410,95,65256.8175,36550.0,28706.817499999997,5
681,2485,155,305,0,305,300,0,5,75,75,0,75,450,55,34755.345,39100.0,-4344.654999999998,5
682,2485,150,295,0,295,290,0,5,75,75,0,75,435,130,95570.26875000002,37825.0,57745.26875000002,5
683,2485,185,295,0,295,290,0,5,85,85,0,85,470,45,26197.380000000005,40800.0,-14602.619999999997,5
684,2485,180,290,0,290,285,5,0,95,95,0,95,460,90,52716.60000000002,39950.0,12766.600000000017,5
685,2485,150,305,0,305,295,5,5,105,105,0,105,440,110,70639.065,38675.0,31964.065000000002,5
686,2485,140,315,0,315,275,5,35,95,95,0,95,410,75,46263.51000000002,38675.0,7588.510000000015,5
687,2485,90,360,0,360,310,25,25,75,75,0,75,395,55,33609.33,38250.0,-4640.67,5
688,2485,125,335,0,335,275,60,0,85,85,0,85,395,80,51721.06500000001,39100.0,12621.065000000008,5
689,2485,105,335,0,335,295,5,35,85,85,0,85,395,50,32069.700000000008,37400.0,-5330.299999999993,5
690,2485,165,305,0,305,225,50,30,120,120,0,115,385,95,57720.15000000001,39950.0,17770.150000000012,5
691,2485,160,300,0,300,255,0,45,60,60,0,60,410,40,23285.340000000004,39100.0,-15814.659999999994,5
692,2485,115,350,0,350,300,30,20,95,95,0,95,410,40,20270.16,39525.0,-19254.84,5
693,2485,155,315,0,315,260,35,20,105,105,0,100,410,110,66797.19,39950.0,26847.19000000001,5
694,2485,135,320,0,320,315,5,0,90,90,0,90,445,65,44598.48750000001,38675.0,5923.48750000001,5
695,2485,125,320,0,320,305,15,0,80,80,0,80,425,75,49495.095,37825.0,11670.095000000001,5
696,2485,140,330,0,330,290,40,0,100,100,0,100,425,140,98339.80921875,39950.0,58389.80921875,5
697,2485,185,310,0,310,300,5,5,80,80,0,80,480,60,35847.49500000001,42075.0,-6227.504999999992,5
698,2485,200,300,0,300,255,15,30,110,110,0,110,450,55,29410.020000000004,42500.0,-13089.979999999996,5
699,2485,95,340,0,340,315,15,10,70,70,0,70,405,55,33785.369999999995,36975.0,-3189.630000000002,5
700,2485,190,300,0,300,235,40,25,125,125,0,125,420,50,26123.040000000005,41650.0,-15526.959999999995,5
701,2485,100,360,0,360,325,25,10,75,75,0,75,420,40,21445.740000000005,39100.0,-17654.259999999995,5
702,2485,240,285,0,285,280,0,5,60,60,0,55,515,50,31480.965000000004,44625.0,-13144.034999999994,5
703,2485,220,310,0,310,300,0,10,50,50,0,50,515,20,11590.020000000002,45050.0,-33459.979999999996,5
704,2485,150,285,0,285,255,25,5,110,110,0,110,400,45,25039.440000000002,36975.0,-11935.559999999996,5
705,2485,105,340,0,340,280,55,5,100,100,0,100,380,85,50313.51000000001,37825.0,12488.510000000006,5
706,2485,145,315,0,315,275,15,25,80,80,0,80,415,70,40411.35000000001,39100.0,1311.3500000000113,5
707,2485,135,335,0,335,265,30,40,105,105,0,105,395,70,40493.880000000005,39950.0,543.8800000000037,5
708,2485,125,335,0,335,310,5,20,70,70,0,70,430,85,53048.79000000001,39100.0,13948.790000000008,5
709,2485,145,305,0,305,285,10,10,90,90,0,85,425,60,38772.90000000001,38250.0,522.9000000000087,5
710,2485,245,275,0,275,270,5,0,70,70,0,70,510,50,33809.2425,44200.0,-10390.7575,5
711,2485,145,310,0,310,305,0,5,80,80,0,80,445,70,43656.390000000014,38675.0,4981.39000000001,5
712,2485,250,235,0,235,215,5,15,120,120,0,120,460,115,74312.59500000002,41225.0,33087.59500000001,5
713,2485,170,305,0,305,275,0,30,85,85,0,85,440,45,22213.800000000003,40375.0,-18161.199999999997,5
714,2485,125,310,0,310,270,35,5,100,100,0,100,390,105,70219.33875000001,36975.0,33244.33875000001,5
715,2485,230,250,0,250,235,0,15,130,130,0,130,460,120,78834.89250000002,40800.0,38034.89250000002,5
716,2485,130,315,0,315,240,40,35,110,110,0,110,365,150,99739.30500000001,37825.0,61914.30500000001,5
717,2485,85,350,0,350,320,10,20,65,65,0,65,400,40,20677.320000000003,36975.0,-16297.679999999997,5
718,2485,205,295,0,295,230,30,35,105,105,0,105,430,65,35133.3,42500.0,-7366.700000000001,5
719,2485,160,300,0,300,285,0,15,65,65,0,65,440,60,37357.65,39100.0,-1742.3500000000013,5
720,2485,140,325,0,325,265,55,5,95,95,0,90,400,50,28271.7,39525.0,-11253.3,5
721,2485,160,325,0,325,295,10,20,80,80,0,80,450,60,39132.02250000001,41225.0,-2092.9774999999972,5
722,2485,165,310,0,310,255,40,15,100,100,0,100,415,130,90641.92500000003,40375.0,50266.92500000003,5
723,2485,170,295,0,295,280,5,10,90,90,0,90,445,60,32534.82,39525.0,-6990.18,5
724,2485,95,330,0,330,320,5,5,80,80,0,80,410,70,42254.64000000001,36125.0,6129.6400000000085,5
725,2485,125,315,0,315,265,30,20,85,85,0,80,385,85,55178.10000000001,37400.0,17778.100000000013,5
726,2485,125,325,0,325,325,0,0,80,80,0,80,445,55,28780.56,38250.0,-9469.439999999999,5
727,2485,105,330,0,330,260,25,45,85,85,0,85,360,125,91097.06625,36975.0,54122.06625,5
728,2485,210,280,0,280,215,35,30,150,150,0,150,420,135,79263.99000000002,41650.0,37613.99000000001,5
729,2485,175,305,0,305,290,5,10,95,95,0,95,460,85,55175.76000000002,40800.0,14375.760000000018,5
730,2485,115,360,0,360,270,90,0,100,100,0,100,380,70,39600.0,40375.0,-775.0,5
731,2485,115,330,0,330,295,15,20,95,95,0,95,405,85,52629.12000000001,37825.0,14804.120000000012,5
732,2485,200,285,0,285,280,0,5,85,85,0,85,475,60,33979.05,41225.0,-7245.949999999998,5
733,2485,160,325,0,325,305,0,20,70,70,0,70,460,60,38925.0225,41225.0,-2299.9775,5
734,2485,155,315,0,315,285,10,20,70,70,0,70,435,90,62958.459375000006,39950.0,23008.459375000002,5
735,2485,235,285,0,285,285,0,0,75,75,0,75,515,70,40676.76,44200.0,-3523.239999999996,5
736,2485,115,330,0,330,265,45,20,105,105,0,105,375,65,36021.780000000006,37825.0,-1803.219999999992,5
737,2485,110,310,0,310,275,0,35,90,90,0,90,380,50,27346.140000000007,35700.0,-8353.859999999995,5
738,2485,175,325,0,325,320,0,5,55,55,0,55,490,45,23618.699999999997,42500.0,-18881.300000000003,5
739,2485,220,320,0,320,290,20,10,50,50,0,50,505,55,34050.060000000005,45900.0,-11849.939999999991,5
740,2485,185,305,0,305,290,0,15,75,75,0,75,470,35,20170.440000000002,41650.0,-21479.559999999998,5
741,2485,170,335,0,335,300,25,10,80,80,0,80,465,45,26411.760000000002,42925.0,-16513.239999999998,5
742,2485,140,310,0,310,305,0,5,65,65,0,60,440,60,39490.92,38250.0,1240.920000000001,5
743,2485,115,330,0,330,295,20,15,90,90,0,90,405,65,41770.665,37825.0,3945.664999999999,5
744,2485,195,295,0,295,285,0,10,85,85,0,85,475,95,66123.74250000001,41650.0,24473.742500000008,5
745,2485,140,305,0,305,295,0,10,95,95,0,95,430,70,41634.674999999996,37825.0,3809.6749999999975,5
746,2485,190,315,0,315,315,0,0,75,75,0,75,500,70,43550.145000000004,42925.0,625.1450000000023,5
747,2485,195,295,0,295,270,0,25,70,70,0,70,460,55,29040.300000000003,41650.0,-12609.699999999997,5
748,2485,135,320,0,320,265,10,45,110,110,0,110,395,100,62702.73000000001,38675.0,24027.73000000001,5
749,2485,175,310,0,310,255,35,20,100,100,0,95,425,90,59099.6475,41225.0,17874.6475,5
750,2485,160,265,0,265,265,0,0,110,110,0,105,420,80,47155.0275,36125.0,11030.027499999997,5
751,2485,190,265,0,265,250,10,5,100,100,0,100,435,80,48646.44,38675.0,9971.440000000002,5
752,2485,215,300,0,300,290,0,10,100,100,0,95,500,55,30335.76000000001,43775.0,-13439.23999999999,5
753,2485,215,285,0,285,280,0,5,65,65,0,65,490,100,70764.975,42500.0,28264.975000000006,5
754,2485,130,320,0,320,270,15,35,110,110,0,110,395,80,45312.3,38250.0,7062.300000000005,5
755,2485,160,285,0,285,250,25,10,115,115,0,115,405,90,62828.094375,37825.0,25003.094375,5
756,2485,165,305,0,305,255,25,25,105,105,0,105,415,65,39297.19500000001,39950.0,-652.8049999999939,5
757,2485,140,320,0,320,265,30,25,80,80,0,80,400,55,31306.140000000007,39100.0,-7793.859999999995,5
758,2485,140,295,0,295,275,10,10,110,110,0,110,410,85,55547.4375,36975.0,18572.437499999996,5
759,2485,155,300,0,300,295,0,5,65,65,0,65,445,65,43566.34500000001,38675.0,4891.34500000001,5
760,2485,110,345,0,345,310,30,5,50,50,0,50,415,45,34857.135,38675.0,-3817.864999999997,5
761,2485,95,340,0,340,315,5,20,85,85,0,85,405,60,32442.660000000003,36975.0,-4532.339999999995,5
762,2485,120,295,0,295,290,0,5,100,100,0,100,405,100,62288.09999999999,35275.0,27013.099999999995,5
763,2485,165,315,0,315,295,15,5,80,80,0,80,455,65,38522.16000000001,40800.0,-2277.839999999992,5
764,2485,185,275,0,275,270,0,5,60,60,0,60,450,60,39071.25000000001,39100.0,-28.749999999990905,5
765,2485,145,320,0,320,265,45,10,90,90,0,85,405,95,61419.262500000004,39525.0,21894.262500000004,5
766,2485,180,290,0,290,280,0,10,105,105,0,105,455,85,47379.15,39950.0,7429.15,5
767,2485,150,295,0,295,250,35,10,105,105,0,100,395,75,43907.98500000001,37825.0,6082.985000000008,5
768,2485,165,320,0,320,280,20,20,95,95,0,90,440,95,58747.275000000016,41225.0,17522.275000000016,5
769,2485,140,295,0,295,280,0,15,75,75,0,75,415,80,57688.86375000001,36975.0,20713.86375000001,5
770,2485,170,275,0,275,230,25,20,105,105,0,105,395,120,77994.90000000001,37825.0,40169.90000000001,5
771,2485,165,335,0,335,285,15,35,65,65,0,65,445,60,40671.427500000005,42500.0,-1828.5724999999957,5
772,2485,185,295,0,295,295,0,0,80,80,0,80,475,70,46041.07500000001,40800.0,5241.07500000001,5
773,2485,190,295,0,295,240,45,10,90,90,0,90,425,80,47496.150000000016,41225.0,6271.150000000016,5
774,2485,105,340,0,340,315,10,15,75,75,0,75,415,30,16462.980000000003,37825.0,-21362.019999999997,5
775,2485,130,335,0,335,300,20,15,95,95,0,95,425,50,30588.975,39525.0,-8936.025,5
776,2485,80,340,0,340,340,0,0,50,50,0,50,415,90,66043.6425,35700.0,30343.642500000005,5
777,2485,160,305,0,305,200,70,35,130,130,0,125,355,110,61323.30000000001,39525.0,21798.30000000001,5
778,2485,140,295,0,295,260,30,5,95,95,0,90,395,120,82149.3225,36975.0,45174.322499999995,5
779,2485,85,385,0,385,270,75,40,75,75,0,75,350,30,15058.980000000003,39950.0,-24891.019999999997,5
780,2485,125,300,0,300,290,10,0,95,95,0,95,410,65,35792.37,36125.0,-332.6299999999992,5
781,2485,160,310,0,310,295,0,15,90,90,0,90,450,60,32546.88,39950.0,-7403.119999999999,5
782,2485,105,355,0,355,315,20,20,70,70,0,65,415,90,63019.979999999996,39100.0,23919.979999999996,5
783,2485,160,300,0,300,260,30,10,110,110,0,110,415,85,52119.630000000005,39100.0,13019.630000000006,5
784,2485,135,345,0,345,315,15,15,70,70,0,70,445,50,30138.30000000001,40800.0,-10661.699999999992,5
785,2485,100,360,0,360,220,105,35,95,95,0,95,315,70,39879.630000000005,39100.0,779.6300000000065,5
786,2485,215,270,0,270,265,5,0,95,95,0,95,475,90,53278.11000000001,41225.0,12053.110000000006,5
787,2485,150,315,0,315,260,30,25,115,115,0,110,405,70,42103.17000000001,39525.0,2578.170000000009,5
788,2485,130,275,0,275,250,20,5,110,110,0,105,375,75,43704.72000000001,34425.0,9279.720000000007,5
789,2485,200,275,0,275,265,10,0,85,85,0,80,460,75,44416.80000000001,40375.0,4041.800000000012,5
790,2485,180,270,0,270,245,5,20,105,105,0,100,420,80,46105.47,38250.0,7855.470000000005,5
791,2485,150,295,0,295,275,5,15,105,105,0,100,420,95,60847.469999999994,37825.0,23022.469999999994,5
792,2485,80,335,0,335,305,20,10,70,70,0,70,380,60,31890.420000000006,35275.0,-3384.5799999999963,5
793,2485,160,315,0,315,290,5,20,80,80,0,80,445,60,35511.75000000001,40375.0,-4863.249999999994,5
794,2485,170,300,0,300,275,20,5,95,95,0,95,440,55,32191.11,39950.0,-7758.890000000001,5
795,2485,255,255,0,255,255,0,0,90,90,0,90,505,45,25568.550000000003,43350.0,-17781.449999999997,5
796,2485,225,270,0,270,265,0,5,95,95,0,95,485,75,50420.024999999994,42075.0,8345.024999999996,5
797,2485,130,310,0,310,270,20,20,110,110,0,110,395,110,73661.80500000001,37400.0,36261.805000000015,5
798,2485,160,310,0,310,290,15,5,70,70,0,70,445,55,33684.75,39950.0,-6265.249999999996,5
799,2485,205,275,0,275,240,10,25,80,80,0,75,440,50,29895.840000000007,40800.0,-10904.159999999993,5
800,2485,150,320,0,320,280,20,20,90,90,0,90,425,50,27684.000000000007,39950.0,-12265.999999999995,5
801,2485,195,265,0,265,245,20,0,100,100,0,100,435,125,92318.51039062502,39100.0,53218.510390625015,5
802,2485,135,315,0,315,290,15,10,70,70,0,70,420,45,26067.240000000005,38250.0,-12182.759999999995,5
803,2485,125,320,0,320,245,35,40,105,105,0,105,365,120,86377.16250000003,37825.0,48552.162500000035,5
804,2485,145,310,0,310,310,0,0,75,75,0,75,450,70,39377.7,38675.0,702.6999999999953,5
805,2485,170,320,0,320,280,10,30,90,90,0,90,445,45,25219.079999999998,41650.0,-16430.920000000002,5
806,2485,130,305,0,305,245,35,25,100,100,0,95,370,110,74051.01000000001,36975.0,37076.01000000001,5
807,2485,115,310,0,310,270,30,10,80,80,0,80,380,95,59294.92500000002,36125.0,23169.92500000002,5
808,2485,195,315,0,315,285,10,20,85,85,0,80,475,70,51044.83875000001,43350.0,7694.838750000008,5
809,2485,140,320,0,320,320,0,0,65,65,0,65,455,65,44400.780000000006,39100.0,5300.780000000004,5
810,2485,155,285,0,285,280,0,5,90,90,0,90,430,80,49275.000000000015,37400.0,11875.000000000018,5
811,2485,180,285,0,285,260,0,25,105,105,0,105,435,105,66344.91750000001,39525.0,26819.91750000001,5
812,2485,170,265,0,265,255,10,0,130,130,0,130,420,100,58369.99500000002,36975.0,21394.995000000017,5
813,2485,145,285,0,285,280,0,5,110,110,0,105,420,125,81296.12250000001,36550.0,44746.12250000001,5
814,2485,110,345,0,345,335,10,0,65,65,0,65,440,80,48250.530000000006,38675.0,9575.530000000008,5
815,2485,110,335,0,335,275,25,35,95,95,0,95,380,70,39679.380000000005,37825.0,1854.3800000000056,5
816,2485,185,315,0,315,300,0,15,65,65,0,65,480,65,42156.29250000001,42500.0,-343.70749999999134,5
817,2485,190,310,0,310,280,10,20,110,110,0,105,465,90,52572.06000000001,42500.0,10072.06000000001,5
818,2485,120,325,0,325,270,45,10,90,90,0,85,385,80,54702.99000000002,37825.0,16877.99000000002,5
819,2485,140,325,0,325,285,40,0,85,85,0,85,420,105,77167.60875,39525.0,37642.60875,5
820,2485,155,300,0,300,275,25,0,95,95,0,95,425,110,76015.26000000001,38675.0,37340.26000000001,5
821,2485,120,325,0,325,290,15,20,70,70,0,65,405,45,28600.740000000005,37825.0,-9224.259999999995,5
822,2485,160,295,0,295,285,0,10,75,75,0,75,440,50,32948.145000000004,38675.0,-5726.854999999996,5
823,2485,135,305,0,305,295,10,0,70,70,0,70,425,130,90399.92625000002,37400.0,52999.926250000026,5
824,2485,190,295,0,295,265,25,5,90,90,0,90,450,60,35517.69,41225.0,-5707.309999999998,5
825,2485,190,295,0,295,290,0,5,55,55,0,55,475,15,7507.080000000001,41225.0,-33717.92,5
826,2485,180,310,0,310,250,35,25,90,90,0,90,425,55,35144.01,41650.0,-6505.989999999997,5
827,2485,130,330,0,330,285,10,35,95,95,0,90,410,45,24177.420000000002,39100.0,-14922.579999999998,5
828,2485,180,300,0,300,270,5,25,100,100,0,100,445,45,25374.96,40800.0,-15425.039999999999,5
829,2485,200,270,0,270,270,0,0,90,90,0,90,465,60,31763.340000000004,39950.0,-8186.659999999997,5
830,2485,115,310,0,310,290,20,0,65,65,0,65,400,110,88515.72562500004,36125.0,52390.725625000036,5
831,2485,205,280,0,280,275,0,5,75,75,0,70,475,55,31788.090000000004,41225.0,-9436.909999999998,5
832,2485,215,280,0,280,280,0,0,80,80,0,80,490,110,70855.6275,42075.0,28780.62750000001,5
833,2485,125,320,0,320,290,10,20,90,90,0,85,410,85,52853.22,37825.0,15028.220000000001,5
834,2485,170,300,0,300,300,0,0,85,85,0,85,465,110,73435.71375000001,39950.0,33485.71375,5
835,2485,215,245,0,245,240,5,0,145,145,0,140,450,100,64246.63500000001,39100.0,25146.635000000006,5
836,2485,155,305,0,305,270,15,20,95,95,0,90,420,45,23529.780000000006,39100.0,-15570.219999999994,5
837,2485,125,315,0,315,305,5,5,80,80,0,80,425,80,52512.705,37400.0,15112.705000000005,5
838,2485,160,325,0,325,325,0,0,65,65,0,65,480,65,41645.74500000001,41225.0,420.74500000000626,5
839,2485,185,285,0,285,280,5,0,85,85,0,85,460,55,35306.73000000001,39950.0,-4643.269999999993,5
840,2485,165,315,0,315,290,5,20,60,60,0,60,450,65,48000.56625,40800.0,7200.566250000002,5
841,2485,140,285,0,285,260,25,0,115,115,0,115,395,100,65301.91875000001,36125.0,29176.91875000001,5
842,2485,185,285,0,285,280,5,0,85,85,0,85,460,95,65342.30625000002,39950.0,25392.30625000002,5
843,2485,170,290,0,290,260,30,0,85,85,0,85,425,75,42526.350000000006,39100.0,3426.350000000002,5
844,2485,160,315,0,315,255,20,40,85,85,0,80,410,50,28492.200000000008,40375.0,-11882.799999999992,5
845,2485,100,335,0,335,310,25,0,65,65,0,65,405,50,33183.54,36975.0,-3791.4599999999973,5
846,2485,170,280,0,280,260,15,5,100,100,0,100,425,75,49337.19,38250.0,11087.19,5
847,2485,200,295,0,295,295,0,0,90,90,0,90,490,85,52365.015000000014,42075.0,10290.015000000012,5
848,2485,125,320,0,320,290,20,10,80,80,0,80,410,75,48201.952500000014,37825.0,10376.952500000016,5
849,2485,180,300,0,300,280,5,15,90,90,0,90,455,75,47553.21000000001,40800.0,6753.210000000008,5
850,2485,125,325,0,325,305,15,5,85,85,0,85,425,110,74815.785,38250.0,36565.785,5
851,2485,180,290,0,290,285,0,5,85,85,0,85,460,80,50555.61000000001,39950.0,10605.610000000006,5
852,2485,145,300,0,300,275,10,15,80,80,0,80,415,115,75177.7875,37825.0,37352.787500000006,5
853,2485,130,305,0,305,270,20,15,115,115,0,115,395,65,34489.62,36975.0,-2485.38,5
854,2485,195,280,0,280,270,5,5,100,100,0,100,460,50,28868.49,40375.0,-11506.509999999998,5
855,2485,130,315,0,315,275,5,35,90,90,0,85,400,55,32777.01,37825.0,-5047.989999999995,5
856,2485,185,290,0,290,280,10,0,80,80,0,80,460,60,36600.66,40375.0,-3774.3399999999974,5
857,2485,145,320,0,320,290,20,10,85,85,0,85,430,30,16036.560000000001,39525.0,-23488.440000000002,5
858,2485,205,310,0,310,275,30,5,110,110,0,110,475,45,24334.020000000004,43775.0,-19440.979999999996,5
859,2485,130,330,0,330,290,20,20,90,90,0,90,415,80,50195.655000000006,39100.0,11095.655000000006,5
860,2485,200,285,0,285,275,5,5,110,110,0,105,470,75,45192.78,41225.0,3967.7800000000025,5
861,2485,155,275,0,275,265,10,0,105,105,0,105,415,130,90213.6065625,36550.0,53663.606562500005,5
862,2485,105,320,0,320,300,15,5,75,75,0,75,400,80,49181.670000000006,36125.0,13056.670000000004,5
863,2485,120,315,0,315,275,30,10,105,105,0,105,390,80,45087.840000000004,36975.0,8112.840000000006,5
864,2485,145,325,0,325,305,0,20,75,75,0,75,445,50,32332.97250000001,39950.0,-7617.02749999999,5
865,2485,135,335,0,335,305,5,25,70,70,0,70,435,60,34857.9,39950.0,-5092.099999999996,5
866,2485,175,295,0,295,290,0,5,75,75,0,75,460,60,34341.57000000001,39950.0,-5608.429999999989,5
867,2485,125,305,0,305,265,0,40,110,110,0,105,385,125,74441.34000000003,36550.0,37891.34000000002,5
868,2485,155,325,0,325,325,0,0,55,55,0,55,475,30,16769.520000000004,40800.0,-24030.479999999996,5
869,2485,160,300,0,300,285,0,15,110,110,0,110,440,95,55152.45000000002,39100.0,16052.450000000017,5
870,2485,130,335,0,335,315,0,20,70,70,0,70,440,55,36718.065,39525.0,-2806.9349999999986,5
871,2485,125,325,0,325,300,25,0,80,80,0,80,420,65,36513.9,38250.0,-1736.0999999999967,5
872,2485,145,300,0,300,280,20,0,85,85,0,85,420,105,67320.94500000002,37825.0,29495.94500000002,5
873,2485,175,300,0,300,250,30,20,100,100,0,100,420,95,62007.569999999985,40375.0,21632.569999999985,5
874,2485,100,390,0,390,215,145,30,100,100,0,95,310,60,36353.79000000001,41650.0,-5296.209999999992,5
875,2485,200,305,0,305,280,0,25,70,70,0,70,475,40,22186.260000000002,42925.0,-20738.739999999998,5
876,2485,170,310,0,310,310,0,0,65,65,0,65,475,60,36557.73,40800.0,-4242.269999999999,5
877,2485,130,315,0,315,285,10,20,105,105,0,100,410,75,47473.560000000005,37825.0,9648.560000000007,5
878,2485,245,255,0,255,245,5,5,115,115,0,115,485,105,68389.56000000001,42500.0,25889.560000000012,5
879,2485,200,300,0,300,285,10,5,70,70,0,65,480,65,39380.490000000005,42500.0,-3119.509999999991,5
880,2485,190,280,0,280,275,0,5,65,65,0,65,460,65,43006.50000000001,39950.0,3056.5000000000055,5
881,2485,195,295,0,295,275,20,0,90,90,0,90,465,85,56187.202500000014,41650.0,14537.202500000012,5
882,2485,115,310,0,310,280,20,10,80,80,0,80,390,65,42898.5,36125.0,6773.500000000004,5
883,2485,165,320,0,320,285,10,25,75,75,0,75,445,90,57347.28000000002,41225.0,16122.280000000019,5
884,2485,200,270,0,270,260,0,10,125,125,0,125,455,115,73912.23000000001,39950.0,33962.23000000001,5
885,2485,130,315,0,315,270,30,15,80,80,0,80,395,40,24439.770000000004,37825.0,-13385.229999999996,5
886,2485,185,290,0,290,280,0,10,85,85,0,85,460,90,53382.24000000002,40375.0,13007.24000000002,5
887,2485,135,325,0,325,325,0,0,70,70,0,70,455,60,34831.26,39100.0,-4268.739999999998,5
888,2485,155,325,0,325,320,5,0,90,90,0,90,470,60,32370.300000000003,40800.0,-8429.699999999997,5
889,2485,135,335,0,335,305,10,20,70,70,0,70,435,80,55597.38750000001,39950.0,15647.387500000013,5
890,2485,185,280,0,280,260,15,5,105,105,0,100,440,110,77352.8175,39525.0,37827.81750000001,5
891,2485,180,290,0,290,270,0,20,85,85,0,85,445,70,41733.630000000005,39950.0,1783.6300000000028,5
892,2485,135,305,0,305,275,10,20,130,130,0,125,405,80,44175.060000000005,37400.0,6775.060000000003,5
893,2485,200,295,0,295,295,0,0,60,60,0,60,490,70,44803.70999999999,42075.0,2728.709999999992,5
894,2485,215,250,0,250,225,0,25,100,100,0,100,435,60,32558.22,39525.0,-6966.779999999999,5
895,2485,175,330,0,330,285,10,35,90,90,0,90,455,50,29528.370000000003,42925.0,-13396.629999999996,5
896,2485,190,260,0,260,255,0,5,100,100,0,100,440,85,54431.84250000001,38250.0,16181.842500000012,5
897,2485,115,325,0,325,315,5,5,85,85,0,85,425,55,35019.72,37400.0,-2380.279999999998,5
898,2485,185,285,0,285,270,15,0,80,80,0,80,450,90,57674.250000000015,39950.0,17724.25000000001,5
899,2485,175,300,0,300,285,0,15,95,95,0,95,455,70,37918.62,40375.0,-2456.3799999999947,5
900,2485,185,290,0,290,195,95,0,120,120,0,120,375,115,70282.71000000002,40375.0,29907.710000000025,5
901,2485,135,300,0,300,270,5,25,85,85,0,85,400,95,69569.16750000001,36975.0,32594.167500000003,5
902,2485,125,330,0,330,290,25,15,75,75,0,75,410,70,47786.22,38675.0,9111.220000000003,5
903,2485,120,315,0,315,265,40,10,90,90,0,85,380,75,44362.62000000002,36975.0,7387.620000000015,5
904,2485,150,335,0,335,290,20,25,80,80,0,80,435,65,36132.12,41225.0,-5092.879999999996,5
905,2485,210,265,0,265,250,15,0,130,130,0,130,455,95,60838.200000000026,40375.0,20463.200000000026,5
906,2485,135,330,0,330,320,5,5,80,80,0,80,450,60,33936.48,39525.0,-5588.519999999994,5
907,2485,160,320,0,320,315,0,5,70,70,0,70,470,90,53659.17000000001,40800.0,12859.170000000013,5
908,2485,130,300,0,300,275,15,10,110,110,0,110,400,95,57742.92000000001,36550.0,21192.920000000013,5
909,2485,225,260,0,260,255,0,5,90,90,0,90,475,105,68814.24750000001,41225.0,27589.247500000012,5
910,2485,125,345,0,345,275,40,30,75,75,0,70,395,50,32408.73,39950.0,-7541.2699999999995,5
911,2485,140,330,0,330,265,65,0,115,115,0,115,400,55,29704.68,39950.0,-10245.320000000002,5
912,2485,175,300,0,300,260,0,40,110,110,0,105,430,80,49959.765,40375.0,9584.764999999998,5
913,2485,120,320,0,320,275,40,5,90,90,0,90,390,90,58154.580000000016,37400.0,20754.580000000016,5
914,2485,130,315,0,315,285,15,15,80,80,0,80,410,55,31042.260000000006,37825.0,-6782.739999999994,5
915,2485,175,300,0,300,290,0,10,90,90,0,90,460,80,48620.25000000001,40375.0,8245.250000000005,5
916,2485,190,300,0,300,260,20,20,95,95,0,95,445,55,31082.130000000005,41650.0,-10567.869999999994,5
917,2485,260,245,0,245,230,0,15,125,125,0,125,485,95,62516.497500000005,42925.0,19591.497500000005,5
918,2485,125,340,0,340,335,0,5,50,50,0,50,455,45,32932.78875000001,39525.0,-6592.211249999996,5
919,2485,145,330,0,330,300,0,30,75,75,0,75,440,50,27989.370000000003,40375.0,-12385.629999999997,5
920,2485,125,340,0,340,320,10,10,75,75,0,75,440,25,12687.480000000003,39525.0,-26837.519999999997,5
921,2485,105,340,0,340,305,20,15,100,100,0,100,405,60,35296.83,37825.0,-2528.17,5
922,2485,165,300,0,300,245,30,25,125,125,0,125,405,120,72484.29000000002,39525.0,32959.29000000003,5
923,2485,115,315,0,315,265,35,15,110,110,0,110,375,150,96689.83500000004,36550.0,60139.835000000036,5
924,2485,165,320,0,320,305,5,10,75,75,0,75,465,45,22437.000000000004,41225.0,-18787.999999999996,5
925,2485,210,260,0,260,240,0,20,95,95,0,90,445,100,70622.21250000001,39950.0,30672.212500000016,5
926,2485,85,345,0,345,265,35,45,75,75,0,75,345,60,37737.72000000001,36550.0,1187.7200000000084,5
927,2485,125,325,0,325,300,0,25,85,85,0,85,420,45,24437.88000000001,38250.0,-13812.119999999992,5
928,2485,190,280,0,280,265,15,0,115,115,0,115,450,75,45185.76,39950.0,5235.76,5
929,2485,135,335,0,335,315,0,20,70,70,0,70,445,50,34572.28500000001,39950.0,-5377.714999999989,5
930,2485,205,290,0,290,275,10,5,60,60,0,60,475,65,41970.375,42075.0,-104.62499999999636,5
931,2485,80,350,0,350,325,15,10,65,65,0,65,400,55,30489.480000000003,36550.0,-6060.519999999997,5
932,2485,150,325,0,325,280,0,45,75,75,0,75,425,45,26555.580000000005,40375.0,-13819.419999999995,5
933,2485,125,340,0,340,305,35,0,50,50,0,50,425,60,46184.3775,39525.0,6659.3775000000005,5
934,2485,195,305,0,305,295,5,5,90,90,0,90,485,75,43529.310000000005,42500.0,1029.310000000005,5
935,2485,170,320,0,320,290,15,15,95,95,0,95,455,50,28797.930000000008,41650.0,-12852.069999999994,5
936,2485,200,295,0,295,255,5,35,80,80,0,80,450,105,75654.50625,42075.0,33579.50625000001,5
937,2485,160,320,0,320,300,15,5,95,95,0,95,455,65,37600.74,40800.0,-3199.2599999999993,5
938,2485,135,315,0,315,245,35,35,80,80,0,80,375,120,81857.29500000001,38250.0,43607.29500000001,5
939,2485,130,310,0,310,260,25,25,85,85,0,80,385,120,81595.98562500002,37400.0,44195.98562500002,5
940,2485,165,300,0,300,280,0,20,95,95,0,90,440,60,31120.2,39525.0,-8404.8,5
941,2485,170,285,0,285,255,15,15,120,120,0,120,420,90,52362.72000000001,38675.0,13687.720000000008,5
942,2485,145,295,0,295,290,5,0,90,90,0,90,430,70,42187.5,37400.0,4787.5,5
943,2485,130,325,0,325,320,5,0,70,70,0,65,445,70,44871.457500000004,38675.0,6196.457500000006,5
944,2485,205,300,0,300,260,0,40,75,75,0,75,460,55,31068.99000000001,42925.0,-11856.009999999991,5
945,2485,180,290,0,290,285,5,0,95,95,0,95,460,60,36744.93000000001,39950.0,-3205.0699999999915,5
946,2485,120,345,0,345,320,20,5,60,60,0,60,435,25,12555.720000000001,39525.0,-26969.28,5
947,2485,160,310,0,310,220,65,25,125,125,0,125,375,80,42200.46000000001,39950.0,2250.4600000000028,5
948,2485,185,295,0,295,295,0,0,75,75,0,75,475,55,34235.37,40800.0,-6564.629999999997,5
949,2485,125,325,0,325,310,10,5,90,90,0,90,430,95,57751.96500000002,38250.0,19501.96500000002,5
950,2485,185,300,0,300,290,5,5,85,85,0,85,470,85,53341.24500000002,41225.0,12116.245000000017,5
951,2485,170,305,0,305,265,25,15,95,95,0,95,430,115,73873.75500000003,40375.0,33498.75500000003,5
952,2485,160,325,0,325,275,15,35,70,70,0,70,430,60,38389.52250000001,41225.0,-2835.4774999999927,5
953,2485,165,315,0,315,310,5,0,65,65,0,65,470,55,33826.23,40800.0,-6973.769999999995,5
954,2485,180,295,0,295,260,20,15,115,115,0,115,435,115,75544.51500000001,40375.0,35169.51500000002,5
955,2485,105,330,0,330,310,10,10,85,85,0,80,410,60,34282.62000000001,36975.0,-2692.379999999989,5
956,2485,220,280,0,280,275,0,5,80,80,0,80,490,60,35392.50000000001,42500.0,-7107.499999999995,5
957,2485,150,310,0,310,300,10,0,95,95,0,95,445,85,49654.26,39100.0,10554.260000000004,5
958,2485,140,285,0,285,280,5,0,105,105,0,105,415,75,43332.210000000014,36125.0,7207.210000000014,5
959,2485,145,310,0,310,285,10,15,105,105,0,105,425,75,43769.43,38675.0,5094.430000000002,5
960,2485,135,320,0,320,320,0,0,65,65,0,65,450,50,26530.200000000004,38675.0,-12144.799999999996,5
961,2485,200,290,0,290,245,20,25,110,110,0,110,440,80,44962.47,41650.0,3312.470000000003,5
962,2485,175,285,0,285,250,20,15,85,85,0,85,420,95,61339.34250000002,39100.0,22239.34250000002,5
963,2485,155,290,0,290,275,10,5,70,70,0,70,425,70,42224.715000000004,37825.0,4399.715000000006,5
964,2485,120,335,0,335,270,55,10,80,80,0,75,385,80,49025.970000000016,38675.0,10350.970000000016,5
965,2485,205,320,0,320,250,50,20,110,110,0,110,450,55,28543.320000000003,44625.0,-16081.679999999997,5
966,2485,145,310,0,310,290,0,20,95,95,0,95,430,50,29398.68,38675.0,-9276.32,5
967,2485,180,285,0,285,280,0,5,80,80,0,80,455,70,38843.37,39525.0,-681.6299999999956,5
968,2485,95,340,0,340,315,10,15,60,60,0,60,405,60,41135.24250000001,36975.0,4160.242500000004,5
969,2485,210,295,0,295,285,5,5,60,60,0,60,490,70,43529.40000000001,42925.0,604.4000000000051,5
970,2485,210,285,0,285,265,20,0,80,80,0,75,470,60,34753.50000000001,42075.0,-7321.499999999992,5
971,2485,145,315,0,315,235,65,15,95,95,0,95,375,130,85623.35625,39100.0,46523.35625,5
972,2485,120,350,0,350,280,40,30,100,100,0,100,395,70,39072.06,39950.0,-877.9399999999987,5
973,2485,175,290,0,290,275,0,15,100,100,0,95,445,75,42513.66,39525.0,2988.66,5
974,2485,160,315,0,315,295,10,10,55,55,0,55,450,75,55029.245625,40375.0,14654.245625000003,5
975,2485,135,305,0,305,240,60,5,115,115,0,115,370,70,44169.435000000005,37400.0,6769.435000000003,5
976,2485,160,310,0,310,295,0,15,75,75,0,75,450,40,21467.700000000004,39950.0,-18482.299999999996,5
977,2485,130,310,0,310,300,5,5,90,90,0,90,425,65,37088.19,37400.0,-311.80999999999585,5
978,2485,135,295,0,295,265,25,5,115,115,0,115,395,125,84259.299375,36550.0,47709.29937500001,5
979,2485,100,330,0,330,325,0,5,65,65,0,60,420,45,27585.540000000005,36550.0,-8964.459999999995,5
980,2485,120,330,0,330,310,10,10,85,85,0,85,425,30,16435.620000000003,38250.0,-21814.379999999997,5
981,2485,170,320,0,320,295,10,15,80,80,0,80,460,95,79842.08926757815,41650.0,38192.08926757815,5
982,2485,95,350,0,350,290,45,15,90,90,0,90,380,80,52415.20125,37825.0,14590.20125,5
983,2485,190,295,0,295,265,0,30,85,85,0,85,450,70,44189.41500000001,41225.0,2964.415000000008,5
984,2485,150,305,0,305,290,10,5,80,80,0,80,435,95,62851.84875,38675.0,24176.848749999997,5
985,2485,190,300,0,300,300,0,0,65,65,0,65,485,65,40106.97,41650.0,-1543.0299999999988,5
986,2485,175,295,0,295,250,35,10,110,110,0,110,420,85,50249.52000000001,39950.0,10299.520000000011,5
987,2485,190,280,0,280,270,0,10,95,95,0,95,455,65,37971.719999999994,39950.0,-1978.2800000000043,5
988,2485,140,310,0,310,260,40,10,100,100,0,100,395,105,68236.51500000001,38250.0,29986.515000000018,5
989,2485,145,275,0,275,240,30,5,95,95,0,95,380,150,103056.01031250002,35700.0,67356.01031250002,5
990,2485,205,285,0,285,255,0,30,80,80,0,80,455,75,47480.26500000001,41650.0,5830.2650000000085,5
991,2485,155,315,0,315,285,10,20,100,100,0,95,435,65,36331.920000000006,39950.0,-3618.0799999999954,5
992,2485,140,330,0,330,300,0,30,80,80,0,80,435,40,21930.300000000007,39950.0,-18019.699999999993,5
993,2485,110,345,0,345,320,20,5,85,85,0,85,425,65,38062.17,38675.0,-612.8300000000036,5
994,2485,220,260,0,260,250,10,0,90,90,0,90,465,50,33651.6075,40800.0,-7148.3925,5
995,2485,150,320,0,320,275,40,5,100,100,0,95,420,50,32429.29499999999,39950.0,-7520.705000000007,5
996,2485,125,305,0,305,280,5,20,80,80,0,80,400,80,52000.604999999996,36550.0,15450.604999999996,5
997,2485,165,295,0,295,270,5,20,80,80,0,80,430,55,32269.770000000004,39100.0,-6830.229999999997,5
998,2485,175,305,0,305,290,10,5,95,95,0,95,460,55,31747.140000000003,40800.0,-9052.859999999997,5
999,2485,130,300,0,300,255,30,15,110,110,0,105,380,95,60097.86000000001,36550.0,23547.860000000008,5
1000,2485,175,305,0,305,300,0,5,75,75,0,75,470,65,35373.96,40800.0,-5426.039999999998,5
1001,2485,125,300,0,300,300,0,0,80,80,0,80,420,75,44270.640000000014,36125.0,8145.640000000012,5
1002,2485,95,315,0,315,315,0,0,80,80,0,80,405,50,29082.960000000003,34850.0,-5767.039999999997,5
1003,2485,120,325,0,325,305,10,10,100,100,0,100,420,95,59823.675,37825.0,21998.675000000003,5
1004,2485,115,330,0,330,300,30,0,90,90,0,90,410,90,55045.71000000003,37825.0,17220.71000000003,5
1005,2485,125,335,0,335,310,0,25,75,75,0,75,430,55,31863.780000000002,39100.0,-7236.219999999998,5
1006,2485,90,360,0,360,320,30,10,90,90,0,85,405,50,26383.860000000004,38250.0,-11866.139999999996,5
1007,2485,150,310,0,310,250,25,35,90,90,0,90,395,110,76377.00375,39100.0,37277.00375,5
1008,2485,180,305,0,305,270,25,10,90,90,0,85,445,75,46096.74,41225.0,4871.74,5
1009,2485,230,275,0,275,230,25,20,95,95,0,95,455,100,65046.84750000001,42925.0,22121.84750000001,5
1010,2485,145,325,0,325,310,5,10,80,80,0,80,450,40,23582.700000000004,39950.0,-16367.299999999996,5
1011,2485,165,270,0,270,255,15,0,95,95,0,95,415,100,60823.53,36975.0,23848.53,5
1012,2485,190,275,0,275,265,10,0,80,80,0,80,450,105,71897.74875,39525.0,32372.74875,5
1013,2485,150,305,0,305,285,5,15,90,90,0,90,430,90,56275.60500000001,38675.0,17600.605000000014,5
1014,2485,175,315,0,315,270,20,25,95,95,0,95,440,65,36731.340000000004,41650.0,-4918.659999999995,5
1015,2485,130,325,0,325,315,5,5,80,80,0,80,440,55,30379.680000000008,38675.0,-8295.319999999992,5
1016,2485,150,320,0,320,270,25,25,105,105,0,105,415,80,49455.630000000005,39950.0,9505.630000000001,5
1017,2485,165,295,0,295,290,0,5,95,95,0,95,450,95,60419.42999999999,39100.0,21319.429999999993,5
1018,2485,140,315,0,315,280,30,5,95,95,0,95,415,115,88290.34734375002,38675.0,49615.34734375002,5
1019,2485,115,310,0,310,305,0,5,65,65,0,65,415,40,24079.140000000007,36125.0,-12045.859999999993,5
1020,2485,185,260,0,260,260,0,0,100,100,0,100,440,85,52795.350000000006,37825.0,14970.350000000008,5
1021,2485,130,340,0,340,285,50,5,100,100,0,100,410,80,45153.18000000002,39950.0,5203.18000000002,5
1022,2485,170,325,0,325,260,30,35,95,95,0,95,425,90,56799.810000000005,42075.0,14724.810000000007,5
1023,2485,110,355,0,355,330,0,25,55,55,0,55,435,30,14805.360000000002,39525.0,-24719.64,5
1024,2485,130,335,0,335,325,0,10,50,50,0,50,450,25,12643.560000000001,39525.0,-26881.44,5
1025,2485,240,265,0,265,255,10,0,115,115,0,115,490,65,35705.16,42925.0,-7219.839999999995,5
1026,2485,155,300,0,300,290,10,0,95,95,0,95,440,70,40305.240000000005,38675.0,1630.240000000008,5
1027,2485,155,315,0,315,290,25,0,85,85,0,80,440,30,17384.760000000002,39950.0,-22565.239999999994,5
1028,2485,140,290,0,290,285,0,5,90,90,0,90,420,65,40914.990000000005,36550.0,4364.9900000000025,5
1029,2485,160,325,0,325,320,0,5,70,70,0,70,475,75,51881.085000000014,41225.0,10656.085000000012,5
1030,2485,165,305,0,305,300,0,5,90,90,0,90,460,65,39719.745,39950.0,-230.25499999999738,5
1031,2485,110,365,0,365,320,10,35,85,85,0,85,425,65,37049.58,40375.0,-3325.419999999999,5
1032,2485,115,320,0,320,260,50,10,105,105,0,105,370,80,50294.970000000016,36975.0,13319.970000000012,5
1033,2485,115,335,0,335,280,45,10,100,100,0,100,390,85,51981.93000000001,38250.0,13731.930000000011,5
1034,2485,115,330,0,330,295,10,25,80,80,0,80,405,50,33014.115000000005,37825.0,-4810.884999999998,5
1035,2485,125,330,0,330,255,60,15,105,105,0,105,375,55,29369.700000000004,38675.0,-9305.299999999997,5
1036,2485,160,305,0,305,280,10,15,100,100,0,100,435,105,69543.13500000002,39525.0,30018.13500000002,5
1037,2485,135,290,0,290,290,0,0,85,85,0,85,420,120,88764.406875,36125.0,52639.406875,5
1038,2485,185,285,0,285,270,0,15,80,80,0,80,450,70,44918.865,39950.0,4968.864999999996,5
1039,2485,140,305,0,305,240,45,20,95,95,0,95,375,95,61181.662500000006,37825.0,23356.662500000002,5
1040,2485,170,320,0,320,255,20,45,100,100,0,100,420,80,50181.21000000001,41650.0,8531.21000000001,5
1041,2485,160,320,0,320,295,25,0,85,85,0,85,450,85,52405.515000000014,40800.0,11605.515000000014,5
1042,2485,205,290,0,290,255,30,5,80,80,0,80,455,55,35374.59000000001,42075.0,-6700.409999999993,5
1043,2485,150,305,0,305,270,15,20,85,85,0,80,415,120,87846.11578125,38675.0,49171.11578125001,5
1044,2485,95,335,0,335,315,5,15,90,90,0,90,405,110,71518.47750000001,36550.0,34968.47750000001,5
1045,2485,165,345,0,345,315,0,30,55,55,0,55,475,50,29666.25,43350.0,-13683.75,5
1046,2485,165,295,0,295,285,0,10,75,75,0,70,445,60,36541.035,39100.0,-2558.9649999999983,5
1047,2485,205,255,0,255,230,5,20,120,120,0,120,430,110,68956.83,39100.0,29856.83,5
1048,2485,120,320,0,320,320,0,0,60,60,0,60,435,40,28473.727500000005,37400.0,-8926.272499999995,5
1049,2485,275,245,0,245,245,0,0,95,95,0,95,515,90,59556.51000000001,44200.0,15356.510000000007,5
1050,2485,120,305,0,305,280,10,15,105,105,0,100,395,105,70060.68000000002,36125.0,33935.68000000002,5
1051,2485,125,330,0,330,315,5,10,75,75,0,75,435,55,32952.15000000001,38675.0,-5722.849999999994,5
1052,2485,155,295,0,295,270,15,10,100,100,0,95,420,70,46222.49250000001,38250.0,7972.492500000008,5
1053,2485,125,320,0,320,265,40,15,105,105,0,105,385,65,41130.495,37825.0,3305.495000000001,5
1054,2485,170,310,0,310,285,5,20,65,65,0,65,450,80,49750.47,40800.0,8950.470000000005,5
1055,2485,185,300,0,300,300,0,0,80,80,0,80,480,100,62447.715000000026,41225.0,21222.715000000026,5
1056,2485,135,325,0,325,290,15,20,70,70,0,65,420,70,47622.825000000004,39100.0,8522.825000000003,5
1057,2485,160,315,0,315,290,10,15,70,70,0,70,445,75,46818.13500000001,40375.0,6443.135000000011,5
1058,2485,190,280,0,280,225,50,5,115,115,0,115,410,130,81096.57,39950.0,41146.57,5
1059,2485,155,290,0,290,270,10,10,120,120,0,120,420,65,41535.54,37825.0,3710.540000000001,5
1060,2485,125,340,0,340,300,20,20,65,65,0,65,420,60,37872.9,39525.0,-1652.0999999999958,5
1061,2485,110,315,0,315,305,10,0,85,85,0,85,410,45,26045.640000000003,36125.0,-10079.359999999997,5
1062,2485,95,345,0,345,305,20,20,85,85,0,85,395,50,30983.31,37400.0,-6416.689999999999,5
1063,2485,165,310,0,310,305,5,0,65,65,0,65,465,30,15151.32,40375.0,-25223.68,5
1064,2485,160,320,0,320,320,0,0,85,85,0,85,475,40,22097.160000000003,40800.0,-18702.839999999997,5
1065,2485,145,315,0,315,270,25,20,70,70,0,70,410,75,52527.600000000006,39100.0,13427.600000000002,5
1066,2485,180,295,0,295,280,10,5,80,80,0,80,455,45,26681.58,40375.0,-13693.419999999996,5
1067,2485,180,310,0,310,295,0,15,110,110,0,105,470,80,43800.84000000001,41650.0,2150.8400000000074,5
1068,2485,200,275,0,275,260,5,10,105,105,0,100,455,60,34528.5,40375.0,-5846.500000000001,5
1069,2485,145,295,0,295,245,40,10,105,105,0,105,385,130,88471.3725,37400.0,51071.3725,5
1070,2485,125,330,0,330,325,5,0,70,70,0,70,445,50,28251.000000000004,38675.0,-10423.999999999996,5
1071,2485,110,370,0,370,290,40,40,105,105,0,105,395,45,26856.090000000004,40800.0,-13943.909999999996,5
1072,2485,150,305,0,305,285,0,20,90,90,0,90,430,55,28946.520000000004,38675.0,-9728.479999999996,5
1073,2485,210,285,0,285,285,0,0,70,70,0,70,490,60,37855.259999999995,42075.0,-4219.740000000002,5
1074,2485,130,310,0,310,310,0,0,85,85,0,85,435,65,41279.62500000001,37400.0,3879.6250000000055,5
1075,2485,220,280,0,280,265,0,15,70,70,0,70,480,65,40956.75000000001,42500.0,-1543.2499999999936,5
1076,2485,115,315,0,315,290,20,5,110,110,0,110,400,60,32662.440000000006,36550.0,-3887.559999999994,5
1077,2485,130,320,0,320,310,0,10,90,90,0,85,435,40,20295.000000000004,38250.0,-17954.999999999996,5
1078,2485,155,320,0,320,280,40,0,65,65,0,65,430,80,56982.38625000001,40375.0,16607.38625000001,5
1079,2485,125,300,0,300,260,10,30,105,105,0,105,380,155,107402.04000000001,36125.0,71277.04000000001,5
1080,2485,170,285,0,285,260,20,5,130,130,0,130,425,85,47251.62,38675.0,8576.620000000003,5
1081,2485,140,340,0,340,330,10,0,70,70,0,70,465,55,30237.120000000003,40800.0,-10562.879999999996,5
1082,2485,120,305,0,305,265,35,5,95,95,0,95,380,85,59861.07,36125.0,23736.07,5
1083,2485,160,320,0,320,300,0,20,90,90,0,90,455,60,37029.285,40800.0,-3770.7149999999956,5
1084,2485,195,285,0,285,270,15,0,95,95,0,95,460,50,30383.10000000001,40800.0,-10416.89999999999,5
1085,2485,120,335,0,335,320,0,15,75,75,0,70,435,35,17782.2,38675.0,-20892.799999999996,5
1086,2485,125,335,0,335,280,40,15,85,85,0,85,400,100,61069.54500000003,39100.0,21969.545000000027,5
1087,2485,210,290,0,290,290,0,0,95,95,0,95,495,50,26889.300000000003,42500.0,-15610.699999999997,5
1088,2485,105,325,0,325,245,55,25,80,80,0,80,345,55,30205.26000000001,36550.0,-6344.7399999999925,5
1089,2485,140,345,0,345,300,5,40,60,60,0,60,435,35,18643.14,41225.0,-22581.859999999997,5
1090,2485,110,355,0,355,260,70,25,80,80,0,80,365,45,26362.530000000006,39525.0,-13162.469999999994,5
1091,2485,135,310,0,310,235,75,0,120,120,0,120,365,130,87474.35250000001,37825.0,49649.35250000001,5
1092,2485,90,340,0,340,325,10,5,85,85,0,85,410,70,41395.950000000004,36550.0,4845.950000000003,5
1093,2485,235,280,0,280,280,0,0,85,85,0,85,510,80,50492.880000000005,43775.0,6717.880000000005,5
1094,2485,105,345,0,345,310,30,5,100,100,0,100,410,65,35412.12,38250.0,-2837.88,5
1095,2485,185,295,0,295,270,5,20,90,90,0,90,450,40,22463.820000000007,40800.0,-18336.179999999993,5
1096,2485,200,275,0,275,255,10,10,95,95,0,95,450,80,51218.595,40375.0,10843.595000000005,5
1097,2485,175,295,0,295,275,0,20,100,100,0,100,445,75,43151.76,39950.0,3201.760000000004,5
1098,2485,210,270,0,270,240,0,30,110,110,0,105,445,105,66194.1,40800.0,25394.1,5
1099,2485,140,295,0,295,290,5,0,90,90,0,90,425,75,47371.365000000005,36975.0,10396.365000000005,5
1100,2485,120,310,0,310,305,5,0,70,70,0,70,420,50,33019.740000000005,36550.0,-3530.259999999994,5
1101,2485,225,270,0,270,270,0,0,85,85,0,85,490,75,47227.77000000001,42075.0,5152.7700000000095,5
1102,2485,135,285,0,285,275,0,10,85,85,0,85,405,70,41814.90000000001,35700.0,6114.900000000007,5
1103,2485,150,305,0,305,260,40,5,135,135,0,130,405,145,93581.10000000003,38675.0,54906.10000000004,5
1104,2485,130,320,0,320,300,15,5,95,95,0,95,425,70,41024.250000000015,38250.0,2774.250000000011,5
1105,2485,165,295,0,295,280,10,5,95,95,0,90,440,80,43519.32000000001,39100.0,4419.320000000007,5
1106,2485,135,310,0,310,285,5,20,110,110,0,110,415,95,59876.280000000006,37825.0,22051.280000000006,5
1107,2485,195,280,0,280,275,0,5,90,90,0,90,465,95,58610.47500000001,40375.0,18235.475000000013,5
1108,2485,115,335,0,335,290,30,15,80,80,0,80,400,90,52516.890000000014,38250.0,14266.890000000012,5
1109,2485,130,340,0,340,305,10,25,75,75,0,75,430,70,44004.465,39950.0,4054.465,5
1110,2485,145,315,0,315,310,0,5,90,90,0,85,450,45,26768.430000000004,39100.0,-12331.569999999996,5
1111,2485,230,295,0,295,260,5,30,65,65,0,65,485,95,66875.77546875001,44625.0,22250.775468750016,5
1112,2485,210,310,0,310,290,20,0,60,60,0,60,495,75,54983.66625000001,44200.0,10783.666250000006,5
1113,2485,205,280,0,280,270,0,10,110,110,0,105,470,70,43523.81999999999,41225.0,2298.819999999996,5
1114,2485,155,305,0,305,270,15,20,95,95,0,90,420,60,37633.86000000001,39100.0,-1466.1399999999912,5
1115,2485,205,270,0,270,270,0,0,105,105,0,105,470,70,40312.17,40375.0,-62.830000000003565,5
1116,2485,155,295,0,295,265,0,30,70,70,0,65,415,20,11413.980000000001,38250.0,-26836.019999999997,5
1117,2485,125,355,0,355,320,5,30,60,60,0,60,440,40,24971.850000000006,40800.0,-15828.149999999996,5
1118,2485,165,285,0,285,275,5,5,85,85,0,85,435,40,24534.540000000008,38250.0,-13715.459999999994,5
1119,2485,170,295,0,295,270,20,5,80,80,0,80,435,80,52525.21500000001,39525.0,13000.215000000007,5
1120,2485,210,290,0,290,275,0,15,100,100,0,100,480,65,35165.340000000004,42500.0,-7334.659999999994,5
1121,2485,135,295,0,295,280,0,15,105,105,0,105,410,110,64002.55499999999,36550.0,27452.554999999993,5
1122,2485,180,275,0,275,275,0,0,95,95,0,95,450,80,57528.38812500001,38675.0,18853.388125000012,5
1123,2485,130,320,0,320,280,30,10,85,85,0,85,405,75,46525.41,38250.0,8275.410000000002,5
1124,2485,165,295,0,295,245,40,10,115,115,0,115,405,110,64924.02000000001,39100.0,25824.02000000001,5
1125,2485,205,300,0,300,300,0,0,80,80,0,80,500,95,63388.19250000001,42925.0,20463.192500000012,5
1126,2485,190,290,0,290,275,10,5,90,90,0,90,460,75,49471.78500000001,40800.0,8671.785000000009,5
1127,2485,105,320,0,320,310,5,5,60,60,0,60,410,65,41744.29500000001,36125.0,5619.295000000011,5
1128,2485,130,330,0,330,285,35,10,85,85,0,80,410,30,16866.0,39100.0,-22233.999999999996,5
1129,2485,185,300,0,300,295,0,5,75,75,0,75,475,45,25384.590000000004,41225.0,-15840.409999999996,5
1130,2485,160,300,0,300,275,0,25,95,95,0,90,430,35,19180.440000000002,39100.0,-19919.559999999998,5
1131,2485,105,335,0,335,295,25,15,90,90,0,85,395,50,30627.18,37400.0,-6772.8200000000015,5
1132,2485,135,335,0,335,320,10,5,60,60,0,55,450,15,9043.740000000002,39950.0,-30906.26,5
1133,2485,135,310,0,310,275,10,25,65,65,0,65,405,60,39232.125,37825.0,1407.125000000001,5
1134,2485,145,305,0,305,245,20,40,95,95,0,95,385,70,38404.53000000001,38250.0,154.5300000000134,5
1135,2485,185,290,0,290,285,0,5,95,95,0,95,465,50,29841.300000000003,40375.0,-10533.699999999999,5
1136,2485,155,320,0,320,290,20,10,85,85,0,85,440,50,29282.940000000002,40375.0,-11092.059999999998,5
1137,2485,125,320,0,320,255,65,0,105,105,0,105,375,75,43577.55,37825.0,5752.550000000001,5
1138,2485,75,380,0,380,260,75,45,70,70,0,70,330,95,57603.735000000015,38675.0,18928.735000000015,5
1139,2485,210,295,0,295,295,0,0,65,65,0,65,500,55,34190.325000000004,42925.0,-8734.674999999997,5
1140,2485,155,310,0,310,240,35,35,110,110,0,105,390,70,37172.16000000001,39525.0,-2352.8399999999874,5
1141,2485,165,300,0,300,285,0,15,85,85,0,85,445,70,41809.59,39525.0,2284.5899999999983,5
1142,2485,155,300,0,300,255,40,5,105,105,0,105,405,100,60634.26,38675.0,21959.260000000002,5
1143,2485,155,320,0,320,285,35,0,95,95,0,95,435,60,34452.270000000004,40375.0,-5922.729999999992,5
1144,2485,200,270,0,270,265,0,5,100,100,0,100,460,70,37850.22,39950.0,-2099.779999999996,5
1145,2485,225,265,0,265,265,0,0,80,80,0,80,485,50,27240.479999999996,41650.0,-14409.520000000002,5
1146,2485,195,285,0,285,260,5,20,90,90,0,90,450,65,36066.060000000005,40800.0,-4733.939999999998,5
1147,2485,220,285,0,285,280,5,0,80,80,0,80,495,95,63469.575,42925.0,20544.574999999997,5
1148,2485,195,310,0,310,300,0,10,85,85,0,85,490,80,51101.73000000002,42925.0,8176.730000000016,5
1149,2485,130,285,0,285,260,20,5,95,95,0,95,385,100,72843.45187500001,35275.0,37568.45187500002,5
1150,2485,120,305,0,305,285,20,0,75,75,0,75,400,80,54313.24500000002,36125.0,18188.245000000017,5
1151,2485,85,340,0,340,295,20,25,75,75,0,75,375,40,22960.08000000001,36125.0,-13164.919999999993,5
1152,2485,235,275,0,275,275,0,0,85,85,0,85,505,100,65066.13000000001,43350.0,21716.130000000012,5
1153,2485,190,280,0,280,270,0,10,90,90,0,90,455,100,62604.36000000001,39950.0,22654.360000000008,5
1154,2485,130,330,0,330,315,0,15,75,75,0,75,440,50,28941.12000000001,39100.0,-10158.87999999999,5
1155,2485,110,345,0,345,320,5,20,80,80,0,80,425,25,12643.2,38675.0,-26031.8,5
1156,2485,90,345,0,345,300,35,10,70,70,0,65,385,65,37469.700000000004,36975.0,494.70000000000255,5
1157,2485,110,315,0,315,305,10,0,85,85,0,85,410,40,21438.9,36125.0,-14686.099999999997,5
1158,2485,170,300,0,300,290,0,10,95,95,0,95,455,75,43180.200000000004,39950.0,3230.2000000000044,5
1159,2485,155,315,0,315,270,25,20,95,95,0,95,420,65,37889.46,39950.0,-2060.540000000001,5
1160,2485,155,310,0,310,285,15,10,100,100,0,100,435,65,41261.04,39525.0,1736.0400000000027,5
1161,2485,145,325,0,325,295,25,5,70,70,0,70,435,95,63561.600000000006,39950.0,23611.600000000006,5
1162,2485,130,325,0,325,285,20,20,75,75,0,75,410,90,65019.453750000015,38675.0,26344.45375000001,5
1163,2485,140,290,0,290,280,10,0,90,90,0,90,415,80,47886.21000000001,36550.0,11336.21000000001,5
1164,2485,155,310,0,310,265,15,30,85,85,0,85,415,100,59627.700000000004,39525.0,20102.700000000004,5
1165,2485,145,325,0,325,300,10,15,60,60,0,60,440,110,83038.36078125003,39950.0,43088.36078125003,5
1166,2485,90,350,0,350,330,10,10,55,55,0,55,415,40,23289.84,37400.0,-14110.16,5
1167,2485,140,310,0,310,285,0,25,80,80,0,80,420,105,76813.44750000002,38250.0,38563.44750000003,5
1168,2485,135,320,0,320,305,0,15,75,75,0,70,435,40,20830.5,38675.0,-17844.5,5
1169,2485,145,300,0,300,275,10,15,110,110,0,110,415,100,64172.11500000001,37825.0,26347.115000000013,5
1170,2485,130,320,0,320,275,40,5,100,100,0,100,400,80,48528.270000000004,38250.0,10278.270000000002,5
1171,2485,155,290,0,290,270,10,10,105,105,0,100,420,70,42026.355,37825.0,4201.355000000003,5
1172,2485,140,290,0,290,250,20,20,80,80,0,75,385,115,84055.28625000003,36550.0,47505.28625000003,5
1173,2485,195,255,0,255,255,0,0,120,120,0,120,445,105,62163.27000000002,38250.0,23913.27000000002,5
1174,2485,130,320,0,320,310,10,0,60,60,0,60,435,45,30436.199999999997,38250.0,-7813.800000000001,5
1175,2485,125,320,0,320,300,10,10,95,95,0,95,420,100,65203.13250000002,37825.0,27378.13250000002,5
1176,2485,120,345,0,345,330,0,15,50,50,0,50,445,45,27399.33,39525.0,-12125.67,5
1177,2485,150,310,0,310,290,0,20,90,90,0,90,435,50,28330.560000000005,39100.0,-10769.439999999995,5
1178,2485,125,335,0,335,325,0,10,75,75,0,75,445,70,47577.622500000005,39100.0,8477.622500000007,5
1179,2485,100,330,0,330,305,10,15,75,75,0,75,400,60,40767.896250000005,36550.0,4217.896250000003,5
1180,2485,150,330,0,330,280,35,15,60,60,0,55,425,40,23530.770000000004,40800.0,-17269.229999999996,5
1181,2485,160,310,0,310,310,0,0,95,95,0,95,465,90,51710.58000000001,39950.0,11760.580000000009,5
1182,2485,135,320,0,320,280,20,20,80,80,0,80,410,100,71219.95875000002,38675.0,32544.958750000013,5
1183,2485,220,295,0,295,295,0,0,75,75,0,75,510,75,45372.87,43775.0,1597.8700000000026,5
1184,2485,140,320,0,320,305,0,15,90,90,0,85,440,60,32039.280000000006,39100.0,-7060.719999999992,5
1185,2485,195,275,0,275,265,0,10,110,110,0,110,455,85,52736.40000000001,39950.0,12786.400000000012,5
1186,2485,145,300,0,300,250,40,10,125,125,0,125,390,110,71857.48500000002,37825.0,34032.485000000015,5
1187,2485,160,295,0,295,245,45,5,120,120,0,120,400,135,94281.55875000003,38675.0,55606.558750000026,5
1188,2485,245,275,0,275,270,0,5,80,80,0,80,510,50,30725.415,44200.0,-13474.584999999997,5
1189,2485,170,305,0,305,245,35,25,120,120,0,120,410,70,45720.72,40375.0,5345.720000000001,5
1190,2485,230,280,0,280,270,0,10,85,85,0,85,495,95,58114.890000000014,43350.0,14764.890000000014,5
1191,2485,180,295,0,295,280,0,15,80,80,0,80,455,55,33101.10000000001,40375.0,-7273.89999999999,5
1192,2485,190,295,0,295,295,0,0,85,85,0,85,480,80,53852.02875,41225.0,12627.02875,5
1193,2485,140,325,0,325,285,20,20,105,105,0,105,420,100,61789.68,39525.0,22264.68,5
1194,2485,120,340,0,340,330,0,10,60,60,0,60,445,30,16638.660000000003,39100.0,-22461.34,5
1195,2485,250,255,0,255,245,0,10,110,110,0,110,490,90,54497.385000000024,42925.0,11572.385000000022,5
1196,2485,115,320,0,320,290,20,10,75,75,0,75,400,65,40321.84500000001,36975.0,3346.8450000000075,5
1197,2485,190,285,0,285,260,10,15,105,105,0,105,445,115,70421.22000000002,40375.0,30046.220000000012,5
1198,2485,140,310,0,310,265,35,10,95,95,0,95,400,55,27461.160000000003,38250.0,-10788.839999999997,5
1199,2485,110,355,0,355,310,20,25,100,100,0,100,415,100,65056.11749999999,39525.0,25531.117499999993,5
1200,2485,150,315,0,315,275,40,0,100,100,0,100,420,90,54603.78750000002,39525.0,15078.787500000017,5
1201,2485,165,295,0,295,285,10,0,75,75,0,75,445,70,43625.475000000006,39100.0,4525.475000000006,5
1202,2485,125,330,0,330,290,20,20,90,90,0,90,410,75,44477.55000000001,38675.0,5802.55000000001,5
1203,2485,140,315,0,315,265,20,30,85,85,0,85,400,110,73445.49,38675.0,34770.490000000005,5
1204,2485,200,275,0,275,260,5,10,100,100,0,100,455,75,44483.22000000001,40375.0,4108.22000000001,5
1205,2485,175,285,0,285,260,0,25,85,85,0,85,430,90,53863.28999999999,39100.0,14763.289999999997,5
1206,2485,175,320,0,320,255,25,40,105,105,0,105,425,140,91329.68250000004,42075.0,49254.68250000004,5
1207,2485,165,295,0,295,280,15,0,95,95,0,95,440,80,55530.911250000005,39100.0,16430.91125000001,5
1208,2485,180,295,0,295,285,10,0,100,100,0,100,460,80,51253.537500000006,40375.0,10878.537500000002,5
1209,2485,130,320,0,320,285,0,35,80,80,0,80,410,55,31038.210000000003,38250.0,-7211.789999999996,5
1210,2485,150,280,0,280,255,20,5,100,100,0,100,400,100,63206.640000000014,36550.0,26656.640000000014,5
1211,2485,110,335,0,335,330,0,5,70,70,0,70,435,60,35933.130000000005,37825.0,-1891.8699999999944,5
1212,2485,145,300,0,300,285,0,15,85,85,0,85,425,95,69656.04,37825.0,31831.039999999994,5
1213,2485,125,335,0,335,305,15,15,95,95,0,95,425,90,56790.292499999996,39100.0,17690.292499999996,5
1214,2485,165,305,0,305,250,25,30,90,90,0,90,410,125,84622.32000000002,39950.0,44672.32000000002,5
1215,2485,180,305,0,305,290,0,15,50,50,0,50,465,55,36206.05500000001,41225.0,-5018.944999999994,5
1216,2485,145,305,0,305,245,50,10,95,95,0,95,385,160,115012.085625,38250.0,76762.085625,5
1217,2485,175,280,0,280,255,20,5,90,90,0,90,425,50,26577.0,38675.0,-12098.000000000002,5
1218,2485,110,345,0,345,290,20,35,70,70,0,70,395,50,28339.74,38675.0,-10335.259999999998,5
1219,2485,130,295,0,295,255,25,15,95,95,0,95,380,75,49017.06,36125.0,12892.060000000001,5
1220,2485,180,285,0,285,280,0,5,105,105,0,105,455,75,44650.53,39525.0,5125.529999999999,5
1221,2485,200,280,0,280,265,10,5,90,90,0,90,460,70,46391.917499999996,40800.0,5591.9175,5
1222,2485,165,295,0,295,275,10,10,75,75,0,70,435,90,61361.887500000004,39100.0,22261.887500000004,5
1223,2485,130,320,0,320,320,0,0,80,80,0,80,445,65,41057.91000000001,38250.0,2807.9100000000108,5
1224,2485,155,320,0,320,320,0,0,55,55,0,50,470,35,18001.440000000002,40375.0,-22373.559999999998,5
1225,2485,145,325,0,325,310,5,10,90,90,0,90,450,45,24072.300000000003,39950.0,-15877.699999999995,5
1226,2485,155,295,0,295,275,20,0,115,115,0,115,425,70,44032.99500000001,38250.0,5782.99500000001,5
1227,2485,100,345,0,345,310,30,5,55,55,0,55,405,50,29240.460000000003,37825.0,-8584.539999999997,5
1228,2485,165,315,0,315,300,0,15,65,65,0,65,460,50,25366.320000000007,40800.0,-15433.679999999995,5
1229,2485,130,345,0,345,305,15,25,65,65,0,65,430,65,43132.815,40375.0,2757.8150000000005,5
1230,2485,150,310,0,310,310,0,0,75,75,0,75,455,85,55969.965,39100.0,16869.964999999993,5
1231,2485,205,265,0,265,255,10,0,85,85,0,85,455,75,45734.58,39950.0,5784.580000000005,5
1232,2485,130,315,0,315,280,5,30,105,105,0,105,405,75,45251.820000000014,37825.0,7426.820000000016,5
1233,2485,110,345,0,345,340,0,5,80,80,0,80,445,65,36211.50000000001,38675.0,-2463.4999999999945,5
1234,2485,185,290,0,290,285,0,5,55,55,0,55,465,60,40836.915,40375.0,461.91499999999905,5
1235,2485,170,295,0,295,260,15,20,100,100,0,95,425,85,52244.32500000002,39525.0,12719.325000000017,5
1236,2485,160,305,0,305,250,55,0,120,120,0,115,405,95,57145.5,39525.0,17620.5,5
1237,2485,175,270,0,270,250,15,5,80,80,0,80,420,125,87129.30374999998,37825.0,49304.30374999998,5
1238,2485,150,300,0,300,270,20,10,105,105,0,105,415,40,21335.760000000006,38250.0,-16914.239999999994,5
1239,2485,150,295,0,295,295,0,0,85,85,0,80,440,50,29281.95,37825.0,-8543.05,5
1240,2485,135,320,0,320,315,5,0,90,90,0,85,445,70,41262.92999999999,38675.0,2587.9299999999967,5
1241,2485,180,265,0,265,250,10,5,110,110,0,110,425,100,67290.16500000001,37825.0,29465.165000000008,5
1242,2485,140,310,0,310,290,0,20,95,95,0,95,425,95,60287.985000000015,38250.0,22037.985000000015,5
1243,2485,90,345,0,345,325,5,15,80,80,0,80,410,70,40310.46000000001,36975.0,3335.4600000000073,5
1244,2485,115,310,0,310,295,5,10,90,90,0,90,405,75,45567.990000000005,36125.0,9442.990000000009,5
1245,2485,125,310,0,310,305,5,0,105,105,0,105,425,100,57841.38,36975.0,20866.379999999997,5
1246,2485,105,330,0,330,310,0,20,70,70,0,70,410,80,53632.74375,36975.0,16657.74375,5
1247,2485,140,315,0,315,285,20,10,90,90,0,90,420,80,50162.60250000001,38675.0,11487.602500000012,5
1248,2485,60,375,0,375,310,25,40,55,55,0,55,365,40,22924.260000000002,36975.0,-14050.739999999996,5
1249,2485,240,265,0,265,235,0,30,110,110,0,110,470,65,37117.44,42925.0,-5807.559999999994,5
1250,2485,160,325,0,325,255,60,10,90,90,0,85,410,95,61304.13000000001,41225.0,20079.130000000012,5
1251,2485,165,300,0,300,295,0,5,90,90,0,90,455,45,24497.1,39525.0,-15027.9,5
1252,2485,145,285,0,285,240,40,5,105,105,0,105,380,140,90052.92000000001,36550.0,53502.92000000001,5
1253,2485,160,310,0,310,275,25,10,75,75,0,75,430,60,34282.8,39950.0,-5667.199999999993,5
1254,2485,125,305,0,305,255,25,25,85,85,0,85,375,85,51726.33,36550.0,15176.329999999998,5
1255,2485,165,330,0,330,275,45,10,70,70,0,70,435,45,24249.42,42075.0,-17825.58,5
1256,2485,165,300,0,300,285,0,15,100,100,0,100,445,90,56967.210000000014,39525.0,17442.210000000014,5
1257,2485,180,300,0,300,250,15,35,100,100,0,100,425,80,50537.25,40800.0,9737.250000000004,5
1258,2485,145,315,0,315,295,10,10,90,90,0,85,435,80,52615.10250000002,39100.0,13515.10250000002,5
1259,2485,105,320,0,320,280,20,20,80,80,0,75,380,80,48007.98000000001,36125.0,11882.980000000007,5
1260,2485,200,295,0,295,275,15,5,85,85,0,85,470,100,69024.16125,42075.0,26949.161250000005,5
1261,2485,200,260,0,260,255,0,5,100,100,0,100,450,70,39618.18000000001,39100.0,518.1800000000112,5
1262,2485,95,340,0,340,315,25,0,70,70,0,70,405,55,33340.05,36975.0,-3634.9499999999944,5
1263,2485,190,290,0,290,275,0,15,85,85,0,85,460,90,58212.72,40800.0,17412.72,5
1264,2485,105,340,0,340,320,20,0,70,70,0,70,420,40,22894.2,37825.0,-14930.8,5
1265,2485,155,330,0,330,305,15,10,80,80,0,80,455,70,39807.630000000005,41225.0,-1417.3699999999963,5
1266,2485,170,305,0,305,305,0,0,65,65,0,65,470,35,18522.0,40375.0,-21853.0,5
1267,2485,185,305,0,305,265,10,30,105,105,0,105,445,65,35881.200000000004,41650.0,-5768.7999999999965,5
1268,2485,150,300,0,300,265,10,25,95,95,0,90,410,55,34181.1,38250.0,-4068.8999999999987,5
1269,2485,160,295,0,295,260,25,10,105,105,0,105,415,110,67016.88,38675.0,28341.880000000012,5
1270,2485,150,325,0,325,285,30,10,60,60,0,60,430,45,33852.33000000001,40375.0,-6522.669999999994,5
1271,2485,135,320,0,320,295,0,25,80,80,0,80,425,80,52716.96000000001,38675.0,14041.960000000008,5
1272,2485,160,290,0,290,275,15,0,105,105,0,105,430,110,72991.14750000002,38250.0,34741.14750000002,5
1273,2485,170,300,0,300,300,0,0,65,65,0,65,465,75,49629.96000000002,39950.0,9679.96000000002,5
1274,2485,175,310,0,310,290,5,15,75,75,0,75,460,50,27876.24,41225.0,-13348.759999999998,5
1275,2485,165,300,0,300,265,25,10,70,70,0,70,425,70,52142.79656250001,39525.0,12617.796562500007,5
1276,2485,195,285,0,285,280,0,5,90,90,0,90,470,80,50026.36500000001,40800.0,9226.365000000014,5
1277,2485,100,340,0,340,300,10,30,85,85,0,85,395,80,44612.46000000001,37400.0,7212.46000000001,5
1278,2485,150,320,0,320,295,25,0,80,80,0,75,440,75,42233.04,39950.0,2283.040000000001,5
1279,2485,125,310,0,310,265,15,30,110,110,0,105,385,75,44796.51000000001,36975.0,7821.5100000000075,5
1280,2485,185,320,0,320,305,0,15,100,100,0,100,485,75,46670.76,42925.0,3745.76,5
1281,2485,160,280,0,280,225,45,10,100,100,0,95,380,155,109895.33812500001,37400.0,72495.33812500001,5
1282,2485,185,270,0,270,265,0,5,75,75,0,75,445,110,82776.30925781252,38675.0,44101.30925781252,5
1283,2485,220,255,0,255,235,0,20,105,105,0,105,450,130,90208.24875,40375.0,49833.24875,5
1284,2485,170,275,0,275,225,30,20,130,130,0,130,390,135,94588.6978125,37825.0,56763.697812499995,5
1285,2485,110,370,0,370,320,15,35,55,55,0,55,425,50,34572.015,40800.0,-6227.984999999999,5
1286,2485,180,290,0,290,275,0,15,105,105,0,105,450,70,40263.21000000001,39950.0,313.2100000000082,5
1287,2485,240,260,0,260,255,0,5,105,105,0,100,490,95,67348.11937500001,42500.0,24848.119375000006,5
1288,2485,140,335,0,335,305,0,30,75,75,0,75,440,70,43948.93500000001,40375.0,3573.9350000000104,5
1289,2485,155,320,0,320,255,40,25,100,100,0,95,405,40,20362.320000000003,40375.0,-20012.679999999997,5
1290,2485,145,335,0,335,275,45,15,80,80,0,80,415,55,31081.770000000004,40800.0,-9718.229999999994,5
1291,2485,195,300,0,300,275,20,5,85,85,0,85,465,45,25483.140000000003,42075.0,-16591.859999999997,5
1292,2485,155,315,0,315,315,0,0,90,90,0,90,465,75,44164.35000000001,39950.0,4214.350000000013,5
1293,2485,180,315,0,315,255,25,35,95,95,0,95,430,70,36397.08,42075.0,-5677.919999999995,5
1294,2485,170,295,0,295,270,25,0,100,100,0,100,435,85,52773.93000000001,39525.0,13248.93000000001,5
1295,2485,130,310,0,310,290,20,0,85,85,0,85,415,100,70243.21687499998,37400.0,32843.21687499999,5
1296,2485,170,280,0,280,260,0,20,125,125,0,120,425,85,48538.71000000001,38250.0,10288.71000000001,5
1297,2485,175,290,0,290,290,0,0,75,75,0,75,460,65,48692.12625000001,39525.0,9167.12625000001,5
1298,2485,170,295,0,295,285,5,5,90,90,0,90,450,65,36968.22000000001,39525.0,-2556.7799999999943,5
1299,2485,160,295,0,295,290,0,5,100,100,0,100,445,95,58476.46500000001,38675.0,19801.465000000007,5
1300,2485,175,315,0,315,275,30,10,105,105,0,100,445,85,50475.33,41650.0,8825.330000000004,5
1301,2485,190,295,0,295,270,0,25,85,85,0,85,455,75,46469.925,41225.0,5244.925000000003,5
1302,2485,170,315,0,315,315,0,0,80,80,0,80,480,75,50065.368750000016,41225.0,8840.368750000016,5
1303,2485,175,300,0,300,250,25,25,85,85,0,85,420,70,44315.28,40375.0,3940.2800000000025,5
1304,2485,120,335,0,335,265,60,10,100,100,0,100,380,75,47642.310000000005,38675.0,8967.310000000007,5
1305,2485,170,340,0,340,285,40,15,80,80,0,80,450,55,30555.36,43350.0,-12794.64,5
1306,2485,150,300,0,300,285,0,15,85,85,0,85,430,70,42951.42,38250.0,4701.419999999998,5
1307,2485,155,305,0,305,285,15,5,65,65,0,65,435,65,43070.73750000002,39100.0,3970.737500000014,5
1308,2485,220,260,0,260,260,0,0,100,100,0,100,475,80,57102.9665625,40800.0,16302.966562499996,5
1309,2485,200,260,0,260,245,5,10,125,125,0,125,440,105,61806.509999999995,39100.0,22706.51,5
1310,2485,215,265,0,265,245,20,0,110,110,0,110,455,130,86881.79250000001,40800.0,46081.79250000001,5
1311,2485,180,275,0,275,275,0,0,105,105,0,105,450,80,47284.11000000001,38675.0,8609.11000000001,5
1312,2485,190,280,0,280,250,25,5,100,100,0,100,435,120,80631.43875,39950.0,40681.43875000001,5
1313,2485,175,295,0,295,290,5,0,55,55,0,55,460,95,66068.46,39950.0,26118.460000000006,5
1314,2485,195,265,0,265,260,0,5,85,85,0,85,450,100,71005.95000000003,39100.0,31905.95000000003,5
1315,2485,120,350,0,350,350,0,0,55,55,0,55,465,40,21862.980000000003,39950.0,-18087.019999999997,5
1316,2485,115,315,0,315,250,50,15,85,85,0,85,360,115,80236.006875,36550.0,43686.00687500001,5
1317,2485,185,305,0,305,300,0,5,55,55,0,50,480,40,22762.800000000003,41650.0,-18887.199999999997,5
1318,2485,175,305,0,305,290,5,10,115,115,0,115,460,75,44679.465,40800.0,3879.465,5
1319,2485,130,320,0,320,255,55,10,85,85,0,80,380,65,37271.79000000001,38250.0,-978.2099999999946,5
1320,2485,140,300,0,300,300,0,0,95,95,0,95,435,45,23970.060000000005,37400.0,-13429.939999999997,5
1321,2485,115,340,0,340,315,15,10,75,75,0,75,425,80,50229.72000000001,38675.0,11554.720000000007,5
1322,2485,175,295,0,295,270,25,0,90,90,0,90,440,105,69993.315,39950.0,30043.315000000002,5
1323,2485,140,325,0,325,285,35,5,90,90,0,85,420,55,31718.700000000004,39525.0,-7806.2999999999965,5
1324,2485,210,285,0,285,280,0,5,70,70,0,70,485,50,28860.840000000007,42075.0,-13214.159999999993,5
1325,2485,140,320,0,320,285,10,25,100,100,0,100,420,65,37978.47000000001,39100.0,-1121.5299999999934,5
1326,2485,140,350,0,350,345,0,5,50,50,0,50,480,35,21873.689999999995,41650.0,-19776.310000000005,5
1327,2485,150,295,0,295,250,20,25,95,95,0,95,395,90,59554.642500000016,37825.0,21729.642500000016,5
1328,2485,120,320,0,320,280,10,30,100,100,0,100,395,130,82581.09750000002,37400.0,45181.09750000002,5
1329,2485,100,325,0,325,300,20,5,70,70,0,70,395,75,45519.435000000005,36125.0,9394.435000000003,5
1330,2485,190,285,0,285,265,0,20,60,60,0,60,450,35,18240.660000000003,40375.0,-22134.339999999997,5
1331,2485,230,270,0,270,265,0,5,90,90,0,90,490,140,100985.29312500001,42500.0,58485.29312500001,5
1332,2485,135,350,0,350,275,30,45,75,75,0,75,405,35,19140.660000000003,41225.0,-22084.339999999997,5
1333,2485,170,295,0,295,215,40,40,135,135,0,135,380,80,47790.990000000005,39525.0,8265.990000000002,5
1334,2485,125,320,0,320,285,30,5,90,90,0,90,405,110,79677.50625,37825.0,41852.506250000006,5
1335,2485,195,290,0,290,285,5,0,75,75,0,70,475,70,41119.74000000001,41225.0,-105.2599999999893,5
1336,2485,165,295,0,295,250,25,20,110,110,0,105,410,60,34817.130000000005,39100.0,-4282.869999999998,5
1337,2485,170,290,0,290,240,15,35,115,115,0,115,405,85,57016.57500000001,39100.0,17916.57500000001,5
1338,2485,135,325,0,325,290,20,15,85,85,0,85,420,40,21140.640000000003,39100.0,-17959.359999999997,5
1339,2485,135,305,0,305,280,10,15,90,90,0,85,410,75,44071.47000000001,37400.0,6671.470000000008,5
1340,2485,210,315,0,315,300,10,5,55,55,0,55,505,45,27284.940000000002,44625.0,-17340.059999999998,5
1341,2485,130,305,0,305,255,20,30,110,110,0,110,380,125,83845.98,36975.0,46870.979999999996,5
1342,2485,165,310,0,310,240,40,30,90,90,0,90,400,80,44501.94,40375.0,4126.940000000004,5
1343,2485,170,280,0,280,245,5,30,80,80,0,80,410,45,26893.620000000003,38250.0,-11356.38,5
1344,2485,185,305,0,305,270,25,10,90,90,0,90,450,80,48752.01,41650.0,7102.01,5
1345,2485,170,295,0,295,265,15,15,80,80,0,80,430,120,80460.90000000001,39525.0,40935.90000000001,5
1346,2485,115,335,0,335,280,35,20,75,75,0,75,390,75,48361.81500000002,38250.0,10111.815000000015,5
1347,2485,175,285,0,285,250,20,15,105,105,0,105,420,115,84888.40218750003,39100.0,45788.40218750003,5
1348,2485,165,305,0,305,295,0,10,70,70,0,70,455,65,44628.412500000006,39950.0,4678.412500000004,5
1349,2485,160,310,0,310,290,0,20,85,85,0,85,445,30,16748.460000000003,39950.0,-23201.539999999994,5
1350,2485,130,310,0,310,235,55,20,125,125,0,120,360,100,64732.635,37400.0,27332.635000000002,5
1351,2485,145,320,0,320,310,10,0,90,90,0,90,450,40,21958.38,39525.0,-17566.62,5
1352,2485,195,290,0,290,265,10,15,85,85,0,80,455,75,47186.01000000001,41225.0,5961.010000000006,5
1353,2485,205,280,0,280,270,0,10,85,85,0,85,470,65,42584.175,41225.0,1359.1750000000047,5
1354,2485,150,295,0,295,280,0,15,85,85,0,85,425,90,61328.92500000001,37825.0,23503.92500000001,5
1355,2485,150,315,0,315,285,20,10,105,105,0,105,430,65,36142.02000000001,39525.0,-3382.9799999999886,5
1356,2485,185,315,0,315,305,0,10,75,75,0,75,485,50,28733.4,42500.0,-13766.599999999999,5
1357,2485,150,335,0,335,230,105,0,105,105,0,105,375,115,89258.77089843752,41225.0,48033.77089843752,5
1358,2485,185,300,0,300,280,15,5,100,100,0,100,460,85,51106.680000000015,41225.0,9881.680000000015,5
1359,2485,145,285,0,285,270,15,0,105,105,0,105,410,90,53020.89000000001,36550.0,16470.890000000007,5
1360,2485,180,280,0,280,215,30,35,115,115,0,115,390,145,96902.65125000002,39100.0,57802.65125000002,5
1361,2485,100,340,0,340,305,10,25,75,75,0,75,400,75,48170.295000000006,37400.0,10770.295000000006,5
1362,2485,225,265,0,265,240,15,10,100,100,0,100,460,100,62677.17000000001,41650.0,21027.170000000013,5
1363,2485,175,300,0,300,295,0,5,90,90,0,90,465,55,32114.160000000007,40375.0,-8260.839999999993,5
1364,2485,180,325,0,325,325,0,0,60,60,0,60,500,60,34894.26000000001,42925.0,-8030.739999999992,5
1365,2485,115,325,0,325,275,35,15,95,95,0,95,385,60,38180.40750000001,37400.0,780.4075000000057,5
1366,2485,125,325,0,325,290,0,35,75,75,0,75,410,55,30654.72000000001,38250.0,-7595.279999999993,5
1367,2485,150,295,0,295,290,0,5,100,100,0,100,435,85,54326.025000000016,37825.0,16501.025000000016,5
1368,2485,125,335,0,335,310,0,25,75,75,0,75,430,40,25704.27,39100.0,-13395.73,5
1369,2485,135,305,0,305,295,0,10,75,75,0,75,425,65,39117.42000000001,37400.0,1717.420000000011,5
1370,2485,210,270,0,270,245,5,20,85,85,0,85,450,65,38830.770000000004,40800.0,-1969.2299999999977,5
1371,2485,185,275,0,275,270,0,5,95,95,0,95,450,95,57198.150000000016,39100.0,18098.150000000016,5
1372,2485,105,335,0,335,315,20,0,95,95,0,95,415,80,49136.94,37400.0,11736.940000000004,5
1373,2485,155,315,0,315,300,10,5,105,105,0,105,450,85,45964.44,39950.0,6014.440000000004,5
1374,2485,155,285,0,285,280,0,5,80,80,0,80,430,80,58064.900625,37400.0,20664.900625000002,5
1375,2485,140,325,0,325,295,0,30,80,80,0,80,430,35,17399.520000000004,39525.0,-22125.479999999996,5
1376,2485,140,330,0,330,280,25,25,85,85,0,85,415,120,80819.7525,39950.0,40869.752499999995,5
1377,2485,185,285,0,285,280,0,5,95,95,0,95,460,45,22568.4,39950.0,-17381.6,5
1378,2485,155,335,0,335,330,0,5,80,80,0,80,480,65,42164.595,41650.0,514.5949999999993,5
1379,2485,150,310,0,310,270,20,20,95,95,0,95,415,70,38412.18,39100.0,-687.819999999997,5
1380,2485,165,305,0,305,290,0,15,90,90,0,90,450,110,71218.93500000001,39950.0,31268.935000000012,5
1381,2485,140,335,0,335,280,30,25,105,105,0,105,415,130,87395.4675,40375.0,47020.4675,5
1382,2485,105,310,0,310,235,55,20,95,95,0,95,335,160,107322.76125000001,35275.0,72047.76125000001,5
1383,2485,170,295,0,295,275,10,10,105,105,0,105,440,80,45351.900000000016,39525.0,5826.900000000014,5
1384,2485,130,340,0,340,310,15,15,65,65,0,65,435,25,13521.420000000002,39950.0,-26428.579999999998,5
1385,2485,135,345,0,345,320,20,5,85,85,0,85,450,70,43461.270000000004,40800.0,2661.270000000004,5
1386,2485,90,325,0,325,325,0,0,65,65,0,65,410,75,49020.12000000001,35275.0,13745.120000000006,5
1387,2485,145,310,0,310,290,5,15,70,70,0,70,430,55,37080.02250000001,38675.0,-1594.9774999999954,5
1388,2485,190,260,0,260,260,0,0,105,105,0,105,445,110,73099.86750000001,38250.0,34849.86750000001,5
1389,2485,95,335,0,335,310,5,20,75,75,0,75,400,50,35302.185000000005,36550.0,-1247.814999999996,5
1390,2485,150,295,0,295,265,25,5,110,110,0,105,410,85,55018.38375000001,37825.0,17193.38375000001,5
1391,2485,155,295,0,295,235,50,10,120,120,0,120,385,80,49806.18000000001,38250.0,11556.180000000004,5
1392,2485,165,295,0,295,235,60,0,95,95,0,95,395,80,46998.09000000002,39100.0,7898.09000000002,5
1393,2485,145,325,0,325,320,0,5,25,25,0,25,460,70,56846.19796874999,39950.0,16896.19796874999,5
1394,2485,200,310,0,310,245,40,25,110,110,0,110,440,60,31937.760000000002,43350.0,-11412.239999999998,5
1395,2485,135,325,0,325,290,15,20,95,95,0,95,420,80,49886.82000000001,39100.0,10786.820000000007,5
1396,2485,100,360,0,360,260,75,25,95,95,0,95,355,70,42369.12,39100.0,3269.1200000000026,5
1397,2485,175,315,0,315,300,15,0,85,85,0,85,470,50,27425.340000000004,41650.0,-14224.659999999994,5
1398,2485,160,305,0,305,285,5,15,105,105,0,100,440,60,36679.41,39525.0,-2845.589999999993,5
1399,2485,90,355,0,355,330,15,10,75,75,0,75,415,85,55268.729999999996,37825.0,17443.729999999996,5
1400,2485,150,305,0,305,295,5,5,85,85,0,85,440,90,53639.73000000001,38675.0,14964.730000000009,5
1401,2485,170,295,0,295,240,45,10,115,115,0,115,405,175,129698.16046875002,39525.0,90173.16046875002,5
1402,2485,195,285,0,285,275,10,0,95,95,0,95,465,70,39214.98000000001,40800.0,-1585.0199999999904,5
1403,2485,160,315,0,315,290,10,15,75,75,0,75,445,90,54988.380000000005,40375.0,14613.380000000006,5
1404,2485,150,335,0,335,290,0,45,75,75,0,75,435,45,30654.292500000003,41225.0,-10570.707499999999,5
1405,2485,175,285,0,285,280,0,5,105,105,0,105,450,80,50069.475000000006,39100.0,10969.475000000002,5
1406,2485,150,300,0,300,260,20,20,95,95,0,95,405,90,57563.61750000001,38250.0,19313.617500000008,5
1407,2485,130,345,0,345,265,40,40,95,95,0,90,390,75,47858.67,40375.0,7483.670000000002,5
1408,2485,175,295,0,295,285,0,10,100,100,0,100,455,95,62054.729999999996,39950.0,22104.73,5
1409,2485,105,335,0,335,290,25,20,75,75,0,75,390,65,44650.2375,37400.0,7250.237500000003,5
1410,2485,190,265,0,265,240,25,0,105,105,0,105,425,175,124958.37375000001,38675.0,86283.37375000001,5
1411,2485,125,280,0,280,240,25,15,105,105,0,105,360,145,101530.76765624998,34425.0,67105.76765624998,5
1412,2485,130,335,0,335,280,20,35,85,85,0,85,405,55,29425.500000000007,39525.0,-10099.499999999993,5
1413,2485,135,305,0,305,280,25,0,90,90,0,90,410,155,112925.59031250006,37400.0,75525.59031250006,5
1414,2485,215,280,0,280,260,10,10,85,85,0,85,470,115,84641.0146875,42075.0,42566.01468750001,5
1415,2485,90,340,0,340,320,15,5,50,50,0,50,405,70,49520.700000000004,36550.0,12970.700000000006,5
1416,2485,150,300,0,300,300,0,0,105,105,0,105,445,65,37732.770000000004,38250.0,-517.229999999995,5
1417,2485,165,320,0,320,320,0,0,55,55,0,55,480,55,36498.26250000001,41225.0,-4726.73749999999,5
1418,2485,130,315,0,315,300,0,15,65,65,0,60,425,45,27447.390000000007,37825.0,-10377.609999999995,5
1419,2485,185,305,0,305,295,0,10,85,85,0,85,475,75,44209.71000000001,41650.0,2559.7100000000046,5
1420,2485,175,300,0,300,295,0,5,65,65,0,65,465,55,36810.54000000001,40375.0,-3564.45999999999,5
1421,2485,110,330,0,330,310,0,20,75,75,0,70,415,95,63938.047500000015,37400.0,26538.04750000001,5
1422,2485,165,265,0,265,265,0,0,105,105,0,105,425,80,47019.78000000001,36550.0,10469.78000000001,5
1423,2485,180,300,0,300,255,20,25,85,85,0,85,430,45,25842.330000000005,40800.0,-14957.669999999995,5
1424,2485,140,315,0,315,315,0,0,55,55,0,55,450,70,45174.1725,38675.0,6499.172500000004,5
1425,2485,170,325,0,325,310,0,15,65,65,0,65,475,50,31652.685,42075.0,-10422.314999999999,5
1426,2485,185,285,0,285,215,40,30,120,120,0,120,395,85,48709.080000000016,39950.0,8759.080000000013,5
1427,2485,140,290,0,290,260,10,20,100,100,0,100,395,110,73835.49375000001,36550.0,37285.493750000016,5
1428,2485,155,310,0,310,270,10,30,105,105,0,105,420,85,49212.72,39525.0,9687.72,5
1429,2485,125,320,0,320,295,10,15,95,95,0,90,415,105,63873.63000000001,37825.0,26048.630000000012,5
1430,2485,115,350,0,350,285,65,0,80,80,0,80,395,60,35124.93000000001,39525.0,-4400.0699999999915,5
1431,2485,180,280,0,280,275,0,5,105,105,0,105,450,65,38635.65000000001,39100.0,-464.34999999999036,5
1432,2485,160,295,0,295,265,5,25,110,110,0,110,420,75,41460.93,38675.0,2785.9299999999985,5
1433,2485,180,295,0,295,290,0,5,75,75,0,70,465,65,41086.305,40375.0,711.3050000000021,5
1434,2485,150,330,0,330,285,35,10,80,80,0,75,430,60,34875.00000000001,40800.0,-5924.999999999995,5
1435,2485,160,315,0,315,305,5,5,70,70,0,70,460,100,70669.58625,40375.0,30294.586249999993,5
1436,2485,200,295,0,295,270,15,10,95,95,0,95,465,40,19857.600000000002,42075.0,-22217.399999999998,5
1437,2485,230,280,0,280,275,5,0,105,105,0,105,500,70,43122.10500000001,43350.0,-227.89499999998952,5
1438,2485,225,290,0,290,250,25,15,90,90,0,90,470,90,51671.34000000001,43775.0,7896.340000000009,5
1439,2485,170,275,0,275,225,30,20,105,105,0,100,390,90,55529.100000000006,37825.0,17704.100000000006,5
1440,2485,115,345,0,345,305,35,5,60,60,0,60,415,5,2634.1200000000003,39100.0,-36465.88,5
1441,2485,135,320,0,320,235,55,30,100,100,0,100,365,120,94053.07265625002,38675.0,55378.07265625002,5
1442,2485,150,295,0,295,260,25,10,105,105,0,105,405,75,51223.05,37825.0,13398.050000000003,5
1443,2485,170,320,0,320,315,5,0,65,65,0,65,480,65,42984.270000000004,41650.0,1334.270000000006,5
1444,2485,175,290,0,290,290,0,0,100,100,0,100,460,65,43752.926250000004,39525.0,4227.92625,5
1445,2485,100,350,0,350,290,50,10,70,70,0,70,385,85,56462.08500000001,38250.0,18212.085000000006,5
1446,2485,195,280,0,280,215,65,0,130,130,0,130,405,120,74292.8625,40375.0,33917.8625,5
1447,2485,150,320,0,320,310,5,5,80,80,0,80,455,80,50571.13500000001,39950.0,10621.135000000013,5
1448,2485,135,330,0,330,315,10,5,60,60,0,60,445,20,10360.080000000002,39525.0,-29164.92,5
1449,2485,135,345,0,345,230,90,25,105,105,0,105,360,80,47749.5,40800.0,6949.499999999998,5
1450,2485,130,330,0,330,320,10,0,75,75,0,75,445,55,30742.83,39100.0,-8357.169999999996,5
1451,2485,185,280,0,280,270,10,0,95,95,0,95,450,50,28969.200000000004,39525.0,-10555.799999999996,5
1452,2485,245,280,0,280,215,30,35,75,75,0,75,455,75,51084.34875,44625.0,6459.348749999999,5
1453,2485,200,275,0,275,270,0,5,110,110,0,110,465,85,53839.575,40375.0,13464.574999999995,5
1454,2485,205,295,0,295,275,15,5,105,105,0,100,475,80,46217.16,42500.0,3717.1600000000035,5
1455,2485,90,365,0,365,265,80,20,90,90,0,85,350,50,26691.660000000007,38675.0,-11983.339999999993,5
1456,2485,165,295,0,295,220,65,10,110,110,0,110,380,110,73395.9225,39100.0,34295.92250000001,5
1457,2485,180,285,0,285,240,20,25,80,80,0,80,415,115,82047.21750000003,39525.0,42522.21750000003,5
1458,2485,195,270,0,270,270,0,0,105,105,0,105,460,105,68359.5225,39525.0,28834.522500000014,5
1459,2485,175,290,0,290,275,0,15,90,90,0,90,445,75,44016.48000000001,39525.0,4491.4800000000105,5
1460,2485,140,310,0,310,275,20,15,90,90,0,90,410,50,27284.400000000005,38250.0,-10965.599999999995,5
1461,2485,120,320,0,320,275,45,0,95,95,0,95,390,105,71897.7375,37400.0,34497.7375,5
1462,2485,160,315,0,315,305,0,10,85,85,0,85,460,40,22433.4,40375.0,-17941.6,5
1463,2485,195,280,0,280,265,10,5,100,100,0,95,455,90,63761.57437500002,40375.0,23386.57437500002,5
1464,2485,180,310,0,310,250,30,30,95,95,0,95,425,110,70964.64000000001,41650.0,29314.640000000018,5
1465,2485,145,275,0,275,235,20,20,110,110,0,105,375,120,83956.85718750002,35700.0,48256.85718750003,5
1466,2485,140,320,0,320,290,20,10,80,80,0,80,425,55,32494.140000000007,39100.0,-6605.859999999993,5
1467,2485,215,300,0,300,295,0,5,70,70,0,70,505,55,35288.595,43775.0,-8486.404999999999,5
1468,2485,130,305,0,305,235,35,35,110,110,0,110,360,120,75755.16000000002,36975.0,38780.16000000002,5
1469,2485,120,320,0,320,235,65,20,100,100,0,100,350,65,43722.67500000001,37400.0,6322.675000000008,5
1470,2485,140,320,0,320,315,0,5,55,55,0,55,450,25,14179.5,39100.0,-24920.5,5
1471,2485,100,310,0,310,255,45,10,95,95,0,90,350,55,31040.640000000007,34850.0,-3809.3599999999924,5
1472,2485,240,275,0,275,260,0,15,95,95,0,95,495,75,46822.45500000001,43775.0,3047.455000000009,5
1473,2485,140,290,0,290,285,0,5,80,80,0,80,420,70,47392.99875000001,36550.0,10842.998750000015,5
1474,2485,150,310,0,310,300,0,10,80,80,0,80,445,80,52089.68250000001,39100.0,12989.682500000008,5
1475,2485,145,330,0,330,275,45,10,75,75,0,75,415,45,26635.86,40375.0,-13739.139999999998,5
1476,2485,215,285,0,285,250,0,35,110,110,0,110,460,75,45678.6,42500.0,3178.5999999999967,5
1477,2485,170,310,0,310,265,25,20,90,90,0,90,430,75,48142.8225,40800.0,7342.822500000002,5
1478,2485,165,315,0,315,295,10,10,80,80,0,75,455,95,62006.94,40800.0,21206.940000000002,5
1479,2485,125,290,0,290,285,5,0,95,95,0,95,405,50,27547.380000000005,35275.0,-7727.619999999997,5
1480,2485,140,320,0,320,285,15,20,70,70,0,70,420,85,54477.1125,39100.0,15377.112500000003,5
1481,2485,150,315,0,315,305,0,10,75,75,0,75,450,35,19585.08,39525.0,-19939.92,5
1482,2485,120,325,0,325,295,10,20,100,100,0,100,410,75,43140.51,37825.0,5315.510000000004,5
1483,2485,110,335,0,335,330,5,0,75,75,0,75,435,50,33238.3725,37825.0,-4586.6275,5
1484,2485,220,305,0,305,285,0,20,65,65,0,65,500,75,48171.6,44625.0,3546.5999999999985,5
1485,2485,150,325,0,325,315,0,10,100,100,0,100,460,100,59098.590000000004,40375.0,18723.590000000004,5
1486,2485,145,290,0,290,270,20,0,110,110,0,110,410,80,47127.33,36975.0,10152.330000000002,5
1487,2485,130,315,0,315,210,80,25,130,130,0,125,335,105,66235.77000000002,37825.0,28410.77000000001,5
1488,2485,195,280,0,280,275,5,0,85,85,0,85,465,60,35954.82000000001,40375.0,-4420.179999999996,5
1489,2485,135,320,0,320,275,10,35,115,115,0,115,405,75,44668.17,38675.0,5993.17,5
1490,2485,115,325,0,325,255,50,20,110,110,0,110,365,105,65005.380000000005,37400.0,27605.380000000005,5
1491,2485,165,315,0,315,315,0,0,95,95,0,95,475,65,32969.880000000005,40800.0,-7830.119999999997,5
1492,2485,150,310,0,310,280,30,0,110,110,0,110,425,85,51024.06000000001,39100.0,11924.060000000009,5
1493,2485,145,320,0,320,285,5,30,70,70,0,65,425,100,67442.7825,39525.0,27917.7825,5
1494,2485,90,350,0,350,310,20,20,75,75,0,70,395,80,56596.601250000014,37400.0,19196.601250000014,5
1495,2485,165,295,0,295,285,0,10,100,100,0,95,445,85,49926.420000000006,39100.0,10826.420000000007,5
1496,2485,125,330,0,330,330,0,0,80,80,0,80,450,30,14691.24,38675.0,-23983.760000000002,5
1497,2485,175,305,0,305,275,25,5,85,85,0,80,445,60,35212.59,40800.0,-5587.41,5
1498,2485,120,315,0,315,275,20,20,100,100,0,100,390,65,39173.265000000014,36975.0,2198.2650000000103,5
1499,2485,190,285,0,285,265,15,5,100,100,0,95,450,100,64759.45500000002,40375.0,24384.455000000024,5
1500,2485,150,300,0,300,280,10,10,90,90,0,90,425,80,46793.655,38250.0,8543.654999999999,5
1501,2485,160,290,0,290,260,10,20,115,115,0,115,415,150,101799.92250000003,38250.0,63549.92250000003,5
1502,2485,165,310,0,310,295,0,15,85,85,0,85,455,80,49315.41000000001,40375.0,8940.41000000001,5
1503,2485,80,370,0,370,340,20,10,80,80,0,75,415,45,25835.760000000002,38250.0,-12414.24,5
1504,2485,100,330,0,330,275,40,15,95,95,0,95,370,105,67809.91500000001,36550.0,31259.915000000008,5
1505,2485,55,375,0,375,350,10,15,40,40,0,40,400,20,10185.120000000003,36550.0,-26364.879999999997,5
1506,2485,140,320,0,320,305,0,15,75,75,0,75,440,40,21994.920000000002,39100.0,-17105.079999999998,5
1507,2485,100,315,0,315,290,10,15,100,100,0,95,385,60,36382.32,35275.0,1107.3199999999997,5
1508,2485,105,325,0,325,295,25,5,95,95,0,95,395,90,52933.77000000001,36550.0,16383.770000000013,5
1509,2485,95,340,0,340,310,20,10,85,85,0,85,400,50,28582.379999999997,36975.0,-8392.620000000003,5
1510,2485,120,310,0,310,270,20,20,105,105,0,105,385,85,56423.070000000014,36550.0,19873.070000000014,5
1511,2485,130,340,0,340,335,0,5,70,70,0,70,460,50,26516.340000000004,39950.0,-13433.659999999996,5
1512,2485,210,285,0,285,275,0,10,75,75,0,75,480,85,52516.93500000001,42075.0,10441.935000000012,5
1513,2485,115,335,0,335,290,30,15,95,95,0,95,400,85,52201.71000000001,38250.0,13951.710000000003,5
1514,2485,140,315,0,315,270,15,30,95,95,0,95,405,50,33101.2125,38675.0,-5573.7874999999985,5
1515,2485,220,250,0,250,250,0,0,80,80,0,80,465,65,44931.172500000015,39950.0,4981.1725000000115,5
1516,2485,185,290,0,290,280,5,5,75,75,0,75,460,60,41892.615000000005,40375.0,1517.6150000000052,5
1517,2485,200,280,0,280,280,0,0,95,95,0,95,475,60,34537.229999999996,40800.0,-6262.77,5
1518,2485,135,330,0,330,325,5,0,60,60,0,60,455,85,64605.954375,39525.0,25080.954375,5
1519,2485,95,325,0,325,315,5,5,75,75,0,70,405,75,47237.04000000001,35700.0,11537.040000000006,5
1520,2485,170,305,0,305,265,40,0,85,85,0,85,430,70,44877.87,40375.0,4502.870000000003,5
1521,2485,130,325,0,325,240,80,5,100,100,0,95,365,115,79477.61625,38675.0,40802.61625000001,5
1522,2485,150,285,0,285,270,5,10,85,85,0,85,415,90,58540.657500000016,36975.0,21565.657500000016,5
1523,2485,140,295,0,295,245,20,30,95,95,0,90,380,100,66208.545,36975.0,29233.545000000006,5
1524,2485,175,320,0,320,305,0,15,75,75,0,75,475,50,33349.927500000005,42075.0,-8725.072499999997,5
1525,2485,130,310,0,310,295,15,0,95,95,0,95,420,60,32003.640000000007,37400.0,-5396.359999999995,5
1526,2485,120,310,0,310,295,10,5,75,75,0,75,410,80,49724.145000000004,36550.0,13174.145000000008,5
1527,2485,110,320,0,320,290,15,15,80,80,0,80,395,50,27745.290000000005,36550.0,-8804.709999999995,5
1528,2485,105,335,0,335,325,5,5,75,75,0,75,425,65,38655.90000000001,37400.0,1255.9000000000106,5
1529,2485,165,280,0,280,245,15,20,110,110,0,110,405,100,64302.44625000002,37825.0,26477.446250000023,5
1530,2485,175,285,0,285,265,20,0,120,120,0,120,435,65,38663.68500000001,39100.0,-436.3149999999905,5
1531,2485,100,335,0,335,310,5,20,80,80,0,80,405,65,40288.950000000004,36975.0,3313.9500000000044,5
1532,2485,280,260,0,260,250,0,10,85,85,0,85,525,50,26296.380000000005,45900.0,-19603.619999999995,5
1533,2485,150,340,0,340,315,0,25,55,55,0,55,460,25,15607.080000000002,41650.0,-26042.92,5
1534,2485,160,315,0,315,275,35,5,110,110,0,110,430,90,59163.918750000004,40375.0,18788.918750000004,5
1535,2485,145,305,0,305,250,25,30,105,105,0,100,390,55,28412.46,38250.0,-9837.539999999999,5
1536,2485,155,305,0,305,290,15,0,75,75,0,75,440,40,22947.48,39100.0,-16152.52,5
1537,2485,165,275,0,275,240,35,0,110,110,0,110,400,80,46477.530000000006,37400.0,9077.530000000006,5
1538,2485,130,320,0,320,285,30,5,75,75,0,70,410,85,59883.615,38250.0,21633.614999999998,5
1539,2485,180,285,0,285,285,0,0,95,95,0,95,460,90,58597.24500000001,39525.0,19072.24500000001,5
1540,2485,115,325,0,325,265,35,25,100,100,0,100,375,70,46135.73250000001,37400.0,8735.732500000013,5
1541,2485,135,325,0,325,295,30,0,80,80,0,80,425,55,31395.690000000002,39100.0,-7704.309999999996,5
1542,2485,125,335,0,335,325,5,5,60,60,0,60,445,90,60858.09000000001,39100.0,21758.09000000001,5
1543,2485,120,325,0,325,275,25,25,105,105,0,105,390,65,34352.82,37825.0,-3472.180000000003,5
1544,2485,95,360,0,360,335,0,25,55,55,0,55,425,35,17340.840000000004,38675.0,-21334.159999999996,5
1545,2485,150,335,0,335,295,15,25,100,100,0,100,440,70,42261.390000000014,41225.0,1036.3900000000103,5
1546,2485,150,290,0,290,290,0,0,95,95,0,95,435,155,107352.66375000004,37400.0,69952.66375000004,5
1547,2485,140,315,0,315,310,0,5,65,65,0,65,445,100,65776.36500000002,38675.0,27101.365000000023,5
1548,2485,180,300,0,300,265,0,35,105,105,0,105,440,70,39554.280000000006,40800.0,-1245.719999999992,5
1549,2485,145,310,0,310,290,5,15,90,90,0,90,430,55,31676.94000000001,38675.0,-6998.059999999991,5
1550,2485,155,285,0,285,285,0,0,90,90,0,90,435,85,56390.850000000006,37400.0,18990.85000000001,5
1551,2485,155,315,0,315,305,5,5,85,85,0,85,455,65,42447.19500000001,39950.0,2497.1950000000106,5
1552,2485,125,340,0,340,275,35,30,105,105,0,105,395,145,95650.03125,39525.0,56125.03124999999,5
1553,2485,110,305,0,305,295,5,5,90,90,0,90,400,65,41955.795000000006,35275.0,6680.795000000007,5
1554,2485,120,335,0,335,300,25,10,95,95,0,95,415,75,45903.42,38675.0,7228.419999999996,5
1555,2485,85,370,0,370,320,25,25,65,65,0,65,400,65,42640.020000000004,38675.0,3965.020000000004,5
1556,2485,120,325,0,325,275,35,15,105,105,0,105,390,70,37968.57000000001,37825.0,143.5700000000088,5
1557,2485,220,285,0,285,270,0,15,85,85,0,85,485,85,52875.33750000001,42925.0,9950.337500000005,5
1558,2485,125,310,0,310,290,20,0,75,75,0,75,410,75,53270.774999999994,36975.0,16295.774999999994,5
1559,2485,230,280,0,280,275,0,5,85,85,0,85,500,50,27657.720000000005,43350.0,-15692.279999999995,5
1560,2485,95,340,0,340,305,35,0,90,90,0,90,395,75,46672.020000000004,36975.0,9697.020000000002,5
1561,2485,160,310,0,310,270,25,15,100,100,0,100,425,85,54256.545,39950.0,14306.544999999996,5
1562,2485,110,335,0,335,325,0,10,65,65,0,65,430,60,34577.73,37825.0,-3247.2699999999986,5
1563,2485,135,310,0,310,250,20,40,95,95,0,90,380,80,48225.509999999995,37825.0,10400.509999999995,5
1564,2485,155,280,0,280,280,0,0,90,90,0,90,430,90,62263.32750000002,36975.0,25288.32750000002,5
1565,2485,205,280,0,280,280,0,0,85,85,0,85,480,60,34001.82000000001,41225.0,-7223.179999999993,5
1566,2485,100,345,0,345,270,45,30,70,70,0,65,365,95,67666.73624999999,37825.0,29841.736249999994,5
1567,2485,115,320,0,320,305,15,0,90,90,0,90,415,70,46166.91750000001,36975.0,9191.917500000009,5
1568,2485,185,290,0,290,285,5,0,85,85,0,85,465,80,50777.50500000001,40375.0,10402.50500000001,5
1569,2485,130,320,0,320,290,5,25,95,95,0,95,415,125,81995.265,38250.0,43745.265,5
1570,2485,140,345,0,345,290,35,20,100,100,0,100,425,50,31016.250000000004,41225.0,-10208.749999999996,5
1571,2485,130,345,0,345,290,25,30,85,85,0,85,415,70,42658.064999999995,40375.0,2283.064999999997,5
1572,2485,130,345,0,345,315,0,30,65,65,0,60,440,50,28129.32,40375.0,-12245.680000000002,5
1573,2485,120,310,0,310,285,20,5,95,95,0,95,400,105,68653.2825,36550.0,32103.282500000005,5
1574,2485,180,310,0,310,305,0,5,70,70,0,70,480,70,50411.30062500001,41650.0,8761.300625000013,5
1575,2485,170,295,0,295,275,5,15,95,95,0,95,440,70,42226.24500000001,39525.0,2701.245000000008,5
1576,2485,125,330,0,330,280,35,15,85,85,0,85,400,55,31750.740000000005,38675.0,-6924.259999999995,5
1577,2485,115,310,0,310,310,0,0,70,70,0,70,420,70,43751.07,36125.0,7626.07,5
1578,2485,170,310,0,310,290,0,20,85,85,0,85,455,65,38699.01,40800.0,-2100.989999999997,5
1579,2485,150,340,0,340,245,60,35,75,75,0,75,390,45,28333.755000000005,41650.0,-13316.244999999995,5
1580,2485,170,320,0,320,265,15,40,80,80,0,80,430,65,41904.99,41650.0,254.98999999999796,5
1581,2485,255,280,0,280,280,0,0,85,85,0,85,530,50,30747.375,45475.0,-14727.624999999998,5
1582,2485,90,325,0,325,255,50,20,85,85,0,85,340,70,38759.58,35275.0,3484.580000000001,5
1583,2485,125,305,0,305,270,30,5,85,85,0,85,390,50,31081.950000000004,36550.0,-5468.049999999994,5
1584,2485,140,290,0,290,270,5,15,110,110,0,110,405,70,39985.56,36550.0,3435.5600000000004,5
1585,2485,180,315,0,315,260,10,45,70,70,0,65,435,60,36681.21000000001,42075.0,-5393.7899999999945,5
1586,2485,135,315,0,315,290,20,5,85,85,0,85,420,85,57689.595000000016,38250.0,19439.595000000016,5
1587,2485,215,305,0,305,250,20,35,75,75,0,75,460,65,40011.57,44200.0,-4188.4299999999985,5
1588,2485,155,315,0,315,305,0,10,85,85,0,85,455,35,19755.54,39950.0,-20194.46,5
1589,2485,175,305,0,305,295,0,10,85,85,0,85,465,75,47273.58000000001,40800.0,6473.580000000011,5
1590,2485,150,325,0,325,325,0,0,90,90,0,90,470,70,40598.55,40375.0,223.55000000000473,5
1591,2485,140,330,0,330,280,50,0,100,100,0,100,415,85,46533.60000000001,39950.0,6583.600000000015,5
1592,2485,150,325,0,325,325,0,0,70,70,0,70,470,70,42584.04000000001,40375.0,2209.0400000000045,5
1593,2485,120,325,0,325,305,10,10,80,80,0,80,420,85,54909.72000000001,37825.0,17084.72000000001,5
1594,2485,190,290,0,290,285,0,5,85,85,0,85,470,95,66708.63,40800.0,25908.630000000012,5
1595,2485,160,290,0,290,280,0,10,90,90,0,90,435,135,103708.27687500001,38250.0,65458.27687500001,5
1596,2485,150,305,0,305,300,0,5,90,90,0,85,445,70,43813.03500000001,38675.0,5138.035000000009,5
1597,2485,170,280,0,280,280,0,0,80,80,0,80,445,130,88773.39000000001,38250.0,50523.390000000014,5
1598,2485,225,255,0,255,230,25,0,110,110,0,110,450,115,78556.3171875,40800.0,37756.3171875,5
1599,2485,145,325,0,325,325,0,0,55,55,0,55,465,45,27745.83,39950.0,-12204.169999999998,5
1600,2485,105,320,0,320,295,10,15,80,80,0,80,395,65,43088.895000000004,36125.0,6963.895000000002,5
1601,2485,190,315,0,315,270,30,15,80,80,0,80,455,90,57476.97000000001,42925.0,14551.97000000001,5
1602,2485,170,300,0,300,280,10,10,95,95,0,95,445,110,80024.54203125,39950.0,40074.54203125001,5
1603,2485,160,290,0,290,275,10,5,85,85,0,85,430,85,47969.100000000006,38250.0,9719.100000000008,5
1604,2485,155,305,0,305,295,5,5,105,105,0,105,445,90,56182.792500000025,39100.0,17082.792500000025,5
1605,2485,115,325,0,325,275,40,10,105,105,0,105,385,105,63699.93000000003,37400.0,26299.93000000003,5
1606,2485,150,330,0,330,280,20,30,60,60,0,60,425,40,20749.320000000003,40800.0,-20050.679999999997,5
1607,2485,200,290,0,290,260,10,20,80,80,0,80,455,75,42005.43000000001,41650.0,355.43000000000575,5
1608,2485,150,310,0,310,290,10,10,90,90,0,90,435,95,60888.91500000002,39100.0,21788.915000000023,5
1609,2485,125,340,0,340,305,20,15,65,65,0,65,425,95,62181.855,39525.0,22656.855000000003,5
1610,2485,110,320,0,320,290,0,30,85,85,0,85,395,90,59401.215000000004,36550.0,22851.215000000004,5
1611,2485,155,340,0,340,295,20,25,65,65,0,65,445,40,23070.240000000005,42075.0,-19004.759999999995,5
1612,2485,145,340,0,340,270,50,20,85,85,0,85,410,50,27362.520000000008,41225.0,-13862.479999999992,5
1613,2485,185,280,0,280,280,0,0,75,75,0,70,460,75,50810.354999999996,39525.0,11285.355,5
1614,2485,110,330,0,330,330,0,0,90,90,0,90,435,60,33314.4,37400.0,-4085.5999999999995,5
1615,2485,170,280,0,280,265,0,15,105,105,0,100,430,65,34572.060000000005,38250.0,-3677.939999999994,5
1616,2485,165,300,0,300,280,0,20,110,110,0,110,440,80,46617.57000000001,39525.0,7092.570000000005,5
1617,2485,105,325,0,325,325,0,0,60,60,0,60,425,65,38903.850000000006,36550.0,2353.8500000000067,5
1618,2485,130,320,0,320,235,75,10,105,105,0,105,360,105,64189.8225,38250.0,25939.822500000002,5
1619,2485,240,250,0,250,235,15,0,120,120,0,115,470,105,65942.055,41650.0,24292.055,5
1620,2485,215,290,0,290,280,0,10,90,90,0,90,490,85,56777.76000000001,42925.0,13852.760000000007,5
1621,2485,105,355,0,355,270,55,30,80,80,0,80,370,60,35658.630000000005,39100.0,-3441.369999999997,5
1622,2485,175,305,0,305,270,30,5,75,75,0,75,440,85,50374.26,40800.0,9574.260000000004,5
1623,2485,155,315,0,315,310,5,0,90,90,0,90,460,55,31206.780000000006,39950.0,-8743.219999999992,5
1624,2485,135,335,0,335,335,0,0,50,50,0,50,465,35,21212.910000000003,39950.0,-18737.089999999997,5
1625,2485,105,355,0,355,345,0,10,50,50,0,50,445,45,29508.075000000004,39100.0,-9591.924999999996,5
1626,2485,150,325,0,325,275,50,0,90,90,0,90,420,75,46082.52000000001,40375.0,5707.520000000013,5
1627,2485,80,345,0,345,300,45,0,75,75,0,75,375,90,61856.448749999996,36125.0,25731.44875,5
1628,2485,130,290,0,290,270,10,10,90,90,0,85,395,90,58949.01000000001,35700.0,23249.01000000001,5
1629,2485,220,285,0,285,265,10,10,95,95,0,90,480,75,45175.68,42925.0,2250.680000000002,5
1630,2485,175,310,0,310,310,0,0,80,80,0,80,480,50,27952.560000000005,41225.0,-13272.439999999997,5
1631,2485,140,330,0,330,290,30,10,70,70,0,70,425,110,72577.91250000002,39950.0,32627.91250000002,5
1632,2485,125,305,0,305,300,5,0,85,85,0,85,420,85,57316.23,36550.0,20766.230000000003,5
1633,2485,150,310,0,310,305,5,0,80,80,0,80,450,85,52390.62000000002,39100.0,13290.620000000017,5
1634,2485,155,310,0,310,270,0,40,80,80,0,80,420,105,72318.69,39525.0,32793.689999999995,5
1635,2485,190,260,0,260,220,30,10,120,120,0,115,405,180,129390.84000000005,38250.0,91140.84000000005,5
1636,2485,150,300,0,300,270,15,15,125,125,0,125,415,115,62692.470000000016,38250.0,24442.470000000012,5
1637,2485,205,280,0,280,260,0,20,90,90,0,90,460,90,57231.135,41225.0,16006.135000000004,5
1638,2485,225,255,0,255,240,0,15,100,100,0,100,460,80,55281.746250000026,40800.0,14481.746250000024,5
1639,2485,120,330,0,330,295,25,10,95,95,0,95,410,15,7242.4800000000005,38250.0,-31007.52,5
1640,2485,160,310,0,310,275,15,20,120,120,0,120,430,90,56959.55999999999,39950.0,17009.55999999999,5
1641,2485,170,310,0,310,305,0,5,65,65,0,65,470,55,33364.89,40800.0,-7435.11,5
1642,2485,140,305,0,305,295,10,0,80,80,0,80,430,65,39429.045000000006,37825.0,1604.0450000000055,5
1643,2485,145,310,0,310,295,0,15,110,110,0,110,435,70,44233.60500000001,38675.0,5558.605000000007,5
1644,2485,150,310,0,310,260,30,20,110,110,0,110,405,90,52990.29000000001,39100.0,13890.290000000005,5
1645,2485,210,295,0,295,280,5,10,105,105,0,105,485,80,48536.19,42925.0,5611.190000000006,5
1646,2485,160,300,0,300,265,30,5,115,115,0,115,420,70,39966.840000000004,39100.0,866.840000000002,5
1647,2485,170,305,0,305,290,0,15,55,55,0,55,455,40,27470.97000000001,40375.0,-12904.029999999993,5
1648,2485,120,320,0,320,275,15,30,85,85,0,85,390,85,58722.0975,37400.0,21322.0975,5
1649,2485,110,325,0,325,295,15,15,105,105,0,100,400,80,44492.94000000001,36975.0,7517.940000000008,5
1650,2485,160,320,0,320,315,0,5,75,75,0,75,470,30,16582.680000000004,40800.0,-24217.32,5
1651,2485,140,310,0,310,290,10,10,75,75,0,75,425,55,36990.810000000005,38250.0,-1259.1899999999941,5
1652,2485,260,280,0,280,250,10,20,70,70,0,70,505,20,11764.439999999999,45900.0,-34135.56,5
1653,2485,95,345,0,345,325,0,20,60,60,0,60,415,25,12774.960000000001,37400.0,-24625.04,5
1654,2485,145,335,0,335,320,0,15,75,75,0,75,460,50,31605.93,40800.0,-9194.070000000002,5
1655,2485,150,305,0,305,300,5,0,70,70,0,70,445,85,54710.37,38675.0,16035.370000000003,5
1656,2485,110,335,0,335,290,30,15,100,100,0,100,395,85,52318.44,37825.0,14493.44,5
1657,2485,180,285,0,285,280,0,5,70,70,0,65,455,105,73438.875,39525.0,33913.87500000001,5
1658,2485,110,355,0,355,325,30,0,40,40,0,40,430,40,24411.69,39525.0,-15113.310000000001,5
1659,2485,120,335,0,335,265,70,0,110,110,0,110,380,85,48863.92500000002,38675.0,10188.925000000017,5
1660,2485,160,280,0,280,275,5,0,105,105,0,105,430,125,92159.06976562501,37400.0,54759.06976562501,5
1661,2485,185,275,0,275,260,0,15,125,125,0,120,440,95,50749.380000000005,39100.0,11649.380000000001,5
1662,2485,170,295,0,295,280,0,15,85,85,0,85,445,85,50124.06000000002,39525.0,10599.060000000018,5
1663,2485,155,295,0,295,265,20,10,100,100,0,100,415,110,70552.23750000002,38250.0,32302.23750000001,5
1664,2485,175,315,0,315,300,0,15,75,75,0,75,470,65,39011.490000000005,41650.0,-2638.509999999992,5
1665,2485,220,275,0,275,255,20,0,85,85,0,85,470,65,38182.68000000001,42075.0,-3892.319999999995,5
1666,2485,125,335,0,335,300,10,25,85,85,0,85,420,40,19931.04,39100.0,-19168.96,5
1667,2485,100,320,0,320,305,10,5,90,90,0,90,400,110,72114.705,35700.0,36414.705,5
1668,2485,170,305,0,305,290,0,15,85,85,0,85,455,50,27055.62,40375.0,-13319.380000000001,5
1669,2485,145,315,0,315,315,0,0,65,65,0,65,455,45,26066.430000000004,39100.0,-13033.569999999996,5
1670,2485,130,310,0,310,290,10,10,100,100,0,100,415,90,61040.520000000004,37400.0,23640.520000000004,5
1671,2485,155,310,0,310,270,20,20,90,90,0,90,420,60,32973.12,39525.0,-6551.8799999999965,5
1672,2485,105,335,0,335,330,0,5,75,75,0,70,430,70,41541.840000000004,37400.0,4141.840000000002,5
1673,2485,195,280,0,280,250,0,30,110,110,0,110,440,100,64292.58000000001,40375.0,23917.58000000001,5
1674,2485,125,335,0,335,295,20,20,95,95,0,95,415,60,32413.320000000003,39100.0,-6686.679999999997,5
1675,2485,185,285,0,285,270,5,10,85,85,0,85,450,55,34365.87,39950.0,-5584.13,5
1676,2485,200,295,0,295,290,5,0,120,120,0,120,485,60,34318.8,42075.0,-7756.199999999999,5
1677,2485,130,290,0,290,290,0,0,110,110,0,110,415,145,99686.76750000002,35700.0,63986.76750000002,5
1678,2485,140,325,0,325,295,25,5,65,65,0,65,430,50,25295.400000000005,39525.0,-14229.599999999995,5
1679,2485,110,325,0,325,255,45,25,105,105,0,100,360,45,25312.68,36975.0,-11662.32,5
1680,2485,130,325,0,325,240,60,25,120,120,0,120,365,75,41289.21000000001,38675.0,2614.2100000000028,5
1681,2485,95,355,0,355,325,5,25,80,80,0,80,415,60,33762.329999999994,38250.0,-4487.670000000003,5
1682,2485,180,310,0,310,310,0,0,90,90,0,90,485,45,25462.800000000007,41650.0,-16187.199999999993,5
1683,2485,195,305,0,305,300,5,0,85,85,0,85,490,85,53180.77500000001,42500.0,10680.775000000012,5
1684,2485,155,320,0,320,310,0,10,75,75,0,75,460,50,31204.035,40375.0,-9170.965,5
1685,2485,185,300,0,300,290,10,0,80,80,0,80,470,55,34242.21000000001,41225.0,-6982.789999999995,5
1686,2485,175,285,0,285,235,50,0,120,120,0,115,405,100,58358.250000000015,39100.0,19258.250000000015,5
1687,2485,155,320,0,320,320,0,0,45,45,0,45,470,30,21637.620000000003,40375.0,-18737.379999999997,5
1688,2485,180,325,0,325,265,60,0,95,95,0,95,440,60,33511.05,42925.0,-9413.949999999995,5
1689,2485,120,350,0,350,280,50,20,100,100,0,100,395,35,18578.880000000005,39950.0,-21371.119999999995,5
1690,2485,120,320,0,320,300,10,10,85,85,0,80,415,75,44800.83,37400.0,7400.830000000005,5
1691,2485,175,315,0,315,280,10,25,90,90,0,90,450,90,55392.84000000001,41650.0,13742.840000000015,5
1692,2485,200,295,0,295,275,15,5,65,65,0,65,470,65,41919.795000000006,42075.0,-155.2049999999963,5
1693,2485,145,305,0,305,280,20,5,115,115,0,110,420,120,79700.43375,38250.0,41450.43375,5
1694,2485,125,285,0,285,250,35,0,115,115,0,115,370,125,82073.58750000001,34850.0,47223.58750000001,5
1695,2485,195,305,0,305,290,0,15,55,55,0,55,480,75,53085.65625,42500.0,10585.656250000002,5
1696,2485,165,305,0,305,305,0,0,75,75,0,75,465,60,34738.65000000001,39950.0,-5211.349999999993,5
1697,2485,150,320,0,320,295,0,25,80,80,0,80,440,90,59067.4725,39950.0,19117.472500000003,5
1698,2485,160,325,0,325,300,15,10,85,85,0,85,455,95,64630.63125000002,41225.0,23405.631250000024,5
1699,2485,235,290,0,290,270,10,10,85,85,0,85,500,55,30953.790000000005,44625.0,-13671.209999999995,5
1700,2485,150,320,0,320,240,55,25,95,95,0,95,385,65,39029.40000000001,39950.0,-920.5999999999949,5
1701,2485,170,290,0,290,290,0,0,85,85,0,80,455,95,63225.64125000001,39100.0,24125.641250000008,5
1702,2485,125,325,0,325,320,5,0,65,65,0,65,440,50,29866.409999999996,38250.0,-8383.590000000004,5
1703,2485,165,305,0,305,280,15,10,95,95,0,95,440,65,39653.86500000001,39950.0,-296.1349999999902,5
1704,2485,105,340,0,340,315,10,15,85,85,0,85,415,55,32008.050000000007,37825.0,-5816.9499999999925,5
1705,2485,150,320,0,320,295,5,20,90,90,0,90,440,70,44157.600000000006,39950.0,4207.600000000002,5
1706,2485,145,300,0,300,285,5,10,75,75,0,75,425,75,46999.98000000001,37825.0,9174.980000000014,5
1707,2485,140,295,0,295,295,0,0,90,90,0,90,430,60,32095.44000000001,36975.0,-4879.559999999992,5
1708,2485,205,260,0,260,240,0,20,100,100,0,100,440,135,93111.85125000002,39525.0,53586.85125000002,5
1709,2485,100,340,0,340,290,20,30,85,85,0,85,385,40,20703.600000000002,37400.0,-16696.399999999998,5
1710,2485,185,275,0,275,260,15,0,90,90,0,85,440,55,35171.325000000004,39100.0,-3928.674999999994,5
1711,2485,175,265,0,265,235,30,0,115,115,0,115,405,100,61716.46500000001,37400.0,24316.465000000007,5
1712,2485,165,325,0,325,310,0,15,70,70,0,70,470,45,25472.52,41650.0,-16177.48,5
1713,2485,180,295,0,295,290,0,5,70,70,0,70,465,80,47004.66,40375.0,6629.6600000000035,5
1714,2485,130,310,0,310,295,5,10,95,95,0,90,420,90,54136.620000000024,37400.0,16736.62000000002,5
1715,2485,265,270,0,270,270,0,0,85,85,0,85,530,60,31185.539999999997,45475.0,-14289.460000000003,5
1716,2485,180,305,0,305,255,45,5,85,85,0,85,430,75,50633.43750000001,41225.0,9408.43750000001,5
1717,2485,180,295,0,295,290,0,5,100,100,0,95,465,50,26258.04,40375.0,-14116.96,5
1718,2485,145,295,0,295,295,0,0,105,105,0,105,435,70,44990.46000000001,37400.0,7590.460000000003,5
1719,2485,120,340,0,340,325,0,15,90,90,0,90,440,55,31738.770000000004,39100.0,-7361.229999999996,5
1720,2485,175,270,0,270,250,10,10,90,90,0,90,420,125,89381.84062500001,37825.0,51556.840625000004,5
1721,2485,155,290,0,290,250,10,30,85,85,0,80,400,90,61446.06000000001,37825.0,23621.060000000016,5
1722,2485,220,275,0,275,270,0,5,95,95,0,95,485,65,41431.590000000004,42075.0,-643.4099999999944,5
1723,2485,150,310,0,310,245,55,10,110,110,0,110,390,80,52338.060000000005,39100.0,13238.060000000005,5
1724,2485,150,315,0,315,270,30,15,95,95,0,95,415,50,28873.440000000002,39525.0,-10651.56,5
1725,2485,175,310,0,310,260,30,20,110,110,0,110,430,80,46450.170000000006,41225.0,5225.170000000007,5
1726,2485,115,330,0,330,295,30,5,75,75,0,70,405,60,38778.885,37825.0,953.8850000000048,5
1727,2485,240,275,0,275,270,0,5,60,60,0,60,505,95,67422.0515625,43775.0,23647.0515625,5
1728,2485,155,310,0,310,285,10,15,85,85,0,80,435,70,41712.39000000001,39525.0,2187.390000000005,5
1729,2485,200,295,0,295,270,20,5,80,80,0,80,465,70,43520.98500000001,42075.0,1445.9850000000097,5
1730,2485,185,310,0,310,295,5,10,75,75,0,75,475,60,35384.13000000001,42075.0,-6690.869999999991,5
1731,2485,90,380,0,380,320,15,45,60,60,0,60,405,30,14859.72,39950.0,-25090.280000000002,5
1732,2485,160,305,0,305,285,5,15,85,85,0,85,440,80,53671.77562500001,39525.0,14146.77562500001,5
1733,2485,115,315,0,315,310,5,0,80,80,0,80,420,95,60052.77000000001,36550.0,23502.77000000001,5
1734,2485,165,305,0,305,295,0,10,75,75,0,75,455,50,29347.560000000005,39950.0,-10602.439999999997,5
1735,2485,145,310,0,310,270,25,15,95,95,0,95,410,105,67306.24125,38675.0,28631.241250000014,5
1736,2485,130,335,0,335,290,35,10,85,85,0,85,415,85,50451.12000000002,39525.0,10926.120000000019,5
1737,2485,110,315,0,315,315,0,0,90,90,0,90,420,105,64865.91375,36125.0,28740.91375,5
1738,2485,115,335,0,335,290,25,20,75,75,0,75,400,65,36747.27,38250.0,-1502.7300000000014,5
1739,2485,145,315,0,315,300,5,10,75,75,0,70,440,70,44911.62,39100.0,5811.620000000003,5
1740,2485,165,290,0,290,270,0,20,100,100,0,95,430,95,58681.9125,38675.0,20006.9125,5
1741,2485,160,310,0,310,270,10,30,85,85,0,85,425,45,26533.260000000002,39950.0,-13416.74,5
1742,2485,150,310,0,310,305,0,5,85,85,0,85,450,65,40418.01000000001,39100.0,1318.0100000000084,5
1743,2485,150,305,0,305,255,35,15,80,80,0,80,400,95,63723.7575,38675.0,25048.7575,5
1744,2485,180,320,0,320,265,10,45,75,75,0,75,440,45,27896.58000000001,42500.0,-14603.419999999991,5
1745,2485,115,315,0,315,305,5,5,85,85,0,85,415,45,25848.359999999997,36550.0,-10701.640000000003,5
1746,2485,185,295,0,295,285,5,5,75,75,0,75,465,65,40378.725000000006,40800.0,-421.27499999999145,5
1747,2485,160,295,0,295,235,50,10,100,100,0,100,390,120,74664.81,38675.0,35989.81,5
1748,2485,130,315,0,315,305,5,5,105,105,0,105,430,70,42200.55,37825.0,4375.550000000003,5
1749,2485,130,300,0,300,240,35,25,105,105,0,105,365,125,81428.91750000001,36550.0,44878.91750000002,5
1750,2485,190,285,0,285,265,20,0,85,85,0,85,450,85,58051.395000000004,40375.0,17676.395000000004,5
1751,2485,150,320,0,320,305,0,15,75,75,0,75,450,85,50848.47000000001,39950.0,10898.470000000007,5
1752,2485,105,340,0,340,295,30,15,95,95,0,95,395,65,36284.49,37825.0,-1540.5099999999993,5
1753,2485,160,315,0,315,305,0,10,70,70,0,65,460,70,41563.35,40375.0,1188.3500000000004,5
1754,2485,215,315,0,315,310,0,5,65,65,0,65,520,75,49946.94000000002,45050.0,4896.940000000013,5
1755,2485,115,340,0,340,280,45,15,85,85,0,85,390,65,40738.185000000005,38675.0,2063.1850000000077,5
1756,2485,135,305,0,305,260,35,10,110,110,0,105,390,70,40754.700000000004,37400.0,3354.700000000007,5
1757,2485,215,280,0,280,250,20,10,85,85,0,85,460,55,33464.07000000001,42075.0,-8610.929999999993,5
1758,2485,180,310,0,310,285,0,25,80,80,0,80,460,65,38238.12,41650.0,-3411.8799999999965,5
1759,2485,190,305,0,305,260,30,15,75,75,0,75,445,55,31307.4,42075.0,-10767.599999999999,5
1760,2485,120,320,0,320,290,15,15,95,95,0,95,405,75,46612.485000000015,37400.0,9212.485000000015,5
1761,2485,165,305,0,305,305,0,0,100,100,0,100,465,65,39215.43000000001,39950.0,-734.5699999999943,5
1762,2485,185,300,0,300,300,0,0,75,75,0,75,480,85,58018.06125000002,41225.0,16793.06125000002,5
1763,2485,195,275,0,275,270,5,0,85,85,0,80,460,75,45998.70750000001,39950.0,6048.7075000000095,5
1764,2485,135,295,0,295,290,0,5,90,90,0,90,420,60,34840.26,36550.0,-1709.739999999997,5
1765,2485,195,285,0,285,280,0,5,85,85,0,85,470,65,40548.195,40800.0,-251.80499999999938,5
1766,2485,120,320,0,320,305,5,10,70,70,0,70,420,65,41429.65500000001,37400.0,4029.6550000000116,5
1767,2485,140,310,0,310,285,15,10,80,80,0,80,420,85,52812.000000000015,38250.0,14562.000000000016,5
1768,2485,95,335,0,335,285,45,5,75,75,0,75,375,100,74223.50625000002,36550.0,37673.50625000002,5
1769,2485,170,290,0,290,260,15,15,95,95,0,95,425,85,52506.045,39100.0,13406.044999999995,5
1770,2485,105,335,0,335,325,0,10,80,80,0,80,425,35,18223.56,37400.0,-19176.44,5
1771,2485,145,300,0,300,290,5,5,85,85,0,85,430,100,61563.33000000002,37825.0,23738.330000000024,5
1772,2485,160,315,0,315,305,0,10,80,80,0,75,460,35,18819.18,40375.0,-21555.820000000003,5
1773,2485,140,290,0,290,270,0,20,95,95,0,95,405,75,44231.44500000001,36550.0,7681.445000000003,5
1774,2485,200,280,0,280,270,0,10,100,100,0,100,465,105,65685.96,40800.0,24885.960000000006,5
1775,2485,190,305,0,305,265,15,25,100,100,0,100,450,105,63077.265000000014,42075.0,21002.265000000014,5
1776,2485,180,290,0,290,270,5,15,95,95,0,95,445,75,47269.485000000015,39950.0,7319.485000000013,5
1777,2485,175,335,0,335,305,10,20,65,65,0,65,475,70,47949.5475,43350.0,4599.547499999999,5
1778,2485,110,320,0,320,285,15,20,95,95,0,95,390,110,77293.42312500003,36550.0,40743.42312500004,5
1779,2485,155,305,0,305,285,0,20,80,80,0,80,435,65,38029.68000000001,39100.0,-1070.3199999999924,5
1780,2485,150,315,0,315,310,5,0,70,70,0,70,455,105,67628.61000000002,39525.0,28103.610000000008,5
1781,2485,155,315,0,315,275,15,25,85,85,0,85,425,80,48164.58,39950.0,8214.580000000005,5
1782,2485,175,265,0,265,220,30,15,120,120,0,120,390,120,71489.34000000003,37400.0,34089.340000000026,5
1783,2485,115,335,0,335,305,10,20,75,75,0,75,415,35,18908.100000000002,38250.0,-19341.899999999998,5
1784,2485,100,335,0,335,320,0,15,80,80,0,75,415,45,27054.09,36975.0,-9920.91,5
1785,2485,160,295,0,295,280,15,0,75,75,0,75,435,90,56895.12000000001,38675.0,18220.120000000006,5
1786,2485,130,325,0,325,320,0,5,80,80,0,80,445,55,34565.13,38675.0,-4109.870000000001,5
1787,2485,150,300,0,300,295,5,0,100,100,0,100,440,65,40240.755,38250.0,1990.7549999999992,5
1788,2485,160,315,0,315,295,10,10,100,100,0,100,450,100,63730.327500000014,40375.0,23355.327500000014,5
1789,2485,245,270,0,270,270,0,0,110,110,0,110,510,70,36346.14000000001,43775.0,-7428.859999999995,5
1790,2485,65,355,0,355,310,25,20,55,55,0,55,370,55,35522.685000000005,35700.0,-177.31499999999414,5
1791,2485,165,285,0,285,270,5,10,100,100,0,100,430,80,56442.53250000001,38250.0,18192.53250000001,5
1792,2485,125,325,0,325,310,5,10,65,65,0,65,430,70,45086.850000000006,38250.0,6836.850000000004,5
1793,2485,160,290,0,290,280,5,5,100,100,0,100,435,80,48161.34000000001,38250.0,9911.34000000001,5
1794,2485,160,285,0,285,255,25,5,85,85,0,80,410,100,64833.75000000001,37825.0,27008.750000000007,5
1795,2485,110,335,0,335,285,40,10,80,80,0,80,390,80,52786.77750000001,37825.0,14961.777500000007,5
1796,2485,165,295,0,295,280,10,5,90,90,0,90,440,75,51772.63500000001,39100.0,12672.63500000001,5
1797,2485,130,325,0,325,320,0,5,75,75,0,75,445,45,24935.760000000002,38675.0,-13739.24,5
1798,2485,180,305,0,305,290,0,15,75,75,0,75,465,80,55751.36625,41225.0,14526.366250000001,5
1799,2485,165,275,0,275,255,20,0,120,120,0,120,415,80,52005.01500000002,37400.0,14605.015000000021,5
1800,2485,210,265,0,265,255,0,10,100,100,0,100,460,75,44839.170000000006,40375.0,4464.170000000004,5
1801,2485,175,305,0,305,280,20,5,100,100,0,95,450,80,49685.44500000001,40800.0,8885.445000000009,5
1802,2485,165,325,0,325,290,5,30,90,90,0,90,450,70,40246.65000000001,41650.0,-1403.3499999999913,5
1803,2485,125,315,0,315,295,20,0,100,100,0,100,415,50,28564.29,37400.0,-8835.71,5
1804,2485,245,260,0,260,245,10,5,95,95,0,95,485,85,55412.673750000016,42925.0,12487.673750000013,5
1805,2485,170,300,0,300,260,25,15,105,105,0,105,425,90,55013.53500000001,39950.0,15063.53500000001,5
1806,2485,225,300,0,300,250,25,25,115,115,0,115,470,85,52643.20500000001,44625.0,8018.205000000007,5
1807,2485,140,330,0,330,285,25,20,85,85,0,85,420,60,33698.16,39950.0,-6251.839999999993,5
1808,2485,110,320,0,320,295,10,15,90,90,0,85,400,75,42123.15000000001,36550.0,5573.150000000005,5
1809,2485,125,310,0,310,280,15,15,100,100,0,95,400,65,36951.75,36975.0,-23.25000000000273,5
1810,2485,155,310,0,310,280,20,10,110,110,0,110,430,130,84922.13250000002,39525.0,45397.13250000002,5
1811,2485,125,330,0,330,275,45,10,85,85,0,85,395,80,51957.83250000001,38675.0,13282.832500000013,5
1812,2485,110,320,0,320,300,0,20,95,95,0,90,405,95,57728.74500000001,36550.0,21178.74500000001,5
1813,2485,160,300,0,300,260,40,0,100,100,0,100,415,115,78764.67562500002,39100.0,39664.67562500002,5
1814,2485,130,340,0,340,330,0,10,70,70,0,70,455,45,32131.800000000003,39950.0,-7818.199999999997,5
1815,2485,180,295,0,295,265,0,30,85,85,0,85,440,50,28228.320000000007,40375.0,-12146.679999999993,5
1816,2485,185,310,0,310,290,15,5,80,80,0,80,470,50,26890.020000000004,42075.0,-15184.979999999996,5
1817,2485,180,300,0,300,275,5,20,85,85,0,85,450,70,43494.750000000015,40800.0,2694.7500000000127,5
1818,2485,170,300,0,300,280,15,5,110,110,0,110,445,90,57852.18000000001,39950.0,17902.180000000008,5
1819,2485,205,265,0,265,235,20,10,120,120,0,120,435,100,58266.85500000001,39950.0,18316.855000000014,5
1820,2485,155,345,0,345,310,30,5,65,65,0,65,460,20,9754.560000000001,42500.0,-32745.44,5
1821,2485,105,300,0,300,265,35,0,90,90,0,90,365,135,97231.52250000002,34425.0,62806.52250000003,5
1822,2485,175,280,0,280,275,0,5,90,90,0,85,445,60,32912.64,38675.0,-5762.360000000003,5
1823,2485,165,315,0,315,315,0,0,70,70,0,70,475,65,46587.611250000016,40800.0,5787.611250000018,5
1824,2485,185,295,0,295,255,15,25,100,100,0,100,435,75,47007.315,40800.0,6207.314999999999,5
1825,2485,190,290,0,290,265,0,25,125,125,0,125,450,115,68524.335,40800.0,27724.33500000001,5
1826,2485,175,290,0,290,275,15,0,85,85,0,85,445,85,58287.69000000001,39525.0,18762.69000000001,5
1827,2485,135,315,0,315,290,5,20,75,75,0,75,420,105,70845.25500000002,38250.0,32595.255000000026,5
1828,2485,120,320,0,320,310,10,0,95,95,0,95,425,60,34700.850000000006,37400.0,-2699.149999999995,5
1829,2485,260,250,0,250,245,0,5,120,120,0,115,500,95,57010.05000000001,43350.0,13660.05000000001,5
1830,2485,205,275,0,275,255,0,20,85,85,0,85,455,45,27350.280000000006,40800.0,-13449.719999999994,5
1831,2485,145,330,0,330,330,0,0,80,80,0,80,470,65,37136.7,40375.0,-3238.2999999999993,5
1832,2485,125,315,0,315,280,30,5,95,95,0,95,400,155,114883.49671875002,37400.0,77483.49671875002,5
1833,2485,235,265,0,265,260,0,5,100,100,0,95,490,95,61666.78500000001,42500.0,19166.78500000001,5
1834,2485,210,285,0,285,280,0,5,95,95,0,95,485,105,65135.79000000001,42075.0,23060.790000000008,5
1835,2485,180,290,0,290,245,25,20,85,85,0,85,420,115,86142.24808593754,39950.0,46192.248085937536,5
1836,2485,145,305,0,305,265,40,0,90,90,0,90,405,90,53908.560000000005,38250.0,15658.560000000007,5
1837,2485,175,320,0,320,270,25,25,90,90,0,90,440,50,26900.640000000003,42075.0,-15174.359999999997,5
1838,2485,155,305,0,305,275,25,5,75,75,0,75,425,35,21317.040000000008,39100.0,-17782.959999999992,5
1839,2485,185,275,0,275,245,0,30,115,115,0,115,425,115,68087.61000000002,39100.0,28987.610000000022,5
1840,2485,165,315,0,315,295,10,10,80,80,0,80,455,60,39417.79500000001,40800.0,-1382.20499999999,5
1841,2485,185,315,0,315,310,0,5,75,75,0,75,490,40,19623.600000000002,42500.0,-22876.399999999998,5
1842,2485,125,315,0,315,300,0,15,95,95,0,95,420,70,42496.24500000001,37400.0,5096.245000000008,5
1843,2485,165,275,0,275,240,5,30,90,90,0,85,400,110,76818.35250000002,37400.0,39418.35250000002,5
1844,2485,125,300,0,300,290,5,5,65,65,0,65,410,80,57394.63125000001,36125.0,21269.631250000013,5
1845,2485,190,290,0,290,265,0,25,75,75,0,70,450,70,40022.280000000006,40800.0,-777.7199999999948,5
1846,2485,160,310,0,310,270,20,20,85,85,0,80,425,25,13872.78,39950.0,-26077.219999999998,5
1847,2485,220,285,0,285,250,5,30,85,85,0,80,465,45,25594.2,42925.0,-17330.8,5
1848,2485,130,320,0,320,225,75,20,115,115,0,115,350,95,57309.097499999996,38250.0,19059.097499999996,5
1849,2485,245,255,0,255,235,5,15,100,100,0,100,475,65,36086.76,42500.0,-6413.239999999996,5
1850,2485,200,290,0,290,275,5,10,110,110,0,110,470,60,32786.64,41650.0,-8863.360000000002,5
1851,2485,125,320,0,320,275,30,15,105,105,0,105,395,45,26783.190000000002,37825.0,-11041.809999999996,5
1852,2485,120,360,0,360,325,25,10,80,80,0,80,440,35,17577.360000000004,40800.0,-23222.639999999996,5
1853,2485,100,335,0,335,300,15,20,70,70,0,70,395,55,28951.740000000005,36975.0,-8023.259999999996,5
1854,2485,150,330,0,330,325,0,5,55,55,0,50,470,70,42492.78,40800.0,1692.7800000000025,5
1855,2485,115,325,0,325,290,30,5,75,75,0,75,400,130,87368.8725,37400.0,49968.8725,5
1856,2485,155,320,0,320,300,0,20,60,60,0,60,450,60,36649.62,40375.0,-3725.3799999999956,5
1857,2485,205,260,0,260,250,10,0,90,90,0,90,450,90,62159.06250000001,39525.0,22634.062500000007,5
1858,2485,130,315,0,315,295,5,15,95,95,0,95,420,60,35364.87,37825.0,-2460.129999999999,5
1859,2485,155,285,0,285,260,5,20,95,95,0,90,410,85,55122.704999999994,37400.0,17722.704999999994,5
1860,2485,175,290,0,290,290,0,0,75,75,0,75,460,80,50486.58,39525.0,10961.580000000004,5
1861,2485,145,310,0,310,265,45,0,110,110,0,110,405,65,44259.50250000001,38675.0,5584.502500000008,5
1862,2485,160,335,0,335,310,0,25,70,70,0,70,465,65,42384.73500000001,42075.0,309.7350000000097,5
1863,2485,155,280,0,280,265,15,0,85,85,0,85,415,70,48915.945,36975.0,11940.945000000002,5
1864,2485,140,350,0,350,295,10,45,55,55,0,55,430,35,18252.720000000005,41650.0,-23397.279999999995,5
1865,2485,135,315,0,315,265,15,35,105,105,0,105,395,75,47907.315,38250.0,9657.314999999999,5
1866,2485,110,325,0,325,295,20,10,75,75,0,75,400,80,49367.16000000001,36975.0,12392.160000000013,5
1867,2485,170,310,0,310,305,0,5,75,75,0,75,470,60,40459.95000000001,40800.0,-340.04999999998745,5
1868,2485,200,265,0,265,250,10,5,85,85,0,85,445,165,124950.17531250004,39525.0,85425.17531250004,5
1869,2485,135,285,0,285,270,15,0,90,90,0,90,400,125,88169.68125,35700.0,52469.681249999994,5
1870,2485,150,315,0,315,300,15,0,95,95,0,95,445,80,47800.619999999995,39525.0,8275.619999999999,5
1871,2485,150,290,0,290,285,0,5,95,95,0,95,430,80,54409.905000000006,37400.0,17009.905000000006,5
1872,2485,145,325,0,325,275,45,5,85,85,0,85,415,60,34133.22,39950.0,-5816.779999999999,5
1873,2485,185,305,0,305,280,25,0,80,80,0,75,460,30,16397.1,41650.0,-25252.9,5
1874,2485,135,330,0,330,290,10,30,65,65,0,65,420,60,39712.680000000015,39525.0,187.68000000001393,5
1875,2485,220,250,0,250,245,5,0,95,95,0,95,460,140,94633.42500000002,39950.0,54683.425000000025,5
1876,2485,200,275,0,275,245,25,5,115,115,0,115,440,85,48848.76,40375.0,8473.760000000002,5
1877,2485,165,300,0,300,290,10,0,85,85,0,85,450,85,53378.32500000001,39525.0,13853.325000000013,5
1878,2485,160,285,0,285,260,10,15,105,105,0,100,415,50,28557.360000000004,37825.0,-9267.639999999996,5
1879,2485,175,300,0,300,300,0,0,85,85,0,85,470,85,55589.26500000001,40375.0,15214.265000000005,5
1880,2485,115,335,0,335,335,0,0,45,45,0,45,445,40,23860.26,38250.0,-14389.740000000002,5
1881,2485,195,310,0,310,285,0,25,85,85,0,85,475,80,52273.21500000001,42925.0,9348.21500000001,5
1882,2485,120,315,0,315,280,5,30,95,95,0,95,395,125,85180.275,36975.0,48205.275,5
1883,2485,115,330,0,330,305,10,15,85,85,0,85,415,55,29532.420000000006,37825.0,-8292.579999999994,5
1884,2485,165,285,0,285,285,0,0,105,105,0,105,445,85,52465.747500000005,38250.0,14215.747500000007,5
1885,2485,120,330,0,330,315,0,15,85,85,0,85,430,75,44493.3,38250.0,6243.299999999999,5
1886,2485,105,330,0,330,320,0,10,70,70,0,70,420,35,17560.440000000002,36975.0,-19414.559999999998,5
1887,2485,140,305,0,305,265,40,0,75,75,0,75,400,80,47094.57000000001,37825.0,9269.570000000003,5
1888,2485,180,290,0,290,275,0,15,60,60,0,60,450,40,27086.130000000005,39950.0,-12863.869999999997,5
1889,2485,105,355,0,355,345,0,10,55,55,0,55,445,50,32109.795,39100.0,-6990.205000000001,5
1890,2485,200,275,0,275,225,20,30,85,85,0,80,420,115,83133.27562500001,40375.0,42758.27562500001,5
1891,2485,175,295,0,295,280,5,10,75,75,0,70,450,70,43100.100000000006,39950.0,3150.100000000002,5
1892,2485,110,335,0,335,275,40,20,75,75,0,75,380,85,48883.320000000014,37825.0,11058.320000000012,5
1893,2485,145,325,0,325,300,20,5,70,70,0,70,440,60,36722.61000000001,39950.0,-3227.3899999999912,5
1894,2485,75,355,0,355,335,15,5,55,55,0,55,405,65,41377.005000000005,36550.0,4827.005000000008,5
1895,2485,135,315,0,315,305,5,5,80,80,0,80,435,55,32582.250000000004,38250.0,-5667.749999999996,5
1896,2485,140,335,0,335,305,10,20,80,80,0,80,440,110,73319.00625000002,40375.0,32944.00625000002,5
1897,2485,135,330,0,330,295,10,25,70,70,0,70,425,40,22959.809999999998,39525.0,-16565.190000000002,5
1898,2485,145,295,0,295,285,0,10,85,85,0,85,425,85,51079.8375,37400.0,13679.837500000003,5
1899,2485,145,310,0,310,300,10,0,80,80,0,75,440,30,15277.680000000002,38675.0,-23397.32,5
1900,2485,165,310,0,310,295,0,15,65,65,0,65,455,55,33452.28,40375.0,-6922.719999999999,5
1901,2485,110,340,0,340,295,30,15,90,90,0,90,400,50,26673.300000000003,38250.0,-11576.699999999997,5
1902,2485,140,300,0,300,285,10,5,100,100,0,100,420,50,26164.980000000003,37400.0,-11235.019999999995,5
1903,2485,220,275,0,275,275,0,0,80,80,0,80,490,85,50978.25000000001,42075.0,8903.250000000007,5
1904,2485,195,305,0,305,235,55,15,115,115,0,115,425,90,53948.25,42500.0,11448.249999999998,5
1905,2485,165,305,0,305,300,5,0,85,85,0,85,460,15,7210.080000000002,39950.0,-32739.92,5
1906,2485,165,310,0,310,280,20,10,110,110,0,110,440,75,46098.40500000001,40375.0,5723.405000000012,5
1907,2485,130,325,0,325,295,5,25,100,100,0,100,420,65,34857.9,38675.0,-3817.099999999996,5
1908,2485,105,335,0,335,325,0,10,70,70,0,70,425,40,22235.760000000002,37400.0,-15164.24,5
1909,2485,175,320,0,320,315,0,5,85,85,0,85,485,75,42620.94000000001,42075.0,545.9400000000096,5
1910,2485,115,330,0,330,325,5,0,65,65,0,65,435,60,33523.200000000004,37825.0,-4301.799999999994,5
1911,2485,170,305,0,305,300,5,0,95,95,0,95,465,65,36076.770000000004,40375.0,-4298.229999999994,5
1912,2485,140,335,0,335,310,0,25,55,55,0,55,445,70,51331.20750000001,40375.0,10956.20750000001,5
1913,2485,125,300,0,300,295,5,0,100,100,0,100,415,70,42881.670000000006,36125.0,6756.670000000004,5
1914,2485,115,325,0,325,325,0,0,45,45,0,45,435,30,19237.950000000004,37400.0,-18162.049999999996,5
1915,2485,165,295,0,295,285,0,10,65,65,0,65,445,50,36043.458750000005,39100.0,-3056.5412499999957,5
1916,2485,210,260,0,260,250,5,5,115,115,0,115,455,80,44119.890000000014,39950.0,4169.890000000014,5
1917,2485,110,295,0,295,290,5,0,90,90,0,90,395,120,91431.997734375,34425.0,57006.997734375,5
1918,2485,125,330,0,330,325,5,0,55,55,0,55,445,40,23180.04,38675.0,-15494.960000000001,5
1919,2485,170,300,0,300,290,0,10,90,90,0,90,455,70,39590.100000000006,39950.0,-359.8999999999978,5
1920,2485,165,280,0,280,265,10,5,105,105,0,105,425,115,75151.305,37825.0,37326.30499999999,5
1921,2485,195,275,0,275,270,0,5,95,95,0,95,460,60,33497.28,39950.0,-6452.719999999999,5
1922,2485,160,300,0,300,275,10,15,85,85,0,80,430,65,43402.37625000001,39100.0,4302.376250000007,5
1923,2485,215,290,0,290,265,15,10,80,80,0,80,475,75,46146.51000000001,42925.0,3221.5100000000075,5
1924,2485,120,335,0,335,315,15,5,75,75,0,75,430,75,45693.09000000001,38675.0,7018.090000000011,5
1925,2485,185,285,0,285,265,20,0,120,120,0,120,445,90,51629.850000000006,39950.0,11679.850000000006,5
1926,2485,110,320,0,320,275,25,20,95,95,0,90,380,90,57247.9875,36550.0,20697.9875,5
1927,2485,140,335,0,335,325,0,10,65,65,0,65,460,60,32620.32000000001,40375.0,-7754.679999999989,5
1928,2485,160,305,0,305,295,10,0,75,75,0,75,450,60,34837.920000000006,39525.0,-4687.079999999996,5
1929,2485,115,340,0,340,315,15,10,70,70,0,70,425,35,18160.2,38675.0,-20514.8,5
1930,2485,195,285,0,285,285,0,0,70,70,0,70,475,65,38841.12,40800.0,-1958.8799999999992,5
1931,2485,120,305,0,305,290,0,15,75,75,0,75,405,45,31005.112500000003,36125.0,-5119.887499999995,5
1932,2485,170,285,0,285,275,5,5,120,120,0,120,440,105,63529.06500000001,38675.0,24854.06500000001,5
1933,2485,135,295,0,295,260,25,10,105,105,0,105,390,95,54412.740000000005,36550.0,17862.740000000005,5
1934,2485,140,325,0,325,300,0,25,70,70,0,70,435,60,34593.840000000004,39525.0,-4931.159999999995,5
1935,2485,140,330,0,330,295,35,0,80,80,0,75,430,65,37513.62000000001,39950.0,-2436.37999999999,5
1936,2485,225,280,0,280,270,0,10,95,95,0,95,490,85,48862.44000000002,42925.0,5937.440000000015,5
1937,2485,175,285,0,285,280,0,5,100,100,0,100,450,85,50343.52500000001,39100.0,11243.525000000009,5
1938,2485,120,350,0,350,260,50,40,105,105,0,105,375,65,33942.060000000005,39950.0,-6007.939999999994,5
1939,2485,140,305,0,305,300,5,0,100,100,0,100,435,70,44316.0,37825.0,6491.000000000004,5
1940,2485,125,335,0,335,260,50,25,115,115,0,115,380,80,44675.73000000001,39100.0,5575.730000000012,5
1941,2485,135,290,0,290,270,20,0,100,100,0,100,400,130,92141.59921875002,36125.0,56016.599218750016,5
1942,2485,165,290,0,290,280,0,10,120,120,0,120,440,105,66690.58500000002,38675.0,28015.58500000002,5
1943,2485,145,280,0,280,265,10,5,85,85,0,85,405,110,76401.804375,36125.0,40276.804375,5
1944,2485,125,310,0,310,305,0,5,90,90,0,90,425,80,47778.84,36975.0,10803.84,5
1945,2485,155,305,0,305,300,0,5,75,75,0,75,450,90,59398.43625000001,39100.0,20298.436250000013,5
1946,2485,120,300,0,300,285,5,10,75,75,0,75,400,60,39782.40750000001,35700.0,4082.4075000000084,5
1947,2485,180,300,0,300,245,15,40,90,90,0,90,420,50,28122.120000000003,40800.0,-12677.879999999996,5
1948,2485,185,300,0,300,290,5,5,105,105,0,105,470,85,50356.979999999996,41225.0,9131.979999999994,5
1949,2485,175,305,0,305,295,10,0,95,95,0,95,465,65,35439.03,40800.0,-5360.9699999999975,5
1950,2485,175,290,0,290,265,0,25,110,110,0,110,435,120,72626.985,39525.0,33101.985,5
1951,2485,110,345,0,345,300,5,40,70,70,0,70,405,75,47981.56500000001,38675.0,9306.56500000001,5
1952,2485,125,330,0,330,285,35,10,100,100,0,100,405,90,55172.88,38675.0,16497.879999999997,5
1953,2485,145,290,0,290,215,50,25,110,110,0,110,355,135,92077.29000000001,36975.0,55102.29000000001,5
1954,2485,145,325,0,325,300,10,15,80,80,0,75,440,55,30598.920000000002,39950.0,-9351.079999999998,5
1955,2485,120,315,0,315,260,45,10,100,100,0,95,375,50,30434.310000000005,36975.0,-6540.689999999995,5
1956,2485,155,305,0,305,280,15,10,110,110,0,110,430,95,61105.41000000002,39100.0,22005.410000000018,5
1957,2485,155,305,0,305,265,25,15,100,100,0,100,415,90,56274.8175,39100.0,17174.817499999997,5
1958,2485,140,325,0,325,295,0,30,85,85,0,85,430,85,48070.98000000002,39525.0,8545.980000000018,5
1959,2485,160,285,0,285,250,35,0,110,110,0,110,405,145,95775.85125,37825.0,57950.851250000014,5
1960,2485,190,305,0,305,305,0,0,75,75,0,75,490,40,24985.035000000003,42075.0,-17089.964999999997,5
1961,2485,180,300,0,300,295,5,0,65,65,0,65,470,75,47633.130000000005,40800.0,6833.130000000001,5
1962,2485,180,295,0,295,235,35,25,105,105,0,105,410,65,37778.22000000001,40375.0,-2596.7799999999943,5
1963,2485,135,300,0,300,280,10,10,85,85,0,85,410,60,36429.030000000006,36975.0,-545.969999999993,5
1964,2485,145,310,0,310,305,0,5,90,90,0,85,445,130,99646.83000000003,38675.0,60971.83000000003,5
1965,2485,170,310,0,310,280,10,20,80,80,0,80,445,50,30906.090000000004,40800.0,-9893.909999999996,5
1966,2485,135,340,0,340,330,0,10,75,75,0,75,460,50,30390.390000000007,40375.0,-9984.609999999993,5
1967,2485,130,325,0,325,270,55,0,125,125,0,125,395,65,32750.280000000002,38675.0,-5924.7199999999975,5
1968,2485,145,295,0,295,275,20,0,60,60,0,60,415,75,57285.990000000005,37400.0,19885.99,5
1969,2485,190,290,0,290,285,0,5,85,85,0,85,470,90,54981.450000000004,40800.0,14181.450000000004,5
1970,2485,160,300,0,300,265,10,25,80,80,0,80,420,80,52721.68500000001,39100.0,13621.685000000016,5
1971,2485,115,320,0,320,270,30,20,90,90,0,90,380,110,75579.0975,36975.0,38604.0975,5
1972,2485,170,285,0,285,270,5,10,110,110,0,105,435,80,52906.905000000006,38675.0,14231.905000000006,5
1973,2485,125,315,0,315,285,15,15,90,90,0,90,405,65,39681.630000000005,37400.0,2281.6300000000047,5
1974,2485,105,360,0,360,270,85,5,95,95,0,95,370,80,50426.145,39525.0,10901.144999999997,5
1975,2485,235,320,0,320,305,0,15,55,55,0,55,535,50,32912.91,47175.0,-14262.089999999998,5
1976,2485,115,335,0,335,285,20,30,80,80,0,80,395,125,90686.565,38250.0,52436.56500000001,5
1977,2485,160,315,0,315,290,0,25,80,80,0,80,445,115,80411.28750000002,40375.0,40036.28750000003,5
1978,2485,180,300,0,300,275,0,25,90,90,0,90,450,45,24125.58,40800.0,-16674.42,5
1979,2485,165,310,0,310,260,25,25,105,105,0,105,420,55,28907.46000000001,40375.0,-11467.53999999999,5
1980,2485,165,285,0,285,265,15,5,100,100,0,100,425,75,39532.86,38250.0,1282.8600000000006,5
1981,2485,170,295,0,295,280,0,15,50,50,0,50,445,40,25287.030000000006,39525.0,-14237.969999999996,5
1982,2485,200,300,0,300,270,10,20,100,100,0,100,465,55,31073.400000000005,42500.0,-11426.599999999995,5
1983,2485,195,295,0,295,270,25,0,75,75,0,75,460,50,29164.320000000007,41650.0,-12485.679999999993,5
1984,2485,185,285,0,285,275,5,5,120,120,0,120,455,100,57655.89000000001,39950.0,17705.890000000007,5
1985,2485,135,300,0,300,265,15,20,115,115,0,115,395,90,54414.99000000002,36975.0,17439.990000000016,5
1986,2485,210,290,0,290,270,20,0,110,110,0,105,475,60,39541.3875,42500.0,-2958.6124999999993,5
1987,2485,130,305,0,305,295,0,10,85,85,0,85,420,85,64091.4665625,36975.0,27116.466562499998,5
1988,2485,115,310,0,310,270,25,15,85,85,0,80,380,85,50491.710000000014,36125.0,14366.710000000012,5
1989,2485,160,310,0,310,255,35,20,120,120,0,120,410,60,33101.280000000006,39950.0,-6848.719999999994,5
1990,2485,260,255,0,255,240,0,15,95,95,0,95,495,100,62883.04500000001,43775.0,19108.045000000013,5
1991,2485,165,290,0,290,285,0,5,115,115,0,115,445,80,50968.80000000001,38675.0,12293.80000000001,5
1992,2485,165,290,0,290,270,5,15,115,115,0,115,430,80,45800.235,38675.0,7125.235000000002,5
1993,2485,190,295,0,295,265,10,20,105,105,0,105,450,60,32476.500000000007,41225.0,-8748.499999999995,5
1994,2485,215,250,0,250,250,0,0,120,120,0,120,460,125,76930.56000000001,39525.0,37405.56000000001,5
1995,2485,125,325,0,325,305,10,10,75,75,0,75,425,50,27942.66,38250.0,-10307.34,5
1996,2485,125,345,0,345,325,0,20,80,80,0,80,445,70,37578.96000000001,39950.0,-2371.0399999999936,5
1997,2485,140,305,0,305,300,0,5,85,85,0,85,435,90,56107.305000000015,37825.0,18282.305000000015,5
1998,2485,190,305,0,305,290,5,10,100,100,0,100,475,60,33132.96000000001,42075.0,-8942.039999999994,5
1999,2485,115,320,0,320,315,5,0,65,65,0,65,425,70,47680.784999999996,36975.0,10705.784999999996,5
2000,2485,160,310,0,310,280,0,30,85,85,0,80,435,110,76903.06500000002,39950.0,36953.06500000002,5
2001,2485,290,250,0,250,240,0,10,80,80,0,80,525,90,58797.315,45900.0,12897.314999999999,5
2002,2485,170,290,0,290,290,0,0,105,105,0,105,455,65,38106.630000000005,39100.0,-993.3699999999953,5
2003,2485,125,305,0,305,300,0,5,60,60,0,60,420,95,66974.1525,36550.0,30424.1525,5
2004,2485,185,290,0,290,250,5,35,80,80,0,80,430,95,61153.88625,40375.0,20778.886250000003,5
2005,2485,190,295,0,295,285,0,10,90,90,0,90,470,65,39493.53,41225.0,-1731.4699999999993,5
2006,2485,135,315,0,315,300,0,15,85,85,0,85,430,80,49460.850000000006,38250.0,11210.85000000001,5
2007,2485,145,315,0,315,295,0,20,75,75,0,75,435,85,51349.545,39100.0,12249.544999999998,5
2008,2485,100,335,0,335,325,5,5,70,70,0,70,420,75,47350.80000000001,36975.0,10375.800000000008,5
2009,2485,105,330,0,330,315,10,5,90,90,0,90,415,90,54960.93,36975.0,17985.93,5
2010,2485,130,315,0,315,300,0,15,90,90,0,85,425,70,43666.35750000001,37825.0,5841.357500000013,5
2011,2485,200,270,0,270,270,0,0,100,100,0,100,465,110,69547.95000000003,39950.0,29597.950000000026,5
2012,2485,185,295,0,295,290,0,5,90,90,0,90,470,95,58988.205000000016,40800.0,18188.205000000016,5
2013,2485,140,325,0,325,315,0,10,70,70,0,65,450,55,32329.980000000003,39525.0,-7195.019999999995,5
2014,2485,170,305,0,305,280,5,20,70,70,0,70,445,45,23000.400000000005,40375.0,-17374.599999999995,5
2015,2485,120,315,0,315,300,0,15,85,85,0,85,415,45,24388.020000000004,36975.0,-12586.979999999994,5
2016,2485,90,350,0,350,285,50,15,80,80,0,80,370,55,28996.380000000005,37400.0,-8403.619999999995,5
2017,2485,105,325,0,325,275,50,0,90,90,0,85,375,120,82938.8475,36550.0,46388.84750000001,5
2018,2485,205,295,0,295,295,0,0,110,110,0,110,495,45,23172.840000000004,42500.0,-19327.159999999996,5
2019,2485,195,300,0,300,295,0,5,105,105,0,100,485,120,78700.16250000002,42075.0,36625.16250000001,5
2020,2485,180,315,0,315,295,15,5,85,85,0,80,470,80,50814.450000000004,42075.0,8739.450000000006,5
2021,2485,130,320,0,320,315,0,5,75,75,0,75,440,60,32976.35999999999,38250.0,-5273.640000000005,5
2022,2485,145,310,0,310,300,0,10,105,105,0,105,440,95,52165.89000000001,38675.0,13490.890000000009,5
2023,2485,150,320,0,320,310,0,10,60,60,0,60,455,70,44390.700000000004,39950.0,4440.700000000006,5
2024,2485,105,350,0,350,290,25,35,75,75,0,75,390,25,13126.68,38675.0,-25548.32,5
2025,2485,265,265,0,265,260,0,5,90,90,0,90,520,80,50320.98000000001,45050.0,5270.980000000009,5
2026,2485,125,330,0,330,285,45,0,105,105,0,105,405,55,28447.92,38675.0,-10227.080000000002,5
2027,2485,135,325,0,325,295,0,30,80,80,0,80,425,60,34303.14,39100.0,-4796.859999999997,5
2028,2485,130,320,0,320,290,0,30,95,95,0,95,415,80,45997.65,38250.0,7747.650000000003,5
2029,2485,175,300,0,300,230,45,25,120,120,0,120,400,115,74513.00250000002,40375.0,34138.00250000002,5
2030,2485,245,255,0,255,255,0,0,105,105,0,105,495,60,32977.08,42500.0,-9522.919999999995,5
2031,2485,155,305,0,305,290,5,10,90,90,0,90,440,75,51311.45250000001,39100.0,12211.452500000005,5
2032,2485,170,275,0,275,255,20,0,130,130,0,130,420,120,70367.67000000001,37825.0,32542.670000000016,5
2033,2485,100,335,0,335,290,40,5,75,75,0,75,385,55,34455.19500000001,36975.0,-2519.8049999999967,5
2034,2485,120,320,0,320,315,0,5,70,70,0,70,430,35,19840.140000000003,37400.0,-17559.859999999997,5
2035,2485,95,345,0,345,310,15,20,85,85,0,85,400,75,40544.100000000006,37400.0,3144.100000000003,5
2036,2485,110,345,0,345,305,40,0,75,75,0,70,410,70,45372.285,38675.0,6697.285000000002,5
2037,2485,170,295,0,295,280,10,5,95,95,0,95,445,105,65958.48000000001,39525.0,26433.48000000001,5
2038,2485,95,370,0,370,305,25,40,75,75,0,75,395,45,27328.590000000004,39525.0,-12196.409999999996,5
2039,2485,145,325,0,325,295,10,20,85,85,0,85,435,65,41242.927500000005,39950.0,1292.9275000000052,5
2040,2485,195,300,0,300,285,15,0,90,90,0,90,475,85,52655.80500000001,42075.0,10580.80500000001,5
2041,2485,105,320,0,320,265,30,25,80,80,0,80,365,105,72116.77500000001,36125.0,35991.77500000001,5
2042,2485,135,315,0,315,255,40,20,95,95,0,95,385,90,53631.09,38250.0,15381.089999999995,5
2043,2485,195,310,0,310,260,25,25,80,80,0,80,450,60,41508.675,42925.0,-1416.324999999997,5
2044,2485,155,305,0,305,305,0,0,95,95,0,95,455,40,23240.97,39100.0,-15859.029999999999,5
2045,2485,145,295,0,295,285,0,10,95,95,0,95,425,85,50198.31000000001,37400.0,12798.31000000001,5
2046,2485,125,340,0,340,320,10,10,75,75,0,75,440,40,20421.36,39525.0,-19103.64,5
2047,2485,135,345,0,345,305,20,20,70,70,0,70,435,85,54326.38500000001,40800.0,13526.38500000001,5
2048,2485,135,345,0,345,275,60,10,80,80,0,80,405,60,31723.020000000004,40800.0,-9076.979999999994,5
2049,2485,125,320,0,320,305,15,0,95,95,0,95,425,90,56993.883750000015,37825.0,19168.883750000015,5
2050,2485,140,315,0,315,310,0,5,95,95,0,90,445,65,35209.62,38675.0,-3465.38,5
2051,2485,135,310,0,310,285,15,10,95,95,0,95,415,70,44309.92500000001,37825.0,6484.925000000012,5
2052,2485,150,310,0,310,280,20,10,85,85,0,85,425,120,90615.59015625,39100.0,51515.59015625,5
2053,2485,125,305,0,305,280,0,25,100,100,0,100,400,80,49872.735,36550.0,13322.735000000002,5
2054,2485,220,285,0,285,275,0,10,75,75,0,75,490,35,20202.120000000003,42925.0,-22722.879999999997,5
2055,2485,100,360,0,360,315,35,10,65,65,0,65,410,50,33534.5625,39100.0,-5565.437499999998,5
2056,2485,200,290,0,290,255,20,15,95,95,0,95,450,90,57350.34,41650.0,15700.339999999997,5
2057,2485,140,340,0,340,285,25,30,80,80,0,80,420,85,51101.010000000024,40800.0,10301.010000000024,5
2058,2485,175,300,0,300,270,15,15,110,110,0,110,440,65,34669.26,40375.0,-5705.739999999996,5
2059,2485,105,335,0,335,315,20,0,65,65,0,65,415,35,18986.940000000002,37400.0,-18413.059999999998,5
2060,2485,175,290,0,290,260,20,10,105,105,0,100,430,115,74497.005,39525.0,34972.005,5
2061,2485,180,305,0,305,290,5,10,90,90,0,90,465,60,32672.52,41225.0,-8552.48,5
2062,2485,175,325,0,325,300,10,15,85,85,0,85,470,60,34513.020000000004,42500.0,-7986.979999999994,5
2063,2485,205,265,0,265,260,0,5,80,80,0,80,460,80,59541.22125000001,39950.0,19591.22125000001,5
2064,2485,180,290,0,290,255,10,25,125,125,0,125,430,100,65147.49000000003,39950.0,25197.490000000027,5
2065,2485,155,305,0,305,270,15,20,100,100,0,100,420,40,21489.300000000003,39100.0,-17610.699999999997,5
2066,2485,145,330,0,330,300,15,15,85,85,0,85,440,50,29666.250000000004,40375.0,-10708.749999999996,5
2067,2485,120,325,0,325,280,35,10,100,100,0,100,395,65,36022.86,37825.0,-1802.1399999999994,5
2068,2485,200,290,0,290,285,0,5,85,85,0,85,480,40,27833.33250000001,41650.0,-13816.667499999989,5
2069,2485,200,290,0,290,280,0,10,75,75,0,75,475,60,40834.4625,41650.0,-815.5374999999958,5
2070,2485,150,300,0,300,290,5,5,95,95,0,95,435,70,43593.84000000002,38250.0,5343.840000000018,5
2071,2485,105,345,0,345,300,20,25,100,100,0,100,400,100,61373.56500000001,38250.0,23123.56500000001,5
2072,2485,100,345,0,345,295,25,25,70,70,0,70,390,40,26705.295,37825.0,-11119.705000000004,5
2073,2485,135,335,0,335,300,10,25,90,90,0,90,430,40,23048.28,39950.0,-16901.72,5
2074,2485,180,305,0,305,285,0,20,65,65,0,65,460,65,37377.27000000001,41225.0,-3847.7299999999877,5
2075,2485,165,315,0,315,315,0,0,80,80,0,80,475,75,48583.12500000001,40800.0,7783.125000000009,5
2076,2485,125,305,0,305,295,0,10,75,75,0,75,415,60,35932.14000000001,36550.0,-617.8599999999915,5
2077,2485,225,305,0,305,275,0,30,65,65,0,65,495,45,26153.91,45050.0,-18896.09,5
2078,2485,180,315,0,315,295,0,20,85,85,0,80,470,65,41422.545,42075.0,-652.4549999999999,5
2079,2485,100,345,0,345,305,35,5,90,90,0,85,400,75,42144.30000000001,37825.0,4319.300000000012,5
2080,2485,190,285,0,285,255,15,15,100,100,0,100,440,105,70067.6775,40375.0,29692.677499999998,5
2081,2485,170,315,0,315,315,0,0,90,90,0,90,480,70,39527.82,41225.0,-1697.180000000003,5
2082,2485,190,285,0,285,265,0,20,80,80,0,80,450,80,50316.48000000001,40375.0,9941.48000000001,5
2083,2485,100,360,0,360,305,50,5,90,90,0,90,400,40,25584.840000000004,39100.0,-13515.159999999996,5
2084,2485,160,295,0,295,270,25,0,105,105,0,105,425,105,70875.68062500002,38675.0,32200.680625000023,5
2085,2485,180,300,0,300,300,0,0,75,75,0,75,475,45,24925.86,40800.0,-15874.139999999998,5
2086,2485,130,320,0,320,275,25,20,85,85,0,85,400,65,36592.380000000005,38250.0,-1657.6199999999926,5
2087,2485,150,305,0,305,235,40,30,115,115,0,110,380,95,57138.61499999999,38675.0,18463.61499999999,5
2088,2485,130,320,0,320,310,0,10,85,85,0,85,435,50,28418.760000000002,38250.0,-9831.239999999998,5
2089,2485,170,285,0,285,255,10,20,100,100,0,95,420,100,69886.77750000001,38675.0,31211.77750000002,5
2090,2485,205,250,0,250,250,0,0,105,105,0,105,450,105,69392.85750000001,38675.0,30717.85750000001,5
2091,2485,215,290,0,290,285,0,5,85,85,0,85,495,70,41257.530000000006,42925.0,-1667.469999999994,5
2092,2485,120,330,0,330,285,45,0,95,95,0,95,400,75,45226.39500000001,38250.0,6976.395000000011,5
2093,2485,140,325,0,325,250,40,35,95,95,0,95,385,80,49433.44500000001,39525.0,9908.44500000001,5
2094,2485,150,320,0,320,275,35,10,90,90,0,90,420,105,67151.36250000002,39950.0,27201.362500000025,5
2095,2485,190,285,0,285,250,25,10,105,105,0,105,435,40,22113.54,40375.0,-18261.46,5
2096,2485,110,345,0,345,285,15,45,90,90,0,90,390,45,25506.360000000004,38675.0,-13168.639999999996,5
2097,2485,140,325,0,325,295,10,20,90,90,0,90,430,45,22389.480000000003,39525.0,-17135.519999999997,5
2098,2485,130,305,0,305,250,50,5,125,125,0,125,375,115,71231.04000000002,36975.0,34256.04000000002,5
2099,2485,210,280,0,280,275,0,5,80,80,0,80,480,85,50248.89,41650.0,8598.890000000001,5
2100,2485,220,290,0,290,285,0,5,70,70,0,70,500,80,51448.994999999995,43350.0,8098.994999999995,5
2101,2485,180,275,0,275,250,20,5,90,90,0,90,425,135,94439.86101562499,38675.0,55764.86101562499,5
2102,2485,175,300,0,300,280,5,15,85,85,0,85,450,60,34201.44000000001,40375.0,-6173.559999999993,5
2103,2485,125,295,0,295,255,20,20,120,120,0,120,375,115,74144.97000000002,35700.0,38444.97000000002,5
2104,2485,195,250,0,250,250,0,0,125,125,0,125,440,125,74518.56000000003,37825.0,36693.560000000034,5
2105,2485,190,300,0,300,270,15,15,95,95,0,95,455,75,44801.19,41650.0,3151.190000000006,5
2106,2485,120,355,0,355,295,25,35,105,105,0,105,410,60,34792.380000000005,40375.0,-5582.619999999997,5
2107,2485,135,325,0,325,325,0,0,90,90,0,90,455,85,57075.37875,39100.0,17975.37875,5
2108,2485,110,345,0,345,260,80,5,100,100,0,100,365,85,52684.56,38675.0,14009.560000000001,5
2109,2485,120,315,0,315,275,20,20,100,100,0,100,390,40,21639.780000000006,36975.0,-15335.219999999994,5
2110,2485,150,305,0,305,265,15,25,120,120,0,120,410,105,68497.93125000001,38675.0,29822.93125000001,5
2111,2485,150,275,0,275,270,0,5,85,85,0,85,415,65,48009.706875,36125.0,11884.706875000002,5
2112,2485,160,310,0,310,300,5,5,80,80,0,80,455,40,22550.220000000005,39950.0,-17399.779999999995,5
2113,2485,130,320,0,320,285,15,20,80,80,0,75,410,90,56600.64,38250.0,18350.640000000003,5
2114,2485,170,325,0,325,280,45,0,105,105,0,105,445,30,15804.36,42075.0,-26270.64,5
2115,2485,115,330,0,330,300,0,30,80,80,0,80,410,105,69013.86750000001,37825.0,31188.867500000008,5
2116,2485,190,305,0,305,270,30,5,70,70,0,65,455,40,22705.2,42075.0,-19369.8,5
2117,2485,220,245,0,245,230,15,0,90,90,0,90,445,120,85955.79375000001,39525.0,46430.79375000001,5
2118,2485,100,350,0,350,280,45,25,95,95,0,90,375,95,64562.28750000001,38250.0,26312.287500000013,5
2119,2485,175,305,0,305,260,40,5,90,90,0,90,430,65,36865.530000000006,40800.0,-3934.4699999999966,5
2120,2485,155,325,0,325,290,5,30,85,85,0,85,440,40,22109.940000000002,40800.0,-18690.059999999998,5
2121,2485,155,305,0,305,270,15,20,90,90,0,90,420,90,60752.7,39100.0,21652.699999999997,5
2122,2485,170,270,0,270,250,15,5,105,105,0,105,415,115,79568.2603125,37400.0,42168.2603125,5
2123,2485,180,295,0,295,295,0,0,65,65,0,65,470,65,43572.1725,40375.0,3197.172499999997,5
2124,2485,170,315,0,315,305,0,10,80,80,0,80,470,50,28053.0,41225.0,-13171.999999999998,5
2125,2485,205,300,0,300,290,0,10,70,70,0,70,490,55,31654.710000000014,42925.0,-11270.289999999986,5
2126,2485,190,280,0,280,270,0,10,80,80,0,80,455,65,37101.780000000006,39950.0,-2848.2199999999966,5
2127,2485,175,305,0,305,275,15,15,95,95,0,90,445,60,37639.8,40800.0,-3160.2,5
2128,2485,180,310,0,310,280,5,25,95,95,0,95,455,70,39533.22000000001,41650.0,-2116.7799999999943,5
2129,2485,160,310,0,310,305,0,5,70,70,0,70,460,50,27551.340000000004,39950.0,-12398.659999999996,5
2130,2485,185,290,0,290,290,0,0,70,70,0,65,470,60,37292.805,40375.0,-3082.194999999997,5
2131,2485,225,300,0,300,290,0,10,75,75,0,70,510,60,30818.159999999996,44625.0,-13806.840000000002,5
2132,2485,175,310,0,310,290,0,20,80,80,0,80,460,35,20592.720000000005,41225.0,-20632.279999999995,5
2133,2485,175,290,0,290,285,5,0,75,75,0,75,455,70,43337.744999999995,39525.0,3812.7449999999953,5
2134,2485,100,370,0,370,320,15,35,65,65,0,65,415,35,17824.680000000004,39950.0,-22125.319999999996,5
2135,2485,215,310,0,310,310,0,0,45,45,0,45,520,70,52489.231875000005,44625.0,7864.231875000005,5
2136,2485,145,335,0,335,275,15,45,90,90,0,90,415,80,48299.04000000001,40800.0,7499.0400000000045,5
2137,2485,160,320,0,320,235,55,30,120,120,0,120,390,90,53979.93000000001,40800.0,13179.930000000004,5
2138,2485,160,285,0,285,255,20,10,110,110,0,105,410,100,61861.500000000015,37825.0,24036.500000000015,5
2139,2485,115,320,0,320,300,15,5,95,95,0,95,410,70,40638.87000000001,36975.0,3663.8700000000063,5
2140,2485,200,280,0,280,230,30,20,105,105,0,105,425,70,42161.310000000005,40800.0,1361.3100000000031,5
2141,2485,165,290,0,290,285,0,5,70,70,0,70,445,55,34052.130000000005,38675.0,-4622.8699999999935,5
2142,2485,185,295,0,295,285,5,5,95,95,0,95,465,70,40634.91,40800.0,-165.0899999999956,5
2143,2485,130,315,0,315,290,0,25,95,95,0,90,415,55,30071.880000000005,37825.0,-7753.119999999994,5
2144,2485,120,330,0,330,290,30,10,85,85,0,80,405,85,53647.469999999994,38250.0,15397.469999999994,5
2145,2485,140,310,0,310,265,30,15,65,65,0,65,400,115,85840.35679687501,38250.0,47590.35679687502,5
2146,2485,180,300,0,300,285,0,15,75,75,0,70,460,80,59463.25875000001,40800.0,18663.258750000005,5
2147,2485,130,325,0,325,275,30,20,80,80,0,80,400,70,41093.91,38675.0,2418.9100000000053,5
2148,2485,205,265,0,265,255,5,5,90,90,0,85,455,80,48437.95500000001,39950.0,8487.95500000001,5
2149,2485,110,310,0,310,300,5,5,80,80,0,80,405,105,65674.75500000002,35700.0,29974.755000000012,5
2150,2485,165,325,0,325,295,25,5,70,70,0,70,455,60,36482.13,41650.0,-5167.870000000003,5
2151,2485,195,305,0,305,295,0,10,90,90,0,90,485,60,33560.549999999996,42500.0,-8939.45,5
2152,2485,170,300,0,300,285,0,15,70,70,0,70,450,50,27812.520000000004,39950.0,-12137.479999999996,5
2153,2485,170,325,0,325,310,15,0,50,50,0,50,475,20,10012.320000000002,42075.0,-32062.68,5
2154,2485,165,325,0,325,315,0,10,60,60,0,60,475,50,30567.420000000002,41650.0,-11082.579999999998,5
2155,2485,260,270,0,270,260,5,5,100,100,0,95,515,70,39492.990000000005,45050.0,-5557.009999999996,5
2156,2485,240,265,0,265,240,0,25,95,95,0,95,475,50,27174.420000000006,42925.0,-15750.579999999994,5
2157,2485,125,320,0,320,275,35,10,110,110,0,110,395,105,66035.88,37825.0,28210.880000000005,5
2158,2485,165,325,0,325,300,15,10,65,65,0,65,460,30,15013.44,41650.0,-26636.559999999998,5
2159,2485,155,295,0,295,275,15,5,120,120,0,120,425,110,71558.73,38250.0,33308.729999999996,5
2160,2485,175,315,0,315,260,30,25,100,100,0,100,430,100,62188.515000000014,41650.0,20538.515000000014,5
2161,2485,150,300,0,300,265,30,5,90,90,0,90,410,110,69523.335,38250.0,31273.335000000006,5
2162,2485,75,330,0,330,300,10,20,65,65,0,65,370,85,59697.5625,34425.0,25272.562500000004,5
2163,2485,95,335,0,335,315,15,5,60,60,0,60,405,55,30771.72,36550.0,-5778.28,5
2164,2485,185,305,0,305,300,5,0,80,80,0,80,480,55,32955.57,41650.0,-8694.429999999997,5
2165,2485,155,305,0,305,255,25,25,100,100,0,100,405,70,44887.770000000004,39100.0,5787.77,5
2166,2485,185,265,0,265,245,20,0,90,90,0,90,425,60,32929.740000000005,38250.0,-5320.259999999994,5
2167,2485,155,295,0,295,280,5,10,95,95,0,95,430,85,55959.80625000001,38250.0,17709.80625000001,5
2168,2485,190,275,0,275,245,30,0,95,95,0,95,430,115,80448.9975,39525.0,40923.997500000005,5
2169,2485,240,270,0,270,270,0,0,80,80,0,80,505,70,45459.585000000014,43350.0,2109.5850000000155,5
2170,2485,110,315,0,315,290,5,20,85,85,0,85,395,65,35123.76000000001,36125.0,-1001.2399999999889,5
2171,2485,120,320,0,320,280,20,20,115,115,0,115,395,50,29579.13,37400.0,-7820.87,5
2172,2485,120,325,0,325,285,35,5,105,105,0,105,400,70,43159.815,37825.0,5334.814999999999,5
2173,2485,195,280,0,280,235,40,5,80,80,0,80,425,95,62769.19500000001,40375.0,22394.195000000007,5
2174,2485,80,350,0,350,295,20,35,70,70,0,70,370,90,66641.67562500002,36550.0,30091.675625000018,5
2175,2485,110,360,0,360,310,10,40,60,60,0,60,415,55,34857.36,39950.0,-5092.639999999997,5
2176,2485,180,265,0,265,240,20,5,100,100,0,95,415,85,59627.63250000002,37825.0,21802.632500000018,5
2177,2485,155,300,0,300,290,0,10,80,80,0,80,440,95,64947.532500000016,38675.0,26272.532500000016,5
2178,2485,115,330,0,330,305,15,10,85,85,0,85,415,95,59640.12000000002,37825.0,21815.120000000017,5
2179,2485,130,305,0,305,300,5,0,90,90,0,90,425,125,83006.93250000002,36975.0,46031.932500000024,5
2180,2485,145,325,0,325,250,60,15,125,125,0,125,390,110,64929.87,39950.0,24979.870000000003,5
2181,2485,190,265,0,265,255,5,5,110,110,0,110,440,55,29989.800000000003,38675.0,-8685.199999999995,5
2182,2485,110,315,0,315,255,20,40,105,105,0,100,360,90,55841.805000000015,36125.0,19716.805000000015,5
2183,2485,190,300,0,300,285,0,15,75,75,0,75,470,80,52782.50250000001,41650.0,11132.50250000001,5
2184,2485,110,340,0,340,330,0,10,75,75,0,75,435,60,35940.33,38250.0,-2309.6699999999964,5
2185,2485,185,300,0,300,285,5,10,75,75,0,75,465,65,42967.395000000004,41225.0,1742.395000000006,5
2186,2485,155,315,0,315,265,10,40,80,80,0,80,415,110,67843.84500000002,39950.0,27893.84500000002,5
2187,2485,125,335,0,335,265,45,25,110,110,0,110,385,75,50265.742500000015,39100.0,11165.742500000015,5
2188,2485,195,240,0,240,210,5,25,100,100,0,100,400,110,72284.58,36975.0,35309.58,5
2189,2485,180,290,0,290,275,0,15,115,115,0,115,450,80,52639.69499999999,39950.0,12689.694999999992,5
2190,2485,160,310,0,310,285,20,5,90,90,0,85,440,60,37453.77,39950.0,-2496.2300000000005,5
2191,2485,105,345,0,345,325,20,0,85,85,0,85,425,45,23996.52,38250.0,-14253.48,5
2192,2485,170,310,0,310,300,0,10,80,80,0,75,465,80,46571.94,40800.0,5771.940000000004,5
2193,2485,195,285,0,285,260,5,20,90,90,0,90,450,100,65753.05500000001,40800.0,24953.055000000004,5
2194,2485,205,265,0,265,245,0,20,100,100,0,100,445,105,66031.26750000002,39950.0,26081.267500000024,5
2195,2485,155,305,0,305,245,45,15,100,100,0,95,395,95,54181.080000000016,39100.0,15081.08000000002,5
2196,2485,195,290,0,290,265,25,0,80,80,0,80,455,75,47479.50000000001,41225.0,6254.500000000007,5
2197,2485,175,315,0,315,285,5,25,75,75,0,75,455,60,35269.11000000001,41650.0,-6380.889999999995,5
2198,2485,130,330,0,330,300,20,10,85,85,0,85,425,115,79236.4471875,39100.0,40136.44718750001,5
2199,2485,205,275,0,275,255,15,5,85,85,0,85,455,95,67618.63406250003,40800.0,26818.634062500023,5
2200,2485,90,385,0,385,295,90,0,70,70,0,70,380,90,62693.80875000002,40375.0,22318.80875000002,5
2201,2485,140,315,0,315,280,20,15,95,95,0,95,415,75,43872.66,38675.0,5197.660000000005,5
2202,2485,115,330,0,330,320,10,0,75,75,0,70,430,55,29962.440000000002,37825.0,-7862.559999999999,5
2203,2485,200,260,0,260,240,15,5,115,115,0,115,435,105,63507.69000000002,39100.0,24407.69000000002,5
2204,2485,135,315,0,315,280,0,35,85,85,0,80,410,55,31092.030000000006,38250.0,-7157.969999999996,5
2205,2485,135,305,0,305,270,10,25,85,85,0,85,400,85,49161.87000000001,37400.0,11761.870000000008,5
2206,2485,200,285,0,285,240,15,30,105,105,0,105,435,75,45443.520000000004,41225.0,4218.520000000008,5
2207,2485,160,320,0,320,305,0,15,65,65,0,65,460,55,34242.030000000006,40800.0,-6557.969999999996,5
2208,2485,100,330,0,330,315,5,10,80,80,0,75,410,85,59444.190000000024,36550.0,22894.190000000024,5
2209,2485,155,310,0,310,305,5,0,80,80,0,80,455,50,28182.240000000005,39525.0,-11342.759999999995,5
2210,2485,135,335,0,335,295,5,35,80,80,0,80,425,55,31038.480000000003,39950.0,-8911.519999999997,5
2211,2485,155,315,0,315,280,35,0,95,95,0,95,430,60,37537.920000000006,39950.0,-2412.0799999999963,5
2212,2485,180,300,0,300,295,5,0,100,100,0,100,470,40,23276.790000000005,40800.0,-17523.209999999995,5
2213,2485,100,365,0,365,305,45,15,75,75,0,70,400,75,49801.815,39525.0,10276.815000000006,5
2214,2485,170,300,0,300,290,0,10,75,75,0,70,455,65,37930.59000000001,39950.0,-2019.409999999989,5
2215,2485,190,270,0,270,260,10,0,85,85,0,85,445,120,82707.485625,39100.0,43607.48562500001,5
2216,2485,190,285,0,285,285,0,0,115,115,0,110,470,70,47075.15250000001,40375.0,6700.152500000013,5
2217,2485,210,290,0,290,280,0,10,85,85,0,80,485,45,26273.97000000001,42500.0,-16226.029999999992,5
2218,2485,145,330,0,330,295,15,20,95,95,0,95,435,55,32706.360000000004,40375.0,-7668.639999999996,5
2219,2485,155,305,0,305,300,0,5,70,70,0,70,450,50,32417.145,39100.0,-6682.855,5
2220,2485,255,280,0,280,275,0,5,75,75,0,75,525,45,30164.805000000008,45475.0,-15310.194999999994,5
2221,2485,160,280,0,280,260,10,10,95,95,0,95,415,95,62757.04500000001,37400.0,25357.045000000016,5
2222,2485,170,310,0,310,265,5,40,65,65,0,60,430,65,42002.64,40800.0,1202.6400000000012,5
2223,2485,150,305,0,305,290,0,15,90,90,0,90,435,65,34712.46,38675.0,-3962.539999999999,5
2224,2485,150,320,0,320,280,15,25,85,85,0,85,425,70,41992.29,39950.0,2042.2900000000027,5
2225,2485,160,320,0,320,285,30,5,80,80,0,80,440,65,43606.17,40800.0,2806.170000000002,5
2226,2485,120,340,0,340,320,0,20,55,55,0,55,435,35,17616.600000000006,39100.0,-21483.399999999994,5
2227,2485,110,365,0,365,325,10,30,75,75,0,75,430,30,15951.780000000002,40375.0,-24423.219999999998,5
2228,2485,110,310,0,310,270,40,0,90,90,0,90,375,75,45641.25000000001,35700.0,9941.25000000001,5
2229,2485,130,320,0,320,290,30,0,110,110,0,110,415,65,34228.62,38250.0,-4021.379999999999,5
2230,2485,155,285,0,285,275,5,5,95,95,0,95,425,120,82205.14500000002,37400.0,44805.14500000001,5
2231,2485,135,320,0,320,280,30,10,125,125,0,125,410,75,43704.990000000005,38675.0,5029.990000000007,5
2232,2485,135,335,0,335,280,45,10,95,95,0,95,410,50,26823.780000000006,39950.0,-13126.219999999994,5
2233,2485,135,325,0,325,310,0,15,90,90,0,90,440,105,63293.31,39100.0,24193.31,5
2234,2485,135,325,0,325,290,25,10,70,70,0,70,420,85,63915.06375000001,39100.0,24815.06375000001,5
2235,2485,180,275,0,275,240,35,0,110,110,0,110,415,70,42794.865,38675.0,4119.865,5
2236,2485,160,320,0,320,285,25,10,100,100,0,100,440,100,63251.730000000025,40800.0,22451.730000000025,5
2237,2485,130,335,0,335,285,50,0,80,80,0,80,410,55,31938.75,39525.0,-7586.25,5
2238,2485,115,320,0,320,295,15,10,90,90,0,90,405,65,36939.78,36975.0,-35.219999999999345,5
2239,2485,140,350,0,350,315,10,25,70,70,0,70,450,45,24694.74,41650.0,-16955.26,5
2240,2485,115,340,0,340,260,50,30,90,90,0,85,370,75,51173.060625000006,38675.0,12498.060625000007,5
2241,2485,110,340,0,340,325,0,15,75,75,0,75,430,60,35339.850000000006,38250.0,-2910.149999999994,5
2242,2485,190,310,0,310,305,0,5,55,55,0,55,490,30,18078.480000000003,42500.0,-24421.519999999997,5
2243,2485,125,310,0,310,270,25,15,100,100,0,100,390,80,47447.91,36975.0,10472.910000000002,5
2244,2485,115,320,0,320,280,15,25,85,85,0,85,390,75,44612.37,36975.0,7637.370000000001,5
2245,2485,200,290,0,290,280,10,0,70,70,0,70,475,80,47864.79000000001,41650.0,6214.790000000012,5
2246,2485,130,335,0,335,295,15,25,85,85,0,85,420,115,76673.29500000001,39525.0,37148.29500000001,5
2247,2485,150,305,0,305,280,20,5,85,85,0,85,425,70,46468.08000000001,38675.0,7793.080000000009,5
2248,2485,125,310,0,310,285,25,0,95,95,0,95,405,110,71729.78625000002,36975.0,34754.78625000002,5
2249,2485,220,265,0,265,240,15,10,80,80,0,75,455,80,50126.13000000002,41225.0,8901.130000000021,5
2250,2485,185,325,0,325,295,10,20,80,80,0,75,475,40,22389.210000000003,43350.0,-20960.789999999997,5
2251,2485,80,350,0,350,315,30,5,65,65,0,65,390,30,18762.93,36550.0,-17787.07,5
2252,2485,135,315,0,315,280,10,25,95,95,0,95,410,75,45508.320000000014,38250.0,7258.320000000012,5
2253,2485,130,320,0,320,300,15,5,70,70,0,70,425,50,29182.680000000008,38250.0,-9067.31999999999,5
2254,2485,280,250,0,250,205,15,30,115,115,0,110,480,120,74138.175,45050.0,29088.175000000003,5
2255,2485,120,305,0,305,300,0,5,100,100,0,100,415,110,66570.84,36125.0,30445.839999999997,5
2256,2485,150,280,0,280,255,20,5,125,125,0,125,400,120,76424.895,36550.0,39874.895000000004,5
2257,2485,155,330,0,330,245,75,10,125,125,0,125,395,85,49607.01,41225.0,8382.01,5
2258,2485,180,320,0,320,290,0,30,65,65,0,65,465,30,16419.06,42500.0,-26080.940000000002,5
2259,2485,100,345,0,345,300,25,20,70,70,0,70,395,85,59058.60750000001,37825.0,21233.607500000016,5
2260,2485,140,300,0,300,270,15,15,100,100,0,100,405,90,58206.84750000001,37400.0,20806.84750000001,5
2261,2485,170,295,0,295,285,0,10,95,95,0,95,450,40,23733.18,39525.0,-15791.819999999998,5
2262,2485,145,295,0,295,255,40,0,90,90,0,90,395,65,40335.3,37400.0,2935.3000000000065,5
2263,2485,115,320,0,320,305,0,15,80,80,0,80,415,75,48047.895000000004,36975.0,11072.895000000008,5
2264,2485,175,295,0,295,260,35,0,95,95,0,95,430,50,29200.050000000007,39950.0,-10749.949999999993,5
2265,2485,130,340,0,340,280,40,20,105,105,0,105,405,80,46180.170000000006,39950.0,6230.170000000007,5
2266,2485,180,305,0,305,300,0,5,75,75,0,70,475,40,24200.370000000003,41225.0,-17024.629999999997,5
2267,2485,150,320,0,320,280,25,15,95,95,0,90,425,55,28847.700000000008,39950.0,-11102.299999999992,5
2268,2485,145,300,0,300,285,5,10,80,80,0,80,425,40,21445.74,37825.0,-16379.259999999998,5
2269,2485,155,305,0,305,300,0,5,70,70,0,70,450,25,12448.080000000002,39100.0,-26651.92,5
2270,2485,140,315,0,315,300,5,10,105,105,0,100,435,65,37798.47000000001,38675.0,-876.5299999999888,5
2271,2485,190,305,0,305,290,0,15,85,85,0,85,475,45,22843.440000000002,42075.0,-19231.559999999998,5
2272,2485,205,280,0,280,275,0,5,60,60,0,55,475,65,39867.66,41225.0,-1357.3399999999947,5
2273,2485,170,290,0,290,290,0,0,110,110,0,110,455,50,27416.16,39100.0,-11683.84,5
2274,2485,190,300,0,300,275,25,0,110,110,0,110,460,105,68367.75750000002,41650.0,26717.757500000014,5
2275,2485,165,270,0,270,265,5,0,80,80,0,80,425,110,81521.398125,36975.0,44546.39812500001,5
2276,2485,150,300,0,300,235,50,15,100,100,0,100,380,105,69341.18625000003,38250.0,31091.186250000028,5
2277,2485,100,335,0,335,320,0,15,75,75,0,70,415,50,27339.84,36975.0,-9635.16,5
2278,2485,160,310,0,310,270,15,25,105,105,0,105,425,65,34242.66,39950.0,-5707.339999999995,5
2279,2485,100,355,0,355,350,0,5,50,50,0,50,445,45,27098.01,38675.0,-11576.990000000002,5
2280,2485,190,285,0,285,265,5,15,115,115,0,115,450,85,57825.202500000014,40375.0,17450.202500000014,5
2281,2485,130,330,0,330,285,10,35,100,100,0,95,410,115,73578.37500000001,39100.0,34478.375000000015,5
2282,2485,225,270,0,270,235,15,20,95,95,0,95,455,60,38086.47,42075.0,-3988.5300000000007,5
2283,2485,150,285,0,285,270,15,0,100,100,0,100,415,125,87163.44750000001,36975.0,50188.4475,5
2284,2485,100,335,0,335,290,20,25,80,80,0,80,385,80,47741.76000000001,36975.0,10766.760000000013,5
2285,2485,115,335,0,335,335,0,0,65,65,0,65,445,70,44747.1,38250.0,6497.1,5
2286,2485,145,315,0,315,300,15,0,85,85,0,85,440,70,39210.75,39100.0,110.74999999999818,5
2287,2485,205,295,0,295,290,5,0,85,85,0,85,490,90,56491.78500000001,42500.0,13991.785000000009,5
2288,2485,130,320,0,320,305,15,0,80,80,0,80,430,60,35406.36000000001,38250.0,-2843.6399999999912,5
2289,2485,255,255,0,255,250,0,5,85,85,0,85,500,105,73877.67000000001,43350.0,30527.670000000006,5
2290,2485,115,325,0,325,285,20,20,95,95,0,95,395,85,49955.94,37400.0,12555.94,5
2291,2485,145,295,0,295,250,30,15,80,80,0,80,390,100,67151.36250000002,37400.0,29751.362500000014,5
2292,2485,165,320,0,320,280,20,20,95,95,0,90,440,75,38829.42000000001,41225.0,-2395.5799999999863,5
2293,2485,125,335,0,335,245,50,40,80,80,0,80,365,90,62961.142499999994,39100.0,23861.142499999994,5
2294,2485,80,360,0,360,315,20,25,75,75,0,75,390,30,16883.100000000002,37400.0,-20516.899999999994,5
2295,2485,200,310,0,310,310,0,0,65,65,0,65,505,50,28689.48,43350.0,-14660.52,5
2296,2485,220,270,0,270,260,0,10,100,100,0,100,475,80,45328.00500000001,41650.0,3678.005000000012,5
2297,2485,80,350,0,350,335,0,15,50,50,0,50,410,40,24742.620000000003,36550.0,-11807.379999999997,5
2298,2485,225,270,0,270,225,35,10,110,110,0,110,445,55,31608.450000000008,42075.0,-10466.549999999992,5
2299,2485,140,310,0,310,285,20,5,95,95,0,95,420,110,65075.67,38250.0,26825.67,5
2300,2485,105,310,0,310,290,5,15,85,85,0,85,390,85,51331.23,35275.0,16056.230000000005,5
2301,2485,195,260,0,260,225,30,5,135,135,0,135,415,100,61645.522500000014,38675.0,22970.522500000014,5
2302,2485,240,265,0,265,250,15,0,110,110,0,105,485,110,70992.09000000001,42925.0,28067.090000000007,5
2303,2485,130,320,0,320,265,45,10,85,85,0,85,390,90,61901.077500000014,38250.0,23651.07750000001,5
2304,2485,145,305,0,305,250,40,15,105,105,0,105,390,115,73901.7675,38250.0,35651.7675,5
2305,2485,190,265,0,265,255,5,5,95,95,0,95,440,115,76155.705,38675.0,37480.705,5
2306,2485,165,305,0,305,305,0,0,80,80,0,75,465,45,25250.4,39950.0,-14699.6,5
2307,2485,115,320,0,320,280,25,15,110,110,0,110,390,80,43310.52,36975.0,6335.519999999997,5
2308,2485,120,330,0,330,305,5,20,90,90,0,90,420,90,59816.75625000002,38250.0,21566.756250000017,5
2309,2485,135,280,0,280,220,55,5,125,125,0,120,350,120,78338.205,35275.0,43063.205,5
2310,2485,175,285,0,285,275,5,5,95,95,0,95,445,75,47906.865000000005,39100.0,8806.865000000007,5
2311,2485,135,330,0,330,255,50,25,100,100,0,100,385,60,35285.40000000001,39525.0,-4239.599999999991,5
2312,2485,110,325,0,325,325,0,0,65,65,0,65,430,55,35378.595,36975.0,-1596.4049999999997,5
2313,2485,200,275,0,275,240,0,35,100,100,0,100,435,90,58629.78000000001,40375.0,18254.78000000001,5
2314,2485,135,330,0,330,280,30,20,120,120,0,120,410,70,37864.799999999996,39525.0,-1660.2000000000044,5
2315,2485,115,310,0,310,275,15,20,95,95,0,95,385,40,21421.620000000003,36125.0,-14703.379999999997,5
2316,2485,185,275,0,275,225,30,20,135,135,0,135,405,110,61828.38000000002,39100.0,22728.380000000016,5
2317,2485,90,350,0,350,310,20,20,60,60,0,60,395,45,29412.450000000008,37400.0,-7987.549999999992,5
2318,2485,185,290,0,290,265,20,5,105,105,0,105,445,110,67686.48,40375.0,27311.479999999992,5
2319,2485,115,340,0,340,275,45,20,105,105,0,105,385,55,36805.905000000006,38675.0,-1869.094999999993,5
2320,2485,85,360,0,360,270,90,0,80,80,0,80,350,95,63645.390000000014,37825.0,25820.390000000014,5
2321,2485,160,295,0,295,270,25,0,95,95,0,95,425,70,43921.395000000004,38675.0,5246.395000000002,5
2322,2485,220,285,0,285,285,0,0,80,80,0,80,500,60,39261.39750000001,42925.0,-3663.6024999999972,5
2323,2485,155,330,0,330,320,0,10,55,55,0,55,470,35,20348.280000000002,41225.0,-20876.719999999994,5
2324,2485,160,290,0,290,270,20,0,100,100,0,100,425,90,58864.083750000005,38250.0,20614.08375000001,5
2325,2485,175,280,0,280,250,20,10,100,100,0,100,420,115,84688.07765625003,38675.0,46013.077656250025,5
2326,2485,175,300,0,300,220,60,20,95,95,0,95,390,115,78389.3475,40375.0,38014.3475,5
2327,2485,155,295,0,295,280,10,5,105,105,0,100,430,100,66341.25000000001,38250.0,28091.250000000007,5
2328,2485,200,305,0,305,290,10,5,75,75,0,75,485,65,41953.7025,42925.0,-971.2975000000006,5
2329,2485,150,300,0,300,245,50,5,105,105,0,105,390,135,99874.3696875,38250.0,61624.3696875,5
2330,2485,220,265,0,265,265,0,0,110,110,0,110,480,80,48127.77000000001,41225.0,6902.7700000000095,5
2331,2485,120,325,0,325,280,40,5,85,85,0,85,395,60,34889.94,37825.0,-2935.0599999999986,5
2332,2485,140,300,0,300,255,30,15,95,95,0,95,390,90,58351.79250000001,37400.0,20951.79250000001,5
2333,2485,160,315,0,315,315,0,0,75,75,0,75,470,80,48127.05000000001,40375.0,7752.050000000008,5
2334,2485,160,290,0,290,265,0,25,100,100,0,100,420,95,64702.76625000002,38250.0,26452.766250000022,5
2335,2485,165,315,0,315,285,0,30,75,75,0,75,445,65,41271.435,40800.0,471.4350000000013,5
2336,2485,215,300,0,300,300,0,0,65,65,0,65,510,55,30784.320000000003,43775.0,-12990.679999999997,5
2337,2485,105,325,0,325,255,50,20,95,95,0,95,355,85,51012.405000000006,36550.0,14462.405000000008,5
2338,2485,140,325,0,325,300,10,15,75,75,0,75,435,50,26911.980000000003,39525.0,-12613.019999999997,5
2339,2485,140,315,0,315,295,20,0,95,95,0,95,430,80,48655.62000000001,38675.0,9980.620000000008,5
2340,2485,215,260,0,260,255,5,0,110,110,0,110,465,90,56935.755000000005,40375.0,16560.75500000001,5
2341,2485,165,315,0,315,250,30,35,105,105,0,100,410,95,57817.26000000001,40800.0,17017.260000000006,5
2342,2485,125,285,0,285,235,45,5,105,105,0,105,355,145,104134.12031250003,34850.0,69284.12031250003,5
2343,2485,140,310,0,310,285,15,10,95,95,0,95,420,90,56963.59875000002,38250.0,18713.59875000002,5
2344,2485,135,310,0,310,295,15,0,65,65,0,65,425,40,24298.02,37825.0,-13526.98,5
2345,2485,195,255,0,255,220,35,0,125,125,0,125,410,100,71495.44875000001,38250.0,33245.44875000001,5
2346,2485,135,320,0,320,315,0,5,60,60,0,60,445,35,20762.28,38675.0,-17912.72,5
2347,2485,150,300,0,300,300,0,0,65,65,0,65,445,120,78791.26500000003,38250.0,40541.26500000003,5
2348,2485,120,325,0,325,285,25,15,95,95,0,95,400,55,29802.24,37825.0,-8022.759999999998,5
2349,2485,145,335,0,335,285,10,40,80,80,0,80,425,70,44647.740000000005,40800.0,3847.7400000000034,5
2350,2485,145,305,0,305,300,0,5,90,90,0,90,440,85,51921.63,38250.0,13671.629999999996,5
2351,2485,155,285,0,285,275,10,0,100,100,0,100,425,105,68597.4375,37400.0,31197.437499999996,5
2352,2485,135,305,0,305,305,0,0,80,80,0,80,435,80,52347.46500000001,37400.0,14947.465000000011,5
2353,2485,160,280,0,280,250,0,30,95,95,0,95,405,150,100227.87000000002,37400.0,62827.870000000024,5
2354,2485,155,290,0,290,255,30,5,95,95,0,95,405,75,47115.54,37825.0,9290.54,5
2355,2485,115,350,0,350,335,0,15,70,70,0,70,445,30,16792.38,39525.0,-22732.619999999995,5
2356,2485,165,315,0,315,285,15,15,60,60,0,60,445,55,33761.43,40800.0,-7038.57,5
2357,2485,205,260,0,260,245,0,15,100,100,0,100,445,90,53541.22500000001,39525.0,14016.225000000013,5
2358,2485,120,315,0,315,265,30,20,85,85,0,85,380,60,35208.18000000001,36975.0,-1766.8199999999933,5
2359,2485,105,320,0,320,265,40,15,95,95,0,95,365,75,41562.9,36125.0,5437.9,5
2360,2485,115,335,0,335,265,55,15,80,80,0,80,375,55,30451.68,38250.0,-7798.319999999999,5
2361,2485,195,290,0,290,255,10,25,80,80,0,75,445,50,29998.800000000003,41225.0,-11226.199999999999,5
2362,2485,225,280,0,280,265,0,15,85,85,0,85,485,75,48719.61000000002,42925.0,5794.610000000021,5
2363,2485,165,275,0,275,265,5,5,105,105,0,105,425,115,74436.795,37400.0,37036.795,5
2364,2485,145,325,0,325,320,5,0,70,70,0,70,460,35,19272.78,39950.0,-20677.219999999998,5
2365,2485,125,305,0,305,290,5,10,100,100,0,95,410,70,41840.28000000001,36550.0,5290.280000000012,5
2366,2485,260,275,0,275,270,0,5,70,70,0,65,525,35,19074.78,45475.0,-26400.22,5
2367,2485,135,300,0,300,295,0,5,75,75,0,75,425,90,59842.40625,36975.0,22867.406250000004,5
2368,2485,205,270,0,270,260,10,0,140,140,0,140,460,110,66815.46,40375.0,26440.460000000014,5
2369,2485,225,275,0,275,275,0,0,95,95,0,95,495,105,66683.3175,42500.0,24183.317500000012,5
2370,2485,150,295,0,295,255,30,10,115,115,0,115,400,60,37414.530000000006,37825.0,-410.4699999999957,5
2371,2485,165,285,0,285,250,25,10,120,120,0,120,410,65,35691.48,38250.0,-2558.5199999999986,5
2372,2485,80,340,0,340,330,0,10,60,60,0,60,405,40,21313.620000000003,35700.0,-14386.38,5
2373,2485,90,340,0,340,295,20,25,85,85,0,85,380,125,86357.565,36550.0,49807.564999999995,5
2374,2485,210,275,0,275,275,0,0,95,95,0,95,480,80,54796.275000000016,41225.0,13571.275000000014,5
2375,2485,150,320,0,320,315,5,0,75,75,0,75,460,60,37716.615000000005,39950.0,-2233.384999999994,5
2376,2485,150,305,0,305,280,20,5,75,75,0,75,425,85,56331.49499999999,38675.0,17656.494999999988,5
2377,2485,205,285,0,285,270,0,15,80,80,0,75,470,75,47821.815,41650.0,6171.815000000006,5
2378,2485,175,300,0,300,275,20,5,100,100,0,100,445,110,68817.105,40375.0,28442.105000000003,5
2379,2485,150,280,0,280,265,5,10,100,100,0,100,410,60,37210.50000000001,36550.0,660.5000000000064,5
2380,2485,110,340,0,340,295,25,20,95,95,0,95,400,85,52376.557499999995,38250.0,14126.557499999999,5
2381,2485,125,325,0,325,300,15,10,75,75,0,70,420,70,41259.96000000001,38250.0,3009.96000000001,5
2382,2485,105,325,0,325,295,25,5,80,80,0,80,395,85,56973.060000000005,36550.0,20423.060000000005,5
2383,2485,160,295,0,295,280,0,15,95,95,0,95,435,90,52921.710000000014,38675.0,14246.710000000012,5
2384,2485,195,295,0,295,275,10,10,95,95,0,95,465,115,76406.35500000003,41650.0,34756.35500000003,5
2385,2485,140,310,0,310,295,0,15,90,90,0,90,430,65,44181.59625000001,38250.0,5931.596250000011,5
2386,2485,140,330,0,330,330,0,0,70,70,0,70,465,55,29576.520000000004,39950.0,-10373.479999999996,5
2387,2485,155,315,0,315,255,30,30,105,105,0,105,405,90,54953.595,39950.0,15003.595000000005,5
2388,2485,160,285,0,285,250,5,30,120,120,0,120,405,125,76035.37499999999,37825.0,38210.374999999985,5
2389,2485,150,335,0,335,280,40,15,70,70,0,70,425,60,35384.310000000005,41225.0,-5840.689999999995,5
2390,2485,185,280,0,280,255,25,0,100,100,0,100,435,65,41843.25000000001,39525.0,2318.2500000000073,5
2391,2485,190,295,0,295,275,0,20,95,95,0,95,460,40,21196.620000000003,41225.0,-20028.379999999997,5
2392,2485,190,310,0,310,295,0,15,80,80,0,80,480,70,45262.62000000001,42500.0,2762.6200000000063,5
2393,2485,195,300,0,300,280,20,0,70,70,0,70,470,55,30115.98,42075.0,-11959.02,5
2394,2485,195,305,0,305,305,0,0,65,65,0,65,495,60,33352.200000000004,42500.0,-9147.799999999997,5
2395,2485,155,315,0,315,310,5,0,90,90,0,90,460,100,70614.18000000001,39950.0,30664.180000000008,5
2396,2485,175,280,0,280,275,0,5,85,85,0,85,445,60,33861.240000000005,38675.0,-4813.759999999993,5
2397,2485,105,355,0,355,285,60,10,85,85,0,85,385,40,20544.120000000003,39100.0,-18555.879999999997,5
2398,2485,140,295,0,295,295,0,0,80,80,0,80,430,70,44456.03999999999,36975.0,7481.039999999994,5
2399,2485,150,320,0,320,305,10,5,75,75,0,75,450,60,35809.56,39950.0,-4140.439999999999,5
2400,2485,215,255,0,255,235,0,20,85,85,0,85,445,90,56688.255000000005,39950.0,16738.25500000001,5
2401,2485,190,290,0,290,285,0,5,70,70,0,70,470,45,29040.659999999996,40800.0,-11759.340000000002,5
2402,2485,110,300,0,300,295,0,5,75,75,0,75,400,120,89148.3609375,34850.0,54298.3609375,5
2403,2485,135,300,0,300,280,10,10,100,100,0,100,410,85,51890.040000000015,36975.0,14915.040000000017,5
2404,2485,145,300,0,300,290,0,10,120,120,0,120,430,90,48059.64000000001,37825.0,10234.640000000009,5
2405,2485,190,290,0,290,290,0,0,85,85,0,85,475,35,18372.42,40800.0,-22427.579999999998,5
2406,2485,175,295,0,295,280,0,15,105,105,0,105,450,100,61552.89000000001,39950.0,21602.890000000007,5
2407,2485,235,265,0,265,245,10,10,100,100,0,95,475,65,41757.30000000002,42500.0,-742.6999999999862,5
2408,2485,235,260,0,260,260,0,0,100,100,0,100,490,60,33194.16,42075.0,-8880.839999999993,5
2409,2485,140,335,0,335,270,25,40,105,105,0,105,405,90,58024.350000000006,40375.0,17649.350000000006,5
2410,2485,140,315,0,315,300,0,15,85,85,0,85,435,50,29479.860000000004,38675.0,-9195.139999999996,5
2411,2485,145,300,0,300,270,15,15,85,85,0,85,410,70,43681.770000000004,37825.0,5856.770000000006,5
2412,2485,160,300,0,300,275,25,0,90,90,0,90,430,55,31560.930000000008,39100.0,-7539.069999999992,5
2413,2485,170,305,0,305,245,60,0,95,95,0,95,410,100,61340.76,40375.0,20965.760000000002,5
2414,2485,185,285,0,285,265,0,20,70,70,0,70,445,60,41304.87,39950.0,1354.8700000000008,5
2415,2485,130,320,0,320,295,5,20,85,85,0,85,420,45,23834.340000000004,38250.0,-14415.659999999998,5
2416,2485,155,315,0,315,285,10,20,75,75,0,75,435,90,59533.740000000005,39950.0,19583.740000000005,5
2417,2485,125,325,0,325,315,0,10,65,65,0,65,435,65,41926.27500000001,38250.0,3676.275000000005,5
2418,2485,240,270,0,270,270,0,0,90,90,0,85,505,100,68902.0846875,43350.0,25552.0846875,5
2419,2485,175,340,0,340,315,20,5,40,40,0,40,485,25,14479.740000000002,43775.0,-29295.26,5
2420,2485,120,335,0,335,295,35,5,85,85,0,85,410,100,65937.55500000001,38675.0,27262.555,5
2421,2485,120,330,0,330,300,10,20,90,90,0,90,415,55,30200.040000000005,38250.0,-8049.959999999996,5
2422,2485,130,330,0,330,325,5,0,75,75,0,75,450,45,24537.780000000002,39100.0,-14562.219999999998,5
2423,2485,130,310,0,310,285,15,10,95,95,0,95,410,105,67281.705,37400.0,29881.705,5
2424,2485,175,295,0,295,255,35,5,115,115,0,115,425,80,46975.5,39950.0,7025.500000000002,5
2425,2485,170,265,0,265,265,0,0,110,110,0,110,430,110,68771.475,36975.0,31796.47500000001,5
2426,2485,110,335,0,335,245,70,20,100,100,0,100,350,40,22389.480000000003,37825.0,-15435.519999999997,5
2427,2485,120,330,0,330,290,0,40,90,90,0,90,405,65,35935.560000000005,38250.0,-2314.439999999995,5
2428,2485,180,290,0,290,275,0,15,75,75,0,70,450,65,38341.26,39950.0,-1608.739999999998,5
2429,2485,170,310,0,310,305,0,5,95,95,0,95,470,50,26801.460000000003,40800.0,-13998.539999999997,5
2430,2485,135,295,0,295,270,10,15,90,90,0,85,400,65,37398.06,36550.0,848.0600000000004,5
2431,2485,135,330,0,330,320,0,10,80,80,0,80,450,80,47450.430000000015,39525.0,7925.430000000015,5
2432,2485,115,355,0,355,235,90,30,90,90,0,90,345,65,39192.21000000001,39950.0,-757.7899999999954,5
2433,2485,105,335,0,335,300,30,5,80,80,0,80,400,30,17829.36,37400.0,-19570.64,5
2434,2485,110,350,0,350,290,60,0,80,80,0,80,395,130,91464.41250000003,39100.0,52364.412500000035,5
2435,2485,110,355,0,355,285,70,0,85,85,0,85,390,35,17758.800000000003,39525.0,-21766.199999999997,5
2436,2485,115,330,0,330,275,20,35,90,90,0,90,385,110,76602.4875,37825.0,38777.4875,5
2437,2485,125,310,0,310,235,60,15,105,105,0,105,355,65,40647.55500000001,36975.0,3672.5550000000067,5
2438,2485,170,325,0,325,210,90,25,115,115,0,115,375,110,68496.435,42075.0,26421.435,5
2439,2485,185,320,0,320,300,0,20,100,100,0,100,480,50,27040.140000000007,42925.0,-15884.859999999993,5
2440,2485,180,280,0,280,235,10,35,115,115,0,115,410,65,41079.240000000005,39100.0,1979.2400000000089,5
2441,2485,240,260,0,260,255,0,5,95,95,0,95,490,65,39861.810000000005,42500.0,-2638.189999999995,5
2442,2485,145,295,0,295,260,35,0,110,110,0,105,400,65,35967.87,37400.0,-1432.1299999999974,5
2443,2485,150,325,0,325,295,0,30,65,65,0,65,440,65,41822.01000000001,40375.0,1447.0100000000093,5
2444,2485,175,295,0,295,265,10,20,85,85,0,85,435,65,41196.1725,39950.0,1246.1725000000024,5
2445,2485,210,260,0,260,230,30,0,105,105,0,105,435,110,72409.5225,39950.0,32459.522500000014,5
2446,2485,100,345,0,345,260,60,25,95,95,0,95,355,65,37074.240000000005,37825.0,-750.7599999999911,5
2447,2485,125,320,0,320,285,30,5,85,85,0,80,405,70,41646.33000000001,37825.0,3821.330000000007,5
2448,2485,85,330,0,330,310,5,15,60,60,0,60,390,65,43575.975000000006,35275.0,8300.975000000008,5
2449,2485,225,270,0,270,255,0,15,80,80,0,80,475,55,38932.256250000006,42075.0,-3142.743749999995,5
2450,2485,210,280,0,280,275,0,5,100,100,0,100,480,90,49109.04000000001,41650.0,7459.0400000000045,5
2451,2485,160,285,0,285,270,15,0,115,115,0,115,425,105,66970.21500000001,37825.0,29145.215000000007,5
2452,2485,150,310,0,310,275,25,10,75,75,0,75,420,100,78361.26064453126,39100.0,39261.260644531256,5
2453,2485,180,295,0,295,280,0,15,95,95,0,95,455,65,35449.92,40375.0,-4925.079999999998,5
2454,2485,180,285,0,285,265,15,5,100,100,0,100,440,100,62907.69375000002,39525.0,23382.693750000017,5
2455,2485,130,295,0,295,290,5,0,90,90,0,90,415,95,60834.645000000004,36125.0,24709.645,5
2456,2485,100,350,0,350,325,20,5,75,75,0,70,420,45,24953.22,38250.0,-13296.779999999999,5
2457,2485,160,300,0,300,245,55,0,105,105,0,105,400,100,57421.17,39100.0,18321.170000000002,5
2458,2485,130,330,0,330,290,20,20,70,70,0,70,415,90,57856.9725,39100.0,18756.972500000003,5
2459,2485,165,340,0,340,325,5,10,70,70,0,70,485,35,17692.200000000004,42925.0,-25232.799999999996,5
2460,2485,170,315,0,315,295,15,5,85,85,0,85,460,95,54478.89000000002,41225.0,13253.89000000002,5
2461,2485,135,300,0,300,300,0,0,90,90,0,90,430,100,60160.63500000001,36975.0,23185.63500000001,5
2462,2485,105,340,0,340,285,40,15,85,85,0,85,385,60,31948.74,37825.0,-5876.2599999999975,5
2463,2485,175,325,0,325,260,40,25,100,100,0,100,430,75,40484.43,42500.0,-2015.569999999998,5
2464,2485,170,285,0,285,255,30,0,125,125,0,125,420,155,97454.67750000002,38675.0,58779.67750000002,5
2465,2485,145,315,0,315,270,35,10,115,115,0,115,410,105,68550.2325,39100.0,29450.23249999999,5
2466,2485,85,360,0,360,285,45,30,65,65,0,65,365,55,34329.51000000001,37825.0,-3495.4899999999907,5
2467,2485,135,295,0,295,285,10,0,85,85,0,85,415,115,75084.34500000002,36550.0,38534.34500000002,5
2468,2485,125,320,0,320,265,50,5,100,100,0,100,385,85,51271.15500000001,37825.0,13446.155000000017,5
2469,2485,140,315,0,315,290,15,10,100,100,0,100,425,75,45907.92,38675.0,7232.919999999995,5
2470,2485,100,365,0,365,335,25,5,70,70,0,70,430,35,19128.420000000002,39525.0,-20396.579999999998,5
2471,2485,220,305,0,305,245,30,30,80,80,0,80,460,85,52385.04000000001,44625.0,7760.040000000008,5
2472,2485,155,325,0,325,325,0,0,60,60,0,60,475,75,50717.115000000005,40800.0,9917.115000000003,5
2473,2485,175,295,0,295,255,40,0,70,70,0,70,425,95,75421.9655859375,39950.0,35471.965585937505,5
2474,2485,155,315,0,315,310,0,5,60,60,0,60,460,35,20479.680000000004,39950.0,-19470.319999999996,5
2475,2485,95,330,0,330,310,5,15,65,65,0,65,400,105,75633.86249999999,36125.0,39508.86249999999,5
2476,2485,85,345,0,345,290,30,25,75,75,0,75,370,85,55951.87500000001,36550.0,19401.875000000007,5
2477,2485,100,325,0,325,270,50,5,90,90,0,90,365,105,66845.16,36125.0,30720.159999999996,5
2478,2485,140,305,0,305,280,25,0,85,85,0,85,415,120,79170.57,37825.0,41345.57000000001,5
2479,2485,140,330,0,330,280,45,5,60,60,0,60,415,30,17647.920000000006,39950.0,-22302.079999999994,5
2480,2485,155,300,0,300,265,5,30,85,85,0,85,415,95,60946.20000000001,38675.0,22271.200000000008,5
2481,2485,150,320,0,320,305,5,10,75,75,0,75,450,75,42727.41000000001,39950.0,2777.410000000009,5
2482,2485,160,310,0,310,290,0,20,70,70,0,70,445,65,40952.655,39950.0,1002.6549999999997,5
2483,2485,165,310,0,310,305,0,5,85,85,0,85,465,60,34800.12000000001,40375.0,-5574.879999999994,5
2484,2485,190,290,0,290,260,30,0,85,85,0,85,445,110,84721.8684375,40800.0,43921.8684375,5
2485,2485,125,315,0,315,230,60,25,115,115,0,115,350,110,71053.155,37400.0,33653.155,5
2486,2485,210,280,0,280,270,0,10,90,90,0,90,475,55,29450.7,41650.0,-12199.3,5
2487,2485,195,290,0,290,275,15,0,90,90,0,90,465,75,44547.390000000014,41225.0,3322.390000000014,5
2488,2485,220,270,0,270,265,5,0,85,85,0,85,480,70,43828.47000000001,41650.0,2178.4700000000066,5
2489,2485,235,270,0,270,230,15,25,110,110,0,105,460,115,69848.73000000001,42925.0,26923.730000000014,5
2490,2485,130,335,0,335,310,20,5,100,100,0,100,435,110,65486.970000000016,39525.0,25961.97000000002,5
2491,2485,185,290,0,290,265,10,15,95,95,0,95,445,85,54986.37750000001,40375.0,14611.377500000008,5
2492,2485,240,270,0,270,265,0,5,75,75,0,75,500,60,34452.18,43350.0,-8897.820000000002,5
2493,2485,160,340,0,340,265,35,40,90,90,0,90,420,55,29436.840000000004,42500.0,-13063.159999999998,5
2494,2485,115,330,0,330,290,40,0,95,95,0,95,400,80,47527.695000000014,37825.0,9702.695000000012,5
2495,2485,125,320,0,320,270,50,0,105,105,0,105,390,30,15409.080000000002,37825.0,-22415.92,5
2496,2485,205,285,0,285,270,0,15,105,105,0,105,470,65,39952.30500000001,41650.0,-1697.6949999999943,5
2497,2485,135,345,0,345,275,35,35,95,95,0,95,405,75,42101.19,40800.0,1301.190000000006,5
2498,2485,110,305,0,305,295,0,10,75,75,0,70,400,100,73245.3890625,35275.0,37970.389062500006,5
2499,2485,105,315,0,315,245,45,25,90,90,0,90,345,50,29253.510000000006,35700.0,-6446.489999999994,5
2500,2485,135,340,0,340,265,55,20,80,80,0,75,395,65,49003.60781250001,40375.0,8628.607812500013,5
2501,2485,120,320,0,320,315,0,5,85,85,0,85,430,80,51655.43250000001,37400.0,14255.432500000006,5
2502,2485,150,275,0,275,265,5,5,125,125,0,125,410,135,93443.11312500002,36125.0,57318.11312500002,5
2503,2485,170,305,0,305,275,20,10,90,90,0,90,440,70,39960.00000000001,40375.0,-414.9999999999909,5
2504,2485,115,340,0,340,300,10,30,70,70,0,70,410,60,39788.32500000001,38675.0,1113.325000000009,5
2505,2485,160,295,0,295,285,0,10,85,85,0,85,440,45,23890.32,38675.0,-14784.679999999998,5
2506,2485,215,290,0,290,270,10,10,75,75,0,75,480,45,27917.100000000006,42925.0,-15007.899999999994,5
2507,2485,160,320,0,320,295,15,10,90,90,0,90,450,40,23179.500000000004,40800.0,-17620.499999999996,5
2508,2485,90,370,0,370,250,75,45,90,90,0,85,335,75,50188.095000000016,39100.0,11088.095000000012,5
2509,2485,125,305,0,305,280,15,10,100,100,0,100,400,85,59286.622500000005,36550.0,22736.622500000005,5
2510,2485,125,330,0,330,320,0,10,80,80,0,80,440,50,29212.740000000005,38675.0,-9462.259999999997,5
2511,2485,170,315,0,315,290,25,0,100,100,0,100,455,110,66031.65000000002,41225.0,24806.650000000016,5
2512,2485,150,290,0,290,245,25,20,100,100,0,95,390,80,52681.02749999999,37400.0,15281.027499999991,5
2513,2485,260,275,0,275,270,0,5,60,60,0,55,525,35,19953.0,45475.0,-25522.0,5
2514,2485,100,330,0,330,290,20,20,65,65,0,65,385,110,85353.52359375001,36550.0,48803.52359375001,5
2515,2485,80,370,0,370,290,55,25,70,70,0,65,365,40,21989.880000000005,38250.0,-16260.119999999997,5
2516,2485,100,330,0,330,285,30,15,85,85,0,85,380,70,47454.71625,36550.0,10904.716250000001,5
2517,2485,170,285,0,285,285,0,0,85,85,0,85,450,60,33394.409999999996,38675.0,-5280.590000000002,5
2518,2485,90,340,0,340,315,10,15,55,55,0,55,400,55,32727.780000000006,36550.0,-3822.219999999993,5
2519,2485,150,340,0,340,295,10,35,70,70,0,70,440,90,58072.86000000001,41650.0,16422.860000000008,5
2520,2485,225,275,0,275,270,0,5,110,110,0,110,490,70,42261.390000000014,42500.0,-238.60999999998967,5
2521,2485,125,335,0,335,285,35,15,90,90,0,90,405,90,54163.66500000001,39100.0,15063.66500000001,5
2522,2485,130,330,0,330,275,35,20,80,80,0,80,400,45,25440.839999999997,39100.0,-13659.160000000002,5
2523,2485,145,325,0,325,320,0,5,70,70,0,70,460,65,42090.659999999996,39950.0,2140.659999999998,5
2524,2485,215,275,0,275,250,20,5,125,125,0,125,460,75,40749.12000000001,41650.0,-900.8799999999928,5
2525,2485,150,340,0,340,280,25,35,80,80,0,80,425,50,29194.38,41650.0,-12455.619999999999,5
2526,2485,145,300,0,300,265,35,0,100,100,0,100,405,110,71472.375,37825.0,33647.375,5
2527,2485,165,285,0,285,285,0,0,90,90,0,90,445,60,38956.634999999995,38250.0,706.6349999999966,5
2528,2485,150,320,0,320,285,30,5,80,80,0,80,430,80,47820.60000000001,39950.0,7870.600000000013,5
2529,2485,210,310,0,310,300,0,10,65,65,0,65,505,45,26976.51,44200.0,-17223.49,5
2530,2485,120,340,0,340,330,10,0,60,60,0,60,445,60,39459.195,39100.0,359.1949999999997,5
2531,2485,225,285,0,285,265,20,0,75,75,0,75,485,70,44911.53,43350.0,1561.5300000000025,5
2532,2485,110,330,0,330,290,25,15,105,105,0,105,395,60,30320.640000000003,37400.0,-7079.359999999997,5
2533,2485,225,270,0,270,255,0,15,80,80,0,80,475,60,35069.535,42075.0,-7005.464999999995,5
2534,2485,145,305,0,305,290,5,10,80,80,0,80,430,90,56409.36750000001,38250.0,18159.367500000008,5
2535,2485,130,320,0,320,305,0,15,90,90,0,90,430,70,39256.020000000004,38250.0,1006.0200000000077,5
2536,2485,190,305,0,305,290,15,0,90,90,0,90,475,65,40264.605,42075.0,-1810.3949999999986,5
2537,2485,85,335,0,335,290,30,15,80,80,0,80,370,35,20348.280000000002,35700.0,-15351.719999999998,5
2538,2485,150,315,0,315,280,0,35,100,100,0,100,425,75,52195.15125000001,39525.0,12670.151250000008,5
2539,2485,185,310,0,310,285,0,25,95,95,0,90,465,60,33365.16,42075.0,-8709.84,5
2540,2485,110,315,0,315,265,20,30,90,90,0,90,370,90,63445.792499999996,36125.0,27320.792499999996,5
2541,2485,195,285,0,285,275,0,10,60,60,0,60,465,60,39538.03500000001,40800.0,-1261.9649999999865,5
2542,2485,130,305,0,305,300,5,0,80,80,0,80,425,85,52428.69000000002,36975.0,15453.690000000015,5
2543,2485,145,315,0,315,280,10,25,100,100,0,100,420,75,43882.380000000005,39100.0,4782.380000000003,5
2544,2485,125,325,0,325,300,25,0,70,70,0,70,420,90,54679.5,38250.0,16429.5,5
2545,2485,120,300,0,300,275,20,5,100,100,0,100,390,80,46444.41,35700.0,10744.410000000007,5
2546,2485,195,270,0,270,260,0,10,105,105,0,100,450,110,66822.705,39525.0,27297.705000000005,5
2547,2485,185,275,0,275,255,15,5,115,115,0,115,435,140,94605.57,39100.0,55505.57000000001,5
2548,2485,140,330,0,330,320,0,10,65,65,0,65,455,45,25363.800000000003,39950.0,-14586.199999999999,5
2549,2485,105,325,0,325,260,30,35,100,100,0,100,360,100,62398.98000000002,36550.0,25848.980000000018,5
2550,2485,170,275,0,275,265,10,0,75,75,0,75,430,155,125255.879296875,37825.0,87430.879296875,5
2551,2485,205,305,0,305,260,35,10,90,90,0,90,460,50,25786.800000000003,43350.0,-17563.199999999997,5
2552,2485,160,300,0,300,280,10,10,115,115,0,115,435,90,59207.22000000001,39100.0,20107.22000000001,5
2553,2485,140,355,0,355,325,15,15,75,75,0,75,460,35,17736.120000000003,42075.0,-24338.879999999997,5
2554,2485,170,300,0,300,300,0,0,90,90,0,90,465,90,53839.44,39950.0,13889.440000000004,5
2555,2485,195,290,0,290,255,15,20,120,120,0,115,445,95,55516.41000000002,41225.0,14291.410000000014,5
2556,2485,105,325,0,325,305,15,5,80,80,0,80,405,65,41325.030000000006,36550.0,4775.030000000006,5
2557,2485,125,305,0,305,300,5,0,90,90,0,90,420,110,70793.41500000001,36550.0,34243.41500000001,5
2558,2485,155,280,0,280,250,10,20,90,90,0,90,400,110,76812.39000000003,36975.0,39837.39000000002,5
2559,2485,210,295,0,295,255,40,0,115,115,0,110,460,75,51119.932499999995,42925.0,8194.932499999995,5
2560,2485,135,320,0,320,295,0,25,85,85,0,85,425,65,36357.479999999996,38675.0,-2317.520000000004,5
2561,2485,90,335,0,335,325,0,10,75,75,0,75,410,65,38749.86,36125.0,2624.8599999999988,5
2562,2485,120,335,0,335,305,20,10,75,75,0,75,420,70,46382.9625,38675.0,7707.962500000003,5
2563,2485,195,280,0,280,260,15,5,80,80,0,80,450,35,22160.070000000007,40375.0,-18214.929999999993,5
2564,2485,100,375,0,375,290,60,25,70,70,0,70,385,85,59812.50375000002,40375.0,19437.503750000014,5
2565,2485,235,280,0,280,235,15,30,115,115,0,115,465,80,49635.09000000001,43775.0,5860.090000000009,5
2566,2485,215,300,0,300,260,15,25,85,85,0,85,470,40,22389.480000000003,43775.0,-21385.519999999997,5
2567,2485,150,305,0,305,265,10,30,60,60,0,60,410,110,78567.19312500003,38675.0,39892.193125000034,5
2568,2485,165,300,0,300,260,40,0,120,120,0,120,420,165,108802.9125,39525.0,69277.9125,5
2569,2485,115,320,0,320,305,0,15,80,80,0,80,415,60,40669.076250000006,36975.0,3694.076250000003,5
2570,2485,160,320,0,320,280,35,5,95,95,0,90,435,70,47067.7725,40800.0,6267.772500000001,5
2571,2485,155,290,0,290,245,25,20,95,95,0,90,395,120,87676.64437500002,37825.0,49851.64437500002,5
2572,2485,140,310,0,310,305,0,5,75,75,0,75,440,45,25974.9,38250.0,-12275.099999999999,5
2573,2485,95,350,0,350,300,25,25,85,85,0,85,390,65,37887.030000000006,37825.0,62.03000000000429,5
2574,2485,95,330,0,330,315,0,15,85,85,0,85,405,95,63101.29500000001,36125.0,26976.29500000001,5
2575,2485,110,330,0,330,285,30,15,105,105,0,100,390,90,56624.40000000001,37400.0,19224.400000000005,5
2576,2485,145,310,0,310,295,0,15,70,70,0,70,435,70,49419.2475,38675.0,10744.247500000001,5
2577,2485,160,300,0,300,280,10,10,105,105,0,105,435,100,56268.62999999999,39100.0,17168.629999999994,5
2578,2485,190,290,0,290,275,10,5,85,85,0,85,460,65,38922.3,40800.0,-1877.6999999999953,5
2579,2485,135,300,0,300,275,20,5,95,95,0,95,405,105,68696.85375000001,36975.0,31721.85375000001,5
2580,2485,160,310,0,310,300,10,0,70,70,0,70,455,45,35433.9225,39950.0,-4516.077500000001,5
2581,2485,190,300,0,300,290,5,5,95,95,0,95,475,115,80537.16375,41650.0,38887.16375,5
2582,2485,155,320,0,320,270,45,5,85,85,0,85,420,75,42242.94000000002,40375.0,1867.9400000000169,5
2583,2485,175,285,0,285,275,0,10,65,65,0,65,445,65,39861.54000000001,39100.0,761.5400000000091,5
2584,2485,95,370,0,370,310,50,10,60,60,0,60,400,45,31790.4975,39525.0,-7734.502499999999,5
2585,2485,185,295,0,295,270,15,10,85,85,0,85,450,80,43879.50000000001,40800.0,3079.5000000000073,5
2586,2485,90,370,0,370,305,20,45,45,45,0,45,390,15,7507.080000000001,39100.0,-31592.92,5
2587,2485,135,315,0,315,270,30,15,80,80,0,80,400,70,44093.79000000001,38250.0,5843.790000000008,5
2588,2485,155,280,0,280,260,0,20,85,85,0,85,410,85,56113.604999999996,36975.0,19138.604999999996,5
2589,2485,180,295,0,295,275,10,10,110,110,0,110,450,75,45691.56,40375.0,5316.5599999999995,5
2590,2485,200,280,0,280,255,10,15,115,115,0,115,450,65,36415.979999999996,40800.0,-4384.02,5
2591,2485,150,320,0,320,290,10,20,85,85,0,85,435,55,31170.15,39950.0,-8779.849999999997,5
2592,2485,110,330,0,330,265,45,20,95,95,0,95,370,85,55158.49125000001,37400.0,17758.491250000006,5
2593,2485,195,300,0,300,275,0,25,55,55,0,50,465,30,17998.920000000002,42075.0,-24076.079999999998,5
2594,2485,110,340,0,340,310,25,5,85,85,0,85,415,60,35685.45000000001,38250.0,-2564.54999999999,5
2595,2485,105,325,0,325,285,20,20,85,85,0,85,385,80,48052.8,36550.0,11502.800000000007,5
2596,2485,145,310,0,310,295,0,15,80,80,0,80,435,45,26922.329999999998,38675.0,-11752.670000000002,5
2597,2485,140,315,0,315,265,40,10,85,85,0,85,400,65,42408.49500000001,38675.0,3733.4950000000117,5
2598,2485,205,270,0,270,265,0,5,95,95,0,95,465,100,63504.0,40375.0,23128.999999999996,5
2599,2485,190,300,0,300,210,55,35,115,115,0,115,395,80,49317.12,41650.0,7667.120000000004,5
2600,2485,175,295,0,295,285,10,0,100,100,0,100,455,85,53711.23500000001,39950.0,13761.235000000006,5
2601,2485,145,315,0,315,260,35,20,100,100,0,100,400,115,73860.975,39100.0,34760.975,5
2602,2485,120,320,0,320,270,45,5,100,100,0,100,385,75,45909.76500000001,37400.0,8509.765000000007,5
2603,2485,180,290,0,290,280,0,10,85,85,0,85,455,75,50175.5175,39950.0,10225.517500000005,5
2604,2485,195,285,0,285,265,10,10,90,90,0,85,455,40,21574.62,40800.0,-19225.38,5
2605,2485,205,295,0,295,285,0,10,85,85,0,85,485,40,20853.0,42500.0,-21647.0,5
2606,2485,190,310,0,310,295,0,15,60,60,0,60,480,30,16304.760000000002,42500.0,-26195.239999999998,5
2607,2485,140,325,0,325,295,0,30,85,85,0,85,430,50,26745.300000000003,39525.0,-12779.699999999997,5
2608,2485,195,290,0,290,270,15,5,75,75,0,75,460,55,28161.180000000004,41225.0,-13063.819999999996,5
2609,2485,220,285,0,285,280,0,5,65,65,0,65,495,90,60987.80250000002,42925.0,18062.802500000016,5
2610,2485,115,310,0,310,310,0,0,65,65,0,65,420,80,50919.795000000006,36125.0,14794.795000000004,5
2611,2485,170,315,0,315,290,0,25,85,85,0,85,455,55,29918.520000000004,41225.0,-11306.479999999996,5
2612,2485,100,345,0,345,265,55,25,80,80,0,80,360,95,64667.02500000001,37825.0,26842.025000000012,5
2613,2485,215,270,0,270,230,25,15,90,90,0,90,440,65,36481.23000000001,41225.0,-4743.76999999999,5
2614,2485,115,355,0,355,290,35,30,85,85,0,85,400,70,38243.88,39950.0,-1706.1200000000008,5
2615,2485,175,280,0,280,255,20,5,100,100,0,100,425,80,48622.5,38675.0,9947.5,5
2616,2485,110,325,0,325,315,10,0,90,90,0,85,420,75,40357.44,36975.0,3382.4400000000014,5
2617,2485,245,265,0,265,255,0,10,110,110,0,110,495,90,51064.20000000001,43350.0,7714.20000000001,5
2618,2485,165,310,0,310,285,20,5,95,95,0,95,445,90,54086.26500000002,40375.0,13711.265000000021,5
2619,2485,135,325,0,325,285,15,25,70,70,0,70,415,80,56847.87562500001,39100.0,17747.875625000008,5
2620,2485,215,320,0,320,310,0,10,80,80,0,80,520,50,27628.380000000005,45475.0,-17846.619999999995,5
2621,2485,140,305,0,305,280,20,5,75,75,0,75,415,95,61224.93000000001,37825.0,23399.930000000004,5
2622,2485,155,320,0,320,315,0,5,70,70,0,70,465,55,33359.49,40375.0,-7015.509999999999,5
2623,2485,200,300,0,300,265,5,30,75,75,0,75,460,65,36682.83000000001,42500.0,-5817.169999999992,5
2624,2485,165,330,0,330,300,20,10,90,90,0,85,460,40,20765.16,42075.0,-21309.84,5
2625,2485,200,290,0,290,265,25,0,95,95,0,95,460,135,86960.38500000001,41650.0,45310.38500000001,5
2626,2485,135,305,0,305,255,35,15,95,95,0,95,385,75,49775.5575,37400.0,12375.557500000004,5
2627,2485,170,320,0,320,275,25,20,90,90,0,90,440,60,30999.420000000006,41650.0,-10650.579999999994,5
2628,2485,135,325,0,325,285,15,25,75,75,0,75,415,35,23260.725000000002,39100.0,-15839.274999999998,5
2629,2485,195,295,0,295,280,5,10,95,95,0,95,470,75,45266.4,41650.0,3616.4000000000033,5
2630,2485,130,295,0,295,270,20,5,90,90,0,90,395,105,76476.538125,36125.0,40351.53812500001,5
2631,2485,140,300,0,300,290,0,10,80,80,0,80,425,100,64737.27,37400.0,27337.269999999997,5
2632,2485,140,325,0,325,280,20,25,100,100,0,100,415,95,64061.4825,39525.0,24536.482500000002,5
2633,2485,180,285,0,285,275,0,10,105,105,0,105,450,40,21137.04,39525.0,-18387.96,5
2634,2485,135,315,0,315,295,10,10,75,75,0,75,425,50,31010.535000000003,38250.0,-7239.464999999996,5
2635,2485,185,270,0,270,245,15,10,90,90,0,90,425,110,71030.6325,38675.0,32355.63250000001,5
2636,2485,130,310,0,310,290,10,10,85,85,0,85,415,70,43265.700000000004,37400.0,5865.700000000006,5
2637,2485,120,330,0,330,295,20,15,70,70,0,70,410,60,39770.64,38250.0,1520.640000000003,5
2638,2485,165,285,0,285,270,0,15,115,115,0,115,430,95,64036.338749999995,38250.0,25786.338749999995,5
2639,2485,125,320,0,320,310,5,5,55,55,0,55,430,80,58641.975000000006,37825.0,20816.975000000002,5
2640,2485,125,310,0,310,300,10,0,80,80,0,80,420,75,46929.15000000001,36975.0,9954.150000000009,5
2641,2485,180,290,0,290,240,45,5,110,110,0,110,415,55,30096.36,39950.0,-9853.64,5
2642,2485,135,310,0,310,295,10,5,90,90,0,90,425,90,56840.850000000006,37825.0,19015.85000000001,5
2643,2485,185,280,0,280,260,15,5,105,105,0,105,440,155,114314.85562500004,39525.0,74789.85562500004,5
2644,2485,180,270,0,270,270,0,0,115,115,0,115,445,100,60136.42500000001,38250.0,21886.42500000001,5
2645,2485,195,295,0,295,270,10,15,85,85,0,85,460,115,84690.80226562501,41650.0,43040.80226562501,5
2646,2485,95,320,0,320,305,10,5,80,80,0,80,395,90,56602.755,35275.0,21327.754999999997,5
2647,2485,150,300,0,300,295,5,0,110,110,0,110,440,90,54492.12,38250.0,16242.120000000004,5
2648,2485,110,335,0,335,250,45,40,90,90,0,85,355,110,76616.60625000001,37825.0,38791.60625000001,5
2649,2485,140,355,0,355,330,0,25,50,50,0,50,465,35,20326.320000000003,42075.0,-21748.679999999993,5
2650,2485,215,265,0,265,255,0,10,85,85,0,85,465,110,78736.685625,40800.0,37936.685625,5
2651,2485,175,295,0,295,255,30,10,110,110,0,110,425,90,51702.75,39950.0,11752.749999999996,5
2652,2485,205,275,0,275,270,5,0,85,85,0,85,470,95,58800.015000000014,40800.0,18000.015000000014,5
2653,2485,220,270,0,270,235,35,0,85,85,0,85,450,55,32102.730000000003,41650.0,-9547.269999999999,5
2654,2485,155,300,0,300,290,0,10,80,80,0,80,440,70,51488.38687500001,38675.0,12813.386875000015,5
2655,2485,225,280,0,280,265,10,5,105,105,0,100,485,75,41514.48,42925.0,-1410.5199999999968,5
2656,2485,120,330,0,330,295,25,10,75,75,0,75,410,60,40811.4225,38250.0,2561.4225000000033,5
2657,2485,170,320,0,320,260,5,55,85,85,0,85,425,90,55556.82000000002,41650.0,13906.820000000025,5
2658,2485,115,300,0,300,300,0,0,105,105,0,105,410,95,62451.6075,35275.0,27176.6075,5
2659,2485,130,305,0,305,280,25,0,100,100,0,100,405,65,40778.1,36975.0,3803.0999999999995,5
2660,2485,205,285,0,285,275,0,10,90,90,0,90,475,115,78329.5875,41650.0,36679.587499999994,5
2661,2485,130,340,0,340,275,40,25,70,70,0,70,400,45,28700.550000000003,39950.0,-11249.449999999997,5
2662,2485,125,310,0,310,280,5,25,90,90,0,90,400,80,51324.95250000001,36975.0,14349.952500000009,5
2663,2485,180,310,0,310,265,20,25,80,80,0,80,440,35,17693.280000000002,41650.0,-23956.719999999994,5
2664,2485,130,345,0,345,315,5,25,85,85,0,80,440,60,34304.40000000001,40375.0,-6070.599999999995,5
2665,2485,125,325,0,325,260,20,45,115,115,0,115,380,125,84256.41375,38250.0,46006.41375000001,5
2666,2485,210,275,0,275,275,0,0,85,85,0,85,480,80,48328.020000000004,41225.0,7103.020000000006,5
2667,2485,140,310,0,310,265,20,25,90,90,0,90,400,105,76728.70968750003,38250.0,38478.70968750002,5
2668,2485,110,340,0,340,315,0,25,75,75,0,75,420,50,31358.520000000008,38250.0,-6891.479999999992,5
2669,2485,180,275,0,275,245,30,0,115,115,0,115,420,120,79429.23000000004,38675.0,40754.23000000003,5
2670,2485,75,350,0,350,325,25,0,60,60,0,60,395,50,30948.03,36125.0,-5176.970000000001,5
2671,2485,110,305,0,305,280,25,0,90,90,0,90,385,105,72443.58750000002,35275.0,37168.58750000002,5
2672,2485,135,305,0,305,300,0,5,80,80,0,80,430,75,46697.580000000016,37400.0,9297.580000000016,5
2673,2485,110,335,0,335,335,0,0,65,65,0,65,440,45,24984.540000000008,37825.0,-12840.459999999994,5
2674,2485,145,330,0,330,290,35,5,70,70,0,70,430,30,16286.940000000004,40375.0,-24088.059999999998,5
2675,2485,80,360,0,360,300,55,5,60,60,0,60,375,75,49708.93500000001,37400.0,12308.93500000001,5
2676,2485,130,305,0,305,265,15,25,115,115,0,115,390,100,59283.4725,36975.0,22308.472500000007,5
2677,2485,135,310,0,310,300,10,0,75,75,0,75,430,45,23393.340000000004,37825.0,-14431.659999999996,5
2678,2485,155,290,0,290,260,15,15,115,115,0,115,410,105,71345.79562500001,37825.0,33520.79562500001,5
2679,2485,170,280,0,280,280,0,0,115,115,0,115,445,175,124978.09500000002,38250.0,86728.09500000002,5
2680,2485,160,280,0,280,260,10,10,110,110,0,110,415,115,77824.20375,37400.0,40424.20375000001,5
2681,2485,140,325,0,325,315,10,0,90,90,0,90,450,75,46837.305000000015,39525.0,7312.305000000015,5
2682,2485,185,300,0,300,295,5,0,60,60,0,55,475,65,38891.16,41225.0,-2333.8399999999956,5
2683,2485,145,315,0,315,290,15,10,95,95,0,95,430,60,32552.64,39100.0,-6547.359999999999,5
2684,2485,170,305,0,305,300,0,5,55,55,0,55,465,35,22894.11,40375.0,-17480.89,5
2685,2485,205,310,0,310,300,5,5,75,75,0,75,500,85,64765.24875000001,43775.0,20990.24875000001,5
2686,2485,225,265,0,265,230,15,20,95,95,0,95,450,60,34656.75000000001,41650.0,-6993.249999999994,5
2687,2485,125,320,0,320,290,25,5,105,105,0,105,410,70,41715.0,37825.0,3890.0,5
2688,2485,180,265,0,265,245,20,0,120,120,0,120,420,95,58570.06500000002,37825.0,20745.065000000013,5
2689,2485,115,325,0,325,275,35,15,80,80,0,80,385,110,76150.46250000001,37400.0,38750.46250000001,5
2690,2485,150,300,0,300,295,0,5,75,75,0,75,440,50,30643.110000000008,38250.0,-7606.889999999994,5
2691,2485,200,285,0,285,275,0,10,85,85,0,80,470,95,61697.340000000004,41225.0,20472.340000000004,5
2692,2485,145,300,0,300,245,35,20,115,115,0,115,385,90,60621.48000000001,37825.0,22796.48000000001,5
2693,2485,110,335,0,335,305,25,5,75,75,0,75,410,50,30073.77,37825.0,-7751.2300000000005,5
2694,2485,155,335,0,335,325,5,5,60,60,0,60,475,25,14268.060000000003,41650.0,-27381.939999999995,5
2695,2485,150,285,0,285,235,40,10,120,120,0,120,380,90,53224.2,36975.0,16249.2,5
2696,2485,140,300,0,300,295,5,0,100,100,0,100,430,80,50407.695000000014,37400.0,13007.695000000012,5
2697,2485,115,320,0,320,285,30,5,70,70,0,70,395,95,64872.82125000002,36975.0,27897.821250000023,5
2698,2485,135,345,0,345,290,40,15,100,100,0,100,420,45,22389.480000000003,40800.0,-18410.519999999997,5
2699,2485,130,310,0,310,305,5,0,80,80,0,80,430,60,37755.045,37400.0,355.0450000000001,5
2700,2485,285,265,0,265,260,0,5,100,100,0,100,540,100,56511.63000000001,46750.0,9761.630000000014,5
2701,2485,175,320,0,320,290,20,10,55,55,0,55,460,35,19710.9,42075.0,-22364.1,5
2702,2485,215,255,0,255,255,0,0,95,95,0,95,465,90,58121.21250000003,39950.0,18171.21250000003,5
2703,2485,155,310,0,310,280,5,25,80,80,0,80,430,90,60329.65500000002,39525.0,20804.65500000002,5
2704,2485,70,365,0,365,315,50,0,65,65,0,65,380,50,33815.205,36975.0,-3159.794999999999,5
2705,2485,135,330,0,330,265,50,15,120,120,0,120,395,130,84810.74625000001,39525.0,45285.74625000001,5
2706,2485,195,305,0,305,260,45,0,100,100,0,100,450,70,39437.73000000001,42500.0,-3062.2699999999895,5
2707,2485,135,340,0,340,295,15,30,75,75,0,75,425,45,25335.9,40375.0,-15039.099999999999,5
2708,2485,130,315,0,315,285,10,20,95,95,0,95,410,70,41307.210000000014,37825.0,3482.2100000000137,5
2709,2485,105,330,0,330,295,20,15,90,90,0,90,395,60,30847.500000000004,36975.0,-6127.499999999995,5
2710,2485,190,305,0,305,275,15,15,80,80,0,80,460,40,21812.940000000002,42075.0,-20262.059999999998,5
2711,2485,130,335,0,335,285,20,30,95,95,0,95,410,100,65297.98125000002,39525.0,25772.98125000002,5
2712,2485,105,335,0,335,305,5,25,80,80,0,80,405,60,34868.700000000004,37400.0,-2531.2999999999965,5
2713,2485,150,305,0,305,300,5,0,95,95,0,95,445,75,46423.080000000016,38675.0,7748.080000000018,5
2714,2485,125,320,0,320,320,0,0,65,65,0,65,440,65,42255.18,37825.0,4430.18,5
2715,2485,145,305,0,305,300,0,5,95,95,0,95,440,90,56889.49500000001,38250.0,18639.495000000006,5
2716,2485,150,295,0,295,290,0,5,80,80,0,80,435,75,45580.09500000001,37825.0,7755.09500000001,5
2717,2485,180,270,0,270,245,15,10,100,100,0,100,420,100,58882.725,38250.0,20632.725,5
2718,2485,120,340,0,340,220,90,30,105,105,0,105,335,140,88468.65000000002,39100.0,49368.650000000016,5
2719,2485,145,290,0,290,275,0,15,100,100,0,100,415,45,23793.66,36975.0,-13181.34,5
2720,2485,150,315,0,315,315,0,0,75,75,0,75,460,35,17895.600000000002,39525.0,-21629.399999999994,5
2721,2485,150,310,0,310,275,5,30,95,95,0,90,420,75,44041.68000000001,39100.0,4941.680000000006,5
2722,2485,145,325,0,325,285,10,30,95,95,0,95,425,65,35288.100000000006,39950.0,-4661.899999999991,5
2723,2485,205,265,0,265,250,15,0,105,105,0,100,450,75,49973.197499999995,39950.0,10023.197499999997,5
2724,2485,135,335,0,335,305,0,30,80,80,0,80,435,60,32933.52000000001,39950.0,-7016.479999999988,5
2725,2485,120,315,0,315,280,30,5,85,85,0,85,395,75,49677.24375000001,36975.0,12702.243750000007,5
2726,2485,200,240,0,240,200,30,10,115,115,0,115,395,140,96534.2475,37400.0,59134.2475,5
2727,2485,140,295,0,295,290,0,5,75,75,0,75,425,110,80524.89000000001,36975.0,43549.890000000014,5
2728,2485,125,305,0,305,290,10,5,95,95,0,95,410,50,31454.370000000003,36550.0,-5095.6299999999965,5
2729,2485,170,315,0,315,310,0,5,70,70,0,65,475,30,16792.38,41225.0,-24432.619999999995,5
2730,2485,155,320,0,320,270,15,35,115,115,0,115,420,115,68793.48000000001,40375.0,28418.480000000018,5
2731,2485,145,285,0,285,270,5,10,100,100,0,100,410,100,62936.59500000001,36550.0,26386.59500000001,5
2732,2485,165,315,0,315,300,10,5,95,95,0,95,460,60,35040.96000000001,40800.0,-5759.039999999995,5
2733,2485,145,315,0,315,295,15,5,75,75,0,75,435,35,23080.86,39100.0,-16019.139999999998,5
2734,2485,250,255,0,255,230,15,10,125,125,0,120,475,50,25855.560000000005,42925.0,-17069.439999999995,5
2735,2485,130,315,0,315,280,25,10,115,115,0,115,405,80,46865.790000000015,37825.0,9040.790000000015,5
2736,2485,130,335,0,335,320,0,15,75,75,0,70,445,60,40141.845,39525.0,616.8449999999984,5
2737,2485,225,265,0,265,235,15,15,95,95,0,95,455,90,56782.30500000001,41650.0,15132.305000000006,5
2738,2485,135,330,0,330,295,35,0,85,85,0,85,425,80,48107.790000000015,39525.0,8582.790000000014,5
2739,2485,185,265,0,265,235,15,15,110,110,0,110,415,40,20455.2,38250.0,-17794.8,5
2740,2485,180,260,0,260,260,0,0,105,105,0,105,435,40,22869.72000000001,37400.0,-14530.279999999993,5
2741,2485,130,315,0,315,275,30,10,120,120,0,120,400,100,60847.807499999995,37825.0,23022.8075,5
2742,2485,190,290,0,290,265,0,25,105,105,0,105,450,100,66117.5325,40800.0,25317.53250000001,5
2743,2485,225,270,0,270,270,0,0,100,100,0,100,490,90,57471.390000000014,42075.0,15396.39000000001,5
2744,2485,150,320,0,320,320,0,0,75,75,0,75,465,50,26776.980000000003,39950.0,-13173.019999999997,5
2745,2485,145,295,0,295,270,25,0,90,90,0,90,410,85,54180.832500000004,37400.0,16780.832500000004,5
2746,2485,125,315,0,315,310,5,0,75,75,0,75,430,75,47931.36750000001,37400.0,10531.367500000006,5
2747,2485,155,300,0,300,250,20,30,120,120,0,115,400,125,82375.2225,38675.0,43700.2225,5
2748,2485,140,300,0,300,235,40,25,105,105,0,105,370,115,72040.18500000001,37400.0,34640.18500000001,5
2749,2485,180,285,0,285,285,0,0,65,65,0,65,460,65,41078.25,39525.0,1553.2499999999982,5
2750,2485,200,300,0,300,285,0,15,85,85,0,85,480,65,38835.270000000004,42500.0,-3664.729999999995,5
2751,2485,155,300,0,300,235,40,25,115,115,0,115,385,105,62142.210000000014,38675.0,23467.210000000014,5
2752,2485,120,330,0,330,315,0,15,85,85,0,80,430,65,38417.130000000005,38250.0,167.13000000000193,5
2753,2485,135,320,0,320,315,0,5,70,70,0,70,445,40,23045.760000000002,38675.0,-15629.24,5
2754,2485,155,310,0,310,260,10,40,85,85,0,85,410,40,22115.700000000004,39525.0,-17409.299999999996,5
2755,2485,220,260,0,260,250,5,5,115,115,0,115,465,95,55865.61000000001,40800.0,15065.610000000006,5
2756,2485,260,290,0,290,275,0,15,60,60,0,60,530,35,18987.300000000003,46750.0,-27762.699999999997,5
2757,2485,105,345,0,345,270,50,25,85,85,0,85,370,65,37915.65000000001,38250.0,-334.3499999999949,5
2758,2485,215,270,0,270,260,0,10,75,75,0,75,470,115,77332.111875,41225.0,36107.11187500001,5
2759,2485,110,340,0,340,280,30,30,85,85,0,80,385,85,59401.62,38250.0,21151.620000000003,5
2760,2485,160,315,0,315,255,30,30,95,95,0,95,410,65,44302.365000000005,40375.0,3927.365000000009,5
2761,2485,195,290,0,290,280,10,0,85,85,0,85,470,60,35349.21000000001,41225.0,-5875.789999999997,5
2762,2485,150,320,0,320,290,20,10,90,90,0,90,435,100,72209.28375,39950.0,32259.283749999995,5
2763,2485,100,345,0,345,280,40,25,80,80,0,80,375,55,35902.665,37825.0,-1922.3349999999982,5
2764,2485,195,295,0,295,270,15,10,110,110,0,105,460,90,48078.720000000016,41650.0,6428.720000000012,5
2765,2485,115,335,0,335,225,65,45,90,90,0,90,335,70,39778.560000000005,38250.0,1528.5600000000022,5
2766,2485,215,305,0,305,305,0,0,60,60,0,60,515,35,17999.280000000002,44200.0,-26200.72,5
2767,2485,170,295,0,295,275,15,5,95,95,0,95,440,110,68860.30500000002,39525.0,29335.305000000015,5
2768,2485,125,295,0,295,255,20,20,105,105,0,100,375,160,119833.48828125001,35700.0,84133.48828125001,5
2769,2485,210,260,0,260,235,25,0,105,105,0,105,440,75,57311.06906250002,39950.0,17361.06906250002,5
2770,2485,150,315,0,315,295,5,15,85,85,0,85,440,70,43949.61,39525.0,4424.610000000002,5
2771,2485,180,285,0,285,280,0,5,95,95,0,95,455,65,41341.140000000014,39525.0,1816.140000000014,5
2772,2485,90,345,0,345,300,25,20,75,75,0,75,385,60,35793.18000000001,36975.0,-1181.8199999999933,5
2773,2485,185,265,0,265,265,0,0,95,95,0,95,445,120,78431.35500000001,38250.0,40181.355,5
2774,2485,145,315,0,315,275,30,10,100,100,0,100,415,65,35098.920000000006,39100.0,-4001.079999999997,5
2775,2485,170,305,0,305,265,35,5,95,95,0,95,430,100,63255.375000000015,40375.0,22880.375000000015,5
2776,2485,235,290,0,290,265,15,10,90,90,0,90,495,70,41640.57000000001,44625.0,-2984.429999999993,5
2777,2485,165,285,0,285,280,5,0,95,95,0,95,440,105,70240.27500000001,38250.0,31990.27500000001,5
2778,2485,170,285,0,285,285,0,0,95,95,0,95,450,80,49447.17,38675.0,10772.169999999996,5
2779,2485,120,325,0,325,285,5,35,100,100,0,100,400,90,53119.44,37825.0,15294.440000000004,5
2780,2485,140,305,0,305,285,15,5,115,115,0,110,420,100,63437.22000000001,37825.0,25612.22000000001,5
2781,2485,150,315,0,315,305,0,10,85,85,0,85,450,85,51929.59500000001,39525.0,12404.595000000008,5
2782,2485,165,315,0,315,290,10,15,70,70,0,70,450,40,23827.23,40800.0,-16972.77,5
2783,2485,135,295,0,295,275,10,10,85,85,0,85,405,125,85658.58,36550.0,49108.58,5
2784,2485,180,315,0,315,300,0,15,90,90,0,90,475,50,27501.300000000003,42075.0,-14573.699999999999,5
2785,2485,225,280,0,280,275,5,0,60,60,0,60,495,75,44531.01000000002,42925.0,1606.0100000000148,5
2786,2485,210,280,0,280,270,0,10,120,120,0,120,475,65,37596.06000000001,41650.0,-4053.9399999999887,5
2787,2485,110,335,0,335,275,25,35,95,95,0,95,380,50,27987.480000000003,37825.0,-9837.519999999995,5
2788,2485,145,325,0,325,325,0,0,75,75,0,75,465,60,36051.39,39950.0,-3898.6099999999988,5
2789,2485,125,330,0,330,295,25,10,65,65,0,65,415,50,30730.410000000007,38675.0,-7944.589999999994,5
2790,2485,185,290,0,290,275,5,10,90,90,0,90,455,95,65572.49250000002,40375.0,25197.492500000015,5
2791,2485,130,295,0,295,255,25,15,75,75,0,75,380,170,139740.65208984376,36125.0,103615.65208984377,5
2792,2485,185,310,0,310,270,25,15,65,65,0,65,450,70,43567.69500000001,42075.0,1492.6950000000033,5
2793,2485,190,265,0,265,265,0,0,110,110,0,110,450,120,77801.535,38675.0,39126.535,5
2794,2485,80,355,0,355,320,15,20,75,75,0,70,395,55,31469.49,36975.0,-5505.509999999999,5
2795,2485,185,320,0,320,310,0,10,70,70,0,70,490,25,12956.400000000003,42925.0,-29968.6,5
2796,2485,135,300,0,300,295,0,5,85,85,0,85,425,55,30029.760000000006,36975.0,-6945.239999999994,5
2797,2485,130,330,0,330,270,30,30,115,115,0,115,395,75,42715.44000000001,39100.0,3615.440000000008,5
2798,2485,150,270,0,270,265,5,0,85,85,0,85,410,110,73934.15062500001,35700.0,38234.15062500001,5
2799,2485,180,265,0,265,255,10,0,115,115,0,110,430,130,77933.74500000002,37825.0,40108.74500000002,5
2800,2485,155,280,0,280,255,20,5,110,110,0,105,405,100,62551.44,36975.0,25576.440000000002,5
2801,2485,230,295,0,295,250,20,25,95,95,0,95,475,65,38396.25000000001,44625.0,-6228.749999999991,5
2802,2485,85,340,0,340,320,10,10,65,65,0,65,400,45,25900.200000000004,36125.0,-10224.799999999996,5
2803,2485,150,315,0,315,250,40,25,100,100,0,100,395,95,58925.06999999999,39525.0,19400.069999999996,5
2804,2485,160,315,0,315,305,0,10,85,85,0,85,460,75,46122.21000000001,40375.0,5747.210000000005,5
2805,2485,190,285,0,285,285,0,0,75,75,0,75,470,60,36714.28500000001,40375.0,-3660.714999999991,5
2806,2485,115,315,0,315,300,5,10,100,100,0,100,410,120,88217.58375000002,36550.0,51667.58375000001,5
2807,2485,120,340,0,340,310,25,5,85,85,0,85,425,50,26318.700000000008,39100.0,-12781.299999999992,5
2808,2485,130,345,0,345,345,0,0,50,50,0,50,470,15,8736.300000000001,40375.0,-31638.699999999997,5
2809,2485,185,275,0,275,270,0,5,90,90,0,90,450,130,100028.95875,39100.0,60928.958750000005,5
2810,2485,155,300,0,300,285,0,15,95,95,0,95,435,115,76330.5075,38675.0,37655.50750000001,5
2811,2485,155,320,0,320,290,5,25,100,100,0,100,440,90,59302.755000000005,40375.0,18927.755000000005,5
2812,2485,160,310,0,310,280,5,25,75,75,0,75,435,90,56648.205,39950.0,16698.204999999998,5
2813,2485,195,285,0,285,275,0,10,85,85,0,85,465,60,34380.54,40800.0,-6419.459999999999,5
2814,2485,120,320,0,320,305,5,10,85,85,0,85,420,35,21116.52,37400.0,-16283.48,5
2815,2485,155,325,0,325,275,30,20,100,100,0,100,425,85,46271.34000000002,40800.0,5471.340000000018,5
2816,2485,95,370,0,370,325,15,30,85,85,0,80,415,50,27404.820000000003,39525.0,-12120.179999999997,5
2817,2485,85,350,0,350,320,30,0,70,70,0,70,400,50,32111.145,36975.0,-4863.854999999999,5
2818,2485,105,335,0,335,330,0,5,75,75,0,75,430,45,26362.619999999995,37400.0,-11037.380000000003,5
2819,2485,110,345,0,345,330,10,5,55,55,0,55,435,65,43709.87250000001,38675.0,5034.87250000001,5
2820,2485,200,260,0,260,240,0,20,120,120,0,120,435,145,97571.44125,39100.0,58471.44125,5
2821,2485,195,300,0,300,285,5,10,65,65,0,65,475,70,46524.55500000001,42075.0,4449.555000000009,5
2822,2485,115,350,0,350,305,25,20,80,80,0,80,415,30,18405.630000000005,39525.0,-21119.37,5
2823,2485,190,305,0,305,285,15,5,65,65,0,65,470,60,40014.36000000001,42075.0,-2060.639999999994,5
2824,2485,145,310,0,310,255,40,15,85,85,0,85,395,75,48286.845000000016,38675.0,9611.845000000012,5
2825,2485,150,300,0,300,275,20,5,100,100,0,95,420,60,36753.30000000001,38250.0,-1496.6999999999916,5
2826,2485,145,300,0,300,290,0,10,90,90,0,90,430,65,36202.86,37825.0,-1622.1399999999994,5
2827,2485,230,285,0,285,255,30,0,75,75,0,75,480,60,35929.39500000001,43775.0,-7845.604999999991,5
2828,2485,90,335,0,335,325,5,5,75,75,0,70,410,60,36701.37,36125.0,576.3700000000017,5
2829,2485,120,320,0,320,300,15,5,70,70,0,70,415,60,35724.509999999995,37400.0,-1675.4900000000043,5
2830,2485,115,335,0,335,270,35,30,95,95,0,95,380,95,56663.01000000003,38250.0,18413.01000000003,5
2831,2485,170,280,0,280,230,25,25,115,115,0,115,395,120,79243.51500000001,38250.0,40993.515000000014,5
2832,2485,175,305,0,305,285,0,20,105,105,0,105,455,100,57503.070000000014,40800.0,16703.070000000014,5
2833,2485,205,290,0,290,245,35,10,125,125,0,125,445,75,42968.43000000001,42075.0,893.4300000000076,5
2834,2485,120,330,0,330,240,50,40,110,110,0,110,355,105,69048.2475,38250.0,30798.247499999998,5
2835,2485,235,260,0,260,260,0,0,100,100,0,100,490,70,42133.770000000004,42075.0,58.770000000004075,5
2836,2485,150,315,0,315,305,5,5,80,80,0,80,450,60,35098.920000000006,39525.0,-4426.079999999997,5
2837,2485,100,320,0,320,290,20,10,75,75,0,75,385,75,48101.4675,35700.0,12401.467499999999,5
2838,2485,140,320,0,320,290,15,15,75,75,0,75,425,65,36920.520000000004,39100.0,-2179.479999999994,5
2839,2485,180,300,0,300,255,15,30,85,85,0,85,430,85,51135.57,40800.0,10335.569999999998,5
2840,2485,125,315,0,315,260,40,15,90,90,0,90,380,40,23040.36,37400.0,-14359.64,5
2841,2485,145,335,0,335,335,0,0,70,70,0,70,475,50,25022.520000000004,40800.0,-15777.479999999996,5
2842,2485,135,320,0,320,315,5,0,70,70,0,70,445,60,29784.96000000001,38675.0,-8890.03999999999,5
2843,2485,155,315,0,315,275,0,40,80,80,0,80,425,80,48225.46500000001,39950.0,8275.465000000013,5
2844,2485,105,315,0,315,285,20,10,90,90,0,90,385,70,45330.63750000001,35700.0,9630.637500000012,5
2845,2485,185,305,0,305,295,0,10,75,75,0,75,475,90,59002.222499999996,41650.0,17352.222499999996,5
2846,2485,205,265,0,265,250,5,10,105,105,0,105,450,70,37076.04000000001,39950.0,-2873.959999999988,5
2847,2485,105,325,0,325,300,10,15,80,80,0,80,400,65,42058.89,36550.0,5508.890000000001,5
2848,2485,170,275,0,275,255,15,5,135,135,0,135,420,80,45642.15000000001,37825.0,7817.150000000011,5
2849,2485,205,275,0,275,240,35,0,110,110,0,110,440,115,74375.21250000001,40800.0,33575.21250000001,5
2850,2485,100,325,0,325,285,15,25,70,70,0,70,380,110,73426.26375000001,36125.0,37301.263750000006,5
2851,2485,155,305,0,305,300,5,0,80,80,0,80,450,90,59202.382500000014,39100.0,20102.382500000014,5
2852,2485,140,325,0,325,280,15,30,85,85,0,85,415,50,26035.920000000006,39525.0,-13489.079999999994,5
2853,2485,145,320,0,320,285,20,15,70,70,0,70,425,60,37212.3,39525.0,-2312.7,5
2854,2485,115,340,0,340,255,55,30,100,100,0,100,365,80,48818.85750000002,38675.0,10143.857500000022,5
2855,2485,170,335,0,335,270,60,5,90,90,0,90,435,65,39113.55,42925.0,-3811.45,5
2856,2485,170,295,0,295,225,45,25,130,130,0,125,390,95,56568.06000000001,39525.0,17043.060000000012,5
2857,2485,140,320,0,320,285,30,5,80,80,0,80,420,75,48238.92,39100.0,9138.919999999998,5
2858,2485,150,285,0,285,215,35,35,115,115,0,115,360,140,96654.718125,36975.0,59679.718125,5
2859,2485,165,310,0,310,310,0,0,65,65,0,65,470,65,40541.67,40375.0,166.66999999999462,5
2860,2485,170,295,0,295,255,40,0,105,105,0,105,420,75,43717.68000000001,39525.0,4192.680000000009,5
2861,2485,150,320,0,320,305,10,5,70,70,0,70,450,55,31136.76000000001,39950.0,-8813.23999999999,5
2862,2485,160,305,0,305,295,0,10,105,105,0,105,450,120,78736.72500000002,39525.0,39211.72500000001,5
2863,2485,120,350,0,350,275,50,25,90,90,0,90,390,45,23937.3,39950.0,-16012.7,5
2864,2485,175,280,0,280,250,20,10,120,120,0,120,420,145,97033.08375,38675.0,58358.083750000005,5
2865,2485,170,295,0,295,290,0,5,85,85,0,85,455,70,45814.365000000005,39525.0,6289.365000000007,5
2866,2485,210,295,0,295,280,0,15,65,65,0,65,485,40,25890.660000000003,42925.0,-17034.339999999997,5
2867,2485,205,265,0,265,230,30,5,110,110,0,110,430,95,55578.69000000002,39950.0,15628.690000000015,5
2868,2485,155,290,0,290,270,20,0,115,115,0,110,420,75,44680.005000000005,37825.0,6855.005000000001,5
2869,2485,85,345,0,345,295,40,10,75,75,0,70,375,55,32398.785000000003,36550.0,-4151.214999999997,5
2870,2485,135,280,0,280,255,10,15,100,100,0,100,385,135,86095.03500000003,35275.0,50820.035000000025,5
2871,2485,115,320,0,320,315,0,5,70,70,0,65,425,85,56286.674999999996,36975.0,19311.674999999996,5
2872,2485,125,300,0,300,300,0,0,85,85,0,85,420,115,79358.01750000002,36125.0,43233.01750000002,5
2873,2485,80,345,0,345,310,20,15,65,65,0,65,385,40,21988.08,36125.0,-14136.92,5
2874,2485,130,310,0,310,310,0,0,100,100,0,100,435,100,62550.02249999999,37400.0,25150.022499999995,5
2875,2485,205,305,0,305,300,0,5,85,85,0,85,500,40,23026.050000000003,43350.0,-20323.949999999997,5
2876,2485,185,280,0,280,265,0,15,95,95,0,90,445,110,72485.60625,39525.0,32960.60624999999,5
2877,2485,215,290,0,290,285,0,5,85,85,0,85,495,35,17514.0,42925.0,-25411.0,5
2878,2485,125,325,0,325,285,10,30,80,80,0,80,405,80,50589.19125000001,38250.0,12339.191250000013,5
2879,2485,150,295,0,295,280,10,5,80,80,0,80,425,50,29303.46,37825.0,-8521.54,5
2880,2485,120,325,0,325,310,15,0,95,95,0,95,425,95,60741.0,37825.0,22916.000000000004,5
2881,2485,220,285,0,285,255,0,30,115,115,0,115,470,110,66343.63500000002,42925.0,23418.635000000024,5
2882,2485,140,330,0,330,325,0,5,70,70,0,70,460,35,23333.714999999997,39950.0,-16616.285000000003,5
2883,2485,180,280,0,280,260,10,10,95,95,0,95,435,115,72291.40875,39100.0,33191.40875,5
2884,2485,170,275,0,275,250,25,0,95,95,0,95,415,125,91664.29125000001,37825.0,53839.29125000001,5
2885,2485,125,345,0,345,305,5,35,75,75,0,75,425,50,26964.54,39950.0,-12985.46,5
2886,2485,125,320,0,320,265,40,15,100,100,0,100,385,105,71014.05000000002,37825.0,33189.05000000002,5
2887,2485,195,305,0,305,300,0,5,55,55,0,55,490,60,36602.91,42500.0,-5897.089999999994,5
2888,2485,95,350,0,350,300,35,15,80,80,0,75,390,35,19184.940000000002,37825.0,-18640.059999999998,5
2889,2485,135,290,0,290,275,10,5,105,105,0,105,405,125,83149.16625000001,36125.0,47024.16625000002,5
2890,2485,140,325,0,325,285,30,10,100,100,0,100,420,95,54938.295000000006,39525.0,15413.295000000007,5
2891,2485,140,300,0,300,275,25,0,90,90,0,90,410,100,59975.235000000015,37400.0,22575.23500000001,5
2892,2485,95,355,0,355,330,15,10,65,65,0,65,420,50,25242.84,38250.0,-13007.16,5
2893,2485,150,325,0,325,285,0,40,80,80,0,80,430,70,43708.67999999999,40375.0,3333.679999999995,5
2894,2485,115,315,0,315,310,5,0,75,75,0,75,420,70,45757.48500000001,36550.0,9207.485000000006,5
2895,2485,195,320,0,320,300,20,0,70,70,0,70,490,55,30953.700000000008,43775.0,-12821.299999999992,5
2896,2485,180,270,0,270,245,20,5,105,105,0,105,420,115,74780.88750000001,38250.0,36530.88750000002,5
2897,2485,250,265,0,265,260,0,5,80,80,0,80,505,75,44102.25,43775.0,327.25000000000364,5
2898,2485,130,315,0,315,260,40,15,110,110,0,110,385,105,64267.200000000004,37825.0,26442.200000000004,5
2899,2485,130,315,0,315,275,20,20,90,90,0,90,400,75,44312.35500000002,37825.0,6487.355000000016,5
2900,2485,130,330,0,330,285,35,10,95,95,0,90,410,90,60214.34250000002,39100.0,21114.34250000002,5
2901,2485,145,310,0,310,280,5,25,85,85,0,85,420,90,62472.487499999996,38675.0,23797.487499999996,5
2902,2485,155,305,0,305,210,90,5,130,130,0,130,360,115,70177.18500000001,39100.0,31077.18500000001,5
2903,2485,215,280,0,280,270,10,0,80,80,0,80,480,85,51850.66500000001,42075.0,9775.665000000008,5
2904,2485,115,310,0,310,270,35,5,80,80,0,80,380,50,35924.310000000005,36125.0,-200.68999999999505,5
2905,2485,175,310,0,310,310,0,0,90,90,0,90,480,70,41135.76,41225.0,-89.23999999999978,5
2906,2485,220,275,0,275,275,0,0,95,95,0,95,490,55,33012.225000000006,42075.0,-9062.774999999992,5
2907,2485,165,295,0,295,265,15,15,90,90,0,90,425,70,43961.31000000001,39100.0,4861.310000000012,5
2908,2485,155,280,0,280,265,10,5,95,95,0,95,415,95,59861.74500000001,36975.0,22886.74500000001,5
2909,2485,110,335,0,335,280,40,15,75,75,0,70,385,50,29650.410000000007,37825.0,-8174.589999999994,5
2910,2485,180,300,0,300,295,5,0,80,80,0,80,470,75,47644.42500000001,40800.0,6844.42500000001,5
2911,2485,135,290,0,290,255,25,10,100,100,0,100,385,135,95702.41125,36125.0,59577.411250000005,5
2912,2485,195,275,0,275,240,30,5,100,100,0,100,430,105,68780.55375,39950.0,28830.553750000006,5
2913,2485,175,285,0,285,280,5,0,80,80,0,80,450,75,46779.88500000001,39100.0,7679.885000000013,5
2914,2485,100,345,0,345,310,20,15,85,85,0,85,405,55,32554.44,37825.0,-5270.56,5
2915,2485,90,340,0,340,290,40,10,80,80,0,80,375,30,16221.42,36550.0,-20328.579999999998,5
2916,2485,100,330,0,330,270,25,35,95,95,0,95,365,75,42602.58000000001,36550.0,6052.580000000007,5
2917,2485,125,330,0,330,310,0,20,85,85,0,85,430,30,15848.280000000002,38675.0,-22826.719999999994,5
2918,2485,150,325,0,325,235,50,40,80,80,0,80,380,105,68713.08750000001,40375.0,28338.08750000001,5
2919,2485,125,345,0,345,315,30,0,70,70,0,70,435,75,50521.094999999994,39950.0,10571.094999999996,5
2920,2485,200,280,0,280,280,0,0,70,70,0,70,475,60,41714.61750000001,40800.0,914.6175000000039,5
2921,2485,155,315,0,315,275,5,35,115,115,0,115,425,70,36942.66,39950.0,-3007.3399999999947,5
2922,2485,235,285,0,285,280,0,5,85,85,0,85,510,70,41882.130000000005,44200.0,-2317.8699999999935,5
2923,2485,145,315,0,315,290,10,15,90,90,0,90,430,115,76475.88000000003,39100.0,37375.880000000034,5
2924,2485,135,320,0,320,265,50,5,90,90,0,90,395,75,45741.06000000001,38675.0,7066.060000000016,5
2925,2485,220,285,0,285,275,0,10,90,90,0,90,490,40,22147.920000000006,42925.0,-20777.079999999994,5
2926,2485,175,305,0,305,305,0,0,80,80,0,80,475,65,40039.11000000001,40800.0,-760.8899999999903,5
2927,2485,175,290,0,290,285,0,5,100,100,0,100,455,25,12179.520000000002,39525.0,-27345.479999999996,5
2928,2485,110,320,0,320,310,5,5,85,85,0,85,415,75,49490.0325,36550.0,12940.032499999998,5
2929,2485,165,295,0,295,270,15,10,90,90,0,90,430,90,53835.75,39100.0,14735.749999999998,5
2930,2485,200,290,0,290,265,0,25,90,90,0,85,460,85,56287.66500000001,41650.0,14637.665000000006,5
2931,2485,160,290,0,290,280,10,0,95,95,0,95,435,130,94121.82421875,38250.0,55871.82421875001,5
2932,2485,145,320,0,320,285,20,15,90,90,0,85,425,75,43677.0,39525.0,4151.999999999998,5
2933,2485,195,295,0,295,260,15,20,95,95,0,95,450,95,56376.36,41650.0,14726.360000000004,5
2934,2485,190,280,0,280,265,0,15,90,90,0,90,450,60,36739.98,39950.0,-3210.019999999995,5
2935,2485,115,345,0,345,310,5,30,75,75,0,70,420,70,48311.364375000005,39100.0,9211.364375000003,5
2936,2485,130,345,0,345,315,0,30,75,75,0,75,440,45,25606.440000000002,40375.0,-14768.559999999998,5
2937,2485,130,330,0,330,295,30,5,100,100,0,100,420,105,63838.08,39100.0,24738.08,5
2938,2485,115,330,0,330,310,10,10,65,65,0,65,420,50,27545.58,37825.0,-10279.42,5
2939,2485,135,290,0,290,220,50,20,105,105,0,105,350,110,72413.61750000002,36125.0,36288.61750000002,5
2940,2485,115,330,0,330,260,45,25,100,100,0,100,370,110,75152.43000000001,37825.0,37327.43000000001,5
2941,2485,170,315,0,315,290,15,10,80,80,0,80,455,80,48720.869999999995,41225.0,7495.869999999995,5
2942,2485,205,325,0,325,285,10,30,85,85,0,85,485,50,28524.6,45050.0,-16525.4,5
2943,2485,145,310,0,310,285,20,5,85,85,0,85,425,60,37762.69500000001,38675.0,-912.3049999999967,5
2944,2485,250,270,0,270,265,0,5,85,85,0,85,510,70,40487.759999999995,44200.0,-3712.2400000000016,5
2945,2485,185,300,0,300,255,25,20,95,95,0,95,435,75,46450.91250000001,41225.0,5225.912500000013,5
2946,2485,195,270,0,270,225,0,45,110,110,0,110,415,110,65915.73000000001,39525.0,26390.73000000001,5
2947,2485,105,330,0,330,280,30,20,80,80,0,75,380,75,50729.130000000005,36975.0,13754.130000000005,5
2948,2485,155,325,0,325,270,55,0,95,95,0,95,420,70,40619.61,40800.0,-180.3899999999976,5
2949,2485,125,340,0,340,305,30,5,65,65,0,65,425,25,18350.865000000005,39525.0,-21174.134999999995,5
2950,2485,120,335,0,335,265,60,10,95,95,0,95,380,55,27277.560000000005,38675.0,-11397.439999999997,5
2951,2485,165,280,0,280,255,5,20,110,110,0,110,415,100,63766.30500000001,37825.0,25941.30500000001,5
2952,2485,125,325,0,325,300,10,15,80,80,0,80,420,95,64486.05750000002,38250.0,26236.057500000017,5
2953,2485,140,330,0,330,275,45,10,90,90,0,90,410,75,44328.06,39950.0,4378.059999999996,5
2954,2485,225,280,0,280,270,0,10,100,100,0,95,490,75,41837.94,42925.0,-1087.0600000000013,5
2955,2485,160,280,0,280,240,10,30,100,100,0,100,395,75,45794.880000000005,37400.0,8394.880000000003,5
2956,2485,120,335,0,335,275,25,35,70,70,0,65,390,100,66542.46750000001,38675.0,27867.467500000013,5
2957,2485,155,300,0,300,280,15,5,90,90,0,90,430,60,33554.88,38675.0,-5120.120000000002,5
2958,2485,170,325,0,325,315,0,10,75,75,0,75,480,30,15365.16,42075.0,-26709.84,5
2959,2485,175,300,0,300,275,15,10,100,100,0,100,445,75,48555.405,40375.0,8180.405000000001,5
2960,2485,145,290,0,290,285,0,5,105,105,0,105,425,110,60408.9,36975.0,23433.9,5
2961,2485,105,345,0,345,305,30,10,75,75,0,75,405,90,59578.98750000001,38250.0,21328.98750000001,5
2962,2485,135,320,0,320,250,35,35,80,80,0,80,380,80,46129.77,38675.0,7454.769999999999,5
2963,2485,150,315,0,315,275,20,20,90,90,0,90,420,135,95159.91375000004,39525.0,55634.913750000036,5
2964,2485,210,270,0,270,265,0,5,100,100,0,100,470,120,74916.04500000001,40800.0,34116.04500000001,5
2965,2485,145,300,0,300,275,0,25,95,95,0,95,415,105,75279.628125,37825.0,37454.62812500001,5
2966,2485,160,295,0,295,265,15,15,115,115,0,110,420,115,73128.42000000001,38675.0,34453.42000000001,5
2967,2485,160,300,0,300,290,5,5,95,95,0,95,445,80,46305.27000000001,39100.0,7205.2700000000095,5
2968,2485,130,310,0,310,260,35,15,120,120,0,120,385,110,70326.69750000001,37400.0,32926.69750000001,5
2969,2485,115,345,0,345,330,15,0,75,75,0,75,440,55,32483.790000000008,39100.0,-6616.209999999992,5
2970,2485,165,305,0,305,305,0,0,85,85,0,85,465,60,34053.75,39950.0,-5896.25,5
2971,2485,125,315,0,315,305,0,10,100,100,0,95,425,105,74152.434375,37400.0,36752.434375,5
2972,2485,190,300,0,300,300,0,0,55,55,0,55,485,40,22960.08,41650.0,-18689.92,5
2973,2485,155,280,0,280,265,5,10,130,130,0,125,415,95,60589.98000000001,36975.0,23614.980000000014,5
2974,2485,130,320,0,320,315,0,5,85,85,0,85,440,75,52651.5975,38250.0,14401.597500000007,5
2975,2485,170,305,0,305,260,20,25,85,85,0,80,425,45,26707.86,40375.0,-13667.14,5
2976,2485,110,320,0,320,270,50,0,105,105,0,105,375,95,65647.45125000003,36550.0,29097.45125000003,5
2977,2485,115,330,0,330,285,40,5,85,85,0,85,395,155,123275.11710937502,37825.0,85450.11710937502,5
2978,2485,170,275,0,275,270,0,5,85,85,0,85,435,90,64748.295000000006,37825.0,26923.295000000006,5
2979,2485,175,315,0,315,285,15,15,95,95,0,95,455,60,36394.560000000005,41650.0,-5255.439999999994,5
2980,2485,250,255,0,255,235,15,5,125,125,0,125,480,115,65785.95000000001,42925.0,22860.95000000001,5
2981,2485,150,335,0,335,305,25,5,70,70,0,70,450,40,21923.46,41225.0,-19301.54,5
2982,2485,105,345,0,345,290,55,0,75,75,0,75,390,60,33025.59,38250.0,-5224.410000000007,5
2983,2485,195,285,0,285,265,15,5,100,100,0,95,455,95,56264.490000000005,40800.0,15464.490000000005,5
2984,2485,110,350,0,350,290,15,45,90,90,0,90,395,85,53428.90500000002,39100.0,14328.905000000022,5
2985,2485,85,365,0,365,300,50,15,80,80,0,80,380,95,52640.63999999999,38250.0,14390.639999999994,5
2986,2485,170,305,0,305,300,0,5,85,85,0,85,465,45,26661.24,40375.0,-13713.759999999998,5
2987,2485,145,335,0,335,270,55,10,95,95,0,95,410,60,44586.30375000001,40800.0,3786.3037500000064,5
2988,2485,150,305,0,305,290,5,10,85,85,0,85,435,95,64804.545,38675.0,26129.545,5
2989,2485,215,270,0,270,255,10,5,105,105,0,100,465,70,44353.17,41225.0,3128.17,5
2990,2485,180,305,0,305,295,5,5,100,100,0,100,470,95,55804.32000000002,41225.0,14579.320000000025,5
2991,2485,165,295,0,295,270,0,25,105,105,0,105,430,110,69133.63500000001,39100.0,30033.635000000002,5
2992,2485,205,280,0,280,270,10,0,85,85,0,85,470,55,30179.880000000005,41225.0,-11045.119999999997,5
2993,2485,110,325,0,325,315,0,10,85,85,0,85,420,45,23770.980000000003,36975.0,-13204.019999999997,5
2994,2485,165,320,0,320,310,0,10,65,65,0,65,470,40,20721.06,41225.0,-20503.94,5
2995,2485,155,310,0,310,275,20,15,90,90,0,90,425,75,48651.07500000001,39525.0,9126.07500000001,5
2996,2485,235,295,0,295,295,0,0,60,60,0,60,525,45,27198.18,45050.0,-17851.82,5
2997,2485,195,290,0,290,275,0,15,105,105,0,105,465,65,39033.18,41225.0,-2191.819999999998,5
2998,2485,135,330,0,330,320,10,0,75,75,0,75,450,60,34118.28000000001,39525.0,-5406.719999999987,5
2999,2485,145,290,0,290,250,25,15,95,95,0,95,390,135,94112.75250000003,36975.0,57137.752500000024,5
3000,2485,170,295,0,295,285,0,10,80,80,0,80,450,70,42482.070000000014,39525.0,2957.0700000000124,5
3001,2485,165,310,0,310,295,0,15,70,70,0,70,455,25,12599.280000000002,40375.0,-27775.719999999998,5
3002,2485,175,295,0,295,270,5,20,90,90,0,85,440,100,69876.21093750001,39950.0,29926.210937500007,5
3003,2485,150,330,0,330,265,30,35,95,95,0,90,410,60,36261.450000000004,40800.0,-4538.549999999996,5
3004,2485,115,340,0,340,300,30,10,80,80,0,80,410,50,26873.460000000006,38675.0,-11801.539999999995,5
3005,2485,125,315,0,315,300,15,0,80,80,0,80,420,50,29838.600000000002,37400.0,-7561.399999999999,5
3006,2485,120,340,0,340,330,0,10,85,85,0,85,445,75,43513.29000000001,39100.0,4413.290000000006,5
3007,2485,150,315,0,315,255,35,25,100,100,0,100,400,115,78640.880625,39525.0,39115.880625000005,5
3008,2485,140,315,0,315,285,5,25,75,75,0,75,420,55,35570.27250000001,38675.0,-3104.72749999999,5
3009,2485,185,305,0,305,305,0,0,80,80,0,75,485,50,26140.14,41650.0,-15509.859999999999,5
3010,2485,140,310,0,310,290,10,10,80,80,0,80,425,45,25870.679999999997,38250.0,-12379.320000000003,5
3011,2485,125,340,0,340,280,40,20,80,80,0,75,400,50,31175.235,39525.0,-8349.764999999998,5
3012,2485,115,335,0,335,285,50,0,75,75,0,75,395,55,34816.770000000004,38250.0,-3433.229999999994,5
3013,2485,155,315,0,315,275,25,15,120,120,0,120,425,110,65113.650000000016,39950.0,25163.650000000016,5
3014,2485,95,315,0,315,285,15,15,85,85,0,80,375,105,78589.32187500001,34850.0,43739.321875000016,5
3015,2485,145,325,0,325,280,20,25,90,90,0,90,420,60,35987.850000000006,39950.0,-3962.1499999999924,5
3016,2485,160,285,0,285,260,0,25,100,100,0,95,415,95,61531.11,37825.0,23706.11,5
3017,2485,180,270,0,270,225,30,15,120,120,0,120,400,160,104161.95000000004,38250.0,65911.95000000004,5
3018,2485,135,275,0,275,260,10,5,95,95,0,95,390,90,64901.7421875,34850.0,30051.742187500004,5
3019,2485,220,310,0,310,295,0,15,85,85,0,85,510,50,26463.420000000002,45050.0,-18586.579999999998,5
3020,2485,260,230,0,230,225,0,5,90,90,0,90,480,65,36730.619999999995,41650.0,-4919.380000000001,5
3021,2485,125,305,0,305,295,5,5,80,80,0,80,415,55,34280.189999999995,36550.0,-2269.810000000002,5
3022,2485,190,295,0,295,235,30,30,120,120,0,120,420,75,43140.240000000005,41225.0,1915.2400000000034,5
3023,2485,120,310,0,310,270,15,25,100,100,0,100,385,105,72577.1475,36550.0,36027.14750000001,5
3024,2485,180,265,0,265,245,5,15,95,95,0,90,420,115,84196.06031250002,37825.0,46371.06031250001,5
3025,2485,150,310,0,310,300,0,10,80,80,0,75,445,70,42726.780000000006,39100.0,3626.780000000008,5
3026,2485,200,285,0,285,275,10,0,100,100,0,100,470,70,40744.71000000001,41225.0,-480.28999999999087,5
3027,2485,140,340,0,340,295,35,10,85,85,0,85,430,85,49602.33000000001,40800.0,8802.33000000001,5
3028,2485,195,290,0,290,270,15,5,90,90,0,90,460,75,45766.44,41225.0,4541.440000000002,5
3029,2485,135,330,0,330,320,5,5,90,90,0,90,450,60,37477.39500000001,39525.0,-2047.6049999999896,5
3030,2485,155,305,0,305,280,10,15,105,105,0,105,430,75,41517.18000000001,39100.0,2417.1800000000076,5
3031,2485,215,245,0,245,240,5,0,115,115,0,115,450,70,35854.920000000006,39100.0,-3245.0799999999936,5
3032,2485,155,295,0,295,235,35,25,140,140,0,140,385,90,54338.625000000015,38250.0,16088.625000000011,5
3033,2485,120,330,0,330,305,5,20,90,90,0,90,420,95,57038.58000000001,38250.0,18788.58000000001,5
3034,2485,125,320,0,320,270,40,10,95,95,0,90,390,80,54739.91249999999,37825.0,16914.91249999999,5
3035,2485,150,290,0,290,270,15,5,110,110,0,110,415,65,36265.14,37400.0,-1134.8599999999988,5
3036,2485,85,340,0,340,330,0,10,70,70,0,65,410,50,29536.830000000005,36125.0,-6588.1699999999955,5
3037,2485,180,260,0,260,225,35,0,135,135,0,135,400,105,67165.785,37400.0,29765.784999999996,5
3038,2485,160,320,0,320,265,30,25,115,115,0,115,420,95,64125.090000000026,40800.0,23325.090000000026,5
3039,2485,145,330,0,330,320,5,5,70,70,0,70,460,55,29564.64,40375.0,-10810.36,5
3040,2485,190,290,0,290,290,0,0,70,70,0,70,475,80,55049.850000000006,40800.0,14249.850000000006,5
3041,2485,115,315,0,315,300,5,10,70,70,0,70,410,85,51794.100000000006,36550.0,15244.100000000008,5
3042,2485,155,320,0,320,315,0,5,75,75,0,75,465,45,28126.350000000002,40375.0,-12248.649999999998,5
3043,2485,155,310,0,310,295,0,15,110,110,0,110,445,55,30992.399999999998,39525.0,-8532.600000000002,5
3044,2485,110,335,0,335,300,25,10,80,80,0,75,405,90,54562.77000000002,37825.0,16737.77000000002,5
3045,2485,110,330,0,330,295,15,20,85,85,0,85,400,55,32481.810000000005,37400.0,-4918.189999999995,5
3046,2485,205,280,0,280,230,45,5,115,115,0,115,430,120,74107.755,41225.0,32882.755000000005,5
3047,2485,125,335,0,335,335,0,0,75,75,0,75,455,30,15512.400000000001,39100.0,-23587.6,5
3048,2485,175,300,0,300,245,25,30,100,100,0,100,415,65,38096.37000000001,40375.0,-2278.6299999999937,5
3049,2485,140,325,0,325,280,15,30,80,80,0,75,415,120,82287.66375000004,39525.0,42762.66375000003,5
3050,2485,210,280,0,280,280,0,0,90,90,0,85,485,105,66439.57500000001,41650.0,24789.57500000001,5
3051,2485,170,305,0,305,280,0,25,110,110,0,110,445,60,31389.300000000007,40375.0,-8985.699999999993,5
3052,2485,150,305,0,305,285,5,15,80,80,0,80,430,95,63272.744999999995,38675.0,24597.744999999995,5
3053,2485,120,330,0,330,275,30,25,85,85,0,85,390,105,72875.89125,38250.0,34625.89124999999,5
3054,2485,195,270,0,270,255,10,5,110,110,0,105,445,90,56894.51250000001,39525.0,17369.51250000001,5
3055,2485,90,335,0,335,245,70,20,85,85,0,85,330,115,79737.88500000001,36125.0,43612.88500000002,5
3056,2485,175,295,0,295,270,10,15,85,85,0,80,440,60,36726.57000000001,39950.0,-3223.429999999994,5
3057,2485,110,320,0,320,285,30,5,85,85,0,80,390,60,36017.55,36550.0,-532.4499999999944,5
3058,2485,140,265,0,265,250,10,5,115,115,0,115,385,130,93817.10250000004,34425.0,59392.10250000004,5
3059,2485,125,315,0,315,300,0,15,95,95,0,90,420,80,49934.565,37400.0,12534.565000000002,5
3060,2485,135,335,0,335,290,30,15,75,75,0,75,420,85,57286.32750000001,39950.0,17336.327500000007,5
3061,2485,95,320,0,320,275,30,15,70,70,0,70,365,120,84409.83984375,35275.0,49134.83984375,5
3062,2485,165,305,0,305,255,20,30,95,95,0,95,415,90,59724.31500000002,39950.0,19774.315000000017,5
3063,2485,150,330,0,330,300,15,15,80,80,0,75,445,70,40851.36,40800.0,51.36000000000422,5
3064,2485,225,290,0,290,290,0,0,55,55,0,55,510,60,39237.255,43775.0,-4537.745000000004,5
3065,2485,105,350,0,350,260,55,35,95,95,0,95,360,60,36810.900000000016,38675.0,-1864.099999999985,5
3066,2485,240,270,0,270,270,0,0,75,75,0,75,505,65,45147.262500000004,43350.0,1797.2625000000062,5
3067,2485,135,315,0,315,300,10,5,85,85,0,85,430,45,23904.18,38250.0,-14345.82,5
3068,2485,125,320,0,320,305,15,0,65,65,0,65,425,80,52480.44000000002,37825.0,14655.440000000017,5
3069,2485,130,330,0,330,325,0,5,65,65,0,65,450,45,24584.58,39100.0,-14515.419999999998,5
3070,2485,180,290,0,290,255,10,25,75,75,0,75,430,85,54884.43,39950.0,14934.430000000002,5
3071,2485,110,320,0,320,275,10,35,70,70,0,70,380,100,69826.09500000003,36550.0,33276.09500000002,5
3072,2485,125,335,0,335,300,0,35,70,70,0,70,420,55,33288.30000000001,39100.0,-5811.699999999992,5
3073,2485,140,310,0,310,275,35,0,90,90,0,90,410,95,63521.67375,38250.0,25271.67375,5
3074,2485,160,320,0,320,320,0,0,70,70,0,70,475,45,23706.540000000005,40800.0,-17093.459999999995,5
3075,2485,190,310,0,310,270,10,30,85,85,0,80,455,75,51256.06874999999,42500.0,8756.068749999995,5
3076,2485,145,305,0,305,290,5,10,105,105,0,105,430,105,65915.95500000002,38250.0,27665.955000000013,5
3077,2485,110,360,0,360,285,50,25,85,85,0,85,390,85,53569.28250000001,39950.0,13619.282500000008,5
3078,2485,170,290,0,290,290,0,0,75,75,0,75,455,105,68395.63500000001,39100.0,29295.63500000001,5
3079,2485,155,290,0,290,220,70,0,110,110,0,110,370,100,66239.05500000001,37825.0,28414.055000000008,5
3080,2485,140,325,0,325,300,0,25,80,80,0,80,435,85,58141.912500000006,39525.0,18616.912500000006,5
3081,2485,190,295,0,295,280,15,0,110,110,0,110,465,95,58363.29000000001,41225.0,17138.290000000008,5
3082,2485,150,315,0,315,280,20,15,95,95,0,90,425,90,58250.18250000002,39525.0,18725.182500000017,5
3083,2485,230,255,0,255,250,0,5,115,115,0,110,475,120,82399.66312500002,41225.0,41174.66312500002,5
3084,2485,120,340,0,340,325,10,5,60,60,0,60,440,35,17497.08,39100.0,-21602.919999999995,5
3085,2485,200,285,0,285,275,0,10,65,65,0,65,470,65,42333.50250000002,41225.0,1108.5025000000132,5
3086,2485,110,315,0,315,270,40,5,100,100,0,95,375,120,75961.37250000001,36125.0,39836.372500000005,5
3087,2485,195,270,0,270,270,0,0,90,90,0,90,460,105,71517.19499999999,39525.0,31992.194999999992,5
3088,2485,120,305,0,305,290,0,15,90,90,0,90,405,110,71908.24500000001,36125.0,35783.24500000001,5
3089,2485,175,290,0,290,280,0,10,65,65,0,65,450,85,56925.326250000006,39525.0,17400.326250000006,5
3090,2485,160,320,0,320,280,25,15,75,75,0,75,435,60,34143.12,40800.0,-6656.8799999999965,5
3091,2485,120,350,0,350,325,25,0,65,65,0,65,440,55,38452.19625000001,39950.0,-1497.8037499999891,5
3092,2485,150,290,0,290,260,20,10,115,115,0,115,405,170,121373.14183593755,37400.0,83973.14183593755,5
3093,2485,160,300,0,300,275,10,15,100,100,0,100,430,75,47321.415000000015,39100.0,8221.415000000015,5
3094,2485,110,355,0,355,265,70,20,105,105,0,105,370,50,25332.480000000003,39525.0,-14192.519999999995,5
3095,2485,145,295,0,295,255,25,15,85,85,0,85,395,100,71446.51125000003,37400.0,34046.511250000025,5
3096,2485,310,245,0,245,240,0,5,105,105,0,105,545,60,31981.860000000008,47175.0,-15193.139999999994,5
3097,2485,110,320,0,320,270,35,15,105,105,0,100,375,80,45997.065,36550.0,9447.065000000002,5
3098,2485,150,305,0,305,295,0,10,90,90,0,90,440,100,67737.64500000002,38675.0,29062.64500000001,5
3099,2485,145,350,0,350,305,10,35,75,75,0,75,445,45,27331.65,42075.0,-14743.35,5
3100,2485,265,255,0,255,235,20,0,95,95,0,95,495,105,69524.7525,44200.0,25324.752500000002,5
3101,2485,90,325,0,325,310,10,5,50,50,0,50,395,20,9781.920000000002,35275.0,-25493.08,5
3102,2485,145,315,0,315,295,20,0,85,85,0,80,435,55,34704.045000000006,39100.0,-4395.9549999999945,5
3103,2485,125,345,0,345,335,5,5,85,85,0,85,455,40,20217.96,39950.0,-19732.04,5
3104,2485,250,245,0,245,245,0,0,120,120,0,115,490,140,82837.89000000001,42075.0,40762.89000000001,5
3105,2485,190,290,0,290,275,10,5,80,80,0,80,460,70,46286.685000000005,40800.0,5486.685000000007,5
3106,2485,125,335,0,335,315,0,20,95,95,0,90,435,60,32558.580000000005,39100.0,-6541.419999999994,5
3107,2485,220,280,0,280,255,15,10,80,80,0,75,470,70,52685.043750000004,42500.0,10185.043750000004,5
3108,2485,165,290,0,290,280,0,10,90,90,0,90,440,115,81029.458125,38675.0,42354.458125000005,5
3109,2485,160,320,0,320,295,5,20,90,90,0,90,450,80,48111.390000000014,40800.0,7311.39000000001,5
3110,2485,130,335,0,335,260,40,35,95,95,0,95,385,90,63873.26437499999,39525.0,24348.26437499999,5
3111,2485,115,325,0,325,315,5,5,65,65,0,60,425,70,47710.21500000001,37400.0,10310.215000000007,5
3112,2485,145,310,0,310,305,0,5,65,65,0,65,445,55,34253.73,38675.0,-4421.2699999999995,5
3113,2485,145,315,0,315,250,60,5,115,115,0,115,390,70,36806.580000000016,39100.0,-2293.4199999999873,5
3114,2485,95,350,0,350,310,25,15,60,60,0,60,400,35,24025.589999999997,37825.0,-13799.410000000003,5
3115,2485,155,320,0,320,320,0,0,50,50,0,50,470,35,20458.080000000005,40375.0,-19916.919999999995,5
3116,2485,135,295,0,295,285,10,0,95,95,0,95,415,90,56456.865000000005,36550.0,19906.865000000005,5
3117,2485,170,300,0,300,275,0,25,90,90,0,90,440,140,97200.99000000002,39950.0,57250.99000000002,5
3118,2485,265,275,0,275,265,0,10,85,85,0,85,525,35,18966.780000000002,45900.0,-26933.219999999998,5
3119,2485,100,345,0,345,295,35,15,75,75,0,75,390,55,30840.300000000003,37825.0,-6984.699999999998,5
3120,2485,175,275,0,275,260,15,0,115,115,0,115,430,105,70547.46750000003,38250.0,32297.46750000002,5
3121,2485,160,330,0,330,275,55,0,50,50,0,50,430,15,7507.080000000001,41650.0,-34142.92,5
3122,2485,140,300,0,300,300,0,0,85,85,0,85,435,70,43504.83000000001,37400.0,6104.830000000011,5
3123,2485,165,305,0,305,280,15,10,95,95,0,95,440,80,42690.15,39950.0,2740.1500000000033,5
3124,2485,150,330,0,330,325,0,5,75,75,0,75,470,70,39621.06000000001,40800.0,-1178.9399999999887,5
3125,2485,195,295,0,295,290,5,0,110,110,0,110,480,95,52915.32000000001,41650.0,11265.32000000001,5
3126,2485,235,300,0,300,300,0,0,45,45,0,45,530,30,18339.75,45475.0,-27135.249999999996,5
3127,2485,135,305,0,305,275,15,15,95,95,0,90,405,70,44275.860000000015,37400.0,6875.8600000000115,5
3128,2485,140,315,0,315,305,5,5,70,70,0,70,440,35,20446.110000000004,38675.0,-18228.889999999996,5
3129,2485,120,340,0,340,300,30,10,75,75,0,70,415,60,34038.090000000004,39100.0,-5061.909999999998,5
3130,2485,150,340,0,340,320,20,0,80,80,0,80,465,55,30415.320000000007,41650.0,-11234.679999999993,5
3131,2485,220,260,0,260,255,5,0,100,100,0,100,470,65,40659.570000000014,40800.0,-140.42999999998756,5
3132,2485,120,285,0,285,260,20,5,100,100,0,100,375,90,56507.872500000005,34425.0,22082.872500000005,5
3133,2485,210,305,0,305,240,55,10,120,120,0,120,445,90,52693.020000000004,43775.0,8918.020000000006,5
3134,2485,175,300,0,300,265,10,25,95,95,0,95,435,80,50829.16500000001,40375.0,10454.165000000012,5
3135,2485,185,295,0,295,245,30,20,105,105,0,105,425,65,36360.72,40800.0,-4439.279999999999,5
3136,2485,145,315,0,315,285,5,25,90,90,0,85,425,60,34353.54,39100.0,-4746.459999999997,5
3137,2485,135,340,0,340,245,80,15,95,95,0,95,375,90,61892.37000000001,40375.0,21517.37000000001,5
3138,2485,140,275,0,275,260,0,15,130,130,0,125,395,110,62653.68000000001,35275.0,27378.680000000004,5
3139,2485,160,300,0,300,285,10,5,90,90,0,90,440,75,45211.545000000006,39100.0,6111.5450000000055,5
3140,2485,175,305,0,305,250,20,35,100,100,0,100,420,65,34712.82,40800.0,-6087.1799999999985,5
3141,2485,185,275,0,275,245,25,5,90,90,0,85,425,125,91335.95718750001,39100.0,52235.95718750001,5
3142,2485,195,265,0,265,245,10,10,120,120,0,120,435,75,43858.62000000001,39100.0,4758.62000000001,5
3143,2485,140,335,0,335,315,5,15,70,70,0,70,450,20,9882.720000000001,40375.0,-30492.28,5
3144,2485,195,275,0,275,275,0,0,100,100,0,100,465,80,49807.215000000004,39950.0,9857.215000000006,5
3145,2485,185,300,0,300,285,5,10,105,105,0,100,465,105,68536.73250000001,41225.0,27311.732500000016,5
3146,2485,140,315,0,315,300,5,10,90,90,0,90,435,55,29357.82,38675.0,-9317.179999999998,5
3147,2485,195,310,0,310,275,30,5,85,85,0,85,465,45,24340.5,42925.0,-18584.5,5
3148,2485,165,280,0,280,255,25,0,105,105,0,105,415,135,90827.48250000001,37825.0,53002.482500000006,5
3149,2485,175,305,0,305,295,0,10,85,85,0,85,465,40,22875.840000000004,40800.0,-17924.159999999996,5
3150,2485,115,330,0,330,275,30,25,100,100,0,100,385,55,29084.22,37825.0,-8740.779999999999,5
3151,2485,195,295,0,295,270,20,5,90,90,0,90,460,75,43856.91,41650.0,2206.910000000007,5
3152,2485,110,325,0,325,245,55,25,90,90,0,85,350,135,96665.36625000005,36975.0,59690.36625000004,5
3153,2485,135,305,0,305,270,5,30,100,100,0,100,400,85,50524.92000000001,37400.0,13124.920000000011,5
3154,2485,160,290,0,290,285,0,5,70,70,0,70,440,50,36924.435000000005,38250.0,-1325.5649999999969,5
3155,2485,185,305,0,305,265,5,35,85,85,0,85,445,105,72493.71750000003,41650.0,30843.71750000002,5
3156,2485,145,295,0,295,275,10,10,105,105,0,100,415,130,83629.215,37400.0,46229.215000000004,5
3157,2485,145,320,0,320,275,15,30,90,90,0,85,415,70,43858.35000000002,39525.0,4333.350000000019,5
3158,2485,110,330,0,330,310,0,20,85,85,0,80,415,130,90356.16375000005,37400.0,52956.16375000005,5
3159,2485,160,310,0,310,260,45,5,100,100,0,100,415,90,59392.46250000001,39950.0,19442.46250000001,5
3160,2485,90,335,0,335,320,0,15,70,70,0,70,405,70,41548.23,36125.0,5423.230000000003,5
3161,2485,125,345,0,345,320,15,10,70,70,0,65,440,55,28716.660000000003,39950.0,-11233.339999999998,5
3162,2485,160,310,0,310,300,5,5,80,80,0,75,455,35,21134.520000000004,39950.0,-18815.479999999996,5
3163,2485,200,285,0,285,280,5,0,100,100,0,100,475,75,45490.455,41225.0,4265.455000000002,5
3164,2485,95,350,0,350,325,5,20,75,75,0,75,415,35,21270.240000000005,37825.0,-16554.759999999995,5
3165,2485,200,305,0,305,280,0,25,100,100,0,100,475,65,37162.079999999994,42925.0,-5762.920000000004,5
3166,2485,200,285,0,285,270,15,0,115,115,0,115,465,120,69848.28000000001,41225.0,28623.280000000013,5
3167,2485,125,330,0,330,320,5,5,60,60,0,60,440,35,18436.68,38675.0,-20238.32,5
3168,2485,180,300,0,300,295,5,0,85,85,0,85,470,90,60150.20625000001,40800.0,19350.20625000001,5
3169,2485,195,285,0,285,255,10,20,85,85,0,85,445,90,57323.430000000015,40800.0,16523.430000000015,5
3170,2485,170,275,0,275,275,0,0,95,95,0,95,440,65,37924.56,37825.0,99.56000000000131,5
3171,2485,90,350,0,350,285,15,50,85,85,0,85,370,85,56344.837499999994,37400.0,18944.837499999994,5
3172,2485,180,305,0,305,300,0,5,90,90,0,90,475,45,23319.180000000008,41225.0,-17905.819999999992,5
3173,2485,155,280,0,280,245,20,15,110,110,0,110,395,115,69487.83000000002,36975.0,32512.830000000013,5
3174,2485,185,270,0,270,235,25,10,120,120,0,115,415,85,48900.420000000006,38675.0,10225.420000000004,5
3175,2485,145,295,0,295,260,5,30,95,95,0,95,400,90,56781.99000000001,37400.0,19381.990000000013,5
3176,2485,140,280,0,280,245,10,25,105,105,0,105,380,110,69390.09000000003,35700.0,33690.09000000002,5
3177,2485,115,325,0,325,260,50,15,85,85,0,85,370,85,55627.06500000002,37400.0,18227.06500000002,5
3178,2485,225,290,0,290,270,0,20,75,75,0,75,490,40,21796.019999999997,43775.0,-21978.980000000003,5
3179,2485,185,255,0,255,250,5,0,110,110,0,110,430,85,50441.310000000005,37400.0,13041.310000000003,5
3180,2485,120,315,0,315,280,5,30,95,95,0,95,395,65,48336.94124999999,36975.0,11361.94124999999,5
3181,2485,160,290,0,290,270,10,10,90,90,0,90,425,60,43813.17000000001,38250.0,5563.170000000009,5
3182,2485,210,290,0,290,270,10,10,115,115,0,110,475,70,36810.9,42500.0,-5689.0999999999985,5
3183,2485,100,345,0,345,310,30,5,85,85,0,85,405,70,41804.865000000005,37825.0,3979.865000000009,5
3184,2485,140,315,0,315,305,10,0,80,80,0,80,440,35,17782.560000000005,38675.0,-20892.439999999995,5
3185,2485,240,245,0,245,235,0,10,105,105,0,105,470,115,77134.70250000001,41225.0,35909.702500000014,5
3186,2485,195,265,0,265,260,5,0,105,105,0,105,450,100,72342.27000000002,39100.0,33242.27000000002,5
3187,2485,110,345,0,345,300,10,35,85,85,0,85,405,55,32929.11,38675.0,-5745.889999999999,5
3188,2485,190,295,0,295,295,0,0,80,80,0,80,480,55,33784.29000000001,41225.0,-7440.709999999995,5
3189,2485,140,315,0,315,315,0,0,65,65,0,65,450,95,63847.19250000001,38675.0,25172.192500000012,5
3190,2485,225,280,0,280,265,5,10,75,75,0,75,485,55,35771.22,42925.0,-7153.780000000002,5
3191,2485,145,310,0,310,295,10,5,90,90,0,90,435,55,30319.380000000012,38675.0,-8355.61999999999,5
3192,2485,185,285,0,285,270,0,15,80,80,0,80,450,105,76891.55625000001,39950.0,36941.55625000001,5
3193,2485,150,320,0,320,275,5,40,100,100,0,100,420,65,36232.38,39950.0,-3717.6200000000017,5
3194,2485,120,310,0,310,275,20,15,80,80,0,80,390,115,74378.56500000002,36550.0,37828.56500000002,5
3195,2485,115,320,0,320,315,0,5,50,50,0,50,425,115,82835.83687500001,36975.0,45860.83687500001,5
3196,2485,175,305,0,305,245,60,0,85,85,0,85,415,55,32968.8,40800.0,-7831.199999999994,5
3197,2485,180,330,0,330,255,35,40,75,75,0,75,430,55,32450.85,43350.0,-10899.15,5
3198,2485,180,275,0,275,265,10,0,115,115,0,115,440,125,82605.78000000001,38675.0,43930.78000000001,5
3199,2485,245,265,0,265,245,0,20,80,80,0,75,485,100,71323.92000000003,43350.0,27973.920000000027,5
3200,2485,230,255,0,255,250,0,5,80,80,0,75,475,80,56811.757500000014,41225.0,15586.757500000012,5
3201,2485,150,320,0,320,320,0,0,60,60,0,60,465,10,5242.68,39950.0,-34707.32,5
3202,2485,140,325,0,325,305,5,15,90,90,0,90,440,70,43235.64,39525.0,3710.640000000003,5
3203,2485,150,290,0,290,250,10,30,115,115,0,115,395,115,80919.77625000002,37400.0,43519.776250000024,5
3204,2485,125,325,0,325,305,15,5,95,95,0,95,425,85,53064.450000000004,38250.0,14814.450000000006,5
3205,2485,215,270,0,270,265,0,5,80,80,0,75,475,70,45881.775000000016,41225.0,4656.775000000016,5
3206,2485,150,305,0,305,295,10,0,90,90,0,85,440,110,70010.595,38675.0,31335.594999999994,5
3207,2485,160,275,0,275,245,10,20,120,120,0,120,400,100,59178.69000000002,36975.0,22203.690000000017,5
3208,2485,175,315,0,315,275,15,25,100,100,0,100,445,60,34857.36000000001,41650.0,-6792.639999999992,5
3209,2485,145,300,0,300,265,15,20,85,85,0,80,405,80,48213.90000000001,37825.0,10388.900000000012,5
3210,2485,150,290,0,290,265,25,0,80,80,0,80,410,55,31398.840000000004,37400.0,-6001.159999999995,5
3211,2485,155,325,0,325,305,15,5,105,105,0,105,455,80,51633.54000000001,40800.0,10833.540000000012,5
3212,2485,120,325,0,325,265,35,25,110,110,0,110,380,95,53231.76,37825.0,15406.760000000004,5
3213,2485,185,310,0,310,305,0,5,75,75,0,75,485,45,25330.770000000004,42075.0,-16744.229999999996,5
3214,2485,175,295,0,295,275,10,10,100,100,0,100,445,80,53581.815,39950.0,13631.815000000006,5
3215,2485,135,315,0,315,250,45,20,90,90,0,90,380,100,67675.815,38250.0,29425.815000000002,5
3216,2485,185,285,0,285,260,15,10,90,90,0,90,440,70,41941.80000000001,39950.0,1991.800000000012,5
3217,2485,130,285,0,285,250,30,5,105,105,0,100,375,205,155916.53718750004,35275.0,120641.53718750004,5
3218,2485,160,295,0,295,290,0,5,110,110,0,110,445,120,77739.52500000001,38675.0,39064.525,5
3219,2485,200,285,0,285,285,0,0,85,85,0,85,480,55,32113.710000000006,41225.0,-9111.289999999994,5
3220,2485,160,285,0,285,275,10,0,115,115,0,115,430,135,90052.47000000002,37825.0,52227.470000000016,5
3221,2485,205,260,0,260,245,0,15,105,105,0,105,445,130,82542.110625,39525.0,43017.110625,5
3222,2485,190,300,0,300,300,0,0,75,75,0,75,485,90,62712.61875000001,41650.0,21062.61875000001,5
3223,2485,165,295,0,295,290,5,0,70,70,0,70,450,75,47336.175,39100.0,8236.175000000003,5
3224,2485,125,310,0,310,280,10,20,105,105,0,100,400,70,41552.37000000001,36975.0,4577.37000000001,5
3225,2485,160,305,0,305,295,0,10,85,85,0,85,450,55,29361.780000000002,39525.0,-10163.219999999998,5
3226,2485,105,300,0,300,265,15,20,85,85,0,85,365,50,31262.940000000002,34425.0,-3162.0599999999968,5
3227,2485,175,300,0,300,290,10,0,90,90,0,90,460,65,36633.96,40375.0,-3741.039999999998,5
3228,2485,110,350,0,350,280,50,20,95,95,0,95,385,70,38018.16,39100.0,-1081.8399999999929,5
3229,2485,170,305,0,305,225,70,10,130,130,0,130,390,115,67615.515,40375.0,27240.514999999996,5
3230,2485,125,325,0,325,300,15,10,105,105,0,105,420,75,39394.08000000001,38250.0,1144.080000000008,5
3231,2485,165,290,0,290,260,5,25,110,110,0,110,420,50,25461.720000000005,38675.0,-13213.279999999995,5
3232,2485,185,285,0,285,275,0,10,115,115,0,115,455,120,69298.29,39950.0,29348.289999999997,5
3233,2485,155,295,0,295,295,0,0,70,70,0,70,445,70,46306.192500000005,38250.0,8056.1925000000065,5
3234,2485,220,300,0,300,245,10,45,85,85,0,85,460,45,27328.590000000004,44200.0,-16871.409999999996,5
3235,2485,110,345,0,345,330,5,10,55,55,0,55,435,55,31401.360000000004,38675.0,-7273.639999999996,5
3236,2485,165,325,0,325,310,0,15,80,80,0,75,470,30,16243.380000000001,41650.0,-25406.62,5
3237,2485,150,330,0,330,330,0,0,65,65,0,60,475,35,18430.74,40800.0,-22369.259999999995,5
3238,2485,105,360,0,360,305,25,30,75,75,0,75,405,55,31872.33,39525.0,-7652.669999999998,5
3239,2485,190,285,0,285,240,20,25,100,100,0,95,425,85,51977.520000000004,40375.0,11602.520000000004,5
3240,2485,120,320,0,320,300,10,10,75,75,0,75,415,65,42422.35500000001,37400.0,5022.355000000007,5
3241,2485,120,325,0,325,285,40,0,90,90,0,90,400,70,43414.65000000001,37825.0,5589.650000000011,5
3242,2485,180,255,0,255,245,5,5,100,100,0,100,420,160,110914.76250000001,36975.0,73939.76250000001,5
3243,2485,195,270,0,270,265,0,5,70,70,0,70,455,60,36663.75000000001,39525.0,-2861.249999999991,5
3244,2485,130,340,0,340,305,35,0,85,85,0,80,430,55,28354.500000000004,39950.0,-11595.499999999996,5
3245,2485,130,320,0,320,300,0,20,75,75,0,70,425,75,47604.55500000001,38250.0,9354.55500000001,5
3246,2485,130,325,0,325,300,5,20,90,90,0,85,425,60,39278.925,38675.0,603.9250000000038,5
3247,2485,175,290,0,290,265,15,10,85,85,0,85,435,90,64667.08406250003,39525.0,25142.084062500027,5
3248,2485,165,320,0,320,285,0,35,70,70,0,70,445,75,49691.02500000001,41225.0,8466.025000000009,5
3249,2485,200,260,0,260,255,0,5,100,100,0,100,450,120,80624.61000000002,39100.0,41524.610000000015,5
3250,2485,130,335,0,335,300,10,25,95,95,0,95,425,95,61028.73000000001,39525.0,21503.730000000014,5
3251,2485,160,295,0,295,280,5,10,90,90,0,85,435,60,36294.93000000001,38675.0,-2380.069999999996,5
3252,2485,120,335,0,335,330,0,5,70,70,0,70,445,70,45808.2675,38675.0,7133.267500000002,5
3253,2485,170,285,0,285,285,0,0,105,105,0,105,450,95,61045.47000000002,38675.0,22370.470000000023,5
3254,2485,110,360,0,360,310,15,35,85,85,0,85,415,55,29413.980000000007,39950.0,-10536.019999999993,5
3255,2485,105,340,0,340,315,10,15,80,80,0,80,415,95,60362.43750000001,37825.0,22537.437500000007,5
3256,2485,190,285,0,285,280,5,0,85,85,0,85,465,70,48831.457500000004,40375.0,8456.457500000006,5
3257,2485,195,300,0,300,285,10,5,100,100,0,100,475,60,32838.12,42075.0,-9236.879999999997,5
3258,2485,130,315,0,315,295,0,20,85,85,0,85,420,115,78407.87625000002,37825.0,40582.876250000016,5
3259,2485,135,295,0,295,255,15,25,105,105,0,105,385,100,56680.20000000001,36550.0,20130.20000000001,5
3260,2485,165,295,0,295,270,5,20,80,80,0,75,430,85,58805.595000000016,39100.0,19705.595000000012,5
3261,2485,140,320,0,320,300,15,5,80,80,0,80,435,80,46030.41,39100.0,6930.410000000002,5
3262,2485,185,280,0,280,260,20,0,90,90,0,90,440,90,56967.255000000005,39525.0,17442.255000000005,5
3263,2485,200,285,0,285,245,5,35,115,115,0,115,440,135,96428.93062500005,41225.0,55203.93062500005,5
3264,2485,145,285,0,285,270,15,0,75,75,0,75,410,85,58365.1125,36550.0,21815.112500000003,5
3265,2485,190,290,0,290,275,0,15,105,105,0,100,460,70,39343.59000000001,40800.0,-1456.4099999999917,5
3266,2485,140,300,0,300,285,10,5,95,95,0,95,420,90,51768.000000000015,37400.0,14368.000000000011,5
3267,2485,125,330,0,330,320,10,0,75,75,0,75,440,45,27608.13,38675.0,-11066.869999999999,5
3268,2485,110,315,0,315,290,10,15,85,85,0,80,395,40,22642.200000000004,36125.0,-13482.799999999997,5
3269,2485,125,325,0,325,295,25,5,85,85,0,85,415,100,64455.57000000001,38250.0,26205.570000000007,5
3270,2485,155,290,0,290,280,5,5,80,80,0,80,430,125,96367.90640625,37825.0,58542.906406250004,5
3271,2485,180,285,0,285,285,0,0,90,90,0,90,460,45,24716.340000000004,39525.0,-14808.659999999996,5
3272,2485,185,290,0,290,275,0,15,90,90,0,85,455,110,66860.90999999999,40375.0,26485.909999999996,5
3273,2485,140,295,0,295,275,0,20,85,85,0,85,410,95,66205.82250000001,36975.0,29230.822500000013,5
3274,2485,135,290,0,290,280,0,10,95,95,0,90,410,120,80469.4275,36125.0,44344.427500000005,5
3275,2485,170,295,0,295,285,0,10,100,100,0,100,450,90,54270.0,39525.0,14745.0,5
3276,2485,150,320,0,320,320,0,0,75,75,0,75,465,60,35330.85,39950.0,-4619.15,5
3277,2485,175,310,0,310,300,0,10,85,85,0,85,470,70,43039.305000000015,41225.0,1814.305000000013,5
3278,2485,95,335,0,335,315,10,10,75,75,0,75,405,50,30741.480000000007,36550.0,-5808.519999999994,5
3279,2485,160,295,0,295,280,10,5,85,85,0,85,435,55,31037.940000000002,38675.0,-7637.059999999997,5
3280,2485,155,315,0,315,275,20,20,120,120,0,120,425,95,56304.27000000002,39950.0,16354.270000000015,5
3281,2485,145,295,0,295,280,5,10,110,110,0,110,420,70,37922.580000000016,37400.0,522.5800000000163,5
3282,2485,190,285,0,285,270,0,15,80,80,0,80,455,90,56166.390000000014,40375.0,15791.39000000001,5
3283,2485,165,310,0,310,280,15,15,95,95,0,95,440,95,62162.14499999999,40375.0,21787.14499999999,5
3284,2485,160,310,0,310,275,35,0,70,70,0,70,430,85,58368.07125000001,39950.0,18418.07125000001,5
3285,2485,180,310,0,310,240,55,15,90,90,0,85,415,35,24267.555000000008,41650.0,-17382.444999999992,5
3286,2485,155,310,0,310,300,5,5,75,75,0,75,450,75,50773.365000000005,39525.0,11248.365000000003,5
3287,2485,165,285,0,285,250,30,5,115,115,0,115,410,135,88226.77500000002,38250.0,49976.775000000016,5
3288,2485,105,355,0,355,240,75,40,100,100,0,100,340,90,55944.02250000002,39100.0,16844.02250000002,5
3289,2485,165,305,0,305,275,25,5,90,90,0,90,435,85,55032.9075,39950.0,15082.907500000001,5
3290,2485,155,315,0,315,295,15,5,85,85,0,85,445,55,30930.480000000003,39950.0,-9019.519999999997,5
3291,2485,115,330,0,330,285,15,30,80,80,0,80,395,60,33608.880000000005,37825.0,-4216.119999999996,5
3292,2485,205,270,0,270,250,5,15,115,115,0,110,450,60,33813.9,40375.0,-6561.099999999997,5
3293,2485,110,315,0,315,295,5,15,90,90,0,90,400,95,58563.0,36125.0,22438.0,5
3294,2485,165,285,0,285,280,0,5,90,90,0,90,440,75,43302.240000000005,38250.0,5052.240000000002,5
3295,2485,240,275,0,275,275,0,0,110,110,0,110,510,90,55606.68000000001,43775.0,11831.680000000006,5
3296,2485,135,305,0,305,305,0,0,80,80,0,80,435,70,37689.119999999995,37400.0,289.1199999999981,5
3297,2485,145,325,0,325,275,50,0,95,95,0,95,415,65,37162.08,39950.0,-2787.9199999999946,5
3298,2485,195,285,0,285,270,0,15,90,90,0,90,460,90,56731.455,40800.0,15931.455000000005,5
3299,2485,180,290,0,290,280,10,0,90,90,0,90,455,105,63526.590000000026,39950.0,23576.590000000026,5
3300,2485,135,320,0,320,320,0,0,70,70,0,70,450,55,29698.920000000002,38675.0,-8976.079999999998,5
3301,2485,130,315,0,315,270,30,15,90,90,0,90,395,70,44887.5,37825.0,7062.5,5
3302,2485,125,320,0,320,275,30,15,100,100,0,100,395,65,36441.0,37825.0,-1384.000000000001,5
3303,2485,105,305,0,305,240,50,15,95,95,0,95,340,50,31444.47,34850.0,-3405.529999999999,5
3304,2485,110,320,0,320,290,0,30,65,65,0,65,395,55,31296.87,36550.0,-5253.130000000001,5
3305,2485,175,305,0,305,240,55,10,105,105,0,100,410,105,74877.67687500002,40800.0,34077.67687500002,5
3306,2485,175,290,0,290,275,10,5,80,80,0,80,445,90,61081.2675,39525.0,21556.2675,5
3307,2485,150,305,0,305,210,55,40,115,115,0,115,355,140,91685.90250000003,38675.0,53010.902500000026,5
3308,2485,155,315,0,315,290,5,20,85,85,0,85,440,60,36020.43000000001,39950.0,-3929.5699999999943,5
3309,2485,140,320,0,320,290,0,30,75,75,0,75,425,45,23091.660000000003,39100.0,-16008.339999999998,5
3310,2485,180,300,0,300,280,10,10,75,75,0,75,455,115,77864.67000000001,40800.0,37064.670000000006,5
3311,2485,155,310,0,310,300,0,10,75,75,0,75,450,75,41794.74000000001,39525.0,2269.7400000000107,5
3312,2485,175,300,0,300,275,20,5,95,95,0,90,445,75,47964.51,40375.0,7589.51,5
3313,2485,220,280,0,280,265,15,0,95,95,0,90,480,90,61018.875,42500.0,18518.875,5
3314,2485,185,300,0,300,300,0,0,90,90,0,90,480,35,18348.120000000003,41225.0,-22876.88,5
3315,2485,240,260,0,260,245,0,15,80,80,0,80,480,75,44175.509999999995,42500.0,1675.5099999999948,5
3316,2485,190,315,0,315,310,0,5,75,75,0,75,495,45,24452.82,42925.0,-18472.18,5
3317,2485,85,360,0,360,265,60,35,75,75,0,75,345,65,36183.06000000001,37825.0,-1641.9399999999905,5
3318,2485,195,275,0,275,255,10,10,100,100,0,100,445,75,43845.12000000001,39950.0,3895.1200000000063,5
3319,2485,115,335,0,335,295,35,5,75,75,0,75,405,50,31378.050000000007,38250.0,-6871.9499999999925,5
3320,2485,150,310,0,310,280,20,10,95,95,0,95,425,100,60866.21250000002,39100.0,21766.21250000002,5
3321,2485,150,340,0,340,270,55,15,85,85,0,85,415,90,59369.06250000001,41650.0,17719.062500000007,5
3322,2485,110,340,0,340,310,20,10,75,75,0,70,415,85,58472.3925,38250.0,20222.392500000005,5
3323,2485,175,290,0,290,275,0,15,90,90,0,85,445,60,33763.320000000014,39525.0,-5761.679999999988,5
3324,2485,150,320,0,320,290,0,30,85,85,0,85,435,65,38435.49,39950.0,-1514.5100000000002,5
3325,2485,180,295,0,295,285,0,10,75,75,0,70,460,95,64416.21750000001,40375.0,24041.217500000013,5
3326,2485,160,315,0,315,260,45,10,115,115,0,115,415,70,36943.380000000005,40375.0,-3431.6199999999935,5
3327,2485,150,305,0,305,305,0,0,85,85,0,85,450,50,26468.460000000006,38675.0,-12206.539999999995,5
3328,2485,115,315,0,315,240,50,25,95,95,0,95,350,50,27798.12000000001,36550.0,-8751.879999999992,5
3329,2485,135,315,0,315,280,10,25,90,90,0,90,410,65,36286.920000000006,38250.0,-1963.0799999999954,5
3330,2485,205,290,0,290,260,5,25,75,75,0,75,460,80,52011.450000000004,42075.0,9936.450000000004,5
3331,2485,195,290,0,290,280,5,5,100,100,0,100,470,70,38796.21000000001,41225.0,-2428.78999999999,5
3332,2485,225,245,0,245,245,0,0,95,95,0,95,465,145,96736.09500000003,39950.0,56786.09500000002,5
3333,2485,135,305,0,305,270,25,10,85,85,0,85,400,60,35113.41,37400.0,-2286.5899999999965,5
3334,2485,160,295,0,295,290,0,5,75,75,0,75,445,85,53625.93750000001,38675.0,14950.93750000001,5
3335,2485,105,330,0,330,255,50,25,95,95,0,95,355,95,61318.125,36975.0,24343.125,5
3336,2485,140,330,0,330,265,40,25,100,100,0,100,400,75,43516.8,39950.0,3566.800000000003,5
3337,2485,205,280,0,280,265,5,10,105,105,0,105,465,90,56811.780000000006,41225.0,15586.780000000008,5
3338,2485,245,305,0,305,260,40,5,60,60,0,60,500,75,50929.40250000001,46750.0,4179.402500000015,5
3339,2485,250,275,0,275,265,0,10,85,85,0,85,510,55,31817.250000000004,44625.0,-12807.749999999996,5
3340,2485,160,310,0,310,280,30,0,100,100,0,100,435,85,60926.76,39950.0,20976.760000000002,5
3341,2485,195,295,0,295,235,15,45,100,100,0,100,425,70,38238.479999999996,41650.0,-3411.5200000000004,5
3342,2485,145,305,0,305,275,5,25,100,100,0,100,415,80,46699.29,38250.0,8449.29,5
3343,2485,145,320,0,320,275,40,5,90,90,0,90,415,70,44243.774999999994,39525.0,4718.774999999996,5
3344,2485,135,310,0,310,290,10,10,95,95,0,90,420,90,60654.9825,37825.0,22829.9825,5
3345,2485,170,300,0,300,235,65,0,110,110,0,110,400,115,72486.09000000001,39950.0,32536.09000000001,5
3346,2485,190,300,0,300,285,15,0,95,95,0,95,470,55,32708.790000000008,41650.0,-8941.209999999992,5
3347,2485,75,390,0,390,345,20,25,55,55,0,55,415,40,24716.7,39525.0,-14808.3,5
3348,2485,125,305,0,305,285,0,20,90,90,0,90,405,55,29255.22000000001,36550.0,-7294.779999999992,5
3349,2485,150,305,0,305,290,15,0,85,85,0,85,435,90,56703.64500000002,38675.0,18028.645000000015,5
3350,2485,145,305,0,305,285,15,5,75,75,0,75,425,80,57333.10500000001,38250.0,19083.105000000014,5
3351,2485,130,310,0,310,305,5,0,65,65,0,65,430,90,56601.72,37400.0,19201.720000000005,5
3352,2485,120,325,0,325,325,0,0,80,80,0,80,440,70,42824.70000000001,37825.0,4999.700000000012,5
3353,2485,140,315,0,315,255,50,10,110,110,0,105,390,95,57721.31999999999,38675.0,19046.319999999996,5
3354,2485,145,310,0,310,270,25,15,115,115,0,115,410,120,84227.1665625,38675.0,45552.1665625,5
3355,2485,125,330,0,330,280,40,10,110,110,0,110,400,100,61529.67000000003,38675.0,22854.670000000024,5
3356,2485,105,355,0,355,305,50,0,90,90,0,90,405,35,17428.68,39100.0,-21671.319999999996,5
3357,2485,105,330,0,330,280,35,15,90,90,0,85,380,130,87619.41000000003,36975.0,50644.410000000025,5
3358,2485,145,305,0,305,295,10,0,85,85,0,85,435,85,53487.87750000002,38250.0,15237.877500000013,5
3359,2485,200,295,0,295,280,0,15,120,120,0,120,475,90,52907.04000000001,42075.0,10832.040000000006,5
3360,2485,210,250,0,250,235,10,5,120,120,0,120,440,80,45367.83,39100.0,6267.830000000004,5
3361,2485,100,340,0,340,270,35,35,80,80,0,80,365,75,41481.000000000015,37400.0,4081.0000000000127,5
3362,2485,105,335,0,335,275,35,25,85,85,0,85,375,70,40529.520000000004,37400.0,3129.520000000007,5
3363,2485,145,330,0,330,325,0,5,70,70,0,70,465,75,46543.409999999996,40375.0,6168.409999999994,5
3364,2485,95,340,0,340,310,20,10,65,65,0,65,400,70,40524.840000000004,36975.0,3549.840000000004,5
3365,2485,170,295,0,295,285,5,5,80,80,0,80,450,65,37742.670000000006,39525.0,-1782.3299999999972,5
3366,2485,155,325,0,325,300,15,10,105,105,0,100,450,45,26510.759999999995,40800.0,-14289.240000000005,5
3367,2485,130,315,0,315,285,30,0,95,95,0,95,410,115,74809.21500000001,37825.0,36984.21500000001,5
3368,2485,125,310,0,310,280,20,10,100,100,0,95,400,90,53468.100000000006,36975.0,16493.100000000006,5
3369,2485,190,270,0,270,265,0,5,115,115,0,115,450,105,64144.530000000006,39100.0,25044.530000000006,5
3370,2485,115,330,0,330,260,65,5,100,100,0,95,370,65,38926.52999999999,37825.0,1101.5299999999934,5
3371,2485,180,315,0,315,315,0,0,85,85,0,85,490,55,29372.22,42075.0,-12702.779999999999,5
3372,2485,150,295,0,295,290,0,5,75,75,0,75,435,105,77927.20874999999,37825.0,40102.20874999999,5
3373,2485,130,325,0,325,270,20,35,100,100,0,95,395,90,57279.15,38675.0,18604.15,5
3374,2485,175,280,0,280,255,15,10,110,110,0,105,425,105,66071.09250000001,38675.0,27396.092500000013,5
3375,2485,120,335,0,335,335,0,0,80,80,0,80,450,30,17341.02,38675.0,-21333.980000000003,5
3376,2485,140,320,0,320,315,0,5,70,70,0,70,450,55,31758.570000000003,39100.0,-7341.429999999996,5
3377,2485,195,290,0,290,250,15,25,120,120,0,115,440,70,37579.32000000001,41225.0,-3645.679999999993,5
3378,2485,160,315,0,315,255,40,20,100,100,0,100,410,90,58985.55,40375.0,18610.550000000003,5
3379,2485,205,290,0,290,265,10,15,105,105,0,105,465,85,50310.45,42075.0,8235.45,5
3380,2485,120,310,0,310,270,15,25,95,95,0,95,385,110,76715.13375000001,36550.0,40165.13375000001,5
3381,2485,145,335,0,335,310,15,10,50,50,0,50,450,45,28622.250000000004,40800.0,-12177.749999999996,5
3382,2485,160,335,0,335,275,45,15,60,60,0,60,430,60,38049.93000000001,42075.0,-4025.069999999996,5
3383,2485,110,320,0,320,280,35,5,80,80,0,80,385,50,28321.019999999997,36550.0,-8228.980000000001,5
3384,2485,210,275,0,275,250,20,5,105,105,0,100,455,115,73132.965,41225.0,31907.965000000004,5
3385,2485,150,295,0,295,265,25,5,95,95,0,95,410,75,44862.03000000001,37825.0,7037.030000000013,5
3386,2485,135,320,0,320,300,20,0,105,105,0,105,430,55,27744.840000000004,38675.0,-10930.159999999996,5
3387,2485,145,330,0,330,325,5,0,70,70,0,70,465,65,41454.72,40375.0,1079.7199999999975,5
3388,2485,90,325,0,325,305,5,15,80,80,0,75,390,75,48481.83000000001,35275.0,13206.830000000009,5
3389,2485,115,325,0,325,285,35,5,75,75,0,75,395,60,43961.1525,37400.0,6561.152499999998,5
3390,2485,85,340,0,340,320,5,15,55,55,0,55,400,50,32715.855000000003,36125.0,-3409.1449999999986,5
3391,2485,145,320,0,320,280,0,40,75,75,0,75,420,85,56734.211250000015,39525.0,17209.211250000015,5
3392,2485,155,290,0,290,290,0,0,90,90,0,90,440,70,43830.270000000004,37825.0,6005.27,5
3393,2485,155,290,0,290,250,25,15,105,105,0,105,400,55,30039.120000000003,37825.0,-7785.879999999997,5
3394,2485,170,295,0,295,295,0,0,70,70,0,70,460,65,42213.19500000001,39525.0,2688.195000000005,5
3395,2485,110,325,0,325,325,0,0,80,80,0,80,430,50,27334.980000000003,36975.0,-9640.019999999995,5
3396,2485,140,325,0,325,315,0,10,70,70,0,70,450,70,44120.25,39525.0,4595.249999999996,5
3397,2485,150,315,0,315,270,30,15,85,85,0,85,415,85,48225.600000000006,39525.0,8700.600000000004,5
3398,2485,165,290,0,290,280,5,5,100,100,0,100,440,70,44877.96000000001,38675.0,6202.960000000003,5
3399,2485,145,310,0,310,285,25,0,100,100,0,100,425,80,49247.82000000001,38675.0,10572.82000000001,5
3400,2485,125,320,0,320,295,15,10,90,90,0,90,415,45,24403.320000000003,37825.0,-13421.679999999997,5
3401,2485,160,325,0,325,305,5,15,60,60,0,60,460,60,38243.5425,41225.0,-2981.457499999997,5
3402,2485,130,330,0,330,320,5,5,85,85,0,80,445,60,35928.090000000004,39100.0,-3171.9099999999935,5
3403,2485,175,305,0,305,280,20,5,90,90,0,90,450,35,20201.760000000002,40800.0,-20598.239999999998,5
3404,2485,240,270,0,270,260,0,10,75,75,0,75,495,105,67979.43000000001,43350.0,24629.43,5
3405,2485,150,330,0,330,310,10,10,85,85,0,85,455,30,15274.080000000002,40800.0,-25525.92,5
3406,2485,200,310,0,310,310,0,0,80,80,0,80,505,55,28411.56000000001,43350.0,-14938.439999999991,5
3407,2485,115,320,0,320,310,10,0,75,75,0,70,420,35,19097.100000000002,36975.0,-17877.899999999998,5
3408,2485,185,290,0,290,290,0,0,95,95,0,95,470,55,30053.880000000005,40375.0,-10321.119999999995,5
3409,2485,125,335,0,335,305,5,25,90,90,0,90,425,55,33025.32,39100.0,-6074.6799999999985,5
3410,2485,230,290,0,290,290,0,0,75,75,0,75,515,55,32268.870000000003,44200.0,-11931.129999999997,5
3411,2485,150,320,0,320,305,10,5,80,80,0,80,450,75,51748.424999999996,39950.0,11798.424999999997,5
3412,2485,175,275,0,275,275,0,0,100,100,0,100,445,110,69110.32500000001,38250.0,30860.32500000001,5
3413,2485,140,325,0,325,310,0,15,85,85,0,85,445,70,42946.38,39525.0,3421.379999999999,5
3414,2485,90,340,0,340,300,5,35,75,75,0,75,385,80,53512.33500000001,36550.0,16962.335000000003,5
3415,2485,155,300,0,300,285,10,5,90,90,0,85,435,105,65300.40000000001,38675.0,26625.40000000001,5
3416,2485,175,295,0,295,270,5,20,95,95,0,95,440,95,65022.390000000014,39950.0,25072.390000000014,5
3417,2485,135,320,0,320,300,5,15,80,80,0,80,430,65,40893.030000000006,38675.0,2218.030000000008,5
3418,2485,150,325,0,325,270,15,40,75,75,0,75,415,105,76554.331875,40375.0,36179.331874999996,5
3419,2485,125,345,0,345,325,0,20,55,55,0,55,445,20,10432.439999999999,39950.0,-29517.560000000005,5
3420,2485,170,295,0,295,290,0,5,90,90,0,90,455,50,27672.030000000006,39525.0,-11852.969999999996,5
3421,2485,120,330,0,330,285,40,5,80,80,0,80,400,65,44480.340000000004,38250.0,6230.340000000006,5
3422,2485,190,290,0,290,290,0,0,100,100,0,100,475,70,40803.39000000001,40800.0,3.390000000008513,5
3423,2485,95,345,0,345,325,20,0,80,80,0,80,415,45,24489.72000000001,37400.0,-12910.279999999993,5
3424,2485,125,330,0,330,320,0,10,75,75,0,75,440,50,28382.130000000005,38675.0,-10292.869999999994,5
3425,2485,110,355,0,355,300,15,40,100,100,0,100,405,55,35196.165,39525.0,-4328.834999999999,5
3426,2485,160,305,0,305,285,20,0,75,75,0,75,440,95,65092.635,39525.0,25567.635000000002,5
3427,2485,130,340,0,340,320,15,5,70,70,0,70,445,55,35531.865000000005,39950.0,-4418.134999999993,5
3428,2485,195,300,0,300,265,10,25,90,90,0,90,455,85,51648.93,42075.0,9573.93,5
3429,2485,160,290,0,290,290,0,0,100,100,0,100,445,70,39813.57000000001,38250.0,1563.5700000000043,5
3430,2485,130,325,0,325,310,0,15,80,80,0,80,435,75,46724.670000000006,38675.0,8049.6700000000055,5
3431,2485,160,305,0,305,265,35,5,75,75,0,75,420,70,46556.41499999999,39525.0,7031.414999999997,5
3432,2485,180,305,0,305,255,45,5,95,95,0,95,430,100,63880.4925,41225.0,22655.4925,5
3433,2485,175,295,0,295,280,0,15,115,115,0,110,450,90,53811.765000000014,39950.0,13861.765000000014,5
3434,2485,125,355,0,355,305,35,15,90,90,0,85,425,90,57123.78750000002,40800.0,16323.787500000017,5
3435,2485,170,290,0,290,260,25,5,90,90,0,90,425,95,67595.16375000002,39100.0,28495.16375000002,5
3436,2485,145,320,0,320,285,20,15,80,80,0,75,425,40,22534.56,39525.0,-16990.44,5
3437,2485,185,270,0,270,245,0,25,115,115,0,115,425,140,89932.68000000002,38675.0,51257.68000000002,5
3438,2485,220,280,0,280,265,0,15,105,105,0,105,480,105,63754.33500000001,42500.0,21254.33500000001,5
3439,2485,105,360,0,360,330,15,15,65,65,0,65,430,45,25111.440000000002,39525.0,-14413.559999999998,5
3440,2485,140,335,0,335,310,5,20,65,65,0,65,445,70,43134.12,40375.0,2759.1200000000026,5
3441,2485,105,345,0,345,300,15,30,100,100,0,100,400,80,46487.7,38250.0,8237.699999999995,5
3442,2485,185,305,0,305,270,20,15,75,75,0,75,450,85,57320.77500000001,41650.0,15670.775000000012,5
3443,2485,130,325,0,325,305,5,15,80,80,0,80,430,75,45513.81000000001,38675.0,6838.810000000012,5
3444,2485,120,315,0,315,285,15,15,95,95,0,95,400,120,80518.11750000002,36975.0,43543.117500000015,5
3445,2485,170,280,0,280,255,15,10,100,100,0,100,420,110,72854.76375000001,38250.0,34604.76375000002,5
3446,2485,195,270,0,270,260,10,0,90,90,0,90,450,65,38940.48000000001,39525.0,-584.5199999999932,5
3447,2485,145,330,0,330,280,45,5,100,100,0,100,420,65,37367.369999999995,40375.0,-3007.6300000000037,5
3448,2485,145,300,0,300,250,40,10,110,110,0,110,390,95,54963.94500000002,37825.0,17138.94500000002,5
3449,2485,200,245,0,245,235,10,0,135,135,0,135,430,110,68670.63000000002,37825.0,30845.63000000002,5
3450,2485,140,305,0,305,295,0,10,70,70,0,70,430,90,67052.39625,37825.0,29227.39625,5
3451,2485,105,335,0,335,265,45,25,90,90,0,90,365,50,30061.980000000003,37400.0,-7338.019999999997,5
3452,2485,100,350,0,350,350,0,0,45,45,0,45,445,5,2458.44,38250.0,-35791.56,5
3453,2485,160,325,0,325,265,60,0,60,60,0,60,420,115,87097.86562500003,41225.0,45872.865625000035,5
3454,2485,130,315,0,315,310,5,0,115,115,0,115,435,75,48835.935,37825.0,11010.935,5
3455,2485,130,330,0,330,275,35,20,75,75,0,75,400,65,40101.93000000001,39100.0,1001.9300000000112,5
3456,2485,195,290,0,290,275,5,10,85,85,0,85,465,55,32252.22,41225.0,-8972.779999999999,5
3457,2485,135,280,0,280,235,35,10,105,105,0,100,365,105,63266.80500000001,35275.0,27991.805000000004,5
3458,2485,165,305,0,305,255,40,10,95,95,0,95,415,110,73479.8925,39950.0,33529.8925,5
3459,2485,210,270,0,270,265,5,0,100,100,0,100,470,85,53194.59,40800.0,12394.589999999998,5
3460,2485,225,255,0,255,240,10,5,75,75,0,75,460,95,61998.119999999995,40800.0,21198.12,5
3461,2485,135,320,0,320,310,0,10,95,95,0,95,440,90,57093.592500000006,38675.0,18418.592500000006,5
3462,2485,260,270,0,270,250,0,20,75,75,0,75,505,45,25243.200000000004,45050.0,-19806.799999999996,5
3463,2485,125,315,0,315,300,0,15,85,85,0,85,420,45,24695.640000000003,37400.0,-12704.359999999997,5
3464,2485,155,285,0,285,275,5,5,85,85,0,80,425,105,71400.62250000001,37400.0,34000.62250000002,5
3465,2485,95,335,0,335,310,10,15,70,70,0,70,400,45,24715.800000000003,36550.0,-11834.199999999997,5
3466,2485,155,290,0,290,245,25,20,115,115,0,115,395,75,51122.4075,37825.0,13297.4075,5
3467,2485,140,315,0,315,295,20,0,70,70,0,70,430,120,76609.9575,38675.0,37934.95750000001,5
3468,2485,175,325,0,325,305,0,20,65,65,0,65,475,50,30798.135000000006,42500.0,-11701.864999999994,5
3469,2485,110,315,0,315,305,10,0,80,80,0,80,410,65,41969.700000000004,36125.0,5844.700000000003,5
3470,2485,110,335,0,335,275,25,35,95,95,0,90,380,80,45451.98000000001,37825.0,7626.980000000012,5
3471,2485,195,300,0,300,295,0,5,75,75,0,75,485,55,30928.680000000004,42075.0,-11146.319999999996,5
3472,2485,210,275,0,275,235,25,15,80,80,0,75,440,110,78612.85125000004,41225.0,37387.85125000003,5
3473,2485,235,285,0,285,280,5,0,110,110,0,110,510,85,45600.12000000001,44200.0,1400.1200000000063,5
3474,2485,145,330,0,330,250,60,20,85,85,0,85,390,60,33487.380000000005,40375.0,-6887.619999999997,5
3475,2485,300,255,0,255,250,0,5,75,75,0,75,545,30,16982.46,47175.0,-30192.54,5
3476,2485,100,335,0,335,325,5,5,80,80,0,80,420,50,32297.355000000003,36975.0,-4677.644999999998,5
3477,2485,170,320,0,320,315,0,5,70,70,0,70,480,35,26074.507500000003,41650.0,-15575.492499999997,5
3478,2485,150,295,0,295,290,0,5,90,90,0,90,435,60,35602.380000000005,37825.0,-2222.6199999999926,5
3479,2485,195,285,0,285,275,0,10,80,80,0,80,465,65,41338.485,40800.0,538.4850000000006,5
3480,2485,110,340,0,340,340,0,0,75,75,0,75,445,85,55623.51000000002,38250.0,17373.510000000017,5
3481,2485,150,320,0,320,295,0,25,75,75,0,75,440,85,54140.85,39950.0,14190.85,5
3482,2485,175,295,0,295,285,0,10,90,90,0,90,455,105,66408.66,39950.0,26458.66,5
3483,2485,110,340,0,340,340,0,0,75,75,0,75,445,65,34717.320000000014,38250.0,-3532.6799999999866,5
3484,2485,100,320,0,320,250,50,20,85,85,0,85,345,70,42046.65000000001,35700.0,6346.650000000009,5
3485,2485,120,290,0,290,260,20,10,95,95,0,90,375,100,79058.6690625,34850.0,44208.66906250001,5
3486,2485,145,335,0,335,320,5,10,70,70,0,70,460,55,35584.2225,40800.0,-5215.777499999999,5
3487,2485,115,355,0,355,330,10,15,60,60,0,60,440,45,26077.14,39950.0,-13872.86,5
3488,2485,185,295,0,295,280,5,10,105,105,0,100,460,65,34606.08000000001,40800.0,-6193.919999999989,5
3489,2485,180,290,0,290,280,0,10,85,85,0,85,455,70,44140.500000000015,39950.0,4190.500000000011,5
3490,2485,185,275,0,275,260,0,15,105,105,0,105,440,70,37074.060000000005,39100.0,-2025.939999999996,5
3491,2485,145,310,0,310,250,50,10,125,125,0,125,390,65,36301.50000000001,38675.0,-2373.4999999999945,5
3492,2485,135,300,0,300,290,10,0,75,75,0,75,420,75,46337.850000000006,36975.0,9362.850000000008,5
3493,2485,135,325,0,325,320,0,5,80,80,0,80,450,25,13126.68,39100.0,-25973.32,5
3494,2485,215,285,0,285,275,5,5,85,85,0,85,485,60,34441.65,42500.0,-8058.349999999996,5
3495,2485,190,305,0,305,255,35,15,120,120,0,120,440,60,32303.700000000008,42075.0,-9771.299999999992,5
3496,2485,110,330,0,330,290,25,15,95,95,0,95,395,70,38043.72000000001,37400.0,643.7200000000075,5
3497,2485,170,310,0,310,260,40,10,85,85,0,85,425,90,60813.30374999999,40800.0,20013.303749999995,5
3498,2485,150,290,0,290,280,10,0,85,85,0,85,425,85,52334.55000000001,37400.0,14934.550000000008,5
3499,2485,125,330,0,330,305,15,10,85,85,0,80,425,55,30479.040000000005,38675.0,-8195.959999999995,5
3500,2485,220,280,0,280,270,0,10,95,95,0,95,485,80,48093.390000000014,42500.0,5593.390000000018,5
3501,2485,130,305,0,305,255,50,0,100,100,0,100,380,115,83356.138125,36975.0,46381.138125,5
3502,2485,155,325,0,325,270,30,25,90,90,0,90,420,70,41406.750000000015,40800.0,606.7500000000109,5
3503,2485,75,360,0,360,310,25,25,60,60,0,60,380,35,18407.700000000004,36975.0,-18567.299999999996,5
3504,2485,170,320,0,320,285,20,15,100,100,0,100,450,50,26909.1,41650.0,-14740.900000000001,5
3505,2485,145,285,0,285,255,30,0,120,120,0,120,395,65,42540.435000000005,36550.0,5990.435000000007,5
3506,2485,80,375,0,375,280,85,10,75,75,0,75,355,80,55604.8575,38675.0,16929.8575,5
3507,2485,105,360,0,360,305,25,30,80,80,0,80,405,75,48017.655000000006,39525.0,8492.655000000004,5
3508,2485,100,340,0,340,325,0,15,45,45,0,45,420,55,33498.63,37400.0,-3901.3700000000017,5
3509,2485,175,265,0,265,245,15,5,105,105,0,105,415,110,77466.69000000002,37400.0,40066.69000000002,5
3510,2485,180,285,0,285,275,5,5,105,105,0,105,450,70,39056.94,39525.0,-468.0600000000004,5
3511,2485,160,315,0,315,300,10,5,80,80,0,80,455,75,52094.08125000002,40375.0,11719.081250000017,5
3512,2485,140,305,0,305,270,20,15,105,105,0,105,405,70,36240.3,37825.0,-1584.6999999999935,5
3513,2485,190,290,0,290,290,0,0,75,75,0,75,475,80,49529.925,40800.0,8729.925000000003,5
3514,2485,115,335,0,335,300,15,20,55,55,0,55,410,60,40266.225,38250.0,2016.2249999999995,5
3515,2485,155,305,0,305,300,0,5,75,75,0,75,450,75,47642.9175,39100.0,8542.917500000003,5
3516,2485,175,290,0,290,270,15,5,105,105,0,105,440,80,49273.69500000001,39525.0,9748.695000000007,5
3517,2485,160,290,0,290,225,50,15,120,120,0,115,380,105,70588.66500000001,38250.0,32338.665,5
3518,2485,145,315,0,315,300,15,0,85,85,0,85,440,80,50867.05500000001,39100.0,11767.05500000001,5
3519,2485,140,285,0,285,280,0,5,95,95,0,95,415,70,46672.469999999994,36125.0,10547.469999999994,5
3520,2485,165,305,0,305,290,5,10,120,120,0,115,450,95,53221.950000000004,39950.0,13271.950000000006,5
3521,2485,95,355,0,355,315,30,10,80,80,0,75,405,35,17915.04,38250.0,-20334.96,5
3522,2485,155,325,0,325,250,35,40,90,90,0,90,400,60,31598.82,40800.0,-9201.18,5
3523,2485,130,315,0,315,315,0,0,70,70,0,70,440,45,27942.840000000004,37825.0,-9882.159999999994,5
3524,2485,170,305,0,305,260,30,15,130,130,0,125,425,90,51935.490000000005,40375.0,11560.490000000009,5
3525,2485,285,270,0,270,265,0,5,80,80,0,80,545,70,41352.12,47175.0,-5822.879999999996,5
3526,2485,155,315,0,315,305,10,0,85,85,0,85,455,65,40449.82500000001,39950.0,499.8250000000098,5
3527,2485,105,365,0,365,275,70,20,100,100,0,100,375,75,48120.255000000005,39950.0,8170.2550000000065,5
3528,2485,125,310,0,310,230,55,25,110,110,0,110,350,80,48717.63,36975.0,11742.63,5
3529,2485,160,285,0,285,270,10,5,115,115,0,115,425,90,54902.385,37825.0,17077.385000000002,5
3530,2485,255,265,0,265,265,0,0,95,95,0,95,515,60,34214.76000000001,44200.0,-9985.239999999994,5
3531,2485,85,345,0,345,295,30,20,65,65,0,65,375,75,47882.16,36550.0,11332.160000000003,5
3532,2485,165,315,0,315,295,0,20,60,60,0,60,455,40,26724.870000000003,40800.0,-14075.13,5
3533,2485,205,265,0,265,240,5,20,110,110,0,110,440,65,34506.90000000001,39950.0,-5443.09999999999,5
3534,2485,105,320,0,320,310,5,5,95,95,0,95,410,75,40278.96,36125.0,4153.960000000002,5
3535,2485,140,300,0,300,255,20,25,115,115,0,115,390,130,79514.595,37400.0,42114.59500000001,5
3536,2485,210,285,0,285,280,0,5,80,80,0,80,485,25,13807.620000000003,42075.0,-28267.379999999997,5
3537,2485,240,250,0,250,225,10,15,120,120,0,120,460,150,96579.95625000002,41650.0,54929.95625000002,5
3538,2485,110,340,0,340,315,25,0,90,90,0,90,420,60,31863.420000000006,38250.0,-6386.5799999999945,5
3539,2485,175,305,0,305,235,50,20,125,125,0,125,405,90,51344.46000000001,40800.0,10544.460000000008,5
3540,2485,170,290,0,290,260,15,15,105,105,0,105,425,70,35691.66,39100.0,-3408.339999999994,5
3541,2485,135,310,0,310,280,15,15,105,105,0,105,410,50,27273.060000000005,37825.0,-10551.939999999995,5
3542,2485,110,350,0,350,325,10,15,75,75,0,70,430,30,17384.4,39100.0,-21715.6,5
3543,2485,195,275,0,275,265,0,10,80,80,0,80,455,105,69671.61000000002,39950.0,29721.610000000008,5
3544,2485,160,310,0,310,275,5,30,85,85,0,80,430,45,25632.270000000008,39950.0,-14317.729999999992,5
3545,2485,160,315,0,315,270,35,10,90,90,0,90,425,100,67172.72062500002,40375.0,26797.72062500001,5
3546,2485,180,275,0,275,255,5,15,115,115,0,110,430,120,72584.1,38675.0,33909.100000000006,5
3547,2485,140,305,0,305,295,0,10,95,95,0,95,430,95,62775.31500000003,37825.0,24950.315000000028,5
3548,2485,180,320,0,320,310,0,10,100,100,0,95,485,65,32167.439999999995,42500.0,-10332.560000000003,5
3549,2485,130,320,0,320,300,5,15,85,85,0,85,425,35,21841.83,38250.0,-16408.17,5
3550,2485,165,300,0,300,270,20,10,65,65,0,65,430,85,56419.7625,39525.0,16894.762499999997,5
3551,2485,95,330,0,330,285,40,5,80,80,0,75,375,65,42512.0625,36125.0,6387.062500000002,5
3552,2485,185,305,0,305,270,30,5,90,90,0,90,450,85,50453.460000000014,41650.0,8803.460000000014,5
3553,2485,155,295,0,295,255,20,20,125,125,0,125,405,80,45787.59000000001,38250.0,7537.590000000009,5
3554,2485,175,305,0,305,295,5,5,90,90,0,90,465,65,35849.880000000005,40800.0,-4950.119999999997,5
3555,2485,200,285,0,285,280,5,0,85,85,0,85,475,45,26258.04,41225.0,-14966.96,5
3556,2485,125,325,0,325,310,15,0,80,80,0,80,430,70,40742.01,38250.0,2492.0100000000048,5
3557,2485,135,305,0,305,280,20,5,95,95,0,95,410,100,65922.61500000002,37400.0,28522.615000000013,5
3558,2485,175,300,0,300,275,20,5,90,90,0,90,445,80,51491.43000000001,40375.0,11116.43000000001,5
3559,2485,140,300,0,300,290,10,0,95,95,0,95,425,65,38947.41000000001,37400.0,1547.410000000009,5
3560,2485,110,340,0,340,330,0,10,70,70,0,70,435,80,49479.524999999994,38250.0,11229.524999999994,5
3561,2485,175,305,0,305,270,25,10,105,105,0,105,440,95,61259.35500000001,40800.0,20459.355000000014,5
3562,2485,165,300,0,300,285,0,15,80,80,0,80,445,50,28777.140000000003,39525.0,-10747.859999999997,5
3563,2485,245,260,0,260,245,0,15,85,85,0,85,485,55,31889.07,42925.0,-11035.929999999998,5
3564,2485,140,290,0,290,290,0,0,80,80,0,75,425,55,36059.310000000005,36550.0,-490.68999999999505,5
3565,2485,180,290,0,290,280,10,0,85,85,0,85,455,75,44934.930000000015,39950.0,4984.930000000013,5
3566,2485,190,280,0,280,275,0,5,90,90,0,90,460,85,46499.40000000001,39950.0,6549.400000000005,5
3567,2485,180,310,0,310,275,25,10,75,75,0,75,450,80,46844.82000000001,41650.0,5194.820000000009,5
3568,2485,150,310,0,310,300,0,10,70,70,0,70,445,70,44684.64000000001,39100.0,5584.6400000000085,5
3569,2485,120,320,0,320,290,30,0,105,105,0,105,405,80,43373.34000000002,37400.0,5973.3400000000165,5
3570,2485,140,290,0,290,220,40,30,90,90,0,90,355,125,91866.27656250002,36550.0,55316.276562500025,5
3571,2485,120,315,0,315,310,5,0,90,90,0,90,425,75,46851.93,36975.0,9876.930000000002,5
3572,2485,140,300,0,300,275,15,10,105,105,0,105,410,110,72716.37749999999,37400.0,35316.37749999999,5
3573,2485,125,315,0,315,295,5,15,80,80,0,80,415,75,45676.62,37400.0,8276.620000000003,5
3574,2485,185,275,0,275,265,0,10,100,100,0,100,445,65,37903.950000000004,39100.0,-1196.0499999999956,5
3575,2485,265,245,0,245,230,0,15,100,100,0,100,490,110,73158.44062499999,43350.0,29808.440624999996,5
3576,2485,150,310,0,310,285,5,20,70,70,0,70,430,90,60847.20000000002,39100.0,21747.20000000002,5
3577,2485,155,305,0,305,290,0,15,95,95,0,95,440,50,25813.800000000007,39100.0,-13286.199999999993,5
3578,2485,120,340,0,340,290,50,0,105,105,0,105,405,75,45883.35,39100.0,6783.35,5
3579,2485,125,335,0,335,315,5,15,55,55,0,55,435,35,21292.29,39100.0,-17807.71,5
3580,2485,135,300,0,300,290,0,10,85,85,0,85,420,90,59977.6875,36975.0,23002.6875,5
3581,2485,110,325,0,325,290,25,10,95,95,0,90,395,90,59788.619999999995,36975.0,22813.61999999999,5
3582,2485,240,260,0,260,260,0,0,95,95,0,95,495,60,31191.659999999996,42500.0,-11308.340000000004,5
3583,2485,155,305,0,305,290,0,15,95,95,0,95,440,45,26199.18,39100.0,-12900.82,5
3584,2485,180,285,0,285,270,15,0,85,85,0,85,445,55,36404.46,39525.0,-3120.540000000001,5
3585,2485,155,315,0,315,310,5,0,70,70,0,70,460,50,27795.960000000006,39950.0,-12154.039999999995,5
3586,2485,125,310,0,310,305,5,0,95,95,0,95,425,55,32310.18,36975.0,-4664.82,5
3587,2485,215,260,0,260,260,0,0,70,70,0,70,470,85,59325.626249999994,40375.0,18950.626249999994,5
3588,2485,145,310,0,310,295,0,15,80,80,0,80,435,50,34016.265,38675.0,-4658.734999999997,5
3589,2485,150,300,0,300,285,0,15,95,95,0,95,430,95,58610.16000000002,38250.0,20360.160000000014,5
3590,2485,95,335,0,335,320,10,5,65,65,0,65,410,85,64746.3009375,36550.0,28196.3009375,5
3591,2485,120,330,0,330,310,15,5,80,80,0,80,425,40,22044.78,38250.0,-16205.22,5
3592,2485,210,280,0,280,275,0,5,100,100,0,100,480,65,34034.94,41650.0,-7615.059999999999,5
3593,2485,130,330,0,330,300,5,25,100,100,0,95,425,65,39159.810000000005,39100.0,59.81000000000222,5
3594,2485,270,275,0,275,260,0,15,80,80,0,80,525,50,31702.095000000005,46325.0,-14622.904999999995,5
3595,2485,195,290,0,290,250,30,10,95,95,0,95,440,65,37599.93,41225.0,-3625.0700000000006,5
3596,2485,175,325,0,325,275,25,25,70,70,0,70,445,45,27984.510000000002,42500.0,-14515.49,5
3597,2485,120,310,0,310,310,0,0,90,90,0,90,425,30,16595.64,36550.0,-19954.36,5
3598,2485,225,270,0,270,250,20,0,75,75,0,75,470,90,60518.67750000001,42075.0,18443.677500000013,5
3599,2485,105,330,0,330,260,45,25,90,90,0,85,360,80,45632.61,36975.0,8657.610000000004,5
3600,2485,220,310,0,310,285,0,25,80,80,0,80,500,60,33562.44,45050.0,-11487.559999999998,5
3601,2485,180,320,0,320,310,0,10,80,80,0,80,485,65,37962.990000000005,42500.0,-4537.009999999996,5
3602,2485,165,340,0,340,335,5,0,50,50,0,50,495,50,33394.05,42925.0,-9530.949999999997,5
3603,2485,165,305,0,305,295,10,0,90,90,0,85,455,85,50195.97,39950.0,10245.969999999998,5
3604,2485,195,290,0,290,275,15,0,80,80,0,80,465,75,47379.78,41225.0,6154.780000000001,5
3605,2485,90,350,0,350,315,20,15,80,80,0,80,400,35,17609.760000000002,37400.0,-19790.239999999998,5
3606,2485,140,320,0,320,250,50,20,110,110,0,110,385,60,30501.720000000005,39100.0,-8598.279999999995,5
3607,2485,205,290,0,290,270,5,15,75,75,0,75,470,60,33919.2,42075.0,-8155.799999999999,5
3608,2485,145,320,0,320,295,10,15,95,95,0,90,435,65,39750.66,39525.0,225.66000000000713,5
3609,2485,245,265,0,265,255,0,10,85,85,0,85,495,80,55483.706249999996,43350.0,12133.706249999996,5
3610,2485,135,320,0,320,265,25,30,105,105,0,105,395,90,57987.045000000006,38675.0,19312.045000000006,5
3611,2485,115,360,0,360,270,70,20,90,90,0,90,380,75,46700.325000000004,40375.0,6325.325000000003,5
3612,2485,120,330,0,330,305,25,0,75,75,0,75,420,60,34835.58,38250.0,-3414.42,5
3613,2485,125,315,0,315,280,35,0,90,90,0,90,400,110,69290.46000000002,37400.0,31890.46000000002,5
3614,2485,155,330,0,330,325,0,5,65,65,0,65,475,45,25615.980000000003,41225.0,-15609.019999999997,5
3615,2485,90,345,0,345,290,35,20,85,85,0,85,375,75,45820.395000000004,36975.0,8845.395000000008,5
3616,2485,165,310,0,310,275,30,5,100,100,0,100,435,75,42138.54,40375.0,1763.5400000000027,5
3617,2485,160,285,0,285,275,10,0,100,100,0,100,430,100,59037.524999999994,37825.0,21212.524999999994,5
3618,2485,180,305,0,305,305,0,0,65,65,0,65,480,20,10093.680000000002,41225.0,-31131.319999999996,5
3619,2485,105,350,0,350,300,25,25,75,75,0,75,400,55,28886.94000000001,38675.0,-9788.05999999999,5
3620,2485,165,305,0,305,270,15,20,90,90,0,90,430,110,75527.07750000003,39950.0,35577.07750000002,5
3621,2485,150,300,0,300,295,5,0,70,70,0,70,440,40,21532.680000000004,38250.0,-16717.319999999996,5
3622,2485,135,335,0,335,290,35,10,80,80,0,80,420,60,32156.100000000006,39950.0,-7793.899999999994,5
3623,2485,180,290,0,290,280,10,0,80,80,0,80,455,70,45145.35,39950.0,5195.3499999999985,5
3624,2485,165,315,0,315,270,30,15,90,90,0,90,430,85,50690.880000000005,40800.0,9890.880000000006,5
3625,2485,95,340,0,340,300,10,30,70,70,0,70,390,40,23074.920000000002,36975.0,-13900.079999999998,5
3626,2485,140,325,0,325,300,20,5,85,85,0,85,435,35,20458.440000000002,39525.0,-19066.559999999998,5
3627,2485,130,325,0,325,305,0,20,75,75,0,75,430,30,16122.42,38675.0,-22552.579999999998,5
3628,2485,140,330,0,330,310,15,5,80,80,0,80,445,45,24189.660000000003,39950.0,-15760.339999999997,5
3629,2485,155,335,0,335,270,50,15,110,110,0,110,420,75,47209.14000000001,41650.0,5559.140000000007,5
3630,2485,170,310,0,310,270,15,25,100,100,0,100,435,105,61899.795,40800.0,21099.794999999995,5
3631,2485,130,300,0,300,255,40,5,115,115,0,115,380,50,29360.97,36550.0,-7189.029999999998,5
3632,2485,200,295,0,295,270,20,5,100,100,0,100,465,60,35996.76,42075.0,-6078.239999999996,5
3633,2485,215,300,0,300,285,0,15,70,70,0,70,495,70,45227.16,43775.0,1452.1600000000035,5
3634,2485,155,290,0,290,290,0,0,75,75,0,75,440,90,59252.4225,37825.0,21427.4225,5
3635,2485,155,285,0,285,265,10,10,120,120,0,120,415,130,83617.245,37400.0,46217.245,5
3636,2485,155,300,0,300,290,10,0,75,75,0,75,440,100,70061.76000000004,38675.0,31386.76000000003,5
3637,2485,155,315,0,315,260,30,25,80,80,0,80,410,60,36730.98000000001,39950.0,-3219.0199999999913,5
3638,2485,180,320,0,320,285,0,35,85,85,0,80,460,70,46625.71500000001,42500.0,4125.715000000009,5
3639,2485,180,310,0,310,300,10,0,65,65,0,65,475,35,20050.020000000004,41650.0,-21599.979999999996,5
3640,2485,135,305,0,305,265,30,10,95,95,0,90,395,130,90592.04250000003,37400.0,53192.042500000025,5
3641,2485,230,280,0,280,255,0,25,90,90,0,90,480,60,38413.8,43350.0,-4936.199999999999,5
3642,2485,215,260,0,260,230,10,20,105,105,0,105,440,115,77391.29250000001,40375.0,37016.29250000002,5
3643,2485,205,285,0,285,280,0,5,95,95,0,95,480,65,37354.95000000001,41650.0,-4295.049999999992,5
3644,2485,200,275,0,275,275,0,0,90,90,0,90,470,50,24768.719999999998,40375.0,-15606.280000000002,5
3645,2485,115,335,0,335,290,15,30,95,95,0,90,400,85,52549.785,38250.0,14299.785000000002,5
3646,2485,185,280,0,280,265,15,0,120,120,0,120,445,150,93518.81999999998,39525.0,53993.81999999998,5
3647,2485,175,295,0,295,295,0,0,65,65,0,65,465,40,20392.920000000006,39950.0,-19557.079999999994,5
3648,2485,160,305,0,305,295,5,5,60,60,0,60,450,65,40048.380000000005,39525.0,523.3800000000019,5
3649,2485,145,315,0,315,290,10,15,90,90,0,85,430,50,29426.04,39100.0,-9673.959999999997,5
3650,2485,120,310,0,310,310,0,0,70,70,0,70,425,45,24557.22,36550.0,-11992.779999999999,5
3651,2485,150,305,0,305,280,0,25,110,110,0,110,425,85,51979.770000000004,38675.0,13304.770000000008,5
3652,2485,210,305,0,305,300,0,5,95,95,0,90,505,100,71021.94750000002,43775.0,27246.947500000024,5
3653,2485,115,340,0,340,270,50,20,65,65,0,65,380,55,39834.59625,38675.0,1159.5962500000041,5
3654,2485,130,305,0,305,250,55,0,125,125,0,125,375,100,59979.96,36975.0,23004.96,5
3655,2485,170,295,0,295,260,0,35,90,90,0,90,425,70,39168.27000000001,39525.0,-356.72999999998865,5
3656,2485,130,335,0,335,265,40,30,90,90,0,90,390,55,34754.535,39525.0,-4770.464999999995,5
3657,2485,170,310,0,310,305,0,5,85,85,0,85,470,90,57677.895000000004,40800.0,16877.895000000008,5
3658,2485,85,365,0,365,305,20,40,80,80,0,80,385,70,47788.33500000001,38250.0,9538.335000000006,5
3659,2485,100,335,0,335,325,10,0,65,65,0,60,420,65,37757.34000000001,36975.0,782.3400000000083,5
3660,2485,150,320,0,320,310,0,10,90,90,0,90,455,90,61137.16874999999,39950.0,21187.16874999999,5
3661,2485,175,320,0,320,290,25,5,75,75,0,75,460,55,37115.7075,42075.0,-4959.292500000001,5
3662,2485,155,320,0,320,300,0,20,75,75,0,75,450,85,59588.37000000001,40375.0,19213.370000000014,5
3663,2485,230,270,0,270,255,15,0,105,105,0,105,480,85,56098.21500000002,42500.0,13598.215000000018,5
3664,2485,95,350,0,350,340,10,0,60,60,0,60,430,40,23858.550000000003,37825.0,-13966.449999999995,5
3665,2485,170,305,0,305,255,40,10,105,105,0,105,420,80,50135.512500000004,40375.0,9760.512500000004,5
3666,2485,140,310,0,310,285,5,20,90,90,0,90,420,85,53227.080000000016,38250.0,14977.080000000014,5
3667,2485,150,320,0,320,300,0,20,90,90,0,90,445,80,49808.34000000001,39950.0,9858.340000000007,5
3668,2485,80,360,0,360,280,50,30,65,65,0,65,355,70,48010.005000000005,37400.0,10610.005000000001,5
3669,2485,155,315,0,315,290,20,5,95,95,0,95,440,80,54297.78750000001,39950.0,14347.787500000013,5
3670,2485,145,305,0,305,305,0,0,80,80,0,80,445,40,25582.59,38250.0,-12667.41,5
3671,2485,205,295,0,295,290,5,0,85,85,0,85,490,85,53811.720000000016,42500.0,11311.720000000014,5
3672,2485,115,315,0,315,305,0,10,100,100,0,95,415,90,53232.93000000001,36550.0,16682.930000000008,5
3673,2485,125,340,0,340,290,35,15,100,100,0,100,410,80,49283.640000000014,39525.0,9758.640000000014,5
3674,2485,265,260,0,260,260,0,0,90,90,0,90,520,45,27904.769999999997,44625.0,-16720.230000000003,5
3675,2485,215,265,0,265,255,5,5,100,100,0,100,465,85,58267.845,40800.0,17467.844999999998,5
3676,2485,140,310,0,310,310,0,0,75,75,0,75,445,75,47166.1425,38250.0,8916.142500000005,5
3677,2485,185,300,0,300,300,0,0,85,85,0,85,480,35,18506.700000000004,41225.0,-22718.3,5
3678,2485,155,315,0,315,300,10,5,60,60,0,60,450,50,32706.63,39950.0,-7243.37,5
3679,2485,155,305,0,305,290,0,15,105,105,0,100,440,65,39064.68000000001,39100.0,-35.31999999999243,5
3680,2485,140,305,0,305,270,30,5,115,115,0,115,405,80,46346.04,37825.0,8521.040000000003,5
3681,2485,150,325,0,325,305,10,10,80,80,0,80,450,40,22658.850000000002,40375.0,-17716.149999999998,5
3682,2485,180,295,0,295,210,55,30,135,135,0,135,385,70,43278.5475,40375.0,2903.547500000004,5
3683,2485,175,310,0,310,235,75,0,100,100,0,100,405,110,74177.53875000002,41225.0,32952.53875000002,5
3684,2485,145,345,0,345,325,0,20,75,75,0,75,465,35,18236.88,41650.0,-23413.12,5
3685,2485,135,345,0,345,330,0,15,65,65,0,60,460,45,25780.949999999997,40800.0,-15019.050000000003,5
3686,2485,155,295,0,295,275,10,10,110,110,0,110,425,65,34030.08,38250.0,-4219.919999999997,5
3687,2485,135,320,0,320,290,20,10,75,75,0,75,420,105,73895.4225,38675.0,35220.4225,5
3688,2485,245,270,0,270,250,0,20,85,85,0,85,490,35,18464.940000000002,43775.0,-25310.059999999994,5
3689,2485,155,310,0,310,270,15,25,90,90,0,90,420,80,46163.79,39525.0,6638.789999999999,5
3690,2485,260,265,0,265,265,0,0,105,105,0,105,520,80,45259.92,44625.0,634.9200000000019,5
3691,2485,115,305,0,305,295,5,5,100,100,0,100,405,90,57049.53750000002,35700.0,21349.537500000024,5
3692,2485,130,330,0,330,305,15,10,85,85,0,85,430,60,33122.16,39100.0,-5977.8399999999965,5
3693,2485,135,320,0,320,265,50,5,125,125,0,125,395,125,81463.83749999998,38675.0,42788.83749999998,5
3694,2485,165,315,0,315,315,0,0,85,85,0,85,475,70,42505.92,40800.0,1705.9199999999964,5
3695,2485,135,315,0,315,305,0,10,75,75,0,75,435,30,15014.160000000002,38250.0,-23235.839999999997,5
3696,2485,180,320,0,320,305,0,15,80,80,0,80,480,45,25694.64,42500.0,-16805.36,5
3697,2485,145,330,0,330,320,0,10,90,90,0,90,460,50,26816.579999999998,40375.0,-13558.420000000002,5
3698,2485,220,310,0,310,310,0,0,75,75,0,75,525,60,36818.865,45050.0,-8231.134999999998,5
3699,2485,200,315,0,315,305,5,5,95,95,0,95,500,60,30653.640000000007,43775.0,-13121.359999999995,5
3700,2485,115,305,0,305,275,20,10,95,95,0,95,385,60,38820.284999999996,35700.0,3120.284999999999,5
3701,2485,160,315,0,315,310,5,0,90,90,0,90,465,75,44563.77000000001,40375.0,4188.770000000013,5
3702,2485,225,295,0,295,275,0,20,55,55,0,55,495,15,7287.4800000000005,44200.0,-36912.52,5
3703,2485,135,295,0,295,250,20,25,110,110,0,110,380,70,39444.84000000001,36550.0,2894.8400000000083,5
3704,2485,210,285,0,285,260,10,15,115,115,0,115,465,85,51785.28,42075.0,9710.280000000002,5
3705,2485,215,285,0,285,285,0,0,65,65,0,65,495,45,25479.0,42500.0,-17021.0,5
3706,2485,125,330,0,330,310,10,10,70,70,0,70,430,45,31979.700000000008,38675.0,-6695.299999999993,5
3707,2485,190,275,0,275,270,5,0,90,90,0,90,455,115,79748.6175,39525.0,40223.6175,5
3708,2485,130,295,0,295,265,30,0,100,100,0,100,390,120,81414.94499999999,36125.0,45289.945,5
3709,2485,145,310,0,310,290,10,10,105,105,0,100,430,85,51576.750000000015,38675.0,12901.750000000011,5
3710,2485,270,260,0,260,240,0,20,85,85,0,85,505,85,56943.855,45050.0,11893.855000000003,5
3711,2485,160,290,0,290,250,25,15,95,95,0,95,405,110,84735.523125,38250.0,46485.523125,5
3712,2485,125,315,0,315,295,10,10,120,120,0,120,415,90,52352.46000000001,37400.0,14952.46000000001,5
3713,2485,140,315,0,315,310,0,5,85,85,0,85,445,85,50511.645000000004,38675.0,11836.645000000008,5
3714,2485,300,265,0,265,260,0,5,65,65,0,65,555,25,12756.6,48025.0,-35268.4,5
3715,2485,130,325,0,325,310,10,5,80,80,0,80,435,90,55359.17999999999,38675.0,16684.179999999997,5
3716,2485,105,335,0,335,320,5,10,95,95,0,95,420,55,29424.780000000006,37400.0,-7975.219999999995,5
3717,2485,120,330,0,330,300,15,15,85,85,0,85,415,85,49964.03999999999,38250.0,11714.039999999995,5
3718,2485,135,335,0,335,285,30,20,95,95,0,95,415,70,41980.41,39950.0,2030.4100000000017,5
3719,2485,150,295,0,295,280,10,5,105,105,0,105,425,90,54081.17999999999,37825.0,16256.179999999995,5
3720,2485,115,320,0,320,280,5,35,115,115,0,110,390,85,52835.40000000001,36975.0,15860.400000000009,5
3721,2485,95,360,0,360,320,40,0,65,65,0,65,410,80,51326.235000000015,38675.0,12651.235000000015,5
3722,2485,100,340,0,340,280,55,5,95,95,0,90,375,75,42554.880000000005,37400.0,5154.880000000003,5
3723,2485,170,320,0,320,315,0,5,65,65,0,65,480,55,29835.9,41650.0,-11814.099999999999,5
3724,2485,170,315,0,315,290,15,10,70,70,0,70,455,55,34934.49,41225.0,-6290.509999999999,5
3725,2485,145,310,0,310,295,15,0,95,95,0,95,435,120,86536.30500000001,38675.0,47861.30500000001,5
3726,2485,150,300,0,300,280,0,20,100,100,0,95,425,135,93967.02000000002,38250.0,55717.02000000001,5
3727,2485,215,270,0,270,235,5,30,100,100,0,100,445,45,29600.01000000001,41225.0,-11624.989999999989,5
3728,2485,145,330,0,330,275,55,0,90,90,0,90,415,60,38824.942500000005,40375.0,-1550.057499999998,5
3729,2485,145,310,0,310,290,20,0,85,85,0,85,430,105,72744.30000000002,38675.0,34069.30000000002,5
3730,2485,160,310,0,310,265,15,30,80,80,0,80,420,65,39708.76500000001,39950.0,-241.2349999999924,5
3731,2485,130,315,0,315,315,0,0,80,80,0,80,440,85,58092.390000000014,37825.0,20267.390000000014,5
3732,2485,150,335,0,335,295,40,0,105,105,0,105,440,65,35538.12000000001,41225.0,-5686.879999999992,5
3733,2485,195,295,0,295,280,0,15,90,90,0,90,470,90,55972.439999999995,41650.0,14322.439999999997,5
3734,2485,110,340,0,340,315,15,10,80,80,0,80,420,55,36963.4725,38250.0,-1286.5274999999929,5
3735,2485,155,310,0,310,280,10,20,100,100,0,100,430,110,68979.87000000002,39525.0,29454.870000000028,5
3736,2485,170,305,0,305,300,5,0,80,80,0,80,465,110,75742.965,40375.0,35367.965000000004,5
3737,2485,185,295,0,295,235,50,10,110,110,0,105,415,105,66091.41000000002,40800.0,25291.410000000014,5
3738,2485,155,320,0,320,275,35,10,75,75,0,75,425,65,37992.869999999995,40375.0,-2382.130000000002,5
3739,2485,145,320,0,320,265,45,10,110,110,0,110,405,65,35320.32000000001,39525.0,-4204.679999999994,5
3740,2485,175,290,0,290,290,0,0,80,80,0,80,460,85,56390.71500000001,39525.0,16865.71500000001,5
3741,2485,160,295,0,295,265,25,5,95,95,0,95,420,140,101897.47687500002,38675.0,63222.47687500003,5
3742,2485,170,290,0,290,285,5,0,95,95,0,95,450,115,74111.42250000002,39100.0,35011.422500000015,5
3743,2485,140,310,0,310,310,0,0,70,70,0,70,445,35,18313.56,38250.0,-19936.44,5
3744,2485,100,330,0,330,255,50,25,95,95,0,95,350,135,97158.59999999999,36550.0,60608.59999999999,5
3745,2485,120,315,0,315,310,0,5,60,60,0,60,425,60,31505.940000000002,36975.0,-5469.0599999999995,5
3746,2485,155,310,0,310,295,0,15,90,90,0,90,445,65,37051.56000000001,39525.0,-2473.4399999999914,5
3747,2485,115,315,0,315,295,15,5,105,105,0,105,405,80,55099.04625,36550.0,18549.04625,5
3748,2485,130,325,0,325,290,25,10,95,95,0,95,415,85,54569.83500000001,38675.0,15894.835000000003,5
3749,2485,145,325,0,325,270,30,25,100,100,0,100,410,65,37608.48,39950.0,-2341.519999999996,5
3750,2485,165,290,0,290,275,5,10,100,100,0,100,435,85,50508.36,38675.0,11833.360000000002,5
3751,2485,230,270,0,270,270,0,0,105,105,0,105,495,45,23193.36,42500.0,-19306.64,5
3752,2485,210,270,0,270,250,0,20,95,95,0,95,455,35,17780.04,40800.0,-23019.96,5
3753,2485,185,285,0,285,285,0,0,80,80,0,80,465,100,70633.06874999999,39950.0,30683.06874999999,5
3754,2485,100,345,0,345,285,55,5,85,85,0,85,380,60,34810.38,37825.0,-3014.62,5
3755,2485,220,270,0,270,235,10,25,110,110,0,110,450,140,95327.30250000005,41650.0,53677.30250000004,5
3756,2485,175,285,0,285,250,5,30,90,90,0,85,420,110,67763.92500000002,39100.0,28663.925000000017,5
3757,2485,150,315,0,315,285,20,10,70,70,0,70,430,85,52618.05,39525.0,13093.050000000003,5
3758,2485,115,305,0,305,305,0,0,65,65,0,65,415,65,44169.705,35700.0,8469.705000000004,5
3759,2485,190,260,0,260,245,10,5,120,120,0,120,430,155,117435.82218750003,38250.0,79185.82218750003,5
3760,2485,145,330,0,330,315,15,0,60,60,0,60,455,50,32958.94500000001,40375.0,-7416.054999999997,5
3761,2485,170,295,0,295,280,0,15,85,85,0,85,445,70,44765.19000000001,39525.0,5240.190000000011,5
3762,2485,90,350,0,350,335,10,5,75,75,0,70,420,85,62173.389375,37400.0,24773.389375,5
3763,2485,140,295,0,295,290,5,0,85,85,0,80,425,145,116621.54276000979,36975.0,79646.54276000979,5
3764,2485,105,325,0,325,320,5,0,60,60,0,60,420,75,44557.29,36550.0,8007.290000000003,5
3765,2485,110,310,0,310,275,20,15,105,105,0,100,380,75,43840.61999999999,35700.0,8140.61999999999,5
3766,2485,185,285,0,285,265,15,5,105,105,0,100,445,60,34526.520000000004,39950.0,-5423.48,5
3767,2485,145,310,0,310,305,0,5,85,85,0,80,445,60,32471.820000000007,38675.0,-6203.179999999993,5
3768,2485,150,315,0,315,290,25,0,100,100,0,100,435,55,28852.200000000004,39525.0,-10672.799999999997,5
3769,2485,130,320,0,320,285,10,25,95,95,0,95,410,80,49293.94500000001,38250.0,11043.945000000003,5
3770,2485,185,290,0,290,265,0,25,115,115,0,115,445,110,68970.19499999999,40375.0,28595.194999999992,5
3771,2485,175,295,0,295,280,15,0,95,95,0,95,450,65,37395.630000000005,39950.0,-2554.369999999999,5
3772,2485,155,310,0,310,295,10,5,80,80,0,80,445,75,48128.31000000001,39525.0,8603.31000000001,5
3773,2485,140,305,0,305,240,45,20,100,100,0,100,375,50,29654.01000000001,37825.0,-8170.9899999999925,5
3774,2485,145,310,0,310,300,0,10,50,50,0,50,440,35,21644.19,38675.0,-17030.81,5
3775,2485,150,295,0,295,275,0,20,80,80,0,80,420,95,69529.94437499999,37825.0,31704.944374999995,5
3776,2485,75,375,0,375,300,45,30,60,60,0,60,370,40,22215.420000000006,38250.0,-16034.579999999996,5
3777,2485,135,325,0,325,265,25,35,70,70,0,70,395,95,65358.314999999995,39100.0,26258.314999999995,5
3778,2485,140,325,0,325,305,0,20,70,70,0,70,440,55,30949.74,39525.0,-8575.259999999998,5
3779,2485,175,290,0,290,260,15,15,100,100,0,100,430,90,60700.72500000002,39525.0,21175.72500000002,5
3780,2485,185,300,0,300,260,10,30,90,90,0,90,440,105,69490.035,41225.0,28265.035000000007,5
3781,2485,160,300,0,300,270,20,10,105,105,0,105,425,85,50476.05000000002,39100.0,11376.050000000014,5
3782,2485,215,300,0,300,290,0,10,50,50,0,50,500,40,23794.290000000005,43775.0,-19980.709999999995,5
3783,2485,200,255,0,255,240,0,15,100,100,0,100,435,95,59696.370000000024,38675.0,21021.370000000024,5
3784,2485,145,325,0,325,230,55,40,95,95,0,95,370,80,49180.770000000004,39950.0,9230.770000000002,5
3785,2485,200,295,0,295,270,10,15,90,90,0,90,465,75,45521.55,42075.0,3446.5500000000065,5
3786,2485,245,270,0,270,265,0,5,85,85,0,85,505,85,51679.844999999994,43775.0,7904.844999999996,5
3787,2485,185,300,0,300,300,0,0,70,70,0,70,480,40,24672.510000000002,41225.0,-16552.489999999998,5
3788,2485,135,300,0,300,280,0,20,75,75,0,75,410,85,55787.895,36975.0,18812.894999999997,5
3789,2485,140,315,0,315,315,0,0,85,85,0,85,450,50,26362.620000000003,38675.0,-12312.379999999997,5
3790,2485,135,315,0,315,305,0,10,85,85,0,80,435,65,40202.505000000005,38250.0,1952.505000000001,5
3791,2485,215,270,0,270,245,15,10,100,100,0,95,455,145,97583.90625000003,41225.0,56358.90625000004,5
3792,2485,180,285,0,285,260,0,25,85,85,0,85,435,80,48682.89000000001,39525.0,9157.890000000007,5
3793,2485,105,330,0,330,270,25,35,90,90,0,85,370,80,47953.53000000001,36975.0,10978.53000000001,5
3794,2485,145,300,0,300,255,45,0,90,90,0,90,395,65,37484.19000000001,37825.0,-340.8099999999922,5
3795,2485,175,315,0,315,295,10,10,60,60,0,60,465,35,19797.840000000004,41650.0,-21852.159999999996,5
3796,2485,190,285,0,285,270,5,10,75,75,0,75,455,75,45079.65,40375.0,4704.6500000000015,5
3797,2485,125,335,0,335,305,5,25,85,85,0,85,425,70,44775.49500000001,39100.0,5675.49500000001,5
3798,2485,90,350,0,350,260,80,10,75,75,0,75,345,65,42730.69500000001,37400.0,5330.695000000005,5
3799,2485,125,300,0,300,270,25,5,110,110,0,110,390,115,76737.07125000002,36125.0,40612.071250000015,5
3800,2485,150,320,0,320,310,0,10,80,80,0,80,455,45,23653.260000000002,39950.0,-16296.74,5
3801,2485,125,320,0,320,290,25,5,90,90,0,90,410,35,18394.2,37825.0,-19430.8,5
3802,2485,115,320,0,320,300,15,5,55,55,0,50,410,95,71255.31187500001,36975.0,34280.311875000014,5
3803,2485,135,310,0,310,270,15,25,95,95,0,95,400,120,76916.67750000002,37825.0,39091.67750000002,5
3804,2485,205,300,0,300,285,10,5,60,60,0,60,485,75,47768.805,42925.0,4843.805000000002,5
3805,2485,155,310,0,310,240,50,20,100,100,0,100,390,115,81195.49125000002,39525.0,41670.491250000014,5
3806,2485,115,330,0,330,290,30,10,85,85,0,80,400,90,56721.96000000001,37825.0,18896.960000000006,5
3807,2485,180,295,0,295,260,0,35,105,105,0,105,435,100,61748.595000000016,40375.0,21373.595000000016,5
3808,2485,155,325,0,325,305,10,10,70,70,0,70,455,60,35922.15000000001,40800.0,-4877.849999999994,5
3809,2485,135,325,0,325,295,10,20,60,60,0,60,425,90,58562.95500000001,39100.0,19462.95500000001,5
3810,2485,140,325,0,325,280,40,5,80,80,0,80,415,65,43187.44500000001,39525.0,3662.445000000007,5
3811,2485,175,315,0,315,290,0,25,80,80,0,80,460,50,28381.86,41650.0,-13268.14,5
3812,2485,220,280,0,280,275,5,0,60,60,0,55,490,55,34731.72,42500.0,-7768.279999999995,5
3813,2485,150,305,0,305,285,10,10,75,75,0,75,430,55,32617.800000000003,38675.0,-6057.199999999998,5
3814,2485,120,345,0,345,335,0,10,60,60,0,60,450,25,12826.440000000002,39525.0,-26698.559999999998,5
3815,2485,140,320,0,320,320,0,0,70,70,0,70,455,70,44675.05500000001,39100.0,5575.055000000011,5
3816,2485,95,330,0,330,260,40,30,80,80,0,75,350,60,41003.57250000001,36125.0,4878.572500000009,5
3817,2485,175,310,0,310,295,0,15,80,80,0,80,465,65,37391.670000000006,41225.0,-3833.3299999999963,5
3818,2485,155,285,0,285,280,5,0,85,85,0,85,430,80,48845.27250000001,37400.0,11445.27250000001,5
3819,2485,115,350,0,350,340,5,5,90,90,0,90,450,45,23750.280000000002,39525.0,-15774.719999999998,5
3820,2485,120,320,0,320,275,10,35,100,100,0,95,390,135,101710.220625,37400.0,64310.220625,5
3821,2485,190,275,0,275,260,10,5,110,110,0,110,445,75,38989.44,39525.0,-535.5599999999959,5
3822,2485,120,335,0,335,335,0,0,75,75,0,75,450,60,34703.505000000005,38675.0,-3971.4949999999953,5
3823,2485,230,305,0,305,300,0,5,65,65,0,60,525,60,34901.549999999996,45475.0,-10573.450000000003,5
3824,2485,175,300,0,300,280,10,10,85,85,0,85,450,45,25114.860000000004,40375.0,-15260.139999999996,5
3825,2485,90,325,0,325,305,20,0,80,80,0,75,390,95,58417.200000000004,35275.0,23142.200000000004,5
3826,2485,220,260,0,260,230,10,20,145,145,0,145,445,110,66673.48500000003,40800.0,25873.48500000003,5
3827,2485,205,305,0,305,280,25,0,125,125,0,120,480,115,69422.625,43350.0,26072.625,5
3828,2485,185,310,0,310,280,25,5,80,80,0,80,460,80,56690.20125000002,42075.0,14615.201250000018,5
3829,2485,140,325,0,325,265,40,20,70,70,0,70,400,35,19052.82,39525.0,-20472.18,5
3830,2485,130,340,0,340,300,30,10,85,85,0,85,425,70,48833.22375,39950.0,8883.223749999997,5
3831,2485,185,310,0,310,275,20,15,85,85,0,85,455,50,28608.390000000007,42075.0,-13466.609999999991,5
3832,2485,120,345,0,345,325,15,5,80,80,0,80,440,50,31268.79,39525.0,-8256.210000000001,5
3833,2485,150,315,0,315,310,0,5,75,75,0,75,455,40,21489.660000000003,39525.0,-18035.339999999997,5
3834,2485,80,375,0,375,315,30,30,80,80,0,75,390,45,26077.410000000003,38675.0,-12597.589999999997,5
3835,2485,165,320,0,320,275,15,30,110,110,0,110,435,65,37482.66,41225.0,-3742.3399999999947,5
3836,2485,160,305,0,305,290,10,5,100,100,0,100,445,75,50385.408750000024,39525.0,10860.408750000024,5
3837,2485,185,275,0,275,275,0,0,85,85,0,85,455,65,39368.07,39100.0,268.07000000000244,5
3838,2485,130,320,0,320,300,5,15,70,70,0,70,425,30,16375.140000000001,38250.0,-21874.86,5
3839,2485,140,315,0,315,280,5,30,75,75,0,75,415,110,77858.55000000002,38675.0,39183.55000000002,5
3840,2485,180,325,0,325,285,0,40,80,80,0,80,460,50,28575.990000000005,42925.0,-14349.009999999995,5
3841,2485,145,320,0,320,310,0,10,90,90,0,90,450,40,24102.090000000007,39525.0,-15422.909999999993,5
3842,2485,185,285,0,285,285,0,0,80,80,0,80,465,55,32739.210000000006,39950.0,-7210.789999999993,5
3843,2485,120,335,0,335,325,5,5,105,105,0,105,440,65,39506.40000000001,38675.0,831.4000000000124,5
3844,2485,185,290,0,290,280,0,10,85,85,0,85,460,50,27872.46,40375.0,-12502.539999999999,5
3845,2485,185,305,0,305,275,15,15,75,75,0,75,455,55,32466.960000000003,41650.0,-9183.039999999997,5
3846,2485,145,340,0,340,335,5,0,65,65,0,65,475,20,10184.760000000002,41225.0,-31040.239999999998,5
3847,2485,105,355,0,355,315,35,5,75,75,0,75,415,35,22883.850000000002,39100.0,-16216.149999999998,5
3848,2485,145,310,0,310,295,0,15,90,90,0,90,435,120,84093.30000000002,38675.0,45418.30000000002,5
3849,2485,240,285,0,285,250,5,30,95,95,0,95,485,65,35760.95999999999,44625.0,-8864.040000000005,5
3850,2485,185,290,0,290,240,35,15,130,130,0,130,420,110,66693.06000000003,40375.0,26318.060000000023,5
3851,2485,95,335,0,335,310,20,5,70,70,0,70,400,55,32441.490000000005,36550.0,-4108.509999999997,5
3852,2485,195,275,0,275,260,10,5,105,105,0,100,450,90,56845.350000000006,39950.0,16895.350000000006,5
3853,2485,255,250,0,250,240,0,10,90,90,0,85,490,55,31302.630000000005,42925.0,-11622.369999999995,5
3854,2485,120,325,0,325,305,10,10,65,65,0,65,420,85,61778.137500000004,37825.0,23953.137500000004,5
3855,2485,155,305,0,305,275,25,5,115,115,0,115,425,50,25364.520000000004,39100.0,-13735.479999999998,5
3856,2485,160,300,0,300,280,20,0,115,115,0,115,435,85,50314.95,39100.0,11214.949999999999,5
3857,2485,185,310,0,310,310,0,0,65,65,0,65,490,25,13872.78,42075.0,-28202.219999999998,5
3858,2485,150,310,0,310,250,30,30,90,90,0,90,395,60,40634.505000000005,39100.0,1534.5050000000083,5
3859,2485,160,300,0,300,260,25,15,90,90,0,90,415,105,66931.91999999998,39100.0,27831.91999999999,5
3860,2485,200,295,0,295,295,0,0,85,85,0,85,490,80,47249.01000000001,42075.0,5174.0100000000075,5
3861,2485,150,285,0,285,280,5,0,105,105,0,100,425,90,58790.92500000002,36975.0,21815.925000000017,5
3862,2485,145,315,0,315,300,10,5,75,75,0,75,440,90,65683.46250000001,39100.0,26583.462500000005,5
3863,2485,105,330,0,330,305,10,15,60,60,0,55,405,75,50013.04500000001,36975.0,13038.045000000011,5
3864,2485,160,325,0,325,305,20,0,55,55,0,55,460,15,7494.480000000001,41225.0,-33730.52,5
3865,2485,175,285,0,285,285,0,0,95,95,0,95,455,110,82677.69140625,39100.0,43577.69140625,5
3866,2485,145,310,0,310,290,5,15,95,95,0,95,430,65,41661.719999999994,38675.0,2986.7199999999957,5
3867,2485,140,300,0,300,245,50,5,95,95,0,90,380,105,72146.38500000001,37400.0,34746.38500000001,5
3868,2485,115,355,0,355,315,20,20,75,75,0,75,425,50,27738.000000000007,39950.0,-12211.999999999993,5
3869,2485,170,325,0,325,275,45,5,90,90,0,90,440,60,33781.50000000001,42075.0,-8293.499999999995,5
3870,2485,90,360,0,360,305,30,25,80,80,0,80,390,40,23562.000000000004,38250.0,-14687.999999999996,5
3871,2485,125,300,0,300,265,30,5,105,105,0,105,385,125,85635.83249999999,36125.0,49510.8325,5
3872,2485,85,350,0,350,315,5,30,60,60,0,55,395,40,23384.160000000003,36975.0,-13590.839999999998,5
3873,2485,190,290,0,290,270,0,20,70,70,0,70,455,50,30862.170000000002,40800.0,-9937.829999999998,5
3874,2485,115,355,0,355,280,55,20,90,90,0,90,390,70,40103.55,39950.0,153.55000000000018,5
3875,2485,130,300,0,300,285,10,5,95,95,0,95,410,120,81607.83750000001,36550.0,45057.837500000016,5
3876,2485,135,325,0,325,315,10,0,95,95,0,95,445,95,60405.52500000001,39100.0,21305.52500000001,5
3877,2485,110,335,0,335,285,35,15,85,85,0,85,390,75,45010.350000000006,37825.0,7185.350000000008,5
3878,2485,100,350,0,350,295,50,5,75,75,0,75,390,65,41660.73,38250.0,3410.730000000003,5
3879,2485,155,315,0,315,310,0,5,100,100,0,100,460,95,55098.99000000002,39950.0,15148.990000000022,5
3880,2485,110,355,0,355,345,0,10,75,75,0,75,450,60,34904.25,39525.0,-4620.750000000003,5
3881,2485,210,270,0,270,255,5,10,125,125,0,125,460,120,72015.75,40800.0,31215.750000000007,5
3882,2485,140,320,0,320,275,45,0,90,90,0,85,410,95,66882.03609375001,39100.0,27782.03609375001,5
3883,2485,125,340,0,340,290,20,30,70,70,0,70,410,75,44664.03,39525.0,5139.0300000000025,5
3884,2485,180,275,0,275,275,0,0,110,110,0,110,450,80,48617.55,38675.0,9942.550000000001,5
3885,2485,180,300,0,300,280,5,15,85,85,0,80,455,45,24595.020000000008,40800.0,-16204.979999999992,5
3886,2485,145,285,0,285,275,10,0,100,100,0,100,415,125,82048.24125000002,36550.0,45498.24125000003,5
3887,2485,135,315,0,315,300,10,5,90,90,0,90,430,85,51309.45,38250.0,13059.449999999997,5
3888,2485,245,260,0,260,240,0,20,105,105,0,105,480,75,41755.68,42925.0,-1169.319999999998,5
3889,2485,125,335,0,335,270,50,15,90,90,0,90,390,65,39018.600000000006,39100.0,-81.39999999999418,5
3890,2485,150,310,0,310,310,0,0,65,65,0,65,455,45,26428.77,39100.0,-12671.23,5
3891,2485,110,325,0,325,305,0,20,90,90,0,90,410,90,57278.52000000002,36975.0,20303.52000000002,5
3892,2485,185,325,0,325,315,0,10,65,65,0,65,495,50,27020.88,43350.0,-16329.119999999999,5
3893,2485,170,300,0,300,290,0,10,85,85,0,85,455,60,35600.67,39950.0,-4349.33,5
3894,2485,125,325,0,325,280,15,30,90,90,0,90,400,90,54635.220000000016,38250.0,16385.220000000016,5
3895,2485,155,310,0,310,270,15,25,90,90,0,90,420,65,41585.26500000001,39525.0,2060.2650000000085,5
3896,2485,100,355,0,355,280,70,5,90,90,0,90,375,60,34256.340000000004,38675.0,-4418.659999999995,5
3897,2485,205,265,0,265,245,0,20,120,120,0,120,445,105,66061.77750000001,39950.0,26111.77750000002,5
3898,2485,170,295,0,295,255,10,30,90,90,0,90,420,70,46562.220000000016,39525.0,7037.220000000016,5
3899,2485,225,275,0,275,270,0,5,80,80,0,80,490,55,30138.12,42500.0,-12361.880000000001,5
3900,2485,180,295,0,295,295,0,0,65,65,0,65,470,35,20282.4,40375.0,-20092.6,5
3901,2485,160,285,0,285,275,5,5,90,90,0,90,430,130,96247.31906250003,37825.0,58422.31906250003,5
3902,2485,105,365,0,365,330,5,30,80,80,0,80,430,45,24957.72,39950.0,-14992.28,5
3903,2485,230,275,0,275,275,0,0,85,85,0,85,500,60,34195.14,42925.0,-8729.859999999999,5
3904,2485,215,285,0,285,275,0,10,80,80,0,80,485,115,83755.12078124999,42500.0,41255.12078124999,5
3905,2485,135,305,0,305,275,25,5,105,105,0,105,405,60,30269.88000000001,37400.0,-7130.119999999993,5
3906,2485,210,270,0,270,270,0,0,100,100,0,100,475,80,52410.12750000001,40800.0,11610.127500000008,5
3907,2485,115,320,0,320,285,15,20,110,110,0,110,395,80,51418.75500000002,36975.0,14443.75500000002,5
3908,2485,150,300,0,300,290,10,0,75,75,0,75,435,70,43493.31,38250.0,5243.310000000001,5
3909,2485,120,360,0,360,295,60,5,70,70,0,70,410,55,33516.27,40800.0,-7283.7300000000005,5
3910,2485,175,325,0,325,230,70,25,110,110,0,110,400,110,65334.577500000014,42500.0,22834.577500000014,5
3911,2485,115,340,0,340,335,0,5,75,75,0,75,445,35,19392.3,38675.0,-19282.7,5
3912,2485,200,285,0,285,280,0,5,95,95,0,95,475,70,37053.54,41225.0,-4171.459999999997,5
3913,2485,155,275,0,275,250,20,5,115,115,0,115,400,70,40438.08000000001,36550.0,3888.080000000009,5
3914,2485,185,315,0,315,300,0,15,50,50,0,50,480,40,23558.4,42500.0,-18941.6,5
3915,2485,240,295,0,295,255,0,40,80,80,0,75,490,100,68443.070625,45475.0,22968.070624999993,5
3916,2485,110,305,0,305,270,25,10,95,95,0,95,375,145,105594.12281250005,35275.0,70319.12281250005,5
3917,2485,195,275,0,275,270,0,5,80,80,0,80,460,75,46763.100000000006,39950.0,6813.100000000004,5
3918,2485,155,305,0,305,255,45,5,80,80,0,80,405,75,45277.470000000016,39100.0,6177.470000000012,5
3919,2485,135,330,0,330,290,20,20,90,90,0,90,420,75,47256.097499999996,39525.0,7731.097499999996,5
3920,2485,90,345,0,345,305,20,20,85,85,0,85,390,70,45183.1275,36975.0,8208.1275,5
3921,2485,170,295,0,295,270,15,10,100,100,0,100,435,50,27284.040000000005,39525.0,-12240.959999999995,5
3922,2485,155,300,0,300,300,0,0,80,80,0,80,450,75,45958.05,38675.0,7283.050000000003,5
3923,2485,160,325,0,325,310,15,0,65,65,0,65,465,75,48810.17250000001,41225.0,7585.172500000008,5
3924,2485,145,325,0,325,295,15,15,75,75,0,75,435,80,47495.43000000001,39950.0,7545.430000000006,5
3925,2485,110,340,0,340,330,0,10,90,90,0,90,435,60,31784.220000000005,38250.0,-6465.779999999995,5
3926,2485,100,330,0,330,280,40,10,80,80,0,80,375,40,23080.860000000008,36550.0,-13469.139999999992,5
3927,2485,120,350,0,350,340,10,0,65,65,0,65,455,55,32826.33000000001,39950.0,-7123.669999999993,5
3928,2485,250,250,0,250,235,5,10,100,100,0,100,480,80,48600.45000000002,42500.0,6100.450000000019,5
3929,2485,135,320,0,320,280,25,15,95,95,0,95,410,50,31356.630000000005,38675.0,-7318.369999999995,5
3930,2485,145,320,0,320,285,25,10,90,90,0,90,425,55,29150.460000000003,39525.0,-10374.539999999997,5
3931,2485,250,260,0,260,260,0,0,110,110,0,110,505,85,46074.06000000001,43350.0,2724.0600000000086,5
3932,2485,160,300,0,300,300,0,0,85,85,0,85,455,65,44597.99250000001,39100.0,5497.992500000009,5
3933,2485,165,285,0,285,265,15,5,105,105,0,105,425,70,41439.33000000001,38250.0,3189.330000000009,5
3934,2485,90,340,0,340,265,45,30,85,85,0,80,350,65,39201.39000000001,36550.0,2651.390000000006,5
3935,2485,170,300,0,300,285,0,15,85,85,0,85,450,60,39588.165,39950.0,-361.8349999999964,5
3936,2485,235,265,0,265,265,0,0,80,80,0,80,495,50,27932.039999999997,42500.0,-14567.960000000003,5
3937,2485,230,275,0,275,255,0,20,85,85,0,85,480,65,36772.200000000004,42925.0,-6152.799999999997,5
3938,2485,175,290,0,290,260,25,5,105,105,0,105,430,140,90481.45500000002,39525.0,50956.45500000002,5
3939,2485,125,330,0,330,325,0,5,65,65,0,60,445,55,36273.37500000001,38675.0,-2401.6249999999945,5
3940,2485,140,300,0,300,295,0,5,100,100,0,95,430,65,39730.725000000006,37400.0,2330.7250000000067,5
3941,2485,195,280,0,280,255,5,20,95,95,0,95,445,125,98686.08843750002,40375.0,58311.08843750002,5
3942,2485,100,350,0,350,325,5,20,75,75,0,70,420,65,37766.970000000016,38250.0,-483.0299999999852,5
3943,2485,110,345,0,345,310,0,35,65,65,0,65,415,60,35244.990000000005,38675.0,-3430.009999999993,5
3944,2485,185,300,0,300,275,20,5,80,80,0,80,455,40,22282.200000000004,41225.0,-18942.799999999996,5
3945,2485,170,290,0,290,285,0,5,100,100,0,100,450,40,22397.760000000002,39100.0,-16702.239999999998,5
3946,2485,260,275,0,275,265,0,10,90,90,0,90,520,80,45574.65,45475.0,99.65000000000146,5
3947,2485,185,300,0,300,285,0,15,70,70,0,70,465,75,52419.43125000001,41225.0,11194.431250000007,5
3948,2485,145,325,0,325,295,15,15,75,75,0,75,435,55,37153.89,39950.0,-2796.1099999999988,5
3949,2485,145,320,0,320,295,20,5,65,65,0,65,435,35,21510.000000000004,39525.0,-18014.999999999996,5
3950,2485,190,280,0,280,265,5,10,85,85,0,85,450,65,37409.67,39950.0,-2540.329999999999,5
3951,2485,135,295,0,295,285,0,10,90,90,0,90,415,70,43171.11000000001,36550.0,6621.110000000008,5
3952,2485,120,320,0,320,260,60,0,110,110,0,110,375,95,59425.78500000002,37400.0,22025.785000000014,5
3953,2485,135,320,0,320,285,20,15,90,90,0,90,415,40,20809.440000000002,38675.0,-17865.559999999998,5
3954,2485,100,330,0,330,270,25,35,80,80,0,80,365,125,88818.86249999999,36550.0,52268.862499999996,5
3955,2485,145,325,0,325,310,0,15,65,65,0,65,450,50,29573.100000000006,39950.0,-10376.899999999996,5
3956,2485,150,315,0,315,310,5,0,100,100,0,100,455,40,21818.879999999997,39525.0,-17706.120000000003,5
3957,2485,135,320,0,320,260,25,35,100,100,0,100,390,70,42240.33,38675.0,3565.3300000000036,5
3958,2485,150,320,0,320,285,0,35,85,85,0,85,430,95,58673.700000000026,39950.0,18723.700000000026,5
3959,2485,140,325,0,325,280,25,20,75,75,0,75,415,80,57384.31500000002,39525.0,17859.315000000017,5
3960,2485,105,370,0,370,265,60,45,70,70,0,70,365,75,50484.99375000001,40375.0,10109.993750000012,5
3961,2485,160,320,0,320,315,0,5,60,60,0,60,470,40,24653.97,40800.0,-16146.03,5
3962,2485,160,285,0,285,230,40,15,115,115,0,115,385,130,86698.66500000004,37825.0,48873.66500000004,5
3963,2485,155,315,0,315,315,0,0,100,100,0,100,465,90,50621.67000000001,39950.0,10671.670000000013,5
3964,2485,150,325,0,325,290,15,20,85,85,0,80,435,65,41995.957500000004,40375.0,1620.957500000004,5
3965,2485,145,305,0,305,265,25,15,90,90,0,90,405,105,67500.27,38250.0,29250.27000000001,5
3966,2485,125,315,0,315,235,60,20,100,100,0,95,355,100,65536.11000000002,37400.0,28136.110000000008,5
3967,2485,150,320,0,320,305,15,0,55,55,0,55,450,35,20611.800000000003,39950.0,-19338.199999999997,5
3968,2485,95,330,0,330,275,35,20,90,90,0,90,365,80,47877.84,36125.0,11752.839999999997,5
3969,2485,135,355,0,355,310,40,5,70,70,0,70,440,40,25764.615000000005,41650.0,-15885.384999999997,5
3970,2485,200,295,0,295,270,5,20,75,75,0,70,465,110,82919.53125,42075.0,40844.53125,5
3971,2485,135,325,0,325,285,10,30,75,75,0,75,415,80,53837.98312500001,39100.0,14737.98312500001,5
3972,2485,130,345,0,345,290,35,20,65,65,0,65,415,50,30037.680000000008,40375.0,-10337.31999999999,5
3973,2485,175,305,0,305,290,15,0,100,100,0,100,460,65,36311.04,40800.0,-4488.959999999997,5
3974,2485,135,330,0,330,325,0,5,70,70,0,65,455,35,17862.84,39525.0,-21662.16,5
3975,2485,170,315,0,315,310,0,5,70,70,0,70,475,30,15627.960000000003,41225.0,-25597.039999999997,5
3976,2485,145,320,0,320,305,5,10,90,90,0,90,445,95,55908.090000000004,39525.0,16383.090000000002,5
3977,2485,215,275,0,275,275,0,0,65,65,0,65,485,70,47583.64125,41650.0,5933.641250000001,5
3978,2485,210,280,0,280,275,0,5,85,85,0,85,480,45,24296.22,41650.0,-17353.78,5
3979,2485,85,360,0,360,260,85,15,80,80,0,80,340,125,84698.595,37825.0,46873.595,5
3980,2485,120,310,0,310,285,20,5,90,90,0,90,400,105,67763.3175,36550.0,31213.317500000005,5
3981,2485,175,265,0,265,255,5,5,115,115,0,110,425,40,22418.640000000007,37400.0,-14981.359999999995,5
3982,2485,105,325,0,325,300,15,10,95,95,0,90,400,60,36398.07000000001,36550.0,-151.92999999999302,5
3983,2485,200,285,0,285,270,0,15,80,80,0,80,465,55,30715.920000000006,41225.0,-10509.079999999994,5
3984,2485,70,390,0,390,330,25,35,55,55,0,55,395,30,15360.120000000003,39100.0,-23739.879999999997,5
3985,2485,110,340,0,340,255,45,40,95,95,0,95,360,105,68216.53500000002,38250.0,29966.53500000001,5
3986,2485,175,300,0,300,300,0,0,90,90,0,90,470,95,62288.84250000001,40375.0,21913.84250000001,5
3987,2485,190,310,0,310,270,15,25,85,85,0,85,455,75,45420.03,42500.0,2920.029999999997,5
3988,2485,150,310,0,310,295,10,5,105,105,0,105,440,45,23092.199999999997,39100.0,-16007.800000000003,5
3989,2485,130,325,0,325,290,20,15,105,105,0,105,415,75,43710.21,38675.0,5035.209999999997,5
3990,2485,165,270,0,270,255,10,5,105,105,0,105,415,30,17853.120000000003,36975.0,-19121.879999999997,5
3991,2485,105,360,0,360,270,55,35,90,90,0,85,370,65,40674.465000000004,39525.0,1149.4650000000047,5
3992,2485,135,310,0,310,300,0,10,85,85,0,85,430,55,31892.94,37825.0,-5932.060000000001,5
3993,2485,185,290,0,290,260,25,5,95,95,0,95,440,80,43789.86,40375.0,3414.8599999999988,5
3994,2485,265,260,0,260,250,0,10,85,85,0,85,510,45,26296.559999999998,44625.0,-18328.440000000002,5
3995,2485,150,290,0,290,245,45,0,115,115,0,115,390,150,99277.38,37400.0,61877.38000000001,5
3996,2485,100,330,0,330,290,35,5,95,95,0,95,385,120,77754.73500000002,36550.0,41204.735000000015,5
3997,2485,200,295,0,295,275,0,20,90,90,0,90,470,105,72481.68000000002,42075.0,30406.680000000015,5
3998,2485,205,285,0,285,250,35,0,100,100,0,100,450,80,47493.630000000005,41650.0,5843.630000000003,5
3999,2485,180,265,0,265,245,10,10,85,85,0,80,420,100,71053.63453125002,37825.0,33228.63453125002,5
4000,2485,170,315,0,315,280,0,35,90,90,0,90,445,50,31777.29,41225.0,-9447.709999999997,5
4001,2485,165,305,0,305,280,15,10,80,80,0,80,440,75,48540.24000000001,39950.0,8590.240000000013,5
4002,2485,135,320,0,320,260,35,25,100,100,0,100,390,75,42567.3,38675.0,3892.3000000000047,5
4003,2485,155,320,0,320,300,10,10,105,105,0,105,450,95,54336.6,40375.0,13961.599999999999,5
4004,2485,135,360,0,360,265,95,0,85,85,0,85,395,60,34121.97,42075.0,-7953.029999999999,5
4005,2485,95,330,0,330,290,35,5,90,90,0,90,380,55,32069.79,36125.0,-4055.2099999999973,5
4006,2485,135,305,0,305,290,5,10,100,100,0,100,420,85,52527.78,37400.0,15127.780000000002,5
4007,2485,175,310,0,310,300,10,0,75,75,0,75,470,55,31018.320000000003,41225.0,-10206.679999999997,5
4008,2485,170,270,0,270,260,0,10,85,85,0,85,425,65,33624.18000000001,37400.0,-3775.8199999999943,5
4009,2485,190,265,0,265,260,0,5,95,95,0,95,445,95,62451.450000000004,38675.0,23776.450000000004,5
4010,2485,165,280,0,280,275,0,5,100,100,0,95,435,100,56614.50000000001,37825.0,18789.500000000007,5
4011,2485,160,315,0,315,285,15,15,65,65,0,65,440,60,39163.95,40375.0,-1211.0500000000002,5
4012,2485,150,315,0,315,290,25,0,95,95,0,95,435,65,36896.310000000005,39525.0,-2628.6899999999923,5
4013,2485,175,310,0,310,280,10,20,80,80,0,80,450,60,37096.605,41225.0,-4128.394999999996,5
4014,2485,150,325,0,325,310,15,0,75,75,0,75,455,65,35933.4,40375.0,-4441.5999999999985,5
4015,2485,180,325,0,325,250,30,45,90,90,0,90,425,100,66953.79000000001,42925.0,24028.790000000008,5
4016,2485,145,310,0,310,305,0,5,95,95,0,95,445,65,36371.61,38675.0,-2303.3899999999994,5
4017,2485,145,335,0,335,270,50,15,100,100,0,100,410,65,35104.86,40800.0,-5695.139999999997,5
4018,2485,185,305,0,305,290,0,15,80,80,0,80,470,50,27963.000000000007,41650.0,-13686.999999999993,5
4019,2485,150,325,0,325,325,0,0,60,60,0,60,470,45,29589.165,40375.0,-10785.834999999997,5
4020,2485,175,280,0,280,260,5,15,110,110,0,105,430,75,43219.71000000001,38675.0,4544.710000000005,5
4021,2485,120,340,0,340,270,35,35,95,95,0,95,385,105,75262.28625,39100.0,36162.286250000005,5
4022,2485,125,330,0,330,325,5,0,90,90,0,85,445,60,32574.780000000006,38675.0,-6100.219999999995,5
4023,2485,105,305,0,305,295,0,10,65,65,0,65,395,60,36324.00000000001,34850.0,1474.0000000000055,5
4024,2485,195,295,0,295,285,5,5,85,85,0,85,475,50,27922.680000000004,41650.0,-13727.319999999996,5
4025,2485,90,330,0,330,330,0,0,70,70,0,65,415,55,37811.520000000004,35700.0,2111.5200000000004,5
4026,2485,215,290,0,290,280,10,0,95,95,0,95,490,85,53294.85,42925.0,10369.849999999997,5
4027,2485,155,300,0,300,265,15,20,90,90,0,90,415,100,67863.3075,38675.0,29188.307500000003,5
4028,2485,180,315,0,315,310,0,5,90,90,0,90,485,60,32618.520000000004,42075.0,-9456.479999999996,5
4029,2485,185,300,0,300,280,5,15,90,90,0,90,460,60,42294.87000000001,41225.0,1069.87000000001,5
4030,2485,135,320,0,320,270,20,30,85,85,0,85,400,70,41021.73000000001,38675.0,2346.730000000007,5
4031,2485,195,300,0,300,280,0,20,90,90,0,90,470,65,36503.82000000001,42075.0,-5571.179999999995,5
4032,2485,215,315,0,315,290,15,10,70,70,0,70,500,55,34221.509999999995,45050.0,-10828.490000000002,5
4033,2485,175,300,0,300,270,0,30,110,110,0,110,440,40,22152.780000000002,40375.0,-18222.219999999998,5
4034,2485,130,305,0,305,260,40,5,85,85,0,85,385,90,57057.795000000006,36975.0,20082.795000000006,5
4035,2485,105,305,0,305,290,10,5,95,95,0,95,390,80,52327.84500000001,34850.0,17477.84500000001,5
4036,2485,130,330,0,330,330,0,0,80,80,0,80,455,80,49257.45000000001,39100.0,10157.450000000008,5
4037,2485,145,320,0,320,255,30,35,95,95,0,95,395,80,56453.87250000001,39525.0,16928.872500000016,5
4038,2485,85,335,0,335,275,60,0,80,80,0,75,355,100,79306.43097656251,35700.0,43606.43097656251,5
4039,2485,160,290,0,290,280,10,0,90,90,0,90,435,45,25548.84,38250.0,-12701.16,5
4040,2485,130,340,0,340,340,0,0,80,80,0,80,465,45,23069.160000000003,39950.0,-16880.839999999997,5
4041,2485,135,325,0,325,270,45,10,100,100,0,100,400,85,49166.1,39100.0,10066.099999999997,5
4042,2485,125,300,0,300,270,10,20,90,90,0,90,390,90,59045.85,36125.0,22920.85,5
4043,2485,115,320,0,320,280,15,25,100,100,0,100,390,100,65083.049999999996,36975.0,28108.049999999996,5
4044,2485,160,300,0,300,250,45,5,115,115,0,110,405,80,53415.99000000001,39100.0,14315.99000000001,5
4045,2485,150,295,0,295,265,20,10,80,80,0,80,410,60,34566.48,37825.0,-3258.5199999999986,5
4046,2485,110,310,0,310,275,5,30,70,70,0,70,380,75,53630.19000000001,35700.0,17930.19000000001,5
4047,2485,110,330,0,330,290,25,15,95,95,0,95,395,60,34264.62,37400.0,-3135.3799999999956,5
4048,2485,225,290,0,290,280,0,10,70,70,0,70,500,55,32794.020000000004,43775.0,-10980.979999999996,5
4049,2485,175,290,0,290,285,5,0,115,115,0,110,455,105,62138.61000000003,39525.0,22613.610000000026,5
4050,2485,160,295,0,295,255,30,10,110,110,0,110,410,100,65388.62250000001,38675.0,26713.622500000012,5
4051,2485,135,310,0,310,300,0,10,105,105,0,105,430,70,38479.86000000001,37825.0,654.8600000000079,5
4052,2485,95,330,0,330,320,0,10,65,65,0,65,410,30,17999.100000000002,36125.0,-18125.899999999998,5
4053,2485,205,285,0,285,265,15,5,75,75,0,75,465,65,40594.365000000005,41650.0,-1055.6349999999975,5
4054,2485,245,265,0,265,245,5,15,85,85,0,85,485,45,25019.28,43350.0,-18330.72,5
4055,2485,150,310,0,310,260,50,0,95,95,0,90,405,55,33549.3,39100.0,-5550.699999999997,5
4056,2485,90,350,0,350,340,5,5,80,80,0,80,425,70,45251.280000000006,37400.0,7851.280000000006,5
4057,2485,140,330,0,330,315,15,0,80,80,0,80,450,75,47145.2625,39950.0,7195.262499999999,5
4058,2485,110,355,0,355,315,20,20,75,75,0,75,420,65,39700.530000000006,39525.0,175.53000000000793,5
4059,2485,170,270,0,270,260,5,5,100,100,0,100,425,110,70685.685,37400.0,33285.685000000005,5
4060,2485,85,355,0,355,320,10,25,55,55,0,55,400,25,14178.420000000002,37400.0,-23221.579999999998,5
4061,2485,145,355,0,355,300,20,35,70,70,0,70,440,35,20502.000000000004,42500.0,-21997.999999999996,5
4062,2485,125,330,0,330,305,0,25,75,75,0,70,425,55,32094.09,38675.0,-6580.909999999999,5
4063,2485,110,355,0,355,265,50,40,110,110,0,105,370,70,40745.700000000004,39525.0,1220.7000000000062,5
4064,2485,115,335,0,335,335,0,0,80,80,0,80,445,65,42346.473750000005,38250.0,4096.473750000005,5
4065,2485,170,310,0,310,250,35,25,85,85,0,85,415,60,37498.275,40800.0,-3301.7249999999967,5
4066,2485,205,275,0,275,265,0,10,75,75,0,75,465,90,68751.71437500001,40800.0,27951.71437500001,5
4067,2485,125,315,0,315,255,35,25,90,90,0,90,375,105,70450.9425,37400.0,33050.94250000001,5
4068,2485,105,325,0,325,290,30,5,95,95,0,95,390,75,45819.36000000001,36550.0,9269.360000000006,5
4069,2485,170,310,0,310,305,0,5,90,90,0,90,470,45,24558.300000000003,40800.0,-16241.699999999997,5
4070,2485,175,325,0,325,270,35,20,80,80,0,80,440,75,51878.435625,42500.0,9378.435625000002,5
4071,2485,180,330,0,330,285,0,45,60,60,0,60,460,60,40086.36,43350.0,-3263.639999999996,5
4072,2485,120,340,0,340,335,0,5,75,75,0,75,450,55,29475.54,39100.0,-9624.46,5
4073,2485,150,330,0,330,315,0,15,70,70,0,65,460,70,39941.73000000002,40800.0,-858.2699999999841,5
4074,2485,125,295,0,295,265,20,10,105,105,0,105,385,115,74145.17250000002,35700.0,38445.172500000015,5
4075,2485,215,290,0,290,285,5,0,65,65,0,65,495,40,25468.649999999998,42925.0,-17456.350000000002,5
4076,2485,195,285,0,285,275,0,10,90,90,0,90,465,65,39006.000000000015,40800.0,-1793.9999999999873,5
4077,2485,275,245,0,245,240,5,0,110,110,0,110,510,100,63968.355,44200.0,19768.355000000003,5
4078,2485,170,290,0,290,245,35,10,105,105,0,105,410,85,50429.51999999999,39100.0,11329.519999999993,5
4079,2485,120,335,0,335,285,35,15,100,100,0,100,400,80,52745.715,38675.0,14070.715,5
4080,2485,160,305,0,305,265,5,35,95,95,0,95,420,65,40509.899999999994,39525.0,984.8999999999933,5
4081,2485,85,315,0,315,295,20,0,75,75,0,75,375,115,75060.45000000001,34000.0,41060.45000000001,5
4082,2485,170,275,0,275,260,0,15,80,80,0,80,425,70,39190.860000000015,37825.0,1365.8600000000115,5
4083,2485,150,325,0,325,265,25,35,90,90,0,90,410,45,25392.24,40375.0,-14982.759999999998,5
4084,2485,155,300,0,300,260,35,5,90,90,0,90,410,55,31709.250000000007,38675.0,-6965.749999999994,5
4085,2485,135,320,0,320,290,25,5,95,95,0,95,420,105,74412.50624999999,38675.0,35737.50624999999,5
4086,2485,125,315,0,315,305,10,0,80,80,0,80,425,75,42035.22,37400.0,4635.219999999999,5
4087,2485,145,330,0,330,245,60,25,95,95,0,95,385,140,104599.52156250001,40375.0,64224.52156250001,5
4088,2485,140,320,0,320,270,35,15,95,95,0,90,405,120,79581.12750000002,39100.0,40481.12750000002,5
4089,2485,145,325,0,325,305,15,5,75,75,0,75,445,50,29083.770000000004,39950.0,-10866.229999999996,5
4090,2485,130,340,0,340,325,0,15,70,70,0,70,450,65,36196.65000000001,39950.0,-3753.3499999999913,5
4091,2485,165,310,0,310,290,0,20,80,80,0,80,450,55,33436.530000000006,40375.0,-6938.469999999993,5
4092,2485,135,305,0,305,290,10,5,80,80,0,75,420,45,23630.220000000005,37400.0,-13769.779999999995,5
4093,2485,150,310,0,310,260,25,25,90,90,0,90,405,55,29708.460000000006,39100.0,-9391.539999999995,5
4094,2485,150,325,0,325,285,10,30,75,75,0,75,430,35,18730.980000000003,40375.0,-21644.02,5
4095,2485,110,345,0,345,250,60,35,85,85,0,85,355,105,68467.36500000002,38675.0,29792.36500000002,5
4096,2485,230,285,0,285,245,30,10,80,80,0,80,470,30,15365.52,43775.0,-28409.48,5
4097,2485,155,285,0,285,250,35,0,105,105,0,105,400,75,45471.96000000001,37400.0,8071.960000000008,5
4098,2485,215,270,0,270,255,10,5,95,95,0,95,465,55,30832.920000000006,41225.0,-10392.079999999996,5
4099,2485,140,305,0,305,295,5,5,85,85,0,85,430,80,48089.250000000015,37825.0,10264.250000000011,5
4100,2485,145,315,0,315,285,15,15,90,90,0,90,425,70,42341.490000000005,39100.0,3241.4900000000034,5
4101,2485,170,320,0,320,305,5,10,100,100,0,100,470,95,62533.90125000002,41650.0,20883.901250000017,5
4102,2485,140,310,0,310,285,5,20,90,90,0,90,420,50,30576.78,38250.0,-7673.220000000001,5
4103,2485,90,340,0,340,280,35,25,80,80,0,80,365,105,74600.82000000002,36550.0,38050.82000000002,5
4104,2485,165,285,0,285,250,10,25,115,115,0,115,410,65,36061.380000000005,38250.0,-2188.6199999999917,5
4105,2485,165,310,0,310,300,0,10,80,80,0,80,460,90,50843.70000000002,40375.0,10468.700000000017,5
4106,2485,135,335,0,335,255,80,0,80,80,0,80,385,110,72549.32625,39950.0,32599.326250000006,5
4107,2485,145,315,0,315,300,0,15,90,90,0,90,440,85,53462.340000000004,39100.0,14362.340000000004,5
4108,2485,100,330,0,330,295,15,20,100,100,0,95,390,35,19998.36,36550.0,-16551.64,5
4109,2485,150,305,0,305,250,20,35,90,90,0,90,395,60,33972.299999999996,38675.0,-4702.700000000004,5
4110,2485,150,310,0,310,310,0,0,75,75,0,75,455,85,51488.370000000024,39100.0,12388.370000000023,5
4111,2485,135,320,0,320,315,0,5,75,75,0,75,445,75,42346.80000000001,38675.0,3671.800000000012,5
4112,2485,105,360,0,360,320,10,30,50,50,0,50,420,40,24057.900000000005,39525.0,-15467.099999999995,5
4113,2485,115,340,0,340,260,75,5,75,75,0,75,370,65,40353.030000000006,38675.0,1678.0300000000034,5
4114,2485,120,295,0,295,250,25,20,110,110,0,110,365,115,77238.52875000001,35275.0,41963.52875000001,5
4115,2485,245,275,0,275,260,15,0,90,90,0,90,500,85,52648.942500000005,44200.0,8448.942500000003,5
4116,2485,195,275,0,275,275,0,0,100,100,0,100,465,55,30129.660000000007,39950.0,-9820.339999999993,5
4117,2485,165,285,0,285,225,40,20,130,130,0,125,385,155,103172.30156250001,38250.0,64922.30156250001,5
4118,2485,145,300,0,300,290,0,10,115,115,0,115,430,115,68484.51000000002,37825.0,30659.510000000028,5
4119,2485,150,325,0,325,315,0,10,70,70,0,70,460,70,42468.615000000005,40375.0,2093.615000000009,5
4120,2485,115,340,0,340,260,50,30,110,110,0,105,370,90,51153.30000000001,38675.0,12478.300000000008,5
4121,2485,115,330,0,330,290,5,35,90,90,0,90,400,85,55430.32500000001,37825.0,17605.32500000001,5
4122,2485,165,275,0,275,260,15,0,75,75,0,75,420,75,55907.611875,37400.0,18507.611875000002,5
4123,2485,160,310,0,310,290,10,10,85,85,0,85,445,65,41399.145000000004,39950.0,1449.1450000000077,5
4124,2485,175,270,0,270,225,0,45,115,115,0,115,395,145,110889.43031250003,37825.0,73064.43031250003,5
4125,2485,155,300,0,300,290,0,10,80,80,0,80,440,60,39340.66500000001,38675.0,665.6650000000081,5
4126,2485,190,280,0,280,265,5,10,105,105,0,100,450,85,48382.470000000016,39950.0,8432.470000000012,5
4127,2485,135,330,0,330,305,10,15,75,75,0,75,435,65,41286.69,39525.0,1761.6899999999987,5
4128,2485,210,265,0,265,250,0,15,115,115,0,115,455,95,55194.75000000002,40375.0,14819.750000000022,5
4129,2485,130,325,0,325,300,25,0,70,70,0,70,425,55,38295.1575,38675.0,-379.8424999999952,5
4130,2485,130,350,0,350,290,55,5,95,95,0,95,415,60,32571.180000000008,40800.0,-8228.819999999992,5
4131,2485,110,345,0,345,280,55,10,65,65,0,65,385,55,34242.030000000006,38675.0,-4432.969999999991,5
4132,2485,160,320,0,320,315,0,5,65,65,0,65,470,40,26017.245000000003,40800.0,-14782.754999999997,5
4133,2485,160,320,0,320,320,0,0,80,80,0,80,475,75,48125.3625,40800.0,7325.362500000001,5
4134,2485,90,385,0,385,315,50,20,75,75,0,75,400,55,30862.800000000007,40375.0,-9512.199999999993,5
4135,2485,130,330,0,330,265,35,30,90,90,0,90,390,55,31347.180000000004,39100.0,-7752.819999999997,5
4136,2485,225,250,0,250,245,5,0,110,110,0,110,465,95,59858.68500000001,40375.0,19483.685000000012,5
4137,2485,100,330,0,330,295,10,25,75,75,0,75,390,70,50641.020000000004,36550.0,14091.020000000008,5
4138,2485,175,300,0,300,275,20,5,85,85,0,85,445,75,46290.442500000005,40375.0,5915.442500000008,5
4139,2485,115,325,0,325,275,50,0,85,85,0,85,385,80,53455.01625,37400.0,16055.016249999999,5
4140,2485,125,305,0,305,300,5,0,85,85,0,85,420,100,62173.44000000002,36550.0,25623.440000000017,5
4141,2485,200,290,0,290,255,25,10,100,100,0,95,450,85,55686.5325,41650.0,14036.532500000003,5
4142,2485,145,305,0,305,260,45,0,95,95,0,95,400,90,56872.395000000004,38250.0,18622.395000000004,5
4143,2485,165,300,0,300,285,5,10,100,100,0,100,445,60,34149.240000000005,39525.0,-5375.759999999996,5
4144,2485,135,295,0,295,285,10,0,75,75,0,75,415,105,80103.71812500001,36550.0,43553.718125000014,5
4145,2485,185,295,0,295,290,0,5,80,80,0,80,470,55,36027.315,40800.0,-4772.684999999997,5
4146,2485,120,295,0,295,285,5,5,90,90,0,90,400,100,64140.84000000002,35275.0,28865.84000000002,5
4147,2485,150,315,0,315,305,0,10,75,75,0,75,450,65,42051.825,39525.0,2526.824999999999,5
4148,2485,170,315,0,315,285,25,5,95,95,0,95,450,35,17692.200000000004,41225.0,-23532.799999999996,5
4149,2485,115,335,0,335,335,0,0,40,40,0,40,445,30,19798.740000000005,38250.0,-18451.259999999995,5
4150,2485,145,315,0,315,310,0,5,75,75,0,75,450,45,24144.120000000003,39100.0,-14955.879999999997,5
4151,2485,150,315,0,315,300,0,15,85,85,0,85,445,45,29799.135000000006,39525.0,-9725.864999999994,5
4152,2485,155,315,0,315,295,10,10,70,70,0,70,445,75,46446.21,39950.0,6496.210000000001,5
4153,2485,120,330,0,330,245,55,30,100,100,0,100,360,110,79908.6375,38250.0,41658.6375,5
4154,2485,100,335,0,335,320,5,10,70,70,0,70,415,65,41431.950000000004,36975.0,4456.950000000006,5
4155,2485,100,345,0,345,275,65,5,85,85,0,85,370,70,42099.03,37825.0,4274.0300000000025,5
4156,2485,235,295,0,295,285,5,5,95,95,0,95,515,80,49103.505000000005,45050.0,4053.5050000000047,5
4157,2485,205,305,0,305,270,0,35,75,75,0,75,470,45,23496.840000000004,43350.0,-19853.159999999996,5
4158,2485,200,295,0,295,280,0,15,85,85,0,80,475,40,21270.059999999998,42075.0,-20804.940000000002,5
4159,2485,215,260,0,260,235,10,15,95,95,0,95,445,130,94015.00125000003,40375.0,53640.00125000002,5
4160,2485,125,325,0,325,305,5,15,75,75,0,70,425,55,32544.36,38250.0,-5705.6399999999985,5
4161,2485,110,325,0,325,295,15,15,105,105,0,105,400,40,26612.415,36975.0,-10362.585,5
4162,2485,170,290,0,290,285,5,0,110,110,0,110,450,95,58631.91750000001,39100.0,19531.91750000001,5
4163,2485,190,285,0,285,260,20,5,95,95,0,95,445,65,37410.390000000014,40375.0,-2964.6099999999888,5
4164,2485,170,295,0,295,265,30,0,95,95,0,95,430,115,72687.84750000002,39525.0,33162.84750000002,5
4165,2485,150,315,0,315,295,20,0,95,95,0,95,440,55,28403.640000000007,39525.0,-11121.359999999995,5
4166,2485,205,285,0,285,285,0,0,85,85,0,85,485,65,35252.46,41650.0,-6397.539999999999,5
4167,2485,135,325,0,325,285,40,0,90,90,0,85,415,75,48870.07875,39100.0,9770.078750000002,5
4168,2485,165,290,0,290,275,5,10,120,120,0,120,435,80,46172.52000000001,38675.0,7497.520000000013,5
4169,2485,110,350,0,350,290,30,30,95,95,0,95,395,65,35476.020000000004,39100.0,-3623.9799999999923,5
4170,2485,225,275,0,275,275,0,0,90,90,0,90,495,65,35775.00000000001,42500.0,-6724.999999999991,5
4171,2485,145,295,0,295,230,65,0,95,95,0,95,370,155,113311.36968749999,37400.0,75911.36968749999,5
4172,2485,160,305,0,305,265,20,20,70,70,0,70,420,85,57131.909999999996,39525.0,17606.909999999996,5
4173,2485,195,300,0,300,280,20,0,70,70,0,70,470,65,40900.68,42075.0,-1174.319999999998,5
4174,2485,100,355,0,355,330,25,0,80,80,0,80,425,40,21050.460000000003,38675.0,-17624.539999999997,5
4175,2485,155,295,0,295,280,0,15,95,95,0,95,430,115,74765.16000000002,38250.0,36515.16000000002,5
4176,2485,105,340,0,340,295,25,20,85,85,0,85,395,60,35186.670000000006,37825.0,-2638.3299999999917,5
4177,2485,220,310,0,310,240,60,10,90,90,0,90,455,70,42444.45,45050.0,-2605.550000000003,5
4178,2485,150,305,0,305,285,5,15,95,95,0,90,430,85,49125.689999999995,38675.0,10450.689999999995,5
4179,2485,105,350,0,350,335,10,5,80,80,0,80,435,80,50786.73000000001,38675.0,12111.730000000007,5
4180,2485,140,315,0,315,310,5,0,80,80,0,80,445,90,57802.7925,38675.0,19127.792500000003,5
4181,2485,170,295,0,295,265,20,10,100,100,0,100,430,90,57099.735000000015,39525.0,17574.73500000002,5
4182,2485,175,285,0,285,255,20,10,95,95,0,95,425,65,38654.73,39100.0,-445.2699999999959,5
4183,2485,190,275,0,275,260,10,5,120,120,0,120,445,90,50475.96000000001,39525.0,10950.960000000005,5
4184,2485,125,345,0,345,295,30,20,85,85,0,85,415,70,42199.83,39950.0,2249.8300000000017,5
4185,2485,155,320,0,320,295,5,20,95,95,0,95,445,85,55818.41625,40375.0,15443.41625,5
4186,2485,195,295,0,295,280,0,15,95,95,0,90,470,85,53970.48000000002,41650.0,12320.480000000016,5
4187,2485,125,355,0,355,340,10,5,60,60,0,60,460,50,29987.190000000002,40800.0,-10812.81,5
4188,2485,175,285,0,285,255,25,5,105,105,0,105,425,115,73166.13,39100.0,34066.130000000005,5
4189,2485,125,335,0,335,290,15,30,80,80,0,80,410,35,19275.660000000003,39100.0,-19824.339999999997,5
4190,2485,125,335,0,335,285,15,35,90,90,0,90,405,65,39936.869999999995,39100.0,836.869999999999,5
4191,2485,205,310,0,310,260,15,35,80,80,0,75,460,60,44560.496250000004,43775.0,785.4962500000056,5
4192,2485,90,350,0,350,265,60,25,80,80,0,80,350,110,80437.092890625,37400.0,43037.092890625,5
4193,2485,180,295,0,295,285,5,5,85,85,0,85,460,105,71747.74125000002,40375.0,31372.741250000017,5
4194,2485,120,325,0,325,310,5,10,80,80,0,80,425,85,52428.87000000002,37825.0,14603.870000000015,5
4195,2485,150,315,0,315,280,5,30,100,100,0,100,425,60,34417.530000000006,39525.0,-5107.469999999994,5
4196,2485,205,305,0,305,290,0,15,60,60,0,60,490,65,43185.420000000006,43350.0,-164.5799999999963,5
4197,2485,135,290,0,290,280,0,10,105,105,0,105,410,100,70486.23375000001,36125.0,34361.23375000002,5
4198,2485,170,290,0,290,285,0,5,75,75,0,75,450,65,44032.27500000001,39100.0,4932.275000000009,5
4199,2485,160,300,0,300,275,15,10,85,85,0,85,430,90,56550.465,39100.0,17450.464999999997,5
4200,2485,155,295,0,295,230,60,5,100,100,0,100,380,105,70394.445,38250.0,32144.445000000014,5
4201,2485,140,320,0,320,275,0,45,80,80,0,80,410,60,37141.560000000005,39100.0,-1958.439999999996,5
4202,2485,160,280,0,280,240,15,25,115,115,0,115,395,130,87127.98187500003,37400.0,49727.98187500003,5
4203,2485,120,320,0,320,315,5,0,80,80,0,80,430,65,38056.59000000001,37400.0,656.5900000000101,5
4204,2485,150,305,0,305,255,30,20,75,75,0,75,400,105,71548.11,38675.0,32873.11,5
4205,2485,155,300,0,300,260,40,0,120,120,0,120,410,85,51583.5,38675.0,12908.500000000004,5
4206,2485,125,330,0,330,315,5,10,85,85,0,85,435,70,39330.450000000004,38675.0,655.4500000000053,5
4207,2485,135,300,0,300,295,5,0,105,105,0,105,425,100,60726.645000000004,36975.0,23751.645000000008,5
4208,2485,130,330,0,330,320,0,10,60,60,0,55,445,45,26494.29,39100.0,-12605.71,5
4209,2485,120,330,0,330,270,30,30,90,90,0,90,385,65,36300.780000000006,38250.0,-1949.2199999999957,5
4210,2485,125,350,0,350,260,70,20,100,100,0,100,380,60,33213.78000000001,40375.0,-7161.219999999989,5
4211,2485,145,300,0,300,295,0,5,85,85,0,85,435,95,64287.199687500004,37825.0,26462.199687500004,5
4212,2485,120,310,0,310,285,20,5,100,100,0,100,400,25,14816.520000000002,36550.0,-21733.48,5
4213,2485,150,310,0,310,290,15,5,85,85,0,80,435,75,47735.122500000005,39100.0,8635.122500000007,5
4214,2485,140,340,0,340,280,10,50,80,80,0,75,415,50,28151.550000000007,40800.0,-12648.449999999993,5
4215,2485,220,280,0,280,265,10,5,105,105,0,105,480,95,54663.12000000001,42500.0,12163.120000000008,5
4216,2485,170,315,0,315,285,0,30,55,55,0,55,450,40,21660.120000000003,41225.0,-19564.879999999997,5
4217,2485,155,305,0,305,295,5,5,60,60,0,60,445,45,28271.97,39100.0,-10828.029999999999,5
4218,2485,190,315,0,315,285,5,25,70,70,0,70,470,100,70572.099375,42925.0,27647.099375000005,5
4219,2485,115,365,0,365,330,20,15,70,70,0,65,440,50,30269.79,40800.0,-10530.209999999997,5
4220,2485,120,325,0,325,300,5,20,80,80,0,75,415,60,37274.535,37825.0,-550.4649999999992,5
4221,2485,115,345,0,345,330,0,15,65,65,0,60,440,55,31706.28000000001,39100.0,-7393.719999999989,5
4222,2485,155,305,0,305,295,10,0,80,80,0,80,445,55,34531.47,39100.0,-4568.529999999996,5
4223,2485,170,310,0,310,305,0,5,95,95,0,95,470,45,24497.100000000006,40800.0,-16302.899999999994,5
4224,2485,120,355,0,355,335,20,0,70,70,0,70,450,60,37521.09,40375.0,-2853.9100000000008,5
4225,2485,115,350,0,350,245,65,40,105,105,0,105,355,85,46591.92000000001,39525.0,7066.920000000009,5
4226,2485,90,330,0,330,325,5,0,80,80,0,80,410,40,23470.56,35700.0,-12229.439999999999,5
4227,2485,230,305,0,305,230,50,25,115,115,0,115,455,85,51458.04000000001,45475.0,5983.04000000001,5
4228,2485,185,295,0,295,290,0,5,105,105,0,105,470,85,54338.44500000002,40800.0,13538.44500000002,5
4229,2485,220,280,0,280,265,10,5,75,75,0,75,480,90,58021.06499999999,42500.0,15521.06499999999,5
4230,2485,215,255,0,255,235,0,20,95,95,0,90,445,110,67719.42000000001,39950.0,27769.42000000002,5
4231,2485,155,320,0,320,295,25,0,85,85,0,85,445,60,33068.880000000005,40375.0,-7306.119999999992,5
4232,2485,120,345,0,345,320,0,25,95,95,0,95,435,70,43711.56000000001,39525.0,4186.560000000009,5
4233,2485,105,350,0,350,325,10,15,70,70,0,70,425,65,41236.65000000001,38675.0,2561.6500000000087,5
4234,2485,190,290,0,290,265,15,10,100,100,0,100,450,75,43218.72,40800.0,2418.720000000003,5
4235,2485,170,300,0,300,220,70,10,100,100,0,100,385,130,87716.0925,39950.0,47766.0925,5
4236,2485,200,300,0,300,280,0,20,75,75,0,70,475,55,31112.370000000003,42500.0,-11387.63,5
4237,2485,105,335,0,335,245,80,10,100,100,0,100,345,95,66257.18015625,37400.0,28857.180156250004,5
4238,2485,135,315,0,315,260,25,30,95,95,0,95,390,95,69213.9825,38250.0,30963.982500000002,5
4239,2485,195,300,0,300,280,0,20,65,65,0,65,470,85,59211.5625,42075.0,17136.5625,5
4240,2485,145,320,0,320,295,15,10,65,65,0,60,435,70,47093.50125000001,39525.0,7568.501250000008,5
4241,2485,105,325,0,325,295,25,5,75,75,0,75,395,35,19788.660000000003,36550.0,-16761.339999999997,5
4242,2485,110,345,0,345,310,25,10,90,90,0,90,415,85,52959.712500000016,38675.0,14284.712500000014,5
4243,2485,125,325,0,325,315,10,0,80,80,0,80,435,45,27537.209999999995,38250.0,-10712.790000000005,5
4244,2485,145,295,0,295,275,15,5,65,65,0,65,415,55,36354.69,37400.0,-1045.309999999995,5
4245,2485,185,300,0,300,290,0,10,105,105,0,105,470,70,41221.08,41225.0,-3.9199999999982538,5
4246,2485,165,295,0,295,285,10,0,90,90,0,90,445,65,42782.422500000015,39100.0,3682.4225000000115,5
4247,2485,175,295,0,295,275,5,15,100,100,0,95,445,120,78836.24250000001,39950.0,38886.24250000001,5
4248,2485,180,325,0,325,260,65,0,75,75,0,75,435,45,27875.16,42925.0,-15049.84,5
4249,2485,130,325,0,325,295,20,10,75,75,0,75,420,60,36778.86,38675.0,-1896.1400000000003,5
4250,2485,215,295,0,295,280,0,15,75,75,0,75,490,55,36041.130000000005,43350.0,-7308.869999999997,5
4251,2485,140,335,0,335,270,40,25,115,115,0,115,405,110,65006.64000000001,40375.0,24631.640000000007,5
4252,2485,125,330,0,330,305,15,10,60,60,0,60,425,10,5399.64,38675.0,-33275.36,5
4253,2485,145,305,0,305,270,20,15,95,95,0,90,410,75,44885.925,38250.0,6635.925000000007,5
4254,2485,165,295,0,295,270,0,25,105,105,0,105,430,95,58144.41,39100.0,19044.410000000007,5
4255,2485,155,310,0,310,305,0,5,50,50,0,50,455,45,29135.97,39525.0,-10389.029999999999,5
4256,2485,165,315,0,315,265,20,30,95,95,0,95,425,60,36636.66,40800.0,-4163.339999999998,5
4257,2485,145,310,0,310,280,20,10,90,90,0,90,420,75,45693.270000000004,38675.0,7018.270000000002,5
4258,2485,110,325,0,325,300,15,10,60,60,0,60,405,50,30518.19,36975.0,-6456.81,5
4259,2485,190,285,0,285,260,0,25,85,85,0,85,445,70,43036.56,40375.0,2661.5599999999995,5
4260,2485,115,335,0,335,325,0,10,65,65,0,65,435,45,26165.250000000007,38250.0,-12084.749999999995,5
4261,2485,120,310,0,310,265,25,20,100,100,0,100,380,85,52677.56250000002,36550.0,16127.562500000022,5
4262,2485,155,320,0,320,310,0,10,50,50,0,50,460,50,35810.7525,40375.0,-4564.247499999997,5
4263,2485,110,325,0,325,275,45,5,85,85,0,85,380,105,71732.54250000001,36975.0,34757.54250000002,5
4264,2485,150,295,0,295,295,0,0,115,115,0,115,440,115,65516.58000000003,37825.0,27691.58000000003,5
4265,2485,160,345,0,345,300,35,10,65,65,0,65,455,65,39209.76000000001,42925.0,-3715.2399999999943,5
4266,2485,185,295,0,295,285,10,0,80,80,0,80,465,45,25571.880000000005,40800.0,-15228.119999999995,5
4267,2485,175,290,0,290,280,0,10,115,115,0,110,450,90,57453.57,39525.0,17928.57,5
4268,2485,155,305,0,305,300,0,5,80,80,0,80,450,70,42507.45000000001,39100.0,3407.450000000008,5
4269,2485,170,290,0,290,265,25,0,105,105,0,105,430,70,40913.100000000006,39100.0,1813.100000000004,5
4270,2485,120,335,0,335,285,30,20,65,65,0,65,400,30,15418.44,38675.0,-23256.559999999998,5
4271,2485,80,325,0,325,320,5,0,60,60,0,60,395,70,50582.750625000015,34425.0,16157.750625000017,5
4272,2485,175,290,0,290,260,25,5,80,80,0,80,430,95,63434.02500000001,39525.0,23909.02500000001,5
4273,2485,265,260,0,260,255,0,5,110,110,0,110,515,95,56235.95999999999,44625.0,11610.959999999995,5
4274,2485,165,310,0,310,270,35,5,100,100,0,100,430,80,48655.979999999996,40375.0,8280.98,5
4275,2485,145,310,0,310,290,10,10,80,80,0,80,430,60,31784.940000000006,38675.0,-6890.059999999994,5
4276,2485,135,335,0,335,295,20,20,100,100,0,100,425,50,26538.30000000001,39950.0,-13411.699999999992,5
4277,2485,195,270,0,270,250,5,15,85,85,0,85,440,70,44370.93375,39525.0,4845.933749999995,5
4278,2485,125,320,0,320,310,0,10,60,60,0,60,430,70,44943.345,37825.0,7118.344999999999,5
4279,2485,180,300,0,300,285,0,15,95,95,0,95,460,60,34615.98,40800.0,-6184.019999999996,5
4280,2485,125,320,0,320,290,15,15,90,90,0,90,410,85,56034.236249999994,37825.0,18209.236249999994,5
4281,2485,135,300,0,300,290,0,10,90,90,0,90,420,85,59463.36,36975.0,22488.36,5
4282,2485,130,310,0,310,295,0,15,90,90,0,90,420,65,39664.53,37400.0,2264.5299999999997,5
4283,2485,140,325,0,325,305,20,0,80,80,0,80,440,50,26621.100000000006,39525.0,-12903.899999999994,5
4284,2485,235,260,0,260,240,0,20,80,80,0,75,470,55,32255.280000000006,42075.0,-9819.719999999994,5
4285,2485,160,315,0,315,285,25,5,60,60,0,60,440,25,12191.400000000003,40375.0,-28183.6,5
4286,2485,180,300,0,300,280,5,15,80,80,0,80,455,75,50231.81250000001,40800.0,9431.812500000005,5
4287,2485,135,350,0,350,345,0,5,60,60,0,60,475,50,28234.440000000002,41225.0,-12990.559999999996,5
4288,2485,165,290,0,290,290,0,0,80,80,0,80,450,70,43251.93000000001,38675.0,4576.930000000011,5
4289,2485,195,280,0,280,270,0,10,100,100,0,100,460,75,41439.33000000001,40375.0,1064.330000000009,5
4290,2485,210,285,0,285,265,10,10,75,75,0,75,470,50,30755.07,42075.0,-11319.93,5
4291,2485,160,315,0,315,300,0,15,60,60,0,60,455,50,31356.000000000007,40375.0,-9018.999999999993,5
4292,2485,135,325,0,325,290,15,20,100,100,0,100,420,65,39940.20000000001,39100.0,840.2000000000089,5
4293,2485,210,280,0,280,240,5,35,110,110,0,110,445,70,44940.105,41650.0,3290.105000000003,5
4294,2485,165,280,0,280,270,10,0,100,100,0,100,430,85,55476.90000000001,37825.0,17651.900000000005,5
4295,2485,140,325,0,325,305,15,5,75,75,0,75,440,45,25594.560000000005,39525.0,-13930.439999999995,5
4296,2485,200,290,0,290,225,30,35,105,105,0,105,420,60,35182.62000000001,41650.0,-6467.379999999989,5
4297,2485,215,255,0,255,240,5,10,105,105,0,100,450,115,72177.70500000002,39950.0,32227.705000000024,5
4298,2485,145,305,0,305,295,5,5,115,115,0,115,435,80,43089.12000000001,38250.0,4839.120000000012,5
4299,2485,85,345,0,345,315,20,10,75,75,0,75,395,40,22090.14,36550.0,-14459.859999999999,5
4300,2485,225,290,0,290,225,55,10,105,105,0,105,445,90,53136.540000000015,43775.0,9361.540000000014,5
4301,2485,190,285,0,285,265,0,20,90,90,0,90,450,120,77175.90000000001,40375.0,36800.90000000001,5
4302,2485,125,320,0,320,280,35,5,100,100,0,100,400,85,46738.70999999999,37825.0,8913.709999999992,5
4303,2485,135,290,0,290,270,10,10,95,95,0,95,400,70,43447.81500000001,36125.0,7322.81500000001,5
4304,2485,150,330,0,330,330,0,0,60,60,0,60,475,35,19206.9,40800.0,-21593.1,5
4305,2485,140,325,0,325,325,0,0,65,65,0,60,460,40,23553.090000000004,39525.0,-15971.909999999998,5
4306,2485,140,325,0,325,280,20,25,90,90,0,85,415,105,71875.14750000002,39525.0,32350.14750000002,5
4307,2485,130,330,0,330,280,45,5,90,90,0,90,405,85,58698.55687500001,39100.0,19598.556875000013,5
4308,2485,125,320,0,320,285,5,30,95,95,0,95,405,45,26070.840000000004,37825.0,-11754.159999999996,5
4309,2485,175,300,0,300,280,5,15,60,60,0,60,450,35,19688.760000000002,40375.0,-20686.239999999998,5
4310,2485,210,260,0,260,240,5,15,100,100,0,100,445,65,37010.340000000004,39950.0,-2939.6599999999944,5
4311,2485,125,330,0,330,295,35,0,80,80,0,80,415,50,27382.500000000004,38675.0,-11292.499999999996,5
4312,2485,155,320,0,320,290,20,10,75,75,0,75,440,55,27895.68,40375.0,-12479.319999999998,5
4313,2485,195,280,0,280,280,0,0,75,75,0,75,470,105,70106.67000000003,40375.0,29731.67000000002,5
4314,2485,120,350,0,350,310,30,10,55,55,0,55,425,100,69353.61187500003,39950.0,29403.611875000024,5
4315,2485,85,350,0,350,305,25,20,80,80,0,80,385,65,38028.15,36975.0,1053.1500000000005,5
4316,2485,175,310,0,310,310,0,0,70,70,0,70,480,100,69399.33750000002,41225.0,28174.33750000002,5
4317,2485,175,300,0,300,230,40,30,105,105,0,105,400,80,46139.220000000016,40375.0,5764.220000000014,5
4318,2485,140,320,0,320,320,0,0,75,75,0,75,455,45,25077.780000000002,39100.0,-14022.219999999998,5
4319,2485,140,305,0,305,305,0,0,80,80,0,80,440,80,47455.65000000001,37825.0,9630.650000000005,5
4320,2485,200,285,0,285,260,0,25,85,85,0,85,455,80,52646.04,41225.0,11421.040000000003,5
4321,2485,180,295,0,295,275,15,5,90,90,0,90,450,75,50052.262500000004,40375.0,9677.262500000006,5
4322,2485,100,375,0,375,260,75,40,80,80,0,80,355,60,31122.180000000004,40375.0,-9252.819999999996,5
4323,2485,170,275,0,275,265,0,10,90,90,0,90,430,85,53851.770000000004,37825.0,16026.770000000006,5
4324,2485,220,265,0,265,265,0,0,85,85,0,85,480,40,21819.059999999998,41225.0,-19405.940000000002,5
4325,2485,205,285,0,285,275,0,10,85,85,0,85,475,155,109347.62625,41650.0,67697.62625,5
4326,2485,200,280,0,280,260,5,15,125,125,0,125,455,110,66542.22000000002,40800.0,25742.220000000016,5
4327,2485,160,325,0,325,290,10,25,75,75,0,75,445,20,11458.26,41225.0,-29766.739999999998,5
4328,2485,190,260,0,260,250,0,10,95,95,0,90,435,95,56847.87000000001,38250.0,18597.87000000001,5
4329,2485,100,355,0,355,320,25,10,70,70,0,70,415,75,44417.880000000005,38675.0,5742.880000000005,5
4330,2485,190,290,0,290,280,0,10,90,90,0,90,465,90,66812.01749999999,40800.0,26012.017499999984,5
4331,2485,110,330,0,330,285,30,15,95,95,0,95,390,115,78426.18000000001,37400.0,41026.180000000015,5
4332,2485,150,295,0,295,295,0,0,95,95,0,95,440,110,73166.085,37825.0,35341.08500000001,5
4333,2485,185,315,0,315,275,10,30,95,95,0,95,455,60,39479.71500000001,42500.0,-3020.28499999999,5
4334,2485,215,290,0,290,290,0,0,80,80,0,80,500,60,34506.270000000004,42925.0,-8418.729999999996,5
4335,2485,100,340,0,340,305,20,15,80,80,0,80,400,80,50194.530000000006,37400.0,12794.530000000004,5
4336,2485,110,345,0,345,315,5,25,80,80,0,80,420,65,39137.94000000001,38675.0,462.94000000001233,5
4337,2485,180,295,0,295,290,5,0,90,90,0,90,465,85,57584.655,40375.0,17209.655000000002,5
4338,2485,145,315,0,315,315,0,0,65,65,0,65,455,20,9745.920000000002,39100.0,-29354.079999999998,5
4339,2485,140,310,0,310,300,10,0,95,95,0,95,435,90,51035.22000000001,38250.0,12785.220000000008,5
4340,2485,130,345,0,345,325,5,15,70,70,0,65,450,45,29973.690000000006,40375.0,-10401.309999999994,5
4341,2485,185,310,0,310,295,0,15,75,75,0,75,475,40,21667.140000000003,42075.0,-20407.859999999997,5
4342,2485,105,335,0,335,295,25,15,80,80,0,80,395,60,41553.675,37400.0,4153.675000000003,5
4343,2485,150,305,0,305,290,10,5,105,105,0,105,435,95,64252.170000000006,38675.0,25577.170000000006,5
4344,2485,90,335,0,335,300,20,15,80,80,0,80,385,55,33631.29,36125.0,-2493.7099999999964,5
4345,2485,115,350,0,350,305,5,40,75,75,0,75,415,60,38825.41500000001,39525.0,-699.5849999999928,5
4346,2485,120,325,0,325,295,10,20,70,70,0,70,410,50,30637.260000000006,37825.0,-7187.739999999994,5
4347,2485,85,340,0,340,250,50,40,80,80,0,80,330,65,37672.02000000001,36125.0,1547.0200000000114,5
4348,2485,210,260,0,260,250,0,10,90,90,0,90,455,100,65032.335000000014,39950.0,25082.335000000014,5
4349,2485,165,315,0,315,280,25,10,65,65,0,60,440,75,49770.54000000001,40800.0,8970.54000000001,5
4350,2485,125,305,0,305,290,10,5,90,90,0,90,410,75,44077.18500000001,36550.0,7527.185000000009,5
4351,2485,155,305,0,305,290,0,15,105,105,0,105,440,130,86264.28562500002,39100.0,47164.28562500001,5
4352,2485,215,295,0,295,285,0,10,60,60,0,60,495,85,59091.176250000004,43350.0,15741.176250000008,5
4353,2485,145,310,0,310,300,10,0,75,75,0,70,440,45,25421.760000000002,38675.0,-13253.239999999996,5
4354,2485,205,290,0,290,270,10,10,85,85,0,85,470,80,49179.33,42075.0,7104.33,5
4355,2485,185,290,0,290,280,10,0,80,80,0,80,460,80,60098.49140625002,40375.0,19723.491406250014,5
4356,2485,160,305,0,305,305,0,0,80,80,0,80,460,60,32518.26000000001,39525.0,-7006.739999999991,5
4357,2485,155,300,0,300,265,15,20,115,115,0,115,415,90,54564.07500000001,38675.0,15889.075000000012,5
4358,2485,175,335,0,335,330,0,5,65,65,0,60,500,40,24260.490000000005,43350.0,-19089.509999999995,5
4359,2485,170,285,0,285,270,15,0,105,105,0,105,435,115,74547.09,38675.0,35872.09,5
4360,2485,140,320,0,320,260,30,30,95,95,0,90,395,90,59054.203125000015,39100.0,19954.203125000015,5
4361,2485,180,290,0,290,280,5,5,85,85,0,85,455,60,38542.905,39950.0,-1407.0949999999993,5
4362,2485,140,285,0,285,265,5,15,85,85,0,85,400,80,50576.4225,36125.0,14451.422499999999,5
4363,2485,145,350,0,350,280,55,15,85,85,0,85,420,60,33781.86000000001,42075.0,-8293.139999999994,5
4364,2485,225,265,0,265,255,0,10,100,100,0,100,475,115,78934.696875,41650.0,37284.696875,5
4365,2485,150,285,0,285,255,20,10,105,105,0,105,400,135,91340.44875,36975.0,54365.448749999996,5
4366,2485,175,315,0,315,285,20,10,80,80,0,80,455,50,33376.005000000005,41650.0,-8273.994999999995,5
4367,2485,200,295,0,295,285,5,5,70,70,0,70,480,45,27595.08,42075.0,-14479.919999999998,5
4368,2485,180,305,0,305,275,10,20,85,85,0,85,450,45,24638.04,41225.0,-16586.96,5
4369,2485,165,285,0,285,285,0,0,105,105,0,105,445,75,42247.170000000006,38250.0,3997.1700000000055,5
4370,2485,135,325,0,325,295,5,25,70,70,0,70,425,40,21116.340000000004,39100.0,-17983.659999999996,5
4371,2485,150,320,0,320,305,15,0,80,80,0,80,450,60,34550.19,39950.0,-5399.809999999998,5
4372,2485,155,325,0,325,275,45,5,110,110,0,110,425,60,34997.04,40800.0,-5802.959999999998,5
4373,2485,135,305,0,305,290,15,0,75,75,0,75,420,70,43851.69000000001,37400.0,6451.690000000008,5
4374,2485,170,290,0,290,265,15,10,85,85,0,85,430,50,31700.610000000008,39100.0,-7399.389999999994,5
4375,2485,175,305,0,305,270,10,25,100,100,0,100,440,105,72131.81625,40800.0,31331.816250000003,5
4376,2485,125,345,0,345,275,30,40,75,75,0,75,395,55,36171.315,39950.0,-3778.6850000000004,5
4377,2485,180,325,0,325,270,20,35,95,95,0,95,445,90,54543.285,42925.0,11618.285000000005,5
4378,2485,120,315,0,315,290,0,25,95,95,0,95,405,75,48726.360000000015,36975.0,11751.360000000013,5
4379,2485,190,290,0,290,285,0,5,110,110,0,110,470,95,59280.79500000001,40800.0,18480.795000000016,5
4380,2485,170,290,0,290,260,20,10,100,100,0,95,425,55,28783.980000000007,39100.0,-10316.019999999993,5
4381,2485,115,335,0,335,295,25,15,110,110,0,110,405,110,67799.74500000001,38250.0,29549.74500000001,5
4382,2485,165,305,0,305,205,65,35,95,95,0,95,365,70,39611.16,39950.0,-338.8399999999956,5
4383,2485,180,285,0,285,265,15,5,90,90,0,85,440,45,23246.100000000002,39525.0,-16278.899999999998,5
4384,2485,125,315,0,315,305,10,0,95,95,0,95,425,75,43065.990000000005,37400.0,5665.990000000002,5
4385,2485,120,345,0,345,310,25,10,80,80,0,80,425,80,46652.58,39525.0,7127.579999999998,5
4386,2485,155,300,0,300,295,5,0,80,80,0,80,445,100,67305.31875,38675.0,28630.318750000006,5
4387,2485,200,275,0,275,265,0,10,75,75,0,75,460,75,47720.29500000001,40375.0,7345.295000000015,5
4388,2485,175,305,0,305,270,5,30,110,110,0,110,440,95,63319.88250000001,40800.0,22519.882500000003,5
4389,2485,185,305,0,305,280,20,5,105,105,0,105,460,65,40904.75250000001,41650.0,-745.2474999999913,5
4390,2485,190,295,0,295,265,25,5,80,80,0,80,450,125,83916.40500000001,41225.0,42691.40500000001,5
4391,2485,160,315,0,315,310,0,5,65,65,0,65,465,85,58250.7675,40375.0,17875.7675,5
4392,2485,160,315,0,315,280,20,15,90,90,0,90,435,75,42465.60000000001,40375.0,2090.600000000013,5
4393,2485,125,330,0,330,315,5,10,85,85,0,80,435,55,38896.88625000001,38675.0,221.88625000000684,5
4394,2485,175,290,0,290,280,5,5,80,80,0,80,450,80,49858.13250000001,39525.0,10333.13250000001,5
4395,2485,180,305,0,305,285,0,20,70,70,0,70,460,80,56214.82125000001,41225.0,14989.821250000005,5
4396,2485,140,330,0,330,315,0,15,60,60,0,60,450,40,21027.420000000006,39950.0,-18922.579999999994,5
4397,2485,175,300,0,300,300,0,0,70,70,0,70,470,45,25663.320000000007,40375.0,-14711.679999999993,5
4398,2485,155,320,0,320,295,0,25,70,70,0,70,445,60,36228.19500000001,40375.0,-4146.804999999995,5
4399,2485,190,280,0,280,280,0,0,105,105,0,105,465,55,29542.860000000004,39950.0,-10407.139999999996,5
4400,2485,130,340,0,340,285,45,10,85,85,0,85,410,50,28289.07,39950.0,-11660.929999999998,5
4401,2485,105,340,0,340,280,30,30,80,80,0,80,380,50,27217.980000000003,37825.0,-10607.019999999997,5
4402,2485,120,325,0,325,255,50,20,115,115,0,115,370,115,71120.16000000002,37825.0,33295.16000000002,5
4403,2485,115,355,0,355,315,30,10,80,80,0,80,425,65,37391.04,39950.0,-2558.960000000002,5
4404,2485,140,320,0,320,315,0,5,80,80,0,75,450,60,37809.90000000001,39100.0,-1290.099999999993,5
4405,2485,175,305,0,305,285,15,5,75,75,0,75,455,85,53301.105000000025,40800.0,12501.105000000025,5
4406,2485,95,325,0,325,245,55,25,85,85,0,85,335,75,45722.880000000005,35700.0,10022.880000000005,5
4407,2485,165,310,0,310,270,15,25,70,70,0,70,430,60,33842.52,40375.0,-6532.4800000000005,5
4408,2485,225,260,0,260,255,5,0,90,90,0,90,475,45,26771.579999999998,41225.0,-14453.420000000002,5
4409,2485,135,320,0,320,265,35,20,105,105,0,105,395,100,64786.86000000001,38675.0,26111.860000000008,5
4410,2485,110,355,0,355,350,0,5,75,75,0,75,455,70,43659.72000000001,39525.0,4134.720000000007,5
4411,2485,170,315,0,315,275,5,35,90,90,0,90,440,55,31125.600000000006,41225.0,-10099.399999999996,5
4412,2485,135,325,0,325,280,40,5,80,80,0,80,410,75,46995.39000000001,39100.0,7895.390000000007,5
4413,2485,135,325,0,325,255,65,5,125,125,0,125,385,75,41508.72,39100.0,2408.720000000003,5
4414,2485,130,350,0,350,280,25,45,100,100,0,100,405,110,68570.595,40800.0,27770.595,5
4415,2485,155,330,0,330,255,45,30,105,105,0,105,405,110,68489.14500000002,41225.0,27264.14500000002,5
4416,2485,180,305,0,305,300,0,5,65,65,0,65,475,30,20655.585,41225.0,-20569.415,5
4417,2485,185,285,0,285,270,10,5,100,100,0,100,450,110,79969.85296875,39950.0,40019.85296874999,5
4418,2485,195,295,0,295,280,0,15,100,100,0,95,470,40,20457.720000000005,41650.0,-21192.279999999995,5
4419,2485,145,315,0,315,225,85,5,130,130,0,130,365,115,70088.535,39100.0,30988.53500000001,5
4420,2485,130,315,0,315,295,0,20,90,90,0,85,420,95,68694.78937500002,37825.0,30869.78937500002,5
4421,2485,130,315,0,315,280,30,5,105,105,0,105,405,60,32250.78,37825.0,-5574.22,5
4422,2485,180,290,0,290,250,35,5,100,100,0,100,425,60,36245.655,39950.0,-3704.345000000003,5
4423,2485,120,315,0,315,255,20,40,100,100,0,100,370,120,79729.65000000002,36975.0,42754.65000000003,5
4424,2485,165,310,0,310,260,10,40,85,85,0,80,420,45,29575.620000000003,40375.0,-10799.379999999997,5
4425,2485,130,300,0,300,245,50,5,110,110,0,110,370,115,80878.21875,36550.0,44328.21875000001,5
4426,2485,170,310,0,310,305,0,5,90,90,0,90,470,95,57713.71500000002,40800.0,16913.71500000002,5
4427,2485,120,320,0,320,310,5,5,80,80,0,80,425,65,38387.79000000001,37400.0,987.7900000000045,5
4428,2485,155,310,0,310,300,10,0,70,70,0,70,450,55,30019.320000000007,39525.0,-9505.679999999993,5
4429,2485,140,315,0,315,300,15,0,75,75,0,75,435,75,47334.172500000015,38675.0,8659.172500000013,5
4430,2485,165,320,0,320,310,5,5,70,70,0,70,470,60,38314.845,41225.0,-2910.1549999999997,5
4431,2485,185,295,0,295,255,15,25,110,110,0,110,435,75,41538.60000000001,40800.0,738.6000000000149,5
4432,2485,110,325,0,325,305,5,15,60,60,0,60,410,60,41000.58000000001,36975.0,4025.580000000009,5
4433,2485,225,240,0,240,225,5,10,115,115,0,115,445,75,46557.494999999995,39525.0,7032.494999999999,5
4434,2485,145,310,0,310,255,35,20,90,90,0,90,395,105,69941.46375,38675.0,31266.463750000003,5
4435,2485,230,275,0,275,275,0,0,75,75,0,75,500,55,33512.175,42925.0,-9412.824999999993,5
4436,2485,170,300,0,300,295,0,5,100,100,0,95,460,25,15563.16,39950.0,-24386.840000000004,5
4437,2485,165,275,0,275,265,10,0,95,95,0,95,425,55,36719.73,37400.0,-680.2699999999959,5
4438,2485,220,270,0,270,235,5,30,90,90,0,90,450,65,39571.515,41650.0,-2078.4850000000006,5
4439,2485,135,295,0,295,260,20,15,105,105,0,105,390,75,40010.4,36550.0,3460.3999999999996,5
4440,2485,230,265,0,265,265,0,0,80,80,0,80,490,55,35141.94,42075.0,-6933.059999999996,5
4441,2485,170,300,0,300,290,0,10,60,60,0,60,455,60,39977.05500000001,39950.0,27.055000000009386,5
4442,2485,145,280,0,280,245,30,5,115,115,0,115,385,110,66462.57,36125.0,30337.570000000014,5
4443,2485,105,345,0,345,335,0,10,45,45,0,45,435,40,24826.95,38250.0,-13423.05,5
4444,2485,75,355,0,355,335,15,5,60,60,0,60,405,30,21061.485,36550.0,-15488.514999999998,5
4445,2485,175,285,0,285,265,0,20,90,90,0,90,435,75,46220.40000000001,39100.0,7120.400000000009,5
4446,2485,105,310,0,310,295,5,10,95,95,0,95,395,55,33488.46000000001,35275.0,-1786.5399999999954,5
4447,2485,150,295,0,295,280,15,0,105,105,0,105,425,100,62481.296250000014,37825.0,24656.296250000014,5
4448,2485,160,300,0,300,250,20,30,95,95,0,95,405,115,74686.5675,39100.0,35586.56750000001,5
4449,2485,190,285,0,285,175,100,10,130,130,0,130,360,125,82930.50000000001,40375.0,42555.500000000015,5
4450,2485,105,330,0,330,295,10,25,95,95,0,95,395,90,56967.615000000005,36975.0,19992.615000000005,5
4451,2485,145,295,0,295,280,5,10,125,125,0,125,420,80,44209.08,37400.0,6809.080000000004,5
4452,2485,145,320,0,320,240,65,15,105,105,0,105,380,55,30183.300000000003,39525.0,-9341.699999999997,5
4453,2485,125,335,0,335,325,5,5,65,65,0,65,445,55,30519.36,39100.0,-8580.64,5
4454,2485,170,315,0,315,300,0,15,70,70,0,70,465,80,48407.76000000001,41225.0,7182.7600000000075,5
4455,2485,130,285,0,285,240,40,5,110,110,0,110,365,130,86292.45000000003,35275.0,51017.450000000026,5
4456,2485,190,320,0,320,235,55,30,115,115,0,110,420,75,41330.16,43350.0,-2019.8399999999947,5
4457,2485,165,315,0,315,265,20,30,100,100,0,95,425,40,20754.899999999998,40800.0,-20045.100000000002,5
4458,2485,155,315,0,315,270,5,40,75,75,0,75,420,65,38449.71000000001,39950.0,-1500.2899999999909,5
4459,2485,70,370,0,370,300,40,30,65,65,0,65,365,55,35949.10500000001,37400.0,-1450.8949999999913,5
4460,2485,185,295,0,295,295,0,0,75,75,0,75,475,45,27218.790000000005,40800.0,-13581.209999999995,5
4461,2485,150,310,0,310,265,45,0,105,105,0,105,410,75,43213.86,39100.0,4113.860000000004,5
4462,2485,110,345,0,345,320,5,20,75,75,0,75,425,60,38764.755000000005,38675.0,89.75500000000466,5
4463,2485,150,310,0,310,275,5,30,100,100,0,100,420,60,35301.33,39100.0,-3798.6699999999973,5
4464,2485,210,290,0,290,285,0,5,75,75,0,75,490,75,48443.985,42500.0,5943.985000000002,5
4465,2485,135,285,0,285,275,0,10,80,80,0,80,405,65,41644.17000000001,35700.0,5944.170000000013,5
4466,2485,100,330,0,330,315,0,15,60,60,0,60,410,50,28153.620000000006,36550.0,-8396.379999999994,5
4467,2485,185,300,0,300,300,0,0,95,95,0,95,480,45,25232.579999999998,41225.0,-15992.420000000002,5
4468,2485,190,265,0,265,255,0,10,110,110,0,105,440,120,78314.265,38675.0,39639.26500000001,5
4469,2485,140,320,0,320,310,0,10,80,80,0,80,445,45,23746.14,39100.0,-15353.86,5
4470,2485,155,305,0,305,305,0,0,80,80,0,80,455,40,26076.600000000002,39100.0,-13023.399999999998,5
4471,2485,135,335,0,335,275,35,25,75,75,0,75,405,80,45948.78,39950.0,5998.779999999997,5
4472,2485,125,320,0,320,260,55,5,110,110,0,110,380,85,55683.0225,37825.0,17858.0225,5
4473,2485,125,320,0,320,295,25,0,75,75,0,75,415,100,67120.695,37825.0,29295.695000000007,5
4474,2485,190,305,0,305,260,45,0,85,85,0,85,445,90,60247.125,42075.0,18172.124999999996,5
4475,2485,150,320,0,320,280,35,5,95,95,0,95,425,70,40832.28000000002,39950.0,882.2800000000188,5
4476,2485,160,305,0,305,270,20,15,80,80,0,80,425,120,83796.57,39525.0,44271.57000000001,5
4477,2485,140,305,0,305,305,0,0,80,80,0,80,440,65,45361.62,37825.0,7536.620000000003,5
4478,2485,160,335,0,335,275,45,15,95,95,0,95,430,55,31042.800000000007,42075.0,-11032.199999999993,5
4479,2485,170,290,0,290,255,20,15,120,120,0,115,420,85,49556.25000000001,39100.0,10456.25000000001,5
4480,2485,130,310,0,310,300,0,10,65,65,0,65,425,65,41602.229999999996,37400.0,4202.23,5
4481,2485,180,285,0,285,285,0,0,80,80,0,80,460,35,18386.820000000003,39525.0,-21138.179999999997,5
4482,2485,180,290,0,290,275,5,10,95,95,0,95,450,80,52412.445000000014,39950.0,12462.445000000016,5
4483,2485,190,295,0,295,285,0,10,95,95,0,90,470,85,48966.390000000014,41225.0,7741.39000000001,5
4484,2485,130,325,0,325,265,40,20,90,90,0,90,390,105,72569.63250000002,38675.0,33894.63250000002,5
4485,2485,215,285,0,285,250,25,10,75,75,0,75,460,110,73439.70750000002,42500.0,30939.70750000001,5
4486,2485,165,300,0,300,290,10,0,105,105,0,100,450,45,22643.640000000007,39525.0,-16881.359999999993,5
4487,2485,240,285,0,285,275,5,5,80,80,0,80,510,55,33473.52,44625.0,-11151.480000000001,5
4488,2485,185,270,0,270,230,30,10,115,115,0,115,410,105,68743.10250000002,38675.0,30068.102500000023,5
4489,2485,100,325,0,325,275,25,25,90,90,0,90,370,130,90458.19000000002,36125.0,54333.19000000002,5
4490,2485,155,315,0,315,240,50,25,80,80,0,80,390,70,41732.73,39950.0,1782.7300000000014,5
4491,2485,170,290,0,290,275,0,15,95,95,0,95,440,95,66440.40750000002,39100.0,27340.40750000001,5
4492,2485,165,325,0,325,290,10,25,80,80,0,80,450,45,25901.640000000003,41650.0,-15748.359999999997,5
4493,2485,115,345,0,345,270,45,30,110,110,0,110,380,65,32247.360000000008,39100.0,-6852.639999999992,5
4494,2485,115,340,0,340,325,15,0,75,75,0,75,435,45,24770.340000000004,38675.0,-13904.659999999994,5
4495,2485,170,310,0,310,300,0,10,85,85,0,80,465,80,49073.985000000015,40800.0,8273.985000000011,5
4496,2485,135,330,0,330,320,5,5,85,85,0,85,450,90,57770.55000000001,39525.0,18245.55000000001,5
4497,2485,150,310,0,310,310,0,0,90,90,0,90,455,90,63961.6725,39100.0,24861.672500000004,5
4498,2485,105,330,0,330,265,50,15,95,95,0,95,365,65,41900.67,36975.0,4925.67,5
4499,2485,120,325,0,325,280,30,15,100,100,0,100,395,60,31324.860000000004,37825.0,-6500.139999999997,5
4500,2485,155,320,0,320,265,40,15,90,90,0,90,415,70,40424.67,40375.0,49.67000000000098,5
4501,2485,120,345,0,345,290,30,25,100,100,0,100,405,85,52278.030000000006,39525.0,12753.030000000008,5
4502,2485,185,290,0,290,280,10,0,110,110,0,110,460,95,57384.225000000006,40375.0,17009.225000000006,5
4503,2485,180,295,0,295,235,50,10,135,135,0,130,410,90,50133.6,40375.0,9758.599999999997,5
4504,2485,80,365,0,365,315,20,30,65,65,0,65,390,45,26387.640000000007,37825.0,-11437.359999999993,5
4505,2485,100,330,0,330,325,0,5,70,70,0,70,420,65,41002.83,36550.0,4452.830000000004,5
4506,2485,130,305,0,305,295,10,0,80,80,0,80,420,85,53599.545000000006,36975.0,16624.545000000006,5
4507,2485,180,310,0,310,270,20,20,100,100,0,100,445,75,45162.2925,41650.0,3512.292500000003,5
4508,2485,205,305,0,305,260,30,15,90,90,0,90,460,55,31825.71,43350.0,-11524.29,5
4509,2485,160,295,0,295,225,55,15,120,120,0,115,380,90,61345.72125,38675.0,22670.721250000006,5
4510,2485,140,305,0,305,270,25,10,95,95,0,95,405,75,47094.32250000001,37825.0,9269.322500000007,5
4511,2485,150,325,0,325,250,45,30,75,75,0,70,395,85,57723.23250000001,40375.0,17348.232500000013,5
4512,2485,155,290,0,290,275,15,0,75,75,0,75,425,100,70667.87625,37825.0,32842.87625,5
4513,2485,95,345,0,345,315,15,15,70,70,0,70,405,50,32340.015000000003,37400.0,-5059.984999999997,5
4514,2485,145,305,0,305,265,25,15,105,105,0,100,405,65,37230.66,38250.0,-1019.3399999999929,5
4515,2485,135,320,0,320,270,45,5,95,95,0,95,400,80,48155.40000000001,38675.0,9480.400000000009,5
4516,2485,215,285,0,285,285,0,0,95,95,0,95,495,70,39424.5,42500.0,-3075.500000000002,5
4517,2485,215,285,0,285,240,5,40,110,110,0,105,450,105,65084.64750000002,42500.0,22584.64750000002,5
4518,2485,205,295,0,295,290,0,5,95,95,0,95,490,100,69301.0125,42500.0,26801.012499999997,5
4519,2485,210,300,0,300,280,0,20,75,75,0,75,485,75,50788.665,43350.0,7438.665000000001,5
4520,2485,175,305,0,305,260,25,20,100,100,0,100,430,90,54878.985000000015,40800.0,14078.985000000011,5
4521,2485,100,355,0,355,300,15,40,70,70,0,65,395,55,33603.93000000001,38675.0,-5071.069999999995,5
4522,2485,145,295,0,295,245,25,25,110,110,0,110,385,110,69829.22250000002,37400.0,32429.222500000014,5
4523,2485,180,310,0,310,280,0,30,85,85,0,80,455,40,20864.700000000004,41650.0,-20785.299999999996,5
4524,2485,235,245,0,245,240,5,0,110,110,0,110,470,110,69626.7,40800.0,28826.7,5
4525,2485,150,310,0,310,245,45,20,105,105,0,105,390,100,66677.35500000001,39100.0,27577.355000000007,5
4526,2485,120,365,0,365,320,45,0,70,70,0,70,435,45,24390.72,41225.0,-16834.28,5
4527,2485,140,295,0,295,275,10,10,90,90,0,90,410,125,101738.008125,36975.0,64763.00812499999,5
4528,2485,210,270,0,270,230,25,15,90,90,0,90,435,95,65269.92937500003,40800.0,24469.92937500003,5
4529,2485,105,340,0,340,315,25,0,65,65,0,65,415,45,30092.175000000003,37825.0,-7732.824999999998,5
4530,2485,175,295,0,295,280,0,15,75,75,0,70,450,35,19611.9,39950.0,-20338.1,5
4531,2485,185,275,0,275,250,0,25,85,85,0,85,430,70,41975.82000000001,39100.0,2875.8200000000033,5
4532,2485,110,300,0,300,285,15,0,90,90,0,90,390,65,39300.21000000001,34850.0,4450.210000000006,5
4533,2485,135,295,0,295,285,5,5,60,60,0,60,415,85,55720.3275,36550.0,19170.327500000003,5
4534,2485,155,315,0,315,285,10,20,65,65,0,65,435,45,27849.870000000003,39950.0,-12100.13,5
4535,2485,135,295,0,295,295,0,0,90,90,0,90,425,75,42951.69000000001,36550.0,6401.690000000008,5
4536,2485,190,280,0,280,265,15,0,105,105,0,105,450,70,43213.7025,39950.0,3263.7024999999994,5
4537,2485,110,335,0,335,295,25,15,100,100,0,100,400,95,58975.02000000001,37825.0,21150.02000000001,5
4538,2485,120,340,0,340,275,60,5,90,90,0,85,390,110,79091.6540625,39100.0,39991.654062500005,5
4539,2485,145,295,0,295,280,5,10,90,90,0,85,420,65,35303.04000000001,37400.0,-2096.95999999999,5
4540,2485,155,300,0,300,275,10,15,95,95,0,95,425,95,62344.203750000015,38675.0,23669.203750000015,5
4541,2485,120,310,0,310,275,10,25,110,110,0,110,390,55,30069.0,36550.0,-6480.999999999999,5
4542,2485,105,330,0,330,320,5,5,90,90,0,90,420,75,52212.55500000001,36975.0,15237.555000000011,5
4543,2485,145,305,0,305,260,35,10,100,100,0,100,400,75,46149.43500000001,38250.0,7899.435000000012,5
4544,2485,130,330,0,330,255,50,25,115,115,0,115,380,50,33098.1975,39100.0,-6001.802499999999,5
4545,2485,135,310,0,310,260,20,30,110,110,0,110,390,110,68859.27000000002,37825.0,31034.270000000026,5
4546,2485,105,335,0,335,305,15,15,65,65,0,65,405,65,43699.34250000001,37400.0,6299.342500000012,5
4547,2485,115,360,0,360,290,65,5,70,70,0,65,400,60,37403.55000000001,40375.0,-2971.4499999999907,5
4548,2485,135,330,0,330,300,20,10,70,70,0,70,430,80,56755.3275,39525.0,17230.327500000003,5
4549,2485,135,310,0,310,270,35,5,115,115,0,110,400,105,63027.53999999999,37825.0,25202.53999999999,5
4550,2485,140,285,0,285,275,5,5,100,100,0,95,410,100,72581.9765625,36125.0,36456.9765625,5
4551,2485,130,310,0,310,310,0,0,95,95,0,95,435,105,68176.30500000002,37400.0,30776.30500000003,5
4552,2485,135,325,0,325,325,0,0,70,70,0,70,455,50,26134.74,39100.0,-12965.259999999998,5
4553,2485,120,305,0,305,245,30,30,120,120,0,115,360,115,66807.76500000001,36125.0,30682.765000000018,5
4554,2485,130,310,0,310,295,0,15,80,80,0,80,420,100,64783.935,37400.0,27383.935,5
4555,2485,135,315,0,315,300,0,15,60,60,0,60,430,55,31495.050000000003,38250.0,-6754.949999999999,5
4556,2485,130,330,0,330,290,35,5,90,90,0,90,415,85,51688.84500000001,39100.0,12588.84500000001,5
4557,2485,145,315,0,315,270,35,10,70,70,0,70,410,85,55274.130000000005,39100.0,16174.130000000005,5
4558,2485,110,310,0,310,270,35,5,95,95,0,90,375,180,134886.98214843756,35700.0,99186.98214843754,5
4559,2485,140,300,0,300,280,0,20,85,85,0,80,415,45,25857.360000000004,37400.0,-11542.639999999996,5
4560,2485,200,325,0,325,280,15,30,70,70,0,70,475,45,24827.760000000002,44625.0,-19797.239999999998,5
4561,2485,130,325,0,325,315,0,10,80,80,0,80,440,65,41730.48000000001,38675.0,3055.480000000007,5
4562,2485,170,290,0,290,255,20,15,125,125,0,125,420,90,50600.7,39100.0,11500.699999999997,5
4563,2485,180,285,0,285,285,0,0,90,90,0,90,460,50,29348.55,39525.0,-10176.45,5
4564,2485,140,310,0,310,300,0,10,65,65,0,65,435,65,43019.7525,38250.0,4769.752500000004,5
4565,2485,100,360,0,360,320,15,25,90,90,0,85,415,75,44026.11000000001,39100.0,4926.110000000008,5
4566,2485,125,305,0,305,230,55,20,120,120,0,115,350,130,85576.64625000003,36550.0,49026.646250000034,5
4567,2485,125,340,0,340,285,50,5,80,80,0,80,405,65,40003.155000000006,39525.0,478.1550000000061,5
4568,2485,175,280,0,280,280,0,0,100,100,0,100,450,145,98555.40562500001,38675.0,59880.40562500002,5
4569,2485,135,340,0,340,310,0,30,75,75,0,75,440,35,18741.24,40375.0,-21633.76,5
4570,2485,140,325,0,325,295,25,5,80,80,0,80,430,90,55104.61500000001,39525.0,15579.615000000013,5
4571,2485,105,340,0,340,270,45,25,100,100,0,100,370,85,49139.640000000014,37825.0,11314.640000000018,5
4572,2485,165,300,0,300,280,5,15,125,125,0,120,440,140,92732.41687500004,39525.0,53207.41687500004,5
4573,2485,105,345,0,345,245,70,30,100,100,0,100,345,105,73287.2475,38250.0,35037.247500000005,5
4574,2485,150,300,0,300,295,0,5,100,100,0,95,440,80,48960.765000000014,38250.0,10710.76500000001,5
4575,2485,155,290,0,290,240,35,15,105,105,0,105,390,100,66640.05,37825.0,28815.050000000003,5
4576,2485,135,325,0,325,300,25,0,80,80,0,80,430,65,43483.995,39100.0,4383.995000000004,5
4577,2485,165,280,0,280,255,20,5,90,90,0,90,415,120,79616.61000000002,37825.0,41791.61000000001,5
4578,2485,85,350,0,350,275,45,30,80,80,0,80,355,90,71801.57355468751,36975.0,34826.5735546875,5
4579,2485,85,350,0,350,335,10,5,65,65,0,65,415,45,27119.160000000007,36975.0,-9855.839999999993,5
4580,2485,150,310,0,310,295,0,15,65,65,0,65,440,100,70230.39187500002,39100.0,31130.391875000016,5
4581,2485,140,335,0,335,315,0,20,70,70,0,70,450,85,54486.95625000002,40375.0,14111.956250000021,5
4582,2485,170,315,0,315,310,0,5,85,85,0,85,475,35,18890.82,41225.0,-22334.179999999997,5
4583,2485,155,280,0,280,245,15,20,105,105,0,105,395,155,109334.18250000002,36975.0,72359.18250000002,5
4584,2485,220,275,0,275,275,0,0,80,80,0,80,490,95,57011.76000000001,42075.0,14936.760000000013,5
4585,2485,125,320,0,320,305,5,10,85,85,0,85,425,90,62968.072499999995,37825.0,25143.0725,5
4586,2485,135,300,0,300,250,35,15,100,100,0,100,380,130,86614.4925,36975.0,49639.49249999999,5
4587,2485,160,290,0,290,280,10,0,100,100,0,100,435,120,88113.459375,38250.0,49863.459375000006,5
4588,2485,200,300,0,300,280,10,10,90,90,0,90,475,65,36617.22000000001,42500.0,-5882.779999999993,5
4589,2485,135,315,0,315,290,20,5,70,70,0,70,420,60,35700.57000000001,38250.0,-2549.429999999993,5
4590,2485,90,340,0,340,275,40,25,85,85,0,85,360,45,24423.30000000001,36550.0,-12126.699999999992,5
4591,2485,165,295,0,295,285,10,0,100,100,0,100,445,80,44117.46000000001,39100.0,5017.46000000001,5
4592,2485,150,300,0,300,285,10,5,115,115,0,115,430,115,75296.70000000001,38250.0,37046.70000000001,5
4593,2485,85,345,0,345,275,40,30,85,85,0,80,355,45,29558.115,36550.0,-6991.8849999999975,5
4594,2485,115,340,0,340,280,15,45,90,90,0,90,390,65,37612.170000000006,38675.0,-1062.8299999999945,5
4595,2485,145,305,0,305,285,10,10,100,100,0,95,425,120,74603.43000000001,38250.0,36353.43000000001,5
4596,2485,115,325,0,325,280,30,15,105,105,0,105,390,70,38417.94,37400.0,1017.9400000000032,5
4597,2485,130,345,0,345,300,40,5,70,70,0,65,425,40,23552.730000000003,40375.0,-16822.269999999997,5
4598,2485,155,325,0,325,310,15,0,75,75,0,75,460,50,29385.09000000001,40800.0,-11414.90999999999,5
4599,2485,145,320,0,320,315,0,5,80,80,0,75,455,40,21362.22,39525.0,-18162.78,5
4600,2485,195,300,0,300,280,0,20,105,105,0,100,470,40,25133.04,42075.0,-16941.96,5
4601,2485,145,305,0,305,270,10,25,75,75,0,75,410,85,54260.91,38250.0,16010.910000000003,5
4602,2485,140,335,0,335,260,35,40,85,85,0,85,395,60,38732.22,40375.0,-1642.779999999998,5
4603,2485,180,255,0,255,235,10,10,125,125,0,125,410,130,82851.615,36975.0,45876.615000000005,5
4604,2485,125,330,0,330,310,15,5,110,110,0,105,430,120,74248.92000000001,38675.0,35573.920000000006,5
4605,2485,180,280,0,280,260,10,10,90,90,0,90,435,95,62852.310000000005,39100.0,23752.310000000005,5
4606,2485,195,320,0,320,310,0,10,65,65,0,65,500,45,27372.510000000006,43775.0,-16402.489999999994,5
4607,2485,205,265,0,265,240,25,0,105,105,0,100,440,85,54505.21500000001,39950.0,14555.215000000007,5
4608,2485,175,295,0,295,290,0,5,85,85,0,85,460,65,37272.96000000001,39950.0,-2677.0399999999927,5
4609,2485,150,300,0,300,295,5,0,75,75,0,75,440,70,49636.27125,38250.0,11386.27125,5
4610,2485,185,310,0,310,295,5,10,80,80,0,75,475,25,12819.24,42075.0,-29255.760000000002,5
4611,2485,120,315,0,315,290,10,15,80,80,0,80,405,75,48060.832500000004,36975.0,11085.832500000006,5
4612,2485,155,335,0,335,330,5,0,50,50,0,50,480,20,9757.440000000002,41650.0,-31892.559999999998,5
4613,2485,150,330,0,330,300,25,5,60,60,0,60,445,20,10445.400000000001,40800.0,-30354.6,5
4614,2485,215,270,0,270,235,30,5,120,120,0,120,445,85,53814.03750000001,41225.0,12589.037500000013,5
4615,2485,130,325,0,325,320,0,5,85,85,0,85,445,35,20544.210000000003,38675.0,-18130.789999999997,5
4616,2485,110,340,0,340,315,10,15,80,80,0,80,420,60,35686.62000000001,38250.0,-2563.3799999999883,5
4617,2485,175,285,0,285,280,0,5,85,85,0,85,450,125,91060.80750000001,39100.0,51960.80750000001,5
4618,2485,160,300,0,300,295,5,0,110,110,0,110,450,95,58169.34000000002,39100.0,19069.34000000002,5
4619,2485,185,325,0,325,290,30,5,85,85,0,85,470,60,35303.850000000006,43350.0,-8046.149999999998,5
4620,2485,150,320,0,320,310,0,10,80,80,0,75,455,55,29018.699999999997,39950.0,-10931.300000000001,5
4621,2485,245,260,0,260,255,0,5,85,85,0,80,495,50,32608.440000000002,42925.0,-10316.56,5
4622,2485,130,330,0,330,315,0,15,55,55,0,55,440,105,75677.2875,39100.0,36577.28750000001,5
4623,2485,160,310,0,310,305,0,5,65,65,0,65,460,45,26823.420000000002,39950.0,-13126.579999999998,5
4624,2485,170,320,0,320,305,5,10,105,105,0,105,470,75,43177.23000000001,41650.0,1527.2300000000087,5
4625,2485,115,315,0,315,300,10,5,70,70,0,70,410,90,59706.523125000014,36550.0,23156.523125000014,5
4626,2485,105,310,0,310,280,30,0,90,90,0,90,380,90,61876.37250000001,35275.0,26601.372500000016,5
4627,2485,175,305,0,305,255,20,30,120,120,0,120,425,80,49315.770000000004,40800.0,8515.770000000002,5
4628,2485,140,330,0,330,275,40,15,90,90,0,90,410,40,20984.760000000002,39950.0,-18965.239999999998,5
4629,2485,165,320,0,320,320,0,0,70,70,0,70,480,40,23180.040000000005,41225.0,-18044.959999999995,5
4630,2485,135,320,0,320,295,20,5,95,95,0,95,425,90,63254.47500000002,38675.0,24579.47500000002,5
4631,2485,130,285,0,285,240,35,10,105,105,0,105,365,135,90678.53250000002,35275.0,55403.532500000016,5
4632,2485,195,280,0,280,265,15,0,90,90,0,90,455,60,34399.44,40375.0,-5975.559999999996,5
4633,2485,145,320,0,320,280,20,20,85,85,0,85,420,90,56677.635,39525.0,17152.635000000002,5
4634,2485,115,355,0,355,235,105,15,110,110,0,110,345,75,41223.060000000005,39950.0,1273.060000000005,5
4635,2485,210,285,0,285,280,0,5,80,80,0,80,485,45,25545.600000000006,42075.0,-16529.399999999994,5
4636,2485,125,330,0,330,315,0,15,70,70,0,70,435,65,38926.350000000006,38675.0,251.35000000000218,5
4637,2485,200,295,0,295,295,0,0,90,90,0,90,490,70,50215.370625,42075.0,8140.370625000005,5
4638,2485,120,340,0,340,300,30,10,60,60,0,60,415,15,7375.320000000001,39100.0,-31724.68,5
4639,2485,155,300,0,300,255,30,15,100,100,0,100,405,90,55243.44000000001,38675.0,16568.44000000001,5
4640,2485,165,300,0,300,215,65,20,130,130,0,130,375,105,72009.66937500003,39525.0,32484.66937500003,5
4641,2485,145,300,0,300,275,25,0,100,100,0,100,415,100,57027.42000000002,37825.0,19202.42000000002,5
4642,2485,180,270,0,270,250,10,10,110,110,0,110,425,55,29596.86000000001,38250.0,-8653.139999999989,5
4643,2485,230,290,0,290,285,0,5,55,55,0,55,510,35,17476.560000000005,44200.0,-26723.439999999995,5
4644,2485,110,350,0,350,315,0,35,85,85,0,80,420,65,39675.69,39100.0,575.6899999999996,5
4645,2485,110,325,0,325,280,25,20,80,80,0,75,385,85,57126.645,36975.0,20151.644999999997,5
4646,2485,120,325,0,325,275,50,0,70,70,0,70,390,100,69791.22,37825.0,31966.22,5
4647,2485,200,305,0,305,275,15,15,90,90,0,90,470,105,73564.86374999999,42925.0,30639.863749999997,5
4648,2485,140,300,0,300,295,0,5,90,90,0,90,430,50,30818.610000000004,37400.0,-6581.389999999997,5
4649,2485,160,300,0,300,245,35,20,105,105,0,105,400,100,56998.71,39100.0,17898.71,5
4650,2485,130,320,0,320,270,25,25,120,120,0,120,395,85,46045.44000000001,38250.0,7795.440000000008,5
4651,2485,150,315,0,315,315,0,0,65,65,0,65,460,25,12950.640000000001,39525.0,-26574.359999999997,5
4652,2485,130,310,0,310,290,0,20,95,95,0,90,415,45,27098.37000000001,37400.0,-10301.62999999999,5
4653,2485,130,350,0,350,350,0,0,75,75,0,75,475,55,29413.980000000003,40800.0,-11386.019999999999,5
4654,2485,200,280,0,280,280,0,0,95,95,0,95,475,90,50900.490000000005,40800.0,10100.490000000009,5
4655,2485,160,305,0,305,270,5,30,100,100,0,95,425,65,39657.78,39525.0,132.77999999999793,5
4656,2485,140,285,0,285,275,10,0,115,115,0,115,410,95,55106.820000000014,36125.0,18981.820000000014,5
4657,2485,175,290,0,290,285,0,5,75,75,0,75,455,80,53339.31000000001,39525.0,13814.310000000014,5
4658,2485,135,320,0,320,290,25,5,85,85,0,85,420,70,40379.49,38675.0,1704.4900000000007,5
4659,2485,80,340,0,340,310,20,10,70,70,0,70,385,80,52745.850000000006,35700.0,17045.85000000001,5
4660,2485,100,330,0,330,285,40,5,90,90,0,90,380,90,54879.03000000002,36550.0,18329.03000000002,5
4661,2485,160,290,0,290,275,10,5,95,95,0,95,430,55,35119.35,38250.0,-3130.6500000000005,5
4662,2485,115,310,0,310,265,35,10,105,105,0,105,375,65,43688.14875000001,36125.0,7563.148750000009,5
4663,2485,150,330,0,330,305,0,25,70,70,0,70,450,55,31268.700000000008,40800.0,-9531.299999999992,5
4664,2485,90,350,0,350,310,20,20,85,85,0,85,395,50,26692.019999999997,37400.0,-10707.980000000003,5
4665,2485,155,280,0,280,280,0,0,95,95,0,90,430,50,25604.82,36975.0,-11370.18,5
4666,2485,205,285,0,285,255,15,15,105,105,0,105,455,95,62273.92500000002,41650.0,20623.925000000017,5
4667,2485,245,280,0,280,255,20,5,80,80,0,80,495,90,59265.31499999999,44625.0,14640.314999999991,5
4668,2485,190,305,0,305,300,0,5,85,85,0,85,485,75,49236.075,42075.0,7161.075000000001,5
4669,2485,150,300,0,300,285,0,15,80,80,0,80,430,110,70397.19,38250.0,32147.190000000002,5
4670,2485,215,310,0,310,300,0,10,55,55,0,55,510,15,7945.920000000002,44625.0,-36679.08,5
4671,2485,155,310,0,310,250,50,10,115,115,0,115,400,85,54840.55500000001,39525.0,15315.555000000004,5
4672,2485,175,270,0,270,265,5,0,90,90,0,90,435,90,55336.97249999999,37825.0,17511.972499999993,5
4673,2485,160,295,0,295,290,0,5,100,100,0,100,445,75,45748.30500000001,38675.0,7073.305000000009,5
4674,2485,190,300,0,300,300,0,0,60,60,0,60,485,55,31904.910000000003,41650.0,-9745.089999999997,5
4675,2485,190,295,0,295,250,30,15,105,105,0,105,435,115,73125.54,41225.0,31900.539999999994,5
4676,2485,130,295,0,295,270,10,15,85,85,0,85,395,70,41083.560000000005,36125.0,4958.560000000007,5
4677,2485,155,340,0,340,330,0,10,60,60,0,60,480,30,17318.880000000005,42075.0,-24756.119999999995,5
4678,2485,165,315,0,315,275,25,15,75,75,0,75,435,65,38135.16,40800.0,-2664.8399999999947,5
4679,2485,215,275,0,275,230,20,25,95,95,0,95,440,110,75881.94750000001,41650.0,34231.94750000001,5
4680,2485,200,300,0,300,280,15,5,85,85,0,80,475,60,36635.490000000005,42500.0,-5864.509999999996,5
4681,2485,180,315,0,315,290,5,20,70,70,0,70,465,70,40147.83000000001,42075.0,-1927.169999999992,5
4682,2485,255,235,0,235,225,5,5,125,125,0,125,475,120,79462.45125000003,41650.0,37812.45125000002,5
4683,2485,145,310,0,310,295,0,15,70,70,0,65,435,75,48187.59750000001,38675.0,9512.59750000001,5
4684,2485,155,330,0,330,305,0,25,95,95,0,90,455,85,50047.73999999999,41225.0,8822.739999999994,5
4685,2485,115,310,0,310,310,0,0,80,80,0,80,420,105,74120.1496875,36125.0,37995.1496875,5
4686,2485,225,295,0,295,265,0,30,70,70,0,70,485,80,53558.01,44200.0,9358.010000000004,5
4687,2485,140,320,0,320,300,0,20,70,70,0,70,435,70,38171.16,39100.0,-928.8399999999956,5
4688,2485,110,335,0,335,310,0,25,75,75,0,75,415,35,18965.340000000004,37825.0,-18859.659999999996,5
4689,2485,165,300,0,300,290,10,0,90,90,0,90,450,85,54729.04500000001,39525.0,15204.045000000015,5
4690,2485,170,300,0,300,255,35,10,120,120,0,120,420,55,30973.320000000007,39950.0,-8976.679999999993,5
4691,2485,155,300,0,300,255,45,0,95,95,0,95,405,115,73423.53,38675.0,34748.53,5
4692,2485,155,315,0,315,285,0,30,85,85,0,80,435,45,25991.190000000006,39950.0,-13958.809999999994,5
4693,2485,210,285,0,285,265,0,20,100,100,0,100,470,50,27489.06000000001,42075.0,-14585.939999999991,5
4694,2485,195,315,0,315,260,55,0,100,100,0,100,450,55,29413.620000000003,43350.0,-13936.38,5
4695,2485,105,325,0,325,290,20,15,95,95,0,90,390,90,66266.80875000001,36550.0,29716.80875000001,5
4696,2485,140,265,0,265,250,10,5,115,115,0,115,385,110,77250.82500000001,34425.0,42825.82500000001,5
4697,2485,180,285,0,285,260,25,0,110,110,0,110,435,50,28449.360000000008,39525.0,-11075.639999999994,5
4698,2485,195,285,0,285,260,20,5,115,115,0,115,450,115,72773.64,40800.0,31973.640000000007,5
4699,2485,230,275,0,275,275,0,0,90,90,0,90,500,115,72489.2175,42925.0,29564.217500000006,5
4700,2485,115,325,0,325,295,20,10,105,105,0,105,405,80,45820.17,37400.0,8420.169999999998,5
4701,2485,180,310,0,310,280,15,15,55,55,0,55,455,50,33320.745,41650.0,-8329.254999999997,5
4702,2485,115,350,0,350,335,0,15,65,65,0,65,445,10,5311.800000000001,39525.0,-34213.2,5
4703,2485,115,325,0,325,315,0,10,55,55,0,55,425,50,31751.910000000007,37400.0,-5648.089999999993,5
4704,2485,140,300,0,300,285,15,0,70,70,0,70,420,100,69006.14015625001,37400.0,31606.140156250003,5
4705,2485,210,275,0,275,235,35,5,110,110,0,105,440,60,31337.46,41225.0,-9887.539999999999,5
4706,2485,115,325,0,325,305,5,15,75,75,0,75,415,25,12467.880000000003,37400.0,-24932.119999999995,5
4707,2485,195,265,0,265,260,0,5,85,85,0,85,450,80,55883.171250000014,39100.0,16783.171250000014,5
4708,2485,150,290,0,290,285,5,0,115,115,0,115,430,65,41803.695,37400.0,4403.694999999998,5
4709,2485,155,315,0,315,300,10,5,70,70,0,70,450,70,40106.61,39950.0,156.61000000000058,5
4710,2485,165,280,0,280,275,0,5,95,95,0,90,435,100,62191.17000000001,37825.0,24366.170000000013,5
4711,2485,105,355,0,355,300,20,35,90,90,0,90,400,65,37242.36000000001,39100.0,-1857.6399999999921,5
4712,2485,165,300,0,300,255,25,20,105,105,0,105,415,110,67442.76000000001,39525.0,27917.760000000017,5
4713,2485,145,310,0,310,305,0,5,70,70,0,65,445,65,44054.718750000015,38675.0,5379.718750000011,5
4714,2485,135,335,0,335,300,30,5,80,80,0,80,430,65,34407.18,39950.0,-5542.819999999997,5
4715,2485,90,370,0,370,340,20,10,60,60,0,60,425,45,29383.335000000006,39100.0,-9716.664999999994,5
4716,2485,190,300,0,300,290,0,10,80,80,0,80,475,65,40424.04000000001,41650.0,-1225.9599999999955,5
4717,2485,190,290,0,290,285,0,5,110,110,0,110,470,115,78651.51750000002,40800.0,37851.51750000001,5
4718,2485,165,310,0,310,305,0,5,95,95,0,95,465,60,33158.16,40375.0,-7216.839999999997,5
4719,2485,205,295,0,295,265,30,0,80,80,0,80,465,55,30493.980000000007,42500.0,-12006.019999999993,5
4720,2485,145,320,0,320,290,10,20,75,75,0,75,430,50,28009.08,39525.0,-11515.919999999996,5
4721,2485,175,290,0,290,280,5,5,60,60,0,60,450,35,23142.33,39525.0,-16382.669999999998,5
4722,2485,165,295,0,295,265,25,5,115,115,0,115,425,100,63532.84500000001,39100.0,24432.84500000001,5
4723,2485,180,275,0,275,240,15,20,125,125,0,120,415,135,96556.955625,38675.0,57881.95562500001,5
4724,2485,170,290,0,290,275,0,15,95,95,0,95,440,95,57459.69,39100.0,18359.690000000002,5
4725,2485,120,320,0,320,305,10,5,100,100,0,100,420,85,45062.64,37400.0,7662.640000000001,5
4726,2485,230,275,0,275,260,0,15,90,90,0,90,485,75,57639.36656250001,42925.0,14714.366562500009,5
4727,2485,135,285,0,285,210,50,25,105,105,0,105,340,95,58451.580000000016,35700.0,22751.580000000013,5
4728,2485,170,290,0,290,250,5,35,110,110,0,110,415,80,49598.23499999999,39100.0,10498.234999999995,5
4729,2485,155,300,0,300,275,5,20,120,120,0,120,425,105,64989.49500000001,38675.0,26314.495000000006,5
4730,2485,180,280,0,280,280,0,0,95,95,0,95,455,75,43759.44000000002,39100.0,4659.440000000013,5
4731,2485,180,300,0,300,260,20,20,100,100,0,100,435,115,71965.17000000001,40800.0,31165.170000000006,5
4732,2485,210,270,0,270,265,0,5,100,100,0,100,470,55,28774.980000000003,40800.0,-12025.019999999995,5
4733,2485,160,315,0,315,285,10,20,65,65,0,65,440,35,20237.4,40375.0,-20137.6,5
4734,2485,110,330,0,330,325,0,5,85,85,0,85,430,65,36433.26000000001,37400.0,-966.7399999999907,5
4735,2485,135,315,0,315,300,5,10,75,75,0,75,430,60,37496.3625,38250.0,-753.6374999999953,5
4736,2485,105,375,0,375,345,5,25,70,70,0,65,445,30,16309.259999999998,40800.0,-24490.74,5
4737,2485,180,315,0,315,295,10,10,90,90,0,90,470,45,26120.61,42075.0,-15954.39,5
4738,2485,125,325,0,325,295,10,20,65,65,0,65,415,50,26574.300000000003,38250.0,-11675.699999999997,5
4739,2485,140,320,0,320,310,0,10,95,95,0,95,445,95,54863.460000000014,39100.0,15763.460000000014,5
4740,2485,185,295,0,295,290,5,0,70,70,0,70,470,80,51023.49750000001,40800.0,10223.497500000012,5
4741,2485,230,265,0,265,260,0,5,90,90,0,90,485,75,46431.630000000005,42075.0,4356.630000000005,5
4742,2485,65,390,0,390,315,40,35,65,65,0,60,375,60,32370.660000000007,38675.0,-6304.339999999993,5
4743,2485,135,325,0,325,320,0,5,60,60,0,60,450,75,50580.5175,39100.0,11480.517500000005,5
4744,2485,165,300,0,300,280,20,0,95,95,0,95,440,75,46282.95,39525.0,6757.950000000001,5
4745,2485,220,260,0,260,245,5,10,100,100,0,100,460,85,49893.93,40800.0,9093.93,5
4746,2485,170,315,0,315,265,25,25,90,90,0,85,430,70,40890.42,41225.0,-334.58000000000084,5
4747,2485,200,280,0,280,280,0,0,85,85,0,85,475,50,29605.769999999997,40800.0,-11194.230000000003,5
4748,2485,205,270,0,270,260,10,0,100,100,0,100,460,105,70547.08500000002,40375.0,30172.085000000025,5
4749,2485,170,315,0,315,305,10,0,65,65,0,65,470,45,25374.420000000006,41225.0,-15850.579999999994,5
4750,2485,130,320,0,320,315,0,5,80,80,0,80,440,90,54225.36000000001,38250.0,15975.36000000001,5
4751,2485,165,285,0,285,285,0,0,100,100,0,100,445,140,101511.77343750003,38250.0,63261.77343750003,5
4752,2485,185,290,0,290,265,0,25,95,95,0,95,445,60,34627.86,40375.0,-5747.139999999999,5
4753,2485,145,320,0,320,320,0,0,85,85,0,80,460,50,26883.18,39525.0,-12641.819999999998,5
4754,2485,125,330,0,330,315,5,10,80,80,0,80,435,50,28316.52,38675.0,-10358.48,5
4755,2485,190,315,0,315,305,0,10,70,70,0,70,490,50,31213.89000000001,42925.0,-11711.10999999999,5
4756,2485,200,290,0,290,280,5,5,100,100,0,100,475,75,41062.68,41650.0,-587.3199999999997,5
4757,2485,180,320,0,320,285,10,25,85,85,0,85,460,70,45526.274999999994,42500.0,3026.274999999996,5
4758,2485,110,325,0,325,295,30,0,100,100,0,100,400,85,51550.020000000004,36975.0,14575.020000000004,5
4759,2485,195,275,0,275,260,0,15,85,85,0,85,450,75,41645.340000000004,39950.0,1695.3400000000056,5
4760,2485,110,330,0,330,285,40,5,100,100,0,100,390,95,61992.23625,37400.0,24592.236250000005,5
4761,2485,145,325,0,325,315,0,10,90,90,0,90,455,30,15540.840000000004,39950.0,-24409.159999999996,5
4762,2485,150,325,0,325,285,40,0,100,100,0,100,430,65,36335.16,40375.0,-4039.8399999999992,5
4763,2485,85,360,0,360,275,60,25,80,80,0,80,355,50,29962.620000000003,37825.0,-7862.379999999998,5
4764,2485,160,340,0,340,260,75,5,85,85,0,85,415,65,43772.062500000015,42500.0,1272.062500000011,5
4765,2485,200,300,0,300,280,15,5,80,80,0,80,475,65,41206.725000000006,42500.0,-1293.2749999999942,5
4766,2485,115,330,0,330,305,0,25,90,90,0,90,415,65,39263.850000000006,37825.0,1438.8500000000067,5
4767,2485,210,295,0,295,285,5,5,85,85,0,85,490,60,33914.16000000001,42925.0,-9010.83999999999,5
4768,2485,100,365,0,365,315,40,10,65,65,0,65,410,35,17038.800000000003,39525.0,-22486.199999999997,5
4769,2485,185,295,0,295,275,0,20,105,105,0,100,455,55,31659.210000000003,40800.0,-9140.789999999997,5
4770,2485,150,310,0,310,295,10,5,100,100,0,100,440,45,24038.100000000006,39100.0,-15061.899999999996,5
4771,2485,225,290,0,290,285,0,5,80,80,0,80,505,70,37978.560000000005,43775.0,-5796.439999999993,5
4772,2485,120,340,0,340,295,40,5,75,75,0,75,410,95,67668.16078125002,39100.0,28568.160781250008,5
4773,2485,155,315,0,315,280,20,15,90,90,0,90,430,95,54134.28000000001,39950.0,14184.280000000017,5
4774,2485,175,290,0,290,265,0,25,100,100,0,100,435,95,58344.345000000016,39525.0,18819.345000000012,5
4775,2485,130,355,0,355,270,80,5,100,100,0,95,395,65,34662.060000000005,41225.0,-6562.939999999994,5
4776,2485,120,315,0,315,285,25,5,100,100,0,100,400,90,54202.365,36975.0,17227.364999999998,5
4777,2485,180,285,0,285,275,0,10,100,100,0,100,450,110,74419.04250000001,39525.0,34894.04250000001,5
4778,2485,195,285,0,285,275,0,10,80,80,0,80,465,105,77477.4028125,40800.0,36677.402812500004,5
4779,2485,160,280,0,280,265,5,10,100,100,0,100,420,80,45546.03000000001,37400.0,8146.03000000001,5
4780,2485,215,280,0,280,245,20,15,140,140,0,140,455,100,58360.32000000002,42075.0,16285.32000000002,5
4781,2485,150,285,0,285,285,0,0,100,100,0,100,430,70,39611.7,36975.0,2636.7000000000007,5
4782,2485,160,290,0,290,275,15,0,110,110,0,105,430,160,123326.45156250002,38250.0,85076.45156250002,5
4783,2485,230,285,0,285,255,10,20,100,100,0,100,480,80,46871.325000000004,43775.0,3096.325000000006,5
4784,2485,130,330,0,330,290,35,5,80,80,0,80,415,70,44294.310000000005,39100.0,5194.310000000005,5
4785,2485,135,340,0,340,305,10,25,70,70,0,70,435,60,35959.409999999996,40375.0,-4415.590000000002,5
4786,2485,150,305,0,305,260,25,20,100,100,0,100,405,75,47195.46000000001,38675.0,8520.460000000003,5
4787,2485,190,295,0,295,240,50,5,85,85,0,85,425,60,38105.55,41225.0,-3119.449999999997,5
4788,2485,165,320,0,320,275,20,25,95,95,0,95,435,80,49691.812500000015,41225.0,8466.812500000015,5
4789,2485,155,300,0,300,280,20,0,90,90,0,90,430,80,47131.965,38675.0,8456.965,5
4790,2485,210,280,0,280,255,5,20,95,95,0,95,460,110,75571.284375,41650.0,33921.284375,5
4791,2485,195,320,0,320,270,30,20,85,85,0,85,460,65,39619.170000000006,43775.0,-4155.829999999992,5
4792,2485,150,295,0,295,290,5,0,100,100,0,95,435,75,42883.38,37825.0,5058.379999999997,5
4793,2485,170,290,0,290,265,0,25,95,95,0,95,430,55,37362.33000000001,39100.0,-1737.6699999999937,5
4794,2485,155,310,0,310,290,15,5,100,100,0,100,440,50,25654.680000000008,39525.0,-13870.319999999992,5
4795,2485,130,310,0,310,270,15,25,75,75,0,75,395,70,48170.27250000001,37400.0,10770.27250000001,5
4796,2485,180,310,0,310,290,0,20,70,70,0,70,465,70,41984.64000000001,41650.0,334.6400000000085,5
4797,2485,150,315,0,315,255,35,25,85,85,0,85,400,90,55514.20500000001,39525.0,15989.20500000001,5
4798,2485,155,295,0,295,260,15,20,110,110,0,105,410,60,36855.450000000004,38250.0,-1394.5499999999947,5
4799,2485,190,300,0,300,240,45,15,120,120,0,120,425,80,46420.740000000005,41650.0,4770.740000000005,5
4800,2485,105,325,0,325,290,20,15,80,80,0,80,390,65,44287.85250000001,36550.0,7737.852500000008,5
4801,2485,145,300,0,300,285,15,0,80,80,0,80,425,70,43856.55,37825.0,6031.550000000007,5
4802,2485,150,290,0,290,285,0,5,90,90,0,90,430,70,45956.452500000014,37400.0,8556.452500000014,5
4803,2485,155,310,0,310,275,30,5,85,85,0,80,425,95,62231.445000000014,39525.0,22706.445000000014,5
4804,2485,230,255,0,255,240,15,0,110,110,0,105,465,110,68238.85500000001,41225.0,27013.85500000001,5
4805,2485,145,295,0,295,275,10,10,100,100,0,100,415,75,46347.390000000014,37400.0,8947.390000000014,5
4806,2485,210,270,0,270,250,10,10,85,85,0,85,455,95,66497.58000000003,40800.0,25697.580000000024,5
4807,2485,105,340,0,340,290,25,25,75,75,0,75,390,80,51312.645000000004,37825.0,13487.645000000002,5
4808,2485,115,320,0,320,295,25,0,60,60,0,60,405,60,36799.83,36975.0,-175.16999999999825,5
4809,2485,155,310,0,310,265,25,20,105,105,0,105,415,145,103589.64562500005,39525.0,64064.64562500005,5
4810,2485,105,340,0,340,300,20,20,75,75,0,75,400,85,56386.125000000015,37825.0,18561.12500000001,5
4811,2485,155,310,0,310,270,20,20,105,105,0,105,420,65,36909.090000000004,39525.0,-2615.9099999999944,5
4812,2485,130,325,0,325,305,5,15,80,80,0,80,430,70,44079.48,38675.0,5404.480000000003,5
4813,2485,170,305,0,305,305,0,0,70,70,0,70,470,50,29874.510000000006,40375.0,-10500.489999999994,5
4814,2485,185,265,0,265,235,10,20,110,110,0,110,415,105,67739.98500000002,38250.0,29489.985000000015,5
4815,2485,150,300,0,300,245,30,25,110,110,0,110,390,95,59013.495,38250.0,20763.495000000003,5
4816,2485,170,270,0,270,255,10,5,100,100,0,100,420,105,66659.04000000002,37400.0,29259.040000000023,5
4817,2485,150,310,0,310,310,0,0,90,90,0,90,455,70,43601.40000000001,39100.0,4501.400000000012,5
4818,2485,165,255,0,255,210,25,20,110,110,0,110,370,140,111270.97146972656,35700.0,75570.97146972656,5
4819,2485,125,320,0,320,300,10,10,90,90,0,85,420,100,65913.64875,37825.0,28088.648749999993,5
4820,2485,205,285,0,285,280,0,5,90,90,0,90,480,25,14016.060000000001,41650.0,-27633.94,5
4821,2485,160,280,0,280,250,20,10,105,105,0,105,405,90,56147.89499999999,37400.0,18747.89499999999,5
4822,2485,115,330,0,330,315,0,15,90,90,0,90,425,70,41322.15,37825.0,3497.1500000000015,5
4823,2485,130,300,0,300,290,0,10,85,85,0,85,415,105,75363.12000000001,36550.0,38813.12000000001,5
4824,2485,140,310,0,310,295,15,0,90,90,0,90,430,95,66285.56250000001,38250.0,28035.562500000015,5
4825,2485,135,310,0,310,245,40,25,95,95,0,90,375,85,52869.37500000001,37825.0,15044.37500000001,5
4826,2485,210,260,0,260,225,10,25,125,125,0,125,430,115,70855.83,39950.0,30905.830000000005,5
4827,2485,180,300,0,300,300,0,0,95,95,0,95,475,105,68834.27250000002,40800.0,28034.272500000025,5
4828,2485,200,315,0,315,295,0,20,80,80,0,80,490,25,13761.180000000002,43775.0,-30013.819999999996,5
4829,2485,195,290,0,290,240,25,25,100,100,0,100,430,60,34302.42,41225.0,-6922.579999999998,5
4830,2485,140,310,0,310,245,50,15,115,115,0,115,380,105,68532.48000000001,38250.0,30282.480000000014,5
4831,2485,195,310,0,310,265,5,40,85,85,0,85,455,45,26675.82,42925.0,-16249.18,5
4832,2485,110,315,0,315,295,10,10,105,105,0,100,400,80,55542.07125000001,36125.0,19417.071250000008,5
4833,2485,155,280,0,280,275,0,5,115,115,0,115,425,130,87827.40562500001,36975.0,50852.405625000014,5
4834,2485,125,320,0,320,290,15,15,90,90,0,90,410,75,40968.360000000015,37825.0,3143.3600000000115,5
4835,2485,245,285,0,285,260,0,25,75,75,0,75,500,65,37500.21,45050.0,-7549.789999999998,5
4836,2485,210,295,0,295,295,0,0,90,90,0,90,500,55,28689.300000000003,42925.0,-14235.699999999997,5
4837,2485,175,300,0,300,295,0,5,70,70,0,70,465,50,31426.065000000002,40375.0,-8948.934999999998,5
4838,2485,195,285,0,285,260,25,0,70,70,0,70,450,65,37734.93000000001,40800.0,-3065.0699999999915,5
4839,2485,120,310,0,310,260,20,30,95,95,0,95,375,140,97084.62000000001,36550.0,60534.62000000001,5
4840,2485,180,315,0,315,300,15,0,55,55,0,55,475,55,33268.31999999999,42075.0,-8806.680000000006,5
4841,2485,115,325,0,325,270,30,25,80,80,0,75,380,70,44287.717500000006,37400.0,6887.717500000008,5
4842,2485,160,325,0,325,300,20,5,85,85,0,85,455,65,40806.36,41225.0,-418.6399999999958,5
4843,2485,100,325,0,325,305,15,5,75,75,0,75,400,70,43478.50500000001,36125.0,7353.505000000014,5
4844,2485,155,310,0,310,285,5,20,95,95,0,95,435,60,33662.340000000004,39525.0,-5862.659999999996,5
4845,2485,170,300,0,300,270,5,25,90,90,0,90,435,80,49039.69500000001,39950.0,9089.69500000001,5
4846,2485,150,300,0,300,300,0,0,75,75,0,75,445,80,51912.76500000001,38250.0,13662.765000000009,5
4847,2485,200,300,0,300,280,0,20,105,105,0,105,475,80,47807.46000000002,42500.0,5307.460000000019,5
4848,2485,275,290,0,290,285,0,5,60,60,0,60,555,45,25987.14,48025.0,-22037.86,5
4849,2485,130,325,0,325,290,35,0,65,65,0,60,415,75,47579.354999999996,38675.0,8904.354999999996,5
4850,2485,185,290,0,290,255,30,5,90,90,0,90,435,45,24857.640000000007,40375.0,-15517.359999999993,5
4851,2485,145,280,0,280,275,0,5,115,115,0,115,415,90,58624.13249999999,36125.0,22499.132499999996,5
4852,2485,160,305,0,305,255,20,30,90,90,0,90,410,75,46926.270000000004,39525.0,7401.270000000004,5
4853,2485,160,310,0,310,290,15,5,100,100,0,100,445,85,50449.32000000001,39950.0,10499.320000000007,5
4854,2485,170,295,0,295,280,15,0,80,80,0,80,445,70,47825.100000000006,39525.0,8300.100000000002,5
4855,2485,110,350,0,350,260,80,10,95,95,0,95,365,65,45444.26250000001,39100.0,6344.2625000000135,5
4856,2485,125,330,0,330,285,30,15,80,80,0,80,405,85,52328.74500000001,38675.0,13653.745000000008,5
4857,2485,170,330,0,330,295,15,20,95,95,0,95,460,65,36997.74000000002,42500.0,-5502.259999999983,5
4858,2485,140,330,0,330,285,45,0,95,95,0,95,420,70,43285.5,39950.0,3335.500000000002,5
4859,2485,115,325,0,325,270,20,35,100,100,0,100,380,75,44670.51,37400.0,7270.510000000004,5
4860,2485,165,275,0,275,235,25,15,120,120,0,115,395,90,59006.28375,37400.0,21606.283750000002,5
4861,2485,155,325,0,325,315,0,10,75,75,0,75,465,55,30858.75,40800.0,-9941.25,5
4862,2485,155,310,0,310,275,15,20,70,70,0,70,425,90,61503.99750000001,39525.0,21978.997500000012,5
4863,2485,140,320,0,320,285,35,0,105,105,0,105,420,60,31059.9,39100.0,-8040.099999999998,5
4864,2485,120,320,0,320,300,5,15,100,100,0,95,415,65,39280.05,37400.0,1880.050000000001,5
4865,2485,170,310,0,310,310,0,0,55,55,0,55,475,70,43615.89000000001,40800.0,2815.8900000000085,5
4866,2485,220,265,0,265,255,5,5,90,90,0,90,470,110,80849.99812500001,41225.0,39624.99812500001,5
4867,2485,130,315,0,315,275,35,5,90,90,0,85,400,55,31762.170000000006,37825.0,-6062.8299999999945,5
4868,2485,225,270,0,270,270,0,0,75,75,0,75,490,45,22907.520000000004,42075.0,-19167.479999999996,5
4869,2485,180,290,0,290,250,30,10,130,130,0,125,425,105,62419.77,39950.0,22469.769999999997,5
4870,2485,220,275,0,275,260,0,15,85,85,0,80,475,75,53766.90000000001,42075.0,11691.900000000005,5
4871,2485,190,290,0,290,230,40,20,105,105,0,100,415,55,31190.76000000001,40800.0,-9609.23999999999,5
4872,2485,130,320,0,320,270,25,25,80,80,0,80,395,55,34835.22,38250.0,-3414.779999999996,5
4873,2485,100,335,0,335,300,30,5,75,75,0,75,395,50,26321.940000000002,36975.0,-10653.059999999996,5
4874,2485,95,360,0,360,310,40,10,80,80,0,80,400,65,37897.560000000005,38675.0,-777.4399999999969,5
4875,2485,180,300,0,300,290,5,5,100,100,0,95,465,80,50405.67000000001,40800.0,9605.67000000001,5
4876,2485,195,280,0,280,275,5,0,90,90,0,90,465,110,75499.38,40375.0,35124.38000000001,5
4877,2485,110,325,0,325,295,25,5,75,75,0,75,400,90,63422.92125,36975.0,26447.92125,5
4878,2485,180,320,0,320,300,20,0,50,50,0,50,475,25,13850.820000000002,42500.0,-28649.179999999997,5
4879,2485,190,290,0,290,260,25,5,90,90,0,90,445,90,57630.217500000006,40800.0,16830.217500000006,5
4880,2485,225,285,0,285,260,0,25,85,85,0,80,480,90,56505.825,43350.0,13155.824999999995,5
4881,2485,140,335,0,335,315,10,10,80,80,0,80,450,70,44965.89,40375.0,4590.889999999999,5
4882,2485,115,310,0,310,290,5,15,80,80,0,80,400,60,37266.435000000005,36125.0,1141.4350000000059,5
4883,2485,105,335,0,335,305,20,10,80,80,0,80,405,50,26758.260000000002,37400.0,-10641.74,5
4884,2485,155,315,0,315,280,0,35,85,85,0,85,430,75,42003.18,39950.0,2053.180000000002,5
4885,2485,105,340,0,340,290,40,10,90,90,0,90,390,60,33382.08,37825.0,-4442.919999999999,5
4886,2485,105,325,0,325,300,5,20,80,80,0,75,400,80,50792.49,36550.0,14242.489999999998,5
4887,2485,125,320,0,320,310,10,0,70,70,0,70,430,50,26998.920000000002,37825.0,-10826.079999999998,5
4888,2485,150,300,0,300,295,0,5,85,85,0,85,440,65,36108.72,38250.0,-2141.279999999997,5
4889,2485,220,275,0,275,250,0,25,85,85,0,85,465,100,60433.020000000004,42075.0,18358.020000000004,5
4890,2485,210,275,0,275,270,0,5,115,115,0,115,475,95,53273.880000000005,41225.0,12048.880000000008,5
4891,2485,230,260,0,260,255,0,5,105,105,0,105,480,110,73825.85250000001,41650.0,32175.852500000008,5
4892,2485,195,300,0,300,300,0,0,105,105,0,105,490,70,45439.85250000001,42075.0,3364.8525000000063,5
4893,2485,135,300,0,300,285,10,5,75,75,0,75,415,60,38727.0,36975.0,1752.0000000000027,5
4894,2485,225,285,0,285,285,0,0,75,75,0,75,505,80,46347.750000000015,43350.0,2997.7500000000146,5
4895,2485,170,325,0,325,290,30,5,65,65,0,65,455,55,34103.07,42075.0,-7971.929999999998,5
4896,2485,150,335,0,335,245,90,0,100,100,0,100,390,70,40411.350000000006,41225.0,-813.6499999999978,5
4897,2485,175,335,0,335,280,15,40,70,70,0,70,450,55,32640.750000000004,43350.0,-10709.249999999996,5
4898,2485,220,285,0,285,280,0,5,70,70,0,70,495,110,79153.93125000002,42925.0,36228.93125000002,5
4899,2485,185,270,0,270,250,5,15,120,120,0,120,430,115,71569.73250000001,38675.0,32894.73250000001,5
4900,2485,100,350,0,350,310,25,15,95,95,0,95,405,65,36778.5,38250.0,-1471.4999999999964,5
4901,2485,190,290,0,290,265,10,15,65,65,0,65,450,100,66405.51000000001,40800.0,25605.510000000013,5
4902,2485,130,320,0,320,300,5,15,90,90,0,90,425,45,26260.200000000004,38250.0,-11989.799999999996,5
4903,2485,205,260,0,260,245,0,15,125,125,0,125,445,160,114344.70539062504,39525.0,74819.70539062504,5
4904,2485,145,295,0,295,270,25,0,115,115,0,115,410,110,65498.085,37400.0,28098.085,5
4905,2485,110,325,0,325,320,5,0,55,55,0,55,425,60,42746.310000000005,36975.0,5771.310000000003,5
4906,2485,140,305,0,305,260,45,0,95,95,0,95,395,105,66646.485,37825.0,28821.485,5
4907,2485,125,335,0,335,280,30,25,85,85,0,85,400,65,42069.28500000001,39100.0,2969.285000000009,5
4908,2485,225,300,0,300,285,0,15,70,70,0,70,505,30,15189.480000000001,44625.0,-29435.519999999997,5
4909,2485,150,315,0,315,265,25,25,100,100,0,100,410,60,34481.43000000001,39525.0,-5043.569999999991,5
4910,2485,195,305,0,305,280,20,5,95,95,0,95,470,65,35318.340000000004,42500.0,-7181.659999999997,5
4911,2485,125,315,0,315,220,70,25,115,115,0,115,340,65,35845.200000000004,37400.0,-1554.7999999999956,5
4912,2485,125,345,0,345,275,60,10,95,95,0,95,395,45,22828.680000000004,39950.0,-17121.319999999996,5
4913,2485,115,320,0,320,300,0,20,75,75,0,75,410,85,55705.275,36975.0,18730.275,5
4914,2485,195,300,0,300,265,30,5,90,90,0,90,455,60,32903.280000000006,42075.0,-9171.719999999996,5
4915,2485,170,300,0,300,280,0,20,95,95,0,95,445,45,23162.4,39950.0,-16787.6,5
4916,2485,155,280,0,280,260,5,15,100,100,0,100,410,55,32949.90000000001,36975.0,-4025.099999999993,5
4917,2485,170,320,0,320,305,5,10,80,80,0,80,470,105,75264.1875,41650.0,33614.18750000001,5
4918,2485,135,340,0,340,245,65,30,85,85,0,85,375,80,54248.08500000002,40375.0,13873.08500000002,5
4919,2485,100,340,0,340,290,30,20,95,95,0,90,385,75,48662.3925,37400.0,11262.392500000005,5
4920,2485,165,265,0,265,255,10,0,115,115,0,115,415,90,56283.165,36550.0,19733.165,5
4921,2485,100,335,0,335,305,10,20,95,95,0,95,400,70,40941.72,36975.0,3966.7200000000003,5
4922,2485,150,325,0,325,280,40,5,100,100,0,100,425,80,50589.6075,40375.0,10214.607500000002,5
4923,2485,100,330,0,330,330,0,0,65,65,0,65,425,85,54909.00000000001,36550.0,18359.000000000007,5
4924,2485,215,295,0,295,295,0,0,70,70,0,70,505,55,33502.275,43350.0,-9847.724999999995,5
4925,2485,200,310,0,310,265,40,5,90,90,0,90,460,70,43259.174999999996,43350.0,-90.82500000000437,5
4926,2485,140,305,0,305,265,0,40,70,70,0,70,400,70,52073.39250000001,37825.0,14248.392500000009,5
4927,2485,190,300,0,300,250,20,30,120,120,0,115,435,100,58843.17000000001,41650.0,17193.17000000001,5
4928,2485,90,330,0,330,315,10,5,60,60,0,60,400,50,33741.72,35700.0,-1958.2799999999997,5
4929,2485,105,370,0,370,295,40,35,85,85,0,85,395,65,39035.61,40375.0,-1339.3899999999985,5
4930,2485,165,295,0,295,275,0,20,100,100,0,95,435,110,68648.175,39100.0,29548.175000000003,5
4931,2485,105,340,0,340,330,5,5,60,60,0,60,430,55,35637.12000000001,37825.0,-2187.879999999991,5
4932,2485,145,305,0,305,285,5,15,85,85,0,85,425,60,42587.240625000006,38250.0,4337.240625000004,5
4933,2485,110,325,0,325,295,15,15,100,100,0,100,400,60,36200.97000000001,36975.0,-774.0299999999888,5
4934,2485,110,310,0,310,280,10,20,90,90,0,90,385,85,51125.58000000001,35700.0,15425.580000000009,5
4935,2485,115,320,0,320,300,5,15,80,80,0,80,410,40,23941.170000000002,36975.0,-13033.829999999998,5
4936,2485,115,335,0,335,270,20,45,85,85,0,85,380,85,53843.37750000002,38250.0,15593.377500000015,5
4937,2485,135,325,0,325,320,0,5,65,65,0,65,450,60,36598.229999999996,39100.0,-2501.7700000000013,5
4938,2485,185,280,0,280,265,10,5,95,95,0,95,445,80,48910.99500000001,39525.0,9385.995000000012,5
4939,2485,180,320,0,320,295,10,15,95,95,0,95,470,50,27186.660000000003,42500.0,-15313.339999999998,5
4940,2485,150,330,0,330,285,25,20,65,65,0,65,430,50,36523.31625,40800.0,-4276.683749999997,5
4941,2485,175,300,0,300,290,0,10,80,80,0,75,460,80,47987.82000000001,40375.0,7612.820000000011,5
4942,2485,125,310,0,310,285,20,5,80,80,0,80,405,75,50929.380000000005,36975.0,13954.380000000001,5
4943,2485,115,325,0,325,310,5,10,75,75,0,75,420,40,23615.460000000003,37400.0,-13784.539999999997,5
4944,2485,115,330,0,330,300,15,15,95,95,0,95,410,75,44128.53,37825.0,6303.530000000001,5
4945,2485,215,295,0,295,265,5,25,90,90,0,90,475,30,15058.080000000002,43350.0,-28291.92,5
4946,2485,185,310,0,310,305,0,5,70,70,0,70,485,70,42182.347499999996,42075.0,107.34749999999622,5
4947,2485,240,280,0,280,275,0,5,60,60,0,60,510,40,22162.86,44200.0,-22037.14,5
4948,2485,105,320,0,320,310,10,0,75,75,0,75,410,75,46630.350000000006,36125.0,10505.350000000008,5
4949,2485,155,295,0,295,280,5,10,80,80,0,75,430,110,73868.405625,38250.0,35618.40562500001,5
4950,2485,240,245,0,245,235,10,0,125,125,0,125,470,50,30077.910000000003,41225.0,-11147.089999999998,5
4951,2485,165,300,0,300,300,0,0,75,75,0,75,460,60,38450.115,39525.0,-1074.8849999999993,5
4952,2485,185,295,0,295,280,15,0,75,75,0,75,460,55,34191.36,40800.0,-6608.64,5
4953,2485,145,285,0,285,260,25,0,95,95,0,95,400,135,98648.15484375003,36550.0,62098.15484375003,5
4954,2485,110,335,0,335,280,40,15,80,80,0,80,385,60,31300.920000000006,37825.0,-6524.0799999999945,5
4955,2485,125,325,0,325,305,15,5,75,75,0,75,425,50,29808.089999999997,38250.0,-8441.910000000003,5
4956,2485,120,345,0,345,310,10,25,70,70,0,70,425,90,58153.9725,39525.0,18628.9725,5
4957,2485,120,340,0,340,305,35,0,80,80,0,80,420,70,46794.03750000001,39100.0,7694.037500000013,5
4958,2485,105,340,0,340,285,55,0,90,90,0,90,385,75,44294.40000000001,37825.0,6469.400000000005,5
4959,2485,140,330,0,330,305,15,10,95,95,0,95,440,65,38030.94,39950.0,-1919.059999999995,5
4960,2485,160,300,0,300,280,15,5,85,85,0,85,435,95,61959.96000000002,39100.0,22859.96000000002,5
4961,2485,90,330,0,330,295,5,30,85,85,0,85,380,80,51684.165,35700.0,15984.165000000003,5
4962,2485,110,340,0,340,285,25,30,85,85,0,85,390,50,28164.960000000006,38250.0,-10085.039999999994,5
4963,2485,115,325,0,325,265,30,30,105,105,0,100,375,125,85393.73250000003,37400.0,47993.73250000003,5
4964,2485,130,310,0,310,260,30,20,95,95,0,95,385,75,45907.15500000001,37400.0,8507.155000000012,5
4965,2485,130,310,0,310,265,15,30,110,110,0,105,390,85,56836.78875000001,37400.0,19436.788750000007,5
4966,2485,130,310,0,310,285,25,0,95,95,0,90,410,140,92902.07250000001,37400.0,55502.07250000001,5
4967,2485,185,300,0,300,265,5,30,85,85,0,85,445,45,25981.470000000005,41225.0,-15243.529999999995,5
4968,2485,115,340,0,340,300,40,0,90,90,0,90,410,110,74241.7425,38675.0,35566.7425,5
4969,2485,145,305,0,305,275,30,0,100,100,0,100,415,60,32862.600000000006,38250.0,-5387.399999999993,5
4970,2485,145,300,0,300,260,25,15,90,90,0,90,400,50,30199.769999999997,37825.0,-7625.230000000001,5
4971,2485,190,310,0,310,305,5,0,65,65,0,65,490,50,28357.740000000005,42500.0,-14142.259999999997,5
4972,2485,115,320,0,320,275,35,10,90,90,0,90,385,95,64268.954999999994,36975.0,27293.954999999994,5
4973,2485,140,300,0,300,250,50,0,120,120,0,120,385,155,106403.71781250002,37400.0,69003.71781250002,5
4974,2485,155,310,0,310,285,20,5,75,75,0,70,435,70,45797.98500000001,39525.0,6272.985000000008,5
4975,2485,145,315,0,315,300,0,15,75,75,0,75,440,35,19991.34,39100.0,-19108.66,5
4976,2485,200,270,0,270,245,5,20,125,125,0,125,440,105,68551.1775,39950.0,28601.177500000005,5
4977,2485,140,290,0,290,260,0,30,85,85,0,85,395,70,49522.443750000006,36550.0,12972.443750000002,5
4978,2485,105,345,0,345,280,50,15,90,90,0,90,380,60,35669.340000000004,38250.0,-2580.659999999998,5
4979,2485,205,300,0,300,245,35,20,90,90,0,90,445,65,42011.145000000004,42925.0,-913.8549999999941,5
4980,2485,190,290,0,290,270,15,5,105,105,0,105,455,100,61262.28000000001,40800.0,20462.28000000001,5
4981,2485,185,300,0,300,290,10,0,85,85,0,85,470,75,42031.62,41225.0,806.6200000000026,5
4982,2485,230,280,0,280,275,0,5,95,95,0,90,500,100,65006.57250000001,43350.0,21656.57250000001,5
4983,2485,155,305,0,305,260,45,0,80,80,0,80,410,140,108325.53439453128,39100.0,69225.53439453128,5
4984,2485,130,315,0,315,295,15,5,90,90,0,90,420,90,59090.67,37825.0,21265.67,5
4985,2485,170,295,0,295,290,0,5,80,80,0,80,455,60,36362.97,39525.0,-3162.029999999995,5
4986,2485,135,295,0,295,250,20,25,100,100,0,100,380,70,48976.875,36550.0,12426.875,5
4987,2485,70,360,0,360,310,35,15,70,70,0,65,375,80,53011.192500000005,36550.0,16461.192500000005,5
4988,2485,80,360,0,360,300,45,15,75,75,0,75,375,50,27208.980000000003,37400.0,-10191.019999999999,5
4989,2485,135,300,0,300,255,35,10,110,110,0,110,385,65,43048.755000000005,36975.0,6073.755000000001,5
4990,2485,210,315,0,315,310,0,5,45,45,0,40,515,50,32354.235000000004,44625.0,-12270.764999999996,5
4991,2485,145,290,0,290,230,45,15,110,110,0,105,370,115,77727.155625,36975.0,40752.15562500001,5
4992,2485,165,315,0,315,305,0,10,90,90,0,85,465,60,33666.57,40800.0,-7133.4299999999985,5
4993,2485,190,280,0,280,260,15,5,90,90,0,90,445,90,57513.51000000002,39950.0,17563.510000000017,5
4994,2485,260,280,0,280,275,0,5,90,90,0,90,530,60,33973.740000000005,45900.0,-11926.259999999993,5
4995,2485,160,335,0,335,310,25,0,80,80,0,80,465,60,38617.200000000004,42075.0,-3457.7999999999975,5
4996,2485,130,340,0,340,315,0,25,85,85,0,85,440,60,33634.530000000006,39950.0,-6315.469999999996,5
4997,2485,205,285,0,285,270,15,0,90,90,0,90,470,50,32907.3075,41650.0,-8742.692499999997,5
4998,2485,190,290,0,290,275,0,15,105,105,0,100,460,80,48210.21,40800.0,7410.209999999997,5
4999,2485,185,300,0,300,295,5,0,85,85,0,85,475,45,25277.940000000002,41225.0,-15947.059999999998,5
5000,2485,180,290,0,290,275,5,10,95,95,0,95,450,50,26163.72,39950.0,-13786.279999999997,5
5001,2485,150,320,0,320,300,10,10,80,80,0,80,445,70,41839.42500000001,39950.0,1889.4250000000102,5
5002,2485,245,285,0,285,245,35,5,75,75,0,75,485,65,40120.69500000001,45050.0,-4929.304999999995,5
5003,2485,185,300,0,300,275,0,25,85,85,0,85,455,50,28382.4,41225.0,-12842.599999999999,5
5004,2485,190,290,0,290,285,0,5,95,95,0,95,470,65,32982.48,40800.0,-7817.519999999995,5
5005,2485,155,300,0,300,295,0,5,90,90,0,90,445,115,72225.81000000003,38675.0,33550.81000000002,5
5006,2485,145,300,0,300,280,5,15,105,105,0,105,420,60,31267.440000000002,37825.0,-6557.559999999999,5
5007,2485,160,335,0,335,310,10,15,55,55,0,55,465,30,16242.300000000003,42075.0,-25832.699999999997,5
5008,2485,160,310,0,310,290,5,15,90,90,0,90,445,50,26432.64,39950.0,-13517.359999999999,5
5009,2485,115,315,0,315,310,5,0,80,80,0,80,420,65,41119.380000000005,36550.0,4569.380000000001,5
5010,2485,165,275,0,275,275,0,0,90,90,0,90,435,145,101777.71500000001,37400.0,64377.71500000001,5
5011,2485,180,280,0,280,275,0,5,100,100,0,100,450,100,66011.35500000001,39100.0,26911.35500000001,5
5012,2485,120,335,0,335,280,35,20,90,90,0,85,395,60,32508.72,38675.0,-6166.279999999997,5
5013,2485,145,315,0,315,305,0,10,100,100,0,100,445,75,47221.604999999996,39100.0,8121.605,5
5014,2485,160,285,0,285,255,30,0,110,110,0,110,410,70,42226.87500000001,37825.0,4401.875000000009,5
5015,2485,180,310,0,310,295,10,5,65,65,0,65,470,50,29598.030000000002,41650.0,-12051.969999999998,5
5016,2485,140,320,0,320,300,20,0,75,75,0,75,435,95,70978.59,39100.0,31878.590000000004,5
5017,2485,115,345,0,345,305,35,5,75,75,0,75,415,50,26303.040000000008,39100.0,-12796.95999999999,5
5018,2485,105,320,0,320,295,10,15,95,95,0,95,395,80,44577.54000000001,36125.0,8452.540000000008,5
5019,2485,105,350,0,350,290,35,25,60,60,0,60,390,80,55055.76750000001,38675.0,16380.76750000001,5
5020,2485,190,300,0,300,300,0,0,50,50,0,50,485,85,61187.546250000014,41650.0,19537.546250000014,5
5021,2485,160,320,0,320,265,35,20,95,95,0,95,420,60,37949.490000000005,40800.0,-2850.5099999999948,5
5022,2485,235,285,0,285,270,0,15,75,75,0,75,500,40,21797.1,44200.0,-22402.9,5
5023,2485,130,300,0,300,250,35,15,100,100,0,100,375,85,51875.73,36550.0,15325.730000000003,5
5024,2485,125,320,0,320,310,0,10,75,75,0,75,430,45,25434.0,37825.0,-12391.0,5
5025,2485,110,340,0,340,325,15,0,75,75,0,75,430,40,22969.08,38250.0,-15280.919999999996,5
5026,2485,145,300,0,300,260,10,30,100,100,0,100,400,105,73701.74250000002,37825.0,35876.74250000002,5
5027,2485,150,325,0,325,320,0,5,75,75,0,75,465,95,61835.130000000005,40375.0,21460.13000000001,5
5028,2485,155,295,0,295,285,5,5,90,90,0,90,435,50,25330.68,38250.0,-12919.319999999998,5
5029,2485,115,360,0,360,255,70,35,90,90,0,90,365,70,40147.83,40375.0,-227.16999999999643,5
5030,2485,155,285,0,285,270,10,5,90,90,0,90,420,100,64068.322499999995,37400.0,26668.322499999995,5
5031,2485,140,330,0,330,305,0,25,65,65,0,65,440,45,26862.75,39950.0,-13087.25,5
5032,2485,95,325,0,325,285,15,25,90,90,0,90,375,110,73373.26500000001,35700.0,37673.265000000014,5
5033,2485,175,295,0,295,280,10,5,90,90,0,90,450,75,48646.068750000006,39950.0,8696.068750000004,5
5034,2485,130,330,0,330,285,25,20,90,90,0,90,410,80,49585.612499999996,39100.0,10485.612499999997,5
5035,2485,145,325,0,325,290,10,25,90,90,0,90,430,70,43835.62500000001,39950.0,3885.625000000009,5
5036,2485,170,290,0,290,260,25,5,110,110,0,105,425,85,55902.57750000001,39100.0,16802.577500000007,5
5037,2485,115,335,0,335,285,20,30,100,100,0,95,395,100,64937.56500000002,38250.0,26687.565000000013,5
5038,2485,115,345,0,345,340,5,0,55,55,0,55,450,45,26334.72,39100.0,-12765.279999999999,5
5039,2485,180,305,0,305,280,0,25,75,75,0,75,455,85,54162.49500000001,41225.0,12937.495000000008,5
5040,2485,105,365,0,365,305,35,25,85,85,0,85,405,80,46271.88000000001,39950.0,6321.88000000001,5
5041,2485,145,345,0,345,320,15,10,65,65,0,65,460,30,17971.92,41650.0,-23678.08,5
5042,2485,95,340,0,340,245,75,20,85,85,0,85,335,60,36382.950000000004,36975.0,-592.0499999999947,5
5043,2485,225,295,0,295,290,0,5,90,90,0,90,510,90,61459.301250000004,44200.0,17259.301250000008,5
5044,2485,110,330,0,330,305,10,15,95,95,0,95,410,70,41779.755000000005,37400.0,4379.755000000005,5
5045,2485,200,265,0,265,210,55,0,115,115,0,115,405,130,82358.595,39525.0,42833.595,5
5046,2485,130,340,0,340,290,35,15,60,60,0,60,415,85,56032.065,39950.0,16082.065000000002,5
5047,2485,155,290,0,290,265,15,10,95,95,0,95,415,110,70464.0375,37825.0,32639.037500000006,5
5048,2485,135,335,0,335,335,0,0,85,85,0,85,465,65,36778.68000000001,39950.0,-3171.319999999996,5
5049,2485,165,310,0,310,310,0,0,65,65,0,65,470,45,23492.160000000003,40375.0,-16882.839999999997,5
5050,2485,115,310,0,310,285,25,0,90,90,0,90,395,105,76620.054375,36125.0,40495.05437500001,5
5051,2485,110,355,0,355,340,10,5,50,50,0,50,445,45,30931.65,39525.0,-8593.35,5
5052,2485,130,340,0,340,340,0,0,65,65,0,65,465,50,29854.71,39950.0,-10095.29,5
5053,2485,150,320,0,320,230,65,25,100,100,0,100,375,95,55320.3,39950.0,15370.300000000007,5
5054,2485,115,340,0,340,280,35,25,75,75,0,70,390,65,37808.189999999995,38675.0,-866.810000000005,5
5055,2485,185,305,0,305,295,0,10,90,90,0,90,475,70,44886.42,41650.0,3236.4199999999983,5
5056,2485,170,305,0,305,280,5,20,85,85,0,85,445,50,26981.460000000006,40375.0,-13393.539999999994,5
5057,2485,150,270,0,270,270,0,0,110,110,0,110,415,95,59720.08500000001,35700.0,24020.085000000006,5
5058,2485,130,315,0,315,295,10,10,70,70,0,65,420,50,32486.58,37825.0,-5338.419999999996,5
5059,2485,185,290,0,290,235,35,20,95,95,0,95,415,95,65873.25,40375.0,25498.250000000007,5
5060,2485,120,330,0,330,270,50,10,80,80,0,75,385,85,54582.6825,38250.0,16332.6825,5
5061,2485,160,295,0,295,280,5,10,85,85,0,85,435,120,78179.3325,38675.0,39504.33250000001,5
5062,2485,170,285,0,285,275,5,5,95,95,0,90,440,95,59261.67000000001,38675.0,20586.670000000013,5
5063,2485,150,320,0,320,300,0,20,80,80,0,80,445,70,40733.37,39950.0,783.3700000000044,5
5064,2485,135,315,0,315,305,0,10,70,70,0,70,435,55,34632.00000000001,38250.0,-3617.9999999999927,5
5065,2485,170,295,0,295,265,15,15,80,80,0,80,430,100,62833.32000000001,39525.0,23308.320000000003,5
5066,2485,165,270,0,270,255,10,5,115,115,0,115,415,115,73086.28875,36975.0,36111.288750000014,5
5067,2485,125,345,0,345,320,0,25,80,80,0,75,440,60,37679.1075,39950.0,-2270.8925,5
5068,2485,105,350,0,350,295,35,20,85,85,0,85,395,50,26029.800000000003,38675.0,-12645.199999999995,5
5069,2485,140,305,0,305,265,30,10,105,105,0,105,400,75,47654.3925,37825.0,9829.392500000004,5
5070,2485,120,320,0,320,305,10,5,80,80,0,80,420,60,36419.31,37400.0,-980.6899999999996,5
5071,2485,175,295,0,295,290,0,5,80,80,0,80,460,35,17799.480000000003,39950.0,-22150.519999999997,5
5072,2485,140,305,0,305,300,5,0,90,90,0,90,435,75,47479.20749999999,37825.0,9654.207499999993,5
5073,2485,120,320,0,320,265,40,15,105,105,0,100,380,80,45305.01,37400.0,7905.010000000002,5
5074,2485,165,300,0,300,235,20,45,130,130,0,125,395,145,92080.46250000001,39525.0,52555.46250000001,5
5075,2485,165,290,0,290,235,50,5,105,105,0,105,395,65,38469.420000000006,38675.0,-205.57999999999538,5
5076,2485,180,285,0,285,285,0,0,80,80,0,80,460,130,96077.1740625,39525.0,56552.174062499995,5
5077,2485,130,335,0,335,310,10,15,55,55,0,50,435,55,34670.745,39525.0,-4854.254999999998,5
5078,2485,150,310,0,310,290,15,5,90,90,0,90,435,45,24388.74,39100.0,-14711.259999999998,5
5079,2485,190,275,0,275,255,0,20,95,95,0,95,440,80,46312.380000000005,39525.0,6787.380000000003,5
5080,2485,90,330,0,330,320,5,5,75,75,0,75,405,55,33943.95000000001,35700.0,-1756.049999999991,5
5081,2485,185,305,0,305,290,5,10,95,95,0,95,470,95,58950.31500000002,41650.0,17300.315000000017,5
5082,2485,145,335,0,335,260,40,35,100,100,0,100,400,85,52281.765,40800.0,11481.764999999996,5
5083,2485,90,335,0,335,335,0,0,65,65,0,65,420,55,34037.685,36125.0,-2087.3150000000032,5
5084,2485,185,295,0,295,235,15,45,85,85,0,80,415,70,44496.90000000001,40800.0,3696.900000000005,5
5085,2485,165,300,0,300,285,10,5,80,80,0,80,445,95,64041.77250000001,39525.0,24516.772500000006,5
5086,2485,140,325,0,325,300,0,25,80,80,0,80,435,35,20918.970000000005,39525.0,-18606.029999999995,5
5087,2485,220,295,0,295,285,0,10,80,80,0,80,500,25,12612.600000000002,43775.0,-31162.399999999998,5
5088,2485,185,285,0,285,280,5,0,105,105,0,105,460,75,42990.12000000001,39950.0,3040.1200000000063,5
5089,2485,210,260,0,260,255,5,0,90,90,0,90,460,80,53023.99500000001,39950.0,13073.995000000014,5
5090,2485,135,315,0,315,250,65,0,95,95,0,95,380,70,39242.52000000001,38250.0,992.5200000000132,5
5091,2485,145,325,0,325,300,15,10,65,65,0,65,440,45,25111.440000000002,39950.0,-14838.559999999998,5
5092,2485,130,310,0,310,280,25,5,100,100,0,100,405,120,74587.18500000001,37400.0,37187.18500000002,5
5093,2485,200,270,0,270,245,5,20,75,75,0,75,440,85,51688.17000000001,39950.0,11738.17000000001,5
5094,2485,280,260,0,260,250,0,10,70,70,0,70,525,40,26175.960000000006,45900.0,-19724.039999999994,5
5095,2485,160,295,0,295,280,15,0,95,95,0,95,435,25,12863.160000000003,38675.0,-25811.839999999997,5
5096,2485,190,270,0,270,260,0,10,70,70,0,70,445,65,44683.2675,39100.0,5583.267500000002,5
5097,2485,130,315,0,315,265,30,20,85,85,0,80,390,60,35161.20000000001,37825.0,-2663.799999999992,5
5098,2485,150,330,0,330,290,10,30,90,90,0,90,435,75,44091.45000000001,40800.0,3291.4500000000135,5
5099,2485,260,265,0,265,260,0,5,85,85,0,85,515,45,24101.820000000003,44625.0,-20523.179999999997,5
5100,2485,190,275,0,275,275,0,0,85,85,0,85,460,80,50766.57000000001,39525.0,11241.57000000001,5
5101,2485,235,295,0,295,265,0,30,75,75,0,75,495,50,29238.03,45050.0,-15811.970000000001,5
5102,2485,145,320,0,320,280,20,20,80,80,0,80,420,55,32558.13,39525.0,-6966.869999999999,5
5103,2485,135,315,0,315,315,0,0,90,90,0,90,445,60,38220.52500000001,38250.0,-29.474999999993088,5
5104,2485,100,340,0,340,330,5,5,85,85,0,85,425,55,34934.62500000001,37400.0,-2465.3749999999945,5
5105,2485,180,310,0,310,290,15,5,105,105,0,100,465,75,41808.420000000006,41650.0,158.42000000000553,5
5106,2485,130,315,0,315,305,5,5,70,70,0,65,430,60,41574.69,37825.0,3749.6900000000005,5
5107,2485,230,285,0,285,275,10,0,90,90,0,90,500,75,44219.250000000015,43775.0,444.2500000000109,5
5108,2485,255,265,0,265,265,0,0,85,85,0,85,515,55,30994.02,44200.0,-13205.98,5
5109,2485,125,345,0,345,250,65,30,110,110,0,110,370,55,28650.42,39950.0,-11299.580000000002,5
5110,2485,215,285,0,285,265,0,20,85,85,0,85,475,100,69551.93250000001,42500.0,27051.93250000001,5
5111,2485,125,330,0,330,290,10,30,90,90,0,90,410,50,25414.200000000004,38675.0,-13260.799999999996,5
5112,2485,125,315,0,315,270,45,0,90,90,0,90,390,120,77605.335,37400.0,40205.33500000001,5
5113,2485,185,305,0,305,300,0,5,95,95,0,95,480,65,36529.47000000001,41650.0,-5120.529999999994,5
5114,2485,165,310,0,310,290,0,20,75,75,0,75,450,95,61159.63500000001,40375.0,20784.63500000001,5
5115,2485,150,320,0,320,300,5,15,95,95,0,95,445,70,38880.00000000001,39950.0,-1069.9999999999955,5
5116,2485,140,320,0,320,305,0,15,80,80,0,75,440,115,80427.55500000001,39100.0,41327.555,5
5117,2485,125,305,0,305,305,0,0,85,85,0,85,425,30,16956.54,36550.0,-19593.46,5
5118,2485,105,335,0,335,305,10,20,75,75,0,75,405,65,40506.03000000001,37400.0,3106.0300000000097,5
5119,2485,115,355,0,355,275,60,20,85,85,0,85,385,80,50676.345,39950.0,10726.345000000001,5
5120,2485,220,295,0,295,280,0,15,85,85,0,85,495,45,25802.910000000003,43775.0,-17972.089999999997,5
5121,2485,205,260,0,260,245,10,5,115,115,0,115,445,85,47371.14000000001,39525.0,7846.140000000005,5
5122,2485,225,280,0,280,250,15,15,75,75,0,75,470,55,37725.615000000005,42925.0,-5199.3849999999975,5
5123,2485,170,280,0,280,245,20,15,125,125,0,125,410,150,102061.64250000002,38250.0,63811.642500000016,5
5124,2485,120,320,0,320,290,0,30,90,90,0,85,405,75,48499.96500000001,37400.0,11099.965000000011,5
5125,2485,165,300,0,300,290,10,0,85,85,0,85,450,80,52795.84500000001,39525.0,13270.845000000008,5
5126,2485,105,340,0,340,325,15,0,90,90,0,85,425,55,32311.350000000006,37825.0,-5513.649999999993,5
5127,2485,140,325,0,325,325,0,0,55,55,0,55,460,35,19096.74,39525.0,-20428.26,5
5128,2485,150,310,0,310,290,15,5,95,95,0,95,435,70,44557.38000000001,39100.0,5457.380000000012,5
5129,2485,140,310,0,310,300,0,10,125,125,0,125,435,90,49033.44,38250.0,10783.44,5
5130,2485,175,300,0,300,275,10,15,100,100,0,100,445,55,29348.1,40375.0,-11026.900000000001,5
5131,2485,175,310,0,310,300,5,5,95,95,0,95,470,85,50505.12000000001,41225.0,9280.120000000006,5
5132,2485,210,285,0,285,280,0,5,90,90,0,90,485,55,31788.450000000004,42075.0,-10286.549999999997,5
5133,2485,120,340,0,340,280,35,25,90,90,0,90,395,50,26803.080000000005,39100.0,-12296.919999999995,5
5134,2485,170,280,0,280,255,25,0,100,100,0,100,420,105,63713.97,38250.0,25463.97,5
5135,2485,135,310,0,310,285,20,5,75,75,0,75,415,130,98473.16812500001,37825.0,60648.16812500001,5
5136,2485,150,330,0,330,270,50,10,80,80,0,80,415,80,48702.33000000001,40800.0,7902.330000000011,5
5137,2485,165,335,0,335,295,20,20,75,75,0,75,455,70,50821.96781250001,42500.0,8321.967812500006,5
5138,2485,100,335,0,335,285,35,15,95,95,0,95,380,75,44344.71000000001,36975.0,7369.710000000005,5
5139,2485,165,300,0,300,300,0,0,55,55,0,55,460,35,22778.460000000006,39525.0,-16746.539999999994,5
5140,2485,220,300,0,300,260,35,5,100,100,0,95,475,65,39086.955000000016,44200.0,-5113.044999999984,5
5141,2485,180,275,0,275,240,25,10,95,95,0,95,415,125,81509.085,38675.0,42834.08500000001,5
5142,2485,105,330,0,330,290,25,15,95,95,0,95,390,40,20150.640000000003,36975.0,-16824.359999999997,5
5143,2485,105,330,0,330,300,15,15,90,90,0,90,400,60,37065.51,36975.0,90.50999999999931,5
5144,2485,130,325,0,325,285,20,20,75,75,0,70,410,40,21017.700000000004,38675.0,-17657.299999999996,5
5145,2485,135,295,0,295,260,25,10,105,105,0,105,390,75,43175.250000000015,36550.0,6625.250000000015,5
5146,2485,175,275,0,275,260,0,15,95,95,0,95,430,85,55111.34249999999,38250.0,16861.34249999999,5
5147,2485,200,300,0,300,300,0,0,60,60,0,60,495,55,34683.48000000001,42500.0,-7816.519999999991,5
5148,2485,215,295,0,295,280,10,5,100,100,0,100,490,90,52618.32000000001,43350.0,9268.320000000003,5
5149,2485,160,310,0,310,260,35,15,100,100,0,100,415,85,53155.12500000001,39950.0,13205.125000000007,5
5150,2485,145,305,0,305,295,0,10,80,80,0,80,435,65,43479.045000000006,38250.0,5229.0450000000055,5
5151,2485,115,315,0,315,265,50,0,100,100,0,100,375,85,50037.48,36550.0,13487.480000000005,5
5152,2485,175,295,0,295,285,0,10,105,105,0,100,455,55,31224.24000000001,39950.0,-8725.759999999991,5
5153,2485,200,275,0,275,205,65,5,130,130,0,130,400,100,59152.77000000002,40375.0,18777.77000000002,5
5154,2485,120,320,0,320,285,30,5,100,100,0,95,400,105,73047.3975,37400.0,35647.39750000001,5
5155,2485,110,355,0,355,295,40,20,90,90,0,90,400,50,25811.640000000007,39525.0,-13713.359999999993,5
5156,2485,105,330,0,330,325,0,5,60,60,0,60,425,55,32755.68,36975.0,-4219.319999999998,5
5157,2485,135,335,0,335,300,0,35,85,85,0,85,430,40,22267.980000000003,39950.0,-17682.019999999997,5
5158,2485,140,315,0,315,275,25,15,80,80,0,80,410,85,52968.19500000001,38675.0,14293.195000000005,5
5159,2485,140,315,0,315,290,20,5,65,65,0,65,425,60,35852.490000000005,38675.0,-2822.5099999999975,5
5160,2485,190,275,0,275,265,0,10,95,95,0,95,450,75,48804.12000000001,39525.0,9279.120000000012,5
5161,2485,125,315,0,315,250,50,15,105,105,0,100,370,110,68067.71999999999,37400.0,30667.71999999999,5
5162,2485,185,315,0,315,270,20,25,95,95,0,95,450,60,37562.71500000001,42500.0,-4937.284999999993,5
5163,2485,140,310,0,310,295,5,10,95,95,0,90,430,65,40176.09000000001,38250.0,1926.0900000000083,5
5164,2485,165,300,0,300,295,0,5,90,90,0,90,455,55,33715.89,39525.0,-5809.110000000001,5
5165,2485,120,330,0,330,280,40,10,90,90,0,90,395,40,22223.880000000005,38250.0,-16026.119999999995,5
5166,2485,240,265,0,265,240,20,5,110,110,0,110,475,120,75523.455,42925.0,32598.455,5
5167,2485,160,310,0,310,255,55,0,105,105,0,105,410,135,87511.0275,39950.0,47561.0275,5
5168,2485,150,330,0,330,320,10,0,65,65,0,65,465,55,30175.20000000001,40800.0,-10624.799999999987,5
5169,2485,150,315,0,315,310,0,5,75,75,0,75,455,80,50988.780000000006,39525.0,11463.780000000006,5
5170,2485,105,330,0,330,320,10,0,75,75,0,75,420,50,26602.020000000004,36975.0,-10372.979999999998,5
5171,2485,195,285,0,285,265,20,0,100,100,0,100,455,85,48838.23000000001,40800.0,8038.230000000012,5
5172,2485,150,310,0,310,310,0,0,65,65,0,60,455,85,56962.8,39100.0,17862.800000000007,5
5173,2485,230,280,0,280,270,0,10,85,85,0,85,495,55,30351.600000000002,43350.0,-12998.399999999998,5
5174,2485,150,310,0,310,300,0,10,75,75,0,75,445,25,12467.880000000003,39100.0,-26632.119999999995,5
5175,2485,145,300,0,300,290,5,5,95,95,0,95,430,135,94933.44000000003,37825.0,57108.44000000003,5
5176,2485,160,280,0,280,280,0,0,85,85,0,85,435,60,36507.69000000001,37400.0,-892.3099999999931,5
5177,2485,165,300,0,300,290,0,10,80,80,0,80,450,75,44903.79000000001,39525.0,5378.790000000008,5
5178,2485,160,315,0,315,300,15,0,85,85,0,85,455,70,44536.905,40375.0,4161.904999999997,5
5179,2485,175,285,0,285,285,0,0,100,100,0,100,455,50,27492.300000000003,39100.0,-11607.699999999995,5
5180,2485,160,305,0,305,280,20,5,85,85,0,85,435,60,36981.99,39525.0,-2543.0099999999993,5
5181,2485,175,285,0,285,270,0,15,95,95,0,90,440,80,44522.46,39100.0,5422.460000000001,5
5182,2485,150,305,0,305,290,0,15,95,95,0,95,435,100,60028.470000000016,38675.0,21353.470000000016,5
5183,2485,165,280,0,280,255,20,5,110,110,0,105,415,45,27724.230000000007,37825.0,-10100.769999999993,5
5184,2485,120,310,0,310,280,10,20,100,100,0,100,395,50,25655.040000000008,36550.0,-10894.959999999992,5
5185,2485,90,350,0,350,310,5,35,65,65,0,65,395,65,42265.755000000005,37400.0,4865.755000000008,5
5186,2485,175,290,0,290,290,0,0,100,100,0,100,460,65,36603.9,39525.0,-2921.0999999999967,5
5187,2485,170,295,0,295,250,30,15,110,110,0,110,415,65,36530.64,39525.0,-2994.359999999997,5
5188,2485,170,310,0,310,285,0,25,100,100,0,95,450,70,40402.62000000001,40800.0,-397.37999999999374,5
5189,2485,200,255,0,255,250,5,0,75,75,0,75,445,160,121685.64750000005,38675.0,83010.64750000005,5
5190,2485,125,345,0,345,295,30,20,80,80,0,80,415,65,39434.670000000006,39950.0,-515.3299999999945,5
5191,2485,110,335,0,335,325,0,10,65,65,0,65,430,35,19160.100000000006,37825.0,-18664.899999999994,5
5192,2485,170,315,0,315,270,30,15,85,85,0,80,435,35,18899.460000000003,41225.0,-22325.54,5
5193,2485,195,305,0,305,265,30,10,65,65,0,65,455,50,29704.500000000007,42500.0,-12795.499999999993,5
5194,2485,175,300,0,300,255,45,0,105,105,0,105,425,120,72763.02000000002,40375.0,32388.020000000015,5
5195,2485,120,310,0,310,285,20,5,95,95,0,95,400,80,48399.705,36550.0,11849.705000000004,5
5196,2485,135,330,0,330,305,0,25,80,80,0,80,435,55,32875.20000000001,39525.0,-6649.7999999999865,5
5197,2485,155,335,0,335,295,35,5,80,80,0,80,445,75,44156.88000000001,41650.0,2506.88000000001,5
5198,2485,110,320,0,320,300,10,10,90,90,0,90,405,50,30884.04,36550.0,-5665.96,5
5199,2485,155,265,0,265,240,20,5,110,110,0,110,390,100,58970.340000000004,35700.0,23270.340000000004,5
5200,2485,175,305,0,305,230,45,30,120,120,0,120,400,90,56144.0475,40800.0,15344.047499999997,5
5201,2485,210,285,0,285,275,5,5,95,95,0,95,480,60,34196.310000000005,42075.0,-7878.689999999997,5
5202,2485,145,330,0,330,315,0,15,85,85,0,80,455,35,17980.2,40375.0,-22394.799999999996,5
5203,2485,170,310,0,310,295,5,10,90,90,0,90,460,75,45931.7025,40800.0,5131.702500000001,5
5204,2485,155,325,0,325,275,25,25,115,115,0,110,425,50,30440.205,40800.0,-10359.794999999998,5
5205,2485,190,255,0,255,240,15,0,125,125,0,125,425,175,116180.25750000002,37825.0,78355.25750000002,5
5206,2485,195,285,0,285,280,0,5,80,80,0,80,470,65,38947.05,40800.0,-1852.9500000000007,5
5207,2485,225,305,0,305,295,0,10,75,75,0,75,515,45,24313.860000000004,45050.0,-20736.139999999996,5
5208,2485,165,305,0,305,295,0,10,95,95,0,95,455,70,41208.57000000001,39950.0,1258.5700000000088,5
5209,2485,140,330,0,330,255,65,10,100,100,0,100,390,95,64001.81250000001,39950.0,24051.812500000007,5
5210,2485,170,320,0,320,250,55,15,120,120,0,120,415,130,78861.06000000001,41650.0,37211.06000000001,5
5211,2485,140,305,0,305,265,10,30,100,100,0,100,400,85,58538.32875000001,37825.0,20713.328750000008,5
5212,2485,165,280,0,280,275,0,5,100,100,0,100,435,125,82813.55625000002,37825.0,44988.55625000002,5
5213,2485,210,250,0,250,250,0,0,100,100,0,95,455,85,48020.265000000014,39100.0,8920.265000000018,5
5214,2485,105,345,0,345,285,25,35,95,95,0,95,385,80,44477.28000000001,38250.0,6227.28000000001,5
5215,2485,195,295,0,295,265,25,5,100,100,0,100,455,85,60570.47812500001,41650.0,18920.47812500001,5
5216,2485,155,320,0,320,310,0,10,70,70,0,70,460,65,38491.11,40375.0,-1883.8899999999967,5
5217,2485,165,325,0,325,300,0,25,75,75,0,75,460,55,32166.270000000004,41650.0,-9483.729999999996,5
5218,2485,205,275,0,275,260,5,10,115,115,0,115,460,85,52834.77,40800.0,12034.769999999999,5
5219,2485,135,300,0,300,275,15,10,95,95,0,90,405,50,25852.320000000007,36975.0,-11122.679999999991,5
5220,2485,170,295,0,295,255,25,15,115,115,0,115,420,80,46661.130000000005,39525.0,7136.130000000003,5
5221,2485,215,265,0,265,260,0,5,90,90,0,90,470,80,50499.21375000001,40800.0,9699.213750000008,5
5222,2485,180,295,0,295,270,25,0,110,110,0,110,445,55,29786.579999999998,40375.0,-10588.420000000002,5
5223,2485,255,280,0,280,260,15,5,80,80,0,80,510,65,40993.65000000001,45475.0,-4481.349999999993,5
5224,2485,135,320,0,320,310,10,0,120,120,0,120,440,90,51650.01000000001,38675.0,12975.010000000011,5
5225,2485,130,305,0,305,295,5,5,90,90,0,90,420,75,44038.53,36975.0,7063.530000000001,5
5226,2485,155,310,0,310,285,15,10,75,75,0,75,435,55,34838.280000000006,39525.0,-4686.719999999996,5
5227,2485,230,270,0,270,270,0,0,75,75,0,75,495,90,65018.08125,42500.0,22518.081250000003,5
5228,2485,110,335,0,335,290,35,10,90,90,0,90,395,75,44743.770000000004,37825.0,6918.770000000004,5
5229,2485,180,280,0,280,280,0,0,115,115,0,115,455,85,52379.41500000001,39100.0,13279.415000000008,5
5230,2485,185,300,0,300,290,0,10,80,80,0,80,470,100,65108.52000000002,41225.0,23883.52000000002,5
5231,2485,125,305,0,305,275,5,25,105,105,0,105,395,70,43040.25,36550.0,6490.249999999996,5
5232,2485,165,295,0,295,260,10,25,110,110,0,110,420,45,22665.600000000006,39100.0,-16434.399999999994,5
5233,2485,140,315,0,315,285,25,5,105,105,0,105,420,50,28118.160000000003,38675.0,-10556.839999999997,5
5234,2485,100,355,0,355,315,25,15,60,60,0,55,410,60,44299.42874999999,38675.0,5624.428749999988,5
5235,2485,175,295,0,295,265,30,0,65,65,0,65,435,60,42239.58750000001,39950.0,2289.587500000007,5
5236,2485,160,315,0,315,290,5,20,80,80,0,80,445,55,30159.719999999998,40375.0,-10215.280000000002,5
5237,2485,180,295,0,295,290,0,5,105,105,0,105,465,70,44987.490000000005,40375.0,4612.490000000007,5
5238,2485,195,315,0,315,250,45,20,90,90,0,90,440,70,42172.920000000006,43350.0,-1177.0799999999963,5
5239,2485,110,310,0,310,295,5,10,85,85,0,85,400,120,84207.33000000002,35700.0,48507.330000000016,5
5240,2485,170,305,0,305,260,15,30,115,115,0,115,425,120,77669.07750000001,40375.0,37294.07750000002,5
5241,2485,175,290,0,290,270,15,5,80,80,0,80,440,95,70374.8925,39525.0,30849.892499999994,5
5242,2485,180,325,0,325,305,15,5,60,60,0,60,480,35,21237.39,42925.0,-21687.61,5
5243,2485,210,285,0,285,255,25,5,95,95,0,95,460,85,55125.49500000002,42075.0,13050.495000000019,5
5244,2485,205,270,0,270,270,0,0,110,110,0,110,470,130,87181.96500000003,40375.0,46806.96500000002,5
5245,2485,160,325,0,325,315,10,0,60,60,0,60,470,35,18953.460000000003,41225.0,-22271.539999999994,5
5246,2485,145,295,0,295,235,35,25,130,130,0,125,375,80,44631.719999999994,37400.0,7231.719999999996,5
5247,2485,210,265,0,265,225,30,10,130,130,0,125,430,90,60693.88500000001,40375.0,20318.88500000001,5
5248,2485,155,300,0,300,295,0,5,90,90,0,85,445,75,47885.872500000005,38675.0,9210.872500000005,5
5249,2485,235,265,0,265,200,60,5,125,125,0,125,430,80,49552.15500000001,42500.0,7052.155000000012,5
5250,2485,100,340,0,340,310,15,15,85,85,0,80,405,90,58733.775000000016,37400.0,21333.775000000016,5
5251,2485,140,320,0,320,270,30,20,95,95,0,95,405,80,46417.68000000002,39100.0,7317.6800000000185,5
5252,2485,185,300,0,300,290,5,5,80,80,0,80,470,45,26439.210000000003,41225.0,-14785.789999999997,5
5253,2485,170,305,0,305,305,0,0,75,75,0,75,470,50,28994.129999999997,40375.0,-11380.870000000004,5
5254,2485,180,290,0,290,285,0,5,85,85,0,85,460,65,39286.035,39950.0,-663.9649999999938,5
5255,2485,115,325,0,325,310,0,15,70,70,0,70,420,75,45036.90000000001,37400.0,7636.900000000005,5
5256,2485,120,325,0,325,310,0,15,80,80,0,80,425,75,47534.2425,37825.0,9709.2425,5
5257,2485,105,325,0,325,310,0,15,85,85,0,85,410,75,42208.65000000001,36550.0,5658.650000000007,5
5258,2485,160,315,0,315,270,25,20,95,95,0,95,425,70,40084.38,40375.0,-290.62000000000353,5
5259,2485,210,255,0,255,235,5,15,105,105,0,105,440,105,67730.22,39525.0,28205.22,5
5260,2485,200,265,0,265,235,20,10,100,100,0,100,430,90,59746.815,39525.0,20221.815000000006,5
5261,2485,140,315,0,315,290,10,15,65,65,0,65,425,45,24975.900000000005,38675.0,-13699.099999999995,5
5262,2485,135,310,0,310,285,15,10,80,80,0,80,415,50,27290.7,37825.0,-10534.3,5
5263,2485,115,340,0,340,295,25,20,95,95,0,95,405,75,41179.68000000001,38675.0,2504.6800000000076,5
5264,2485,135,310,0,310,295,10,5,115,115,0,115,425,100,57197.97,37825.0,19372.970000000005,5
5265,2485,120,325,0,325,320,5,0,70,70,0,70,435,85,56158.35750000002,37825.0,18333.35750000002,5
5266,2485,185,285,0,285,285,0,0,75,75,0,75,465,80,51554.475000000006,39950.0,11604.475000000002,5
5267,2485,130,320,0,320,305,5,10,65,65,0,65,430,50,30401.550000000003,38250.0,-7848.449999999998,5
5268,2485,195,275,0,275,275,0,0,80,80,0,80,465,75,44395.87500000001,39950.0,4445.8750000000055,5
5269,2485,125,345,0,345,295,45,5,65,65,0,60,415,65,42308.05500000001,39950.0,2358.055000000004,5
5270,2485,105,310,0,310,285,10,15,85,85,0,85,385,90,61609.88250000001,35275.0,26334.882500000003,5
5271,2485,130,320,0,320,260,30,30,90,90,0,90,385,85,58576.775625,38250.0,20326.775625000002,5
5272,2485,155,270,0,270,245,0,25,120,120,0,120,395,85,48721.95000000001,36125.0,12596.950000000015,5
5273,2485,130,315,0,315,280,20,15,90,90,0,90,405,45,26185.860000000008,37825.0,-11639.139999999992,5
5274,2485,170,305,0,305,285,20,0,65,65,0,65,450,60,35531.01000000001,40375.0,-4843.989999999994,5
5275,2485,105,325,0,325,295,25,5,90,90,0,85,395,55,34033.229999999996,36550.0,-2516.7700000000013,5
5276,2485,240,255,0,255,255,0,0,90,90,0,90,490,75,50168.92500000002,42075.0,8093.9250000000175,5
5277,2485,145,315,0,315,295,15,5,100,100,0,100,435,95,59397.84000000001,39100.0,20297.840000000015,5
5278,2485,185,275,0,275,260,0,15,95,95,0,95,440,80,46208.159999999996,39100.0,7108.159999999998,5
5279,2485,140,320,0,320,260,40,20,90,90,0,90,395,55,33957.45000000001,39100.0,-5142.549999999992,5
5280,2485,185,300,0,300,265,20,15,100,100,0,100,445,90,47032.200000000004,41225.0,5807.200000000003,5
5281,2485,140,295,0,295,275,0,20,85,85,0,80,410,90,62140.1625,36975.0,25165.1625,5
5282,2485,240,260,0,260,255,0,5,105,105,0,105,490,105,65343.24000000001,42500.0,22843.240000000013,5
5283,2485,95,345,0,345,285,40,20,75,75,0,75,375,55,36790.740000000005,37400.0,-609.2599999999948,5
5284,2485,160,310,0,310,305,0,5,80,80,0,80,460,35,21920.310000000005,39950.0,-18029.689999999995,5
5285,2485,170,280,0,280,260,10,10,100,100,0,100,425,85,61094.26406250001,38250.0,22844.264062500013,5
5286,2485,190,300,0,300,275,20,5,95,95,0,95,460,35,21391.11,41650.0,-20258.89,5
5287,2485,135,310,0,310,265,40,5,100,100,0,100,395,40,21972.06,37825.0,-15852.939999999999,5
5288,2485,120,335,0,335,250,80,5,105,105,0,105,365,75,46575.81,38675.0,7900.810000000001,5
5289,2485,125,315,0,315,310,0,5,80,80,0,80,430,65,41348.880000000005,37400.0,3948.8800000000083,5
5290,2485,165,290,0,290,240,40,10,115,115,0,115,400,125,88860.43125000002,38675.0,50185.43125000002,5
5291,2485,170,320,0,320,295,0,25,80,80,0,80,460,35,17895.96,41650.0,-23754.04,5
5292,2485,165,305,0,305,265,5,35,80,80,0,80,425,60,37003.95,39950.0,-2946.05,5
5293,2485,165,290,0,290,290,0,0,80,80,0,80,450,75,45953.46000000001,38675.0,7278.460000000005,5
5294,2485,120,325,0,325,310,0,15,60,60,0,60,425,80,50760.72,37825.0,12935.720000000001,5
5295,2485,135,320,0,320,310,5,5,85,85,0,85,440,115,79475.895,38675.0,40800.89500000001,5
5296,2485,205,255,0,255,235,0,20,110,110,0,105,435,100,62450.505000000005,39100.0,23350.505000000005,5
5297,2485,175,305,0,305,275,0,30,90,90,0,90,445,65,38227.41,40800.0,-2572.5899999999956,5
5298,2485,110,325,0,325,260,35,30,95,95,0,95,365,40,19755.000000000004,36975.0,-17219.999999999996,5
5299,2485,135,310,0,310,260,35,15,100,100,0,95,390,90,54231.57000000002,37825.0,16406.57000000002,5
5300,2485,100,345,0,345,330,10,5,65,65,0,65,425,50,31833.855000000007,37825.0,-5991.144999999992,5
5301,2485,225,320,0,320,285,15,20,60,60,0,60,505,40,22430.520000000004,46325.0,-23894.479999999996,5
5302,2485,145,305,0,305,245,40,20,100,100,0,100,385,105,73647.90562500001,38250.0,35397.90562500002,5
5303,2485,145,335,0,335,310,15,10,75,75,0,75,450,65,38145.240000000005,40800.0,-2654.7599999999966,5
5304,2485,120,350,0,350,285,40,25,65,65,0,65,400,40,21577.140000000003,39950.0,-18372.859999999997,5
5305,2485,165,295,0,295,270,0,25,75,75,0,75,430,85,59750.010000000024,39100.0,20650.01000000002,5
5306,2485,220,300,0,300,285,0,15,75,75,0,75,500,50,27504.000000000007,44200.0,-16695.999999999993,5
5307,2485,135,315,0,315,290,15,10,75,75,0,70,420,85,53121.375,38250.0,14871.374999999998,5
5308,2485,210,275,0,275,265,0,10,85,85,0,85,470,85,58316.38312500001,41225.0,17091.38312500001,5
5309,2485,155,310,0,310,240,40,30,80,80,0,80,390,50,30240.810000000012,39525.0,-9284.18999999999,5
5310,2485,125,285,0,285,280,5,0,95,95,0,95,400,130,90299.37375000001,34850.0,55449.37375000001,5
5311,2485,175,290,0,290,290,0,0,80,80,0,80,460,100,62736.93,39525.0,23211.93,5
5312,2485,125,315,0,315,300,15,0,90,90,0,90,420,120,79601.67,37400.0,42201.670000000006,5
5313,2485,145,315,0,315,260,50,5,90,90,0,90,400,85,54901.125,39100.0,15801.125000000002,5
5314,2485,210,285,0,285,280,0,5,80,80,0,75,485,105,63843.255000000005,42075.0,21768.25500000001,5
5315,2485,115,330,0,330,270,60,0,75,75,0,75,380,85,54072.20250000002,37825.0,16247.202500000021,5
5316,2485,140,325,0,325,315,10,0,70,70,0,70,450,45,27610.290000000005,39525.0,-11914.709999999995,5
5317,2485,145,315,0,315,300,15,0,90,90,0,90,440,85,59148.736875,39100.0,20048.736875000002,5
5318,2485,235,275,0,275,270,0,5,65,65,0,60,500,55,31828.140000000003,43350.0,-11521.859999999997,5
5319,2485,175,305,0,305,250,35,20,95,95,0,95,420,70,42582.96000000001,40800.0,1782.9600000000028,5
5320,2485,210,315,0,315,305,0,10,65,65,0,65,510,40,26368.515000000003,44625.0,-18256.484999999997,5
5321,2485,175,295,0,295,260,30,5,105,105,0,100,430,40,19655.280000000002,39950.0,-20294.719999999998,5
5322,2485,170,310,0,310,295,10,5,90,90,0,90,460,60,36017.01,40800.0,-4782.989999999995,5
5323,2485,100,355,0,355,345,0,10,50,50,0,50,440,45,28845.675000000003,38675.0,-9829.324999999999,5
5324,2485,125,315,0,315,290,10,15,70,70,0,70,410,55,31171.5,37400.0,-6228.499999999999,5
5325,2485,190,280,0,280,275,0,5,95,95,0,95,460,100,61493.6475,39950.0,21543.6475,5
5326,2485,135,300,0,300,280,10,10,95,95,0,95,410,110,71255.11500000002,36975.0,34280.11500000001,5
5327,2485,175,300,0,300,300,0,0,65,65,0,65,470,25,12683.160000000003,40375.0,-27691.839999999997,5
5328,2485,200,310,0,310,260,30,20,85,85,0,85,455,60,37377.495,43350.0,-5972.5049999999965,5
5329,2485,185,280,0,280,265,15,0,110,110,0,110,445,85,55117.62000000002,39525.0,15592.620000000015,5
5330,2485,110,340,0,340,275,45,20,100,100,0,100,380,65,39008.61,38250.0,758.6100000000033,5
5331,2485,145,330,0,330,300,15,15,85,85,0,85,440,40,19764.0,40375.0,-20611.0,5
5332,2485,125,325,0,325,295,15,15,90,90,0,90,415,165,116220.15000000001,38250.0,77970.15000000001,5
5333,2485,150,265,0,265,220,25,20,135,135,0,135,365,185,134296.42500000005,35275.0,99021.42500000005,5
5334,2485,195,285,0,285,270,5,10,100,100,0,100,460,80,52341.412500000006,40800.0,11541.412500000006,5
5335,2485,190,290,0,290,275,15,0,75,75,0,75,460,45,25399.08,40800.0,-15400.919999999996,5
5336,2485,90,350,0,350,295,20,35,85,85,0,85,380,100,59853.329999999994,37400.0,22453.329999999994,5
5337,2485,105,355,0,355,265,60,30,95,95,0,95,365,30,15426.000000000002,39100.0,-23673.999999999996,5
5338,2485,150,305,0,305,290,10,5,80,80,0,80,435,85,61708.56750000002,38675.0,23033.56750000002,5
5339,2485,115,335,0,335,255,60,20,110,110,0,110,365,95,52556.580000000016,38250.0,14306.580000000013,5
5340,2485,170,270,0,270,250,10,10,115,115,0,115,415,125,77332.05,37400.0,39932.05000000001,5
5341,2485,220,290,0,290,270,5,15,75,75,0,75,485,70,48466.89,43350.0,5116.890000000003,5
5342,2485,190,275,0,275,270,0,5,95,95,0,90,455,55,30774.420000000006,39525.0,-8750.579999999994,5
5343,2485,235,265,0,265,260,0,5,70,70,0,70,490,85,56339.302500000005,42500.0,13839.302500000003,5
5344,2485,115,330,0,330,305,15,10,90,90,0,90,415,50,30000.060000000005,37825.0,-7824.939999999997,5
5345,2485,90,345,0,345,315,30,0,75,75,0,75,400,45,30634.897500000003,36975.0,-6340.102499999998,5
5346,2485,135,300,0,300,270,20,10,90,90,0,90,400,105,76888.14187500002,36975.0,39913.141875000016,5
5347,2485,190,300,0,300,230,30,40,115,115,0,115,415,90,50088.96,41650.0,8438.959999999997,5
5348,2485,185,295,0,295,285,5,5,70,70,0,70,465,45,28422.90000000001,40800.0,-12377.099999999991,5
5349,2485,165,290,0,290,265,10,15,85,85,0,85,425,115,76758.8625,38675.0,38083.8625,5
5350,2485,215,275,0,275,250,25,0,100,100,0,100,460,80,48055.09500000001,41650.0,6405.09500000001,5
5351,2485,160,290,0,290,265,15,10,100,100,0,100,420,85,53394.27750000002,38250.0,15144.277500000017,5
5352,2485,225,265,0,265,260,0,5,105,105,0,105,480,100,62466.97500000001,41650.0,20816.975000000013,5
5353,2485,115,320,0,320,305,15,0,65,65,0,65,415,70,50612.83031250001,36975.0,13637.83031250001,5
5354,2485,140,290,0,290,220,50,20,115,115,0,115,355,100,63539.23500000003,36550.0,26989.235000000026,5
5355,2485,175,305,0,305,305,0,0,75,75,0,75,475,55,29106.540000000005,40800.0,-11693.459999999995,5
5356,2485,170,270,0,270,270,0,0,100,100,0,100,435,85,52817.94,37400.0,15417.939999999999,5
5357,2485,175,285,0,285,255,30,0,90,90,0,90,425,45,22566.600000000002,39100.0,-16533.399999999998,5
5358,2485,150,310,0,310,295,15,0,95,95,0,95,440,40,21668.760000000002,39100.0,-17431.239999999998,5
5359,2485,130,315,0,315,280,30,5,95,95,0,95,405,105,70919.57250000001,37825.0,33094.57250000001,5
5360,2485,95,345,0,345,280,35,30,85,85,0,85,370,85,52250.71500000002,37400.0,14850.715000000018,5
5361,2485,210,270,0,270,260,5,5,110,110,0,110,465,85,47823.48000000002,40800.0,7023.480000000018,5
5362,2485,165,275,0,275,260,5,10,115,115,0,115,420,115,78116.01750000002,37400.0,40716.017500000016,5
5363,2485,135,320,0,320,240,60,20,120,120,0,120,370,125,81763.49250000001,38675.0,43088.49250000001,5
5364,2485,210,280,0,280,260,0,20,75,75,0,70,465,75,51987.757500000014,41650.0,10337.757500000016,5
5365,2485,155,285,0,285,270,0,15,95,95,0,90,420,130,88471.82250000001,37400.0,51071.82250000002,5
5366,2485,170,320,0,320,300,5,15,95,95,0,95,465,55,35615.25,41650.0,-6034.749999999999,5
5367,2485,215,290,0,290,290,0,0,70,70,0,70,500,50,26536.859999999997,42925.0,-16388.140000000003,5
5368,2485,105,340,0,340,330,10,0,65,65,0,65,430,35,18484.020000000004,37825.0,-19340.979999999996,5
5369,2485,125,360,0,360,300,30,30,85,85,0,85,420,65,37417.950000000004,41225.0,-3807.0499999999947,5
5370,2485,150,305,0,305,285,10,10,105,105,0,105,430,90,56488.05,38675.0,17813.050000000003,5
5371,2485,100,325,0,325,290,20,15,90,90,0,90,385,90,61960.556250000016,36125.0,25835.556250000016,5
5372,2485,95,355,0,355,315,40,0,90,90,0,85,405,80,48627.45000000001,38250.0,10377.450000000008,5
5373,2485,175,290,0,290,270,0,20,90,90,0,90,440,65,38839.23,39525.0,-685.7699999999977,5
5374,2485,145,320,0,320,300,0,20,75,75,0,75,440,50,25366.680000000008,39525.0,-14158.319999999994,5
5375,2485,190,315,0,315,310,0,5,60,60,0,55,495,25,12775.320000000002,42925.0,-30149.68,5
5376,2485,165,300,0,300,270,25,5,100,100,0,95,430,70,46832.90625,39525.0,7307.906249999996,5
5377,2485,140,330,0,330,260,65,5,100,100,0,100,395,100,62251.56000000002,39950.0,22301.56000000002,5
5378,2485,135,310,0,310,265,30,15,115,115,0,115,395,60,35931.96000000001,37825.0,-1893.0399999999918,5
5379,2485,160,340,0,340,265,65,10,85,85,0,85,420,60,36721.755000000005,42500.0,-5778.244999999997,5
5380,2485,125,330,0,330,305,15,10,90,90,0,90,425,70,36443.34000000001,38675.0,-2231.6599999999926,5
5381,2485,185,305,0,305,290,10,5,85,85,0,85,470,55,30164.040000000005,41650.0,-11485.959999999995,5
5382,2485,205,290,0,290,265,0,25,70,70,0,70,465,70,46222.244999999995,42075.0,4147.2449999999935,5
5383,2485,115,325,0,325,275,20,30,90,90,0,90,385,95,61972.155,37400.0,24572.155000000002,5
5384,2485,145,305,0,305,290,10,5,95,95,0,95,430,140,95365.99125,38250.0,57115.99125000001,5
5385,2485,130,335,0,335,275,60,0,115,115,0,115,400,55,31488.390000000003,39525.0,-8036.609999999996,5
5386,2485,150,315,0,315,280,5,30,100,100,0,100,425,70,39217.14000000001,39525.0,-307.85999999999603,5
5387,2485,115,310,0,310,295,10,5,90,90,0,90,405,90,54946.710000000014,36125.0,18821.710000000014,5
5388,2485,130,315,0,315,280,35,0,80,80,0,80,405,95,64601.505,37825.0,26776.504999999997,5
5389,2485,185,295,0,295,290,0,5,95,95,0,95,470,60,39180.082500000004,40800.0,-1619.9174999999923,5
5390,2485,145,330,0,330,315,5,10,75,75,0,75,455,95,61148.3625,40375.0,20773.362500000003,5
5391,2485,130,360,0,360,310,30,20,75,75,0,70,435,40,20530.08,41650.0,-21119.92,5
5392,2485,150,305,0,305,285,5,15,80,80,0,80,430,50,32223.645000000004,38675.0,-6451.354999999994,5
5393,2485,160,300,0,300,285,5,10,80,80,0,75,440,60,35364.15,39100.0,-3735.849999999996,5
5394,2485,140,305,0,305,295,10,0,100,100,0,100,430,95,59914.53000000001,37825.0,22089.530000000013,5
5395,2485,140,320,0,320,285,10,25,80,80,0,80,420,60,40148.77500000001,39100.0,1048.775000000005,5
5396,2485,165,300,0,300,260,30,10,125,125,0,125,420,75,43169.04000000001,39525.0,3644.0400000000045,5
5397,2485,155,295,0,295,250,25,20,90,90,0,90,400,105,65848.76999999999,38250.0,27598.769999999997,5
5398,2485,120,330,0,330,310,10,10,75,75,0,75,425,105,72143.01000000001,38250.0,33893.01,5
5399,2485,135,330,0,330,315,5,10,75,75,0,75,445,75,42946.29000000001,39525.0,3421.290000000008,5
5400,2485,95,345,0,345,315,30,0,90,90,0,90,405,70,38584.08000000001,37400.0,1184.080000000008,5
5401,2485,100,315,0,315,310,0,5,90,90,0,85,405,55,32090.94000000001,35275.0,-3184.0599999999904,5
5402,2485,160,325,0,325,285,10,30,85,85,0,80,440,40,21884.940000000002,41225.0,-19340.059999999998,5
5403,2485,135,330,0,330,295,0,35,85,85,0,85,425,75,45980.55,39525.0,6455.550000000003,5
5404,2485,145,310,0,310,275,15,20,105,105,0,100,415,75,42021.18000000001,38675.0,3346.180000000004,5
5405,2485,135,290,0,290,285,5,0,110,110,0,110,415,155,110958.70781250007,36125.0,74833.70781250007,5
5406,2485,125,320,0,320,320,0,0,65,65,0,65,440,55,31609.619999999995,37825.0,-6215.380000000005,5
5407,2485,200,285,0,285,255,25,5,75,75,0,75,450,40,23662.890000000007,41225.0,-17562.109999999993,5
5408,2485,130,335,0,335,305,0,30,70,70,0,70,430,55,32971.950000000004,39525.0,-6553.049999999998,5
5409,2485,180,315,0,315,290,5,20,75,75,0,75,465,55,31012.740000000005,42075.0,-11062.259999999997,5
5410,2485,165,290,0,290,280,0,10,85,85,0,85,440,105,71559.13500000001,38675.0,32884.13500000002,5
5411,2485,250,260,0,260,235,10,15,70,70,0,65,480,40,23037.030000000006,43350.0,-20312.969999999994,5
5412,2485,195,280,0,280,250,0,30,80,80,0,80,440,75,46548.495,40375.0,6173.495000000003,5
5413,2485,155,285,0,285,255,5,25,115,115,0,115,405,110,71136.89437500002,37400.0,33736.89437500002,5
5414,2485,165,290,0,290,285,0,5,85,85,0,85,445,100,64314.90000000001,38675.0,25639.90000000001,5
5415,2485,175,310,0,310,280,20,10,85,85,0,80,450,75,45952.42500000001,41225.0,4727.425000000012,5
5416,2485,165,305,0,305,265,5,35,100,100,0,100,425,75,48177.045000000006,39950.0,8227.045000000007,5
5417,2485,140,295,0,295,295,0,0,90,90,0,85,430,70,42369.03,36975.0,5394.0300000000025,5
5418,2485,125,335,0,335,315,10,10,65,65,0,65,435,50,26326.440000000002,39100.0,-12773.559999999998,5
5419,2485,100,335,0,335,260,50,25,95,95,0,95,355,45,26471.610000000004,36975.0,-10503.389999999996,5
5420,2485,120,330,0,330,325,0,5,85,85,0,85,440,25,12819.240000000002,38250.0,-25430.760000000002,5
5421,2485,115,315,0,315,260,30,25,105,105,0,100,370,110,72266.90625000001,36550.0,35716.90625000002,5
5422,2485,170,280,0,280,275,5,0,90,90,0,90,440,95,68109.67125000001,38250.0,29859.67125000001,5
5423,2485,170,315,0,315,295,5,15,65,65,0,65,460,60,35646.84000000001,41225.0,-5578.159999999989,5
5424,2485,160,300,0,300,290,10,0,90,90,0,90,445,70,41937.57000000001,39100.0,2837.570000000005,5
5425,2485,165,300,0,300,270,10,20,110,110,0,110,430,85,50974.717500000006,39525.0,11449.717500000006,5
5426,2485,190,280,0,280,280,0,0,95,95,0,95,465,80,50008.365000000005,39950.0,10058.365000000003,5
5427,2485,205,285,0,285,280,5,0,105,105,0,105,480,45,24562.260000000006,41650.0,-17087.739999999994,5
5428,2485,180,290,0,290,255,10,25,105,105,0,105,430,50,32355.405000000006,39950.0,-7594.594999999995,5
5429,2485,140,305,0,305,250,35,20,105,105,0,105,385,100,68426.6653125,37825.0,30601.66531250001,5
5430,2485,135,315,0,315,260,50,5,90,90,0,90,390,105,69390.405,38250.0,31140.405,5
5431,2485,145,315,0,315,315,0,0,80,80,0,80,455,35,19359.9,39100.0,-19740.1,5
5432,2485,180,300,0,300,265,15,20,105,105,0,105,440,115,70202.88,40800.0,29402.880000000005,5
5433,2485,130,330,0,330,290,0,40,75,75,0,70,415,50,26770.5,39100.0,-12329.499999999998,5
5434,2485,150,310,0,310,295,15,0,90,90,0,85,440,60,31998.420000000006,39100.0,-7101.5799999999945,5
5435,2485,130,325,0,325,320,5,0,80,80,0,75,445,55,33473.79,38675.0,-5201.209999999996,5
5436,2485,190,300,0,300,300,0,0,65,65,0,65,485,45,27338.58,41650.0,-14311.419999999998,5
5437,2485,145,320,0,320,300,0,20,105,105,0,105,440,80,46859.670000000006,39525.0,7334.6700000000055,5
5438,2485,115,330,0,330,280,20,30,90,90,0,85,390,75,44830.62000000001,37825.0,7005.620000000008,5
5439,2485,105,330,0,330,310,15,5,85,85,0,85,410,60,31477.140000000007,36975.0,-5497.8599999999915,5
5440,2485,140,305,0,305,255,35,15,110,110,0,110,390,135,85682.20500000002,37825.0,47857.205000000016,5
5441,2485,200,270,0,270,270,0,0,85,85,0,85,465,70,42605.82000000001,39950.0,2655.8200000000033,5
5442,2485,230,285,0,285,280,5,0,80,80,0,80,505,40,23046.120000000003,43775.0,-20728.879999999997,5
5443,2485,120,320,0,320,280,30,10,90,90,0,90,395,55,29637.9,37400.0,-7762.1,5
5444,2485,120,320,0,320,275,15,30,85,85,0,85,390,105,72478.21500000003,37400.0,35078.21500000002,5
5445,2485,255,265,0,265,260,5,0,95,95,0,95,510,60,30928.140000000003,44200.0,-13271.859999999997,5
5446,2485,140,310,0,310,280,5,25,100,100,0,100,415,115,71617.3425,38250.0,33367.3425,5
5447,2485,210,305,0,305,270,5,30,75,75,0,70,475,55,32622.03,43775.0,-11152.970000000001,5
5448,2485,120,340,0,340,290,45,5,90,90,0,90,405,50,28790.460000000003,39100.0,-10309.539999999997,5
5449,2485,130,330,0,330,315,0,15,75,75,0,75,440,85,54057.17250000001,39100.0,14957.172500000006,5
5450,2485,150,290,0,290,280,10,0,80,80,0,80,425,50,29588.040000000008,37400.0,-7811.95999999999,5
5451,2485,180,270,0,270,235,25,10,105,105,0,105,410,100,63814.005,38250.0,25564.004999999997,5
5452,2485,145,300,0,300,300,0,0,90,90,0,90,440,75,47279.74500000001,37825.0,9454.745000000012,5
5453,2485,135,315,0,315,260,55,0,110,110,0,105,390,55,34495.425,38250.0,-3754.5749999999953,5
5454,2485,150,280,0,280,255,15,10,110,110,0,110,400,105,68709.29625000001,36550.0,32159.296250000014,5
5455,2485,160,290,0,290,275,10,5,100,100,0,100,430,80,49794.840000000004,38250.0,11544.840000000004,5
5456,2485,225,280,0,280,270,10,0,95,95,0,95,490,45,26678.79,42925.0,-16246.210000000001,5
5457,2485,200,260,0,260,260,0,0,85,85,0,85,455,65,37952.100000000006,39100.0,-1147.899999999995,5
5458,2485,150,340,0,340,265,60,15,100,100,0,100,410,65,38589.21000000001,41650.0,-3060.7899999999927,5
5459,2485,125,315,0,315,280,35,0,105,105,0,105,400,80,48038.58000000001,37400.0,10638.58000000001,5
5460,2485,155,305,0,305,270,20,15,110,110,0,105,420,110,69476.17500000002,39100.0,30376.17500000002,5
5461,2485,155,310,0,310,305,0,5,85,85,0,85,455,55,32404.050000000003,39525.0,-7120.949999999998,5
5462,2485,160,305,0,305,280,0,25,100,100,0,100,435,40,23047.920000000006,39525.0,-16477.079999999994,5
5463,2485,120,310,0,310,265,25,20,75,75,0,70,380,95,65247.333750000005,36550.0,28697.333750000005,5
5464,2485,140,320,0,320,310,0,10,70,70,0,70,445,75,46155.15,39100.0,7055.150000000003,5
5465,2485,115,325,0,325,290,20,15,75,75,0,70,400,85,56996.61187500002,37400.0,19596.611875000017,5
5466,2485,165,295,0,295,290,0,5,65,65,0,65,450,85,58131.888750000006,39100.0,19031.888750000006,5
5467,2485,155,300,0,300,275,20,5,110,110,0,110,425,85,51954.93000000001,38675.0,13279.930000000004,5
5468,2485,145,300,0,300,280,15,5,95,95,0,95,420,120,79380.045,37825.0,41555.045,5
5469,2485,200,280,0,280,265,0,15,90,90,0,90,460,90,59734.575000000004,40800.0,18934.575000000004,5
5470,2485,190,300,0,300,265,10,25,105,105,0,100,450,55,28165.14,41650.0,-13484.859999999999,5
5471,2485,140,295,0,295,280,5,10,85,85,0,85,415,105,65191.050000000025,36975.0,28216.050000000025,5
5472,2485,120,315,0,315,240,60,15,90,90,0,90,355,150,106256.88562500001,36975.0,69281.88562500001,5
5473,2485,80,360,0,360,340,0,20,50,50,0,50,415,35,21423.690000000006,37400.0,-15976.309999999994,5
5474,2485,170,305,0,305,290,0,15,90,90,0,90,455,70,42457.81500000001,40375.0,2082.8150000000096,5
5475,2485,215,265,0,265,250,10,5,105,105,0,105,460,90,55308.42000000003,40800.0,14508.420000000024,5
5476,2485,135,325,0,325,275,35,15,95,95,0,90,405,55,32135.940000000006,39100.0,-6964.059999999995,5
5477,2485,140,285,0,285,265,0,20,105,105,0,105,400,75,46584.899999999994,36125.0,10459.899999999998,5
5478,2485,160,300,0,300,285,0,15,105,105,0,105,440,65,40010.35500000001,39100.0,910.3550000000087,5
5479,2485,130,315,0,315,280,35,0,90,90,0,90,405,80,45336.420000000006,37825.0,7511.420000000007,5
5480,2485,215,275,0,275,275,0,0,90,90,0,90,485,85,47168.640000000014,41650.0,5518.640000000014,5
5481,2485,125,320,0,320,315,0,5,85,85,0,85,435,70,42703.11000000001,37825.0,4878.110000000006,5
5482,2485,145,320,0,320,285,20,15,105,105,0,105,425,75,41955.57000000001,39525.0,2430.570000000007,5
5483,2485,125,310,0,310,280,5,25,85,85,0,85,400,90,57917.385,36975.0,20942.385000000002,5
5484,2485,205,265,0,265,265,0,0,95,95,0,95,465,75,45342.09000000001,39950.0,5392.090000000007,5
5485,2485,130,315,0,315,305,0,10,90,90,0,90,430,60,32247.360000000004,37825.0,-5577.639999999997,5
5486,2485,220,285,0,285,275,0,10,85,85,0,85,490,75,45097.065,42925.0,2172.0650000000023,5
5487,2485,155,330,0,330,325,0,5,65,65,0,65,475,40,22664.880000000005,41225.0,-18560.119999999995,5
5488,2485,135,295,0,295,230,25,40,115,115,0,115,360,55,31769.820000000007,36550.0,-4780.179999999991,5
5489,2485,115,335,0,335,260,65,10,105,105,0,105,370,125,78681.28500000002,38250.0,40431.28500000002,5
5490,2485,220,300,0,300,290,0,10,70,70,0,70,505,35,19180.980000000003,44200.0,-25019.02,5
5491,2485,170,285,0,285,270,15,0,80,80,0,80,435,55,32859.270000000004,38675.0,-5815.729999999999,5
5492,2485,120,330,0,330,280,20,30,95,95,0,95,395,90,59303.34000000001,38250.0,21053.340000000007,5
5493,2485,150,330,0,330,280,40,10,80,80,0,80,425,60,36284.490000000005,40800.0,-4515.509999999995,5
5494,2485,145,315,0,315,300,0,15,90,90,0,85,440,45,25429.320000000003,39100.0,-13670.679999999997,5
5495,2485,195,300,0,300,295,5,0,70,70,0,70,485,65,45222.50250000001,42075.0,3147.5025000000096,5
5496,2485,155,280,0,280,255,20,5,80,80,0,80,405,90,64838.790000000015,36975.0,27863.790000000015,5
5497,2485,215,270,0,270,270,0,0,75,75,0,75,480,90,59283.135,41225.0,18058.135000000002,5
5498,2485,125,315,0,315,310,5,0,70,70,0,70,430,110,77080.78125000003,37400.0,39680.78125000003,5
5499,2485,140,340,0,340,300,10,30,55,55,0,55,435,45,24294.6,40800.0,-16505.4,5
5500,2485,130,300,0,300,295,5,0,80,80,0,75,420,90,57348.18,36550.0,20798.18,5
5501,2485,205,275,0,275,255,5,15,95,95,0,95,455,110,69401.34000000001,40800.0,28601.34000000001,5
5502,2485,180,295,0,295,290,0,5,90,90,0,90,465,60,33760.17000000001,40375.0,-6614.829999999988,5
5503,2485,145,315,0,315,305,5,5,85,85,0,85,445,80,47248.649999999994,39100.0,8148.649999999998,5
5504,2485,140,305,0,305,305,0,0,100,100,0,100,440,110,74936.88,37825.0,37111.880000000005,5
5505,2485,130,340,0,340,320,5,15,70,70,0,70,445,75,44139.15000000001,39950.0,4189.150000000009,5
5506,2485,155,305,0,305,240,55,10,110,110,0,110,390,125,79952.445,39100.0,40852.44500000001,5
5507,2485,220,265,0,265,225,30,10,95,95,0,95,440,75,53142.429375,41225.0,11917.429375000002,5
5508,2485,205,280,0,280,270,10,0,90,90,0,90,470,65,37762.200000000004,41225.0,-3462.7999999999975,5
5509,2485,115,325,0,325,315,0,10,75,75,0,75,425,50,30769.83,37400.0,-6630.169999999998,5
5510,2485,160,305,0,305,300,0,5,90,90,0,90,455,65,35634.24,39525.0,-3890.76,5
5511,2485,115,325,0,325,315,0,10,90,90,0,90,425,110,74621.01375,37400.0,37221.01375,5
5512,2485,100,340,0,340,280,30,30,85,85,0,85,375,70,41784.57000000001,37400.0,4384.570000000003,5
5513,2485,185,300,0,300,285,5,10,85,85,0,85,465,90,52094.295,41225.0,10869.295000000002,5
5514,2485,210,300,0,300,275,10,15,80,80,0,80,480,70,48999.4875,43350.0,5649.487500000005,5
5515,2485,135,325,0,325,290,0,35,75,75,0,75,420,65,44327.40750000001,39100.0,5227.407500000008,5
5516,2485,135,325,0,325,280,30,15,95,95,0,95,410,55,34363.30500000001,39100.0,-4736.694999999991,5
5517,2485,100,365,0,365,280,55,30,80,80,0,80,375,55,30710.25,39525.0,-8814.75,5
5518,2485,165,310,0,310,300,0,10,95,95,0,95,460,55,30437.28,40375.0,-9937.72,5
5519,2485,225,270,0,270,270,0,0,80,80,0,80,490,65,40517.01000000001,42075.0,-1557.9899999999907,5
5520,2485,130,330,0,330,275,25,30,95,95,0,95,400,70,44334.315,39100.0,5234.315000000006,5
5521,2485,125,320,0,320,245,40,35,110,110,0,105,365,65,39620.925,37825.0,1795.925000000002,5
5522,2485,180,295,0,295,295,0,0,75,75,0,75,470,95,69114.22875000002,40375.0,28739.22875000002,5
5523,2485,115,310,0,310,270,25,15,80,80,0,80,380,85,52335.90000000001,36125.0,16210.90000000001,5
5524,2485,150,310,0,310,280,15,15,95,95,0,95,425,65,42573.55500000001,39100.0,3473.5550000000057,5
5525,2485,190,270,0,270,240,25,5,90,90,0,90,425,165,124878.09621093753,39100.0,85778.09621093753,5
5526,2485,180,290,0,290,260,10,20,90,90,0,90,435,100,66350.30062500002,39950.0,26400.300625000018,5
5527,2485,105,325,0,325,280,25,20,90,90,0,90,380,85,57033.38250000001,36550.0,20483.382500000007,5
5528,2485,235,290,0,290,290,0,0,75,75,0,75,520,75,50364.77625,44625.0,5739.776250000004,5
5529,2485,125,325,0,325,275,40,10,85,85,0,85,395,75,47902.455,38250.0,9652.455,5
5530,2485,160,295,0,295,255,35,5,105,105,0,105,410,85,48722.490000000005,38675.0,10047.490000000007,5
5531,2485,155,295,0,295,285,10,0,90,90,0,90,435,65,39504.645,38250.0,1254.644999999996,5
5532,2485,145,315,0,315,300,0,15,65,65,0,65,440,75,48734.64,39100.0,9634.64,5
5533,2485,230,285,0,285,245,35,5,80,80,0,80,470,75,51293.43000000001,43775.0,7518.430000000008,5
5534,2485,155,315,0,315,300,5,10,80,80,0,80,450,70,39499.47,39950.0,-450.52999999999884,5
5535,2485,215,290,0,290,285,5,0,105,105,0,100,495,65,35970.48000000001,42925.0,-6954.519999999993,5
5536,2485,210,290,0,290,270,10,10,75,75,0,75,475,50,27130.86,42500.0,-15369.139999999998,5
5537,2485,205,325,0,325,290,25,10,70,70,0,70,490,30,15527.880000000001,45050.0,-29522.12,5
5538,2485,120,315,0,315,290,25,0,100,100,0,100,405,120,76761.85500000003,36975.0,39786.855000000025,5
5539,2485,130,315,0,315,285,5,25,80,80,0,80,410,80,48445.65000000001,37825.0,10620.650000000005,5
5540,2485,135,325,0,325,315,0,10,70,70,0,70,445,45,28972.980000000007,39100.0,-10127.019999999993,5
5541,2485,180,300,0,300,285,15,0,90,90,0,90,460,75,46471.095,40800.0,5671.095000000005,5
5542,2485,240,270,0,270,255,0,15,100,100,0,100,490,65,33902.640000000014,43350.0,-9447.35999999999,5
5543,2485,180,295,0,295,285,10,0,75,75,0,75,460,55,29385.18,40375.0,-10989.82,5
5544,2485,125,330,0,330,325,0,5,70,70,0,70,445,50,31707.630000000005,38675.0,-6967.369999999996,5
5545,2485,135,305,0,305,290,0,15,90,90,0,90,420,45,25830.180000000004,37400.0,-11569.819999999996,5
5546,2485,145,305,0,305,295,0,10,80,80,0,80,435,95,65569.09500000002,38250.0,27319.095000000016,5
5547,2485,165,340,0,340,300,5,35,80,80,0,80,460,65,38390.4,42925.0,-4534.6,5
5548,2485,90,310,0,310,305,5,0,80,80,0,80,390,75,47670.88500000001,34000.0,13670.885000000007,5
5549,2485,250,245,0,245,190,50,5,120,120,0,115,435,125,78966.27000000002,42075.0,36891.27000000002,5
5550,2485,105,360,0,360,260,75,25,100,100,0,100,360,50,30583.035000000003,39525.0,-8941.964999999997,5
5551,2485,90,365,0,365,310,20,35,65,65,0,65,395,35,17879.4,38675.0,-20795.599999999995,5
5552,2485,175,305,0,305,295,5,5,85,85,0,85,465,80,54999.94500000001,40800.0,14199.945000000007,5
5553,2485,105,360,0,360,300,25,35,90,90,0,90,400,75,48543.75000000001,39525.0,9018.75000000001,5
5554,2485,165,285,0,285,285,0,0,95,95,0,95,445,85,47669.76000000001,38250.0,9419.760000000006,5
5555,2485,140,325,0,325,285,25,15,85,85,0,85,420,95,56548.080000000016,39525.0,17023.080000000016,5
5556,2485,130,325,0,325,285,15,25,85,85,0,80,410,110,81840.87562500002,38675.0,43165.875625000015,5
5557,2485,200,290,0,290,265,15,10,90,90,0,90,460,45,24447.780000000002,41650.0,-17202.219999999998,5
5558,2485,135,310,0,310,270,10,30,90,90,0,85,400,135,93619.56375000002,37825.0,55794.563750000016,5
5559,2485,85,335,0,335,290,30,15,80,80,0,80,370,50,31696.200000000008,35700.0,-4003.799999999992,5
5560,2485,150,300,0,300,285,0,15,80,80,0,80,430,65,35136.00000000001,38250.0,-3113.999999999992,5
5561,2485,165,320,0,320,285,0,35,95,95,0,95,445,45,26439.750000000004,41225.0,-14785.249999999996,5
5562,2485,155,315,0,315,295,15,5,95,95,0,95,445,60,32455.08000000001,39950.0,-7494.919999999993,5
5563,2485,145,305,0,305,305,0,0,80,80,0,80,445,105,68706.49500000001,38250.0,30456.495000000014,5
5564,2485,160,310,0,310,295,15,0,75,75,0,75,450,80,55268.94375,39950.0,15318.943749999999,5
5565,2485,155,320,0,320,315,0,5,55,55,0,55,465,25,12391.2,40375.0,-27983.800000000003,5
5566,2485,110,310,0,310,245,65,0,95,95,0,95,350,140,97715.38500000002,35700.0,62015.385000000024,5
5567,2485,135,330,0,330,305,20,5,65,65,0,65,435,50,28981.620000000003,39525.0,-10543.379999999997,5
5568,2485,140,335,0,335,280,40,15,120,120,0,120,415,90,51917.670000000006,40375.0,11542.670000000007,5
5569,2485,90,335,0,335,310,5,20,80,80,0,80,395,75,44215.47,36125.0,8090.470000000005,5
5570,2485,130,300,0,300,290,10,0,70,70,0,70,415,75,46472.085000000014,36550.0,9922.085000000015,5
5571,2485,140,295,0,295,280,10,5,95,95,0,95,415,40,20880.72,36975.0,-16094.279999999999,5
5572,2485,150,300,0,300,270,30,0,120,120,0,120,415,95,56832.052500000005,38250.0,18582.05250000001,5
5573,2485,155,320,0,320,275,25,20,100,100,0,100,425,100,63448.51500000003,40375.0,23073.515000000025,5
5574,2485,175,300,0,300,285,5,10,60,60,0,60,455,55,34756.11,40375.0,-5618.889999999997,5
5575,2485,175,295,0,295,285,5,5,85,85,0,85,455,60,39149.5725,39950.0,-800.4274999999961,5
5576,2485,110,320,0,320,305,5,10,75,75,0,75,410,75,49708.39500000001,36550.0,13158.39500000001,5
5577,2485,215,280,0,280,270,0,10,85,85,0,85,480,50,26765.820000000003,42075.0,-15309.179999999997,5
5578,2485,195,325,0,325,275,5,45,90,90,0,90,465,60,35001.630000000005,44200.0,-9198.369999999995,5
5579,2485,120,340,0,340,325,0,15,50,50,0,50,440,50,29073.33,39100.0,-10026.669999999998,5
5580,2485,180,295,0,295,280,10,5,90,90,0,90,455,85,60541.95375,40375.0,20166.95375,5
5581,2485,175,325,0,325,285,25,15,90,90,0,90,455,90,58630.455,42500.0,16130.455000000002,5
5582,2485,135,305,0,305,260,30,15,100,100,0,100,390,90,63970.65843750001,37400.0,26570.658437500006,5
5583,2485,140,310,0,310,245,45,20,120,120,0,120,380,70,47886.75,38250.0,9636.750000000002,5
5584,2485,165,310,0,310,280,10,20,100,100,0,100,440,80,48837.51000000001,40375.0,8462.510000000011,5
5585,2485,135,345,0,345,275,60,10,80,80,0,75,405,80,46899.63,40800.0,6099.629999999997,5
5586,2485,95,355,0,355,330,15,10,75,75,0,75,420,85,50363.01000000001,38250.0,12113.010000000013,5
5587,2485,145,295,0,295,270,10,15,100,100,0,100,410,120,76876.2675,37400.0,39476.2675,5
5588,2485,130,320,0,320,305,10,5,65,65,0,65,430,65,43930.4175,38250.0,5680.417500000003,5
5589,2485,110,325,0,325,315,0,10,80,80,0,80,420,115,79396.17750000002,36975.0,42421.17750000001,5
5590,2485,140,315,0,315,290,25,0,90,90,0,90,425,95,61503.61499999999,38675.0,22828.61499999999,5
5591,2485,180,300,0,300,265,30,5,120,120,0,115,440,105,65067.25500000001,40800.0,24267.255000000012,5
5592,2485,130,340,0,340,330,10,0,90,90,0,90,455,55,31170.239999999998,39950.0,-8779.760000000002,5
5593,2485,140,290,0,290,240,25,25,105,105,0,105,375,100,71722.65937500002,36550.0,35172.65937500001,5
5594,2485,120,360,0,360,310,15,35,70,70,0,70,425,45,26270.820000000003,40800.0,-14529.179999999997,5
5595,2485,155,290,0,290,245,20,25,110,110,0,105,395,105,69749.82000000002,37825.0,31924.820000000018,5
5596,2485,105,330,0,330,270,40,20,90,90,0,90,370,105,67561.24500000002,36975.0,30586.245000000017,5
5597,2485,115,365,0,365,305,30,30,85,85,0,85,415,85,50784.345000000016,40800.0,9984.345000000012,5
5598,2485,145,300,0,300,255,10,35,115,115,0,115,395,70,38089.44000000002,37825.0,264.44000000001324,5
5599,2485,140,310,0,310,270,35,5,80,80,0,80,405,80,53997.165000000015,38250.0,15747.165000000014,5
5600,2485,120,355,0,355,305,45,5,70,70,0,70,420,35,17490.240000000005,40375.0,-22884.759999999995,5
5601,2485,160,275,0,275,275,0,0,105,105,0,105,430,135,101488.99289062501,36975.0,64513.99289062501,5
5602,2485,100,345,0,345,300,45,0,80,80,0,80,395,100,69254.38125,37825.0,31429.381250000006,5
5603,2485,170,300,0,300,290,0,10,100,100,0,100,455,95,55795.86,39950.0,15845.860000000002,5
5604,2485,130,315,0,315,265,50,0,80,80,0,80,390,95,68999.94,37825.0,31174.940000000006,5
5605,2485,145,315,0,315,305,0,10,80,80,0,80,445,55,32262.570000000007,39100.0,-6837.429999999995,5
5606,2485,145,320,0,320,315,5,0,85,85,0,85,455,65,39642.75000000001,39525.0,117.75000000000546,5
5607,2485,180,305,0,305,260,10,35,95,95,0,95,435,70,44384.085000000014,41225.0,3159.0850000000137,5
5608,2485,160,305,0,305,265,20,20,105,105,0,105,420,50,30571.695,39525.0,-8953.305,5
5609,2485,165,300,0,300,295,0,5,95,95,0,95,455,75,48790.79999999999,39525.0,9265.79999999999,5
5610,2485,145,295,0,295,265,5,25,90,90,0,90,405,80,50382.000000000015,37400.0,12982.000000000016,5
5611,2485,130,320,0,320,290,0,30,65,65,0,65,415,55,32345.1,38250.0,-5904.900000000002,5
5612,2485,155,315,0,315,280,30,5,90,90,0,90,430,40,21212.46,39950.0,-18737.54,5
5613,2485,140,305,0,305,285,0,20,85,85,0,85,420,65,36220.41,37825.0,-1604.5899999999983,5
5614,2485,155,305,0,305,265,35,5,105,105,0,105,415,65,35170.92000000001,39100.0,-3929.07999999999,5
5615,2485,215,280,0,280,280,0,0,75,75,0,75,490,55,36537.16500000001,42075.0,-5537.8349999999955,5
5616,2485,170,300,0,300,275,25,0,100,100,0,100,440,80,50199.72750000001,39950.0,10249.727500000008,5
5617,2485,115,330,0,330,280,45,5,90,90,0,90,390,110,77849.96062499999,37825.0,40024.96062499999,5
5618,2485,160,295,0,295,230,50,15,95,95,0,95,385,85,57143.70000000001,38675.0,18468.700000000008,5
5619,2485,170,305,0,305,265,5,35,85,85,0,85,430,70,41732.37,40375.0,1357.3700000000008,5
5620,2485,80,355,0,355,335,0,20,70,70,0,70,410,55,28976.039999999997,36975.0,-7998.960000000002,5
5621,2485,110,340,0,340,310,20,10,60,60,0,55,415,80,55569.18375000001,38250.0,17319.18375000001,5
5622,2485,245,280,0,280,270,0,10,75,75,0,75,510,55,32596.199999999997,44625.0,-12028.800000000001,5
5623,2485,185,330,0,330,295,10,25,55,55,0,55,475,50,30884.220000000005,43775.0,-12890.779999999995,5
5624,2485,85,370,0,370,330,30,10,65,65,0,60,410,70,44581.86,38675.0,5906.859999999997,5
5625,2485,170,325,0,325,310,10,5,75,75,0,75,475,55,28229.940000000006,42075.0,-13845.059999999994,5
5626,2485,145,310,0,310,285,20,5,110,110,0,110,425,90,53312.220000000016,38675.0,14637.220000000016,5
5627,2485,110,330,0,330,325,0,5,70,70,0,65,430,55,34660.12500000001,37400.0,-2739.8749999999927,5
5628,2485,110,335,0,335,315,10,10,75,75,0,70,420,70,40498.65000000001,37825.0,2673.650000000007,5
5629,2485,170,295,0,295,275,0,20,90,90,0,90,440,60,38007.405000000006,39525.0,-1517.5949999999966,5
5630,2485,170,295,0,295,285,0,10,80,80,0,80,450,60,33036.84,39525.0,-6488.160000000003,5
5631,2485,155,310,0,310,280,0,30,95,95,0,95,430,95,60208.51500000001,39525.0,20683.515000000007,5
5632,2485,125,340,0,340,320,0,20,70,70,0,70,440,65,34161.66,39525.0,-5363.339999999998,5
5633,2485,130,350,0,350,290,45,15,65,65,0,65,415,60,38676.802500000005,40800.0,-2123.1974999999966,5
5634,2485,160,305,0,305,295,10,0,80,80,0,80,450,90,56314.26000000001,39525.0,16789.260000000013,5
5635,2485,180,290,0,290,270,15,5,90,90,0,85,445,65,39774.42,39950.0,-175.57999999999993,5
5636,2485,165,310,0,310,290,10,10,95,95,0,95,450,60,35417.61,40375.0,-4957.389999999996,5
5637,2485,225,275,0,275,275,0,0,95,95,0,90,495,85,48225.600000000006,42500.0,5725.600000000004,5
5638,2485,105,345,0,345,235,80,30,90,90,0,90,335,100,63138.24000000001,38250.0,24888.240000000013,5
5639,2485,120,335,0,335,305,10,20,70,70,0,70,420,55,30675.240000000005,38675.0,-7999.759999999997,5
5640,2485,170,315,0,315,295,5,15,80,80,0,80,460,50,30284.370000000003,41225.0,-10940.629999999997,5
5641,2485,155,320,0,320,320,0,0,50,50,0,50,470,45,29366.235,40375.0,-11008.765,5
5642,2485,155,310,0,310,230,75,5,120,120,0,120,380,70,41600.07000000001,39525.0,2075.070000000005,5
5643,2485,150,310,0,310,300,5,5,75,75,0,75,445,90,62119.35000000001,39100.0,23019.350000000013,5
5644,2485,195,285,0,285,265,0,20,85,85,0,85,455,55,31678.650000000012,40800.0,-9121.349999999988,5
5645,2485,115,355,0,355,275,60,20,70,70,0,70,385,50,28412.28,39950.0,-11537.72,5
5646,2485,100,340,0,340,290,35,15,95,95,0,95,385,30,17494.56,37400.0,-19905.44,5
5647,2485,155,295,0,295,275,15,5,80,80,0,80,425,100,74784.79968750001,38250.0,36534.79968750001,5
5648,2485,195,305,0,305,300,5,0,105,105,0,105,490,70,39452.490000000005,42500.0,-3047.509999999993,5
5649,2485,200,275,0,275,275,0,0,90,90,0,90,470,110,72631.84500000002,40375.0,32256.845000000012,5
5650,2485,130,315,0,315,295,5,15,90,90,0,85,420,155,108957.87000000004,37825.0,71132.87000000004,5
5651,2485,185,300,0,300,290,0,10,85,85,0,85,470,85,58180.47749999999,41225.0,16955.477499999997,5
5652,2485,120,295,0,295,275,0,20,100,100,0,100,390,70,40866.390000000014,35275.0,5591.39000000001,5
5653,2485,160,305,0,305,295,0,10,95,95,0,95,450,55,33912.225000000006,39525.0,-5612.774999999992,5
5654,2485,145,320,0,320,290,0,30,75,75,0,75,430,25,12034.440000000002,39525.0,-27490.559999999998,5
5655,2485,135,315,0,315,260,20,35,100,100,0,95,390,70,40681.17000000001,38250.0,2431.170000000011,5
5656,2485,145,325,0,325,325,0,0,70,70,0,70,465,65,38859.57000000001,39950.0,-1090.4299999999967,5
5657,2485,215,305,0,305,300,0,5,70,70,0,70,510,55,28640.340000000004,44200.0,-15559.659999999994,5
5658,2485,240,270,0,270,260,0,10,95,95,0,95,495,90,51727.05000000001,43350.0,8377.050000000008,5
5659,2485,155,310,0,310,300,10,0,75,75,0,75,450,75,44603.01,39525.0,5078.010000000004,5
5660,2485,140,315,0,315,255,30,30,105,105,0,100,390,90,55481.220000000016,38675.0,16806.220000000012,5
5661,2485,165,275,0,275,245,0,30,110,110,0,110,405,115,71348.49,37400.0,33948.49000000001,5
5662,2485,125,325,0,325,295,5,25,75,75,0,75,415,70,48749.332500000004,38250.0,10499.3325,5
5663,2485,175,315,0,315,240,45,30,85,85,0,85,410,60,35219.97,41650.0,-6430.029999999997,5
5664,2485,145,300,0,300,265,20,15,95,95,0,95,405,75,56788.453125000015,37825.0,18963.453125000015,5
5665,2485,155,335,0,335,305,0,30,80,80,0,80,455,40,22257.9,41650.0,-19392.1,5
5666,2485,165,300,0,300,275,10,15,100,100,0,95,435,40,20102.760000000002,39525.0,-19422.239999999998,5
5667,2485,195,290,0,290,275,5,10,90,90,0,85,465,65,39684.42,41225.0,-1540.58,5
5668,2485,155,290,0,290,270,15,5,95,95,0,95,420,125,89485.00312500005,37825.0,51660.00312500004,5
5669,2485,140,310,0,310,270,30,10,110,110,0,105,405,50,26947.260000000002,38250.0,-11302.739999999998,5
5670,2485,135,315,0,315,315,0,0,85,85,0,85,445,70,41255.549999999996,38250.0,3005.549999999994,5
5671,2485,120,330,0,330,305,20,5,80,80,0,80,420,75,45838.395000000004,38250.0,7588.395,5
5672,2485,165,280,0,280,280,0,0,85,85,0,85,440,65,38635.47,37825.0,810.4700000000048,5
5673,2485,95,320,0,320,300,15,5,90,90,0,90,390,80,54157.76999999999,35275.0,18882.76999999999,5
5674,2485,100,350,0,350,325,10,15,60,60,0,60,420,45,26157.420000000006,38250.0,-12092.579999999994,5
5675,2485,200,275,0,275,250,20,5,110,110,0,105,445,90,56644.672500000015,40375.0,16269.672500000015,5
5676,2485,240,250,0,250,250,0,0,110,110,0,110,485,90,53476.56000000001,41650.0,11826.560000000009,5
5677,2485,135,305,0,305,285,5,15,110,110,0,105,415,65,36729.90000000001,37400.0,-670.0999999999931,5
5678,2485,180,315,0,315,310,0,5,75,75,0,75,485,45,28557.450000000008,42075.0,-13517.549999999992,5
5679,2485,175,290,0,290,245,20,25,80,80,0,80,415,130,94542.33375000003,39525.0,55017.333750000034,5
5680,2485,105,335,0,335,275,30,30,95,95,0,95,375,45,26296.740000000005,37400.0,-11103.259999999995,5
5681,2485,185,270,0,270,255,5,10,95,95,0,95,435,75,50683.59000000001,38675.0,12008.590000000013,5
5682,2485,120,300,0,300,260,25,15,110,110,0,110,375,85,50561.64000000003,35700.0,14861.640000000025,5
5683,2485,155,300,0,300,280,0,20,120,120,0,115,430,110,68557.32000000002,38675.0,29882.320000000018,5
5684,2485,180,290,0,290,290,0,0,85,85,0,85,465,105,69821.88750000003,39950.0,29871.88750000002,5
5685,2485,115,340,0,340,270,60,10,90,90,0,90,380,65,38372.130000000005,38675.0,-302.8699999999935,5
5686,2485,140,310,0,310,250,40,20,90,90,0,90,385,50,28261.8,38250.0,-9988.2,5
5687,2485,140,310,0,310,285,5,20,90,90,0,90,420,60,33606.18000000001,38250.0,-4643.819999999996,5
5688,2485,220,295,0,295,295,0,0,50,50,0,50,510,50,31018.590000000007,43775.0,-12756.409999999993,5
5689,2485,170,285,0,285,255,0,30,115,115,0,115,420,135,83835.67500000002,38675.0,45160.67500000001,5
5690,2485,150,310,0,310,305,0,5,60,60,0,60,450,90,63994.03875000001,39100.0,24894.038750000007,5
5691,2485,180,285,0,285,260,10,15,90,90,0,90,435,70,37334.700000000004,39525.0,-2190.2999999999975,5
5692,2485,160,305,0,305,295,0,10,75,75,0,75,450,55,36548.145000000004,39525.0,-2976.854999999996,5
5693,2485,85,365,0,365,330,0,35,55,55,0,55,410,35,19909.08,38250.0,-18340.92,5
5694,2485,105,345,0,345,300,40,5,85,85,0,85,400,45,28403.145000000004,38250.0,-9846.854999999996,5
5695,2485,145,310,0,310,275,15,20,95,95,0,95,415,90,61452.58500000001,38675.0,22777.585000000006,5
5696,2485,135,315,0,315,255,20,40,100,100,0,100,385,110,77382.75375,38250.0,39132.75375000001,5
5697,2485,165,285,0,285,265,5,15,80,80,0,80,425,100,69876.50625,38250.0,31626.506250000002,5
5698,2485,195,260,0,260,260,0,0,110,110,0,110,450,100,62039.61000000002,38675.0,23364.610000000022,5
5699,2485,150,310,0,310,290,10,10,80,80,0,80,435,70,44958.735,39100.0,5858.734999999997,5
5700,2485,195,300,0,300,230,40,30,85,85,0,85,420,55,34133.490000000005,42075.0,-7941.509999999998,5
5701,2485,115,340,0,340,325,5,10,65,65,0,65,435,65,44746.89750000001,38675.0,6071.897500000005,5
5702,2485,105,315,0,315,315,0,0,75,75,0,70,415,50,33260.175,35700.0,-2439.824999999996,5
5703,2485,175,255,0,255,255,0,0,100,100,0,95,425,95,61350.43500000003,36550.0,24800.435000000027,5
5704,2485,145,330,0,330,290,15,25,75,75,0,75,430,70,40901.310000000005,40375.0,526.3100000000031,5
5705,2485,150,315,0,315,305,5,5,85,85,0,85,450,65,37425.780000000006,39525.0,-2099.2199999999957,5
5706,2485,105,325,0,325,280,10,35,85,85,0,80,380,105,69396.31125000001,36550.0,32846.311250000006,5
5707,2485,165,305,0,305,290,0,15,80,80,0,80,450,80,55427.85,39950.0,15477.849999999999,5
5708,2485,95,335,0,335,290,45,0,85,85,0,85,380,80,48212.55000000001,36550.0,11662.55000000001,5
5709,2485,165,315,0,315,270,30,15,90,90,0,90,430,75,45877.365000000005,40800.0,5077.365000000009,5
5710,2485,150,325,0,325,290,20,15,65,65,0,65,435,75,47510.685000000005,40375.0,7135.685000000003,5
5711,2485,135,330,0,330,285,35,10,75,75,0,75,415,65,40624.47,39525.0,1099.4700000000012,5
5712,2485,190,295,0,295,280,0,15,90,90,0,90,465,70,41794.38000000001,41225.0,569.3800000000101,5
5713,2485,175,285,0,285,270,0,15,110,110,0,110,440,70,39894.570000000014,39100.0,794.5700000000124,5
5714,2485,210,300,0,300,295,0,5,80,80,0,80,500,50,29141.460000000003,43350.0,-14208.539999999997,5
5715,2485,125,300,0,300,255,20,25,95,95,0,95,375,140,98941.764375,36125.0,62816.764375,5
5716,2485,180,300,0,300,290,0,10,70,70,0,70,465,65,38150.01,40800.0,-2649.989999999998,5
5717,2485,160,295,0,295,290,5,0,115,115,0,110,445,80,45048.87000000001,38675.0,6373.870000000006,5
5718,2485,205,265,0,265,245,15,5,115,115,0,115,445,75,42913.44000000001,39950.0,2963.4400000000096,5
5719,2485,140,330,0,330,290,5,35,110,110,0,110,425,90,55533.69,39950.0,15583.690000000006,5
5720,2485,170,310,0,310,300,0,10,90,90,0,90,465,60,38098.12500000001,40800.0,-2701.8749999999955,5
5721,2485,135,340,0,340,290,40,10,75,75,0,75,420,45,25450.65,40375.0,-14924.349999999999,5
5722,2485,190,305,0,305,260,15,30,85,85,0,85,445,65,45099.27,42075.0,3024.269999999997,5
5723,2485,180,315,0,315,295,20,0,80,80,0,80,470,65,38712.51,42075.0,-3362.489999999998,5
5724,2485,170,295,0,295,285,10,0,100,100,0,100,450,45,24762.780000000002,39525.0,-14762.219999999998,5
5725,2485,100,330,0,330,255,50,25,95,95,0,95,350,80,49764.08250000001,36550.0,13214.082500000013,5
5726,2485,165,285,0,285,280,0,5,90,90,0,90,440,70,42314.579999999994,38250.0,4064.5799999999963,5
5727,2485,135,250,0,250,245,5,0,105,105,0,105,375,140,97571.9671875,32725.0,64846.96718750001,5
5728,2485,145,310,0,310,285,20,5,80,80,0,80,425,65,38190.15,38675.0,-484.8499999999967,5
5729,2485,145,325,0,325,260,40,25,85,85,0,80,400,75,49124.65499999999,39950.0,9174.654999999993,5
5730,2485,140,285,0,285,255,5,25,95,95,0,90,390,110,75074.02875000001,36125.0,38949.028750000005,5
5731,2485,125,320,0,320,295,5,20,65,65,0,65,415,45,28562.49,37825.0,-9262.509999999998,5
5732,2485,145,320,0,320,265,35,20,95,95,0,95,405,70,38270.520000000004,39525.0,-1254.4799999999987,5
5733,2485,85,350,0,350,330,20,0,70,70,0,70,410,65,40706.685000000005,36975.0,3731.6850000000068,5
5734,2485,160,305,0,305,235,25,45,115,115,0,115,390,80,50133.104999999996,39525.0,10608.104999999996,5
5735,2485,160,305,0,305,265,5,35,125,125,0,120,420,130,84332.04750000002,39525.0,44807.04750000001,5
5736,2485,125,320,0,320,295,10,15,90,90,0,85,415,30,14882.400000000001,37825.0,-22942.6,5
5737,2485,145,310,0,310,300,0,10,75,75,0,70,440,40,24342.84,38675.0,-14332.16,5
5738,2485,125,305,0,305,295,10,0,100,100,0,100,415,120,75619.53,36550.0,39069.530000000006,5
5739,2485,95,350,0,350,320,5,25,65,65,0,65,410,45,26318.519999999997,37825.0,-11506.480000000001,5
5740,2485,85,360,0,360,270,50,40,75,75,0,75,350,110,70946.30249999999,37825.0,33121.30249999999,5
5741,2485,185,290,0,290,265,0,25,90,90,0,85,445,85,53949.33000000001,40375.0,13574.330000000009,5
5742,2485,140,310,0,310,260,45,5,100,100,0,95,395,85,56637.72,38250.0,18387.72,5
5743,2485,155,305,0,305,300,0,5,80,80,0,80,450,75,52748.369999999995,39100.0,13648.369999999995,5
5744,2485,180,270,0,270,265,0,5,100,100,0,100,440,75,45244.30500000001,38250.0,6994.305000000004,5
5745,2485,155,320,0,320,305,0,15,55,55,0,55,455,55,35748.315,40375.0,-4626.684999999998,5
5746,2485,185,290,0,290,275,0,15,90,90,0,90,455,50,27941.040000000008,40375.0,-12433.959999999992,5
5747,2485,175,305,0,305,285,15,5,60,60,0,60,455,75,49140.82125,40800.0,8340.821249999999,5
5748,2485,130,320,0,320,305,0,15,60,60,0,55,430,80,50548.5,38250.0,12298.500000000004,5
5749,2485,145,285,0,285,240,15,30,120,120,0,120,380,125,77462.77500000002,36550.0,40912.77500000003,5
5750,2485,210,265,0,265,265,0,0,110,110,0,110,470,65,38468.07,40375.0,-1906.930000000002,5
5751,2485,170,290,0,290,280,5,5,90,90,0,90,445,95,61964.37000000002,39100.0,22864.370000000017,5
5752,2485,120,335,0,335,320,0,15,65,65,0,65,435,95,65504.04750000001,38675.0,26829.047500000008,5
5753,2485,175,300,0,300,300,0,0,85,85,0,85,470,70,40837.14000000001,40375.0,462.14000000000397,5
5754,2485,185,310,0,310,255,50,5,75,75,0,75,435,65,36966.780000000006,42075.0,-5108.219999999992,5
5755,2485,185,275,0,275,275,0,0,85,85,0,85,455,85,55638.495,39100.0,16538.495000000003,5
5756,2485,165,285,0,285,280,0,5,90,90,0,90,440,90,57234.6,38250.0,18984.6,5
5757,2485,205,290,0,290,255,5,30,75,75,0,75,455,85,56533.36500000001,42075.0,14458.365000000013,5
5758,2485,135,325,0,325,300,25,0,70,70,0,70,430,55,30640.320000000007,39100.0,-8459.679999999993,5
5759,2485,180,290,0,290,255,15,20,100,100,0,100,430,45,24773.220000000005,39950.0,-15176.779999999995,5
5760,2485,145,310,0,310,305,0,5,85,85,0,80,445,85,56018.29500000001,38675.0,17343.295000000016,5
5761,2485,180,280,0,280,260,15,5,80,80,0,80,435,70,42716.97,39100.0,3616.970000000001,5
5762,2485,205,260,0,260,245,5,10,115,115,0,115,445,90,53944.56,39525.0,14419.560000000001,5
5763,2485,155,325,0,325,315,0,10,70,70,0,70,465,75,45043.2,40800.0,4243.199999999997,5
5764,2485,85,325,0,325,300,5,20,80,80,0,80,380,25,13433.76,34850.0,-21416.239999999998,5
5765,2485,140,320,0,320,285,15,20,100,100,0,100,420,105,64899.63000000002,39100.0,25799.630000000016,5
5766,2485,205,280,0,280,260,15,5,105,105,0,105,460,55,28625.04,41225.0,-12599.960000000001,5
5767,2485,230,285,0,285,280,5,0,80,80,0,80,505,65,43548.84,43775.0,-226.15999999999985,5
5768,2485,170,295,0,295,280,15,0,65,65,0,65,445,80,53789.06250000001,39525.0,14264.06250000001,5
5769,2485,140,295,0,295,280,0,15,100,100,0,100,415,70,42240.33,36975.0,5265.330000000004,5
5770,2485,175,290,0,290,275,15,0,90,90,0,90,445,30,17625.960000000003,39525.0,-21899.039999999994,5
5771,2485,225,280,0,280,265,0,15,60,60,0,55,485,75,48557.655000000006,42925.0,5632.655000000004,5
5772,2485,140,315,0,315,265,35,15,110,110,0,110,400,120,72583.33499999999,38675.0,33908.33499999999,5
5773,2485,150,290,0,290,280,0,10,90,90,0,90,425,70,43527.51,37400.0,6127.510000000002,5
5774,2485,180,305,0,305,285,0,20,85,85,0,80,460,55,28809.180000000008,41225.0,-12415.819999999994,5
5775,2485,180,300,0,300,285,10,5,60,60,0,60,460,80,52654.18500000001,40800.0,11854.185000000016,5
5776,2485,155,325,0,325,320,0,5,70,70,0,70,470,45,24957.900000000005,40800.0,-15842.099999999995,5
5777,2485,115,325,0,325,290,10,25,85,85,0,85,400,60,33753.96,37400.0,-3646.039999999998,5
5778,2485,150,315,0,315,295,10,10,90,90,0,85,440,60,36967.950000000004,39525.0,-2557.0499999999947,5
5779,2485,100,325,0,325,240,65,20,80,80,0,80,335,100,73174.815,36125.0,37049.81500000001,5
5780,2485,150,295,0,295,280,15,0,90,90,0,90,425,80,50870.340000000004,37825.0,13045.340000000006,5
5781,2485,200,270,0,270,265,5,0,105,105,0,100,460,75,55259.98875000001,39950.0,15309.988750000011,5
5782,2485,145,325,0,325,310,5,10,100,100,0,100,450,95,53657.640000000014,39950.0,13707.64000000001,5
5783,2485,280,270,0,270,260,0,10,55,55,0,55,535,85,60028.4475,46750.0,13278.447500000002,5
5784,2485,100,340,0,340,315,0,25,100,100,0,95,410,60,36405.00000000001,37400.0,-994.9999999999955,5
5785,2485,105,335,0,335,250,65,20,80,80,0,80,350,125,87622.11000000002,37400.0,50222.110000000015,5
5786,2485,160,300,0,300,290,5,5,100,100,0,100,445,75,49553.64000000001,39100.0,10453.640000000005,5
5787,2485,135,315,0,315,305,10,0,100,100,0,100,435,55,30104.100000000002,38250.0,-8145.899999999997,5
5788,2485,165,295,0,295,270,5,20,110,110,0,105,430,90,58816.70999999999,39100.0,19716.709999999992,5
5789,2485,130,320,0,320,315,0,5,65,65,0,60,440,75,48095.63999999999,38250.0,9845.639999999994,5
5790,2485,140,325,0,325,310,15,0,95,95,0,95,445,55,27518.760000000002,39525.0,-12006.239999999998,5
5791,2485,170,295,0,295,275,0,20,95,95,0,90,440,25,12555.720000000001,39525.0,-26969.28,5
5792,2485,180,290,0,290,265,25,0,110,110,0,110,440,85,47319.840000000004,39950.0,7369.840000000004,5
5793,2485,120,315,0,315,305,0,10,85,85,0,85,420,60,34690.41,36975.0,-2284.5899999999983,5
5794,2485,195,270,0,270,240,5,25,110,110,0,110,430,80,45443.97,39525.0,5918.969999999999,5
5795,2485,135,330,0,330,280,25,25,65,65,0,65,410,80,50604.48000000001,39525.0,11079.480000000012,5
5796,2485,190,310,0,310,270,15,25,105,105,0,105,455,80,47925.99000000001,42500.0,5425.990000000011,5
5797,2485,160,305,0,305,245,45,15,105,105,0,105,400,50,31070.925000000003,39525.0,-8454.074999999997,5
5798,2485,230,300,0,300,295,0,5,80,80,0,80,520,65,36683.46,45050.0,-8366.54,5
5799,2485,155,310,0,310,300,10,0,95,95,0,95,450,35,17313.840000000004,39525.0,-22211.159999999996,5
5800,2485,190,280,0,280,255,15,10,95,95,0,95,440,65,36569.52000000001,39950.0,-3380.4799999999886,5
5801,2485,180,300,0,300,275,5,20,80,80,0,80,450,95,66979.85625000003,40800.0,26179.85625000002,5
5802,2485,130,340,0,340,315,15,10,45,45,0,40,440,35,20370.240000000005,39950.0,-19579.759999999995,5
5803,2485,150,330,0,330,265,45,20,90,90,0,85,410,50,27731.16,40800.0,-13068.84,5
5804,2485,135,325,0,325,315,10,0,65,65,0,65,445,35,17340.84,39100.0,-21759.160000000003,5
5805,2485,165,320,0,320,275,35,10,85,85,0,85,435,85,53970.299999999996,41225.0,12745.299999999997,5
5806,2485,125,305,0,305,285,15,5,95,95,0,90,405,95,66894.28875,36550.0,30344.288750000007,5
5807,2485,155,290,0,290,255,15,20,100,100,0,100,405,80,46930.23000000001,37825.0,9105.23000000001,5
5808,2485,110,345,0,345,315,20,10,60,60,0,60,420,55,34986.015,38675.0,-3688.984999999998,5
5809,2485,235,275,0,275,265,0,10,60,60,0,60,495,60,38874.42000000001,43350.0,-4475.579999999991,5
5810,2485,90,370,0,370,340,0,30,55,55,0,55,425,50,28699.38,39100.0,-10400.619999999999,5
5811,2485,130,315,0,315,290,0,25,75,75,0,75,415,85,56683.66500000001,37825.0,18858.665000000008,5
5812,2485,220,250,0,250,250,0,0,110,110,0,110,465,125,85959.005625,39950.0,46009.005625000005,5
5813,2485,135,305,0,305,300,5,0,105,105,0,105,430,80,48855.33,37400.0,11455.330000000004,5
5814,2485,110,345,0,345,275,65,5,80,80,0,80,380,75,46354.320000000014,38675.0,7679.320000000016,5
5815,2485,105,305,0,305,275,15,15,105,105,0,100,375,55,29979.36000000001,34850.0,-4870.639999999989,5
5816,2485,155,320,0,320,295,15,10,85,85,0,85,445,65,39715.47,40375.0,-659.5299999999997,5
5817,2485,170,305,0,305,235,40,30,120,120,0,120,400,95,63327.2625,40375.0,22952.262499999997,5
5818,2485,140,275,0,275,265,0,10,115,115,0,115,400,100,62227.845000000016,35275.0,26952.845000000016,5
5819,2485,140,310,0,310,280,0,30,115,115,0,115,415,90,52330.05000000002,38250.0,14080.05000000002,5
5820,2485,110,330,0,330,300,20,10,70,70,0,70,405,80,56319.1875,37400.0,18919.1875,5
5821,2485,155,305,0,305,275,10,20,90,90,0,90,425,70,41876.19,39100.0,2776.190000000006,5
5822,2485,155,295,0,295,285,0,10,65,65,0,65,435,85,53513.64000000001,38250.0,15263.640000000005,5
5823,2485,140,290,0,290,275,15,0,110,110,0,110,410,95,55170.18000000002,36550.0,18620.18000000002,5
5824,2485,145,310,0,310,305,0,5,85,85,0,85,445,60,40312.62000000001,38675.0,1637.6200000000108,5
5825,2485,160,300,0,300,255,25,20,100,100,0,100,410,90,56954.25,39100.0,17854.25,5
5826,2485,180,295,0,295,295,0,0,65,65,0,60,470,40,24343.020000000004,40375.0,-16031.979999999994,5
5827,2485,125,330,0,330,295,10,25,90,90,0,85,415,90,54595.89,38675.0,15920.89,5
5828,2485,185,300,0,300,300,0,0,75,75,0,75,480,75,47035.530000000006,41225.0,5810.530000000008,5
5829,2485,110,320,0,320,310,0,10,80,80,0,75,415,95,64504.558125,36550.0,27954.558125000003,5
5830,2485,190,290,0,290,275,0,15,85,85,0,85,460,85,58828.1625,40800.0,18028.1625,5
5831,2485,200,285,0,285,270,15,0,85,85,0,85,465,85,52617.825,41225.0,11392.824999999993,5
5832,2485,135,310,0,310,275,30,5,95,95,0,95,405,85,53291.74500000001,37825.0,15466.74500000001,5
5833,2485,120,325,0,325,280,35,10,85,85,0,85,395,90,55723.500000000015,37825.0,17898.500000000015,5
5834,2485,140,320,0,320,290,20,10,105,105,0,105,425,90,57208.545000000006,39100.0,18108.545000000006,5
5835,2485,225,285,0,285,225,40,20,90,90,0,90,445,100,66080.70000000001,43350.0,22730.700000000015,5
5836,2485,175,295,0,295,285,0,10,90,90,0,90,455,45,28810.62,39950.0,-11139.380000000001,5
5837,2485,245,280,0,280,270,0,10,85,85,0,85,510,65,39147.21000000001,44625.0,-5477.789999999991,5
5838,2485,85,345,0,345,325,10,10,80,80,0,80,405,50,27165.600000000006,36550.0,-9384.399999999996,5
5839,2485,115,340,0,340,330,0,10,85,85,0,85,440,85,55183.995,38675.0,16508.995000000003,5
5840,2485,180,265,0,265,240,25,0,100,100,0,100,415,110,73520.14500000002,37825.0,35695.14500000001,5
5841,2485,135,305,0,305,300,5,0,80,80,0,80,430,80,54664.582500000004,37400.0,17264.582500000004,5
5842,2485,160,310,0,310,300,0,10,80,80,0,80,455,70,49916.705625,39950.0,9966.705625000004,5
5843,2485,175,295,0,295,265,30,0,85,85,0,85,435,70,45777.77999999999,39950.0,5827.779999999993,5
5844,2485,100,315,0,315,290,15,10,95,95,0,90,385,85,48820.5,35275.0,13545.500000000002,5
5845,2485,210,250,0,250,245,0,5,85,85,0,85,450,75,49354.537500000006,39100.0,10254.537500000006,5
5846,2485,155,310,0,310,290,10,10,110,110,0,110,440,75,41600.7,39525.0,2075.699999999997,5
5847,2485,135,300,0,300,290,0,10,90,90,0,90,420,50,25789.320000000007,36975.0,-11185.679999999993,5
5848,2485,225,265,0,265,265,0,0,80,80,0,80,485,60,33967.89000000001,41650.0,-7682.109999999993,5
5849,2485,140,310,0,310,285,25,0,80,80,0,80,420,80,46650.465000000004,38250.0,8400.465000000004,5
5850,2485,165,320,0,320,245,45,30,110,110,0,110,405,110,69246.45000000003,41225.0,28021.450000000023,5
5851,2485,140,325,0,325,325,0,0,75,75,0,75,460,55,32050.710000000003,39525.0,-7474.289999999996,5
5852,2485,140,315,0,315,260,40,15,115,115,0,115,395,110,68196.19500000002,38675.0,29521.195000000014,5
5853,2485,125,310,0,310,285,15,10,95,95,0,95,405,65,39762.00000000001,36975.0,2787.0000000000073,5
5854,2485,135,290,0,290,290,0,0,90,90,0,90,420,60,34114.32,36125.0,-2010.6799999999976,5
5855,2485,190,290,0,290,275,0,15,105,105,0,105,460,115,75070.71,40800.0,34270.71000000001,5
5856,2485,115,305,0,305,270,35,0,90,90,0,90,380,70,43404.79500000001,35700.0,7704.795000000013,5
5857,2485,90,335,0,335,335,0,0,75,75,0,75,420,65,46024.29,36125.0,9899.29,5
5858,2485,185,290,0,290,265,0,25,80,80,0,80,445,100,63202.95000000001,40375.0,22827.95000000001,5
5859,2485,110,315,0,315,295,0,20,80,80,0,75,400,65,46376.11125,36125.0,10251.111250000004,5
5860,2485,100,335,0,335,305,25,5,85,85,0,85,400,60,33994.44,36975.0,-2980.559999999996,5
5861,2485,240,280,0,280,255,10,15,125,125,0,120,490,70,35296.56,44200.0,-8903.44,5
5862,2485,140,305,0,305,280,20,5,100,100,0,100,415,80,47515.11750000001,37825.0,9690.117500000006,5
5863,2485,200,300,0,300,255,15,30,75,75,0,70,450,70,43301.25000000001,42500.0,801.2500000000091,5
5864,2485,145,310,0,310,290,20,0,95,95,0,95,430,80,43448.40000000001,38675.0,4773.400000000011,5
5865,2485,100,350,0,350,340,0,10,85,85,0,85,435,65,38084.310000000005,38250.0,-165.68999999999505,5
5866,2485,100,340,0,340,310,20,10,65,65,0,65,405,85,61863.92718750001,37400.0,24463.927187500012,5
5867,2485,205,260,0,260,260,0,0,110,110,0,110,460,85,49223.7,39525.0,9698.699999999999,5
5868,2485,240,250,0,250,250,0,0,80,80,0,80,485,90,58783.61250000002,41650.0,17133.612500000017,5
5869,2485,165,295,0,295,270,10,15,110,110,0,110,430,75,41794.38000000001,39100.0,2694.38000000001,5
5870,2485,200,285,0,285,270,15,0,70,70,0,70,465,55,32425.740000000005,41225.0,-8799.259999999995,5
5871,2485,125,310,0,310,305,0,5,95,95,0,95,425,70,41684.850000000006,36975.0,4709.850000000006,5
5872,2485,105,295,0,295,280,10,5,90,90,0,90,380,105,69828.57,34000.0,35828.57000000001,5
5873,2485,145,325,0,325,295,20,10,85,85,0,85,435,60,32427.360000000008,39950.0,-7522.639999999992,5
5874,2485,215,275,0,275,270,0,5,85,85,0,85,480,45,25240.68,41650.0,-16409.32,5
5875,2485,145,330,0,330,320,0,10,60,60,0,60,460,65,41483.7675,40375.0,1108.7675000000036,5
5876,2485,110,340,0,340,310,25,5,60,60,0,60,415,10,5048.64,38250.0,-33201.36,5
5877,2485,150,295,0,295,275,5,15,90,90,0,90,420,90,59704.69500000001,37825.0,21879.69500000001,5
5878,2485,255,270,0,270,270,0,0,75,75,0,75,520,55,33173.91,44625.0,-11451.089999999995,5
5879,2485,150,320,0,320,280,30,10,90,90,0,90,425,65,36074.880000000005,39950.0,-3875.119999999997,5
5880,2485,160,300,0,300,285,15,0,80,80,0,80,440,65,45497.475000000006,39100.0,6397.475000000004,5
5881,2485,160,315,0,315,290,5,20,85,85,0,80,445,105,68705.775,40375.0,28330.774999999994,5
5882,2485,160,325,0,325,275,5,45,95,95,0,95,430,85,52517.16,41225.0,11292.160000000003,5
5883,2485,90,360,0,360,330,0,30,65,65,0,65,415,30,14737.320000000002,38250.0,-23512.68,5
5884,2485,225,295,0,295,260,5,30,95,95,0,95,480,75,42267.240000000005,44200.0,-1932.7599999999984,5
5885,2485,145,315,0,315,300,0,15,90,90,0,90,440,55,29896.740000000005,39100.0,-9203.259999999995,5
5886,2485,155,290,0,290,270,10,10,90,90,0,90,420,55,30634.920000000002,37825.0,-7190.079999999998,5
5887,2485,150,325,0,325,325,0,0,90,90,0,90,470,85,50602.86000000001,40375.0,10227.86000000001,5
5888,2485,100,335,0,335,320,0,15,70,70,0,70,415,80,48906.09000000001,36975.0,11931.090000000013,5
5889,2485,120,320,0,320,320,0,0,85,85,0,85,435,95,60068.20500000002,37400.0,22668.205000000024,5
5890,2485,155,295,0,295,265,5,25,80,80,0,80,415,50,28250.100000000006,38250.0,-9999.899999999994,5
5891,2485,250,260,0,260,240,0,20,110,110,0,110,485,60,33828.21000000001,43350.0,-9521.789999999992,5
5892,2485,140,300,0,300,215,70,15,125,125,0,125,350,110,73942.36875000001,37400.0,36542.36875000001,5
5893,2485,120,340,0,340,310,15,15,80,80,0,80,425,50,27844.740000000005,39100.0,-11255.259999999995,5
5894,2485,140,330,0,330,300,10,20,65,65,0,65,435,70,42782.98500000001,39950.0,2832.985000000008,5
5895,2485,90,355,0,355,315,30,10,85,85,0,85,400,85,58574.340000000004,37825.0,20749.340000000004,5
5896,2485,155,295,0,295,260,30,5,110,110,0,110,410,70,37373.22000000001,38250.0,-876.7799999999897,5
5897,2485,125,320,0,320,275,35,10,105,105,0,105,395,65,35677.08,37825.0,-2147.9199999999946,5
5898,2485,105,335,0,335,295,30,10,95,95,0,95,395,115,78985.11375000002,37400.0,41585.11375000002,5
5899,2485,180,295,0,295,270,15,10,95,95,0,95,445,55,29644.380000000005,40375.0,-10730.619999999995,5
5900,2485,110,355,0,355,255,75,25,85,85,0,85,360,55,32840.280000000006,39525.0,-6684.719999999993,5
5901,2485,135,345,0,345,310,0,35,60,60,0,60,440,50,31521.465000000007,40800.0,-9278.534999999993,5
5902,2485,230,270,0,270,250,15,5,110,110,0,110,475,70,41584.23000000001,42500.0,-915.7699999999932,5
5903,2485,165,305,0,305,275,25,5,110,110,0,110,435,80,49877.46,39950.0,9927.460000000001,5
5904,2485,100,350,0,350,325,0,25,70,70,0,70,420,70,46550.8125,38250.0,8300.812500000002,5
5905,2485,165,295,0,295,285,0,10,75,75,0,70,445,10,4802.4,39100.0,-34297.600000000006,5
5906,2485,140,315,0,315,300,10,5,80,80,0,80,435,50,25637.58,38675.0,-13037.419999999998,5
5907,2485,180,285,0,285,260,15,10,110,110,0,110,435,70,40570.155000000006,39525.0,1045.1550000000043,5
5908,2485,195,290,0,290,285,0,5,85,85,0,85,475,90,58535.955,41225.0,17310.955,5
5909,2485,150,335,0,335,300,30,5,90,90,0,85,445,85,49043.34000000001,41225.0,7818.340000000007,5
5910,2485,135,315,0,315,280,35,0,75,75,0,75,410,50,33450.457500000004,38250.0,-4799.542499999993,5
5911,2485,140,310,0,310,310,0,0,85,85,0,85,445,70,43229.79000000001,38250.0,4979.790000000012,5
5912,2485,190,310,0,310,280,20,10,85,85,0,85,465,55,32008.230000000003,42500.0,-10491.769999999997,5
5913,2485,105,320,0,320,290,15,15,75,75,0,75,390,125,84278.96437500004,36125.0,48153.96437500003,5
5914,2485,175,325,0,325,320,0,5,50,50,0,50,490,50,30941.550000000007,42500.0,-11558.449999999993,5
5915,2485,110,325,0,325,290,20,15,95,95,0,95,395,95,56326.41000000002,36975.0,19351.410000000014,5
5916,2485,150,295,0,295,265,5,25,105,105,0,105,410,30,16705.620000000003,37825.0,-21119.38,5
5917,2485,175,285,0,285,275,5,5,95,95,0,95,445,75,46886.22,39100.0,7786.220000000003,5
5918,2485,160,335,0,335,335,0,0,80,80,0,80,490,45,24409.260000000002,42075.0,-17665.739999999998,5
5919,2485,145,320,0,320,295,25,0,75,75,0,75,435,35,15801.840000000002,39525.0,-23723.159999999996,5
5920,2485,190,315,0,315,280,0,35,80,80,0,80,465,80,49123.17000000001,42925.0,6198.170000000009,5
5921,2485,100,355,0,355,330,15,10,60,60,0,60,425,85,54574.69500000001,38675.0,15899.69500000001,5
5922,2485,165,285,0,285,280,5,0,105,105,0,105,440,110,66094.11000000002,38250.0,27844.110000000008,5
5923,2485,185,290,0,290,225,30,35,125,125,0,120,405,75,40762.080000000016,40375.0,387.0800000000145,5
5924,2485,125,330,0,330,290,0,40,85,85,0,80,410,95,61982.1,38675.0,23307.1,5
5925,2485,160,330,0,330,330,0,0,55,55,0,55,485,65,38842.155,41650.0,-2807.8449999999975,5
5926,2485,140,300,0,300,260,5,35,90,90,0,90,395,55,30532.86,37400.0,-6867.139999999999,5
5927,2485,180,295,0,295,290,5,0,85,85,0,85,465,40,24027.480000000003,40375.0,-16347.519999999995,5
5928,2485,140,310,0,310,310,0,0,75,75,0,75,445,80,54576.405000000006,38250.0,16326.405000000004,5
5929,2485,125,295,0,295,240,35,20,75,75,0,75,360,110,81258.89625000002,35700.0,45558.89625000002,5
5930,2485,255,260,0,260,255,0,5,85,85,0,85,505,40,24716.61,43775.0,-19058.39,5
5931,2485,100,355,0,355,295,55,5,95,95,0,90,390,75,43876.44,38675.0,5201.440000000002,5
5932,2485,165,300,0,300,270,25,5,95,95,0,95,430,75,45112.770000000004,39525.0,5587.77,5
5933,2485,235,265,0,265,265,0,0,80,80,0,80,495,30,17230.68,42500.0,-25269.32,5
5934,2485,135,315,0,315,300,0,15,95,95,0,90,430,110,75774.178125,38250.0,37524.178125000006,5
5935,2485,145,330,0,330,305,20,5,85,85,0,85,445,75,42918.39000000001,40375.0,2543.3900000000085,5
5936,2485,165,305,0,305,300,0,5,60,60,0,60,460,35,18127.800000000003,39950.0,-21822.199999999993,5
5937,2485,130,330,0,330,325,0,5,85,85,0,85,450,60,31784.580000000005,39100.0,-7315.419999999995,5
5938,2485,100,340,0,340,295,15,30,85,85,0,85,390,75,48994.69500000001,37400.0,11594.69500000001,5
5939,2485,125,320,0,320,270,45,5,110,110,0,110,390,95,57375.40500000002,37825.0,19550.40500000002,5
5940,2485,195,270,0,270,235,20,15,125,125,0,125,425,110,66972.24000000002,39525.0,27447.24000000002,5
5941,2485,140,300,0,300,295,0,5,90,90,0,90,430,85,51869.79000000001,37400.0,14469.790000000012,5
5942,2485,140,320,0,320,315,0,5,75,75,0,75,450,100,68545.5525,39100.0,29445.552500000005,5
5943,2485,190,270,0,270,270,0,0,95,95,0,95,455,80,46732.59000000001,39100.0,7632.590000000009,5
5944,2485,170,300,0,300,290,0,10,80,80,0,80,455,25,14684.940000000002,39950.0,-25265.059999999998,5
5945,2485,135,310,0,310,285,0,25,100,100,0,100,415,95,66473.6625,37825.0,28648.6625,5
5946,2485,195,295,0,295,290,5,0,70,70,0,70,480,50,28315.440000000002,41650.0,-13334.559999999998,5
5947,2485,150,285,0,285,275,10,0,90,90,0,90,420,95,63960.98625,36975.0,26985.986250000005,5
5948,2485,190,295,0,295,280,5,10,95,95,0,95,465,95,64415.40750000001,41225.0,23190.40750000001,5
5949,2485,135,310,0,310,300,5,5,75,75,0,75,430,90,61757.28000000001,37825.0,23932.28000000001,5
5950,2485,170,305,0,305,295,0,10,65,65,0,65,460,70,43968.465000000004,40375.0,3593.4650000000056,5
5951,2485,160,285,0,285,245,15,25,120,120,0,120,400,135,88145.505,37825.0,50320.50500000001,5
5952,2485,175,300,0,300,280,15,5,70,70,0,70,450,85,61913.835,40375.0,21538.835,5
5953,2485,185,280,0,280,230,45,5,110,110,0,110,410,135,88310.08125000002,39525.0,48785.08125000002,5
5954,2485,150,305,0,305,250,35,20,120,120,0,120,395,120,76229.64000000001,38675.0,37554.640000000014,5
5955,2485,190,290,0,290,250,0,40,100,100,0,100,435,70,41187.60000000001,40800.0,387.6000000000113,5
5956,2485,140,305,0,305,295,5,5,90,90,0,90,430,110,69213.51000000001,37825.0,31388.510000000006,5
5957,2485,165,285,0,285,250,30,5,105,105,0,105,410,75,46860.03,38250.0,8610.029999999997,5
5958,2485,175,315,0,315,300,10,5,70,70,0,70,470,60,35973.18,41650.0,-5676.819999999998,5
5959,2485,160,300,0,300,290,10,0,90,90,0,90,445,80,56447.38125000002,39100.0,17347.381250000017,5
5960,2485,180,265,0,265,205,40,20,125,125,0,125,380,160,108293.83875,37825.0,70468.83875,5
5961,2485,130,335,0,335,310,10,15,90,90,0,90,435,60,35746.47,39525.0,-3778.529999999996,5
5962,2485,175,275,0,275,270,0,5,95,95,0,95,440,35,19215.900000000005,38250.0,-19034.099999999995,5
5963,2485,140,320,0,320,300,20,0,80,80,0,80,435,65,37162.35,39100.0,-1937.6499999999987,5
5964,2485,125,320,0,320,295,10,15,75,75,0,75,415,60,35406.27000000001,37825.0,-2418.7299999999914,5
5965,2485,170,290,0,290,285,5,0,105,105,0,100,450,60,34130.520000000004,39100.0,-4969.479999999994,5
5966,2485,175,280,0,280,250,20,10,120,120,0,120,420,120,82779.255,38675.0,44104.25500000001,5
5967,2485,80,360,0,360,295,45,20,65,65,0,65,370,55,33464.700000000004,37400.0,-3935.2999999999975,5
5968,2485,190,295,0,295,275,0,20,80,80,0,80,460,45,24013.620000000003,41225.0,-17211.379999999997,5
5969,2485,150,295,0,295,270,25,0,105,105,0,105,415,90,52640.68500000001,37825.0,14815.685000000012,5
5970,2485,160,305,0,305,270,25,10,90,90,0,90,425,65,39224.565,39525.0,-300.4349999999977,5
5971,2485,180,290,0,290,270,0,20,105,105,0,100,445,80,50269.81500000001,39950.0,10319.815000000008,5
5972,2485,170,285,0,285,260,15,10,105,105,0,105,425,35,17328.24,38675.0,-21346.759999999995,5
5973,2485,250,265,0,265,260,0,5,70,70,0,70,505,45,27480.510000000002,43775.0,-16294.489999999996,5
5974,2485,140,305,0,305,280,25,0,100,100,0,100,415,60,36836.73000000001,37825.0,-988.2699999999932,5
5975,2485,165,310,0,310,290,20,0,100,100,0,100,450,70,42583.905000000006,40375.0,2208.9050000000043,5
5976,2485,255,250,0,250,245,0,5,105,105,0,105,495,95,61250.850000000006,42925.0,18325.85000000001,5
5977,2485,195,290,0,290,270,0,20,70,70,0,70,460,35,19160.280000000002,41225.0,-22064.719999999998,5
5978,2485,215,290,0,290,285,0,5,100,100,0,100,495,90,56486.34000000002,42925.0,13561.340000000018,5
5979,2485,170,265,0,265,255,0,10,120,120,0,120,420,105,60488.865,36975.0,23513.864999999998,5
5980,2485,225,270,0,270,270,0,0,95,95,0,95,490,125,85155.89625000002,42075.0,43080.89625000002,5
5981,2485,100,320,0,320,285,25,10,75,75,0,75,380,100,68392.0125,35700.0,32692.0125,5
5982,2485,135,300,0,300,255,35,10,100,100,0,100,385,70,42560.685000000005,36975.0,5585.685000000003,5
5983,2485,140,295,0,295,275,20,0,90,90,0,90,410,80,52443.045,36975.0,15468.045000000002,5
5984,2485,155,305,0,305,270,25,10,75,75,0,75,420,85,52123.455000000016,39100.0,13023.455000000013,5
5985,2485,120,340,0,340,310,15,15,80,80,0,75,425,55,38056.0725,39100.0,-1043.9274999999998,5
5986,2485,100,330,0,330,285,20,25,70,70,0,70,380,65,43228.35,36550.0,6678.35,5
5987,2485,90,340,0,340,310,25,5,65,65,0,65,395,85,58797.630000000005,36550.0,22247.63000000001,5
5988,2485,170,310,0,310,305,0,5,90,90,0,90,470,80,51437.31750000002,40800.0,10637.317500000017,5
5989,2485,185,270,0,270,270,0,0,65,65,0,65,450,65,38354.04000000001,38675.0,-320.95999999999094,5
5990,2485,150,305,0,305,245,45,15,115,115,0,110,390,60,33976.350000000006,38675.0,-4698.649999999998,5
5991,2485,120,360,0,360,315,20,25,70,70,0,70,430,35,20414.160000000003,40800.0,-20385.839999999997,5
5992,2485,125,325,0,325,265,60,0,85,85,0,85,385,50,29027.79,38250.0,-9222.21,5
5993,2485,170,265,0,265,260,5,0,115,115,0,115,425,65,42146.3925,36975.0,5171.392500000002,5
5994,2485,195,290,0,290,285,0,5,80,80,0,80,475,70,45824.7375,41225.0,4599.737500000001,5
5995,2485,155,325,0,325,320,0,5,65,65,0,65,470,55,31433.490000000005,40800.0,-9366.509999999995,5
5996,2485,115,340,0,340,310,0,30,55,55,0,55,420,35,20589.570000000003,38675.0,-18085.429999999997,5
5997,2485,140,315,0,315,290,25,0,95,95,0,95,425,80,48818.97000000001,38675.0,10143.970000000008,5
5998,2485,180,305,0,305,260,35,10,100,100,0,95,435,130,87028.695,41225.0,45803.69500000001,5
5999,2485,100,325,0,325,265,45,15,85,85,0,85,360,100,73684.30500000001,36125.0,37559.305000000015,5
6000,2485,155,305,0,305,300,5,0,80,80,0,80,450,65,41845.68,39100.0,2745.680000000002,5
6001,2485,80,345,0,345,285,40,20,75,75,0,75,360,110,75128.13000000003,36125.0,39003.130000000034,5
6002,2485,170,295,0,295,275,0,20,100,100,0,95,440,50,26008.92,39525.0,-13516.080000000002,5
6003,2485,145,310,0,310,275,20,15,95,95,0,95,415,65,37243.26000000001,38675.0,-1431.7399999999907,5
6004,2485,115,325,0,325,320,0,5,80,80,0,80,430,45,25565.040000000005,37400.0,-11834.959999999995,5
6005,2485,190,265,0,265,245,15,5,105,105,0,105,430,110,69143.01750000002,38675.0,30468.017500000016,5
6006,2485,135,310,0,310,270,35,5,100,100,0,100,400,85,55773.337500000016,37825.0,17948.337500000016,5
6007,2485,115,315,0,315,295,0,20,85,85,0,80,405,75,48839.670000000006,36550.0,12289.670000000006,5
6008,2485,145,295,0,295,270,20,5,80,80,0,80,410,100,74327.89359375002,37400.0,36927.89359375002,5
6009,2485,245,270,0,270,265,0,5,90,90,0,85,505,65,36797.94000000001,43775.0,-6977.059999999992,5
6010,2485,135,335,0,335,275,20,40,95,95,0,95,405,60,32697.72000000001,39950.0,-7252.279999999992,5
6011,2485,170,310,0,310,280,10,20,105,105,0,105,445,100,63976.69125,40800.0,23176.691250000003,5
6012,2485,150,310,0,310,290,0,20,80,80,0,80,435,80,51320.88,39100.0,12220.879999999997,5
6013,2485,185,295,0,295,280,10,5,95,95,0,90,460,80,43777.080000000016,40800.0,2977.0800000000145,5
6014,2485,145,315,0,315,300,10,5,85,85,0,85,440,35,19862.820000000003,39100.0,-19237.179999999997,5
6015,2485,165,300,0,300,285,0,15,85,85,0,85,445,70,42669.99,39525.0,3144.989999999998,5
6016,2485,155,305,0,305,295,0,10,90,90,0,90,445,65,37469.43,39100.0,-1630.569999999998,5
6017,2485,150,305,0,305,295,0,10,85,85,0,85,440,65,35394.48,38675.0,-3280.519999999997,5
6018,2485,200,305,0,305,280,10,15,90,90,0,85,475,50,28566.810000000005,42925.0,-14358.189999999995,5
6019,2485,185,270,0,270,245,15,10,115,115,0,115,425,75,39581.28,38675.0,906.2800000000016,5
6020,2485,145,315,0,315,310,0,5,90,90,0,90,450,85,48137.490000000005,39100.0,9037.490000000007,5
6021,2485,185,260,0,260,245,5,10,80,80,0,80,425,65,42081.72750000001,37825.0,4256.727500000006,5
6022,2485,160,315,0,315,300,0,15,85,85,0,85,455,55,31208.4,40375.0,-9166.599999999999,5
6023,2485,140,285,0,285,260,25,0,110,110,0,110,395,70,45391.005000000005,36125.0,9266.005000000005,5
6024,2485,175,290,0,290,280,10,0,135,135,0,135,450,55,31426.560000000005,39525.0,-8098.439999999996,5
6025,2485,115,335,0,335,315,5,15,70,70,0,70,425,55,29311.920000000006,38250.0,-8938.079999999994,5
6026,2485,120,305,0,305,255,45,5,105,105,0,100,370,95,54185.040000000015,36125.0,18060.040000000015,5
6027,2485,180,290,0,290,285,0,5,80,80,0,80,460,80,51509.29500000001,39950.0,11559.295000000011,5
6028,2485,160,290,0,290,285,5,0,80,80,0,80,440,60,34813.17,38250.0,-3436.83,5
6029,2485,100,335,0,335,310,10,15,95,95,0,95,405,55,31068.270000000008,36975.0,-5906.729999999993,5
6030,2485,125,315,0,315,310,0,5,65,65,0,65,430,50,27745.200000000004,37400.0,-9654.799999999996,5
6031,2485,140,310,0,310,305,5,0,90,90,0,90,440,85,48886.830000000016,38250.0,10636.830000000018,5
6032,2485,140,310,0,310,245,40,25,90,90,0,90,380,95,60883.13249999999,38250.0,22633.132499999992,5
6033,2485,120,320,0,320,285,25,10,95,95,0,95,400,60,37323.090000000004,37400.0,-76.90999999999349,5
6034,2485,145,295,0,295,265,10,20,95,95,0,95,405,70,43900.740000000005,37400.0,6500.740000000005,5
6035,2485,120,340,0,340,260,65,15,105,105,0,105,375,60,36602.55000000001,39100.0,-2497.44999999999,5
6036,2485,145,285,0,285,265,20,0,125,125,0,125,405,100,59818.320000000014,36550.0,23268.320000000014,5
6037,2485,120,305,0,305,305,0,0,85,85,0,85,420,85,56693.8125,36125.0,20568.812500000004,5
6038,2485,125,320,0,320,285,15,20,85,85,0,85,405,55,32153.49,37825.0,-5671.509999999998,5
6039,2485,180,305,0,305,300,5,0,75,75,0,75,475,70,44494.515000000014,41225.0,3269.5150000000103,5
6040,2485,145,300,0,300,285,10,5,100,100,0,100,425,70,38817.72000000001,37825.0,992.7200000000084,5
6041,2485,170,295,0,295,280,5,10,95,95,0,90,445,120,86443.26679687502,39525.0,46918.26679687502,5
6042,2485,120,310,0,310,260,45,5,100,100,0,100,375,90,53943.525000000016,36550.0,17393.525000000016,5
6043,2485,105,325,0,325,285,25,15,85,85,0,85,385,65,39599.55,36550.0,3049.5499999999993,5
6044,2485,130,320,0,320,310,0,10,95,95,0,95,435,135,94887.72562500002,38250.0,56637.72562500002,5
6045,2485,125,310,0,310,285,25,0,80,80,0,80,405,115,86055.04828125003,36975.0,49080.04828125002,5
6046,2485,130,330,0,330,310,10,10,95,95,0,90,435,40,23311.8,39100.0,-15788.2,5
6047,2485,150,315,0,315,295,0,20,85,85,0,85,440,55,32347.710000000006,39525.0,-7177.289999999994,5
6048,2485,140,305,0,305,285,0,20,90,90,0,90,420,55,30467.52,37825.0,-7357.4800000000005,5
6049,2485,130,330,0,330,255,45,30,100,100,0,95,380,105,65821.815,39100.0,26721.815000000006,5
6050,2485,120,330,0,330,300,15,15,100,100,0,100,415,110,70620.25500000002,38250.0,32370.255000000016,5
6051,2485,150,300,0,300,270,20,10,100,100,0,100,415,125,89240.55750000001,38250.0,50990.55750000001,5
6052,2485,105,335,0,335,310,15,10,90,90,0,85,410,75,42562.98000000001,37400.0,5162.980000000007,5
6053,2485,140,315,0,315,280,25,10,100,100,0,100,415,85,53549.19000000002,38675.0,14874.190000000017,5
6054,2485,125,300,0,300,290,0,10,80,80,0,80,410,55,32358.780000000006,36125.0,-3766.219999999994,5
6055,2485,180,305,0,305,300,0,5,70,70,0,70,475,50,26799.120000000003,41225.0,-14425.879999999997,5
6056,2485,210,300,0,300,295,0,5,70,70,0,70,500,55,33568.200000000004,43350.0,-9781.8,5
6057,2485,105,350,0,350,350,0,0,75,75,0,75,450,55,31642.11,38675.0,-7032.889999999998,5
6058,2485,235,280,0,280,280,0,0,85,85,0,85,510,40,21335.940000000002,43775.0,-22439.059999999998,5
6059,2485,140,300,0,300,290,5,5,95,95,0,95,425,90,52604.01000000001,37400.0,15204.010000000007,5
6060,2485,120,325,0,325,305,0,20,70,70,0,70,420,75,50643.17999999999,37825.0,12818.179999999993,5
6061,2485,100,325,0,325,265,40,20,90,90,0,90,360,130,86533.3575,36125.0,50408.3575,5
6062,2485,225,280,0,280,240,25,15,85,85,0,85,460,55,27653.940000000002,42925.0,-15271.059999999998,5
6063,2485,135,310,0,310,275,30,5,90,90,0,85,405,80,56532.36375000002,37825.0,18707.363750000022,5
6064,2485,140,295,0,295,225,45,25,130,130,0,130,360,140,89463.96000000005,36975.0,52488.96000000004,5
6065,2485,115,325,0,325,295,20,10,100,100,0,100,405,70,41582.42999999999,37400.0,4182.429999999995,5
6066,2485,215,285,0,285,270,0,15,70,70,0,65,480,65,36986.76,42500.0,-5513.239999999996,5
6067,2485,170,295,0,295,285,0,10,75,75,0,75,450,100,71766.35437500001,39525.0,32241.35437500001,5
6068,2485,145,290,0,290,285,0,5,100,100,0,95,425,85,52428.37500000001,36975.0,15453.375000000005,5
6069,2485,140,290,0,290,255,5,30,115,115,0,115,390,150,95769.0225,36550.0,59219.02250000001,5
6070,2485,160,325,0,325,310,0,15,70,70,0,65,465,75,48332.205,41225.0,7107.205000000004,5
6071,2485,150,315,0,315,255,40,20,105,105,0,105,400,90,54102.329999999994,39525.0,14577.329999999993,5
6072,2485,170,305,0,305,305,0,0,85,85,0,85,470,75,46600.469999999994,40375.0,6225.469999999996,5
6073,2485,135,320,0,320,280,15,25,70,70,0,70,410,55,37049.17500000001,38675.0,-1625.8249999999907,5
6074,2485,125,330,0,330,265,40,25,120,120,0,115,385,65,35410.590000000004,38675.0,-3264.409999999998,5
6075,2485,170,290,0,290,270,10,10,125,125,0,125,435,80,45866.52000000001,39100.0,6766.5200000000095,5
6076,2485,120,325,0,325,315,0,10,70,70,0,65,430,35,17068.320000000007,37825.0,-20756.679999999997,5
6077,2485,155,290,0,290,240,35,15,115,115,0,115,390,85,51902.23500000001,37825.0,14077.23500000001,5
6078,2485,125,320,0,320,300,10,10,70,70,0,70,420,60,35186.76,37825.0,-2638.239999999996,5
6079,2485,90,350,0,350,290,50,10,80,80,0,80,375,45,25962.930000000008,37400.0,-11437.069999999994,5
6080,2485,120,345,0,345,280,20,45,85,85,0,85,395,50,25158.960000000006,39525.0,-14366.039999999994,5
6081,2485,150,320,0,320,305,5,10,70,70,0,70,450,55,30861.9,39950.0,-9088.099999999999,5
6082,2485,150,325,0,325,285,5,35,80,80,0,75,430,65,37667.34,40375.0,-2707.6600000000053,5
6083,2485,135,315,0,315,275,20,20,85,85,0,85,405,70,42507.09000000001,38250.0,4257.090000000007,5
6084,2485,120,320,0,320,305,15,0,85,85,0,85,420,70,48382.72875000002,37400.0,10982.728750000015,5
6085,2485,140,310,0,310,245,45,20,100,100,0,100,380,110,73762.21125,38250.0,35512.21125,5
6086,2485,140,315,0,315,300,0,15,80,80,0,80,435,85,54395.14499999999,38675.0,15720.144999999993,5
6087,2485,190,290,0,290,285,0,5,105,105,0,100,470,70,40851.36,40800.0,51.36000000000422,5
6088,2485,200,255,0,255,245,10,0,125,125,0,125,440,155,106678.95750000003,38675.0,68003.95750000003,5
6089,2485,100,325,0,325,280,10,35,95,95,0,95,375,75,41068.98000000001,36125.0,4943.9800000000105,5
6090,2485,100,330,0,330,305,20,5,95,95,0,95,400,70,42612.84,36550.0,6062.8399999999965,5
6091,2485,120,340,0,340,285,45,10,85,85,0,85,400,40,23639.04,39100.0,-15460.96,5
6092,2485,150,295,0,295,275,0,20,105,105,0,105,420,85,50365.17,37825.0,12540.169999999998,5
6093,2485,135,315,0,315,310,0,5,60,60,0,60,440,30,17638.2,38250.0,-20611.8,5
6094,2485,140,290,0,290,240,25,25,110,110,0,105,375,100,59396.13000000002,36550.0,22846.13000000002,5
6095,2485,140,320,0,320,270,35,15,110,110,0,110,405,80,46975.05000000001,39100.0,7875.05000000001,5
6096,2485,200,285,0,285,270,15,0,90,90,0,90,465,75,47473.064999999995,41225.0,6248.064999999997,5
6097,2485,170,300,0,300,280,10,10,85,85,0,85,445,50,28206.360000000004,39950.0,-11743.639999999996,5
6098,2485,160,300,0,300,290,0,10,70,70,0,70,445,55,34691.84999999999,39100.0,-4408.150000000005,5
6099,2485,160,300,0,300,255,40,5,110,110,0,110,410,75,42552.09000000001,39100.0,3452.0900000000074,5
6100,2485,110,330,0,330,255,60,15,105,105,0,105,360,95,58716.90000000001,37400.0,21316.900000000005,5
6101,2485,95,360,0,360,300,50,10,70,70,0,70,390,55,27590.4,38675.0,-11084.6,5
6102,2485,105,340,0,340,305,20,15,95,95,0,95,405,55,35016.975000000006,37825.0,-2808.024999999998,5
6103,2485,100,340,0,340,310,10,20,65,65,0,60,405,55,35211.39750000001,37400.0,-2188.6024999999972,5
6104,2485,165,295,0,295,275,10,10,85,85,0,85,435,45,27573.030000000006,39100.0,-11526.969999999992,5
6105,2485,230,300,0,300,300,0,0,65,65,0,65,525,25,17352.090000000004,45050.0,-27697.909999999996,5
6106,2485,130,345,0,345,305,0,40,80,80,0,80,430,45,25358.49,40375.0,-15016.509999999998,5
6107,2485,135,325,0,325,300,25,0,70,70,0,70,430,110,78552.54562500003,39100.0,39452.54562500002,5
6108,2485,100,330,0,330,320,5,5,95,95,0,95,415,85,46200.42000000001,36550.0,9650.420000000013,5
6109,2485,100,345,0,345,330,0,15,60,60,0,60,425,45,23019.300000000003,37825.0,-14805.699999999997,5
6110,2485,190,310,0,310,295,0,15,60,60,0,60,480,50,29270.97,42500.0,-13229.029999999999,5
6111,2485,115,315,0,315,300,0,15,95,95,0,90,410,85,55650.10500000001,36550.0,19100.10500000001,5
6112,2485,145,300,0,300,285,0,15,70,70,0,70,425,50,29216.340000000004,37825.0,-8608.659999999996,5
6113,2485,115,335,0,335,285,50,0,75,75,0,75,395,65,41283.0,38250.0,3033.000000000002,5
6114,2485,125,325,0,325,270,25,30,105,105,0,105,390,80,56302.00875000001,38250.0,18052.008750000005,5
6115,2485,105,345,0,345,290,35,20,65,65,0,65,390,95,66541.97250000002,38250.0,28291.972500000018,5
6116,2485,135,345,0,345,325,5,15,65,65,0,65,455,60,35648.19,40800.0,-5151.81,5
6117,2485,175,285,0,285,260,5,20,95,95,0,95,430,105,67157.50500000002,39100.0,28057.50500000002,5
6118,2485,195,305,0,305,305,0,0,60,60,0,60,495,70,43143.21000000001,42500.0,643.2100000000082,5
6119,2485,145,300,0,300,285,10,5,85,85,0,85,425,75,46311.34500000001,37825.0,8486.34500000001,5
6120,2485,120,345,0,345,335,0,10,60,60,0,60,450,10,5223.240000000001,39525.0,-34301.76,5
6121,2485,230,270,0,270,250,20,0,130,130,0,130,475,100,59423.76,42500.0,16923.760000000002,5
6122,2485,110,355,0,355,295,35,25,75,75,0,75,400,50,30335.040000000005,39525.0,-9189.959999999995,5
6123,2485,140,300,0,300,280,5,15,80,80,0,80,415,105,72224.99999999999,37400.0,34824.99999999999,5
6124,2485,180,295,0,295,280,5,10,90,90,0,90,455,80,50240.81250000002,40375.0,9865.81250000002,5
6125,2485,200,295,0,295,285,0,10,85,85,0,85,480,55,27877.320000000007,42075.0,-14197.679999999991,5
6126,2485,120,315,0,315,265,30,20,110,110,0,110,380,115,70047.27,36975.0,33072.270000000004,5
6127,2485,170,330,0,330,265,30,35,65,65,0,60,430,50,26445.06000000001,42500.0,-16054.939999999991,5
6128,2485,150,310,0,310,310,0,0,75,75,0,75,455,65,37846.8,39100.0,-1253.199999999997,5
6129,2485,260,250,0,250,245,0,5,95,95,0,95,500,80,52808.08500000001,43350.0,9458.08500000001,5
6130,2485,205,280,0,280,265,15,0,105,105,0,105,465,80,50834.07000000001,41225.0,9609.07000000001,5
6131,2485,120,325,0,325,300,10,15,100,100,0,100,415,105,65311.11000000001,37825.0,27486.110000000008,5
6132,2485,195,275,0,275,235,40,0,95,95,0,95,425,135,91163.90250000004,39950.0,51213.90250000004,5
6133,2485,150,290,0,290,240,40,10,125,125,0,125,385,110,70185.69,37400.0,32785.689999999995,5
6134,2485,170,265,0,265,260,5,0,125,125,0,125,425,130,82365.70500000002,36975.0,45390.705000000016,5
6135,2485,215,300,0,300,250,45,5,110,110,0,110,460,90,51690.149999999994,43775.0,7915.149999999994,5
6136,2485,165,310,0,310,280,10,20,80,80,0,80,440,70,43341.57000000001,40375.0,2966.5700000000106,5
6137,2485,150,300,0,300,280,5,15,75,75,0,75,425,130,90626.52937500001,38250.0,52376.52937500001,5
6138,2485,165,310,0,310,270,25,15,85,85,0,85,430,85,55558.1925,40375.0,15183.192499999996,5
6139,2485,210,295,0,295,280,5,10,75,75,0,70,485,80,50107.162500000006,42925.0,7182.162500000004,5
6140,2485,165,310,0,310,290,5,15,65,65,0,65,450,75,51416.415000000015,40375.0,11041.415000000015,5
6141,2485,170,300,0,300,300,0,0,90,90,0,90,465,45,24057.540000000005,39950.0,-15892.459999999995,5
6142,2485,135,340,0,340,325,5,10,80,80,0,80,455,60,31592.880000000005,40375.0,-8782.119999999995,5
6143,2485,95,355,0,355,310,40,5,65,65,0,65,400,40,25901.280000000002,38250.0,-12348.719999999998,5
6144,2485,150,310,0,310,310,0,0,60,60,0,60,455,50,30205.890000000003,39100.0,-8894.109999999997,5
6145,2485,105,320,0,320,295,10,15,95,95,0,90,395,90,61647.626249999994,36125.0,25522.626249999994,5
6146,2485,195,265,0,265,265,0,0,130,130,0,125,455,80,48499.83,39100.0,9399.830000000002,5
6147,2485,180,265,0,265,240,20,5,95,95,0,95,415,110,73662.57,37825.0,35837.57000000001,5
6148,2485,175,300,0,300,270,5,25,115,115,0,115,440,95,54887.40000000001,40375.0,14512.400000000007,5
6149,2485,130,310,0,310,290,0,20,100,100,0,100,415,105,65695.70250000003,37400.0,28295.702500000025,5
6150,2485,160,290,0,290,290,0,0,100,100,0,100,445,100,64443.465000000004,38250.0,26193.465000000004,5
6151,2485,155,290,0,290,290,0,0,85,85,0,85,440,105,67182.5925,37825.0,29357.5925,5
6152,2485,135,300,0,300,290,0,10,70,70,0,65,420,75,48463.695000000014,36975.0,11488.695000000016,5
6153,2485,135,310,0,310,290,15,5,75,75,0,75,420,90,60195.96000000001,37825.0,22370.960000000006,5
6154,2485,215,275,0,275,265,10,0,80,80,0,80,475,60,33196.32000000001,41650.0,-8453.67999999999,5
6155,2485,225,300,0,300,250,40,10,95,95,0,95,470,70,43996.68000000001,44625.0,-628.3199999999943,5
6156,2485,215,260,0,260,245,10,5,125,125,0,125,455,105,66212.59500000002,40375.0,25837.59500000002,5
6157,2485,120,345,0,345,295,50,0,70,70,0,70,410,60,34621.380000000005,39525.0,-4903.619999999992,5
6158,2485,110,315,0,315,290,15,10,100,100,0,100,395,55,33565.68000000001,36125.0,-2559.3199999999933,5
6159,2485,135,335,0,335,315,0,20,60,60,0,60,445,55,32234.49,39950.0,-7715.509999999999,5
6160,2485,160,305,0,305,280,5,20,90,90,0,90,435,55,30165.840000000004,39525.0,-9359.159999999996,5
6161,2485,130,325,0,325,285,40,0,105,105,0,100,410,95,58027.45500000001,38675.0,19352.45500000001,5
6162,2485,115,325,0,325,315,0,10,85,85,0,80,425,80,48228.93000000001,37400.0,10828.93000000001,5
6163,2485,135,290,0,290,290,0,0,105,105,0,105,420,75,45124.06500000001,36125.0,8999.06500000001,5
6164,2485,220,295,0,295,265,30,0,100,100,0,100,480,75,44666.82000000001,43775.0,891.820000000007,5
6165,2485,215,275,0,275,275,0,0,80,80,0,80,485,90,57955.72500000001,41650.0,16305.725000000011,5
6166,2485,95,360,0,360,285,55,20,90,90,0,90,375,70,44021.16,38675.0,5346.16,5
6167,2485,160,300,0,300,275,5,20,110,110,0,110,430,85,55593.8775,39100.0,16493.8775,5
6168,2485,115,320,0,320,295,20,5,75,75,0,75,405,65,39234.87,36975.0,2259.870000000001,5
6169,2485,155,305,0,305,265,30,10,95,95,0,95,415,30,16212.060000000001,39100.0,-22887.94,5
6170,2485,145,305,0,305,275,25,5,105,105,0,105,415,115,70659.94500000002,38250.0,32409.945000000014,5
6171,2485,135,325,0,325,325,0,0,60,60,0,60,455,55,35323.740000000005,39100.0,-3776.259999999993,5
6172,2485,80,335,0,335,310,20,5,75,75,0,75,385,55,32867.865000000005,35275.0,-2407.134999999994,5
6173,2485,130,315,0,315,285,30,0,100,100,0,100,410,125,89944.711875,37825.0,52119.71187499999,5
6174,2485,160,300,0,300,270,25,5,95,95,0,95,425,75,50922.06750000001,39100.0,11822.067500000012,5
6175,2485,105,360,0,360,330,0,30,90,90,0,90,430,60,31621.50000000001,39525.0,-7903.49999999999,5
6176,2485,220,260,0,260,260,0,0,90,90,0,90,475,145,112416.60058593753,40800.0,71616.60058593753,5
6177,2485,200,295,0,295,285,0,10,105,105,0,105,480,80,44276.40000000001,42075.0,2201.4000000000124,5
6178,2485,115,320,0,320,280,35,5,95,95,0,90,390,65,42399.8775,36975.0,5424.877500000002,5
6179,2485,145,295,0,295,290,0,5,90,90,0,85,430,70,39218.58,37400.0,1818.5800000000017,5
6180,2485,185,310,0,310,270,5,35,85,85,0,85,450,90,60192.877500000024,42075.0,18117.877500000024,5
6181,2485,245,270,0,270,265,0,5,75,75,0,75,505,70,46075.634999999995,43775.0,2300.634999999993,5
6182,2485,135,330,0,330,295,15,20,90,90,0,90,425,85,55946.00250000002,39525.0,16421.002500000013,5
6183,2485,95,330,0,330,310,15,5,85,85,0,85,400,100,61469.257500000014,36125.0,25344.257500000014,5
6184,2485,240,265,0,265,240,15,10,80,80,0,80,475,70,41780.61000000001,42925.0,-1144.389999999994,5
6185,2485,175,290,0,290,235,35,20,115,115,0,110,405,115,77572.935,39525.0,38047.935,5
6186,2485,175,290,0,290,255,30,5,110,110,0,110,425,95,57878.82000000001,39525.0,18353.820000000007,5
6187,2485,110,335,0,335,280,25,30,70,70,0,70,385,75,48656.02500000001,37825.0,10831.025000000009,5
6188,2485,185,270,0,270,265,5,0,95,95,0,95,445,80,47687.49000000002,38675.0,9012.490000000016,5
6189,2485,180,285,0,285,275,10,0,90,90,0,90,450,95,64098.855000000025,39525.0,24573.85500000002,5
6190,2485,145,300,0,300,295,0,5,80,80,0,80,435,80,52837.515,37825.0,15012.515000000003,5
6191,2485,160,305,0,305,280,5,20,80,80,0,80,435,70,44185.32,39525.0,4660.3200000000015,5
6192,2485,155,295,0,295,290,5,0,110,110,0,110,440,95,55798.785,38250.0,17548.785000000007,5
6193,2485,120,320,0,320,275,35,10,90,90,0,85,390,70,44458.69500000001,37400.0,7058.695000000007,5
6194,2485,155,305,0,305,275,0,30,115,115,0,115,425,125,77951.25000000003,39100.0,38851.25000000003,5
6195,2485,120,295,0,295,270,25,0,85,85,0,85,385,50,28158.660000000003,35275.0,-7116.339999999996,5
6196,2485,95,340,0,340,310,30,0,85,85,0,85,400,50,30273.930000000004,36975.0,-6701.069999999995,5
6197,2485,135,310,0,310,285,10,15,70,70,0,70,415,30,15691.68,37825.0,-22133.32,5
6198,2485,150,305,0,305,285,20,0,85,85,0,85,430,35,20465.55,38675.0,-18209.45,5
6199,2485,125,315,0,315,280,20,15,80,80,0,80,400,80,51956.55,37400.0,14556.550000000007,5
6200,2485,225,275,0,275,260,10,5,85,85,0,80,480,50,30043.349999999995,42500.0,-12456.650000000005,5
6201,2485,180,300,0,300,290,5,5,60,60,0,60,465,60,39772.84500000001,40800.0,-1027.1549999999934,5
6202,2485,145,325,0,325,325,0,0,85,85,0,85,465,60,33007.32000000001,39950.0,-6942.679999999996,5
6203,2485,115,345,0,345,275,35,35,80,80,0,80,385,85,57515.81625,39100.0,18415.816250000007,5
6204,2485,205,305,0,305,305,0,0,75,75,0,75,505,70,46613.036250000005,43350.0,3263.0362500000047,5
6205,2485,160,320,0,320,245,45,30,115,115,0,115,400,100,64315.93500000001,40800.0,23515.93500000001,5
6206,2485,245,265,0,265,235,10,20,105,105,0,105,475,65,36250.38000000001,43350.0,-7099.619999999991,5
6207,2485,195,240,0,240,240,0,0,120,120,0,120,430,105,61226.46000000001,36975.0,24251.460000000006,5
6208,2485,105,340,0,340,330,0,10,75,75,0,75,430,60,33957.27,37825.0,-3867.7300000000014,5
6209,2485,155,310,0,310,270,20,20,75,75,0,75,420,70,43261.29000000001,39525.0,3736.290000000008,5
6210,2485,180,305,0,305,255,45,5,80,80,0,75,430,60,35628.39,41225.0,-5596.610000000001,5
6211,2485,150,310,0,310,290,15,5,100,100,0,100,435,65,39776.08500000001,39100.0,676.0850000000028,5
6212,2485,205,270,0,270,260,10,0,100,100,0,100,460,120,85717.22062500003,40375.0,45342.22062500003,5
6213,2485,125,305,0,305,285,20,0,85,85,0,85,405,50,27613.440000000006,36550.0,-8936.559999999994,5
6214,2485,165,260,0,260,250,5,5,115,115,0,110,410,145,96296.78250000003,36125.0,60171.78250000003,5
6215,2485,115,330,0,330,305,20,5,65,65,0,65,415,35,19491.120000000003,37825.0,-18333.879999999997,5
6216,2485,160,290,0,290,280,0,10,100,100,0,95,435,55,34844.26500000001,38250.0,-3405.734999999995,5
6217,2485,145,320,0,320,290,20,10,90,90,0,85,430,80,47150.82000000001,39525.0,7625.820000000003,5
6218,2485,180,295,0,295,240,55,0,105,105,0,105,415,115,80008.37718750002,40375.0,39633.377187500024,5
6219,2485,90,325,0,325,250,65,10,85,85,0,85,335,95,63876.10500000001,35275.0,28601.105000000007,5
6220,2485,165,325,0,325,310,10,5,70,70,0,70,470,50,29716.740000000005,41650.0,-11933.259999999995,5
6221,2485,235,270,0,270,260,5,5,70,70,0,65,490,70,50948.22937500001,42925.0,8023.22937500001,5
6222,2485,125,320,0,320,290,10,20,85,85,0,85,410,55,31528.800000000003,37825.0,-6296.199999999999,5
6223,2485,150,335,0,335,315,0,20,65,65,0,65,460,50,27438.300000000003,41225.0,-13786.699999999997,5
6224,2485,175,290,0,290,265,25,0,110,110,0,110,435,75,44823.15000000001,39525.0,5298.150000000005,5
6225,2485,160,315,0,315,305,10,0,100,100,0,100,460,80,42882.48,40375.0,2507.480000000005,5
6226,2485,220,290,0,290,255,30,5,100,100,0,100,470,90,52430.400000000016,43350.0,9080.400000000018,5
6227,2485,125,305,0,305,275,0,30,100,100,0,95,395,90,52594.11000000001,36550.0,16044.11000000001,5
6228,2485,180,300,0,300,290,0,10,90,90,0,90,465,95,61408.890000000014,40800.0,20608.89000000001,5
6229,2485,165,305,0,305,295,10,0,100,100,0,100,455,60,38396.385,39950.0,-1553.6149999999952,5
6230,2485,130,330,0,330,255,55,20,100,100,0,100,380,90,54503.05500000001,39100.0,15403.055000000004,5
6231,2485,125,320,0,320,290,0,30,100,100,0,100,410,115,74759.6925,37825.0,36934.692500000005,5
6232,2485,135,340,0,340,280,40,20,85,85,0,85,410,60,34395.030000000006,40375.0,-5979.969999999994,5
6233,2485,150,315,0,315,265,35,15,95,95,0,95,410,60,41614.6725,39525.0,2089.672499999997,5
6234,2485,160,305,0,305,285,5,15,95,95,0,95,440,70,40827.33000000001,39525.0,1302.3300000000063,5
6235,2485,180,305,0,305,270,5,30,90,90,0,90,445,65,37842.299999999996,41225.0,-3382.7000000000044,5
6236,2485,150,290,0,290,265,25,0,75,75,0,75,410,60,40065.34500000001,37400.0,2665.345000000011,5
6237,2485,140,310,0,310,280,5,25,105,105,0,105,415,70,47250.191249999996,38250.0,9000.191249999998,5
6238,2485,180,325,0,325,305,0,20,45,45,0,45,480,35,19791.9,42925.0,-23133.099999999995,5
6239,2485,185,310,0,310,290,0,20,60,60,0,60,470,85,55150.965,42075.0,13075.964999999997,5
6240,2485,120,345,0,345,345,0,0,70,70,0,70,460,50,29238.570000000003,39525.0,-10286.429999999997,5
6241,2485,145,315,0,315,260,25,30,120,120,0,120,400,100,55919.07000000001,39100.0,16819.07000000001,5
6242,2485,110,345,0,345,280,55,10,95,95,0,95,385,75,42297.30000000002,38675.0,3622.300000000014,5
6243,2485,230,300,0,300,300,0,0,70,70,0,70,525,45,26703.270000000004,45050.0,-18346.729999999996,5
6244,2485,165,330,0,330,325,5,0,60,60,0,60,485,35,20458.08,42075.0,-21616.92,5
6245,2485,150,325,0,325,315,5,5,85,85,0,85,460,120,81185.35500000001,40375.0,40810.35500000001,5
6246,2485,140,295,0,295,230,60,5,100,100,0,100,365,80,49787.46000000001,36975.0,12812.46000000001,5
6247,2485,160,315,0,315,285,15,15,105,105,0,105,440,55,31389.12,40375.0,-8985.880000000001,5
6248,2485,110,330,0,330,315,15,0,85,85,0,85,420,60,31935.240000000005,37400.0,-5464.759999999997,5
6249,2485,185,305,0,305,260,35,10,75,75,0,75,440,75,50545.76625000001,41650.0,8895.766250000006,5
6250,2485,70,345,0,345,315,20,10,60,60,0,60,380,85,65314.79437500002,35275.0,30039.79437500002,5
6251,2485,140,320,0,320,275,10,35,80,80,0,80,410,80,57494.4975,39100.0,18394.497499999998,5
6252,2485,130,335,0,335,315,10,10,75,75,0,70,440,35,19338.300000000003,39525.0,-20186.699999999997,5
6253,2485,205,265,0,265,220,25,20,100,100,0,100,420,135,88113.73500000004,39950.0,48163.73500000005,5
6254,2485,150,270,0,270,265,5,0,105,105,0,105,410,80,47288.97000000001,35700.0,11588.970000000008,5
6255,2485,150,275,0,275,255,5,15,105,105,0,105,400,125,85433.04843749998,36125.0,49308.04843749998,5
6256,2485,215,280,0,280,265,10,5,95,95,0,95,475,45,25972.65,42075.0,-16102.349999999997,5
6257,2485,175,320,0,320,305,0,15,70,70,0,65,475,40,21288.06,42075.0,-20786.94,5
6258,2485,215,290,0,290,280,0,10,50,50,0,50,490,55,38919.104999999996,42925.0,-4005.8950000000004,5
6259,2485,180,310,0,310,300,0,10,90,90,0,90,475,60,35384.670000000006,41650.0,-6265.3299999999945,5
6260,2485,190,310,0,310,255,35,20,95,95,0,95,440,100,58135.770000000004,42500.0,15635.770000000002,5
6261,2485,210,295,0,295,260,35,0,90,90,0,90,465,60,37292.40000000001,42925.0,-5632.599999999993,5
6262,2485,135,340,0,340,285,50,5,80,80,0,80,415,70,39342.780000000006,40375.0,-1032.219999999993,5
6263,2485,185,265,0,265,255,0,10,110,110,0,110,435,70,44362.71000000001,38250.0,6112.710000000006,5
6264,2485,175,315,0,315,290,15,10,90,90,0,90,460,85,52545.960000000014,41650.0,10895.960000000014,5
6265,2485,155,315,0,315,265,30,20,100,100,0,100,415,70,45596.79000000001,39950.0,5646.79000000001,5
6266,2485,125,340,0,340,285,40,15,100,100,0,100,405,80,48746.54250000001,39525.0,9221.542500000014,5
6267,2485,190,295,0,295,295,0,0,80,80,0,80,480,65,38216.16,41225.0,-3008.8399999999956,5
6268,2485,230,280,0,280,270,0,10,75,75,0,75,495,60,36601.380000000005,43350.0,-6748.619999999996,5
6269,2485,160,315,0,315,270,25,20,85,85,0,85,425,50,29207.610000000004,40375.0,-11167.389999999996,5
6270,2485,175,275,0,275,265,10,0,100,100,0,100,435,85,58460.422500000015,38250.0,20210.422500000015,5
6271,2485,130,315,0,315,290,25,0,80,80,0,80,415,50,26362.080000000005,37825.0,-11462.919999999995,5
6272,2485,185,295,0,295,275,0,20,70,70,0,65,455,60,48001.70671875001,40800.0,7201.706718750011,5
6273,2485,110,340,0,340,330,10,0,60,60,0,60,435,55,33973.83000000001,38250.0,-4276.169999999993,5
6274,2485,135,350,0,350,310,5,35,75,75,0,75,440,60,33747.840000000004,41225.0,-7477.159999999994,5
6275,2485,155,315,0,315,275,10,30,85,85,0,80,425,65,37061.280000000006,39950.0,-2888.719999999994,5
6276,2485,135,320,0,320,315,0,5,75,75,0,75,445,95,62394.345000000016,38675.0,23719.345000000012,5
6277,2485,160,310,0,310,295,5,10,80,80,0,80,450,65,42441.7725,39950.0,2491.7724999999973,5
6278,2485,315,240,0,240,225,0,15,70,70,0,70,535,65,41772.915,47175.0,-5402.084999999997,5
6279,2485,100,340,0,340,255,50,35,85,85,0,85,350,60,34659.36,37400.0,-2740.6399999999985,5
6280,2485,135,305,0,305,270,5,30,100,100,0,100,400,85,56578.77000000001,37400.0,19178.77000000001,5
6281,2485,155,315,0,315,295,5,15,80,80,0,80,445,70,43051.3875,39950.0,3101.3875000000007,5
6282,2485,110,335,0,335,305,15,15,80,80,0,80,410,80,47567.070000000014,37825.0,9742.070000000012,5
6283,2485,165,305,0,305,275,20,10,110,110,0,110,435,115,73466.48250000001,39950.0,33516.48250000001,5
6284,2485,115,340,0,340,320,5,15,85,85,0,85,430,85,54951.61500000001,38675.0,16276.61500000001,5
6285,2485,115,310,0,310,310,0,0,80,80,0,75,420,110,71333.77500000001,36125.0,35208.775000000016,5
6286,2485,150,305,0,305,305,0,0,80,80,0,80,450,105,68886.90000000001,38675.0,30211.900000000016,5
6287,2485,160,320,0,320,305,0,15,60,60,0,60,460,35,19149.660000000003,40800.0,-21650.339999999997,5
6288,2485,110,340,0,340,335,0,5,80,80,0,80,440,80,48471.93000000001,38250.0,10221.930000000011,5
6289,2485,125,340,0,340,320,0,20,65,65,0,65,440,20,11260.62,39525.0,-28264.38,5
6290,2485,160,295,0,295,275,5,15,85,85,0,85,430,75,52390.091250000005,38675.0,13715.091250000005,5
6291,2485,160,315,0,315,300,15,0,70,70,0,70,455,60,37659.96000000001,40375.0,-2715.0399999999945,5
6292,2485,150,290,0,290,280,5,5,90,90,0,90,425,75,42959.25,37400.0,5559.250000000002,5
6293,2485,185,315,0,315,310,5,0,70,70,0,70,490,40,21533.58,42500.0,-20966.42,5
6294,2485,150,300,0,300,265,15,20,130,130,0,130,410,95,54648.72000000002,38250.0,16398.720000000023,5
6295,2485,150,325,0,325,320,5,0,95,95,0,95,465,60,38606.939999999995,40375.0,-1768.060000000005,5
6296,2485,205,285,0,285,260,10,15,95,95,0,95,460,65,41398.8525,41650.0,-251.1474999999973,5
6297,2485,215,280,0,280,240,20,20,120,120,0,120,450,85,48995.73000000001,42075.0,6920.730000000012,5
6298,2485,190,315,0,315,305,0,10,60,60,0,60,490,60,36481.86000000001,42925.0,-6443.139999999994,5
6299,2485,195,290,0,290,250,30,10,100,100,0,100,440,80,48047.94000000001,41225.0,6822.940000000008,5
6300,2485,190,285,0,285,265,0,20,100,100,0,95,450,95,63444.51000000001,40375.0,23069.51000000001,5
6301,2485,160,285,0,285,265,10,10,80,80,0,80,420,65,39574.395,37825.0,1749.3949999999995,5
6302,2485,110,335,0,335,330,5,0,85,85,0,85,435,40,25580.61,37825.0,-12244.39,5
6303,2485,130,335,0,335,290,10,35,85,85,0,85,415,70,38264.76000000001,39525.0,-1260.2399999999943,5
6304,2485,125,300,0,300,255,25,20,105,105,0,100,375,85,54682.785,36125.0,18557.785000000003,5
6305,2485,200,285,0,285,270,0,15,75,75,0,75,465,60,36668.43000000001,41225.0,-4556.569999999992,5
6306,2485,165,280,0,280,260,10,10,105,105,0,105,420,75,46236.33000000001,37825.0,8411.330000000007,5
6307,2485,140,315,0,315,295,15,5,80,80,0,75,430,90,54720.85500000001,38675.0,16045.85500000001,5
6308,2485,165,320,0,320,285,25,10,65,65,0,65,445,60,37216.350000000006,41225.0,-4008.6499999999933,5
6309,2485,165,295,0,295,285,0,10,80,80,0,80,445,75,43725.69,39100.0,4625.690000000004,5
6310,2485,215,290,0,290,275,5,10,85,85,0,85,485,65,37601.28000000001,42925.0,-5323.719999999989,5
6311,2485,175,295,0,295,250,40,5,95,95,0,95,420,90,55395.49500000001,39950.0,15445.49500000001,5
6312,2485,165,300,0,300,290,0,10,105,105,0,105,450,90,55136.25,39525.0,15611.25,5
6313,2485,215,325,0,325,315,10,0,70,70,0,70,525,65,36620.82000000001,45900.0,-9279.179999999997,5
6314,2485,200,255,0,255,255,0,0,90,90,0,90,450,110,70757.595,38675.0,32082.595,5
6315,2485,190,290,0,290,275,5,10,90,90,0,90,460,80,49439.97,40800.0,8639.970000000003,5
6316,2485,220,295,0,295,265,15,15,60,60,0,60,480,85,53581.05,43775.0,9806.050000000005,5
6317,2485,135,325,0,325,290,15,20,95,95,0,95,420,90,51742.62000000001,39100.0,12642.620000000006,5
6318,2485,125,325,0,325,285,15,25,110,110,0,105,405,105,70360.79625000001,38250.0,32110.79625000002,5
6319,2485,195,305,0,305,250,50,5,95,95,0,95,440,75,48606.12000000001,42500.0,6106.12000000001,5
6320,2485,140,335,0,335,280,30,25,95,95,0,95,415,45,22262.4,40375.0,-18112.6,5
6321,2485,130,325,0,325,320,0,5,70,70,0,70,445,35,23098.680000000004,38675.0,-15576.319999999996,5
6322,2485,245,275,0,275,270,0,5,85,85,0,85,510,80,46857.78,44200.0,2657.7800000000025,5
6323,2485,130,325,0,325,280,15,30,95,95,0,95,405,115,75798.49500000001,38675.0,37123.49500000001,5
6324,2485,220,280,0,280,250,5,25,80,80,0,75,465,95,65891.26125000001,42500.0,23391.261250000018,5
6325,2485,185,290,0,290,275,0,15,85,85,0,85,455,75,45692.955,40375.0,5317.955000000002,5
6326,2485,190,270,0,270,260,5,5,110,110,0,105,445,70,41330.79000000001,39100.0,2230.7900000000063,5
6327,2485,160,285,0,285,285,0,0,95,95,0,95,440,75,45028.44,37825.0,7203.4400000000005,5
6328,2485,120,320,0,320,270,40,10,95,95,0,90,385,120,79706.565,37400.0,42306.56500000001,5
6329,2485,150,305,0,305,255,30,20,115,115,0,110,400,125,86456.46375000002,38675.0,47781.463750000024,5
6330,2485,90,345,0,345,285,55,5,75,75,0,75,370,50,27630.0,36975.0,-9345.0,5
6331,2485,140,300,0,300,280,5,15,75,75,0,75,415,85,62086.7925,37400.0,24686.792500000003,5
6332,2485,105,330,0,330,260,50,20,100,100,0,100,360,85,57071.745,36975.0,20096.745000000003,5
6333,2485,210,280,0,280,280,0,0,95,95,0,95,485,75,44382.06000000001,41650.0,2732.0600000000104,5
6334,2485,140,285,0,285,280,5,0,95,95,0,90,415,125,78337.30500000002,36125.0,42212.305000000015,5
6335,2485,195,315,0,315,310,0,5,55,55,0,55,500,35,21994.380000000005,43350.0,-21355.619999999995,5
6336,2485,95,335,0,335,280,40,15,70,70,0,70,370,120,86259.86437500003,36550.0,49709.864375000034,5
6337,2485,105,355,0,355,275,80,0,70,70,0,70,375,45,24581.340000000004,39100.0,-14518.659999999996,5
6338,2485,105,330,0,330,295,10,25,80,80,0,80,395,55,30845.880000000005,36975.0,-6129.1199999999935,5
6339,2485,170,320,0,320,295,15,10,70,70,0,70,460,30,15225.840000000004,41650.0,-26424.159999999996,5
6340,2485,165,285,0,285,260,10,15,105,105,0,105,420,100,59965.65000000001,38250.0,21715.650000000005,5
6341,2485,135,330,0,330,315,0,15,80,80,0,80,445,50,29002.86,39525.0,-10522.14,5
6342,2485,160,305,0,305,295,10,0,75,75,0,75,450,60,37499.17500000002,39525.0,-2025.8249999999862,5
6343,2485,110,325,0,325,315,5,5,65,65,0,65,420,85,64684.321874999994,36975.0,27709.321874999994,5
6344,2485,185,305,0,305,285,20,0,60,60,0,60,465,65,43838.07750000001,41650.0,2188.0775000000085,5
6345,2485,150,310,0,310,305,0,5,100,100,0,95,450,100,56383.47000000001,39100.0,17283.47000000001,5
6346,2485,165,290,0,290,255,0,35,115,115,0,115,415,95,56390.44500000001,38675.0,17715.445000000007,5
6347,2485,165,330,0,330,305,0,25,65,65,0,65,465,45,28700.685000000005,42075.0,-13374.314999999997,5
6348,2485,145,320,0,320,310,0,10,70,70,0,70,450,60,35143.200000000004,39525.0,-4381.799999999994,5
6349,2485,170,310,0,310,310,0,0,60,60,0,60,475,55,33753.96,40800.0,-7046.039999999998,5
6350,2485,135,310,0,310,305,0,5,90,90,0,90,435,65,38038.23,37825.0,213.2300000000032,5
6351,2485,205,275,0,275,255,10,10,120,120,0,120,455,145,88577.73000000003,40800.0,47777.730000000025,5
6352,2485,165,280,0,280,240,20,20,115,115,0,115,400,95,57749.94,37825.0,19924.940000000006,5
6353,2485,125,310,0,310,310,0,0,80,80,0,80,430,70,45909.09,36975.0,8934.089999999997,5
6354,2485,200,300,0,300,265,15,20,80,80,0,80,460,55,34572.420000000006,42500.0,-7927.579999999994,5
6355,2485,150,320,0,320,290,10,20,95,95,0,95,435,95,62400.60000000001,39950.0,22450.600000000013,5
6356,2485,110,345,0,345,270,55,20,80,80,0,80,375,90,55320.479999999996,38675.0,16645.479999999996,5
6357,2485,160,305,0,305,300,0,5,65,65,0,60,455,80,59590.068750000006,39525.0,20065.06875000001,5
6358,2485,140,305,0,305,265,20,20,105,105,0,105,400,105,64165.32,37825.0,26340.32,5
6359,2485,190,310,0,310,280,20,10,70,70,0,70,465,80,57691.147500000014,42500.0,15191.147500000015,5
6360,2485,160,305,0,305,270,20,15,100,100,0,100,425,50,26541.180000000004,39525.0,-12983.819999999996,5
6361,2485,120,310,0,310,285,20,5,80,80,0,80,400,70,43909.06500000001,36550.0,7359.06500000001,5
6362,2485,195,280,0,280,265,0,15,90,90,0,90,455,70,46900.5975,40375.0,6525.5975000000035,5
6363,2485,170,300,0,300,280,0,20,80,80,0,80,445,60,35422.020000000004,39950.0,-4527.979999999998,5
6364,2485,90,330,0,330,310,0,20,80,80,0,80,395,80,55381.52250000001,35700.0,19681.52250000001,5
6365,2485,210,290,0,290,250,20,20,65,65,0,65,455,45,23486.760000000002,42500.0,-19013.239999999998,5
6366,2485,150,275,0,275,260,15,0,110,110,0,110,405,140,103424.93437500003,36125.0,67299.93437500003,5
6367,2485,155,290,0,290,285,5,0,90,90,0,90,435,65,40099.77000000001,37825.0,2274.7700000000123,5
6368,2485,155,300,0,300,270,0,30,80,80,0,80,420,110,82825.50375,38675.0,44150.50375,5
6369,2485,215,295,0,295,275,15,5,95,95,0,95,485,40,22279.500000000004,43350.0,-21070.499999999996,5
6370,2485,125,320,0,320,285,25,10,80,80,0,80,405,80,49768.425,37825.0,11943.425000000007,5
6371,2485,210,260,0,260,260,0,0,100,100,0,100,465,60,35796.69,39950.0,-4153.309999999997,5
6372,2485,215,255,0,255,220,20,15,125,125,0,125,430,110,71896.095,39950.0,31946.095000000005,5
6373,2485,145,295,0,295,240,40,15,105,105,0,100,380,65,35653.14,37400.0,-1746.859999999997,5
6374,2485,115,280,0,280,265,15,0,95,95,0,95,375,155,110494.79859374999,33575.0,76919.79859374999,5
6375,2485,120,310,0,310,300,10,0,95,95,0,95,415,50,29029.320000000007,36550.0,-7520.679999999993,5
6376,2485,130,290,0,290,260,15,15,120,120,0,115,385,95,52728.39000000001,35700.0,17028.390000000007,5
6377,2485,205,290,0,290,275,0,15,85,85,0,85,475,55,30312.360000000004,42075.0,-11762.639999999996,5
6378,2485,95,330,0,330,275,30,25,85,85,0,85,365,50,32152.815000000002,36125.0,-3972.1849999999995,5
6379,2485,180,305,0,305,300,0,5,65,65,0,65,475,85,58082.152500000004,41225.0,16857.152500000004,5
6380,2485,105,340,0,340,305,30,5,75,75,0,75,405,75,46784.385,37825.0,8959.385000000002,5
6381,2485,175,310,0,310,285,20,5,85,85,0,85,455,60,33772.68000000001,41225.0,-7452.319999999995,5
6382,2485,130,320,0,320,285,25,10,100,100,0,100,410,80,43883.81999999999,38250.0,5633.819999999996,5
6383,2485,145,280,0,280,270,0,10,105,105,0,100,410,125,87619.27500000002,36125.0,51494.275000000016,5
6384,2485,140,335,0,335,290,35,10,65,65,0,65,425,65,35583.48,40375.0,-4791.519999999996,5
6385,2485,130,310,0,310,310,0,0,80,80,0,80,435,75,49751.662500000006,37400.0,12351.662500000002,5
6386,2485,215,270,0,270,270,0,0,85,85,0,85,480,115,75094.83000000002,41225.0,33869.83000000001,5
6387,2485,120,325,0,325,300,5,20,65,65,0,65,415,40,23773.320000000007,37825.0,-14051.679999999993,5
6388,2485,230,250,0,250,240,5,5,115,115,0,115,465,110,71724.65625,40800.0,30924.656250000007,5
6389,2485,165,325,0,325,265,20,40,80,80,0,80,425,70,39716.280000000006,41650.0,-1933.719999999994,5
6390,2485,205,285,0,285,265,0,20,85,85,0,85,465,65,37185.3,41650.0,-4464.699999999998,5
6391,2485,155,305,0,305,280,0,25,95,95,0,95,430,110,68277.69,39100.0,29177.690000000002,5
6392,2485,145,290,0,290,255,15,20,90,90,0,90,395,100,65965.70250000001,36975.0,28990.702500000014,5
6393,2485,165,315,0,315,240,50,25,100,100,0,100,400,60,34561.80000000001,40800.0,-6238.1999999999925,5
6394,2485,160,305,0,305,305,0,0,75,75,0,75,460,55,32761.170000000002,39525.0,-6763.829999999998,5
6395,2485,180,275,0,275,240,5,30,95,95,0,95,415,90,63786.30468750001,38675.0,25111.304687500007,5
6396,2485,105,350,0,350,310,20,20,70,70,0,70,410,35,21632.13,38675.0,-17042.87,5
6397,2485,175,305,0,305,285,5,15,90,90,0,90,455,100,79949.34421875002,40800.0,39149.34421875002,5
6398,2485,165,300,0,300,300,0,0,95,95,0,95,460,60,39011.174999999996,39525.0,-513.8250000000016,5
6399,2485,200,320,0,320,285,5,30,70,70,0,70,480,30,16047.18,44200.0,-28152.82,5
6400,2485,220,290,0,290,280,0,10,75,75,0,75,495,35,19174.320000000003,43350.0,-24175.679999999997,5
6401,2485,185,285,0,285,240,35,10,110,110,0,110,420,115,78866.46,39950.0,38916.46000000001,5
6402,2485,190,305,0,305,280,0,25,85,85,0,85,465,60,34659.99,42075.0,-7415.010000000002,5
6403,2485,155,305,0,305,265,25,15,95,95,0,95,415,35,18790.74,39100.0,-20309.26,5
6404,2485,205,295,0,295,265,10,20,100,100,0,100,465,80,51405.61500000002,42500.0,8905.615000000016,5
6405,2485,190,275,0,275,225,25,25,105,105,0,105,410,120,77917.00500000002,39525.0,38392.00500000002,5
6406,2485,145,305,0,305,275,15,15,90,90,0,90,415,95,60142.09500000001,38250.0,21892.09500000001,5
6407,2485,205,310,0,310,305,0,5,70,70,0,70,505,65,38444.62500000001,43775.0,-5330.3749999999945,5
6408,2485,155,305,0,305,260,35,10,110,110,0,105,410,110,68475.8925,39100.0,29375.8925,5
6409,2485,175,315,0,315,300,10,5,75,75,0,75,470,90,60923.54250000001,41650.0,19273.54250000001,5
6410,2485,155,305,0,305,270,30,5,75,75,0,70,420,60,39500.28,39100.0,400.2800000000025,5
6411,2485,145,315,0,315,250,55,10,90,90,0,90,390,110,75177.37125000003,39100.0,36077.371250000026,5
6412,2485,145,305,0,305,270,10,25,100,100,0,95,410,75,46683.270000000004,38250.0,8433.270000000002,5
6413,2485,165,315,0,315,285,15,15,80,80,0,80,445,45,22676.4,40800.0,-18123.6,5
6414,2485,165,300,0,300,265,25,10,80,80,0,80,425,90,58060.77750000001,39525.0,18535.77750000001,5
6415,2485,110,335,0,335,300,5,30,80,80,0,80,405,95,60247.17,37825.0,22422.17,5
6416,2485,175,290,0,290,270,10,10,95,95,0,90,440,55,30342.420000000006,39525.0,-9182.579999999994,5
6417,2485,80,365,0,365,315,25,25,75,75,0,75,390,70,50961.667499999996,37825.0,13136.667499999994,5
6418,2485,170,300,0,300,260,20,20,85,85,0,80,425,80,50969.43,39950.0,11019.430000000002,5
6419,2485,200,295,0,295,285,10,0,75,75,0,75,480,65,42898.162500000006,42075.0,823.1625000000076,5
6420,2485,135,315,0,315,305,0,10,85,85,0,85,435,75,46470.105,38250.0,8220.105000000003,5
6421,2485,220,265,0,265,250,0,15,100,100,0,100,465,80,51276.06,41225.0,10051.059999999998,5
6422,2485,150,295,0,295,275,15,5,95,95,0,95,420,145,105427.71562500006,37825.0,67602.71562500006,5
6423,2485,150,335,0,335,295,5,35,70,70,0,70,440,70,45344.56500000001,41225.0,4119.565000000011,5
6424,2485,245,250,0,250,210,25,15,100,100,0,100,450,70,45034.965000000004,42075.0,2959.965000000002,5
6425,2485,160,300,0,300,265,35,0,125,125,0,125,420,100,55880.19,39100.0,16780.190000000002,5
6426,2485,165,315,0,315,275,10,30,85,85,0,85,435,30,14871.24,40800.0,-25928.760000000002,5
6427,2485,100,345,0,345,320,15,10,85,85,0,85,415,95,59525.617500000015,37825.0,21700.617500000015,5
6428,2485,215,280,0,280,265,5,10,90,90,0,90,475,75,41929.83,42075.0,-145.16999999999825,5
6429,2485,165,330,0,330,310,0,20,105,105,0,105,470,75,45567.72000000001,42075.0,3492.7200000000084,5
6430,2485,240,290,0,290,270,0,20,65,65,0,65,505,50,30198.51000000001,45050.0,-14851.48999999999,5
6431,2485,145,325,0,325,305,0,20,75,75,0,75,445,75,48590.14500000001,39950.0,8640.145000000011,5
6432,2485,125,305,0,305,280,20,5,90,90,0,85,400,95,65073.62249999999,36550.0,28523.62249999999,5
6433,2485,130,335,0,335,305,30,0,70,70,0,70,430,60,43641.14625000001,39525.0,4116.146250000011,5
6434,2485,140,320,0,320,255,50,15,95,95,0,95,390,75,43400.430000000015,39100.0,4300.430000000015,5
6435,2485,175,290,0,290,270,20,0,90,90,0,90,440,65,34843.68000000001,39525.0,-4681.319999999996,5
6436,2485,210,285,0,285,255,10,20,105,105,0,105,460,70,41053.86,42075.0,-1021.1399999999958,5
6437,2485,130,295,0,295,280,5,10,115,115,0,115,405,95,54904.41000000002,36125.0,18779.410000000018,5
6438,2485,130,330,0,330,300,0,30,85,85,0,85,425,55,31882.950000000004,39100.0,-7217.049999999995,5
6439,2485,145,320,0,320,300,0,20,90,90,0,90,440,60,35053.380000000005,39525.0,-4471.6199999999935,5
6440,2485,120,325,0,325,280,35,10,90,90,0,90,395,35,19873.08,37825.0,-17951.92,5
6441,2485,90,345,0,345,315,15,15,60,60,0,60,400,35,18877.500000000004,36975.0,-18097.499999999996,5
6442,2485,80,350,0,350,330,5,15,70,70,0,70,405,30,15277.68,36550.0,-21272.32,5
6443,2485,110,325,0,325,315,10,0,65,65,0,65,420,90,63040.91625000001,36975.0,26065.91625000001,5
6444,2485,105,370,0,370,300,60,10,70,70,0,70,400,65,38961.630000000005,40375.0,-1413.3699999999953,5
6445,2485,105,355,0,355,325,10,20,80,80,0,75,425,50,32300.505000000005,39100.0,-6799.494999999997,5
6446,2485,145,310,0,310,255,35,20,115,115,0,115,395,85,49776.840000000004,38675.0,11101.840000000002,5
6447,2485,185,300,0,300,265,25,10,100,100,0,95,445,65,40555.89,41225.0,-669.1100000000006,5
6448,2485,105,340,0,340,305,35,0,60,60,0,60,405,85,58945.79250000001,37825.0,21120.792500000007,5
6449,2485,120,330,0,330,285,40,5,105,105,0,105,400,95,52425.9,38250.0,14175.900000000001,5
6450,2485,135,315,0,315,280,30,5,105,105,0,105,410,80,47214.360000000015,38250.0,8964.360000000015,5
6451,2485,205,290,0,290,280,0,10,95,95,0,95,480,85,51841.66500000001,42075.0,9766.665000000012,5
6452,2485,260,295,0,295,280,0,15,55,55,0,55,535,45,27734.805000000008,47175.0,-19440.194999999992,5
6453,2485,180,325,0,325,270,45,10,70,70,0,70,445,50,34785.495,42925.0,-8139.504999999999,5
6454,2485,155,310,0,310,285,15,10,80,80,0,80,435,85,52357.81499999999,39525.0,12832.814999999991,5
6455,2485,110,325,0,325,325,0,0,70,70,0,70,430,80,49948.784999999996,36975.0,12973.784999999998,5
6456,2485,110,345,0,345,325,20,0,85,85,0,85,430,80,51380.50500000001,38675.0,12705.505000000012,5
6457,2485,120,355,0,355,280,55,20,75,75,0,75,395,45,23791.140000000007,40375.0,-16583.859999999993,5
6458,2485,170,305,0,305,255,25,25,95,95,0,95,420,85,52132.59000000001,40375.0,11757.59000000001,5
6459,2485,110,310,0,310,280,20,10,105,105,0,105,385,80,48224.34000000001,35700.0,12524.340000000011,5
6460,2485,165,310,0,310,305,5,0,75,75,0,75,465,40,23031.810000000005,40375.0,-17343.189999999995,5
6461,2485,125,305,0,305,275,15,15,95,95,0,95,395,110,77470.13812500001,36550.0,40920.13812500001,5
6462,2485,150,305,0,305,285,10,10,95,95,0,95,430,105,68496.52500000002,38675.0,29821.52500000003,5
6463,2485,135,295,0,295,275,15,5,95,95,0,95,405,55,33143.94000000001,36550.0,-3406.0599999999886,5
6464,2485,240,270,0,270,260,10,0,90,90,0,90,495,80,47995.15500000001,43350.0,4645.155000000013,5
6465,2485,140,315,0,315,200,85,30,135,135,0,135,335,85,47757.42000000001,38675.0,9082.420000000011,5
6466,2485,155,295,0,295,295,0,0,90,90,0,85,445,75,45638.55000000002,38250.0,7388.550000000014,5
6467,2485,105,335,0,335,330,0,5,65,65,0,60,430,35,18174.96,37400.0,-19225.04,5
6468,2485,190,265,0,265,260,5,0,115,115,0,110,445,100,67515.0975,38675.0,28840.097500000003,5
6469,2485,185,305,0,305,305,0,0,80,80,0,80,485,50,29965.140000000007,41650.0,-11684.859999999993,5
6470,2485,170,295,0,295,295,0,0,85,85,0,85,460,55,33270.93000000001,39525.0,-6254.069999999992,5
6471,2485,150,305,0,305,295,5,5,75,75,0,75,440,85,59001.277500000004,38675.0,20326.277500000004,5
6472,2485,140,330,0,330,320,0,10,95,95,0,90,455,75,45300.55500000001,39950.0,5350.555000000004,5
6473,2485,145,320,0,320,310,10,0,55,55,0,55,450,60,36941.130000000005,39525.0,-2583.8699999999926,5
6474,2485,100,325,0,325,290,0,35,80,80,0,75,385,80,55088.67093750001,36125.0,18963.67093750001,5
6475,2485,200,280,0,280,250,30,0,100,100,0,100,445,110,70078.41,40800.0,29278.410000000003,5
6476,2485,90,295,0,295,295,0,0,80,80,0,75,380,125,84635.488125,32725.0,51910.48812500001,5
6477,2485,210,305,0,305,300,0,5,105,105,0,105,505,75,44228.79,43775.0,453.78999999999905,5
6478,2485,175,310,0,310,280,30,0,100,100,0,100,450,90,50345.640000000014,41225.0,9120.640000000012,5
6479,2485,100,320,0,320,315,0,5,80,80,0,80,410,65,39648.51000000001,35700.0,3948.5100000000057,5
6480,2485,245,265,0,265,240,5,20,95,95,0,95,480,60,36609.57,43350.0,-6740.430000000001,5
6481,2485,165,300,0,300,285,15,0,130,130,0,130,445,115,66019.95000000001,39525.0,26494.95000000002,5
6482,2485,185,320,0,320,300,10,10,60,60,0,60,480,60,38649.73500000001,42925.0,-4275.264999999995,5
6483,2485,160,315,0,315,280,30,5,105,105,0,105,435,70,38038.32000000001,40375.0,-2336.679999999992,5
6484,2485,185,275,0,275,270,5,0,90,90,0,90,450,75,43195.59000000001,39100.0,4095.590000000011,5
6485,2485,190,300,0,300,270,15,15,90,90,0,90,455,70,43094.475000000006,41650.0,1444.4750000000022,5
6486,2485,190,295,0,295,275,15,5,100,100,0,100,460,100,62450.009999999995,41225.0,21225.009999999995,5
6487,2485,165,290,0,290,270,10,10,105,105,0,105,430,95,53598.06000000001,38675.0,14923.060000000014,5
6488,2485,120,320,0,320,315,0,5,105,105,0,105,430,80,47797.380000000005,37400.0,10397.380000000003,5
6489,2485,120,340,0,340,330,0,10,55,55,0,55,445,75,49311.72,39100.0,10211.720000000005,5
6490,2485,175,290,0,290,290,0,0,100,100,0,100,460,80,50277.91500000001,39525.0,10752.915000000012,5
6491,2485,160,310,0,310,275,15,20,85,85,0,80,430,65,41240.43000000001,39950.0,1290.4300000000057,5
6492,2485,125,320,0,320,315,0,5,80,80,0,80,435,80,57693.56625000002,37825.0,19868.56625000002,5
6493,2485,220,255,0,255,240,0,15,95,95,0,95,455,70,40622.04000000001,40375.0,247.04000000000633,5
6494,2485,140,325,0,325,285,35,5,100,100,0,100,420,65,38458.170000000006,39525.0,-1066.8299999999954,5
6495,2485,170,300,0,300,265,25,10,110,110,0,110,430,85,53103.645,39950.0,13153.644999999997,5
6496,2485,145,315,0,315,300,10,5,105,105,0,105,440,60,31350.060000000005,39100.0,-7749.939999999997,5
6497,2485,160,305,0,305,270,35,0,75,75,0,75,425,60,35498.97000000001,39525.0,-4026.0299999999916,5
6498,2485,150,320,0,320,315,5,0,75,75,0,75,460,90,55659.19500000002,39950.0,15709.195000000018,5
6499,2485,160,300,0,300,285,15,0,85,85,0,85,440,80,47603.79,39100.0,8503.789999999999,5
6500,2485,145,310,0,310,280,10,20,80,80,0,75,420,100,66141.74250000002,38675.0,27466.74250000002,5
6501,2485,115,320,0,320,245,50,25,95,95,0,95,355,115,85218.9676171875,36975.0,48243.9676171875,5
6502,2485,145,300,0,300,275,0,25,100,100,0,95,415,75,42304.50000000001,37825.0,4479.500000000007,5
6503,2485,195,295,0,295,290,5,0,80,80,0,80,480,85,55522.08,41650.0,13872.080000000005,5
6504,2485,140,325,0,325,310,10,5,75,75,0,75,445,60,41695.1325,39525.0,2170.1324999999997,5
6505,2485,120,340,0,340,300,20,20,90,90,0,90,415,75,43839.090000000004,39100.0,4739.090000000006,5
6506,2485,125,330,0,330,305,10,15,70,70,0,65,425,80,51193.80000000001,38675.0,12518.80000000001,5
6507,2485,135,300,0,300,300,0,0,80,80,0,80,430,55,33110.55,36975.0,-3864.449999999997,5
6508,2485,80,355,0,355,290,40,25,75,75,0,75,365,60,39107.61,36975.0,2132.610000000004,5
6509,2485,180,305,0,305,265,20,20,85,85,0,80,440,95,66328.790625,41225.0,25103.790625,5
6510,2485,195,265,0,265,260,0,5,100,100,0,100,450,105,70180.35750000001,39100.0,31080.35750000001,5
6511,2485,125,300,0,300,270,30,0,105,105,0,105,390,120,80479.62,36125.0,44354.619999999995,5
6512,2485,160,300,0,300,265,15,20,105,105,0,105,420,110,68035.365,39100.0,28935.365000000013,5
6513,2485,160,305,0,305,250,15,40,100,100,0,95,405,65,39856.50000000001,39525.0,331.50000000001,5
6514,2485,90,330,0,330,315,10,5,65,65,0,60,400,65,41234.04000000001,35700.0,5534.0400000000045,5
6515,2485,100,355,0,355,300,25,30,70,70,0,70,395,55,33307.65,38675.0,-5367.349999999997,5
6516,2485,150,310,0,310,290,0,20,85,85,0,85,435,65,33135.3,39100.0,-5964.699999999998,5
6517,2485,130,330,0,330,315,5,10,75,75,0,75,440,55,31303.440000000002,39100.0,-7796.5599999999995,5
6518,2485,130,305,0,305,275,15,15,80,80,0,80,400,80,49414.41000000002,36975.0,12439.410000000016,5
6519,2485,150,300,0,300,275,15,10,95,95,0,95,420,100,74580.21773437501,38250.0,36330.21773437501,5
6520,2485,120,315,0,315,310,5,0,85,85,0,85,425,75,45614.06999999999,36975.0,8639.069999999992,5
6521,2485,120,310,0,310,290,20,0,70,70,0,70,405,60,35265.33000000001,36550.0,-1284.669999999992,5
6522,2485,140,310,0,310,290,0,20,95,95,0,90,425,55,30488.940000000002,38250.0,-7761.059999999998,5
6523,2485,90,360,0,360,320,15,25,75,75,0,75,405,60,36701.325000000004,38250.0,-1548.6749999999984,5
6524,2485,165,310,0,310,225,50,35,120,120,0,120,385,95,58970.700000000004,40375.0,18595.700000000004,5
6525,2485,180,280,0,280,260,10,10,95,95,0,90,435,85,54119.83500000001,39100.0,15019.835000000003,5
6526,2485,230,290,0,290,255,5,30,60,60,0,60,480,80,58889.2921875,44200.0,14689.292187500005,5
6527,2485,195,270,0,270,250,10,10,100,100,0,100,440,60,36588.15000000001,39525.0,-2936.849999999995,5
6528,2485,140,290,0,290,280,0,10,105,105,0,105,415,80,48750.615,36550.0,12200.614999999998,5
6529,2485,160,305,0,305,290,15,0,75,75,0,75,445,30,16222.140000000001,39525.0,-23302.86,5
6530,2485,215,295,0,295,295,0,0,75,75,0,75,505,50,30443.31,43350.0,-12906.689999999999,5
6531,2485,130,310,0,310,290,20,0,90,90,0,90,415,90,60413.31,37400.0,23013.31,5
6532,2485,115,335,0,335,335,0,0,80,80,0,80,445,55,30299.400000000005,38250.0,-7950.599999999995,5
6533,2485,95,360,0,360,245,95,20,90,90,0,85,335,95,58946.15250000001,38675.0,20271.152500000007,5
6534,2485,135,315,0,315,295,5,15,60,60,0,55,425,60,42267.87,38250.0,4017.8700000000026,5
6535,2485,200,265,0,265,250,5,10,100,100,0,100,445,70,42183.0,39525.0,2658.000000000002,5
6536,2485,195,300,0,300,280,0,20,70,70,0,70,470,45,26733.060000000005,42075.0,-15341.939999999995,5
6537,2485,185,265,0,265,255,10,0,105,105,0,105,435,150,101813.49000000003,38250.0,63563.490000000034,5
6538,2485,130,325,0,325,280,30,15,90,90,0,90,405,90,53646.12000000002,38675.0,14971.120000000019,5
6539,2485,230,285,0,285,260,25,0,80,80,0,80,485,90,56255.04000000001,43775.0,12480.040000000008,5
6540,2485,115,325,0,325,305,10,10,70,70,0,70,415,80,51892.38000000001,37400.0,14492.380000000012,5
6541,2485,110,335,0,335,295,10,30,85,85,0,85,400,75,47053.71000000001,37825.0,9228.71000000001,5
6542,2485,230,260,0,260,245,5,10,100,100,0,100,470,80,51513.34500000001,41650.0,9863.345000000008,5
6543,2485,155,310,0,310,310,0,0,85,85,0,80,460,35,20966.4,39525.0,-18558.6,5
6544,2485,125,295,0,295,240,55,0,85,85,0,85,360,125,89061.795,35700.0,53361.795,5
6545,2485,80,345,0,345,290,25,30,60,60,0,60,365,50,29962.440000000006,36125.0,-6162.559999999994,5
6546,2485,165,290,0,290,245,15,30,120,120,0,120,405,90,51933.87000000001,38675.0,13258.870000000006,5
6547,2485,245,290,0,290,290,0,0,85,85,0,85,530,65,35891.46000000001,45475.0,-9583.539999999994,5
6548,2485,185,310,0,310,290,0,20,90,90,0,85,470,60,35130.87,42075.0,-6944.129999999996,5
6549,2485,205,315,0,315,315,0,0,45,45,0,45,515,15,7726.680000000001,44200.0,-36473.32,5
6550,2485,125,330,0,330,260,70,0,95,95,0,95,380,65,46119.30750000001,38675.0,7444.3075000000135,5
6551,2485,210,295,0,295,285,0,10,75,75,0,70,490,60,36054.09,42925.0,-6870.9100000000035,5
6552,2485,240,285,0,285,265,0,20,65,65,0,65,500,60,36760.770000000004,44625.0,-7864.229999999998,5
6553,2485,165,290,0,290,270,10,10,115,115,0,115,430,145,93393.29250000001,38675.0,54718.29250000001,5
6554,2485,205,290,0,290,245,30,15,105,105,0,105,445,80,41661.900000000016,42075.0,-413.0999999999858,5
6555,2485,115,350,0,350,250,95,5,105,105,0,105,360,105,77429.82691406252,39525.0,37904.82691406251,5
6556,2485,190,290,0,290,280,5,5,90,90,0,85,465,55,32628.870000000006,40800.0,-8171.129999999994,5
6557,2485,110,330,0,330,310,5,15,85,85,0,80,415,60,30873.780000000006,37400.0,-6526.219999999994,5
6558,2485,180,300,0,300,300,0,0,90,90,0,90,475,70,41004.72,40800.0,204.71999999999753,5
6559,2485,115,320,0,320,310,0,10,85,85,0,85,420,80,54157.20750000001,36975.0,17182.20750000001,5
6560,2485,225,300,0,300,255,20,25,85,85,0,85,475,70,44230.905,44625.0,-394.0949999999975,5
6561,2485,125,315,0,315,290,20,5,90,90,0,90,410,80,52037.55000000001,37400.0,14637.55000000001,5
6562,2485,140,310,0,310,295,0,15,95,95,0,95,430,110,72032.33250000002,38250.0,33782.33250000002,5
6563,2485,145,315,0,315,270,15,30,100,100,0,100,410,95,55927.26000000002,39100.0,16827.260000000017,5
6564,2485,125,315,0,315,285,5,25,100,100,0,100,405,50,28524.6,37400.0,-8875.4,5
6565,2485,135,330,0,330,285,10,35,80,80,0,80,415,90,68159.08125000002,39525.0,28634.081250000017,5
6566,2485,135,330,0,330,255,70,5,95,95,0,90,385,95,62614.5778125,39525.0,23089.5778125,5
6567,2485,175,295,0,295,280,5,10,125,125,0,125,450,90,53244.31500000002,39950.0,13294.315000000015,5
6568,2485,135,355,0,355,245,85,25,90,90,0,90,375,40,24947.910000000003,41650.0,-16702.089999999997,5
6569,2485,135,305,0,305,275,20,10,95,95,0,95,405,65,41338.395000000004,37400.0,3938.3950000000004,5
6570,2485,180,295,0,295,235,45,15,115,115,0,115,410,115,75325.63500000001,40375.0,34950.635,5
6571,2485,130,325,0,325,305,0,20,80,80,0,80,430,70,43175.205000000016,38675.0,4500.2050000000145,5
6572,2485,135,310,0,310,290,20,0,75,75,0,75,420,55,35479.034999999996,37825.0,-2345.965000000001,5
6573,2485,120,325,0,325,275,20,30,95,95,0,95,390,65,41270.895000000004,37825.0,3445.8950000000004,5
6574,2485,155,300,0,300,290,10,0,80,80,0,80,440,30,16645.5,38675.0,-22029.5,5
6575,2485,185,295,0,295,260,10,25,70,70,0,70,440,125,87507.24750000003,40800.0,46707.24750000003,5
6576,2485,110,335,0,335,275,35,25,70,70,0,70,380,55,34050.375,37825.0,-3774.6249999999964,5
6577,2485,165,285,0,285,240,35,10,115,115,0,115,400,100,59850.58500000001,38250.0,21600.58500000001,5
6578,2485,215,250,0,250,240,10,0,100,100,0,95,450,75,45817.380000000005,39525.0,6292.380000000003,5
6579,2485,105,345,0,345,300,45,0,90,90,0,90,400,45,23640.659999999996,38250.0,-14609.340000000002,5
6580,2485,230,270,0,270,245,20,5,95,95,0,95,470,85,54258.6825,42500.0,11758.682500000004,5
6581,2485,170,300,0,300,280,0,20,85,85,0,85,445,90,51386.08500000001,39950.0,11436.085000000003,5
6582,2485,165,310,0,310,300,10,0,85,85,0,85,460,75,43720.020000000004,40375.0,3345.020000000004,5
6583,2485,225,270,0,270,255,0,15,85,85,0,85,475,105,77558.65875,42075.0,35483.65875,5
6584,2485,115,350,0,350,325,0,25,60,60,0,60,435,40,23004.36,39525.0,-16520.64,5
6585,2485,155,325,0,325,315,0,10,55,55,0,55,465,35,19169.460000000003,40800.0,-21630.54,5
6586,2485,110,345,0,345,320,0,25,90,90,0,90,425,100,60419.250000000015,38675.0,21744.25000000001,5
6587,2485,190,290,0,290,290,0,0,75,75,0,75,475,35,21743.280000000006,40800.0,-19056.719999999994,5
6588,2485,105,335,0,335,310,15,10,65,65,0,65,410,50,32184.675000000003,37400.0,-5215.324999999998,5
6589,2485,120,310,0,310,255,15,40,90,90,0,90,370,120,81715.55625000002,36550.0,45165.55625000002,5
6590,2485,175,290,0,290,280,10,0,80,80,0,80,450,55,30004.20000000001,39525.0,-9520.79999999999,5
6591,2485,120,345,0,345,275,55,15,105,105,0,105,390,90,50572.35,39525.0,11047.349999999997,5
6592,2485,130,340,0,340,320,0,20,65,65,0,65,445,70,42210.72,39950.0,2260.720000000001,5
6593,2485,170,290,0,290,290,0,0,95,95,0,95,455,60,39234.442500000005,39100.0,134.44250000000466,5
6594,2485,200,300,0,300,295,0,5,60,60,0,60,490,75,49124.9025,42500.0,6624.902499999998,5
6595,2485,190,285,0,285,250,35,0,100,100,0,100,435,55,31521.06,40375.0,-8853.939999999999,5
6596,2485,175,280,0,280,270,0,10,110,110,0,105,440,110,69729.88500000001,38675.0,31054.885000000013,5
6597,2485,185,290,0,290,280,0,10,95,95,0,95,460,90,59436.76500000001,40375.0,19061.765000000007,5
6598,2485,155,330,0,330,325,0,5,70,70,0,70,475,25,13044.240000000002,41225.0,-28180.760000000002,5
6599,2485,125,325,0,325,315,0,10,60,60,0,55,435,30,20654.865000000005,38250.0,-17595.134999999995,5
6600,2485,225,295,0,295,240,30,25,90,90,0,90,460,50,29722.230000000003,44200.0,-14477.769999999997,5
6601,2485,155,315,0,315,280,10,25,75,75,0,75,430,65,41354.865000000005,39950.0,1404.8650000000089,5
6602,2485,185,285,0,285,275,0,10,90,90,0,90,455,115,73493.5725,39950.0,33543.5725,5
6603,2485,200,285,0,285,280,0,5,85,85,0,85,475,105,77398.40531249999,41225.0,36173.4053125,5
6604,2485,135,315,0,315,265,25,25,110,110,0,110,395,80,44520.84,38250.0,6270.839999999998,5
6605,2485,160,280,0,280,260,0,20,95,95,0,95,415,75,47413.62000000002,37400.0,10013.620000000019,5
6606,2485,190,295,0,295,275,0,20,100,100,0,100,460,90,58939.830000000016,41225.0,17714.83000000002,5
6607,2485,255,255,0,255,245,10,0,110,110,0,110,495,100,68316.88500000001,43350.0,24966.88500000001,5
6608,2485,165,285,0,285,260,0,25,100,100,0,100,420,70,37163.16,38250.0,-1086.8399999999974,5
6609,2485,170,295,0,295,265,10,20,80,80,0,80,430,55,28891.620000000003,39525.0,-10633.379999999997,5
6610,2485,150,330,0,330,285,35,10,90,90,0,90,430,40,21204.18,40800.0,-19595.82,5
6611,2485,140,305,0,305,255,25,25,110,110,0,110,390,130,86796.96750000001,37825.0,48971.96750000001,5
6612,2485,240,295,0,295,285,10,0,75,75,0,75,520,25,12450.599999999999,45475.0,-33024.4,5
6613,2485,120,305,0,305,255,25,25,100,100,0,95,370,165,118487.21625000003,36125.0,82362.21625000003,5
6614,2485,120,315,0,315,290,15,10,85,85,0,85,405,95,61160.7375,36975.0,24185.737500000003,5
6615,2485,115,330,0,330,300,25,5,80,80,0,80,410,60,35002.26000000001,37825.0,-2822.7399999999943,5
6616,2485,190,285,0,285,285,0,0,90,90,0,90,470,45,26977.41000000001,40375.0,-13397.589999999991,5
6617,2485,115,350,0,350,305,25,20,90,90,0,90,415,45,23047.920000000006,39525.0,-16477.079999999994,5
6618,2485,115,340,0,340,280,60,0,85,85,0,85,390,60,34299.9,38675.0,-4375.099999999998,5
6619,2485,180,300,0,300,290,0,10,70,70,0,70,465,35,20202.660000000003,40800.0,-20597.339999999997,5
6620,2485,135,320,0,320,290,30,0,95,95,0,95,420,65,40288.27500000001,38675.0,1613.2750000000078,5
6621,2485,175,320,0,320,300,0,20,75,75,0,75,470,85,54036.765,42075.0,11961.764999999996,5
6622,2485,195,270,0,270,260,0,10,135,135,0,135,450,80,47632.68,39525.0,8107.68,5
6623,2485,150,325,0,325,310,15,0,85,85,0,85,455,65,36709.38000000001,40375.0,-3665.61999999999,5
6624,2485,155,330,0,330,290,30,10,85,85,0,85,440,55,33045.52500000001,41225.0,-8179.474999999993,5
6625,2485,145,300,0,300,285,0,15,95,95,0,95,425,80,50230.215,37825.0,12405.214999999998,5
6626,2485,175,325,0,325,300,15,10,80,80,0,80,470,30,15584.760000000002,42500.0,-26915.239999999998,5
6627,2485,265,235,0,235,230,0,5,95,95,0,95,490,65,41220.18000000001,42500.0,-1279.8199999999906,5
6628,2485,190,260,0,260,225,20,15,90,90,0,90,410,120,89045.79750000003,38250.0,50795.79750000003,5
6629,2485,135,335,0,335,270,55,10,105,105,0,105,400,115,74331.72,39950.0,34381.72,5
6630,2485,175,280,0,280,275,0,5,85,85,0,80,445,60,45897.44062500001,38675.0,7222.440625000008,5
6631,2485,145,305,0,305,305,0,0,70,70,0,70,445,75,51347.373750000006,38250.0,13097.373750000006,5
6632,2485,150,300,0,300,255,10,35,105,105,0,105,400,110,67475.16000000002,38250.0,29225.160000000014,5
6633,2485,100,350,0,350,310,15,25,75,75,0,75,405,85,57839.692500000005,38250.0,19589.6925,5
6634,2485,100,330,0,330,315,10,5,90,90,0,90,410,55,38393.17875000001,36550.0,1843.1787500000064,5
6635,2485,180,310,0,310,295,5,10,75,75,0,75,470,55,29090.34,41650.0,-12559.66,5
6636,2485,115,315,0,315,260,20,35,90,90,0,90,370,90,54989.37000000002,36550.0,18439.370000000017,5
6637,2485,190,310,0,310,260,45,5,85,85,0,85,445,75,46606.162500000006,42500.0,4106.1625000000095,5
6638,2485,180,275,0,275,270,0,5,85,85,0,85,445,80,53912.26125,38675.0,15237.261250000001,5
6639,2485,115,325,0,325,305,20,0,75,75,0,75,415,75,42952.23000000001,37400.0,5552.230000000009,5
6640,2485,185,280,0,280,230,45,5,105,105,0,105,410,65,39461.98500000001,39525.0,-63.01499999999123,5
6641,2485,175,300,0,300,295,0,5,60,60,0,60,465,45,25727.04,40375.0,-14647.96,5
6642,2485,165,275,0,275,260,10,5,100,100,0,100,420,95,58786.98750000002,37400.0,21386.987500000014,5
6643,2485,130,320,0,320,290,30,0,100,100,0,100,415,90,48422.520000000004,38250.0,10172.520000000004,5
6644,2485,125,310,0,310,305,0,5,105,105,0,105,425,95,51873.66000000002,36975.0,14898.660000000018,5
6645,2485,135,330,0,330,290,10,30,80,80,0,80,420,75,42081.03,39525.0,2556.0300000000007,5
6646,2485,140,320,0,320,310,5,5,95,95,0,95,445,55,33639.39,39100.0,-5460.609999999997,5
6647,2485,150,315,0,315,310,0,5,60,60,0,60,455,60,34769.43,39525.0,-4755.569999999998,5
6648,2485,145,295,0,295,260,35,0,105,105,0,105,400,75,43505.73,37400.0,6105.730000000003,5
6649,2485,150,300,0,300,245,50,5,110,110,0,105,390,60,34182.09000000001,38250.0,-4067.9099999999926,5
6650,2485,185,280,0,280,270,0,10,90,90,0,90,450,90,62194.26937500001,39525.0,22669.26937500001,5
6651,2485,135,315,0,315,285,20,10,105,105,0,100,415,50,27401.76,38250.0,-10848.240000000002,5
6652,2485,140,300,0,300,275,10,15,90,90,0,90,410,95,62215.98750000001,37400.0,24815.98750000001,5
6653,2485,115,325,0,325,315,10,0,75,75,0,75,425,85,55765.35,37400.0,18365.35,5
6654,2485,160,300,0,300,280,0,20,85,85,0,80,435,45,27260.730000000003,39100.0,-11839.269999999997,5
6655,2485,130,335,0,335,270,45,20,105,105,0,105,395,85,50029.11000000001,39525.0,10504.11000000001,5
6656,2485,195,305,0,305,285,0,20,80,80,0,80,475,60,32856.75,42500.0,-9643.249999999998,5
6657,2485,165,320,0,320,280,10,30,100,100,0,95,440,70,39134.61,41225.0,-2090.3899999999976,5
6658,2485,155,285,0,285,280,0,5,75,75,0,75,430,110,76409.34750000002,37400.0,39009.34750000001,5
6659,2485,145,350,0,350,295,20,35,90,90,0,90,435,70,43955.460000000014,42075.0,1880.4600000000119,5
6660,2485,110,325,0,325,255,50,20,90,90,0,85,360,65,37754.10000000001,36975.0,779.1000000000122,5
6661,2485,120,315,0,315,255,20,40,85,85,0,85,370,100,68571.15750000002,36975.0,31596.157500000016,5
6662,2485,130,315,0,315,295,10,10,85,85,0,85,420,100,74715.98906250001,37825.0,36890.98906250001,5
6663,2485,90,335,0,335,330,5,0,70,70,0,70,415,90,65962.36125,36125.0,29837.36125,5
6664,2485,150,305,0,305,300,0,5,80,80,0,80,445,60,33507.18,38675.0,-5167.8200000000015,5
6665,2485,200,290,0,290,285,0,5,75,75,0,75,480,70,44768.07000000001,41650.0,3118.070000000007,5
6666,2485,155,290,0,290,230,35,25,100,100,0,100,380,85,53806.43250000001,37825.0,15981.43250000001,5
6667,2485,135,310,0,310,250,25,35,90,90,0,90,380,105,67351.23000000001,37825.0,29526.230000000014,5
6668,2485,245,255,0,255,225,25,5,80,80,0,80,465,110,81016.19279296877,42500.0,38516.19279296876,5
6669,2485,160,335,0,335,290,20,25,105,105,0,105,445,60,31857.66,42075.0,-10217.34,5
6670,2485,85,335,0,335,320,5,10,60,60,0,55,400,70,49986.95625,35700.0,14286.956250000003,5
6671,2485,100,355,0,355,325,15,15,60,60,0,60,420,55,34248.375,38675.0,-4426.624999999999,5
6672,2485,215,315,0,315,295,10,10,55,55,0,50,505,45,29824.829999999998,45050.0,-15225.170000000002,5
6673,2485,110,350,0,350,285,50,15,90,90,0,85,390,85,47838.869999999995,39100.0,8738.869999999997,5
6674,2485,115,305,0,305,280,10,15,105,105,0,105,390,105,67639.27500000001,35700.0,31939.27500000001,5
6675,2485,155,310,0,310,285,5,20,85,85,0,85,435,80,49210.44750000001,39525.0,9685.44750000001,5
6676,2485,195,240,0,240,235,5,0,105,105,0,105,425,95,56403.720000000016,36975.0,19428.720000000012,5
6677,2485,145,320,0,320,290,30,0,100,100,0,100,430,95,59891.08500000001,39525.0,20366.085000000003,5
6678,2485,145,315,0,315,315,0,0,80,80,0,80,455,55,32097.780000000006,39100.0,-7002.219999999993,5
6679,2485,165,290,0,290,285,0,5,95,95,0,95,445,65,35801.640000000014,38675.0,-2873.3599999999888,5
6680,2485,190,275,0,275,275,0,0,115,115,0,115,460,80,41591.70000000001,39525.0,2066.70000000001,5
6681,2485,225,290,0,290,290,0,0,70,70,0,70,510,35,22987.754999999997,43775.0,-20787.245000000003,5
6682,2485,180,305,0,305,295,0,10,65,65,0,65,470,45,25748.28,41225.0,-15476.720000000001,5
6683,2485,150,325,0,325,280,0,45,65,65,0,65,425,45,28662.255,40375.0,-11712.744999999999,5
6684,2485,125,330,0,330,285,25,20,90,90,0,90,405,85,50115.87000000001,38675.0,11440.870000000014,5
6685,2485,120,345,0,345,275,70,0,80,80,0,80,390,55,31403.520000000004,39525.0,-8121.479999999997,5
6686,2485,145,305,0,305,290,15,0,95,95,0,95,430,70,39976.29,38250.0,1726.289999999999,5
6687,2485,145,315,0,315,300,0,15,90,90,0,90,440,60,39258.652500000004,39100.0,158.65250000000287,5
6688,2485,130,300,0,300,290,0,10,105,105,0,105,415,115,68296.32,36550.0,31746.320000000007,5
6689,2485,185,300,0,300,290,0,10,75,75,0,75,470,50,31126.05,41225.0,-10098.95,5
6690,2485,160,300,0,300,250,50,0,110,110,0,110,405,105,70423.801875,39100.0,31323.80187500001,5
6691,2485,140,305,0,305,285,10,10,105,105,0,105,420,100,58769.1,37825.0,20944.1,5
6692,2485,180,285,0,285,260,10,15,110,110,0,110,435,50,29194.380000000005,39525.0,-10330.619999999995,5
6693,2485,135,295,0,295,270,15,10,95,95,0,95,400,80,48518.37000000001,36550.0,11968.370000000014,5
6694,2485,160,335,0,335,295,35,5,95,95,0,95,450,75,42543.63000000001,42075.0,468.63000000001193,5
6695,2485,190,280,0,280,280,0,0,90,90,0,90,465,45,25698.240000000005,39950.0,-14251.759999999995,5
6696,2485,160,305,0,305,290,5,10,85,85,0,85,445,75,49805.25750000001,39525.0,10280.257500000007,5
6697,2485,115,315,0,315,260,40,15,95,95,0,95,370,95,58622.53500000002,36550.0,22072.535000000018,5
6698,2485,210,300,0,300,295,0,5,70,70,0,70,500,65,43894.44,43350.0,544.4400000000041,5
6699,2485,140,290,0,290,280,10,0,110,110,0,110,415,140,100017.92812500002,36550.0,63467.92812500002,5
6700,2485,125,310,0,310,290,0,20,65,65,0,65,410,115,85617.44578125,36975.0,48642.445781250004,5
6701,2485,125,290,0,290,270,5,15,110,110,0,105,390,45,24327.900000000005,35275.0,-10947.099999999995,5
6702,2485,175,300,0,300,290,0,10,105,105,0,100,460,55,32485.050000000007,40375.0,-7889.949999999994,5
6703,2485,160,265,0,265,255,0,10,95,95,0,95,410,125,92310.80625000002,36125.0,56185.80625000002,5
6704,2485,100,350,0,350,340,0,10,65,65,0,65,435,40,22365.000000000004,38250.0,-15884.999999999996,5
6705,2485,165,330,0,330,270,55,5,75,75,0,75,430,60,34861.68,42075.0,-7213.319999999999,5
6706,2485,140,340,0,340,335,0,5,75,75,0,75,470,35,17736.120000000003,40800.0,-23063.879999999997,5
6707,2485,120,300,0,300,270,5,25,90,90,0,85,385,170,129853.78347656254,35700.0,94153.78347656254,5
6708,2485,205,275,0,275,275,0,0,95,95,0,95,475,60,35871.48,40800.0,-4928.519999999994,5
6709,2485,175,295,0,295,295,0,0,100,100,0,100,465,70,44741.20500000001,39950.0,4791.205000000009,5
6710,2485,130,325,0,325,315,0,10,65,65,0,65,440,40,21832.560000000005,38675.0,-16842.439999999995,5
6711,2485,185,265,0,265,265,0,0,85,85,0,85,445,85,55870.155000000006,38250.0,17620.155000000006,5
6712,2485,165,300,0,300,280,0,20,85,85,0,85,440,90,56607.300000000025,39525.0,17082.300000000025,5
6713,2485,150,305,0,305,300,0,5,80,80,0,80,445,65,35988.119999999995,38675.0,-2686.880000000001,5
6714,2485,130,340,0,340,305,25,10,75,75,0,75,430,45,26823.420000000006,39950.0,-13126.579999999994,5
6715,2485,130,330,0,330,310,5,15,90,90,0,90,435,40,22609.08,39100.0,-16490.92,5
6716,2485,200,290,0,290,275,15,0,85,85,0,85,470,85,52747.335000000014,41650.0,11097.335000000012,5
6717,2485,145,325,0,325,310,5,10,80,80,0,80,450,65,38856.509999999995,39950.0,-1093.4900000000016,5
6718,2485,120,325,0,325,285,30,10,90,90,0,90,400,45,27872.730000000007,37825.0,-9952.269999999993,5
6719,2485,140,310,0,310,295,0,15,90,90,0,90,430,85,54337.32,38250.0,16087.32,5
6720,2485,140,320,0,320,285,20,15,95,95,0,95,420,80,49272.75000000001,39100.0,10172.750000000005,5
6721,2485,105,340,0,340,275,35,30,90,90,0,90,375,75,49787.67375,37825.0,11962.673750000004,5
6722,2485,220,270,0,270,260,10,0,75,75,0,75,475,105,72691.35750000003,41650.0,31041.35750000002,5
6723,2485,105,335,0,335,330,5,0,95,95,0,90,430,65,46606.426875000005,37400.0,9206.426875000006,5
6724,2485,170,290,0,290,250,15,25,110,110,0,110,415,80,49139.82,39100.0,10039.82,5
6725,2485,145,315,0,315,290,0,25,75,75,0,75,430,85,56333.72250000001,39100.0,17233.72250000001,5
6726,2485,75,370,0,370,330,25,15,65,65,0,60,400,40,22543.200000000004,37825.0,-15281.799999999994,5
6727,2485,115,315,0,315,295,0,20,100,100,0,100,405,110,68349.82500000001,36550.0,31799.82500000002,5
6728,2485,125,325,0,325,315,5,5,65,65,0,65,435,25,12958.2,38250.0,-25291.8,5
6729,2485,150,345,0,345,340,0,5,80,80,0,80,485,45,23424.660000000003,42075.0,-18650.339999999997,5
6730,2485,115,335,0,335,310,15,10,85,85,0,85,420,60,37362.06000000001,38250.0,-887.9399999999896,5
6731,2485,125,310,0,310,290,10,10,75,75,0,75,410,45,25653.240000000005,36975.0,-11321.759999999995,5
6732,2485,140,340,0,340,310,10,20,65,65,0,65,445,50,34122.375,40800.0,-6677.624999999998,5
6733,2485,140,325,0,325,300,10,15,65,65,0,65,435,35,18924.300000000003,39525.0,-20600.699999999997,5
6734,2485,215,285,0,285,270,0,15,105,105,0,105,480,75,45833.04000000001,42500.0,3333.04000000001,5
6735,2485,120,300,0,300,275,15,10,110,110,0,105,390,80,47414.20500000001,35700.0,11714.20500000001,5
6736,2485,105,345,0,345,290,35,20,90,90,0,90,390,60,35255.700000000004,38250.0,-2994.2999999999984,5
6737,2485,155,285,0,285,220,30,35,70,70,0,70,370,105,74846.565,37400.0,37446.565,5
6738,2485,225,265,0,265,240,20,5,85,85,0,85,460,105,75441.37500000001,41650.0,33791.375000000015,5
6739,2485,165,275,0,275,260,0,15,100,100,0,100,420,110,71654.73750000002,37400.0,34254.73750000001,5
6740,2485,110,325,0,325,285,35,5,90,90,0,90,390,80,50241.51000000002,36975.0,13266.510000000017,5
6741,2485,220,265,0,265,265,0,0,105,105,0,105,480,90,52043.04000000001,41225.0,10818.04000000001,5
6742,2485,115,335,0,335,280,40,15,110,110,0,105,390,75,42043.41,38250.0,3793.4100000000035,5
6743,2485,170,295,0,295,265,5,25,90,90,0,90,430,85,50382.270000000004,39525.0,10857.270000000008,5
6744,2485,135,315,0,315,225,50,40,115,115,0,110,355,95,53324.82000000001,38250.0,15074.820000000009,5
6745,2485,170,280,0,280,260,10,10,105,105,0,105,425,125,78094.66500000001,38250.0,39844.665000000015,5
6746,2485,105,350,0,350,260,55,35,100,100,0,100,360,70,38896.20000000001,38675.0,221.20000000001255,5
6747,2485,195,295,0,295,285,10,0,80,80,0,75,475,60,34400.70000000001,41650.0,-7249.299999999989,5
6748,2485,125,310,0,310,290,20,0,85,85,0,85,410,90,56610.09000000001,36975.0,19635.09000000001,5
6749,2485,135,300,0,300,285,0,15,90,90,0,85,415,90,55227.42000000001,36975.0,18252.420000000013,5
6750,2485,165,310,0,310,245,30,35,125,125,0,120,405,85,52816.23,40375.0,12441.230000000005,5
6751,2485,170,270,0,270,255,5,10,90,90,0,90,420,160,119350.0575,37400.0,81950.0575,5
6752,2485,130,325,0,325,310,0,15,90,90,0,90,435,40,20618.640000000007,38675.0,-18056.359999999993,5
6753,2485,180,280,0,280,275,0,5,90,90,0,90,450,35,19181.700000000004,39100.0,-19918.299999999996,5
6754,2485,110,320,0,320,295,25,0,60,60,0,60,400,95,67567.88250000002,36550.0,31017.88250000002,5
6755,2485,190,285,0,285,285,0,0,65,65,0,60,470,60,38806.92000000001,40375.0,-1568.0799999999908,5
6756,2485,105,360,0,360,280,35,45,80,80,0,75,380,70,41627.38500000001,39525.0,2102.385000000013,5
6757,2485,210,295,0,295,295,0,0,80,80,0,80,500,95,63108.40500000003,42925.0,20183.405000000028,5
6758,2485,155,330,0,330,330,0,0,60,60,0,60,480,55,34826.35500000001,41225.0,-6398.644999999992,5
6759,2485,280,265,0,265,265,0,0,65,65,0,65,540,50,32476.185000000005,46325.0,-13848.814999999995,5
6760,2485,160,320,0,320,305,10,5,80,80,0,80,460,80,52695.18000000001,40800.0,11895.18000000001,5
6761,2485,180,300,0,300,295,0,5,85,85,0,85,470,70,41537.42999999999,40800.0,737.4299999999948,5
6762,2485,150,320,0,320,315,0,5,95,95,0,95,460,65,34219.8,39950.0,-5730.199999999995,5
6763,2485,185,300,0,300,280,10,10,100,100,0,100,460,75,48774.65625000001,41225.0,7549.656250000007,5
6764,2485,115,325,0,325,275,45,5,95,95,0,95,385,35,20241.18,37400.0,-17158.82,5
6765,2485,220,275,0,275,255,20,0,90,90,0,90,470,90,58371.88500000001,42075.0,16296.885000000011,5
6766,2485,160,325,0,325,300,15,10,55,55,0,50,455,65,45189.50624999999,41225.0,3964.506249999995,5
6767,2485,175,310,0,310,305,5,0,75,75,0,75,475,45,27118.260000000002,41225.0,-14106.74,5
6768,2485,265,230,0,230,225,0,5,125,125,0,120,485,65,38442.42000000001,42075.0,-3632.579999999989,5
6769,2485,215,275,0,275,260,15,0,90,90,0,85,470,80,57726.298125000016,41650.0,16076.298125000012,5
6770,2485,165,330,0,330,265,60,5,95,95,0,95,425,70,42595.829999999994,42075.0,520.8299999999963,5
6771,2485,150,335,0,335,270,40,25,80,80,0,80,415,70,49281.997500000005,41225.0,8056.997500000007,5
6772,2485,185,300,0,300,265,15,20,85,85,0,85,445,75,43002.0,41225.0,1776.9999999999982,5
6773,2485,140,325,0,325,260,25,40,115,115,0,115,395,65,33308.64,39525.0,-6216.36,5
6774,2485,195,300,0,300,290,0,10,80,80,0,80,480,80,49043.38500000001,42075.0,6968.3850000000075,5
6775,2485,135,320,0,320,280,15,25,95,95,0,95,410,105,69998.52375,38675.0,31323.523749999993,5
6776,2485,135,335,0,335,290,30,15,80,80,0,80,420,60,36508.5,39950.0,-3441.500000000001,5
6777,2485,165,315,0,315,285,30,0,75,75,0,75,445,35,20331.000000000004,40800.0,-20468.999999999996,5
6778,2485,190,300,0,300,300,0,0,85,85,0,85,485,55,31777.380000000005,41650.0,-9872.619999999997,5
6779,2485,100,340,0,340,310,15,15,95,95,0,95,405,35,18910.08,37400.0,-18489.92,5
6780,2485,105,345,0,345,295,35,15,95,95,0,95,395,70,41846.67000000001,38250.0,3596.670000000013,5
6781,2485,185,290,0,290,250,25,15,110,110,0,110,430,60,34456.32,40375.0,-5918.679999999999,5
6782,2485,155,320,0,320,290,30,0,105,105,0,105,440,100,59663.902500000004,40375.0,19288.902500000004,5
6783,2485,120,330,0,330,290,30,10,80,80,0,75,405,50,27811.08,38250.0,-10438.919999999998,5
6784,2485,205,275,0,275,275,0,0,75,75,0,70,475,85,54136.75500000001,40800.0,13336.755000000012,5
6785,2485,150,310,0,310,310,0,0,65,65,0,65,455,70,45950.94000000001,39100.0,6850.94000000001,5
6786,2485,150,305,0,305,280,5,20,80,80,0,80,425,80,54788.65875,38675.0,16113.658750000004,5
6787,2485,160,285,0,285,270,5,10,105,105,0,105,425,95,54685.89000000001,37825.0,16860.890000000007,5
6788,2485,140,305,0,305,295,0,10,105,105,0,105,430,115,78334.335,37825.0,40509.33500000001,5
6789,2485,185,310,0,310,275,10,25,80,80,0,80,455,60,37348.65,42075.0,-4726.349999999998,5
6790,2485,170,305,0,305,295,10,0,75,75,0,75,460,50,30701.610000000004,40375.0,-9673.389999999996,5
6791,2485,105,330,0,330,300,25,5,60,60,0,60,400,50,33266.16,36975.0,-3708.84,5
6792,2485,135,320,0,320,285,10,25,120,120,0,120,415,125,81116.59499999999,38675.0,42441.59499999999,5
6793,2485,100,335,0,335,295,40,0,80,80,0,80,390,75,40326.66,36975.0,3351.660000000006,5
6794,2485,160,285,0,285,285,0,0,100,100,0,100,440,85,53085.285,37825.0,15260.285000000003,5
6795,2485,120,320,0,320,265,50,5,105,105,0,105,380,70,41147.640000000014,37400.0,3747.6400000000103,5
6796,2485,155,310,0,310,295,10,5,115,115,0,110,445,110,65939.58000000002,39525.0,26414.580000000024,5
6797,2485,160,300,0,300,290,0,10,95,95,0,90,445,70,41192.55,39100.0,2092.550000000001,5
6798,2485,90,335,0,335,290,40,5,60,60,0,60,375,70,44662.79250000001,36125.0,8537.792500000014,5
6799,2485,155,295,0,295,280,15,0,95,95,0,95,430,80,50696.66250000001,38250.0,12446.662500000011,5
6800,2485,110,320,0,320,285,20,15,105,105,0,105,390,115,72490.15125000002,36550.0,35940.15125000002,5
6801,2485,155,320,0,320,305,5,10,80,80,0,80,455,70,46429.89750000001,40375.0,6054.897500000006,5
6802,2485,110,335,0,335,270,40,25,105,105,0,105,375,65,33386.58000000001,37825.0,-4438.419999999992,5
6803,2485,180,300,0,300,300,0,0,65,65,0,65,475,70,41041.89,40800.0,241.89000000000306,5
6804,2485,150,305,0,305,280,20,5,65,65,0,65,425,95,67707.30375,38675.0,29032.30375,5
6805,2485,110,355,0,355,290,40,25,90,90,0,90,395,60,34762.14,39525.0,-4762.860000000001,5
6806,2485,175,285,0,285,275,10,0,100,100,0,100,445,55,30028.32,39100.0,-9071.68,5
6807,2485,185,280,0,280,280,0,0,100,100,0,100,460,140,88849.485,39525.0,49324.485,5
6808,2485,95,320,0,320,260,55,5,90,90,0,90,350,160,110773.42875000004,35275.0,75498.42875000004,5
6809,2485,135,320,0,320,315,0,5,80,80,0,80,445,60,34023.06,38675.0,-4651.94,5
6810,2485,135,330,0,330,285,10,35,65,65,0,65,415,55,34308.18000000001,39525.0,-5216.819999999993,5
6811,2485,115,320,0,320,260,50,10,100,100,0,100,370,70,41925.78000000001,36975.0,4950.780000000013,5
6812,2485,195,305,0,305,275,30,0,85,85,0,80,465,70,48457.4625,42500.0,5957.4625000000015,5
6813,2485,140,320,0,320,315,0,5,85,85,0,80,450,75,48517.830000000016,39100.0,9417.830000000013,5
6814,2485,195,295,0,295,285,0,10,80,80,0,80,475,35,19223.460000000003,41650.0,-22426.539999999994,5
6815,2485,150,345,0,345,280,60,5,60,60,0,60,425,25,12687.48,42075.0,-29387.52,5
6816,2485,105,350,0,350,305,30,15,95,95,0,90,405,55,29788.02,38675.0,-8886.98,5
6817,2485,135,320,0,320,285,35,0,90,90,0,85,415,70,47041.87500000001,38675.0,8366.87500000001,5
6818,2485,135,300,0,300,250,30,20,130,130,0,130,380,115,74464.77375000001,36975.0,37489.77375000001,5
6819,2485,155,320,0,320,270,20,30,95,95,0,95,420,105,67394.88000000002,40375.0,27019.88000000002,5
6820,2485,100,350,0,350,275,70,5,90,90,0,90,370,145,103556.57484375002,38250.0,65306.57484375002,5
6821,2485,175,295,0,295,255,30,10,105,105,0,105,425,90,59688.29812500001,39950.0,19738.29812500001,5
6822,2485,300,240,0,240,210,25,5,120,120,0,120,505,60,33133.32000000001,45900.0,-12766.679999999993,5
6823,2485,160,285,0,285,275,0,10,90,90,0,90,430,80,46778.22000000001,37825.0,8953.22000000001,5
6824,2485,140,305,0,305,275,15,15,110,110,0,110,410,130,87831.46125000001,37825.0,50006.46125000001,5
6825,2485,195,275,0,275,270,5,0,85,85,0,85,460,50,32614.38,39950.0,-7335.619999999999,5
6826,2485,95,335,0,335,300,15,20,70,70,0,70,390,50,25791.660000000003,36550.0,-10758.339999999998,5
6827,2485,160,295,0,295,260,35,0,95,95,0,95,415,50,30409.290000000005,38675.0,-8265.709999999995,5
6828,2485,145,315,0,315,300,5,10,65,65,0,65,440,70,44712.045000000006,39100.0,5612.045000000007,5
6829,2485,155,330,0,330,300,10,20,85,85,0,85,450,45,27992.565000000002,41225.0,-13232.434999999996,5
6830,2485,170,325,0,325,295,5,25,65,65,0,65,460,40,19579.68,42075.0,-22495.32,5
6831,2485,90,370,0,370,255,90,25,90,90,0,85,340,70,42331.950000000004,39100.0,3231.950000000006,5
6832,2485,155,335,0,335,310,0,25,80,80,0,80,460,100,65993.32125,41650.0,24343.32125,5
6833,2485,110,325,0,325,280,25,20,95,95,0,90,385,95,59023.035,36975.0,22048.035,5
6834,2485,155,320,0,320,310,5,5,75,75,0,75,460,65,39059.37,40375.0,-1315.6299999999965,5
6835,2485,190,275,0,275,265,0,10,105,105,0,105,450,100,61478.37,39525.0,21953.370000000003,5
6836,2485,210,290,0,290,270,0,20,75,75,0,75,475,65,39708.630000000005,42500.0,-2791.3699999999926,5
6837,2485,115,330,0,330,305,20,5,95,95,0,95,415,65,35979.12000000001,37825.0,-1845.8799999999928,5
6838,2485,145,320,0,320,315,0,5,85,85,0,85,455,80,50528.20500000001,39525.0,11003.205000000007,5
6839,2485,150,320,0,320,280,30,10,90,90,0,90,425,90,55637.595,39950.0,15687.595000000001,5
6840,2485,115,350,0,350,275,40,35,75,75,0,75,385,40,21865.32,39525.0,-17659.68,5
6841,2485,190,300,0,300,270,30,0,110,110,0,110,455,85,52890.34500000001,41650.0,11240.345000000007,5
6842,2485,195,290,0,290,280,0,10,95,95,0,95,470,25,12664.080000000002,41225.0,-28560.92,5
6843,2485,170,315,0,315,285,20,10,105,105,0,105,450,60,36280.530000000006,41225.0,-4944.469999999997,5
6844,2485,185,305,0,305,285,0,20,65,65,0,60,465,50,33014.4975,41650.0,-8635.502500000002,5
6845,2485,135,320,0,320,300,15,5,100,100,0,100,430,60,35724.33,38675.0,-2950.67,5
6846,2485,105,340,0,340,305,10,25,65,65,0,65,405,85,60010.48125000002,37825.0,22185.48125000002,5
6847,2485,215,315,0,315,295,0,20,65,65,0,65,505,55,34971.03,45050.0,-10078.97,5
6848,2485,110,305,0,305,275,5,25,110,110,0,105,380,70,41849.280000000006,35275.0,6574.280000000008,5
6849,2485,165,300,0,300,290,0,10,70,70,0,65,450,85,57809.3175,39525.0,18284.317499999997,5
6850,2485,115,310,0,310,295,10,5,90,90,0,90,405,80,50489.05499999999,36125.0,14364.05499999999,5
6851,2485,145,305,0,305,300,0,5,90,90,0,90,440,80,48505.454999999994,38250.0,10255.454999999993,5
6852,2485,175,305,0,305,295,0,10,70,70,0,70,465,55,35776.957500000004,40800.0,-5023.042499999997,5
6853,2485,90,335,0,335,300,15,20,85,85,0,85,385,90,66375.19265625002,36125.0,30250.19265625002,5
6854,2485,145,310,0,310,295,10,5,105,105,0,105,435,95,52885.260000000024,38675.0,14210.260000000026,5
6855,2485,165,305,0,305,285,20,0,80,80,0,75,445,70,44867.40750000001,39950.0,4917.407500000008,5
6856,2485,135,310,0,310,295,15,0,95,95,0,95,425,70,44344.935000000005,37825.0,6519.935000000005,5
6857,2485,155,315,0,315,315,0,0,75,75,0,75,465,90,56626.74,39950.0,16676.739999999998,5
6858,2485,110,340,0,340,300,20,20,90,90,0,90,405,95,53694.720000000016,38250.0,15444.720000000016,5
6859,2485,215,290,0,290,270,20,0,100,100,0,100,480,120,76337.37000000001,42925.0,33412.37000000001,5
6860,2485,125,310,0,310,270,25,15,90,90,0,90,390,105,73313.0325,36975.0,36338.03250000001,5
6861,2485,150,275,0,275,260,0,15,85,85,0,85,405,105,68504.7459375,36125.0,32379.745937500003,5
6862,2485,145,280,0,280,280,0,0,110,110,0,110,420,85,49860.360000000015,36125.0,13735.360000000019,5
6863,2485,160,310,0,310,290,20,0,75,75,0,75,445,65,38347.29000000001,39950.0,-1602.7099999999882,5
6864,2485,150,310,0,310,300,0,10,75,75,0,75,445,70,47793.15000000001,39100.0,8693.150000000005,5
6865,2485,180,265,0,265,240,20,5,115,115,0,115,415,100,66393.315,37825.0,28568.315000000002,5
6866,2485,145,310,0,310,300,5,5,85,85,0,85,440,95,68219.510625,38675.0,29544.510625000003,5
6867,2485,150,320,0,320,275,15,30,110,110,0,110,420,65,36921.060000000005,39950.0,-3028.939999999998,5
6868,2485,180,295,0,295,270,20,5,100,100,0,100,445,75,46628.280000000006,40375.0,6253.280000000004,5
6869,2485,105,345,0,345,320,5,20,65,65,0,65,420,90,62109.69750000001,38250.0,23859.69750000001,5
6870,2485,215,290,0,290,290,0,0,65,65,0,65,500,30,17212.500000000004,42925.0,-25712.5,5
6871,2485,105,325,0,325,295,15,15,95,95,0,95,395,85,53472.98250000001,36550.0,16922.982500000016,5
6872,2485,200,280,0,280,265,5,10,60,60,0,60,460,35,18345.600000000002,40800.0,-22454.399999999994,5
6873,2485,100,350,0,350,300,25,25,75,75,0,75,395,65,39616.11,38250.0,1366.1099999999988,5
6874,2485,140,325,0,325,290,25,10,85,85,0,85,425,55,37895.332500000004,39525.0,-1629.667499999996,5
6875,2485,170,300,0,300,255,15,30,110,110,0,110,420,105,66896.91,39950.0,26946.910000000007,5
6876,2485,125,320,0,320,275,10,35,100,100,0,100,395,100,65904.12,37825.0,28079.120000000003,5
6877,2485,130,325,0,325,285,5,35,80,80,0,80,410,55,38033.921250000014,38675.0,-641.0787499999878,5
6878,2485,150,320,0,320,310,0,10,95,95,0,90,455,75,43833.33,39950.0,3883.3300000000054,5
6879,2485,230,240,0,240,230,5,5,110,110,0,110,455,100,70693.72593750001,39950.0,30743.725937500014,5
6880,2485,130,320,0,320,270,40,10,120,120,0,120,395,65,35837.280000000006,38250.0,-2412.719999999995,5
6881,2485,180,310,0,310,260,25,25,85,85,0,85,435,60,37770.975000000006,41650.0,-3879.024999999997,5
6882,2485,245,255,0,255,230,0,25,95,95,0,95,470,120,81419.89499999999,42500.0,38919.895,5
6883,2485,120,350,0,350,290,45,15,70,70,0,70,405,50,28960.020000000004,39950.0,-10989.979999999996,5
6884,2485,190,295,0,295,295,0,0,80,80,0,80,480,35,19597.86,41225.0,-21627.14,5
6885,2485,130,310,0,310,290,20,0,105,105,0,105,415,70,45921.01500000001,37400.0,8521.015000000007,5
6886,2485,155,315,0,315,280,35,0,80,80,0,80,430,75,50496.885,39950.0,10546.885000000002,5
6887,2485,240,275,0,275,265,0,10,95,95,0,95,500,60,35572.185,43775.0,-8202.815,5
6888,2485,160,280,0,280,250,5,25,105,105,0,100,405,95,59192.100000000006,37400.0,21792.10000000001,5
6889,2485,200,295,0,295,290,0,5,75,75,0,75,485,80,52623.64125,42075.0,10548.64125,5
6890,2485,165,290,0,290,270,10,10,95,95,0,95,430,65,37480.68,38675.0,-1194.319999999998,5
6891,2485,100,330,0,330,300,10,20,95,95,0,95,395,60,33917.490000000005,36550.0,-2632.509999999993,5
6892,2485,120,315,0,315,270,20,25,60,60,0,60,385,110,77556.04874999999,36975.0,40581.04874999999,5
6893,2485,185,305,0,305,290,15,0,80,80,0,80,470,60,35252.55,41650.0,-6397.449999999999,5
6894,2485,150,305,0,305,285,10,10,75,75,0,75,430,45,28742.085000000006,38675.0,-9932.914999999994,5
6895,2485,130,295,0,295,275,0,20,120,120,0,115,400,80,45065.340000000004,36125.0,8940.340000000006,5
6896,2485,130,315,0,315,280,35,0,90,90,0,90,405,60,33210.9,37825.0,-4614.0999999999985,5
6897,2485,180,305,0,305,300,0,5,80,80,0,80,475,50,28292.4,41225.0,-12932.599999999999,5
6898,2485,130,340,0,340,295,30,15,100,100,0,95,420,70,42562.98000000001,39950.0,2612.980000000007,5
6899,2485,160,315,0,315,280,20,15,80,80,0,80,435,80,50432.265000000014,40375.0,10057.265000000016,5
6900,2485,145,310,0,310,310,0,0,115,115,0,115,450,35,18862.380000000005,38675.0,-19812.619999999995,5
6901,2485,170,305,0,305,290,0,15,80,80,0,80,455,35,17920.08,40375.0,-22454.920000000002,5
6902,2485,205,285,0,285,275,0,10,95,95,0,95,475,50,25841.88,41650.0,-15808.119999999999,5
6903,2485,140,330,0,330,320,5,5,70,70,0,70,455,45,26230.32,39950.0,-13719.679999999998,5
6904,2485,125,310,0,310,265,10,35,105,105,0,100,385,95,54539.010000000024,36975.0,17564.010000000024,5
6905,2485,125,355,0,355,265,55,35,80,80,0,80,385,60,30335.760000000002,40800.0,-10464.24,5
6906,2485,180,305,0,305,300,0,5,70,70,0,70,475,65,39032.73,41225.0,-2192.269999999994,5
6907,2485,150,315,0,315,290,20,5,105,105,0,105,435,65,39559.68000000001,39525.0,34.68000000000757,5
6908,2485,110,340,0,340,325,0,15,70,70,0,65,430,70,44926.74,38250.0,6676.74,5
6909,2485,130,335,0,335,240,55,40,95,95,0,90,365,60,34641.00000000001,39525.0,-4883.999999999992,5
6910,2485,230,280,0,280,265,0,15,85,85,0,80,490,25,12467.880000000001,43350.0,-30882.12,5
6911,2485,145,350,0,350,235,75,40,100,100,0,100,375,95,56950.155000000006,42075.0,14875.155000000004,5
6912,2485,175,325,0,325,245,50,30,100,100,0,100,415,55,28484.460000000006,42500.0,-14015.539999999992,5
6913,2485,120,300,0,300,280,20,0,80,80,0,80,395,115,82354.095,35700.0,46654.095,5
6914,2485,150,315,0,315,290,0,25,70,70,0,65,435,30,17558.640000000003,39525.0,-21966.359999999993,5
6915,2485,90,345,0,345,310,10,25,55,55,0,55,395,45,24628.860000000004,36975.0,-12346.139999999996,5
6916,2485,195,295,0,295,275,15,5,105,105,0,105,465,60,34352.82000000001,41650.0,-7297.179999999994,5
6917,2485,200,280,0,280,275,5,0,80,80,0,80,470,85,57045.26250000001,40800.0,16245.262500000008,5
6918,2485,220,240,0,240,225,0,15,120,120,0,120,440,105,65523.78000000001,39100.0,26423.780000000013,5
6919,2485,130,315,0,315,270,5,40,75,75,0,70,395,95,71826.98062500001,37825.0,34001.980625000004,5
6920,2485,195,285,0,285,255,10,20,95,95,0,95,445,60,37958.985000000015,40800.0,-2841.0149999999885,5
6921,2485,130,345,0,345,345,0,0,60,60,0,60,470,30,15057.36,40375.0,-25317.64,5
6922,2485,100,340,0,340,340,0,0,65,65,0,65,435,35,21233.970000000005,37400.0,-16166.029999999995,5
6923,2485,155,330,0,330,290,30,10,75,75,0,70,440,60,37610.01000000001,41225.0,-3614.989999999989,5
6924,2485,100,335,0,335,320,15,0,65,65,0,65,415,50,29697.750000000007,36975.0,-7277.2499999999945,5
6925,2485,195,305,0,305,295,5,5,65,65,0,65,485,35,17941.320000000003,42500.0,-24558.679999999993,5
6926,2485,215,280,0,280,280,0,0,90,90,0,90,490,70,42241.950000000004,42075.0,166.95000000000618,5
6927,2485,230,275,0,275,265,0,10,105,105,0,105,490,135,93146.45062500001,42925.0,50221.45062500001,5
6928,2485,170,295,0,295,265,25,5,85,85,0,85,430,70,48369.45375,39525.0,8844.453750000002,5
6929,2485,130,315,0,315,265,45,5,120,120,0,120,390,65,34264.62000000001,37825.0,-3560.379999999991,5
6930,2485,160,320,0,320,295,10,15,80,80,0,75,450,20,9833.76,40800.0,-30966.239999999998,5
6931,2485,170,305,0,305,260,25,20,90,90,0,90,425,40,22118.940000000002,40375.0,-18256.059999999998,5
6932,2485,165,305,0,305,270,10,25,105,105,0,105,430,80,46499.67,39950.0,6549.669999999996,5
6933,2485,105,335,0,335,325,10,0,80,80,0,80,425,95,68258.0475,37400.0,30858.0475,5
6934,2485,130,305,0,305,240,50,15,100,100,0,95,365,90,54103.50000000002,36975.0,17128.500000000022,5
6935,2485,275,285,0,285,250,35,0,70,70,0,70,520,55,36275.01750000001,47600.0,-11324.982499999991,5
6936,2485,195,295,0,295,275,5,15,90,90,0,90,465,70,41507.55,41650.0,-142.4499999999989,5
6937,2485,140,310,0,310,290,10,10,100,100,0,100,425,70,42693.93000000001,38250.0,4443.930000000009,5
6938,2485,245,280,0,280,280,0,0,70,70,0,70,520,40,23124.420000000006,44625.0,-21500.579999999994,5
6939,2485,190,295,0,295,280,5,10,105,105,0,105,465,90,54928.93499999999,41225.0,13703.934999999992,5
6940,2485,165,285,0,285,270,10,5,110,110,0,110,430,55,31092.299999999996,38250.0,-7157.700000000004,5
6941,2485,155,325,0,325,255,20,50,90,90,0,90,405,75,46498.275,40800.0,5698.275000000003,5
6942,2485,210,285,0,285,265,0,20,65,65,0,65,470,115,88350.20437500002,42075.0,46275.204375000016,5
6943,2485,140,290,0,290,270,20,0,120,120,0,120,405,70,41398.785,36550.0,4848.785000000007,5
6944,2485,190,260,0,260,255,5,0,110,110,0,110,440,95,63720.0,38250.0,25470.0,5
6945,2485,150,325,0,325,310,0,15,65,65,0,65,455,70,44241.48,40375.0,3866.4800000000014,5
6946,2485,165,305,0,305,250,40,15,90,90,0,90,410,75,45420.39,39950.0,5470.389999999998,5
6947,2485,165,285,0,285,275,0,10,105,105,0,105,435,95,59406.57000000001,38250.0,21156.57000000001,5
6948,2485,190,280,0,280,275,0,5,75,75,0,75,460,65,40758.052500000005,39950.0,808.052500000008,5
6949,2485,110,330,0,330,280,40,10,75,75,0,75,385,110,81839.97281250003,37400.0,44439.97281250002,5
6950,2485,90,360,0,360,255,75,30,85,85,0,85,340,45,24978.420000000006,38250.0,-13271.579999999994,5
6951,2485,110,335,0,335,285,35,15,85,85,0,85,390,55,32151.33,37825.0,-5673.669999999997,5
6952,2485,180,275,0,275,225,30,20,115,115,0,115,400,95,63510.435000000005,38675.0,24835.435000000005,5
6953,2485,105,345,0,345,315,10,20,85,85,0,85,415,60,36114.39,38250.0,-2135.6100000000015,5
6954,2485,140,315,0,315,290,0,25,75,75,0,75,425,85,56999.38500000001,38675.0,18324.38500000001,5
6955,2485,145,305,0,305,305,0,0,60,60,0,60,445,85,61280.90437500001,38250.0,23030.90437500001,5
6956,2485,155,305,0,305,300,0,5,90,90,0,90,450,140,105422.00625000003,39100.0,66322.00625000003,5
6957,2485,195,310,0,310,310,0,0,70,70,0,70,500,40,21423.780000000002,42925.0,-21501.219999999998,5
6958,2485,185,270,0,270,260,5,5,125,125,0,125,440,75,45342.045000000006,38675.0,6667.045000000007,5
6959,2485,165,275,0,275,265,0,10,90,90,0,90,425,95,61921.192500000005,37400.0,24521.192500000005,5
6960,2485,115,315,0,315,295,15,5,80,80,0,75,405,90,60087.622500000005,36550.0,23537.622500000005,5
6961,2485,95,340,0,340,285,55,0,75,75,0,75,375,80,54399.825,36975.0,17424.825,5
6962,2485,130,305,0,305,240,50,15,110,110,0,110,365,135,84796.47000000003,36975.0,47821.47000000003,5
6963,2485,110,335,0,335,265,45,25,100,100,0,100,370,60,33983.01000000001,37825.0,-3841.9899999999916,5
6964,2485,160,310,0,310,300,0,10,80,80,0,80,455,50,27246.960000000006,39950.0,-12703.039999999992,5
6965,2485,220,280,0,280,265,0,15,80,80,0,75,480,75,46224.090000000004,42500.0,3724.0900000000056,5
6966,2485,210,280,0,280,270,0,10,95,95,0,95,475,105,65536.51500000001,41650.0,23886.515000000018,5
6967,2485,190,280,0,280,255,0,25,95,95,0,95,440,115,76706.57250000002,39950.0,36756.572500000024,5
6968,2485,205,300,0,300,275,0,25,75,75,0,75,475,55,39449.46375,42925.0,-3475.53625,5
6969,2485,205,305,0,305,280,10,15,90,90,0,85,480,45,28121.850000000006,43350.0,-15228.149999999996,5
6970,2485,150,305,0,305,270,20,15,90,90,0,90,415,85,55807.92000000002,38675.0,17132.92000000002,5
6971,2485,165,275,0,275,255,15,5,105,105,0,105,415,120,71244.09000000003,37400.0,33844.090000000026,5
6972,2485,135,325,0,325,285,30,10,75,75,0,70,415,60,35414.91,39100.0,-3685.09,5
6973,2485,150,330,0,330,275,50,5,95,95,0,95,420,50,26514.180000000008,40800.0,-14285.819999999994,5
6974,2485,145,330,0,330,280,25,25,100,100,0,100,420,80,47615.130000000005,40375.0,7240.130000000008,5
6975,2485,210,280,0,280,265,0,15,80,80,0,80,470,70,43065.45,41650.0,1415.4500000000007,5
6976,2485,160,305,0,305,285,0,20,100,100,0,100,440,65,37228.23,39525.0,-2296.769999999997,5
6977,2485,145,315,0,315,315,0,0,65,65,0,65,455,25,14267.700000000003,39100.0,-24832.299999999996,5
6978,2485,165,275,0,275,275,0,0,100,100,0,100,435,70,44946.135,37400.0,7546.135000000004,5
6979,2485,130,320,0,320,300,0,20,80,80,0,80,425,85,47871.99,38250.0,9621.989999999996,5
6980,2485,130,310,0,310,285,15,10,95,95,0,90,410,90,58364.9325,37400.0,20964.932500000003,5
6981,2485,170,310,0,310,310,0,0,70,70,0,65,475,55,36855.69750000001,40800.0,-3944.30249999999,5
6982,2485,120,360,0,360,290,60,10,90,90,0,90,405,80,49748.219999999994,40800.0,8948.219999999992,5
6983,2485,140,330,0,330,305,0,25,115,115,0,115,440,90,50436.09000000001,39950.0,10486.090000000013,5
6984,2485,200,300,0,300,295,0,5,70,70,0,70,490,45,29573.055000000004,42500.0,-12926.944999999996,5
6985,2485,100,335,0,335,310,20,5,95,95,0,95,405,75,43987.41000000001,36975.0,7012.410000000009,5
6986,2485,225,280,0,280,275,0,5,100,100,0,100,495,70,40070.700000000004,42925.0,-2854.299999999994,5
6987,2485,240,260,0,260,255,0,5,95,95,0,95,490,105,62858.880000000005,42500.0,20358.88000000001,5
6988,2485,185,270,0,270,240,10,20,100,100,0,100,420,145,103384.02093750001,38675.0,64709.02093750001,5
6989,2485,225,295,0,295,245,45,5,115,115,0,115,465,75,42881.850000000006,44200.0,-1318.149999999996,5
6990,2485,170,305,0,305,285,0,20,90,90,0,85,450,65,37906.29,40375.0,-2468.710000000001,5
6991,2485,160,305,0,305,295,5,5,95,95,0,95,450,65,36549.450000000004,39525.0,-2975.549999999994,5
6992,2485,125,310,0,310,265,35,10,95,95,0,95,385,75,43564.86000000001,36975.0,6589.860000000008,5
6993,2485,130,330,0,330,290,15,25,80,80,0,80,415,95,58354.47,39100.0,19254.47,5
6994,2485,90,325,0,325,310,10,5,85,85,0,80,395,70,41509.98000000001,35275.0,6234.980000000014,5
6995,2485,120,335,0,335,295,30,10,85,85,0,85,410,140,100241.82,38675.0,61566.82000000001,5
6996,2485,180,300,0,300,285,5,10,70,70,0,70,460,35,19228.86,40800.0,-21571.14,5
6997,2485,135,335,0,335,285,35,15,100,100,0,100,415,70,41712.12,39950.0,1762.1200000000044,5
6998,2485,185,290,0,290,270,10,10,90,90,0,90,450,95,64019.542499999996,40375.0,23644.542499999996,5
6999,2485,145,315,0,315,315,0,0,70,70,0,70,455,25,15705.45,39100.0,-23394.55,5
7000,2485,135,305,0,305,300,5,0,90,90,0,90,430,55,32706.360000000004,37400.0,-4693.639999999996,5
7001,2485,85,380,0,380,290,65,25,80,80,0,80,370,75,48417.88500000001,39525.0,8892.885000000006,5
7002,2485,140,320,0,320,300,20,0,100,100,0,100,435,85,47286.900000000016,39100.0,8186.900000000014,5
7003,2485,170,300,0,300,295,5,0,80,80,0,80,460,60,32793.48000000001,39950.0,-7156.519999999991,5
7004,2485,115,325,0,325,280,25,20,90,90,0,90,390,70,40179.87,37400.0,2779.870000000001,5
7005,2485,205,295,0,295,235,35,25,120,120,0,120,435,60,32463.90000000001,42500.0,-10036.099999999991,5
7006,2485,125,325,0,325,290,20,15,95,95,0,95,410,100,64811.20500000001,38250.0,26561.20500000001,5
7007,2485,130,300,0,300,300,0,0,100,100,0,100,425,105,64853.775000000016,36550.0,28303.775000000016,5
7008,2485,120,335,0,335,260,55,20,90,90,0,85,375,130,86930.02687500003,38675.0,48255.026875000025,5
7009,2485,135,300,0,300,275,15,10,100,100,0,100,405,90,57857.9175,36975.0,20882.917500000003,5
7010,2485,120,325,0,325,280,40,5,90,90,0,90,395,80,49632.03000000001,37825.0,11807.030000000013,5
7011,2485,135,345,0,345,330,0,15,70,70,0,70,460,75,47699.1,40800.0,6899.0999999999985,5
7012,2485,155,295,0,295,270,10,15,90,90,0,90,420,100,66921.705,38250.0,28671.705,5
7013,2485,245,245,0,245,245,0,0,75,75,0,75,485,75,41573.34000000001,41650.0,-76.65999999999258,5
7014,2485,140,295,0,295,250,35,10,105,105,0,105,385,125,84336.78375000002,36975.0,47361.78375000002,5
7015,2485,100,340,0,340,260,60,20,95,95,0,95,355,55,32993.189999999995,37400.0,-4406.810000000005,5
7016,2485,185,285,0,285,280,0,5,90,90,0,90,460,55,29764.260000000002,39950.0,-10185.739999999996,5
7017,2485,165,325,0,325,235,45,45,95,95,0,95,395,45,24157.980000000007,41650.0,-17492.019999999993,5
7018,2485,125,325,0,325,290,10,25,90,90,0,90,410,120,83557.0125,38250.0,45307.0125,5
7019,2485,165,290,0,290,275,5,10,95,95,0,95,435,60,33813.18000000001,38675.0,-4861.819999999989,5
7020,2485,125,345,0,345,270,55,20,85,85,0,85,390,60,36670.05,39950.0,-3279.9499999999944,5
7021,2485,120,325,0,325,320,0,5,55,55,0,55,435,50,28645.200000000004,37825.0,-9179.799999999996,5
7022,2485,225,275,0,275,245,0,30,100,100,0,100,465,125,78734.8575,42500.0,36234.8575,5
7023,2485,120,320,0,320,230,55,35,95,95,0,95,345,60,38997.877499999995,37400.0,1597.877499999995,5
7024,2485,135,310,0,310,310,0,0,55,55,0,55,440,20,12226.32,37825.0,-25598.68,5
7025,2485,170,275,0,275,260,5,10,110,110,0,110,425,60,33610.41,37825.0,-4214.589999999994,5
7026,2485,110,315,0,315,300,10,5,60,60,0,60,405,85,57570.70500000001,36125.0,21445.70500000001,5
7027,2485,215,280,0,280,270,0,10,60,60,0,60,480,50,32168.610000000004,42075.0,-9906.389999999996,5
7028,2485,180,280,0,280,275,0,5,85,85,0,85,450,65,37151.82,39100.0,-1948.1799999999976,5
7029,2485,185,300,0,300,235,40,25,125,125,0,120,415,125,76990.05000000002,41225.0,35765.05000000002,5
7030,2485,245,240,0,240,230,10,0,135,135,0,135,470,90,54775.26000000002,41225.0,13550.260000000017,5
7031,2485,160,330,0,330,330,0,0,65,65,0,65,485,80,48521.20500000001,41650.0,6871.205000000009,5
7032,2485,145,310,0,310,245,45,20,105,105,0,105,385,100,64087.233750000014,38675.0,25412.233750000014,5
7033,2485,130,330,0,330,300,15,15,90,90,0,90,425,45,29808.765000000007,39100.0,-9291.234999999993,5
7034,2485,110,325,0,325,260,55,10,100,100,0,100,365,90,56954.52000000003,36975.0,19979.52000000003,5
7035,2485,185,295,0,295,260,15,20,95,95,0,95,440,85,46931.850000000006,40800.0,6131.850000000004,5
7036,2485,85,350,0,350,305,10,35,55,55,0,50,385,85,59000.76000000001,36975.0,22025.76000000001,5
7037,2485,125,305,0,305,275,10,20,100,100,0,95,395,115,70840.125,36550.0,34290.12500000001,5
7038,2485,110,325,0,325,295,10,20,85,85,0,85,400,35,19587.780000000002,36975.0,-17387.219999999998,5
7039,2485,110,330,0,330,320,10,0,80,80,0,80,425,50,32204.835000000006,37400.0,-5195.164999999993,5
7040,2485,155,330,0,330,290,20,20,95,95,0,90,440,35,19504.260000000002,41225.0,-21720.739999999998,5
7041,2485,185,310,0,310,300,5,5,80,80,0,80,480,60,33903.0,42075.0,-8171.999999999998,5
7042,2485,125,335,0,335,285,50,0,65,65,0,65,405,55,31057.380000000005,39100.0,-8042.619999999997,5
7043,2485,145,290,0,290,275,5,10,100,100,0,100,415,55,32577.21000000001,36975.0,-4397.789999999991,5
7044,2485,245,260,0,260,250,0,10,95,95,0,95,490,65,39035.79000000001,42925.0,-3889.2099999999937,5
7045,2485,165,290,0,290,285,0,5,90,90,0,90,445,75,49397.895000000004,38675.0,10722.895000000008,5
7046,2485,115,315,0,315,295,10,10,85,85,0,85,405,80,53234.437500000015,36550.0,16684.437500000015,5
7047,2485,120,325,0,325,295,30,0,105,105,0,105,410,110,71344.35,37825.0,33519.35000000001,5
7048,2485,140,305,0,305,300,0,5,80,80,0,80,435,75,52350.23250000001,37825.0,14525.232500000011,5
7049,2485,175,280,0,280,260,20,0,100,100,0,100,430,95,65580.0525,38675.0,26905.052500000013,5
7050,2485,215,275,0,275,275,0,0,75,75,0,75,485,60,35415.810000000005,41650.0,-6234.189999999994,5
7051,2485,135,335,0,335,285,5,45,65,65,0,65,415,40,20582.28,39950.0,-19367.72,5
7052,2485,145,310,0,310,275,10,25,95,95,0,95,415,45,23530.86,38675.0,-15144.139999999998,5
7053,2485,90,355,0,355,250,70,35,90,90,0,85,335,85,55465.661250000005,37825.0,17640.661250000005,5
7054,2485,120,330,0,330,285,40,5,75,75,0,75,400,80,47847.42,38250.0,9597.420000000002,5
7055,2485,110,335,0,335,290,40,5,65,65,0,60,395,65,40450.41,37825.0,2625.4100000000017,5
7056,2485,135,310,0,310,305,0,5,85,85,0,85,435,85,52692.345,37825.0,14867.345000000005,5
7057,2485,185,300,0,300,275,20,5,100,100,0,100,455,80,48446.46,41225.0,7221.459999999997,5
7058,2485,165,315,0,315,285,0,30,90,90,0,85,445,65,33266.16,40800.0,-7533.84,5
7059,2485,140,295,0,295,285,10,0,85,85,0,80,420,60,34989.12000000001,36975.0,-1985.8799999999928,5
7060,2485,105,335,0,335,305,30,0,80,80,0,80,405,55,32679.36,37400.0,-4720.6399999999985,5
7061,2485,140,285,0,285,280,0,5,95,95,0,90,415,140,95991.26625000004,36125.0,59866.266250000044,5
7062,2485,115,325,0,325,305,20,0,90,90,0,90,415,65,37097.82000000001,37400.0,-302.1799999999939,5
7063,2485,170,315,0,315,290,20,5,65,65,0,65,455,55,31309.38,41225.0,-9915.619999999999,5
7064,2485,175,305,0,305,265,15,25,95,95,0,95,435,55,36745.49250000001,40800.0,-4054.5074999999906,5
7065,2485,115,330,0,330,280,45,5,95,95,0,95,390,65,38216.61000000001,37825.0,391.61000000000513,5
7066,2485,120,335,0,335,335,0,0,65,65,0,65,450,55,39438.967500000006,38675.0,763.9675000000034,5
7067,2485,145,305,0,305,300,0,5,95,95,0,95,440,60,33968.25,38250.0,-4281.750000000002,5
7068,2485,190,265,0,265,245,10,10,100,100,0,100,430,125,82876.725,38675.0,44201.725000000006,5
7069,2485,140,325,0,325,310,0,15,85,85,0,85,445,80,52709.1975,39525.0,13184.1975,5
7070,2485,180,275,0,275,275,0,0,90,90,0,90,450,105,64009.44,38675.0,25334.440000000002,5
7071,2485,115,325,0,325,305,10,10,105,105,0,105,415,100,63042.30000000002,37400.0,25642.300000000014,5
7072,2485,155,290,0,290,265,5,20,90,90,0,90,415,85,56210.4,37825.0,18385.4,5
7073,2485,115,305,0,305,280,20,5,85,85,0,85,390,115,77759.24625,35700.0,42059.24625,5
7074,2485,155,320,0,320,280,15,25,90,90,0,90,430,45,25320.42000000001,40375.0,-15054.57999999999,5
7075,2485,115,340,0,340,340,0,0,70,70,0,70,450,40,22824.719999999998,38675.0,-15850.280000000002,5
7076,2485,160,290,0,290,255,35,0,100,100,0,100,410,115,73654.83,38250.0,35404.83,5
7077,2485,145,300,0,300,295,0,5,80,80,0,80,435,60,35406.09000000001,37825.0,-2418.9099999999917,5
7078,2485,135,330,0,330,270,60,0,85,85,0,85,400,110,69020.86500000002,39525.0,29495.865000000013,5
7079,2485,130,300,0,300,280,10,10,100,100,0,100,405,130,88447.34250000001,36550.0,51897.34250000001,5
7080,2485,130,305,0,305,265,30,10,105,105,0,100,390,100,65535.37875000001,36975.0,28560.37875000001,5
7081,2485,130,320,0,320,310,10,0,90,90,0,90,435,50,29224.26000000001,38250.0,-9025.73999999999,5
7082,2485,85,355,0,355,305,30,20,75,75,0,75,385,50,26077.140000000003,37400.0,-11322.859999999997,5
7083,2485,195,280,0,280,235,25,20,120,120,0,115,425,135,92210.33250000002,40375.0,51835.33250000002,5
7084,2485,195,300,0,300,250,20,30,95,95,0,95,440,55,30203.10000000001,42075.0,-11871.89999999999,5
7085,2485,160,300,0,300,285,15,0,75,75,0,75,440,45,26230.5,39100.0,-12869.499999999998,5
7086,2485,155,335,0,335,315,20,0,80,80,0,80,465,50,26098.740000000005,41650.0,-15551.259999999993,5
7087,2485,230,260,0,260,245,10,5,120,120,0,120,470,60,32255.64,41650.0,-9394.36,5
7088,2485,110,355,0,355,345,5,5,40,40,0,40,450,20,10915.740000000002,39525.0,-28609.26,5
7089,2485,110,320,0,320,275,10,35,95,95,0,95,380,90,57792.16125,36550.0,21242.161249999997,5
7090,2485,160,285,0,285,275,10,0,115,115,0,115,430,85,54556.83000000001,37825.0,16731.83000000001,5
7091,2485,110,325,0,325,290,35,0,90,90,0,90,395,90,55321.74000000003,36975.0,18346.740000000027,5
7092,2485,115,335,0,335,315,5,15,75,75,0,75,425,80,53158.815,38250.0,14908.815000000004,5
7093,2485,210,275,0,275,260,0,15,80,80,0,80,465,65,39513.51000000001,41225.0,-1711.4899999999943,5
7094,2485,150,310,0,310,295,10,5,75,75,0,75,440,45,25735.68,39100.0,-13364.319999999998,5
7095,2485,245,265,0,265,265,0,0,90,90,0,90,505,65,48104.87625,43350.0,4754.8762499999975,5
7096,2485,150,290,0,290,255,35,0,95,95,0,95,400,120,75177.99,37400.0,37777.99,5
7097,2485,110,350,0,350,275,40,35,80,80,0,80,380,60,35872.33500000001,39100.0,-3227.6649999999972,5
7098,2485,190,305,0,305,245,20,40,110,110,0,105,430,60,31476.780000000006,42075.0,-10598.219999999992,5
7099,2485,175,285,0,285,270,15,0,95,95,0,95,440,100,61584.615000000005,39100.0,22484.615000000005,5
7100,2485,180,270,0,270,240,25,5,100,100,0,100,415,95,65490.72750000001,38250.0,27240.72750000001,5
7101,2485,120,310,0,310,295,10,5,90,90,0,85,410,95,66801.555,36550.0,30251.55499999999,5
7102,2485,150,315,0,315,285,30,0,75,75,0,75,430,70,43432.605,39525.0,3907.605000000003,5
7103,2485,185,300,0,300,270,15,15,80,80,0,80,450,90,67502.87156249999,41225.0,26277.871562499997,5
7104,2485,90,340,0,340,325,0,15,75,75,0,70,410,75,46562.76000000001,36550.0,10012.760000000007,5
7105,2485,115,330,0,330,245,50,35,110,110,0,110,355,120,80303.95125000003,37825.0,42478.95125000003,5
7106,2485,105,320,0,320,285,10,25,90,90,0,90,385,70,42380.46000000001,36125.0,6255.460000000003,5
7107,2485,140,300,0,300,280,5,15,95,95,0,95,415,20,10009.44,37400.0,-27390.56,5
7108,2485,205,305,0,305,240,35,30,85,85,0,85,440,100,71387.38687500001,43350.0,28037.38687500001,5
7109,2485,135,300,0,300,290,5,5,80,80,0,80,420,40,23267.160000000003,36975.0,-13707.839999999997,5
7110,2485,185,295,0,295,275,20,0,75,75,0,75,455,90,56438.46000000001,40800.0,15638.460000000005,5
7111,2485,100,355,0,355,335,0,20,65,65,0,65,430,50,28130.940000000002,38675.0,-10544.06,5
7112,2485,175,295,0,295,290,5,0,70,70,0,70,460,65,36094.41,39950.0,-3855.589999999993,5
7113,2485,200,275,0,275,240,15,20,105,105,0,105,435,105,74732.57437500001,40375.0,34357.57437500001,5
7114,2485,225,255,0,255,215,35,5,115,115,0,115,435,120,78600.08250000002,40800.0,37800.08250000002,5
7115,2485,130,305,0,305,265,40,0,110,110,0,110,390,105,66540.735,36975.0,29565.735000000004,5
7116,2485,145,315,0,315,285,30,0,100,100,0,95,425,95,63088.380000000005,39100.0,23988.380000000005,5
7117,2485,165,320,0,320,280,5,35,85,85,0,80,440,75,47171.56500000001,41225.0,5946.56500000001,5
7118,2485,145,320,0,320,300,5,15,85,85,0,80,440,90,58169.002499999995,39525.0,18644.002499999995,5
7119,2485,115,305,0,305,250,25,30,90,90,0,90,360,65,38836.08,35700.0,3136.0800000000017,5
7120,2485,155,280,0,280,270,10,0,85,85,0,85,420,110,72833.175,36975.0,35858.175,5
7121,2485,210,285,0,285,260,10,15,75,75,0,70,465,90,66121.30125,42075.0,24046.301250000004,5
7122,2485,165,320,0,320,320,0,0,75,75,0,75,480,30,15886.080000000002,41225.0,-25338.92,5
7123,2485,85,325,0,325,310,5,10,85,85,0,80,390,90,56949.615000000005,34850.0,22099.615000000005,5
7124,2485,170,255,0,255,210,40,5,110,110,0,110,375,140,96075.52875000003,36125.0,59950.52875000003,5
7125,2485,145,290,0,290,270,5,15,95,95,0,95,410,65,41676.885,36975.0,4701.885000000002,5
7126,2485,185,285,0,285,250,15,20,105,105,0,105,430,95,57396.869999999995,39950.0,17446.87,5
7127,2485,120,345,0,345,310,0,35,60,60,0,60,425,40,23032.08,39525.0,-16492.92,5
7128,2485,170,320,0,320,290,10,20,75,75,0,70,455,90,65583.73125,41650.0,23933.73125,5
7129,2485,130,305,0,305,280,10,15,120,120,0,120,405,110,64534.95000000001,36975.0,27559.950000000008,5
7130,2485,175,305,0,305,295,5,5,85,85,0,85,465,70,41749.65000000001,40800.0,949.6500000000106,5
7131,2485,170,295,0,295,290,0,5,100,100,0,100,455,50,27265.32,39525.0,-12259.679999999998,5
7132,2485,135,330,0,330,280,50,0,95,95,0,95,410,65,35691.12,39525.0,-3833.8799999999947,5
7133,2485,165,320,0,320,300,0,20,75,75,0,75,460,55,30982.589999999997,41225.0,-10242.410000000003,5
7134,2485,210,295,0,295,290,5,0,85,85,0,85,495,65,39453.75000000001,42925.0,-3471.249999999991,5
7135,2485,135,330,0,330,275,55,0,90,90,0,90,405,90,55166.78250000001,39525.0,15641.782500000008,5
7136,2485,225,270,0,270,245,20,5,95,95,0,95,465,90,59882.64750000002,42075.0,17807.64750000002,5
7137,2485,210,285,0,285,255,30,0,85,85,0,85,460,105,70287.78374999999,42075.0,28212.783749999988,5
7138,2485,125,340,0,340,275,25,40,70,70,0,65,395,80,50109.2325,39525.0,10584.232499999998,5
7139,2485,135,295,0,295,285,0,10,85,85,0,85,415,55,39481.672500000015,36550.0,2931.6725000000133,5
7140,2485,230,295,0,295,295,0,0,65,65,0,65,520,40,24865.74,44625.0,-19759.26,5
7141,2485,145,285,0,285,280,0,5,115,115,0,115,420,150,103934.46375000001,36550.0,67384.46375000001,5
7142,2485,130,330,0,330,330,0,0,60,60,0,60,455,80,51463.26000000001,39100.0,12363.26000000001,5
7143,2485,125,315,0,315,300,10,5,100,100,0,100,420,95,54794.97,37400.0,17394.97,5
7144,2485,140,315,0,315,290,20,5,75,75,0,75,425,65,33552.72,38675.0,-5122.280000000001,5
7145,2485,145,300,0,300,260,10,30,95,95,0,95,400,105,66105.58500000002,37825.0,28280.58500000002,5
7146,2485,130,310,0,310,310,0,0,110,110,0,110,435,75,43172.01000000001,37400.0,5772.010000000009,5
7147,2485,120,335,0,335,295,10,30,110,110,0,110,410,75,41598.18,38675.0,2923.180000000002,5
7148,2485,200,310,0,310,295,0,15,65,65,0,65,490,45,27756.45,43350.0,-15593.55,5
7149,2485,150,295,0,295,270,5,20,105,105,0,100,415,65,35006.850000000006,37825.0,-2818.149999999996,5
7150,2485,145,310,0,310,285,0,25,100,100,0,100,425,55,30754.98,38675.0,-7920.0199999999995,5
7151,2485,140,300,0,300,295,0,5,70,70,0,70,430,70,47283.30000000001,37400.0,9883.300000000008,5
7152,2485,140,305,0,305,270,35,0,105,105,0,105,405,70,40112.19,37825.0,2287.190000000005,5
7153,2485,265,255,0,255,235,0,20,70,70,0,70,495,55,36736.380000000005,44200.0,-7463.619999999992,5
7154,2485,110,345,0,345,305,20,20,75,75,0,75,410,30,16824.960000000003,38675.0,-21850.04,5
7155,2485,155,315,0,315,280,20,15,75,75,0,75,430,45,24924.059999999998,39950.0,-15025.94,5
7156,2485,160,305,0,305,290,0,15,95,95,0,90,445,80,51219.42750000001,39525.0,11694.42750000001,5
7157,2485,125,315,0,315,290,20,5,75,75,0,75,410,95,57267.94499999999,37400.0,19867.944999999992,5
7158,2485,200,285,0,285,270,0,15,85,85,0,85,465,65,42134.24250000001,41225.0,909.2425000000094,5
7159,2485,125,315,0,315,250,40,25,120,120,0,120,370,130,78759.765,37400.0,41359.765,5
7160,2485,175,295,0,295,295,0,0,70,70,0,70,465,65,37491.12,39950.0,-2458.8799999999947,5
7161,2485,145,335,0,335,230,75,30,125,125,0,125,370,120,72231.03000000001,40800.0,31431.03000000001,5
7162,2485,120,350,0,350,320,25,5,65,65,0,60,435,60,37850.4,39950.0,-2099.599999999996,5
7163,2485,130,320,0,320,300,20,0,90,90,0,90,425,100,61107.750000000015,38250.0,22857.750000000015,5
7164,2485,210,245,0,245,210,5,30,100,100,0,100,415,160,113012.9775,38675.0,74337.9775,5
7165,2485,155,320,0,320,290,30,0,85,85,0,85,440,85,55618.60500000002,40375.0,15243.605000000016,5
7166,2485,160,320,0,320,310,0,10,70,70,0,70,465,25,14524.740000000002,40800.0,-26275.26,5
7167,2485,220,270,0,270,265,0,5,100,100,0,100,480,65,36708.03000000001,41650.0,-4941.9699999999875,5
7168,2485,125,345,0,345,265,80,0,115,115,0,115,385,80,49143.240000000005,39950.0,9193.240000000005,5
7169,2485,225,285,0,285,250,0,35,95,95,0,95,470,55,30338.640000000007,43350.0,-13011.359999999995,5
7170,2485,120,345,0,345,315,0,30,85,85,0,80,430,60,36306.72,39525.0,-3218.2799999999997,5
7171,2485,190,295,0,295,255,25,15,90,90,0,90,440,80,51072.00750000001,41225.0,9847.007500000009,5
7172,2485,160,305,0,305,245,25,35,90,90,0,90,400,110,78761.93625,39525.0,39236.93625,5
7173,2485,190,310,0,310,290,15,5,85,85,0,85,475,40,22022.46,42500.0,-20477.54,5
7174,2485,115,325,0,325,280,20,25,95,95,0,90,390,50,27766.980000000007,37400.0,-9633.019999999993,5
7175,2485,170,295,0,295,245,30,20,110,110,0,110,410,100,59518.30500000001,39525.0,19993.305000000008,5
7176,2485,150,300,0,300,245,35,20,95,95,0,95,390,85,55671.255000000005,38250.0,17421.255,5
7177,2485,135,315,0,315,290,10,15,120,120,0,120,420,85,50173.740000000005,38250.0,11923.740000000007,5
7178,2485,205,295,0,295,295,0,0,60,60,0,60,495,35,17625.96,42500.0,-24874.04,5
7179,2485,180,280,0,280,245,20,15,105,105,0,105,420,80,49541.76,39100.0,10441.760000000004,5
7180,2485,190,295,0,295,275,0,20,105,105,0,105,460,50,28798.380000000005,41225.0,-12426.619999999994,5
7181,2485,160,310,0,310,265,40,5,100,100,0,100,420,85,51896.79000000001,39950.0,11946.79000000001,5
7182,2485,155,285,0,285,285,0,0,90,90,0,90,435,100,66071.16,37400.0,28671.16000000001,5
7183,2485,90,340,0,340,285,55,0,70,70,0,70,370,90,59677.02000000001,36550.0,23127.02000000001,5
7184,2485,125,310,0,310,310,0,0,75,75,0,75,430,55,29858.940000000002,36975.0,-7116.059999999998,5
7185,2485,115,300,0,300,295,0,5,80,80,0,80,405,80,44741.520000000004,35275.0,9466.52,5
7186,2485,170,320,0,320,295,0,25,80,80,0,80,460,125,89990.61187500002,41650.0,48340.61187500002,5
7187,2485,210,315,0,315,300,0,15,65,65,0,65,505,70,44120.97000000001,44625.0,-504.0299999999934,5
7188,2485,175,310,0,310,305,0,5,85,85,0,80,475,60,34928.64000000001,41225.0,-6296.359999999995,5
7189,2485,170,300,0,300,250,25,25,120,120,0,115,415,110,70137.93375000001,39950.0,30187.93375000001,5
7190,2485,145,320,0,320,295,5,20,85,85,0,85,435,95,59170.162500000006,39525.0,19645.162500000006,5
7191,2485,160,280,0,280,275,5,0,85,85,0,80,430,110,77533.40812500002,37400.0,40133.40812500002,5
7192,2485,150,335,0,335,290,15,30,75,75,0,75,435,60,33012.630000000005,41225.0,-8212.369999999995,5
7193,2485,90,375,0,375,230,100,45,75,75,0,75,315,105,74286.54000000001,39525.0,34761.54000000001,5
7194,2485,125,360,0,360,295,45,20,70,70,0,65,415,65,39762.630000000005,41225.0,-1462.3699999999963,5
7195,2485,170,305,0,305,270,25,10,75,75,0,70,435,60,36295.83,40375.0,-4079.1699999999946,5
7196,2485,180,255,0,255,250,5,0,140,140,0,140,425,130,80684.14499999999,36975.0,43709.14499999999,5
7197,2485,100,340,0,340,275,40,25,100,100,0,95,370,75,45047.88,37400.0,7647.879999999996,5
7198,2485,135,345,0,345,290,55,0,75,75,0,75,420,55,29581.38000000001,40800.0,-11218.619999999992,5
7199,2485,180,320,0,320,320,0,0,65,65,0,65,495,30,16682.58,42500.0,-25817.420000000002,5
7200,2485,125,305,0,305,280,15,10,80,80,0,80,400,70,44070.795000000006,36550.0,7520.795000000007,5
7201,2485,110,330,0,330,310,15,5,75,75,0,75,415,60,32326.380000000005,37400.0,-5073.619999999996,5
7202,2485,165,310,0,310,300,10,0,100,100,0,100,460,90,53941.41,40375.0,13566.410000000005,5
7203,2485,140,315,0,315,270,30,15,70,70,0,70,405,70,43421.670000000006,38675.0,4746.670000000004,5
7204,2485,170,295,0,295,290,0,5,85,85,0,85,455,50,31430.070000000007,39525.0,-8094.929999999995,5
7205,2485,220,265,0,265,265,0,0,90,90,0,90,480,50,28794.510000000002,41225.0,-12430.49,5
7206,2485,85,345,0,345,310,10,25,80,80,0,80,390,95,56468.07000000001,36550.0,19918.070000000007,5
7207,2485,165,290,0,290,290,0,0,90,90,0,90,450,45,24887.520000000004,38675.0,-13787.479999999996,5
7208,2485,140,330,0,330,280,35,15,90,90,0,90,415,65,36920.52,39950.0,-3029.480000000003,5
7209,2485,155,310,0,310,265,30,15,85,85,0,85,415,65,39953.520000000004,39525.0,428.5200000000077,5
7210,2485,130,315,0,315,290,25,0,95,95,0,95,415,55,33062.49000000001,37825.0,-4762.509999999988,5
7211,2485,125,295,0,295,255,40,0,110,110,0,110,375,100,66707.53875,35700.0,31007.538750000014,5
7212,2485,125,325,0,325,280,25,20,90,90,0,90,400,50,26896.86,38250.0,-11353.14,5
7213,2485,135,335,0,335,275,40,20,90,90,0,90,405,65,43012.22625000001,39950.0,3062.2262500000033,5
7214,2485,245,295,0,295,255,25,15,100,100,0,100,495,80,45831.87000000002,45900.0,-68.12999999998283,5
7215,2485,205,300,0,300,290,0,10,65,65,0,65,490,50,28711.260000000002,42925.0,-14213.739999999998,5
7216,2485,170,295,0,295,285,0,10,100,100,0,100,450,75,44396.91000000002,39525.0,4871.910000000016,5
7217,2485,145,315,0,315,300,0,15,80,80,0,80,440,60,31725.9,39100.0,-7374.0999999999985,5
7218,2485,185,275,0,275,265,0,10,110,110,0,110,445,125,80894.115,39100.0,41794.115000000005,5
7219,2485,210,270,0,270,265,0,5,70,70,0,65,470,55,32735.475000000002,40800.0,-8064.524999999999,5
7220,2485,190,315,0,315,295,15,5,75,75,0,70,480,35,17806.320000000003,42925.0,-25118.679999999993,5
7221,2485,165,295,0,295,295,0,0,90,90,0,90,455,130,88967.49750000001,39100.0,49867.49750000001,5
7222,2485,115,350,0,350,315,20,15,55,55,0,55,425,35,19013.579999999998,39525.0,-20511.42,5
7223,2485,175,280,0,280,265,10,5,100,100,0,100,435,100,62256.28500000002,38675.0,23581.285000000018,5
7224,2485,215,290,0,290,280,5,5,105,105,0,105,490,85,51385.23,42925.0,8460.230000000001,5
7225,2485,160,300,0,300,270,5,25,80,80,0,80,425,105,70697.52,39100.0,31597.520000000004,5
7226,2485,150,315,0,315,300,0,15,90,90,0,85,445,80,59213.67187500001,39525.0,19688.671875000007,5
7227,2485,175,280,0,280,280,0,0,90,90,0,90,450,100,70915.0275,38675.0,32240.027499999997,5
7228,2485,170,315,0,315,290,0,25,75,75,0,75,455,75,48329.595000000016,41225.0,7104.5950000000175,5
7229,2485,155,315,0,315,250,55,10,85,85,0,85,400,65,39144.51,39950.0,-805.4899999999998,5
7230,2485,130,290,0,290,280,10,0,110,110,0,110,405,70,39050.01000000001,35700.0,3350.010000000011,5
7231,2485,210,290,0,290,290,0,0,75,75,0,75,495,100,68226.52500000001,42500.0,25726.52500000001,5
7232,2485,115,330,0,330,250,55,25,110,110,0,110,360,35,17955.72,37825.0,-19869.28,5
7233,2485,160,320,0,320,300,10,10,75,75,0,75,455,110,76418.69625000001,40800.0,35618.69625000001,5
7234,2485,215,295,0,295,275,0,20,110,110,0,105,485,90,54173.790000000015,43350.0,10823.790000000017,5
7235,2485,110,310,0,310,280,0,30,65,65,0,65,385,100,76463.2575,35700.0,40763.2575,5
7236,2485,115,350,0,350,295,20,35,75,75,0,70,405,70,42116.67,39525.0,2591.6699999999946,5
7237,2485,195,285,0,285,255,20,10,120,120,0,115,445,80,45109.170000000006,40800.0,4309.170000000004,5
7238,2485,190,305,0,305,300,0,5,80,80,0,80,485,55,33850.26000000001,42075.0,-8224.739999999987,5
7239,2485,145,295,0,295,270,15,10,105,105,0,105,410,50,26560.260000000002,37400.0,-10839.739999999998,5
7240,2485,130,325,0,325,300,5,20,105,105,0,105,425,100,60649.69500000002,38675.0,21974.69500000002,5
7241,2485,130,320,0,320,300,0,20,75,75,0,75,425,40,24364.98,38250.0,-13885.02,5
7242,2485,175,290,0,290,280,10,0,100,100,0,100,450,90,55991.16000000002,39525.0,16466.160000000018,5
7243,2485,150,310,0,310,295,15,0,80,80,0,80,440,115,73209.82500000001,39100.0,34109.82500000001,5
7244,2485,155,315,0,315,310,0,5,80,80,0,80,460,75,50585.49,39950.0,10635.49,5
7245,2485,95,340,0,340,315,10,15,75,75,0,75,405,65,43133.04000000001,36975.0,6158.04000000001,5
7246,2485,170,320,0,320,295,20,5,80,80,0,80,460,65,36098.280000000006,41650.0,-5551.719999999996,5
7247,2485,105,335,0,335,300,30,5,80,80,0,80,400,60,30908.340000000007,37400.0,-6491.659999999993,5
7248,2485,195,300,0,300,285,0,15,105,105,0,100,475,85,55118.47500000002,42075.0,13043.475000000017,5
7249,2485,230,290,0,290,290,0,0,65,65,0,65,515,35,19359.36,44200.0,-24840.64,5
7250,2485,220,300,0,300,265,30,5,105,105,0,105,480,70,37147.68,44200.0,-7052.32,5
7251,2485,130,340,0,340,330,0,10,70,70,0,70,455,50,26958.780000000006,39950.0,-12991.219999999994,5
7252,2485,140,290,0,290,290,0,0,85,85,0,85,425,65,40726.935,36550.0,4176.934999999999,5
7253,2485,215,280,0,280,275,0,5,85,85,0,80,485,55,32970.87,42075.0,-9104.129999999996,5
7254,2485,125,320,0,320,250,35,35,120,120,0,120,370,105,67621.54500000001,37825.0,29796.545000000006,5
7255,2485,140,310,0,310,290,0,20,85,85,0,80,425,60,33810.659999999996,38250.0,-4439.340000000002,5
7256,2485,150,320,0,320,270,25,25,110,110,0,110,415,90,55925.325000000004,39950.0,15975.325000000003,5
7257,2485,165,330,0,330,295,30,5,70,70,0,70,455,50,30648.329999999994,42075.0,-11426.670000000004,5
7258,2485,165,280,0,280,265,10,5,115,115,0,115,425,105,77013.05625000002,37825.0,39188.056250000016,5
7259,2485,150,290,0,290,260,20,10,100,100,0,100,405,95,61223.557499999995,37400.0,23823.557499999995,5
7260,2485,120,310,0,310,275,15,20,95,95,0,95,390,95,67925.99250000001,36550.0,31375.99250000001,5
7261,2485,125,335,0,335,325,5,5,75,75,0,70,445,40,20425.140000000003,39100.0,-18674.859999999997,5
7262,2485,170,325,0,325,270,20,35,110,110,0,110,435,80,46727.28000000001,42075.0,4652.28000000001,5
7263,2485,125,315,0,315,275,25,15,95,95,0,95,395,110,66238.24500000001,37400.0,28838.245000000017,5
7264,2485,90,355,0,355,320,20,15,55,55,0,55,405,60,38597.895,37825.0,772.8949999999986,5
7265,2485,135,325,0,325,315,5,5,110,110,0,110,445,100,63366.16500000002,39100.0,24266.16500000002,5
7266,2485,115,340,0,340,310,5,25,65,65,0,65,420,50,34527.8475,38675.0,-4147.152499999997,5
7267,2485,205,305,0,305,305,0,0,65,65,0,60,505,40,24628.590000000004,43350.0,-18721.409999999996,5
7268,2485,170,310,0,310,300,0,10,75,75,0,75,465,40,24774.300000000003,40800.0,-16025.699999999997,5
7269,2485,185,300,0,300,255,10,35,90,90,0,85,435,45,25703.73,41225.0,-15521.27,5
7270,2485,185,270,0,270,240,15,15,105,105,0,105,420,140,105102.36843750003,38675.0,66427.36843750003,5
7271,2485,150,325,0,325,265,30,30,95,95,0,90,410,70,40755.69,40375.0,380.69000000000415,5
7272,2485,155,290,0,290,290,0,0,85,85,0,85,440,110,86528.45109374999,37825.0,48703.45109374999,5
7273,2485,90,355,0,355,345,10,0,65,65,0,65,430,80,55577.27250000001,37825.0,17752.272500000006,5
7274,2485,125,325,0,325,325,0,0,75,75,0,75,445,55,32226.03,38250.0,-6023.969999999999,5
7275,2485,130,310,0,310,280,15,15,105,105,0,105,405,75,50601.96,37400.0,13201.96,5
7276,2485,175,295,0,295,290,5,0,70,70,0,70,460,40,22630.68,39950.0,-17319.32,5
7277,2485,125,335,0,335,330,5,0,70,70,0,70,450,35,18545.400000000005,39100.0,-20554.599999999995,5
7278,2485,115,310,0,310,300,5,5,105,105,0,105,410,85,50991.705,36125.0,14866.705000000002,5
7279,2485,190,265,0,265,230,25,10,130,130,0,130,415,105,60778.89000000002,38675.0,22103.89000000002,5
7280,2485,195,290,0,290,290,0,0,85,85,0,85,480,55,31898.700000000004,41225.0,-9326.299999999996,5
7281,2485,165,310,0,310,305,5,0,80,80,0,80,465,75,46850.17500000001,40375.0,6475.175000000008,5
7282,2485,105,350,0,350,290,55,5,85,85,0,85,390,65,36973.62,38675.0,-1701.3799999999947,5
7283,2485,135,320,0,320,285,20,15,90,90,0,90,415,70,44908.47000000001,38675.0,6233.470000000007,5
7284,2485,115,320,0,320,265,45,10,105,105,0,105,375,75,42696.450000000004,36975.0,5721.450000000004,5
7285,2485,200,275,0,275,260,15,0,115,115,0,115,455,80,46065.060000000005,40375.0,5690.060000000003,5
7286,2485,195,295,0,295,285,5,5,85,85,0,85,475,40,20940.120000000003,41650.0,-20709.879999999997,5
7287,2485,170,310,0,310,285,15,10,80,80,0,80,450,105,66294.98999999999,40800.0,25494.989999999998,5
7288,2485,115,320,0,320,280,15,25,110,110,0,110,390,95,65287.035,36975.0,28312.035000000003,5
7289,2485,140,320,0,320,290,15,15,65,65,0,65,425,30,16926.660000000003,39100.0,-22173.339999999997,5
7290,2485,105,340,0,340,280,35,25,75,75,0,75,380,45,31896.9,37825.0,-5928.099999999999,5
7291,2485,160,280,0,280,250,10,20,125,125,0,125,405,130,81227.7225,37400.0,43827.72250000001,5
7292,2485,155,335,0,335,325,0,10,60,60,0,60,475,35,18613.980000000003,41650.0,-23036.019999999997,5
7293,2485,145,320,0,320,310,10,0,70,70,0,70,450,35,18306.72,39525.0,-21218.279999999995,5
7294,2485,175,295,0,295,265,5,25,100,100,0,100,435,85,50961.96000000001,39950.0,11011.960000000008,5
7295,2485,170,300,0,300,265,25,10,105,105,0,100,430,105,68226.93000000001,39950.0,28276.93,5
7296,2485,110,340,0,340,310,5,25,80,80,0,75,415,45,27844.11,38250.0,-10405.89,5
7297,2485,130,310,0,310,295,10,5,85,85,0,85,420,60,32754.239999999998,37400.0,-4645.76,5
7298,2485,135,330,0,330,300,0,30,70,70,0,70,430,85,55107.27000000002,39525.0,15582.270000000017,5
7299,2485,275,265,0,265,245,0,20,80,80,0,80,515,85,60697.21500000001,45900.0,14797.215000000015,5
7300,2485,155,295,0,295,275,15,5,95,95,0,95,425,60,35461.08,38250.0,-2788.9199999999983,5
7301,2485,175,300,0,300,295,0,5,80,80,0,80,465,50,32219.73000000001,40375.0,-8155.269999999991,5
7302,2485,175,320,0,320,300,0,20,115,115,0,115,470,80,48371.985,42075.0,6296.985000000004,5
7303,2485,90,355,0,355,315,30,10,70,70,0,70,400,50,29247.21,37825.0,-8577.79,5
7304,2485,120,345,0,345,345,0,0,75,75,0,75,460,35,19119.059999999998,39525.0,-20405.940000000002,5
7305,2485,110,335,0,335,290,30,15,85,85,0,85,395,120,82339.965,37825.0,44514.965,5
7306,2485,185,295,0,295,285,5,5,100,100,0,100,465,55,29343.420000000006,40800.0,-11456.579999999994,5
7307,2485,120,350,0,350,275,45,30,85,85,0,85,390,60,31005.180000000008,39950.0,-8944.81999999999,5
7308,2485,165,295,0,295,260,25,10,95,95,0,95,420,60,31433.22000000001,39100.0,-7666.77999999999,5
7309,2485,140,300,0,300,290,5,5,110,110,0,110,425,130,89592.40125,37400.0,52192.40125,5
7310,2485,205,290,0,290,280,5,5,85,85,0,85,480,80,52187.4225,42075.0,10112.422500000002,5
7311,2485,125,320,0,320,245,35,40,80,80,0,80,365,115,85166.07890625003,37825.0,47341.078906250026,5
7312,2485,165,305,0,305,275,0,30,90,90,0,90,435,80,47499.74999999999,39950.0,7549.7499999999945,5
7313,2485,220,270,0,270,255,5,10,60,60,0,60,470,60,39815.16750000001,41650.0,-1834.8324999999932,5
7314,2485,135,295,0,295,280,10,5,90,90,0,90,410,70,47304.675,36550.0,10754.675000000007,5
7315,2485,110,355,0,355,305,10,40,70,70,0,65,410,60,32083.380000000012,39525.0,-7441.619999999989,5
7316,2485,210,300,0,300,280,0,20,75,75,0,75,485,55,41299.762500000004,43350.0,-2050.237499999994,5
7317,2485,105,360,0,360,330,30,0,65,65,0,65,430,65,38600.189999999995,39525.0,-924.8100000000022,5
7318,2485,160,285,0,285,260,15,10,110,110,0,110,415,115,68971.86000000002,37825.0,31146.860000000015,5
7319,2485,150,340,0,340,280,20,40,105,105,0,100,425,85,51811.15500000001,41650.0,10161.155000000017,5
7320,2485,100,350,0,350,300,30,20,90,90,0,90,395,55,32567.940000000002,38250.0,-5682.059999999997,5
7321,2485,155,330,0,330,280,50,0,85,85,0,85,430,40,21248.100000000006,41225.0,-19976.899999999994,5
7322,2485,215,285,0,285,265,5,15,70,70,0,70,475,80,56837.72250000001,42500.0,14337.722500000009,5
7323,2485,125,310,0,310,285,20,5,90,90,0,90,405,65,35374.5,36975.0,-1600.4999999999973,5
7324,2485,100,330,0,330,325,0,5,80,80,0,80,420,50,30279.510000000002,36550.0,-6270.49,5
7325,2485,155,320,0,320,280,20,20,80,80,0,75,430,85,56432.384999999995,40375.0,16057.384999999995,5
7326,2485,200,280,0,280,270,10,0,100,100,0,100,465,85,53026.402500000026,40800.0,12226.402500000022,5
7327,2485,190,300,0,300,275,15,10,80,80,0,80,460,65,39264.39,41650.0,-2385.609999999997,5
7328,2485,210,260,0,260,260,0,0,100,100,0,100,465,105,63788.17500000003,39950.0,23838.17500000003,5
7329,2485,195,285,0,285,250,15,20,110,110,0,110,440,90,56659.702499999985,40800.0,15859.702499999985,5
7330,2485,215,275,0,275,275,0,0,85,85,0,85,485,105,65172.42000000002,41650.0,23522.42000000002,5
7331,2485,145,315,0,315,290,20,5,80,80,0,80,430,40,22993.200000000004,39100.0,-16106.799999999994,5
7332,2485,85,370,0,370,265,85,20,75,75,0,70,345,90,62193.72937500001,38675.0,23518.72937500001,5
7333,2485,115,330,0,330,310,15,5,105,105,0,105,420,60,35692.11,37825.0,-2132.8899999999976,5
7334,2485,175,300,0,300,280,15,5,85,85,0,85,450,75,52083.450000000004,40375.0,11708.450000000003,5
7335,2485,155,310,0,310,310,0,0,65,65,0,65,460,80,54958.25250000002,39525.0,15433.252500000017,5
7336,2485,250,265,0,265,240,0,25,100,100,0,95,485,120,81558.54000000001,43775.0,37783.54,5
7337,2485,215,280,0,280,275,0,5,110,110,0,110,485,110,68308.06500000003,42075.0,26233.065000000024,5
7338,2485,125,340,0,340,260,60,20,115,115,0,115,380,75,42287.850000000006,39525.0,2762.8500000000076,5
7339,2485,195,305,0,305,300,0,5,85,85,0,85,490,70,43937.05500000001,42500.0,1437.0550000000094,5
7340,2485,150,290,0,290,265,15,10,85,85,0,85,410,60,37286.865000000005,37400.0,-113.13499999999749,5
7341,2485,150,310,0,310,300,5,5,80,80,0,75,445,55,31367.790000000005,39100.0,-7732.2099999999955,5
7342,2485,135,300,0,300,290,5,5,85,85,0,85,420,75,46043.460000000014,36975.0,9068.460000000014,5
7343,2485,120,335,0,335,305,0,30,70,70,0,70,420,25,13982.58,38675.0,-24692.420000000002,5
7344,2485,180,305,0,305,275,25,5,120,120,0,120,450,75,43928.955,41225.0,2703.9550000000054,5
7345,2485,245,275,0,275,275,0,0,80,80,0,80,515,80,51983.73,44200.0,7783.730000000005,5
7346,2485,145,305,0,305,300,5,0,95,95,0,90,440,70,45393.84000000001,38250.0,7143.840000000009,5
7347,2485,180,295,0,295,280,0,15,90,90,0,90,455,110,69109.65000000002,40375.0,28734.65000000002,5
7348,2485,170,265,0,265,255,10,0,105,105,0,105,420,105,62680.40999999999,36975.0,25705.409999999993,5
7349,2485,200,270,0,270,270,0,0,130,130,0,130,465,70,41055.39,39950.0,1105.3899999999976,5
7350,2485,155,320,0,320,315,0,5,80,80,0,80,465,60,32476.140000000007,40375.0,-7898.859999999995,5
7351,2485,190,290,0,290,290,0,0,75,75,0,75,475,95,60200.28000000002,40800.0,19400.28000000002,5
7352,2485,160,285,0,285,235,20,30,105,105,0,105,390,95,57267.720000000016,37825.0,19442.720000000016,5
7353,2485,170,300,0,300,290,0,10,105,105,0,105,455,110,71929.84500000002,39950.0,31979.845000000016,5
7354,2485,135,290,0,290,270,20,0,100,100,0,100,400,80,49853.925,36125.0,13728.925,5
7355,2485,215,290,0,290,280,0,10,80,80,0,75,490,85,53703.911250000005,42925.0,10778.911250000001,5
7356,2485,95,335,0,335,300,25,10,80,80,0,80,390,100,78335.16187500002,36550.0,41785.16187500001,5
7357,2485,110,335,0,335,300,30,5,100,100,0,95,405,100,66501.6075,37825.0,28676.6075,5
7358,2485,135,305,0,305,285,20,0,105,105,0,105,415,125,85929.44062500002,37400.0,48529.440625000025,5
7359,2485,165,285,0,285,285,0,0,80,80,0,80,445,90,63079.610625,38250.0,24829.610625000005,5
7360,2485,125,325,0,325,305,5,15,85,85,0,85,425,100,62141.535,38250.0,23891.535000000003,5
7361,2485,160,285,0,285,260,15,10,130,130,0,130,415,80,46119.32999999999,37825.0,8294.32999999999,5
7362,2485,200,295,0,295,255,30,10,100,100,0,100,450,90,54022.68000000002,42075.0,11947.680000000018,5
7363,2485,125,335,0,335,220,100,15,110,110,0,110,340,75,44239.59,39100.0,5139.589999999998,5
7364,2485,170,260,0,260,255,0,5,95,95,0,95,420,85,53176.365000000005,36550.0,16626.365000000005,5
7365,2485,200,280,0,280,250,5,25,115,115,0,110,445,95,51825.96000000001,40800.0,11025.960000000005,5
7366,2485,210,270,0,270,250,0,20,90,90,0,90,455,100,60288.93000000001,40800.0,19488.930000000008,5
7367,2485,145,320,0,320,305,0,15,85,85,0,85,445,50,28934.280000000002,39525.0,-10590.719999999998,5
7368,2485,145,320,0,320,310,0,10,85,85,0,80,450,60,34195.86000000001,39525.0,-5329.139999999993,5
7369,2485,130,330,0,330,295,30,5,85,85,0,85,420,55,35508.96,39100.0,-3591.039999999998,5
7370,2485,215,285,0,285,260,20,5,90,90,0,90,470,85,52434.36000000001,42500.0,9934.360000000006,5
7371,2485,185,290,0,290,270,15,5,110,110,0,110,450,115,78986.68875000002,40375.0,38611.68875000002,5
7372,2485,190,285,0,285,250,25,10,110,110,0,110,435,80,52648.06500000002,40375.0,12273.065000000015,5
7373,2485,140,305,0,305,285,0,20,95,95,0,95,420,50,28089.36,37825.0,-9735.64,5
7374,2485,165,300,0,300,255,20,25,95,95,0,95,415,80,51292.26000000001,39525.0,11767.260000000006,5
7375,2485,150,295,0,295,275,15,5,110,110,0,110,420,65,35750.16,37825.0,-2074.8399999999947,5
7376,2485,160,290,0,290,285,0,5,85,85,0,85,440,60,31859.820000000003,38250.0,-6390.179999999996,5
7377,2485,105,330,0,330,315,5,10,70,70,0,70,415,65,41360.80500000001,36975.0,4385.805000000009,5
7378,2485,130,300,0,300,290,0,10,90,90,0,90,415,95,65056.393125,36550.0,28506.393125000002,5
7379,2485,165,310,0,310,275,20,15,95,95,0,95,435,60,33351.840000000004,40375.0,-7023.159999999998,5
7380,2485,150,325,0,325,310,0,15,90,90,0,90,455,55,30708.0,40375.0,-9666.999999999998,5
7381,2485,235,265,0,265,260,0,5,65,65,0,65,490,70,41770.935,42500.0,-729.0650000000005,5
7382,2485,140,325,0,325,305,0,20,80,80,0,80,440,75,45157.95000000001,39525.0,5632.95000000001,5
7383,2485,180,275,0,275,265,0,10,110,110,0,110,440,75,44451.090000000004,38675.0,5776.090000000004,5
7384,2485,180,290,0,290,275,0,15,90,90,0,85,450,65,41936.4,39950.0,1986.4000000000033,5
7385,2485,140,345,0,345,325,5,15,50,50,0,50,460,20,11743.38,41225.0,-29481.620000000003,5
7386,2485,185,280,0,280,220,50,10,100,100,0,95,400,95,61339.905000000006,39525.0,21814.905000000006,5
7387,2485,205,275,0,275,265,0,10,95,95,0,95,465,75,45671.850000000006,40800.0,4871.850000000004,5
7388,2485,215,310,0,310,250,20,40,90,90,0,90,460,45,25283.519999999997,44625.0,-19341.480000000003,5
7389,2485,160,290,0,290,290,0,0,85,85,0,80,445,90,58371.84000000001,38250.0,20121.84000000001,5
7390,2485,70,355,0,355,325,5,25,60,60,0,60,390,30,16638.660000000003,36125.0,-19486.339999999997,5
7391,2485,90,370,0,370,290,50,30,75,75,0,75,375,30,16799.58,39100.0,-22300.42,5
7392,2485,190,305,0,305,280,20,5,95,95,0,95,465,70,38388.600000000006,42075.0,-3686.399999999994,5
7393,2485,140,320,0,320,320,0,0,80,80,0,80,455,60,35223.39000000001,39100.0,-3876.6099999999915,5
7394,2485,155,305,0,305,260,35,10,115,115,0,115,410,85,47554.02000000001,39100.0,8454.02000000001,5
7395,2485,180,300,0,300,290,5,5,85,85,0,85,465,70,42385.41,40800.0,1585.4100000000017,5
7396,2485,100,345,0,345,325,15,5,75,75,0,75,420,50,27876.96,37825.0,-9948.04,5
7397,2485,165,310,0,310,300,0,10,80,80,0,80,460,50,28769.760000000002,40375.0,-11605.239999999998,5
7398,2485,195,300,0,300,280,15,5,80,80,0,75,470,65,40011.88500000001,42075.0,-2063.1149999999934,5
7399,2485,190,305,0,305,280,10,15,80,80,0,75,465,60,36195.93000000001,42075.0,-5879.069999999992,5
7400,2485,170,305,0,305,290,0,15,85,85,0,85,455,85,56142.49500000001,40375.0,15767.495000000008,5
7401,2485,130,320,0,320,305,15,0,75,75,0,75,430,45,27921.105000000007,38250.0,-10328.894999999993,5
7402,2485,185,280,0,280,240,30,10,125,125,0,125,420,85,51918.07500000002,39525.0,12393.075000000017,5
7403,2485,140,305,0,305,290,15,0,100,100,0,100,425,65,36688.32000000001,37825.0,-1136.6799999999967,5
7404,2485,165,300,0,300,295,0,5,100,100,0,95,455,50,27679.320000000003,39525.0,-11845.679999999997,5
7405,2485,105,335,0,335,290,45,0,90,90,0,90,390,50,27477.18,37400.0,-9922.820000000002,5
7406,2485,210,270,0,270,265,0,5,110,110,0,105,470,95,59014.26000000001,40800.0,18214.260000000013,5
7407,2485,145,330,0,330,315,10,5,80,80,0,80,455,60,36515.83500000001,40375.0,-3859.1649999999936,5
7408,2485,115,330,0,330,255,55,20,105,105,0,105,365,55,32590.26,37825.0,-5234.740000000002,5
7409,2485,105,315,0,315,290,10,15,95,95,0,95,390,105,67079.81250000003,35700.0,31379.812500000025,5
7410,2485,165,270,0,270,260,10,0,105,105,0,105,420,110,69521.04000000002,36975.0,32546.040000000023,5
7411,2485,125,315,0,315,270,25,20,100,100,0,95,390,80,46033.560000000005,37400.0,8633.560000000007,5
7412,2485,220,280,0,280,265,0,15,95,95,0,95,480,65,39590.28000000001,42500.0,-2909.7199999999884,5
7413,2485,225,295,0,295,290,5,0,60,60,0,60,510,50,30871.125000000007,44200.0,-13328.874999999993,5
7414,2485,165,290,0,290,270,15,5,80,80,0,80,430,85,57716.25750000001,38675.0,19041.25750000001,5
7415,2485,155,315,0,315,310,0,5,75,75,0,70,460,85,55606.185000000005,39950.0,15656.185000000005,5
7416,2485,175,305,0,305,285,10,10,60,60,0,60,455,75,51547.32000000001,40800.0,10747.320000000009,5
7417,2485,205,275,0,275,275,0,0,70,70,0,70,475,35,20156.58,40800.0,-20643.42,5
7418,2485,255,260,0,260,250,0,10,95,95,0,95,500,85,48125.07000000001,43775.0,4350.070000000005,5
7419,2485,150,290,0,290,260,0,30,90,90,0,90,405,115,80148.74625000003,37400.0,42748.746250000026,5
7420,2485,130,320,0,320,275,15,30,75,75,0,75,400,45,27359.19000000001,38250.0,-10890.809999999992,5
7421,2485,225,280,0,280,275,0,5,80,80,0,80,495,115,81136.74375,42925.0,38211.743749999994,5
7422,2485,120,330,0,330,285,40,5,85,85,0,85,400,75,52528.51125000001,38250.0,14278.51125000001,5
7423,2485,125,305,0,305,265,40,0,80,80,0,80,385,105,69815.99250000001,36550.0,33265.99250000001,5
7424,2485,130,325,0,325,300,0,25,110,110,0,110,425,80,50503.342500000006,38675.0,11828.342500000008,5
7425,2485,160,325,0,325,290,10,25,65,65,0,65,445,90,65615.04000000001,41225.0,24390.040000000008,5
7426,2485,170,300,0,300,280,10,10,80,80,0,80,445,55,33544.350000000006,39950.0,-6405.649999999996,5
7427,2485,165,285,0,285,255,20,10,120,120,0,120,415,105,64155.993749999994,38250.0,25905.993749999998,5
7428,2485,135,305,0,305,225,55,25,120,120,0,115,355,120,67915.98,37400.0,30515.98,5
7429,2485,225,280,0,280,280,0,0,100,100,0,100,500,60,35966.07,42925.0,-6958.93,5
7430,2485,105,330,0,330,300,10,20,85,85,0,85,400,30,16938.54,36975.0,-20036.46,5
7431,2485,175,285,0,285,270,15,0,105,105,0,105,440,105,69730.63875000001,39100.0,30630.638750000006,5
7432,2485,205,280,0,280,280,0,0,80,80,0,80,480,85,53894.204999999994,41225.0,12669.204999999993,5
7433,2485,245,275,0,275,255,0,20,105,105,0,105,495,90,54964.39500000001,44200.0,10764.395000000013,5
7434,2485,165,300,0,300,290,0,10,85,85,0,85,450,50,28233.090000000004,39525.0,-11291.909999999998,5
7435,2485,160,320,0,320,305,0,15,70,70,0,70,460,35,18930.780000000002,40800.0,-21869.219999999994,5
7436,2485,105,335,0,335,315,20,0,70,70,0,70,415,45,23708.160000000003,37400.0,-13691.839999999997,5
7437,2485,200,305,0,305,280,0,25,100,100,0,95,475,70,37008.9,42925.0,-5916.099999999997,5
7438,2485,115,305,0,305,300,0,5,80,80,0,80,410,110,78446.50875,35700.0,42746.50874999999,5
7439,2485,150,330,0,330,295,10,25,85,85,0,85,440,55,31750.560000000005,40800.0,-9049.439999999995,5
7440,2485,140,305,0,305,260,40,5,100,100,0,100,395,140,99063.61875000001,37825.0,61238.61875000001,5
7441,2485,190,270,0,270,245,5,20,100,100,0,95,430,80,57131.325000000004,39100.0,18031.325000000004,5
7442,2485,105,360,0,360,285,50,25,90,90,0,90,385,40,22235.940000000002,39525.0,-17289.059999999998,5
7443,2485,135,315,0,315,290,10,15,95,95,0,95,420,115,80474.25656250001,38250.0,42224.25656250001,5
7444,2485,225,295,0,295,285,0,10,75,75,0,75,505,45,23662.620000000003,44200.0,-20537.379999999997,5
7445,2485,240,245,0,245,235,10,0,105,105,0,105,470,95,60865.47,41225.0,19640.470000000005,5
7446,2485,115,330,0,330,300,10,20,90,90,0,90,410,90,54734.62500000001,37825.0,16909.625000000007,5
7447,2485,205,280,0,280,240,10,30,70,70,0,70,440,80,55556.84250000002,41225.0,14331.84250000002,5
7448,2485,165,280,0,280,265,0,15,90,90,0,90,425,55,33342.57000000001,37825.0,-4482.429999999995,5
7449,2485,160,300,0,300,265,20,15,100,100,0,100,420,135,99000.21375,39100.0,59900.21375,5
7450,2485,190,290,0,290,250,20,20,95,95,0,95,435,60,32762.250000000004,40800.0,-8037.749999999996,5
7451,2485,125,305,0,305,275,20,10,100,100,0,100,395,55,30797.28000000001,36550.0,-5752.71999999999,5
7452,2485,115,310,0,310,280,25,5,85,85,0,85,390,100,64630.17,36125.0,28505.17,5
7453,2485,120,320,0,320,270,30,20,95,95,0,95,385,90,63428.613750000004,37400.0,26028.613750000004,5
7454,2485,180,310,0,310,295,0,15,80,80,0,80,470,65,39719.745,41650.0,-1930.2549999999974,5
7455,2485,155,285,0,285,275,10,0,100,100,0,100,425,85,48890.79000000001,37400.0,11490.790000000006,5
7456,2485,125,310,0,310,300,0,10,75,75,0,75,420,70,45719.775,36975.0,8744.775,5
7457,2485,155,300,0,300,295,0,5,85,85,0,85,445,55,32008.230000000003,38675.0,-6666.769999999997,5
7458,2485,205,280,0,280,275,0,5,85,85,0,85,475,85,51617.340000000004,41225.0,10392.340000000004,5
7459,2485,195,300,0,300,290,0,10,55,55,0,55,480,40,23109.48,42075.0,-18965.52,5
7460,2485,130,325,0,325,310,0,15,90,90,0,90,435,85,47443.14000000002,38675.0,8768.140000000021,5
7461,2485,135,330,0,330,290,25,15,115,115,0,115,420,90,56115.945,39525.0,16590.945,5
7462,2485,165,320,0,320,285,15,20,75,75,0,75,445,55,31620.6,41225.0,-9604.400000000001,5
7463,2485,180,285,0,285,265,5,15,115,115,0,115,440,95,66592.76343749999,39525.0,27067.763437499998,5
7464,2485,180,280,0,280,275,0,5,100,100,0,100,450,110,69432.50250000002,39100.0,30332.502500000017,5
7465,2485,105,355,0,355,340,10,5,75,75,0,75,440,40,21396.06,39100.0,-17703.94,5
7466,2485,125,325,0,325,245,80,0,110,110,0,110,365,85,50767.02000000002,38250.0,12517.02000000002,5
7467,2485,155,285,0,285,265,15,5,105,105,0,105,415,80,52562.565,37400.0,15162.565000000004,5
7468,2485,140,315,0,315,270,20,25,90,90,0,90,405,75,48162.4875,38675.0,9487.487500000007,5
7469,2485,140,310,0,310,310,0,0,50,50,0,50,445,70,46818.990000000005,38250.0,8568.990000000003,5
7470,2485,165,320,0,320,240,60,20,95,95,0,95,400,95,65607.12562500003,41225.0,24382.125625000026,5
7471,2485,150,315,0,315,290,15,10,85,85,0,80,435,75,44520.66,39525.0,4995.660000000007,5
7472,2485,155,300,0,300,290,0,10,100,100,0,100,440,55,31674.510000000002,38675.0,-7000.49,5
7473,2485,175,290,0,290,290,0,0,85,85,0,85,460,70,41617.89000000001,39525.0,2092.8900000000067,5
7474,2485,135,320,0,320,295,10,15,100,100,0,100,425,75,47197.2825,38675.0,8522.282500000001,5
7475,2485,120,330,0,330,290,10,30,95,95,0,95,405,75,48719.475000000006,38250.0,10469.475000000002,5
7476,2485,120,330,0,330,290,20,20,90,90,0,90,405,80,47345.31000000002,38250.0,9095.310000000018,5
7477,2485,210,295,0,295,260,25,10,80,80,0,80,465,60,35339.94,42925.0,-7585.059999999994,5
7478,2485,130,315,0,315,300,15,0,105,105,0,105,425,125,83753.95500000002,37825.0,45928.95500000002,5
7479,2485,140,350,0,350,305,5,40,60,60,0,60,440,30,15628.680000000002,41650.0,-26021.319999999996,5
7480,2485,175,270,0,270,230,20,20,130,130,0,130,400,85,52191.76500000001,37825.0,14366.765000000005,5
7481,2485,140,305,0,305,295,10,0,90,90,0,90,430,95,58461.93000000001,37825.0,20636.93000000001,5
7482,2485,155,310,0,310,310,0,0,85,85,0,85,460,70,46359.72000000001,39525.0,6834.720000000007,5
7483,2485,120,350,0,350,260,85,5,90,90,0,90,375,65,39471.39,39950.0,-478.60999999999876,5
7484,2485,135,310,0,310,285,10,15,60,60,0,60,415,95,68394.53250000002,37825.0,30569.532500000016,5
7485,2485,220,275,0,275,215,40,20,100,100,0,100,430,115,73948.45500000002,42075.0,31873.455000000013,5
7486,2485,125,355,0,355,310,35,10,80,80,0,75,430,45,25506.72,40800.0,-15293.279999999999,5
7487,2485,170,285,0,285,255,15,15,120,120,0,120,420,105,64925.05500000004,38675.0,26250.055000000037,5
7488,2485,185,280,0,280,260,10,10,100,100,0,100,440,95,53668.62,39525.0,14143.62,5
7489,2485,150,320,0,320,315,0,5,65,65,0,65,460,70,48308.535,39950.0,8358.535000000002,5
7490,2485,200,290,0,290,250,15,25,105,105,0,105,445,60,34350.299999999996,41650.0,-7299.700000000003,5
7491,2485,100,350,0,350,270,50,30,95,95,0,95,365,60,35829.00000000001,38250.0,-2420.9999999999945,5
7492,2485,155,350,0,350,275,30,45,70,70,0,70,425,40,24924.645,42925.0,-18000.355,5
7493,2485,150,330,0,330,315,0,15,75,75,0,75,460,40,22872.600000000002,40800.0,-17927.399999999998,5
7494,2485,115,320,0,320,285,10,25,100,100,0,100,395,80,50396.51250000001,36975.0,13421.512500000008,5
7495,2485,165,295,0,295,265,20,10,85,85,0,85,425,105,71575.6275,39100.0,32475.62750000001,5
7496,2485,235,265,0,265,215,15,35,100,100,0,100,445,85,52047.630000000005,42500.0,9547.630000000008,5
7497,2485,190,265,0,265,250,0,15,95,95,0,95,435,80,51686.37000000002,38675.0,13011.370000000015,5
7498,2485,160,320,0,320,305,0,15,85,85,0,85,460,70,44905.725000000006,40800.0,4105.725000000002,5
7499,2485,125,315,0,315,280,15,20,95,95,0,90,400,60,36597.19500000001,37400.0,-802.8049999999894,5
7500,2485,185,275,0,275,250,0,25,110,110,0,110,430,95,63926.07750000002,39100.0,24826.07750000002,5
7501,2485,145,290,0,290,245,30,15,105,105,0,105,385,130,83231.14500000002,36975.0,46256.14500000002,5
7502,2485,235,280,0,280,265,0,15,75,75,0,75,495,45,26999.1,43775.0,-16775.9,5
7503,2485,125,335,0,335,250,60,25,100,100,0,100,370,120,78700.83187500002,39100.0,39600.83187500002,5
7504,2485,125,345,0,345,315,25,5,80,80,0,80,435,75,50807.598750000005,39950.0,10857.598750000006,5
7505,2485,160,295,0,295,255,35,5,95,95,0,95,410,80,50277.46500000002,38675.0,11602.46500000002,5
7506,2485,175,295,0,295,285,5,5,120,120,0,115,455,95,52257.69000000001,39950.0,12307.690000000011,5
7507,2485,205,260,0,260,255,0,5,110,110,0,110,455,100,63258.80625000001,39525.0,23733.80625000001,5
7508,2485,215,260,0,260,260,0,0,100,100,0,100,470,50,28930.590000000004,40375.0,-11444.409999999998,5
7509,2485,145,305,0,305,275,20,10,110,110,0,110,415,70,37753.74,38250.0,-496.26000000000204,5
7510,2485,180,300,0,300,270,20,10,105,105,0,105,445,110,62750.430000000015,40800.0,21950.430000000015,5
7511,2485,145,320,0,320,240,55,25,140,140,0,140,380,120,74203.155,39525.0,34678.155,5
7512,2485,155,310,0,310,290,20,0,100,100,0,100,440,85,49498.740000000005,39525.0,9973.740000000007,5
7513,2485,145,345,0,345,275,35,35,80,80,0,80,415,60,33614.82,41650.0,-8035.18,5
7514,2485,145,345,0,345,325,0,20,75,75,0,75,465,45,25509.96,41650.0,-16140.039999999999,5
7515,2485,135,330,0,330,295,20,15,85,85,0,85,425,60,32561.64,39525.0,-6963.360000000002,5
7516,2485,165,285,0,285,280,0,5,90,90,0,90,440,70,45218.34000000001,38250.0,6968.340000000007,5
7517,2485,95,330,0,330,310,15,5,55,55,0,55,400,55,34498.35,36125.0,-1626.6499999999996,5
7518,2485,150,310,0,310,280,10,20,100,100,0,100,425,100,60802.33500000001,39100.0,21702.335000000003,5
7519,2485,120,325,0,325,315,10,0,90,90,0,90,430,75,43073.81999999999,37825.0,5248.819999999996,5
7520,2485,205,305,0,305,305,0,0,75,75,0,75,505,45,25533.18,43350.0,-17816.82,5
7521,2485,170,285,0,285,270,0,15,80,80,0,80,435,70,41671.350000000006,38675.0,2996.350000000002,5
7522,2485,195,295,0,295,285,0,10,95,95,0,95,475,50,28792.530000000006,41650.0,-12857.469999999994,5
7523,2485,180,305,0,305,290,15,0,95,95,0,95,465,50,27909.90000000001,41225.0,-13315.099999999993,5
7524,2485,185,330,0,330,290,10,30,75,75,0,70,470,60,37202.175,43775.0,-6572.824999999993,5
7525,2485,170,275,0,275,270,0,5,90,90,0,90,435,65,37591.74,37825.0,-233.26000000000022,5
7526,2485,190,320,0,320,265,15,40,75,75,0,75,450,40,21138.300000000003,43350.0,-22211.699999999997,5
7527,2485,105,325,0,325,275,30,20,100,100,0,100,375,80,45402.075000000004,36550.0,8852.075000000004,5
7528,2485,230,250,0,250,235,15,0,105,105,0,105,460,105,63669.42000000002,40800.0,22869.42000000002,5
7529,2485,170,325,0,325,285,35,5,80,80,0,75,450,45,27836.729999999996,42075.0,-14238.270000000002,5
7530,2485,140,290,0,290,265,15,10,105,105,0,100,400,120,79611.87656250002,36550.0,43061.87656250002,5
7531,2485,75,355,0,355,320,10,25,65,65,0,65,390,45,27208.440000000002,36550.0,-9341.56,5
7532,2485,200,260,0,260,250,10,0,80,80,0,80,445,55,30709.08,39100.0,-8390.919999999996,5
7533,2485,165,305,0,305,300,0,5,100,100,0,100,460,95,58429.079999999994,39950.0,18479.079999999994,5
7534,2485,100,345,0,345,300,40,5,90,90,0,90,395,70,39541.86000000001,37825.0,1716.860000000006,5
7535,2485,130,305,0,305,290,15,0,85,85,0,85,415,40,26468.189999999995,36975.0,-10506.810000000005,5
7536,2485,115,345,0,345,290,20,35,85,85,0,85,400,75,42493.85999999999,39100.0,3393.859999999995,5
7537,2485,110,340,0,340,280,25,35,105,105,0,100,385,70,43151.850000000006,38250.0,4901.850000000004,5
7538,2485,190,285,0,285,270,0,15,100,100,0,100,455,75,44266.68000000001,40375.0,3891.6800000000057,5
7539,2485,130,320,0,320,280,30,10,80,80,0,80,405,120,79070.20875000002,38250.0,40820.20875000002,5
7540,2485,95,335,0,335,320,5,10,70,70,0,70,410,30,16836.300000000003,36550.0,-19713.699999999997,5
7541,2485,130,325,0,325,320,0,5,65,65,0,65,445,35,18306.36,38675.0,-20368.64,5
7542,2485,180,325,0,325,305,0,20,75,75,0,75,480,40,21695.22,42925.0,-21229.78,5
7543,2485,135,315,0,315,280,10,25,80,80,0,80,410,60,35830.530000000006,38250.0,-2419.469999999992,5
7544,2485,125,345,0,345,335,5,5,65,65,0,65,455,45,23174.280000000002,39950.0,-16775.719999999998,5
7545,2485,105,330,0,330,275,55,0,95,95,0,95,375,160,113158.79437500001,36975.0,76183.79437500001,5
7546,2485,145,315,0,315,305,0,10,65,65,0,65,445,65,39184.65000000001,39100.0,84.650000000006,5
7547,2485,110,315,0,315,300,10,5,70,70,0,70,405,65,40156.380000000005,36125.0,4031.3800000000037,5
7548,2485,185,290,0,290,265,20,5,105,105,0,105,445,100,64011.46500000002,40375.0,23636.46500000002,5
7549,2485,205,280,0,280,245,0,35,80,80,0,75,445,65,43374.42000000001,41225.0,2149.420000000009,5
7550,2485,110,330,0,330,280,25,25,100,100,0,100,385,80,49503.600000000006,37400.0,12103.600000000006,5
7551,2485,125,330,0,330,320,5,5,50,50,0,50,440,35,20685.780000000006,38675.0,-17989.219999999994,5
7552,2485,150,280,0,280,250,0,30,100,100,0,100,395,115,81536.49843750002,36550.0,44986.49843750002,5
7553,2485,170,295,0,295,275,20,0,100,100,0,100,440,95,69207.3365625,39525.0,29682.336562500004,5
7554,2485,120,340,0,340,335,5,0,70,70,0,70,450,30,14938.2,39100.0,-24161.8,5
7555,2485,160,280,0,280,255,20,5,105,105,0,105,410,75,42638.49000000001,37400.0,5238.490000000011,5
7556,2485,165,285,0,285,275,0,10,90,90,0,90,435,95,63264.85875000002,38250.0,25014.85875000002,5
7557,2485,145,320,0,320,315,0,5,80,80,0,80,455,60,38379.6,39525.0,-1145.3999999999996,5
7558,2485,100,360,0,360,325,20,15,75,75,0,75,420,45,25440.839999999997,39100.0,-13659.160000000002,5
7559,2485,160,330,0,330,295,0,35,100,100,0,100,450,75,43967.250000000015,41650.0,2317.2500000000127,5
7560,2485,205,260,0,260,250,0,10,85,85,0,85,450,100,76741.98468750001,39525.0,37216.98468750001,5
7561,2485,120,330,0,330,325,0,5,75,75,0,75,440,75,47335.027500000004,38250.0,9085.027500000006,5
7562,2485,200,270,0,270,245,20,5,100,100,0,100,440,80,45853.740000000005,39950.0,5903.740000000007,5
7563,2485,170,300,0,300,275,0,25,85,85,0,85,440,70,38499.12,39950.0,-1450.8799999999974,5
7564,2485,135,315,0,315,300,5,10,75,75,0,75,430,45,25154.460000000006,38250.0,-13095.539999999992,5
7565,2485,165,315,0,315,305,0,10,90,90,0,90,465,70,45038.07000000001,40800.0,4238.070000000007,5
7566,2485,175,265,0,265,250,0,15,120,120,0,120,420,100,57850.290000000015,37400.0,20450.290000000015,5
7567,2485,170,325,0,325,305,0,20,75,75,0,75,470,65,39522.10500000001,42075.0,-2552.8949999999895,5
7568,2485,200,280,0,280,260,10,10,120,120,0,120,455,75,41333.04,40800.0,533.0400000000009,5
7569,2485,190,290,0,290,265,15,10,90,90,0,90,450,50,29981.430000000004,40800.0,-10818.569999999996,5
7570,2485,215,290,0,290,280,0,10,95,95,0,95,490,80,45967.95,42925.0,3042.9500000000007,5
7571,2485,110,310,0,310,310,0,0,80,80,0,80,415,65,38987.19,35700.0,3287.190000000005,5
7572,2485,160,325,0,325,310,5,10,70,70,0,70,465,65,37543.950000000004,41225.0,-3681.0499999999956,5
7573,2485,140,320,0,320,300,20,0,80,80,0,80,435,90,56044.012500000026,39100.0,16944.012500000026,5
7574,2485,230,275,0,275,245,20,10,80,80,0,80,470,90,56190.420000000006,42925.0,13265.420000000004,5
7575,2485,120,310,0,310,305,0,5,95,95,0,90,420,50,28492.560000000005,36550.0,-8057.439999999997,5
7576,2485,165,280,0,280,280,0,0,105,105,0,105,440,90,52449.570000000014,37825.0,14624.570000000012,5
7577,2485,140,320,0,320,305,15,0,65,65,0,65,440,65,46385.15062500002,39100.0,7285.150625000015,5
7578,2485,160,290,0,290,280,0,10,80,80,0,80,435,55,33637.995,38250.0,-4612.004999999995,5
7579,2485,120,300,0,300,290,10,0,95,95,0,95,405,70,43329.6,35700.0,7629.6,5
7580,2485,150,310,0,310,305,0,5,75,75,0,75,450,55,30812.4,39100.0,-8287.599999999999,5
7581,2485,150,310,0,310,280,30,0,105,105,0,105,425,65,35192.520000000004,39100.0,-3907.479999999996,5
7582,2485,150,285,0,285,250,15,20,100,100,0,100,395,105,72848.475,36975.0,35873.475000000006,5
7583,2485,145,320,0,320,280,40,0,95,95,0,95,420,40,21000.960000000006,39525.0,-18524.039999999994,5
7584,2485,160,295,0,295,270,20,5,70,70,0,70,425,95,71293.94718750002,38675.0,32618.947187500016,5
7585,2485,160,295,0,295,275,15,5,65,65,0,65,430,85,66683.402578125,38675.0,28008.402578124995,5
7586,2485,150,310,0,310,290,0,20,70,70,0,70,435,35,18240.300000000003,39100.0,-20859.699999999997,5
7587,2485,155,320,0,320,305,0,15,85,85,0,85,455,80,52611.345,40375.0,12236.345000000001,5
7588,2485,215,295,0,295,265,15,15,95,95,0,95,475,85,53180.64,43350.0,9830.640000000003,5
7589,2485,185,290,0,290,255,0,35,100,100,0,100,435,110,69095.025,40375.0,28720.024999999994,5
7590,2485,165,280,0,280,255,10,15,90,90,0,90,415,105,70872.91312500002,37825.0,33047.913125000014,5
7591,2485,190,275,0,275,235,35,5,100,100,0,100,420,110,67222.71,39525.0,27697.710000000006,5
7592,2485,190,290,0,290,285,0,5,65,65,0,65,470,70,48845.77875000001,40800.0,8045.778750000009,5
7593,2485,125,330,0,330,305,25,0,85,85,0,85,425,45,24299.100000000002,38675.0,-14375.899999999998,5
7594,2485,195,290,0,290,275,0,15,75,75,0,70,465,35,18504.180000000004,41225.0,-22720.819999999992,5
7595,2485,165,305,0,305,300,0,5,70,70,0,70,460,45,26029.08,39950.0,-13920.919999999996,5
7596,2485,140,310,0,310,290,0,20,95,95,0,95,425,130,90971.39249999999,38250.0,52721.39249999999,5
7597,2485,150,290,0,290,255,5,30,110,110,0,110,400,125,76337.73000000003,37400.0,38937.730000000025,5
7598,2485,130,335,0,335,300,20,15,50,50,0,50,425,35,23264.820000000003,39525.0,-16260.179999999997,5
7599,2485,130,325,0,325,270,30,25,85,85,0,80,395,95,64287.09000000002,38675.0,25612.09000000002,5
7600,2485,200,305,0,305,285,15,5,60,60,0,60,480,45,27045.63,42925.0,-15879.369999999999,5
7601,2485,180,305,0,305,285,15,5,85,85,0,85,460,65,40001.98499999999,41225.0,-1223.0150000000049,5
7602,2485,175,300,0,300,280,0,20,100,100,0,100,450,80,49401.450000000004,40375.0,9026.450000000004,5
7603,2485,110,355,0,355,320,20,15,90,90,0,90,425,50,26479.980000000003,39525.0,-13045.019999999995,5
7604,2485,190,305,0,305,285,15,5,85,85,0,85,470,95,59549.22,42075.0,17474.220000000005,5
7605,2485,90,345,0,345,300,25,20,70,70,0,70,385,45,23359.140000000003,36975.0,-13615.859999999997,5
7606,2485,160,295,0,295,275,5,15,65,65,0,65,430,60,42785.52750000001,38675.0,4110.527500000007,5
7607,2485,195,290,0,290,290,0,0,50,50,0,50,480,70,42546.37500000001,41225.0,1321.3750000000073,5
7608,2485,90,355,0,355,300,45,10,70,70,0,70,385,105,69333.12,37825.0,31508.12,5
7609,2485,230,270,0,270,250,0,20,110,110,0,110,475,115,71939.18250000001,42500.0,29439.182500000006,5
7610,2485,125,335,0,335,245,80,10,100,100,0,100,365,65,35987.04000000001,39100.0,-3112.9599999999937,5
7611,2485,140,320,0,320,285,15,20,95,95,0,90,420,65,35210.880000000005,39100.0,-3889.119999999998,5
7612,2485,135,320,0,320,300,20,0,80,80,0,80,430,110,74887.425,38675.0,36212.425,5
7613,2485,155,315,0,315,285,5,25,105,105,0,105,435,85,50362.29,39950.0,10412.290000000003,5
7614,2485,165,300,0,300,255,40,5,80,80,0,80,415,120,96110.195625,39525.0,56585.19562499999,5
7615,2485,170,300,0,300,270,10,20,95,95,0,90,435,80,47490.75000000001,39950.0,7540.750000000007,5
7616,2485,170,280,0,280,265,15,0,105,105,0,105,430,125,74245.05000000002,38250.0,35995.05000000001,5
7617,2485,120,330,0,330,325,0,5,75,75,0,70,440,50,34610.98499999999,38250.0,-3639.015000000004,5
7618,2485,180,305,0,305,250,35,20,115,115,0,110,425,75,53767.850625,41225.0,12542.850625000001,5
7619,2485,165,300,0,300,285,15,0,100,100,0,100,445,85,51424.83,39525.0,11899.830000000002,5
7620,2485,150,320,0,320,265,45,10,80,80,0,80,410,60,34871.310000000005,39950.0,-5078.689999999992,5
7621,2485,125,295,0,295,280,15,0,85,85,0,85,400,80,47388.60000000001,35700.0,11688.600000000015,5
7622,2485,185,280,0,280,275,0,5,90,90,0,90,455,105,67644.67500000002,39525.0,28119.675000000025,5
7623,2485,160,290,0,290,280,0,10,105,105,0,105,435,120,82693.85062500002,38250.0,44443.850625000014,5
7624,2485,180,275,0,275,260,0,15,100,100,0,100,435,80,49016.880000000005,38675.0,10341.880000000001,5
7625,2485,155,300,0,300,245,30,25,90,90,0,90,395,95,65647.26562499999,38675.0,26972.265624999993,5
7626,2485,110,330,0,330,285,15,30,80,80,0,80,390,85,55841.17500000001,37400.0,18441.17500000001,5
7627,2485,165,290,0,290,260,10,20,70,70,0,70,420,65,37009.080000000016,38675.0,-1665.9199999999873,5
7628,2485,110,350,0,350,285,50,15,100,100,0,95,390,80,45733.5,39100.0,6633.500000000004,5
7629,2485,140,315,0,315,265,20,30,90,90,0,90,400,80,44068.13999999999,38675.0,5393.139999999994,5
7630,2485,160,330,0,330,315,5,10,90,90,0,85,470,40,21811.500000000007,41650.0,-19838.499999999993,5
7631,2485,205,290,0,290,275,0,15,85,85,0,85,475,155,111774.64500000002,42075.0,69699.64500000002,5
7632,2485,155,290,0,290,255,10,25,105,105,0,105,405,65,38314.08000000001,37825.0,489.0800000000081,5
7633,2485,185,250,0,250,220,15,15,110,110,0,110,400,125,84486.12187500003,36975.0,47511.121875000026,5
7634,2485,175,315,0,315,255,60,0,80,80,0,80,425,55,31904.460000000006,41650.0,-9745.539999999992,5
7635,2485,125,335,0,335,290,45,0,70,70,0,70,410,95,70127.38125,39100.0,31027.38125,5
7636,2485,180,275,0,275,265,5,5,75,75,0,75,440,85,56508.84000000002,38675.0,17833.84000000002,5
7637,2485,140,320,0,320,265,45,10,60,60,0,60,400,125,99179.63771484376,39100.0,60079.63771484376,5
7638,2485,125,325,0,325,270,25,30,95,95,0,95,390,45,25873.740000000005,38250.0,-12376.259999999993,5
7639,2485,200,290,0,290,250,10,30,75,75,0,75,445,110,75819.8025,41650.0,34169.802500000005,5
7640,2485,170,270,0,270,245,5,20,115,115,0,115,410,85,50421.87000000001,37400.0,13021.870000000008,5
7641,2485,90,335,0,335,325,0,10,65,65,0,65,410,80,54362.958750000005,36125.0,18237.958750000005,5
7642,2485,165,305,0,305,285,0,20,80,80,0,80,445,75,46161.54000000001,39950.0,6211.5400000000045,5
7643,2485,165,285,0,285,250,5,30,110,110,0,105,410,185,128439.51187500004,38250.0,90189.51187500004,5
7644,2485,140,320,0,320,280,10,30,75,75,0,70,415,55,30260.88,39100.0,-8839.119999999999,5
7645,2485,165,310,0,310,290,20,0,100,100,0,100,450,50,25271.280000000006,40375.0,-15103.719999999994,5
7646,2485,125,335,0,335,320,0,15,75,75,0,75,440,40,24553.800000000003,39100.0,-14546.199999999999,5
7647,2485,110,330,0,330,280,20,30,70,70,0,65,385,60,36269.50500000001,37400.0,-1130.4949999999872,5
7648,2485,120,335,0,335,315,20,0,70,70,0,70,430,75,56843.41921875,38675.0,18168.419218750005,5
7649,2485,130,310,0,310,295,0,15,90,90,0,90,420,50,27197.640000000007,37400.0,-10202.359999999993,5
7650,2485,170,305,0,305,300,0,5,80,80,0,80,465,65,39867.39000000001,40375.0,-507.6099999999951,5
7651,2485,160,295,0,295,285,10,0,100,100,0,100,440,100,61154.505000000005,38675.0,22479.50500000001,5
7652,2485,195,300,0,300,285,0,15,70,70,0,70,475,35,17659.440000000002,42075.0,-24415.559999999998,5
7653,2485,140,335,0,335,270,20,45,65,65,0,65,405,45,30136.725000000006,40375.0,-10238.274999999994,5
7654,2485,150,330,0,330,315,15,0,85,85,0,85,460,60,34635.15000000001,40800.0,-6164.849999999992,5
7655,2485,160,310,0,310,280,25,5,85,85,0,80,435,50,31905.225000000006,39950.0,-8044.774999999995,5
7656,2485,210,255,0,255,255,0,0,95,95,0,95,460,90,53293.725000000006,39525.0,13768.725000000004,5
7657,2485,150,305,0,305,300,0,5,65,65,0,65,445,60,32761.44,38675.0,-5913.560000000002,5
7658,2485,120,340,0,340,305,35,0,85,85,0,85,420,70,44340.66,39100.0,5240.660000000007,5
7659,2485,240,285,0,285,275,0,10,85,85,0,85,510,40,21460.14,44625.0,-23164.86,5
7660,2485,60,380,0,380,330,10,40,45,45,0,45,385,70,47941.06500000001,37400.0,10541.065000000008,5
7661,2485,155,310,0,310,285,5,20,90,90,0,90,435,55,32552.55000000001,39525.0,-6972.44999999999,5
7662,2485,150,310,0,310,300,0,10,110,110,0,110,445,55,32167.170000000006,39100.0,-6932.8299999999945,5
7663,2485,140,310,0,310,285,15,10,95,95,0,95,420,90,53743.59,38250.0,15493.589999999995,5
7664,2485,150,315,0,315,295,15,5,85,85,0,85,440,85,53718.16500000001,39525.0,14193.165000000008,5
7665,2485,115,335,0,335,300,30,5,90,90,0,90,410,70,40096.8,38250.0,1846.800000000003,5
7666,2485,125,325,0,325,280,30,15,90,90,0,90,400,70,43796.16000000001,38250.0,5546.160000000009,5
7667,2485,110,330,0,330,290,30,10,80,80,0,80,395,75,53268.64312500001,37400.0,15868.643125000008,5
7668,2485,145,300,0,300,300,0,0,90,90,0,90,440,75,48340.93500000001,37825.0,10515.935000000009,5
7669,2485,125,330,0,330,305,10,15,70,70,0,70,425,55,30445.200000000004,38675.0,-8229.799999999996,5
7670,2485,150,315,0,315,305,10,0,55,55,0,50,450,70,47574.990000000005,39525.0,8049.990000000007,5
7671,2485,140,340,0,340,295,0,45,90,90,0,85,430,55,27965.160000000003,40800.0,-12834.839999999995,5
7672,2485,195,310,0,310,290,10,10,95,95,0,95,480,85,48624.48,42925.0,5699.480000000003,5
7673,2485,140,295,0,295,280,0,15,105,105,0,105,415,105,68931.6075,36975.0,31956.6075,5
7674,2485,180,300,0,300,280,10,10,85,85,0,85,455,50,26537.94,40800.0,-14262.060000000001,5
7675,2485,120,315,0,315,290,25,0,85,85,0,85,405,90,53432.37,36975.0,16457.370000000003,5
7676,2485,155,310,0,310,300,10,0,80,80,0,80,450,70,42354.765,39525.0,2829.7649999999976,5
7677,2485,175,295,0,295,295,0,0,80,80,0,80,465,95,64589.93437500002,39950.0,24639.93437500002,5
7678,2485,115,315,0,315,270,40,5,80,80,0,75,380,90,57919.14000000001,36550.0,21369.140000000007,5
7679,2485,115,335,0,335,280,35,20,85,85,0,85,390,80,51205.90499999999,38250.0,12955.904999999993,5
7680,2485,180,305,0,305,285,0,20,75,75,0,75,460,75,48434.15250000001,41225.0,7209.152500000009,5
7681,2485,265,245,0,245,245,0,0,80,80,0,80,505,85,56554.92000000001,43350.0,13204.920000000011,5
7682,2485,110,325,0,325,295,20,10,70,70,0,70,400,50,28198.980000000007,36975.0,-8776.019999999993,5
7683,2485,130,325,0,325,310,0,15,80,80,0,75,435,80,56592.1575,38675.0,17917.1575,5
7684,2485,225,280,0,280,250,20,10,105,105,0,105,470,95,59408.280000000006,42925.0,16483.280000000006,5
7685,2485,110,330,0,330,315,10,5,70,70,0,70,420,70,39467.520000000004,37400.0,2067.520000000004,5
7686,2485,180,285,0,285,240,25,20,90,90,0,90,415,115,82006.91999999998,39525.0,42481.91999999999,5
7687,2485,185,310,0,310,300,10,0,75,75,0,75,480,85,52082.775,42075.0,10007.775000000001,5
7688,2485,175,295,0,295,230,60,5,115,115,0,115,400,105,66990.17250000002,39950.0,27040.172500000015,5
7689,2485,215,260,0,260,255,5,0,85,85,0,85,465,90,62810.595000000016,40375.0,22435.595000000012,5
7690,2485,225,270,0,270,265,0,5,85,85,0,85,485,85,55880.28,42075.0,13805.280000000002,5
7691,2485,145,330,0,330,310,0,20,80,80,0,80,450,60,42214.207500000004,40375.0,1839.2075000000023,5
7692,2485,195,295,0,295,280,0,15,80,80,0,80,470,70,41158.53,41650.0,-491.46999999999935,5
7693,2485,120,315,0,315,315,0,0,90,90,0,90,430,65,34842.060000000005,36975.0,-2132.939999999994,5
7694,2485,110,325,0,325,275,35,15,105,105,0,105,380,65,37667.070000000014,36975.0,692.0700000000124,5
7695,2485,190,305,0,305,250,25,30,85,85,0,85,435,90,56802.28500000001,42075.0,14727.28500000001,5
7696,2485,200,300,0,300,255,45,0,75,75,0,75,450,75,46358.73000000001,42500.0,3858.730000000014,5
7697,2485,130,315,0,315,280,30,5,85,85,0,85,405,75,53212.927500000005,37825.0,15387.927500000005,5
7698,2485,125,320,0,320,320,0,0,85,85,0,85,440,85,54217.530000000006,37825.0,16392.530000000006,5
7699,2485,135,335,0,335,270,50,15,90,90,0,90,400,80,49107.60000000002,39950.0,9157.60000000002,5
7700,2485,185,285,0,285,270,5,10,95,95,0,95,450,85,55869.95250000001,39950.0,15919.952500000009,5
7701,2485,195,285,0,285,255,20,10,70,70,0,70,445,90,63158.8190625,40800.0,22358.8190625,5
7702,2485,165,310,0,310,260,30,20,110,110,0,110,420,100,57518.37000000001,40375.0,17143.370000000014,5
7703,2485,160,310,0,310,300,0,10,80,80,0,80,455,55,29451.780000000006,39950.0,-10498.219999999992,5
7704,2485,145,315,0,315,290,10,15,70,70,0,70,430,60,35963.91,39100.0,-3136.0899999999992,5
7705,2485,200,280,0,280,230,50,0,120,120,0,120,425,105,71119.64250000002,40800.0,30319.64250000001,5
7706,2485,245,275,0,275,265,0,10,80,80,0,80,505,80,56538.354374999995,44200.0,12338.354374999999,5
7707,2485,120,340,0,340,325,0,15,50,50,0,50,440,25,13654.800000000003,39100.0,-25445.199999999997,5
7708,2485,150,310,0,310,300,0,10,110,110,0,110,445,85,49956.57000000002,39100.0,10856.57000000002,5
7709,2485,135,310,0,310,295,10,5,95,95,0,95,425,65,36443.520000000004,37825.0,-1381.4799999999923,5
7710,2485,235,265,0,265,260,0,5,100,100,0,100,490,55,28711.98,42500.0,-13788.02,5
7711,2485,170,295,0,295,285,0,10,80,80,0,80,450,45,25148.160000000003,39525.0,-14376.839999999997,5
7712,2485,165,315,0,315,265,45,5,110,110,0,105,425,85,53876.92500000001,40800.0,13076.92500000001,5
7713,2485,195,290,0,290,290,0,0,75,75,0,75,480,55,31762.350000000006,41225.0,-9462.649999999994,5
7714,2485,100,345,0,345,260,60,25,85,85,0,80,355,90,60844.314375000016,37825.0,23019.314375000013,5
7715,2485,135,325,0,325,300,25,0,90,90,0,90,430,95,55454.220000000016,39100.0,16354.220000000014,5
7716,2485,165,290,0,290,240,40,10,110,110,0,110,400,80,50276.61,38675.0,11601.61,5
7717,2485,185,290,0,290,280,0,10,90,90,0,85,460,65,34747.200000000004,40375.0,-5627.799999999993,5
7718,2485,155,320,0,320,300,5,15,95,95,0,95,450,75,44388.27000000001,40375.0,4013.2700000000114,5
7719,2485,145,310,0,310,280,15,15,85,85,0,85,420,70,40289.67,38675.0,1614.670000000001,5
7720,2485,185,290,0,290,260,0,30,95,95,0,95,440,55,30718.08,40375.0,-9656.92,5
7721,2485,140,315,0,315,285,0,30,95,95,0,95,420,80,50810.354999999996,38675.0,12135.355,5
7722,2485,205,290,0,290,220,55,15,90,90,0,85,420,80,53326.30500000001,42075.0,11251.305000000011,5
7723,2485,125,325,0,325,295,10,20,85,85,0,85,415,45,26044.2,38250.0,-12205.8,5
7724,2485,105,330,0,330,260,45,25,85,85,0,85,360,70,48392.235000000015,36975.0,11417.235000000019,5
7725,2485,105,360,0,360,280,45,35,90,90,0,90,380,100,62324.415000000015,39525.0,22799.415000000015,5
7726,2485,145,285,0,285,280,0,5,95,95,0,95,420,110,67079.38500000001,36550.0,30529.38500000001,5
7727,2485,115,330,0,330,255,65,10,75,75,0,75,365,45,25578.72,37825.0,-12246.279999999997,5
7728,2485,115,330,0,330,320,5,5,90,90,0,90,430,95,57335.08500000002,37825.0,19510.085000000017,5
7729,2485,100,335,0,335,335,0,0,65,65,0,65,430,75,48516.637500000004,36975.0,11541.637500000006,5
7730,2485,200,275,0,275,270,5,0,95,95,0,95,465,50,30364.110000000004,40375.0,-10010.889999999996,5
7731,2485,190,305,0,305,305,0,0,70,70,0,70,490,40,23536.440000000002,42075.0,-18538.559999999998,5
7732,2485,135,330,0,330,305,0,25,95,95,0,95,435,90,54886.14,39525.0,15361.139999999996,5
7733,2485,140,305,0,305,270,35,0,60,60,0,55,405,25,13953.060000000003,37825.0,-23871.939999999995,5
7734,2485,115,325,0,325,295,5,25,90,90,0,90,405,60,37096.65,37400.0,-303.3499999999958,5
7735,2485,85,350,0,350,300,15,35,65,65,0,65,380,65,41035.68000000001,36975.0,4060.680000000011,5
7736,2485,180,285,0,285,280,0,5,95,95,0,95,455,90,56412.94500000001,39525.0,16887.945000000007,5
7737,2485,140,315,0,315,265,35,15,80,80,0,75,400,95,71882.960625,38675.0,33207.96062500001,5
7738,2485,145,295,0,295,295,0,0,90,90,0,90,435,55,31597.469999999998,37400.0,-5802.530000000002,5
7739,2485,185,275,0,275,275,0,0,80,80,0,80,455,140,113401.87312500004,39100.0,74301.87312500004,5
7740,2485,165,305,0,305,295,0,10,55,55,0,55,455,60,38236.950000000004,39950.0,-1713.0499999999984,5
7741,2485,185,290,0,290,265,10,15,90,90,0,90,445,120,85792.31718750001,40375.0,45417.31718750001,5
7742,2485,120,335,0,335,320,5,10,50,50,0,50,435,45,32042.07,38675.0,-6632.930000000001,5
7743,2485,115,350,0,350,305,40,5,90,90,0,85,415,35,18136.440000000002,39525.0,-21388.559999999998,5
7744,2485,135,310,0,310,265,15,30,110,110,0,110,395,90,53613.765000000014,37825.0,15788.765000000012,5
7745,2485,185,275,0,275,275,0,0,100,100,0,100,455,115,81594.37125000003,39100.0,42494.37125000003,5
7746,2485,180,280,0,280,280,0,0,80,80,0,80,455,70,46006.33500000001,39100.0,6906.335000000008,5
7747,2485,140,305,0,305,270,35,0,115,115,0,115,405,110,70821.06750000003,37825.0,32996.06750000003,5
7748,2485,170,280,0,280,245,5,30,105,105,0,100,410,115,68230.53,38250.0,29980.53,5
7749,2485,105,330,0,330,315,10,5,65,65,0,65,415,45,27661.05,36975.0,-9313.95,5
7750,2485,155,315,0,315,305,5,5,60,60,0,60,455,50,29874.150000000005,39950.0,-10075.849999999995,5
7751,2485,155,305,0,305,275,10,20,85,85,0,85,425,90,58587.210000000014,39100.0,19487.210000000014,5
7752,2485,155,300,0,300,280,10,10,75,75,0,70,430,75,46203.66000000001,38675.0,7528.660000000009,5
7753,2485,230,265,0,265,260,5,0,110,110,0,110,485,120,79212.84750000003,42075.0,37137.847500000025,5
7754,2485,215,275,0,275,265,5,5,65,65,0,65,475,75,50493.375000000015,41650.0,8843.375000000015,5
7755,2485,150,320,0,320,305,15,0,55,55,0,55,450,40,25358.355000000003,39950.0,-14591.644999999999,5
7756,2485,185,290,0,290,280,0,10,85,85,0,85,460,55,31494.42,40375.0,-8880.58,5
7757,2485,100,330,0,330,295,25,10,80,80,0,80,390,60,35131.50000000001,36550.0,-1418.4999999999945,5
7758,2485,230,255,0,255,255,0,0,95,95,0,95,480,130,90055.28250000002,41225.0,48830.282500000016,5
7759,2485,260,225,0,225,210,0,15,125,125,0,125,465,130,82601.82,41225.0,41376.82000000001,5
7760,2485,145,310,0,310,310,0,0,70,70,0,70,450,65,42183.675,38675.0,3508.675000000003,5
7761,2485,215,285,0,285,255,10,20,80,80,0,75,465,60,40727.25,42500.0,-1772.7499999999964,5
7762,2485,180,290,0,290,255,10,25,105,105,0,105,430,75,43981.65000000001,39950.0,4031.6500000000087,5
7763,2485,165,295,0,295,250,20,25,95,95,0,95,410,80,50159.47500000002,39100.0,11059.47500000002,5
7764,2485,105,350,0,350,305,30,15,70,70,0,70,405,45,26340.660000000003,38675.0,-12334.339999999997,5
7765,2485,200,255,0,255,255,0,0,115,115,0,115,450,130,81941.535,38675.0,43266.535,5
7766,2485,125,310,0,310,300,0,10,80,80,0,75,420,80,51631.15500000001,36975.0,14656.155000000017,5
7767,2485,165,310,0,310,310,0,0,60,60,0,60,470,35,17862.480000000003,40375.0,-22512.519999999997,5
7768,2485,130,315,0,315,290,20,5,90,90,0,90,415,80,46590.12000000001,37825.0,8765.120000000006,5
7769,2485,130,340,0,340,330,5,5,70,70,0,65,455,40,21436.740000000005,39950.0,-18513.259999999995,5
7770,2485,140,295,0,295,290,5,0,100,100,0,100,425,90,52667.235000000015,36975.0,15692.235000000019,5
7771,2485,120,330,0,330,300,10,20,85,85,0,85,415,75,54555.66,38250.0,16305.660000000007,5
7772,2485,145,325,0,325,280,25,20,100,100,0,100,420,85,61063.425,39950.0,21113.425000000007,5
7773,2485,145,325,0,325,310,10,5,95,95,0,95,450,55,31076.730000000003,39950.0,-8873.269999999997,5
7774,2485,100,340,0,340,315,5,20,65,65,0,60,410,30,15233.760000000002,37400.0,-22166.239999999998,5
7775,2485,140,300,0,300,285,15,0,110,110,0,105,420,85,54928.74375,37400.0,17528.74375,5
7776,2485,145,300,0,300,245,45,10,85,85,0,85,385,115,76971.72375,37825.0,39146.723750000005,5
7777,2485,150,325,0,325,325,0,0,80,80,0,80,470,60,34243.29000000001,40375.0,-6131.709999999989,5
7778,2485,140,340,0,340,265,50,25,105,105,0,105,400,80,43435.62000000001,40800.0,2635.620000000008,5
7779,2485,170,270,0,270,245,20,5,110,110,0,110,410,110,73853.74125,37400.0,36453.741250000014,5
7780,2485,125,335,0,335,290,45,0,75,75,0,75,410,85,61316.70750000001,39100.0,22216.70750000001,5
7781,2485,125,330,0,330,270,60,0,85,85,0,85,390,60,39867.615,38675.0,1192.6150000000007,5
7782,2485,130,305,0,305,285,10,10,105,105,0,105,410,65,37271.700000000004,36975.0,296.7000000000053,5
7783,2485,220,285,0,285,270,0,15,100,100,0,100,485,70,41391.09,42925.0,-1533.9100000000053,5
7784,2485,160,275,0,275,270,0,5,110,110,0,110,425,95,55001.16000000001,36975.0,18026.16000000001,5
7785,2485,130,325,0,325,255,60,10,115,115,0,115,380,120,73551.10500000001,38675.0,34876.10500000002,5
7786,2485,225,295,0,295,295,0,0,90,90,0,90,515,65,36387.18000000001,44200.0,-7812.819999999992,5
7787,2485,115,325,0,325,275,15,35,110,110,0,105,385,65,36059.40000000001,37400.0,-1340.599999999995,5
7788,2485,160,290,0,290,275,0,15,105,105,0,105,430,100,67153.14000000001,38250.0,28903.14000000002,5
7789,2485,195,295,0,295,270,20,5,90,90,0,90,460,75,44082.00000000001,41650.0,2432.0000000000073,5
7790,2485,85,370,0,370,320,5,45,75,75,0,75,400,45,25389.0,38675.0,-13286.0,5
7791,2485,115,310,0,310,310,0,0,90,90,0,90,420,110,69573.1275,36125.0,33448.1275,5
7792,2485,130,340,0,340,325,10,5,80,80,0,75,450,45,24436.260000000002,39950.0,-15513.739999999998,5
7793,2485,185,275,0,275,245,20,10,105,105,0,105,425,70,40482.18,39100.0,1382.1799999999985,5
7794,2485,155,335,0,335,280,45,10,85,85,0,80,430,55,30200.580000000005,41650.0,-11449.419999999995,5
7795,2485,195,275,0,275,265,0,10,100,100,0,100,455,70,42529.365000000005,39950.0,2579.365000000007,5
7796,2485,215,265,0,265,240,0,25,80,80,0,80,450,105,65416.455,40800.0,24616.455000000005,5
7797,2485,105,360,0,360,265,75,20,80,80,0,80,365,70,47896.9875,39525.0,8371.987500000005,5
7798,2485,165,295,0,295,280,5,10,95,95,0,95,440,25,14427.900000000001,39100.0,-24672.1,5
7799,2485,150,295,0,295,290,5,0,80,80,0,75,435,50,28601.280000000006,37825.0,-9223.719999999994,5
7800,2485,155,275,0,275,260,15,0,125,125,0,125,410,75,40066.380000000005,36550.0,3516.3800000000083,5
7801,2485,150,320,0,320,300,15,5,80,80,0,80,445,45,22629.240000000005,39950.0,-17320.759999999995,5
7802,2485,220,290,0,290,290,0,0,80,80,0,80,505,70,44330.085,43350.0,980.0849999999991,5
7803,2485,215,270,0,270,270,0,0,80,80,0,80,480,35,22985.55,41225.0,-18239.45,5
7804,2485,200,290,0,290,270,0,20,105,105,0,105,465,80,44452.44,41650.0,2802.440000000006,5
7805,2485,130,305,0,305,240,50,15,130,130,0,125,365,80,46829.07000000001,36975.0,9854.07000000001,5
7806,2485,195,275,0,275,275,0,0,105,105,0,105,465,100,66875.40000000001,39950.0,26925.40000000001,5
7807,2485,135,290,0,290,270,5,15,95,95,0,95,400,115,71216.1,36125.0,35091.100000000006,5
7808,2485,210,280,0,280,260,0,20,115,115,0,115,465,70,39239.64000000001,41650.0,-2410.359999999996,5
7809,2485,210,280,0,280,275,5,0,105,105,0,105,480,50,30511.75500000001,41650.0,-11138.244999999992,5
7810,2485,185,265,0,265,240,15,10,110,110,0,105,420,90,56878.830000000016,38250.0,18628.830000000016,5
7811,2485,125,325,0,325,280,25,20,100,100,0,100,400,90,50156.010000000024,38250.0,11906.010000000024,5
7812,2485,125,345,0,345,325,0,20,55,55,0,55,445,30,16070.76,39950.0,-23879.239999999998,5
7813,2485,175,305,0,305,275,15,15,90,90,0,90,445,65,42076.755000000005,40800.0,1276.7550000000028,5
7814,2485,140,320,0,320,295,20,5,95,95,0,95,430,50,30708.585000000003,39100.0,-8391.414999999997,5
7815,2485,150,305,0,305,240,25,40,85,85,0,85,385,100,69983.34749999999,38675.0,31308.34749999999,5
7816,2485,130,340,0,340,280,50,10,80,80,0,80,405,75,50399.595000000016,39950.0,10449.595000000018,5
7817,2485,230,280,0,280,275,0,5,85,85,0,80,500,50,33898.545000000006,43350.0,-9451.45499999999,5
7818,2485,180,300,0,300,300,0,0,85,85,0,85,475,80,47042.41500000001,40800.0,6242.41500000001,5
7819,2485,225,275,0,275,270,0,5,90,90,0,90,490,70,38676.6,42500.0,-3823.4000000000015,5
7820,2485,140,320,0,320,305,0,15,50,50,0,50,440,55,38505.217500000006,39100.0,-594.7824999999966,5
7821,2485,135,325,0,325,310,15,0,100,100,0,100,440,50,25198.92,39100.0,-13901.080000000002,5
7822,2485,145,330,0,330,295,0,35,80,80,0,80,435,90,59121.99,40375.0,18746.989999999998,5
7823,2485,185,285,0,285,270,15,0,110,110,0,110,450,55,33862.229999999996,39950.0,-6087.77,5
7824,2485,135,320,0,320,285,20,15,85,85,0,85,415,60,33091.920000000006,38675.0,-5583.079999999995,5
7825,2485,200,275,0,275,255,15,5,95,95,0,95,450,100,70440.283125,40375.0,30065.283124999994,5
7826,2485,180,305,0,305,285,0,20,100,100,0,100,460,65,37968.39000000001,41225.0,-3256.6099999999915,5
7827,2485,170,280,0,280,280,0,0,95,95,0,95,445,65,41372.91000000001,38250.0,3122.9100000000108,5
7828,2485,180,295,0,295,285,0,10,75,75,0,75,460,50,26815.860000000008,40375.0,-13559.139999999992,5
7829,2485,205,315,0,315,295,0,20,60,60,0,60,495,55,30439.440000000002,44200.0,-13760.559999999996,5
7830,2485,150,300,0,300,280,0,20,75,75,0,75,425,40,25256.790000000005,38250.0,-12993.209999999995,5
7831,2485,150,305,0,305,280,10,15,110,110,0,110,425,60,35461.17,38675.0,-3213.829999999998,5
7832,2485,240,270,0,270,240,0,30,80,80,0,80,475,95,67832.83125000002,43350.0,24482.831250000017,5
7833,2485,195,295,0,295,250,30,15,100,100,0,100,440,70,41931.81,41650.0,281.80999999999585,5
7834,2485,135,310,0,310,300,0,10,80,80,0,75,430,75,54538.72031250001,37825.0,16713.72031250001,5
7835,2485,95,345,0,345,320,5,20,80,80,0,80,410,60,39966.705,37400.0,2566.7050000000017,5
7836,2485,120,335,0,335,290,35,10,90,90,0,90,405,60,37422.36000000001,38675.0,-1252.6399999999921,5
7837,2485,170,310,0,310,285,0,25,70,70,0,70,450,145,118911.00796874998,40800.0,78111.00796874998,5
7838,2485,115,315,0,315,275,25,15,110,110,0,110,385,125,80542.34999999999,36550.0,43992.34999999999,5
7839,2485,160,290,0,290,280,5,5,105,105,0,105,435,75,45187.8975,38250.0,6937.897499999999,5
7840,2485,165,280,0,280,270,10,0,70,70,0,70,430,75,56000.48484375001,37825.0,18175.48484375001,5
7841,2485,150,300,0,300,255,15,30,120,120,0,115,400,75,47087.685,38250.0,8837.685000000001,5
7842,2485,125,315,0,315,310,0,5,85,85,0,80,430,75,46806.36750000001,37400.0,9406.367500000006,5
7843,2485,145,310,0,310,305,0,5,70,70,0,70,445,95,64347.59250000002,38675.0,25672.59250000002,5
7844,2485,220,265,0,265,265,0,0,100,100,0,100,480,70,43837.155,41225.0,2612.1550000000025,5
7845,2485,235,280,0,280,270,0,10,95,95,0,90,500,105,68136.73875,43775.0,24361.738750000004,5
7846,2485,145,315,0,315,285,0,30,85,85,0,80,425,40,21190.86,39100.0,-17909.14,5
7847,2485,135,340,0,340,315,10,15,60,60,0,60,445,45,28349.190000000002,40375.0,-12025.809999999998,5
7848,2485,120,310,0,310,285,20,5,65,65,0,65,400,100,75150.860625,36550.0,38600.860624999994,5
7849,2485,155,305,0,305,300,5,0,95,95,0,95,450,110,70080.165,39100.0,30980.164999999997,5
7850,2485,150,280,0,280,250,5,25,130,130,0,125,395,95,52568.46000000001,36550.0,16018.460000000005,5
7851,2485,90,350,0,350,285,45,20,90,90,0,85,370,55,30182.76000000001,37400.0,-7217.2399999999925,5
7852,2485,160,315,0,315,280,0,35,80,80,0,80,435,85,56456.325000000004,40375.0,16081.325000000006,5
7853,2485,190,300,0,300,285,10,5,65,65,0,60,470,80,50900.67000000001,41650.0,9250.67000000001,5
7854,2485,115,350,0,350,305,20,25,90,90,0,90,415,70,39241.62,39525.0,-283.3799999999974,5
7855,2485,145,300,0,300,290,5,5,75,75,0,75,430,95,66010.82625000001,37825.0,28185.82625000001,5
7856,2485,220,290,0,290,280,10,0,75,75,0,75,495,60,36880.425,43350.0,-6469.574999999995,5
7857,2485,135,280,0,280,275,5,0,80,80,0,80,405,80,49103.325000000004,35275.0,13828.325000000004,5
7858,2485,105,355,0,355,325,25,5,55,55,0,55,425,35,19996.920000000002,39100.0,-19103.079999999998,5
7859,2485,215,300,0,300,300,0,0,60,60,0,60,510,25,12356.64,43775.0,-31418.36,5
7860,2485,170,315,0,315,310,0,5,75,75,0,75,475,25,14707.440000000002,41225.0,-26517.559999999998,5
7861,2485,175,305,0,305,305,0,0,80,80,0,80,475,45,25626.240000000005,40800.0,-15173.759999999993,5
7862,2485,155,315,0,315,300,15,0,85,85,0,85,450,60,33496.92,39950.0,-6453.08,5
7863,2485,175,305,0,305,235,40,30,90,90,0,90,405,75,49269.509999999995,40800.0,8469.509999999991,5
7864,2485,115,330,0,330,295,20,15,85,85,0,85,405,100,67382.44312500002,37825.0,29557.44312500002,5
7865,2485,225,280,0,280,260,0,20,100,100,0,95,480,70,40663.62,42925.0,-2261.3799999999947,5
7866,2485,120,305,0,305,270,35,0,95,95,0,95,385,85,58617.88875000001,36125.0,22492.888750000013,5
7867,2485,135,300,0,300,285,0,15,75,75,0,75,415,75,46590.03000000001,36975.0,9615.030000000015,5
7868,2485,150,330,0,330,295,15,20,75,75,0,75,440,80,49807.35000000001,40800.0,9007.350000000015,5
7869,2485,155,350,0,350,280,70,0,85,85,0,85,430,60,32138.100000000006,42925.0,-10786.899999999996,5
7870,2485,155,335,0,335,260,50,25,85,85,0,85,410,100,61629.66000000001,41650.0,19979.66000000001,5
7871,2485,205,290,0,290,275,0,15,90,90,0,90,475,75,45778.320000000014,42075.0,3703.3200000000124,5
7872,2485,105,315,0,315,270,35,10,85,85,0,80,370,110,79955.12250000001,35700.0,44255.12250000001,5
7873,2485,120,335,0,335,295,15,25,70,70,0,70,410,45,27886.77,38675.0,-10788.23,5
7874,2485,115,325,0,325,310,0,15,85,85,0,80,420,105,66608.13375000001,37400.0,29208.133750000008,5
7875,2485,165,300,0,300,285,5,10,90,90,0,90,445,85,55106.1675,39525.0,15581.167500000001,5
7876,2485,155,315,0,315,275,30,10,90,90,0,85,425,70,43266.509999999995,39950.0,3316.5099999999984,5
7877,2485,130,340,0,340,295,20,25,85,85,0,85,420,50,33714.94500000001,39950.0,-6235.054999999993,5
7878,2485,80,355,0,355,310,25,20,55,55,0,55,385,65,40141.17,36975.0,3166.170000000002,5
7879,2485,105,345,0,345,270,55,20,90,90,0,90,370,55,36246.8925,38250.0,-2003.1074999999964,5
7880,2485,115,315,0,315,255,45,15,105,105,0,105,365,130,84272.85000000002,36550.0,47722.85000000002,5
7881,2485,190,300,0,300,275,25,0,80,80,0,80,460,25,12958.560000000001,41650.0,-28691.44,5
7882,2485,125,300,0,300,285,15,0,85,85,0,85,405,70,46131.57000000001,36125.0,10006.57000000001,5
7883,2485,195,295,0,295,270,0,25,85,85,0,85,460,75,44164.89000000001,41650.0,2514.890000000005,5
7884,2485,180,270,0,270,255,5,10,100,100,0,100,430,100,62635.50000000002,38250.0,24385.500000000022,5
7885,2485,120,325,0,325,315,0,10,65,65,0,65,430,45,27537.21,37825.0,-10287.79,5
7886,2485,115,345,0,345,330,0,15,65,65,0,65,440,50,30955.635000000002,39100.0,-8144.364999999998,5
7887,2485,160,315,0,315,300,0,15,70,70,0,70,455,70,44142.817500000005,40375.0,3767.817500000001,5
7888,2485,170,300,0,300,290,10,0,75,75,0,75,455,75,48530.115,39950.0,8580.114999999996,5
7889,2485,130,320,0,320,260,45,15,95,95,0,95,385,65,41974.2,38250.0,3724.2000000000007,5
7890,2485,145,305,0,305,280,5,20,110,110,0,110,420,70,37465.560000000005,38250.0,-784.439999999995,5
7891,2485,170,295,0,295,280,0,15,90,90,0,85,445,50,27572.040000000008,39525.0,-11952.959999999994,5
7892,2485,220,310,0,310,285,0,25,80,80,0,80,500,50,31168.89000000001,45050.0,-13881.10999999999,5
7893,2485,200,270,0,270,255,0,15,85,85,0,80,450,70,45951.3,39950.0,6001.300000000001,5
7894,2485,160,325,0,325,295,20,10,95,95,0,95,450,70,44418.55500000001,41225.0,3193.5550000000057,5
7895,2485,150,290,0,290,285,0,5,85,85,0,85,430,75,44325.54000000001,37400.0,6925.54000000001,5
7896,2485,115,330,0,330,315,5,10,65,65,0,65,425,90,66371.34375,37825.0,28546.343749999996,5
7897,2485,250,240,0,240,240,0,0,95,95,0,95,485,105,69626.31750000002,41650.0,27976.317500000012,5
7898,2485,105,305,0,305,265,30,10,100,100,0,100,365,110,83622.853125,34850.0,48772.853125,5
7899,2485,130,325,0,325,300,5,20,90,90,0,85,425,80,52830.81,38675.0,14155.810000000001,5
7900,2485,160,300,0,300,280,0,20,100,100,0,100,435,95,61746.21,39100.0,22646.21,5
7901,2485,130,320,0,320,295,15,10,95,95,0,95,420,60,36096.75,38250.0,-2153.249999999998,5
7902,2485,225,275,0,275,235,0,40,105,105,0,105,455,140,87883.87500000003,42500.0,45383.87500000003,5
7903,2485,100,350,0,350,340,5,5,40,40,0,40,435,25,14816.520000000002,38250.0,-23433.48,5
7904,2485,140,315,0,315,295,10,10,90,90,0,90,430,50,24571.800000000003,38675.0,-14103.199999999997,5
7905,2485,145,320,0,320,310,0,10,95,95,0,90,450,60,35468.01,39525.0,-4056.989999999996,5
7906,2485,165,300,0,300,275,15,10,120,120,0,120,435,105,73387.21500000001,39525.0,33862.21500000001,5
7907,2485,180,295,0,295,280,0,15,60,60,0,60,455,75,48903.007500000014,40375.0,8528.007500000012,5
7908,2485,130,315,0,315,300,0,15,90,90,0,90,425,60,31508.460000000006,37825.0,-6316.539999999995,5
7909,2485,110,305,0,305,285,5,15,95,95,0,95,390,105,65722.68,35275.0,30447.68,5
7910,2485,165,300,0,300,245,30,25,120,120,0,120,405,130,81787.32,39525.0,42262.32,5
7911,2485,245,260,0,260,260,0,0,70,70,0,70,500,80,54577.215000000004,42925.0,11652.215000000006,5
7912,2485,185,285,0,285,265,20,0,100,100,0,100,445,85,52493.985,39950.0,12543.985000000002,5
7913,2485,115,350,0,350,300,30,20,75,75,0,75,410,30,15782.220000000001,39525.0,-23742.78,5
7914,2485,235,275,0,275,265,0,10,95,95,0,95,495,70,42722.145000000004,43350.0,-627.8549999999996,5
7915,2485,100,330,0,330,325,0,5,75,75,0,75,420,65,40760.505000000005,36550.0,4210.505000000003,5
7916,2485,180,285,0,285,255,30,0,105,105,0,105,430,85,51086.79000000001,39525.0,11561.79000000001,5
7917,2485,110,320,0,320,305,0,15,90,90,0,85,410,95,61478.32499999998,36550.0,24928.324999999986,5
7918,2485,205,295,0,295,270,0,25,85,85,0,80,470,70,39292.380000000005,42500.0,-3207.619999999997,5
7919,2485,150,295,0,295,240,40,15,135,135,0,130,385,95,54399.600000000006,37825.0,16574.60000000001,5
7920,2485,105,355,0,355,340,10,5,60,60,0,60,440,65,40383.675,39100.0,1283.675000000003,5
7921,2485,120,340,0,340,240,65,35,95,95,0,95,355,80,54338.40000000001,39100.0,15238.40000000001,5
7922,2485,140,315,0,315,280,25,10,110,110,0,105,415,110,66001.41,38675.0,27326.410000000003,5
7923,2485,210,270,0,270,235,20,15,120,120,0,120,440,130,91411.78500000002,40800.0,50611.78500000002,5
7924,2485,180,290,0,290,255,35,0,90,90,0,90,430,55,32926.63500000001,39950.0,-7023.36499999999,5
7925,2485,135,325,0,325,290,15,20,90,90,0,90,420,60,34110.36000000001,39100.0,-4989.639999999995,5
7926,2485,140,310,0,310,275,0,35,90,90,0,85,410,90,54041.04,38250.0,15791.040000000003,5
7927,2485,160,280,0,280,270,0,10,100,100,0,100,425,95,64480.39875000001,37400.0,27080.398750000004,5
7928,2485,205,300,0,300,230,65,5,95,95,0,95,430,130,89273.55375,42925.0,46348.55375000001,5
7929,2485,190,315,0,315,260,25,30,85,85,0,85,445,70,44985.98250000001,42925.0,2060.982500000009,5
7930,2485,95,325,0,325,290,35,0,80,80,0,80,380,105,70072.515,35700.0,34372.515,5
7931,2485,115,310,0,310,290,15,5,70,70,0,70,400,80,54471.15000000001,36125.0,18346.15000000001,5
7932,2485,220,280,0,280,260,15,5,70,70,0,70,475,90,61193.57625,42500.0,18693.57625,5
7933,2485,120,325,0,325,275,40,10,110,110,0,110,390,75,38330.82000000001,37825.0,505.82000000000335,5
7934,2485,130,320,0,320,285,35,0,85,85,0,85,410,60,34447.14000000001,38250.0,-3802.859999999996,5
7935,2485,200,290,0,290,280,0,10,75,75,0,75,475,45,26196.840000000004,41650.0,-15453.159999999998,5
7936,2485,170,280,0,280,275,5,0,80,80,0,80,440,100,70449.48000000003,38250.0,32199.480000000032,5
7937,2485,125,315,0,315,245,60,10,120,120,0,120,365,140,103970.06859375002,37400.0,66570.06859375002,5
7938,2485,170,305,0,305,290,15,0,85,85,0,85,455,55,29008.620000000006,40375.0,-11366.379999999994,5
7939,2485,165,285,0,285,260,0,25,100,100,0,100,420,75,44833.41,38250.0,6583.4100000000035,5
7940,2485,90,345,0,345,335,5,5,75,75,0,75,420,60,35603.91,36975.0,-1371.0899999999947,5
7941,2485,250,255,0,255,240,0,15,105,105,0,105,485,60,32772.240000000005,42925.0,-10152.759999999998,5
7942,2485,215,300,0,300,290,0,10,50,50,0,50,500,10,4754.52,43775.0,-39020.479999999996,5
7943,2485,180,280,0,280,270,0,10,90,90,0,90,445,75,47597.67000000001,39100.0,8497.670000000016,5
7944,2485,120,340,0,340,295,15,30,85,85,0,85,410,80,50763.28500000002,39100.0,11663.285000000014,5
7945,2485,145,305,0,305,275,10,20,90,90,0,90,415,110,69124.81500000002,38250.0,30874.815000000017,5
7946,2485,165,310,0,310,245,35,30,75,75,0,70,405,60,35473.77000000001,40375.0,-4901.229999999991,5
7947,2485,155,305,0,305,305,0,0,65,65,0,65,455,35,19974.420000000006,39100.0,-19125.579999999994,5
7948,2485,170,315,0,315,295,0,20,75,75,0,75,460,60,37339.60500000001,41225.0,-3885.3949999999895,5
7949,2485,270,285,0,285,270,0,15,85,85,0,85,535,65,36493.11000000001,47175.0,-10681.889999999994,5
7950,2485,100,335,0,335,300,30,5,85,85,0,80,395,60,35653.049999999996,36975.0,-1321.9500000000016,5
7951,2485,120,335,0,335,290,20,25,80,80,0,80,405,45,27671.670000000006,38675.0,-11003.329999999996,5
7952,2485,110,330,0,330,280,25,25,70,70,0,70,385,70,43988.805,37400.0,6588.805000000002,5
7953,2485,135,325,0,325,285,20,20,70,70,0,70,415,90,62182.912500000006,39100.0,23082.912500000002,5
7954,2485,105,355,0,355,285,65,5,75,75,0,75,385,75,47119.365,39100.0,8019.364999999998,5
7955,2485,150,315,0,315,270,40,5,95,95,0,90,415,55,33848.01,39525.0,-5676.990000000001,5
7956,2485,90,325,0,325,305,5,15,65,65,0,65,390,75,53218.59750000002,35275.0,17943.597500000014,5
7957,2485,175,290,0,290,285,5,0,105,105,0,105,455,110,70234.24500000002,39525.0,30709.245000000017,5
7958,2485,125,320,0,320,255,40,25,90,90,0,90,375,65,38799.17999999999,37825.0,974.1799999999967,5
7959,2485,95,350,0,350,270,65,15,95,95,0,90,360,70,41261.310000000005,37825.0,3436.310000000003,5
7960,2485,115,340,0,340,305,30,5,95,95,0,95,415,70,40784.310000000005,38675.0,2109.310000000005,5
7961,2485,180,260,0,260,260,0,0,100,100,0,95,435,60,34410.06,37400.0,-2989.9400000000014,5
7962,2485,190,315,0,315,285,0,30,85,85,0,85,470,80,48199.99500000001,42925.0,5274.995000000008,5
7963,2485,170,320,0,320,275,15,30,75,75,0,75,440,105,68829.84000000003,41650.0,27179.840000000022,5
7964,2485,150,315,0,315,280,30,5,80,80,0,80,425,40,22521.24,39525.0,-17003.76,5
7965,2485,160,275,0,275,275,0,0,90,90,0,90,430,80,50127.66,36975.0,13152.660000000005,5
7966,2485,100,345,0,345,260,45,40,90,90,0,90,355,85,47709.27000000002,37825.0,9884.270000000015,5
7967,2485,135,330,0,330,280,40,10,100,100,0,100,410,105,64239.165,39525.0,24714.165,5
7968,2485,110,315,0,315,305,0,10,75,75,0,75,410,90,58242.51,36125.0,22117.510000000002,5
7969,2485,195,260,0,260,240,20,0,115,115,0,110,430,95,56389.049999999996,38675.0,17714.049999999996,5
7970,2485,135,330,0,330,320,0,10,70,70,0,70,450,35,19711.620000000003,39525.0,-19813.379999999997,5
7971,2485,125,320,0,320,295,10,15,75,75,0,75,415,45,22433.4,37825.0,-15391.599999999999,5
7972,2485,230,255,0,255,240,10,5,90,90,0,90,465,95,66547.94625000004,41225.0,25322.94625000003,5
7973,2485,205,275,0,275,270,0,5,135,135,0,135,470,80,47490.12000000001,40800.0,6690.120000000006,5
7974,2485,160,295,0,295,270,0,25,80,80,0,75,425,90,57727.12500000001,38675.0,19052.125000000007,5
7975,2485,220,240,0,240,235,0,5,95,95,0,95,450,80,53211.10500000002,39100.0,14111.105000000016,5
7976,2485,185,290,0,290,265,10,15,90,90,0,90,445,75,49279.52250000001,40375.0,8904.522500000003,5
7977,2485,145,300,0,300,265,35,0,125,125,0,125,405,80,48484.17,37825.0,10659.169999999995,5
7978,2485,175,290,0,290,280,0,10,80,80,0,80,450,90,65090.716875,39525.0,25565.716875,5
7979,2485,185,270,0,270,235,5,30,95,95,0,90,415,110,68149.75500000002,38675.0,29474.755000000012,5
7980,2485,190,280,0,280,265,5,10,110,110,0,110,450,130,90606.78000000001,39950.0,50656.78000000001,5
7981,2485,105,340,0,340,310,5,25,85,85,0,85,410,45,24076.98,37825.0,-13748.02,5
7982,2485,140,305,0,305,280,15,10,85,85,0,80,415,55,34248.42,37825.0,-3576.579999999999,5
7983,2485,125,340,0,340,255,70,15,100,100,0,100,375,105,67431.67875,39525.0,27906.67875000001,5
7984,2485,235,260,0,260,250,0,10,95,95,0,95,480,75,44735.535,42075.0,2660.535,5
7985,2485,130,310,0,310,280,5,25,120,120,0,120,405,85,50112.630000000005,37400.0,12712.630000000008,5
7986,2485,195,275,0,275,265,0,10,70,70,0,70,455,60,36909.58500000001,39950.0,-3040.4149999999936,5
7987,2485,175,310,0,310,255,50,5,115,115,0,115,425,120,73865.52000000002,41225.0,32640.520000000015,5
7988,2485,120,330,0,330,275,30,25,90,90,0,90,390,85,55414.26,38250.0,17164.260000000002,5
7989,2485,150,315,0,315,315,0,0,80,80,0,80,460,100,69461.825625,39525.0,29936.825625,5
7990,2485,125,335,0,335,290,40,5,100,100,0,100,410,85,57196.11937500001,39100.0,18096.11937500001,5
7991,2485,140,300,0,300,300,0,0,85,85,0,85,435,95,70786.11375000002,37400.0,33386.11375000001,5
7992,2485,155,310,0,310,275,35,0,80,80,0,80,425,85,50494.68000000001,39525.0,10969.680000000008,5
7993,2485,135,315,0,315,295,5,15,100,100,0,95,425,75,43769.520000000004,38250.0,5519.520000000002,5
7994,2485,160,295,0,295,255,35,5,115,115,0,110,410,110,72778.47750000002,38675.0,34103.477500000015,5
7995,2485,140,320,0,320,270,10,40,110,110,0,110,405,40,20063.520000000004,39100.0,-19036.479999999996,5
7996,2485,140,305,0,305,295,10,0,90,90,0,90,430,65,32981.76000000001,37825.0,-4843.239999999992,5
7997,2485,145,325,0,325,265,50,10,105,105,0,105,405,90,55032.705000000016,39950.0,15082.705000000014,5
7998,2485,175,275,0,275,265,0,10,125,125,0,125,435,120,76704.59250000001,38250.0,38454.59250000001,5
7999,2485,165,305,0,305,270,5,30,95,95,0,95,430,60,34753.320000000014,39950.0,-5196.679999999988,5
8000,2485,170,295,0,295,295,0,0,100,100,0,95,460,20,11502.18,39525.0,-28022.82,5
8001,2485,205,315,0,315,310,5,0,65,65,0,65,510,30,16419.060000000005,44200.0,-27780.939999999995,5
8002,2485,175,315,0,315,280,20,15,75,75,0,75,450,45,23727.420000000002,41650.0,-17922.579999999998,5
8003,2485,115,370,0,370,335,10,25,60,60,0,60,445,35,20015.100000000002,41225.0,-21209.899999999998,5
8004,2485,135,345,0,345,305,10,30,80,80,0,80,435,60,38205.225000000006,40800.0,-2594.7749999999905,5
8005,2485,205,275,0,275,260,0,15,100,100,0,100,460,70,41783.13000000001,40800.0,983.1300000000101,5
8006,2485,155,310,0,310,255,50,5,100,100,0,100,405,130,86714.2575,39525.0,47189.25750000001,5
8007,2485,235,265,0,265,260,0,5,95,95,0,95,490,75,43825.140000000014,42500.0,1325.1400000000103,5
8008,2485,140,300,0,300,260,30,10,95,95,0,95,395,85,51242.310000000005,37400.0,13842.310000000007,5
8009,2485,170,275,0,275,265,0,10,120,120,0,120,430,185,123180.20437500002,37825.0,85355.20437500002,5
8010,2485,235,270,0,270,270,0,0,75,75,0,75,500,60,32699.880000000005,42925.0,-10225.119999999997,5
8011,2485,235,275,0,275,270,0,5,50,50,0,50,500,45,26845.380000000005,43350.0,-16504.619999999995,5
8012,2485,160,285,0,285,265,10,10,105,105,0,105,420,90,56934.72,37825.0,19109.719999999998,5
8013,2485,110,335,0,335,290,30,15,80,80,0,80,395,95,60934.95,37825.0,23109.949999999997,5
8014,2485,175,315,0,315,300,0,15,60,60,0,60,470,50,29748.15,41650.0,-11901.849999999999,5
8015,2485,115,330,0,330,315,10,5,75,75,0,75,425,65,39547.080000000016,37825.0,1722.0800000000145,5
8016,2485,170,300,0,300,285,5,10,105,105,0,105,450,70,40410.81,39950.0,460.8100000000013,5
8017,2485,115,330,0,330,310,0,20,80,80,0,80,420,35,19536.300000000003,37825.0,-18288.699999999997,5
8018,2485,140,340,0,340,340,0,0,60,60,0,60,475,30,15721.2,40800.0,-25078.800000000003,5
8019,2485,140,315,0,315,300,0,15,70,70,0,70,435,70,47424.26250000001,38675.0,8749.262500000013,5
8020,2485,155,290,0,290,275,0,15,105,105,0,105,425,95,59375.384999999995,37825.0,21550.384999999995,5
8021,2485,110,330,0,330,275,45,10,85,85,0,85,380,65,39246.48,37400.0,1846.480000000006,5
8022,2485,165,290,0,290,285,0,5,100,100,0,100,445,55,32860.350000000006,38675.0,-5814.649999999997,5
8023,2485,175,275,0,275,275,0,0,100,100,0,100,445,100,70919.22937500001,38250.0,32669.229375000003,5
8024,2485,110,315,0,315,310,0,5,100,100,0,100,415,100,64622.925,36125.0,28497.925000000003,5
8025,2485,95,330,0,330,290,10,30,75,75,0,70,380,45,24452.460000000006,36125.0,-11672.539999999994,5
8026,2485,175,310,0,310,300,0,10,75,75,0,70,470,70,41244.93000000001,41225.0,19.93000000000393,5
8027,2485,120,315,0,315,280,15,20,115,115,0,115,395,80,47609.55,36975.0,10634.55,5
8028,2485,170,305,0,305,300,0,5,75,75,0,75,465,45,23340.420000000006,40375.0,-17034.579999999994,5
8029,2485,165,310,0,310,260,50,0,75,75,0,75,420,70,53377.84125000002,40375.0,13002.84125000002,5
8030,2485,100,350,0,350,320,25,5,75,75,0,75,415,70,41549.850000000006,38250.0,3299.850000000006,5
8031,2485,150,300,0,300,280,20,0,95,95,0,95,425,95,58120.92000000001,38250.0,19870.920000000013,5
8032,2485,190,305,0,305,290,5,10,95,95,0,95,475,75,44737.65000000001,42075.0,2662.6500000000124,5
8033,2485,175,295,0,295,295,0,0,80,80,0,80,465,75,51880.18500000001,39950.0,11930.18500000001,5
8034,2485,125,325,0,325,280,35,10,75,75,0,75,400,55,37823.3775,38250.0,-426.62249999999403,5
8035,2485,185,275,0,275,260,15,0,75,75,0,75,440,65,38667.87,39100.0,-432.1299999999974,5
8036,2485,290,270,0,270,265,0,5,90,90,0,90,550,35,19119.06,47600.0,-28480.940000000002,5
8037,2485,105,355,0,355,305,25,25,65,65,0,65,405,55,37299.645000000004,39100.0,-1800.354999999995,5
8038,2485,205,255,0,255,255,0,0,110,110,0,110,455,85,56241.58500000001,39100.0,17141.585000000006,5
8039,2485,125,320,0,320,290,25,5,80,80,0,75,410,70,41546.52000000001,37825.0,3721.5200000000095,5
8040,2485,175,300,0,300,290,10,0,75,75,0,75,460,55,30423.240000000005,40375.0,-9951.759999999995,5
8041,2485,105,355,0,355,320,15,20,100,100,0,100,420,85,49984.06500000001,39100.0,10884.06500000001,5
8042,2485,175,300,0,300,280,5,15,80,80,0,75,450,80,59772.88125,40375.0,19397.88125,5
8043,2485,175,300,0,300,280,15,5,105,105,0,105,450,65,37648.98000000001,40375.0,-2726.0199999999895,5
8044,2485,250,270,0,270,265,0,5,90,90,0,90,510,65,39120.93,44200.0,-5079.069999999997,5
8045,2485,170,285,0,285,265,5,15,115,115,0,115,430,80,43014.06000000001,38675.0,4339.060000000009,5
8046,2485,195,275,0,275,270,0,5,100,100,0,100,460,40,24513.93,39950.0,-15436.07,5
8047,2485,150,310,0,310,275,15,20,100,100,0,100,420,90,54791.46000000001,39100.0,15691.460000000006,5
8048,2485,180,305,0,305,305,0,0,90,90,0,90,480,35,18972.54,41225.0,-22252.46,5
8049,2485,115,335,0,335,335,0,0,100,100,0,100,445,55,30814.56,38250.0,-7435.439999999999,5
8050,2485,100,335,0,335,295,35,5,85,85,0,80,390,65,36111.600000000006,36975.0,-863.3999999999924,5
8051,2485,95,350,0,350,305,30,15,90,90,0,90,395,50,27594.360000000008,37825.0,-10230.639999999994,5
8052,2485,240,255,0,255,235,20,0,110,110,0,110,470,105,71967.53250000003,42075.0,29892.532500000023,5
8053,2485,270,285,0,285,250,20,15,90,90,0,90,515,70,40058.100000000006,47175.0,-7116.899999999991,5
8054,2485,175,295,0,295,275,15,5,90,90,0,90,445,85,55010.56500000002,39950.0,15060.565000000015,5
8055,2485,130,350,0,350,265,75,10,80,80,0,80,390,35,18992.7,40800.0,-21807.299999999996,5
8056,2485,135,325,0,325,280,25,20,85,85,0,85,410,110,74401.40250000001,39100.0,35301.40250000001,5
8057,2485,145,320,0,320,290,5,25,85,85,0,85,430,65,36646.29,39525.0,-2878.7099999999964,5
8058,2485,115,310,0,310,305,0,5,95,95,0,95,415,100,61296.52500000001,36125.0,25171.52500000001,5
8059,2485,140,330,0,330,310,10,10,80,80,0,80,445,75,44402.130000000005,39950.0,4452.1300000000065,5
8060,2485,130,330,0,330,305,15,10,80,80,0,80,430,115,71839.2825,39100.0,32739.2825,5
8061,2485,135,325,0,325,295,10,20,80,80,0,80,425,85,48558.240000000005,39100.0,9458.240000000005,5
8062,2485,170,330,0,330,285,15,30,80,80,0,80,450,50,29347.83,42500.0,-13152.169999999996,5
8063,2485,150,315,0,315,295,20,0,95,95,0,95,440,45,26325.540000000005,39525.0,-13199.459999999995,5
8064,2485,155,295,0,295,290,0,5,95,95,0,95,440,75,41416.740000000005,38250.0,3166.740000000009,5
8065,2485,135,325,0,325,260,35,30,100,100,0,95,390,75,42989.400000000016,39100.0,3889.400000000014,5
8066,2485,170,310,0,310,305,0,5,75,75,0,75,470,55,29764.620000000003,40800.0,-11035.379999999996,5
8067,2485,165,295,0,295,265,20,10,95,95,0,90,425,95,54645.57000000001,39100.0,15545.570000000007,5
8068,2485,90,350,0,350,330,0,20,75,75,0,70,415,45,23318.460000000006,37400.0,-14081.539999999995,5
8069,2485,195,300,0,300,285,10,5,60,60,0,60,475,60,34707.96000000001,42075.0,-7367.039999999997,5
8070,2485,115,310,0,310,290,20,0,80,80,0,80,400,70,44964.45,36125.0,8839.449999999997,5
8071,2485,140,300,0,300,295,5,0,85,85,0,85,430,60,34213.950000000004,37400.0,-3186.0499999999956,5
8072,2485,85,325,0,325,290,5,30,80,80,0,75,370,75,44269.92,34850.0,9419.920000000002,5
8073,2485,125,320,0,320,280,20,20,85,85,0,85,400,70,44449.74000000002,37825.0,6624.74000000002,5
8074,2485,225,285,0,285,255,10,20,100,100,0,100,475,110,68104.08,43350.0,24754.08,5
8075,2485,215,285,0,285,280,5,0,85,85,0,85,490,80,48490.47,42500.0,5990.470000000005,5
8076,2485,90,340,0,340,325,5,10,70,70,0,70,410,80,53216.1675,36550.0,16666.167500000003,5
8077,2485,115,330,0,330,290,35,5,75,75,0,75,400,40,24193.71,37825.0,-13631.289999999999,5
8078,2485,185,305,0,305,265,15,25,100,100,0,100,445,80,50153.96250000001,41650.0,8503.962500000007,5
8079,2485,175,285,0,285,265,5,15,110,110,0,110,435,65,43311.240000000005,39100.0,4211.240000000007,5
8080,2485,160,280,0,280,255,0,25,100,100,0,95,410,90,63845.029687500006,37400.0,26445.02968750001,5
8081,2485,175,290,0,290,270,20,0,115,115,0,115,440,70,40444.29,39525.0,919.2900000000009,5
8082,2485,140,320,0,320,270,20,30,100,100,0,100,405,85,55290.9375,39100.0,16190.9375,5
8083,2485,115,345,0,345,300,40,5,85,85,0,85,410,75,44945.865000000005,39100.0,5845.865000000003,5
8084,2485,115,335,0,335,285,25,25,80,80,0,80,395,60,34768.08,38250.0,-3481.9199999999955,5
8085,2485,140,320,0,320,290,10,20,65,65,0,65,425,45,25362.72,39100.0,-13737.28,5
8086,2485,200,305,0,305,305,0,0,100,100,0,100,500,60,34462.89,42925.0,-8462.109999999997,5
8087,2485,165,315,0,315,290,10,15,85,85,0,85,450,90,53823.24000000001,40800.0,13023.240000000014,5
8088,2485,100,330,0,330,310,0,20,85,85,0,80,405,55,31778.550000000003,36550.0,-4771.449999999995,5
8089,2485,100,320,0,320,280,30,10,95,95,0,95,375,90,59733.787500000006,35700.0,24033.787500000006,5
8090,2485,175,295,0,295,260,30,5,125,125,0,125,430,70,39434.94,39950.0,-515.059999999994,5
8091,2485,175,300,0,300,255,25,20,105,105,0,105,425,110,70884.85499999998,40375.0,30509.85499999999,5
8092,2485,150,310,0,310,290,15,5,100,100,0,100,435,75,44265.69,39100.0,5165.690000000004,5
8093,2485,140,315,0,315,315,0,0,65,65,0,65,450,70,45187.020000000004,38675.0,6512.020000000002,5
8094,2485,180,295,0,295,270,0,25,80,80,0,80,445,30,16089.660000000002,40375.0,-24285.339999999997,5
8095,2485,245,280,0,280,275,5,0,70,70,0,70,515,50,32222.52,44625.0,-12402.48,5
8096,2485,140,310,0,310,310,0,0,95,95,0,95,445,60,38907.31500000001,38250.0,657.3150000000078,5
8097,2485,105,350,0,350,300,25,25,70,70,0,70,400,70,42874.875,38675.0,4199.875000000002,5
8098,2485,110,325,0,325,245,45,35,100,100,0,100,350,80,48120.84000000001,36975.0,11145.840000000007,5
8099,2485,185,305,0,305,265,10,30,115,115,0,115,445,85,49420.215,41650.0,7770.214999999998,5
8100,2485,180,280,0,280,270,10,0,95,95,0,95,445,105,70736.31,39100.0,31636.310000000005,5
8101,2485,160,330,0,330,295,20,15,70,70,0,70,450,45,25493.760000000002,41650.0,-16156.239999999998,5
8102,2485,185,285,0,285,225,60,0,105,105,0,105,405,125,82058.89500000002,39950.0,42108.89500000001,5
8103,2485,110,345,0,345,310,30,5,75,75,0,75,415,45,23004.36,38675.0,-15670.64,5
8104,2485,90,355,0,355,310,30,15,65,65,0,60,395,55,32672.880000000005,37825.0,-5152.119999999995,5
8105,2485,180,305,0,305,255,35,15,95,95,0,95,430,95,59281.42500000002,41225.0,18056.425000000017,5
8106,2485,220,285,0,285,245,20,20,75,75,0,75,460,80,49109.80500000001,42925.0,6184.805000000006,5
8107,2485,275,265,0,265,265,0,0,85,85,0,85,535,80,48730.90500000001,45900.0,2830.9050000000116,5
8108,2485,225,280,0,280,280,0,0,95,95,0,95,500,50,30193.290000000008,42925.0,-12731.709999999994,5
8109,2485,95,340,0,340,250,65,25,95,95,0,90,340,95,63580.185,36975.0,26605.185,5
8110,2485,180,265,0,265,250,0,15,90,90,0,90,425,130,95883.69375,37825.0,58058.693750000006,5
8111,2485,145,300,0,300,295,0,5,60,60,0,60,435,55,33882.66,37825.0,-3942.3399999999992,5
8112,2485,155,315,0,315,305,0,10,70,70,0,70,455,10,4872.960000000001,39950.0,-35077.03999999999,5
8113,2485,105,365,0,365,265,80,20,100,100,0,100,365,60,36558.990000000005,39950.0,-3391.0099999999966,5
8114,2485,135,335,0,335,285,40,10,105,105,0,105,415,85,51156.18000000001,39950.0,11206.180000000004,5
8115,2485,155,315,0,315,270,15,30,90,90,0,90,420,85,57797.01000000001,39950.0,17847.01000000001,5
8116,2485,165,295,0,295,270,15,10,110,110,0,110,430,120,78116.49000000002,39100.0,39016.49000000001,5
8117,2485,115,335,0,335,300,15,20,75,75,0,75,410,70,51228.55125000001,38250.0,12978.55125000001,5
8118,2485,175,305,0,305,290,0,15,90,90,0,90,460,30,15300.000000000002,40800.0,-25500.0,5
8119,2485,95,350,0,350,315,35,0,75,75,0,75,405,75,47339.32500000002,37825.0,9514.325000000017,5
8120,2485,100,340,0,340,290,20,30,95,95,0,95,385,100,64498.140000000014,37400.0,27098.140000000014,5
8121,2485,115,295,0,295,290,5,0,85,85,0,85,400,95,64214.235,34850.0,29364.235,5
8122,2485,200,285,0,285,240,45,0,120,120,0,120,435,60,31073.04,41225.0,-10151.96,5
8123,2485,155,290,0,290,275,5,10,75,75,0,70,425,85,52381.439999999995,37825.0,14556.439999999993,5
8124,2485,165,300,0,300,280,15,5,100,100,0,100,440,75,49536.76500000001,39525.0,10011.765000000005,5
8125,2485,170,315,0,315,285,0,30,75,75,0,70,450,50,27759.6,41225.0,-13465.4,5
8126,2485,170,320,0,320,295,10,15,70,70,0,65,460,45,25941.87,41650.0,-15708.130000000001,5
8127,2485,135,315,0,315,230,50,35,125,125,0,125,360,60,36079.29000000001,38250.0,-2170.7099999999946,5
8128,2485,135,315,0,315,290,15,10,90,90,0,90,420,95,62186.422500000015,38250.0,23936.422500000015,5
8129,2485,100,345,0,345,340,5,0,75,75,0,75,435,85,51420.712500000016,37825.0,13595.712500000018,5
8130,2485,95,350,0,350,265,60,25,60,60,0,60,355,80,62325.140625,37825.0,24500.140625000004,5
8131,2485,95,335,0,335,270,40,25,95,95,0,90,360,65,39754.170000000006,36550.0,3204.1700000000037,5
8132,2485,160,315,0,315,235,70,10,95,95,0,95,390,45,31877.775000000005,40375.0,-8497.224999999995,5
8133,2485,120,325,0,325,265,60,0,100,100,0,100,380,85,53153.505000000005,37825.0,15328.505000000005,5
8134,2485,215,245,0,245,245,0,0,85,85,0,85,455,140,101940.69375000003,39100.0,62840.69375000003,5
8135,2485,130,310,0,310,285,5,20,85,85,0,85,410,75,50090.535,37400.0,12690.535,5
8136,2485,150,310,0,310,305,0,5,85,85,0,85,450,65,41020.24500000001,39100.0,1920.2450000000135,5
8137,2485,130,335,0,335,325,0,10,50,50,0,50,450,45,29453.13,39525.0,-10071.869999999999,5
8138,2485,105,330,0,330,240,55,35,100,100,0,100,340,85,51106.27500000001,36975.0,14131.275000000005,5
8139,2485,210,265,0,265,255,10,0,125,125,0,125,460,75,43897.5,40375.0,3522.5,5
8140,2485,170,315,0,315,240,65,10,100,100,0,100,405,110,74757.18375,41225.0,33532.18375,5
8141,2485,195,290,0,290,245,15,30,80,80,0,75,435,130,98845.65562500001,41225.0,57620.655625000014,5
8142,2485,225,275,0,275,260,0,15,85,85,0,80,480,75,44998.83,42500.0,2498.829999999998,5
8143,2485,115,345,0,345,295,15,35,100,100,0,100,405,70,41960.07000000001,39100.0,2860.070000000005,5
8144,2485,105,345,0,345,305,15,25,100,100,0,95,405,50,30174.660000000003,38250.0,-8075.3399999999965,5
8145,2485,110,325,0,325,290,30,5,90,90,0,90,395,80,50215.455,36975.0,13240.455000000002,5
8146,2485,155,325,0,325,320,0,5,85,85,0,85,470,35,21643.38,40800.0,-19156.62,5
8147,2485,165,320,0,320,300,10,10,90,90,0,85,460,40,19913.760000000006,41225.0,-21311.239999999998,5
8148,2485,130,335,0,335,265,60,10,90,90,0,90,390,125,89929.68187500001,39525.0,50404.68187500001,5
8149,2485,140,320,0,320,310,0,10,75,75,0,70,445,55,31810.500000000007,39100.0,-7289.499999999994,5
8150,2485,115,350,0,350,320,0,30,85,85,0,85,430,30,15922.98,39525.0,-23602.020000000004,5
8151,2485,80,365,0,365,290,55,20,80,80,0,75,365,60,38417.67,37825.0,592.6699999999983,5
8152,2485,170,270,0,270,250,10,10,110,110,0,110,415,115,73578.15000000001,37400.0,36178.15000000001,5
8153,2485,175,285,0,285,265,20,0,85,85,0,85,435,70,43432.560000000005,39100.0,4332.560000000003,5
8154,2485,215,280,0,280,270,10,0,90,90,0,90,480,70,40234.05000000001,42075.0,-1840.949999999989,5
8155,2485,125,325,0,325,255,40,30,105,105,0,105,375,140,94967.77500000002,38250.0,56717.77500000002,5
8156,2485,215,285,0,285,245,40,0,115,115,0,115,455,105,64705.32,42500.0,22205.32,5
8157,2485,100,340,0,340,325,15,0,85,85,0,85,420,75,41890.140000000014,37400.0,4490.14000000001,5
8158,2485,185,300,0,300,285,0,15,90,90,0,90,465,70,42773.850000000006,41225.0,1548.8500000000022,5
8159,2485,130,330,0,330,290,25,15,95,95,0,95,415,75,49862.14875000001,39100.0,10762.148750000006,5
8160,2485,120,345,0,345,225,85,35,100,100,0,95,340,105,75184.062890625,39525.0,35659.062890625006,5
8161,2485,195,260,0,260,255,0,5,95,95,0,95,445,115,77581.755,38675.0,38906.75500000001,5
8162,2485,195,310,0,310,275,35,0,105,105,0,105,465,75,47461.27500000001,42925.0,4536.275000000005,5
8163,2485,120,315,0,315,245,65,5,120,120,0,115,360,145,102242.98687499999,36975.0,65267.98687499999,5
8164,2485,85,350,0,350,300,45,5,80,80,0,80,380,50,29038.770000000008,36975.0,-7936.229999999991,5
8165,2485,100,340,0,340,310,5,25,55,55,0,55,405,65,41644.08,37400.0,4244.080000000004,5
8166,2485,190,285,0,285,280,5,0,85,85,0,85,465,40,20314.08,40375.0,-20060.92,5
8167,2485,140,320,0,320,320,0,0,65,65,0,65,455,45,23552.82,39100.0,-15547.179999999998,5
8168,2485,165,305,0,305,275,10,20,100,100,0,100,435,65,41224.09500000001,39950.0,1274.0950000000066,5
8169,2485,185,315,0,315,300,10,5,105,105,0,100,480,75,44286.84000000001,42500.0,1786.840000000011,5
8170,2485,140,290,0,290,270,20,0,100,100,0,100,405,75,43779.06,36550.0,7229.0599999999995,5
8171,2485,170,285,0,285,260,15,10,100,100,0,100,425,70,38061.00000000001,38675.0,-613.9999999999918,5
8172,2485,135,320,0,320,300,15,5,105,105,0,100,430,50,28746.45,38675.0,-9928.55,5
8173,2485,140,325,0,325,325,0,0,65,65,0,65,460,55,34730.73,39525.0,-4794.269999999997,5
8174,2485,145,305,0,305,290,5,10,100,100,0,95,430,70,42015.600000000006,38250.0,3765.600000000004,5
8175,2485,140,310,0,310,275,15,20,80,80,0,80,410,50,29601.630000000005,38250.0,-8648.369999999995,5
8176,2485,135,290,0,290,225,40,25,105,105,0,105,355,65,44824.6575,36125.0,8699.657500000003,5
8177,2485,175,295,0,295,280,10,5,80,80,0,80,450,90,60905.891250000015,39950.0,20955.891250000015,5
8178,2485,165,300,0,300,285,15,0,130,130,0,125,445,100,61675.11,39525.0,22150.110000000004,5
8179,2485,200,305,0,305,280,20,5,70,70,0,70,475,45,25166.070000000003,42925.0,-17758.929999999997,5
8180,2485,190,295,0,295,285,5,5,95,95,0,95,470,60,34045.56,41225.0,-7179.44,5
8181,2485,170,270,0,270,255,10,5,125,125,0,125,420,130,87484.60687500001,37400.0,50084.60687500001,5
8182,2485,165,320,0,320,300,10,10,100,100,0,100,460,70,39123.54,41225.0,-2101.460000000002,5
8183,2485,185,280,0,280,280,0,0,70,70,0,70,460,75,48075.39000000001,39525.0,8550.390000000007,5
8184,2485,145,295,0,295,270,15,10,105,105,0,105,410,110,69260.4,37400.0,31860.4,5
8185,2485,115,335,0,335,310,5,20,75,75,0,75,420,55,37704.5325,38250.0,-545.4674999999952,5
8186,2485,95,335,0,335,325,10,0,70,70,0,70,415,75,49212.49499999999,36550.0,12662.49499999999,5
8187,2485,150,300,0,300,295,0,5,75,75,0,75,440,60,41892.50250000001,38250.0,3642.5025000000096,5
8188,2485,215,305,0,305,275,10,20,85,85,0,85,485,85,49659.84000000001,44200.0,5459.840000000013,5
8189,2485,95,350,0,350,335,5,10,85,85,0,85,425,65,38380.5,37825.0,555.5000000000018,5
8190,2485,135,310,0,310,300,0,10,75,75,0,70,430,70,40972.32000000001,37825.0,3147.320000000009,5
8191,2485,180,310,0,310,280,30,0,85,85,0,85,455,70,41920.155,41650.0,270.1549999999952,5
8192,2485,240,280,0,280,275,0,5,65,65,0,65,510,55,32819.49,44200.0,-11380.509999999998,5
8193,2485,85,350,0,350,270,65,15,85,85,0,80,350,60,38446.380000000005,36975.0,1471.3800000000083,5
8194,2485,150,335,0,335,275,50,10,105,105,0,105,420,45,26628.840000000004,41225.0,-14596.159999999996,5
8195,2485,145,300,0,300,285,0,15,110,110,0,110,425,105,68621.31000000001,37825.0,30796.310000000012,5
8196,2485,175,315,0,315,265,15,35,85,85,0,85,435,80,50236.78500000002,41650.0,8586.785000000018,5
8197,2485,155,315,0,315,290,5,20,95,95,0,95,440,70,39445.11,39950.0,-504.8899999999958,5
8198,2485,125,325,0,325,270,50,5,105,105,0,105,390,85,51602.490000000005,38250.0,13352.490000000007,5
8199,2485,160,330,0,330,325,0,5,55,55,0,55,480,35,18275.04,41650.0,-23374.96,5
8200,2485,165,305,0,305,295,0,10,80,80,0,75,455,30,16444.260000000002,39950.0,-23505.739999999998,5
8201,2485,140,340,0,340,305,10,25,65,65,0,65,440,25,12599.640000000001,40800.0,-28200.36,5
8202,2485,160,300,0,300,280,0,20,90,90,0,90,435,105,71608.19343750003,39100.0,32508.19343750003,5
8203,2485,120,340,0,340,340,0,0,55,55,0,55,455,20,9953.64,39100.0,-29146.36,5
8204,2485,165,290,0,290,275,0,15,100,100,0,95,435,100,57254.40000000001,38675.0,18579.400000000005,5
8205,2485,175,315,0,315,300,5,10,85,85,0,85,470,60,31993.020000000004,41650.0,-9656.979999999994,5
8206,2485,110,320,0,320,300,10,10,75,75,0,75,405,95,67762.58625000001,36550.0,31212.586250000004,5
8207,2485,235,285,0,285,285,0,0,75,75,0,75,515,30,15745.680000000002,44200.0,-28454.32,5
8208,2485,140,310,0,310,275,30,5,95,95,0,90,410,100,71180.15062500001,38250.0,32930.15062500001,5
8209,2485,130,295,0,295,290,5,0,95,95,0,95,415,85,56709.675,36125.0,20584.675000000007,5
8210,2485,165,295,0,295,295,0,0,100,100,0,100,455,65,38033.64,39100.0,-1066.3599999999997,5
8211,2485,105,345,0,345,300,20,25,80,80,0,80,400,125,89178.09750000002,38250.0,50928.09750000002,5
8212,2485,105,340,0,340,265,40,35,85,85,0,80,365,80,50009.71500000001,37825.0,12184.715000000015,5
8213,2485,125,310,0,310,255,20,35,105,105,0,100,375,140,104542.4612109375,36975.0,67567.4612109375,5
8214,2485,165,315,0,315,290,10,15,75,75,0,75,450,45,23996.7,40800.0,-16803.3,5
8215,2485,140,305,0,305,280,10,15,75,75,0,70,415,40,21189.780000000006,37825.0,-16635.219999999994,5
8216,2485,165,325,0,325,315,0,10,75,75,0,75,475,35,17833.68,41650.0,-23816.319999999996,5
8217,2485,145,340,0,340,275,50,15,55,55,0,55,415,60,39708.27000000001,41225.0,-1516.7299999999886,5
8218,2485,135,315,0,315,295,20,0,90,90,0,90,425,30,15188.760000000002,38250.0,-23061.239999999998,5
8219,2485,150,275,0,275,255,20,0,100,100,0,100,400,115,75038.35500000001,36125.0,38913.35500000001,5
8220,2485,120,350,0,350,325,15,10,80,80,0,80,440,40,24304.049999999996,39950.0,-15645.950000000003,5
8221,2485,115,305,0,305,290,10,5,90,90,0,85,400,60,35061.030000000006,35700.0,-638.9699999999948,5
8222,2485,175,255,0,255,245,10,0,115,115,0,115,415,175,116862.95250000003,36550.0,80312.95250000003,5
8223,2485,170,305,0,305,275,0,30,90,90,0,85,440,55,33037.65,40375.0,-7337.349999999997,5
8224,2485,235,275,0,275,275,0,0,55,55,0,55,505,65,46541.475000000006,43350.0,3191.4750000000095,5
8225,2485,180,295,0,295,275,15,5,95,95,0,95,450,100,62553.915000000015,40375.0,22178.915000000015,5
8226,2485,105,300,0,300,285,0,15,100,100,0,95,385,85,54382.4325,34425.0,19957.432500000003,5
8227,2485,205,285,0,285,270,10,5,105,105,0,105,470,95,59060.610000000015,41650.0,17410.610000000015,5
8228,2485,180,310,0,310,215,90,5,120,120,0,120,390,80,52050.42000000001,41650.0,10400.420000000013,5
8229,2485,115,325,0,325,305,5,15,100,100,0,95,415,100,62591.53500000001,37400.0,25191.53500000001,5
8230,2485,130,335,0,335,320,0,15,85,85,0,80,445,50,27717.480000000003,39525.0,-11807.519999999995,5
8231,2485,190,295,0,295,290,0,5,75,75,0,75,475,45,24276.780000000002,41225.0,-16948.219999999998,5
8232,2485,120,330,0,330,290,30,10,110,110,0,105,405,60,31294.980000000003,38250.0,-6955.019999999995,5
8233,2485,110,345,0,345,280,35,30,90,90,0,90,385,50,29808.72,38675.0,-8866.279999999997,5
8234,2485,180,295,0,295,295,0,0,75,75,0,75,470,55,33676.83000000001,40375.0,-6698.169999999991,5
8235,2485,145,315,0,315,310,0,5,65,65,0,65,450,50,30708.135000000002,39100.0,-8391.864999999998,5
8236,2485,205,305,0,305,305,0,0,55,55,0,55,505,40,21100.86,43350.0,-22249.14,5
8237,2485,115,325,0,325,305,0,20,80,80,0,80,415,105,78818.88515625002,37400.0,41418.88515625003,5
8238,2485,185,270,0,270,240,0,30,95,95,0,90,420,100,65412.765000000014,38675.0,26737.765000000018,5
8239,2485,140,295,0,295,235,45,15,85,85,0,85,370,95,68264.59640625001,36975.0,31289.596406250013,5
8240,2485,130,320,0,320,295,20,5,90,90,0,90,420,50,27723.6,38250.0,-10526.400000000003,5
8241,2485,125,295,0,295,290,5,0,90,90,0,90,410,105,71186.979375,35700.0,35486.979375,5
8242,2485,155,280,0,280,245,25,10,115,115,0,115,395,105,65187.54000000001,36975.0,28212.540000000008,5
8243,2485,115,325,0,325,265,25,35,90,90,0,90,375,105,73622.55656250002,37400.0,36222.556562500016,5
8244,2485,240,275,0,275,250,0,25,70,70,0,65,485,55,37976.91750000001,43775.0,-5798.082499999991,5
8245,2485,225,295,0,295,255,30,10,95,95,0,95,475,65,34577.28,44200.0,-9622.72,5
8246,2485,160,325,0,325,235,85,5,130,130,0,130,390,160,107458.065,41225.0,66233.065,5
8247,2485,130,320,0,320,295,0,25,75,75,0,75,420,45,27611.100000000006,38250.0,-10638.899999999994,5
8248,2485,140,305,0,305,275,0,30,100,100,0,95,410,70,44158.725000000006,37825.0,6333.725000000004,5
8249,2485,155,305,0,305,300,0,5,85,85,0,85,450,65,36608.220000000016,39100.0,-2491.779999999985,5
8250,2485,205,275,0,275,265,10,0,90,90,0,90,465,70,39451.5,40800.0,-1348.499999999999,5
8251,2485,130,305,0,305,280,15,10,85,85,0,85,405,70,41894.37000000001,36975.0,4919.370000000008,5
8252,2485,195,290,0,290,265,25,0,80,80,0,80,455,60,37238.535,41225.0,-3986.464999999994,5
8253,2485,150,315,0,315,300,0,15,80,80,0,80,445,85,56839.14000000003,39525.0,17314.140000000025,5
8254,2485,180,330,0,330,295,10,25,55,55,0,55,470,55,36813.96000000001,43350.0,-6536.039999999994,5
8255,2485,110,325,0,325,295,10,20,95,95,0,95,400,100,68809.48875,36975.0,31834.48875000001,5
8256,2485,245,285,0,285,285,0,0,80,80,0,80,525,85,53825.26500000001,45050.0,8775.265000000009,5
8257,2485,170,300,0,300,300,0,0,105,105,0,105,465,65,39307.994999999995,39950.0,-642.0050000000037,5
8258,2485,225,275,0,275,255,10,10,80,80,0,80,475,60,36152.55000000001,42500.0,-6347.44999999999,5
8259,2485,160,300,0,300,300,0,0,75,75,0,70,455,60,46007.870625,39100.0,6907.870625000005,5
8260,2485,190,295,0,295,270,20,5,100,100,0,100,455,85,50242.23000000002,41225.0,9017.230000000018,5
8261,2485,145,310,0,310,280,25,5,75,75,0,75,420,120,88170.17765625,38675.0,49495.17765625,5
8262,2485,115,330,0,330,295,15,20,85,85,0,85,405,80,51011.0325,37825.0,13186.032500000001,5
8263,2485,195,300,0,300,300,0,0,75,75,0,75,490,50,29618.46000000001,42075.0,-12456.53999999999,5
8264,2485,210,280,0,280,275,0,5,95,95,0,95,480,60,32606.280000000006,41650.0,-9043.719999999994,5
8265,2485,135,315,0,315,285,5,25,70,70,0,70,415,80,52500.645000000004,38250.0,14250.645000000004,5
8266,2485,125,320,0,320,300,5,15,85,85,0,85,420,60,35452.17,37825.0,-2372.829999999999,5
8267,2485,120,320,0,320,305,15,0,95,95,0,95,420,95,64256.731875,37400.0,26856.731874999998,5
8268,2485,145,330,0,330,300,0,30,65,65,0,65,440,30,15058.080000000002,40375.0,-25316.92,5
8269,2485,110,350,0,350,300,0,50,55,55,0,50,405,40,23622.480000000003,39100.0,-15477.519999999995,5
8270,2485,200,300,0,300,285,0,15,65,65,0,65,480,55,35669.79,42500.0,-6830.209999999997,5
8271,2485,160,260,0,260,255,5,0,110,110,0,110,410,90,57911.53500000001,35700.0,22211.53500000001,5
8272,2485,265,260,0,260,245,5,10,90,90,0,90,505,95,64935.49500000001,44625.0,20310.49500000001,5
8273,2485,140,305,0,305,305,0,0,75,75,0,75,440,75,48774.87000000001,37825.0,10949.87000000001,5
8274,2485,120,330,0,330,305,5,20,55,55,0,50,420,50,30471.21,38250.0,-7778.789999999999,5
8275,2485,150,300,0,300,285,5,10,105,105,0,105,430,95,63343.44000000001,38250.0,25093.44000000001,5
8276,2485,150,305,0,305,270,20,15,85,85,0,85,415,75,45191.97,38675.0,6516.970000000001,5
8277,2485,180,310,0,310,290,15,5,75,75,0,75,465,50,27637.29,41650.0,-14012.709999999997,5
8278,2485,185,315,0,315,295,0,20,75,75,0,75,475,75,47281.860000000015,42500.0,4781.860000000015,5
8279,2485,130,325,0,325,295,0,30,90,90,0,90,420,60,39634.155,38675.0,959.1550000000007,5
8280,2485,125,340,0,340,285,50,5,80,80,0,80,405,90,57810.7575,39525.0,18285.7575,5
8281,2485,135,320,0,320,285,30,5,65,65,0,65,415,85,53143.965,38675.0,14468.964999999998,5
8282,2485,175,310,0,310,280,0,30,70,70,0,70,450,60,36202.05,41225.0,-5022.949999999996,5
8283,2485,85,335,0,335,285,50,0,75,75,0,75,365,65,37417.32000000001,35700.0,1717.3200000000088,5
8284,2485,110,340,0,340,335,0,5,100,100,0,100,440,70,37944.36000000001,38250.0,-305.63999999999396,5
8285,2485,140,305,0,305,255,30,20,90,90,0,90,390,160,109169.48250000003,37825.0,71344.48250000003,5
8286,2485,145,330,0,330,260,65,5,80,80,0,80,400,40,23229.36,40375.0,-17145.64,5
8287,2485,165,305,0,305,290,0,15,70,70,0,70,450,115,85361.09624999999,39950.0,45411.09624999999,5
8288,2485,140,280,0,280,275,0,5,90,90,0,85,410,50,27060.480000000003,35700.0,-8639.519999999997,5
8289,2485,155,300,0,300,265,20,15,120,120,0,120,415,120,71466.84,38675.0,32791.840000000004,5
8290,2485,170,275,0,275,260,10,5,95,95,0,95,425,165,119525.08500000004,37825.0,81700.08500000004,5
8291,2485,150,320,0,320,310,5,5,80,80,0,80,455,65,40494.37500000001,39950.0,544.3750000000045,5
8292,2485,150,305,0,305,290,10,5,70,70,0,70,435,65,39296.835,38675.0,621.835000000001,5
8293,2485,160,315,0,315,305,10,0,75,75,0,75,460,45,22547.160000000003,40375.0,-17827.839999999997,5
8294,2485,135,310,0,310,285,20,5,110,110,0,110,415,105,59925.51,37825.0,22100.510000000002,5
8295,2485,175,315,0,315,275,10,30,95,95,0,90,445,60,36458.01000000001,41650.0,-5191.989999999992,5
8296,2485,135,340,0,340,320,15,5,75,75,0,75,450,55,32218.380000000005,40375.0,-8156.6199999999935,5
8297,2485,140,320,0,320,235,55,30,110,110,0,110,370,105,68429.025,39100.0,29329.024999999994,5
8298,2485,160,310,0,310,260,25,25,110,110,0,110,415,150,101599.3828125,39950.0,61649.38281250001,5
8299,2485,110,310,0,310,255,30,25,105,105,0,105,360,100,60890.67000000001,35700.0,25190.67000000001,5
8300,2485,150,305,0,305,295,10,0,85,85,0,85,440,65,35055.0,38675.0,-3620.0,5
8301,2485,100,350,0,350,305,10,35,80,80,0,80,400,80,50752.395,38250.0,12502.394999999997,5
8302,2485,175,280,0,280,275,5,0,70,70,0,70,445,50,32400.315000000006,38675.0,-6274.684999999995,5
8303,2485,170,305,0,305,270,20,15,110,110,0,110,435,70,43250.49,40375.0,2875.49,5
8304,2485,145,315,0,315,280,30,5,100,100,0,100,420,90,56499.25500000001,39100.0,17399.255000000012,5
8305,2485,150,310,0,310,295,0,15,90,90,0,90,440,80,50231.497500000005,39100.0,11131.497500000005,5
8306,2485,105,340,0,340,285,25,30,95,95,0,90,385,70,42155.729999999996,37825.0,4330.729999999994,5
8307,2485,130,305,0,305,270,25,10,125,125,0,120,395,115,71332.29000000001,36975.0,34357.29,5
8308,2485,160,320,0,320,260,35,25,80,80,0,80,415,45,26165.25,40800.0,-14634.75,5
8309,2485,190,295,0,295,265,15,15,85,85,0,80,450,35,19184.940000000002,41225.0,-22040.059999999998,5
8310,2485,150,315,0,315,305,0,10,90,90,0,90,450,45,24476.940000000002,39525.0,-15048.059999999996,5
8311,2485,170,285,0,285,260,5,20,110,110,0,110,425,60,34330.86000000001,38675.0,-4344.139999999993,5
8312,2485,150,310,0,310,255,35,20,95,95,0,95,400,70,47559.127499999995,39100.0,8459.127499999995,5
8313,2485,125,325,0,325,320,0,5,65,65,0,65,440,65,44127.382500000014,38250.0,5877.382500000012,5
8314,2485,135,340,0,340,310,30,0,90,90,0,90,440,65,35418.60000000001,40375.0,-4956.39999999999,5
8315,2485,180,285,0,285,245,40,0,100,100,0,100,420,60,30979.26,39525.0,-8545.740000000002,5
8316,2485,130,325,0,325,300,10,15,75,75,0,75,425,50,27833.31,38675.0,-10841.689999999999,5
8317,2485,95,345,0,345,305,25,15,90,90,0,90,395,55,33869.97,37400.0,-3530.029999999997,5
8318,2485,130,335,0,335,285,40,10,110,110,0,110,410,60,36087.12,39525.0,-3437.8799999999956,5
8319,2485,115,320,0,320,280,30,10,95,95,0,95,390,90,53733.825000000004,36975.0,16758.825000000004,5
8320,2485,135,340,0,340,310,15,15,60,60,0,60,440,70,48011.62499999999,40375.0,7636.6249999999945,5
8321,2485,95,325,0,325,290,25,10,85,85,0,85,380,120,82229.33812500001,35700.0,46529.33812500001,5
8322,2485,215,305,0,305,305,0,0,60,60,0,60,515,60,35009.55,44200.0,-9190.449999999997,5
8323,2485,200,280,0,280,270,0,10,120,120,0,120,465,60,32232.780000000002,40800.0,-8567.219999999998,5
8324,2485,140,325,0,325,290,30,5,85,85,0,85,425,30,18065.520000000004,39525.0,-21459.479999999996,5
8325,2485,160,300,0,300,280,15,5,115,115,0,115,435,110,68176.53,39100.0,29076.530000000002,5
8326,2485,200,280,0,280,280,0,0,95,95,0,95,475,40,23579.460000000003,40800.0,-17220.539999999997,5
8327,2485,180,280,0,280,245,10,25,100,100,0,95,420,130,89813.58750000002,39100.0,50713.58750000003,5
8328,2485,150,290,0,290,230,45,15,95,95,0,95,375,110,74711.47500000002,37400.0,37311.47500000002,5
8329,2485,200,300,0,300,255,30,15,80,80,0,80,450,35,19009.260000000002,42500.0,-23490.739999999998,5
8330,2485,140,330,0,330,290,25,15,95,95,0,95,425,100,58896.76500000001,39950.0,18946.765000000007,5
8331,2485,245,270,0,270,265,0,5,75,75,0,75,505,65,41175.72000000001,43775.0,-2599.2799999999897,5
8332,2485,120,335,0,335,245,65,25,110,110,0,110,360,110,73693.5975,38675.0,35018.5975,5
8333,2485,190,325,0,325,285,30,10,50,50,0,50,470,45,25510.5,43775.0,-18264.5,5
8334,2485,150,295,0,295,270,15,10,125,125,0,125,415,90,56107.350000000006,37825.0,18282.350000000006,5
8335,2485,115,305,0,305,275,25,5,90,90,0,90,385,105,70435.91249999999,35700.0,34735.91249999999,5
8336,2485,120,330,0,330,270,25,35,115,115,0,115,385,90,52982.82000000001,38250.0,14732.82000000001,5
8337,2485,110,345,0,345,265,55,25,105,105,0,105,370,80,51025.68000000001,38675.0,12350.680000000011,5
8338,2485,175,290,0,290,280,5,5,95,95,0,95,450,65,39434.310000000005,39525.0,-90.68999999999505,5
8339,2485,160,300,0,300,295,0,5,105,105,0,105,450,55,31279.500000000004,39100.0,-7820.499999999997,5
8340,2485,125,300,0,300,280,0,20,120,120,0,115,400,95,59059.84500000002,36125.0,22934.845000000023,5
8341,2485,205,295,0,295,265,30,0,85,85,0,85,465,135,94821.32250000001,42500.0,52321.32250000001,5
8342,2485,160,285,0,285,220,45,20,115,115,0,115,375,85,55324.95750000002,37825.0,17499.95750000002,5
8343,2485,130,300,0,300,265,10,25,95,95,0,95,390,105,67510.9125,36550.0,30960.912500000006,5
8344,2485,140,325,0,325,290,15,20,85,85,0,85,425,60,37011.15000000001,39525.0,-2513.849999999993,5
8345,2485,170,315,0,315,290,0,25,75,75,0,75,455,50,35177.535,41225.0,-6047.464999999993,5
8346,2485,180,260,0,260,250,0,10,100,100,0,100,425,105,76439.49328125002,37400.0,39039.49328125002,5
8347,2485,130,330,0,330,280,20,30,90,90,0,90,405,90,53392.18500000001,39100.0,14292.185000000009,5
8348,2485,140,290,0,290,255,10,25,110,110,0,110,390,120,75176.05500000001,36550.0,38626.05500000001,5
8349,2485,120,350,0,350,300,25,25,95,95,0,95,415,50,28581.660000000003,39950.0,-11368.339999999998,5
8350,2485,125,325,0,325,305,15,5,95,95,0,95,425,80,46247.22000000001,38250.0,7997.220000000007,5
8351,2485,135,335,0,335,300,25,10,70,70,0,70,430,60,33939.54,39950.0,-6010.459999999998,5
8352,2485,190,290,0,290,285,0,5,100,100,0,100,470,80,49084.83,40800.0,8284.830000000002,5
8353,2485,185,315,0,315,300,10,5,85,85,0,80,480,75,47414.70000000001,42500.0,4914.700000000012,5
8354,2485,145,330,0,330,255,50,25,125,125,0,120,395,80,44757.54000000001,40375.0,4382.540000000008,5
8355,2485,65,380,0,380,360,5,15,50,50,0,50,420,25,12643.560000000001,37825.0,-25181.44,5
8356,2485,160,325,0,325,270,50,5,85,85,0,85,425,60,33342.48,41225.0,-7882.5199999999995,5
8357,2485,125,305,0,305,260,35,10,85,85,0,80,380,100,78618.48029296876,36550.0,42068.48029296876,5
8358,2485,115,330,0,330,315,10,5,80,80,0,80,425,75,48373.60500000001,37825.0,10548.605000000007,5
8359,2485,195,290,0,290,290,0,0,80,80,0,80,480,45,24812.280000000006,41225.0,-16412.719999999994,5
8360,2485,155,315,0,315,280,35,0,105,105,0,105,430,75,48173.08500000001,39950.0,8223.08500000001,5
8361,2485,125,325,0,325,310,0,15,75,75,0,75,430,35,17647.920000000006,38250.0,-20602.079999999994,5
8362,2485,135,310,0,310,265,30,15,115,115,0,115,395,85,57542.98500000001,37825.0,19717.985000000008,5
8363,2485,155,295,0,295,280,0,15,85,85,0,85,430,110,70842.65625000003,38250.0,32592.65625000003,5
8364,2485,85,340,0,340,290,15,35,80,80,0,80,370,90,53271.360000000015,36125.0,17146.360000000015,5
8365,2485,175,295,0,295,275,20,0,95,95,0,95,445,95,60735.60000000002,39950.0,20785.60000000002,5
8366,2485,155,315,0,315,225,55,35,115,115,0,115,375,80,47176.2,39950.0,7226.199999999999,5
8367,2485,135,320,0,320,310,10,0,95,95,0,95,440,75,44252.01000000001,38675.0,5577.010000000009,5
8368,2485,155,320,0,320,280,30,10,105,105,0,105,430,80,46590.030000000006,40375.0,6215.030000000006,5
8369,2485,140,310,0,310,255,55,0,95,95,0,95,390,75,44869.14000000001,38250.0,6619.140000000007,5
8370,2485,190,275,0,275,265,5,5,95,95,0,95,450,35,20392.200000000004,39525.0,-19132.799999999996,5
8371,2485,155,310,0,310,295,10,5,90,90,0,90,445,95,60006.76875000001,39525.0,20481.76875000001,5
8372,2485,185,270,0,270,235,5,30,100,100,0,100,415,110,73501.02000000002,38675.0,34826.02000000002,5
8373,2485,110,325,0,325,310,10,5,70,70,0,65,415,75,54466.19437500001,36975.0,17491.194375000006,5
8374,2485,125,310,0,310,300,0,10,80,80,0,80,420,60,38436.57000000001,36975.0,1461.570000000006,5
8375,2485,115,330,0,330,305,15,10,100,100,0,100,415,45,25342.92,37825.0,-12482.080000000002,5
8376,2485,215,270,0,270,250,20,0,80,80,0,80,460,70,44320.17375,41225.0,3095.1737500000036,5
8377,2485,205,250,0,250,250,0,0,105,105,0,105,450,75,41912.01,38675.0,3237.01,5
8378,2485,85,345,0,345,325,10,10,60,60,0,60,405,25,12855.600000000002,36550.0,-23694.399999999994,5
8379,2485,190,305,0,305,265,20,20,85,85,0,80,450,80,51369.05250000002,42075.0,9294.052500000016,5
8380,2485,200,265,0,265,260,5,0,115,115,0,115,455,115,72252.675,39525.0,32727.675,5
8381,2485,140,290,0,290,265,15,10,105,105,0,105,400,95,60087.91500000001,36550.0,23537.91500000001,5
8382,2485,175,265,0,265,255,10,0,75,75,0,75,425,95,63457.965000000004,37400.0,26057.965000000004,5
8383,2485,125,335,0,335,315,15,5,75,75,0,75,435,45,24913.260000000002,39100.0,-14186.74,5
8384,2485,185,295,0,295,245,30,20,90,90,0,85,425,95,58375.755000000005,40800.0,17575.75500000001,5
8385,2485,90,335,0,335,300,20,15,85,85,0,85,385,55,32596.740000000005,36125.0,-3528.2599999999957,5
8386,2485,180,295,0,295,265,0,30,95,95,0,95,440,55,30767.940000000002,40375.0,-9607.059999999998,5
8387,2485,145,320,0,320,255,45,20,95,95,0,90,395,85,62522.17875000002,39525.0,22997.17875000002,5
8388,2485,60,360,0,360,315,20,25,55,55,0,55,370,25,13982.220000000001,35700.0,-21717.78,5
8389,2485,195,295,0,295,295,0,0,75,75,0,75,485,60,33954.66000000001,41650.0,-7695.339999999987,5
8390,2485,110,335,0,335,325,10,0,80,80,0,80,430,75,48025.170000000006,37825.0,10200.170000000007,5
8391,2485,185,285,0,285,245,35,5,110,110,0,110,425,85,49653.63000000002,39950.0,9703.630000000021,5
8392,2485,190,290,0,290,270,5,15,90,90,0,90,455,100,66080.20500000002,40800.0,25280.205000000024,5
8393,2485,135,305,0,305,275,20,10,95,95,0,90,405,80,51951.825,37400.0,14551.824999999999,5
8394,2485,140,310,0,310,275,10,25,90,90,0,90,410,90,57865.32,38250.0,19615.32,5
8395,2485,160,295,0,295,280,10,5,80,80,0,80,435,85,64592.78343750001,38675.0,25917.78343750001,5
8396,2485,140,300,0,300,250,50,0,90,90,0,90,385,85,59927.85000000002,37400.0,22527.850000000017,5
8397,2485,120,325,0,325,255,35,35,105,105,0,105,370,80,61718.97515625,37825.0,23893.97515625,5
8398,2485,210,275,0,275,270,0,5,110,110,0,110,475,80,44604.18000000001,41225.0,3379.1800000000057,5
8399,2485,190,325,0,325,270,35,20,105,105,0,105,455,80,48834.81,43775.0,5059.809999999998,5
8400,2485,125,305,0,305,275,10,20,85,85,0,85,395,50,27383.04,36550.0,-9166.96,5
8401,2485,105,330,0,330,270,35,25,95,95,0,95,370,100,61381.98,36975.0,24406.980000000003,5
8402,2485,220,280,0,280,270,0,10,80,80,0,80,485,55,38119.950000000004,42500.0,-4380.0499999999965,5
8403,2485,160,320,0,320,285,20,15,90,90,0,90,440,80,45945.36000000001,40800.0,5145.36000000001,5
8404,2485,115,310,0,310,260,30,20,110,110,0,105,370,130,90557.63156250003,36125.0,54432.63156250003,5
8405,2485,150,305,0,305,275,5,25,90,90,0,90,420,85,49718.79,38675.0,11043.789999999999,5
8406,2485,115,350,0,350,300,5,45,75,75,0,75,410,60,31937.040000000008,39525.0,-7587.959999999994,5
8407,2485,190,275,0,275,245,30,0,110,110,0,110,430,125,77557.23000000004,39525.0,38032.23000000004,5
8408,2485,170,290,0,290,235,25,30,130,130,0,125,400,115,71244.63,39100.0,32144.630000000005,5
8409,2485,165,315,0,315,290,5,20,85,85,0,80,450,90,61143.277500000004,40800.0,20343.277500000004,5
8410,2485,160,290,0,290,235,45,10,95,95,0,90,390,100,64902.161250000005,38250.0,26652.16125000001,5
8411,2485,115,345,0,345,265,70,10,100,100,0,100,375,85,59885.645625000005,39100.0,20785.645625000005,5
8412,2485,210,270,0,270,235,30,5,100,100,0,100,440,55,29783.880000000005,40800.0,-11016.119999999995,5
8413,2485,140,315,0,315,265,25,25,115,115,0,115,400,80,45459.45,38675.0,6784.449999999997,5
8414,2485,120,320,0,320,285,25,10,90,90,0,90,400,75,47627.64,37400.0,10227.640000000001,5
8415,2485,210,265,0,265,255,0,10,100,100,0,100,460,95,61338.6225,40375.0,20963.6225,5
8416,2485,140,295,0,295,225,45,25,95,95,0,95,360,70,41055.12000000001,36975.0,4080.1200000000063,5
8417,2485,170,280,0,280,250,20,10,95,95,0,95,415,95,61444.62000000001,38250.0,23194.620000000014,5
8418,2485,160,325,0,325,315,0,10,90,90,0,85,470,60,33126.840000000004,41225.0,-8098.1599999999935,5
8419,2485,160,275,0,275,275,0,0,110,110,0,110,430,170,119234.31750000006,36975.0,82259.31750000006,5
8420,2485,165,300,0,300,295,0,5,90,90,0,90,455,90,53031.15000000001,39525.0,13506.150000000007,5
8421,2485,140,340,0,340,285,25,30,80,80,0,80,420,65,39174.93000000001,40800.0,-1625.0699999999915,5
8422,2485,200,325,0,325,285,5,35,45,45,0,45,480,25,15266.43,44625.0,-29358.57,5
8423,2485,140,340,0,340,295,35,10,75,75,0,75,430,45,24110.46,40800.0,-16689.54,5
8424,2485,120,320,0,320,275,20,25,85,85,0,85,390,105,64271.07000000002,37400.0,26871.070000000018,5
8425,2485,165,315,0,315,260,40,15,75,75,0,75,420,60,38658.55500000001,40800.0,-2141.4449999999943,5
8426,2485,120,340,0,340,320,20,0,75,75,0,75,435,70,43919.61750000001,39100.0,4819.617500000004,5
8427,2485,175,280,0,280,235,20,25,120,120,0,120,405,130,85289.96250000002,38675.0,46614.96250000002,5
8428,2485,180,320,0,320,320,0,0,55,55,0,55,495,50,32613.434999999998,42500.0,-9886.565,5
8429,2485,225,250,0,250,230,15,5,130,130,0,130,450,90,57208.6575,40375.0,16833.6575,5
8430,2485,205,295,0,295,265,0,30,75,75,0,75,465,60,38709.450000000004,42500.0,-3790.549999999994,5
8431,2485,130,330,0,330,320,0,10,65,65,0,65,445,85,60401.86312500002,39100.0,21301.863125000018,5
8432,2485,165,305,0,305,280,20,5,75,75,0,75,440,65,41913.045,39950.0,1963.045000000002,5
8433,2485,125,305,0,305,265,35,5,100,100,0,100,385,60,34646.130000000005,36550.0,-1903.8699999999972,5
8434,2485,175,305,0,305,270,30,5,75,75,0,75,440,40,25470.450000000004,40800.0,-15329.549999999996,5
8435,2485,105,350,0,350,325,10,15,70,70,0,70,425,60,34208.82,38675.0,-4466.179999999999,5
8436,2485,160,285,0,285,270,10,5,90,90,0,85,425,75,49491.58500000001,37825.0,11666.585000000005,5
8437,2485,235,250,0,250,245,0,5,100,100,0,100,475,75,45963.45000000001,41225.0,4738.450000000012,5
8438,2485,155,320,0,320,320,0,0,55,55,0,50,470,55,33200.189999999995,40375.0,-7174.810000000002,5
8439,2485,155,285,0,285,285,0,0,105,105,0,105,435,60,33270.12000000001,37400.0,-4129.879999999994,5
8440,2485,200,275,0,275,245,20,10,115,115,0,115,440,80,47900.52,40375.0,7525.519999999997,5
8441,2485,150,290,0,290,285,5,0,110,110,0,110,430,105,76022.02125000002,37400.0,38622.02125000002,5
8442,2485,165,290,0,290,285,5,0,85,85,0,85,445,60,34659.72000000001,38675.0,-4015.279999999989,5
8443,2485,195,295,0,295,275,10,10,100,100,0,100,465,55,29430.18,41650.0,-12219.82,5
8444,2485,160,305,0,305,250,25,30,90,90,0,90,405,65,43769.0925,39525.0,4244.092499999997,5
8445,2485,150,330,0,330,275,45,10,75,75,0,75,420,75,45018.720000000016,40800.0,4218.720000000012,5
8446,2485,130,310,0,310,285,25,0,105,105,0,100,410,55,34963.560000000005,37400.0,-2436.439999999998,5
8447,2485,100,335,0,335,320,10,5,95,95,0,95,415,85,53970.075,36975.0,16995.074999999997,5
8448,2485,185,315,0,315,300,5,10,90,90,0,90,480,55,30335.760000000006,42500.0,-12164.239999999994,5
8449,2485,170,295,0,295,255,15,25,95,95,0,95,420,85,56031.52500000001,39525.0,16506.52500000001,5
8450,2485,150,285,0,285,255,25,5,100,100,0,100,400,80,51612.52500000001,36975.0,14637.525000000005,5
8451,2485,150,325,0,325,285,35,5,90,90,0,90,430,80,49536.360000000015,40375.0,9161.360000000013,5
8452,2485,165,280,0,280,260,15,5,115,115,0,115,420,120,75318.48,37825.0,37493.479999999996,5
8453,2485,125,325,0,325,310,15,0,50,50,0,50,430,55,32780.61,38250.0,-5469.390000000003,5
8454,2485,130,310,0,310,295,0,15,70,70,0,65,420,70,47435.71500000001,37400.0,10035.71500000001,5
8455,2485,160,295,0,295,270,20,5,100,100,0,100,425,35,18905.940000000002,38675.0,-19769.059999999998,5
8456,2485,90,365,0,365,300,40,25,70,70,0,70,385,30,16939.260000000002,38675.0,-21735.739999999998,5
8457,2485,150,300,0,300,285,0,15,80,80,0,80,430,100,70012.2825,38250.0,31762.2825,5
8458,2485,165,295,0,295,280,15,0,70,70,0,70,440,45,31120.965000000004,39100.0,-7979.034999999994,5
8459,2485,105,350,0,350,330,20,0,60,60,0,60,430,40,22082.58,38675.0,-16592.42,5
8460,2485,90,340,0,340,320,15,5,50,50,0,50,405,65,47298.02625,36550.0,10748.026250000003,5
8461,2485,180,265,0,265,265,0,0,105,105,0,105,440,150,104563.04062500001,37825.0,66738.04062500001,5
8462,2485,135,325,0,325,275,5,45,75,75,0,75,405,75,50616.74250000001,39100.0,11516.74250000001,5
8463,2485,200,280,0,280,245,20,15,90,90,0,90,440,70,45467.640000000014,40800.0,4667.64000000001,5
8464,2485,140,315,0,315,305,10,0,75,75,0,75,440,50,26889.300000000003,38675.0,-11785.699999999997,5
8465,2485,165,315,0,315,295,5,15,45,45,0,45,455,45,27026.370000000006,40800.0,-13773.629999999994,5
8466,2485,140,325,0,325,285,20,20,100,100,0,100,420,85,50041.755000000005,39525.0,10516.755000000003,5
8467,2485,185,275,0,275,275,0,0,85,85,0,85,455,70,40072.86000000001,39100.0,972.8600000000097,5
8468,2485,225,275,0,275,265,0,10,85,85,0,85,485,40,26167.90500000001,42500.0,-16332.09499999999,5
8469,2485,155,315,0,315,305,10,0,55,55,0,55,455,100,75464.00437500002,39950.0,35514.00437500001,5
8470,2485,160,325,0,325,310,0,15,50,50,0,50,465,45,24079.86,41225.0,-17145.14,5
8471,2485,190,305,0,305,270,10,25,75,75,0,75,455,75,43517.07000000001,42075.0,1442.0700000000033,5
8472,2485,150,320,0,320,295,25,0,100,100,0,100,440,75,50239.31625000001,39950.0,10289.31625000001,5
8473,2485,190,300,0,300,255,35,10,80,80,0,80,440,85,49862.34,41650.0,8212.339999999995,5
8474,2485,120,305,0,305,295,5,5,80,80,0,80,410,65,40353.435,36125.0,4228.4349999999995,5
8475,2485,180,300,0,300,285,10,5,80,80,0,80,460,55,33509.79,40800.0,-7290.210000000002,5
8476,2485,120,320,0,320,290,30,0,90,90,0,90,405,65,35189.28000000001,37400.0,-2210.7199999999875,5
8477,2485,220,285,0,285,275,10,0,75,75,0,75,490,55,37075.770000000004,42925.0,-5849.229999999998,5
8478,2485,180,300,0,300,240,45,15,100,100,0,100,415,80,49275.90000000002,40800.0,8475.90000000002,5
8479,2485,110,320,0,320,265,30,25,105,105,0,105,370,95,53114.58,36550.0,16564.580000000005,5
8480,2485,240,250,0,250,245,0,5,95,95,0,95,480,85,54439.155,41650.0,12789.155,5
8481,2485,155,305,0,305,275,0,30,65,65,0,65,425,55,29851.200000000008,39100.0,-9248.799999999992,5
8482,2485,150,325,0,325,290,10,25,90,90,0,90,435,35,17692.2,40375.0,-22682.799999999996,5
8483,2485,140,315,0,315,285,15,15,100,100,0,100,420,70,39824.100000000006,38675.0,1149.1000000000076,5
8484,2485,125,330,0,330,290,0,40,95,95,0,95,410,80,48763.26,38675.0,10088.26,5
8485,2485,155,305,0,305,285,20,0,90,90,0,90,435,90,58973.512500000004,39100.0,19873.512500000004,5
8486,2485,125,335,0,335,320,0,15,55,55,0,55,440,35,21862.440000000006,39100.0,-17237.559999999994,5
8487,2485,190,295,0,295,290,0,5,80,80,0,80,475,70,40540.23,41225.0,-684.7699999999986,5
8488,2485,195,275,0,275,265,0,10,75,75,0,75,455,70,45834.7275,39950.0,5884.727499999999,5
8489,2485,120,350,0,350,290,35,25,75,75,0,75,405,50,29109.780000000006,39950.0,-10840.219999999994,5
8490,2485,80,360,0,360,320,15,25,65,65,0,65,395,60,37259.64000000001,37400.0,-140.35999999999603,5
8491,2485,175,260,0,260,230,15,15,120,120,0,120,400,130,92671.66195312502,36975.0,55696.66195312502,5
8492,2485,170,310,0,310,270,5,35,100,100,0,100,435,75,42972.840000000004,40800.0,2172.8400000000056,5
8493,2485,90,330,0,330,320,5,5,70,70,0,70,405,95,64073.407500000016,35700.0,28373.407500000012,5
8494,2485,90,325,0,325,320,5,0,70,70,0,65,405,30,16689.600000000002,35275.0,-18585.399999999998,5
8495,2485,105,335,0,335,330,0,5,75,75,0,75,430,55,32223.510000000002,37400.0,-5176.489999999999,5
8496,2485,85,345,0,345,310,20,15,75,75,0,75,390,50,25982.100000000006,36550.0,-10567.899999999994,5
8497,2485,215,325,0,325,315,10,0,65,65,0,65,525,50,32671.125,45900.0,-13228.874999999998,5
8498,2485,200,265,0,265,250,5,10,110,110,0,110,445,90,54938.88,39525.0,15413.88,5
8499,2485,95,340,0,340,320,20,0,65,65,0,65,410,45,24703.739999999998,36975.0,-12271.260000000002,5
8500,2485,130,290,0,290,265,10,15,115,115,0,115,390,70,47788.54875,35700.0,12088.54875,5
8501,2485,200,280,0,280,265,0,15,85,85,0,85,460,95,55202.220000000016,40800.0,14402.220000000016,5
8502,2485,115,330,0,330,265,45,20,105,105,0,105,375,100,59181.03000000001,37825.0,21356.03000000001,5
8503,2485,120,315,0,315,295,0,20,80,80,0,80,410,60,40710.217500000006,36975.0,3735.2175000000034,5
8504,2485,175,285,0,285,270,0,15,115,115,0,115,440,80,48378.825000000004,39100.0,9278.825000000006,5
8505,2485,205,285,0,285,265,20,0,95,95,0,95,465,40,22178.520000000004,41650.0,-19471.479999999996,5
8506,2485,170,315,0,315,280,15,20,80,80,0,80,445,60,34257.60000000001,41225.0,-6967.399999999989,5
8507,2485,180,285,0,285,270,0,15,85,85,0,85,445,60,36477.99,39525.0,-3047.01,5
8508,2485,165,305,0,305,245,50,10,120,120,0,120,405,95,52013.88,39950.0,12063.88,5
8509,2485,100,330,0,330,310,10,10,60,60,0,60,405,35,20194.560000000005,36550.0,-16355.439999999997,5
8510,2485,175,305,0,305,300,0,5,90,90,0,90,470,65,34403.4,40800.0,-6396.5999999999985,5
8511,2485,170,285,0,285,270,15,0,100,100,0,95,435,105,72934.605,38675.0,34259.604999999996,5
8512,2485,115,315,0,315,300,15,0,85,85,0,85,410,80,54244.86187500002,36550.0,17694.861875000017,5
8513,2485,130,315,0,315,290,20,5,95,95,0,95,415,75,45153.990000000005,37825.0,7328.990000000003,5
8514,2485,130,310,0,310,280,30,0,95,95,0,95,405,110,80949.32859374999,37400.0,43549.32859375,5
8515,2485,150,280,0,280,265,5,10,105,105,0,105,410,135,90436.56750000003,36550.0,53886.567500000034,5
8516,2485,145,325,0,325,250,40,35,105,105,0,105,390,110,74024.53875000002,39950.0,34074.53875000002,5
8517,2485,125,330,0,330,295,20,15,75,75,0,75,415,90,57028.00500000001,38675.0,18353.005000000012,5
8518,2485,200,305,0,305,295,5,5,65,65,0,65,490,35,18998.820000000003,42925.0,-23926.179999999993,5
8519,2485,165,320,0,320,290,30,0,65,65,0,60,450,35,19361.880000000005,41225.0,-21863.12,5
8520,2485,110,335,0,335,325,5,5,70,70,0,70,430,35,21350.25,37825.0,-16474.75,5
8521,2485,240,285,0,285,285,0,0,85,85,0,85,520,75,44100.54000000002,44625.0,-524.4599999999809,5
8522,2485,165,295,0,295,285,0,10,80,80,0,80,445,55,32302.440000000002,39100.0,-6797.559999999999,5
8523,2485,135,325,0,325,310,0,15,60,60,0,55,440,60,40658.985,39100.0,1558.9850000000024,5
8524,2485,105,350,0,350,305,40,5,65,65,0,65,405,70,44688.51000000001,38675.0,6013.510000000006,5
8525,2485,150,320,0,320,305,10,5,80,80,0,80,450,55,32658.3,39950.0,-7291.700000000001,5
8526,2485,165,305,0,305,305,0,0,55,55,0,55,465,70,46778.512500000004,39950.0,6828.512500000006,5
8527,2485,150,315,0,315,300,15,0,65,65,0,65,445,100,72708.53625,39525.0,33183.536250000005,5
8528,2485,130,320,0,320,315,5,0,75,75,0,75,440,40,19938.960000000003,38250.0,-18311.039999999997,5
8529,2485,280,270,0,270,215,50,5,85,85,0,85,490,90,57974.940000000024,46750.0,11224.940000000024,5
8530,2485,120,295,0,295,285,10,0,100,100,0,100,400,65,40522.77000000001,35275.0,5247.7700000000095,5
8531,2485,170,310,0,310,310,0,0,60,60,0,60,475,70,52175.3484375,40800.0,11375.348437499997,5
8532,2485,155,295,0,295,255,0,40,70,70,0,70,405,70,46958.715000000004,38250.0,8708.715000000002,5
8533,2485,200,255,0,255,255,0,0,110,110,0,110,450,80,47664.450000000004,38675.0,8989.450000000006,5
8534,2485,200,280,0,280,255,10,15,95,95,0,90,450,40,21454.380000000005,40800.0,-19345.619999999995,5
8535,2485,105,340,0,340,300,15,25,70,70,0,70,400,45,22916.16,37825.0,-14908.84,5
8536,2485,170,315,0,315,300,10,5,115,115,0,115,465,80,44969.939999999995,41225.0,3744.939999999997,5
8537,2485,195,300,0,300,290,0,10,80,80,0,80,480,105,67629.82500000001,42075.0,25554.82500000001,5
8538,2485,180,305,0,305,265,40,0,85,85,0,85,440,80,48256.380000000005,41225.0,7031.380000000008,5
8539,2485,130,335,0,335,325,5,5,70,70,0,70,450,55,35960.715000000004,39525.0,-3564.2849999999953,5
8540,2485,125,315,0,315,295,15,5,90,90,0,90,415,70,38607.840000000004,37400.0,1207.8400000000056,5
8541,2485,140,340,0,340,310,30,0,75,75,0,75,445,45,26735.940000000006,40800.0,-14064.059999999994,5
8542,2485,125,330,0,330,305,10,15,65,65,0,65,425,45,27559.17,38675.0,-11115.830000000002,5
8543,2485,150,335,0,335,320,15,0,80,80,0,80,465,60,34548.479999999996,41225.0,-6676.52,5
8544,2485,150,300,0,300,285,10,5,105,105,0,105,430,115,74056.00499999999,38250.0,35806.005,5
8545,2485,120,345,0,345,345,0,0,65,65,0,65,460,40,21709.26,39525.0,-17815.74,5
8546,2485,210,275,0,275,240,35,0,95,95,0,95,445,110,73078.27875000003,41225.0,31853.278750000027,5
8547,2485,150,315,0,315,295,5,15,75,75,0,75,440,40,23278.230000000003,39525.0,-16246.769999999997,5
8548,2485,150,315,0,315,315,0,0,75,75,0,75,460,70,39903.48,39525.0,378.4800000000041,5
8549,2485,165,315,0,315,290,0,25,65,65,0,65,450,80,58783.677187500005,40800.0,17983.677187500005,5
8550,2485,145,305,0,305,255,20,30,115,115,0,110,395,75,43988.49000000002,38250.0,5738.49000000002,5
8551,2485,130,325,0,325,315,5,5,90,90,0,90,440,55,29821.860000000008,38675.0,-8853.139999999994,5
8552,2485,140,300,0,300,295,0,5,95,95,0,95,430,70,40846.770000000004,37400.0,3446.770000000006,5
8553,2485,160,310,0,310,300,10,0,65,65,0,65,455,40,23330.88,39950.0,-16619.12,5
8554,2485,120,325,0,325,290,30,5,70,70,0,65,405,55,38949.39000000001,37825.0,1124.3900000000076,5
8555,2485,225,305,0,305,300,0,5,75,75,0,75,520,70,47290.06125,45050.0,2240.061249999999,5
8556,2485,135,310,0,310,290,10,10,90,90,0,90,420,105,73010.73375000001,37825.0,35185.73375000001,5
8557,2485,145,295,0,295,270,25,0,90,90,0,90,410,70,43134.570000000014,37400.0,5734.570000000012,5
8558,2485,195,275,0,275,265,0,10,95,95,0,95,455,75,48543.165,39950.0,8593.164999999999,5
8559,2485,205,315,0,315,240,45,30,90,90,0,90,440,35,17859.96,44200.0,-26340.04,5
8560,2485,110,325,0,325,285,25,15,90,90,0,90,390,60,36306.090000000004,36975.0,-668.9099999999962,5
8561,2485,115,320,0,320,280,15,25,105,105,0,105,390,135,86981.94000000002,36975.0,50006.94000000002,5
8562,2485,85,350,0,350,330,10,10,65,65,0,65,410,80,53325.49500000001,36975.0,16350.49500000001,5
8563,2485,140,290,0,290,275,0,15,110,110,0,110,410,75,46918.39500000001,36550.0,10368.39500000001,5
8564,2485,135,305,0,305,305,0,0,85,85,0,85,435,75,46136.34000000001,37400.0,8736.34000000001,5
8565,2485,175,280,0,280,275,0,5,80,80,0,80,445,90,59043.9825,38675.0,20368.982500000002,5
8566,2485,185,260,0,260,240,20,0,105,105,0,105,420,135,98707.86,37825.0,60882.86,5
8567,2485,200,305,0,305,300,0,5,65,65,0,60,495,25,12907.080000000002,42925.0,-30017.92,5
8568,2485,125,355,0,355,285,60,10,100,100,0,100,405,70,41501.74500000001,40800.0,701.7450000000099,5
8569,2485,170,285,0,285,255,25,5,85,85,0,85,420,90,59569.4446875,38675.0,20894.4446875,5
8570,2485,135,320,0,320,320,0,0,60,60,0,60,450,45,24937.739999999998,38675.0,-13737.260000000002,5
8571,2485,150,310,0,310,295,5,10,100,100,0,100,440,50,25527.24,39100.0,-13572.759999999998,5
8572,2485,150,310,0,310,280,15,15,110,110,0,105,425,85,54536.67000000001,39100.0,15436.670000000013,5
8573,2485,230,270,0,270,255,15,0,110,110,0,110,480,55,30460.5,42500.0,-12039.499999999998,5
8574,2485,115,315,0,315,310,5,0,85,85,0,85,420,85,52657.515000000014,36550.0,16107.515000000012,5
8575,2485,120,330,0,330,325,5,0,80,80,0,80,440,70,42821.19,38250.0,4571.190000000006,5
8576,2485,165,310,0,310,305,5,0,80,80,0,80,465,60,39646.439999999995,40375.0,-728.5600000000022,5
8577,2485,160,310,0,310,255,50,5,80,80,0,80,410,80,47238.57,39950.0,7288.57,5
8578,2485,160,335,0,335,320,0,15,75,75,0,75,475,55,30742.920000000006,42075.0,-11332.079999999996,5
8579,2485,150,310,0,310,255,30,25,105,105,0,105,400,65,38951.55,39100.0,-148.449999999998,5
8580,2485,130,315,0,315,275,10,30,70,70,0,65,400,70,41156.91,37825.0,3331.910000000007,5
8581,2485,90,345,0,345,315,25,5,65,65,0,60,400,45,25264.62,36975.0,-11710.380000000001,5
8582,2485,165,320,0,320,270,35,15,80,80,0,80,430,60,34001.37000000001,41225.0,-7223.629999999994,5
8583,2485,195,290,0,290,280,0,10,100,100,0,95,470,80,49055.08500000001,41225.0,7830.085000000008,5
8584,2485,200,285,0,285,285,0,0,75,75,0,75,480,80,50815.71,41225.0,9590.71,5
8585,2485,165,315,0,315,290,15,10,75,75,0,75,450,25,12643.2,40800.0,-28156.8,5
8586,2485,135,285,0,285,265,10,10,95,95,0,95,395,120,79635.07125000002,35700.0,43935.07125000002,5
8587,2485,125,340,0,340,295,45,0,65,65,0,65,415,65,40640.400000000016,39525.0,1115.4000000000133,5
8588,2485,85,360,0,360,330,0,30,60,60,0,60,410,25,13622.58,37825.0,-24202.420000000002,5
8589,2485,130,325,0,325,280,10,35,80,80,0,80,405,95,63040.86,38675.0,24365.86,5
8590,2485,175,305,0,305,280,20,5,70,70,0,70,450,35,17822.88,40800.0,-22977.119999999995,5
8591,2485,180,285,0,285,280,0,5,105,105,0,105,455,75,43253.549999999996,39525.0,3728.5499999999956,5
8592,2485,125,305,0,305,295,0,10,80,80,0,80,415,80,46853.73,36550.0,10303.730000000005,5
8593,2485,170,310,0,310,305,0,5,70,70,0,70,470,60,34189.47000000001,40800.0,-6610.52999999999,5
8594,2485,150,310,0,310,280,20,10,110,110,0,110,425,95,59567.53500000002,39100.0,20467.535000000018,5
8595,2485,140,295,0,295,270,0,25,95,95,0,95,405,95,67098.0403125,36975.0,30123.04031250001,5
8596,2485,165,305,0,305,285,0,20,85,85,0,80,445,75,45155.295,39950.0,5205.294999999996,5
8597,2485,125,315,0,315,275,40,0,105,105,0,105,395,80,44982.54,37400.0,7582.539999999999,5
8598,2485,200,305,0,305,285,15,5,70,70,0,65,480,85,57308.1525,42925.0,14383.152499999997,5
8599,2485,135,315,0,315,285,20,10,90,90,0,90,415,30,15892.2,38250.0,-22357.799999999996,5
8600,2485,160,320,0,320,265,25,30,80,80,0,80,420,45,24394.860000000004,40800.0,-16405.139999999996,5
8601,2485,130,295,0,295,280,10,5,95,95,0,95,405,95,61098.34500000001,36125.0,24973.34500000001,5
8602,2485,135,320,0,320,295,10,15,90,90,0,90,425,115,73936.82250000001,38675.0,35261.82250000001,5
8603,2485,205,275,0,275,275,0,0,85,85,0,85,475,90,56870.1225,40800.0,16070.122499999998,5
8604,2485,140,330,0,330,285,30,15,85,85,0,85,420,50,30195.81,39950.0,-9754.189999999999,5
8605,2485,200,310,0,310,285,0,25,70,70,0,70,480,80,51354.854999999996,43350.0,8004.854999999998,5
8606,2485,130,330,0,330,285,30,15,95,95,0,95,410,40,23249.07,39100.0,-15850.929999999998,5
8607,2485,205,295,0,295,270,0,25,100,100,0,100,470,90,53498.384999999995,42500.0,10998.384999999998,5
8608,2485,145,320,0,320,285,30,5,100,100,0,100,425,50,26054.82,39525.0,-13470.18,5
8609,2485,90,385,0,385,310,45,30,65,65,0,65,395,35,21083.670000000002,40375.0,-19291.329999999998,5
8610,2485,175,295,0,295,275,15,5,105,105,0,100,445,75,47861.28000000001,39950.0,7911.280000000015,5
8611,2485,85,350,0,350,315,30,5,65,65,0,65,395,65,36810.09000000001,36975.0,-164.90999999999076,5
8612,2485,165,310,0,310,285,20,5,70,70,0,70,445,125,83293.065,40375.0,42918.065,5
8613,2485,125,305,0,305,270,30,5,125,125,0,120,390,110,66658.09500000002,36550.0,30108.095000000012,5
8614,2485,165,320,0,320,275,20,25,90,90,0,90,435,65,37718.55000000002,41225.0,-3506.449999999986,5
8615,2485,215,265,0,265,265,0,0,105,105,0,105,475,110,74849.22000000002,40800.0,34049.220000000016,5
8616,2485,205,305,0,305,300,0,5,80,80,0,80,500,40,22170.060000000005,43350.0,-21179.939999999995,5
8617,2485,155,310,0,310,310,0,0,85,85,0,85,460,80,45083.52,39525.0,5558.519999999999,5
8618,2485,255,270,0,270,265,0,5,70,70,0,65,515,65,45554.568750000006,44625.0,929.5687500000076,5
8619,2485,125,335,0,335,305,20,10,80,80,0,80,425,55,31981.68,39100.0,-7118.319999999999,5
8620,2485,165,295,0,295,275,20,0,100,100,0,100,435,105,74111.41125,39100.0,35011.41125000001,5
8621,2485,165,295,0,295,290,5,0,85,85,0,85,450,80,56916.84375000001,39100.0,17816.843750000007,5
8622,2485,195,275,0,275,250,0,25,125,125,0,120,440,90,55838.74500000002,39950.0,15888.745000000017,5
8623,2485,95,335,0,335,285,45,5,80,80,0,80,375,95,60007.79250000001,36550.0,23457.792500000014,5
8624,2485,150,300,0,300,265,35,0,100,100,0,100,410,85,51551.73000000001,38250.0,13301.730000000007,5
8625,2485,150,315,0,315,280,5,30,80,80,0,80,425,55,29384.820000000003,39525.0,-10140.179999999997,5
8626,2485,150,315,0,315,240,65,10,90,90,0,90,385,155,107407.485,39525.0,67882.485,5
8627,2485,160,320,0,320,245,40,35,125,125,0,125,400,80,48235.275,40800.0,7435.2750000000015,5
8628,2485,100,350,0,350,315,0,35,65,65,0,65,410,40,22614.840000000004,38250.0,-15635.159999999996,5
8629,2485,175,290,0,290,290,0,0,105,105,0,105,460,80,46103.49000000001,39525.0,6578.490000000011,5
8630,2485,135,325,0,325,280,40,5,80,80,0,80,410,100,66581.23500000002,39100.0,27481.235000000015,5
8631,2485,110,325,0,325,300,5,20,90,90,0,90,405,95,63560.46375000002,36975.0,26585.463750000017,5
8632,2485,160,305,0,305,240,45,20,110,110,0,110,395,120,75999.8475,39525.0,36474.8475,5
8633,2485,140,295,0,295,280,5,10,85,85,0,85,415,85,52802.91000000001,36975.0,15827.91000000001,5
8634,2485,195,260,0,260,245,10,5,115,115,0,115,435,95,60364.26000000001,38675.0,21689.260000000013,5
8635,2485,145,330,0,330,315,5,10,75,75,0,75,455,45,26822.340000000004,40375.0,-13552.659999999996,5
8636,2485,165,300,0,300,245,45,10,115,115,0,115,405,90,52410.51,39525.0,12885.510000000004,5
8637,2485,125,315,0,315,285,5,25,105,105,0,105,405,50,27516.24,37400.0,-9883.759999999998,5
8638,2485,110,330,0,330,325,5,0,75,75,0,75,430,70,41157.45000000001,37400.0,3757.450000000008,5
8639,2485,175,290,0,290,285,5,0,65,65,0,65,455,45,25087.140000000003,39525.0,-14437.859999999997,5
8640,2485,130,330,0,330,300,30,0,90,90,0,90,425,50,30655.035000000003,39100.0,-8444.964999999997,5
8641,2485,275,235,0,235,230,0,5,100,100,0,100,500,80,48012.570000000014,43350.0,4662.570000000014,5
8642,2485,190,280,0,280,260,20,0,100,100,0,100,445,80,46647.85500000002,39950.0,6697.855000000018,5
8643,2485,160,310,0,310,305,0,5,65,65,0,65,460,50,28689.300000000007,39950.0,-11260.699999999993,5
8644,2485,185,320,0,320,305,0,15,70,70,0,70,485,60,38040.48000000001,42925.0,-4884.519999999993,5
8645,2485,120,320,0,320,280,25,15,85,85,0,85,395,95,62277.80625,37400.0,24877.80625,5
8646,2485,165,305,0,305,285,10,10,95,95,0,90,445,110,65983.59,39950.0,26033.590000000004,5
8647,2485,70,375,0,375,315,20,40,50,50,0,50,380,30,17988.39,37825.0,-19836.61,5
8648,2485,150,325,0,325,290,0,35,85,85,0,80,435,95,68118.03000000001,40375.0,27743.030000000006,5
8649,2485,160,290,0,290,275,0,15,80,80,0,80,430,80,48901.455,38250.0,10651.455000000005,5
8650,2485,130,295,0,295,285,5,5,90,90,0,90,410,85,57009.735,36125.0,20884.735,5
8651,2485,220,275,0,275,240,15,20,80,80,0,80,455,95,65265.04125000001,42075.0,23190.041250000013,5
8652,2485,135,325,0,325,290,15,20,100,100,0,95,420,110,68937.61500000002,39100.0,29837.615000000023,5
8653,2485,135,315,0,315,295,15,5,100,100,0,100,425,85,59759.98874999999,38250.0,21509.988749999993,5
8654,2485,140,315,0,315,295,10,10,80,80,0,80,430,65,34017.66000000002,38675.0,-4657.339999999986,5
8655,2485,110,350,0,350,245,85,20,100,100,0,100,350,100,60359.175,39100.0,21259.175000000003,5
8656,2485,135,300,0,300,300,0,0,80,80,0,80,430,100,73536.05250000002,36975.0,36561.05250000002,5
8657,2485,210,280,0,280,235,35,10,85,85,0,80,440,100,68723.3475,41650.0,27073.3475,5
8658,2485,195,295,0,295,270,25,0,85,85,0,85,460,115,80531.21250000001,41650.0,38881.21250000001,5
8659,2485,160,285,0,285,285,0,0,95,95,0,95,440,80,51759.72,37825.0,13934.719999999998,5
8660,2485,105,340,0,340,305,25,10,60,60,0,60,405,35,18787.500000000004,37825.0,-19037.499999999996,5
8661,2485,120,305,0,305,300,0,5,70,70,0,70,415,80,60402.84046874999,36125.0,24277.840468749993,5
8662,2485,135,325,0,325,275,45,5,100,100,0,100,405,55,32640.480000000007,39100.0,-6459.519999999993,5
8663,2485,135,305,0,305,265,25,15,95,95,0,95,395,50,26354.700000000008,37400.0,-11045.299999999992,5
8664,2485,105,335,0,335,300,5,30,75,75,0,70,400,105,68522.98500000002,37400.0,31122.985000000015,5
8665,2485,215,285,0,285,280,5,0,90,90,0,90,490,100,65099.75625000002,42500.0,22599.75625000002,5
8666,2485,150,320,0,320,310,5,5,70,70,0,70,455,55,31549.320000000003,39950.0,-8400.679999999997,5
8667,2485,230,290,0,290,270,15,5,85,85,0,85,495,25,13082.400000000001,44200.0,-31117.6,5
8668,2485,180,290,0,290,280,0,10,100,100,0,100,455,95,56959.087500000016,39950.0,17009.087500000016,5
8669,2485,125,310,0,310,290,15,5,110,110,0,110,410,55,29178.54,36975.0,-7796.459999999997,5
8670,2485,140,300,0,300,290,5,5,105,105,0,105,425,85,57912.873750000006,37400.0,20512.873750000006,5
8671,2485,175,310,0,310,270,15,25,100,100,0,100,440,50,26535.780000000006,41225.0,-14689.219999999996,5
8672,2485,170,290,0,290,280,5,5,100,100,0,100,445,95,60983.583750000005,39100.0,21883.583750000005,5
8673,2485,75,355,0,355,325,30,0,50,50,0,50,395,45,29139.570000000007,36550.0,-7410.429999999992,5
8674,2485,135,285,0,285,285,0,0,90,90,0,90,415,75,44556.56999999999,35700.0,8856.569999999992,5
8675,2485,190,265,0,265,260,0,5,115,115,0,115,445,65,34770.600000000006,38675.0,-3904.3999999999915,5
8676,2485,150,305,0,305,275,0,30,110,110,0,105,420,85,49258.350000000006,38675.0,10583.35000000001,5
8677,2485,105,330,0,330,255,70,5,90,90,0,90,355,85,55545.952500000014,36975.0,18570.952500000014,5
8678,2485,90,360,0,360,290,35,35,85,85,0,85,375,55,32157.90000000001,38250.0,-6092.099999999991,5
8679,2485,190,265,0,265,255,10,0,100,100,0,100,440,130,91697.86125,38675.0,53022.86125,5
8680,2485,130,310,0,310,305,5,0,90,90,0,90,430,90,57809.83500000002,37400.0,20409.83500000002,5
8681,2485,225,275,0,275,235,35,5,115,115,0,115,455,75,45810.72,42500.0,3310.720000000001,5
8682,2485,100,335,0,335,295,15,25,80,80,0,80,390,110,73418.71500000001,36975.0,36443.71500000001,5
8683,2485,215,310,0,310,280,30,0,70,70,0,70,490,40,19976.760000000002,44625.0,-24648.239999999998,5
8684,2485,200,310,0,310,270,25,15,95,95,0,95,465,90,58148.16750000001,43350.0,14798.167500000009,5
8685,2485,135,315,0,315,300,5,10,85,85,0,80,430,75,44502.21000000001,38250.0,6252.210000000005,5
8686,2485,100,355,0,355,280,50,25,90,90,0,85,375,60,32306.22,38675.0,-6368.779999999997,5
8687,2485,130,335,0,335,330,5,0,85,85,0,85,455,55,31823.550000000003,39525.0,-7701.449999999995,5
8688,2485,120,320,0,320,290,5,25,80,80,0,80,405,65,39192.75,37400.0,1792.7499999999964,5
8689,2485,135,340,0,340,315,20,5,75,75,0,75,445,25,16703.64,40375.0,-23671.36,5
8690,2485,205,245,0,245,240,5,0,80,80,0,80,440,100,68602.14000000001,38250.0,30352.140000000007,5
8691,2485,180,335,0,335,300,35,0,75,75,0,70,475,55,32852.159999999996,43775.0,-10922.84,5
8692,2485,235,270,0,270,250,10,10,95,95,0,95,480,110,77432.8725,42925.0,34507.872500000005,5
8693,2485,95,345,0,345,310,10,25,70,70,0,70,400,30,16550.820000000003,37400.0,-20849.179999999997,5
8694,2485,195,285,0,285,285,0,0,105,105,0,105,475,100,55506.24,40800.0,14706.239999999998,5
8695,2485,130,325,0,325,315,5,5,80,80,0,80,440,45,25177.32,38675.0,-13497.68,5
8696,2485,140,310,0,310,285,5,20,90,90,0,90,420,95,57575.70000000001,38250.0,19325.700000000015,5
8697,2485,95,345,0,345,290,50,5,95,95,0,90,380,60,32026.14000000001,37400.0,-5373.859999999991,5
8698,2485,195,300,0,300,285,0,15,75,75,0,75,475,50,28962.270000000004,42075.0,-13112.729999999996,5
8699,2485,155,280,0,280,260,20,0,85,85,0,85,410,85,61566.57,36975.0,24591.57,5
8700,2485,135,335,0,335,260,55,20,95,95,0,95,390,65,36367.200000000004,39950.0,-3582.7999999999975,5
8701,2485,110,310,0,310,280,10,20,75,75,0,75,385,75,49059.49500000002,35700.0,13359.495000000015,5
8702,2485,160,320,0,320,265,20,35,85,85,0,85,420,40,24906.149999999998,40800.0,-15893.850000000002,5
8703,2485,130,330,0,330,295,10,25,90,90,0,85,420,80,47961.899999999994,39100.0,8861.899999999996,5
8704,2485,135,295,0,295,295,0,0,80,80,0,75,425,70,42841.53000000001,36550.0,6291.530000000012,5
8705,2485,210,265,0,265,255,0,10,95,95,0,95,460,105,71461.83375000002,40375.0,31086.833750000013,5
8706,2485,255,265,0,265,250,0,15,85,85,0,80,500,45,26033.220000000005,44200.0,-18166.779999999995,5
8707,2485,170,300,0,300,295,0,5,70,70,0,65,460,55,29421.000000000004,39950.0,-10528.999999999996,5
8708,2485,160,315,0,315,310,0,5,75,75,0,75,465,55,30651.480000000007,40375.0,-9723.519999999993,5
8709,2485,145,295,0,295,280,10,5,95,95,0,95,420,80,47490.12000000002,37400.0,10090.120000000015,5
8710,2485,155,330,0,330,315,15,0,80,80,0,80,465,55,31602.600000000006,41225.0,-9622.399999999994,5
8711,2485,100,340,0,340,315,15,10,60,60,0,60,410,50,34756.69500000001,37400.0,-2643.3049999999957,5
8712,2485,160,295,0,295,290,0,5,80,80,0,80,445,65,38564.280000000006,38675.0,-110.71999999999662,5
8713,2485,140,300,0,300,270,30,0,120,120,0,120,405,95,59841.675,37400.0,22441.675000000003,5
8714,2485,165,320,0,320,300,0,20,65,65,0,65,460,75,49001.220000000016,41225.0,7776.220000000012,5
8715,2485,190,310,0,310,245,50,15,110,110,0,110,430,80,44936.82,42500.0,2436.819999999998,5
8716,2485,225,295,0,295,295,0,0,80,80,0,80,515,35,19272.780000000002,44200.0,-24927.219999999998,5
8717,2485,125,320,0,320,290,5,25,65,65,0,65,410,50,31504.995000000003,37825.0,-6320.0049999999965,5
8718,2485,190,290,0,290,290,0,0,90,90,0,90,475,100,66086.24625000003,40800.0,25286.246250000022,5
8719,2485,115,350,0,350,335,0,15,85,85,0,85,445,60,35033.31,39525.0,-4491.689999999999,5
8720,2485,120,310,0,310,305,0,5,70,70,0,70,420,95,61805.56500000002,36550.0,25255.565000000017,5
8721,2485,185,310,0,310,240,60,10,100,100,0,100,420,60,35864.68500000001,42075.0,-6210.314999999991,5
8722,2485,120,310,0,310,285,10,15,90,90,0,90,400,70,45009.630000000005,36550.0,8459.630000000006,5
8723,2485,190,295,0,295,295,0,0,55,55,0,55,480,45,32144.973750000005,41225.0,-9080.026249999995,5
8724,2485,170,295,0,295,265,15,15,100,100,0,95,430,110,72478.01250000003,39525.0,32953.012500000026,5
8725,2485,145,310,0,310,300,0,10,95,95,0,90,440,60,35193.15,38675.0,-3481.8499999999995,5
8726,2485,115,325,0,325,310,5,10,65,65,0,65,420,45,31054.27500000001,37400.0,-6345.724999999993,5
8727,2485,180,295,0,295,270,0,25,120,120,0,120,445,135,84704.22000000003,40375.0,44329.22000000002,5
8728,2485,220,285,0,285,255,20,10,75,75,0,75,470,60,36558.00000000001,42925.0,-6366.999999999994,5
8729,2485,165,290,0,290,255,25,10,125,125,0,125,415,80,46491.21,38675.0,7816.210000000001,5
8730,2485,180,290,0,290,245,35,10,100,100,0,100,420,65,37139.94,39950.0,-2810.059999999994,5
8731,2485,110,340,0,340,325,0,15,65,65,0,65,430,55,35494.20000000001,38250.0,-2755.79999999999,5
8732,2485,165,295,0,295,280,5,10,90,90,0,90,440,60,33922.08,39100.0,-5177.919999999995,5
8733,2485,130,320,0,320,275,30,15,90,90,0,90,400,80,47915.28,38250.0,9665.280000000002,5
8734,2485,125,320,0,320,305,0,15,90,90,0,85,425,90,57469.90500000001,37825.0,19644.905000000017,5
8735,2485,165,325,0,325,285,5,35,65,65,0,65,445,35,19491.660000000003,41650.0,-22158.339999999997,5
8736,2485,190,295,0,295,295,0,0,95,95,0,95,480,80,43045.920000000006,41225.0,1820.9200000000055,5
8737,2485,190,285,0,285,270,5,10,95,95,0,95,455,105,67382.505,40375.0,27007.505,5
8738,2485,170,280,0,280,275,0,5,75,75,0,75,440,125,86711.37187500003,38250.0,48461.371875000026,5
8739,2485,160,325,0,325,275,20,30,65,65,0,65,430,50,30817.215000000004,41225.0,-10407.784999999994,5
8740,2485,130,305,0,305,290,0,15,110,110,0,110,415,90,55506.06,36975.0,18531.059999999998,5
8741,2485,175,275,0,275,260,15,0,90,90,0,90,430,95,67548.92624999999,38250.0,29298.926249999997,5
8742,2485,150,310,0,310,305,5,0,80,80,0,80,450,55,32898.87000000001,39100.0,-6201.129999999994,5
8743,2485,110,325,0,325,270,40,15,95,95,0,95,375,65,35237.520000000004,36975.0,-1737.479999999996,5
8744,2485,165,285,0,285,260,10,15,105,105,0,105,420,85,56029.95,38250.0,17779.949999999997,5
8745,2485,155,285,0,285,275,0,10,100,100,0,100,425,125,83189.93625000003,37400.0,45789.93625000003,5
8746,2485,180,305,0,305,295,0,10,80,80,0,80,470,70,41180.85,41225.0,-44.149999999999636,5
8747,2485,180,295,0,295,290,0,5,70,70,0,70,465,65,37706.310000000005,40375.0,-2668.689999999997,5
8748,2485,160,305,0,305,275,15,15,95,95,0,95,430,95,62919.74250000001,39525.0,23394.74250000001,5
8749,2485,240,280,0,280,275,0,5,85,85,0,85,510,80,50456.970000000016,44200.0,6256.970000000019,5
8750,2485,145,305,0,305,300,0,5,80,80,0,80,440,100,61949.79000000001,38250.0,23699.79000000001,5
8751,2485,130,330,0,330,300,25,5,110,110,0,105,425,80,52907.512500000004,39100.0,13807.512500000003,5
8752,2485,175,290,0,290,285,0,5,95,95,0,90,455,65,40277.655000000006,39525.0,752.6550000000043,5
8753,2485,285,305,0,305,295,10,0,55,55,0,50,575,35,19065.06,50150.0,-31084.939999999995,5
8754,2485,90,320,0,320,305,10,5,80,80,0,75,390,75,53920.55250000002,34850.0,19070.55250000002,5
8755,2485,205,290,0,290,290,0,0,70,70,0,70,490,65,37754.64000000001,42075.0,-4320.359999999996,5
8756,2485,135,330,0,330,315,10,5,75,75,0,75,445,30,15804.36,39525.0,-23720.64,5
8757,2485,175,310,0,310,300,10,0,90,90,0,90,470,95,64195.110000000015,41225.0,22970.110000000015,5
8758,2485,145,330,0,330,305,15,10,80,80,0,80,445,50,29084.489999999998,40375.0,-11290.510000000004,5
8759,2485,170,305,0,305,270,20,15,90,90,0,90,435,40,23497.920000000006,40375.0,-16877.079999999994,5
8760,2485,205,290,0,290,285,0,5,85,85,0,85,485,100,67419.43875000002,42075.0,25344.438750000016,5
8761,2485,120,310,0,310,290,10,10,105,105,0,105,405,60,30737.160000000007,36550.0,-5812.839999999992,5
8762,2485,170,295,0,295,285,10,0,100,100,0,100,450,80,46993.140000000014,39525.0,7468.140000000012,5
8763,2485,145,315,0,315,300,15,0,80,80,0,80,440,110,77063.58562499999,39100.0,37963.585624999985,5
8764,2485,145,295,0,295,290,5,0,90,90,0,85,430,65,37886.22,37400.0,486.220000000003,5
8765,2485,150,325,0,325,275,5,45,95,95,0,95,420,45,25056.36,40375.0,-15318.64,5
8766,2485,155,325,0,325,310,5,10,40,40,0,40,460,35,20600.550000000003,40800.0,-20199.449999999997,5
8767,2485,220,275,0,275,260,5,10,100,100,0,100,475,65,34228.62000000001,42075.0,-7846.37999999999,5
8768,2485,160,305,0,305,280,15,10,65,65,0,65,435,45,29732.265000000003,39525.0,-9792.734999999997,5
8769,2485,190,300,0,300,275,20,5,110,110,0,110,460,55,30511.800000000003,41650.0,-11138.199999999997,5
8770,2485,225,295,0,295,290,0,5,85,85,0,85,510,60,34314.93000000001,44200.0,-9885.069999999996,5
8771,2485,155,300,0,300,280,5,15,80,80,0,75,430,125,85271.82750000001,38675.0,46596.827500000014,5
8772,2485,160,295,0,295,260,25,10,105,105,0,105,415,95,69803.544375,38675.0,31128.544375,5
8773,2485,145,325,0,325,290,15,20,105,105,0,105,430,80,52911.5175,39950.0,12961.5175,5
8774,2485,155,285,0,285,280,0,5,85,85,0,85,430,50,29336.670000000006,37400.0,-8063.329999999996,5
8775,2485,170,300,0,300,285,5,10,100,100,0,100,450,80,53437.05,39950.0,13487.05,5
8776,2485,150,315,0,315,280,5,30,95,95,0,90,425,65,36745.380000000005,39525.0,-2779.6199999999953,5
8777,2485,120,335,0,335,315,0,20,65,65,0,65,430,50,33656.80500000001,38675.0,-5018.194999999996,5
8778,2485,175,315,0,315,280,0,35,70,70,0,70,450,65,41267.25,41650.0,-382.74999999999636,5
8779,2485,175,315,0,315,300,0,15,60,60,0,60,470,75,50067.69750000001,41650.0,8417.697500000013,5
8780,2485,185,290,0,290,265,20,5,90,90,0,85,445,85,54052.515000000014,40375.0,13677.515000000012,5
8781,2485,135,325,0,325,295,5,25,65,65,0,65,425,70,43237.215,39100.0,4137.2149999999965,5
8782,2485,155,335,0,335,290,25,20,90,90,0,90,440,90,55791.045000000006,41650.0,14141.045000000004,5
8783,2485,130,330,0,330,305,20,5,70,70,0,70,430,20,9526.32,39100.0,-29573.68,5
8784,2485,150,295,0,295,285,0,10,105,105,0,105,430,140,88521.61500000002,37825.0,50696.61500000002,5
8785,2485,115,315,0,315,290,15,10,80,80,0,80,400,80,51053.04000000001,36550.0,14503.04000000001,5
8786,2485,100,325,0,325,320,0,5,80,80,0,80,415,90,60555.375,36125.0,24430.375000000004,5
8787,2485,140,335,0,335,310,15,10,70,70,0,70,445,65,37415.07,40375.0,-2959.9299999999994,5
8788,2485,135,335,0,335,270,35,30,95,95,0,90,400,110,72315.855,39950.0,32365.855000000003,5
8789,2485,125,330,0,330,300,20,10,80,80,0,80,420,40,21401.820000000003,38675.0,-17273.179999999997,5
8790,2485,180,285,0,285,260,10,15,90,90,0,90,435,100,62917.740000000005,39525.0,23392.740000000005,5
8791,2485,160,330,0,330,265,40,25,90,90,0,90,420,90,59082.952500000014,41650.0,17432.95250000001,5
8792,2485,220,265,0,265,265,0,0,80,80,0,80,480,55,33145.56,41225.0,-8079.44,5
8793,2485,145,300,0,300,270,25,5,85,85,0,85,410,75,44714.07,37825.0,6889.0700000000015,5
8794,2485,135,310,0,310,300,5,5,80,80,0,80,430,75,47363.04000000001,37825.0,9538.04000000001,5
8795,2485,105,350,0,350,285,35,30,95,95,0,95,385,80,46935.72,38675.0,8260.720000000001,5
8796,2485,135,315,0,315,310,0,5,80,80,0,75,440,50,26924.58,38250.0,-11325.419999999998,5
8797,2485,170,305,0,305,285,0,20,90,90,0,90,450,40,20720.880000000005,40375.0,-19654.119999999995,5
8798,2485,100,330,0,330,305,15,10,90,90,0,85,400,85,56560.95000000001,36550.0,20010.95000000001,5
8799,2485,155,305,0,305,305,0,0,85,85,0,85,455,90,57058.02,39100.0,17958.019999999997,5
8800,2485,155,310,0,310,285,5,20,110,110,0,110,435,70,39333.51000000001,39525.0,-191.48999999998978,5
8801,2485,195,300,0,300,255,30,15,90,90,0,90,445,65,37359.90000000001,42075.0,-4715.099999999993,5
8802,2485,140,300,0,300,265,15,20,100,100,0,100,400,85,50423.4,37400.0,13023.400000000001,5
8803,2485,190,295,0,295,285,0,10,60,60,0,60,470,35,17603.640000000007,41225.0,-23621.359999999993,5
8804,2485,150,310,0,310,260,35,15,95,95,0,95,405,105,79946.11107421876,39100.0,40846.11107421876,5
8805,2485,155,290,0,290,250,35,5,120,120,0,120,400,105,61843.22999999998,37825.0,24018.229999999985,5
8806,2485,165,300,0,300,290,5,5,95,95,0,95,450,95,59412.071250000015,39525.0,19887.071250000015,5
8807,2485,125,310,0,310,275,15,20,105,105,0,100,395,80,48252.915,36975.0,11277.915000000003,5
8808,2485,215,305,0,305,270,5,30,100,100,0,100,480,65,36700.38000000001,44200.0,-7499.619999999991,5
8809,2485,195,305,0,305,290,0,15,60,60,0,55,480,40,22631.04,42500.0,-19868.96,5
8810,2485,130,330,0,330,295,30,5,90,90,0,90,420,55,34857.450000000004,39100.0,-4242.5499999999965,5
8811,2485,165,315,0,315,285,30,0,90,90,0,90,445,50,28283.13,40800.0,-12516.869999999999,5
8812,2485,210,285,0,285,270,0,15,75,75,0,75,475,40,21762.9,42075.0,-20312.1,5
8813,2485,150,315,0,315,285,0,30,65,65,0,65,430,65,43233.50250000002,39525.0,3708.5025000000132,5
8814,2485,160,325,0,325,290,15,20,60,60,0,60,445,50,32159.97,41225.0,-9065.029999999997,5
8815,2485,170,300,0,300,275,5,20,100,100,0,100,440,55,29362.140000000007,39950.0,-10587.859999999991,5
8816,2485,150,305,0,305,260,25,20,115,115,0,115,405,80,47742.750000000015,38675.0,9067.750000000015,5
8817,2485,145,320,0,320,315,5,0,70,70,0,65,455,85,55996.47,39525.0,16471.47,5
8818,2485,150,290,0,290,285,5,0,105,105,0,100,430,75,39101.58,37400.0,1701.5800000000036,5
8819,2485,120,325,0,325,295,10,20,100,100,0,100,410,55,32563.89,37825.0,-5261.109999999999,5
8820,2485,80,365,0,365,335,20,10,45,45,0,45,410,20,9782.640000000001,37825.0,-28042.36,5
8821,2485,175,300,0,300,290,10,0,100,100,0,100,460,65,38578.815,40375.0,-1796.1849999999959,5
8822,2485,85,360,0,360,330,15,15,75,75,0,75,410,85,50199.93000000001,37825.0,12374.930000000004,5
8823,2485,130,320,0,320,305,10,5,85,85,0,85,430,50,27868.050000000003,38250.0,-10381.949999999997,5
8824,2485,180,295,0,295,275,0,20,100,100,0,100,450,50,26470.98,40375.0,-13904.02,5
8825,2485,160,305,0,305,245,30,30,130,130,0,130,400,70,37436.22,39525.0,-2088.779999999997,5
8826,2485,90,360,0,360,315,25,20,65,65,0,65,400,75,44241.390000000014,38250.0,5991.39000000001,5
8827,2485,135,325,0,325,280,20,25,70,70,0,70,410,105,72412.78500000002,39100.0,33312.78500000002,5
8828,2485,105,320,0,320,280,15,25,95,95,0,95,380,135,90679.48874999999,36125.0,54554.48874999998,5
8829,2485,125,320,0,320,275,20,25,90,90,0,85,395,80,47515.590000000004,37825.0,9690.590000000002,5
8830,2485,180,290,0,290,290,0,0,75,75,0,75,465,45,26966.250000000004,39950.0,-12983.749999999996,5
8831,2485,125,320,0,320,280,0,40,85,85,0,85,400,50,29994.840000000007,37825.0,-7830.159999999992,5
8832,2485,125,310,0,310,270,40,0,105,105,0,105,390,105,59588.820000000014,36975.0,22613.820000000014,5
8833,2485,150,255,0,255,230,15,10,100,100,0,100,375,130,97856.35593750002,34425.0,63431.35593750001,5
8834,2485,180,295,0,295,290,0,5,85,85,0,85,465,40,21204.180000000008,40375.0,-19170.819999999992,5
8835,2485,130,310,0,310,300,5,5,95,95,0,90,425,75,50510.86875,37400.0,13110.86875,5
8836,2485,165,310,0,310,305,0,5,85,85,0,85,465,50,24913.440000000006,40375.0,-15461.559999999994,5
8837,2485,140,325,0,325,270,45,10,95,95,0,95,405,60,39446.25750000001,39525.0,-78.74249999999392,5
8838,2485,120,340,0,340,290,20,30,70,70,0,70,405,45,28416.69,39100.0,-10683.310000000001,5
8839,2485,150,290,0,290,285,5,0,80,80,0,80,430,100,73660.60968750002,37400.0,36260.60968750002,5
8840,2485,130,325,0,325,250,40,35,115,115,0,115,375,130,79374.87000000001,38675.0,40699.87000000001,5
8841,2485,195,315,0,315,240,50,25,105,105,0,105,430,95,58086.855,43350.0,14736.855000000005,5
8842,2485,145,330,0,330,300,20,10,95,95,0,95,440,50,28202.04,40375.0,-12172.96,5
8843,2485,190,300,0,300,280,20,0,75,75,0,75,465,95,62796.28499999999,41650.0,21146.28499999999,5
8844,2485,130,325,0,325,265,40,20,75,75,0,75,390,90,51308.55000000002,38675.0,12633.550000000014,5
8845,2485,115,310,0,310,265,15,30,85,85,0,80,375,35,20896.739999999998,36125.0,-15228.26,5
8846,2485,180,310,0,310,270,40,0,95,95,0,95,445,65,38192.670000000006,41650.0,-3457.329999999997,5
8847,2485,170,330,0,330,300,20,10,95,95,0,95,465,60,32940.00000000001,42500.0,-9559.99999999999,5
8848,2485,135,335,0,335,300,35,0,65,65,0,65,430,60,37654.11000000001,39950.0,-2295.889999999995,5
8849,2485,235,280,0,280,205,50,25,110,110,0,110,435,70,41344.11,43775.0,-2430.8899999999994,5
8850,2485,160,285,0,285,265,5,15,75,75,0,75,420,110,80091.045,37825.0,42266.045000000006,5
8851,2485,140,335,0,335,325,0,10,70,70,0,70,460,90,56692.82250000001,40375.0,16317.822500000011,5
8852,2485,155,305,0,305,280,10,15,95,95,0,95,430,40,24241.41,39100.0,-14858.59,5
8853,2485,135,320,0,320,280,35,5,80,80,0,80,410,120,86036.36625,38675.0,47361.36625000001,5
8854,2485,110,325,0,325,310,15,0,70,70,0,70,415,85,58284.60750000001,36975.0,21309.607500000013,5
8855,2485,205,265,0,265,255,0,10,105,105,0,105,455,85,53329.049999999996,39950.0,13379.049999999997,5
8856,2485,135,295,0,295,280,10,5,95,95,0,95,410,85,58944.39750000001,36550.0,22394.397500000006,5
8857,2485,160,305,0,305,255,15,35,110,110,0,110,410,105,67876.33499999999,39525.0,28351.335,5
8858,2485,140,320,0,320,305,5,10,105,105,0,100,440,70,39372.030000000006,39100.0,272.0300000000043,5
8859,2485,190,275,0,275,260,0,15,95,95,0,95,445,55,29553.30000000001,39525.0,-9971.699999999992,5
8860,2485,180,290,0,290,240,40,10,105,105,0,100,415,130,93518.32500000004,39950.0,53568.32500000004,5
8861,2485,205,275,0,275,260,5,10,100,100,0,100,460,65,37622.88000000001,40800.0,-3177.119999999991,5
8862,2485,185,265,0,265,250,5,10,95,95,0,95,430,120,89120.52562500001,38250.0,50870.52562500001,5
8863,2485,110,350,0,350,290,15,45,75,75,0,75,395,65,39879.18000000001,39100.0,779.1800000000057,5
8864,2485,85,350,0,350,285,30,35,80,80,0,80,365,95,60692.422500000015,36975.0,23717.42250000001,5
8865,2485,110,345,0,345,325,20,0,75,75,0,75,430,110,73835.92125000001,38675.0,35160.921250000014,5
8866,2485,205,275,0,275,270,0,5,115,115,0,110,470,70,39291.66,40800.0,-1508.3399999999938,5
8867,2485,90,350,0,350,310,25,15,80,80,0,80,395,65,37688.94,37400.0,288.9400000000023,5
8868,2485,130,325,0,325,285,15,25,90,90,0,90,410,80,46996.29000000001,38675.0,8321.290000000008,5
8869,2485,180,305,0,305,290,15,0,65,65,0,65,465,30,16454.520000000004,41225.0,-24770.479999999996,5
8870,2485,115,345,0,345,340,0,5,65,65,0,65,450,30,15333.84,39100.0,-23766.16,5
8871,2485,185,280,0,280,245,20,15,90,90,0,90,425,85,50643.98999999999,39525.0,11118.989999999994,5
8872,2485,165,290,0,290,270,10,10,80,80,0,80,430,95,61968.51000000001,38675.0,23293.510000000006,5
8873,2485,120,325,0,325,305,10,10,75,75,0,75,420,60,41431.590000000004,37825.0,3606.5900000000056,5
8874,2485,155,305,0,305,285,15,5,100,100,0,100,435,70,44312.7825,39100.0,5212.782500000003,5
8875,2485,155,290,0,290,270,20,0,80,80,0,80,420,110,79931.85750000003,37825.0,42106.85750000003,5
8876,2485,195,290,0,290,275,0,15,90,90,0,90,465,80,51917.04000000001,41225.0,10692.040000000006,5
8877,2485,120,340,0,340,340,0,0,60,60,0,60,455,35,19097.100000000002,39100.0,-20002.899999999998,5
8878,2485,170,280,0,280,250,15,15,100,100,0,100,415,175,130317.67406250001,38250.0,92067.67406250001,5
8879,2485,140,300,0,300,280,0,20,100,100,0,100,415,45,27329.399999999994,37400.0,-10070.600000000004,5
8880,2485,190,310,0,310,305,0,5,65,65,0,65,490,50,30214.890000000007,42500.0,-12285.109999999995,5
8881,2485,95,325,0,325,310,0,15,75,75,0,75,400,85,55971.27000000002,35700.0,20271.270000000022,5
8882,2485,130,320,0,320,320,0,0,65,65,0,65,445,65,44861.04,38250.0,6611.040000000003,5
8883,2485,160,295,0,295,285,10,0,105,105,0,105,440,75,43656.39,38675.0,4981.390000000001,5
8884,2485,150,315,0,315,310,0,5,95,95,0,95,455,65,38761.65000000001,39525.0,-763.3499999999913,5
8885,2485,145,295,0,295,255,30,10,95,95,0,95,395,75,51019.95375,37400.0,13619.953750000004,5
8886,2485,190,285,0,285,260,10,15,100,100,0,100,445,100,64031.355000000025,40375.0,23656.35500000002,5
8887,2485,125,350,0,350,335,0,15,60,60,0,60,455,50,31935.78,40375.0,-8439.220000000001,5
8888,2485,140,285,0,285,235,35,15,105,105,0,105,370,135,97440.51375000003,36125.0,61315.51375000003,5
8889,2485,190,295,0,295,255,20,20,100,100,0,100,440,85,54048.46500000001,41225.0,12823.465000000015,5
8890,2485,140,320,0,320,280,40,0,90,90,0,85,415,110,71635.41,39100.0,32535.41000000001,5
8891,2485,110,330,0,330,295,30,5,85,85,0,85,400,80,48512.07000000001,37400.0,11112.070000000003,5
8892,2485,115,325,0,325,310,0,15,80,80,0,80,420,75,46092.87000000001,37400.0,8692.870000000012,5
8893,2485,180,315,0,315,315,0,0,80,80,0,80,490,60,34260.659999999996,42075.0,-7814.340000000002,5
8894,2485,130,330,0,330,280,30,20,85,85,0,85,405,100,65305.10250000003,39100.0,26205.10250000003,5
8895,2485,185,330,0,330,295,0,35,70,70,0,70,475,55,31301.730000000003,43775.0,-12473.269999999997,5
8896,2485,140,325,0,325,285,20,20,100,100,0,100,420,65,34752.600000000006,39525.0,-4772.399999999993,5
8897,2485,110,340,0,340,295,45,0,75,75,0,75,400,90,63211.23,38250.0,24961.230000000003,5
8898,2485,145,315,0,315,295,5,15,85,85,0,85,435,80,55195.06500000002,39100.0,16095.065000000013,5
8899,2485,115,345,0,345,305,10,30,65,65,0,65,415,50,29853.179999999997,39100.0,-9246.820000000003,5
8900,2485,225,265,0,265,250,15,0,105,105,0,105,470,115,76943.475,41650.0,35293.475,5
8901,2485,195,265,0,265,255,0,10,75,75,0,75,445,90,60313.41000000002,39100.0,21213.41000000002,5
8902,2485,115,325,0,325,300,25,0,90,90,0,90,410,90,56349.54000000001,37400.0,18949.540000000008,5
8903,2485,150,315,0,315,280,25,10,85,85,0,85,425,95,67434.125625,39525.0,27909.125625000008,5
8904,2485,230,305,0,305,295,0,10,50,50,0,50,520,60,40227.615000000005,45475.0,-5247.384999999995,5
8905,2485,190,295,0,295,280,5,10,105,105,0,105,465,65,41693.130000000005,41225.0,468.130000000001,5
8906,2485,170,295,0,295,255,30,10,105,105,0,105,420,105,62367.390000000014,39525.0,22842.390000000014,5
8907,2485,185,285,0,285,285,0,0,75,75,0,75,465,60,35056.619999999995,39950.0,-4893.380000000002,5
8908,2485,195,295,0,295,290,0,5,95,95,0,95,480,80,46910.97000000001,41650.0,5260.970000000007,5
8909,2485,200,295,0,295,275,5,15,100,100,0,100,470,55,29961.72000000001,42075.0,-12113.279999999992,5
8910,2485,100,330,0,330,280,40,10,90,90,0,85,375,90,64384.8328125,36550.0,27834.832812499997,5
8911,2485,175,265,0,265,250,15,0,115,115,0,115,420,65,36533.70000000001,37400.0,-866.299999999992,5
8912,2485,140,305,0,305,265,35,5,125,125,0,120,400,110,68590.26,37825.0,30765.26,5
8913,2485,155,275,0,275,260,0,15,95,95,0,95,410,120,76434.94125000002,36550.0,39884.94125000002,5
8914,2485,160,310,0,310,305,5,0,70,70,0,65,460,80,57714.48,39950.0,17764.480000000003,5
8915,2485,145,300,0,300,275,5,20,100,100,0,100,415,65,40724.685,37825.0,2899.6849999999995,5
8916,2485,145,310,0,310,290,5,15,105,105,0,105,430,95,61066.82250000001,38675.0,22391.82250000001,5
8917,2485,175,290,0,290,280,5,5,100,100,0,95,450,70,41456.61,39525.0,1931.6100000000006,5
8918,2485,185,285,0,285,270,0,15,95,95,0,90,450,80,52923.285,39950.0,12973.285000000005,5
8919,2485,180,290,0,290,260,20,10,95,95,0,95,435,85,51743.20499999999,39950.0,11793.204999999989,5
8920,2485,165,300,0,300,275,20,5,105,105,0,105,435,100,60216.34500000003,39525.0,20691.34500000003,5
8921,2485,130,310,0,310,280,30,0,95,95,0,95,405,55,32149.53,37400.0,-5250.47,5
8922,2485,120,325,0,325,310,5,10,80,80,0,80,425,90,59496.232500000006,37825.0,21671.232500000006,5
8923,2485,165,320,0,320,280,15,25,95,95,0,95,440,70,41044.05,41225.0,-180.94999999999345,5
8924,2485,175,280,0,280,245,0,35,115,115,0,115,415,70,40213.98,38675.0,1538.980000000006,5
8925,2485,175,310,0,310,305,0,5,70,70,0,70,475,50,26123.399999999998,41225.0,-15101.600000000002,5
8926,2485,105,340,0,340,315,0,25,65,65,0,65,415,100,68492.36250000002,37825.0,30667.362500000017,5
8927,2485,155,300,0,300,295,0,5,95,95,0,95,445,55,33073.83,38675.0,-5601.169999999997,5
8928,2485,70,370,0,370,350,15,5,50,50,0,50,415,45,23511.6,37400.0,-13888.400000000001,5
8929,2485,215,295,0,295,290,0,5,75,75,0,75,500,50,29303.82,43350.0,-14046.18,5
8930,2485,155,295,0,295,290,0,5,100,100,0,100,440,80,45715.590000000004,38250.0,7465.590000000002,5
8931,2485,175,300,0,300,275,5,20,100,100,0,100,445,90,53092.350000000006,40375.0,12717.350000000006,5
8932,2485,205,275,0,275,245,10,20,100,100,0,100,445,90,53564.310000000005,40800.0,12764.310000000005,5
8933,2485,205,265,0,265,235,20,10,115,115,0,115,435,60,34300.62,39950.0,-5649.3799999999965,5
8934,2485,105,370,0,370,305,45,20,50,50,0,50,405,20,9655.2,40375.0,-30719.8,5
8935,2485,145,300,0,300,270,30,0,120,120,0,120,410,85,45927.540000000015,37825.0,8102.540000000017,5
8936,2485,230,285,0,285,280,0,5,85,85,0,85,505,55,32640.75000000001,43775.0,-11134.249999999989,5
8937,2485,180,290,0,290,285,0,5,80,80,0,75,460,125,83369.99250000001,39950.0,43419.99250000001,5
8938,2485,130,320,0,320,295,25,0,95,95,0,95,420,70,45292.12875000001,38250.0,7042.128750000011,5
8939,2485,95,315,0,315,275,30,10,90,90,0,90,365,90,59614.02000000002,34850.0,24764.02000000002,5
8940,2485,145,340,0,340,330,0,10,65,65,0,65,470,35,19440.540000000005,41225.0,-21784.46,5
8941,2485,205,295,0,295,255,25,15,110,110,0,110,455,90,48751.92000000001,42500.0,6251.920000000009,5
8942,2485,115,345,0,345,280,45,20,75,75,0,70,390,40,24199.74,39100.0,-14900.259999999998,5
8943,2485,205,280,0,280,265,0,15,75,75,0,75,465,95,66779.145,41225.0,25554.145000000008,5
8944,2485,200,300,0,300,290,10,0,95,95,0,95,485,60,34749.00000000001,42500.0,-7750.9999999999945,5
8945,2485,165,285,0,285,275,5,5,100,100,0,100,435,85,53088.25500000002,38250.0,14838.255000000017,5
8946,2485,140,330,0,330,325,0,5,80,80,0,80,460,95,59609.205,39950.0,19659.205,5
8947,2485,185,310,0,310,295,0,15,70,70,0,70,475,70,43473.06000000001,42075.0,1398.060000000014,5
8948,2485,150,305,0,305,275,25,5,110,110,0,105,420,80,45288.90000000001,38675.0,6613.900000000012,5
8949,2485,180,290,0,290,285,0,5,80,80,0,80,460,75,41003.91,39950.0,1053.9100000000053,5
8950,2485,175,295,0,295,265,5,25,110,110,0,105,435,95,56952.54000000001,39950.0,17002.540000000008,5
8951,2485,155,295,0,295,295,0,0,100,100,0,100,445,85,57129.04125,38250.0,18879.041250000002,5
8952,2485,175,315,0,315,285,5,25,105,105,0,105,455,65,36753.66,41650.0,-4896.339999999996,5
8953,2485,150,310,0,310,290,15,5,80,80,0,80,435,80,48912.975000000006,39100.0,9812.975000000006,5
8954,2485,170,280,0,280,265,10,5,125,125,0,125,430,100,70362.7734375,38250.0,32112.7734375,5
8955,2485,220,270,0,270,250,0,20,130,130,0,125,465,40,20436.840000000004,41650.0,-21213.159999999996,5
8956,2485,150,300,0,300,260,5,35,110,110,0,110,405,100,70429.80375,38250.0,32179.80375,5
8957,2485,135,315,0,315,280,25,10,90,90,0,90,410,65,41787.990000000005,38250.0,3537.990000000009,5
8958,2485,125,285,0,285,245,25,15,95,95,0,95,365,110,74625.75000000003,34850.0,39775.75000000003,5
8959,2485,180,265,0,265,265,0,0,100,100,0,100,440,95,59791.77000000002,37825.0,21966.770000000015,5
8960,2485,140,315,0,315,280,30,5,95,95,0,95,415,85,46471.50000000001,38675.0,7796.5000000000055,5
8961,2485,135,320,0,320,315,0,5,80,80,0,80,445,55,31706.460000000006,38675.0,-6968.539999999994,5
8962,2485,85,340,0,340,325,10,5,80,80,0,80,405,95,62886.80250000001,36125.0,26761.802500000013,5
8963,2485,175,300,0,300,245,30,25,95,95,0,90,415,90,58971.18375000001,40375.0,18596.18375000001,5
8964,2485,180,295,0,295,265,15,15,100,100,0,100,440,40,19999.08,40375.0,-20375.92,5
8965,2485,215,285,0,285,280,5,0,85,85,0,85,490,50,28491.840000000004,42500.0,-14008.159999999998,5
8966,2485,130,315,0,315,275,5,35,90,90,0,90,400,85,51973.11000000001,37825.0,14148.110000000006,5
8967,2485,120,330,0,330,305,20,5,75,75,0,75,420,55,31123.26000000001,38250.0,-7126.739999999991,5
8968,2485,145,330,0,330,305,0,25,90,90,0,90,445,65,43407.832500000004,40375.0,3032.832500000004,5
8969,2485,150,300,0,300,285,0,15,95,95,0,90,430,60,34022.340000000004,38250.0,-4227.659999999996,5
8970,2485,125,330,0,330,265,35,30,90,90,0,85,385,110,73472.55750000002,38675.0,34797.557500000024,5
8971,2485,165,310,0,310,300,0,10,90,90,0,85,460,60,31381.74000000001,40375.0,-8993.259999999991,5
8972,2485,190,285,0,285,285,0,0,85,85,0,80,470,75,49762.777500000004,40375.0,9387.777500000002,5
8973,2485,150,320,0,320,250,35,35,105,105,0,105,395,70,44337.82500000001,39950.0,4387.825000000012,5
8974,2485,175,305,0,305,285,5,15,105,105,0,105,455,65,35779.32,40800.0,-5020.679999999998,5
8975,2485,200,265,0,265,260,5,0,85,85,0,85,455,105,77196.020625,39525.0,37671.02062500001,5
8976,2485,105,335,0,335,290,25,20,85,85,0,85,390,55,31503.330000000005,37400.0,-5896.669999999995,5
8977,2485,100,345,0,345,290,25,30,70,70,0,65,385,75,46979.46,37825.0,9154.46,5
8978,2485,200,290,0,290,290,0,0,100,100,0,100,485,50,27640.08000000001,41650.0,-14009.919999999993,5
8979,2485,150,310,0,310,270,10,30,80,80,0,80,415,70,42256.890000000014,39100.0,3156.890000000012,5
8980,2485,145,320,0,320,295,0,25,90,90,0,90,435,70,44573.31000000001,39525.0,5048.31000000001,5
8981,2485,160,320,0,320,295,0,25,80,80,0,80,450,30,14838.480000000001,40800.0,-25961.52,5
8982,2485,120,330,0,330,320,0,10,75,75,0,75,435,45,26257.680000000004,38250.0,-11992.319999999996,5
8983,2485,165,280,0,280,260,15,5,105,105,0,105,420,120,75604.61250000003,37825.0,37779.61250000003,5
8984,2485,155,300,0,300,255,25,20,110,110,0,110,405,95,55094.49,38675.0,16419.489999999998,5
8985,2485,80,355,0,355,315,15,25,75,75,0,70,390,40,27292.18500000001,36975.0,-9682.814999999991,5
8986,2485,140,300,0,300,240,10,50,105,105,0,105,375,65,40118.04,37400.0,2718.040000000001,5
8987,2485,120,325,0,325,250,40,35,90,90,0,90,365,115,75703.41000000002,37825.0,37878.41000000001,5
8988,2485,150,320,0,320,315,5,0,60,60,0,60,460,50,30422.250000000004,39950.0,-9527.749999999996,5
8989,2485,95,345,0,345,295,5,45,65,65,0,65,385,45,23555.16,37400.0,-13844.84,5
8990,2485,130,325,0,325,295,0,30,100,100,0,95,420,70,39677.22000000001,38675.0,1002.2200000000066,5
8991,2485,80,340,0,340,310,15,15,65,65,0,65,385,65,37352.340000000004,35700.0,1652.3400000000038,5
8992,2485,130,325,0,325,320,0,5,65,65,0,60,445,50,31229.145000000004,38675.0,-7445.854999999997,5
8993,2485,140,290,0,290,290,0,0,70,70,0,70,425,135,102727.91812500003,36550.0,66177.91812500003,5
8994,2485,180,305,0,305,275,0,30,90,90,0,90,450,65,47552.38312500001,41225.0,6327.383125000006,5
8995,2485,125,325,0,325,270,25,30,110,110,0,110,390,95,57422.7,38250.0,19172.699999999997,5
8996,2485,175,265,0,265,260,0,5,95,95,0,95,430,70,43968.329999999994,37400.0,6568.329999999996,5
8997,2485,135,305,0,305,275,20,10,110,110,0,110,405,65,37867.68,37400.0,467.6800000000003,5
8998,2485,175,265,0,265,230,20,15,140,140,0,135,400,75,40072.68000000001,37400.0,2672.680000000005,5
8999,2485,165,300,0,300,280,10,10,90,90,0,90,440,100,62688.10500000001,39525.0,23163.105000000014,5
9000,2485,115,320,0,320,315,5,0,90,90,0,90,425,80,46384.020000000004,36975.0,9409.02,5
9001,2485,205,295,0,295,280,0,15,65,65,0,65,480,40,22759.650000000005,42500.0,-19740.349999999995,5
9002,2485,205,285,0,285,260,15,10,95,95,0,95,460,135,90391.43250000002,41650.0,48741.432500000024,5
9003,2485,195,280,0,280,270,10,0,100,100,0,100,460,70,38672.46000000001,40375.0,-1702.5399999999945,5
9004,2485,195,285,0,285,285,0,0,105,105,0,105,475,75,51145.47,40800.0,10345.470000000005,5
9005,2485,175,290,0,290,280,5,5,95,95,0,95,450,130,85387.34250000001,39525.0,45862.34250000001,5
9006,2485,165,285,0,285,270,0,15,110,110,0,110,430,95,69875.11125000002,38250.0,31625.111250000016,5
9007,2485,155,275,0,275,260,0,15,110,110,0,110,410,90,56064.78000000002,36550.0,19514.78000000002,5
9008,2485,175,300,0,300,285,15,0,80,80,0,80,455,55,31575.600000000006,40375.0,-8799.399999999996,5
9009,2485,175,295,0,295,260,20,15,95,95,0,90,430,135,97718.82750000004,39950.0,57768.82750000004,5
9010,2485,185,305,0,305,275,25,5,75,75,0,75,455,55,35367.75000000001,41650.0,-6282.2499999999945,5
9011,2485,105,330,0,330,290,15,25,95,95,0,95,390,120,77161.79250000001,36975.0,40186.79250000001,5
9012,2485,170,310,0,310,305,0,5,80,80,0,80,470,50,30546.99,40800.0,-10253.009999999998,5
9013,2485,200,290,0,290,260,20,10,90,90,0,90,455,60,34227.09000000001,41650.0,-7422.909999999993,5
9014,2485,115,335,0,335,255,45,35,95,95,0,90,365,70,39897.630000000005,38250.0,1647.6300000000037,5
9015,2485,135,310,0,310,305,0,5,55,55,0,55,435,65,43078.635,37825.0,5253.635000000004,5
9016,2485,140,325,0,325,325,0,0,75,75,0,75,460,55,33387.66000000001,39525.0,-6137.33999999999,5
9017,2485,235,255,0,255,255,0,0,85,85,0,85,485,60,36357.84000000001,41650.0,-5292.15999999999,5
9018,2485,95,360,0,360,355,0,5,50,50,0,50,445,30,15854.400000000003,38675.0,-22820.599999999995,5
9019,2485,140,340,0,340,325,0,15,40,40,0,40,460,45,28700.280000000002,40800.0,-12099.719999999998,5
9020,2485,165,300,0,300,295,0,5,90,90,0,90,455,90,57678.52500000001,39525.0,18153.52500000001,5
9021,2485,175,295,0,295,285,5,5,80,80,0,80,455,75,42066.090000000004,39950.0,2116.090000000004,5
9022,2485,185,300,0,300,260,15,25,75,75,0,75,440,70,39923.46000000001,41225.0,-1301.5399999999909,5
9023,2485,110,345,0,345,305,25,15,95,95,0,95,410,95,58465.66500000001,38675.0,19790.665000000008,5
9024,2485,225,280,0,280,280,0,0,95,95,0,95,500,65,40367.43000000001,42925.0,-2557.569999999996,5
9025,2485,205,280,0,280,240,35,5,85,85,0,85,440,120,86553.98156249999,41225.0,45328.98156249999,5
9026,2485,90,340,0,340,315,0,25,75,75,0,75,400,40,24256.800000000003,36550.0,-12293.199999999997,5
9027,2485,170,315,0,315,295,15,5,90,90,0,85,460,105,72708.23812500002,41225.0,31483.238125000018,5
9028,2485,135,300,0,300,285,0,15,95,95,0,95,415,50,26663.22,36975.0,-10311.779999999999,5
9029,2485,215,265,0,265,250,15,0,95,95,0,95,460,80,46177.33500000001,40800.0,5377.335000000003,5
9030,2485,110,325,0,325,255,70,0,75,75,0,75,360,90,62135.80875000001,36975.0,25160.808750000015,5
9031,2485,160,325,0,325,315,5,5,75,75,0,75,470,45,25057.440000000006,41225.0,-16167.559999999994,5
9032,2485,150,330,0,330,310,0,20,95,95,0,90,455,55,32794.47,40800.0,-8005.529999999999,5
9033,2485,165,290,0,290,285,5,0,85,85,0,85,445,100,66161.7675,38675.0,27486.767499999994,5
9034,2485,135,300,0,300,265,15,20,75,75,0,75,395,100,63454.23000000002,36975.0,26479.230000000018,5
9035,2485,200,280,0,280,260,0,20,70,70,0,70,455,95,66002.08500000002,40800.0,25202.085000000014,5
9036,2485,140,315,0,315,290,15,10,90,90,0,90,425,60,32706.360000000004,38675.0,-5968.639999999996,5
9037,2485,150,300,0,300,285,5,10,100,100,0,100,430,65,39050.37,38250.0,800.3700000000026,5
9038,2485,175,305,0,305,265,25,15,90,90,0,85,435,65,35532.72000000001,40800.0,-5267.279999999992,5
9039,2485,115,330,0,330,310,10,10,70,70,0,65,420,65,41937.84000000001,37825.0,4112.840000000015,5
9040,2485,190,300,0,300,290,10,0,90,90,0,90,475,50,25418.880000000005,41650.0,-16231.119999999995,5
9041,2485,135,335,0,335,275,30,30,75,75,0,75,405,30,15293.880000000001,39950.0,-24656.120000000003,5
9042,2485,150,335,0,335,300,20,15,55,55,0,55,445,35,20333.160000000003,41225.0,-20891.839999999997,5
9043,2485,75,355,0,355,340,15,0,70,70,0,70,410,40,22338.18,36550.0,-14211.819999999998,5
9044,2485,170,275,0,275,275,0,0,85,85,0,80,440,90,62976.47625000001,37825.0,25151.476250000007,5
9045,2485,125,315,0,315,315,0,0,85,85,0,85,435,45,28262.700000000004,37400.0,-9137.299999999996,5
9046,2485,150,305,0,305,290,15,0,80,80,0,80,435,80,55653.052500000005,38675.0,16978.052500000005,5
9047,2485,135,310,0,310,305,5,0,90,90,0,90,435,60,33079.68,37825.0,-4745.3200000000015,5
9048,2485,175,305,0,305,280,5,20,110,110,0,110,450,60,32807.700000000004,40800.0,-7992.299999999996,5
9049,2485,235,295,0,295,260,15,20,105,105,0,105,490,70,39469.770000000004,45050.0,-5580.229999999992,5
9050,2485,125,320,0,320,310,5,5,70,70,0,70,430,40,23201.640000000007,37825.0,-14623.359999999993,5
9051,2485,195,305,0,305,285,0,20,90,90,0,90,475,50,24920.280000000002,42500.0,-17579.719999999998,5
9052,2485,125,310,0,310,280,20,10,90,90,0,90,400,95,57636.76500000001,36975.0,20661.765000000007,5
9053,2485,175,300,0,300,295,0,5,90,90,0,85,465,45,24934.86,40375.0,-15440.140000000001,5
9054,2485,205,295,0,295,290,0,5,75,75,0,75,490,120,84665.58750000002,42500.0,42165.58750000002,5
9055,2485,115,305,0,305,280,20,5,100,100,0,100,390,75,43201.62,35700.0,7501.620000000003,5
9056,2485,215,275,0,275,275,0,0,90,90,0,90,485,75,48741.05250000001,41650.0,7091.052500000014,5
9057,2485,200,290,0,290,285,0,5,105,105,0,105,480,75,42474.240000000005,41650.0,824.2400000000089,5
9058,2485,155,305,0,305,290,0,15,95,95,0,95,440,95,58150.26000000002,39100.0,19050.260000000017,5
9059,2485,85,335,0,335,315,10,10,75,75,0,75,395,55,31890.149999999998,35700.0,-3809.8500000000013,5
9060,2485,120,325,0,325,290,20,15,85,85,0,85,405,65,36595.8,37825.0,-1229.1999999999962,5
9061,2485,150,320,0,320,225,65,30,110,110,0,110,370,100,59854.45500000001,39950.0,19904.45500000001,5
9062,2485,170,295,0,295,285,0,10,85,85,0,85,450,70,38611.079999999994,39525.0,-913.9200000000028,5
9063,2485,150,310,0,310,305,0,5,80,80,0,80,450,80,48257.73000000001,39100.0,9157.73000000001,5
9064,2485,125,305,0,305,280,5,20,80,80,0,80,400,80,53581.049999999996,36550.0,17031.049999999996,5
9065,2485,195,300,0,300,280,5,15,75,75,0,75,470,60,37667.205,42075.0,-4407.794999999996,5
9066,2485,160,305,0,305,305,0,0,60,60,0,60,460,65,45598.23,39525.0,6073.230000000003,5
9067,2485,160,310,0,310,300,10,0,70,70,0,70,455,50,30538.035000000003,39950.0,-9411.964999999997,5
9068,2485,190,300,0,300,285,15,0,100,100,0,100,470,80,49176.04500000002,41650.0,7526.045000000022,5
9069,2485,150,295,0,295,290,5,0,65,65,0,65,435,130,96221.62125,37825.0,58396.62124999999,5
9070,2485,85,330,0,330,285,15,30,75,75,0,75,365,55,32966.280000000006,35275.0,-2308.719999999994,5
9071,2485,125,330,0,330,330,0,0,45,45,0,40,450,50,38762.206875,38675.0,87.20687500000167,5
9072,2485,135,330,0,330,300,15,15,95,95,0,95,430,40,23509.08,39525.0,-16015.919999999996,5
9073,2485,185,265,0,265,240,20,5,95,95,0,95,420,75,45852.66,38250.0,7602.660000000005,5
9074,2485,125,340,0,340,260,50,30,95,95,0,95,380,60,39341.56500000001,39525.0,-183.4349999999904,5
9075,2485,130,340,0,340,245,40,55,85,85,0,85,370,110,73060.96500000001,39950.0,33110.96500000001,5
9076,2485,140,320,0,320,250,50,20,100,100,0,100,385,90,53529.750000000015,39100.0,14429.750000000013,5
9077,2485,170,330,0,330,250,55,25,95,95,0,95,415,90,55679.355,42500.0,13179.355000000005,5
9078,2485,150,300,0,300,270,10,20,80,80,0,80,415,95,70992.03234375002,38250.0,32742.032343750026,5
9079,2485,200,280,0,280,270,0,10,95,95,0,95,465,40,22992.570000000007,40800.0,-17807.429999999993,5
9080,2485,110,335,0,335,315,20,0,90,90,0,90,420,70,44428.545000000006,37825.0,6603.545000000004,5
9081,2485,245,280,0,280,260,20,0,90,90,0,90,500,70,39996.18000000001,44625.0,-4628.819999999996,5
9082,2485,210,300,0,300,265,0,35,95,95,0,95,470,55,34275.96000000001,43350.0,-9074.039999999995,5
9083,2485,195,280,0,280,225,55,0,105,105,0,105,415,85,53459.95499999999,40375.0,13084.95499999999,5
9084,2485,170,285,0,285,265,10,10,120,120,0,115,430,105,62586.90000000002,38675.0,23911.900000000023,5
9085,2485,115,320,0,320,305,0,15,95,95,0,95,415,100,63101.475,36975.0,26126.475,5
9086,2485,150,310,0,310,305,0,5,75,75,0,75,450,65,38980.98,39100.0,-119.01999999999589,5
9087,2485,115,350,0,350,305,15,30,85,85,0,85,415,115,75721.8375,39525.0,36196.8375,5
9088,2485,160,290,0,290,270,20,0,95,95,0,90,425,100,65197.440000000024,38250.0,26947.440000000024,5
9089,2485,130,320,0,320,300,15,5,85,85,0,85,425,90,58973.399999999994,38250.0,20723.399999999994,5
9090,2485,135,340,0,340,340,0,0,70,70,0,70,470,50,28190.519999999997,40375.0,-12184.480000000003,5
9091,2485,100,335,0,335,280,25,30,80,80,0,75,375,85,63115.14374999999,36975.0,26140.14374999999,5
9092,2485,105,320,0,320,295,5,20,85,85,0,85,395,65,41849.325,36125.0,5724.324999999999,5
9093,2485,115,325,0,325,315,0,10,60,60,0,60,425,50,29638.710000000006,37400.0,-7761.2899999999945,5
9094,2485,185,305,0,305,295,0,10,60,60,0,55,475,20,10272.960000000001,41650.0,-31377.039999999997,5
9095,2485,150,325,0,325,270,30,25,110,110,0,110,415,70,38948.040000000015,40375.0,-1426.9599999999855,5
9096,2485,205,295,0,295,290,0,5,65,65,0,65,490,60,41422.567500000005,42500.0,-1077.4324999999953,5
9097,2485,105,325,0,325,225,75,25,105,105,0,100,325,80,48377.925,36550.0,11827.925000000005,5
9098,2485,200,300,0,300,295,0,5,65,65,0,65,490,40,19775.52,42500.0,-22724.48,5
9099,2485,175,310,0,310,300,0,10,75,75,0,75,470,55,32163.480000000003,41225.0,-9061.519999999997,5
9100,2485,130,335,0,335,305,15,15,80,80,0,80,430,55,29159.46,39525.0,-10365.54,5
9101,2485,170,330,0,330,300,0,30,75,75,0,70,465,35,18594.72,42500.0,-23905.28,5
9102,2485,145,315,0,315,295,5,15,65,65,0,65,435,35,19184.4,39100.0,-19915.6,5
9103,2485,105,315,0,315,300,15,0,95,95,0,95,400,120,78500.29500000001,35700.0,42800.29500000001,5
9104,2485,145,305,0,305,290,10,5,80,80,0,80,430,75,46089.630000000005,38250.0,7839.6300000000065,5
9105,2485,150,290,0,290,290,0,0,85,85,0,85,435,30,14713.2,37400.0,-22686.8,5
9106,2485,190,285,0,285,255,25,5,75,75,0,75,440,45,27942.300000000003,40375.0,-12432.699999999995,5
9107,2485,180,290,0,290,250,20,20,105,105,0,105,425,55,32622.299999999996,39950.0,-7327.700000000004,5
9108,2485,175,285,0,285,280,0,5,80,80,0,75,450,55,34012.44,39100.0,-5087.559999999994,5
9109,2485,140,330,0,330,265,60,5,80,80,0,80,400,50,27892.080000000005,39950.0,-12057.919999999995,5
9110,2485,170,305,0,305,305,0,0,80,80,0,80,470,30,14970.96,40375.0,-25404.04,5
9111,2485,135,310,0,310,245,40,25,105,105,0,105,375,80,51290.820000000014,37825.0,13465.820000000012,5
9112,2485,155,300,0,300,300,0,0,75,75,0,75,450,50,30529.890000000007,38675.0,-8145.109999999995,5
9113,2485,125,310,0,310,290,0,20,100,100,0,95,410,135,91220.49,36975.0,54245.490000000005,5
9114,2485,190,300,0,300,265,15,20,90,90,0,90,450,90,58431.735,41650.0,16781.735,5
9115,2485,100,330,0,330,300,25,5,75,75,0,70,395,45,29475.945000000007,36550.0,-7074.054999999994,5
9116,2485,160,310,0,310,295,0,15,100,100,0,100,450,85,55607.13,39950.0,15657.129999999997,5
9117,2485,190,265,0,265,265,0,0,115,115,0,115,450,140,100841.38312500001,38675.0,62166.38312500001,5
9118,2485,165,270,0,270,240,15,15,110,110,0,110,400,135,84240.74250000004,36975.0,47265.74250000004,5
9119,2485,165,335,0,335,275,30,30,60,60,0,60,435,30,15873.12,42500.0,-26626.88,5
9120,2485,215,305,0,305,295,10,0,75,75,0,70,505,60,38076.615000000005,44200.0,-6123.384999999998,5
9121,2485,140,335,0,335,300,20,15,65,65,0,65,435,60,32748.390000000003,40375.0,-7626.609999999996,5
9122,2485,135,340,0,340,225,115,0,125,125,0,125,355,105,64226.205000000016,40375.0,23851.205000000016,5
9123,2485,175,315,0,315,285,10,20,85,85,0,85,455,80,49794.12,41650.0,8144.120000000003,5
9124,2485,155,310,0,310,300,0,10,85,85,0,80,450,70,52544.44125,39525.0,13019.44125,5
9125,2485,160,285,0,285,280,0,5,100,100,0,100,435,85,51726.10500000001,37825.0,13901.105000000007,5
9126,2485,115,325,0,325,315,5,5,75,75,0,75,425,60,46539.76500000001,37400.0,9139.765000000007,5
9127,2485,130,340,0,340,315,15,10,75,75,0,70,440,45,25418.879999999997,39950.0,-14531.12,5
9128,2485,145,290,0,290,280,0,10,75,75,0,70,420,55,33353.280000000006,36975.0,-3621.7199999999957,5
9129,2485,210,280,0,280,280,0,0,100,100,0,100,485,55,30028.500000000004,41650.0,-11621.499999999996,5
9130,2485,135,315,0,315,280,20,15,100,100,0,95,410,90,58629.892500000016,38250.0,20379.892500000016,5
9131,2485,165,290,0,290,290,0,0,85,85,0,85,450,100,69099.49125,38675.0,30424.49125000001,5
9132,2485,170,310,0,310,275,30,5,110,110,0,110,440,110,69246.29250000001,40800.0,28446.292500000018,5
9133,2485,175,310,0,310,280,10,20,90,90,0,90,450,65,40594.994999999995,41225.0,-630.005000000001,5
9134,2485,210,255,0,255,240,5,10,115,115,0,115,445,100,66953.29500000001,39525.0,27428.295000000016,5
9135,2485,105,335,0,335,255,35,45,90,90,0,90,355,105,69697.23749999999,37400.0,32297.237499999992,5
9136,2485,120,335,0,335,270,30,35,90,90,0,85,385,60,37173.240000000005,38675.0,-1501.7599999999948,5
9137,2485,245,265,0,265,260,0,5,80,80,0,80,500,50,30339.9,43350.0,-13010.099999999999,5
9138,2485,120,320,0,320,270,45,5,85,85,0,80,385,100,65460.712500000016,37400.0,28060.712500000016,5
9139,2485,160,300,0,300,275,25,0,85,85,0,85,430,90,62379.21375000001,39100.0,23279.21375000001,5
9140,2485,195,260,0,260,255,0,5,100,100,0,100,445,100,58083.57000000001,38675.0,19408.570000000007,5
9141,2485,160,320,0,320,305,10,5,100,100,0,100,460,65,32302.620000000006,40800.0,-8497.379999999994,5
9142,2485,130,300,0,300,285,0,15,105,105,0,105,410,125,91372.61812500001,36550.0,54822.61812500001,5
9143,2485,185,275,0,275,265,5,5,110,110,0,110,445,90,60929.369999999995,39100.0,21829.37,5
9144,2485,170,285,0,285,280,0,5,75,75,0,75,445,65,41758.740000000005,38675.0,3083.740000000007,5
9145,2485,175,310,0,310,260,35,15,95,95,0,90,430,60,33602.04,41225.0,-7622.959999999998,5
9146,2485,140,310,0,310,270,20,20,120,120,0,120,405,95,54755.100000000006,38250.0,16505.100000000002,5
9147,2485,175,295,0,295,290,0,5,65,65,0,65,460,35,19032.660000000003,39950.0,-20917.339999999997,5
9148,2485,100,360,0,360,290,45,25,80,80,0,80,385,50,27723.6,39100.0,-11376.400000000003,5
9149,2485,145,320,0,320,320,0,0,85,85,0,85,460,30,14806.080000000004,39525.0,-24718.92,5
9150,2485,70,380,0,380,280,55,45,65,65,0,65,345,40,19887.12,38250.0,-18362.88,5
9151,2485,135,335,0,335,265,35,35,70,70,0,70,395,80,52003.665,39950.0,12053.665,5
9152,2485,145,315,0,315,315,0,0,80,80,0,80,455,50,28580.04,39100.0,-10519.960000000001,5
9153,2485,135,305,0,305,260,20,25,110,110,0,110,390,85,49247.46000000001,37400.0,11847.46000000001,5
9154,2485,120,315,0,315,265,15,35,95,95,0,95,380,100,69136.74000000002,36975.0,32161.74000000002,5
9155,2485,190,280,0,280,265,0,15,100,100,0,100,450,90,54546.705000000016,39950.0,14596.70500000002,5
9156,2485,185,305,0,305,280,20,5,85,85,0,85,460,70,41035.5,41650.0,-614.4999999999982,5
9157,2485,115,310,0,310,300,10,0,85,85,0,80,410,85,52020.00000000001,36125.0,15895.00000000001,5
9158,2485,105,355,0,355,245,100,10,85,85,0,80,345,40,21585.42,39100.0,-17514.58,5
9159,2485,100,345,0,345,320,5,20,65,65,0,65,415,60,35175.51,37825.0,-2649.4900000000007,5
9160,2485,175,320,0,320,265,30,25,100,100,0,100,435,70,44804.9925,42075.0,2729.9924999999985,5
9161,2485,175,305,0,305,285,5,15,70,70,0,70,455,65,41176.21500000001,40800.0,376.21500000001106,5
9162,2485,210,280,0,280,275,5,0,80,80,0,80,480,80,48221.055000000015,41650.0,6571.055000000015,5
9163,2485,175,305,0,305,300,0,5,80,80,0,80,470,110,72843.18750000001,40800.0,32043.187500000015,5
9164,2485,155,260,0,260,260,0,0,110,110,0,110,410,105,68189.76000000001,35275.0,32914.76000000002,5
9165,2485,140,320,0,320,310,0,10,70,70,0,70,445,55,35527.41,39100.0,-3572.5899999999956,5
9166,2485,180,280,0,280,270,10,0,120,120,0,115,445,85,50962.41,39100.0,11862.41,5
9167,2485,90,350,0,350,295,45,10,85,85,0,80,380,75,43157.880000000005,37400.0,5757.880000000005,5
9168,2485,110,340,0,340,300,25,15,100,100,0,100,405,50,26451.18,38250.0,-11798.82,5
9169,2485,125,310,0,310,295,10,5,80,80,0,80,415,110,73255.63500000001,36975.0,36280.63500000001,5
9170,2485,120,325,0,325,295,0,30,80,80,0,80,410,70,42063.479999999996,37825.0,4238.48,5
9171,2485,190,295,0,295,295,0,0,85,85,0,85,480,35,22389.750000000004,41225.0,-18835.249999999996,5
9172,2485,155,300,0,300,255,25,20,85,85,0,85,405,55,34178.22,38675.0,-4496.779999999999,5
9173,2485,170,300,0,300,270,0,30,60,60,0,60,435,70,43850.7,39950.0,3900.699999999997,5
9174,2485,145,280,0,280,270,5,5,75,75,0,75,410,125,86274.56812500002,36125.0,50149.56812500002,5
9175,2485,215,305,0,305,305,0,0,65,65,0,65,515,35,19075.14,44200.0,-25124.86,5
9176,2485,125,305,0,305,285,15,5,80,80,0,80,405,95,64692.85499999999,36550.0,28142.85499999999,5
9177,2485,160,285,0,285,280,5,0,85,85,0,85,435,60,35390.700000000004,37825.0,-2434.2999999999984,5
9178,2485,100,335,0,335,270,40,25,85,85,0,80,365,70,46386.450000000004,36975.0,9411.450000000004,5
9179,2485,225,285,0,285,285,0,0,90,90,0,90,505,45,23577.480000000003,43350.0,-19772.519999999997,5
9180,2485,100,340,0,340,280,35,25,95,95,0,90,375,100,67582.70999999999,37400.0,30182.70999999999,5
9181,2485,100,330,0,330,290,5,35,80,80,0,80,385,85,63918.354374999995,36550.0,27368.354375,5
9182,2485,140,320,0,320,275,15,30,85,85,0,85,410,70,39515.49,39100.0,415.4899999999998,5
9183,2485,175,330,0,330,275,30,25,65,65,0,65,445,60,33759.9,42925.0,-9165.099999999999,5
9184,2485,175,290,0,290,280,10,0,100,100,0,100,450,105,58953.87000000001,39525.0,19428.870000000006,5
9185,2485,130,335,0,335,295,10,30,65,65,0,65,420,40,21515.940000000002,39525.0,-18009.059999999998,5
9186,2485,135,320,0,320,265,25,30,95,95,0,95,395,75,42298.740000000005,38675.0,3623.740000000007,5
9187,2485,195,290,0,290,270,0,20,105,105,0,105,460,100,63894.66750000001,41225.0,22669.667500000014,5
9188,2485,130,305,0,305,300,0,5,75,75,0,70,425,95,67789.18125000002,36975.0,30814.18125000002,5
9189,2485,210,295,0,295,280,15,0,100,100,0,100,485,40,25910.414999999997,42925.0,-17014.585000000003,5
9190,2485,190,320,0,320,275,45,0,90,90,0,90,460,45,24246.900000000005,43350.0,-19103.099999999995,5
9191,2485,95,365,0,365,345,5,15,75,75,0,75,435,65,38819.43,39100.0,-280.5699999999979,5
9192,2485,155,325,0,325,280,20,25,85,85,0,85,430,45,24972.12,40800.0,-15827.880000000001,5
9193,2485,160,335,0,335,335,0,0,50,50,0,50,490,20,10843.56,42075.0,-31231.440000000002,5
9194,2485,145,300,0,300,300,0,0,90,90,0,90,440,95,62348.625000000015,37825.0,24523.62500000001,5
9195,2485,200,295,0,295,270,15,10,75,75,0,75,465,80,50010.88500000002,42075.0,7935.885000000017,5
9196,2485,155,325,0,325,265,30,30,115,115,0,115,415,85,47280.420000000006,40800.0,6480.420000000004,5
9197,2485,155,300,0,300,285,15,0,105,105,0,105,435,60,34999.829999999994,38675.0,-3675.170000000003,5
9198,2485,130,320,0,320,280,25,15,75,75,0,75,405,55,35833.68000000001,38250.0,-2416.319999999996,5
9199,2485,125,315,0,315,245,50,20,90,90,0,85,365,90,57051.99000000001,37400.0,19651.990000000013,5
9200,2485,140,305,0,305,270,25,10,95,95,0,95,405,75,42866.82,37825.0,5041.819999999998,5
9201,2485,145,305,0,305,265,30,10,90,90,0,90,405,70,43636.8375,38250.0,5386.8375000000015,5
9202,2485,180,295,0,295,285,0,10,100,100,0,100,460,90,59250.35250000001,40375.0,18875.352500000008,5
9203,2485,190,295,0,295,295,0,0,105,105,0,105,480,80,49707.630000000005,41225.0,8482.630000000008,5
9204,2485,145,320,0,320,290,5,25,85,85,0,80,430,125,76519.35,39525.0,36994.35000000001,5
9205,2485,195,295,0,295,290,0,5,100,100,0,100,480,45,26872.740000000005,41650.0,-14777.259999999997,5
9206,2485,135,315,0,315,310,5,0,90,90,0,90,440,80,50659.11000000001,38250.0,12409.11000000001,5
9207,2485,160,335,0,335,285,10,40,60,60,0,60,440,75,48681.2025,42075.0,6606.202499999999,5
9208,2485,140,335,0,335,275,40,20,85,85,0,85,410,45,32705.23500000001,40375.0,-7669.7649999999885,5
9209,2485,105,350,0,350,315,20,15,90,90,0,90,415,85,54935.76375000001,38675.0,16260.763750000015,5
9210,2485,190,285,0,285,275,0,10,75,75,0,75,460,60,38102.490000000005,40375.0,-2272.509999999993,5
9211,2485,125,355,0,355,315,30,10,60,60,0,60,435,40,22608.54,40800.0,-18191.46,5
9212,2485,205,295,0,295,290,0,5,80,80,0,80,490,50,28143.719999999998,42500.0,-14356.280000000002,5
9213,2485,145,310,0,310,265,40,5,105,105,0,105,405,60,35862.48,38675.0,-2812.519999999995,5
9214,2485,190,265,0,265,245,10,10,105,105,0,100,430,100,67997.52000000002,38675.0,29322.52000000001,5
9215,2485,125,320,0,320,310,0,10,75,75,0,75,430,70,43680.33,37825.0,5855.330000000004,5
9216,2485,155,315,0,315,285,20,10,95,95,0,95,435,55,31020.120000000003,39950.0,-8929.879999999997,5
9217,2485,185,285,0,285,265,15,5,95,95,0,95,445,55,33481.71,39950.0,-6468.290000000002,5
9218,2485,165,290,0,290,280,5,5,115,115,0,115,440,100,56925.62999999999,38675.0,18250.62999999999,5
9219,2485,195,285,0,285,240,5,40,105,105,0,105,430,110,72665.89312499999,40800.0,31865.893124999995,5
9220,2485,150,320,0,320,310,5,5,65,65,0,65,455,70,45887.535,39950.0,5937.535000000007,5
9221,2485,165,305,0,305,275,20,10,110,110,0,110,435,120,78857.19,39950.0,38907.19000000001,5
9222,2485,145,300,0,300,290,0,10,85,85,0,85,430,110,69094.1925,37825.0,31269.19250000001,5
9223,2485,145,295,0,295,215,70,10,115,115,0,115,355,100,65070.9,37400.0,27670.9,5
9224,2485,110,325,0,325,305,15,5,75,75,0,70,410,45,27449.370000000003,36975.0,-9525.629999999997,5
9225,2485,165,300,0,300,275,15,10,85,85,0,80,435,85,55534.16250000001,39525.0,16009.162500000011,5
9226,2485,110,350,0,350,320,20,10,60,60,0,60,425,45,25813.620000000006,39100.0,-13286.379999999994,5
9227,2485,240,265,0,265,260,0,5,90,90,0,90,495,95,55777.05000000001,42925.0,12852.050000000008,5
9228,2485,80,340,0,340,280,50,10,75,75,0,75,355,110,71820.91125,35700.0,36120.91125,5
9229,2485,160,295,0,295,255,25,15,80,80,0,80,410,65,43793.25750000001,38675.0,5118.257500000009,5
9230,2485,270,265,0,265,245,0,20,105,105,0,105,510,55,32156.190000000006,45475.0,-13318.809999999994,5
9231,2485,140,320,0,320,290,10,20,90,90,0,90,425,135,91749.29062500001,39100.0,52649.29062500001,5
9232,2485,200,295,0,295,265,15,15,80,80,0,75,460,55,32859.36000000001,42075.0,-9215.639999999994,5
9233,2485,160,330,0,330,270,35,25,65,65,0,65,425,90,60033.19500000001,41650.0,18383.195000000007,5
9234,2485,135,305,0,305,300,0,5,75,75,0,75,430,55,33598.26,37400.0,-3801.74,5
9235,2485,115,325,0,325,280,45,0,105,105,0,100,390,45,26334.809999999998,37400.0,-11065.190000000002,5
9236,2485,145,285,0,285,280,0,5,85,85,0,85,420,90,58612.18500000001,36550.0,22062.18500000001,5
9237,2485,230,295,0,295,280,15,0,65,65,0,65,505,70,46060.064999999995,44625.0,1435.064999999995,5
9238,2485,85,325,0,325,320,0,5,75,75,0,75,400,80,48975.659999999996,34850.0,14125.659999999998,5
9239,2485,115,345,0,345,255,65,25,85,85,0,85,365,65,42580.575,39100.0,3480.574999999999,5
9240,2485,210,280,0,280,250,5,25,95,95,0,95,455,60,39123.585000000014,41650.0,-2526.414999999988,5
9241,2485,115,325,0,325,300,25,0,95,95,0,90,410,75,43573.86,37400.0,6173.860000000004,5
9242,2485,135,310,0,310,265,30,15,95,95,0,95,395,65,37879.38,37825.0,54.37999999999647,5
9243,2485,180,275,0,275,265,0,10,105,105,0,105,440,105,67830.39000000001,38675.0,29155.390000000007,5
9244,2485,205,310,0,310,255,40,15,95,95,0,95,455,90,58287.555,43775.0,14512.555000000002,5
9245,2485,130,325,0,325,290,25,10,80,80,0,80,415,55,30417.84,38675.0,-8257.16,5
9246,2485,140,305,0,305,270,15,20,95,95,0,95,405,75,44954.46000000001,37825.0,7129.460000000008,5
9247,2485,150,330,0,330,315,0,15,65,65,0,65,460,20,11523.600000000002,40800.0,-29276.399999999998,5
9248,2485,155,345,0,345,280,45,20,80,80,0,80,430,55,33585.435000000005,42500.0,-8914.564999999993,5
9249,2485,145,295,0,295,295,0,0,90,90,0,90,435,55,29908.260000000006,37400.0,-7491.739999999995,5
9250,2485,195,290,0,290,270,20,0,95,95,0,95,460,65,36274.41,41225.0,-4950.589999999993,5
9251,2485,130,355,0,355,290,65,0,75,75,0,75,415,40,21659.760000000002,41225.0,-19565.239999999998,5
9252,2485,95,350,0,350,280,45,25,90,90,0,90,370,65,41613.885,37825.0,3788.885,5
9253,2485,140,320,0,320,315,0,5,65,65,0,65,450,50,27009.72,39100.0,-12090.279999999999,5
9254,2485,190,275,0,275,265,0,10,75,75,0,75,450,70,42644.52000000001,39525.0,3119.5200000000114,5
9255,2485,130,310,0,310,300,0,10,80,80,0,75,425,80,53790.39000000001,37400.0,16390.390000000007,5
9256,2485,115,340,0,340,305,35,0,80,80,0,80,415,50,29666.07,38675.0,-9008.93,5
9257,2485,145,310,0,310,305,5,0,80,80,0,80,445,115,77058.5175,38675.0,38383.5175,5
9258,2485,165,300,0,300,290,0,10,85,85,0,85,450,90,53413.83,39525.0,13888.829999999998,5
9259,2485,130,305,0,305,250,55,0,90,90,0,90,375,80,44125.65000000001,36975.0,7150.650000000005,5
9260,2485,135,325,0,325,315,0,10,80,80,0,80,445,55,35319.51,39100.0,-3780.4899999999952,5
9261,2485,150,305,0,305,265,35,5,75,75,0,75,410,105,68582.8265625,38675.0,29907.826562500013,5
9262,2485,145,305,0,305,305,0,0,100,100,0,100,445,85,49182.840000000004,38250.0,10932.840000000006,5
9263,2485,160,300,0,300,245,35,20,85,85,0,85,400,90,54079.2,39100.0,14979.2,5
9264,2485,95,350,0,350,320,20,10,70,70,0,70,410,65,40310.55000000001,37825.0,2485.5500000000075,5
9265,2485,150,320,0,320,295,0,25,85,85,0,85,440,35,17596.440000000002,39950.0,-22353.559999999998,5
9266,2485,145,310,0,310,295,5,10,80,80,0,80,435,35,17767.800000000003,38675.0,-20907.199999999997,5
9267,2485,190,295,0,295,285,0,10,85,85,0,85,470,85,61464.026249999995,41225.0,20239.026249999995,5
9268,2485,150,335,0,335,325,0,10,60,60,0,60,470,20,9925.2,41225.0,-31299.8,5
9269,2485,145,330,0,330,315,0,15,80,80,0,80,455,55,29574.9,40375.0,-10800.099999999999,5
9270,2485,110,345,0,345,335,0,10,70,70,0,70,440,60,38743.87500000001,38675.0,68.87500000000728,5
9271,2485,110,340,0,340,305,25,10,75,75,0,70,410,60,36413.55,38250.0,-1836.4499999999953,5
9272,2485,165,300,0,300,300,0,0,85,85,0,85,460,105,71471.34000000003,39525.0,31946.34000000002,5
9273,2485,205,270,0,270,265,0,5,100,100,0,100,465,60,35960.94,40375.0,-4414.059999999995,5
9274,2485,175,280,0,280,240,15,25,125,125,0,125,410,55,32818.23,38675.0,-5856.769999999997,5
9275,2485,175,290,0,290,265,20,5,95,95,0,95,435,100,70900.66125,39525.0,31375.661250000005,5
9276,2485,135,315,0,315,300,15,0,90,90,0,90,430,80,48924.36000000001,38250.0,10674.360000000006,5
9277,2485,135,310,0,310,265,45,0,95,95,0,95,395,110,69500.76750000002,37825.0,31675.76750000001,5
9278,2485,200,295,0,295,265,0,30,85,85,0,85,460,85,57472.582500000004,42075.0,15397.582500000008,5
9279,2485,150,290,0,290,250,30,10,115,115,0,110,395,85,48938.44500000001,37400.0,11538.44500000001,5
9280,2485,175,275,0,275,230,10,35,85,85,0,85,400,70,48730.26375000001,38250.0,10480.263750000013,5
9281,2485,170,290,0,290,255,0,35,105,105,0,105,420,100,75600.03937500001,39100.0,36500.03937500001,5
9282,2485,190,305,0,305,295,10,0,85,85,0,85,480,110,72234.22499999999,42075.0,30159.225,5
9283,2485,115,340,0,340,315,10,15,70,70,0,70,425,50,28522.440000000006,38675.0,-10152.559999999994,5
9284,2485,145,320,0,320,290,15,15,85,85,0,85,430,105,72407.356875,39525.0,32882.356875000005,5
9285,2485,85,330,0,330,315,5,10,75,75,0,70,395,65,42191.887500000004,35275.0,6916.887500000003,5
9286,2485,200,310,0,310,235,75,0,110,110,0,110,430,60,31389.120000000006,43350.0,-11960.879999999994,5
9287,2485,120,345,0,345,260,30,55,95,95,0,95,375,100,64798.24500000001,39525.0,25273.245000000006,5
9288,2485,165,295,0,295,285,5,5,80,80,0,80,445,55,34857.76500000001,39100.0,-4242.2349999999915,5
9289,2485,125,305,0,305,305,0,0,85,85,0,85,425,60,40122.967500000006,36550.0,3572.9675000000043,5
9290,2485,135,330,0,330,315,10,5,95,95,0,90,445,40,20193.840000000004,39525.0,-19331.159999999996,5
9291,2485,105,335,0,335,305,10,20,75,75,0,75,405,80,52247.024999999994,37400.0,14847.024999999994,5
9292,2485,180,295,0,295,285,0,10,90,90,0,90,460,50,29323.440000000006,40375.0,-11051.559999999994,5
9293,2485,110,340,0,340,275,60,5,95,95,0,95,380,55,31179.42000000001,38250.0,-7070.579999999991,5
9294,2485,175,310,0,310,295,5,10,95,95,0,95,465,65,34221.06,41225.0,-7003.940000000002,5
9295,2485,220,270,0,270,245,10,15,95,95,0,95,460,50,27255.06000000001,41650.0,-14394.939999999991,5
9296,2485,125,355,0,355,295,15,45,75,75,0,75,415,70,37216.08,40800.0,-3583.9199999999983,5
9297,2485,115,335,0,335,325,5,5,80,80,0,75,435,60,39153.060000000005,38250.0,903.060000000005,5
9298,2485,220,275,0,275,240,20,15,105,105,0,105,455,75,45036.855,42075.0,2961.855000000005,5
9299,2485,150,325,0,325,295,5,25,60,60,0,60,440,55,38928.87000000001,40375.0,-1446.1299999999937,5
9300,2485,160,305,0,305,290,10,5,90,90,0,90,445,70,37480.32,39525.0,-2044.680000000003,5
9301,2485,130,310,0,310,260,50,0,100,100,0,100,385,55,35560.35,37400.0,-1839.6500000000015,5
9302,2485,110,330,0,330,255,70,5,100,100,0,100,360,70,43064.167499999996,37400.0,5664.167499999994,5
9303,2485,185,300,0,300,280,0,20,65,65,0,65,460,100,72488.97703125002,41225.0,31263.977031250015,5
9304,2485,135,310,0,310,290,10,10,70,70,0,65,420,65,38012.67000000001,37825.0,187.6700000000119,5
9305,2485,135,305,0,305,255,35,15,100,100,0,100,385,55,29170.980000000003,37400.0,-8229.019999999997,5
9306,2485,230,290,0,290,245,20,25,90,90,0,90,470,75,43871.22,44200.0,-328.779999999997,5
9307,2485,180,290,0,290,275,15,0,85,85,0,85,450,90,63276.8625,39950.0,23326.862500000007,5
9308,2485,180,295,0,295,290,0,5,105,105,0,105,465,70,45994.72500000002,40375.0,5619.725000000017,5
9309,2485,85,365,0,365,325,25,15,80,80,0,80,405,60,37118.56500000001,38250.0,-1131.4349999999877,5
9310,2485,140,320,0,320,245,35,40,105,105,0,105,380,90,56117.295000000006,39100.0,17017.295000000006,5
9311,2485,145,325,0,325,315,0,10,75,75,0,70,455,45,24064.74,39950.0,-15885.259999999998,5
9312,2485,90,350,0,350,260,60,30,85,85,0,80,345,45,27613.710000000006,37400.0,-9786.289999999994,5
9313,2485,135,300,0,300,245,40,15,105,105,0,100,375,120,85637.11218750001,36975.0,48662.11218750001,5
9314,2485,180,305,0,305,300,0,5,85,85,0,85,475,65,40270.905,41225.0,-954.0949999999975,5
9315,2485,225,280,0,280,250,15,15,90,90,0,90,470,55,30390.840000000004,42925.0,-12534.159999999996,5
9316,2485,170,285,0,285,235,30,20,95,95,0,90,400,130,92355.78375,38675.0,53680.78375000001,5
9317,2485,165,300,0,300,295,0,5,60,60,0,60,455,50,30756.870000000003,39525.0,-8768.129999999997,5
9318,2485,190,275,0,275,270,5,0,85,85,0,80,455,75,56683.02375000001,39525.0,17158.02375000001,5
9319,2485,125,345,0,345,295,35,15,90,90,0,90,415,60,34047.18,39950.0,-5902.8200000000015,5
9320,2485,145,300,0,300,300,0,0,70,70,0,70,440,50,34328.5875,37825.0,-3496.4124999999967,5
9321,2485,90,335,0,335,280,25,30,60,60,0,60,365,25,14640.84,36125.0,-21484.160000000003,5
9322,2485,175,310,0,310,305,5,0,80,80,0,80,475,65,34029.90000000001,41225.0,-7195.099999999993,5
9323,2485,170,290,0,290,265,20,5,100,100,0,100,430,80,49289.58000000002,39100.0,10189.580000000024,5
9324,2485,195,295,0,295,290,0,5,70,70,0,70,480,85,59126.63625,41650.0,17476.636250000003,5
9325,2485,125,345,0,345,295,30,20,85,85,0,80,415,80,59276.71125000001,39950.0,19326.711250000008,5
9326,2485,165,300,0,300,300,0,0,90,90,0,90,460,65,38579.13000000001,39525.0,-945.8699999999862,5
9327,2485,95,345,0,345,325,15,5,85,85,0,85,415,55,31981.770000000004,37400.0,-5418.229999999994,5
9328,2485,155,295,0,295,280,0,15,65,65,0,65,430,70,41692.14,38250.0,3442.1399999999994,5
9329,2485,175,285,0,285,270,10,5,80,80,0,80,440,50,26680.86,39100.0,-12419.139999999998,5
9330,2485,130,305,0,305,275,15,15,110,110,0,110,400,75,46117.799999999996,36975.0,9142.799999999997,5
9331,2485,140,330,0,330,300,0,30,90,90,0,85,435,75,48561.885,39950.0,8611.885000000002,5
9332,2485,155,330,0,330,310,0,20,70,70,0,70,460,50,30554.730000000003,41225.0,-10670.269999999997,5
9333,2485,200,315,0,315,305,0,10,70,70,0,70,500,65,44226.4725,43775.0,451.47249999999985,5
9334,2485,200,285,0,285,265,10,10,120,120,0,120,460,95,57179.56500000001,41225.0,15954.565000000011,5
9335,2485,150,320,0,320,230,75,15,105,105,0,105,375,90,59491.125000000015,39950.0,19541.12500000001,5
9336,2485,125,320,0,320,295,25,0,85,85,0,85,415,70,43088.985,37825.0,5263.985000000002,5
9337,2485,230,275,0,275,260,0,15,85,85,0,85,485,40,21896.460000000003,42925.0,-21028.539999999997,5
9338,2485,140,325,0,325,315,10,0,70,70,0,70,450,45,24963.120000000003,39525.0,-14561.879999999997,5
9339,2485,150,300,0,300,260,25,15,100,100,0,100,405,70,45384.25500000001,38250.0,7134.255000000012,5
9340,2485,225,265,0,265,260,0,5,90,90,0,90,480,95,61398.56250000001,41650.0,19748.562500000007,5
9341,2485,200,290,0,290,245,15,30,90,90,0,90,440,80,52822.72125,41650.0,11172.721250000004,5
9342,2485,140,315,0,315,290,10,15,90,90,0,90,425,70,43441.56000000001,38675.0,4766.560000000009,5
9343,2485,130,295,0,295,240,35,20,105,105,0,100,365,95,62105.91749999999,36125.0,25980.91749999999,5
9344,2485,180,315,0,315,280,30,5,95,95,0,95,455,50,27705.780000000006,42075.0,-14369.219999999996,5
9345,2485,130,350,0,350,305,30,15,85,85,0,85,430,50,25493.760000000002,40800.0,-15306.239999999998,5
9346,2485,215,275,0,275,260,10,5,90,90,0,90,470,105,67439.7,41650.0,25789.700000000004,5
9347,2485,160,325,0,325,290,15,20,60,60,0,60,445,45,25212.420000000002,41225.0,-16012.579999999998,5
9348,2485,150,300,0,300,300,0,0,85,85,0,85,445,55,30048.48,38250.0,-8201.52,5
9349,2485,115,335,0,335,280,15,40,100,100,0,100,390,90,53254.890000000014,38250.0,15004.890000000014,5
9350,2485,185,315,0,315,315,0,0,75,75,0,75,495,50,31732.515,42500.0,-10767.485,5
9351,2485,150,305,0,305,290,5,10,90,90,0,90,435,55,28113.12,38675.0,-10561.880000000001,5
9352,2485,165,320,0,320,295,10,15,90,90,0,90,455,60,36261.810000000005,41225.0,-4963.189999999995,5
9353,2485,180,285,0,285,265,10,10,110,110,0,110,440,65,37985.310000000005,39525.0,-1539.689999999996,5
9354,2485,170,335,0,335,305,5,25,85,85,0,85,470,20,10185.12,42925.0,-32739.879999999997,5
9355,2485,155,305,0,305,300,0,5,75,75,0,75,450,65,43386.66000000001,39100.0,4286.660000000011,5
9356,2485,100,335,0,335,260,50,25,90,90,0,90,355,130,91157.26500000001,36975.0,54182.26500000001,5
9357,2485,150,295,0,295,265,15,15,110,110,0,105,410,105,65473.109999999986,37825.0,27648.109999999986,5
9358,2485,105,345,0,345,285,20,40,90,90,0,90,385,50,30818.880000000005,38250.0,-7431.119999999996,5
9359,2485,70,365,0,365,335,5,25,65,65,0,65,400,55,39626.685000000005,36975.0,2651.685000000002,5
9360,2485,150,310,0,310,310,0,0,55,55,0,55,455,40,23849.190000000002,39100.0,-15250.809999999998,5
9361,2485,190,270,0,270,245,20,5,95,95,0,90,430,120,71432.775,39100.0,32332.775,5
9362,2485,165,280,0,280,255,10,15,110,110,0,110,415,125,87607.4484375,37825.0,49782.4484375,5
9363,2485,115,300,0,300,265,25,10,100,100,0,100,375,80,43973.46000000001,35275.0,8698.460000000005,5
9364,2485,210,275,0,275,275,0,0,105,105,0,105,480,75,42825.240000000005,41225.0,1600.2400000000034,5
9365,2485,225,270,0,270,255,0,15,80,80,0,80,475,105,66888.85500000001,42075.0,24813.85500000001,5
9366,2485,210,295,0,295,295,0,0,80,80,0,80,500,55,31123.080000000005,42925.0,-11801.919999999995,5
9367,2485,105,340,0,340,315,15,10,95,95,0,95,415,70,45098.415000000015,37825.0,7273.415000000014,5
9368,2485,175,295,0,295,290,0,5,85,85,0,85,460,50,29414.700000000004,39950.0,-10535.299999999997,5
9369,2485,85,335,0,335,300,0,35,65,65,0,60,380,55,34521.75,35700.0,-1178.2499999999982,5
9370,2485,95,340,0,340,305,20,15,90,90,0,90,395,95,57576.6,36975.0,20601.6,5
9371,2485,140,335,0,335,280,45,10,85,85,0,80,415,45,26531.460000000003,40375.0,-13843.539999999997,5
9372,2485,130,305,0,305,305,0,0,85,85,0,85,430,115,78409.42031250002,36975.0,41434.42031250001,5
9373,2485,185,280,0,280,235,45,0,120,120,0,120,415,155,94255.69499999998,39525.0,54730.69499999998,5
9374,2485,190,280,0,280,230,20,30,125,125,0,125,415,115,67660.11000000002,39950.0,27710.110000000022,5
9375,2485,95,295,0,295,275,10,10,80,80,0,75,365,105,69039.675,33150.0,35889.674999999996,5
9376,2485,140,330,0,330,265,45,20,95,95,0,95,400,95,62901.85500000001,39950.0,22951.855000000014,5
9377,2485,260,255,0,255,250,0,5,110,110,0,110,505,80,49272.345,43775.0,5497.345000000005,5
9378,2485,195,280,0,280,255,25,0,95,95,0,90,445,80,56294.842500000006,40375.0,15919.842500000004,5
9379,2485,150,320,0,320,300,0,20,95,95,0,90,445,25,14048.460000000003,39950.0,-25901.539999999994,5
9380,2485,105,345,0,345,335,10,0,85,85,0,85,435,30,15189.840000000002,38250.0,-23060.159999999996,5
9381,2485,120,310,0,310,275,10,25,85,85,0,85,390,50,29369.160000000007,36550.0,-7180.839999999994,5
9382,2485,180,295,0,295,245,45,5,90,90,0,90,420,75,43810.29000000001,40375.0,3435.2900000000045,5
9383,2485,205,295,0,295,265,10,20,90,90,0,90,465,100,68085.55687500002,42500.0,25585.55687500002,5
9384,2485,160,305,0,305,305,0,0,95,95,0,95,460,55,28140.840000000007,39525.0,-11384.159999999993,5
9385,2485,140,325,0,325,275,25,25,80,80,0,80,410,55,33318.27,39525.0,-6206.730000000002,5
9386,2485,130,335,0,335,305,10,20,65,65,0,65,430,55,29120.940000000002,39525.0,-10404.06,5
9387,2485,140,310,0,310,230,45,35,125,125,0,120,365,105,68645.9025,38250.0,30395.902499999993,5
9388,2485,155,300,0,300,260,20,20,125,125,0,125,410,90,52914.96000000001,38675.0,14239.96000000001,5
9389,2485,110,325,0,325,315,10,0,70,70,0,70,420,55,31729.410000000007,36975.0,-5245.589999999993,5
9390,2485,210,280,0,280,275,0,5,90,90,0,90,480,55,29544.480000000003,41650.0,-12105.519999999997,5
9391,2485,195,290,0,290,280,10,0,90,90,0,90,470,60,31909.500000000004,41225.0,-9315.499999999996,5
9392,2485,125,325,0,325,295,5,25,90,90,0,90,415,45,23783.940000000002,38250.0,-14466.059999999998,5
9393,2485,170,285,0,285,275,10,0,80,80,0,80,440,85,59713.85249999999,38675.0,21038.852499999994,5
9394,2485,175,305,0,305,295,10,0,85,85,0,85,465,50,26956.800000000003,40800.0,-13843.199999999997,5
9395,2485,130,320,0,320,260,35,25,85,85,0,85,385,125,88315.16625000002,38250.0,50065.166250000024,5
9396,2485,105,365,0,365,360,0,5,50,50,0,50,460,15,8151.840000000002,39950.0,-31798.159999999996,5
9397,2485,190,295,0,295,280,0,15,95,95,0,90,465,70,41306.58,41225.0,81.58000000000357,5
9398,2485,220,290,0,290,270,0,20,95,95,0,95,485,70,39532.86000000001,43350.0,-3817.1399999999903,5
9399,2485,95,350,0,350,315,20,15,80,80,0,80,405,45,25002.360000000004,37825.0,-12822.639999999996,5
9400,2485,190,270,0,270,265,5,0,90,90,0,90,450,85,52778.925000000025,39100.0,13678.925000000027,5
9401,2485,195,275,0,275,270,0,5,115,115,0,110,460,100,63289.305000000015,39950.0,23339.305000000015,5
9402,2485,125,335,0,335,275,55,5,90,90,0,90,395,80,53140.07250000001,39100.0,14040.072500000006,5
9403,2485,160,305,0,305,305,0,0,80,80,0,80,460,40,24580.53,39525.0,-14944.470000000001,5
9404,2485,180,295,0,295,270,0,25,90,90,0,90,445,120,77261.01187500001,40375.0,36886.01187500001,5
9405,2485,145,315,0,315,285,20,10,100,100,0,100,425,75,46454.85000000001,39100.0,7354.850000000015,5
9406,2485,210,290,0,290,270,0,20,95,95,0,95,475,55,30405.600000000006,42500.0,-12094.399999999996,5
9407,2485,95,345,0,345,315,25,5,85,85,0,85,405,80,46189.215000000004,37400.0,8789.215000000004,5
9408,2485,155,320,0,320,305,5,10,80,80,0,80,455,75,49599.945000000014,40375.0,9224.945000000016,5
9409,2485,130,315,0,315,275,25,15,95,95,0,95,400,75,49395.780000000006,37825.0,11570.780000000004,5
9410,2485,130,350,0,350,285,25,40,95,95,0,95,410,70,48356.74124999999,40800.0,7556.7412499999955,5
9411,2485,135,320,0,320,255,50,15,95,95,0,95,385,55,31207.86,38675.0,-7467.139999999999,5
9412,2485,175,310,0,310,305,0,5,85,85,0,85,475,45,26395.830000000005,41225.0,-14829.169999999995,5
9413,2485,210,295,0,295,250,45,0,100,100,0,100,455,70,44651.205,42925.0,1726.205,5
9414,2485,105,315,0,315,300,5,10,75,75,0,75,400,110,78718.9190625,35700.0,43018.919062500005,5
9415,2485,135,320,0,320,290,5,25,75,75,0,75,420,55,35602.11,38675.0,-3072.8899999999976,5
9416,2485,185,290,0,290,290,0,0,90,90,0,90,470,70,45434.205,40375.0,5059.205000000002,5
9417,2485,125,320,0,320,300,5,15,85,85,0,80,420,90,57822.165000000015,37825.0,19997.165000000015,5
9418,2485,90,345,0,345,340,0,5,65,65,0,65,425,20,10102.320000000002,36975.0,-26872.68,5
9419,2485,120,355,0,355,305,30,20,105,105,0,105,420,75,43330.32,40375.0,2955.3200000000015,5
9420,2485,185,280,0,280,265,5,10,100,100,0,100,445,65,38114.55000000001,39525.0,-1410.4499999999916,5
9421,2485,150,320,0,320,270,5,45,75,75,0,75,415,70,44806.63500000001,39950.0,4856.635000000006,5
9422,2485,175,330,0,330,295,0,35,65,65,0,65,465,45,29830.950000000004,42925.0,-13094.049999999997,5
9423,2485,95,355,0,355,300,25,30,85,85,0,85,390,50,28351.170000000002,38250.0,-9898.829999999998,5
9424,2485,160,320,0,320,285,25,10,90,90,0,90,440,65,36794.07,40800.0,-4005.9299999999985,5
9425,2485,155,320,0,320,285,5,30,80,80,0,80,435,55,29816.640000000007,40375.0,-10558.359999999993,5
9426,2485,230,260,0,260,240,0,20,95,95,0,95,465,85,52659.81,41650.0,11009.809999999998,5
9427,2485,175,275,0,275,240,10,25,90,90,0,90,410,85,49118.04,38250.0,10868.04,5
9428,2485,95,335,0,335,320,10,5,80,80,0,75,410,85,56072.340000000004,36550.0,19522.340000000004,5
9429,2485,165,310,0,310,270,25,15,80,80,0,80,430,60,34646.58,40375.0,-5728.419999999996,5
9430,2485,145,330,0,330,265,55,10,90,90,0,90,405,65,39180.15,40375.0,-1194.8499999999967,5
9431,2485,155,310,0,310,270,30,10,90,90,0,90,420,95,60942.285,39525.0,21417.285000000003,5
9432,2485,110,345,0,345,300,45,0,90,90,0,90,405,65,34145.100000000006,38675.0,-4529.899999999998,5
9433,2485,130,310,0,310,310,0,0,80,80,0,80,435,90,68353.17187500001,37400.0,30953.171875000015,5
9434,2485,165,290,0,290,245,35,10,95,95,0,95,405,120,77075.7525,38675.0,38400.75250000001,5
9435,2485,140,320,0,320,280,30,10,95,95,0,95,415,85,52462.12500000001,39100.0,13362.125000000005,5
9436,2485,165,320,0,320,310,5,5,75,75,0,75,470,60,34074.36,41225.0,-7150.640000000003,5
9437,2485,150,290,0,290,280,5,5,85,85,0,85,425,65,35358.84,37400.0,-2041.1599999999999,5
9438,2485,115,310,0,310,300,0,10,90,90,0,90,410,145,97707.6225,36125.0,61582.6225,5
9439,2485,135,335,0,335,310,10,15,65,65,0,65,440,75,47622.87000000001,39950.0,7672.870000000012,5
9440,2485,175,330,0,330,320,0,10,75,75,0,75,490,40,21357.9,42925.0,-21567.1,5
9441,2485,160,315,0,315,305,0,10,85,85,0,85,460,85,54495.45000000002,40375.0,14120.450000000019,5
9442,2485,170,280,0,280,275,0,5,110,110,0,110,440,100,62048.835,38250.0,23798.835,5
9443,2485,180,310,0,310,270,30,10,75,75,0,75,445,25,14121.900000000003,41650.0,-27528.099999999995,5
9444,2485,180,300,0,300,290,0,10,80,80,0,80,465,90,57856.91625,40800.0,17056.916250000002,5
9445,2485,110,320,0,320,290,25,5,85,85,0,85,395,75,38794.50000000001,36550.0,2244.5000000000073,5
9446,2485,135,325,0,325,300,25,0,80,80,0,80,430,50,28310.04,39100.0,-10789.960000000001,5
9447,2485,150,310,0,310,285,10,15,100,100,0,100,430,110,69995.25,39100.0,30895.250000000007,5
9448,2485,160,305,0,305,260,30,15,95,95,0,95,415,75,43747.47,39525.0,4222.470000000003,5
9449,2485,115,315,0,315,275,15,25,105,105,0,105,385,45,24475.14,36550.0,-12074.859999999999,5
9450,2485,175,300,0,300,300,0,0,80,80,0,80,470,35,18574.380000000005,40375.0,-21800.62,5
9451,2485,170,280,0,280,270,0,10,110,110,0,105,435,85,55771.3125,38250.0,17521.312500000004,5
9452,2485,175,305,0,305,275,10,20,120,120,0,115,445,35,18018.360000000004,40800.0,-22781.64,5
9453,2485,165,275,0,275,250,20,5,100,100,0,100,410,65,33946.38,37400.0,-3453.620000000001,5
9454,2485,175,280,0,280,260,20,0,105,105,0,105,430,80,43557.48000000001,38675.0,4882.480000000014,5
9455,2485,130,340,0,340,315,20,5,80,80,0,80,440,50,29326.140000000007,39950.0,-10623.859999999995,5
9456,2485,160,300,0,300,295,0,5,95,95,0,95,450,135,91811.53125000003,39100.0,52711.53125000003,5
9457,2485,210,290,0,290,265,5,20,95,95,0,95,470,70,41889.78,42500.0,-610.2199999999993,5
9458,2485,175,285,0,285,260,10,15,120,120,0,120,430,80,47034.900000000016,39100.0,7934.900000000016,5
9459,2485,185,280,0,280,260,5,15,110,110,0,110,440,115,71473.275,39525.0,31948.274999999994,5
9460,2485,110,340,0,340,315,5,20,85,85,0,85,420,60,36438.21,38250.0,-1811.7900000000009,5
9461,2485,125,315,0,315,300,10,5,80,80,0,80,420,65,35532.18,37400.0,-1867.8200000000015,5
9462,2485,155,270,0,270,260,0,10,85,85,0,80,410,125,91919.244375,36125.0,55794.244374999995,5
9463,2485,90,345,0,345,325,20,0,75,75,0,75,410,105,72812.20500000002,36975.0,35837.20500000002,5
9464,2485,160,300,0,300,300,0,0,85,85,0,85,455,55,35421.93000000001,39100.0,-3678.0699999999933,5
9465,2485,170,310,0,310,295,10,5,75,75,0,75,460,55,30155.760000000002,40800.0,-10644.24,5
9466,2485,200,270,0,270,260,0,10,105,105,0,105,455,100,66870.32906250002,39950.0,26920.329062500023,5
9467,2485,125,320,0,320,260,45,15,100,100,0,100,380,110,73461.80250000002,37825.0,35636.80250000002,5
9468,2485,185,300,0,300,260,0,40,80,80,0,80,440,40,21050.460000000003,41225.0,-20174.539999999997,5
9469,2485,160,295,0,295,285,0,10,95,95,0,95,440,115,73392.61500000002,38675.0,34717.61500000001,5
9470,2485,140,320,0,320,280,25,15,95,95,0,95,415,90,56100.59999999999,39100.0,17000.599999999995,5
9471,2485,175,290,0,290,235,55,0,100,100,0,95,405,80,49055.67,39525.0,9530.67,5
9472,2485,175,315,0,315,285,0,30,95,95,0,95,455,60,32791.14000000001,41650.0,-8858.859999999995,5
9473,2485,130,315,0,315,290,20,5,85,85,0,85,415,90,54755.730000000025,37825.0,16930.73000000002,5
9474,2485,130,340,0,340,305,30,5,85,85,0,85,430,75,45239.715000000004,39950.0,5289.715000000006,5
9475,2485,185,295,0,295,280,0,15,95,95,0,95,460,55,28143.0,40800.0,-12656.999999999998,5
9476,2485,205,270,0,270,270,0,0,85,85,0,85,470,95,61586.415000000015,40375.0,21211.415000000015,5
9477,2485,135,315,0,315,300,5,10,90,90,0,85,430,45,25092.540000000005,38250.0,-13157.459999999995,5
9478,2485,120,335,0,335,295,40,0,85,85,0,85,410,110,77361.9271875,38675.0,38686.927187500005,5
9479,2485,110,340,0,340,310,0,30,70,70,0,70,415,75,46721.88000000001,38250.0,8471.88000000001,5
9480,2485,140,330,0,330,330,0,0,65,65,0,65,465,65,39793.95,39950.0,-156.05000000000018,5
9481,2485,100,335,0,335,305,25,5,60,60,0,55,400,70,47646.12375,36975.0,10671.123749999997,5
9482,2485,130,325,0,325,310,0,15,65,65,0,65,435,80,48290.130000000005,38675.0,9615.130000000008,5
9483,2485,115,310,0,310,305,0,5,75,75,0,75,415,75,52234.03125,36125.0,16109.031249999998,5
9484,2485,135,310,0,310,295,5,10,70,70,0,70,425,65,39495.69000000001,37825.0,1670.6900000000087,5
9485,2485,160,310,0,310,305,0,5,85,85,0,85,460,70,43773.77250000001,39950.0,3823.7725000000046,5
9486,2485,175,280,0,280,245,35,0,70,70,0,70,415,135,92677.08937500001,38675.0,54002.08937500001,5
9487,2485,220,280,0,280,280,0,0,80,80,0,80,495,65,40463.280000000006,42500.0,-2036.7199999999957,5
9488,2485,255,285,0,285,280,0,5,65,65,0,65,530,25,15651.0,45900.0,-30249.0,5
9489,2485,185,270,0,270,250,0,20,95,95,0,95,430,90,55916.325000000004,38675.0,17241.325000000004,5
9490,2485,125,320,0,320,320,0,0,70,70,0,70,440,60,36119.25,37825.0,-1705.7499999999982,5
9491,2485,160,315,0,315,275,35,5,95,95,0,95,430,85,48391.92,40375.0,8016.92,5
9492,2485,115,350,0,350,330,0,20,55,55,0,55,440,35,19843.38,39525.0,-19681.62,5
9493,2485,195,265,0,265,240,20,5,120,120,0,120,430,95,58557.60000000001,39100.0,19457.600000000013,5
9494,2485,175,290,0,290,220,45,25,110,110,0,105,390,50,32149.102500000008,39525.0,-7375.897499999992,5
9495,2485,135,315,0,315,280,30,5,110,110,0,110,410,90,52999.47,38250.0,14749.470000000001,5
9496,2485,140,305,0,305,290,15,0,85,85,0,85,425,65,41305.995,37825.0,3480.9950000000026,5
9497,2485,195,305,0,305,280,5,20,90,90,0,90,470,60,35814.645000000004,42500.0,-6685.354999999995,5
9498,2485,135,285,0,285,270,15,0,100,100,0,100,400,120,83465.51625,35700.0,47765.51625,5
9499,2485,130,300,0,300,300,0,0,90,90,0,90,425,75,47824.56000000001,36550.0,11274.56000000001,5
9500,2485,135,320,0,320,290,10,20,50,50,0,50,420,70,47991.55500000001,38675.0,9316.555000000008,5
9501,2485,125,335,0,335,280,25,30,95,95,0,95,400,60,41326.13250000001,39100.0,2226.1325000000033,5
9502,2485,175,275,0,275,270,0,5,100,100,0,100,440,70,44646.66,38250.0,6396.660000000002,5
9503,2485,160,290,0,290,250,10,30,120,120,0,120,405,115,76524.68250000001,38250.0,38274.68250000001,5
9504,2485,125,320,0,320,275,15,30,95,95,0,95,395,100,64573.57125000001,37825.0,26748.571250000005,5
9505,2485,110,350,0,350,270,60,20,90,90,0,90,375,90,53880.659999999996,39100.0,14780.659999999998,5
9506,2485,195,285,0,285,285,0,0,125,125,0,125,475,120,69882.12000000002,40800.0,29082.120000000024,5
9507,2485,120,310,0,310,280,5,25,95,95,0,95,395,105,69561.675,36550.0,33011.675,5
9508,2485,135,315,0,315,290,25,0,85,85,0,85,420,95,62695.215000000026,38250.0,24445.215000000026,5
9509,2485,150,300,0,300,280,10,10,90,90,0,90,425,85,49508.01000000001,38250.0,11258.010000000013,5
9510,2485,155,320,0,320,265,45,10,120,120,0,120,415,80,46492.65000000001,40375.0,6117.650000000012,5
9511,2485,130,315,0,315,310,0,5,80,80,0,80,435,85,50869.71000000001,37825.0,13044.710000000005,5
9512,2485,160,275,0,275,260,15,0,115,115,0,115,415,115,78167.58750000001,36975.0,41192.58750000001,5
9513,2485,115,300,0,300,265,10,25,95,95,0,95,375,95,63039.678750000014,35275.0,27764.678750000014,5
9514,2485,150,315,0,315,255,60,0,100,100,0,100,400,65,37305.090000000004,39525.0,-2219.9099999999953,5
9515,2485,170,275,0,275,260,10,5,115,115,0,115,425,90,50835.420000000006,37825.0,13010.420000000004,5
9516,2485,110,320,0,320,280,35,5,90,90,0,90,385,70,43439.40000000001,36550.0,6889.400000000005,5
9517,2485,115,340,0,340,320,15,5,75,75,0,75,430,60,33287.04000000001,38675.0,-5387.959999999994,5
9518,2485,190,300,0,300,280,0,20,90,90,0,90,465,80,45704.250000000015,41650.0,4054.250000000011,5
9519,2485,205,285,0,285,250,5,30,90,90,0,90,450,110,70778.54250000001,41650.0,29128.54250000001,5
9520,2485,125,300,0,300,265,15,20,110,110,0,110,385,90,52406.01000000001,36125.0,16281.010000000006,5
9521,2485,190,305,0,305,280,0,25,70,70,0,70,465,70,42936.93000000001,42075.0,861.9300000000112,5
9522,2485,120,315,0,315,295,20,0,95,95,0,95,410,85,51012.45000000002,36975.0,14037.450000000017,5
9523,2485,165,275,0,275,245,15,15,85,85,0,85,405,110,88211.2303125,37400.0,50811.23031250001,5
9524,2485,210,270,0,270,250,15,5,105,105,0,105,455,105,65877.29999999999,40800.0,25077.299999999996,5
9525,2485,165,290,0,290,275,5,10,100,100,0,95,435,70,37544.4,38675.0,-1130.5999999999995,5
9526,2485,135,315,0,315,310,5,0,110,110,0,110,440,60,36727.29000000001,38250.0,-1522.7099999999928,5
9527,2485,180,300,0,300,300,0,0,75,75,0,75,475,75,41716.26000000001,40800.0,916.2600000000111,5
9528,2485,255,285,0,285,245,5,35,105,105,0,105,495,70,46267.020000000004,45900.0,367.02000000000226,5
9529,2485,150,325,0,325,265,45,15,105,105,0,105,410,85,53070.390000000014,40375.0,12695.390000000016,5
9530,2485,160,295,0,295,260,30,5,100,100,0,100,415,90,51476.08499999999,38675.0,12801.084999999994,5
9531,2485,170,305,0,305,265,30,10,90,90,0,90,430,120,76144.95000000001,40375.0,35769.95000000002,5
9532,2485,195,285,0,285,280,5,0,80,80,0,80,470,110,73127.83500000002,40800.0,32327.835000000014,5
9533,2485,170,295,0,295,280,15,0,75,75,0,75,445,60,32433.120000000003,39525.0,-7091.8799999999965,5
9534,2485,135,325,0,325,275,50,0,95,95,0,90,405,85,56588.85000000002,39100.0,17488.85000000002,5
9535,2485,135,335,0,335,325,10,0,85,85,0,85,455,40,21693.060000000005,39950.0,-18256.939999999995,5
9536,2485,115,320,0,320,300,5,15,90,90,0,85,410,75,48148.87500000001,36975.0,11173.875000000007,5
9537,2485,150,305,0,305,305,0,0,85,85,0,85,450,75,44023.590000000004,38675.0,5348.590000000004,5
9538,2485,175,310,0,310,310,0,0,80,80,0,80,480,60,36272.97,41225.0,-4952.03,5
9539,2485,130,330,0,330,275,30,25,85,85,0,85,400,120,77860.7775,39100.0,38760.777500000004,5
9540,2485,165,290,0,290,270,15,5,90,90,0,90,430,65,37380.780000000006,38675.0,-1294.2199999999957,5
9541,2485,130,300,0,300,280,20,0,110,110,0,105,405,100,58133.83500000001,36550.0,21583.835000000006,5
9542,2485,175,275,0,275,260,15,0,140,140,0,140,430,75,38928.96,38250.0,678.9600000000019,5
9543,2485,190,300,0,300,260,25,15,100,100,0,100,445,85,50962.99500000001,41650.0,9312.99500000001,5
9544,2485,150,300,0,300,295,0,5,60,60,0,60,440,70,51501.4875,38250.0,13251.487500000003,5
9545,2485,185,275,0,275,270,0,5,110,110,0,110,450,60,32091.660000000003,39100.0,-7008.339999999998,5
9546,2485,140,305,0,305,255,30,20,100,100,0,100,390,70,44225.82000000001,37825.0,6400.820000000003,5
9547,2485,80,355,0,355,310,25,20,75,75,0,75,385,60,37148.310000000005,36975.0,173.31000000000586,5
9548,2485,70,365,0,365,325,30,10,60,60,0,60,390,60,38852.594999999994,36975.0,1877.5949999999966,5
9549,2485,230,260,0,260,240,5,15,110,110,0,105,465,90,58456.60875000001,41650.0,16806.608750000007,5
9550,2485,110,340,0,340,320,5,15,65,65,0,65,425,55,37641.735,38250.0,-608.2649999999967,5
9551,2485,135,325,0,325,305,20,0,85,85,0,85,435,55,30436.199999999997,39100.0,-8663.800000000001,5
9552,2485,130,295,0,295,260,30,5,100,100,0,100,385,170,115992.54000000007,36125.0,79867.54000000007,5
9553,2485,170,315,0,315,275,15,25,85,85,0,85,440,70,43406.91,41225.0,2181.910000000007,5
9554,2485,150,310,0,310,260,50,0,95,95,0,95,405,65,38304.00000000001,39100.0,-795.9999999999945,5
9555,2485,100,340,0,340,320,0,20,75,75,0,75,415,45,26918.100000000006,37400.0,-10481.899999999996,5
9556,2485,155,315,0,315,300,0,15,75,75,0,75,450,115,80146.22625,39950.0,40196.22625,5
9557,2485,200,285,0,285,285,0,0,90,90,0,90,480,60,38248.60500000001,41225.0,-2976.394999999993,5
9558,2485,145,325,0,325,320,0,5,80,80,0,80,460,65,35854.56000000001,39950.0,-4095.4399999999896,5
9559,2485,150,335,0,335,280,55,0,80,80,0,80,425,40,23136.120000000003,41225.0,-18088.879999999997,5
9560,2485,125,345,0,345,345,0,0,60,60,0,60,465,45,24356.16,39950.0,-15593.84,5
9561,2485,185,305,0,305,295,5,5,90,90,0,90,475,95,63592.76812500002,41650.0,21942.76812500002,5
9562,2485,195,310,0,310,285,25,0,80,80,0,80,475,75,46600.60500000001,42925.0,3675.605000000014,5
9563,2485,120,345,0,345,335,0,10,60,60,0,60,450,45,25555.86,39525.0,-13969.139999999998,5
9564,2485,120,340,0,340,340,0,0,60,60,0,60,455,70,46744.965000000004,39100.0,7644.965000000002,5
9565,2485,170,285,0,285,265,0,20,95,95,0,95,430,105,67735.80000000002,38675.0,29060.800000000017,5
9566,2485,165,310,0,310,300,0,10,90,90,0,90,460,65,35724.24,40375.0,-4650.76,5
9567,2485,105,345,0,345,275,65,5,85,85,0,85,375,65,40437.54,38250.0,2187.539999999999,5
9568,2485,120,315,0,315,305,0,10,95,95,0,95,420,80,49124.925,36975.0,12149.925000000003,5
9569,2485,165,280,0,280,275,0,5,70,70,0,70,435,100,69589.2375,37825.0,31764.23750000001,5
9570,2485,155,325,0,325,290,30,5,85,85,0,85,440,70,41989.455,40800.0,1189.454999999998,5
9571,2485,185,285,0,285,255,0,30,110,110,0,105,435,130,88672.005,39950.0,48722.005000000005,5
9572,2485,120,335,0,335,320,0,15,80,80,0,80,435,45,26126.909999999996,38675.0,-12548.090000000002,5
9573,2485,90,335,0,335,305,10,20,80,80,0,80,390,60,40910.08500000001,36125.0,4785.085000000008,5
9574,2485,110,330,0,330,270,20,40,80,80,0,80,375,65,45778.23,37400.0,8378.230000000003,5
9575,2485,180,325,0,325,300,20,5,80,80,0,80,475,50,29123.19,42925.0,-13801.810000000001,5
9576,2485,125,310,0,310,210,75,25,115,115,0,115,330,125,79563.69000000003,36975.0,42588.690000000024,5
9577,2485,90,345,0,345,295,30,20,65,65,0,60,380,85,56316.121875,36975.0,19341.121874999997,5
9578,2485,145,310,0,310,280,25,5,95,95,0,95,420,60,34369.560000000005,38675.0,-4305.439999999994,5
9579,2485,195,310,0,310,280,15,15,85,85,0,85,470,45,25424.460000000003,42925.0,-17500.539999999997,5
9580,2485,120,310,0,310,305,0,5,60,60,0,60,420,65,48821.06250000001,36550.0,12271.062500000007,5
9581,2485,150,275,0,275,275,0,0,120,120,0,115,420,130,84494.29499999998,36125.0,48369.294999999984,5
9582,2485,160,285,0,285,260,25,0,100,100,0,100,415,80,48948.84000000001,37825.0,11123.84000000001,5
9583,2485,125,320,0,320,295,15,10,85,85,0,80,415,85,55023.232500000006,37825.0,17198.232500000006,5
9584,2485,90,320,0,320,310,5,5,80,80,0,80,395,40,20658.420000000002,34850.0,-14191.579999999998,5
9585,2485,175,275,0,275,255,10,10,135,135,0,135,425,85,50473.890000000014,38250.0,12223.89000000001,5
9586,2485,115,330,0,330,315,5,10,85,85,0,85,425,70,41354.73000000001,37825.0,3529.7300000000087,5
9587,2485,85,325,0,325,310,10,5,75,75,0,75,390,90,56971.350000000006,34850.0,22121.350000000002,5
9588,2485,95,350,0,350,300,25,25,75,75,0,75,390,55,32552.280000000006,37825.0,-5272.719999999995,5
9589,2485,165,275,0,275,270,5,0,100,100,0,100,430,60,34961.94,37400.0,-2438.0600000000004,5
9590,2485,80,350,0,350,315,15,20,70,70,0,70,390,30,17538.480000000003,36550.0,-19011.519999999997,5
9591,2485,80,340,0,340,305,15,20,75,75,0,75,380,65,39293.55,35700.0,3593.55,5
9592,2485,105,340,0,340,330,0,10,70,70,0,70,430,45,23749.38,37825.0,-14075.619999999999,5
9593,2485,175,300,0,300,260,20,20,95,95,0,90,430,25,14288.580000000002,40375.0,-26086.42,5
9594,2485,150,295,0,295,290,5,0,80,80,0,80,435,75,51810.345,37825.0,13985.344999999998,5
9595,2485,180,305,0,305,295,10,0,75,75,0,75,470,60,36049.59,41225.0,-5175.410000000002,5
9596,2485,210,275,0,275,260,15,0,120,120,0,120,465,100,62299.080000000016,41225.0,21074.080000000013,5
9597,2485,160,315,0,315,265,40,10,75,75,0,75,420,85,59037.435000000005,40375.0,18662.435000000005,5
9598,2485,185,320,0,320,280,40,0,85,85,0,85,460,55,28109.520000000004,42925.0,-14815.479999999998,5
9599,2485,160,265,0,265,265,0,0,100,100,0,100,420,75,51497.358750000014,36125.0,15372.358750000012,5
9600,2485,140,310,0,310,260,20,30,95,95,0,95,395,105,66524.985,38250.0,28274.985000000008,5
9601,2485,225,295,0,295,280,10,5,60,60,0,60,500,50,29650.590000000004,44200.0,-14549.409999999998,5
9602,2485,130,300,0,300,270,30,0,100,100,0,95,395,65,35691.12,36550.0,-858.8799999999992,5
9603,2485,160,315,0,315,315,0,0,85,85,0,85,470,60,33950.79000000001,40375.0,-6424.209999999994,5
9604,2485,200,290,0,290,275,15,0,110,110,0,110,470,60,31452.480000000003,41650.0,-10197.519999999995,5
9605,2485,130,300,0,300,290,0,10,80,80,0,80,415,60,33831.36,36550.0,-2718.639999999996,5
9606,2485,105,325,0,325,320,0,5,85,85,0,85,420,30,14838.480000000001,36550.0,-21711.52,5
9607,2485,110,315,0,315,295,5,15,50,50,0,50,400,70,48050.88750000001,36125.0,11925.887500000008,5
9608,2485,115,345,0,345,285,25,35,80,80,0,80,395,55,30568.680000000004,39100.0,-8531.319999999996,5
9609,2485,150,290,0,290,285,5,0,90,90,0,90,430,80,47629.89000000001,37400.0,10229.890000000005,5
9610,2485,190,290,0,290,275,5,10,80,80,0,80,460,100,68992.2225,40800.0,28192.222500000007,5
9611,2485,90,355,0,355,305,35,15,85,85,0,85,390,75,50352.14250000001,37825.0,12527.142500000009,5
9612,2485,105,350,0,350,280,30,40,90,90,0,85,380,80,51523.065,38675.0,12848.065000000006,5
9613,2485,165,305,0,305,265,30,10,80,80,0,80,425,75,47014.47000000001,39950.0,7064.47000000001,5
9614,2485,130,295,0,295,265,20,10,90,90,0,90,390,80,53971.717500000006,36125.0,17846.717500000006,5
9615,2485,135,310,0,310,300,10,0,75,75,0,70,430,75,52160.29875,37825.0,14335.298750000002,5
9616,2485,205,285,0,285,280,5,0,80,80,0,80,480,60,33423.30000000001,41650.0,-8226.699999999992,5
9617,2485,85,350,0,350,330,15,5,45,45,0,45,410,45,29616.975000000002,36975.0,-7358.024999999998,5
9618,2485,115,330,0,330,280,25,25,110,110,0,110,390,110,75239.595,37825.0,37414.595,5
9619,2485,125,310,0,310,270,20,20,85,85,0,85,390,90,64760.67000000001,36975.0,27785.67000000001,5
9620,2485,195,295,0,295,290,0,5,75,75,0,75,480,50,30247.289999999997,41650.0,-11402.710000000003,5
9621,2485,170,290,0,290,250,35,5,80,80,0,80,415,100,65581.785,39100.0,26481.785,5
9622,2485,170,305,0,305,270,30,5,75,75,0,75,435,55,33232.95,40375.0,-7142.050000000004,5
9623,2485,190,305,0,305,275,10,20,95,95,0,95,460,25,11881.08,42075.0,-30193.92,5
9624,2485,185,280,0,280,255,20,5,100,100,0,100,435,60,36195.21000000001,39525.0,-3329.7899999999936,5
9625,2485,80,355,0,355,290,35,30,75,75,0,75,365,60,32054.940000000006,36975.0,-4920.059999999994,5
9626,2485,160,325,0,325,310,0,15,80,80,0,80,465,65,35940.6,41225.0,-5284.400000000001,5
9627,2485,105,330,0,330,280,20,30,85,85,0,85,380,35,20194.920000000006,36975.0,-16780.079999999994,5
9628,2485,165,300,0,300,295,0,5,105,105,0,105,455,80,43278.12000000001,39525.0,3753.120000000008,5
9629,2485,170,310,0,310,295,15,0,80,80,0,80,460,60,38539.575,40800.0,-2260.4250000000047,5
9630,2485,160,280,0,280,275,5,0,90,90,0,90,430,105,71316.42750000002,37400.0,33916.42750000003,5
9631,2485,205,290,0,290,210,55,25,120,120,0,120,410,115,64512.27000000002,42075.0,22437.27000000002,5
9632,2485,140,325,0,325,290,20,15,85,85,0,85,425,55,32062.140000000007,39525.0,-7462.8599999999915,5
9633,2485,100,355,0,355,315,10,30,65,65,0,65,410,50,31932.675,38675.0,-6742.325000000001,5
9634,2485,155,325,0,325,305,20,0,80,80,0,80,455,50,28904.310000000005,40800.0,-11895.689999999995,5
9635,2485,145,325,0,325,315,10,0,65,65,0,65,455,45,23123.520000000004,39950.0,-16826.479999999996,5
9636,2485,155,305,0,305,285,10,10,95,95,0,90,435,70,40426.56,39100.0,1326.5599999999995,5
9637,2485,170,290,0,290,275,0,15,100,100,0,95,440,95,61653.735000000015,39100.0,22553.735000000015,5
9638,2485,135,320,0,320,315,0,5,85,85,0,80,445,65,40451.130000000005,38675.0,1776.1300000000028,5
9639,2485,115,315,0,315,295,15,5,95,95,0,90,405,70,44641.39500000001,36550.0,8091.395000000011,5
9640,2485,135,310,0,310,300,5,5,70,70,0,70,430,10,5252.76,37825.0,-32572.24,5
9641,2485,140,315,0,315,270,35,10,60,60,0,60,405,110,76512.04875000003,38675.0,37837.04875000003,5
9642,2485,205,295,0,295,260,30,5,110,110,0,110,460,50,30270.870000000003,42500.0,-12229.129999999996,5
9643,2485,185,290,0,290,250,40,0,130,130,0,130,430,75,45143.91,40375.0,4768.910000000005,5
9644,2485,155,295,0,295,290,5,0,110,110,0,110,440,120,77254.74000000002,38250.0,39004.74000000002,5
9645,2485,150,305,0,305,220,60,25,105,105,0,105,365,105,68023.84500000003,38675.0,29348.84500000003,5
9646,2485,175,315,0,315,310,5,0,85,85,0,85,480,95,57656.92500000001,41650.0,16006.92500000001,5
9647,2485,125,325,0,325,310,5,10,65,65,0,60,430,45,24611.039999999997,38250.0,-13638.960000000003,5
9648,2485,240,290,0,290,245,20,25,75,75,0,70,480,50,30962.43,45050.0,-14087.57,5
9649,2485,135,345,0,345,305,40,0,60,60,0,55,435,30,15164.280000000002,40800.0,-25635.719999999998,5
9650,2485,115,340,0,340,305,10,25,95,95,0,90,415,40,21906.9,38675.0,-16768.1,5
9651,2485,125,330,0,330,300,25,5,80,80,0,80,420,80,47840.67000000002,38675.0,9165.670000000018,5
9652,2485,160,275,0,275,225,50,0,135,135,0,135,380,85,51064.33500000002,36975.0,14089.33500000002,5
9653,2485,180,300,0,300,290,10,0,85,85,0,85,465,95,60326.19,40800.0,19526.190000000006,5
9654,2485,115,330,0,330,265,30,35,100,100,0,100,375,50,24457.320000000007,37825.0,-13367.679999999991,5
9655,2485,100,340,0,340,330,0,10,70,70,0,65,425,55,32788.575,37400.0,-4611.424999999999,5
9656,2485,140,330,0,330,280,25,25,100,100,0,100,415,75,46902.915,39950.0,6952.915000000003,5
9657,2485,120,325,0,325,270,40,15,110,110,0,110,385,90,57126.622500000005,37825.0,19301.622500000005,5
9658,2485,155,285,0,285,270,15,0,75,75,0,75,420,45,26632.170000000006,37400.0,-10767.829999999994,5
9659,2485,85,355,0,355,315,40,0,75,75,0,75,395,55,31747.860000000004,37400.0,-5652.139999999995,5
9660,2485,140,315,0,315,275,25,15,105,105,0,105,410,60,33681.69,38675.0,-4993.309999999997,5
9661,2485,140,300,0,300,275,25,0,90,90,0,90,410,110,76123.845,37400.0,38723.845,5
9662,2485,95,355,0,355,285,65,5,80,80,0,80,375,80,46047.69,38250.0,7797.690000000002,5
9663,2485,190,305,0,305,265,20,20,100,100,0,100,450,65,35993.88000000001,42075.0,-6081.119999999987,5
9664,2485,225,260,0,260,235,0,25,110,110,0,110,455,75,40430.16,41225.0,-794.8399999999947,5
9665,2485,90,335,0,335,285,35,15,80,80,0,80,370,80,51759.49500000001,36125.0,15634.495000000006,5
9666,2485,235,280,0,280,280,0,0,70,70,0,70,510,65,38375.91,43775.0,-5399.0899999999965,5
9667,2485,190,300,0,300,280,10,10,75,75,0,75,465,85,59380.52906250002,41650.0,17730.52906250002,5
9668,2485,145,320,0,320,305,0,15,85,85,0,85,445,50,28748.160000000003,39525.0,-10776.839999999997,5
9669,2485,180,300,0,300,280,5,15,90,90,0,90,455,60,36454.59,40800.0,-4345.410000000002,5
9670,2485,100,350,0,350,325,5,20,70,70,0,70,420,65,39599.1,38250.0,1349.0999999999985,5
9671,2485,135,325,0,325,295,10,20,95,95,0,95,425,95,58769.41500000001,39100.0,19669.415000000008,5
9672,2485,190,320,0,320,295,5,20,70,70,0,70,480,40,19938.600000000002,43350.0,-23411.399999999994,5
9673,2485,105,325,0,325,280,45,0,85,85,0,80,380,115,79547.94000000002,36550.0,42997.94000000002,5
9674,2485,170,295,0,295,245,40,10,110,110,0,110,410,85,44990.46000000001,39525.0,5465.460000000003,5
9675,2485,130,315,0,315,280,30,5,100,100,0,100,405,100,63120.46500000003,37825.0,25295.465000000033,5
9676,2485,155,310,0,310,265,45,0,110,110,0,105,415,90,53047.44,39525.0,13522.440000000006,5
9677,2485,175,290,0,290,280,0,10,100,100,0,95,450,65,42675.84000000001,39525.0,3150.8400000000074,5
9678,2485,125,330,0,330,285,35,10,75,75,0,75,405,60,35229.6,38675.0,-3445.400000000004,5
9679,2485,145,315,0,315,275,30,10,90,90,0,85,415,65,38478.87,39100.0,-621.1299999999983,5
9680,2485,175,295,0,295,280,0,15,105,105,0,105,450,115,81571.30312500002,39950.0,41621.30312500002,5
9681,2485,205,260,0,260,225,25,10,90,90,0,90,425,115,77505.07500000001,39525.0,37980.075000000004,5
9682,2485,115,330,0,330,305,20,5,70,70,0,70,415,60,34681.5,37825.0,-3143.499999999999,5
9683,2485,135,325,0,325,305,5,15,65,65,0,65,435,55,34072.965000000004,39100.0,-5027.034999999996,5
9684,2485,95,330,0,330,295,30,5,75,75,0,75,385,70,43367.49,36125.0,7242.489999999998,5
9685,2485,165,290,0,290,285,5,0,85,85,0,85,445,95,67990.13999999998,38675.0,29315.139999999992,5
9686,2485,120,320,0,320,305,15,0,85,85,0,85,420,25,12555.720000000001,37400.0,-24844.28,5
9687,2485,170,300,0,300,285,0,15,75,75,0,70,450,85,59187.94875,39950.0,19237.948750000003,5
9688,2485,115,330,0,330,305,20,5,100,100,0,95,415,85,51538.68000000001,37825.0,13713.680000000004,5
9689,2485,140,345,0,345,280,55,10,80,80,0,75,415,65,41457.240000000005,41225.0,232.2400000000016,5
9690,2485,220,295,0,295,265,15,15,75,75,0,75,480,30,16375.140000000003,43775.0,-27399.86,5
9691,2485,160,310,0,310,295,15,0,90,90,0,90,450,70,45775.84500000001,39950.0,5825.845000000008,5
9692,2485,165,295,0,295,290,0,5,90,90,0,90,450,100,66082.68,39100.0,26982.68,5
9693,2485,145,305,0,305,265,25,15,105,105,0,105,405,100,59507.01000000001,38250.0,21257.01000000001,5
9694,2485,150,330,0,330,295,10,25,100,100,0,100,440,45,23092.200000000004,40800.0,-17707.799999999996,5
9695,2485,140,320,0,320,295,15,10,95,95,0,95,430,50,28689.300000000003,39100.0,-10410.699999999997,5
9696,2485,175,305,0,305,300,0,5,85,85,0,85,470,65,37907.91,40800.0,-2892.089999999994,5
9697,2485,115,305,0,305,300,5,0,85,85,0,85,410,85,57300.0075,35700.0,21600.0075,5
9698,2485,110,345,0,345,295,30,20,90,90,0,85,400,30,15633.000000000004,38675.0,-23042.0,5
9699,2485,100,335,0,335,300,30,5,85,85,0,85,395,95,59673.73500000001,36975.0,22698.735000000008,5
9700,2485,195,245,0,245,220,0,25,120,120,0,120,410,155,105143.16937500003,37400.0,67743.16937500003,5
9701,2485,200,280,0,280,260,5,15,105,105,0,105,455,90,56000.520000000004,40800.0,15200.520000000006,5
9702,2485,180,300,0,300,280,20,0,85,85,0,80,455,50,33005.880000000005,40800.0,-7794.119999999998,5
9703,2485,125,330,0,330,295,25,10,80,80,0,80,415,90,60094.62,38675.0,21419.620000000003,5
9704,2485,150,295,0,295,265,15,15,90,90,0,90,410,110,75683.835,37825.0,37858.83500000001,5
9705,2485,170,290,0,290,265,10,15,100,100,0,100,430,100,63794.7,39100.0,24694.699999999993,5
9706,2485,150,290,0,290,260,30,0,95,95,0,95,405,95,60549.12000000001,37400.0,23149.12000000001,5
9707,2485,185,290,0,290,275,5,10,105,105,0,105,455,105,65912.4,40375.0,25537.399999999998,5
9708,2485,140,310,0,310,300,10,0,115,115,0,115,435,65,37974.420000000006,38250.0,-275.5799999999954,5
9709,2485,175,280,0,280,255,5,20,110,110,0,110,425,75,44840.43000000001,38675.0,6165.430000000006,5
9710,2485,205,225,0,225,210,10,5,150,150,0,150,410,210,148563.4387500001,36550.0,112013.43875000009,5
9711,2485,180,295,0,295,290,5,0,80,80,0,80,465,65,36904.50000000001,40375.0,-3470.4999999999927,5
9712,2485,205,285,0,285,275,0,10,70,70,0,65,475,75,46776.645000000004,41650.0,5126.645000000008,5
9713,2485,185,290,0,290,265,20,5,85,85,0,85,445,85,54407.205,40375.0,14032.205000000004,5
9714,2485,135,320,0,320,320,0,0,85,85,0,85,450,55,28411.199999999997,38675.0,-10263.800000000001,5
9715,2485,130,325,0,325,310,5,10,75,75,0,75,435,90,58944.296250000014,38675.0,20269.296250000014,5
9716,2485,115,340,0,340,265,50,25,95,95,0,95,375,100,63931.0275,38675.0,25256.0275,5
9717,2485,160,320,0,320,305,0,15,60,60,0,60,460,55,29739.78,40800.0,-11060.22,5
9718,2485,155,330,0,330,300,0,30,60,60,0,60,450,45,28829.385000000002,41225.0,-12395.614999999998,5
9719,2485,130,330,0,330,300,5,25,75,75,0,70,425,40,22762.799999999996,39100.0,-16337.200000000003,5
9720,2485,160,300,0,300,235,60,5,125,125,0,125,390,110,68727.23999999999,39100.0,29627.23999999999,5
9721,2485,165,285,0,285,280,5,0,90,90,0,90,440,90,54331.020000000004,38250.0,16081.020000000008,5
9722,2485,175,315,0,315,310,0,5,85,85,0,85,480,45,24013.980000000003,41650.0,-17636.019999999997,5
9723,2485,85,360,0,360,265,85,10,80,80,0,80,345,90,58226.76,37825.0,20401.760000000002,5
9724,2485,155,310,0,310,270,15,25,90,90,0,90,420,70,42872.76000000001,39525.0,3347.7600000000075,5
9725,2485,175,305,0,305,260,5,40,95,95,0,95,430,60,32639.400000000005,40800.0,-8160.599999999995,5
9726,2485,100,360,0,360,325,25,10,65,65,0,65,420,35,22264.2,39100.0,-16835.8,5
9727,2485,170,295,0,295,295,0,0,85,85,0,85,460,70,45711.49500000001,39525.0,6186.4950000000135,5
9728,2485,160,280,0,280,270,10,0,105,105,0,105,425,125,78172.92000000001,37400.0,40772.92000000001,5
9729,2485,140,300,0,300,270,10,20,95,95,0,95,405,85,57954.22875,37400.0,20554.228750000002,5
9730,2485,110,340,0,340,310,0,30,55,55,0,55,415,45,25594.02,38250.0,-12655.98,5
9731,2485,110,340,0,340,280,20,40,65,65,0,65,385,50,36647.595,38250.0,-1602.4049999999988,5
9732,2485,160,300,0,300,285,10,5,90,90,0,90,440,65,36795.060000000005,39100.0,-2304.9399999999923,5
9733,2485,110,330,0,330,310,15,5,70,70,0,70,415,80,56768.259375000016,37400.0,19368.259375000016,5
9734,2485,185,290,0,290,285,0,5,105,105,0,105,465,65,32047.560000000005,40375.0,-8327.439999999997,5
9735,2485,155,315,0,315,270,25,20,90,90,0,85,420,55,33322.05000000001,39950.0,-6627.949999999992,5
9736,2485,110,315,0,315,290,0,25,80,80,0,80,395,45,24123.06,36125.0,-12001.939999999999,5
9737,2485,95,360,0,360,300,20,40,70,70,0,70,390,40,21721.140000000007,38675.0,-16953.859999999993,5
9738,2485,135,340,0,340,305,20,15,70,70,0,70,435,50,28404.090000000004,40375.0,-11970.909999999994,5
9739,2485,155,325,0,325,280,25,20,95,95,0,95,430,90,60678.56250000001,40800.0,19878.562500000007,5
9740,2485,105,310,0,310,300,10,0,65,65,0,65,400,90,60844.43250000001,35275.0,25569.43250000001,5
9741,2485,110,325,0,325,310,15,0,80,80,0,80,415,80,48021.21,36975.0,11046.210000000001,5
9742,2485,120,330,0,330,310,0,20,65,65,0,65,425,65,40404.15,38250.0,2154.150000000004,5
9743,2485,100,330,0,330,315,5,10,70,70,0,70,410,60,34611.93000000001,36550.0,-1938.0699999999888,5
9744,2485,245,270,0,270,270,0,0,85,85,0,80,510,100,66309.1875,43775.0,22534.187500000007,5
9745,2485,255,280,0,280,270,0,10,70,70,0,70,520,60,40751.3925,45475.0,-4723.607499999998,5
9746,2485,105,340,0,340,340,0,0,55,55,0,55,440,25,12737.160000000002,37825.0,-25087.839999999997,5
9747,2485,175,295,0,295,265,10,20,95,95,0,95,435,80,51039.67500000002,39950.0,11089.675000000016,5
9748,2485,170,295,0,295,285,5,5,90,90,0,90,450,80,45920.880000000005,39525.0,6395.8800000000065,5
9749,2485,95,320,0,320,285,35,0,90,90,0,90,375,75,49524.25500000001,35275.0,14249.255000000012,5
9750,2485,150,310,0,310,295,10,5,95,95,0,95,440,45,23824.98,39100.0,-15275.02,5
9751,2485,220,265,0,265,265,0,0,90,90,0,90,480,140,98746.41093750001,41225.0,57521.410937500004,5
9752,2485,215,295,0,295,265,0,30,100,100,0,100,475,60,33123.6,43350.0,-10226.399999999998,5
9753,2485,200,300,0,300,275,20,5,90,90,0,90,470,60,36375.21000000001,42500.0,-6124.789999999994,5
9754,2485,115,320,0,320,300,20,0,90,90,0,90,410,70,41511.69000000001,36975.0,4536.690000000008,5
9755,2485,175,305,0,305,300,0,5,100,100,0,100,470,65,36437.31,40800.0,-4362.690000000002,5
9756,2485,290,260,0,260,260,0,0,95,95,0,95,545,60,33365.16,46750.0,-13384.839999999995,5
9757,2485,110,320,0,320,300,0,20,75,75,0,75,405,45,27317.610000000004,36550.0,-9232.389999999996,5
9758,2485,135,320,0,320,300,15,5,100,100,0,100,430,50,26574.300000000003,38675.0,-12100.699999999997,5
9759,2485,105,340,0,340,280,45,15,100,100,0,100,380,60,40803.1425,37825.0,2978.1425000000036,5
9760,2485,150,325,0,325,305,20,0,65,65,0,65,450,35,18992.34,40375.0,-21382.659999999996,5
9761,2485,185,285,0,285,285,0,0,85,85,0,85,465,110,72888.66,39950.0,32938.66,5
9762,2485,135,325,0,325,275,10,40,80,80,0,75,405,80,55728.433125,39100.0,16628.433125000003,5
9763,2485,135,330,0,330,295,10,25,80,80,0,80,425,60,38993.265,39525.0,-531.7349999999988,5
9764,2485,115,335,0,335,300,10,25,95,95,0,90,410,40,21613.500000000004,38250.0,-16636.499999999996,5
9765,2485,165,295,0,295,280,0,15,100,100,0,100,440,65,39599.7975,39100.0,499.7974999999997,5
9766,2485,125,335,0,335,275,40,20,90,90,0,90,395,65,41842.485,39100.0,2742.484999999997,5
9767,2485,140,285,0,285,285,0,0,95,95,0,95,420,85,55287.990000000005,36125.0,19162.99000000001,5
9768,2485,145,300,0,300,290,0,10,90,90,0,90,430,50,27942.660000000003,37825.0,-9882.339999999995,5
9769,2485,100,345,0,345,330,5,10,75,75,0,70,425,85,55119.48750000002,37825.0,17294.487500000014,5
9770,2485,185,310,0,310,310,0,0,90,90,0,90,490,60,36712.170000000006,42075.0,-5362.8299999999945,5
9771,2485,145,315,0,315,265,45,5,110,110,0,110,405,85,47830.41000000001,39100.0,8730.41000000001,5
9772,2485,90,335,0,335,290,40,5,85,85,0,85,375,80,53703.58499999999,36125.0,17578.584999999992,5
9773,2485,145,310,0,310,310,0,0,70,70,0,70,450,40,21927.960000000003,38675.0,-16747.039999999997,5
9774,2485,160,305,0,305,265,15,25,100,100,0,100,420,95,58040.10000000001,39525.0,18515.100000000013,5
9775,2485,135,310,0,310,300,10,0,100,100,0,95,430,100,59111.280000000006,37825.0,21286.280000000006,5
9776,2485,115,350,0,350,290,30,30,60,60,0,60,400,75,50820.14250000001,39525.0,11295.14250000001,5
9777,2485,160,305,0,305,295,0,10,75,75,0,70,450,55,33993.81,39525.0,-5531.190000000001,5
9778,2485,160,310,0,310,250,30,30,90,90,0,90,405,60,41021.80875,39950.0,1071.8087500000001,5
9779,2485,270,255,0,255,255,0,0,80,80,0,80,520,70,43566.12000000001,44625.0,-1058.87999999999,5
9780,2485,145,335,0,335,320,5,10,70,70,0,70,460,70,46316.92500000001,40800.0,5516.92500000001,5
9781,2485,150,335,0,335,295,25,15,95,95,0,95,440,20,10009.44,41225.0,-31215.56,5
9782,2485,150,305,0,305,275,15,15,105,105,0,105,420,110,70641.60750000001,38675.0,31966.60750000001,5
9783,2485,150,310,0,310,290,20,0,100,100,0,95,435,70,43626.73500000001,39100.0,4526.735000000008,5
9784,2485,140,300,0,300,290,0,10,100,100,0,100,425,80,50612.67,37400.0,13212.669999999998,5
9785,2485,165,310,0,310,295,0,15,65,65,0,65,455,85,58033.62,40375.0,17658.620000000003,5
9786,2485,170,335,0,335,280,55,0,105,105,0,105,445,70,37755.00000000001,42925.0,-5169.999999999991,5
9787,2485,90,355,0,355,305,15,35,75,75,0,70,390,85,53943.52500000001,37825.0,16118.525000000009,5
9788,2485,165,300,0,300,285,0,15,75,75,0,75,445,105,72056.00249999999,39525.0,32531.002499999988,5
9789,2485,130,315,0,315,295,20,0,80,80,0,80,420,90,62018.41500000002,37825.0,24193.415000000023,5
9790,2485,160,330,0,330,305,20,5,85,85,0,80,460,70,46112.15250000001,41650.0,4462.152500000011,5
9791,2485,190,275,0,275,265,0,10,100,100,0,95,450,90,55551.600000000006,39525.0,16026.600000000008,5
9792,2485,175,305,0,305,255,40,10,95,95,0,95,425,70,40535.19000000001,40800.0,-264.8099999999931,5
9793,2485,130,350,0,350,285,40,25,70,70,0,70,410,60,33543.36,40800.0,-7256.640000000002,5
9794,2485,155,310,0,310,300,0,10,70,70,0,70,450,95,61944.12,39525.0,22419.120000000003,5
9795,2485,140,330,0,330,285,30,15,85,85,0,80,420,70,44693.61750000001,39950.0,4743.617500000009,5
9796,2485,125,325,0,325,320,0,5,80,80,0,80,440,80,46579.05,38250.0,8329.050000000007,5
9797,2485,165,320,0,320,315,0,5,75,75,0,75,475,80,53428.095000000016,41225.0,12203.095000000012,5
9798,2485,220,280,0,280,265,0,15,95,95,0,95,480,45,27349.740000000013,42500.0,-15150.25999999999,5
9799,2485,165,290,0,290,280,5,5,80,80,0,75,440,85,59703.255000000005,38675.0,21028.25500000001,5
9800,2485,190,305,0,305,295,5,5,85,85,0,80,480,50,28082.160000000003,42075.0,-13992.839999999997,5
9801,2485,155,315,0,315,300,0,15,90,90,0,90,450,70,42595.29000000001,39950.0,2645.2900000000045,5
9802,2485,120,315,0,315,315,0,0,80,80,0,80,430,55,35732.5875,36975.0,-1242.4124999999958,5
9803,2485,105,325,0,325,275,25,25,95,95,0,95,375,60,33330.06000000001,36550.0,-3219.939999999988,5
9804,2485,110,325,0,325,315,0,10,75,75,0,70,420,30,17606.52,36975.0,-19368.48,5
9805,2485,140,305,0,305,280,10,15,95,95,0,95,415,70,40978.98,37825.0,3153.9800000000014,5
9806,2485,160,315,0,315,280,5,30,95,95,0,95,435,75,43632.13500000001,40375.0,3257.1350000000075,5
9807,2485,105,335,0,335,310,15,10,70,70,0,70,410,95,59557.185,37400.0,22157.184999999998,5
9808,2485,140,310,0,310,305,0,5,100,100,0,100,440,55,29940.660000000007,38250.0,-8309.339999999993,5
9809,2485,130,310,0,310,285,25,0,80,80,0,80,410,90,62406.855,37400.0,25006.855000000003,5
9810,2485,215,250,0,250,245,0,5,125,125,0,125,455,90,55163.475000000006,39525.0,15638.475000000008,5
9811,2485,115,315,0,315,275,5,35,100,100,0,95,385,90,56319.05250000002,36550.0,19769.052500000016,5
9812,2485,170,295,0,295,285,0,10,100,100,0,100,450,60,34495.020000000004,39525.0,-5029.979999999996,5
9813,2485,130,320,0,320,310,10,0,85,85,0,80,435,95,68582.65500000001,38250.0,30332.655000000013,5
9814,2485,150,330,0,330,280,20,30,85,85,0,85,425,45,26458.2,40800.0,-14341.8,5
9815,2485,115,350,0,350,280,55,15,75,75,0,75,390,40,21291.840000000004,39525.0,-18233.159999999996,5
9816,2485,210,280,0,280,245,25,10,90,90,0,90,450,90,54010.890000000014,41650.0,12360.890000000018,5
9817,2485,195,295,0,295,280,0,15,85,85,0,85,470,65,35553.96,41650.0,-6096.039999999998,5
9818,2485,105,335,0,335,270,50,15,80,80,0,80,370,70,43382.790000000015,37400.0,5982.790000000014,5
9819,2485,135,310,0,310,290,20,0,85,85,0,80,420,100,65246.40000000002,37825.0,27421.400000000023,5
9820,2485,135,330,0,330,290,5,35,75,75,0,75,420,55,31652.82,39525.0,-7872.1799999999985,5
9821,2485,155,310,0,310,290,0,20,80,80,0,80,440,55,32640.660000000003,39525.0,-6884.339999999997,5
9822,2485,200,300,0,300,295,0,5,65,65,0,65,490,60,35232.92999999999,42500.0,-7267.070000000003,5
9823,2485,125,315,0,315,305,0,10,75,75,0,75,425,70,49016.66625000001,37400.0,11616.666250000007,5
9824,2485,90,340,0,340,310,10,20,85,85,0,85,395,85,52430.490000000005,36550.0,15880.490000000009,5
9825,2485,155,305,0,305,290,10,5,85,85,0,85,440,75,49754.3175,39100.0,10654.317499999997,5
9826,2485,185,285,0,285,255,5,25,110,110,0,105,435,80,53691.7725,39950.0,13741.772499999997,5
9827,2485,130,310,0,310,295,15,0,95,95,0,95,420,65,35726.22000000001,37400.0,-1673.7799999999925,5
9828,2485,165,305,0,305,280,0,25,75,75,0,75,440,95,62634.104999999996,39950.0,22684.105,5
9829,2485,165,300,0,300,260,5,35,100,100,0,100,420,95,62916.288750000014,39525.0,23391.288750000014,5
9830,2485,110,335,0,335,260,65,10,105,105,0,105,365,80,52705.552500000005,37825.0,14880.552500000003,5
9831,2485,160,310,0,310,250,60,0,120,120,0,120,405,90,53638.740000000005,39950.0,13688.740000000007,5
9832,2485,190,290,0,290,265,20,5,80,80,0,80,450,50,26680.86,40800.0,-14119.139999999998,5
9833,2485,170,290,0,290,290,0,0,100,100,0,100,455,30,14750.640000000003,39100.0,-24349.359999999997,5
9834,2485,115,310,0,310,290,0,20,80,80,0,80,400,70,41110.02000000001,36125.0,4985.020000000013,5
9835,2485,185,290,0,290,255,35,0,105,105,0,105,435,90,58544.48250000001,40375.0,18169.482500000013,5
9836,2485,160,310,0,310,250,40,20,95,95,0,95,405,60,35987.850000000006,39950.0,-3962.1499999999924,5
9837,2485,255,270,0,270,235,0,35,90,90,0,90,485,70,46272.71250000001,44625.0,1647.712500000007,5
9838,2485,170,295,0,295,285,0,10,100,100,0,100,450,80,48082.32,39525.0,8557.32,5
9839,2485,170,305,0,305,265,30,10,105,105,0,105,430,85,49041.000000000015,40375.0,8666.000000000013,5
9840,2485,125,335,0,335,305,0,30,65,65,0,65,425,45,25715.160000000003,39100.0,-13384.839999999995,5
9841,2485,100,345,0,345,280,45,20,90,90,0,90,375,95,61203.48750000001,37825.0,23378.48750000001,5
9842,2485,150,320,0,320,280,40,0,95,95,0,95,425,105,66164.35500000001,39950.0,26214.355000000003,5
9843,2485,235,255,0,255,235,0,20,110,110,0,110,465,65,37360.259999999995,41650.0,-4289.740000000002,5
9844,2485,185,275,0,275,270,0,5,100,100,0,95,450,140,93818.99250000002,39100.0,54718.99250000002,5
9845,2485,230,280,0,280,280,0,0,85,85,0,85,505,75,45708.39000000001,43350.0,2358.3900000000085,5
9846,2485,145,300,0,300,265,35,0,110,110,0,110,405,90,59087.88,37825.0,21262.879999999997,5
9847,2485,275,265,0,265,260,0,5,110,110,0,110,530,70,38370.600000000006,45900.0,-7529.399999999991,5
9848,2485,135,295,0,295,225,40,30,105,105,0,100,355,80,48608.55000000002,36550.0,12058.550000000014,5
9849,2485,120,355,0,355,285,25,45,80,80,0,80,400,60,34338.78,40375.0,-6036.220000000003,5
9850,2485,105,335,0,335,310,20,5,80,80,0,80,410,65,42894.54000000001,37400.0,5494.540000000006,5
9851,2485,170,275,0,275,265,0,10,105,105,0,100,430,115,87074.2940625,37825.0,49249.29406250001,5
9852,2485,110,320,0,320,295,5,20,80,80,0,80,400,55,37278.03375,36550.0,728.0337500000041,5
9853,2485,165,300,0,300,300,0,0,95,95,0,95,460,70,41274.630000000005,39525.0,1749.6300000000065,5
9854,2485,120,315,0,315,315,0,0,75,75,0,70,430,20,12515.220000000001,36975.0,-24459.78,5
9855,2485,160,265,0,265,260,0,5,120,120,0,120,415,85,55523.880000000005,36125.0,19398.88000000001,5
9856,2485,165,270,0,270,255,10,5,120,120,0,120,415,100,61251.93,36975.0,24276.93,5
9857,2485,170,300,0,300,300,0,0,85,85,0,85,465,20,9992.880000000001,39950.0,-29957.12,5
9858,2485,195,295,0,295,280,10,5,90,90,0,90,470,75,44981.55,41650.0,3331.5500000000065,5
9859,2485,155,315,0,315,305,0,10,85,85,0,80,455,95,59260.05000000001,39950.0,19310.05000000001,5
9860,2485,125,350,0,350,340,0,10,80,80,0,80,460,60,35082.810000000005,40375.0,-5292.189999999996,5
9861,2485,160,335,0,335,300,10,25,75,75,0,75,455,75,45135.2925,42075.0,3060.292500000005,5
9862,2485,135,320,0,320,305,5,10,80,80,0,80,435,75,47616.21,38675.0,8941.210000000001,5
9863,2485,150,280,0,280,255,15,10,95,95,0,95,400,70,41313.33,36550.0,4763.330000000005,5
9864,2485,135,320,0,320,280,15,25,90,90,0,90,410,75,46253.925,38675.0,7578.924999999999,5
9865,2485,165,300,0,300,290,0,10,100,100,0,100,450,55,32142.780000000002,39525.0,-7382.2199999999975,5
9866,2485,155,305,0,305,260,20,25,110,110,0,110,410,125,77362.62750000003,39100.0,38262.627500000024,5
9867,2485,195,300,0,300,290,5,5,85,85,0,85,480,75,45055.62000000002,42075.0,2980.620000000017,5
9868,2485,120,315,0,315,245,50,20,90,90,0,90,360,65,38067.30000000002,36975.0,1092.3000000000138,5
9869,2485,160,295,0,295,265,0,30,115,115,0,115,420,90,54235.170000000006,38675.0,15560.170000000007,5
9870,2485,135,330,0,330,255,65,10,100,100,0,100,385,60,32616.360000000004,39525.0,-6908.639999999996,5
9871,2485,185,315,0,315,315,0,0,65,65,0,65,495,55,30708.72000000001,42500.0,-11791.279999999992,5
9872,2485,160,325,0,325,295,20,10,90,90,0,85,450,65,39199.140000000014,41225.0,-2025.8599999999888,5
9873,2485,165,290,0,290,265,10,15,95,95,0,95,425,140,101158.69500000004,38675.0,62483.69500000004,5
9874,2485,115,300,0,300,240,55,5,110,110,0,110,350,110,76057.56000000001,35275.0,40782.56000000001,5
9875,2485,125,325,0,325,270,35,20,100,100,0,100,390,110,77517.76500000001,38250.0,39267.765000000014,5
9876,2485,165,305,0,305,275,25,5,90,90,0,90,435,95,62679.037500000006,39950.0,22729.037500000006,5
9877,2485,210,290,0,290,290,0,0,95,95,0,90,495,40,20326.320000000003,42500.0,-22173.679999999993,5
9878,2485,145,320,0,320,305,0,15,95,95,0,95,445,60,33573.51,39525.0,-5951.489999999999,5
9879,2485,140,315,0,315,295,0,20,60,60,0,60,430,50,30650.580000000005,38675.0,-8024.4199999999955,5
9880,2485,95,360,0,360,340,15,5,75,75,0,75,430,85,54778.69125000001,38675.0,16103.69125000001,5
9881,2485,140,325,0,325,275,50,0,90,90,0,90,410,70,40052.43000000001,39525.0,527.4300000000039,5
9882,2485,210,300,0,300,270,25,5,80,80,0,80,475,20,10053.36,43350.0,-33296.64,5
9883,2485,170,290,0,290,280,10,0,95,95,0,95,445,85,54631.395000000004,39100.0,15531.395000000002,5
9884,2485,115,325,0,325,310,5,10,80,80,0,80,420,30,15058.080000000002,37400.0,-22341.92,5
9885,2485,170,285,0,285,270,0,15,100,100,0,100,435,70,44865.945,38675.0,6190.9450000000015,5
9886,2485,170,300,0,300,240,60,0,90,90,0,90,405,65,41523.84,39950.0,1573.8400000000001,5
9887,2485,170,310,0,310,305,0,5,50,50,0,50,470,50,34228.170000000006,40800.0,-6571.829999999995,5
9888,2485,145,330,0,330,290,20,20,85,85,0,85,430,65,38391.75000000001,40375.0,-1983.2499999999936,5
9889,2485,165,305,0,305,305,0,0,85,85,0,85,465,65,44797.83750000001,39950.0,4847.837500000005,5
9890,2485,195,285,0,285,230,40,15,110,110,0,110,420,100,58434.30000000001,40800.0,17634.30000000001,5
9891,2485,150,330,0,330,310,0,20,85,85,0,80,455,65,37405.89,40800.0,-3394.1100000000006,5
9892,2485,170,280,0,280,280,0,0,100,100,0,100,445,85,47548.62,38250.0,9298.62,5
9893,2485,140,340,0,340,300,35,5,80,80,0,80,435,90,59493.58875000002,40800.0,18693.588750000017,5
9894,2485,235,295,0,295,295,0,0,55,55,0,55,525,55,35466.075,45050.0,-9583.925,5
9895,2485,130,320,0,320,305,0,15,85,85,0,85,430,55,30479.040000000005,38250.0,-7770.9599999999955,5
9896,2485,145,285,0,285,230,40,15,115,115,0,115,370,135,93024.22500000002,36550.0,56474.22500000002,5
9897,2485,140,325,0,325,280,30,15,100,100,0,100,415,85,57260.34000000001,39525.0,17735.340000000015,5
9898,2485,125,310,0,310,295,5,10,105,105,0,105,415,105,60025.860000000015,36975.0,23050.86000000001,5
9899,2485,175,290,0,290,270,15,5,105,105,0,105,440,85,46763.460000000014,39525.0,7238.460000000014,5
9900,2485,115,325,0,325,310,5,10,75,75,0,75,420,40,26015.67,37400.0,-11384.33,5
9901,2485,160,310,0,310,265,10,35,90,90,0,85,420,95,65384.280000000006,39950.0,25434.280000000006,5
9902,2485,130,285,0,285,250,25,10,110,110,0,110,375,115,69347.74500000002,35275.0,34072.745000000024,5
9903,2485,200,290,0,290,275,10,5,95,95,0,95,470,90,60985.192500000005,41650.0,19335.192500000005,5
9904,2485,185,260,0,260,250,0,10,135,135,0,130,430,105,64604.250000000015,37825.0,26779.25000000001,5
9905,2485,125,305,0,305,300,0,5,60,60,0,60,420,45,28294.290000000005,36550.0,-8255.709999999995,5
9906,2485,175,295,0,295,275,0,20,80,80,0,75,445,55,33989.04000000001,39950.0,-5960.9599999999955,5
9907,2485,170,290,0,290,245,30,15,105,105,0,105,410,75,40115.79000000001,39100.0,1015.7900000000063,5
9908,2485,165,295,0,295,290,0,5,65,65,0,65,450,70,46110.420000000006,39100.0,7010.420000000004,5
9909,2485,130,330,0,330,320,0,10,80,80,0,80,445,60,31255.380000000005,39100.0,-7844.619999999995,5
9910,2485,135,305,0,305,295,5,5,95,95,0,95,425,115,75737.07,37400.0,38337.070000000014,5
9911,2485,160,295,0,295,290,0,5,90,90,0,90,445,65,39640.41,38675.0,965.4100000000017,5
9912,2485,120,315,0,315,275,25,15,95,95,0,95,390,60,34893.000000000015,36975.0,-2081.999999999989,5
9913,2485,75,365,0,365,335,20,10,65,65,0,65,405,60,35603.73,37400.0,-1796.269999999995,5
9914,2485,215,275,0,275,235,30,10,110,110,0,110,445,90,63623.3625,41650.0,21973.362500000003,5
9915,2485,100,335,0,335,250,70,15,95,95,0,90,345,75,46930.27500000001,36975.0,9955.27500000001,5
9916,2485,150,325,0,325,265,30,30,110,110,0,110,410,80,45927.45000000002,40375.0,5552.450000000017,5
9917,2485,100,345,0,345,305,25,15,70,70,0,70,400,65,43826.78250000001,37825.0,6001.782500000008,5
9918,2485,190,305,0,305,265,15,25,100,100,0,100,450,95,57531.82500000001,42075.0,15456.825000000008,5
9919,2485,230,280,0,280,275,5,0,95,95,0,95,500,100,62483.44500000001,43350.0,19133.44500000001,5
9920,2485,125,305,0,305,280,15,10,100,100,0,100,400,90,53024.310000000005,36550.0,16474.310000000005,5
9921,2485,150,305,0,305,300,0,5,90,90,0,90,445,100,65597.55750000002,38675.0,26922.55750000002,5
9922,2485,215,300,0,300,285,0,15,95,95,0,90,495,65,37436.04,43775.0,-6338.959999999997,5
9923,2485,185,280,0,280,275,5,0,90,90,0,90,455,50,29324.250000000007,39525.0,-10200.749999999993,5
9924,2485,120,340,0,340,290,30,20,80,80,0,80,405,55,31581.450000000004,39100.0,-7518.549999999996,5
9925,2485,115,355,0,355,310,35,10,80,80,0,80,420,50,28448.010000000002,39950.0,-11501.989999999996,5
9926,2485,195,285,0,285,280,0,5,75,75,0,75,470,50,28341.180000000004,40800.0,-12458.819999999996,5
9927,2485,150,340,0,340,280,60,0,65,65,0,65,425,50,32443.65,41650.0,-9206.349999999999,5
9928,2485,140,325,0,325,325,0,0,80,80,0,80,460,60,34254.990000000005,39525.0,-5270.0099999999975,5
9929,2485,140,325,0,325,285,10,30,95,95,0,95,420,50,26191.620000000006,39525.0,-13333.379999999994,5
9930,2485,100,325,0,325,320,5,0,70,70,0,70,415,45,28733.489999999998,36125.0,-7391.510000000003,5
9931,2485,160,295,0,295,280,10,5,120,120,0,120,435,100,62039.29500000002,38675.0,23364.29500000002,5
9932,2485,145,315,0,315,285,25,5,100,100,0,95,425,115,83831.254453125,39100.0,44731.254453125,5
9933,2485,115,310,0,310,290,0,20,95,95,0,95,400,70,39685.68000000001,36125.0,3560.6800000000067,5
9934,2485,150,295,0,295,290,5,0,75,75,0,75,435,85,56997.36,37825.0,19172.36,5
9935,2485,205,290,0,290,290,0,0,75,75,0,75,490,75,45388.395000000004,42075.0,3313.3950000000004,5
9936,2485,145,325,0,325,310,0,15,65,65,0,65,450,40,21379.500000000004,39950.0,-18570.499999999996,5
9937,2485,140,325,0,325,295,5,25,75,75,0,75,430,45,25002.36,39525.0,-14522.640000000001,5
9938,2485,180,300,0,300,295,0,5,90,90,0,90,470,80,54430.503749999996,40800.0,13630.503749999998,5
9939,2485,140,330,0,330,255,55,20,105,105,0,105,390,65,43165.755000000005,39950.0,3215.7550000000083,5
9940,2485,180,305,0,305,295,0,10,65,65,0,60,470,55,36158.805,41225.0,-5066.194999999998,5
9941,2485,155,305,0,305,295,5,5,85,85,0,85,445,80,48287.565,39100.0,9187.565000000004,5
9942,2485,150,305,0,305,290,5,10,95,95,0,95,435,70,39774.24,38675.0,1099.2399999999952,5
9943,2485,120,310,0,310,270,15,25,90,90,0,85,385,110,79951.50000000001,36550.0,43401.500000000015,5
9944,2485,125,305,0,305,285,0,20,60,60,0,60,405,60,38089.395000000004,36550.0,1539.395000000004,5
9945,2485,155,305,0,305,300,5,0,65,65,0,65,450,40,20932.560000000005,39100.0,-18167.439999999995,5
9946,2485,185,285,0,285,270,0,15,90,90,0,90,450,60,34981.47,39950.0,-4968.529999999996,5
9947,2485,195,305,0,305,290,10,5,100,100,0,100,480,80,42890.58000000001,42500.0,390.580000000009,5
9948,2485,195,275,0,275,270,0,5,95,95,0,95,460,80,50420.159999999996,39950.0,10470.159999999996,5
9949,2485,155,310,0,310,290,20,0,95,95,0,95,440,110,72027.855,39525.0,32502.855,5
9950,2485,210,275,0,275,250,15,10,100,100,0,100,455,100,60149.07,41225.0,18924.07,5
9951,2485,155,285,0,285,255,0,30,135,135,0,135,405,150,97826.76000000001,37400.0,60426.76000000001,5
9952,2485,145,305,0,305,290,15,0,100,100,0,100,430,85,51721.38,38250.0,13471.38,5
9953,2485,155,315,0,315,255,50,10,110,110,0,110,405,90,51440.40000000001,39950.0,11490.400000000009,5
9954,2485,170,275,0,275,265,10,0,115,115,0,115,430,110,64035.63000000002,37825.0,26210.63000000002,5
9955,2485,160,320,0,320,295,15,10,100,100,0,100,450,75,43025.76000000001,40800.0,2225.7600000000093,5
9956,2485,120,305,0,305,285,0,20,75,75,0,75,400,85,55746.000000000015,36125.0,19621.000000000015,5
9957,2485,185,300,0,300,270,20,10,100,100,0,95,450,80,46374.93000000001,41225.0,5149.930000000004,5
9958,2485,135,330,0,330,305,10,15,80,80,0,80,435,40,22261.68,39525.0,-17263.32,5
9959,2485,145,300,0,300,295,5,0,95,95,0,95,435,95,57601.93500000001,37825.0,19776.935000000012,5
9960,2485,175,300,0,300,280,15,5,75,75,0,75,450,75,49745.61000000001,40375.0,9370.610000000006,5
9961,2485,195,275,0,275,255,0,20,100,100,0,100,445,135,97175.71968750002,39950.0,57225.71968750002,5
9962,2485,120,335,0,335,285,40,10,80,80,0,80,400,55,32661.0,38675.0,-6014.000000000001,5
9963,2485,140,310,0,310,290,0,20,90,90,0,90,425,60,32424.840000000004,38250.0,-5825.159999999996,5
9964,2485,180,290,0,290,250,30,10,100,100,0,100,425,85,48241.89,39950.0,8291.890000000003,5
9965,2485,150,310,0,310,300,0,10,85,85,0,85,445,85,52846.155000000006,39100.0,13746.155000000008,5
9966,2485,170,295,0,295,285,0,10,105,105,0,105,450,80,50656.34250000001,39525.0,11131.34250000001,5
9967,2485,140,310,0,310,285,5,20,100,100,0,100,420,110,79790.51250000001,38250.0,41540.512500000004,5
9968,2485,155,310,0,310,310,0,0,55,55,0,55,460,75,48894.48,39525.0,9369.480000000003,5
9969,2485,210,295,0,295,290,5,0,90,90,0,90,495,45,26296.739999999998,42925.0,-16628.260000000002,5
9970,2485,190,285,0,285,280,0,5,90,90,0,90,465,100,62342.955000000016,40375.0,21967.95500000002,5
9971,2485,135,320,0,320,240,75,5,80,80,0,80,370,95,69497.16890625,38675.0,30822.16890625,5
9972,2485,120,315,0,315,290,25,0,80,80,0,80,405,75,46842.39000000001,36975.0,9867.390000000005,5
9973,2485,150,315,0,315,295,0,20,90,90,0,85,440,55,27920.880000000005,39525.0,-11604.119999999994,5
9974,2485,175,290,0,290,290,0,0,95,95,0,95,460,70,38665.62000000001,39525.0,-859.3799999999919,5
9975,2485,125,320,0,320,305,5,10,90,90,0,90,425,45,26582.49,37825.0,-11242.509999999998,5
9976,2485,100,365,0,365,310,35,20,85,85,0,85,405,50,27833.4,39525.0,-11691.599999999999,5
9977,2485,175,305,0,305,300,0,5,80,80,0,80,470,45,23845.5,40800.0,-16954.5,5
9978,2485,155,310,0,310,290,10,10,80,80,0,80,440,70,45607.725,39525.0,6082.725,5
9979,2485,115,315,0,315,275,25,15,85,85,0,85,385,105,73834.84125000003,36550.0,37284.84125000003,5
9980,2485,145,310,0,310,235,50,25,100,100,0,100,375,80,48064.41,38675.0,9389.410000000007,5
9981,2485,125,305,0,305,255,50,0,120,120,0,120,375,95,58423.905000000006,36550.0,21873.905000000006,5
9982,2485,145,310,0,310,290,10,10,85,85,0,85,430,70,42375.689999999995,38675.0,3700.689999999995,5
9983,2485,105,325,0,325,265,35,25,105,105,0,100,365,80,46842.03000000001,36550.0,10292.030000000013,5
9984,2485,155,300,0,300,280,15,5,110,110,0,110,430,100,60769.305000000015,38675.0,22094.305000000015,5
9985,2485,230,260,0,260,230,30,0,120,120,0,120,455,125,77091.12000000001,41650.0,35441.12000000001,5
9986,2485,185,320,0,320,265,10,45,105,105,0,100,445,70,38918.34,42925.0,-4006.6600000000017,5
9987,2485,95,300,0,300,285,0,15,80,80,0,80,375,100,74330.74125000002,33575.0,40755.74125000002,5
9988,2485,185,280,0,280,275,0,5,95,95,0,95,455,85,51829.73999999999,39525.0,12304.739999999993,5
9989,2485,195,285,0,285,285,0,0,65,65,0,65,475,90,56185.469999999994,40800.0,15385.469999999996,5
9990,2485,110,310,0,310,300,0,10,90,90,0,90,405,80,50825.49750000001,35700.0,15125.49750000001,5
9991,2485,180,290,0,290,285,0,5,75,75,0,75,460,65,46981.44,39950.0,7031.440000000002,5
9992,2485,135,300,0,300,255,45,0,120,120,0,115,385,125,75793.29750000002,36975.0,38818.297500000015,5
9993,2485,160,305,0,305,285,5,15,90,90,0,90,440,110,69059.79000000001,39525.0,29534.79000000001,5
9994,2485,170,300,0,300,285,15,0,90,90,0,90,450,55,29728.440000000006,39950.0,-10221.559999999994,5
9995,2485,95,340,0,340,295,25,20,95,95,0,90,385,85,52915.454999999994,36975.0,15940.454999999993,5
9996,2485,180,270,0,270,250,15,5,115,115,0,115,425,75,42142.5,38250.0,3892.5,5
9997,2485,100,360,0,360,295,45,20,75,75,0,75,390,60,33013.08,39100.0,-6086.92,5
9998,2485,220,290,0,290,240,15,35,110,110,0,110,455,100,59411.07000000001,43350.0,16061.070000000009,5
9999,2485,120,310,0,310,275,10,25,105,105,0,105,390,95,62543.25562500001,36550.0,25993.255625000013,5
10000,2485,210,265,0,265,235,15,15,115,115,0,110,440,75,39554.37,40375.0,-820.6299999999965,5
